time,dt,fps,phase,mode,tip_entry_error_mm,entry_rcm_error_mm,entry_axis_error_deg,target_rcm_or_tip_error_mm,final_target_tip_error_mm,insertion_progress,insertion_intermediate_error_mm,entry_cone_angle_deg,entry_cone_violation_deg,skull_violation_mm,arm_skull_violation_mm,entry_lambda,target_lambda,entry_segment,target_segment,joint_limits_ok,tool_x,tool_y,tool_z,tip_x,tip_y,tip_z,entry_x,entry_y,entry_z,target_x,target_y,target_z,q0_deg,q1_deg,q2_deg,q3_deg,q4_deg,q5_deg,source_file,fps_est,stage,task_inferred,total_skull_violation_mm,cone_t2_angle_deg_geom,cone_t2_radius_mm_geom,entry_side_distance_to_entry_mm_geom,cone_t4_angle_deg_geom,cone_t4_radius_mm_geom,tip_distance_to_target_mm_geom,tip_speed_mm_s,tip_acc_mm_s2,tip_jerk_mm_s3,joint_speed_rms_deg_s,joint_acc_rms_deg_s2
0.08272,0.06272,15.945,ApproachEntry,Double,757.2966,563.3542,91.75002,879.0125,879.0125,0.0,757.2966,88.24998,81.24998,0.0,0.0,0.15601,1.0,6,6,1,0.6806,1.22472,0.04515,1.01241,1.4284,0.13692,0.82,0.7,0.06,0.9,0.56,0.06,-3.06301,25.75862,-27.0,22.67546,25.33015,27.0,double_rcm_log_20260616_135653_209.csv,15.945,Unknown,Task3_Insertion,0.0,88.24938377497232,161.16989577843677,224.52491689327977,135.15787857204668,534.0151141177132,879.0172094447297,3723.324239738666,80962.33436275613,1523441.334045154,512.1374972187848,8467.199255410023
0.12586,0.01357,73.69798,ApproachEntry,Double,621.8845,419.9747,103.214,755.4592,755.4592,0.0,621.8845,76.78601,69.78601,0.0,0.0,0.15601,1.0,6,6,1,0.62532,1.04765,-0.00078,0.90847,1.31477,0.09126,0.82,0.7,0.06,0.9,0.56,0.06,-0.29867,28.02235,-54.0,49.67546,52.33015,54.0,double_rcm_log_20260616_135653_209.csv,73.69798,Unknown,Task3_Insertion,0.0,76.78477440615279,156.9750909705113,200.2805581127166,141.9732184348593,383.10229706156355,755.4645467525262,6474.002382520597,20765.395416666262,1830228.008368748,399.60809420840565,10204.889978085424
0.16352,0.00874,114.3967,ApproachEntry,Double,295.0907,398.7192,73.3195,442.4704,442.4704,0.0,295.0907,73.3195,66.3195,0.0,0.0,0.15601,1.0,6,6,1,0.42709,0.90308,0.01992,0.80121,0.98463,0.13558,0.82,0.7,0.06,0.9,0.56,0.06,-9.83033,42.59185,-90.0,50.90064,23.75466,59.99791,double_rcm_log_20260616_135653_209.csv,114.3967,Unknown,Task3_Insertion,0.0,73.31967533171677,154.46013908092806,192.54702661785672,150.3485401599968,145.98897356149376,442.47309228923734,4744.14125072603,69276.03856759325,569535.1502567858,451.4535482949191,9728.593016680163
0.20143,0.01469,68.08133,ApproachEntry,Double,289.5317,516.8494,47.32668,443.228,443.228,0.0,289.5317,47.32668,40.32668,0.0,0.0,0.15601,1.0,6,6,1,0.39551,1.07907,0.01425,0.77582,0.98412,0.09397,0.82,0.7,0.06,0.9,0.56,0.06,-13.1876,63.19907,-91.25295,23.90064,-3.24534,32.99791,double_rcm_log_20260616_135653_209.csv,68.08133,Unknown,Task3_Insertion,0.0,47.3278788928886,118.55461108853834,129.43838769467496,158.08112265350877,108.08119361778995,443.2295203390677,1773.1455890436841,34012.492938389354,1143597.5150257624,446.77235667325556,8727.652332099522
0.23189,0.01759,56.84106,ApproachEntry,Double,197.1768,475.8608,29.37979,348.5554,348.5554,0.0,197.1768,29.37979,22.37979,0.0,0.0,0.15601,1.0,6,6,1,0.47432,1.1061,0.01925,0.80776,0.89519,0.08507,0.82,0.7,0.06,0.9,0.56,0.06,-9.9695,56.52867,-73.25295,5.90064,-21.24534,22.80902,double_rcm_log_20260616_135653_209.csv,56.84106,Unknown,Task3_Insertion,0.0,29.379308505428813,79.10511481974311,81.77815167995135,152.91185953576908,89.78513024909077,348.55280604235566,3461.450036333264,11826.113330695014,938090.5174677904,461.80815791723427,7139.067104532396
0.27214,0.01482,67.46556,ApproachEntry,Double,122.2546,406.1482,13.12928,253.5262,253.5262,0.0,122.2546,13.12928,6.12928,0.0,0.0,0.15601,1.0,6,6,1,0.53828,1.07099,0.03463,0.77855,0.75963,-0.03835,0.82,0.7,0.06,0.9,0.56,0.06,-7.28198,39.80555,-46.25295,-21.09936,-48.24534,48.03878,double_rcm_log_20260616_135653_209.csv,67.46556,Unknown,Task3_Insertion,0.0,13.130223031484254,36.62926205122669,36.871041366813664,126.27735705163599,98.5582701053232,253.52507154125803,1220.7216325948325,44843.59384165072,375157.3192655029,451.0020992694476,3788.027949501419
0.31165,0.0119,84.0021,ApproachEntry,Double,133.3923,470.9592,0.24629,294.6201,294.6201,0.0,133.3923,0.24629,0.0,0.0,0.0,0.15601,1.0,6,6,1,0.55363,1.16208,0.05925,0.75245,0.815,0.05757,0.82,0.7,0.06,0.9,0.56,0.06,-5.47756,33.76888,-25.46525,-42.12599,-60.75683,56.63744,double_rcm_log_20260616_135653_209.csv,84.0021,Unknown,Task3_Insertion,0.0,0.24819823691003,0.6984919019708589,0.6984935403873401,178.75167552557627,2.906070569316215,294.62163430406804,1590.8272406430033,20065.089995610026,678205.9215492113,215.64468858152594,5546.008702132839
0.35039,0.00994,100.5913,InsertToTarget,Double,1.5101,1.48787,0.28324,160.9973,160.9973,0.00139,1.48876,0.28324,0.0,0.0,0.0,0.99945,1.0,6,6,1,0.62107,1.04673,0.05968,0.82023,0.69984,0.06148,0.82,0.7,0.06,0.9,0.56,0.06,-3.64951,21.1349,-17.54571,-43.42748,-51.87952,54.55731,double_rcm_log_20260616_135653_209.csv,100.5913,Unknown,Task3_Insertion,0.0,0.2829503807593102,0.7962923784903574,0.7962948059932855,80.32942217071775,1.4848822797162782,160.9989717358468,1600.6781481803484,23905.699514794254,562732.4044917689,88.77030753856737,2719.2603860706017
0.38346,0.01155,86.60862,InsertToTarget,Double,1.253,0.77355,0.12667,160.2628,160.2628,0.00602,0.77559,0.12667,0.0,0.0,0.0,0.99758,1.0,6,6,1,0.62184,1.04633,0.05993,0.82052,0.69917,0.06077,0.82,0.7,0.06,0.9,0.56,0.06,-3.6203,20.76966,-16.97628,-43.88734,-51.93662,55.12326,double_rcm_log_20260616_135653_209.csv,86.60862,Unknown,Task3_Insertion,0.0,0.12608102212064584,0.35482434684548425,0.35482456162818815,38.2330046182391,0.7710222983905133,160.26837554552043,27.314464049825663,27617.636901121994,279066.526455628,8.458225122833666,1493.9144449668709
0.42886,0.03293,30.36971,InsertToTarget,Double,2.04486,0.40947,0.06853,159.2427,159.2427,0.01238,0.41177,0.06853,0.0,0.0,0.0,0.99501,1.0,6,6,1,0.62241,1.04549,0.05995,0.821,0.69826,0.06041,0.82,0.7,0.06,0.9,0.56,0.06,-3.60188,20.57954,-16.74753,-44.01665,-51.91421,55.28542,double_rcm_log_20260616_135653_209.csv,30.36971,Unknown,Task3_Insertion,0.0,0.06930697730982117,0.19504772718296842,0.19504776286986214,11.547289798247862,0.4100300176628732,159.23880086210144,23.688407261238705,119.82387928809678,252869.6721713894,3.4723933323774667,55.04274117712186
0.46116,0.01012,98.80029,InsertToTarget,Double,2.73504,0.18786,0.03426,158.5168,158.5168,0.0169,0.1893,0.03426,0.0,0.0,0.0,0.99319,1.0,6,6,1,0.62284,1.0449,0.05998,0.82136,0.69763,0.06019,0.82,0.7,0.06,0.9,0.56,0.06,-3.58811,20.43446,-16.56766,-44.12427,-51.89575,55.41324,double_rcm_log_20260616_135653_209.csv,98.80029,Unknown,Task3_Insertion,0.0,0.031682343442346744,0.08916231110075357,0.08916231452215485,3.9789408801302746,0.19006476628932753,158.51278371159844,22.985396687397945,76.52113977841474,917.9632313661554,3.066246740697636,19.551444790801582
0.49855,0.00945,105.7665,InsertToTarget,Double,3.57122,0.07966,0.0,157.6749,157.6749,0.02213,0.08048,0.0,0.0,0.0,0.0,0.99108,1.0,6,6,1,0.62329,1.04418,0.05999,0.82177,0.6969,0.06008,0.82,0.7,0.06,0.9,0.56,0.06,-3.57443,20.30069,-16.41994,-44.19393,-51.86496,55.48371,double_rcm_log_20260616_135653_209.csv,105.7665,Unknown,Task3_Insertion,0.0,0.013578527251855795,0.038213490226452276,0.038213490519083064,1.283979211575881,0.08000961480684017,157.67545560422516,22.6090214493672,62.108125422836075,678.6736016755974,2.237817676415047,17.69901925241519
0.53766,0.01017,98.33701,InsertToTarget,Double,4.45332,0.05392,0.0,156.7922,156.7922,0.02761,0.05463,0.0,0.0,0.0,0.0,0.98887,1.0,6,6,1,0.62373,1.04342,0.05999,0.82221,0.69613,0.06005,0.82,0.7,0.06,0.9,0.56,0.06,-3.56108,20.17537,-16.2913,-44.24249,-51.82811,55.52055,double_rcm_log_20260616_135653_209.csv,98.33701,Unknown,Task3_Insertion,0.0,0.0092998281243564,0.026172123553044074,0.026172123769392024,0.6429947890958957,0.05001538224924835,156.78859492960575,22.50856161897997,23.640052848956255,719.0237314956664,1.9673126315034062,5.365813752852755
0.56949,0.01093,91.47254,InsertToTarget,Double,5.17169,0.05148,0.0,156.0737,156.0737,0.03207,0.05227,0.0,0.0,0.0,0.0,0.98707,1.0,6,6,1,0.62409,1.04279,0.05999,0.82256,0.69551,0.06005,0.82,0.7,0.06,0.9,0.56,0.06,-3.55042,20.07629,-16.19178,-44.27716,-51.79698,55.543,double_rcm_log_20260616_135653_209.csv,91.47254,Unknown,Task3_Insertion,0.0,0.009109818985956725,0.025637388659284322,0.025637388871516353,0.5569801808159697,0.05024555089374059,156.07663566338167,22.431015484903508,7.725211187020264,342.9569933149792,1.9201250932407787,1.1768854369264437
0.60334,0.01119,89.3539,InsertToTarget,Double,5.93581,0.05387,0.0,155.3096,155.3096,0.0368,0.05483,0.0,0.0,0.0,0.0,0.98516,1.0,6,6,1,0.62447,1.04213,0.05999,0.82294,0.69485,0.06005,0.82,0.7,0.06,0.9,0.56,0.06,-3.53911,19.97122,-16.08647,-44.31362,-51.76339,55.5657,double_rcm_log_20260616_135653_209.csv,89.3539,Unknown,Task3_Insertion,0.0,0.009109819025964624,0.025637388771876907,0.025637388871534626,0.48367552791588314,0.050061500638252446,155.3150623732289,22.599889712806142,3.4127105312861943,143.8266405064048,1.9213137940208,0.6062586431707971
0.63825,0.0118,84.74438,InsertToTarget,Double,6.72393,0.05644,0.0,154.5215,154.5215,0.04169,0.05759,0.0,0.0,0.0,0.0,0.98319,1.0,6,6,1,0.62485,1.04145,0.05999,0.82333,0.69416,0.06006,0.82,0.7,0.06,0.9,0.56,0.06,-3.52743,19.86248,-15.97729,-44.35196,-51.72838,55.58976,double_rcm_log_20260616_135653_209.csv,84.74438,Unknown,Task3_Insertion,0.0,0.010637613823265802,0.029936998747957876,0.029936998990537034,0.5140759233723755,0.06031966129266037,154.5224841244794,22.59053036165272,2.8590105023159653,71.94526017082853,1.9555687067067464,0.792733203921812
0.67174,0.00877,114.011,InsertToTarget,Double,7.48013,0.05938,0.0,153.7653,153.7653,0.04638,0.0607,0.0,0.0,0.0,0.0,0.9813,1.0,6,6,1,0.62523,1.04079,0.05999,0.82371,0.69351,0.06006,0.82,0.7,0.06,0.9,0.56,0.06,-3.51613,19.75635,-15.86937,-44.3918,-51.69443,55.61597,double_rcm_log_20260616_135653_209.csv,114.011,Unknown,Task3_Insertion,0.0,0.010895840424156499,0.030663715233807544,0.03066371543494428,0.45995232496666355,0.06001281914340646,153.76959322310756,22.608411341615767,2.914708006157549,69.79927441672136,1.9653441481453295,0.1728240182110221
0.70719,0.01028,97.30427,InsertToTarget,Double,8.28052,0.06047,0.0,152.9649,152.9649,0.05134,0.06197,0.0,0.0,0.0,0.0,0.9793,1.0,6,6,1,0.62563,1.04009,0.05999,0.82411,0.69281,0.06006,0.82,0.7,0.06,0.9,0.56,0.06,-3.50426,19.64532,-15.75752,-44.43201,-51.65814,55.64167,double_rcm_log_20260616_135653_209.csv,97.30427,Unknown,Task3_Insertion,0.0,0.010895840457606394,0.030663715327944204,0.03066371543494428,0.41517802788997304,0.060012819143406455,152.9633675100022,22.697709777879126,2.358885252678982,92.27408345046071,1.959321618262484,0.5607154458972976
0.74119,0.01239,80.70009,InsertToTarget,Double,9.04796,0.05932,0.0,152.1974,152.1974,0.0561,0.06094,0.0,0.0,0.0,0.0,0.97738,1.0,6,6,1,0.62601,1.03943,0.05999,0.82449,0.69214,0.06006,0.82,0.7,0.06,0.9,0.56,0.06,-3.49285,19.53807,-15.64895,-44.47211,-51.62303,55.66811,double_rcm_log_20260616_135653_209.csv,80.70009,Unknown,Task3_Insertion,0.0,0.010637613857527688,0.029936998844379694,0.029936998990537034,0.3798508629932531,0.06001281914340472,152.19311186778458,22.618088901365606,3.978173593186499,73.66920934368181,1.9931351617582203,1.0414086629244952
0.77431,0.01054,94.91027,InsertToTarget,Double,9.79553,0.06066,0.0,151.4498,151.4498,0.06074,0.06245,0.0,0.0,0.0,0.0,0.97552,1.0,6,6,1,0.62638,1.03878,0.05999,0.82486,0.69149,0.06006,0.82,0.7,0.06,0.9,0.56,0.06,-3.48165,19.43224,-15.54083,-44.51349,-51.5883,55.69585,double_rcm_log_20260616_135653_209.csv,94.91027,Unknown,Task3_Insertion,0.0,0.010637613823265802,0.029936998747957876,0.029936998990537034,0.35108634510342845,0.060051260154586415,151.44518249188383,22.452820908882547,3.593071141338833,122.32611973793084,2.016455176886983,0.32956951762792386
0.80642,0.0097,103.1048,InsertToTarget,Double,10.52035,0.06058,0.0,150.725,150.725,0.06524,0.0625,0.0,0.0,0.0,0.0,0.9737,1.0,6,6,1,0.62674,1.03815,0.05999,0.82522,0.69087,0.06006,0.82,0.7,0.06,0.9,0.56,0.06,-3.4708,19.32954,-15.43591,-44.55389,-51.55426,55.72311,double_rcm_log_20260616_135653_209.csv,103.1048,Unknown,Task3_Insertion,0.0,0.010895840457606394,0.030663715327944204,0.03066371543494428,0.32715388426445524,0.06005126015459152,150.7282617825867,22.45738761845055,4.271986118624519,101.67936523232748,2.010759431664462,0.5485523456476252
0.84051,0.01,100.0362,InsertToTarget,Double,11.29019,0.06327,0.0,149.9552,149.9552,0.07001,0.06543,0.0,0.0,0.0,0.0,0.97178,1.0,6,6,1,0.62712,1.03748,0.05999,0.8256,0.6902,0.06007,0.82,0.7,0.06,0.9,0.56,0.06,-3.45934,19.22105,-15.32554,-44.596,-51.51764,55.75074,double_rcm_log_20260616_135653_209.csv,100.0362,Unknown,Task3_Insertion,0.0,0.01222685926412693,0.03440954671674462,0.03440954694902891,0.3553287847984165,0.07000000000000062,149.9580104562607,22.66105625525013,2.9859865239169707,104.9713219403791,1.9900207489649226,0.4965441296011193
0.87794,0.0135,74.05246,InsertToTarget,Double,12.13501,0.06695,0.0,149.1104,149.1104,0.07525,0.06943,0.0,0.0,0.0,0.0,0.96967,1.0,6,6,1,0.62753,1.03674,0.05999,0.82602,0.68946,0.06007,0.82,0.7,0.06,0.9,0.56,0.06,-3.44684,19.10294,-15.20615,-44.64082,-51.47704,55.77933,double_rcm_log_20260616_135653_209.csv,74.05246,Unknown,Task3_Insertion,0.0,0.012713966631430804,0.03578039290703767,0.03578039315130726,0.3306281750839595,0.07004394225165976,149.10713229084644,22.59900058962379,3.2459020959942366,45.64983646283167,2.044642005798319,1.2733129979759918
0.91704,0.00957,104.5316,InsertToTarget,Double,13.01778,0.06336,0.0,148.2276,148.2276,0.08072,0.06585,0.0,0.0,0.0,0.0,0.96746,1.0,6,6,1,0.62798,1.03598,0.05999,0.82646,0.6887,0.06007,0.82,0.7,0.06,0.9,0.56,0.06,-3.43345,18.97444,-15.07258,-44.69664,-51.43378,55.81941,double_rcm_log_20260616_135653_209.csv,104.5316,Unknown,Task3_Insertion,0.0,0.01222685926412693,0.03440954671674462,0.03440954694902891,0.30832208917776077,0.0700439422516611,148.22896646742157,22.48613837357274,1.704914804363401,60.65496794071533,2.065485611061857,0.20894857906092465
0.95225,0.01166,85.741,InsertToTarget,Double,13.81266,0.06695,0.0,147.4327,147.4327,0.08565,0.06976,0.0,0.0,0.0,0.0,0.96547,1.0,6,6,1,0.62837,1.03529,0.05999,0.82685,0.68801,0.06007,0.82,0.7,0.06,0.9,0.56,0.06,-3.42164,18.86198,-14.95803,-44.74151,-51.39441,55.84879,double_rcm_log_20260616_135653_209.csv,85.741,Unknown,Task3_Insertion,0.0,0.012226859234318398,0.0344095466328557,0.03440954694902891,0.2904889306863595,0.07001098814856462,147.4363845867091,22.56006658112771,1.7785747336261535,45.06816204651076,2.0536148400243226,0.27575705101748066
0.98632,0.00995,100.4852,InsertToTarget,Double,14.58176,0.07028,0.0,146.6636,146.6636,0.09042,0.07336,0.0,0.0,0.0,0.0,0.96355,1.0,6,6,1,0.62875,1.03462,0.05999,0.82723,0.68734,0.06007,0.82,0.7,0.06,0.9,0.56,0.06,-3.41008,18.75104,-14.84355,-44.78877,-51.35559,55.88114,double_rcm_log_20260616_135653_209.csv,100.4852,Unknown,Task3_Insertion,0.0,0.01222685926412693,0.03440954671674462,0.03440954694902891,0.27548696543537016,0.07009883133010053,146.66612901416596,22.61004476796038,2.3593913316431987,45.03304838522084,2.076207315309746,0.42791501113854485
1.02,0.01295,77.21412,InsertToTarget,Double,15.34202,0.06823,0.0,145.9033,145.9033,0.09514,0.07142,0.0,0.0,0.0,0.0,0.96165,1.0,6,6,1,0.62912,1.03396,0.05999,0.82761,0.68668,0.06007,0.82,0.7,0.06,0.9,0.56,0.06,-3.39873,18.64214,-14.73183,-44.8345,-51.31696,55.91254,double_rcm_log_20260616_135653_209.csv,77.21412,Unknown,Task3_Insertion,0.0,0.012713966631430804,0.03578039290703767,0.03578039315130726,0.26148273956553264,0.07001098814856536,145.90455578904994,22.6249319448293,2.58122462433088,64.34588971081452,2.0743629267636665,0.41902562890855893
1.05441,0.01288,77.63123,InsertToTarget,Double,16.11909,0.07169,0.0,145.1263,145.1263,0.09995,0.07522,0.0,0.0,0.0,0.0,0.95971,1.0,6,6,1,0.62951,1.03328,0.05998,0.82799,0.686,0.06008,0.82,0.7,0.06,0.9,0.56,0.06,-3.38711,18.53031,-14.61672,-44.88225,-51.27673,55.94487,double_rcm_log_20260616_135653_209.csv,77.63123,Unknown,Task3_Insertion,0.0,0.014945242802826117,0.04205978145158268,0.042059781882056925,0.28602156921991717,0.08046977454537665,145.12562316834337,22.621098371729527,2.421590111792019,85.01618130879731,2.0988473827600536,1.1859946380767517
1.08909,0.01297,77.10847,InsertToTarget,Double,16.90183,0.07365,0.0,144.3435,144.3435,0.10481,0.07744,0.0,0.0,0.0,0.0,0.95775,1.0,6,6,1,0.6299,1.0326,0.05998,0.82838,0.68532,0.06008,0.82,0.7,0.06,0.9,0.56,0.06,-3.37535,18.41669,-14.4992,-44.93236,-51.23557,55.97954,double_rcm_log_20260616_135653_209.csv,77.10847,Unknown,Task3_Insertion,0.0,0.014945242802826117,0.04205978145158268,0.042059781882056925,0.27233595126626164,0.08034540817858887,144.34172369761976,22.607804880761954,3.3617888403616383,65.48207271051756,2.1415825161040964,0.8717098434957765
1.12118,0.01007,99.28233,InsertToTarget,Double,17.62648,0.07452,0.0,143.6189,143.6189,0.1093,0.0785,0.0,0.0,0.0,0.0,0.95594,1.0,6,6,1,0.63026,1.03198,0.05999,0.82874,0.68469,0.06008,0.82,0.7,0.06,0.9,0.56,0.06,-3.3644,18.31007,-14.38795,-44.98146,-51.19666,56.01444,double_rcm_log_20260616_135653_209.csv,99.28233,Unknown,Task3_Insertion,0.0,0.013372099395005442,0.03763254881803774,0.03763254906580427,0.2611268977217564,0.08034540817858764,143.61612061325147,22.5844142858202,2.442688553898205,90.78684191532754,2.1476311629387554,0.26824707626096345
1.15555,0.01119,89.38117,InsertToTarget,Double,18.40214,0.07574,0.01978,142.8432,142.8432,0.11411,0.07997,0.0,0.0,0.0,0.0,0.954,1.0,6,6,1,0.63064,1.0313,0.05999,0.82913,0.68402,0.06008,0.82,0.7,0.06,0.9,0.56,0.06,-3.35277,18.19721,-14.27117,-45.03212,-51.15469,56.04959,double_rcm_log_20260616_135653_209.csv,89.38117,Unknown,Task3_Insertion,0.0,0.01401871595946009,0.03945229515967048,0.039452295446603745,0.24908259842242134,0.08000961480683992,142.84090345555776,22.5214929317181,2.5926722324827494,58.84794763795848,2.1330411801349283,0.23764944342594121
1.1924,0.01095,91.30441,InsertToTarget,Double,19.23421,0.08072,0.01978,142.0112,142.0112,0.11927,0.08544,0.0,0.0,0.0,0.0,0.95192,1.0,6,6,1,0.63105,1.03058,0.05999,0.82954,0.6833,0.06009,0.82,0.7,0.06,0.9,0.56,0.06,-3.34029,18.07581,-14.14538,-45.08725,-51.10888,56.08743,double_rcm_log_20260616_135653_209.csv,91.30441,Unknown,Task3_Insertion,0.0,0.015346247423807633,0.043188312218464114,0.043188312648698546,0.2682154430735839,0.09003418154319655,142.0123575608827,22.61207717975508,1.957241459683273,69.14315259072656,2.148964128931801,0.9160080636029633
1.22884,0.01109,90.14516,InsertToTarget,Double,20.05684,0.08352,0.01978,141.1886,141.1886,0.12437,0.08861,0.01978,0.0,0.0,0.0,0.94986,1.0,6,6,1,0.63146,1.02986,0.05998,0.82995,0.68258,0.06009,0.82,0.7,0.06,0.9,0.56,0.06,-3.32795,17.95525,-14.02017,-45.14312,-51.06282,56.12637,double_rcm_log_20260616_135653_209.csv,90.14516,Unknown,Task3_Insertion,0.0,0.01669112601083172,0.04697314854563992,0.04697314906010603,0.2572600429612767,0.09007689023187966,141.18380572856077,22.532145409839522,2.805045444533239,35.39630023324716,2.1860537271086793,0.922815924262741
1.26293,0.00966,103.5413,InsertToTarget,Double,20.82655,0.0836,0.0,140.4188,140.4188,0.12915,0.08888,0.0,0.0,0.0,0.0,0.94794,1.0,6,6,1,0.63184,1.0292,0.05999,0.83033,0.68192,0.06009,0.82,0.7,0.06,0.9,0.56,0.06,-3.31632,17.84093,-13.9005,-45.19848,-51.01869,56.16608,double_rcm_log_20260616_135653_209.csv,103.5413,Unknown,Task3_Insertion,0.0,0.015346247447557072,0.043188312285301185,0.043188312648698546,0.24766315116395157,0.09000854660274384,140.42223257020228,22.474509169090194,1.7574065034539246,59.384327111737974,2.2011469952561735,0.24109495936686282
1.29858,0.01049,95.35934,InsertToTarget,Double,21.63144,0.08514,0.0,139.6139,139.6139,0.13414,0.09074,0.0,0.0,0.0,0.0,0.94593,1.0,6,6,1,0.63224,1.0285,0.05998,0.83073,0.68122,0.06009,0.82,0.7,0.06,0.9,0.56,0.06,-3.30424,17.72216,-13.77678,-45.25533,-50.97206,56.20615,double_rcm_log_20260616_135653_209.csv,95.35934,Unknown,Task3_Insertion,0.0,0.01669112598899588,0.04697314848418822,0.046973149060124224,0.2384316364392346,0.09000854660274386,139.61600696195265,22.615523860664666,1.3634084153388026,50.95605806344302,2.184846837437179,0.33755284670427715
1.3356,0.01235,80.96906,InsertToTarget,Double,22.46715,0.0876,0.0,138.7782,138.7782,0.13932,0.09361,0.0,0.0,0.0,0.0,0.94384,1.0,6,6,1,0.63265,1.02777,0.05998,0.83114,0.68049,0.06009,0.82,0.7,0.06,0.9,0.56,0.06,-3.29174,17.59925,-13.64913,-45.31393,-50.92299,56.24694,double_rcm_log_20260616_135653_209.csv,80.96906,Unknown,Task3_Insertion,0.0,0.01669112601083172,0.04697314854563992,0.04697314906010603,0.23030788569308666,0.0903071681284698,138.77877287251104,22.56055080573895,2.68926010046656,30.393831800390327,2.2160659950506973,1.2610517263100816
1.37004,0.01263,79.14688,InsertToTarget,Double,23.24442,0.08642,0.0,138.0009,138.0009,0.14414,0.09256,0.0,0.0,0.0,0.0,0.9419,1.0,6,6,1,0.63304,1.02709,0.05998,0.83153,0.67982,0.06009,0.82,0.7,0.06,0.9,0.56,0.06,-3.28,17.48292,-13.52705,-45.37267,-50.87604,56.28948,double_rcm_log_20260616_135653_209.csv,79.14688,Unknown,Task3_Insertion,0.0,0.016939283713103055,0.047671528527124286,0.047671529114428166,0.22188996109304698,0.09000854660274406,138.0035557512921,22.622467813516643,2.452394807203931,64.20501569021847,2.2569961289057043,0.7390173428523217
1.4049,0.01065,93.86199,InsertToTarget,Double,24.03136,0.0893,0.0,137.214,137.214,0.14902,0.09584,0.0,0.0,0.0,0.0,0.93993,1.0,6,6,1,0.63343,1.02641,0.05998,0.83192,0.67913,0.0601,0.82,0.7,0.06,0.9,0.56,0.06,-3.26813,17.36478,-13.4029,-45.43297,-50.82757,56.33271,double_rcm_log_20260616_135653_209.csv,93.86199,Unknown,Task3_Insertion,0.0,0.018049474479891164,0.050795892579877135,0.05079589317690922,0.23868444588530927,0.10012300127650736,137.2109809745561,22.614767126258045,2.4853636837971425,47.22926896441172,2.2565833205694568,0.3762753451735742
1.44075,0.01147,87.14839,InsertToTarget,Double,24.84095,0.09055,0.01978,136.4044,136.4044,0.15404,0.09742,0.01978,0.0,0.0,0.0,0.93791,1.0,6,6,1,0.63383,1.02571,0.05998,0.83232,0.67843,0.0601,0.82,0.7,0.06,0.9,0.56,0.06,-3.25598,17.24388,-13.27638,-45.49441,-50.77711,56.37651,double_rcm_log_20260616_135653_209.csv,87.14839,Unknown,Task3_Insertion,0.0,0.018049474479891164,0.050795892579877135,0.05079589317695545,0.2309377448659778,0.10012300127651004,136.4047554156379,22.52284322777778,0.9941975998103098,68.23964503635332,2.2720950631931265,0.6061094584001755
1.47512,0.01067,93.70076,InsertToTarget,Double,25.61693,0.09107,0.0,135.6285,135.6285,0.15885,0.09819,0.0,0.0,0.0,0.0,0.93597,1.0,6,6,1,0.63421,1.02503,0.05998,0.83271,0.67776,0.0601,0.82,0.7,0.06,0.9,0.56,0.06,-3.24427,17.12676,-13.15309,-45.55602,-50.72749,56.42113,double_rcm_log_20260616_135653_209.csv,93.70076,Unknown,Task3_Insertion,0.0,0.018738645758090935,0.05273539885361262,0.05273539958573343,0.22369093895528658,0.10000769201186017,135.6295384494101,22.5580491167145,3.347733096623316,62.529526913583084,2.2885200426279217,0.7302968133669766
1.51322,0.00927,107.9261,InsertToTarget,Double,26.47706,0.09791,0.01978,134.7684,134.7684,0.16419,0.10578,0.01978,0.0,0.0,0.0,0.93382,1.0,6,6,1,0.63464,1.02429,0.05998,0.83313,0.67701,0.06011,0.82,0.7,0.06,0.9,0.56,0.06,-3.23135,16.99735,-13.01726,-45.62379,-50.67165,56.46903,double_rcm_log_20260616_135653_209.csv,107.9261,Unknown,Task3_Insertion,0.0,0.019418466270737376,0.05464858964645182,0.05464859047030506,0.23843086147316503,0.11017468646862728,134.76998590190615,22.548572339835392,4.724080299384129,110.94503194382014,2.311009298626739,0.8205323742831195
1.54481,0.012,83.34431,InsertToTarget,Double,27.18977,0.08857,0.01978,134.0556,134.0556,0.16861,0.09595,0.01978,0.0,0.0,0.0,0.93203,1.0,6,6,1,0.63499,1.02367,0.05998,0.83348,0.67639,0.0601,0.82,0.7,0.06,0.9,0.56,0.06,-3.2206,16.88901,-12.90299,-45.68306,-50.62424,56.5135,double_rcm_log_20260616_135653_209.csv,83.34431,Unknown,Task3_Insertion,0.0,0.018049474479891164,0.050795892579877135,0.05079589317690922,0.21177963921925946,0.10049110178747557,134.0580191558864,22.677794188816268,4.102596690268876,158.83247341326089,2.3295394585699287,0.43891595212447093
1.57877,0.01038,96.31318,InsertToTarget,Double,27.95662,0.09311,0.0,133.2888,133.2888,0.17336,0.10107,0.0,0.0,0.0,0.0,0.93012,1.0,6,6,1,0.63537,1.023,0.05998,0.83387,0.67572,0.0601,0.82,0.7,0.06,0.9,0.56,0.06,-3.20908,16.77271,-12.78052,-45.74614,-50.57242,56.55867,double_rcm_log_20260616_135653_209.csv,96.31318,Unknown,Task3_Insertion,0.0,0.01846675435237458,0.051970226097252506,0.05197022684557151,0.20504394000419718,0.10006920682131157,133.2828019663452,22.585860596856076,5.605721496007462,88.43993806587994,2.3282585955388075,0.34401588434231295
1.61426,0.00949,105.3553,InsertToTarget,Double,28.75811,0.09749,0.01978,132.4873,132.4873,0.17833,0.10605,0.01978,0.0,0.0,0.0,0.92811,1.0,6,6,1,0.63577,1.02231,0.05998,0.83426,0.67503,0.06011,0.82,0.7,0.06,0.9,0.56,0.06,-3.19705,16.65104,-12.65242,-45.81288,-50.51729,56.60647,double_rcm_log_20260616_135653_209.csv,105.3553,Unknown,Task3_Insertion,0.0,0.019418466270737376,0.05464858964645182,0.05464859047030506,0.2196806980716325,0.11025146083106369,132.49022831892165,22.490640579741026,2.246096702545768,122.65247934970502,2.32838083086962,0.4697378062057767
1.64926,0.01181,84.69927,InsertToTarget,Double,29.54802,0.09717,0.01978,131.6974,131.6974,0.18323,0.10598,0.01978,0.0,0.0,0.0,0.92614,1.0,6,6,1,0.63616,1.02162,0.05998,0.83465,0.67434,0.06011,0.82,0.7,0.06,0.9,0.56,0.06,-3.18526,16.53155,-12.52704,-45.87844,-50.4623,56.65369,double_rcm_log_20260616_135653_209.csv,84.69927,Unknown,Task3_Insertion,0.0,0.019418466270737376,0.05464858964645182,0.05464859047030506,0.21439599359713393,0.11056498263290031,131.69764690380768,22.58861839704818,3.2013872498827842,46.338506445866194,2.3448348601456726,0.6982251595435505
1.68405,0.01195,83.68191,InsertToTarget,Double,30.33349,0.09898,0.0,130.9119,130.9119,0.1881,0.1082,0.0,0.0,0.0,0.0,0.92417,1.0,6,6,1,0.63655,1.02094,0.05998,0.83504,0.67366,0.06011,0.82,0.7,0.06,0.9,0.56,0.06,-3.17349,16.41166,-12.40067,-45.94624,-50.40606,56.70275,double_rcm_log_20260616_135653_209.csv,83.68191,Unknown,Task3_Insertion,0.0,0.019418466270737376,0.05464858964645182,0.05464859047030506,0.20863156412358413,0.11044664566413963,130.9137475592231,22.614208580759435,1.5649246265538943,50.74490798950519,2.3636352363952633,1.0756158574784895
1.71957,0.01366,73.21982,InsertToTarget,Double,31.13528,0.1003,0.01978,130.1101,130.1101,0.19308,0.10991,0.01978,0.0,0.0,0.0,0.92217,1.0,6,6,1,0.63694,1.02024,0.05998,0.83544,0.67296,0.06011,0.82,0.7,0.06,0.9,0.56,0.06,-3.16153,16.28955,-12.27228,-46.01545,-50.34781,56.75265,double_rcm_log_20260616_135653_209.csv,73.21982,Unknown,Task3_Insertion,0.0,0.019806893961577664,0.05574172565167525,0.05574172651457063,0.20322966147411672,0.11044664566414468,130.1075220730915,22.624347347171625,0.840108612381171,37.74897459719421,2.4046632143366558,1.0481541723982994
1.76112,0.01186,84.34521,InsertToTarget,Double,32.07334,0.0963,0.0,129.172,129.172,0.19889,0.1058,0.0,0.0,0.0,0.0,0.91982,1.0,6,6,1,0.63741,1.01943,0.05998,0.83591,0.67215,0.06011,0.82,0.7,0.06,0.9,0.56,0.06,-3.1474,16.14382,-12.11741,-46.10316,-50.27657,56.81807,double_rcm_log_20260616_135653_209.csv,84.34521,Unknown,Task3_Insertion,0.0,0.019806893961577664,0.05574172565167525,0.05574172651457063,0.19661059017614813,0.11006291906834592,129.1710598392689,22.54023110087467,1.3678392820309018,47.36380692704495,2.422801148834881,1.0409579749322495
1.79529,0.01211,82.55915,InsertToTarget,Double,32.84477,0.10004,0.01978,128.4006,128.4006,0.20368,0.11017,0.01978,0.0,0.0,0.0,0.9179,1.0,6,6,1,0.63779,1.01875,0.05998,0.83629,0.67148,0.06011,0.82,0.7,0.06,0.9,0.56,0.06,-3.13591,16.02567,-11.99301,-46.17213,-50.21792,56.86757,double_rcm_log_20260616_135653_209.csv,82.55915,Unknown,Task3_Insertion,0.0,0.020060685491513516,0.056455960669413496,0.05645596159719168,0.19219475178157336,0.1101746864686314,128.40080451461347,22.525374043759648,2.885528688243681,57.59907659578211,2.460987039846514,1.359536891647785
1.82554,0.01026,97.46416,InsertToTarget,Double,33.52734,0.09656,0.01978,127.718,127.718,0.20791,0.10648,0.01978,0.0,0.0,0.0,0.91619,1.0,6,6,1,0.63814,1.01816,0.05998,0.83663,0.67089,0.06011,0.82,0.7,0.06,0.9,0.56,0.06,-3.12561,15.91843,-11.87857,-46.23969,-50.16325,56.91848,double_rcm_log_20260616_135653_209.csv,97.46416,Unknown,Task3_Insertion,0.0,0.019632288562012597,0.055250340888564925,0.05525034167268169,0.18810000153894915,0.11006291906834818,127.71985397736715,22.524408824955845,2.4679659208422438,140.33197029425477,2.491591507454331,0.4505976641956182
1.85614,0.01006,99.40842,InsertToTarget,Double,34.21803,0.09523,0.0,127.0273,127.0273,0.2122,0.10524,0.0,0.0,0.0,0.0,0.91446,1.0,6,6,1,0.63848,1.01756,0.05998,0.83697,0.67029,0.0601,0.82,0.7,0.06,0.9,0.56,0.06,-3.11531,15.81134,-11.76528,-46.30531,-50.10802,56.9668,double_rcm_log_20260616_135653_209.csv,99.40842,Unknown,Task3_Insertion,0.0,0.018279256638180343,0.05144255902153569,0.051442559649247675,0.16777940919057371,0.10019212313581022,127.0302129416463,22.667637874860468,5.785705423826731,84.36988217362294,2.4475785117750712,0.6479805767530223
1.88796,0.01152,86.8326,InsertToTarget,Double,34.93666,0.09659,0.0,126.3087,126.3087,0.21665,0.107,0.0,0.0,0.0,0.0,0.91267,1.0,6,6,1,0.63883,1.01694,0.05998,0.83733,0.66966,0.06011,0.82,0.7,0.06,0.9,0.56,0.06,-3.10467,15.7009,-11.64912,-46.37204,-50.05033,57.01492,double_rcm_log_20260616_135653_209.csv,86.8326,Unknown,Task3_Insertion,0.0,0.019806893961577664,0.05574172565167525,0.05574172651457063,0.1806645100783806,0.11017468646862763,126.30461828452668,22.65223933402009,2.9862325211863032,124.416163930995,2.4679938580761345,0.7921678399610231
1.92744,0.01039,96.27428,InsertToTarget,Double,35.82766,0.09555,0.01978,125.4177,125.4177,0.22218,0.10607,0.01978,0.0,0.0,0.0,0.91044,1.0,6,6,1,0.63928,1.01617,0.05998,0.83777,0.66889,0.06011,0.82,0.7,0.06,0.9,0.56,0.06,-3.09138,15.56161,-11.50137,-46.46063,-49.97563,57.08039,double_rcm_log_20260616_135653_209.csv,96.27428,Unknown,Task3_Insertion,0.0,0.019418466270737376,0.05464858964645182,0.05464859047030506,0.1761924899997723,0.1101746864686293,125.41777027199927,22.43762514299548,2.092185431756113,76.00775058654614,2.4870861318299315,0.6561433407974694
1.9592,0.01133,88.22724,InsertToTarget,Double,36.54474,0.09809,0.01978,124.7006,124.7006,0.22662,0.10913,0.01978,0.0,0.0,0.0,0.90865,1.0,6,6,1,0.63963,1.01554,0.05998,0.83812,0.66827,0.06011,0.82,0.7,0.06,0.9,0.56,0.06,-3.08081,15.45088,-11.38485,-46.52951,-49.91543,57.13003,double_rcm_log_20260616_135653_209.csv,88.22724,Unknown,Task3_Insertion,0.0,0.01963228854344804,0.05525034083631946,0.055250341672651165,0.17318589497757883,0.11044664566414243,124.70581141229947,22.534898261203452,2.4361149405799507,74.1271220813684,2.4991230728042644,0.874925445487753
1.9989,0.00973,102.756,InsertToTarget,Double,37.44106,0.0986,0.0,123.8043,123.8043,0.23218,0.10996,0.0,0.0,0.0,0.0,0.90641,1.0,6,6,1,0.64008,1.01476,0.05998,0.83857,0.66749,0.06011,0.82,0.7,0.06,0.9,0.56,0.06,-3.06751,15.31042,-11.23602,-46.62096,-49.837,57.19728,double_rcm_log_20260616_135653_209.csv,102.756,Unknown,Task3_Insertion,0.0,0.01963228854344804,0.05525034083631946,0.05525034167268169,0.16860432087507132,0.11017468646862694,123.80531935260291,22.583757740680944,3.2891641275744297,23.528919138800674,2.5373235627943265,0.6493594711808195
2.02954,0.00961,104.0535,InsertToTarget,Double,38.13256,0.09965,0.0,123.1128,123.1128,0.23647,0.11134,0.0,0.0,0.0,0.0,0.90468,1.0,6,6,1,0.64042,1.01416,0.05998,0.83891,0.66689,0.06011,0.82,0.7,0.06,0.9,0.56,0.06,-3.0573,15.20239,-11.12191,-46.69139,-49.77562,57.2487,double_rcm_log_20260616_135653_209.csv,104.0535,Unknown,Task3_Insertion,0.0,0.019632288562012597,0.055250340888564925,0.05525034167268169,0.1658064619055761,0.11034212529846978,123.11568665283878,22.5726281337894,1.8477434217485382,106.81040454115563,2.537024568514037,0.45335039951298134
2.06099,0.00812,123.0785,InsertToTarget,Double,38.84281,0.10372,0.01978,122.4026,122.4026,0.24088,0.1161,0.01978,0.0,0.0,0.0,0.9029,1.0,6,6,1,0.64077,1.01355,0.05998,0.83926,0.66627,0.06012,0.82,0.7,0.06,0.9,0.56,0.06,-3.04686,15.09144,-11.00482,-46.76414,-49.71151,57.30126,double_rcm_log_20260616_135653_209.csv,123.0785,Unknown,Task3_Insertion,0.0,0.02079599958939094,0.05852532475052972,0.05852532580503669,0.17795671818648562,0.12063932258532102,122.4037372795455,22.695642552160987,3.547107366655161,92.51826698923233,2.535923525496423,0.6260513236544195
2.0919,0.01089,91.82424,InsertToTarget,Double,39.54042,0.10145,0.01978,121.705,121.705,0.2452,0.1138,0.01978,0.0,0.0,0.0,0.90116,1.0,6,6,1,0.64111,1.01294,0.05998,0.83961,0.66566,0.06011,0.82,0.7,0.06,0.9,0.56,0.06,-3.03666,14.98298,-10.89085,-46.83558,-49.64776,57.35341,double_rcm_log_20260616_135653_209.csv,91.82424,Unknown,Task3_Insertion,0.0,0.019806893961577664,0.05574172565167525,0.05574172651457063,0.16019546730519021,0.1105649826329053,121.70045110844907,22.64362044570297,4.155385854350678,82.33987445536738,2.5556527251790415,0.833963399953308
2.12311,0.00965,103.5959,InsertToTarget,Double,40.24511,0.1047,0.0,121.0003,121.0003,0.24957,0.11766,0.0,0.0,0.0,0.0,0.8994,1.0,6,6,1,0.64146,1.01233,0.05998,0.83996,0.66505,0.06012,0.82,0.7,0.06,0.9,0.56,0.06,-3.02633,14.87236,-10.77409,-46.91029,-49.5814,57.4076,double_rcm_log_20260616_135653_209.csv,103.5959,Unknown,Task3_Insertion,0.0,0.02115912193429095,0.05954724495735981,0.05954724601770521,0.17141059325621838,0.12040955750462816,120.99718385152603,22.512713766610844,1.9203085371461437,109.12252286572983,2.572705883824235,0.721660287051552
2.15438,0.01092,91.61007,InsertToTarget,Double,40.95101,0.10486,0.01978,120.2944,120.2944,0.25395,0.11809,0.01978,0.0,0.0,0.0,0.89763,1.0,6,6,1,0.64181,1.01171,0.05998,0.84031,0.66444,0.06012,0.82,0.7,0.06,0.9,0.56,0.06,-3.01606,14.76215,-10.65826,-46.98464,-49.51427,57.46158,double_rcm_log_20260616_135653_209.csv,91.61007,Unknown,Task3_Insertion,0.0,0.021396936725592796,0.060216517293964794,0.06021651831510191,0.16833276660021207,0.12031369255153043,120.29390716075356,22.558405648823772,3.1538183440923735,56.570457081463005,2.584040616114471,0.9167674112501223
2.19491,0.01096,91.25995,InsertToTarget,Double,41.8659,0.10526,0.0,119.3795,119.3795,0.25962,0.11883,0.0,0.0,0.0,0.0,0.89534,1.0,6,6,1,0.64227,1.01092,0.05998,0.84076,0.66364,0.06012,0.82,0.7,0.06,0.9,0.56,0.06,-3.00274,14.61833,-10.50677,-47.08419,-49.42452,57.53415,double_rcm_log_20260616_135653_209.csv,91.25995,Unknown,Task3_Insertion,0.0,0.020795999606916655,0.05852532479985161,0.05852532580501117,0.16547167403592974,0.1209195536773891,119.37605119956011,22.492868055990645,2.1712989209929936,51.29098344788649,2.6238730353586384,0.8865077306151611
2.22534,0.01019,98.11835,InsertToTarget,Double,42.55287,0.10643,0.01978,118.6925,118.6925,0.26388,0.12036,0.01978,0.0,0.0,0.0,0.89363,1.0,6,6,1,0.64261,1.01032,0.05998,0.8411,0.66305,0.06012,0.82,0.7,0.06,0.9,0.56,0.06,-2.99276,14.50997,-10.39258,-47.16056,-49.35533,57.58981,double_rcm_log_20260616_135653_209.csv,98.11835,Unknown,Task3_Insertion,0.0,0.020995854978709497,0.059087769512642434,0.05908777048481122,0.16244622118162352,0.12063932258532611,118.69510057285432,22.596907758624887,2.680973940263239,89.45357198599798,2.6340276192085597,0.5305373953722005
2.25616,0.01037,96.39792,InsertToTarget,Double,43.24852,0.10731,0.01978,117.9969,117.9969,0.2682,0.1216,0.01978,0.0,0.0,0.0,0.89189,1.0,6,6,1,0.64295,1.00972,0.05998,0.84145,0.66244,0.06012,0.82,0.7,0.06,0.9,0.56,0.06,-2.98271,14.40054,-10.27759,-47.23795,-49.28429,57.64598,double_rcm_log_20260616_135653_209.csv,96.39792,Unknown,Task3_Insertion,0.0,0.02115912193429095,0.05954724495735981,0.05954724601770521,0.1596443861594303,0.12051811226788359,117.9918238692834,22.637404212384837,3.7643821182217185,78.45045431909912,2.6297553963079197,0.5240783893464367
2.28726,0.01073,93.21706,InsertToTarget,Double,43.95089,0.10929,0.01978,117.2945,117.2945,0.27255,0.12409,0.01978,0.0,0.0,0.0,0.89013,1.0,6,6,1,0.6433,1.00911,0.05998,0.84179,0.66183,0.06012,0.82,0.7,0.06,0.9,0.56,0.06,-2.97263,14.29039,-10.16219,-47.31593,-49.2117,57.70214,double_rcm_log_20260616_135653_209.csv,93.21706,Unknown,Task3_Insertion,0.0,0.02079599958939094,0.05852532475052972,0.05852532580503669,0.1583015432925932,0.1214337426177392,117.2935096243607,22.545397570981354,2.8740182208200253,104.13221311578566,2.639254775961245,1.025926275854997
2.31833,0.01119,89.34733,InsertToTarget,Double,44.65218,0.11057,0.01978,116.5932,116.5932,0.2769,0.12577,0.01978,0.0,0.0,0.0,0.88838,1.0,6,6,1,0.64364,1.0085,0.05998,0.84214,0.66122,0.06013,0.82,0.7,0.06,0.9,0.56,0.06,-2.96258,14.18009,-10.04661,-47.39533,-49.13754,57.75946,double_rcm_log_20260616_135653_209.csv,89.34733,Unknown,Task3_Insertion,0.0,0.022521260953808245,0.06338065647897359,0.06338065774599977,0.16828099831990154,0.1311546356845158,116.5902435883895,22.613747035610032,2.7346761917194278,57.70408253584818,2.674758910568218,1.188056056785224
2.3582,0.01063,94.11507,InsertToTarget,Double,45.5523,0.10967,0.01978,115.6931,115.6931,0.28248,0.12505,0.01978,0.0,0.0,0.0,0.88613,1.0,6,6,1,0.64409,1.00772,0.05998,0.84259,0.66044,0.06012,0.82,0.7,0.06,0.9,0.56,0.06,-2.94969,14.03749,-9.89687,-47.50109,-49.03892,57.83662,double_rcm_log_20260616_135653_209.csv,94.11507,Unknown,Task3_Insertion,0.0,0.02115912193429095,0.05954724495735981,0.059547246017674464,0.1518977736428673,0.12077315035285906,115.68974068602628,22.537527836158237,5.175876584109263,28.38782333254275,2.695872433315122,0.7151410397709053
2.38885,0.01078,92.79479,InsertToTarget,Double,46.24426,0.11101,0.01978,115.0011,115.0011,0.28678,0.12683,0.01978,0.0,0.0,0.0,0.8844,1.0,6,6,1,0.64443,1.00712,0.05998,0.84293,0.65984,0.06013,0.82,0.7,0.06,0.9,0.56,0.06,-2.93986,13.92843,-9.78285,-47.58176,-48.96228,57.89476,double_rcm_log_20260616_135653_209.csv,92.79479,Unknown,Task3_Insertion,0.0,0.022521260969991384,0.06338065652451713,0.06338065774597089,0.16229841988249671,0.13099618315050957,115.00011913037304,22.48493650471443,2.3475023806699684,170.16682151542582,2.6607414835138727,0.5495312982363587
2.42314,0.01211,82.56461,InsertToTarget,Double,47.01845,0.11872,0.01978,114.227,114.227,0.29158,0.13593,0.01978,0.0,0.0,0.0,0.88246,1.0,6,6,1,0.64481,1.00644,0.05998,0.84331,0.65917,0.06014,0.82,0.7,0.06,0.9,0.56,0.06,-2.92899,13.80789,-9.65779,-47.66871,-48.87722,57.95553,double_rcm_log_20260616_135653_209.csv,82.56461,Unknown,Task3_Insertion,0.0,0.02410259556140105,0.06783094103584465,0.06783094255139994,0.1721119740065254,0.14123085302494007,114.2298761270448,22.553556909736237,6.160211796221199,111.42388663307406,2.7105568400095,1.7308871452780277
2.45443,0.00902,110.8609,InsertToTarget,Double,47.72477,0.12079,0.01978,113.5207,113.5207,0.29596,0.13854,0.01978,0.0,0.0,0.0,0.8807,1.0,6,6,1,0.64517,1.00583,0.05998,0.84367,0.65856,0.06014,0.82,0.7,0.06,0.9,0.56,0.06,-2.91898,13.69506,-9.53932,-47.75648,-48.7939,58.01929,double_rcm_log_20260616_135653_209.csv,110.8609,Unknown,Task3_Insertion,0.0,0.02410259556140105,0.06783094103584465,0.06783094255139994,0.16840297499279044,0.1402689723901322,113.52163714464302,22.703229513854875,5.242822334772739,116.40757376436648,2.75096165209648,0.9675646574482082
2.48765,0.01023,97.70586,InsertToTarget,Double,48.47487,0.12211,0.01978,112.7706,112.7706,0.30061,0.1403,0.01978,0.0,0.0,0.0,0.87882,1.0,6,6,1,0.64554,1.00518,0.05998,0.84404,0.6579,0.06014,0.82,0.7,0.06,0.9,0.56,0.06,-2.9085,13.57714,-9.4168,-47.84595,-48.70631,58.08322,double_rcm_log_20260616_135653_209.csv,97.70586,Unknown,Task3_Insertion,0.0,0.023891615882385267,0.06723718965759552,0.06723719116858266,0.16638935641612912,0.1407889855831659,112.76502649314635,22.644036681581742,3.5039794093494816,96.75703261450171,2.743083593283615,0.9060634273798227
2.5287,0.01211,82.59553,InsertToTarget,Double,49.40136,0.11629,0.01978,111.8441,111.8441,0.30635,0.13394,0.01978,0.0,0.0,0.0,0.87651,1.0,6,6,1,0.646,1.00437,0.05998,0.8445,0.6571,0.06013,0.82,0.7,0.06,0.9,0.56,0.06,-2.89559,13.4304,-9.26412,-47.96131,-48.59365,58.16721,double_rcm_log_20260616_135653_209.csv,82.59553,Unknown,Task3_Insertion,0.0,0.022744894747109057,0.06401001981340089,0.06401002110132865,0.15145344738593905,0.13059037542577903,111.84219641977707,22.495224419311246,1.6332818768231492,79.9414120051477,2.800285900320538,1.1557587742119686
2.5681,0.01008,99.1732,InsertToTarget,Double,50.29086,0.11559,0.01978,110.9546,110.9546,0.31187,0.13347,0.01978,0.0,0.0,0.0,0.87428,1.0,6,6,1,0.64644,1.0036,0.05998,0.84494,0.65633,0.06013,0.82,0.7,0.06,0.9,0.56,0.06,-2.88324,13.28877,-9.11657,-48.07495,-48.48194,58.24938,double_rcm_log_20260616_135653_209.csv,99.1732,Unknown,Task3_Insertion,0.0,0.022744894763133083,0.06401001985849664,0.06401002110132865,0.14878261932725698,0.1305903754257817,110.9553486768438,22.570154744233317,3.899959980379439,18.84184235077317,2.812873211012004,0.653059161955838
2.60767,0.01036,96.5129,InsertToTarget,Double,51.18405,0.11505,0.0,110.0614,110.0614,0.31741,0.13315,0.0,0.0,0.0,0.0,0.87205,1.0,6,6,1,0.64688,1.00283,0.05998,0.84538,0.65555,0.06013,0.82,0.7,0.06,0.9,0.56,0.06,-2.87097,13.14745,-8.97019,-48.18831,-48.36838,58.33065,double_rcm_log_20260616_135653_209.csv,96.5129,Unknown,Task3_Insertion,0.0,0.022521260953808245,0.06338065647897359,0.06338065774597089,0.14681117268494875,0.1311546356845183,110.05981918938438,22.50950873964043,2.4330830575658444,112.97642216928688,2.8166135994996853,0.6057432639800137
2.63805,0.00887,112.6965,InsertToTarget,Double,51.87,0.11804,0.01978,109.3754,109.3754,0.32166,0.13686,0.01978,0.0,0.0,0.0,0.87034,1.0,6,6,1,0.64722,1.00223,0.05998,0.84572,0.65496,0.06014,0.82,0.7,0.06,0.9,0.56,0.06,-2.86159,13.03875,-8.85766,-48.27651,-48.27923,58.39331,double_rcm_log_20260616_135653_209.csv,112.6965,Unknown,Task3_Insertion,0.0,0.02410259556140105,0.06783094103584465,0.06783094255139994,0.1555265136382364,0.14078898558316752,109.37888095971721,22.504072608817363,3.1455778159319254,88.52865009364217,2.8124614013218205,0.6489752312297306
2.67016,0.00951,105.1451,InsertToTarget,Double,52.59478,0.12133,0.01978,108.6507,108.6507,0.32616,0.14094,0.01978,0.0,0.0,0.0,0.86852,1.0,6,6,1,0.64758,1.0016,0.05998,0.84608,0.65433,0.06014,0.82,0.7,0.06,0.9,0.56,0.06,-2.85179,12.92476,-8.74034,-48.36847,-48.18465,58.45803,double_rcm_log_20260616_135653_209.csv,105.1451,Unknown,Task3_Insertion,0.0,0.02410259557652244,0.06783094107840015,0.06783094255139994,0.15338074884776878,0.14078898558316624,108.65327836747487,22.592990947025406,2.9208399225826014,49.90191290624268,2.8223115592577996,1.2466423406709568
2.70069,0.01036,96.51329,InsertToTarget,Double,53.28397,0.1196,0.01978,107.9615,107.9615,0.33043,0.13914,0.01978,0.0,0.0,0.0,0.8668,1.0,6,6,1,0.64792,1.001,0.05998,0.84642,0.65373,0.06014,0.82,0.7,0.06,0.9,0.56,0.06,-2.84251,12.81596,-8.62842,-48.45845,-48.09188,58.52222,double_rcm_log_20260616_135653_209.csv,96.51329,Unknown,Task3_Insertion,0.0,0.02410259556140105,0.06783094103584465,0.06783094255139994,0.15170073229193085,0.14107281262361895,107.96364619630073,22.584949718621996,1.086641446657294,49.86912217973761,2.862568003295628,1.215291577654076
2.74057,0.01017,98.3316,InsertToTarget,Double,54.18407,0.11783,0.01978,107.0613,107.0613,0.33602,0.13743,0.01978,0.0,0.0,0.0,0.86455,1.0,6,6,1,0.64837,1.00022,0.05998,0.84687,0.65295,0.06014,0.82,0.7,0.06,0.9,0.56,0.06,-2.83046,12.67334,-8.48173,-48.57883,-47.96709,58.6081,double_rcm_log_20260616_135653_209.csv,98.3316,Unknown,Task3_Insertion,0.0,0.02410259557652244,0.06783094107840015,0.06783094255139994,0.14874643617569924,0.14066326402494994,107.06315425953036,22.689579068466124,1.2060987520541027,65.52541102898303,2.874453860286285,0.6401994844474699
2.77183,0.00876,114.1898,InsertToTarget,Double,54.88999,0.12293,0.01978,106.3555,106.3555,0.34039,0.14363,0.01978,0.0,0.0,0.0,0.86279,1.0,6,6,1,0.64872,0.99961,0.05998,0.84722,0.65233,0.06014,0.82,0.7,0.06,0.9,0.56,0.06,-2.8211,12.56203,-8.36769,-48.67222,-47.86859,58.67331,double_rcm_log_20260616_135653_209.csv,114.1898,Unknown,Task3_Insertion,0.0,0.02389161589764019,0.06723718970052682,0.06723719116856708,0.1472447124380694,0.14107281262362087,106.35119604405014,22.628471812562903,3.097130849737922,53.75145965139021,2.8710959369865323,0.6510525268426172
2.81235,0.01053,95.0065,InsertToTarget,Double,55.80457,0.12152,0.01978,105.4409,105.4409,0.34607,0.1423,0.01978,0.0,0.0,0.0,0.8605,1.0,6,6,1,0.64917,0.99881,0.05998,0.84767,0.65154,0.06014,0.82,0.7,0.06,0.9,0.56,0.06,-2.8091,12.4183,-8.22111,-48.79438,-47.73831,58.75935,double_rcm_log_20260616_135653_209.csv,95.0065,Unknown,Task3_Insertion,0.0,0.02410259556140105,0.06783094103584465,0.06783094255139994,0.14500800329909422,0.14123085302493923,105.44202245784169,22.45790144866071,3.3724146141542675,82.92427862013874,2.866906115931656,1.3251684795692846
2.84403,0.01204,83.05471,InsertToTarget,Double,56.51976,0.12415,0.01978,104.7257,104.7257,0.3505,0.1456,0.01978,0.0,0.0,0.0,0.85871,1.0,6,6,1,0.64952,0.99819,0.05998,0.84802,0.65092,0.06014,0.82,0.7,0.06,0.9,0.56,0.06,-2.79981,12.30652,-8.10767,-48.88893,-47.63575,58.82487,double_rcm_log_20260616_135653_209.csv,83.05471,Unknown,Task3_Insertion,0.0,0.02410259556140105,0.06783094103584465,0.06783094255139994,0.14372686876227814,0.1417690429482388,104.73006445142677,22.504635293725507,2.413961772008615,157.81463762809022,2.9245400929120593,1.9125984307628627
2.87425,0.00953,104.9685,InsertToTarget,Double,57.20205,0.12534,0.02798,104.0434,104.0434,0.35473,0.14729,0.01978,0.0,0.0,0.0,0.85701,1.0,6,6,1,0.64986,0.9976,0.05998,0.84836,0.65033,0.06015,0.82,0.7,0.06,0.9,0.56,0.06,-2.79095,12.19803,-7.9968,-48.9857,-47.53201,58.89311,double_rcm_log_20260616_135653_209.csv,104.9685,Unknown,Task3_Insertion,0.0,0.025468481050881647,0.07167489601256688,0.07167489779001782,0.15157036637359736,0.15130712525802337,104.04912781950642,22.582942989951512,6.486306209853083,34.81590735194736,2.9626424233803337,0.9159814736238445
2.90472,0.01055,94.78686,InsertToTarget,Double,57.88974,0.12351,0.01978,103.3557,103.3557,0.359,0.14535,0.01978,0.0,0.0,0.0,0.85529,1.0,6,6,1,0.6502,0.997,0.05998,0.8487,0.64973,0.06014,0.82,0.7,0.06,0.9,0.56,0.06,-2.78214,12.09,-7.88738,-49.08081,-47.42788,58.95977,double_rcm_log_20260616_135653_209.csv,94.78686,Unknown,Task3_Insertion,0.0,0.02410259556140105,0.06783094103584465,0.06783094255139994,0.14032380576332437,0.14176904294823933,103.35948190659624,22.675259417018264,0.45753022513329034,162.1267920410282,2.9506569236546447,0.7204656543930844
2.94434,0.01033,96.7734,InsertToTarget,Double,58.78424,0.12338,0.01978,102.4612,102.4612,0.36454,0.14554,0.01978,0.0,0.0,0.0,0.85305,1.0,6,6,1,0.65065,0.99622,0.05998,0.84915,0.64895,0.06014,0.82,0.7,0.06,0.9,0.56,0.06,-2.77078,11.94923,-7.74496,-49.20658,-47.28916,59.04752,double_rcm_log_20260616_135653_209.csv,96.7734,Unknown,Task3_Insertion,0.0,0.02410259556140105,0.06783094103584465,0.06783094255139994,0.1376497825990147,0.1412308530249466,102.45898984471788,22.543371586893766,3.803754666224685,56.49813476541443,2.9464912018144678,0.6832818396470838
2.97775,0.01043,95.84411,InsertToTarget,Double,59.53861,0.1303,0.01978,101.7069,101.7069,0.36922,0.15401,0.01978,0.0,0.0,0.0,0.85117,1.0,6,6,1,0.65102,0.99557,0.05998,0.84952,0.6483,0.06015,0.82,0.7,0.06,0.9,0.56,0.06,-2.76131,11.83149,-7.62651,-49.31049,-47.17233,59.11818,double_rcm_log_20260616_135653_209.csv,95.84411,Unknown,Task3_Insertion,0.0,0.025468481036571223,0.07167489597229365,0.07167489779004604,0.14561784991111446,0.15130712525801598,101.71107560143088,22.60414740335456,3.1160495561961747,97.57866447584017,2.9554762217038255,0.9309611718922243
3.00956,0.01031,96.97836,InsertToTarget,Double,60.25668,0.1313,0.01978,100.9888,100.9888,0.37367,0.15546,0.01978,0.0,0.0,0.0,0.84937,1.0,6,6,1,0.65137,0.99494,0.05998,0.84988,0.64767,0.06015,0.82,0.7,0.06,0.9,0.56,0.06,-2.75238,11.71906,-7.51357,-49.41228,-47.05738,59.18837,double_rcm_log_20260616_135653_209.csv,96.97836,Unknown,Task3_Insertion,0.0,0.025859897226289875,0.07277644234049273,0.07277644419660013,0.14386443653558442,0.15130712525802703,100.98547321273486,22.7080813474095,2.9791145787846323,114.79650289712737,2.9776543159627167,1.5799421538743008
3.04304,0.01065,93.87354,InsertToTarget,Double,61.01268,0.13534,0.01978,100.2328,100.2328,0.37836,0.16053,0.01978,0.0,0.0,0.0,0.84748,1.0,6,6,1,0.65175,0.99428,0.05998,0.85025,0.64701,0.06016,0.82,0.7,0.06,0.9,0.56,0.06,-2.74308,11.60116,-7.39561,-49.51899,-46.93534,59.26103,double_rcm_log_20260616_135653_209.csv,93.87354,Unknown,Task3_Insertion,0.0,0.02684130174001256,0.07553836839345589,0.07553837048666034,0.15222113241213261,0.16210632787915305,100.2288790718523,22.49457073697481,5.622009747845881,86.89867397343923,3.0325729380857522,1.7791534905009552
3.07344,0.00988,101.2108,InsertToTarget,Double,61.69872,0.13118,0.01978,99.54676,99.54676,0.38262,0.15587,0.01978,0.0,0.0,0.0,0.84577,1.0,6,6,1,0.65209,0.99369,0.05998,0.85059,0.64642,0.06015,0.82,0.7,0.06,0.9,0.56,0.06,-2.7347,11.49305,-7.28728,-49.62162,-46.81844,59.33273,double_rcm_log_20260616_135653_209.csv,101.2108,Unknown,Task3_Insertion,0.0,0.025468481036571223,0.07167489597229365,0.07167489779004604,0.14100722848775926,0.1518399967577275,99.54791308711599,22.586325976496703,2.6149451757561324,142.02617097288902,3.0645381878513285,0.8392580779493571
3.10432,0.01044,95.75339,InsertToTarget,Double,62.39583,0.1298,0.01978,98.84965,98.84965,0.38694,0.15443,0.01978,0.0,0.0,0.0,0.84402,1.0,6,6,1,0.65243,0.99308,0.05998,0.85094,0.64581,0.06015,0.82,0.7,0.06,0.9,0.56,0.06,-2.72631,11.3842,-7.17887,-49.72358,-46.70026,59.40282,double_rcm_log_20260616_135653_209.csv,95.75339,Unknown,Task3_Insertion,0.0,0.025859897212196056,0.07277644230082905,0.07277644419660013,0.13924581885234452,0.15165243663871944,98.84463667797048,22.607236228153585,3.1292589624264813,70.62361684708243,3.0523419757833685,0.7105140107136851
3.14454,0.01077,92.87834,InsertToTarget,Double,63.30364,0.12798,0.01978,97.94183,97.94183,0.39257,0.1526,0.01978,0.0,0.0,0.0,0.84175,1.0,6,6,1,0.65288,0.9923,0.05998,0.85139,0.64503,0.06015,0.82,0.7,0.06,0.9,0.56,0.06,-2.71549,11.24249,-7.03817,-49.85793,-46.54304,59.49483,double_rcm_log_20260616_135653_209.csv,92.87834,Unknown,Task3_Insertion,0.0,0.025859897212196056,0.07277644230082905,0.07277644419660013,0.13680970762150038,0.15114944209673822,97.9441447969198,22.592141920965137,2.147221954122989,19.686001744091886,3.0743073416988893,0.861742773222625
3.17486,0.01063,94.097,InsertToTarget,Double,63.98815,0.12834,0.01978,97.25732,97.25732,0.39682,0.15327,0.01978,0.0,0.0,0.0,0.84004,1.0,6,6,1,0.65322,0.9917,0.05998,0.85173,0.64443,0.06015,0.82,0.7,0.06,0.9,0.56,0.06,-2.70744,11.13583,-6.93261,-49.95993,-46.42241,59.56419,double_rcm_log_20260616_135653_209.csv,94.097,Unknown,Task3_Insertion,0.0,0.025859897226289875,0.07277644234049273,0.07277644419660013,0.13562662186072313,0.1514748011539123,97.25451300582398,22.60541062581246,3.004212749079414,46.81268915749659,3.0836348927009958,0.7095751587665255
3.20556,0.01019,98.09271,InsertToTarget,Double,64.68115,0.13011,0.01978,96.56432,96.56432,0.40112,0.15565,0.01978,0.0,0.0,0.0,0.83831,1.0,6,6,1,0.65357,0.9911,0.05998,0.85207,0.64383,0.06015,0.82,0.7,0.06,0.9,0.56,0.06,-2.69938,11.02805,-6.82627,-50.06343,-46.29874,59.63404,double_rcm_log_20260616_135653_209.csv,98.09271,Unknown,Task3_Insertion,0.0,0.025468481036571223,0.07167489597229365,0.07167489779004604,0.13450405268933668,0.1518399967577212,96.5648812974986,22.564740580532476,1.2022684420200458,121.58656515643628,3.07478027559342,1.0662219880200756
3.23697,0.01126,88.78035,InsertToTarget,Double,65.39034,0.13173,0.02798,95.85516,95.85516,0.40551,0.1578,0.01978,0.0,0.0,0.0,0.83654,1.0,6,6,1,0.65392,0.99048,0.05998,0.85242,0.64321,0.06016,0.82,0.7,0.06,0.9,0.56,0.06,-2.69124,10.91856,-6.7189,-50.16809,-46.17188,59.70402,double_rcm_log_20260616_135653_209.csv,88.78035,Unknown,Task3_Insertion,0.0,0.02684130174001256,0.07553836839345589,0.07553837048667568,0.14221346264652346,0.16231024423805757,95.85293996534477,22.582186120021635,4.618689778229299,52.65742099685073,3.1220294548790695,2.002904521448843
3.27543,0.01011,98.89632,InsertToTarget,Double,66.25816,0.12647,0.01978,94.9873,94.9873,0.4109,0.15184,0.01978,0.0,0.0,0.0,0.83437,1.0,6,6,1,0.65435,0.98973,0.05998,0.85285,0.64246,0.06015,0.82,0.7,0.06,0.9,0.56,0.06,-2.68142,10.783,-6.58574,-50.30446,-46.00719,59.79722,double_rcm_log_20260616_135653_209.csv,98.89632,Unknown,Task3_Insertion,0.0,0.025468481036571223,0.07167489597229365,0.07167489779004604,0.1316537475412323,0.15224474223585266,94.98840244998333,22.58523676791317,1.083066685013045,91.16624072522461,3.184848750324495,0.9101352935051874
3.31413,0.00919,108.7939,InsertToTarget,Double,67.13189,0.12467,0.01978,94.11356,94.11356,0.41631,0.15002,0.01978,0.0,0.0,0.0,0.83218,1.0,6,6,1,0.65479,0.98897,0.05998,0.85329,0.6417,0.06015,0.82,0.7,0.06,0.9,0.56,0.06,-2.67169,10.64741,-6.4533,-50.44018,-45.84055,59.88858,double_rcm_log_20260616_135653_209.csv,108.7939,Unknown,Task3_Insertion,0.0,0.025468481036571223,0.07167489597229365,0.07167489779004604,0.12927454909317596,0.15147480115390535,94.11023642516261,22.56713780064745,2.5121377803509914,20.02807303940868,3.1555339621849328,0.8244004031580309
3.35404,0.01041,96.0887,InsertToTarget,Double,68.03286,0.12594,0.01978,93.2126,93.2126,0.4219,0.15177,0.01978,0.0,0.0,0.0,0.82993,1.0,6,6,1,0.65523,0.98819,0.05998,0.85373,0.64092,0.06015,0.82,0.7,0.06,0.9,0.56,0.06,-2.66183,10.50888,-6.31902,-50.57759,-45.66874,59.97954,double_rcm_log_20260616_135653_209.csv,96.0887,Unknown,Task3_Insertion,0.0,0.025468481036571223,0.07167489597229365,0.07167489779004604,0.12822127557808877,0.1522447422358521,93.214708066914,22.614866304054132,0.46525737954824736,50.705769357521866,3.1578341980505997,1.1295579463899612
3.39296,0.01039,96.26022,InsertToTarget,Double,68.91132,0.12644,0.01978,92.33414,92.33414,0.42735,0.15265,0.01978,0.0,0.0,0.0,0.82773,1.0,6,6,1,0.65566,0.98743,0.05998,0.85417,0.64015,0.06015,0.82,0.7,0.06,0.9,0.56,0.06,-2.65238,10.37372,-6.18839,-50.7141,-45.49654,60.06981,double_rcm_log_20260616_135653_209.csv,96.26022,Unknown,Task3_Insertion,0.0,0.02562883850982366,0.0721261833668218,0.0721261851749182,0.12657129426998678,0.15224474223585738,92.32786090882857,22.557211925153506,2.5485645092743328,16.216948052605037,3.2099239330071523,1.2487315565840202
3.43106,0.00931,107.4361,InsertToTarget,Double,69.77133,0.12505,0.01978,91.47411,91.47411,0.43269,0.15134,0.01978,0.0,0.0,0.0,0.82558,1.0,6,6,1,0.65609,0.98668,0.05998,0.85459,0.63941,0.06015,0.82,0.7,0.06,0.9,0.56,0.06,-2.64331,10.24109,-6.06055,-50.85126,-45.32233,60.16072,double_rcm_log_20260616_135653_209.csv,107.4361,Unknown,Task3_Insertion,0.0,0.025468481036571223,0.07167489597229365,0.07167489779004604,0.12539227289051122,0.1526887230736034,91.47698453709546,22.422170758231417,0.7720008284444855,64.46871794870769,3.223977059889441,0.8298192323392348
3.47045,0.00984,101.6294,InsertToTarget,Double,70.66049,0.12634,0.01978,90.58496,90.58496,0.4382,0.15316,0.01978,0.0,0.0,0.0,0.82336,1.0,6,6,1,0.65653,0.98591,0.05998,0.85503,0.63864,0.06015,0.82,0.7,0.06,0.9,0.56,0.06,-2.63411,10.10511,-5.9304,-50.9908,-45.14207,60.25173,double_rcm_log_20260616_135653_209.csv,101.6294,Unknown,Task3_Insertion,0.0,0.025468481036571223,0.07167489597229365,0.07167489779004604,0.1238183807102968,0.15268872307360823,90.5901374322834,22.61886591071848,2.6528650388306625,34.783766755109504,3.230076974029171,0.9349951624311175
3.50948,0.00945,105.8037,InsertToTarget,Double,71.54155,0.12657,0.01978,89.70391,89.70391,0.44366,0.1538,0.01978,0.0,0.0,0.0,0.82116,1.0,6,6,1,0.65697,0.98514,0.05998,0.85547,0.63787,0.06015,0.82,0.7,0.06,0.9,0.56,0.06,-2.62518,9.97035,-5.80188,-51.13163,-44.95851,60.34351,double_rcm_log_20260616_135653_209.csv,105.8037,Unknown,Task3_Insertion,0.0,0.025468481050881647,0.07167489601256688,0.07167489779001782,0.12228350889226608,0.15268872307360293,89.70329035213817,22.608217304163055,2.438393607780304,58.09513405047437,3.2586747544500034,0.8025835940515401
3.54852,0.00912,109.6698,InsertToTarget,Double,72.42286,0.12735,0.02798,88.8226,88.8226,0.44913,0.15502,0.02798,0.0,0.0,0.0,0.81895,1.0,6,6,1,0.65741,0.98438,0.05998,0.85591,0.63711,0.06015,0.82,0.7,0.06,0.9,0.56,0.06,-2.61642,9.836,-5.67441,-51.27293,-44.77206,60.43493,double_rcm_log_20260616_135653_209.csv,109.6698,Unknown,Task3_Insertion,0.0,0.025468481050881647,0.07167489601256688,0.07167489779001782,0.12012923155197515,0.1518399967577327,88.82512426110075,22.572928877196667,3.5943388246026498,79.49176585542327,3.2503816437430886,0.7492500653736859
3.57899,0.00935,106.9403,InsertToTarget,Double,73.11079,0.13108,0.01978,88.1347,88.1347,0.4534,0.15983,0.01978,0.0,0.0,0.0,0.81723,1.0,6,6,1,0.65775,0.98378,0.05998,0.85625,0.63651,0.06016,0.82,0.7,0.06,0.9,0.56,0.06,-2.60971,9.73176,-5.57601,-51.3818,-44.62643,60.5042,double_rcm_log_20260616_135653_209.csv,106.9403,Unknown,Task3_Insertion,0.0,0.026841301753591066,0.0755383684316693,0.07553837048667568,0.12704171001101505,0.16210632787914947,88.1355104370537,22.66345621756538,2.4928523776795273,123.1729316476744,3.2567572358532546,1.2752296273018362
3.61844,0.0109,91.70753,InsertToTarget,Double,74.00131,0.13011,0.02798,87.24417,87.24417,0.45892,0.15873,0.01978,0.0,0.0,0.0,0.81501,1.0,6,6,1,0.65819,0.983,0.05998,0.85669,0.63573,0.06016,0.82,0.7,0.06,0.9,0.56,0.06,-2.60122,9.59711,-5.44964,-51.52502,-44.43321,60.59591,double_rcm_log_20260616_135653_209.csv,91.70753,Unknown,Task3_Insertion,0.0,0.02684130174001256,0.07553836839345589,0.07553837048667568,0.12617856289144547,0.16297711023803324,87.23998280605058,22.51227306527289,4.837706463117683,38.61957771960548,3.321955437740732,1.8631829830675253
3.65716,0.00953,104.8829,InsertToTarget,Double,74.87532,0.12972,0.02798,86.37016,86.37016,0.46434,0.15877,0.02798,0.0,0.0,0.0,0.81282,1.0,6,6,1,0.65862,0.98225,0.05998,0.85712,0.63498,0.06016,0.82,0.7,0.06,0.9,0.56,0.06,-2.5931,9.46428,-5.3251,-51.67032,-44.23624,60.68895,double_rcm_log_20260616_135653_209.csv,104.8829,Unknown,Task3_Insertion,0.0,0.026841301753591066,0.0755383684316693,0.07553837048667568,0.1245444715846428,0.1627456722808742,86.37546179326621,22.5547426304995,1.8343946490257808,88.9027541921914,3.3726010989004953,0.8421070584910976
3.69571,0.00857,116.6557,InsertToTarget,Double,75.74553,0.12824,0.01978,85.49994,85.49994,0.46974,0.15736,0.01978,0.0,0.0,0.0,0.81065,1.0,6,6,1,0.65905,0.98149,0.05998,0.85756,0.63422,0.06015,0.82,0.7,0.06,0.9,0.56,0.06,-2.58523,9.33253,-5.20231,-51.81565,-44.03684,60.78155,double_rcm_log_20260616_135653_209.csv,116.6557,Unknown,Task3_Insertion,0.0,0.025859897212196056,0.07277644230082905,0.07277644419660013,0.1150009345275345,0.1520374447805062,85.49727773444016,22.653101931786473,2.1990398792643058,55.01655166330364,3.345022832999503,0.7728203583931539
3.73586,0.0104,96.17882,InsertToTarget,Double,76.65185,0.13095,0.02798,84.59364,84.59364,0.47536,0.16067,0.01978,0.0,0.0,0.0,0.80838,1.0,6,6,1,0.6595,0.9807,0.05998,0.858,0.63343,0.06016,0.82,0.7,0.06,0.9,0.56,0.06,-2.57718,9.19696,-5.07705,-51.96205,-43.83209,60.87267,double_rcm_log_20260616_135653_209.csv,96.17882,Unknown,Task3_Insertion,0.0,0.026841301753591066,0.0755383684316693,0.07553837048667568,0.12238112904910294,0.1637258496577516,84.59308777908512,22.530683027494156,2.549981678676053,22.78100963176982,3.371026280889782,1.0256473107375534
3.77383,0.0099,101.0287,InsertToTarget,Double,77.50887,0.12793,0.02798,83.7366,83.7366,0.48067,0.15733,0.01978,0.0,0.0,0.0,0.80624,1.0,6,6,1,0.65993,0.97996,0.05998,0.85843,0.63269,0.06015,0.82,0.7,0.06,0.9,0.56,0.06,-2.56985,9.06795,-4.95813,-52.10736,-43.62835,60.96437,double_rcm_log_20260616_135653_209.csv,101.0287,Unknown,Task3_Insertion,0.0,0.025468481050881647,0.07167489601256688,0.07167489779001782,0.11287093879340465,0.1526887230735994,83.7372288770054,22.46956024712762,3.333149223550163,82.59366231545945,3.3910172736853554,0.975129375137873
3.80399,0.01078,92.79821,InsertToTarget,Double,78.18974,0.13068,0.01978,83.05574,83.05574,0.4849,0.16077,0.01978,0.0,0.0,0.0,0.80454,1.0,6,6,1,0.66026,0.97937,0.05998,0.85876,0.6321,0.06016,0.82,0.7,0.06,0.9,0.56,0.06,-2.56411,8.96646,-4.86518,-52.21912,-43.46901,61.03307,double_rcm_log_20260616_135653_209.csv,92.79821,Unknown,Task3_Insertion,0.0,0.026841301753591066,0.0755383684316693,0.07553837048667568,0.1199833715196185,0.16372584965775966,83.06126172891908,22.502746207999614,2.0886891785354176,106.07757571785969,3.4067440040203802,1.4693833823950444
3.84222,0.00993,100.7049,InsertToTarget,Double,79.05276,0.12897,0.01978,82.19272,82.19272,0.49025,0.15911,0.01978,0.0,0.0,0.0,0.80238,1.0,6,6,1,0.66069,0.97862,0.05998,0.85919,0.63135,0.06016,0.82,0.7,0.06,0.9,0.56,0.06,-2.5571,8.83721,-4.74713,-52.36674,-43.25797,61.12493,double_rcm_log_20260616_135653_209.csv,100.7049,Unknown,Task3_Insertion,0.0,0.02684130174001256,0.07553836839345589,0.07553837048667568,0.11848372184235832,0.16346723971957935,82.19674081129973,22.572927386258183,2.89463625331452,65.4717980469676,3.4755911647942144,1.1274145305400998
3.88059,0.00913,109.5498,InsertToTarget,Double,79.91891,0.12759,0.02798,81.32656,81.32656,0.49562,0.15778,0.02798,0.0,0.0,0.0,0.80021,1.0,6,6,1,0.66112,0.97787,0.05998,0.85962,0.6306,0.06015,0.82,0.7,0.06,0.9,0.56,0.06,-2.55028,8.70792,-4.62967,-52.51533,-43.04316,61.21662,double_rcm_log_20260616_135653_209.csv,109.5498,Unknown,Task3_Insertion,0.0,0.025468481036571223,0.07167489597229365,0.07167489779004604,0.11000371604486538,0.1534275073120726,81.33220088009422,22.59195838893207,3.75878394656045,37.41283284447166,3.460915123794796,0.7870548860695208
3.92012,0.01025,97.60355,InsertToTarget,Double,80.81115,0.12991,0.01978,80.43433,80.43433,0.50115,0.16069,0.01978,0.0,0.0,0.0,0.79798,1.0,6,6,1,0.66156,0.97709,0.05998,0.86006,0.62982,0.06016,0.82,0.7,0.06,0.9,0.56,0.06,-2.54343,8.57587,-4.51058,-52.66521,-42.82305,61.30733,double_rcm_log_20260616_135653_209.csv,97.60355,Unknown,Task3_Insertion,0.0,0.026841301753591066,0.0755383684316693,0.07553837048667568,0.11647223482602324,0.16426994668718287,80.43669311949614,22.68019993521753,1.0281215671242714,75.37995434191035,3.4610681296626997,1.2571747372238864
3.95918,0.01104,90.59342,InsertToTarget,Double,81.6929,0.13031,0.02798,79.55258,79.55258,0.50662,0.16127,0.01978,0.0,0.0,0.0,0.79578,1.0,6,6,1,0.662,0.97632,0.05998,0.8605,0.62905,0.06016,0.82,0.7,0.06,0.9,0.56,0.06,-2.53691,8.44561,-4.39377,-52.81554,-42.60027,61.39811,double_rcm_log_20260616_135653_209.csv,90.59342,Unknown,Task3_Insertion,0.0,0.026841301753591066,0.0755383684316693,0.07553837048667568,0.11520786950673186,0.16426994668719008,79.54984663718712,22.64386918125122,2.2439514273877488,35.049178955094966,3.5270898039182494,1.2517765085055956
3.99746,0.00965,103.6112,InsertToTarget,Double,82.55688,0.12897,0.02798,78.6886,78.6886,0.51198,0.16017,0.02798,0.0,0.0,0.0,0.79362,1.0,6,6,1,0.66243,0.97557,0.05998,0.86093,0.6283,0.06016,0.82,0.7,0.06,0.9,0.56,0.06,-2.53081,8.31761,-4.27939,-52.96714,-42.37417,61.48979,double_rcm_log_20260616_135653_209.csv,103.6112,Unknown,Task3_Insertion,0.0,0.02684130174001256,0.07553836839345589,0.07553837048667568,0.11380958372268271,0.1639934332644108,78.68532582381542,22.575203135890632,1.908180690038629,53.5760507552236,3.529660032438048,0.8753201060546034
4.03775,0.01127,88.75449,InsertToTarget,Double,83.46641,0.13259,0.02798,77.77908,77.77908,0.51762,0.16461,0.02798,0.0,0.0,0.0,0.79135,1.0,6,6,1,0.66287,0.97478,0.05998,0.86138,0.62751,0.06016,0.82,0.7,0.06,0.9,0.56,0.06,-2.52452,8.18444,-4.16138,-53.12133,-42.14014,61.58064,double_rcm_log_20260616_135653_209.csv,88.75449,Unknown,Task3_Insertion,0.0,0.027212946462725988,0.07658427272966081,0.07658427487675253,0.11275974076877401,0.16426994668719144,77.7761538005062,22.49433676804842,2.503423074558638,74.14802994395959,3.5561408023498817,1.1552855817275278
4.0763,0.00952,105.0564,InsertToTarget,Double,84.33671,0.13226,0.01978,76.9088,76.9088,0.52302,0.16485,0.01978,0.0,0.0,0.0,0.78917,1.0,6,6,1,0.66331,0.97403,0.05998,0.86181,0.62676,0.06016,0.82,0.7,0.06,0.9,0.56,0.06,-2.51887,8.05625,-4.04811,-53.2758,-41.90487,61.67253,double_rcm_log_20260616_135653_209.csv,105.0564,Unknown,Task3_Insertion,0.0,0.026841301753591066,0.0755383684316693,0.07553837048667568,0.11141595961795872,0.16399343326440946,76.91163306028547,22.51956393393097,4.038598017507905,99.2680444330262,3.5899635104132432,0.8089206013308372
4.10781,0.00914,109.3636,InsertToTarget,Double,85.04781,0.1369,0.02798,76.19772,76.19772,0.52743,0.17107,0.02798,0.0,0.0,0.0,0.78739,1.0,6,6,1,0.66366,0.97341,0.05998,0.86216,0.62614,0.06017,0.82,0.7,0.06,0.9,0.56,0.06,-2.51435,7.95231,-3.95678,-53.39905,-41.71457,61.744,double_rcm_log_20260616_135653_209.csv,109.3636,Unknown,Task3_Insertion,0.0,0.028220045543497326,0.07941850990598899,0.07941851227465814,0.11761006339868554,0.1745720040996873,76.19969881830241,22.706337619676376,4.124118903584902,125.62540242770758,3.5515655393754337,0.8633426040292262
4.13961,0.01134,88.14903,InsertToTarget,Double,85.76581,0.13911,0.02798,75.47972,75.47972,0.53188,0.17345,0.02798,0.0,0.0,0.0,0.7856,1.0,6,6,1,0.66401,0.97278,0.05998,0.86252,0.62551,0.06017,0.82,0.7,0.06,0.9,0.56,0.06,-2.50993,7.84828,-3.86619,-53.52183,-41.52262,61.81484,double_rcm_log_20260616_135653_209.csv,88.14903,Unknown,Task3_Insertion,0.0,0.028573730258731403,0.08041387012618689,0.08041387264606173,0.11661511471877108,0.17457200409970705,75.4740975434619,22.689914770378767,4.047661580923937,111.33209851972852,3.6048339992963996,2.5969858763771647
4.17958,0.0105,95.24741,InsertToTarget,Double,86.66787,0.13636,0.01978,74.57765,74.57765,0.53748,0.1705,0.01978,0.0,0.0,0.0,0.78334,1.0,6,6,1,0.66446,0.972,0.05998,0.86297,0.62473,0.06017,0.82,0.7,0.06,0.9,0.56,0.06,-2.50478,7.71666,-3.7519,-53.68416,-41.26842,61.90975,double_rcm_log_20260616_135653_209.csv,95.24741,Unknown,Task3_Insertion,0.0,0.028573730258731403,0.08041387012618689,0.08041387264606173,0.11486922644738838,0.17376376536506602,74.57360592059361,22.475607751872307,3.7795512937214815,71.94315216354356,3.721270290765262,0.8044803104185787
4.21032,0.00817,122.4643,InsertToTarget,Double,87.36184,0.13668,0.02798,73.88369,73.88369,0.54178,0.1718,0.02798,0.0,0.0,0.0,0.78161,1.0,6,6,1,0.66481,0.9714,0.05998,0.86331,0.62413,0.06017,0.82,0.7,0.06,0.9,0.56,0.06,-2.50103,7.61521,-3.66402,-53.81112,-41.0683,61.98322,double_rcm_log_20260616_135653_209.csv,122.4643,Unknown,Task3_Insertion,0.0,0.028220045530582223,0.07941850986964255,0.07941851227465814,0.11431031869344695,0.17429418102295452,73.88397593524586,22.436408452056007,0.7693268851438141,128.33159826621954,3.661592461961019,1.1396295393090004
4.24205,0.01179,84.85242,InsertToTarget,Double,88.07803,0.13766,0.02798,73.1675,73.1675,0.54622,0.17207,0.02798,0.0,0.0,0.0,0.77982,1.0,6,6,1,0.66516,0.97077,0.05998,0.86366,0.62351,0.06017,0.82,0.7,0.06,0.9,0.56,0.06,-2.49715,7.5127,-3.5764,-53.9339,-40.87061,62.05251,double_rcm_log_20260616_135653_209.csv,84.85242,Unknown,Task3_Insertion,0.0,0.028416846206797425,0.07997235784810541,0.07997236034091343,0.11394476111572707,0.1751526806488088,73.17202060897318,22.52520401420994,4.22182480730445,31.811488216715382,3.673510564372668,1.1921166062746014
4.27217,0.01026,97.47688,InsertToTarget,Double,88.75789,0.13719,0.01978,72.48765,72.48765,0.55044,0.1722,0.01978,0.0,0.0,0.0,0.77812,1.0,6,6,1,0.6655,0.97019,0.05998,0.864,0.62292,0.06017,0.82,0.7,0.06,0.9,0.56,0.06,-2.4938,7.41404,-3.4919,-54.05835,-40.67091,62.12356,double_rcm_log_20260616_135653_209.csv,97.47688,Unknown,Task3_Insertion,0.0,0.028220045543497326,0.07941850990598899,0.07941851227465814,0.11269568636874154,0.17457200409969864,72.4910704845776,22.654325599215554,2.87674267314928,96.70467430037793,3.7120448490521363,1.0111091106675711
4.30413,0.01172,85.31063,InsertToTarget,Double,89.47945,0.1411,0.02798,71.7661,71.7661,0.55492,0.17681,0.02798,0.0,0.0,0.0,0.77631,1.0,6,6,1,0.66585,0.96956,0.05998,0.86436,0.62229,0.06017,0.82,0.7,0.06,0.9,0.56,0.06,-2.49026,7.31067,-3.40404,-54.18474,-40.46489,62.1937,double_rcm_log_20260616_135653_209.csv,85.31063,Unknown,Task3_Insertion,0.0,0.028573730258731403,0.08041387012618689,0.08041387264606173,0.11178182589157953,0.1745720040996957,71.76546941252454,22.69840840785785,1.9417378306518145,93.5668641024659,3.7084316265869277,1.2815093086103158
4.34518,0.01145,87.33949,InsertToTarget,Double,90.40597,0.14019,0.02798,70.83958,70.83958,0.56066,0.17607,0.02798,0.0,0.0,0.0,0.774,1.0,6,6,1,0.66631,0.96875,0.05998,0.86482,0.62148,0.06017,0.82,0.7,0.06,0.9,0.56,0.06,-2.48616,7.1775,-3.29148,-54.35378,-40.18823,62.2885,double_rcm_log_20260616_135653_209.csv,87.33949,Unknown,Task3_Insertion,0.0,0.028573730258731403,0.08041387012618689,0.08041387264609108,0.11099813693281028,0.1751526806487953,70.83397278142739,22.50079408887753,3.12294653227041,62.99611841458902,3.7960131135957402,1.8953979032065837
4.38593,0.01115,89.69762,InsertToTarget,Double,91.32574,0.13955,0.02798,69.91982,69.91982,0.56637,0.17556,0.02798,0.0,0.0,0.0,0.7717,1.0,6,6,1,0.66677,0.96795,0.05998,0.86527,0.62069,0.06017,0.82,0.7,0.06,0.9,0.56,0.06,-2.48241,7.04572,-3.18087,-54.52248,-39.90918,62.3822,double_rcm_log_20260616_135653_209.csv,89.69762,Unknown,Task3_Insertion,0.0,0.028416846206797425,0.07997235784810541,0.07997236034091343,0.11008301978175097,0.17545545128213968,69.92480175159592,22.441975287307674,3.1898962449856936,78.31251078027444,3.8357866568132915,1.2899464896205357
4.42621,0.01088,91.89887,InsertToTarget,Double,92.23507,0.13713,0.02798,69.01048,69.01048,0.57201,0.17281,0.01978,0.0,0.0,0.0,0.76942,1.0,6,6,1,0.66722,0.96716,0.05998,0.86572,0.6199,0.06017,0.82,0.7,0.06,0.9,0.56,0.06,-2.47906,6.91581,-3.07263,-54.69112,-39.62751,62.47535,double_rcm_log_20260616_135653_209.csv,91.89887,Unknown,Task3_Insertion,0.0,0.028416846206797425,0.07997235784810541,0.07997236034091343,0.10919105814210488,0.17576645343706437,69.01563083823832,22.70805909888441,3.3110606163866225,151.80899233433968,3.8700030079591037,1.0709774747377545
4.45666,0.01047,95.48981,InsertToTarget,Double,92.92238,0.13672,0.01978,68.32316,68.32316,0.57627,0.17257,0.01978,0.0,0.0,0.0,0.76771,1.0,6,6,1,0.66756,0.96657,0.05998,0.86607,0.6193,0.06017,0.82,0.7,0.06,0.9,0.56,0.06,-2.47672,6.81789,-2.99148,-54.81879,-39.4123,62.54498,double_rcm_log_20260616_135653_209.csv,95.48981,Unknown,Task3_Insertion,0.0,0.028573730258731403,0.08041387012618689,0.08041387264604492,0.10746709625384639,0.1742941810229585,68.32103482822833,22.729599990264816,5.224619714545728,135.36596700184595,3.885629524204367,0.7884952004540126
4.48711,0.00981,101.9694,InsertToTarget,Double,93.6096,0.13727,0.01978,67.63596,67.63596,0.58053,0.17366,0.01978,0.0,0.0,0.0,0.76599,1.0,6,6,1,0.6679,0.96597,0.05998,0.86641,0.6187,0.06017,0.82,0.7,0.06,0.9,0.56,0.06,-2.47455,6.72021,-2.91089,-54.94667,-39.19507,62.61401,double_rcm_log_20260616_135653_209.csv,101.9694,Unknown,Task3_Insertion,0.0,0.028573730258731403,0.08041387012618689,0.08041387264606173,0.10702060519990435,0.17485818429625724,67.63140542676899,22.52774183647013,5.219285371569048,124.82515579945077,3.8741286988723638,0.8785677883435078
4.51828,0.01085,92.19835,InsertToTarget,Double,94.31335,0.13916,0.01978,66.93221,66.93221,0.5849,0.17589,0.01978,0.0,0.0,0.0,0.76423,1.0,6,6,1,0.66825,0.96536,0.05998,0.86675,0.61809,0.06017,0.82,0.7,0.06,0.9,0.56,0.06,-2.47244,6.6209,-2.8295,-55.07539,-38.97404,62.68237,double_rcm_log_20260616_135653_209.csv,92.19835,Unknown,Task3_Insertion,0.0,0.028220045543497326,0.07941850990598899,0.07941851227465814,0.10737652409813306,0.17674840876228007,66.93309719413855,22.49442047692359,2.9059014468931017,119.74286637600515,3.9047217762586865,1.6411213500305768
4.55849,0.01055,94.80634,InsertToTarget,Double,95.22076,0.13699,0.02798,66.02479,66.02479,0.59053,0.1734,0.01978,0.0,0.0,0.0,0.76196,1.0,6,6,1,0.6687,0.96457,0.05998,0.8672,0.6173,0.06017,0.82,0.7,0.06,0.9,0.56,0.06,-2.47019,6.49267,-2.72518,-55.24696,-38.6778,62.77403,double_rcm_log_20260616_135653_209.csv,94.80634,Unknown,Task3_Insertion,0.0,0.028220045530582223,0.07941850986964255,0.07941851227465814,0.106557972619426,0.1770918927041666,66.02392672357493,22.56512932239247,1.8214637864752015,80.32571462376367,3.9733347492344633,0.8481238723846999
4.58932,0.0096,104.1877,InsertToTarget,Double,95.9167,0.13859,0.02798,65.32886,65.32886,0.59484,0.176,0.02798,0.0,0.0,0.0,0.76022,1.0,6,6,1,0.66904,0.96397,0.05998,0.86755,0.6167,0.06017,0.82,0.7,0.06,0.9,0.56,0.06,-2.46864,6.39453,-2.6456,-55.37816,-38.44925,62.84276,double_rcm_log_20260616_135653_209.csv,104.1877,Unknown,Task3_Insertion,0.0,0.028573730258731403,0.08041387012618689,0.08041387264609108,0.10480878396135422,0.17545545128211967,65.32933031954327,22.481166144155324,2.0507850169070885,76.06796111433965,3.9482990743034443,0.8786218943181336
4.62106,0.01106,90.42914,InsertToTarget,Double,96.63315,0.14129,0.02798,64.61243,64.61243,0.59929,0.17904,0.02798,0.0,0.0,0.0,0.75843,1.0,6,6,1,0.66939,0.96334,0.05998,0.8679,0.61608,0.06017,0.82,0.7,0.06,0.9,0.56,0.06,-2.46714,6.29442,-2.56512,-55.51036,-38.21627,62.91084,double_rcm_log_20260616_135653_209.csv,90.42914,Unknown,Task3_Insertion,0.0,0.028798828935313058,0.08104735599106733,0.08104735855489738,0.10460431500907076,0.176412977021366,64.61737614604907,22.535053472524368,3.3438765235718564,30.099093244605612,3.991691533915487,2.0402758956179037
4.66079,0.01007,99.34978,InsertToTarget,Double,97.52985,0.13804,0.01978,63.71572,63.71572,0.60485,0.17539,0.01978,0.0,0.0,0.0,0.75619,1.0,6,6,1,0.66984,0.96257,0.05998,0.86835,0.6153,0.06017,0.82,0.7,0.06,0.9,0.56,0.06,-2.46585,6.16865,-2.46474,-55.68344,-37.91003,63.00106,double_rcm_log_20260616_135653_209.csv,99.34978,Unknown,Task3_Insertion,0.0,0.028573730258731403,0.08041387012618689,0.08041387264604492,0.10307597049774081,0.17545545128214735,63.71688473238467,22.736229842653394,1.563377867375641,121.36072311843373,4.074871916553162,0.8815303385253944
4.69105,0.01039,96.26804,InsertToTarget,Double,98.21304,0.13715,0.02798,63.03252,63.03252,0.60908,0.17425,0.01978,0.0,0.0,0.0,0.75448,1.0,6,6,1,0.67018,0.96197,0.05998,0.86869,0.6147,0.06017,0.82,0.7,0.06,0.9,0.56,0.06,-2.46504,6.07338,-2.38925,-55.81419,-37.67629,63.0681,double_rcm_log_20260616_135653_209.csv,96.26804,Unknown,Task3_Insertion,0.0,0.028573730258731403,0.08041387012618689,0.08041387264606173,0.10271985286846788,0.17608564349814912,63.0272560088094,22.611705022529883,5.233350472020129,63.393683298951814,4.044450532496157,1.106871141423365
4.7228,0.01097,91.14713,InsertToTarget,Double,98.92955,0.14163,0.01978,62.31604,62.31604,0.61353,0.17992,0.01978,0.0,0.0,0.0,0.75269,1.0,6,6,1,0.67053,0.96135,0.05998,0.86904,0.61408,0.06017,0.82,0.7,0.06,0.9,0.56,0.06,-2.46426,5.97392,-2.31067,-55.94878,-37.43347,63.13517,double_rcm_log_20260616_135653_209.csv,91.14713,Unknown,Task3_Insertion,0.0,0.028573730258731403,0.08041387012618689,0.08041387264607427,0.102563393331675,0.17709189270415285,62.31530229405927,22.477677160288806,2.928916077451402,119.606172817543,4.034358178619717,1.3681729857858258
4.75539,0.01113,89.86818,InsertToTarget,Double,99.66516,0.14696,0.02798,61.58046,61.58046,0.61809,0.18681,0.02798,0.0,0.0,0.0,0.75085,1.0,6,6,1,0.67089,0.96071,0.05998,0.8694,0.61344,0.06018,0.82,0.7,0.06,0.9,0.56,0.06,-2.46369,5.87202,-2.23061,-56.08774,-37.18088,63.20365,double_rcm_log_20260616_135653_209.csv,89.86818,Unknown,Task3_Insertion,0.0,0.029941194072336266,0.08426226677348204,0.08426226968904166,0.10813133771184819,0.18809163069755866,61.58105228071373,22.57812270350094,2.588168548746501,82.53159875986061,4.111973467568948,1.5002400690352187
4.78708,0.01099,90.97297,InsertToTarget,Double,100.3804,0.14616,0.02798,60.86518,60.86518,0.62253,0.18604,0.02798,0.0,0.0,0.0,0.74906,1.0,6,6,1,0.67125,0.96009,0.05998,0.86976,0.61282,0.06018,0.82,0.7,0.06,0.9,0.56,0.06,-2.46356,5.77302,-2.15363,-56.22711,-36.9262,63.27311,double_rcm_log_20260616_135653_209.csv,90.97297,Unknown,Task3_Insertion,0.0,0.029941194072336266,0.08426226677348204,0.08426226968904166,0.10657185959749739,0.18671244859821143,60.8641306518051,22.60494899053819,2.8066892362811138,73.12491951362051,4.10998921505617,1.7016896660132534
4.82157,0.01301,76.87079,InsertToTarget,Double,101.1588,0.15408,0.03426,60.08683,60.08683,0.62736,0.19535,0.01978,0.0,0.0,0.0,0.74711,1.0,6,6,1,0.67163,0.95941,0.05998,0.87014,0.61214,0.06019,0.82,0.7,0.06,0.9,0.56,0.06,-2.46336,5.66624,-2.07087,-56.37261,-36.65706,63.3427,double_rcm_log_20260616_135653_209.csv,76.87079,Unknown,Task3_Insertion,0.0,0.031314462792276766,0.08812699987940956,0.08812700319691244,0.11236065629516766,0.19838191604927755,60.085233626907005,22.494439052733966,5.013281525138844,114.53020598109184,4.211296703647281,3.702816669872554
4.85256,0.01076,92.97398,InsertToTarget,Double,101.8583,0.14867,0.02798,59.38736,59.38736,0.63169,0.18971,0.02798,0.0,0.0,0.0,0.74537,1.0,6,6,1,0.67198,0.9588,0.05998,0.87049,0.61154,0.06018,0.82,0.7,0.06,0.9,0.56,0.06,-2.46396,5.56941,-1.99669,-56.51515,-36.39351,63.41362,double_rcm_log_20260616_135653_209.csv,92.97398,Unknown,Task3_Insertion,0.0,0.030156144709732335,0.08486719342540967,0.08486719635318,0.10521764080753045,0.18704586027537923,59.39060615956023,22.6066793197704,3.901520731249399,122.52983490605148,4.326776609640843,1.1093897708061984
4.88438,0.01044,95.80779,InsertToTarget,Double,102.5767,0.14686,0.02798,58.66894,58.66894,0.63615,0.18765,0.01978,0.0,0.0,0.0,0.74357,1.0,6,6,1,0.67234,0.95818,0.05998,0.87085,0.61091,0.06018,0.82,0.7,0.06,0.9,0.56,0.06,-2.46463,5.47078,-1.92163,-56.65795,-36.1266,63.48289,double_rcm_log_20260616_135653_209.csv,95.80779,Unknown,Task3_Insertion,0.0,0.029941194084508953,0.08426226680773914,0.08426226968904166,0.10447338505762348,0.18704586027537573,58.66500660530083,22.652376586585884,2.6521234927400643,133.45804904875828,4.248618953842714,0.8928264390323266
4.91802,0.01113,89.86738,InsertToTarget,Double,103.3359,0.15181,0.02798,57.90973,57.90973,0.64086,0.19381,0.02798,0.0,0.0,0.0,0.74167,1.0,6,6,1,0.67271,0.95752,0.05998,0.87122,0.61025,0.06019,0.82,0.7,0.06,0.9,0.56,0.06,-2.46536,5.36719,-1.84302,-56.80477,-35.84933,63.55165,double_rcm_log_20260616_135653_209.csv,89.86738,Unknown,Task3_Insertion,0.0,0.031314462792276766,0.08812699987940956,0.08812700319691244,0.10999376922893746,0.19838191604929364,57.90843634566549,22.529242821095842,5.677889316916791,62.0137564290667,4.346017661642827,2.6369720649109953
4.94842,0.00974,102.7191,InsertToTarget,Double,104.0221,0.14468,0.02798,57.22356,57.22356,0.64512,0.1854,0.02798,0.0,0.0,0.0,0.73996,1.0,6,6,1,0.67305,0.95692,0.05999,0.87157,0.60966,0.06018,0.82,0.7,0.06,0.9,0.56,0.06,-2.46675,5.27328,-1.77289,-56.94685,-35.58039,63.62045,double_rcm_log_20260616_135653_209.csv,102.7191,Unknown,Task3_Insertion,0.0,0.029228757759523615,0.08225728683736835,0.0822572895547112,0.10231544476187787,0.18575832106842177,57.222485964872206,22.62594963777516,3.5006406145628706,166.16380709798156,4.3997217875121235,1.1888539442888697
4.98078,0.01036,96.52002,InsertToTarget,Double,104.7525,0.14674,0.02798,56.49317,56.49317,0.64965,0.18775,0.02798,0.0,0.0,0.0,0.73813,1.0,6,6,1,0.67341,0.95629,0.05999,0.87193,0.60902,0.06018,0.82,0.7,0.06,0.9,0.56,0.06,-2.4681,5.17418,-1.699,-57.09142,-35.30354,63.68739,double_rcm_log_20260616_135653_209.csv,96.52002,Unknown,Task3_Insertion,0.0,0.028976498075549986,0.08154736287905094,0.08154736546203575,0.10230247885246972,0.18704586027537548,56.4882085040763,22.62583565557156,4.77817443959636,121.07858308850595,4.392416788467037,0.8776813076819662
5.01355,0.00689,145.1867,InsertToTarget,Double,105.4924,0.14967,0.02798,55.75332,55.75332,0.65423,0.19384,0.02798,0.0,0.0,0.0,0.73628,1.0,6,6,1,0.67378,0.95565,0.05999,0.8723,0.60838,0.06019,0.82,0.7,0.06,0.9,0.56,0.06,-2.46995,5.0731,-1.62371,-57.24298,-35.01242,63.75693,double_rcm_log_20260616_135653_209.csv,145.1867,Unknown,Task3_Insertion,0.0,0.03032577281440976,0.08534457075490837,0.0853445737325363,0.10631769133417115,0.195758878372199,55.74899550664569,22.476052819467217,5.361335122365779,110.97504292279015,4.396791040574906,0.9880870003196405
5.04673,0.01122,89.15057,InsertToTarget,Double,106.2407,0.1488,0.02798,55.00496,55.00496,0.65888,0.19007,0.02798,0.0,0.0,0.0,0.73441,1.0,6,6,1,0.67415,0.95499,0.05998,0.87266,0.60773,0.06018,0.82,0.7,0.06,0.9,0.56,0.06,-2.47182,4.9731,-1.55097,-57.39005,-34.72545,63.82365,double_rcm_log_20260616_135653_209.csv,89.15057,Unknown,Task3_Insertion,0.0,0.030156144709732335,0.08486719342540967,0.08486719635318,0.10183541497299933,0.18882633453887532,55.00600785368809,22.49020798541357,2.909435543384691,128.80003858473125,4.4081859504655805,1.5656253427356417
5.07886,0.01057,94.59402,InsertToTarget,Double,106.9659,0.14959,0.02798,54.27974,54.27974,0.66338,0.19152,0.02798,0.0,0.0,0.0,0.7326,1.0,6,6,1,0.67451,0.95436,0.05999,0.87302,0.6071,0.06018,0.82,0.7,0.06,0.9,0.56,0.06,-2.47413,4.87532,-1.47973,-57.53803,-34.43615,63.8901,double_rcm_log_20260616_135653_209.csv,94.59402,Unknown,Task3_Insertion,0.0,0.028798828935313058,0.08104735599106733,0.08104735855489738,0.10114461052798948,0.1888263345388714,54.28040898887915,22.58142788659219,3.3769785992032393,86.2544492464145,4.475904308695379,2.3656314827680354
5.1116,0.01161,86.14548,InsertToTarget,Double,107.7049,0.15181,0.02798,53.54081,53.54081,0.66796,0.19378,0.02798,0.0,0.0,0.0,0.73075,1.0,6,6,1,0.67487,0.95372,0.05998,0.87339,0.60646,0.06018,0.82,0.7,0.06,0.9,0.56,0.06,-2.47668,4.77642,-1.40838,-57.68733,-34.1416,63.95589,double_rcm_log_20260616_135653_209.csv,86.14548,Unknown,Task3_Insertion,0.0,0.0305669561842731,0.08602332309388644,0.08602332616247454,0.09987009235387385,0.18773549314025903,53.541162669482596,22.543550553812377,3.0149874943997768,61.44215149154895,4.544952112430503,2.2588117396872214
5.14323,0.01065,93.90196,InsertToTarget,Double,108.419,0.15,0.02798,52.82664,52.82664,0.67239,0.19211,0.02798,0.0,0.0,0.0,0.72896,1.0,6,6,1,0.67523,0.9531,0.05999,0.87374,0.60584,0.06018,0.82,0.7,0.06,0.9,0.56,0.06,-2.47969,4.68067,-1.33998,-57.83675,-33.8455,64.02195,double_rcm_log_20260616_135653_209.csv,93.90196,Unknown,Task3_Insertion,0.0,0.028798828935313058,0.08104735599106733,0.08104735855491539,0.09979074184872476,0.18882633453887504,52.829211616301855,22.571697747635767,1.6109212162443687,101.28955940920305,4.602143720785098,1.5520261909285509
5.17567,0.01094,91.4211,InsertToTarget,Double,109.151,0.15139,0.02798,52.09466,52.09466,0.67693,0.19369,0.02798,0.0,0.0,0.0,0.72713,1.0,6,6,1,0.67559,0.95246,0.05999,0.8741,0.6052,0.06018,0.82,0.7,0.06,0.9,0.56,0.06,-2.4829,4.58314,-1.27082,-57.98781,-33.5435,64.08707,double_rcm_log_20260616_135653_209.csv,91.4211,Unknown,Task3_Insertion,0.0,0.028798828935313058,0.08104735599106733,0.08104735855489738,0.09993719666517237,0.19038422688384332,52.09493641420434,22.61280596815845,3.9623321527118387,62.85951330990098,4.620498998807247,1.3943933362457794
5.20779,0.01067,93.69317,InsertToTarget,Double,109.8759,0.15127,0.02798,51.36979,51.36979,0.68143,0.19376,0.02798,0.0,0.0,0.0,0.72532,1.0,6,6,1,0.67595,0.95183,0.05999,0.87446,0.60457,0.06018,0.82,0.7,0.06,0.9,0.56,0.06,-2.48649,4.48679,-1.20317,-58.13954,-33.23814,64.1519,double_rcm_log_20260616_135653_209.csv,93.69317,Unknown,Task3_Insertion,0.0,0.028798828935313058,0.08104735599106733,0.08104735855491539,0.09927723005100114,0.1903842268838209,51.369338130834436,22.64052654128656,3.1973915393232146,97.35458452594112,4.665592723884536,1.8183727764284254
5.24037,0.0109,91.77056,InsertToTarget,Double,110.6115,0.1529,0.02798,50.63421,50.63421,0.68599,0.19578,0.02798,0.0,0.0,0.0,0.72348,1.0,6,6,1,0.67631,0.9512,0.05999,0.87483,0.60393,0.06019,0.82,0.7,0.06,0.9,0.56,0.06,-2.49039,4.38948,-1.13545,-58.29328,-32.92636,64.21628,double_rcm_log_20260616_135653_209.csv,91.77056,Unknown,Task3_Insertion,0.0,0.03032577281440976,0.08534457075490837,0.0853445737325363,0.10294294672065975,0.19874219868579907,50.63012838221916,22.64052654128899,2.621165139634106,102.54116980316788,4.716368944036591,2.0192974884848103
5.27249,0.01082,92.38795,InsertToTarget,Double,111.336,0.15256,0.02798,49.90968,49.90968,0.69048,0.19536,0.02798,0.0,0.0,0.0,0.72167,1.0,6,6,1,0.67667,0.95057,0.05999,0.87519,0.6033,0.06019,0.82,0.7,0.06,0.9,0.56,0.06,-2.49467,4.29384,-1.06967,-58.44737,-32.61192,64.28043,double_rcm_log_20260616_135653_209.csv,92.38795,Unknown,Task3_Insertion,0.0,0.03032577281440976,0.08534457075490837,0.0853445737325363,0.10227207472488872,0.19874219868579554,49.90453085642616,22.60095044800349,3.7255033426399375,57.632698752497376,4.775496871620109,1.9252635867060284
5.30458,0.01062,94.15413,InsertToTarget,Double,112.0603,0.15293,0.02798,49.18547,49.18547,0.69498,0.19595,0.02798,0.0,0.0,0.0,0.71986,1.0,6,6,1,0.67703,0.94994,0.05999,0.87555,0.60267,0.06019,0.82,0.7,0.06,0.9,0.56,0.06,-2.49926,4.1986,-1.00472,-58.60178,-32.29456,64.34355,double_rcm_log_20260616_135653_209.csv,94.15413,Unknown,Task3_Insertion,0.0,0.03032577281440976,0.08534457075490837,0.0853445737325363,0.10160989015343393,0.19874219868577508,49.178933497992794,22.49613627028753,3.5559932334416207,85.75586191149749,4.819335329349852,1.6802383386460018
5.33639,0.01053,94.97459,InsertToTarget,Double,112.7783,0.15311,0.02798,48.46742,48.46742,0.69943,0.19608,0.02798,0.0,0.0,0.0,0.71806,1.0,6,6,1,0.67738,0.94931,0.05999,0.8759,0.60205,0.06019,0.82,0.7,0.06,0.9,0.56,0.06,-2.50418,4.10456,-0.94131,-58.75612,-31.97511,64.40579,double_rcm_log_20260616_135653_209.csv,94.97459,Unknown,Task3_Insertion,0.0,0.0305669561842731,0.08602332309388644,0.08602332616247454,0.10153903495814086,0.1998653392816193,48.46698463903025,22.381562275224827,2.1120557974287713,112.29877038210662,4.86003193041653,1.611163793474368
5.36881,0.01073,93.18136,InsertToTarget,Double,113.5098,0.15499,0.02798,47.73597,47.73597,0.70397,0.19837,0.02798,0.0,0.0,0.0,0.71623,1.0,6,6,1,0.67774,0.94868,0.05999,0.87626,0.60142,0.06019,0.82,0.7,0.06,0.9,0.56,0.06,-2.50949,4.00907,-0.87751,-58.91372,-31.6467,64.46799,double_rcm_log_20260616_135653_209.csv,93.18136,Unknown,Task3_Insertion,0.0,0.0305669561842731,0.08602332309388644,0.08602332616247454,0.10088992324776426,0.19986533928161554,47.74138770500907,22.63290063388911,3.582792289037256,59.718064264797746,4.898766328438535,1.7919408396493797
5.40149,0.01063,94.0526,InsertToTarget,Double,114.2475,0.1568,0.02798,46.99828,46.99828,0.70855,0.20085,0.02798,0.0,0.0,0.0,0.71439,1.0,6,6,1,0.67811,0.94803,0.05999,0.87663,0.60077,0.06019,0.82,0.7,0.06,0.9,0.56,0.06,-2.51523,3.91321,-0.81418,-59.0737,-31.31097,64.53002,double_rcm_log_20260616_135653_209.csv,94.0526,Unknown,Task3_Insertion,0.0,0.0305669561842731,0.08602332309388644,0.08602332616247454,0.10042421745035435,0.20025368526331053,46.99346656717291,22.60899231939642,1.929940587376995,53.69924622232001,4.953203202561582,2.321823139215268
5.43398,0.01106,90.40938,InsertToTarget,Double,114.9806,0.15795,0.02798,46.26521,46.26521,0.71309,0.20178,0.02798,0.0,0.0,0.0,0.71256,1.0,6,6,1,0.67847,0.9474,0.05998,0.87699,0.60014,0.06019,0.82,0.7,0.06,0.9,0.56,0.06,-2.52134,3.81842,-0.75245,-59.23406,-30.97203,64.59141,double_rcm_log_20260616_135653_209.csv,90.40938,Unknown,Task3_Insertion,0.0,0.03191333344510234,0.08981237666178692,0.08981238014563207,0.09979046000462423,0.20025368526330642,46.267870061199005,22.50900941013995,0.6835514445702614,33.541810884230735,5.0284005545051444,2.856976028093712
5.46597,0.01101,90.79743,InsertToTarget,Double,115.7023,0.15774,0.02798,45.54346,45.54346,0.71757,0.2014,0.02798,0.0,0.0,0.0,0.71075,1.0,6,6,1,0.67883,0.94677,0.05999,0.87735,0.59951,0.06019,0.82,0.7,0.06,0.9,0.56,0.06,-2.52785,3.72537,-0.69268,-59.39449,-30.63085,64.65209,double_rcm_log_20260616_135653_209.csv,90.79743,Unknown,Task3_Insertion,0.0,0.0305669561842731,0.08602332309388644,0.08602332616247454,0.0991646514145902,0.20025368526333415,45.54227376844504,22.6202126649638,0.26834992806770214,22.267201072657166,5.118287058221133,2.2608293168241542
5.49753,0.0104,96.15457,InsertToTarget,Double,116.4148,0.15659,0.02798,44.83096,44.83096,0.72199,0.20034,0.02798,0.0,0.0,0.0,0.70897,1.0,6,6,1,0.67918,0.94615,0.05999,0.8777,0.59889,0.06019,0.82,0.7,0.06,0.9,0.56,0.06,-2.53475,3.63375,-0.63452,-59.55508,-30.28729,64.71196,double_rcm_log_20260616_135653_209.csv,96.15457,Unknown,Task3_Insertion,0.0,0.0305669561842731,0.08602332309388644,0.08602332616247454,0.09915192659913506,0.20146005521231947,44.830326788904834,22.528517389547794,1.244995865014395,50.53371013842884,5.15385958036787,1.4403058329915837
5.53039,0.01054,94.863,InsertToTarget,Double,117.1564,0.15965,0.02798,44.08944,44.08944,0.72659,0.20426,0.02798,0.0,0.0,0.0,0.70712,1.0,6,6,1,0.67954,0.94551,0.05999,0.87807,0.59825,0.06019,0.82,0.7,0.06,0.9,0.56,0.06,-2.54215,3.53889,-0.57483,-59.72099,-29.92977,64.77177,double_rcm_log_20260616_135653_209.csv,94.863,Unknown,Task3_Insertion,0.0,0.03102219626771204,0.0873044863457377,0.08730448953655504,0.09793629006336273,0.20025368526332657,44.09108186470357,22.55023538215608,3.397007337620942,69.69951004399537,5.181079359839497,1.5444645121675156
5.56326,0.01094,91.42958,InsertToTarget,Double,117.898,0.16134,0.02798,43.34783,43.34783,0.73119,0.20597,0.02798,0.0,0.0,0.0,0.70526,1.0,6,6,1,0.67991,0.94486,0.05998,0.87843,0.5976,0.06019,0.82,0.7,0.06,0.9,0.56,0.06,-2.55002,3.44458,-0.51653,-59.88867,-29.56591,64.83132,double_rcm_log_20260616_135653_209.csv,91.42958,Unknown,Task3_Insertion,0.0,0.03191333344510234,0.08981237666178692,0.08981238014563207,0.09894824461035634,0.20360595427290545,43.348137214879216,22.540073726126213,3.917582527561701,102.3802929724191,5.225242287935609,2.728002578185249
5.59654,0.01157,86.4574,InsertToTarget,Double,118.6488,0.16549,0.02798,42.59709,42.59709,0.73585,0.2104,0.02798,0.0,0.0,0.0,0.70339,1.0,6,6,1,0.68028,0.9442,0.05998,0.8788,0.59695,0.0602,0.82,0.7,0.06,0.9,0.56,0.06,-2.55833,3.3496,-0.45852,-60.05828,-29.19523,64.88983,double_rcm_log_20260616_135653_209.csv,86.4574,Unknown,Task3_Insertion,0.0,0.03350211356018,0.09428361444385776,0.09428361846356134,0.10305292986575701,0.21339742626953562,42.60026408368843,22.587255315756597,3.3601454556370474,150.37618177852718,5.342111536182345,3.670881009188394
5.62873,0.01072,93.28348,InsertToTarget,Double,119.3754,0.16421,0.03426,41.87045,41.87045,0.74036,0.20948,0.03426,0.0,0.0,0.0,0.70157,1.0,6,6,1,0.68064,0.94357,0.05998,0.87917,0.59632,0.0602,0.82,0.7,0.06,0.9,0.56,0.06,-2.56724,3.2578,-0.40367,-60.2289,-28.82059,64.94875,double_rcm_log_20260616_135653_209.csv,93.28348,Unknown,Task3_Insertion,0.0,0.03394397904388096,0.095527138079589,0.09552714230908245,0.10104448379092675,0.21052681174031462,41.869694290739616,22.544716198641364,5.870644622385994,53.31038004036854,5.447074861402988,1.8652282963557196
5.66091,0.01089,91.84904,InsertToTarget,Double,120.1015,0.16464,0.02798,41.14441,41.14441,0.74486,0.20946,0.02798,0.0,0.0,0.0,0.69975,1.0,6,6,1,0.681,0.94294,0.05998,0.87952,0.59569,0.0602,0.82,0.7,0.06,0.9,0.56,0.06,-2.57644,3.16677,-0.35013,-60.39865,-28.44499,65.0057,double_rcm_log_20260616_135653_209.csv,91.84904,Unknown,Task3_Insertion,0.0,0.03350211354930114,0.09428361441324183,0.09428361846356134,0.10180767634266075,0.2133974262695398,41.149076538848384,22.59328780146788,0.6763084472693769,147.78366255601549,5.436287716546112,2.36382182192351
5.6941,0.01177,84.96548,InsertToTarget,Double,120.8503,0.17006,0.03426,40.39566,40.39566,0.74951,0.21512,0.03426,0.0,0.0,0.0,0.69788,1.0,6,6,1,0.68136,0.94229,0.05998,0.87989,0.59503,0.0602,0.82,0.7,0.06,0.9,0.56,0.06,-2.58615,3.07345,-0.29581,-60.57222,-28.05832,65.06158,double_rcm_log_20260616_135653_209.csv,84.96548,Unknown,Task3_Insertion,0.0,0.03368560489137637,0.09480000645910644,0.09480001055914043,0.10223281910397025,0.21563858652850953,40.39248692516958,22.587272363667438,4.104385328573174,53.09268122003461,5.583473177848564,4.201513612460033
5.72512,0.01056,94.72756,InsertToTarget,Double,121.5503,0.16615,0.02798,39.6956,39.6956,0.75385,0.21118,0.02798,0.0,0.0,0.0,0.69613,1.0,6,6,1,0.68171,0.94168,0.05998,0.88024,0.59443,0.0602,0.82,0.7,0.06,0.9,0.56,0.06,-2.59638,2.98633,-0.24672,-60.74363,-27.67482,65.11755,double_rcm_log_20260616_135653_209.csv,94.72756,Unknown,Task3_Insertion,0.0,0.03394397905461821,0.09552713810980641,0.09552714230908245,0.10059215784290094,0.21339742626953112,39.69789037215955,22.493696842986417,2.7943262111065916,74.7032777825222,5.69033034110427,1.5611367067453041
5.75761,0.01069,93.52422,InsertToTarget,Double,122.2833,0.16917,0.02798,38.96265,38.96265,0.7584,0.21478,0.02798,0.0,0.0,0.0,0.6943,1.0,6,6,1,0.68207,0.94104,0.05998,0.8806,0.59379,0.0602,0.82,0.7,0.06,0.9,0.56,0.06,-2.60713,2.89571,-0.19599,-60.91955,-27.27843,65.17214,double_rcm_log_20260616_135653_209.csv,93.52422,Unknown,Task3_Insertion,0.0,0.03394397905461821,0.09552713810980641,0.09552714230908245,0.10082237463225677,0.2151779228023445,38.96362534467241,22.640388973936528,1.3141765661190463,169.42183053055115,5.6440958192541295,1.9644226816222106
5.79097,0.01187,84.25552,InsertToTarget,Double,123.0358,0.17535,0.03426,38.21025,38.21025,0.76307,0.22098,0.02798,0.0,0.0,0.0,0.69242,1.0,6,6,1,0.68244,0.94039,0.05998,0.88097,0.59313,0.0602,0.82,0.7,0.06,0.9,0.56,0.06,-2.61846,2.80344,-0.14525,-61.09917,-26.87081,65.22576,double_rcm_log_20260616_135653_209.csv,84.25552,Unknown,Task3_Insertion,0.0,0.03368560489137637,0.09480000645910644,0.09480001055914043,0.10130336385302652,0.21754221517813324,38.207038618558215,22.568329400153726,8.589907019943222,73.30968513576266,5.79663456146923,7.086139572646749
5.8225,0.01103,90.68471,InsertToTarget,Double,123.7471,0.17333,0.02798,37.49888,37.49888,0.76749,0.21898,0.02798,0.0,0.0,0.0,0.69064,1.0,6,6,1,0.68279,0.93977,0.05998,0.88133,0.59252,0.0602,0.82,0.7,0.06,0.9,0.56,0.06,-2.63039,2.71638,-0.09904,-61.27796,-26.46338,65.27959,double_rcm_log_20260616_135653_209.csv,90.68471,Unknown,Task3_Insertion,0.0,0.03442510326832797,0.09688114594858017,0.09688115033569242,0.0990062571734344,0.21383314847006718,37.49879064716624,22.502485987948972,3.2994690303261267,288.80581380133117,6.077734875900122,3.777682105357492
5.85552,0.00688,145.3176,InsertToTarget,Double,124.4932,0.16956,0.03426,36.75284,36.75284,0.77211,0.22031,0.03426,0.0,0.0,0.0,0.68877,1.0,6,6,1,0.68317,0.93913,0.05999,0.88171,0.59188,0.06021,0.82,0.7,0.06,0.9,0.56,0.06,-2.64408,2.62487,-0.05148,-61.47376,-26.01562,65.33713,double_rcm_log_20260616_135653_209.csv,145.3176,Unknown,Task3_Insertion,0.0,0.03442510325774079,0.09688114591878513,0.09688115033569242,0.10093994754117386,0.21932062935698646,36.75462691961374,22.628453017935097,9.804260119934321,121.7741168993314,6.003257933512952,1.8354875068627763
5.88741,0.01153,86.70573,InsertToTarget,Double,125.2118,0.17349,0.03426,36.03421,36.03421,0.77657,0.21709,0.03426,0.0,0.0,0.0,0.68698,1.0,6,6,1,0.68351,0.9385,0.05998,0.88205,0.59124,0.0602,0.82,0.7,0.06,0.9,0.56,0.06,-2.65635,2.5394,-0.00856,-61.64789,-25.6119,65.38565,double_rcm_log_20260616_135653_209.csv,86.70573,Unknown,Task3_Insertion,0.0,0.0341444786636306,0.09609139581069637,0.09609140008600524,0.09954225913802967,0.2175422151781576,36.030266443644244,22.659444870664736,4.447846099452003,209.71938280540107,5.985612076470795,2.7375115234890544
5.91913,0.01025,97.55572,InsertToTarget,Double,125.9274,0.17614,0.02798,35.31863,35.31863,0.78102,0.2224,0.02798,0.0,0.0,0.0,0.68519,1.0,6,6,1,0.68387,0.93787,0.05998,0.88241,0.59062,0.06021,0.82,0.7,0.06,0.9,0.56,0.06,-2.67001,2.45306,0.03464,-61.83295,-25.18306,65.43574,double_rcm_log_20260616_135653_209.csv,97.55572,Unknown,Task3_Insertion,0.0,0.03574096000652405,0.10058430673435784,0.10058431164704175,0.10234337179001572,0.224944437584035,35.313405386623344,22.49317894604017,3.764991134311206,103.13792370402275,6.1565415970911745,4.95018349068548
5.95194,0.01081,92.47106,InsertToTarget,Double,126.6673,0.18231,0.03426,34.57881,34.57881,0.78561,0.2291,0.03426,0.0,0.0,0.0,0.68334,1.0,6,6,1,0.68423,0.93723,0.05998,0.88277,0.58998,0.06021,0.82,0.7,0.06,0.9,0.56,0.06,-2.68437,2.36489,0.07752,-62.02224,-24.74115,65.48471,double_rcm_log_20260616_135653_209.csv,92.47106,Unknown,Task3_Insertion,0.0,0.03574096000652405,0.10058430673435784,0.10058431164704175,0.10257583506362862,0.2267699613807256,34.5791468952025,22.540330996720122,2.5962618660227266,56.670734035161765,6.287541906781296,5.090110042123796
5.98391,0.0095,105.2984,InsertToTarget,Double,127.3886,0.18247,0.03426,33.85754,33.85754,0.79008,0.23081,0.03426,0.0,0.0,0.0,0.68153,1.0,6,6,1,0.68459,0.9366,0.05998,0.88313,0.58935,0.06021,0.82,0.7,0.06,0.9,0.56,0.06,-2.69967,2.27927,0.11734,-62.21532,-24.28844,65.53426,double_rcm_log_20260616_135653_209.csv,105.2984,Unknown,Task3_Insertion,0.0,0.03574096000652405,0.10058430673435784,0.10058431164704175,0.1019915833905273,0.2267699613807399,33.85355963558339,22.50729540990884,2.6534538052886756,77.13139075288666,6.464736838298083,4.206743428311855
6.01581,0.0095,105.2667,InsertToTarget,Double,128.1082,0.18367,0.03426,33.13801,33.13801,0.79455,0.2317,0.03426,0.0,0.0,0.0,0.67973,1.0,6,6,1,0.68494,0.93597,0.05998,0.88348,0.58873,0.06021,0.82,0.7,0.06,0.9,0.56,0.06,-2.71551,2.19477,0.15516,-62.40908,-23.83131,65.58227,double_rcm_log_20260616_135653_209.csv,105.2667,Unknown,Task3_Insertion,0.0,0.036023247292136254,0.10137873607233361,0.10137874106357751,0.10206448774287347,0.228200316860832,33.14162639340434,22.54481877766304,2.607904960904976,83.32477218084449,6.536442671905819,2.9228017692996504
6.04827,0.00912,109.65,InsertToTarget,Double,128.8404,0.18736,0.03956,32.40583,32.40583,0.79909,0.23663,0.03956,0.0,0.0,0.0,0.6779,1.0,6,6,1,0.6853,0.93534,0.05998,0.88385,0.58809,0.06022,0.82,0.7,0.06,0.9,0.56,0.06,-2.73225,2.10922,0.19251,-62.60813,-23.35938,65.62917,double_rcm_log_20260616_135653_209.csv,109.65,Unknown,Task3_Insertion,0.0,0.03754769260060967,0.10566891889945305,0.10566892458390709,0.10497429484911049,0.2360606180298128,32.40245361079924,22.56663991849909,3.7068866874012443,39.52028382485636,6.628104004363089,2.5562382352629913
6.0805,0.00978,102.2088,InsertToTarget,Double,129.5671,0.19091,0.03956,31.67918,31.67918,0.80361,0.23935,0.03956,0.0,0.0,0.0,0.67608,1.0,6,6,1,0.68565,0.9347,0.05998,0.8842,0.58746,0.06022,0.82,0.7,0.06,0.9,0.56,0.06,-2.7496,2.02524,0.22743,-62.80806,-22.88257,65.67466,double_rcm_log_20260616_135653_209.csv,102.2088,Unknown,Task3_Insertion,0.0,0.03783992966038523,0.1064913494553051,0.10649135527237631,0.10584295171828104,0.2393452607555949,31.681856006237975,22.468517405306468,0.7996455474239981,109.94086943756096,6.673741454523348,2.8739621971967853
6.11401,0.01108,90.28877,InsertToTarget,Double,130.3221,0.20025,0.03956,30.92426,30.92426,0.8083,0.2488,0.03956,0.0,0.0,0.0,0.6742,1.0,6,6,1,0.68602,0.93404,0.05998,0.88457,0.5868,0.06023,0.82,0.7,0.06,0.9,0.56,0.06,-2.76798,1.93858,0.26274,-63.01491,-22.38672,65.71855,double_rcm_log_20260616_135653_209.csv,90.28877,Unknown,Task3_Insertion,0.0,0.03914585035675659,0.11016654751218172,0.11016655397792914,0.11034619725001013,0.25098574890590675,30.925358526620162,22.605400250751753,4.156842734969609,41.404282274914124,6.793659975174757,6.867104460694044
6.14706,0.01154,86.67895,InsertToTarget,Double,131.0674,0.20666,0.03956,30.17914,30.17914,0.81293,0.25542,0.03426,0.0,0.0,0.0,0.67233,1.0,6,6,1,0.68638,0.93339,0.05997,0.88494,0.58615,0.06023,0.82,0.7,0.06,0.9,0.56,0.06,-2.7874,1.85375,0.2952,-63.22602,-21.87835,65.76205,double_rcm_log_20260616_135653_209.csv,86.67895,Unknown,Task3_Insertion,0.0,0.0409618685132079,0.11527729144450102,0.1152772988071382,0.10993468551172543,0.25148482138020806,30.177458474828473,22.64904467483366,2.812781233640125,107.1465243724164,7.109523734708946,7.918147232061804
6.17847,0.01112,89.93008,InsertToTarget,Double,131.7757,0.20565,0.03956,29.47085,29.47085,0.81732,0.25419,0.03956,0.0,0.0,0.0,0.67056,1.0,6,6,1,0.68673,0.93277,0.05997,0.88529,0.58553,0.06023,0.82,0.7,0.06,0.9,0.56,0.06,-2.8076,1.77389,0.32299,-63.43719,-21.36762,65.80527,double_rcm_log_20260616_135653_209.csv,89.93008,Unknown,Task3_Insertion,0.0,0.0409618685132079,0.11527729144450102,0.11527729880717832,0.11000500771041899,0.25301261750234383,29.465537497218627,22.54311097131547,3.041427704233839,113.39536198985496,7.291973989795102,4.8478414480061645
6.21062,0.01124,88.94581,InsertToTarget,Double,132.5004,0.21019,0.03956,28.74618,28.74618,0.82182,0.25874,0.03956,0.0,0.0,0.0,0.66875,1.0,6,6,1,0.68708,0.93214,0.05997,0.88564,0.5849,0.06023,0.82,0.7,0.06,0.9,0.56,0.06,-2.82864,1.69281,0.35037,-63.65253,-20.8443,65.84598,double_rcm_log_20260616_135653_209.csv,88.94581,Unknown,Task3_Insertion,0.0,0.0409618685132079,0.11527729144450102,0.11527729880717832,0.11102364139195767,0.2567519005996864,28.74495607928454,22.528053157507852,4.790147211149871,51.072305473055984,7.395967819838262,5.628162129538415
6.24327,0.01031,96.99342,InsertToTarget,Double,133.2364,0.21471,0.03956,28.01027,28.01027,0.82639,0.26562,0.03956,0.0,0.0,0.0,0.66691,1.0,6,6,1,0.68744,0.9315,0.05997,0.88601,0.58426,0.06024,0.82,0.7,0.06,0.9,0.56,0.06,-2.85124,1.61111,0.37611,-63.87708,-20.2964,65.88592,double_rcm_log_20260616_135653_209.csv,96.99342,Unknown,Task3_Insertion,0.0,0.04278482415868321,0.12040755914550119,0.12040756754801119,0.11359785725573603,0.2641706907402265,28.00580832613119,22.514090040546936,2.1840178483550328,125.38310245961806,7.638562593390047,5.091737540043452
6.27468,0.01037,96.40839,InsertToTarget,Double,133.9444,0.21602,0.04423,27.30235,27.30235,0.83079,0.26612,0.04423,0.0,0.0,0.0,0.66514,1.0,6,6,1,0.68779,0.93088,0.05997,0.88636,0.58365,0.06024,0.82,0.7,0.06,0.9,0.56,0.06,-2.8744,1.53369,0.39763,-64.10013,-19.74952,65.92451,double_rcm_log_20260616_135653_209.csv,96.40839,Unknown,Task3_Insertion,0.0,0.04309449868721563,0.12127906318547993,0.12127907177139176,0.1127807269224496,0.26365478594906616,27.30255848817098,22.48976080272277,4.588343034611505,101.70898954265456,7.707465391060268,3.2826850396195733
6.30795,0.01152,86.81984,InsertToTarget,Double,134.6935,0.22776,0.04423,26.5534,26.5534,0.83545,0.27786,0.03956,0.0,0.0,0.0,0.66326,1.0,6,6,1,0.68814,0.93022,0.05996,0.88672,0.58299,0.06025,0.82,0.7,0.06,0.9,0.56,0.06,-2.89884,1.45228,0.42016,-64.33177,-19.17923,65.95986,double_rcm_log_20260616_135653_209.csv,86.81984,Unknown,Task3_Insertion,0.0,0.046213775667498146,0.1300575133876949,0.13005752400946327,0.11871202120993371,0.27907815282574683,26.551101672058724,22.53669538104404,5.060793471462998,93.3289025681348,7.824304267516723,9.347161284031351
6.34084,0.01115,89.65453,InsertToTarget,Double,135.4341,0.23583,0.04423,25.81291,25.81291,0.84005,0.28749,0.04423,0.0,0.0,0.0,0.66141,1.0,6,6,1,0.6885,0.92957,0.05996,0.88709,0.58235,0.06026,0.82,0.7,0.06,0.9,0.56,0.06,-2.92491,1.37261,0.43939,-64.57123,-18.58768,65.99452,double_rcm_log_20260616_135653_209.csv,89.65453,Unknown,Task3_Insertion,0.0,0.04837139697937975,0.13612961620597308,0.1361296283446452,0.12119878967019142,0.2864880182754247,25.811977839754906,22.490390731661517,2.407949898989754,189.64179831736,8.30365596686505,10.820609807962276
6.3727,0.01026,97.45264,InsertToTarget,Double,136.1525,0.23479,0.04846,25.09465,25.09465,0.84451,0.28841,0.04846,0.0,0.0,0.0,0.65961,1.0,6,6,1,0.68885,0.92895,0.05996,0.88745,0.58173,0.06026,0.82,0.7,0.06,0.9,0.56,0.06,-2.95295,1.29662,0.45322,-64.81984,-17.97125,66.02978,double_rcm_log_20260616_135653_209.csv,97.45264,Unknown,Task3_Insertion,0.0,0.04895425299301498,0.13776992331309823,0.13776993590150496,0.1196987869209138,0.28444007074632477,25.09507919891862,22.479511633680964,7.26098407789105,77.06468368784856,8.514175413897256,3.6391353186590165
6.40518,0.01043,95.87471,InsertToTarget,Double,136.8835,0.24418,0.04846,24.36381,24.36381,0.84906,0.2969,0.04846,0.0,0.0,0.0,0.65779,1.0,6,6,1,0.6892,0.9283,0.05995,0.8878,0.58109,0.06027,0.82,0.7,0.06,0.9,0.56,0.06,-2.98138,1.22024,0.46642,-65.06769,-17.35401,66.06023,double_rcm_log_20260616_135653_209.csv,95.87471,Unknown,Task3_Insertion,0.0,0.051815868193305345,0.14582324612123992,0.14582326102593418,0.12525275236878503,0.29923235119217917,24.365980382492253,22.526414571293394,2.4587880481768116,152.96997448910528,8.501359444756748,5.338930224136239
6.43867,0.01039,96.22223,InsertToTarget,Double,137.6364,0.25795,0.05234,23.61115,23.61115,0.85375,0.3125,0.05234,0.0,0.0,0.0,0.6559,1.0,6,6,1,0.68956,0.92764,0.05995,0.88817,0.58043,0.06028,0.82,0.7,0.06,0.9,0.56,0.06,-3.01174,1.14197,0.47874,-65.32705,-16.70654,66.0879,double_rcm_log_20260616_135653_209.csv,96.22223,Unknown,Task3_Insertion,0.0,0.05366402763273438,0.15102444298918613,0.1510244595492475,0.12943436348344006,0.31093160266924613,23.609578564641893,22.49448288327225,2.8673873689500926,13.434408840840106,8.852700564490522,10.39314448029955
6.47146,0.01001,99.93676,InsertToTarget,Double,138.3743,0.26549,0.05234,22.87347,22.87347,0.85834,0.32216,0.05234,0.0,0.0,0.0,0.65405,1.0,6,6,1,0.68991,0.92699,0.05994,0.88853,0.57979,0.06029,0.82,0.7,0.06,0.9,0.56,0.06,-3.04435,1.0668,0.48572,-65.59701,-16.03041,66.11485,double_rcm_log_20260616_135653_209.csv,99.93676,Unknown,Task3_Insertion,0.0,0.05711435275459012,0.1607345464842716,0.16073456645960638,0.13336955317305282,0.32209410951554895,22.875513108999293,22.517418175021103,2.3525514722433893,93.65510207752918,9.171771277228205,7.973225598674429
6.50548,0.01044,95.80448,InsertToTarget,Double,139.1385,0.27912,0.05935,22.10964,22.10964,0.8631,0.33679,0.05935,0.0,0.0,0.0,0.65214,1.0,6,6,1,0.69027,0.92632,0.05993,0.88891,0.57912,0.0603,0.82,0.7,0.06,0.9,0.56,0.06,-3.07913,0.99012,0.49058,-65.87922,-15.32143,66.13828,double_rcm_log_20260616_135653_209.csv,95.80448,Unknown,Task3_Insertion,0.0,0.06082450975899239,0.17117588316298826,0.1711759072839074,0.13678600010783978,0.33218391569456435,22.105485744493325,22.499478094038782,4.117549089346291,53.384320124106786,9.356972515351112,8.009396263471537
6.54012,0.01072,93.28059,InsertToTarget,Double,139.9164,0.29498,0.06256,21.33215,21.33215,0.86795,0.3539,0.06256,0.0,0.0,0.0,0.65019,1.0,6,6,1,0.69063,0.92563,0.05992,0.88928,0.57844,0.06032,0.82,0.7,0.06,0.9,0.56,0.06,-3.11642,0.91347,0.49193,-66.17487,-14.57671,66.15833,double_rcm_log_20260616_135653_209.csv,93.28059,Unknown,Task3_Insertion,0.0,0.06552953082677153,0.184417022322353,0.18441705248095747,0.1462815914927971,0.3572200356169626,21.332004125257377,22.327703726516436,1.8826249568191387,78.768106660747,9.699740864506149,11.6031598692473
6.57466,0.01144,87.43039,InsertToTarget,Double,140.6911,0.31049,0.06853,20.55783,20.55783,0.87279,0.36953,0.06853,0.0,0.0,0.0,0.64825,1.0,6,6,1,0.69099,0.92494,0.05991,0.88966,0.57777,0.06033,0.82,0.7,0.06,0.9,0.56,0.06,-3.15604,0.83872,0.48874,-66.48161,-13.80213,66.1752,double_rcm_log_20260616_135653_209.csv,87.43039,Unknown,Task3_Insertion,0.0,0.06996188376840505,0.19689080212338228,0.19689083881443842,0.14958068267101926,0.36728735344415303,20.56203783675146,22.457114075727006,1.8738515907190996,14.062205573403123,10.138711716406752,11.009312469461259
6.60912,0.01142,87.54115,InsertToTarget,Double,141.4636,0.32532,0.07402,19.78581,19.78581,0.87761,0.38621,0.07402,0.0,0.0,0.0,0.64632,1.0,6,6,1,0.69134,0.92425,0.0599,0.89004,0.57709,0.06035,0.82,0.7,0.06,0.9,0.56,0.06,-3.19844,0.76561,0.48104,-66.80211,-12.99145,66.18816,double_rcm_log_20260616_135653_209.csv,87.54115,Unknown,Task3_Insertion,0.0,0.07594057735943428,0.21371637986955822,0.21371642680623318,0.15736053013673681,0.3885297731389212,19.78363465089257,22.456590902812085,1.686893758368181,82.54631839733841,10.438183416213999,12.620563654690022
6.64445,0.01312,76.21257,InsertToTarget,Double,142.2536,0.34718,0.08156,18.99636,18.99636,0.88256,0.40567,0.08156,0.0,0.0,0.0,0.64434,1.0,6,6,1,0.69169,0.92354,0.05988,0.89042,0.5764,0.06036,0.82,0.7,0.06,0.9,0.56,0.06,-3.24312,0.69249,0.46996,-67.13418,-12.15002,66.19543,double_rcm_log_20260616_135653_209.csv,76.21257,Unknown,Task3_Insertion,0.0,0.08233946772617062,0.23172449657152602,0.23172455639966832,0.16230987884947032,0.40298119826345974,18.99647335691548,22.366554223677912,4.629539046419403,37.181020905504504,11.003569719708045,17.23928847294939
6.67802,0.01156,86.50961,InsertToTarget,Double,143.0046,0.35899,0.08847,18.24595,18.24595,0.88726,0.4212,0.08847,0.0,0.0,0.0,0.64246,1.0,6,6,1,0.69204,0.92287,0.05986,0.8908,0.57575,0.06038,0.82,0.7,0.06,0.9,0.56,0.06,-3.29084,0.62499,0.45182,-67.47911,-11.27523,66.19879,double_rcm_log_20260616_135653_209.csv,86.50961,Unknown,Task3_Insertion,0.0,0.0899665936040262,0.25318917884564407,0.2531892568734537,0.16739108051538018,0.41779641711466664,18.244092194461132,22.33570088188223,1.4654313814635203,72.22076646252376,11.60295244807478,12.923265246721378
6.71205,0.01147,87.17025,InsertToTarget,Double,143.7637,0.37536,0.09891,17.48748,17.48748,0.89202,0.43872,0.09891,0.0,0.0,0.0,0.64055,1.0,6,6,1,0.69237,0.92219,0.05983,0.89117,0.57509,0.06039,0.82,0.7,0.06,0.9,0.56,0.06,-3.34098,0.55819,0.43024,-67.83607,-10.36942,66.19541,double_rcm_log_20260616_135653_209.csv,87.17025,Unknown,Task3_Insertion,0.0,0.09831887756981952,0.2766946362223011,0.2766947380731224,0.17116329931380023,0.4294719476824587,17.48797015093513,22.29394874151334,3.233129589408301,86.1774211969558,11.848086733365891,10.66647310858441
6.74652,0.01173,85.27805,InsertToTarget,Double,144.5304,0.39621,0.10835,16.72156,16.72156,0.89685,0.45906,0.10835,0.0,0.0,0.0,0.63863,1.0,6,6,1,0.6927,0.92149,0.0598,0.89155,0.57442,0.06041,0.82,0.7,0.06,0.9,0.56,0.06,-3.39357,0.4926,0.40442,-68.20518,-9.43256,66.18377,double_rcm_log_20260616_135653_209.csv,85.27805,Unknown,Task3_Insertion,0.0,0.10902367953971735,0.30682067061959106,0.3068208094838184,0.17787916683849808,0.44871440291641485,16.718462848001334,22.165999088760895,5.385727877729644,70.07795249363537,12.30120272453889,14.029822175697065
6.78016,0.0115,86.98247,InsertToTarget,Double,145.2769,0.41265,0.12033,15.97582,15.97582,0.90156,0.47622,0.12033,0.0,0.0,0.0,0.63675,1.0,6,6,1,0.69301,0.92081,0.05976,0.89192,0.57378,0.06043,0.82,0.7,0.06,0.9,0.56,0.06,-3.44859,0.43109,0.37284,-68.58508,-8.46853,66.16461,double_rcm_log_20260616_135653_209.csv,86.98247,Unknown,Task3_Insertion,0.0,0.12211583886457962,0.3436653209243866,0.3436655160601446,0.18364136979094198,0.465619521134523,15.97997809760692,22.136580408645276,3.71263654823439,65.19502549645388,12.769700157388296,8.908314933358623
6.81395,0.01117,89.49176,InsertToTarget,Double,146.0236,0.42903,0.13706,15.22994,15.22994,0.90629,0.49395,0.13706,0.0,0.0,0.0,0.63488,1.0,6,6,1,0.69332,0.92013,0.0597,0.8923,0.57313,0.06045,0.82,0.7,0.06,0.9,0.56,0.06,-3.50578,0.37216,0.33592,-68.97573,-7.4778,66.13489,double_rcm_log_20260616_135653_209.csv,89.49176,Unknown,Task3_Insertion,0.0,0.1378277028932135,0.3878824595226113,0.387882740103043,0.18890765482441996,0.48145452696851043,15.227915156054685,22.143716750494015,8.618523077842264,157.46929388261177,12.83777404871955,5.679850837496917
6.84882,0.01159,86.29557,InsertToTarget,Double,146.7903,0.44988,0.15702,14.46425,14.46425,0.91117,0.51379,0.15702,0.0,0.0,0.0,0.63295,1.0,6,6,1,0.69362,0.91941,0.05963,0.89269,0.57247,0.06047,0.82,0.7,0.06,0.9,0.56,0.06,-3.56428,0.31374,0.29571,-69.37413,-6.46882,66.09222,double_rcm_log_20260616_135653_209.csv,86.29557,Unknown,Task3_Insertion,0.0,0.15761207404530062,0.4435606159419702,0.4435610355135721,0.1937894893522172,0.49648921283503433,14.462292349416813,21.88531667648822,14.16719163972116,73.77167168553449,13.025426581091653,5.095208632258275
6.88206,0.01143,87.52502,InsertToTarget,Double,147.5176,0.4607,0.18023,13.73768,13.73768,0.91582,0.52675,0.18023,0.0,0.0,0.0,0.63111,1.0,6,6,1,0.69389,0.91873,0.05955,0.89308,0.57186,0.06049,0.82,0.7,0.06,0.9,0.56,0.06,-3.62284,0.26194,0.24974,-69.76994,-5.4678,66.0398,double_rcm_log_20260616_135653_209.csv,87.52502,Unknown,Task3_Insertion,0.0,0.18149782018485677,0.5107809937462992,0.5107816344242401,0.19632181876975208,0.5054548598882271,13.739945414738738,21.73687553101477,9.992909950523243,88.37256426637006,12.997316213481808,13.82513314952246
6.91609,0.01091,91.69537,InsertToTarget,Double,148.2578,0.47035,0.20842,12.99827,12.99827,0.92059,0.54192,0.20842,0.0,0.0,0.0,0.62924,1.0,6,6,1,0.69416,0.91803,0.05945,0.89348,0.57124,0.0605,0.82,0.7,0.06,0.9,0.56,0.06,-3.67976,0.21091,0.20327,-70.15801,-4.48871,65.97319,double_rcm_log_20260616_135653_209.csv,91.69537,Unknown,Task3_Insertion,0.0,0.2079198093529441,0.5851388807609774,0.585139843964349,0.1959680318186886,0.5070639468093231,13.003768684500573,21.798264349654374,11.007126037177335,124.92850998788357,12.14343133656435,23.458682064101534
6.95165,0.01339,74.67982,InsertToTarget,Double,149.0256,0.48821,0.24147,12.23109,12.23109,0.92557,0.55554,0.24147,0.0,0.0,0.0,0.6273,1.0,6,6,1,0.69441,0.91729,0.05932,0.89391,0.57059,0.06051,0.82,0.7,0.06,0.9,0.56,0.06,-3.73274,0.16038,0.15667,-70.52705,-3.55968,65.89222,double_rcm_log_20260616_135653_209.csv,74.67982,Unknown,Task3_Insertion,0.0,0.24239271373870766,0.6821538067030831,0.6821553328184616,0.19649645053415357,0.5110983647611719,12.226867955449599,21.727483413740902,17.521438445645586,82.14440645563795,11.426070057548948,24.124943780747113
6.98487,0.01288,77.64021,InsertToTarget,Double,149.7395,0.48937,0.27906,11.51838,11.51838,0.93022,0.58056,0.27906,0.0,0.0,0.0,0.62549,1.0,6,6,1,0.69465,0.9166,0.05918,0.89433,0.57001,0.06052,0.82,0.7,0.06,0.9,0.56,0.06,-3.78057,0.11689,0.1091,-70.86447,-2.71237,65.80311,double_rcm_log_20260616_135653_209.csv,77.64021,Unknown,Task3_Insertion,0.0,0.2790431514375882,0.7852965560062963,0.7852988843253408,0.1996603786895676,0.5218089836181516,11.516049669917198,21.529107269773696,15.311551555686485,106.09233767550683,10.557759815282363,39.770390470548804
7.01845,0.01263,79.18326,InsertToTarget,Double,150.4574,0.49616,0.32021,10.80224,10.80224,0.93492,0.61562,0.32021,0.0,0.0,0.0,0.62367,1.0,6,6,1,0.69487,0.9159,0.05902,0.89476,0.56943,0.06052,0.82,0.7,0.06,0.9,0.56,0.06,-3.8206,0.07595,0.06317,-71.15981,-1.97203,65.70471,double_rcm_log_20260616_135653_209.csv,79.18326,Unknown,Task3_Insertion,0.0,0.3200350499641826,0.9006567905455166,0.9006603030821306,0.20402206742127996,0.5357611408080919,10.80059720571039,21.42610488554098,14.222208520280931,167.74509560726804,8.810076873396095,50.56743181530902
7.05415,0.01265,79.07339,InsertToTarget,Double,151.2168,0.51076,0.36797,10.04661,10.04661,0.93992,0.67834,0.36797,0.0,0.0,0.0,0.62174,1.0,6,6,1,0.6951,0.91516,0.05884,0.89523,0.56883,0.06053,0.82,0.7,0.06,0.9,0.56,0.06,-3.85127,0.03144,0.02597,-71.40723,-1.35335,65.59618,double_rcm_log_20260616_135653_209.csv,79.07339,Unknown,Task3_Insertion,0.0,0.36786108387185235,1.0352492010157215,1.0352545353376463,0.22035607525208548,0.5815549448213081,10.050009950243762,21.419135368675455,11.508948662532402,158.79472984753073,7.125734514515621,44.87532836308755
7.08789,0.01174,85.15836,InsertToTarget,Double,151.9318,0.52293,0.41684,9.3378,9.3378,0.94464,0.76219,0.41684,0.0,0.0,0.0,0.61993,1.0,6,6,1,0.69531,0.91445,0.05866,0.89569,0.56827,0.06055,0.82,0.7,0.06,0.9,0.56,0.06,-3.87325,-0.00701,-0.00981,-71.60234,-0.8651,65.48746,double_rcm_log_20260616_135653_209.csv,85.15836,Unknown,Task3_Insertion,0.0,0.41819757342545893,1.1769057751370127,1.1769136125371344,0.24809580328100203,0.6578589982195631,9.34192164385895,21.51508848337254,5.691673282743842,173.95465821156083,5.756686594316097,47.20747951357421
7.12125,0.01067,93.74153,InsertToTarget,Double,152.6367,0.54247,0.4673,8.64244,8.64244,0.94931,0.86351,0.4673,0.0,0.0,0.0,0.61813,1.0,6,6,1,0.69551,0.91375,0.05849,0.89614,0.56771,0.06057,0.82,0.7,0.06,0.9,0.56,0.06,-3.88658,-0.04644,-0.03611,-71.74758,-0.50215,65.38075,double_rcm_log_20260616_135653_209.csv,93.74153,Unknown,Task3_Insertion,0.0,0.4671289136331936,1.3146071187193815,1.3146180416036777,0.27823146009683025,0.7412141806107649,8.641099467081704,21.49717169553018,5.0325083189295,479.45608407757,4.070017144809657,46.40777689277774
7.15562,0.01128,88.6278,InsertToTarget,Double,153.3626,0.57133,0.51889,7.92903,7.92903,0.95412,0.96784,0.51889,0.0,0.0,0.0,0.61629,1.0,6,6,1,0.69573,0.91304,0.05828,0.89662,0.56715,0.06057,0.82,0.7,0.06,0.9,0.56,0.06,-3.888,-0.08728,-0.05382,-71.83495,-0.28057,65.27446,double_rcm_log_20260616_135653_209.csv,88.6278,Unknown,Task3_Insertion,0.0,0.5194459724431943,1.4618354030419973,1.4618504222751476,0.3126510791514586,0.8368631907306858,7.929173979677845,21.346399328303416,27.830736740943042,217.34681014971858,2.8065976630437617,25.732080206038827
7.18927,0.01047,95.46818,InsertToTarget,Double,154.0697,0.61148,0.57027,7.23967,7.23967,0.95883,1.08486,0.57027,0.0,0.0,0.0,0.61449,1.0,6,6,1,0.69591,0.91232,0.05812,0.89705,0.56658,0.06063,0.82,0.7,0.06,0.9,0.56,0.06,-3.888,-0.12669,-0.07075,-71.89824,-0.12137,65.17,double_rcm_log_20260616_135653_209.csv,95.46818,Unknown,Task3_Insertion,0.0,0.5717287233919565,1.6089659221486754,1.6089859482382372,0.351126514561758,0.9441919622292966,7.238494318571991,21.198213096634433,19.33963571396358,389.16643419553816,2.4656738873137987,6.644969139182851
7.22294,0.01067,93.69859,InsertToTarget,Double,154.7756,0.65325,0.6215,6.55713,6.55713,0.96355,1.20386,0.6215,0.0,0.0,0.0,0.61269,1.0,6,6,1,0.69609,0.91161,0.05797,0.89747,0.56601,0.06069,0.82,0.7,0.06,0.9,0.56,0.06,-3.888,-0.16872,-0.0829,-71.96078,0.03415,65.06721,double_rcm_log_20260616_135653_209.csv,93.69859,Unknown,Task3_Insertion,0.0,0.6215913038752856,1.74928451772819,1.749310253689319,0.38694018674040204,1.0452485902332302,6.5572173976466335,21.09863245403113,2.5235772750784324,300.06683013312335,2.4202053685507647,1.211661666023298
7.25937,0.0118,84.74332,InsertToTarget,Double,155.5378,0.70831,0.67609,5.82605,5.82605,0.96865,1.32324,0.67609,0.0,0.0,0.0,0.61075,1.0,6,6,1,0.69628,0.91083,0.05781,0.89792,0.56539,0.06075,0.82,0.7,0.06,0.9,0.56,0.06,-3.888,-0.21632,-0.0921,-72.02767,0.19898,64.95887,double_rcm_log_20260616_135653_209.csv,84.74332,Unknown,Task3_Insertion,0.0,0.6754171621320388,1.9007547076135753,1.9007877248929952,0.4226455182832207,1.1473212949501663,5.825890489873522,21.065546707159506,4.10855542021669,84.0097441153865,2.413943974137533,0.41956569719876546
7.29242,0.01102,90.76215,InsertToTarget,Double,156.2268,0.74936,0.72685,5.1783,5.1783,0.97327,1.44581,0.72685,0.0,0.0,0.0,0.60899,1.0,6,6,1,0.69645,0.91013,0.05766,0.89834,0.56484,0.06082,0.82,0.7,0.06,0.9,0.56,0.06,-3.888,-0.25724,-0.10426,-72.08888,0.34981,64.85695,double_rcm_log_20260616_135653_209.csv,90.76215,Unknown,Task3_Insertion,0.0,0.7277167478447446,2.0479282411494215,2.04796953748566,0.4630525530841974,1.2625590618324962,5.1820459280094715,21.024808932512393,3.9401568689518873,82.74663136756834,2.4065540729368737,0.5073468113198629
7.32729,0.01205,82.99058,InsertToTarget,Double,156.9525,0.80203,0.77984,4.50857,4.50857,0.97816,1.56607,0.77984,0.0,0.0,0.0,0.60714,1.0,6,6,1,0.69662,0.90939,0.0575,0.89877,0.56425,0.06088,0.82,0.7,0.06,0.9,0.56,0.06,-3.888,-0.30218,-0.11381,-72.15251,0.50542,64.752,double_rcm_log_20260616_135653_209.csv,82.99058,Unknown,Task3_Insertion,0.0,0.7809847607489923,2.197825220276073,2.197876265067354,0.4975217767053765,1.3628482617721078,4.511075259846587,21.02254604726815,1.1719630424584033,151.08320506162224,2.385847501366152,0.4990241317459681
7.36211,0.01163,85.96879,InsertToTarget,Double,157.6755,0.85382,0.83275,3.86551,3.86551,0.98303,1.69036,0.83275,0.0,0.0,0.0,0.60529,1.0,6,6,1,0.6968,0.90866,0.05735,0.8992,0.56366,0.06094,0.82,0.7,0.06,0.9,0.56,0.06,-3.888,-0.34555,-0.12586,-72.21616,0.66075,64.64547,double_rcm_log_20260616_135653_209.csv,85.96879,Unknown,Task3_Insertion,0.0,0.8318274054414464,2.3408954071739045,2.340957084104167,0.5316838381013087,1.463166219065804,3.8625380257027913,20.99352591935717,6.826392146244441,83.40640861126535,2.380297888323653,0.4380704900392769
7.39635,0.01196,83.58323,InsertToTarget,Double,158.3843,0.90299,0.88559,3.27334,3.27334,0.98783,1.81803,0.88559,0.0,0.0,0.0,0.60348,1.0,6,6,1,0.69697,0.90793,0.0572,0.89963,0.56309,0.06101,0.82,0.7,0.06,0.9,0.56,0.06,-3.888,-0.38976,-0.13473,-72.2784,0.81163,64.54121,double_rcm_log_20260616_135653_209.csv,83.58323,Unknown,Task3_Insertion,0.0,0.8856801397376739,2.492433913471689,2.4925083614686097,0.5706759212253516,1.577531664926611,3.2718649116367162,20.911467132404088,5.409996432798363,995.7169812142475,2.3763586130530308,0.548912330095065
7.42963,0.01137,87.94496,InsertToTarget,Double,159.0717,0.94692,0.93816,2.76111,2.76111,0.99249,1.95008,0.93816,0.0,0.0,0.0,0.60172,1.0,6,6,1,0.69713,0.90723,0.05705,0.90005,0.56254,0.06107,0.82,0.7,0.06,0.9,0.56,0.06,-3.888,-0.43187,-0.14475,-72.3391,0.95828,64.4381,double_rcm_log_20260616_135653_209.csv,87.94496,Unknown,Task3_Insertion,0.0,0.938078309586072,2.6398772465025138,2.639965704845293,0.6074623960673927,1.6865011573806123,2.7566283753890253,20.735529562139156,67.43502014625817,3036.99783957887,2.3603733939309652,7.364578003243415
7.46515,0.01189,84.0882,InsertToTarget,Double,159.8033,1.00213,0.99308,2.31571,2.31571,0.99746,2.08325,0.99308,0.0,0.0,0.0,0.59985,1.0,6,6,1,0.69731,0.90648,0.0569,0.90049,0.56196,0.06114,0.82,0.7,0.06,0.9,0.56,0.06,-3.888,-0.47866,-0.15195,-72.40294,1.11157,64.33058,double_rcm_log_20260616_135653_209.csv,84.0882,Unknown,Task3_Insertion,0.0,0.9925261072871032,2.7930856913618274,2.79319046365775,0.6467689184646704,1.8037861889327447,2.319762918920777,16.024553407881378,218.13367129267456,2347.3800202467937,1.8391410028173834,24.56641095896115
7.49854,0.00948,105.4472,Done,Double,160.1767,1.00531,1.02603,2.18618,2.18618,1.0,2.18618,1.02603,0.0,0.0,0.0,0.59889,1.0,6,6,1,0.6974,0.9061,0.05682,0.90075,0.56167,0.06119,0.82,0.7,0.06,0.9,0.56,0.06,-3.888,-0.49891,-0.16212,-72.43731,1.19523,64.26799,double_rcm_log_20260616_135653_209.csv,105.4472,Unknown,Task3_Insertion,0.0,1.0256828703342258,2.8863829323561228,2.886498559394999,0.6792412917595028,1.8988717297789925,2.183460556089778,6.0875281291931405,236.0226682227323,1787.2474186789216,0.7107272379059415,27.063426359952384
7.53437,0.0125,79.97655,Done,Double,160.1767,1.00531,1.02603,2.18618,2.18618,1.0,2.18618,1.02603,0.0,0.0,0.0,0.59889,1.0,6,6,1,0.6974,0.9061,0.05682,0.90075,0.56167,0.06119,0.82,0.7,0.06,0.9,0.56,0.06,-3.888,-0.49891,-0.16212,-72.43731,1.19523,64.26799,double_rcm_log_20260616_135653_209.csv,79.97655,Unknown,Task3_Insertion,0.0,1.0256828703342258,2.8863829323561228,2.886498559394999,0.6792412917595028,1.8988717297789925,2.183460556089778,2.5219419200973695e-12,83.9425567393206,3310.7326023497003,4.680210090763085e-14,9.800408347684659
7.56936,0.01443,69.3104,Done,Double,160.1767,1.00531,1.02603,2.18618,2.18618,1.0,2.18618,1.02603,0.0,0.0,0.0,0.59889,1.0,6,6,1,0.6974,0.9061,0.05682,0.90075,0.56167,0.06119,0.82,0.7,0.06,0.9,0.56,0.06,-3.888,-0.49891,-0.16212,-72.43731,1.19523,64.26799,double_rcm_log_20260616_135653_209.csv,69.3104,Unknown,Task3_Insertion,0.0,1.0256828703342258,2.8863829323561228,2.886498559394999,0.6792412917595028,1.8988717297789925,2.183460556089778,1.7763568394002505e-12,3.358647078450124e-11,1345.6804614335165,9.287027214193728e-14,9.444537621890377e-13
7.61406,0.03428,29.16964,Done,Double,160.1767,1.00531,1.02603,2.18618,2.18618,1.0,2.18618,1.02603,0.0,0.0,0.0,0.59889,1.0,6,6,1,0.6974,0.9061,0.05682,0.90075,0.56167,0.06119,0.82,0.7,0.06,0.9,0.56,0.06,-3.888,-0.49891,-0.16212,-72.43731,1.19523,64.26799,double_rcm_log_20260616_135653_209.csv,29.16964,Unknown,Task3_Insertion,0.0,1.0256828703342258,2.8863829323561228,2.886498559394999,0.6792412917595028,1.8988717297789925,2.183460556089778,0.0,1.5959649240363583e-11,1.1915203076698791e-09,0.0,1.2467834643812747e-12
7.64406,0.00539,185.5446,Done,Double,160.1767,1.00531,1.02603,2.18618,2.18618,1.0,2.18618,1.02603,0.0,0.0,0.0,0.59889,1.0,6,6,1,0.6974,0.9061,0.05682,0.90075,0.56167,0.06119,0.82,0.7,0.06,0.9,0.56,0.06,-3.888,-0.49891,-0.16212,-72.43731,1.19523,64.26799,double_rcm_log_20260616_135653_209.csv,185.5446,Unknown,Task3_Insertion,0.0,1.0256828703342258,2.8863829323561228,2.886498559394999,0.6792412917595028,1.8988717297789925,2.183460556089778,0.0,3.879165930440785e-11,3.2396707367619154e-10,4.6527043756765734e-14,1.5688237170496793e-12
7.67564,0.01342,74.52534,Done,Double,160.1767,1.00531,1.02603,2.18618,2.18618,1.0,2.18618,1.02603,0.0,0.0,0.0,0.59889,1.0,6,6,1,0.6974,0.9061,0.05682,0.90075,0.56167,0.06119,0.82,0.7,0.06,0.9,0.56,0.06,-3.888,-0.49891,-0.16212,-72.43731,1.19523,64.26799,double_rcm_log_20260616_135653_209.csv,74.52534,Unknown,Task3_Insertion,0.0,1.0256828703342258,2.8863829323561228,2.886498559394999,0.6792412917595028,1.8988717297789925,2.183460556089778,2.5146000066436358e-12,3.3563066282963835e-11,1.285146647403862e-09,1.038327044569197e-13,2.0647987500717936e-13
7.7087,0.01114,89.77145,Done,Double,160.1767,1.00531,1.02603,2.18618,2.18618,1.0,2.18618,1.02603,0.0,0.0,0.0,0.59889,1.0,6,6,1,0.6974,0.9061,0.05682,0.90075,0.56167,0.06119,0.82,0.7,0.06,0.9,0.56,0.06,-3.888,-0.49891,-0.16212,-72.43731,1.19523,64.26799,double_rcm_log_20260616_135653_209.csv,89.77145,Unknown,Task3_Insertion,0.0,1.0256828703342258,2.8863829323561228,2.886498559394999,0.6792412917595028,1.8988717297789925,2.183460556089778,2.51214793389404e-12,4.125183675474235e-11,5.004750303218733e-10,4.6504431742183495e-14,1.619768404352158e-12
7.74293,0.01142,87.58167,Done,Double,160.1767,1.00531,1.02603,2.18618,2.18618,1.0,2.18618,1.02603,0.0,0.0,0.0,0.59889,1.0,6,6,1,0.6974,0.9061,0.05682,0.90075,0.56167,0.06119,0.82,0.7,0.06,0.9,0.56,0.06,-3.888,-0.49891,-0.16212,-72.43731,1.19523,64.26799,double_rcm_log_20260616_135653_209.csv,87.58167,Unknown,Task3_Insertion,0.0,1.0256828703342258,2.8863829323561228,2.886498559394999,0.6792412917595028,1.8988717297789925,2.183460556089778,1.1102230246251565e-13,1.8616477622509518e-12,7.484729380551069e-10,4.053961296325412e-16,6.880053679768871e-13
7.77805,0.01261,79.28455,Done,Double,160.1767,1.00531,1.02603,2.18618,2.18618,1.0,2.18618,1.02603,0.0,0.0,0.0,0.59889,1.0,6,6,1,0.6974,0.9061,0.05682,0.90075,0.56167,0.06119,0.82,0.7,0.06,0.9,0.56,0.06,-3.888,-0.49891,-0.16212,-72.43731,1.19523,64.26799,double_rcm_log_20260616_135653_209.csv,79.28455,Unknown,Task3_Insertion,0.0,1.0256828703342258,2.8863829323561228,2.886498559394999,0.6792412917595028,1.8988717297789925,2.183460556089778,2.51214793389404e-12,9.8283760192791e-12,4.5453926552998563e-10,7.251946429389431e-16,1.7856544267241117e-12
7.80897,0.0104,96.19238,Done,Double,160.1767,1.00531,1.02603,2.18618,2.18618,1.0,2.18618,1.02603,0.0,0.0,0.0,0.59889,1.0,6,6,1,0.6974,0.9061,0.05682,0.90075,0.56167,0.06119,0.82,0.7,0.06,0.9,0.56,0.06,-3.888,-0.49891,-0.16212,-72.43731,1.19523,64.26799,double_rcm_log_20260616_135653_209.csv,96.19238,Unknown,Task3_Insertion,0.0,1.0256828703342258,2.8863829323561228,2.886498559394999,0.6792412917595028,1.8988717297789925,2.183460556089778,0.0,2.4048350230809826e-11,7.585630263771647e-10,1.0382209918001219e-13,6.411494444505552e-13
7.84148,0.01051,95.13326,Done,Double,160.1767,1.00531,1.02603,2.18618,2.18618,1.0,2.18618,1.02603,0.0,0.0,0.0,0.59889,1.0,6,6,1,0.6974,0.9061,0.05682,0.90075,0.56167,0.06119,0.82,0.7,0.06,0.9,0.56,0.06,-3.888,-0.49891,-0.16212,-72.43731,1.19523,64.26799,double_rcm_log_20260616_135653_209.csv,95.13326,Unknown,Task3_Insertion,0.0,1.0256828703342258,2.8863829323561228,2.886498559394999,0.6792412917595028,1.8988717297789925,2.183460556089778,3.9736059261160154e-12,6.271037177671224e-11,9.415679015416602e-10,4.653163547954218e-14,7.481360258941748e-13
7.87376,0.0105,95.21066,Done,Double,160.1767,1.00531,1.02603,2.18618,2.18618,1.0,2.18618,1.02603,0.0,0.0,0.0,0.59889,1.0,6,6,1,0.6974,0.9061,0.05682,0.90075,0.56167,0.06119,0.82,0.7,0.06,0.9,0.56,0.06,-3.888,-0.49891,-0.16212,-72.43731,1.19523,64.26799,double_rcm_log_20260616_135653_209.csv,95.21066,Unknown,Task3_Insertion,0.0,1.0256828703342258,2.8863829323561228,2.886498559394999,0.6792412917595028,1.8988717297789925,2.183460556089778,3.978256139440565e-12,4.329948209698401e-11,1.802212224868135e-09,1.3157287367940843e-13,1.537618947939257e-12
7.90686,0.01163,86.00877,Done,Double,160.1767,1.00531,1.02603,2.18618,2.18618,1.0,2.18618,1.02603,0.0,0.0,0.0,0.59889,1.0,6,6,1,0.6974,0.9061,0.05682,0.90075,0.56167,0.06119,0.82,0.7,0.06,0.9,0.56,0.06,-3.888,-0.49891,-0.16212,-72.43731,1.19523,64.26799,double_rcm_log_20260616_135653_209.csv,86.00877,Unknown,Task3_Insertion,0.0,1.0256828703342258,2.8863829323561228,2.886498559394999,0.6792412917595028,1.8988717297789925,2.183460556089778,1.7798229048217483e-12,5.703246238536516e-11,6.242509714964674e-10,9.287111271239468e-14,2.470128693082726e-12
7.9387,0.01054,94.88577,Done,Double,160.1767,1.00531,1.02603,2.18618,2.18618,1.0,2.18618,1.02603,0.0,0.0,0.0,0.59889,1.0,6,6,1,0.6974,0.9061,0.05682,0.90075,0.56167,0.06119,0.82,0.7,0.06,0.9,0.56,0.06,-3.888,-0.49891,-0.16212,-72.43731,1.19523,64.26799,double_rcm_log_20260616_135653_209.csv,94.88577,Unknown,Task3_Insertion,0.0,1.0256828703342258,2.8863829323561228,2.886498559394999,0.6792412917595028,1.8988717297789925,2.183460556089778,0.0,5.5562815800489785e-11,1.308669180497865e-09,4.6436883547736275e-14,3.2255393976585906e-12
7.97093,0.01098,91.06155,Done,Double,160.1767,1.00531,1.02603,2.18618,2.18618,1.0,2.18618,1.02603,0.0,0.0,0.0,0.59889,1.0,6,6,1,0.6974,0.9061,0.05682,0.90075,0.56167,0.06119,0.82,0.7,0.06,0.9,0.56,0.06,-3.888,-0.49891,-0.16212,-72.43731,1.19523,64.26799,double_rcm_log_20260616_135653_209.csv,91.06155,Unknown,Task3_Insertion,0.0,1.0256828703342258,2.8863829323561228,2.886498559394999,0.6792412917595028,1.8988717297789925,2.183460556089778,1.7798229048217483e-12,2.729866624345122e-11,1.277765228561375e-09,1.313069240007257e-13,1.5720055834039621e-12
8.00256,0.00858,116.618,Done,Double,160.1767,1.00531,1.02603,2.18618,2.18618,1.0,2.18618,1.02603,0.0,0.0,0.0,0.59889,1.0,6,6,1,0.6974,0.9061,0.05682,0.90075,0.56167,0.06119,0.82,0.7,0.06,0.9,0.56,0.06,-3.888,-0.49891,-0.16212,-72.43731,1.19523,64.26799,double_rcm_log_20260616_135653_209.csv,116.618,Unknown,Task3_Insertion,0.0,1.0256828703342258,2.8863829323561228,2.886498559394999,0.6792412917595028,1.8988717297789925,2.183460556089778,1.7763568394002505e-12,2.5561664572214323e-11,8.605049091837471e-10,9.287093575082537e-14,2.0187427492240354e-12
8.03628,0.01206,82.89532,Done,Double,160.1767,1.00531,1.02603,2.18618,2.18618,1.0,2.18618,1.02603,0.0,0.0,0.0,0.59889,1.0,6,6,1,0.6974,0.9061,0.05682,0.90075,0.56167,0.06119,0.82,0.7,0.06,0.9,0.56,0.06,-3.888,-0.49891,-0.16212,-72.43731,1.19523,64.26799,double_rcm_log_20260616_135653_209.csv,82.89532,Unknown,Task3_Insertion,0.0,1.0256828703342258,2.8863829323561228,2.886498559394999,0.6792412917595028,1.8988717297789925,2.183460556089778,0.0,2.5443239489589506e-11,4.1923854980826677e-10,2.906438632887622e-15,1.3296584087933626e-12
8.06778,0.0109,91.76603,Done,Double,160.1767,1.00531,1.02603,2.18618,2.18618,1.0,2.18618,1.02603,0.0,0.0,0.0,0.59889,1.0,6,6,1,0.6974,0.9061,0.05682,0.90075,0.56167,0.06119,0.82,0.7,0.06,0.9,0.56,0.06,-3.888,-0.49891,-0.16212,-72.43731,1.19523,64.26799,double_rcm_log_20260616_135653_209.csv,91.76603,Unknown,Task3_Insertion,0.0,1.0256828703342258,2.8863829323561228,2.886498559394999,0.6792412917595028,1.8988717297789925,2.183460556089778,0.0,3.2106738095838776e-12,9.767265905344339e-10,2.9233530645295473e-15,1.5010232273097016e-12
8.10129,0.01211,82.56219,Done,Double,160.1767,1.00531,1.02603,2.18618,2.18618,1.0,2.18618,1.02603,0.0,0.0,0.0,0.59889,1.0,6,6,1,0.6974,0.9061,0.05682,0.90075,0.56167,0.06119,0.82,0.7,0.06,0.9,0.56,0.06,-3.888,-0.49891,-0.16212,-72.43731,1.19523,64.26799,double_rcm_log_20260616_135653_209.csv,82.56219,Unknown,Task3_Insertion,0.0,1.0256828703342258,2.8863829323561228,2.886498559394999,0.6792412917595028,1.8988717297789925,2.183460556089778,2.220446049250313e-13,3.876877428516826e-11,8.143983757264492e-11,1.039486586813493e-13,5.663860814867811e-13
8.14244,0.01143,87.49599,Done,Double,160.1767,1.00531,1.02603,2.18618,2.18618,1.0,2.18618,1.02603,0.0,0.0,0.0,0.59889,1.0,6,6,1,0.6974,0.9061,0.05682,0.90075,0.56167,0.06119,0.82,0.7,0.06,0.9,0.56,0.06,-3.888,-0.49891,-0.16212,-72.43731,1.19523,64.26799,double_rcm_log_20260616_135653_209.csv,87.49599,Unknown,Task3_Insertion,0.0,1.0256828703342258,2.8863829323561228,2.886498559394999,0.6792412917595028,1.8988717297789925,2.183460556089778,3.5596458096434966e-12,2.3638426840704228e-11,1.6865982504158539e-09,9.282509134548925e-14,2.0484970843956787e-12
8.17475,0.01078,92.77588,Done,Double,160.1767,1.00531,1.02603,2.18618,2.18618,1.0,2.18618,1.02603,0.0,0.0,0.0,0.59889,1.0,6,6,1,0.6974,0.9061,0.05682,0.90075,0.56167,0.06119,0.82,0.7,0.06,0.9,0.56,0.06,-3.888,-0.49891,-0.16212,-72.43731,1.19523,64.26799,double_rcm_log_20260616_135653_209.csv,92.77588,Unknown,Task3_Insertion,0.0,1.0256828703342258,2.8863829323561228,2.886498559394999,0.6792412917595028,1.8988717297789925,2.183460556089778,0.0,8.24119014853425e-11,6.726168042319341e-10,9.287040486409424e-14,1.9824678715670253e-12
8.20759,0.01113,89.86348,Done,Double,160.1767,1.00531,1.02603,2.18618,2.18618,1.0,2.18618,1.02603,0.0,0.0,0.0,0.59889,1.0,6,6,1,0.6974,0.9061,0.05682,0.90075,0.56167,0.06119,0.82,0.7,0.06,0.9,0.56,0.06,-3.888,-0.49891,-0.16212,-72.43731,1.19523,64.26799,double_rcm_log_20260616_135653_209.csv,89.86348,Unknown,Task3_Insertion,0.0,1.0256828703342258,2.8863829323561228,2.886498559394999,0.6792412917595028,1.8988717297789925,2.183460556089778,1.7798229048217483e-12,6.253885486572526e-11,1.339986376201944e-09,9.282774704453505e-14,3.2102064055151353e-12
8.23895,0.01019,98.09953,Done,Double,160.1767,1.00531,1.02603,2.18618,2.18618,1.0,2.18618,1.02603,0.0,0.0,0.0,0.59889,1.0,6,6,1,0.6974,0.9061,0.05682,0.90075,0.56167,0.06119,0.82,0.7,0.06,0.9,0.56,0.06,-3.888,-0.49891,-0.16212,-72.43731,1.19523,64.26799,double_rcm_log_20260616_135653_209.csv,98.09953,Unknown,Task3_Insertion,0.0,1.0256828703342258,2.8863829323561228,2.886498559394999,0.6792412917595028,1.8988717297789925,2.183460556089778,3.9736059261160154e-12,2.8973733484165412e-11,2.143509850883576e-09,1.3140451388727875e-13,2.0551947424234264e-12
8.27159,0.01104,90.58842,Done,Double,160.1767,1.00531,1.02603,2.18618,2.18618,1.0,2.18618,1.02603,0.0,0.0,0.0,0.59889,1.0,6,6,1,0.6974,0.9061,0.05682,0.90075,0.56167,0.06119,0.82,0.7,0.06,0.9,0.56,0.06,-3.888,-0.49891,-0.16212,-72.43731,1.19523,64.26799,double_rcm_log_20260616_135653_209.csv,90.58842,Unknown,Task3_Insertion,0.0,1.0256828703342258,2.8863829323561228,2.886498559394999,0.6792412917595028,1.8988717297789925,2.183460556089778,2.5146000066436358e-12,7.839529984028914e-11,4.898607274659747e-10,9.288243755155711e-14,3.6197907766152288e-12
8.30367,0.0113,88.50391,Done,Double,160.1767,1.00531,1.02603,2.18618,2.18618,1.0,2.18618,1.02603,0.0,0.0,0.0,0.59889,1.0,6,6,1,0.6974,0.9061,0.05682,0.90075,0.56167,0.06119,0.82,0.7,0.06,0.9,0.56,0.06,-3.888,-0.49891,-0.16212,-72.43731,1.19523,64.26799,double_rcm_log_20260616_135653_209.csv,88.50391,Unknown,Task3_Insertion,0.0,1.0256828703342258,2.8863829323561228,2.886498559394999,0.6792412917595028,1.8988717297789925,2.183460556089778,1.7798229048217483e-12,5.8897852820829915e-12,2.0498595015497395e-09,1.0378156754367287e-13,2.1441585604168575e-12
8.33726,0.01245,80.3238,Done,Double,160.1767,1.00531,1.02603,2.18618,2.18618,1.0,2.18618,1.02603,0.0,0.0,0.0,0.59889,1.0,6,6,1,0.6974,0.9061,0.05682,0.90075,0.56167,0.06119,0.82,0.7,0.06,0.9,0.56,0.06,-3.888,-0.49891,-0.16212,-72.43731,1.19523,64.26799,double_rcm_log_20260616_135653_209.csv,80.3238,Unknown,Task3_Insertion,0.0,1.0256828703342258,2.8863829323561228,2.886498559394999,0.6792412917595028,1.8988717297789925,2.183460556089778,2.51214793389404e-12,5.721699180785489e-11,1.922659661830094e-09,9.282491429618472e-14,2.7391751264060916e-12
8.36864,0.01104,90.59476,Done,Double,160.1767,1.00531,1.02603,2.18618,2.18618,1.0,2.18618,1.02603,0.0,0.0,0.0,0.59889,1.0,6,6,1,0.6974,0.9061,0.05682,0.90075,0.56167,0.06119,0.82,0.7,0.06,0.9,0.56,0.06,-3.888,-0.49891,-0.16212,-72.43731,1.19523,64.26799,double_rcm_log_20260616_135653_209.csv,90.59476,Unknown,Task3_Insertion,0.0,1.0256828703342258,2.8863829323561228,2.886498559394999,0.6792412917595028,1.8988717297789925,2.183460556089778,2.5146000066436358e-12,1.1443630541083312e-10,1.2985791996759878e-09,9.288456080518181e-14,2.825790808370771e-12
8.40105,0.01133,88.29298,Done,Double,160.1767,1.00531,1.02603,2.18618,2.18618,1.0,2.18618,1.02603,0.0,0.0,0.0,0.59889,1.0,6,6,1,0.6974,0.9061,0.05682,0.90075,0.56167,0.06119,0.82,0.7,0.06,0.9,0.56,0.06,-3.888,-0.49891,-0.16212,-72.43731,1.19523,64.26799,double_rcm_log_20260616_135653_209.csv,88.29298,Unknown,Task3_Insertion,0.0,1.0256828703342258,2.8863829323561228,2.886498559394999,0.6792412917595028,1.8988717297789925,2.183460556089778,5.0292000132872716e-12,2.3192657363162176e-11,2.8584622249197316e-09,2.0766952414348165e-13,1.8695479327143953e-12
8.43201,0.00928,107.7474,Done,Double,160.1767,1.00531,1.02603,2.18618,2.18618,1.0,2.18618,1.02603,0.0,0.0,0.0,0.59889,1.0,6,6,1,0.6974,0.9061,0.05682,0.90075,0.56167,0.06119,0.82,0.7,0.06,0.9,0.56,0.06,-3.888,-0.49891,-0.16212,-72.43731,1.19523,64.26799,double_rcm_log_20260616_135653_209.csv,107.7474,Unknown,Task3_Insertion,0.0,1.0256828703342258,2.8863829323561228,2.886498559394999,0.6792412917595028,1.8988717297789925,2.183460556089778,1.7798229048217483e-12,6.880330763402559e-11,6.62431542124939e-10,1.0382257406632452e-13,3.6152865400181164e-12
8.46466,0.01072,93.29434,Done,Double,160.1767,1.00531,1.02603,2.18618,2.18618,1.0,2.18618,1.02603,0.0,0.0,0.0,0.59889,1.0,6,6,1,0.6974,0.9061,0.05682,0.90075,0.56167,0.06119,0.82,0.7,0.06,0.9,0.56,0.06,-3.888,-0.49891,-0.16212,-72.43731,1.19523,64.26799,double_rcm_log_20260616_135653_209.csv,93.29434,Unknown,Task3_Insertion,0.0,1.0256828703342258,2.8863829323561228,2.886498559394999,0.6792412917595028,1.8988717297789925,2.183460556089778,1.7763568394002505e-12,2.711017841786603e-11,9.091837475138222e-10,3.2684080872601983e-15,1.588211019023333e-12
8.49724,0.01063,94.11451,Done,Double,160.1767,1.00531,1.02603,2.18618,2.18618,1.0,2.18618,1.02603,0.0,0.0,0.0,0.59889,1.0,6,6,1,0.6974,0.9061,0.05682,0.90075,0.56167,0.06119,0.82,0.7,0.06,0.9,0.56,0.06,-3.888,-0.49891,-0.16212,-72.43731,1.19523,64.26799,double_rcm_log_20260616_135653_209.csv,94.11451,Unknown,Task3_Insertion,0.0,1.0256828703342258,2.8863829323561228,2.886498559394999,0.6792412917595028,1.8988717297789925,2.183460556089778,0.0,2.7474682622470796e-11,6.114613971798769e-10,3.6259732146947156e-16,1.4023311415702656e-12
8.53021,0.01138,87.89462,Done,Double,160.1767,1.00531,1.02603,2.18618,2.18618,1.0,2.18618,1.02603,0.0,0.0,0.0,0.59889,1.0,6,6,1,0.6974,0.9061,0.05682,0.90075,0.56167,0.06119,0.82,0.7,0.06,0.9,0.56,0.06,-3.888,-0.49891,-0.16212,-72.43731,1.19523,64.26799,double_rcm_log_20260616_135653_209.csv,87.89462,Unknown,Task3_Insertion,0.0,1.0256828703342258,2.8863829323561228,2.886498559394999,0.6792412917595028,1.8988717297789925,2.183460556089778,1.1102230246251565e-13,2.9036057377725696e-11,8.508459740454937e-10,9.287022790117615e-14,7.718557080674192e-13
8.5616,0.01029,97.15823,Done,Double,160.1767,1.00531,1.02603,2.18618,2.18618,1.0,2.18618,1.02603,0.0,0.0,0.0,0.59889,1.0,6,6,1,0.6974,0.9061,0.05682,0.90075,0.56167,0.06119,0.82,0.7,0.06,0.9,0.56,0.06,-3.888,-0.49891,-0.16212,-72.43731,1.19523,64.26799,double_rcm_log_20260616_135653_209.csv,97.15823,Unknown,Task3_Insertion,0.0,1.0256828703342258,2.8863829323561228,2.886498559394999,0.6792412917595028,1.8988717297789925,2.183460556089778,1.7798229048217483e-12,2.725131335100124e-11,1.390947043067048e-09,4.6504431742183495e-14,1.5019473754865185e-12
8.59386,0.01081,92.54456,Done,Double,160.1767,1.00531,1.02603,2.18618,2.18618,1.0,2.18618,1.02603,0.0,0.0,0.0,0.59889,1.0,6,6,1,0.6974,0.9061,0.05682,0.90075,0.56167,0.06119,0.82,0.7,0.06,0.9,0.56,0.06,-3.888,-0.49891,-0.16212,-72.43731,1.19523,64.26799,double_rcm_log_20260616_135653_209.csv,92.54456,Unknown,Task3_Insertion,0.0,1.0256828703342258,2.8863829323561228,2.886498559394999,0.6792412917595028,1.8988717297789925,2.183460556089778,1.7763568394002505e-12,6.203646642407565e-11,8.615107491908633e-10,2.928969502107952e-15,7.182645072358557e-13
8.62549,0.01085,92.18071,Done,Double,160.1767,1.00531,1.02603,2.18618,2.18618,1.0,2.18618,1.02603,0.0,0.0,0.0,0.59889,1.0,6,6,1,0.6974,0.9061,0.05682,0.90075,0.56167,0.06119,0.82,0.7,0.06,0.9,0.56,0.06,-3.888,-0.49891,-0.16212,-72.43731,1.19523,64.26799,double_rcm_log_20260616_135653_209.csv,92.18071,Unknown,Task3_Insertion,0.0,1.0256828703342258,2.8863829323561228,2.886498559394999,0.6792412917595028,1.8988717297789925,2.183460556089778,2.5146000066436358e-12,2.682900779252181e-11,9.780979689627027e-10,3.2684080872601983e-15,4.416554139254338e-14
8.65814,0.0114,87.70224,Done,Double,160.1767,1.00531,1.02603,2.18618,2.18618,1.0,2.18618,1.02603,0.0,0.0,0.0,0.59889,1.0,6,6,1,0.6974,0.9061,0.05682,0.90075,0.56167,0.06119,0.82,0.7,0.06,0.9,0.56,0.06,-3.888,-0.49891,-0.16212,-72.43731,1.19523,64.26799,double_rcm_log_20260616_135653_209.csv,87.70224,Unknown,Task3_Insertion,0.0,1.0256828703342258,2.8863829323561228,2.886498559394999,0.6792412917595028,1.8988717297789925,2.183460556089778,0.0,1.984097183059085e-12,8.504486233700829e-10,0.0,1.4766811714110485e-12
8.68997,0.0108,92.6014,Done,Double,160.1767,1.00531,1.02603,2.18618,2.18618,1.0,2.18618,1.02603,0.0,0.0,0.0,0.59889,1.0,6,6,1,0.6974,0.9061,0.05682,0.90075,0.56167,0.06119,0.82,0.7,0.06,0.9,0.56,0.06,-3.888,-0.49891,-0.16212,-72.43731,1.19523,64.26799,double_rcm_log_20260616_135653_209.csv,92.6014,Unknown,Task3_Insertion,0.0,1.0256828703342258,2.8863829323561228,2.886498559394999,0.6792412917595028,1.8988717297789925,2.183460556089778,2.5146000066436358e-12,2.81082774273767e-11,4.525929818614644e-10,9.288243755155711e-14,1.4665635793891399e-12
8.72213,0.01021,97.90427,Done,Double,160.1767,1.00531,1.02603,2.18618,2.18618,1.0,2.18618,1.02603,0.0,0.0,0.0,0.59889,1.0,6,6,1,0.6974,0.9061,0.05682,0.90075,0.56167,0.06119,0.82,0.7,0.06,0.9,0.56,0.06,-3.888,-0.49891,-0.16212,-72.43731,1.19523,64.26799,double_rcm_log_20260616_135653_209.csv,97.90427,Unknown,Task3_Insertion,0.0,1.0256828703342258,2.8863829323561228,2.886498559394999,0.6792412917595028,1.8988717297789925,2.183460556089778,1.7798229048217483e-12,2.783052032667482e-11,4.801492635877047e-10,9.288243755155711e-14,1.5765692334648558e-12
8.75479,0.01072,93.26086,Done,Double,160.1767,1.00531,1.02603,2.18618,2.18618,1.0,2.18618,1.02603,0.0,0.0,0.0,0.59889,1.0,6,6,1,0.6974,0.9061,0.05682,0.90075,0.56167,0.06119,0.82,0.7,0.06,0.9,0.56,0.06,-3.888,-0.49891,-0.16212,-72.43731,1.19523,64.26799,double_rcm_log_20260616_135653_209.csv,93.26086,Unknown,Task3_Insertion,0.0,1.0256828703342258,2.8863829323561228,2.886498559394999,0.6792412917595028,1.8988717297789925,2.183460556089778,1.7798229048217483e-12,1.4071988574819833e-11,9.170849644172937e-10,4.6525984064078006e-14,1.0190531356626953e-12
8.78671,0.01122,89.12883,Done,Double,160.1767,1.00531,1.02603,2.18618,2.18618,1.0,2.18618,1.02603,0.0,0.0,0.0,0.59889,1.0,6,6,1,0.6974,0.9061,0.05682,0.90075,0.56167,0.06119,0.82,0.7,0.06,0.9,0.56,0.06,-3.888,-0.49891,-0.16212,-72.43731,1.19523,64.26799,double_rcm_log_20260616_135653_209.csv,89.12883,Unknown,Task3_Insertion,0.0,1.0256828703342258,2.8863829323561228,2.886498559394999,0.6792412917595028,1.8988717297789925,2.183460556089778,1.9891280697202824e-12,3.5971177507508174e-11,4.0552242756065997e-10,6.572145219731908e-14,1.6527684929776904e-12
8.82175,0.01119,89.35887,Done,Double,160.1767,1.00531,1.02603,2.18618,2.18618,1.0,2.18618,1.02603,0.0,0.0,0.0,0.59889,1.0,6,6,1,0.6974,0.9061,0.05682,0.90075,0.56167,0.06119,0.82,0.7,0.06,0.9,0.56,0.06,-3.888,-0.49891,-0.16212,-72.43731,1.19523,64.26799,double_rcm_log_20260616_135653_209.csv,89.35887,Unknown,Task3_Insertion,0.0,1.0256828703342258,2.8863829323561228,2.886498559394999,0.6792412917595028,1.8988717297789925,2.183460556089778,1.7798229048217483e-12,2.7770167294205152e-11,1.2404704278335648e-09,9.287040486409424e-14,1.500093674594649e-12
8.85541,0.01106,90.43556,Done,Double,160.1767,1.00531,1.02603,2.18618,2.18618,1.0,2.18618,1.02603,0.0,0.0,0.0,0.59889,1.0,6,6,1,0.6974,0.9061,0.05682,0.90075,0.56167,0.06119,0.82,0.7,0.06,0.9,0.56,0.06,-3.888,-0.49891,-0.16212,-72.43731,1.19523,64.26799,double_rcm_log_20260616_135653_209.csv,90.43556,Unknown,Task3_Insertion,0.0,1.0256828703342258,2.8863829323561228,2.886498559394999,0.6792412917595028,1.8988717297789925,2.183460556089778,1.7798229048217483e-12,6.286615010636403e-11,1.0276945968766934e-09,1.0382194088409205e-13,1.470540636329551e-12
8.88768,0.01028,97.32172,Done,Double,160.1767,1.00531,1.02603,2.18618,2.18618,1.0,2.18618,1.02603,0.0,0.0,0.0,0.59889,1.0,6,6,1,0.6974,0.9061,0.05682,0.90075,0.56167,0.06119,0.82,0.7,0.06,0.9,0.56,0.06,-3.888,-0.49891,-0.16212,-72.43731,1.19523,64.26799,double_rcm_log_20260616_135653_209.csv,97.32172,Unknown,Task3_Insertion,0.0,1.0256828703342258,2.8863829323561228,2.886498559394999,0.6792412917595028,1.8988717297789925,2.183460556089778,2.51214793389404e-12,4.015422260911242e-11,1.6584506822534314e-09,7.251946429389431e-16,1.5745529213532156e-12
8.91861,0.00917,109.0816,Done,Double,160.1767,1.00531,1.02603,2.18618,2.18618,1.0,2.18618,1.02603,0.0,0.0,0.0,0.59889,1.0,6,6,1,0.6974,0.9061,0.05682,0.90075,0.56167,0.06119,0.82,0.7,0.06,0.9,0.56,0.06,-3.888,-0.49891,-0.16212,-72.43731,1.19523,64.26799,double_rcm_log_20260616_135653_209.csv,109.0816,Unknown,Task3_Insertion,0.0,1.0256828703342258,2.8863829323561228,2.886498559394999,0.6792412917595028,1.8988717297789925,2.183460556089778,1.7901808365247238e-12,4.431780121471215e-11,1.2797693017018203e-09,3.6259732146947156e-16,1.370390210001035e-12
8.95146,0.01117,89.53503,Done,Double,160.1767,1.00531,1.02603,2.18618,2.18618,1.0,2.18618,1.02603,0.0,0.0,0.0,0.59889,1.0,6,6,1,0.6974,0.9061,0.05682,0.90075,0.56167,0.06119,0.82,0.7,0.06,0.9,0.56,0.06,-3.888,-0.49891,-0.16212,-72.43731,1.19523,64.26799,double_rcm_log_20260616_135653_209.csv,89.53503,Unknown,Task3_Insertion,0.0,1.0256828703342258,2.8863829323561228,2.886498559394999,0.6792412917595028,1.8988717297789925,2.183460556089778,1.1102230246251565e-13,6.177123452915376e-11,6.264329050372597e-10,9.282509134548925e-14,1.5405798374235944e-12
8.98349,0.0105,95.21548,Done,Double,160.1767,1.00531,1.02603,2.18618,2.18618,1.0,2.18618,1.02603,0.0,0.0,0.0,0.59889,1.0,6,6,1,0.6974,0.9061,0.05682,0.90075,0.56167,0.06119,0.82,0.7,0.06,0.9,0.56,0.06,-3.888,-0.49891,-0.16212,-72.43731,1.19523,64.26799,double_rcm_log_20260616_135653_209.csv,95.21548,Unknown,Task3_Insertion,0.0,1.0256828703342258,2.8863829323561228,2.886498559394999,0.6792412917595028,1.8988717297789925,2.183460556089778,2.5146000066436358e-12,1.7790968104114804e-12,6.228385560197427e-10,9.288226061156415e-14,2.9040180930823585e-12
9.01565,0.01056,94.73685,Done,Double,160.1767,1.00531,1.02603,2.18618,2.18618,1.0,2.18618,1.02603,0.0,0.0,0.0,0.59889,1.0,6,6,1,0.6974,0.9061,0.05682,0.90075,0.56167,0.06119,0.82,0.7,0.06,0.9,0.56,0.06,-3.888,-0.49891,-0.16212,-72.43731,1.19523,64.26799,double_rcm_log_20260616_135653_209.csv,94.73685,Unknown,Task3_Insertion,0.0,1.0256828703342258,2.8863829323561228,2.886498559394999,0.6792412917595028,1.8988717297789925,2.183460556089778,0.0,2.737802103918535e-11,4.4110532316425735e-10,9.283624477096554e-14,2.0334981772584813e-12
9.04789,0.00967,103.3958,Done,Double,160.1767,1.00531,1.02603,2.18618,2.18618,1.0,2.18618,1.02603,0.0,0.0,0.0,0.59889,1.0,6,6,1,0.6974,0.9061,0.05682,0.90075,0.56167,0.06119,0.82,0.7,0.06,0.9,0.56,0.06,-3.888,-0.49891,-0.16212,-72.43731,1.19523,64.26799,double_rcm_log_20260616_135653_209.csv,103.3958,Unknown,Task3_Insertion,0.0,1.0256828703342258,2.8863829323561228,2.886498559394999,0.6792412917595028,1.8988717297789925,2.183460556089778,3.9736059261160154e-12,2.8624840277747455e-11,1.2957628633631478e-09,9.28732362249261e-14,1.6322135833598334e-12
9.08061,0.01092,91.60936,Done,Double,160.1767,1.00531,1.02603,2.18618,2.18618,1.0,2.18618,1.02603,0.0,0.0,0.0,0.59889,1.0,6,6,1,0.6974,0.9061,0.05682,0.90075,0.56167,0.06119,0.82,0.7,0.06,0.9,0.56,0.06,-3.888,-0.49891,-0.16212,-72.43731,1.19523,64.26799,double_rcm_log_20260616_135653_209.csv,91.60936,Unknown,Task3_Insertion,0.0,1.0256828703342258,2.8863829323561228,2.886498559394999,0.6792412917595028,1.8988717297789925,2.183460556089778,1.7798229048217483e-12,6.024674668155272e-11,8.75451110021092e-10,4.6527396982298264e-14,1.952905455420912e-12
9.11423,0.011,90.94406,Done,Double,160.1767,1.00531,1.02603,2.18618,2.18618,1.0,2.18618,1.02603,0.0,0.0,0.0,0.59889,1.0,6,6,1,0.6974,0.9061,0.05682,0.90075,0.56167,0.06119,0.82,0.7,0.06,0.9,0.56,0.06,-3.888,-0.49891,-0.16212,-72.43731,1.19523,64.26799,double_rcm_log_20260616_135653_209.csv,90.94406,Unknown,Task3_Insertion,0.0,1.0256828703342258,2.8863829323561228,2.886498559394999,0.6792412917595028,1.8988717297789925,2.183460556089778,0.0,2.6430279475699504e-11,8.978016106820087e-10,9.287022790117615e-14,1.3786222868154884e-12
9.14775,0.01127,88.70596,Done,Double,160.1767,1.00531,1.02603,2.18618,2.18618,1.0,2.18618,1.02603,0.0,0.0,0.0,0.59889,1.0,6,6,1,0.6974,0.9061,0.05682,0.90075,0.56167,0.06119,0.82,0.7,0.06,0.9,0.56,0.06,-3.888,-0.49891,-0.16212,-72.43731,1.19523,64.26799,double_rcm_log_20260616_135653_209.csv,88.70596,Unknown,Task3_Insertion,0.0,1.0256828703342258,2.8863829323561228,2.886498559394999,0.6792412917595028,1.8988717297789925,2.183460556089778,0.0,1.7076730083277493e-12,8.005286856336627e-10,1.0382257406632452e-13,1.4289432032083028e-12
9.18059,0.01193,83.85281,Done,Double,160.1767,1.00531,1.02603,2.18618,2.18618,1.0,2.18618,1.02603,0.0,0.0,0.0,0.59889,1.0,6,6,1,0.6974,0.9061,0.05682,0.90075,0.56167,0.06119,0.82,0.7,0.06,0.9,0.56,0.06,-3.888,-0.49891,-0.16212,-72.43731,1.19523,64.26799,double_rcm_log_20260616_135653_209.csv,83.85281,Unknown,Task3_Insertion,0.0,1.0256828703342258,2.8863829323561228,2.886498559394999,0.6792412917595028,1.8988717297789925,2.183460556089778,1.1102230246251565e-13,2.6703158562222713e-11,6.033184218154384e-11,1.4950270559846736e-15,6.865521577648023e-13
9.21371,0.01149,87.04852,Done,Double,160.1767,1.00531,1.02603,2.18618,2.18618,1.0,2.18618,1.02603,0.0,0.0,0.0,0.59889,1.0,6,6,1,0.6974,0.9061,0.05682,0.90075,0.56167,0.06119,0.82,0.7,0.06,0.9,0.56,0.06,-3.888,-0.49891,-0.16212,-72.43731,1.19523,64.26799,double_rcm_log_20260616_135653_209.csv,87.04852,Unknown,Task3_Insertion,0.0,1.0256828703342258,2.8863829323561228,2.886498559394999,0.6792412917595028,1.8988717297789925,2.183460556089778,1.7763568394002505e-12,3.1000545542318416e-12,4.0405747595576617e-10,1.313144334899839e-13,2.0263140279090455e-13
9.24528,0.01139,87.79707,Done,Double,160.1767,1.00531,1.02603,2.18618,2.18618,1.0,2.18618,1.02603,0.0,0.0,0.0,0.59889,1.0,6,6,1,0.6974,0.9061,0.05682,0.90075,0.56167,0.06119,0.82,0.7,0.06,0.9,0.56,0.06,-3.888,-0.49891,-0.16212,-72.43731,1.19523,64.26799,double_rcm_log_20260616_135653_209.csv,87.79707,Unknown,Task3_Insertion,0.0,1.0256828703342258,2.8863829323561228,2.886498559394999,0.6792412917595028,1.8988717297789925,2.183460556089778,0.0,1.907573316389233e-12,3.302193258101408e-10,2.9233530645295473e-15,7.637457448122198e-13
9.27732,0.01132,88.35036,Done,Double,160.1767,1.00531,1.02603,2.18618,2.18618,1.0,2.18618,1.02603,0.0,0.0,0.0,0.59889,1.0,6,6,1,0.6974,0.9061,0.05682,0.90075,0.56167,0.06119,0.82,0.7,0.06,0.9,0.56,0.06,-3.888,-0.49891,-0.16212,-72.43731,1.19523,64.26799,double_rcm_log_20260616_135653_209.csv,88.35036,Unknown,Task3_Insertion,0.0,1.0256828703342258,2.8863829323561228,2.886498559394999,0.6792412917595028,1.8988717297789925,2.183460556089778,1.7798229048217483e-12,2.405100629658781e-11,7.893643404450567e-10,1.0382463188191152e-13,1.4030383525296507e-12
9.31064,0.01191,83.96651,Done,Double,160.1767,1.00531,1.02603,2.18618,2.18618,1.0,2.18618,1.02603,0.0,0.0,0.0,0.59889,1.0,6,6,1,0.6974,0.9061,0.05682,0.90075,0.56167,0.06119,0.82,0.7,0.06,0.9,0.56,0.06,-3.888,-0.49891,-0.16212,-72.43731,1.19523,64.26799,double_rcm_log_20260616_135653_209.csv,83.96651,Unknown,Task3_Insertion,0.0,1.0256828703342258,2.8863829323561228,2.886498559394999,0.6792412917595028,1.8988717297789925,2.183460556089778,1.7798229048217483e-12,5.249749772495657e-11,8.444275845149655e-10,1.0395624735176861e-13,1.8776302056096163e-12
9.34293,0.01103,90.63525,Done,Double,160.1767,1.00531,1.02603,2.18618,2.18618,1.0,2.18618,1.02603,0.0,0.0,0.0,0.59889,1.0,6,6,1,0.6974,0.9061,0.05682,0.90075,0.56167,0.06119,0.82,0.7,0.06,0.9,0.56,0.06,-3.888,-0.49891,-0.16212,-72.43731,1.19523,64.26799,double_rcm_log_20260616_135653_209.csv,90.63525,Unknown,Task3_Insertion,0.0,1.0256828703342258,2.8863829323561228,2.886498559394999,0.6792412917595028,1.8988717297789925,2.183460556089778,1.7763568394002505e-12,2.7933072308673513e-11,1.2389808389233998e-09,4.6413873522267525e-14,7.362644126663146e-13
9.37489,0.01078,92.76374,Done,Double,160.1767,1.00531,1.02603,2.18618,2.18618,1.0,2.18618,1.02603,0.0,0.0,0.0,0.59889,1.0,6,6,1,0.6974,0.9061,0.05682,0.90075,0.56167,0.06119,0.82,0.7,0.06,0.9,0.56,0.06,-3.888,-0.49891,-0.16212,-72.43731,1.19523,64.26799,double_rcm_log_20260616_135653_209.csv,92.76374,Unknown,Task3_Insertion,0.0,1.0256828703342258,2.8863829323561228,2.886498559394999,0.6792412917595028,1.8988717297789925,2.183460556089778,1.1102230246251565e-13,2.793737613340758e-11,4.3096631098909275e-10,9.282579953933044e-14,1.6323596542926315e-12
9.40719,0.01079,92.69605,Done,Double,160.1767,1.00531,1.02603,2.18618,2.18618,1.0,2.18618,1.02603,0.0,0.0,0.0,0.59889,1.0,6,6,1,0.6974,0.9061,0.05682,0.90075,0.56167,0.06119,0.82,0.7,0.06,0.9,0.56,0.06,-3.888,-0.49891,-0.16212,-72.43731,1.19523,64.26799,double_rcm_log_20260616_135653_209.csv,92.69605,Unknown,Task3_Insertion,0.0,1.0256828703342258,2.8863829323561228,2.886498559394999,0.6792412917595028,1.8988717297789925,2.183460556089778,0.0,1.7270827760040716e-12,4.3459981843336226e-10,9.283712990607017e-14,1.4165220528730094e-12
9.43981,0.01071,93.38323,Done,Double,160.1767,1.00531,1.02603,2.18618,2.18618,1.0,2.18618,1.02603,0.0,0.0,0.0,0.59889,1.0,6,6,1,0.6974,0.9061,0.05682,0.90075,0.56167,0.06119,0.82,0.7,0.06,0.9,0.56,0.06,-3.888,-0.49891,-0.16212,-72.43731,1.19523,64.26799,double_rcm_log_20260616_135653_209.csv,93.38323,Unknown,Task3_Insertion,0.0,1.0256828703342258,2.8863829323561228,2.886498559394999,0.6792412917595028,1.8988717297789925,2.183460556089778,0.0,0.0,2.630944739456412e-11,2.906438632887622e-15,1.4150002602949872e-12
9.47203,0.01083,92.3301,Done,Double,160.1767,1.00531,1.02603,2.18618,2.18618,1.0,2.18618,1.02603,0.0,0.0,0.0,0.59889,1.0,6,6,1,0.6974,0.9061,0.05682,0.90075,0.56167,0.06119,0.82,0.7,0.06,0.9,0.56,0.06,-3.888,-0.49891,-0.16212,-72.43731,1.19523,64.26799,double_rcm_log_20260616_135653_209.csv,92.3301,Unknown,Task3_Insertion,0.0,1.0256828703342258,2.8863829323561228,2.886498559394999,0.6792412917595028,1.8988717297789925,2.183460556089778,0.0,0.0,0.0,2.906438632887622e-15,4.648740629544272e-14
9.50465,0.01137,87.92036,Done,Double,160.1767,1.00531,1.02603,2.18618,2.18618,1.0,2.18618,1.02603,0.0,0.0,0.0,0.59889,1.0,6,6,1,0.6974,0.9061,0.05682,0.90075,0.56167,0.06119,0.82,0.7,0.06,0.9,0.56,0.06,-3.888,-0.49891,-0.16212,-72.43731,1.19523,64.26799,double_rcm_log_20260616_135653_209.csv,87.92036,Unknown,Task3_Insertion,0.0,1.0256828703342258,2.8863829323561228,2.886498559394999,0.6792412917595028,1.8988717297789925,2.183460556089778,0.0,0.0,6.186418813945229e-10,0.0,7.400680622427956e-13
9.53659,0.01121,89.2327,Done,Double,160.1767,1.00531,1.02603,2.18618,2.18618,1.0,2.18618,1.02603,0.0,0.0,0.0,0.59889,1.0,6,6,1,0.6974,0.9061,0.05682,0.90075,0.56167,0.06119,0.82,0.7,0.06,0.9,0.56,0.06,-3.888,-0.49891,-0.16212,-72.43731,1.19523,64.26799,double_rcm_log_20260616_135653_209.csv,89.2327,Unknown,Task3_Insertion,0.0,1.0256828703342258,2.8863829323561228,2.886498559394999,0.6792412917595028,1.8988717297789925,2.183460556089778,0.0,3.9106936370902536e-11,4.4241542586304437e-10,4.6525984064078006e-14,6.357031037865736e-15
9.56867,0.01105,90.49512,Done,Double,160.1767,1.00531,1.02603,2.18618,2.18618,1.0,2.18618,1.02603,0.0,0.0,0.0,0.59889,1.0,6,6,1,0.6974,0.9061,0.05682,0.90075,0.56167,0.06119,0.82,0.7,0.06,0.9,0.56,0.06,-3.888,-0.49891,-0.16212,-72.43731,1.19523,64.26799,double_rcm_log_20260616_135653_209.csv,90.49512,Unknown,Task3_Insertion,0.0,1.0256828703342258,2.8863829323561228,2.886498559394999,0.6792412917595028,1.8988717297789925,2.183460556089778,2.5146000066436358e-12,2.819015702562877e-11,1.1753428369371868e-09,0.0,1.4292888940938515e-12
9.6017,0.01088,91.88206,Done,Double,160.1767,1.00531,1.02603,2.18618,2.18618,1.0,2.18618,1.02603,0.0,0.0,0.0,0.59889,1.0,6,6,1,0.6974,0.9061,0.05682,0.90075,0.56167,0.06119,0.82,0.7,0.06,0.9,0.56,0.06,-3.888,-0.49891,-0.16212,-72.43731,1.19523,64.26799,double_rcm_log_20260616_135653_209.csv,91.88206,Unknown,Task3_Insertion,0.0,1.0256828703342258,2.8863829323561228,2.886498559394999,0.6792412917595028,1.8988717297789925,2.183460556089778,1.7798229048217483e-12,3.863593275453226e-11,5.88472132823728e-10,4.650902569738909e-14,1.4705634665643864e-12
9.63375,0.01107,90.30935,Done,Double,160.1767,1.00531,1.02603,2.18618,2.18618,1.0,2.18618,1.02603,0.0,0.0,0.0,0.59889,1.0,6,6,1,0.6974,0.9061,0.05682,0.90075,0.56167,0.06119,0.82,0.7,0.06,0.9,0.56,0.06,-3.888,-0.49891,-0.16212,-72.43731,1.19523,64.26799,double_rcm_log_20260616_135653_209.csv,90.30935,Unknown,Task3_Insertion,0.0,1.0256828703342258,2.8863829323561228,2.886498559394999,0.6792412917595028,1.8988717297789925,2.183460556089778,1.1102230246251565e-13,2.8757491440772377e-11,4.312112833573191e-10,9.282491429618472e-14,1.4322176174349742e-12
9.66504,0.00985,101.5695,Done,Double,160.1767,1.00531,1.02603,2.18618,2.18618,1.0,2.18618,1.02603,0.0,0.0,0.0,0.59889,1.0,6,6,1,0.6974,0.9061,0.05682,0.90075,0.56167,0.06119,0.82,0.7,0.06,0.9,0.56,0.06,-3.888,-0.49891,-0.16212,-72.43731,1.19523,64.26799,double_rcm_log_20260616_135653_209.csv,101.5695,Unknown,Task3_Insertion,0.0,1.0256828703342258,2.8863829323561228,2.886498559394999,0.6792412917595028,1.8988717297789925,2.183460556089778,2.5146000066436358e-12,2.449233698353089e-11,28388.093691388352,1.0395624735176861e-13,1.5254269149574705e-12
9.69773,0.00942,106.1625,Done,Double,160.1767,1.00531,1.02603,2.18618,2.18618,1.0,2.18618,1.02603,0.0,0.0,0.0,0.59889,1.0,6,6,1,0.6974,0.9061,0.05682,0.90075,0.56167,0.06119,0.82,0.7,0.06,0.9,0.56,0.06,-3.888,-0.49891,-0.16212,-72.43731,1.19523,64.26799,double_rcm_log_20260616_135653_209.csv,106.1625,Unknown,Task3_Insertion,0.0,1.0256828703342258,2.8863829323561228,2.886498559394999,0.6792412917595028,1.8988717297789925,2.183460556089778,1.7798229048217483e-12,1897.5351218191288,32078.317830248197,4.643652963370148e-14,348.91226321101095
9.73006,0.01067,93.73761,Done,Double,160.1767,1.00531,1.02603,2.18618,2.18618,1.0,2.18618,1.02603,0.0,0.0,0.0,0.59889,1.0,6,6,1,0.6974,0.9061,0.05682,0.90075,0.56167,0.06119,0.82,0.7,0.06,0.9,0.56,0.06,-3.888,-0.49891,-0.16212,-72.43731,1.19523,64.26799,double_rcm_log_20260616_135653_209.csv,93.73761,Unknown,Task3_Insertion,0.0,1.0256828703342258,2.8863829323561228,2.886498559394999,0.6792412917595028,1.8988717297789925,2.183460556089778,122.01903113969107,2104.317367792473,44422.60853857418,22.43644179241868,418.9733545476584
9.76896,0.02735,36.56407,Done,EntryTipCone,158.7428,2.13149,3.70666,10.52135,10.52135,1.0,10.52135,3.70666,0.0,0.0,0.0,0.60319,1.0,6,6,1,0.68868,0.90224,0.06847,0.90411,0.5656,0.0521,0.82,0.7,0.06,0.9,0.56,0.06,-4.77911,-0.80595,-0.17555,-67.84769,0.87296,64.62672,double_rcm_log_20260616_135653_209.csv,36.56407,Unknown,Task4_EntryRCM_TipCone,0.0,3.7074101379714035,10.426332536102207,10.431791711383909,3.6600336604979793,10.133735661716136,10.519605505911276,125.73556165630548,2002.660039574282,47684.862240411814,25.982445895467997,342.4255373691718
9.80073,0.00587,170.4828,Done,EntryTipCone,158.8255,2.06153,3.82331,10.81338,10.81338,1.0,10.81338,3.82331,0.0,0.0,0.0,0.60297,1.0,6,6,1,0.68846,0.90198,0.06882,0.9044,0.5657,0.05193,0.82,0.7,0.06,0.9,0.56,0.06,-4.75777,-0.83398,-0.11756,-67.41031,0.18917,64.63127,double_rcm_log_20260616_135653_209.csv,170.4828,Unknown,Task4_EntryRCM_TipCone,0.0,3.823775712640908,10.753108322116335,10.759097747016828,3.7746769229662114,10.455825391397072,10.81549351624783,10.33442516170746,2015.6524807736637,24627.346295363517,6.053243368299822,401.9670602901577
9.83775,0.00954,104.8412,Done,EntryTipCone,158.9282,1.97921,3.93313,11.0862,11.0862,1.0,11.0862,3.93313,0.0,0.0,0.0,0.60271,1.0,6,6,1,0.68826,0.90171,0.06914,0.90472,0.56578,0.0518,0.82,0.7,0.06,0.9,0.56,0.06,-4.78142,-0.85181,-0.12108,-67.27525,0.18401,64.59694,double_rcm_log_20260616_135653_209.csv,104.8412,Unknown,Task4_EntryRCM_TipCone,0.0,3.9340942075435317,11.062861868317356,11.06938468363565,3.8817185888877774,10.759286221678392,11.0872359044082,9.283578760986021,24.402386861844278,25504.532275708527,1.514423334982221,68.16761057613549
9.87058,0.0113,88.52683,Done,EntryTipCone,159.021,1.90453,4.02584,11.31804,11.31804,1.0,11.31804,4.02584,0.0,0.0,0.0,0.60248,1.0,6,6,1,0.6881,0.90148,0.06941,0.90499,0.56585,0.0517,0.82,0.7,0.06,0.9,0.56,0.06,-4.80155,-0.87043,-0.1188,-67.16442,0.18537,64.56809,double_rcm_log_20260616_135653_209.csv,88.52683,Unknown,Task4_EntryRCM_TipCone,0.0,4.02580825163467,11.32034645026566,11.32733607784618,3.970292283720852,11.01065141648682,11.314265331871894,8.999890460598959,10.697634480941472,175.5398500928897,1.4292825617098612,2.6200092723832893
9.90323,0.01163,85.95999,Done,EntryTipCone,159.1156,1.82842,4.11304,11.53761,11.53761,1.0,11.53761,4.11304,0.0,0.0,0.0,0.60224,1.0,6,6,1,0.68795,0.90126,0.06965,0.90526,0.56592,0.05161,0.82,0.7,0.06,0.9,0.56,0.06,-4.82022,-0.88648,-0.12,-67.06004,0.18625,64.53745,double_rcm_log_20260616_135653_209.csv,85.95999,Unknown,Task4_EntryRCM_TipCone,0.0,4.1123833060516715,11.563376862021011,11.57082709263077,4.056701578984051,11.256271072674862,11.537161696015113,8.885938858348778,13.452323891455523,113.60446690386378,1.3560455402906817,2.326353016113491
9.93595,0.01181,84.70202,Done,EntryTipCone,159.2113,1.75037,4.19577,11.74713,11.74713,1.0,11.74713,4.19577,0.0,0.0,0.0,0.602,1.0,6,6,1,0.68781,0.90104,0.06989,0.90553,0.56598,0.05153,0.82,0.7,0.06,0.9,0.56,0.06,-4.83777,-0.9035,-0.1187,-66.96183,0.1879,64.50737,double_rcm_log_20260616_135653_209.csv,84.70202,Unknown,Task4_EntryRCM_TipCone,0.0,4.196525278980304,11.799551920251911,11.80746877547588,4.139568787569104,11.492924512331605,11.750838267970458,8.440428987196583,16.763236759535246,30.72768306043713,1.289439774041454,2.511112900592585
9.9671,0.01036,96.49112,Done,EntryTipCone,159.3042,1.67469,4.26976,11.93604,11.93604,1.0,11.93604,4.26976,0.0,0.0,0.0,0.60176,1.0,6,6,1,0.68769,0.90083,0.07009,0.90577,0.56603,0.05147,0.82,0.7,0.06,0.9,0.56,0.06,-4.85298,-0.9174,-0.12044,-66.87265,0.18608,64.47716,double_rcm_log_20260616_135653_209.csv,96.49112,Unknown,Task4_EntryRCM_TipCone,0.0,4.269458888351721,12.0042460582179,12.012582804310556,4.210272123656018,11.695494596046501,11.933763027645515,8.104570174462292,14.033159172173258,71.75439689905566,1.2090816300636538,2.647083680038232
9.99913,0.01044,95.79563,Done,EntryTipCone,159.401,1.59557,4.34086,12.11864,12.11864,1.0,12.11864,4.34086,0.0,0.0,0.0,0.60152,1.0,6,6,1,0.68758,0.90063,0.07029,0.90602,0.56608,0.05142,0.82,0.7,0.06,0.9,0.56,0.06,-4.86775,-0.93269,-0.11986,-66.79014,0.19027,64.44663,double_rcm_log_20260616_135653_209.csv,95.79563,Unknown,Task4_EntryRCM_TipCone,0.0,4.340882980837103,12.204684764409983,12.213446844468224,4.280841293541394,11.898285332187744,12.117062350256349,7.925333142217259,12.545904058099763,7.55780687932774,1.1347381458004333,2.522991292776148
10.03097,0.00963,103.8252,Done,EntryTipCone,159.4981,1.51544,4.40673,12.28924,12.28924,1.0,12.28924,4.40673,0.0,0.0,0.0,0.60127,1.0,6,6,1,0.68748,0.90044,0.07047,0.90626,0.56612,0.05138,0.82,0.7,0.06,0.9,0.56,0.06,-4.8807,-0.94745,-0.11859,-66.71094,0.18713,64.41636,double_rcm_log_20260616_135653_209.csv,103.8252,Unknown,Task4_EntryRCM_TipCone,0.0,4.406537495853227,12.388915480118852,12.398081074678569,4.34583237114962,12.086022441710782,12.286024580799026,7.628549172042558,14.03378725297126,36.21874727827201,1.0614942607195383,2.882523369979859
10.0636,0.01099,90.98634,Done,EntryTipCone,159.5979,1.43227,4.46901,12.45174,12.45174,1.0,12.45174,4.46901,0.0,0.0,0.0,0.60102,1.0,6,6,1,0.68739,0.90025,0.07063,0.9065,0.56616,0.05135,0.82,0.7,0.06,0.9,0.56,0.06,-4.89308,-0.96227,-0.11705,-66.63937,0.19037,64.38521,double_rcm_log_20260616_135653_209.csv,90.98634,Unknown,Task4_EntryRCM_TipCone,0.0,4.46865191978729,12.563197505363568,12.572756082636143,4.408756613691756,12.268209135184089,12.450626490261389,7.4925504971288435,13.416338298482993,79.85136196430865,0.9739800861682502,2.6751540325093797
10.09593,0.00966,103.5403,Done,EntryTipCone,159.6986,1.34869,4.52528,12.59993,12.59993,1.0,12.59993,4.52528,0.0,0.0,0.0,0.60077,1.0,6,6,1,0.68732,0.90007,0.07078,0.90674,0.56619,0.05134,0.82,0.7,0.06,0.9,0.56,0.06,-4.90388,-0.97321,-0.12106,-66.57447,0.19271,64.35178,double_rcm_log_20260616_135653_209.csv,103.5403,Unknown,Task4_EntryRCM_TipCone,0.0,4.5250189875209506,12.721340697744775,12.731265473427422,4.465672014154902,12.434491483833874,12.59917854465118,7.293733353452385,16.625175854822007,105.24652895354808,0.915535324533397,2.602801492787758
10.12864,0.01018,98.19441,Done,EntryTipCone,159.8011,1.26296,4.57684,12.73702,12.73702,1.0,12.73702,4.57684,0.0,0.0,0.0,0.60051,1.0,6,6,1,0.68726,0.8999,0.07091,0.90697,0.56622,0.05133,0.82,0.7,0.06,0.9,0.56,0.06,-4.91292,-0.98653,-0.11941,-66.51277,0.18749,64.32012,double_rcm_log_20260616_135653_209.csv,98.19441,Unknown,Task4_EntryRCM_TipCone,0.0,4.577179128570196,12.867669990693264,12.877941855220032,4.521033037460436,12.596243273904488,12.745124558041756,6.820877664985322,18.4391002605836,77.13950602864553,0.8419891089408558,3.1693727406257355
10.16067,0.00938,106.6498,Done,EntryTipCone,159.9023,1.17821,4.62173,12.85821,12.85821,1.0,12.85821,4.62173,0.0,0.0,0.0,0.60025,1.0,6,6,1,0.68721,0.89974,0.07102,0.90718,0.56623,0.05135,0.82,0.7,0.06,0.9,0.56,0.06,-4.92058,-0.99823,-0.11916,-66.46089,0.18591,64.28841,double_rcm_log_20260616_135653_209.csv,106.6498,Unknown,Task4_EntryRCM_TipCone,0.0,4.620272590154957,12.988555714812147,12.999120363896917,4.562238376007417,12.719152668923492,12.85254060487649,6.6591320290122304,14.553150307897488,52.54967824047834,0.7432244662024527,3.525113326958145
10.19509,0.01318,75.8558,Done,EntryTipCone,160.0105,1.08635,4.66392,12.97379,12.97379,1.0,12.97379,4.66392,0.0,0.0,0.0,0.59998,1.0,6,6,1,0.68717,0.89958,0.07112,0.90741,0.56625,0.05137,0.82,0.7,0.06,0.9,0.56,0.06,-4.92785,-1.00998,-0.11936,-66.41614,0.19173,64.25409,double_rcm_log_20260616_135653_209.csv,75.8558,Unknown,Task4_EntryRCM_TipCone,0.0,4.66415010298199,13.111633308844311,13.122501730165972,4.609824939102909,12.860192246439588,12.97873260376375,6.394877091219088,16.821001640213094,118.45047008684698,0.6611678009936445,2.6836308419303903
10.22523,0.01076,92.94643,Done,EntryTipCone,160.1062,1.005,4.69569,13.06258,13.06258,1.0,13.06258,4.69569,0.0,0.0,0.0,0.59974,1.0,6,6,1,0.68715,0.89944,0.07119,0.90759,0.56626,0.05141,0.82,0.7,0.06,0.9,0.56,0.06,-4.93251,-1.02033,-0.11789,-66.38138,0.19151,64.22462,double_rcm_log_20260616_135653_209.csv,92.94643,Unknown,Task4_EntryRCM_TipCone,0.0,4.695287038012702,13.19896858203599,13.210056064398762,4.640836998904607,12.953630557314183,13.060773330855984,6.145610143161773,16.052157980717308,87.05387005770265,0.6090749083684392,2.742994117701249
10.25863,0.01107,90.3175,Done,EntryTipCone,160.212,0.91444,4.7251,13.14673,13.14673,1.0,13.14673,4.7251,0.0,0.0,0.0,0.59948,1.0,6,6,1,0.68714,0.8993,0.07125,0.90779,0.56626,0.05146,0.82,0.7,0.06,0.9,0.56,0.06,-4.93614,-1.02915,-0.11949,-66.34946,0.19004,64.1907,double_rcm_log_20260616_135653_209.csv,90.3175,Unknown,Task4_EntryRCM_TipCone,0.0,4.725043317387849,13.282427643672122,13.293727204523426,4.672796127011181,13.051341752419956,13.14546689927743,6.190224135159425,15.172454311363069,115.03646629416917,0.5409107093176453,3.128883916721102
10.29072,0.01127,88.72129,Done,EntryTipCone,160.3135,0.82706,4.74751,13.2138,13.2138,1.0,13.2138,4.74751,0.0,0.0,0.0,0.59922,1.0,6,6,1,0.68715,0.89918,0.07129,0.90798,0.56625,0.05152,0.82,0.7,0.06,0.9,0.56,0.06,-4.93832,-1.03811,-0.11888,-66.32738,0.19082,64.15901,double_rcm_log_20260616_135653_209.csv,88.72129,Unknown,Task4_EntryRCM_TipCone,0.0,4.747512027271349,13.345444488547775,13.356905967028565,4.699218641471566,13.133934673204346,13.21564603036868,6.010741177693313,18.77263105305523,51.32217504923406,0.4795035105978252,2.9141935199080335
10.32299,0.01108,90.22562,Done,EntryTipCone,160.4157,0.73866,4.76444,13.26755,13.26755,1.0,13.26755,4.76444,0.0,0.0,0.0,0.59897,1.0,6,6,1,0.68717,0.89907,0.07131,0.90815,0.56624,0.0516,0.82,0.7,0.06,0.9,0.56,0.06,-4.93915,-1.046,-0.1189,-66.31272,0.19232,64.12696,double_rcm_log_20260616_135653_209.csv,90.22562,Unknown,Task4_EntryRCM_TipCone,0.0,4.763189319683492,13.389412576166736,13.400987941851545,4.717200300752818,13.192095593719943,13.263487475019483,5.914779111255795,14.836617483743135,78.05833465060125,0.441299793637607,2.796634419645411
10.35519,0.01078,92.76466,Done,EntryTipCone,160.517,0.65023,4.77537,13.30665,13.30665,1.0,13.30665,4.77541,0.0,0.0,0.0,0.59871,1.0,6,6,1,0.6872,0.89897,0.07132,0.90832,0.56622,0.05169,0.82,0.7,0.06,0.9,0.56,0.06,-4.93814,-1.05312,-0.11842,-66.30337,0.18854,64.09537,double_rcm_log_20260616_135653_209.csv,92.76466,Unknown,Task4_EntryRCM_TipCone,0.0,4.774993924609068,13.422518773397899,13.434180389179113,4.73192475107743,13.24188047301203,13.302890663310682,5.886589815616262,14.453901406707644,61.84446020605487,0.41960714772157476,2.9127262239137033
10.38806,0.01202,83.1745,Done,EntryTipCone,160.6204,0.55988,4.78053,13.33186,13.33186,1.0,13.33186,4.78053,0.0,0.0,0.0,0.59845,1.0,6,6,1,0.68725,0.89888,0.0713,0.90848,0.5662,0.05179,0.82,0.7,0.06,0.9,0.56,0.06,-4.93561,-1.05897,-0.11898,-66.3016,0.1849,64.06285,double_rcm_log_20260616_135653_209.csv,83.1745,Unknown,Task4_EntryRCM_TipCone,0.0,4.780050417256874,13.436699611078796,13.448398302640852,4.742809747685695,13.28050746250071,13.332460388090361,5.756697265838622,18.472506991495603,81.89089752601075,0.4104419666552643,3.1895226885519206
10.41939,0.0107,93.42299,Done,EntryTipCone,160.718,0.47374,4.77988,13.34217,13.34217,1.0,13.34217,4.77988,0.0,0.0,0.0,0.59821,1.0,6,6,1,0.6873,0.8988,0.07126,0.90862,0.56617,0.0519,0.82,0.7,0.06,0.9,0.56,0.06,-4.93189,-1.06442,-0.11832,-66.30783,0.18262,64.03256,double_rcm_log_20260616_135653_209.csv,93.42299,Unknown,Task4_EntryRCM_TipCone,0.0,4.779488879948013,13.435124795515177,13.446819365839406,4.745933529052443,13.297223770396517,13.341038190485701,5.886489200119184,17.696289584985955,65.2745142854791,0.4252650583800417,3.084613250630429
10.45178,0.01077,92.84088,Done,EntryTipCone,160.8184,0.38484,4.77327,13.33868,13.33868,1.0,13.33868,4.77327,0.0,0.0,0.0,0.59796,1.0,6,6,1,0.68738,0.89873,0.07121,0.90876,0.56613,0.05203,0.82,0.7,0.06,0.9,0.56,0.06,-4.92661,-1.06866,-0.11863,-66.32197,0.18064,64.00114,double_rcm_log_20260616_135653_209.csv,92.84088,Unknown,Task4_EntryRCM_TipCone,0.0,4.772375483517788,13.415175363952535,13.426817811316152,4.743748254746916,13.299718967534016,13.335493991599987,6.056389068254735,14.722386506626897,83.30931621883326,0.4618038866918495,2.923704796414576
10.48381,0.00941,106.2596,Done,EntryTipCone,160.9167,0.29687,4.76095,13.32084,13.32084,1.0,13.32084,4.76095,0.0,0.0,0.0,0.59771,1.0,6,6,1,0.68746,0.89867,0.07114,0.90889,0.56609,0.05217,0.82,0.7,0.06,0.9,0.56,0.06,-4.9198,-1.07232,-0.11824,-66.34284,0.17689,63.97061,double_rcm_log_20260616_135653_209.csv,106.2596,Unknown,Task4_EntryRCM_TipCone,0.0,4.761320010559378,13.384170017631227,13.395731764358985,4.737858380086762,13.2913543906729,13.320251499127117,6.097841694517034,16.15691631255807,82.89275377623345,0.5077650929957976,2.897914699475427
10.51628,0.01063,94.05774,Done,EntryTipCone,161.0154,0.20836,4.74252,13.28839,13.28839,1.0,13.28839,4.74252,0.0,0.0,0.0,0.59746,1.0,6,6,1,0.68756,0.89863,0.07105,0.90901,0.56604,0.05232,0.82,0.7,0.06,0.9,0.56,0.06,-4.91129,-1.07571,-0.11673,-66.37083,0.17111,63.94049,double_rcm_log_20260616_135653_209.csv,94.05774,Unknown,Task4_EntryRCM_TipCone,0.0,4.743068378303507,13.332981775380734,13.344411109483227,4.726620743946702,13.26819731538534,13.290752424148096,6.203714277753092,19.656037203881517,65.47131827580232,0.5653898605239264,2.9051355835235233
10.54973,0.01163,85.99755,Done,EntryTipCone,161.116,0.11752,4.71734,13.23961,13.23961,1.0,13.23961,4.71734,0.0,0.0,0.0,0.59721,1.0,6,6,1,0.68768,0.89859,0.07093,0.90912,0.56598,0.05249,0.82,0.7,0.06,0.9,0.56,0.06,-4.90076,-1.07841,-0.1147,-66.40669,0.16232,63.9101,double_rcm_log_20260616_135653_209.csv,85.99755,Unknown,Task4_EntryRCM_TipCone,0.0,4.717403928643604,13.261001373814741,13.272246231723642,4.708038360516941,13.224583227401215,13.241408535348498,6.4740667131302,17.95547788388107,75.51053061183191,0.6315587127606459,3.217047502471455
10.58134,0.0115,86.97201,Done,EntryTipCone,161.2096,0.03237,4.68776,13.17949,13.17949,1.0,13.17949,4.68776,0.0,0.0,0.0,0.59698,1.0,6,6,1,0.68781,0.89857,0.07081,0.90921,0.56592,0.05267,0.82,0.7,0.06,0.9,0.56,0.06,-4.88904,-1.08077,-0.11129,-66.44617,0.14933,63.88244,double_rcm_log_20260616_135653_209.csv,86.97201,Unknown,Task4_EntryRCM_TipCone,0.0,4.686874977222553,13.175374169351048,13.186402182098337,4.683528072748438,13.163352974772788,13.175712504452957,6.550043763839752,14.864858743015105,119.34940206278955,0.6977203760624796,4.98001747427629
10.61322,0.01077,92.82879,Done,EntryTipCone,161.3029,0.053,4.65227,13.10529,13.10529,1.0,13.10529,4.65227,0.0,0.0,0.0,0.59674,1.0,6,6,1,0.68795,0.89856,0.07066,0.90929,0.56586,0.05285,0.82,0.7,0.06,0.9,0.56,0.06,-4.87515,-1.08403,-0.10412,-66.48959,0.12699,63.85658,double_rcm_log_20260616_135653_209.csv,92.82879,Unknown,Task4_EntryRCM_TipCone,0.0,4.651554071158061,13.07630188724512,13.087082516265632,4.657450300114169,13.0972125043696,13.105960476058213,6.919692086901547,18.00618627263584,62.26347063555706,0.7940762291488257,11.32010418822392
10.64548,0.01058,94.51407,Done,EntryTipCone,161.3958,0.13846,4.61061,13.01613,13.01613,1.0,13.01613,4.61061,0.0,0.0,0.0,0.59651,1.0,6,6,1,0.6881,0.89856,0.0705,0.90937,0.56578,0.05306,0.82,0.7,0.06,0.9,0.56,0.06,-4.85834,-1.09152,-0.08662,-66.53351,0.08555,63.83518,double_rcm_log_20260616_135653_209.csv,94.51407,Unknown,Task4_EntryRCM_TipCone,0.0,4.61030380692457,12.960591947414377,12.97108837889777,4.623068310274833,13.008930719376472,13.01418072719134,7.31051278458021,16.23178796463379,198.5842270564115,1.102135636718059,38.24004217679377
10.67761,0.00982,101.8474,Done,EntryTipCone,161.4868,0.22258,4.56347,12.91366,12.91366,1.0,12.91366,4.56347,0.0,0.0,0.0,0.59628,1.0,6,6,1,0.68827,0.89857,0.07031,0.90943,0.5657,0.05327,0.82,0.7,0.06,0.9,0.56,0.06,-4.83742,-1.11858,-0.0302,-66.57032,0.00505,63.83034,double_rcm_log_20260616_135653_209.csv,101.8474,Unknown,Task4_EntryRCM_TipCone,0.0,4.562395149113878,12.826196309737382,12.836368989285507,4.584787536786856,12.908705828000112,12.91153747622637,7.3056910457590565,18.554135094184158,4107.180628474074,2.7759871371633538,203.4048637584745
10.71128,0.00645,155.036,Done,EntryTipCone,161.5809,0.30931,4.50806,12.79175,12.79175,1.0,12.79175,4.50806,0.0,0.0,0.0,0.59605,1.0,6,6,1,0.68845,0.89859,0.0701,0.90948,0.56562,0.0535,0.82,0.7,0.06,0.9,0.56,0.06,-4.8069,-1.25673,0.23231,-66.58897,-0.18015,63.90756,double_rcm_log_20260616_135653_209.csv,155.036,Unknown,Task4_EntryRCM_TipCone,0.0,4.5090856222716065,12.676639361311134,12.686459692141918,4.541395576151294,12.793505323465368,12.794717660034483,8.15645999294436,280.64854239841617,6950.550828521632,14.456193669042655,1010.9554481534939
10.74332,0.01126,88.79872,Done,EntryTipCone,161.6595,0.37873,4.45549,12.67529,12.67529,1.0,12.67529,4.45549,0.0,0.0,0.0,0.59586,1.0,6,6,1,0.68858,0.89859,0.06981,0.90954,0.56555,0.05377,0.82,0.7,0.06,0.9,0.56,0.06,-4.76094,-2.11421,1.78395,-66.63348,-0.56774,64.48399,double_rcm_log_20260616_135653_209.csv,88.79872,Unknown,Task4_EntryRCM_TipCone,0.0,4.455412013869797,12.526049915604155,12.535523804029841,4.496483777953162,12.673581789873559,12.67387075837525,22.452483196518585,469.58911724986336,4114.211072505323,66.65478691518271,985.5924480361414
10.77509,0.01041,96.0626,Done,EntryTipCone,161.4431,0.17179,4.55729,12.89914,12.89914,1.0,12.89914,4.55729,0.0,0.0,0.0,0.59645,1.0,6,6,1,0.6872,0.89801,0.06811,0.91005,0.56611,0.05471,0.82,0.7,0.06,0.9,0.56,0.06,-4.69103,-6.12743,8.85517,-67.1189,-1.02485,66.78671,double_rcm_log_20260616_135653_209.csv,96.0626,Unknown,Task4_EntryRCM_TipCone,0.0,4.557309503694121,12.811929288012044,12.822067996338728,4.5804340546115085,12.892520550840535,12.89646075479623,35.1068036518504,28.718230107424887,12523.439514092175,77.27252423875244,568.4587553466718
10.80762,0.00928,107.8037,Done,EntryTipCone,161.2602,0.01299,4.66527,13.1323,13.1323,1.0,13.1323,4.66527,0.0,0.0,0.0,0.59686,1.0,6,6,1,0.6861,0.89754,0.06661,0.91046,0.56658,0.05555,0.82,0.7,0.06,0.9,0.56,0.06,-4.64848,-7.86682,11.87544,-67.42754,-1.10188,67.54623,double_rcm_log_20260616_135653_209.csv,107.8037,Unknown,Task4_EntryRCM_TipCone,0.0,4.665460367185854,13.115308517010758,13.126186097922682,4.668186456119464,13.1238913670978,13.134325258649543,23.43183928155903,333.9164154750054,2669.7588708567755,29.028381428389757,999.9340907539498
10.84,0.01082,92.43066,Done,EntryTipCone,161.2537,0.00729,4.66925,13.14087,13.14087,1.0,13.14087,4.66925,0.0,0.0,0.0,0.59687,1.0,6,6,1,0.68587,0.89742,0.06591,0.9106,0.56666,0.05602,0.82,0.7,0.06,0.9,0.56,0.06,-4.61753,-8.37406,12.75879,-67.5855,-1.1418,67.72874,double_rcm_log_20260616_135653_209.csv,92.43066,Unknown,Task4_EntryRCM_TipCone,0.0,4.668406447370303,13.123572060421907,13.134470255114627,4.668800291079134,13.125624732384486,13.13605724713465,15.105630584095083,152.83641360609488,4977.982350721651,12.345577482349483,279.59911452592155
10.87242,0.01108,90.22948,Done,EntryTipCone,161.2521,0.00602,4.66997,13.14231,13.14231,1.0,13.14231,4.66997,0.0,0.0,0.0,0.59687,1.0,6,6,1,0.68569,0.89732,0.06522,0.91072,0.56674,0.05648,0.82,0.7,0.06,0.9,0.56,0.06,-4.58559,-8.81414,13.52593,-67.74111,-1.18162,67.87653,double_rcm_log_20260616_135653_209.csv,90.22948,Unknown,Task4_EntryRCM_TipCone,0.0,4.66936189780359,13.126252022843138,13.137156908426997,4.671378981781324,13.1320957376017,13.142922049529112,14.924771298279607,18.654088172209452,2214.4097866678508,11.009513422921534,34.101727242132455
10.90551,0.01173,85.26667,Done,EntryTipCone,161.2513,0.00522,4.67035,13.14325,13.14325,1.0,13.14325,4.67035,0.0,0.0,0.0,0.59688,1.0,6,6,1,0.68553,0.89722,0.06451,0.91083,0.5668,0.05696,0.82,0.7,0.06,0.9,0.56,0.06,-4.55173,-9.22519,14.24315,-67.90123,-1.22296,68.00665,double_rcm_log_20260616_135653_209.csv,85.26667,Unknown,Task4_EntryRCM_TipCone,0.0,4.670296315259067,13.12887298590512,13.139784417736365,4.671802566269883,13.133494525888285,13.144219261713456,15.022182766581123,19.627351194849798,103.23487182290295,10.176453545084662,24.204149168130975
10.93682,0.01108,90.28796,Done,EntryTipCone,161.25,0.00416,4.6711,13.14471,13.14471,1.0,13.14471,4.6711,0.0,0.0,0.0,0.59688,1.0,6,6,1,0.68539,0.89715,0.06383,0.91092,0.56685,0.05742,0.82,0.7,0.06,0.9,0.56,0.06,-4.51846,-9.58736,14.87581,-68.05494,-1.26315,68.11531,double_rcm_log_20260616_135653_209.csv,90.28796,Unknown,Task4_EntryRCM_TipCone,0.0,4.671447844372541,13.132102924264318,13.143022426963087,4.672523172516685,13.135630698453388,13.146303663007227,14.981622912034226,18.758067747093904,116.11576721704608,9.500214786034146,21.974975803843964
10.96879,0.0108,92.5584,Done,EntryTipCone,161.2494,0.00362,4.67165,13.14585,13.14585,1.0,13.14585,4.6716,0.0,0.0,0.0,0.59688,1.0,6,6,1,0.68528,0.89709,0.06314,0.91099,0.56689,0.05789,0.82,0.7,0.06,0.9,0.56,0.06,-4.48333,-9.9297,15.47487,-68.21384,-1.30539,68.21286,double_rcm_log_20260616_135653_209.csv,92.5584,Unknown,Task4_EntryRCM_TipCone,0.0,4.670694924465447,13.12999105043523,13.140905275599346,4.670891793372179,13.131024097386764,13.141700803168444,14.799940255858395,15.285458381442448,116.0570698901597,8.844632088429789,19.99281439971303
11.00185,0.0113,88.49402,Done,EntryTipCone,161.2488,0.00317,4.67181,13.14628,13.14628,1.0,13.14628,4.67181,0.0,0.0,0.0,0.59688,1.0,6,6,1,0.68519,0.89703,0.06241,0.91105,0.56693,0.05837,0.82,0.7,0.06,0.9,0.56,0.06,-4.44584,-10.25736,16.04957,-68.38036,-1.35044,68.30179,double_rcm_log_20260616_135653_209.csv,88.49402,Unknown,Task4_EntryRCM_TipCone,0.0,4.671616251423191,13.132575290854577,13.143495974222368,4.67204286261364,13.133868959531837,13.144744196826348,14.77276943996223,15.704873052787578,107.88462867748773,8.266757756528047,17.528103996715362
11.03367,0.01086,92.0724,Done,EntryTipCone,161.2483,0.00271,4.67219,13.14704,13.14704,1.0,13.14704,4.67219,0.0,0.0,0.0,0.59688,1.0,6,6,1,0.68512,0.897,0.06172,0.9111,0.56695,0.05884,0.82,0.7,0.06,0.9,0.56,0.06,-4.40858,-10.55184,16.56736,-68.5432,-1.39532,68.37815,double_rcm_log_20260616_135653_209.csv,92.0724,Unknown,Task4_EntryRCM_TipCone,0.0,4.672149571330226,13.134071204350862,13.144995627282606,4.672928824053049,13.136978929137936,13.1475511027719,14.998532391064636,18.81049757289013,133.18115398820018,7.772337913758204,16.20287762481846
11.06547,0.01046,95.58392,Done,EntryTipCone,161.2477,0.00218,4.67253,13.14776,13.14776,1.0,13.14776,4.67253,0.0,0.0,0.0,0.59688,1.0,6,6,1,0.68508,0.89697,0.06102,0.91113,0.56697,0.05932,0.82,0.7,0.06,0.9,0.56,0.06,-4.37031,-10.82571,17.05041,-68.70826,-1.44147,68.44631,double_rcm_log_20260616_135653_209.csv,95.58392,Unknown,Task4_EntryRCM_TipCone,0.0,4.672597372207966,13.13532724392317,13.146254807430148,4.673802253619066,13.13924251416923,13.149912547237657,14.996742321801834,18.76771434013697,134.34395910884282,7.30636828756351,15.298876800521585
11.09778,0.00977,102.3806,Done,EntryTipCone,161.2473,0.00189,4.67286,13.14844,13.14844,1.0,13.14844,4.67286,0.0,0.0,0.0,0.59688,1.0,6,6,1,0.68505,0.89696,0.0603,0.91114,0.56698,0.0598,0.82,0.7,0.06,0.9,0.56,0.06,-4.33038,-11.0848,17.50903,-68.87838,-1.48993,68.50845,double_rcm_log_20260616_135653_209.csv,102.3806,Unknown,Task4_EntryRCM_TipCone,0.0,4.673155527424475,13.136892815969253,13.147824294845078,4.673045309317084,13.136800921896349,13.147623359375572,14.871521572396011,17.59335360968948,59.88826833263069,6.868266417747115,14.531256585311162
11.13003,0.00965,103.6119,Done,EntryTipCone,161.247,0.0017,4.67307,13.14902,13.14902,1.0,13.14902,4.67307,0.0,0.0,0.0,0.59688,1.0,6,6,1,0.68506,0.89696,0.05959,0.91114,0.56698,0.06028,0.82,0.7,0.06,0.9,0.56,0.06,-4.28955,-11.32477,17.93562,-69.05054,-1.53961,68.56409,double_rcm_log_20260616_135653_209.csv,103.6119,Unknown,Task4_EntryRCM_TipCone,0.0,4.672469384883991,13.134968251533943,13.14589491736221,4.673562880195832,13.138262383646351,13.149083618260178,14.80818403002333,16.869130443692,52.94781312715259,6.450997930694466,13.628009787510166
11.16263,0.0109,91.74419,Done,EntryTipCone,161.247,0.00171,4.67307,13.14894,13.14894,1.0,13.14894,4.67307,0.0,0.0,0.0,0.59688,1.0,6,6,1,0.68508,0.89697,0.05888,0.91112,0.56697,0.06076,0.82,0.7,0.06,0.9,0.56,0.06,-4.24733,-11.54893,18.33615,-69.22678,-1.59126,68.61463,double_rcm_log_20260616_135653_209.csv,91.74419,Unknown,Task4_EntryRCM_TipCone,0.0,4.672829229884146,13.135977582700352,13.146906772538152,4.6724284407619345,13.134957702488174,13.1458320390913,14.89172103328794,15.315220580191127,69.43291914248083,6.074286767791591,12.747975123061119
11.19594,0.00994,100.6097,Done,EntryTipCone,161.2466,0.00142,4.67332,13.14952,13.14952,1.0,13.14952,4.67332,0.0,0.0,0.0,0.59688,1.0,6,6,1,0.68513,0.897,0.05814,0.91109,0.56695,0.06126,0.82,0.7,0.06,0.9,0.56,0.06,-4.20323,-11.76169,18.71838,-69.40938,-1.64546,68.66156,double_rcm_log_20260616_135653_209.csv,100.6097,Unknown,Task4_EntryRCM_TipCone,0.0,4.6729513439552814,13.136320100994146,13.147250147447432,4.673272528076322,13.13754391048789,13.148315481459864,14.8080130207099,16.029389475354495,79.92835235661154,5.7085823659805675,12.373537665944735
11.22908,0.01151,86.91747,Done,EntryTipCone,161.2467,0.0015,4.67332,13.14954,13.14954,1.0,13.14954,4.67332,0.0,0.0,0.0,0.59688,1.0,6,6,1,0.6852,0.89704,0.05742,0.91104,0.56693,0.06174,0.82,0.7,0.06,0.9,0.56,0.06,-4.15852,-11.95531,19.06871,-69.59299,-1.70067,68.70357,double_rcm_log_20260616_135653_209.csv,86.91747,Unknown,Task4_EntryRCM_TipCone,0.0,4.673597687301366,13.138133031287026,13.149067612506574,4.6741339092084315,13.139367740320807,13.150441057242094,14.722455415497423,18.992428504021927,78.99251844324192,5.358934110930014,11.75129924363754
11.26171,0.01181,84.65436,Done,EntryTipCone,161.2465,0.00134,4.67341,13.1498,13.1498,1.0,13.1498,4.67341,0.0,0.0,0.0,0.59689,1.0,6,6,1,0.68529,0.8971,0.05671,0.91098,0.56689,0.06222,0.82,0.7,0.06,0.9,0.56,0.06,-4.11369,-12.13066,19.3884,-69.77586,-1.7563,68.74133,double_rcm_log_20260616_135653_209.csv,84.65436,Unknown,Task4_EntryRCM_TipCone,0.0,4.673694751102177,13.138405285674072,13.149340548004776,4.6744232230938865,13.140590315741266,13.151459994996719,14.895656761011356,18.37677089017347,110.05155836161653,5.049579648935186,11.218814064833277
11.29383,0.01139,87.81635,Done,EntryTipCone,161.2465,0.00109,4.67362,13.15024,13.15024,1.0,13.15024,4.67362,0.0,0.0,0.0,0.59689,1.0,6,6,1,0.68541,0.89716,0.05601,0.9109,0.56684,0.06269,0.82,0.7,0.06,0.9,0.56,0.06,-4.06886,-12.28861,19.67892,-69.95763,-1.8121,68.7754,double_rcm_log_20260616_135653_209.csv,87.81635,Unknown,Task4_EntryRCM_TipCone,0.0,4.672975020896776,13.136386512544297,13.147316725093624,4.672627615069449,13.135824239899767,13.146547075182893,14.926797098681636,15.903868998890701,86.09107050693662,4.754715691838025,11.085116540944838
11.3254,0.01112,89.94733,Done,EntryTipCone,161.2461,0.00085,4.67374,13.15028,13.15028,1.0,13.15028,4.67374,0.0,0.0,0.0,0.59689,1.0,6,6,1,0.68554,0.89724,0.05534,0.91081,0.56679,0.06315,0.82,0.7,0.06,0.9,0.56,0.06,-4.02418,-12.42974,19.94122,-70.13789,-1.86794,68.80616,double_rcm_log_20260616_135653_209.csv,89.94733,Unknown,Task4_EntryRCM_TipCone,0.0,4.673237443103989,13.137122581517682,13.148054635097644,4.673333179993809,13.137715174260682,13.14848660492907,14.966185732365027,15.75985654423943,104.54322403270824,4.476195875576737,10.889594889620872
11.35781,0.01062,94.17348,Done,EntryTipCone,161.2461,0.00095,4.67391,13.15079,13.15079,1.0,13.15079,4.67391,0.0,0.0,0.0,0.59689,1.0,6,6,1,0.6857,0.89733,0.05465,0.9107,0.56673,0.06362,0.82,0.7,0.06,0.9,0.56,0.06,-3.97774,-12.56035,20.187,-70.32428,-1.92614,68.83525,double_rcm_log_20260616_135653_209.csv,94.17348,Unknown,Task4_EntryRCM_TipCone,0.0,4.673316717999479,13.137344939897085,13.14827754967261,4.6734313315515115,13.137789534246286,13.148661528840007,14.903793420014496,18.24263704404717,36.9557405680315,4.205144195112403,10.612223939296502
11.39027,0.0107,93.45497,Done,EntryTipCone,161.246,0.00081,4.67403,13.1511,13.1511,1.0,13.1511,4.67403,0.0,0.0,0.0,0.59689,1.0,6,6,1,0.68588,0.89743,0.05396,0.91058,0.56666,0.06408,0.82,0.7,0.06,0.9,0.56,0.06,-3.93071,-12.67696,20.40983,-70.51218,-1.98524,68.86214,double_rcm_log_20260616_135653_209.csv,93.45497,Unknown,Task4_EntryRCM_TipCone,0.0,4.674350404610841,13.140244328105567,13.151184191995053,4.674101954500805,13.139784566785591,13.150604548841029,14.815017730762307,17.457425254977153,72.96277417258334,3.9519128141950093,10.273736003887505
11.42249,0.01021,97.96897,Done,EntryTipCone,161.2458,0.00051,4.67416,13.15119,13.15119,1.0,13.15119,4.67416,0.0,0.0,0.0,0.59689,1.0,6,6,1,0.68608,0.89755,0.05329,0.91044,0.56658,0.06453,0.82,0.7,0.06,0.9,0.56,0.06,-3.88359,-12.77913,20.6087,-70.69968,-2.04462,68.88696,double_rcm_log_20260616_135653_209.csv,97.96897,Unknown,Task4_EntryRCM_TipCone,0.0,4.673492822821629,13.13783889672267,13.148772742124713,4.672383434462893,13.134931993030552,13.145755969133122,14.847595699044719,14.690354621615246,56.5732948190048,3.721099562179954,10.24180392179723
11.45486,0.00682,146.638,Done,EntryTipCone,161.2456,0.00037,4.67445,13.15179,13.15179,1.0,13.15179,4.67445,0.0,0.0,0.0,0.59689,1.0,6,6,1,0.68631,0.89767,0.05263,0.91029,0.5665,0.06498,0.82,0.7,0.06,0.9,0.56,0.06,-3.83586,-12.86862,20.78689,-70.88898,-2.10486,68.9102,double_rcm_log_20260616_135653_209.csv,146.638,Unknown,Task4_EntryRCM_TipCone,0.0,4.6739105328697494,13.139010532112632,13.149947308717623,4.674121402035734,13.13943383629833,13.150456265848717,14.793863695820738,16.05226939256219,85.23115786882477,3.493747093875089,10.30755040813148
11.48659,0.01041,96.04384,Done,EntryTipCone,161.2458,0.00061,4.67437,13.15183,13.15183,1.0,13.15183,4.67437,0.0,0.0,0.0,0.59689,1.0,6,6,1,0.68655,0.89781,0.05199,0.91013,0.56641,0.06541,0.82,0.7,0.06,0.9,0.56,0.06,-3.78884,-12.9423,20.93845,-71.07478,-2.16427,68.93126,double_rcm_log_20260616_135653_209.csv,96.04384,Unknown,Task4_EntryRCM_TipCone,0.0,4.673791019636331,13.138675309379344,13.149611247268796,4.674659482640599,13.140851746191458,13.151923813647887,14.898683179899729,18.520186907295386,67.66746108710232,3.2901329455939905,9.942726341018924
11.51956,0.01106,90.40417,Done,EntryTipCone,161.2456,0.00043,4.67437,13.15178,13.15178,1.0,13.15178,4.67437,0.0,0.0,0.0,0.59689,1.0,6,6,1,0.68682,0.89797,0.05133,0.90995,0.5663,0.06586,0.82,0.7,0.06,0.9,0.56,0.06,-3.7397,-13.00586,21.07463,-71.26836,-2.22639,68.95181,double_rcm_log_20260616_135653_209.csv,90.40417,Unknown,Task4_EntryRCM_TipCone,0.0,4.67395230161682,13.139127689280482,13.15006475901894,4.675364488397752,13.143349590630933,13.154166640270299,14.857605780657181,17.338636883768647,68.6133098895882,3.1098674237270005,9.685361034872503
11.55279,0.01108,90.22424,Done,EntryTipCone,161.2456,0.00049,4.67454,13.15208,13.15208,1.0,13.15208,4.6745,0.0,0.0,0.0,0.59689,1.0,6,6,1,0.68711,0.89813,0.05068,0.90975,0.56619,0.06629,0.82,0.7,0.06,0.9,0.56,0.06,-3.69001,-13.05633,21.1895,-71.46361,-2.28922,68.97118,double_rcm_log_20260616_135653_209.csv,90.22424,Unknown,Task4_EntryRCM_TipCone,0.0,4.674538571429946,13.140772116871455,13.15171330160578,4.674213970297937,13.139796626455555,13.1507680384074,14.845892906982847,15.998544993923263,33.57543429731414,2.946419291840578,9.720054094858186
11.58474,0.01094,91.40168,Done,EntryTipCone,161.2453,0.00023,4.67462,13.15219,13.15219,1.0,13.15219,4.67462,0.0,0.0,0.0,0.59689,1.0,6,6,1,0.68741,0.89831,0.05007,0.90955,0.56607,0.06671,0.82,0.7,0.06,0.9,0.56,0.06,-3.64216,-13.09201,21.27881,-71.65118,-2.34969,68.98862,double_rcm_log_20260616_135653_209.csv,91.40168,Unknown,Task4_EntryRCM_TipCone,0.0,4.674813499507354,13.141543261876853,13.15248637667258,4.675877143349333,13.144898630267113,13.15566417935628,14.838006376319502,18.608603162574845,25.91595996004623,2.8125592183516996,9.67584622858223
11.61696,0.01075,93.03944,Done,EntryTipCone,161.2454,0.00026,4.67471,13.15247,13.15247,1.0,13.15247,4.67471,0.0,0.0,0.0,0.59689,1.0,6,6,1,0.68773,0.89849,0.04947,0.90933,0.56595,0.06711,0.82,0.7,0.06,0.9,0.56,0.06,-3.59387,-13.11523,21.34783,-71.84005,-2.41062,69.00503,double_rcm_log_20260616_135653_209.csv,93.03944,Unknown,Task4_EntryRCM_TipCone,0.0,4.674962400075272,13.141960912542459,13.152905072750121,4.675033260027339,13.142110005041552,13.153079487329116,14.803748623085637,17.20529745605435,101.57679445553349,2.704765186208293,9.627531121464523
11.64845,0.01006,99.39491,Done,EntryTipCone,161.2453,0.00029,4.67483,13.15281,13.15281,1.0,13.15281,4.67483,0.0,0.0,0.0,0.59689,1.0,6,6,1,0.68807,0.89868,0.04889,0.9091,0.56582,0.0675,0.82,0.7,0.06,0.9,0.56,0.06,-3.54674,-13.1258,21.39528,-72.02406,-2.46997,69.02004,double_rcm_log_20260616_135653_209.csv,99.39491,Unknown,Task4_EntryRCM_TipCone,0.0,4.674466964947753,13.140571267997549,13.151511950074765,4.674093100580997,13.139353923936328,13.150376420467945,14.851587631883897,14.225917919085589,30.30962625841788,2.6274133038495826,9.611326544182825
11.68093,0.00973,102.7699,Done,EntryTipCone,161.2453,0.00017,4.67487,13.15294,13.15294,1.0,13.15294,4.67487,0.0,0.0,0.0,0.59689,1.0,6,6,1,0.68843,0.89889,0.04831,0.90886,0.56568,0.06789,0.82,0.7,0.06,0.9,0.56,0.06,-3.49823,-13.12392,21.42311,-72.21309,-2.53087,69.03438,double_rcm_log_20260616_135653_209.csv,102.7699,Unknown,Task4_EntryRCM_TipCone,0.0,4.675156401177366,13.142505065400465,13.15345058776572,4.6751580889126485,13.142563910966718,13.153482428619377,14.926116889295562,15.883868139986143,115.3427801858132,2.578463189500009,9.575092736710598
11.71349,0.01068,93.65673,Done,EntryTipCone,161.2452,6e-05,4.675,13.153,13.153,1.0,13.153,4.675,0.0,0.0,0.0,0.59689,1.0,6,6,1,0.68881,0.89911,0.04775,0.9086,0.56553,0.06828,0.82,0.7,0.06,0.9,0.56,0.06,-3.44985,-13.10937,21.42999,-72.40138,-2.5914,69.04766,double_rcm_log_20260616_135653_209.csv,93.65673,Unknown,Task4_EntryRCM_TipCone,0.0,4.675351688344277,13.143052825383972,13.153999719050574,4.676287830526562,13.145855386628595,13.156720716044635,14.978206521434823,19.044844868006756,119.60981096446388,2.562964964015135,9.579277345862774
11.74595,0.01069,93.57538,Done,EntryTipCone,161.2451,0.00012,4.67508,13.15316,13.15316,1.0,13.15316,4.67508,0.0,0.0,0.0,0.59689,1.0,6,6,1,0.68921,0.89934,0.0472,0.90833,0.56538,0.06865,0.82,0.7,0.06,0.9,0.56,0.06,-3.40188,-13.08206,21.41562,-72.58782,-2.65114,69.05971,double_rcm_log_20260616_135653_209.csv,93.57538,Unknown,Task4_EntryRCM_TipCone,0.0,4.6758077100027835,13.144331917625326,13.155282013910089,4.677102859284254,13.14785235460378,13.158867732445623,14.896041296658202,20.169073442524294,68.54339873167477,2.5825984419353754,9.582101729113008
11.77778,0.00969,103.1914,Done,EntryTipCone,161.2451,0.00016,4.67512,13.15326,13.15326,1.0,13.15326,4.67512,0.0,0.0,0.0,0.59689,1.0,6,6,1,0.68962,0.89957,0.04668,0.90805,0.56522,0.069,0.82,0.7,0.06,0.9,0.56,0.06,-3.35517,-13.04294,21.38099,-72.76914,-2.70897,69.07031,double_rcm_log_20260616_135653_209.csv,103.1914,Unknown,Task4_EntryRCM_TipCone,0.0,4.675365674672736,13.143092055559839,13.154039047442478,4.675689838571403,13.143862504547924,13.154881223332996,14.797448320825277,17.102404556957737,98.04942110974952,2.633232036985645,9.590243329173413
11.81043,0.0112,89.31612,Done,EntryTipCone,161.2449,0.00012,4.67525,13.1537,13.1537,1.0,13.1537,4.67525,0.0,0.0,0.0,0.59689,1.0,6,6,1,0.69006,0.89982,0.04616,0.90776,0.56505,0.06934,0.82,0.7,0.06,0.9,0.56,0.06,-3.3077,-12.99026,21.32452,-72.9533,-2.76735,69.0799,double_rcm_log_20260616_135653_209.csv,89.31612,Unknown,Task4_EntryRCM_TipCone,0.0,4.674915339604834,13.14182891280835,13.152772742603442,4.6743531508329905,13.140392454038567,13.151262296829147,14.81269759174034,14.376958276200563,55.03632694228984,2.717110959297844,9.663720664351159
11.84229,0.01052,95.02634,Done,EntryTipCone,161.2449,0.00018,4.67533,13.15387,13.15387,1.0,13.15387,4.67533,0.0,0.0,0.0,0.59689,1.0,6,6,1,0.6905,0.90007,0.04568,0.90746,0.56488,0.06967,0.82,0.7,0.06,0.9,0.56,0.06,-3.26185,-12.92636,21.24853,-73.13102,-2.82328,69.08781,double_rcm_log_20260616_135653_209.csv,95.02634,Unknown,Task4_EntryRCM_TipCone,0.0,4.674770133288173,13.141421624108482,13.152364434447707,4.674629901887453,13.141072488722012,13.15199224452327,14.824124276116013,15.681533716947703,50.69240798982205,2.8282714810419716,9.726486416041144
11.87505,0.0108,92.63064,Done,EntryTipCone,161.2448,0.00025,4.67546,13.15413,13.15413,1.0,13.15413,4.67546,0.0,0.0,0.0,0.59689,1.0,6,6,1,0.69096,0.90034,0.0452,0.90715,0.5647,0.06999,0.82,0.7,0.06,0.9,0.56,0.06,-3.21529,-12.84792,21.149,-73.31144,-2.87951,69.09438,double_rcm_log_20260616_135653_209.csv,92.63064,Unknown,Task4_EntryRCM_TipCone,0.0,4.6756520077066055,13.143895189341485,13.154844192066507,4.675101769809871,13.142607749664355,13.153425409375275,14.848099031813257,17.525277901699784,75.88958329943692,2.969530043871684,9.801740463426714
11.90746,0.01067,93.69927,Done,EntryTipCone,161.2448,0.00037,4.6755,13.15425,13.15425,1.0,13.15425,4.6755,0.0,0.0,0.0,0.59689,1.0,6,6,1,0.69144,0.90061,0.04475,0.90682,0.56452,0.0703,0.82,0.7,0.06,0.9,0.56,0.06,-3.16986,-12.75745,21.02889,-73.48742,-2.93374,69.09911,double_rcm_log_20260616_135653_209.csv,93.69927,Unknown,Task4_EntryRCM_TipCone,0.0,4.675489096297883,13.143438240164272,13.154386098774475,4.6754817698112845,13.14307211482093,13.154193247782205,14.922527544668437,17.39556855710731,94.250845709321,3.1343308115011794,9.892874976334111
11.93976,0.01064,94.01852,Done,EntryTipCone,161.2449,0.00043,4.67563,13.15444,13.15444,1.0,13.15444,4.67563,0.0,0.0,0.0,0.59689,1.0,6,6,1,0.69193,0.90089,0.04432,0.90649,0.56433,0.07059,0.82,0.7,0.06,0.9,0.56,0.06,-3.12529,-12.65453,20.88767,-73.66006,-2.98623,69.10192,double_rcm_log_20260616_135653_209.csv,94.01852,Unknown,Task4_EntryRCM_TipCone,0.0,4.675290991456454,13.142882577007668,13.153829044450138,4.675252365089553,13.142525808054714,13.15359646636613,14.874424698845488,17.52900503876168,87.98727107105975,3.3194098938651577,9.978676357248416
11.97215,0.01047,95.54224,Done,EntryTipCone,161.2445,0.00053,4.67571,13.15448,13.15448,1.0,13.15448,4.67571,0.0,0.0,0.0,0.59689,1.0,6,6,1,0.69244,0.90118,0.0439,0.90615,0.56413,0.07087,0.82,0.7,0.06,0.9,0.56,0.06,-3.0814,-12.53848,20.72428,-73.83013,-3.0371,69.10259,double_rcm_log_20260616_135653_209.csv,95.54224,Unknown,Task4_EntryRCM_TipCone,0.0,4.675992902756385,13.144851363360983,13.155802760423693,4.675439150759715,13.143458975709308,13.154326284534669,14.829965262894968,17.376928786706088,69.79115831517225,3.524310261873326,10.113689445552833
12.00471,0.01102,90.74045,Done,EntryTipCone,161.2443,0.00071,4.67584,13.15483,13.15483,1.0,13.15483,4.67584,0.0,0.0,0.0,0.59689,1.0,6,6,1,0.69296,0.90148,0.04351,0.9058,0.56393,0.07113,0.82,0.7,0.06,0.9,0.56,0.06,-3.03812,-12.4088,20.53791,-73.99792,-3.08632,69.10088,double_rcm_log_20260616_135653_209.csv,90.74045,Unknown,Task4_EntryRCM_TipCone,0.0,4.675322579012011,13.142971176775294,13.153917866029442,4.674435350876535,13.140624560733563,13.151494211685614,14.855568478147337,16.251149391327097,67.70645103648172,3.74936869858818,10.360678159679573
12.03687,0.0112,89.25562,Done,EntryTipCone,161.2443,0.00075,4.67596,13.15513,13.15513,1.0,13.15513,4.67596,0.0,0.0,0.0,0.59689,1.0,6,6,1,0.69348,0.90178,0.04315,0.90544,0.56373,0.07138,0.82,0.7,0.06,0.9,0.56,0.06,-2.99629,-12.26761,20.33148,-74.16016,-3.13284,69.0965,double_rcm_log_20260616_135653_209.csv,89.25562,Unknown,Task4_EntryRCM_TipCone,0.0,4.675400734057499,13.143190393432127,13.154137631514695,4.675168827194593,13.142289930426276,13.153360787266474,14.910241548800304,16.173911381562107,67.29477312364298,3.992055999476654,10.506903505055098
12.06893,0.0103,97.04645,Done,EntryTipCone,161.2442,0.0007,4.67596,13.15531,13.15531,1.0,13.15531,4.67596,0.0,0.0,0.0,0.59689,1.0,6,6,1,0.69402,0.90208,0.04281,0.90508,0.56352,0.07161,0.82,0.7,0.06,0.9,0.56,0.06,-2.95556,-12.11352,20.10288,-74.31834,-3.17694,69.08919,double_rcm_log_20260616_135653_209.csv,97.04645,Unknown,Task4_EntryRCM_TipCone,0.0,4.675065696910945,13.14225064941192,13.153195534892978,4.674818547083419,13.14160515895397,13.152524472510947,14.913538560671414,15.573480751060528,87.72597420256045,4.243996152897334,10.628165428037935
12.10252,0.01124,88.9439,Done,EntryTipCone,161.2441,0.00094,4.67621,13.15562,13.15562,1.0,13.15562,4.67621,0.0,0.0,0.0,0.59689,1.0,6,6,1,0.69459,0.90241,0.04247,0.90469,0.5633,0.07184,0.82,0.7,0.06,0.9,0.56,0.06,-2.91402,-11.93843,19.83986,-74.47991,-3.22052,69.07809,double_rcm_log_20260616_135653_209.csv,88.9439,Unknown,Task4_EntryRCM_TipCone,0.0,4.676305246939751,13.145727454856631,13.156681046031338,4.675970052627314,13.144653724555136,13.155671780642734,14.784267260123588,18.16674535660756,83.09729081761598,4.525165959772427,11.000963847572896
12.13473,0.01109,90.1519,Done,EntryTipCone,161.2439,0.0011,4.6763,13.15578,13.15578,1.0,13.15578,4.6763,0.0,0.0,0.0,0.59689,1.0,6,6,1,0.69515,0.90273,0.04217,0.90432,0.56309,0.07204,0.82,0.7,0.06,0.9,0.56,0.06,-2.87532,-11.75628,19.56308,-74.63073,-3.25954,69.06363,double_rcm_log_20260616_135653_209.csv,90.1519,Unknown,Task4_EntryRCM_TipCone,0.0,4.67725074114449,13.148379460984138,13.159339695720602,4.6773403189376195,13.148421373510372,13.159487072070846,14.74779623725453,19.940992611948733,73.643371452827,4.816360117517972,11.35345431439778
12.16709,0.01097,91.14265,Done,EntryTipCone,161.2438,0.00126,4.67642,13.156,13.156,1.0,13.156,4.67642,0.0,0.0,0.0,0.59689,1.0,6,6,1,0.69572,0.90305,0.0419,0.90393,0.56287,0.07222,0.82,0.7,0.06,0.9,0.56,0.06,-2.83763,-11.55929,19.2608,-74.77791,-3.2958,69.04494,double_rcm_log_20260616_135653_209.csv,91.14265,Unknown,Task4_EntryRCM_TipCone,0.0,4.67610598390219,13.145168543732906,13.156120735118396,4.675195091129469,13.142161220227871,13.153334178070581,14.89791676784652,16.093028036187867,119.22851819309372,5.1231588017603915,11.671286141239767
12.19958,0.01067,93.73019,Done,EntryTipCone,161.2437,0.00127,4.67655,13.15647,13.15647,1.0,13.15647,4.67655,0.0,0.0,0.0,0.59689,1.0,6,6,1,0.6963,0.90339,0.04165,0.90354,0.56264,0.07239,0.82,0.7,0.06,0.9,0.56,0.06,-2.80106,-11.34689,18.9319,-74.92117,-3.32895,69.02148,double_rcm_log_20260616_135653_209.csv,93.73019,Unknown,Task4_EntryRCM_TipCone,0.0,4.675749913325804,13.14416980414078,13.155119494487503,4.675147310192787,13.142533475469863,13.153452018386647,14.86928048715785,14.37175133145199,72.28283036031058,5.449059535698837,11.991817825715025
12.23136,0.0105,95.2095,Done,EntryTipCone,161.2437,0.00131,4.67659,13.15662,13.15662,1.0,13.15662,4.67659,0.0,0.0,0.0,0.59689,1.0,6,6,1,0.69688,0.90372,0.04143,0.90315,0.56242,0.07254,0.82,0.7,0.06,0.9,0.56,0.06,-2.76659,-11.12468,18.58499,-75.05672,-3.358,68.99348,double_rcm_log_20260616_135653_209.csv,95.2095,Unknown,Task4_EntryRCM_TipCone,0.0,4.675518068429648,13.1435195039207,13.154467565994453,4.675414996644084,13.143086454043482,13.154105822898023,14.801653413860683,15.94218767185682,81.99957536185549,5.7804874526422045,12.417471519817099
12.26406,0.01082,92.45307,Done,EntryTipCone,161.2433,0.00168,4.67684,13.15693,13.15693,1.0,13.15693,4.67684,0.0,0.0,0.0,0.59689,1.0,6,6,1,0.69747,0.90406,0.04122,0.90275,0.56219,0.07268,0.82,0.7,0.06,0.9,0.56,0.06,-2.73251,-10.88098,18.20165,-75.19128,-3.38415,68.95894,double_rcm_log_20260616_135653_209.csv,92.45307,Unknown,Task4_EntryRCM_TipCone,0.0,4.677455351940888,13.148953371048874,13.159915043846576,4.676885555806309,13.147340239935039,13.158305362013746,14.838161767594134,18.56277051982854,27.824479386462414,6.144958300458417,13.021681284013063
12.29654,0.01041,96.0978,Done,EntryTipCone,161.2431,0.00178,4.67697,13.15737,13.15737,1.0,13.15737,4.67697,0.0,0.0,0.0,0.59689,1.0,6,6,1,0.69807,0.9044,0.04105,0.90234,0.56196,0.0728,0.82,0.7,0.06,0.9,0.56,0.06,-2.70015,-10.62261,17.79224,-75.31977,-3.40594,68.91798,double_rcm_log_20260616_135653_209.csv,96.0978,Unknown,Task4_EntryRCM_TipCone,0.0,4.676842793348671,13.147235213210209,13.158192581152099,4.677157538522781,13.147803794375116,13.158920928404427,14.959409266574626,17.23872444030365,111.62337423768639,6.529605026848442,13.642217936104164
12.32893,0.01081,92.54231,Done,EntryTipCone,161.2428,0.00209,4.67726,13.15789,13.15789,1.0,13.15789,4.67726,0.0,0.0,0.0,0.59689,1.0,6,6,1,0.69868,0.90475,0.0409,0.90193,0.56172,0.0729,0.82,0.7,0.06,0.9,0.56,0.06,-2.66942,-10.3487,17.35527,-75.44271,-3.42318,68.86996,double_rcm_log_20260616_135653_209.csv,92.54231,Unknown,Task4_EntryRCM_TipCone,0.0,4.676222080271972,13.145494181428397,13.156447188356703,4.676225057015808,13.145576676351867,13.156492693723505,14.884337426651543,16.900547294933006,79.97900381234224,6.937646834299416,14.434884795530596
12.36189,0.01073,93.20462,Done,EntryTipCone,161.2424,0.00247,4.67747,13.15826,13.15826,1.0,13.15826,4.67747,0.0,0.0,0.0,0.59689,1.0,6,6,1,0.6993,0.9051,0.04077,0.90151,0.56149,0.07299,0.82,0.7,0.06,0.9,0.56,0.06,-2.63979,-10.05191,16.87872,-75.56226,-3.43577,68.81271,double_rcm_log_20260616_135653_209.csv,93.20462,Unknown,Task4_EntryRCM_TipCone,0.0,4.677660246294713,13.149528076291979,13.160491189269782,4.678330087871119,13.15081009496549,13.162078103399937,14.761405658115073,18.898502401766446,54.70390819884405,7.38634935109588,15.11753556334536
12.39434,0.01071,93.32883,Done,EntryTipCone,161.2421,0.00267,4.67768,13.15884,13.15884,1.0,13.15884,4.67768,0.0,0.0,0.0,0.59689,1.0,6,6,1,0.69991,0.90545,0.04067,0.9011,0.56125,0.07305,0.82,0.7,0.06,0.9,0.56,0.06,-2.61231,-9.74119,16.37663,-75.6743,-3.44274,68.74702,double_rcm_log_20260616_135653_209.csv,93.32883,Unknown,Task4_EntryRCM_TipCone,0.0,4.676999279751628,13.147674140083247,13.15863260765171,4.6760324279102665,13.144728396409898,13.15579720123414,14.727997158036704,16.592753446663536,105.91000692753043,7.844227987042734,16.529396004997277
12.42742,0.01216,82.25641,Done,EntryTipCone,161.2412,0.00339,4.67827,13.16001,13.16001,1.0,13.16001,4.67827,0.0,0.0,0.0,0.59689,1.0,6,6,1,0.70053,0.90581,0.04059,0.90068,0.56101,0.0731,0.82,0.7,0.06,0.9,0.56,0.06,-2.5861,-9.40558,15.83113,-75.78279,-3.44388,68.66983,double_rcm_log_20260616_135653_209.csv,82.25641,Unknown,Task4_EntryRCM_TipCone,0.0,4.678005256630988,13.150495790470652,13.161461328773713,4.676268172128666,13.145394045649017,13.156462290448749,14.867385905612593,14.429529322638922,79.61710963984723,8.393454087562295,18.111818090933443
12.45876,0.01053,94.92624,Done,EntryTipCone,161.241,0.00341,4.67827,13.16007,13.16007,1.0,13.16007,4.67827,0.0,0.0,0.0,0.59689,1.0,6,6,1,0.70113,0.90615,0.04055,0.90027,0.56078,0.07313,0.82,0.7,0.06,0.9,0.56,0.06,-2.56308,-9.06435,15.27302,-75.87989,-3.43821,68.58425,double_rcm_log_20260616_135653_209.csv,94.92624,Unknown,Task4_EntryRCM_TipCone,0.0,4.677235620220566,13.148337048501796,13.159297176969574,4.676129049794994,13.144696854040241,13.155918820059657,14.871704773113505,14.572467465595981,80.65386592017127,8.937302163146285,19.24362370966982
12.49168,0.01147,87.21313,Done,EntryTipCone,161.2401,0.00445,4.67889,13.16132,13.16132,1.0,13.16132,4.67889,0.0,0.0,0.0,0.5969,1.0,6,6,1,0.70175,0.90651,0.04052,0.89985,0.56054,0.07315,0.82,0.7,0.06,0.9,0.56,0.06,-2.54079,-8.68624,14.65131,-75.97614,-3.42524,68.482,double_rcm_log_20260616_135653_209.csv,87.21313,Unknown,Task4_EntryRCM_TipCone,0.0,4.679319668865272,13.154182560734144,13.165157342258755,4.678262485087976,13.150720717307308,13.161937547337027,14.78362504330012,16.802013560232933,107.46370779308641,9.564037691246941,21.327315455678
12.52364,0.01062,94.12688,Done,EntryTipCone,161.2395,0.00486,4.67914,13.16169,13.16169,1.0,13.16169,4.6791,0.0,0.0,0.0,0.5969,1.0,6,6,1,0.70236,0.90685,0.04053,0.89944,0.5603,0.07315,0.82,0.7,0.06,0.9,0.56,0.06,-2.5212,-8.29171,13.99871,-76.06375,-3.40387,68.36639,double_rcm_log_20260616_135653_209.csv,94.12688,Unknown,Task4_EntryRCM_TipCone,0.0,4.67913746820887,13.153671509937976,13.164645009879624,4.6793959042246565,13.154327103218233,13.165337063668375,14.884262869397855,19.08735402002734,93.69365327442432,10.252343252237749,23.383873013084777
12.55669,0.01126,88.84468,Done,EntryTipCone,161.2382,0.00593,4.67986,13.16351,13.16351,1.0,13.16351,4.67986,0.0,0.0,0.0,0.5969,1.0,6,6,1,0.70299,0.90721,0.04055,0.89901,0.56006,0.07313,0.82,0.7,0.06,0.9,0.56,0.06,-2.5031,-7.858,13.27742,-76.14843,-3.37232,68.22947,double_rcm_log_20260616_135653_209.csv,88.84468,Unknown,Task4_EntryRCM_TipCone,0.0,4.681124212622816,13.15924408045283,13.170231560362076,4.6802011127705825,13.156194563194006,13.167406730256348,14.713821652064581,17.506971505511167,95.85035748186442,11.021977140999253,27.211216226000317
12.58917,0.01151,86.869,Done,EntryTipCone,161.2364,0.00728,4.68065,13.16516,13.16516,1.0,13.16516,4.68065,0.0,0.0,0.0,0.5969,1.0,6,6,1,0.7036,0.90756,0.04061,0.8986,0.55983,0.07309,0.82,0.7,0.06,0.9,0.56,0.06,-2.48762,-7.40002,12.51141,-76.22585,-3.32981,68.07349,double_rcm_log_20260616_135653_209.csv,86.869,Unknown,Task4_EntryRCM_TipCone,0.0,4.6804138812200335,13.157251691198596,13.168234171412518,4.679667488954767,13.154383241396715,13.165751023014233,14.628943626386596,14.998254569820016,70.1289774591848,11.969554583624305,31.93134223850965
12.62126,0.01091,91.64713,Done,EntryTipCone,161.2349,0.00885,4.68132,13.16626,13.16626,1.0,13.16626,4.68128,0.0,0.0,0.0,0.59691,1.0,6,6,1,0.7042,0.90791,0.04068,0.89819,0.5596,0.07304,0.82,0.7,0.06,0.9,0.56,0.06,-2.47483,-6.90909,11.6855,-76.2969,-3.27383,67.89326,double_rcm_log_20260616_135653_209.csv,91.64713,Unknown,Task4_EntryRCM_TipCone,0.0,4.682712548042825,13.163699152004279,13.1746978169613,4.681614166169872,13.159574987291718,13.171093348693566,14.647412294596142,17.058126219594893,58.96904578245221,13.021987219020268,36.34385094700452
12.65329,0.01108,90.25759,Done,EntryTipCone,161.2324,0.01112,4.68245,13.16896,13.16896,1.0,13.16896,4.68245,0.0,0.0,0.0,0.59691,1.0,6,6,1,0.70479,0.90825,0.04078,0.89779,0.55937,0.07297,0.82,0.7,0.06,0.9,0.56,0.06,-2.46468,-6.38084,10.79184,-76.36301,-3.20204,67.68478,double_rcm_log_20260616_135653_209.csv,90.25759,Unknown,Task4_EntryRCM_TipCone,0.0,4.683407361903863,13.165648010145556,13.1766515703617,4.681922197900381,13.160546282793073,13.172011995135751,14.681904496078488,17.363310872241694,159.45025603045815,14.23878866558852,44.15156544242165
12.68563,0.01123,89.0233,Done,EntryTipCone,161.2285,0.01431,4.68387,13.17185,13.17185,1.0,13.17185,4.68387,0.0,0.0,0.0,0.59692,1.0,6,6,1,0.70537,0.90859,0.0409,0.89738,0.55914,0.07288,0.82,0.7,0.06,0.9,0.56,0.06,-2.45746,-5.79762,9.7994,-76.42551,-3.10862,67.43695,double_rcm_log_20260616_135653_209.csv,89.0233,Unknown,Task4_EntryRCM_TipCone,0.0,4.684337538782473,13.168257026427982,13.179267142408579,4.681927822827764,13.160257420909971,13.171879137010048,14.530860478711373,16.61064106015959,179.72261758025712,15.804231818642112,57.98591907373224
12.71779,0.01079,92.64323,Done,EntryTipCone,161.2235,0.01877,4.68575,13.1757,13.1757,1.0,13.1757,4.68575,0.0,0.0,0.0,0.59694,1.0,6,6,1,0.70595,0.90892,0.04104,0.89699,0.55892,0.07278,0.82,0.7,0.06,0.9,0.56,0.06,-2.4538,-5.15561,8.70018,-76.48505,-2.98775,67.14281,double_rcm_log_20260616_135653_209.csv,92.64323,Unknown,Task4_EntryRCM_TipCone,0.0,4.686157474002221,13.173361680599152,13.184384630771328,4.682723008956753,13.162299366576693,13.174023682990729,14.251960989004084,16.941920217915847,220.05675686551933,17.908509012460105,71.21841392104746
12.74891,0.00899,111.1875,Done,EntryTipCone,161.2173,0.0244,4.68772,13.17972,13.17972,1.0,13.17972,4.68772,0.0,0.0,0.0,0.59695,1.0,6,6,1,0.70649,0.90923,0.0412,0.89661,0.55872,0.07267,0.82,0.7,0.06,0.9,0.56,0.06,-2.4546,-4.45093,7.48569,-76.54298,-2.83096,66.79396,double_rcm_log_20260616_135653_209.csv,111.1875,Unknown,Task4_EntryRCM_TipCone,0.0,4.687201065334649,13.176288796838644,13.187319110917047,4.684335283423479,13.165631832102163,13.17798922446062,13.871278603527664,20.173169694286635,413.87248274401327,20.222639998471426,74.08671580597188
12.7795,0.00903,110.7635,Done,EntryTipCone,161.2048,0.0353,4.69181,13.18815,13.18815,1.0,13.18815,4.69181,0.0,0.0,0.0,0.59698,1.0,6,6,1,0.70698,0.90953,0.04135,0.89626,0.55853,0.07256,0.82,0.7,0.06,0.9,0.56,0.06,-2.46007,-3.68642,6.15981,-76.60513,-2.62983,66.38653,double_rcm_log_20260616_135653_209.csv,110.7635,Unknown,Task4_EntryRCM_TipCone,0.0,4.691082030547862,13.187174280372542,13.198232008517225,4.687716987551973,13.174466913751743,13.18719454622555,13.161483317100794,35.791182415977616,648.6008855915815,22.36494914063317,73.91558402649292
12.81106,0.01093,91.46537,Done,EntryTipCone,161.1809,0.05698,4.69924,13.20308,13.20308,1.0,13.20308,4.69924,0.0,0.0,0.0,0.59704,1.0,6,6,1,0.70742,0.9098,0.04148,0.89591,0.55836,0.07245,0.82,0.7,0.06,0.9,0.56,0.06,-2.47168,-2.83082,4.66617,-76.68364,-2.35623,65.89576,double_rcm_log_20260616_135653_209.csv,91.46537,Unknown,Task4_EntryRCM_TipCone,0.0,4.69909839126259,13.209658691882378,13.22077318905684,4.695020585861051,13.192946017299752,13.206823993678444,11.835351721933115,58.45256243500034,579.0126405007364,24.57409686821403,59.43809577506786
12.84212,0.01164,85.90682,Done,EntryTipCone,161.142,0.09212,4.71023,13.2254,13.2254,1.0,13.2254,4.71023,0.0,0.0,0.0,0.59714,1.0,6,6,1,0.70776,0.91004,0.04156,0.89561,0.55824,0.07235,0.82,0.7,0.06,0.9,0.56,0.06,-2.49165,-1.92491,3.07309,-76.79328,-1.9841,65.33626,double_rcm_log_20260616_135653_209.csv,85.90682,Unknown,Task4_EntryRCM_TipCone,0.0,4.710356280794167,13.241234556478203,13.252429105450608,4.701903281846011,13.208700745516792,13.224681470644214,9.817078948925277,70.31700628131601,140.26717760647307,25.20326306819878,81.98201146361687
12.88165,0.00956,104.5576,Done,EntryTipCone,161.0611,0.16648,4.73048,13.26496,13.26496,1.0,13.26496,4.73048,0.0,0.0,0.0,0.59734,1.0,6,6,1,0.70801,0.91026,0.04157,0.8953,0.55815,0.07226,0.82,0.7,0.06,0.9,0.56,0.06,-2.53173,-0.85932,1.1827,-77.02009,-1.32614,64.63036,double_rcm_log_20260616_135653_209.csv,104.5576,Unknown,Task4_EntryRCM_TipCone,0.0,4.729775985971014,13.295701288052742,13.30703482665581,4.7151526615370924,13.239848941736485,13.259717191554298,7.4492120889125575,56.68801928458257,643.6955904177413,19.342139086381913,224.998204033911
12.91349,0.00828,120.7676,Done,EntryTipCone,160.9736,0.2471,4.74887,13.29903,13.29903,1.0,13.29903,4.74883,0.0,0.0,0.0,0.59757,1.0,6,6,1,0.70807,0.91039,0.04151,0.89509,0.55814,0.07222,0.82,0.7,0.06,0.9,0.56,0.06,-2.56586,-0.37804,0.32272,-77.24607,-0.78556,64.30664,double_rcm_log_20260616_135653_209.csv,120.7676,Unknown,Task4_EntryRCM_TipCone,0.0,4.7486336263852795,13.348590126688928,13.360059728081888,4.7303661702839195,13.27485888669024,13.300229321331276,6.363199620817576,31.764888193916757,780.9011893687086,11.451902997321573,230.4565589613349
12.9462,0.01236,80.88335,Done,EntryTipCone,160.8766,0.33546,4.76407,13.32401,13.32401,1.0,13.32401,4.76403,0.0,0.0,0.0,0.59781,1.0,6,6,1,0.70809,0.9105,0.04144,0.8949,0.55814,0.07217,0.82,0.7,0.06,0.9,0.56,0.06,-2.59345,-0.18756,-0.01772,-77.44979,-0.3513,64.19479,double_rcm_log_20260616_135653_209.csv,80.88335,Unknown,Task4_EntryRCM_TipCone,0.0,4.764130549828961,13.392052291549035,13.403634518663601,4.740063930981082,13.294381751471049,13.325858321324006,5.969752774365237,19.726262767206347,433.63669111622977,5.987822231363848,143.18713397133902
12.98568,0.01098,91.04669,Done,EntryTipCone,160.7562,0.44406,4.77479,13.33535,13.33535,1.0,13.33535,4.77479,0.0,0.0,0.0,0.59811,1.0,6,6,1,0.70809,0.91063,0.04138,0.89468,0.55816,0.07209,0.82,0.7,0.06,0.9,0.56,0.06,-2.61452,-0.13025,-0.11534,-77.61452,-0.02253,64.19109,double_rcm_log_20260616_135653_209.csv,91.04669,Unknown,Task4_EntryRCM_TipCone,0.0,4.77509063966683,13.422790009923174,13.434452334113852,4.744190591642837,13.295509074061881,13.336270093245721,5.8910825233821775,16.83985197875621,70.77309860443135,2.650776048807332,66.93609662389528
13.01624,0.00928,107.7017,Done,EntryTipCone,160.6618,0.52799,4.77688,13.32913,13.32913,1.0,13.32913,4.77688,0.0,0.0,0.0,0.59835,1.0,6,6,1,0.70807,0.91073,0.04136,0.89452,0.55817,0.07201,0.82,0.7,0.06,0.9,0.56,0.06,-2.62161,-0.11946,-0.12652,-77.67075,0.08401,64.21581,double_rcm_log_20260616_135653_209.csv,107.7017,Unknown,Task4_EntryRCM_TipCone,0.0,4.776323827035248,13.426248469652844,13.437919829092944,4.741064750030713,13.279405049230897,13.327392843313376,5.960933089833864,15.255658580572243,76.06677133597594,1.1773339014350268,37.291416414669506
13.0526,0.01188,84.19339,Done,EntryTipCone,160.5488,0.62829,4.77253,13.30456,13.30456,1.0,13.30456,4.77253,0.0,0.0,0.0,0.59863,1.0,6,6,1,0.70803,0.91084,0.04135,0.89433,0.5582,0.0719,0.82,0.7,0.06,0.9,0.56,0.06,-2.62558,-0.11127,-0.12929,-77.69094,0.1252,64.25014,double_rcm_log_20260616_135653_209.csv,84.19339,Unknown,Task4_EntryRCM_TipCone,0.0,4.772821971026268,13.41642753868632,13.428073253096253,4.732453497617166,13.245215159271124,13.304093355054338,5.9294240264558535,16.022046210591302,80.01723951667314,0.5244437467273504,14.920919633980049
13.09144,0.01218,82.0993,Done,EntryTipCone,160.4277,0.73504,4.75959,13.25819,13.25819,1.0,13.25819,4.75959,0.0,0.0,0.0,0.59893,1.0,6,6,1,0.70797,0.91095,0.04138,0.89415,0.55823,0.07177,0.82,0.7,0.06,0.9,0.56,0.06,-2.62989,-0.10548,-0.12696,-77.68889,0.13982,64.28909,double_rcm_log_20260616_135653_209.csv,82.0993,Unknown,Task4_EntryRCM_TipCone,0.0,4.759970096215731,13.380384115431545,13.391936033925003,4.716837210718694,13.191791970184187,13.262288641105672,5.821433878113344,18.208818065095617,51.32345988194141,0.43240104365028875,6.034980958942975
13.13157,0.01025,97.58499,Done,EntryTipCone,160.3018,0.84514,4.73739,13.18882,13.18882,1.0,13.18882,4.73739,0.0,0.0,0.0,0.59925,1.0,6,6,1,0.70789,0.91105,0.04144,0.89398,0.55827,0.07161,0.82,0.7,0.06,0.9,0.56,0.06,-2.63585,-0.09687,-0.12988,-77.67013,0.14347,64.32706,double_rcm_log_20260616_135653_209.csv,97.58499,Unknown,Task4_EntryRCM_TipCone,0.0,4.737399115466376,13.31708157389393,13.328469985085468,4.690507568290537,13.108053954021504,13.191868707654734,6.024118223759455,18.031511041357497,73.94576963871803,0.4848568156286206,3.5190203190197997
13.17236,0.01081,92.51775,Done,EntryTipCone,160.1735,0.95603,4.70549,13.09574,13.09574,1.0,13.09574,4.70549,0.0,0.0,0.0,0.59957,1.0,6,6,1,0.70778,0.91115,0.04153,0.89382,0.55831,0.07142,0.82,0.7,0.06,0.9,0.56,0.06,-2.64411,-0.09198,-0.12699,-77.6374,0.14282,64.36795,double_rcm_log_20260616_135653_209.csv,92.51775,Unknown,Task4_EntryRCM_TipCone,0.0,4.704899182692035,13.225928679439278,13.237084376656886,4.654071204831167,12.996488519833159,13.09446066090548,6.199981733377278,16.430732647886714,108.59652742148113,0.556764429208136,2.9765805315962477
13.20413,0.00946,105.6883,Done,EntryTipCone,160.0737,1.04211,4.6745,13.00817,13.00817,1.0,13.00817,4.6745,0.0,0.0,0.0,0.59982,1.0,6,6,1,0.70769,0.91122,0.04162,0.89371,0.55835,0.07126,0.82,0.7,0.06,0.9,0.56,0.06,-2.65246,-0.08651,-0.12866,-77.60544,0.146,64.3979,double_rcm_log_20260616_135653_209.csv,105.6883,Unknown,Task4_EntryRCM_TipCone,0.0,4.674133125069732,13.139634880942793,13.150573219761103,4.6196768712887355,12.892807118103333,13.002853532975003,6.357251059973353,11.643630987224672,142.9754126356329,0.6236246227690224,3.123386803528369
13.23427,0.01049,95.35928,Done,EntryTipCone,159.9787,1.12316,4.63992,12.91267,12.91267,1.0,12.91267,4.63992,0.0,0.0,0.0,0.60006,1.0,6,6,1,0.70758,0.91129,0.04173,0.89361,0.5584,0.0711,0.82,0.7,0.06,0.9,0.56,0.06,-2.66144,-0.08284,-0.12802,-77.56679,0.1447,64.42712,double_rcm_log_20260616_135653_209.csv,95.35928,Unknown,Task4_EntryRCM_TipCone,0.0,4.638923575189192,13.040873160364088,13.05156623267828,4.583503173158925,12.783960443281456,12.907443588875381,6.475364382437643,12.468914516499142,144.97000887297636,0.7009581212146209,2.9395581163798825
13.26532,0.00888,112.5814,Done,EntryTipCone,159.8815,1.20579,4.59909,12.80196,12.80196,1.0,12.80196,4.59909,0.0,0.0,0.0,0.60031,1.0,6,6,1,0.70747,0.91135,0.04186,0.89351,0.55844,0.07093,0.82,0.7,0.06,0.9,0.56,0.06,-2.6722,-0.08002,-0.12646,-77.52119,0.14517,64.45734,double_rcm_log_20260616_135653_209.csv,112.5814,Unknown,Task4_EntryRCM_TipCone,0.0,4.599890253082588,12.931380120116422,12.941805604525452,4.5453464826143595,12.670381816844179,12.806974662269,6.734547637933224,19.802761330293993,173.8541040266778,0.7668716678297087,2.6909386262525428
13.29738,0.00989,101.1566,Done,EntryTipCone,159.7816,1.29058,4.55182,12.67507,12.67507,1.0,12.67507,4.55182,0.0,0.0,0.0,0.60056,1.0,6,6,1,0.70733,0.9114,0.04201,0.89342,0.55849,0.07073,0.82,0.7,0.06,0.9,0.56,0.06,-2.68462,-0.07563,-0.12821,-77.46707,0.14486,64.48679,double_rcm_log_20260616_135653_209.csv,101.1566,Unknown,Task4_EntryRCM_TipCone,0.0,4.551725862846036,12.79626509794479,12.806366595688708,4.496130048027482,12.52569574299784,12.677121124293185,7.079684731258912,19.252628278706176,131.7200937335011,0.8360582522170581,2.7637341968641467
13.32815,0.01108,90.22684,Done,EntryTipCone,159.6858,1.37076,4.50119,12.54093,12.54093,1.0,12.54093,4.50119,0.0,0.0,0.0,0.6008,1.0,6,6,1,0.70719,0.91145,0.04217,0.89335,0.55855,0.07053,0.82,0.7,0.06,0.9,0.56,0.06,-2.69824,-0.07372,-0.12669,-77.41019,0.14832,64.5161,double_rcm_log_20260616_135653_209.csv,90.22684,Unknown,Task4_EntryRCM_TipCone,0.0,4.500944006615818,12.65379753673405,12.663564782359918,4.443253817924321,12.37104622153621,12.538177698533419,7.310041948308424,11.903463271825684,166.31758786366015,0.9124416740461949,2.9470165595615825
13.35888,0.00997,100.26,Done,EntryTipCone,159.5906,1.45014,4.44572,12.39555,12.39555,1.0,12.39555,4.44572,0.0,0.0,0.0,0.60104,1.0,6,6,1,0.70704,0.9115,0.04235,0.89328,0.55861,0.07032,0.82,0.7,0.06,0.9,0.56,0.06,-2.71304,-0.07408,-0.12181,-77.34691,0.15069,64.54652,double_rcm_log_20260616_135653_209.csv,100.26,Unknown,Task4_EntryRCM_TipCone,0.0,4.445747643037475,12.498933886381085,12.508346273548451,4.387785508567695,12.209338166401118,12.393260265160283,7.455619045872773,12.286665250138286,72.1068396788044,0.9935833238929329,3.425394470106433
13.39176,0.01295,77.21792,Done,EntryTipCone,159.4909,1.53387,4.38151,12.22819,12.22819,1.0,12.22819,4.38151,0.0,0.0,0.0,0.60129,1.0,6,6,1,0.70687,0.91154,0.04256,0.89322,0.55867,0.07009,0.82,0.7,0.06,0.9,0.56,0.06,-2.72966,-0.06881,-0.1273,-77.26965,0.14665,64.57394,double_rcm_log_20260616_135653_209.csv,77.21792,Unknown,Task4_EntryRCM_TipCone,0.0,4.382174940161349,12.3205544954886,12.329568943448733,4.324972842883934,12.027695539877971,12.228875663772214,7.642647805378305,16.078775274692326,96.46733988680158,1.0728113873603076,2.670429673905682
13.43074,0.00957,104.4955,Done,EntryTipCone,159.3718,1.63142,4.29797,12.01295,12.01295,1.0,12.01295,4.29797,0.0,0.0,0.0,0.60159,1.0,6,6,1,0.70664,0.91158,0.04284,0.89316,0.55875,0.0698,0.82,0.7,0.06,0.9,0.56,0.06,-2.75189,-0.06827,-0.12493,-77.17233,0.14926,64.60984,double_rcm_log_20260616_135653_209.csv,104.4955,Unknown,Task4_EntryRCM_TipCone,0.0,4.297940685586815,12.084177288028458,12.092681954800963,4.243301893593391,11.792366761857238,12.016159952330913,8.061898975330616,15.199635518998768,105.06958891613768,1.169233490697605,2.418850393459609
13.46282,0.01068,93.62431,Done,EntryTipCone,159.2764,1.71018,4.22387,11.82333,11.82333,1.0,11.82333,4.22387,0.0,0.0,0.0,0.60183,1.0,6,6,1,0.70645,0.9116,0.04308,0.89313,0.55883,0.06955,0.82,0.7,0.06,0.9,0.56,0.06,-2.77118,-0.0676,-0.12426,-77.08301,0.14596,64.63813,double_rcm_log_20260616_135653_209.csv,93.62431,Unknown,Task4_EntryRCM_TipCone,0.0,4.224176380234101,11.87715926496385,11.88523361138717,4.168543717386565,11.577720912963063,11.82236439972989,8.31307272398448,11.834130549902214,52.16940439245872,1.2227929208249926,2.398967142491578
13.49509,0.01143,87.45689,Done,EntryTipCone,159.181,1.78775,4.14416,11.62071,11.62071,1.0,11.62071,4.14416,0.0,0.0,0.0,0.60207,1.0,6,6,1,0.70624,0.91162,0.04335,0.8931,0.5589,0.06929,0.82,0.7,0.06,0.9,0.56,0.06,-2.79295,-0.06643,-0.12579,-76.99244,0.15613,64.66511,double_rcm_log_20260616_135653_209.csv,87.45689,Unknown,Task4_EntryRCM_TipCone,0.0,4.144324866242866,11.653035435319417,11.660660581037158,4.092080930593696,11.359209411818208,11.624289225582809,8.581241751314193,13.98485843263342,73.82643602691282,1.2975259403437294,3.05082635818368
13.53533,0.01105,90.47047,Done,EntryTipCone,159.0651,1.88263,4.03837,11.35347,11.35347,1.0,11.35347,4.03837,0.0,0.0,0.0,0.60237,1.0,6,6,1,0.70597,0.91164,0.0437,0.89308,0.559,0.06895,0.82,0.7,0.06,0.9,0.56,0.06,-2.82035,-0.06682,-0.12505,-76.86312,0.14966,64.69904,double_rcm_log_20260616_135653_209.csv,90.47047,Unknown,Task4_EntryRCM_TipCone,0.0,4.039129100082405,11.357741958339338,11.364801184476253,3.988460997793197,11.063881708583965,11.357328030835445,9.0814207049614,13.914766942099792,80.16432045166832,1.4243921426414086,2.7551128177655375
13.5743,0.00923,108.3746,Done,EntryTipCone,158.9544,1.97214,3.92875,11.07936,11.07936,1.0,11.07936,3.92875,0.0,0.0,0.0,0.60264,1.0,6,6,1,0.70569,0.91164,0.04407,0.89308,0.5591,0.0686,0.82,0.7,0.06,0.9,0.56,0.06,-2.84898,-0.06655,-0.12688,-76.73013,0.14643,64.72997,double_rcm_log_20260616_135653_209.csv,108.3746,Unknown,Task4_EntryRCM_TipCone,0.0,3.927859379168499,11.045356727747897,11.051848585797183,3.8788027109617778,10.752861229244287,11.075034988658071,9.357057608771248,10.876829998541846,117.12172409948121,1.498601672233028,2.202779914423243
13.60568,0.01073,93.22143,Done,EntryTipCone,158.8671,2.04209,3.83558,10.84765,10.84765,1.0,10.84765,3.83558,0.0,0.0,0.0,0.60287,1.0,6,6,1,0.70545,0.91164,0.04438,0.89308,0.55919,0.06832,0.82,0.7,0.06,0.9,0.56,0.06,-2.8735,-0.06942,-0.12397,-76.61826,0.14652,64.75603,double_rcm_log_20260616_135653_209.csv,93.22143,Unknown,Task4_EntryRCM_TipCone,0.0,3.835868941761249,10.787065796937801,10.793112218286963,3.790782350686744,10.502950794163347,10.851953741147296,9.529640888658433,15.880942243581906,133.9786250527022,1.5484169840438267,2.0971469020529385
13.63706,0.01142,87.57346,Done,EntryTipCone,158.7819,2.11044,3.73869,10.60817,10.60817,1.0,10.60817,3.73869,0.0,0.0,0.0,0.60308,1.0,6,6,1,0.70521,0.91163,0.0447,0.8931,0.55928,0.06803,0.82,0.7,0.06,0.9,0.56,0.06,-2.89927,-0.07173,-0.12307,-76.50314,0.1503,64.78049,double_rcm_log_20260616_135653_209.csv,87.57346,Unknown,Task4_EntryRCM_TipCone,0.0,3.739888169536178,10.517541164722878,10.52314504679477,3.6963521135071153,10.236173338478842,10.611752918344841,9.947243109047916,15.29360689476293,134.2916464759982,1.6189029400642447,2.648016985137584
13.66765,0.01123,89.07381,Done,EntryTipCone,158.6998,2.17528,3.63986,10.36563,10.36563,1.0,10.36563,3.63986,0.0,0.0,0.0,0.60329,1.0,6,6,1,0.70496,0.91161,0.04504,0.89313,0.55936,0.06773,0.82,0.7,0.06,0.9,0.56,0.06,-2.92515,-0.07429,-0.12231,-76.38306,0.14868,64.80373,double_rcm_log_20260616_135653_209.csv,89.07381,Unknown,Task4_EntryRCM_TipCone,0.0,3.6388739993549826,10.233850331285728,10.23901235928593,3.5984753154038502,9.9609707589943,10.361438124121607,10.199756973225911,11.161419061386642,161.24061163156603,1.691619951551981,2.244725852000882
13.70688,0.01029,97.19965,Done,EntryTipCone,158.5983,2.25583,3.50816,10.04468,10.04468,1.0,10.04468,3.50816,0.0,0.0,0.0,0.60355,1.0,6,6,1,0.70463,0.91158,0.04548,0.89317,0.55948,0.06735,0.82,0.7,0.06,0.9,0.56,0.06,-2.95978,-0.07602,-0.12549,-76.22361,0.14894,64.83066,double_rcm_log_20260616_135653_209.csv,97.19965,Unknown,Task4_EntryRCM_TipCone,0.0,3.508253140005143,9.86696426584567,9.871590203652003,3.4731493542746135,9.60806920490035,10.046979645644758,10.524349493847366,11.270111884521599,81.66536728875474,1.7586269217378243,1.9220579571636125
13.73746,0.01006,99.3863,Done,EntryTipCone,158.5214,2.31637,3.40116,9.78616,9.78616,1.0,9.78616,3.40116,0.0,0.0,0.0,0.60374,1.0,6,6,1,0.70436,0.91155,0.04584,0.89322,0.55958,0.06704,0.82,0.7,0.06,0.9,0.56,0.06,-2.98796,-0.08086,-0.12284,-76.09468,0.1503,64.85299,double_rcm_log_20260616_135653_209.csv,99.3863,Unknown,Task4_EntryRCM_TipCone,0.0,3.400283144835886,9.563660837890586,9.567872741634826,3.3676549087535164,9.31189776576186,9.782964785789646,10.702298067333407,9.73027174970638,89.27364448336517,1.811234102571169,2.034541442968273
13.76847,0.01088,91.8966,Done,EntryTipCone,158.4457,2.37581,3.2892,9.51762,9.51762,1.0,9.51762,3.2892,0.0,0.0,0.0,0.60393,1.0,6,6,1,0.70409,0.91151,0.04622,0.89327,0.55968,0.06673,0.82,0.7,0.06,0.9,0.56,0.06,-3.01758,-0.08383,-0.12459,-75.96002,0.15351,64.87296,double_rcm_log_20260616_135653_209.csv,91.8966,Unknown,Task4_EntryRCM_TipCone,0.0,3.2895110410243737,9.25245059382018,9.256264178219437,3.2627370036354835,9.01761575174694,9.523035230429437,10.857343033559584,11.158953378825858,36.453951260055355,1.8736611167960604,2.172568907267289
13.80785,0.0101,99.0097,Done,EntryTipCone,158.3528,2.44825,3.14267,9.16942,9.16942,1.0,9.16942,3.14267,0.0,0.0,0.0,0.60417,1.0,6,6,1,0.70372,0.91145,0.04671,0.89336,0.55981,0.06632,0.82,0.7,0.06,0.9,0.56,0.06,-3.05575,-0.08932,-0.12472,-75.7803,0.15003,64.8981,double_rcm_log_20260616_135653_209.csv,99.0097,Unknown,Task4_EntryRCM_TipCone,0.0,3.1422982299407174,8.83880816927337,8.8421323861391,3.1198894845252814,8.618293245274176,9.168865796814774,11.284184049242066,10.427080023948056,87.10453683164646,1.9492657802432198,1.9630636414826035
13.83876,0.01039,96.21881,Done,EntryTipCone,158.2835,2.5029,3.02382,8.88947,8.88947,1.0,8.88947,3.02382,0.0,0.0,0.0,0.60434,1.0,6,6,1,0.70343,0.9114,0.04711,0.89343,0.55991,0.06599,0.82,0.7,0.06,0.9,0.56,0.06,-3.087,-0.09538,-0.12306,-75.63591,0.15108,64.91753,double_rcm_log_20260616_135653_209.csv,96.21881,Unknown,Task4_EntryRCM_TipCone,0.0,3.023782168520554,8.505756100085694,8.50871823403518,3.006765966624278,8.30248248324658,8.891181023913582,11.427129967693423,11.940347768122606,58.10466287018149,2.0018417709437455,1.9362774080315674
13.87086,0.01199,83.40524,Done,EntryTipCone,158.212,2.55718,2.89712,8.59493,8.59493,1.0,8.59493,2.89712,0.0,0.0,0.0,0.60452,1.0,6,6,1,0.70312,0.91133,0.04754,0.89352,0.56002,0.06565,0.82,0.7,0.06,0.9,0.56,0.06,-3.12005,-0.10236,-0.12073,-75.48077,0.14923,64.93735,double_rcm_log_20260616_135653_209.csv,83.40524,Unknown,Task4_EntryRCM_TipCone,0.0,2.897033745065442,8.149529333265052,8.152134407213534,2.8862287523017747,7.966507679992879,8.597284454989293,11.708697268475223,12.279492788590156,39.35190349287219,2.0578620436039405,1.6219510848359613
13.90914,0.00954,104.8374,Done,EntryTipCone,158.1334,2.61902,2.74224,8.23861,8.23861,1.0,8.23861,2.74224,0.0,0.0,0.0,0.60472,1.0,6,6,1,0.70274,0.91125,0.04806,0.89364,0.56016,0.06523,0.82,0.7,0.06,0.9,0.56,0.06,-3.16046,-0.10614,-0.12768,-75.2903,0.14742,64.95524,double_rcm_log_20260616_135653_209.csv,104.8374,Unknown,Task4_EntryRCM_TipCone,0.0,2.7416357619172413,7.712728662925356,7.714936646856923,2.7359853290475895,7.548196830012843,8.235781687247446,12.036100445798855,9.392508046246814,77.97649765981069,2.091152485203916,1.6695634039265617
13.93986,0.01044,95.79356,Done,EntryTipCone,158.0709,2.66569,2.61457,7.94967,7.94967,1.0,7.94967,2.61457,0.0,0.0,0.0,0.60488,1.0,6,6,1,0.70243,0.91117,0.04849,0.89374,0.56027,0.06489,0.82,0.7,0.06,0.9,0.56,0.06,-3.19452,-0.11728,-0.1201,-75.13792,0.15573,64.97443,double_rcm_log_20260616_135653_209.csv,95.79356,Unknown,Task4_EntryRCM_TipCone,0.0,2.6141003887066474,7.35420312252797,7.356117109917798,2.6151152316542388,7.212162910400345,7.948119274394451,12.160901364979667,9.637996677255085,31.954523927478835,2.1375974359990493,2.339140626692012
13.97161,0.01135,88.14128,Done,EntryTipCone,158.0112,2.71176,2.48033,7.64965,7.64965,1.0,7.64965,2.48033,0.0,0.0,0.0,0.60503,1.0,6,6,1,0.70211,0.91108,0.04895,0.89386,0.56039,0.06454,0.82,0.7,0.06,0.9,0.56,0.06,-3.22953,-0.12283,-0.12358,-74.97263,0.15442,64.98832,double_rcm_log_20260616_135653_209.csv,88.14128,Unknown,Task4_EntryRCM_TipCone,0.0,2.479223317980922,6.974999104104297,6.976631873724439,2.486865320388815,6.85607019082643,7.646129739940361,12.290517799015674,8.343161695990284,34.972871438852096,2.2016741215881566,1.9383479549190987
14.01095,0.01024,97.68199,Done,EntryTipCone,157.9411,2.76559,2.31071,7.27804,7.27804,1.0,7.27804,2.31071,0.0,0.0,0.0,0.60521,1.0,6,6,1,0.7017,0.91097,0.04952,0.89401,0.56053,0.0641,0.82,0.7,0.06,0.9,0.56,0.06,-3.27384,-0.13355,-0.12243,-74.7637,0.15334,65.00653,double_rcm_log_20260616_135653_209.csv,97.68199,Unknown,Task4_EntryRCM_TipCone,0.0,2.310791981164743,6.501403952212499,6.502726061006018,2.328880540980119,6.4181067181961575,7.278117888575355,12.483790329741339,8.540716635334492,16.95582802926315,2.2388622166205456,1.3674773075489868
14.04137,0.01049,95.36501,Done,EntryTipCone,157.8896,2.80418,2.17736,6.99229,6.99229,1.0,6.99229,2.17736,0.0,0.0,0.0,0.60534,1.0,6,6,1,0.70137,0.91087,0.04997,0.89414,0.56065,0.06376,0.82,0.7,0.06,0.9,0.56,0.06,-3.30897,-0.14259,-0.12133,-74.60072,0.15632,65.01968,double_rcm_log_20260616_135653_209.csv,95.36501,Unknown,Task4_EntryRCM_TipCone,0.0,2.177318916789188,6.126064350853567,6.1271703523867584,2.2033037795460375,6.070154477821422,6.992832044315066,12.645794409296043,8.903790559357931,35.526300753796825,2.2843216221416016,1.6171919935596184
14.07323,0.01175,85.09756,Done,EntryTipCone,157.8404,2.84215,2.03557,6.69479,6.69479,1.0,6.69479,2.03557,0.0,0.0,0.0,0.60546,1.0,6,6,1,0.70103,0.91075,0.05045,0.89428,0.56077,0.0634,0.82,0.7,0.06,0.9,0.56,0.06,-3.34579,-0.15079,-0.12327,-74.42377,0.15234,65.03098,double_rcm_log_20260616_135653_209.csv,85.09756,Unknown,Task4_EntryRCM_TipCone,0.0,2.0359125471660597,5.728379278537766,5.729283493886426,2.072258888458464,5.707541030547685,6.6986043322471716,12.848986689672056,10.359823915144746,27.914231421120792,2.3256396820201273,1.2206837971008975
14.11264,0.01004,99.63273,Done,EntryTipCone,157.7827,2.8855,1.85762,6.33332,6.33332,1.0,6.33332,1.85762,0.0,0.0,0.0,0.60561,1.0,6,6,1,0.7006,0.91061,0.05105,0.89447,0.56093,0.06295,0.82,0.7,0.06,0.9,0.56,0.06,-3.39271,-0.16538,-0.11943,-74.20488,0.15586,65.04624,double_rcm_log_20260616_135653_209.csv,99.63273,Unknown,Task4_EntryRCM_TipCone,0.0,1.8584068256823616,5.229120873980039,5.229808611327086,1.9059540116154867,5.247655300593443,6.336268618043304,13.036221199243498,8.248141459072505,97.19129476187443,2.359396856577047,1.136322583804197
14.1429,0.01,99.95325,Done,EntryTipCone,157.7415,2.91577,1.71965,6.06314,6.06314,1.0,6.06314,1.71965,0.0,0.0,0.0,0.60571,1.0,6,6,1,0.70027,0.91048,0.05152,0.89463,0.56105,0.06261,0.82,0.7,0.06,0.9,0.56,0.06,-3.42893,-0.17444,-0.12107,-74.03248,0.15491,65.055,double_rcm_log_20260616_135653_209.csv,99.95325,Unknown,Task4_EntryRCM_TipCone,0.0,1.720789477961331,4.842019029821242,4.8425650233958955,1.778354881287109,4.89533309937598,6.062301543143483,13.167500093960108,6.121785148504134,33.58909277028718,2.390465322350027,1.0564018580427064
14.17408,0.01122,89.13582,Done,EntryTipCone,157.7038,2.94469,1.57669,5.79289,5.79289,1.0,5.79289,1.57669,0.0,0.0,0.0,0.60581,1.0,6,6,1,0.69993,0.91035,0.05201,0.89479,0.56118,0.06225,0.82,0.7,0.06,0.9,0.56,0.06,-3.46668,-0.18571,-0.12044,-73.8538,0.15568,65.06377,double_rcm_log_20260616_135653_209.csv,89.13582,Unknown,Task4_EntryRCM_TipCone,0.0,1.5776019956746619,4.439219414351488,4.439640141514994,1.6480768430010146,4.535543390394839,5.796464439639082,13.372553097034187,9.34065471692162,128.71499456670088,2.4100511516324494,1.0939298550248233
14.20437,0.0107,93.42262,Done,EntryTipCone,157.6687,2.97024,1.43709,5.54227,5.54227,1.0,5.54227,1.43709,0.0,0.0,0.0,0.6059,1.0,6,6,1,0.69959,0.91022,0.05249,0.89496,0.5613,0.0619,0.82,0.7,0.06,0.9,0.56,0.06,-3.50373,-0.19549,-0.12263,-73.67841,0.15698,65.07037,double_rcm_log_20260616_135653_209.csv,93.42262,Unknown,Task4_EntryRCM_TipCone,0.0,1.4374451257772407,4.044918323337927,4.0452365858817645,1.521642629797209,4.186896041405715,5.540902453572014,13.41498195271588,9.861374943974376,66.73464359626284,2.4216828111659505,0.9981895307786011
14.23469,0.01082,92.38867,Done,EntryTipCone,157.6391,2.99302,1.29724,5.30239,5.30239,1.0,5.30239,1.29724,0.0,0.0,0.0,0.60597,1.0,6,6,1,0.69925,0.91007,0.05298,0.89514,0.56143,0.06156,0.82,0.7,0.06,0.9,0.56,0.06,-3.54143,-0.20781,-0.12168,-73.50314,0.16284,65.07688,double_rcm_log_20260616_135653_209.csv,92.38867,Unknown,Task4_EntryRCM_TipCone,0.0,1.2971354424218706,3.6501630815857244,3.6503969496157893,1.3962749489575466,3.841221760766319,5.300764095863875,13.503468792476372,5.847018127392723,75.9730935423585,2.44919312025594,1.6529373872521371
14.26668,0.0107,93.434,Done,EntryTipCone,157.6095,3.01434,1.15046,5.06823,5.06823,1.0,5.06823,1.15046,0.0,0.0,0.0,0.60605,1.0,6,6,1,0.69888,0.90992,0.05349,0.89533,0.56156,0.06119,0.82,0.7,0.06,0.9,0.56,0.06,-3.58091,-0.22127,-0.12015,-73.31359,0.16158,65.08325,double_rcm_log_20260616_135653_209.csv,93.434,Unknown,Task4_EntryRCM_TipCone,0.0,1.1498704572969676,3.235815896041293,3.235978812367093,1.2687541825537594,3.489873261970425,5.065431867077106,13.65200120051778,5.420588578591908,90.01917575512793,2.487039386994089,1.0284052481864767
14.29846,0.01014,98.61677,Done,EntryTipCone,157.5848,3.03261,1.0058,4.85559,4.85559,1.0,4.85559,1.0058,0.0,0.0,0.0,0.60611,1.0,6,6,1,0.69852,0.90975,0.054,0.89553,0.5617,0.06083,0.82,0.7,0.06,0.9,0.56,0.06,-3.62046,-0.23666,-0.11618,-73.12413,0.16134,65.08932,double_rcm_log_20260616_135653_209.csv,98.61677,Unknown,Task4_EntryRCM_TipCone,0.0,1.0058094209212793,2.830462690232901,2.8305717256335976,1.1450127731156572,3.148964665019057,4.85384383761978,13.561729023800371,7.589122092569628,61.38200672910742,2.4969704281801555,1.618831900679626
14.3306,0.01069,93.50655,Done,EntryTipCone,157.564,3.04835,0.86343,4.66597,4.66597,1.0,4.66597,0.86343,0.0,0.0,0.0,0.60616,1.0,6,6,1,0.69816,0.90958,0.05452,0.89573,0.56183,0.06047,0.82,0.7,0.06,0.9,0.56,0.06,-3.6605,-0.24963,-0.11765,-72.93198,0.16178,65.09196,double_rcm_log_20260616_135653_209.csv,93.50655,Unknown,Task4_EntryRCM_TipCone,0.0,0.8641088882468763,2.431733905555965,2.431803045342567,1.0322903684934788,2.8386437715110366,4.66933614125177,13.60471718791014,8.480637525855768,67.29959565409384,2.5185554370714707,0.7043364453937798
14.36286,0.01025,97.53461,Done,EntryTipCone,157.5463,3.06116,0.72578,4.50485,4.50485,1.0,4.50485,0.72578,0.0,0.0,0.0,0.60621,1.0,6,6,1,0.69779,0.9094,0.05505,0.89595,0.56197,0.06011,0.82,0.7,0.06,0.9,0.56,0.06,-3.70088,-0.26151,-0.122,-72.7359,0.15991,65.09235,double_rcm_log_20260616_135653_209.csv,97.53461,Unknown,Task4_EntryRCM_TipCone,0.0,0.7262802463514374,2.043885879527688,2.0439269317930457,0.9242785236134349,2.5413727362619536,4.505052718892383,13.85524366996157,7.067698533161421,77.13235995747478,2.5234098277803194,0.8645903909315336
14.39535,0.01004,99.64603,Done,EntryTipCone,157.5326,3.0711,0.59873,4.37685,4.37685,1.0,4.37685,0.59873,0.0,0.0,0.0,0.60625,1.0,6,6,1,0.69742,0.90921,0.05558,0.89617,0.56211,0.05974,0.82,0.7,0.06,0.9,0.56,0.06,-3.74178,-0.27947,-0.11672,-72.54127,0.16314,65.09554,double_rcm_log_20260616_135653_209.csv,99.64603,Unknown,Task4_EntryRCM_TipCone,0.0,0.5980395558620953,1.6830075568394915,1.683030476890428,0.8341369678546854,2.293304300651073,4.380479425816286,13.810859599951339,6.601119225294977,46.414926172429176,2.529427690772155,1.201153121170366
14.42759,0.0107,93.4418,Done,EntryTipCone,157.5231,3.07786,0.49297,4.28642,4.28642,1.0,4.28642,0.49297,0.0,0.0,0.0,0.60627,1.0,6,6,1,0.69706,0.90902,0.0561,0.8964,0.56225,0.05939,0.82,0.7,0.06,0.9,0.56,0.06,-3.78219,-0.29173,-0.12213,-72.34437,0.16192,65.09309,double_rcm_log_20260616_135653_209.csv,93.4418,Unknown,Task4_EntryRCM_TipCone,0.0,0.49380199927424184,1.3896694462815204,1.389682349121435,0.763840443163843,2.099913917649635,4.288892630971336,13.842061801628853,7.301765143283015,53.383257548040405,2.5192866390425004,0.6253924185960618
14.45973,0.01094,91.40844,Done,EntryTipCone,157.5172,3.08163,0.42336,4.23626,4.23626,1.0,4.23626,0.42336,0.0,0.0,0.0,0.60628,1.0,6,6,1,0.69669,0.90882,0.05663,0.89663,0.56239,0.05903,0.82,0.7,0.06,0.9,0.56,0.06,-3.82316,-0.30792,-0.12171,-72.15359,0.17222,65.09188,double_rcm_log_20260616_135653_209.csv,91.40844,Unknown,Task4_EntryRCM_TipCone,0.0,0.4228786947358834,1.1900793073899179,1.1900874109302642,0.7247311281310961,1.992290525616603,4.24380725292742,13.883671746705367,8.918008203759948,53.19506463457235,2.5450652256791315,1.8855486318257388
14.49254,0.0116,86.21095,Done,EntryTipCone,157.5167,3.08255,0.41022,4.22606,4.22606,1.0,4.22606,0.41022,0.0,0.0,0.0,0.60628,1.0,6,6,1,0.69632,0.90861,0.05716,0.89688,0.56253,0.05868,0.82,0.7,0.06,0.9,0.56,0.06,-3.86353,-0.32537,-0.11965,-71.94897,0.16171,65.09006,double_rcm_log_20260616_135653_209.csv,86.21095,Unknown,Task4_EntryRCM_TipCone,0.0,0.41069519963265283,1.1557927056169328,1.1558001287349773,0.7142732753897116,1.963569747639815,4.228202927958835,13.802903370598461,6.3957576039434745,87.26011253395693,2.5655045606455573,0.9142078218380174
14.52409,0.01101,90.81303,Done,EntryTipCone,157.518,3.0805,0.45628,4.25897,4.25897,1.0,4.25897,0.45628,0.0,0.0,0.0,0.60628,1.0,6,6,1,0.69596,0.9084,0.05767,0.89712,0.56266,0.05834,0.82,0.7,0.06,0.9,0.56,0.06,-3.9032,-0.34174,-0.11956,-71.75843,0.16559,65.08659,double_rcm_log_20260616_135653_209.csv,90.81303,Unknown,Task4_EntryRCM_TipCone,0.0,0.45719752274672193,1.2866585232476127,1.2866687641633234,0.7410009988781971,2.037133733006703,4.257417057324773,13.758453699483132,5.700192326822671,72.28374464264414,2.5322218714680065,0.9365849669023105
14.55655,0.01088,91.87853,Done,EntryTipCone,157.5241,3.07534,0.54894,4.33239,4.33239,1.0,4.33239,0.54894,0.0,0.0,0.0,0.60627,1.0,6,6,1,0.6956,0.90818,0.0582,0.89737,0.5628,0.058,0.82,0.7,0.06,0.9,0.56,0.06,-3.9435,-0.35797,-0.12116,-71.56156,0.16628,65.08103,double_rcm_log_20260616_135653_209.csv,91.87853,Unknown,Task4_EntryRCM_TipCone,0.0,0.5492156477775748,1.545611331404665,1.545629083721295,0.796889628958228,2.1908344037410696,4.330923689006724,13.832915255076768,6.372556681101503,35.616492833895855,2.543826923232216,0.6227368464000523
14.58879,0.01111,90.00609,Done,EntryTipCone,157.5349,3.06723,0.66793,4.44319,4.44319,1.0,4.44319,0.66793,0.0,0.0,0.0,0.60624,1.0,6,6,1,0.69524,0.90796,0.05872,0.89763,0.56294,0.05766,0.82,0.7,0.06,0.9,0.56,0.06,-3.98321,-0.37556,-0.12081,-71.36493,0.16415,65.07506,double_rcm_log_20260616_135653_209.csv,90.00609,Unknown,Task4_EntryRCM_TipCone,0.0,0.6686279971902754,1.8816495542749154,1.8816815858840392,0.8785452212113216,2.4154722424085393,4.442533061216265,13.9125034552238,6.774085791922608,112.16691211494378,2.518837340507168,1.1315185222309934
14.62129,0.01113,89.87115,Done,EntryTipCone,157.5487,3.05603,0.80211,4.59144,4.59144,1.0,4.59144,0.80211,0.0,0.0,0.0,0.6062,1.0,6,6,1,0.69488,0.90773,0.05924,0.89789,0.56308,0.05732,0.82,0.7,0.06,0.9,0.56,0.06,-4.02378,-0.39391,-0.12047,-71.17225,0.17324,65.06798,double_rcm_log_20260616_135653_209.csv,89.87115,Unknown,Task4_EntryRCM_TipCone,0.0,0.8031331416518774,2.2601505412302236,2.2602060531320927,0.9809391679507854,2.697173734457268,4.595748034868756,13.841934667952271,8.959413860329564,93.61706764289238,2.5117985705410377,1.799894976319504
14.6532,0.0109,91.74258,Done,EntryTipCone,157.5668,3.04218,0.94212,4.76735,4.76735,1.0,4.76735,0.94191,0.0,0.0,0.0,0.60616,1.0,6,6,1,0.69454,0.9075,0.05974,0.89816,0.56322,0.057,0.82,0.7,0.06,0.9,0.56,0.06,-4.06243,-0.41371,-0.11697,-70.9789,0.16986,65.0612,double_rcm_log_20260616_135653_209.csv,91.74258,Unknown,Task4_EntryRCM_TipCone,0.0,0.9423811041137327,2.6519847936963665,2.6520744748429523,1.090963346379012,2.9999999999999956,4.770115302589677,13.640661659949934,8.49965526904994,60.15030703696598,2.531837874101679,1.622747428171878
14.68535,0.0107,93.44792,Done,EntryTipCone,157.5883,3.02529,1.08643,4.97124,4.97124,1.0,4.97124,1.08643,0.0,0.0,0.0,0.6061,1.0,6,6,1,0.69419,0.90726,0.06024,0.89842,0.56335,0.05668,0.82,0.7,0.06,0.9,0.56,0.06,-4.10075,-0.42711,-0.12536,-70.78453,0.16493,65.04842,double_rcm_log_20260616_135653_209.csv,93.44792,Unknown,Task4_EntryRCM_TipCone,0.0,1.0861045059998848,3.0563961736476517,3.056533462060504,1.2117793078628143,3.3326625991840158,4.974062725780588,13.486044772154685,8.775615054197697,60.88920883298014,2.5050956061115706,2.0985655343450293
14.7179,0.01045,95.73033,Done,EntryTipCone,157.615,3.00523,1.23543,5.20075,5.20075,1.0,5.20075,1.23543,0.0,0.0,0.0,0.60603,1.0,6,6,1,0.69384,0.90702,0.06075,0.8987,0.56349,0.05637,0.82,0.7,0.06,0.9,0.56,0.06,-4.13961,-0.44813,-0.1216,-70.59171,0.16528,65.03921,double_rcm_log_20260616_135653_209.csv,95.73033,Unknown,Task4_EntryRCM_TipCone,0.0,1.2354868683157767,3.4767104158642064,3.4769124992330886,1.3377776919509592,3.679711736201417,5.200673033367876,13.620235969094633,7.0248526912218345,123.04311587509451,2.4636731751285663,1.2970127351725032
14.75102,0.01142,87.53256,Done,EntryTipCone,157.6456,2.9818,1.38804,5.45536,5.45536,1.0,5.45536,1.38804,0.0,0.0,0.0,0.60596,1.0,6,6,1,0.69349,0.90677,0.06126,0.89899,0.56363,0.05605,0.82,0.7,0.06,0.9,0.56,0.06,-4.17906,-0.46836,-0.12055,-70.39893,0.17049,65.02758,double_rcm_log_20260616_135653_209.csv,87.53256,Unknown,Task4_EntryRCM_TipCone,0.0,1.3891618447063965,3.909078012522556,3.9093652700198143,1.474547843228571,4.056646967063364,5.45889182893373,13.363326895283231,8.338910312037628,18.291928559183816,2.450599350367476,0.8651335465437494
14.78302,0.01029,97.22048,Done,EntryTipCone,157.6786,2.95605,1.53531,5.71653,5.71653,1.0,5.71653,1.53531,0.0,0.0,0.0,0.60587,1.0,6,6,1,0.69316,0.90652,0.06174,0.89926,0.56376,0.05576,0.82,0.7,0.06,0.9,0.56,0.06,-4.21601,-0.48699,-0.121,-70.21116,0.16709,65.01475,double_rcm_log_20260616_135653_209.csv,97.22048,Unknown,Task4_EntryRCM_TipCone,0.0,1.534682971449625,4.318478719311323,4.318866035222447,1.603746153024139,4.412854649073094,5.71513779361443,13.185419569332083,6.9817422215256215,108.8266088456006,2.4184607251434227,1.0085553439184758
14.81577,0.01099,91.00483,Done,EntryTipCone,157.7164,2.92716,1.68598,5.9978,5.9978,1.0,5.9978,1.68598,0.0,0.0,0.0,0.60578,1.0,6,6,1,0.69283,0.90626,0.06223,0.89955,0.56389,0.05546,0.82,0.7,0.06,0.9,0.56,0.06,-4.25425,-0.50948,-0.11652,-70.0261,0.17578,65.00246,double_rcm_log_20260616_135653_209.csv,91.00483,Unknown,Task4_EntryRCM_TipCone,0.0,1.6852598830811893,4.742073720433218,4.742586588849706,1.74178376193237,4.793845573713769,5.995514990390702,13.256176553800236,6.912580306138894,53.07671811536207,2.396838169966704,1.1842781955470738
14.84741,0.01036,96.48056,Done,EntryTipCone,157.7576,2.89635,1.83024,6.27756,6.27756,1.0,6.27756,1.83024,0.0,0.0,0.0,0.60567,1.0,6,6,1,0.69251,0.90601,0.0627,0.89983,0.56402,0.05518,0.82,0.7,0.06,0.9,0.56,0.06,-4.28959,-0.52705,-0.1192,-69.84373,0.17104,64.9866,double_rcm_log_20260616_135653_209.csv,96.48056,Unknown,Task4_EntryRCM_TipCone,0.0,1.8305063286548575,5.150642335672859,5.1512995617524275,1.8750447645112647,5.161720196273252,6.278670241380676,13.158675108796821,8.40395428246549,101.23672207255358,2.3785799569104373,1.1370147647382998
14.87963,0.01073,93.20905,Done,EntryTipCone,157.8013,2.86205,1.97606,6.57163,6.57163,1.0,6.57163,1.97606,0.0,0.0,0.0,0.60556,1.0,6,6,1,0.69219,0.90576,0.06317,0.90012,0.56415,0.0549,0.82,0.7,0.06,0.9,0.56,0.06,-4.32568,-0.54788,-0.1173,-69.66441,0.17519,64.97153,double_rcm_log_20260616_135653_209.csv,93.20905,Unknown,Task4_EntryRCM_TipCone,0.0,1.977124819325243,5.563036843954792,5.563864974363056,2.011878293995351,5.539791165183591,6.576237526123878,12.95168401812897,10.448109272950294,51.529778308232615,2.3333767361876196,1.453849324478226
14.91208,0.00965,103.5872,Done,EntryTipCone,157.8509,2.82504,2.12099,6.87133,6.87133,1.0,6.87133,2.12099,0.0,0.0,0.0,0.60544,1.0,6,6,1,0.69188,0.9055,0.06363,0.90041,0.56427,0.05463,0.82,0.7,0.06,0.9,0.56,0.06,-4.36092,-0.56687,-0.11902,-69.48479,0.17502,64.95358,double_rcm_log_20260616_135653_209.csv,103.5872,Unknown,Task4_EntryRCM_TipCone,0.0,2.1213378028036933,5.968629848296712,5.969652719789423,2.146644354907028,5.912699500618604,6.872983340587985,12.789244800129977,10.315222931598719,67.30639654612658,2.2986390292467958,1.1653043720919545
14.94465,0.01103,90.69583,Done,EntryTipCone,157.9015,2.78463,2.26495,7.178,7.178,1.0,7.178,2.26495,0.0,0.0,0.0,0.60531,1.0,6,6,1,0.69157,0.90524,0.06408,0.90071,0.5644,0.05437,0.82,0.7,0.06,0.9,0.56,0.06,-4.3961,-0.58746,-0.11826,-69.30917,0.17981,64.93589,double_rcm_log_20260616_135653_209.csv,90.69583,Unknown,Task4_EntryRCM_TipCone,0.0,2.2655629878884818,6.3742193515600745,6.375465342180347,2.2820944718783314,6.2875987834417595,7.180598860819311,12.59657562558992,9.439431191445953,65.89513843691682,2.26490992092631,1.2568256408910154
14.97709,0.01121,89.17637,Done,EntryTipCone,157.9577,2.7422,2.40583,7.48356,7.48356,1.0,7.48356,2.40583,0.0,0.0,0.0,0.60516,1.0,6,6,1,0.69128,0.90497,0.06452,0.901,0.56452,0.05412,0.82,0.7,0.06,0.9,0.56,0.06,-4.42983,-0.60743,-0.11835,-69.13505,0.1785,64.91671,double_rcm_log_20260616_135653_209.csv,89.17637,Unknown,Task4_EntryRCM_TipCone,0.0,2.4052985858843683,6.767144758226819,6.768635793580587,2.41365896443706,6.652174196340733,7.4836354801660185,12.29596396468943,8.6399724706535,92.05902686897836,2.230111028739564,1.4419613962979003
15.00941,0.01096,91.23275,Done,EntryTipCone,158.016,2.69705,2.54376,7.78896,7.78896,1.0,7.78896,2.54376,0.0,0.0,0.0,0.60502,1.0,6,6,1,0.69099,0.90471,0.06495,0.90129,0.56464,0.05388,0.82,0.7,0.06,0.9,0.56,0.06,-4.46288,-0.62846,-0.11656,-68.96633,0.18024,64.89748,double_rcm_log_20260616_135653_209.csv,91.23275,Unknown,Task4_EntryRCM_TipCone,0.0,2.5427480856284976,7.153602582172937,7.155364093083644,2.543337704655772,7.011796763038263,7.787689002521854,12.25333200799666,8.893481786904296,41.06494682246181,2.1788925015515224,1.5017520608289534
15.04387,0.01046,95.59377,Done,EntryTipCone,158.0812,2.64594,2.68803,8.11377,8.11377,1.0,8.11377,2.68803,0.0,0.0,0.0,0.60485,1.0,6,6,1,0.69069,0.90443,0.0654,0.90161,0.56476,0.05363,0.82,0.7,0.06,0.9,0.56,0.06,-4.49731,-0.64908,-0.1178,-68.79039,0.1831,64.87477,double_rcm_log_20260616_135653_209.csv,95.59377,Unknown,Task4_EntryRCM_TipCone,0.0,2.6879170361271605,7.561719937167601,7.563800671488126,2.6818144769064176,7.396667232872258,8.11335935356002,12.114002076083988,10.925900646360422,105.6423487184472,2.149564799282798,1.4836714174099568
15.07568,0.00972,102.856,Done,EntryTipCone,158.146,2.59638,2.81821,8.4105,8.4105,1.0,8.4105,2.81821,0.0,0.0,0.0,0.60469,1.0,6,6,1,0.69042,0.90417,0.0658,0.9019,0.56487,0.05341,0.82,0.7,0.06,0.9,0.56,0.06,-4.5276,-0.66743,-0.11972,-68.62862,0.1781,64.85245,double_rcm_log_20260616_135653_209.csv,102.856,Unknown,Task4_EntryRCM_TipCone,0.0,2.8185059753557975,7.9288067169411,7.931205660249147,2.8064527396446,7.743339470399446,8.411599134528425,11.799169908794687,11.957925877390414,37.68068494701601,2.103300434345529,2.0178082738759437
15.10852,0.00754,132.6619,Done,EntryTipCone,158.2153,2.54262,2.94962,8.71419,8.71419,1.0,8.71419,2.94962,0.0,0.0,0.0,0.60451,1.0,6,6,1,0.69015,0.90391,0.06621,0.9022,0.56498,0.0532,0.82,0.7,0.06,0.9,0.56,0.06,-4.55852,-0.68798,-0.11908,-68.46869,0.1801,64.82964,double_rcm_log_20260616_135653_209.csv,132.6619,Unknown,Task4_EntryRCM_TipCone,0.0,2.950045759839139,8.298524687938565,8.301275387060825,2.930539847993789,8.089026184614832,8.710935655829388,11.549012571845825,9.087508123683161,49.61399473728257,2.0374569324173457,1.9999603575355211
15.1452,0.0123,81.27464,Done,EntryTipCone,158.2954,2.47982,3.09269,9.04897,9.04897,1.0,9.04897,3.09269,0.0,0.0,0.0,0.60431,1.0,6,6,1,0.68987,0.90361,0.06664,0.90253,0.5651,0.05297,0.82,0.7,0.06,0.9,0.56,0.06,-4.59185,-0.71227,-0.11553,-68.29457,0.18088,64.80445,double_rcm_log_20260616_135653_209.csv,81.27464,Unknown,Task4_EntryRCM_TipCone,0.0,3.0919929539271416,8.697445569225085,8.700612694382874,3.067666002852299,8.471427633749006,9.046093079335412,11.337821712550745,8.986282396703135,25.788988282129882,1.9815536327092387,1.944298199828435
15.18617,0.0112,89.30532,Done,EntryTipCone,158.3898,2.40567,3.24733,9.41507,9.41507,1.0,9.41507,3.24733,0.0,0.0,0.0,0.60407,1.0,6,6,1,0.68956,0.90329,0.06711,0.9029,0.56523,0.05273,0.82,0.7,0.06,0.9,0.56,0.06,-4.62761,-0.73697,-0.11553,-68.10648,0.18207,64.77338,double_rcm_log_20260616_135653_209.csv,89.30532,Unknown,Task4_EntryRCM_TipCone,0.0,3.246787853489865,9.132412028977747,9.13607896526198,3.216691779811021,8.887784962433638,9.413596549672162,11.038795785434203,11.197624088033903,60.52376432124456,1.9242293252962541,1.920712512520314
15.21882,0.01078,92.75777,Done,EntryTipCone,158.4681,2.34432,3.36598,9.69846,9.69846,1.0,9.69846,3.36598,0.0,0.0,0.0,0.60387,1.0,6,6,1,0.68933,0.90303,0.06747,0.90319,0.56533,0.05255,0.82,0.7,0.06,0.9,0.56,0.06,-4.65448,-0.75278,-0.12161,-67.96006,0.17852,64.7453,double_rcm_log_20260616_135653_209.csv,92.75777,Unknown,Task4_EntryRCM_TipCone,0.0,3.365879640783509,9.467009202520158,9.471094567491134,3.331675719445463,9.209514311089038,9.699871133164581,10.79817178273662,12.584543913799157,47.589657778629295,1.8571332011808335,2.999741414690814
15.25236,0.0116,86.21532,Done,EntryTipCone,158.5524,2.27893,3.48442,9.98369,9.98369,1.0,9.98369,3.48442,0.0,0.0,0.0,0.60366,1.0,6,6,1,0.6891,0.90277,0.06782,0.90349,0.56543,0.05238,0.82,0.7,0.06,0.9,0.56,0.06,-4.68163,-0.77465,-0.11809,-67.81789,0.18219,64.71947,double_rcm_log_20260616_135653_209.csv,86.21532,Unknown,Task4_EntryRCM_TipCone,0.0,3.4840746070465456,9.799046254837625,9.80357722037215,3.4461827672871395,9.530524644530308,9.986460834549904,10.54789716975744,12.854779705509111,67.09122089723523,1.771098865274471,2.1907053074233045
15.28384,0.01091,91.67601,Done,EntryTipCone,158.6324,2.21522,3.59151,10.24402,10.24402,1.0,10.24402,3.59151,0.0,0.0,0.0,0.60346,1.0,6,6,1,0.68889,0.90252,0.06814,0.90377,0.56551,0.05223,0.82,0.7,0.06,0.9,0.56,0.06,-4.70616,-0.79417,-0.116,-67.69048,0.18783,64.69424,double_rcm_log_20260616_135653_209.csv,91.67601,Unknown,Task4_EntryRCM_TipCone,0.0,3.592195694219929,10.102746961005503,10.107712907744235,3.5494889415029913,9.821251212784157,10.244310616141941,10.298468412588477,12.420449899860763,89.70270897142284,1.7224620068903567,2.1320667013203245
15.3236,0.01692,59.11186,Done,EntryTipCone,158.7372,2.13223,3.72131,10.56163,10.56163,1.0,10.56163,3.72131,0.0,0.0,0.0,0.60319,1.0,6,6,1,0.68865,0.90222,0.06852,0.90412,0.56562,0.05206,0.82,0.7,0.06,0.9,0.56,0.06,-4.73489,-0.81639,-0.11634,-67.53162,0.18433,64.66029,double_rcm_log_20260616_135653_209.csv,59.11186,Unknown,Task4_EntryRCM_TipCone,0.0,3.721733280026443,10.466556883124165,10.472079564618817,3.675751379107591,10.176576725311595,10.56420370875153,9.965900223826283,12.649740330760327,29.673043667626448,1.6512465486807715,2.140092980389896
15.526,0.2024,4.94072,Done,EntryTipCone,159.3131,1.6685,4.27489,11.94907,11.94907,1.0,11.94907,4.27489,0.0,0.0,0.0,0.60174,1.0,6,6,1,0.68768,0.90082,0.07011,0.90579,0.56603,0.05147,0.82,0.7,0.06,0.9,0.56,0.06,-4.85998,-0.92011,-0.12337,-66.90456,0.27258,64.47257,double_rcm_log_20260616_135653_209.csv,4.94072,Unknown,Task4_EntryRCM_TipCone,0.0,4.274635710446237,12.01877449728308,12.02714159863304,4.214273671887126,11.707381629356066,11.943445901413849,8.48455283050082,16.068727978888383,69.02066703757441,1.70770054648093,7.977071459737054
15.55941,0.01685,59.36356,Done,EntryTipCone,159.4149,1.58378,4.35091,12.14459,12.14459,1.0,12.14459,4.35091,0.0,0.0,0.0,0.60148,1.0,6,6,1,0.68756,0.9006,0.07032,0.90606,0.56608,0.05141,0.82,0.7,0.06,0.9,0.56,0.06,-4.87035,-0.93537,-0.11938,-66.78178,0.19832,64.44227,double_rcm_log_20260616_135653_209.csv,59.36356,Unknown,Task4_EntryRCM_TipCone,0.0,4.351884652973178,12.235557275521698,12.244386129176462,4.2915218553400925,11.929571595893025,12.144056159290402,8.112546262253074,17.881818967565113,53.325245509185415,1.4312959158752854,12.622001031139122
15.59497,0.01738,57.52911,Done,EntryTipCone,159.524,1.49415,4.42324,12.33214,12.33214,1.0,12.33214,4.42324,0.0,0.0,0.0,0.60121,1.0,6,6,1,0.68746,0.90039,0.07051,0.90633,0.56613,0.05137,0.82,0.7,0.06,0.9,0.56,0.06,-4.8843,-0.95093,-0.1192,-66.6937,0.19219,64.40787,double_rcm_log_20260616_135653_209.csv,57.52911,Unknown,Task4_EntryRCM_TipCone,0.0,4.423134379497846,12.435484817490115,12.444754341258653,4.364203337196051,12.139298801191707,12.333803144204909,7.612496526989928,17.343862777453293,38.4682730681598,1.0595802639255691,9.737766575969049
15.63334,0.0187,53.47042,Done,EntryTipCone,159.642,1.39581,4.49427,12.51799,12.51799,1.0,12.51799,4.49427,0.0,0.0,0.0,0.60091,1.0,6,6,1,0.68736,0.90017,0.0707,0.90661,0.56617,0.05134,0.82,0.7,0.06,0.9,0.56,0.06,-4.89799,-0.96515,-0.12237,-66.6101,0.19182,64.36913,double_rcm_log_20260616_135653_209.csv,53.47042,Unknown,Task4_EntryRCM_TipCone,0.0,4.494467850741627,12.635628083853003,12.645353240273506,4.4355661593027,12.346669747189038,12.520247601385478,7.210738549780751,15.51092187867379,49.44790083320622,0.9432461987022741,3.1678850261966924
15.67373,0.02051,48.76307,Done,EntryTipCone,159.7686,1.29059,4.56085,12.69443,12.69443,1.0,12.69443,4.56085,0.0,0.0,0.0,0.60059,1.0,6,6,1,0.68727,0.89995,0.07087,0.90689,0.56621,0.05133,0.82,0.7,0.06,0.9,0.56,0.06,-4.91068,-0.98223,-0.12065,-66.53522,0.19681,64.32988,double_rcm_log_20260616_135653_209.csv,48.76307,Unknown,Task4_EntryRCM_TipCone,0.0,4.561424695502399,12.823473854285492,12.83364004552633,4.502646199235461,12.542361083084002,12.696657040339339,6.97475041548099,15.776200219442707,23.655450472984114,0.844520476218876,2.7583623433142117
15.72,0.02312,43.2556,Done,EntryTipCone,159.9138,1.16833,4.6266,12.87148,12.87148,1.0,12.87148,4.6266,0.0,0.0,0.0,0.60023,1.0,6,6,1,0.6872,0.89972,0.07103,0.90721,0.56624,0.05135,0.82,0.7,0.06,0.9,0.56,0.06,-4.92204,-0.99894,-0.1208,-66.4593,0.19506,64.28397,double_rcm_log_20260616_135653_209.csv,43.2556,Unknown,Task4_EntryRCM_TipCone,0.0,4.62682728954886,13.006942307197232,13.017551971501966,4.570187406669967,12.7419038548465,12.874167934278237,6.608498112684735,14.048625944769219,45.78598987113719,0.7359355391906469,2.654086610936778
15.76156,0.04156,24.06299,Done,EntryTipCone,160.0446,1.05731,4.67592,13.00695,13.00695,1.0,13.00695,4.67592,0.0,0.0,0.0,0.5999,1.0,6,6,1,0.68716,0.89953,0.07115,0.90747,0.56625,0.05138,0.82,0.7,0.06,0.9,0.56,0.06,-4.93016,-1.01436,-0.11824,-66.40607,0.19865,64.24372,double_rcm_log_20260616_135653_209.csv,24.06299,Unknown,Task4_EntryRCM_TipCone,0.0,4.675695845787657,13.144018150478882,13.154967461088747,4.620380877045207,12.892174191524669,13.006452244943635,6.458782567270506,16.962612002504393,96.59532296350162,0.6578606454222209,2.7009731808780306
15.79257,0.0118,84.76057,Done,EntryTipCone,160.1435,0.97326,4.70678,13.09413,13.09413,1.0,13.09413,4.70678,0.0,0.0,0.0,0.59965,1.0,6,6,1,0.68715,0.89939,0.07122,0.90767,0.56626,0.05142,0.82,0.7,0.06,0.9,0.56,0.06,-4.93408,-1.02314,-0.11926,-66.3699,0.19266,64.21233,double_rcm_log_20260616_135653_209.csv,84.76057,Unknown,Task4_EntryRCM_TipCone,0.0,4.7077834178700115,13.234018295895295,13.245194516181416,4.655902598045299,12.999099909668251,13.100874016644783,6.340555398894168,19.858325308021488,129.12045388298267,0.5987165051918473,2.9663957438765167
15.82355,0.0186,53.76049,Done,EntryTipCone,160.2415,0.88907,4.73222,13.16797,13.16797,1.0,13.16797,4.73222,0.0,0.0,0.0,0.5994,1.0,6,6,1,0.68714,0.89927,0.07127,0.90785,0.56626,0.05148,0.82,0.7,0.06,0.9,0.56,0.06,-4.93704,-1.0319,-0.11929,-66.34291,0.19179,64.18148,double_rcm_log_20260616_135653_209.csv,53.76049,Unknown,Task4_EntryRCM_TipCone,0.0,4.7326475359535625,13.303755036878416,13.315109224656654,4.681337254428771,13.077741571669954,13.168162362303995,6.054718750322607,17.183245693592152,115.47054744780037,0.5288497798294161,3.027446455177534
15.85743,0.20732,4.82345,Done,EntryTipCone,160.3488,0.79667,4.7539,13.2338,13.2338,1.0,13.2338,4.7539,0.0,0.0,0.0,0.59913,1.0,6,6,1,0.68715,0.89914,0.0713,0.90804,0.56625,0.05155,0.82,0.7,0.06,0.9,0.56,0.06,-4.93852,-1.04032,-0.11972,-66.3201,0.18814,64.14764,double_rcm_log_20260616_135653_209.csv,4.82345,Unknown,Task4_EntryRCM_TipCone,0.0,4.754110597041869,13.363950771276361,13.37546009342046,4.70565935227374,13.154467448215172,13.23278504321742,5.920798503774387,13.638677675661661,92.61849843678765,0.47497288068770765,2.8597768764676483
16.10182,0.22439,4.45647,Done,EntryTipCone,161.1031,0.12881,4.72041,13.24548,13.24548,1.0,13.24548,4.72045,0.0,0.0,0.0,0.59724,1.0,6,6,1,0.68767,0.89859,0.07095,0.9091,0.56599,0.05247,0.82,0.7,0.06,0.9,0.56,0.06,-4.90113,-1.09467,-0.08449,-66.39862,0.14969,63.92628,double_rcm_log_20260616_135653_209.csv,4.45647,Unknown,Task4_EntryRCM_TipCone,0.0,4.720328248367944,13.269203270402356,13.280469047426744,4.708995846849088,13.225752327008992,13.243526720628427,6.522395080796248,18.91980483271533,23.157439578850944,0.6628466858178453,3.8371160657925922
16.13284,0.00505,197.9928,Done,EntryTipCone,161.1978,0.0431,4.69181,13.18805,13.18805,1.0,13.18805,4.69181,0.0,0.0,0.0,0.59701,1.0,6,6,1,0.68779,0.89857,0.07082,0.9092,0.56593,0.05264,0.82,0.7,0.06,0.9,0.56,0.06,-4.88989,-1.09097,-0.09244,-66.43768,0.14065,63.8938,double_rcm_log_20260616_135653_209.csv,197.9928,Unknown,Task4_EntryRCM_TipCone,0.0,4.691709516842053,13.188934272874665,13.199996437668863,4.688756780954598,13.17699533861364,13.189939347851437,6.707163127546569,18.393881867508085,22.99772130847461,0.703603498515916,5.919715270617172
16.17626,0.02072,48.25985,Done,EntryTipCone,161.3245,0.07277,4.64321,13.08579,13.08579,1.0,13.08579,4.64317,0.0,0.0,0.0,0.59669,1.0,6,6,1,0.68798,0.89855,0.07063,0.90931,0.56584,0.0529,0.82,0.7,0.06,0.9,0.56,0.06,-4.87096,-1.09609,-0.08142,-66.49768,0.11095,63.85916,double_rcm_log_20260616_135653_209.csv,48.25985,Unknown,Task4_EntryRCM_TipCone,0.0,4.643619634709895,13.054045750459546,13.06477132108204,4.649236795330713,13.076232637881528,13.084024610187727,6.9717525717126225,17.46116834663017,58.66673292649181,0.8273156254841807,12.39036701343596
16.21113,0.0176,56.82296,Done,EntryTipCone,161.4245,0.1649,4.59653,12.98549,12.98549,1.0,12.98549,4.59653,0.0,0.0,0.0,0.59644,1.0,6,6,1,0.68815,0.89856,0.07044,0.90939,0.56576,0.05312,0.82,0.7,0.06,0.9,0.56,0.06,-4.85239,-1.10933,-0.05294,-66.54844,0.06668,63.84001,double_rcm_log_20260616_135653_209.csv,56.82296,Unknown,Task4_EntryRCM_TipCone,0.0,4.596682184988937,12.922380845778838,12.93278453833148,4.613231278642746,12.983331858727402,12.987844316898782,7.269187813805906,16.478221455201165,195.6857306142862,1.1665534558987503,36.02244803909041
16.24758,0.01866,53.58023,Done,EntryTipCone,161.5269,0.25989,4.54062,12.8634,12.8634,1.0,12.8634,4.54062,0.0,0.0,0.0,0.59618,1.0,6,6,1,0.68834,0.89857,0.07022,0.90945,0.56567,0.05337,0.82,0.7,0.06,0.9,0.56,0.06,-4.82891,-1.1492,0.02719,-66.60047,-0.01218,63.84111,double_rcm_log_20260616_135653_209.csv,53.58023,Unknown,Task4_EntryRCM_TipCone,0.0,4.54085999433727,12.765781945723655,12.77581129208359,4.5661849590579235,12.858979143593908,12.861115814733909,7.584494344371529,19.93916823860649,4109.931490473619,3.0241208530647183,226.12439287432272
16.27802,0.01589,62.9353,Done,EntryTipCone,161.6111,0.33779,4.48856,12.74842,12.74842,1.0,12.74842,4.48856,0.0,0.0,0.0,0.59597,1.0,6,6,1,0.68852,0.8986,0.07002,0.9095,0.56558,0.05358,0.82,0.7,0.06,0.9,0.56,0.06,-4.80292,-1.28377,0.28018,-66.63547,-0.14872,63.9171,double_rcm_log_20260616_135653_209.csv,62.9353,Unknown,Task4_EntryRCM_TipCone,0.0,4.488564978105394,12.619066889360875,12.628753787851592,4.525086246706282,12.750902471831234,12.751580294222286,8.334096911195328,232.05349661092296,5252.218358760736,14.00762546490437,748.6367198364844
16.31929,0.01395,71.71001,Done,EntryTipCone,161.7034,0.41735,4.42209,12.60099,12.60099,1.0,12.60099,4.42209,0.0,0.0,0.0,0.59576,1.0,6,6,1,0.68864,0.89859,0.0696,0.90958,0.56551,0.05395,0.82,0.7,0.06,0.9,0.56,0.06,-4.74905,-2.54202,2.54326,-66.76285,-0.54981,64.75021,double_rcm_log_20260616_135653_209.csv,71.71001,Unknown,Task4_EntryRCM_TipCone,0.0,4.422064643885402,12.432483268629484,12.441746070186717,4.468668583584831,12.59912848023775,12.599166639107509,26.4156036617431,340.24317577132456,4910.840653255093,66.14189584766181,580.3263051755652
16.35811,0.01353,73.90154,Done,EntryTipCone,161.3602,0.09926,4.6016,12.99508,12.99508,1.0,12.99508,4.6016,0.0,0.0,0.0,0.59664,1.0,6,6,1,0.68661,0.89775,0.06716,0.9103,0.56636,0.05527,0.82,0.7,0.06,0.9,0.56,0.06,-4.67579,-7.21432,10.73287,-67.41568,-0.85361,67.26695,double_rcm_log_20260616_135653_209.csv,73.90154,Unknown,Task4_EntryRCM_TipCone,0.0,4.600975325315653,12.93442395615327,12.94485681815008,4.617613572230432,12.990108722231055,12.996634179663536,33.279091126978415,126.96556019555283,7877.238707896179,63.45723578395213,656.7243171237542
16.39507,0.01152,86.81915,Done,EntryTipCone,161.2559,0.00939,4.66766,13.1374,13.1374,1.0,13.1374,4.66766,0.0,0.0,0.0,0.59687,1.0,6,6,1,0.68588,0.89742,0.06593,0.9106,0.56666,0.056,0.82,0.7,0.06,0.9,0.56,0.06,-4.63546,-8.35951,12.71784,-67.67291,-0.89402,67.71807,double_rcm_log_20260616_135653_209.csv,86.81915,Unknown,Task4_EntryRCM_TipCone,0.0,4.669021751604674,13.12529794024575,13.136200443517716,4.670952786187418,13.1317030356075,13.14213072526669,18.818208659077552,272.49719921897565,956.8616112334262,18.66263066448508,704.5260426242053
16.43063,0.01174,85.17722,Done,EntryTipCone,161.2524,0.00642,4.66976,13.14193,13.14193,1.0,13.14193,4.66976,0.0,0.0,0.0,0.59687,1.0,6,6,1,0.68567,0.89731,0.06517,0.91073,0.56674,0.05652,0.82,0.7,0.06,0.9,0.56,0.06,-4.60079,-8.85027,13.57277,-67.84653,-0.93084,67.88303,double_rcm_log_20260616_135653_209.csv,85.17722,Unknown,Task4_EntryRCM_TipCone,0.0,4.6701250934502845,13.128392723267211,13.139302955374346,4.670423189390607,13.129802213051272,13.140429977744258,15.064886584725683,71.50108843956308,3680.024438895818,11.09350577420289,117.63889424239214
16.46326,0.01088,91.94959,Done,EntryTipCone,161.2507,0.00483,4.67072,13.14405,13.14405,1.0,13.14405,4.67072,0.0,0.0,0.0,0.59688,1.0,6,6,1,0.68551,0.89722,0.06446,0.91084,0.5668,0.05699,0.82,0.7,0.06,0.9,0.56,0.06,-4.56767,-9.25738,14.28279,-68.00648,-0.96614,68.01151,double_rcm_log_20260616_135653_209.csv,91.94959,Unknown,Task4_EntryRCM_TipCone,0.0,4.67110776937048,13.131149044205369,13.142066162963783,4.672204207263914,13.135034127799578,13.145558185181716,14.874063598782712,16.566271595519616,958.3183143828933,10.173421653677801,26.527534932382576
16.49487,0.00977,102.318,Done,EntryTipCone,161.2495,0.00369,4.67152,13.14569,13.14569,1.0,13.14569,4.67152,0.0,0.0,0.0,0.59688,1.0,6,6,1,0.68538,0.89714,0.06378,0.91092,0.56685,0.05745,0.82,0.7,0.06,0.9,0.56,0.06,-4.53437,-9.621,14.91782,-68.16297,-1.00189,68.12014,double_rcm_log_20260616_135653_209.csv,102.318,Unknown,Task4_EntryRCM_TipCone,0.0,4.671168172136435,13.131318468612013,13.142236010771226,4.670448119749622,13.129771279277909,13.140449002983011,14.907483424399128,14.052945824888813,65.13375413833754,9.440460746628387,22.805318726021625
16.52626,0.00962,103.9538,Done,EntryTipCone,161.2489,0.00324,4.67194,13.14646,13.14646,1.0,13.14646,4.67194,0.0,0.0,0.0,0.59688,1.0,6,6,1,0.68527,0.89708,0.06309,0.911,0.5669,0.05791,0.82,0.7,0.06,0.9,0.56,0.06,-4.50014,-9.95502,15.50225,-68.32014,-1.03905,68.21497,double_rcm_log_20260616_135653_209.csv,103.9538,Unknown,Task4_EntryRCM_TipCone,0.0,4.67302754540713,13.136533838750465,13.147464419770822,4.674636923187136,13.141295159212328,13.152113898533532,14.925325953578087,17.583832732851082,104.55168141511086,8.794328944278856,19.95949240073023
16.56755,0.0115,86.92289,Done,EntryTipCone,161.2487,0.00305,4.6719,13.14649,13.14649,1.0,13.14649,4.6719,0.0,0.0,0.0,0.59688,1.0,6,6,1,0.68516,0.89702,0.06219,0.91107,0.56694,0.05852,0.82,0.7,0.06,0.9,0.56,0.06,-4.45346,-10.35753,16.20842,-68.52967,-1.09053,68.32321,double_rcm_log_20260616_135653_209.csv,86.92289,Unknown,Task4_EntryRCM_TipCone,0.0,4.672840306396091,13.136008651259754,13.14693791879613,4.673569619015281,13.138281412024108,13.149102630978275,14.9473996061964,19.954439662696938,65.24230005228979,8.097534516665226,16.80571660088295
16.59773,0.01058,94.54605,Done,EntryTipCone,161.2481,0.00261,4.6724,13.14751,13.14751,1.0,13.14751,4.6724,0.0,0.0,0.0,0.59688,1.0,6,6,1,0.68511,0.89699,0.06153,0.91111,0.56696,0.05897,0.82,0.7,0.06,0.9,0.56,0.06,-4.41809,-10.63146,16.69035,-68.68564,-1.13,68.39344,double_rcm_log_20260616_135653_209.csv,94.54605,Unknown,Task4_EntryRCM_TipCone,0.0,4.672304712301386,13.13450636035306,13.145431871271665,4.674014495345044,13.139740425957312,13.150460067997564,14.90786896556547,18.215323362570665,101.7705707183318,7.647106578642745,16.03371134998748
16.62809,0.01031,97.02957,Done,EntryTipCone,161.2476,0.00216,4.67265,13.14789,13.14789,1.0,13.14789,4.67265,0.0,0.0,0.0,0.59688,1.0,6,6,1,0.68507,0.89697,0.06086,0.91113,0.56697,0.05942,0.82,0.7,0.06,0.9,0.56,0.06,-4.38157,-10.88841,17.14384,-68.84448,-1.17129,68.45686,double_rcm_log_20260616_135653_209.csv,97.02957,Unknown,Task4_EntryRCM_TipCone,0.0,4.671989030872118,13.133620903188332,13.144544200343429,4.672103922985424,13.134446842031535,13.145120767798153,14.945322758901595,15.879362216267426,76.7954475049015,7.1953450622654,15.290060678323467
16.66064,0.01085,92.15627,Done,EntryTipCone,161.2475,0.00212,4.67269,13.14818,13.14818,1.0,13.14818,4.67269,0.0,0.0,0.0,0.59688,1.0,6,6,1,0.68505,0.89696,0.06014,0.91114,0.56698,0.05991,0.82,0.7,0.06,0.9,0.56,0.06,-4.34139,-11.14428,17.59716,-69.01699,-1.21725,68.51779,double_rcm_log_20260616_135653_209.csv,92.15627,Unknown,Task4_EntryRCM_TipCone,0.0,4.672723792260294,13.135681840198693,13.146610290440018,4.672615303722543,13.135586719348959,13.146410156388631,14.895783357947932,16.20241119634063,79.36186764235936,6.765026905506224,14.728735980235696
16.70078,0.01066,93.82149,Done,EntryTipCone,161.2472,0.00171,4.67303,13.14886,13.14886,1.0,13.14886,4.67303,0.0,0.0,0.0,0.59688,1.0,6,6,1,0.68506,0.89696,0.05926,0.91113,0.56698,0.0605,0.82,0.7,0.06,0.9,0.56,0.06,-4.29042,-11.4357,18.11596,-69.23312,-1.27629,68.58484,double_rcm_log_20260616_135653_209.csv,93.82149,Unknown,Task4_EntryRCM_TipCone,0.0,4.673613513675023,13.138177422706613,13.149112114980438,4.672946071043574,13.136115161586424,13.147140373480433,14.697519406092585,16.878246702018888,42.75574765076034,6.216942100317198,12.728443712766035
16.76079,0.0365,27.39805,Done,EntryTipCone,161.2505,0.00482,4.66921,13.14061,13.14061,1.0,13.14061,4.66917,0.0,0.0,0.0,0.59688,1.0,6,6,1,0.68516,0.89702,0.05796,0.91107,0.56694,0.06138,0.82,0.7,0.06,0.9,0.56,0.06,-4.21196,-11.80877,18.78717,-69.56008,-1.36895,68.66737,double_rcm_log_20260616_135653_209.csv,27.39805,Unknown,Task4_EntryRCM_TipCone,0.0,4.668955981078061,13.125113459180792,13.136015501850117,4.669713397963724,13.127392675681572,13.13822286308159,15.017123580724016,15.61710430456421,90.35126630624654,5.743831424297287,10.467094936456004
16.79717,0.00748,133.7117,Done,EntryTipCone,161.2462,0.00088,4.67387,13.15059,13.15059,1.0,13.15059,4.67387,0.0,0.0,0.0,0.59689,1.0,6,6,1,0.68523,0.89706,0.05714,0.91102,0.56691,0.06193,0.82,0.7,0.06,0.9,0.56,0.06,-4.16235,-12.03101,19.18832,-69.76559,-1.42794,68.71597,double_rcm_log_20260616_135653_209.csv,133.7117,Unknown,Task4_EntryRCM_TipCone,0.0,4.673917261998946,13.139029406649069,13.149966230478396,4.67374693947848,13.138883514210809,13.14965398784319,15.011741242161937,18.8881948275608,107.3779285474466,5.395975160107298,14.059649592714111
16.82994,0.00597,167.4693,Done,EntryTipCone,161.2458,0.00061,4.6742,13.15139,13.15139,1.0,13.15139,4.6742,0.0,0.0,0.0,0.59689,1.0,6,6,1,0.68533,0.89712,0.05643,0.91095,0.56687,0.06241,0.82,0.7,0.06,0.9,0.56,0.06,-4.11718,-12.20194,19.50089,-69.9506,-1.48226,68.75292,double_rcm_log_20260616_135653_209.csv,167.4693,Unknown,Task4_EntryRCM_TipCone,0.0,4.674191868573814,13.13979965055599,13.15073840167737,4.673667425077368,13.138658987887602,13.149429645425668,14.912852997146455,20.410450851779725,45.696349728659705,4.923532657423482,14.200843088515054
16.86739,0.00988,101.2336,Done,EntryTipCone,161.2462,0.00099,4.67391,13.15074,13.15074,1.0,13.15074,4.67391,0.0,0.0,0.0,0.59689,1.0,6,6,1,0.68548,0.8972,0.05563,0.91085,0.56682,0.06296,0.82,0.7,0.06,0.9,0.56,0.06,-4.06481,-12.3763,19.82342,-70.16357,-1.54577,68.79084,double_rcm_log_20260616_135653_209.csv,101.2336,Unknown,Task4_EntryRCM_TipCone,0.0,4.674330318287501,13.140187988005684,13.151127710904321,4.6749568902191765,13.14179293469736,13.152813387256726,14.821694966144133,17.73210790341986,97.98020021667493,4.575486484246143,10.744713661004207
16.89836,0.01092,91.55402,Done,EntryTipCone,161.2461,0.00097,4.67387,13.15077,13.15077,1.0,13.15077,4.67387,0.0,0.0,0.0,0.59689,1.0,6,6,1,0.68562,0.89728,0.05496,0.91075,0.56676,0.0634,0.82,0.7,0.06,0.9,0.56,0.06,-4.02081,-12.5069,20.06787,-70.34142,-1.59948,68.81979,double_rcm_log_20260616_135653_209.csv,91.55402,Unknown,Task4_EntryRCM_TipCone,0.0,4.674154115498972,13.139693756984562,13.150632243127319,4.672543508285677,13.135181237951931,13.146105887295988,14.843458670175842,14.38573579700318,33.05407447884512,4.328909456801533,10.29627507012469
16.92952,0.01,100.0006,Done,EntryTipCone,161.2458,0.0008,4.67403,13.15106,13.15106,1.0,13.15106,4.67403,0.0,0.0,0.0,0.59689,1.0,6,6,1,0.68579,0.89738,0.0543,0.91064,0.5667,0.06385,0.82,0.7,0.06,0.9,0.56,0.06,-3.97602,-12.62572,20.29313,-70.52161,-1.65447,68.84688,double_rcm_log_20260616_135653_209.csv,100.0006,Unknown,Task4_EntryRCM_TipCone,0.0,4.673642736114526,13.13825938876908,13.14919428609959,4.673954286158621,13.138961965789397,13.14998479086568,14.891944779672315,16.94080376336954,68.41238077790466,4.082942177308945,10.454651655020019
16.96005,0.00899,111.2476,Done,EntryTipCone,161.2457,0.00054,4.6742,13.15122,13.15122,1.0,13.15122,4.6742,0.0,0.0,0.0,0.59689,1.0,6,6,1,0.68597,0.89748,0.05366,0.91052,0.56663,0.06428,0.82,0.7,0.06,0.9,0.56,0.06,-3.93169,-12.72958,20.49322,-70.69912,-1.70917,68.87156,double_rcm_log_20260616_135653_209.csv,111.2476,Unknown,Task4_EntryRCM_TipCone,0.0,4.674119255416867,13.139595977961237,13.150534219434201,4.674254399205965,13.139910782977699,13.150882099691959,14.775423395811789,17.143876253937343,50.25704421858959,3.8475465371350612,10.439884170440418
16.99117,0.00929,107.6819,Done,EntryTipCone,161.2458,0.00068,4.67429,13.15164,13.15164,1.0,13.15164,4.67429,0.0,0.0,0.0,0.59689,1.0,6,6,1,0.68617,0.8976,0.05302,0.91038,0.56655,0.06471,0.82,0.7,0.06,0.9,0.56,0.06,-3.88614,-12.82264,20.67613,-70.88076,-1.76561,68.89494,double_rcm_log_20260616_135653_209.csv,107.6819,Unknown,Task4_EntryRCM_TipCone,0.0,4.67344242162185,13.137697526292763,13.14863101804875,4.67270841388249,13.135545492464837,13.146520452195636,14.82542528196621,14.120529339835217,47.039242986778476,3.622492046603801,10.166582424181025
17.02138,0.01029,97.16251,Done,EntryTipCone,161.2458,0.00051,4.67429,13.15148,13.15148,1.0,13.15148,4.67429,0.0,0.0,0.0,0.59689,1.0,6,6,1,0.68639,0.89772,0.0524,0.91024,0.56647,0.06513,0.82,0.7,0.06,0.9,0.56,0.06,-3.84161,-12.90097,20.83397,-71.05769,-1.82097,68.9162,double_rcm_log_20260616_135653_209.csv,97.16251,Unknown,Task4_EntryRCM_TipCone,0.0,4.674619636283404,13.140999495486597,13.151941249292415,4.675463059187462,13.14332360495683,13.154292075212568,14.829216465169015,18.733999175612926,88.23762098036151,3.4254266714337773,9.964189633115815
17.05178,0.00951,105.123,Done,EntryTipCone,161.2456,0.00057,4.67445,13.15198,13.15198,1.0,13.15198,4.67445,0.0,0.0,0.0,0.59689,1.0,6,6,1,0.68662,0.89786,0.05179,0.91008,0.56638,0.06554,0.82,0.7,0.06,0.9,0.56,0.06,-3.79653,-12.96836,20.97406,-71.23622,-1.87718,68.93629,double_rcm_log_20260616_135653_209.csv,105.123,Unknown,Task4_EntryRCM_TipCone,0.0,4.6746385834765425,13.14105264041989,13.15199452723694,4.675036388433881,13.14201740747822,13.153037671959996,14.965295061558454,19.152064875199347,90.52880640234345,3.2408816015276236,9.89817884722559
17.08336,0.01162,86.02764,Done,EntryTipCone,161.2457,0.00055,4.67445,13.15192,13.15192,1.0,13.15192,4.67445,0.0,0.0,0.0,0.59689,1.0,6,6,1,0.68689,0.89801,0.05117,0.9099,0.56627,0.06597,0.82,0.7,0.06,0.9,0.56,0.06,-3.74951,-13.02575,21.09882,-71.4218,-1.93595,68.95585,double_rcm_log_20260616_135653_209.csv,86.02764,Unknown,Task4_EntryRCM_TipCone,0.0,4.6735699199509355,13.138055146601062,13.148989532978314,4.674426125034397,13.140801345427931,13.151570248453238,15.013441600407152,16.660460420552237,127.17194120478025,3.0681727981786064,9.763987217112918
17.12236,0.00977,102.3756,Done,EntryTipCone,161.2455,0.00023,4.67462,13.15218,13.15218,1.0,13.15218,4.67462,0.0,0.0,0.0,0.59689,1.0,6,6,1,0.68724,0.89821,0.05041,0.90966,0.56614,0.06648,0.82,0.7,0.06,0.9,0.56,0.06,-3.69123,-13.07993,21.22548,-71.65112,-2.00893,68.97843,double_rcm_log_20260616_135653_209.csv,102.3756,Unknown,Task4_EntryRCM_TipCone,0.0,4.674525763819216,13.140736192832094,13.15167728765988,4.675079505534176,13.142139153823505,13.153159316301124,14.807533633864555,18.046388266550384,33.470558590716905,2.887121622325308,9.713306086084216
17.15307,0.00978,102.2753,Done,EntryTipCone,161.2454,0.00021,4.67466,13.1524,13.1524,1.0,13.1524,4.67466,0.0,0.0,0.0,0.59689,1.0,6,6,1,0.68754,0.89838,0.04983,0.90946,0.56602,0.06687,0.82,0.7,0.06,0.9,0.56,0.06,-3.64526,-13.10927,21.30328,-71.83147,-2.06657,68.99498,double_rcm_log_20260616_135653_209.csv,102.2753,Unknown,Task4_EntryRCM_TipCone,0.0,4.67374752675883,13.138553316169448,13.149488948846763,4.673973930083251,13.139423064257347,13.150243343756017,14.761565273926003,16.823368693469394,104.22376344142074,2.7672816012047035,9.68269286454801
17.18454,0.01049,95.36958,Done,EntryTipCone,161.2454,0.00027,4.67471,13.15253,13.15253,1.0,13.15253,4.67471,0.0,0.0,0.0,0.59689,1.0,6,6,1,0.68786,0.89856,0.04924,0.90924,0.5659,0.06726,0.82,0.7,0.06,0.9,0.56,0.06,-3.59817,-13.1273,21.36315,-72.01575,-2.1256,69.01087,double_rcm_log_20260616_135653_209.csv,95.36958,Unknown,Task4_EntryRCM_TipCone,0.0,4.674746815129771,13.141356219078043,13.152298865712511,4.673591731613731,13.137938252955111,13.148961936213801,14.854964833387777,14.079645736252285,64.08214608488898,2.6715554490511555,9.590854646643265
17.21456,0.01055,94.82724,Done,EntryTipCone,161.2452,6e-05,4.67479,13.15253,13.15253,1.0,13.15253,4.67479,0.0,0.0,0.0,0.59689,1.0,6,6,1,0.68818,0.89875,0.0487,0.90902,0.56577,0.06763,0.82,0.7,0.06,0.9,0.56,0.06,-3.55332,-13.13335,21.40187,-72.19092,-2.1818,69.02509,double_rcm_log_20260616_135653_209.csv,94.82724,Unknown,Task4_EntryRCM_TipCone,0.0,4.674452898098524,13.140531811918812,13.151472395252418,4.673200847814036,13.137138723715825,13.148011256460036,14.937377529325751,14.071034413923675,128.65078018045443,2.607886437342795,9.57392030874238
17.24508,0.01044,95.80676,Done,EntryTipCone,161.2452,8e-05,4.67491,13.15274,13.15274,1.0,13.15274,4.67491,0.0,0.0,0.0,0.59689,1.0,6,6,1,0.68853,0.89895,0.04816,0.90879,0.56564,0.068,0.82,0.7,0.06,0.9,0.56,0.06,-3.50784,-13.12827,21.42265,-72.36824,-2.23872,69.03854,double_rcm_log_20260616_135653_209.csv,95.80676,Unknown,Task4_EntryRCM_TipCone,0.0,4.67514042443369,13.142460252306442,13.153405662488185,4.675961032427692,13.14483115729698,13.155747793265087,14.794453470258064,18.42636316060729,96.74573031079083,2.571279985191818,9.562878747543454
17.27638,0.01014,98.63248,Done,EntryTipCone,161.2452,9e-05,4.675,13.15302,13.15302,1.0,13.15302,4.675,0.0,0.0,0.0,0.59689,1.0,6,6,1,0.6889,0.89916,0.04762,0.90854,0.5655,0.06836,0.82,0.7,0.06,0.9,0.56,0.06,-3.46139,-13.1114,21.42464,-72.549,-2.29674,69.05128,double_rcm_log_20260616_135653_209.csv,98.63248,Unknown,Task4_EntryRCM_TipCone,0.0,4.675600821795568,13.143751618315664,13.154700261557194,4.675963316913065,13.14463470540209,13.155652777418513,14.812555934679185,19.594197977300375,60.65202572841767,2.563726552024044,9.56238682013774
17.31775,0.01173,85.25816,Done,EntryTipCone,161.2452,1e-05,4.67512,13.15341,13.15341,1.0,13.15341,4.67512,0.0,0.0,0.0,0.59689,1.0,6,6,1,0.68942,0.89945,0.04693,0.90819,0.5653,0.06883,0.82,0.7,0.06,0.9,0.56,0.06,-3.40043,-13.07102,21.39725,-72.78582,-2.3726,69.06647,double_rcm_log_20260616_135653_209.csv,85.25816,Unknown,Task4_EntryRCM_TipCone,0.0,4.676149271952443,13.145289962013996,13.156242457480742,4.676822714309431,13.14706132709747,13.158077367153616,14.890493852903385,16.861231763660292,104.54416733922933,2.6024402159805042,9.556570086023989
17.35045,0.01148,87.10632,Done,EntryTipCone,161.2452,8e-05,4.67521,13.15361,13.15361,1.0,13.15361,4.67521,0.0,0.0,0.0,0.59689,1.0,6,6,1,0.68985,0.8997,0.04641,0.9079,0.56513,0.06918,0.82,0.7,0.06,0.9,0.56,0.06,-3.35267,-13.02448,21.35124,-72.97108,-2.43174,69.077,double_rcm_log_20260616_135653_209.csv,87.10632,Unknown,Task4_EntryRCM_TipCone,0.0,4.674488360266176,13.140631279684122,13.151572111948765,4.674940646694287,13.142051356091791,13.152919827931749,14.836277077561713,15.132430188620056,59.730294069174526,2.670043598064919,9.30892190498189
17.3847,0.0148,67.57025,Done,EntryTipCone,161.2448,0.00042,4.67538,13.15383,13.15383,1.0,13.15383,4.67538,0.0,0.0,0.0,0.59689,1.0,6,6,1,0.69031,0.89996,0.04588,0.90759,0.56495,0.06954,0.82,0.7,0.06,0.9,0.56,0.06,-3.30316,-12.96217,21.2804,-73.16293,-2.49272,69.08658,double_rcm_log_20260616_135653_209.csv,67.57025,Unknown,Task4_EntryRCM_TipCone,0.0,4.676094910063559,13.145137482816654,13.156089596414043,4.67656005462335,13.146826993613285,13.157590964914469,14.749659130770707,17.67788724389381,86.50260615791137,2.7633623490571733,9.920663933373003
17.42861,0.04391,22.77343,Done,EntryTipCone,161.244,0.00097,4.67642,13.15629,13.15629,1.0,13.15629,4.67642,0.0,0.0,0.0,0.59689,1.0,6,6,1,0.69093,0.90032,0.04523,0.90717,0.56472,0.06997,0.82,0.7,0.06,0.9,0.56,0.06,-3.24069,-12.86382,21.15847,-73.40473,-2.56903,69.09669,double_rcm_log_20260616_135653_209.csv,22.77343,Unknown,Task4_EntryRCM_TipCone,0.0,4.676221610138891,13.145492862756326,13.156445866382033,4.676228128151312,13.145179520089656,13.156298871643186,15.010347500476882,19.105624683809634,138.64384132253414,2.9794749765869466,10.534908157106461
17.45882,0.0053,188.6132,Done,EntryTipCone,161.245,0.0001,4.67525,13.15365,13.15365,1.0,13.15365,4.67525,0.0,0.0,0.0,0.59689,1.0,6,6,1,0.69138,0.90057,0.04481,0.90686,0.56454,0.07026,0.82,0.7,0.06,0.9,0.56,0.06,-3.19805,-12.77737,21.04335,-73.56953,-2.62047,69.10101,double_rcm_log_20260616_135653_209.csv,188.6132,Unknown,Task4_EntryRCM_TipCone,0.0,4.674722678823835,13.141288519225824,13.152230996413495,4.6741793520893715,13.139597464856418,13.15061975725858,15.082216346625202,14.704893976034572,164.5944965035409,3.14114587916385,9.5198763621728
17.49781,0.00934,107.0421,Done,EntryTipCone,161.2447,0.00052,4.67546,13.15392,13.15392,1.0,13.15392,4.67546,0.0,0.0,0.0,0.59689,1.0,6,6,1,0.69197,0.90091,0.04428,0.90646,0.56431,0.07061,0.82,0.7,0.06,0.9,0.56,0.06,-3.14421,-12.65424,20.87492,-73.77762,-2.6848,69.1049,double_rcm_log_20260616_135653_209.csv,107.0421,Unknown,Task4_EntryRCM_TipCone,0.0,4.675398051755219,13.143182869857634,13.154130089103525,4.673366228885655,13.137402916277447,13.148376325615258,14.756360609953118,14.427072274776076,120.82059799891017,3.3257407272319797,9.552306885625388
17.52797,0.01013,98.74691,Done,EntryTipCone,161.2446,0.00048,4.67567,13.15452,13.15452,1.0,13.15452,4.67567,0.0,0.0,0.0,0.59689,1.0,6,6,1,0.69244,0.90118,0.0439,0.90615,0.56413,0.07087,0.82,0.7,0.06,0.9,0.56,0.06,-3.10331,-12.54596,20.72259,-73.93566,-2.73298,69.10574,double_rcm_log_20260616_135653_209.csv,98.74691,Unknown,Task4_EntryRCM_TipCone,0.0,4.675992902756385,13.144851363360983,13.155802760423693,4.675439150759715,13.143458975709308,13.154326284534669,14.784647822310365,18.175914289295363,100.92738500878649,3.52243590765794,10.179682257581488
17.55855,0.00927,107.9211,Done,EntryTipCone,161.2445,0.00066,4.67571,13.15449,13.15449,1.0,13.15449,4.67571,0.0,0.0,0.0,0.59689,1.0,6,6,1,0.69293,0.90146,0.04353,0.90582,0.56394,0.07112,0.82,0.7,0.06,0.9,0.56,0.06,-3.06259,-12.42438,20.5481,-74.09299,-2.78025,69.10442,double_rcm_log_20260616_135653_209.csv,107.9211,Unknown,Task4_EntryRCM_TipCone,0.0,4.676140659581086,13.145265805247998,13.15621824021584,4.675611026021569,13.144045741762211,13.154862218966754,14.927673103322409,18.531669903909748,87.94696194157315,3.7305899428896905,10.342514707373404
17.59074,0.01158,86.3274,Done,EntryTipCone,161.2443,0.00066,4.67596,13.15514,13.15514,1.0,13.15514,4.67596,0.0,0.0,0.0,0.59689,1.0,6,6,1,0.69346,0.90176,0.04317,0.90546,0.56374,0.07137,0.82,0.7,0.06,0.9,0.56,0.06,-3.02059,-12.28434,20.34383,-74.25526,-2.82815,69.10057,double_rcm_log_20260616_135653_209.csv,86.3274,Unknown,Task4_EntryRCM_TipCone,0.0,4.6753160977738615,13.142952997584992,13.153899641326925,4.676029326487452,13.144821091915313,13.15583900783223,14.906934703709984,17.522024694470275,85.25787678112184,3.975060951848156,10.601761891160312
17.62114,0.00874,114.3839,Done,EntryTipCone,161.2445,0.00068,4.67584,13.15485,13.15485,1.0,13.15485,4.67584,0.0,0.0,0.0,0.59689,1.0,6,6,1,0.69396,0.90205,0.04284,0.90512,0.56354,0.07159,0.82,0.7,0.06,0.9,0.56,0.06,-2.98182,-12.13892,20.12844,-74.40517,-2.8714,69.09401,double_rcm_log_20260616_135653_209.csv,114.3839,Unknown,Task4_EntryRCM_TipCone,0.0,4.676188809086117,13.145400859374764,13.156353632578709,4.6759302927904365,13.144947259747317,13.155762995736893,14.876271573880004,18.345072298185134,51.96083085217727,4.215952442238038,10.508628883554207
17.65216,0.01,99.9995,Done,EntryTipCone,161.2441,0.00088,4.676,13.1552,13.1552,1.0,13.1552,4.676,0.0,0.0,0.0,0.59689,1.0,6,6,1,0.69449,0.90235,0.04253,0.90476,0.56334,0.0718,0.82,0.7,0.06,0.9,0.56,0.06,-2.94321,-11.97929,19.88931,-74.55457,-2.91344,69.08456,double_rcm_log_20260616_135653_209.csv,99.9995,Unknown,Task4_EntryRCM_TipCone,0.0,4.675819452336071,13.144364853610073,13.155315032369076,4.6757208246200355,13.143949997563936,13.154968643064084,14.810787233170121,17.304045910205545,115.45355591460998,4.464897820783908,10.850850261319904
17.68296,0.01087,92.01884,Done,EntryTipCone,161.244,0.00092,4.67621,13.15569,13.15569,1.0,13.15569,4.67621,0.0,0.0,0.0,0.59689,1.0,6,6,1,0.69502,0.90266,0.04224,0.9044,0.56314,0.07199,0.82,0.7,0.06,0.9,0.56,0.06,-2.90586,-11.80824,19.63023,-74.69921,-2.9529,69.07181,double_rcm_log_20260616_135653_209.csv,92.01884,Unknown,Task4_EntryRCM_TipCone,0.0,4.675591366996348,13.143725098610256,13.154673675450923,4.67480188734829,13.140949561755978,13.152174725116724,14.763161243899129,16.581910745914335,70.80830585082197,4.743256534169676,11.389531075777906
17.7227,0.0098,102.0406,Done,EntryTipCone,161.244,0.00106,4.6763,13.15593,13.15593,1.0,13.15593,4.6763,0.0,0.0,0.0,0.59689,1.0,6,6,1,0.69572,0.90306,0.0419,0.90393,0.56287,0.07222,0.82,0.7,0.06,0.9,0.56,0.06,-2.85925,-11.56814,19.26245,-74.88003,-3.00008,69.04974,double_rcm_log_20260616_135653_209.csv,102.0406,Unknown,Task4_EntryRCM_TipCone,0.0,4.675743978508382,13.14415315761322,13.155102806277009,4.675195091129469,13.142161220227871,13.153334178070581,14.901053949863417,15.610475331792228,138.82737642593966,5.120555945405667,11.579365370275276
17.75337,0.00944,105.9022,Done,EntryTipCone,161.2439,0.00115,4.6763,13.15582,13.15582,1.0,13.15582,4.6763,0.0,0.0,0.0,0.59689,1.0,6,6,1,0.69627,0.90337,0.04166,0.90356,0.56265,0.07238,0.82,0.7,0.06,0.9,0.56,0.06,-2.82456,-11.36818,18.95312,-75.01487,-3.03343,69.02798,double_rcm_log_20260616_135653_209.csv,105.9022,Unknown,Task4_EntryRCM_TipCone,0.0,4.675856745512435,13.14446945696401,13.155419897659897,4.674417832957788,13.14057509571608,13.151444787550899,14.905217658961813,16.230926501153853,69.04030070382562,5.421067307875323,11.837064450359362
17.78432,0.00971,102.9945,Done,EntryTipCone,161.2436,0.00136,4.67651,13.15614,13.15614,1.0,13.15614,4.67651,0.0,0.0,0.0,0.59689,1.0,6,6,1,0.69683,0.90369,0.04144,0.90318,0.56244,0.07253,0.82,0.7,0.06,0.9,0.56,0.06,-2.79075,-11.15317,18.6179,-75.14666,-3.06413,69.0014,double_rcm_log_20260616_135653_209.csv,102.9945,Unknown,Task4_EntryRCM_TipCone,0.0,4.676885887039389,13.147356086206763,13.1583137569597,4.675941185230807,13.144369312195408,13.155489348557115,14.729902814153295,16.176147331255336,119.22951655485346,5.741650339526494,12.337117635471836
17.81563,0.0102,98.03832,Done,EntryTipCone,161.2433,0.00154,4.67672,13.1567,13.1567,1.0,13.1567,4.67672,0.0,0.0,0.0,0.59689,1.0,6,6,1,0.6974,0.90402,0.04125,0.9028,0.56222,0.07266,0.82,0.7,0.06,0.9,0.56,0.06,-2.75781,-10.92158,18.25414,-75.27542,-3.09194,68.9692,double_rcm_log_20260616_135653_209.csv,98.03832,Unknown,Task4_EntryRCM_TipCone,0.0,4.675872506815167,13.144513665723535,13.155464217123543,4.675596879171477,13.143600022005456,13.154618960654096,14.816509272215805,16.10262600351645,65.5360331889134,6.087282364879865,13.014332095430554
17.84597,0.01064,93.97456,Done,EntryTipCone,161.2432,0.0018,4.67697,13.15715,13.15715,1.0,13.15715,4.67697,0.0,0.0,0.0,0.59689,1.0,6,6,1,0.69796,0.90434,0.04108,0.90242,0.562,0.07278,0.82,0.7,0.06,0.9,0.56,0.06,-2.72717,-10.68309,17.87692,-75.39565,-3.11551,68.93228,double_rcm_log_20260616_135653_209.csv,93.97456,Unknown,Task4_EntryRCM_TipCone,0.0,4.676918512768935,13.1474475977347,13.158405497746203,4.677457420087135,13.149056473901313,13.159969604828117,14.96701607954387,18.768941504372737,135.59038673985492,6.448205190273056,13.813409870910988
17.88622,0.01028,97.31421,Done,EntryTipCone,161.2429,0.00184,4.67718,13.15781,13.15781,1.0,13.15781,4.67714,0.0,0.0,0.0,0.59689,1.0,6,6,1,0.69871,0.90477,0.04089,0.90191,0.56171,0.07291,0.82,0.7,0.06,0.9,0.56,0.06,-2.68857,-10.34383,17.33625,-75.54794,-3.14112,68.87342,double_rcm_log_20260616_135653_209.csv,97.31421,Unknown,Task4_EntryRCM_TipCone,0.0,4.677414846951546,13.148839759163574,13.159801147270954,4.678222785945721,13.15111612695346,13.162078103399931,14.79788303484319,18.454668293924062,113.1744807097804,6.970572381376728,14.090135115471698
17.91703,0.00905,110.4677,Done,EntryTipCone,161.2428,0.002,4.67709,13.15755,13.15755,1.0,13.15755,4.67709,0.0,0.0,0.0,0.59689,1.0,6,6,1,0.69929,0.9051,0.04077,0.90152,0.56149,0.07298,0.82,0.7,0.06,0.9,0.56,0.06,-2.66069,-10.06533,16.88917,-75.65878,-3.15585,68.81967,double_rcm_log_20260616_135653_209.csv,110.4677,Unknown,Task4_EntryRCM_TipCone,0.0,4.676521740109422,13.146334694444619,13.15728980658241,4.675168827194438,13.142289930426303,13.1533607872665,14.743369113008209,12.802554007865968,91.48008898792543,7.3590268739036215,14.85710800377254
17.94861,0.01141,87.61637,Done,EntryTipCone,161.2419,0.00269,4.6778,13.1591,13.1591,1.0,13.1591,4.6778,0.0,0.0,0.0,0.59689,1.0,6,6,1,0.69988,0.90544,0.04067,0.90112,0.56126,0.07305,0.82,0.7,0.06,0.9,0.56,0.06,-2.63362,-9.76558,16.40533,-75.76729,-3.16653,68.75689,double_rcm_log_20260616_135653_209.csv,87.61637,Unknown,Task4_EntryRCM_TipCone,0.0,4.677831481174164,13.150008370427738,13.160972687093919,4.676950667258179,13.147422619603496,13.158438357191176,14.797844656961827,14.28384481075314,78.95539230712313,7.821341353398079,16.704548635893378
17.98837,0.00978,102.2982,Done,EntryTipCone,161.2417,0.00297,4.67776,13.15891,13.15891,1.0,13.15891,4.67776,0.0,0.0,0.0,0.59689,1.0,6,6,1,0.70064,0.90587,0.04058,0.90061,0.56097,0.07311,0.82,0.7,0.06,0.9,0.56,0.06,-2.60194,-9.35737,15.74168,-75.89594,-3.17194,68.66234,double_rcm_log_20260616_135653_209.csv,102.2982,Unknown,Task4_EntryRCM_TipCone,0.0,4.678531256395388,13.151971158191174,13.162940394811521,4.677515394530222,13.148915720141506,13.159981003025793,14.890317387565018,18.17528059183543,85.3955234633487,8.481943188168799,18.17443491138048
18.01932,0.01014,98.60085,Done,EntryTipCone,161.2413,0.00331,4.67814,13.15996,13.15996,1.0,13.15996,4.67814,0.0,0.0,0.0,0.59689,1.0,6,6,1,0.70123,0.9062,0.04054,0.90021,0.56074,0.07314,0.82,0.7,0.06,0.9,0.56,0.06,-2.57915,-9.01908,15.1883,-75.9901,-3.16975,68.57677,double_rcm_log_20260616_135653_209.csv,98.60085,Unknown,Task4_EntryRCM_TipCone,0.0,4.678930710043071,13.153091578138126,13.164063623882523,4.678388882675335,13.15148362499309,13.162495963912008,14.909683296291801,16.94252950502262,111.09675432928523,9.020929434376686,19.150520574032456
18.04999,0.00963,103.8766,Done,EntryTipCone,161.2406,0.00389,4.67839,13.16015,13.16015,1.0,13.16015,4.67839,0.0,0.0,0.0,0.5969,1.0,6,6,1,0.70181,0.90654,0.04052,0.89981,0.56052,0.07315,0.82,0.7,0.06,0.9,0.56,0.06,-2.5583,-8.66213,14.60115,-76.07797,-3.1611,68.47927,double_rcm_log_20260616_135653_209.csv,103.8766,Unknown,Task4_EntryRCM_TipCone,0.0,4.679248570621658,13.153983138779036,13.164957420193353,4.6781956623322305,13.150329039463388,13.161648832878052,14.775344133835985,16.13147092122433,11.066709955776167,9.596402789342818,21.287455841055294
18.08086,0.01081,92.53503,Done,EntryTipCone,161.2395,0.0049,4.67914,13.16175,13.16175,1.0,13.16175,4.67914,0.0,0.0,0.0,0.5969,1.0,6,6,1,0.70239,0.90687,0.04053,0.89942,0.56029,0.07315,0.82,0.7,0.06,0.9,0.56,0.06,-2.53909,-8.28252,13.97349,-76.16115,-3.14542,68.36786,double_rcm_log_20260616_135653_209.csv,92.53503,Unknown,Task4_EntryRCM_TipCone,0.0,4.679340462415367,13.154240884117828,13.165215811909105,4.679641357363024,13.154918647235526,13.165978884989913,14.77432830208044,17.029842974991922,57.3941839618894,10.268765559746923,24.706795046835854
18.1208,0.01026,97.508,Done,EntryTipCone,161.2385,0.00569,4.67956,13.16301,13.16301,1.0,13.16301,4.67956,0.0,0.0,0.0,0.5969,1.0,6,6,1,0.70315,0.90731,0.04057,0.8989,0.56,0.07312,0.82,0.7,0.06,0.9,0.56,0.06,-2.51716,-7.74954,13.08657,-76.26054,-3.11211,68.19742,double_rcm_log_20260616_135653_209.csv,97.508,Unknown,Task4_EntryRCM_TipCone,0.0,4.679810747480614,13.155559976170567,13.166538212394709,4.679749392607895,13.15471603061632,13.1660320522168,14.77700716725138,18.067783629515326,61.362401608616466,11.3168257276022,26.778904953179953
18.15145,0.0095,105.2625,Done,EntryTipCone,161.2375,0.00663,4.68002,13.16374,13.16374,1.0,13.16374,4.68002,0.0,0.0,0.0,0.5969,1.0,6,6,1,0.70373,0.90764,0.04063,0.89851,0.55978,0.07308,0.82,0.7,0.06,0.9,0.56,0.06,-2.50267,-7.30669,12.34507,-76.33074,-3.07514,68.04373,double_rcm_log_20260616_135653_209.csv,105.2625,Unknown,Task4_EntryRCM_TipCone,0.0,4.679846167761567,13.15565932568788,13.166637811119028,4.67992612793588,13.15501197262854,13.166430799575114,14.699339960897715,16.501629102614103,66.03494549742646,12.09888041757171,31.030510667507095
18.18302,0.01159,86.25596,Done,EntryTipCone,161.2342,0.00928,4.68166,13.16719,13.16719,1.0,13.16719,4.68166,0.0,0.0,0.0,0.59691,1.0,6,6,1,0.70431,0.90797,0.0407,0.89811,0.55955,0.07302,0.82,0.7,0.06,0.9,0.56,0.06,-2.48991,-6.8243,11.53336,-76.39808,-3.02589,67.86467,double_rcm_log_20260616_135653_209.csv,86.25596,Unknown,Task4_EntryRCM_TipCone,0.0,4.681351409583922,13.15988133860992,13.170870417974037,4.6791020485090185,13.152786718469164,13.164155878748943,14.642307837912082,15.40738370887202,62.82192873523948,13.197172858404036,40.20317708043269
18.22296,0.01017,98.32995,Done,EntryTipCone,161.2318,0.01135,4.68245,13.16876,13.16876,1.0,13.16876,4.68245,0.0,0.0,0.0,0.59692,1.0,6,6,1,0.70505,0.9084,0.04084,0.89761,0.55927,0.07293,0.82,0.7,0.06,0.9,0.56,0.06,-2.47771,-6.13949,10.37299,-76.47577,-2.93841,67.58746,double_rcm_log_20260616_135653_209.csv,98.32995,Unknown,Task4_EntryRCM_TipCone,0.0,4.68214767523502,13.162114759373,13.173109445630184,4.680988441077384,13.157706720923906,13.169278643874156,14.508538945776092,15.572633925494584,93.0349471200968,14.991733252282655,49.29055839246197
18.25353,0.00985,101.5701,Done,EntryTipCone,161.2283,0.01447,4.68379,13.17173,13.17173,1.0,13.17173,4.68379,0.0,0.0,0.0,0.59692,1.0,6,6,1,0.7056,0.90872,0.04096,0.89723,0.55906,0.07284,0.82,0.7,0.06,0.9,0.56,0.06,-2.47152,-5.56248,9.38902,-76.53106,-2.84932,67.33434,double_rcm_log_20260616_135653_209.csv,101.5701,Unknown,Task4_EntryRCM_TipCone,0.0,4.683511422573771,13.165939885969124,13.176944179462184,4.680970649506701,13.157148685732107,13.16898249676111,14.507501678385792,14.69807793700519,246.34826243609683,16.547619627080678,53.70096158496906
18.28423,0.00953,104.9377,Done,EntryTipCone,161.2228,0.01934,4.68575,13.17571,13.17571,1.0,13.17571,4.68575,0.0,0.0,0.0,0.59694,1.0,6,6,1,0.70614,0.90903,0.0411,0.89685,0.55885,0.07274,0.82,0.7,0.06,0.9,0.56,0.06,-2.46859,-4.92311,8.29228,-76.58437,-2.73329,67.0329,double_rcm_log_20260616_135653_209.csv,104.9377,Unknown,Task4_EntryRCM_TipCone,0.0,4.685481488390428,13.171465640612547,13.182483822567997,4.682813118539236,13.161842576174514,13.173936389705249,14.147200292764294,18.909856050817673,315.0215999447831,18.212792833485096,70.29889568307102
18.31579,0.01175,85.08088,Done,EntryTipCone,161.2112,0.02965,4.68998,13.18441,13.18441,1.0,13.18441,4.68998,0.0,0.0,0.0,0.59696,1.0,6,6,1,0.70666,0.90934,0.04124,0.89648,0.55865,0.07263,0.82,0.7,0.06,0.9,0.56,0.06,-2.46923,-4.21286,7.06698,-76.63989,-2.58176,66.67366,double_rcm_log_20260616_135653_209.csv,85.08088,Unknown,Task4_EntryRCM_TipCone,0.0,4.689889907850055,13.183830574282151,13.19487987677608,4.685332958579826,13.168143435521259,13.180660074518274,13.567922461451953,26.470537328687787,455.83545326363446,20.861775253058532,87.19442651117917
18.35453,0.00984,101.6544,Done,EntryTipCone,161.1929,0.04619,4.69553,13.1957,13.1957,1.0,13.1957,4.69553,0.0,0.0,0.0,0.59701,1.0,6,6,1,0.70727,0.9097,0.04143,0.89604,0.55842,0.07249,0.82,0.7,0.06,0.9,0.56,0.06,-2.47872,-3.16747,5.24855,-76.71903,-2.30299,66.09428,double_rcm_log_20260616_135653_209.csv,101.6544,Unknown,Task4_EntryRCM_TipCone,0.0,4.696440790232244,13.202204640374184,13.213300295891115,4.691607816152725,13.184331084808468,13.19765509475076,12.462602615605125,48.443574139247794,663.9887218155114,24.217002774404136,62.01749957374297
18.38558,0.01043,95.88422,Done,EntryTipCone,161.1608,0.07517,4.70499,13.21481,13.21481,1.0,13.21481,4.70499,0.0,0.0,0.0,0.59709,1.0,6,6,1,0.70765,0.90995,0.04154,0.89572,0.55828,0.07238,0.82,0.7,0.06,0.9,0.56,0.06,-2.49354,-2.2738,3.68235,-76.80571,-1.99617,65.55664,double_rcm_log_20260616_135653_209.csv,95.88422,Unknown,Task4_EntryRCM_TipCone,0.0,4.70452813879239,13.224887984187259,13.236041043028722,4.696955691719757,13.196369897117133,13.211404164584504,10.658819925357394,68.18115010133536,354.1492949178322,25.110205088160853,52.961702035599785
18.41696,0.01156,86.4797,Done,EntryTipCone,161.1073,0.12408,4.71933,13.24341,13.24341,1.0,13.24341,4.71933,0.0,0.0,0.0,0.59723,1.0,6,6,1,0.70791,0.91016,0.04158,0.89545,0.55818,0.0723,0.82,0.7,0.06,0.9,0.56,0.06,-2.51676,-1.38832,2.11955,-76.93517,-1.58519,64.98716,double_rcm_log_20260616_135653_209.csv,86.4797,Unknown,Task4_EntryRCM_TipCone,0.0,4.7190672742613256,13.265666595960203,13.276923349431291,4.707747172111747,13.222944452730669,13.240275676888333,8.582177685258198,68.25265315416645,299.8937088237177,22.888827714199607,151.09259107485266
18.45719,0.0108,92.58147,Done,EntryTipCone,161.0074,0.21601,4.74231,13.28719,13.28719,1.0,13.28719,4.74231,0.0,0.0,0.0,0.59748,1.0,6,6,1,0.70805,0.91034,0.04153,0.89516,0.55814,0.07223,0.82,0.7,0.06,0.9,0.56,0.06,-2.55745,-0.52675,0.5868,-77.18575,-0.9264,64.40559,double_rcm_log_20260616_135653_209.csv,92.58147,Unknown,Task4_EntryRCM_TipCone,0.0,4.741816278276566,13.329470105585383,13.340890393133398,4.724239160728028,13.260456483615007,13.283753234684882,6.72706925744563,42.22587199130462,795.2983069774205,14.435596366991462,235.91145594606792
18.48869,0.0109,91.7027,Done,EntryTipCone,160.9157,0.29998,4.75864,13.31569,13.31569,1.0,13.31569,4.75864,0.0,0.0,0.0,0.59771,1.0,6,6,1,0.70808,0.91046,0.04146,0.89497,0.55814,0.07219,0.82,0.7,0.06,0.9,0.56,0.06,-2.58612,-0.23855,0.0718,-77.3903,-0.47212,64.22018,double_rcm_log_20260616_135653_209.csv,91.7027,Unknown,Task4_EntryRCM_TipCone,0.0,4.759242514957005,13.378343574371025,13.389890197920305,4.736912607016466,13.288380696625982,13.31752980098037,6.013033310238825,21.885808168818883,615.6417034891285,7.597782031212589,186.65217817662685
18.52099,0.01063,94.04439,Done,EntryTipCone,160.8181,0.38833,4.7704,13.33224,13.33224,1.0,13.33224,4.7704,0.0,0.0,0.0,0.59796,1.0,6,6,1,0.70809,0.91057,0.04141,0.89479,0.55815,0.07213,0.82,0.7,0.06,0.9,0.56,0.06,-2.60647,-0.14779,-0.08773,-77.54891,-0.14978,64.18343,double_rcm_log_20260616_135653_209.csv,94.04439,Unknown,Task4_EntryRCM_TipCone,0.0,4.76966505042441,13.407573933727676,13.419196561369661,4.741995614804069,13.2945769163451,13.330547625660419,5.928120760942762,16.15292042266063,178.1935972093326,3.776572723196864,96.80479268136713
18.55547,0.01315,76.04366,Done,EntryTipCone,160.7124,0.48314,4.77643,13.33399,13.33399,1.0,13.33399,4.77643,0.0,0.0,0.0,0.59822,1.0,6,6,1,0.70808,0.91068,0.04137,0.8946,0.55816,0.07205,0.82,0.7,0.06,0.9,0.56,0.06,-2.61763,-0.12464,-0.1215,-77.64148,0.02694,64.2022,double_rcm_log_20260616_135653_209.csv,76.04366,Unknown,Task4_EntryRCM_TipCone,0.0,4.775776513957856,13.424713537217084,13.436380886058314,4.742791092615632,13.288275977776037,13.33222037021595,5.891299197580578,16.30795738460807,46.937997357446164,1.7849658161353232,45.37081588801948
18.58641,0.01097,91.16679,Done,EntryTipCone,160.6169,0.56833,4.77606,13.32131,13.32131,1.0,13.32131,4.77606,0.0,0.0,0.0,0.59846,1.0,6,6,1,0.70805,0.91077,0.04135,0.89444,0.55818,0.07197,0.82,0.7,0.06,0.9,0.56,0.06,-2.62333,-0.11663,-0.12691,-77.68224,0.10547,64.22988,double_rcm_log_20260616_135653_209.csv,91.16679,Unknown,Task4_EntryRCM_TipCone,0.0,4.776180697537364,13.425847064948394,13.437517375476059,4.739489549943797,13.270962228170909,13.323171544343353,5.868626743748791,18.525377370063914,40.52075325754337,0.8677330947007498,24.65115075441207
18.61694,0.01125,88.92822,Done,EntryTipCone,160.5215,0.65244,4.77032,13.29572,13.29572,1.0,13.29572,4.77032,0.0,0.0,0.0,0.5987,1.0,6,6,1,0.70802,0.91086,0.04136,0.89429,0.5582,0.07187,0.82,0.7,0.06,0.9,0.56,0.06,-2.62662,-0.11029,-0.1282,-77.69296,0.13194,64.25918,double_rcm_log_20260616_135653_209.csv,88.92822,Unknown,Task4_EntryRCM_TipCone,0.0,4.769593559244406,13.40737343576341,13.41899554093925,4.728901311714674,13.233586292228058,13.29439731616293,5.870673944978029,17.343723062453357,49.78583019522413,0.4731879927902698,12.892222268295598
18.6569,0.01021,97.97578,Done,EntryTipCone,160.3967,0.76226,4.75493,13.24308,13.24308,1.0,13.24308,4.75493,0.0,0.0,0.0,0.59901,1.0,6,6,1,0.70795,0.91097,0.04139,0.89411,0.55824,0.07173,0.82,0.7,0.06,0.9,0.56,0.06,-2.63115,-0.10247,-0.12915,-77.6854,0.14098,64.29786,double_rcm_log_20260616_135653_209.csv,97.97578,Unknown,Task4_EntryRCM_TipCone,0.0,4.75473528397039,13.365702752802497,13.377216611191855,4.7097824480323665,13.169622037681489,13.243209580762556,5.842487344543565,15.832693088985064,63.54460783236458,0.43946238699517687,4.860121666478052
18.69577,0.01033,96.84485,Done,EntryTipCone,160.2744,0.8686,4.73139,13.17086,13.17086,1.0,13.17086,4.73139,0.0,0.0,0.0,0.59932,1.0,6,6,1,0.70787,0.91108,0.04145,0.89395,0.55828,0.07157,0.82,0.7,0.06,0.9,0.56,0.06,-2.63738,-0.09604,-0.12876,-77.66399,0.14296,64.33599,double_rcm_log_20260616_135653_209.csv,96.84485,Unknown,Task4_EntryRCM_TipCone,0.0,4.731818765572759,13.301430613248845,13.312778838808175,4.682080037758864,13.082467069149642,13.169122977632188,6.023677293305968,15.386765674756344,30.202562928257734,0.4972550737036166,3.2556476300864743
18.73666,0.01112,89.96615,Done,EntryTipCone,160.1459,0.9798,4.69749,13.07298,13.07298,1.0,13.07298,4.69749,0.0,0.0,0.0,0.59964,1.0,6,6,1,0.70776,0.91117,0.04155,0.89379,0.55832,0.07138,0.82,0.7,0.06,0.9,0.56,0.06,-2.64654,-0.09023,-0.12793,-77.631,0.14752,64.37601,double_rcm_log_20260616_135653_209.csv,89.96615,Unknown,Task4_EntryRCM_TipCone,0.0,4.69785845082545,13.206180904816659,13.217286608504779,4.645830872448108,12.971461041010851,13.072524622275557,6.271844852747464,15.747636487664922,72.27342182274141,0.5773194789571235,3.3008589936285118
18.7756,0.01032,96.8636,Done,EntryTipCone,160.0238,1.08496,4.65682,12.95906,12.95906,1.0,12.95906,4.65682,0.0,0.0,0.0,0.59995,1.0,6,6,1,0.70763,0.91126,0.04168,0.89365,0.55837,0.07118,0.82,0.7,0.06,0.9,0.56,0.06,-2.65706,-0.08488,-0.12773,-77.58588,0.14549,64.41357,double_rcm_log_20260616_135653_209.csv,96.8636,Unknown,Task4_EntryRCM_TipCone,0.0,4.656355399955071,13.089769518509513,13.100583556056957,4.603512130253156,12.843703575622616,12.960393512544268,6.4270051251692,15.616595707318911,38.03237709119121,0.6706109520578531,2.880500723895659
18.81539,0.01062,94.19309,Done,EntryTipCone,159.8988,1.19145,4.60683,12.82257,12.82257,1.0,12.82257,4.60683,0.0,0.0,0.0,0.60026,1.0,6,6,1,0.70749,0.91134,0.04183,0.89353,0.55843,0.07096,0.82,0.7,0.06,0.9,0.56,0.06,-2.67001,-0.07928,-0.12882,-77.52883,0.14294,64.45112,double_rcm_log_20260616_135653_209.csv,94.19309,Unknown,Task4_EntryRCM_TipCone,0.0,4.6076547091395135,12.953160808559844,12.963639161443565,4.551830435148454,12.690013578219085,12.823704612942388,6.657735894874781,18.697296757444764,55.85940572298868,0.7522379402830793,2.838507729197477
18.84589,0.01019,98.12654,Done,EntryTipCone,159.8034,1.27199,4.5627,12.70431,12.70431,1.0,12.70431,4.56266,0.0,0.0,0.0,0.6005,1.0,6,6,1,0.70736,0.91139,0.04197,0.89344,0.55848,0.07078,0.82,0.7,0.06,0.9,0.56,0.06,-2.68186,-0.07705,-0.12698,-77.48004,0.146,64.48071,double_rcm_log_20260616_135653_209.csv,98.12654,Unknown,Task4_EntryRCM_TipCone,0.0,4.563939192497577,12.830527873778534,12.840710882256616,4.508648275112321,12.562181339242018,12.710326510361579,7.04900054772154,18.115833493122945,156.15658343686755,0.8315925789864757,2.8210790249201323
18.87596,0.00938,106.5784,Done,EntryTipCone,159.7099,1.35085,4.51427,12.57548,12.57548,1.0,12.57548,4.51427,0.0,0.0,0.0,0.60074,1.0,6,6,1,0.70723,0.91144,0.04213,0.89337,0.55854,0.07058,0.82,0.7,0.06,0.9,0.56,0.06,-2.69445,-0.0757,-0.12422,-77.42348,0.1438,64.50999,double_rcm_log_20260616_135653_209.csv,106.5784,Unknown,Task4_EntryRCM_TipCone,0.0,4.513731029401085,12.689672234110969,12.699522940036077,4.4556501554198995,12.407149613769551,12.570795519775212,7.199365510318592,11.8018227540598,86.7265822741019,0.8987587252092311,2.74421536799982
18.90673,0.01079,92.69763,Done,EntryTipCone,159.6146,1.43043,4.46019,12.43341,12.43341,1.0,12.43341,4.46019,0.0,0.0,0.0,0.60098,1.0,6,6,1,0.70708,0.91149,0.04231,0.8933,0.55859,0.07038,0.82,0.7,0.06,0.9,0.56,0.06,-2.70895,-0.07295,-0.1247,-77.36218,0.14722,64.53822,double_rcm_log_20260616_135653_209.csv,92.69763,Unknown,Task4_EntryRCM_TipCone,0.0,4.4600209524121,12.538981424741179,12.548484737187751,4.403785627872788,12.256136673268895,12.434729590948113,7.3483216748449465,13.193241042730369,86.85362021044365,0.9621397568831206,2.730528419269805
18.94707,0.01069,93.54672,Done,EntryTipCone,159.4909,1.53318,4.38168,12.22896,12.22896,1.0,12.22896,4.38168,0.0,0.0,0.0,0.60129,1.0,6,6,1,0.70687,0.91154,0.04256,0.89322,0.55867,0.07009,0.82,0.7,0.06,0.9,0.56,0.06,-2.72968,-0.06929,-0.12647,-77.2702,0.14741,64.57415,double_rcm_log_20260616_135653_209.csv,93.54672,Unknown,Task4_EntryRCM_TipCone,0.0,4.382174940161349,12.3205544954886,12.329568943448733,4.324972842883934,12.027695539877971,12.228875663772214,7.749605475689409,14.338153719475667,39.89311692937589,1.071934659330309,2.85909343279854
18.97835,0.00998,100.1572,Done,EntryTipCone,159.3964,1.61168,4.31561,12.05828,12.05828,1.0,12.05828,4.31561,0.0,0.0,0.0,0.60153,1.0,6,6,1,0.70669,0.91157,0.04278,0.89318,0.55874,0.06986,0.82,0.7,0.06,0.9,0.56,0.06,-2.74701,-0.06835,-0.12532,-77.19186,0.14623,64.60258,double_rcm_log_20260616_135653_209.csv,100.1572,Unknown,Task4_EntryRCM_TipCone,0.0,4.315144217202431,12.13245578194295,12.14106295962601,4.258237279532167,11.835411272955449,12.05485794192536,7.938447489760697,13.58101848099011,41.38347949370888,1.1491272169510578,2.497731200766509
19.01216,0.01201,83.24942,Done,EntryTipCone,159.295,1.69502,4.2385,11.86063,11.86063,1.0,11.86063,4.2385,0.0,0.0,0.0,0.60179,1.0,6,6,1,0.70649,0.9116,0.04303,0.89313,0.55881,0.0696,0.82,0.7,0.06,0.9,0.56,0.06,-2.76728,-0.06775,-0.12426,-77.10023,0.14551,64.63274,double_rcm_log_20260616_135653_209.csv,83.24942,Unknown,Task4_EntryRCM_TipCone,0.0,4.23983756216474,11.921113711315163,11.929278177698885,4.184903531801924,11.624590977088868,11.864779812537636,8.364171058484438,16.519477463281053,55.52803215824562,1.2172499490714284,2.6129857996651196
19.04481,0.01181,84.68275,Done,EntryTipCone,159.1985,1.77392,4.15897,11.65817,11.65817,1.0,11.65817,4.15897,0.0,0.0,0.0,0.60203,1.0,6,6,1,0.70628,0.91162,0.0433,0.89311,0.55889,0.06933,0.82,0.7,0.06,0.9,0.56,0.06,-2.78852,-0.06576,-0.12684,-77.00692,0.14897,64.65971,double_rcm_log_20260616_135653_209.csv,84.68275,Unknown,Task4_EntryRCM_TipCone,0.0,4.15788236050571,11.691089640153516,11.698789847765946,4.102716188323777,11.389811506510867,11.651313230704986,8.660439973027726,11.221898150928244,100.97251725310481,1.3034157934409074,2.565823218519151
19.07483,0.01077,92.85829,Done,EntryTipCone,159.1115,1.84515,4.0814,11.46197,11.46197,1.0,11.46197,4.0814,0.0,0.0,0.0,0.60225,1.0,6,6,1,0.70608,0.91163,0.04356,0.89309,0.55896,0.06908,0.82,0.7,0.06,0.9,0.56,0.06,-2.80862,-0.06583,-0.12642,-76.91242,0.14461,64.68515,double_rcm_log_20260616_135653_209.csv,92.85829,Unknown,Task4_EntryRCM_TipCone,0.0,4.080390153866818,11.47356986975728,11.480847604015205,4.0276739970599245,11.175809659190765,11.45757827815284,8.790414506048785,10.122559302337857,43.91007043153946,1.3671900917962512,2.2781588586131574
19.11097,0.01396,71.62939,Done,EntryTipCone,159.0073,1.92908,3.98261,11.21386,11.21386,1.0,11.21386,3.98261,0.0,0.0,0.0,0.60251,1.0,6,6,1,0.70583,0.91164,0.04389,0.89308,0.55905,0.06877,0.82,0.7,0.06,0.9,0.56,0.06,-2.83524,-0.06809,-0.12345,-76.79758,0.15243,64.71622,double_rcm_log_20260616_135653_209.csv,71.62939,Unknown,Task4_EntryRCM_TipCone,0.0,3.9822123470040798,11.197955758875345,11.204720807302868,3.932088422458674,10.904026144220605,11.211681408245623,9.140972759368085,13.853084211958532,62.2609137323817,1.4328479054257637,2.6835433491972163
19.15014,0.01168,85.58313,Done,EntryTipCone,158.8974,2.0176,3.86933,10.93133,10.93133,1.0,10.93133,3.86933,0.0,0.0,0.0,0.60279,1.0,6,6,1,0.70554,0.91164,0.04427,0.89308,0.55916,0.06842,0.82,0.7,0.06,0.9,0.56,0.06,-2.86497,-0.06855,-0.12473,-76.66093,0.15127,64.74702,double_rcm_log_20260616_135653_209.csv,85.58313,Unknown,Task4_EntryRCM_TipCone,0.0,3.8688387244480875,10.879641649218827,10.885845293750524,3.8219729534579074,10.591365133192994,10.931074970010982,9.509048804789343,14.108363377814005,29.72371830624687,1.54853539185942,2.82126582586362
19.19112,0.01124,88.95046,Done,EntryTipCone,158.7857,2.10738,3.7435,10.62,10.62,1.0,10.62,3.7435,0.0,0.0,0.0,0.60307,1.0,6,6,1,0.70522,0.91163,0.04469,0.8931,0.55927,0.06804,0.82,0.7,0.06,0.9,0.56,0.06,-2.89754,-0.06869,-0.12802,-76.50598,0.14399,64.77733,double_rcm_log_20260616_135653_209.csv,88.95046,Unknown,Task4_EntryRCM_TipCone,0.0,3.7432826908989583,10.527073864350033,10.532693016702689,3.700082929638436,10.24709519815252,10.620004708096902,9.878818575636277,13.759204447328703,63.90825958162615,1.6319422163246098,2.1900432483245407
19.23173,0.01151,86.90458,Done,EntryTipCone,158.678,2.19296,3.61189,10.29708,10.29708,1.0,10.29708,3.61189,0.0,0.0,0.0,0.60334,1.0,6,6,1,0.70489,0.91161,0.04513,0.89314,0.55939,0.06765,0.82,0.7,0.06,0.9,0.56,0.06,-2.93228,-0.07352,-0.12484,-76.34798,0.14596,64.80885,double_rcm_log_20260616_135653_209.csv,86.90458,Unknown,Task4_EntryRCM_TipCone,0.0,3.6116224058860604,10.157310759403405,10.162357697200814,3.5712433548335993,9.884077405294136,10.293405656049885,10.253172857762882,10.014160908999125,39.551878868629366,1.6921405573406494,1.9887292188090646
19.27123,0.01018,98.2686,Done,EntryTipCone,158.576,2.27329,3.47767,9.97082,9.97082,1.0,9.97082,3.47767,0.0,0.0,0.0,0.6036,1.0,6,6,1,0.70455,0.91157,0.04558,0.89319,0.55951,0.06726,0.82,0.7,0.06,0.9,0.56,0.06,-2.96794,-0.07825,-0.12323,-76.18761,0.15096,64.83778,double_rcm_log_20260616_135653_209.csv,98.2686,Unknown,Task4_EntryRCM_TipCone,0.0,3.477003078250794,9.779181850370353,9.783685286962317,3.441202718267789,9.518509013819036,9.966132650130636,10.507470303709058,10.718718606213276,123.92134244415972,1.7611045662861555,2.6266709239670156
19.30223,0.00941,106.2866,Done,EntryTipCone,158.4984,2.33406,3.36819,9.70703,9.70703,1.0,9.70703,3.36819,0.0,0.0,0.0,0.6038,1.0,6,6,1,0.70428,0.91154,0.04595,0.89323,0.55961,0.06695,0.82,0.7,0.06,0.9,0.56,0.06,-2.99698,-0.08217,-0.12263,-76.05679,0.1552,64.85932,double_rcm_log_20260616_135653_209.csv,106.2866,Unknown,Task4_EntryRCM_TipCone,0.0,3.368354944354871,9.473963321864026,9.478057705427688,3.338014190908991,9.228521841801964,9.710175075661649,10.80594601018798,14.718900986053155,105.40541173498252,1.8382786609680208,2.277663830428558
19.3331,0.01069,93.58028,Done,EntryTipCone,158.4236,2.39287,3.25612,9.43858,9.43858,1.0,9.43858,3.25612,0.0,0.0,0.0,0.60399,1.0,6,6,1,0.704,0.9115,0.04633,0.89329,0.55971,0.06663,0.82,0.7,0.06,0.9,0.56,0.06,-3.02602,-0.08432,-0.1257,-75.91831,0.15018,64.87847,double_rcm_log_20260616_135653_209.csv,93.58028,Unknown,Task4_EntryRCM_TipCone,0.0,3.2551082467588386,9.155790087214854,9.159485283263702,3.22840645023469,8.921620584072931,9.437430794448236,10.981534048136732,12.922947692177843,96.0171984486338,1.8883965976411705,2.1497366048851787
19.36357,0.00943,106.0823,Done,EntryTipCone,158.3517,2.44849,3.14205,9.16808,9.16808,1.0,9.16808,3.14205,0.0,0.0,0.0,0.60417,1.0,6,6,1,0.70372,0.91145,0.04671,0.89336,0.55981,0.06632,0.82,0.7,0.06,0.9,0.56,0.06,-3.05645,-0.09315,-0.11816,-75.78278,0.15696,64.90105,double_rcm_log_20260616_135653_209.csv,106.0823,Unknown,Task4_EntryRCM_TipCone,0.0,3.1422982299407174,8.83880816927337,8.8421323861391,3.1198894845252814,8.618293245274176,9.168865796814774,11.118414965644671,9.307455928763607,105.03234395693669,1.9228553603283398,1.7529014712631088
19.41079,0.02659,37.60333,Done,EntryTipCone,158.2464,2.53107,2.95949,8.73959,8.73959,1.0,8.73959,2.95949,0.0,0.0,0.0,0.60443,1.0,6,6,1,0.70328,0.91137,0.04733,0.89348,0.55997,0.06582,0.82,0.7,0.06,0.9,0.56,0.06,-3.10447,-0.09797,-0.12384,-75.56119,0.15963,64.92693,double_rcm_log_20260616_135653_209.csv,37.60333,Unknown,Task4_EntryRCM_TipCone,0.0,2.959765930176324,8.325843392499268,8.328621368286937,2.944709187730442,8.12941818336345,8.739776885023993,11.56462966544691,10.60488163375457,40.713429603408116,2.012156161207847,2.0547965772279886
19.45336,0.04257,23.49016,Done,EntryTipCone,158.1558,2.601,2.78909,8.34609,8.34609,1.0,8.34609,2.78909,0.0,0.0,0.0,0.60467,1.0,6,6,1,0.70286,0.91128,0.0479,0.8936,0.56012,0.06536,0.82,0.7,0.06,0.9,0.56,0.06,-3.14926,-0.10593,-0.12431,-75.35403,0.16189,64.95061,double_rcm_log_20260616_135653_209.csv,23.49016,Unknown,Task4_EntryRCM_TipCone,0.0,2.789962920988869,7.848575364487459,7.850902168067561,2.7826370277571066,7.677826615550964,8.348892142074956,11.86960820984988,12.664001304631125,65.27461169361133,2.0803676667340527,2.4377554336799236
19.48878,0.03542,28.23225,Done,EntryTipCone,158.0847,2.65587,2.64294,8.01338,8.01338,1.0,8.01338,2.64294,0.0,0.0,0.0,0.60484,1.0,6,6,1,0.7025,0.91119,0.0484,0.89372,0.56024,0.06497,0.82,0.7,0.06,0.9,0.56,0.06,-3.18772,-0.11244,-0.12641,-75.17621,0.16462,64.96825,double_rcm_log_20260616_135653_209.csv,28.23225,Unknown,Task4_EntryRCM_TipCone,0.0,2.6424294807314745,7.433844654316841,7.435821538714539,2.6431028173774958,7.290202592943146,8.012296799295491,12.245638030543756,11.078870358827817,104.45334129310065,2.1665263996477315,2.235570928435678
19.51905,0.01773,56.39481,Done,EntryTipCone,158.0261,2.70038,2.51505,7.72691,7.72691,1.0,7.72691,2.51505,0.0,0.0,0.0,0.60499,1.0,6,6,1,0.70219,0.91111,0.04883,0.89383,0.56036,0.06463,0.82,0.7,0.06,0.9,0.56,0.06,-3.22064,-0.12151,-0.12248,-75.01637,0.157,64.98495,double_rcm_log_20260616_135653_209.csv,56.39481,Unknown,Task4_EntryRCM_TipCone,0.0,2.5140946155283657,7.073042805475022,7.074745439787461,2.5194304421781593,6.946455654061768,7.72239600124211,12.401586534654118,7.213431565543138,114.28519626164767,2.2076103467291635,1.3439449809575619
19.56307,0.01908,52.41323,Done,EntryTipCone,157.947,2.76098,2.32583,7.31077,7.31077,1.0,7.31077,2.32583,0.0,0.0,0.0,0.60519,1.0,6,6,1,0.70173,0.91098,0.04947,0.894,0.56052,0.06414,0.82,0.7,0.06,0.9,0.56,0.06,-3.27058,-0.13302,-0.12214,-74.78625,0.16266,65.0051,double_rcm_log_20260616_135653_209.csv,52.41323,Unknown,Task4_EntryRCM_TipCone,0.0,2.3251828458274217,6.541870431506034,6.543217393734628,2.3419055479538944,6.454194104492186,7.308214556237389,12.444113429700174,7.855508999719042,32.52448843863858,2.2258730676101313,1.2935073837673297
19.61938,0.03335,29.98315,Done,EntryTipCone,157.8542,2.83111,2.07792,6.783,6.783,1.0,6.783,2.07792,0.0,0.0,0.0,0.60543,1.0,6,6,1,0.70114,0.91079,0.05031,0.89424,0.56074,0.06351,0.82,0.7,0.06,0.9,0.56,0.06,-3.33568,-0.15004,-0.12009,-74.48204,0.16567,65.02881,double_rcm_log_20260616_135653_209.csv,29.98315,Unknown,Task4_EntryRCM_TipCone,0.0,2.0783294728472432,5.847674553668079,5.848636467708918,2.1105093628732905,5.813215845084238,6.785668721651522,12.75914518851354,10.573493899061413,41.20815392017212,2.3163024146322306,1.9436180311526174
19.6616,0.01624,61.56123,Done,EntryTipCone,157.792,2.87846,1.88751,6.39297,6.39297,1.0,6.39297,1.88751,0.0,0.0,0.0,0.60559,1.0,6,6,1,0.70068,0.91063,0.05095,0.89444,0.5609,0.06303,0.82,0.7,0.06,0.9,0.56,0.06,-3.38535,-0.16452,-0.11747,-74.24466,0.16204,65.04485,double_rcm_log_20260616_135653_209.csv,61.56123,Unknown,Task4_EntryRCM_TipCone,0.0,1.888963152910417,5.315068310104349,5.315790530495022,1.934488004398403,5.326654167053186,6.3956625927264135,13.088496452970691,9.06585798500503,64.47731994123973,2.3804855200959185,1.5520708754018453
19.69814,0.01207,82.82234,Done,EntryTipCone,157.7417,2.91544,1.72124,6.06621,6.06621,1.0,6.06621,1.72124,0.0,0.0,0.0,0.60571,1.0,6,6,1,0.70027,0.91049,0.05152,0.89463,0.56105,0.06261,0.82,0.7,0.06,0.9,0.56,0.06,-3.42853,-0.17606,-0.11794,-74.03469,0.1551,65.05627,double_rcm_log_20260616_135653_209.csv,82.82234,Unknown,Task4_EntryRCM_TipCone,0.0,1.721025122131078,4.8426818944052314,4.843228112306759,1.778354881287109,4.89533309937598,6.062301543143483,13.237476447597743,6.235220728939964,53.09551953905316,2.400903967162925,1.2073372348441995
19.73669,0.01633,61.22625,Done,EntryTipCone,157.6949,2.95104,1.54446,5.73409,5.73409,1.0,5.73409,1.54446,0.0,0.0,0.0,0.60583,1.0,6,6,1,0.69985,0.91032,0.05212,0.89483,0.56121,0.06217,0.82,0.7,0.06,0.9,0.56,0.06,-3.47527,-0.18594,-0.12446,-73.81337,0.15647,65.06397,double_rcm_log_20260616_135653_209.csv,61.22625,Unknown,Task4_EntryRCM_TipCone,0.0,1.5452386449718012,4.348174387756814,4.348569750489281,1.6181643524423173,4.453004171775103,5.736017782399209,13.337603450830677,7.5559794779612846,53.21090936819188,2.4215483667202724,1.5480089876259584
19.77057,0.01319,75.84304,Done,EntryTipCone,157.6585,2.97852,1.3879,5.45598,5.45598,1.0,5.45598,1.3879,0.0,0.0,0.0,0.60592,1.0,6,6,1,0.69947,0.91017,0.05266,0.89502,0.56135,0.06178,0.82,0.7,0.06,0.9,0.56,0.06,-3.51674,-0.2005,-0.12091,-73.61578,0.15608,65.07331,double_rcm_log_20260616_135653_209.csv,75.84304,Unknown,Task4_EntryRCM_TipCone,0.0,1.388319016312584,3.9067067719551747,3.9069935069306947,1.4773267864415418,4.064551446536083,5.458140709069322,13.473252016770953,8.954536912930195,36.29849191133963,2.4423210677960077,1.6156374344458984
20.00085,0.2098,4.76638,Done,EntryTipCone,157.5194,3.081,0.45024,4.25547,4.25547,1.0,4.25547,0.45024,0.0,0.0,0.0,0.60628,1.0,6,6,1,0.69686,0.90891,0.05638,0.89652,0.56232,0.0592,0.82,0.7,0.06,0.9,0.56,0.06,-3.8085,-0.29923,-0.12694,-72.27135,0.23249,65.09015,double_rcm_log_20260616_135653_209.csv,4.76638,Unknown,Task4_EntryRCM_TipCone,0.0,0.45076949940315375,1.2685689694928795,1.2685787845021634,0.7399984100169127,2.034345103466987,4.258262556489467,13.986239693258819,8.00623225324619,49.40749721475595,2.8305168626078605,4.506677228415496
20.04085,1.35323,0.73897,Done,EntryTipCone,157.5155,3.08255,0.40734,4.22555,4.22555,1.0,4.22555,0.40734,0.0,0.0,0.0,0.60629,1.0,6,6,1,0.6964,0.90866,0.05704,0.89682,0.5625,0.05876,0.82,0.7,0.06,0.9,0.56,0.06,-3.85519,-0.32184,-0.11975,-71.99763,0.17192,65.09079,double_rcm_log_20260616_135653_209.csv,0.73897,Unknown,Task4_EntryRCM_TipCone,0.0,0.40793826359871227,1.1480341719510094,1.1480414465804394,0.7137729971334864,1.9621479596057243,4.230839160261257,14.040619391457724,6.94034546464054,95.7587215877123,2.70613280040818,6.471450510836985
20.07936,0.0385,25.97135,Done,EntryTipCone,157.5182,3.08061,0.45542,4.25799,4.25799,1.0,4.25799,0.45542,0.0,0.0,0.0,0.60628,1.0,6,6,1,0.69597,0.90841,0.05767,0.89712,0.56266,0.05834,0.82,0.7,0.06,0.9,0.56,0.06,-3.90303,-0.34034,-0.12198,-71.76357,0.17138,65.08554,double_rcm_log_20260616_135653_209.csv,25.97135,Unknown,Task4_EntryRCM_TipCone,0.0,0.45528275251282235,1.2812700349981303,1.2812801477820426,0.7410009988781971,2.037133733006703,4.257417057324773,13.991411340447643,7.278548168194193,51.72151429128349,2.5723306702073576,4.610007269956076
20.11507,0.00591,169.0815,Done,EntryTipCone,157.525,3.07457,0.55953,4.34103,4.34103,1.0,4.34103,0.55918,0.0,0.0,0.0,0.60626,1.0,6,6,1,0.69557,0.90816,0.05825,0.8974,0.56282,0.05796,0.82,0.7,0.06,0.9,0.56,0.06,-3.94692,-0.36032,-0.11961,-71.54133,0.16169,65.08118,double_rcm_log_20260616_135653_209.csv,169.0815,Unknown,Task4_EntryRCM_TipCone,0.0,0.5603210377788784,1.576863308511254,1.5768821596219,0.805041354827218,2.2132134660158687,4.344421710653775,13.724701120201829,7.604999626395878,62.54051090112578,2.5407318802574785,1.8399475882733394
20.14717,0.01666,60.01036,Done,EntryTipCone,157.5354,3.06643,0.67897,4.45508,4.45508,1.0,4.45508,0.67897,0.0,0.0,0.0,0.60623,1.0,6,6,1,0.69521,0.90794,0.05876,0.89765,0.56295,0.05763,0.82,0.7,0.06,0.9,0.56,0.06,-3.98713,-0.37607,-0.12291,-71.35072,0.17079,65.07365,double_rcm_log_20260616_135653_209.csv,60.01036,Unknown,Task4_EntryRCM_TipCone,0.0,0.6790840250732629,1.9110734882181293,1.9111070461769881,0.887156377714359,2.439170729193422,4.454424766454107,13.714811116024729,6.977366270576298,15.706755733076152,2.513107964337663,0.7867644374421379
20.18111,0.01603,62.39264,Done,EntryTipCone,157.5506,3.05434,0.82044,4.61319,4.61319,1.0,4.61319,0.82044,0.0,0.0,0.0,0.6062,1.0,6,6,1,0.69484,0.9077,0.0593,0.89793,0.5631,0.05728,0.82,0.7,0.06,0.9,0.56,0.06,-4.02859,-0.39678,-0.11926,-71.14482,0.16835,65.06754,double_rcm_log_20260616_135653_209.csv,62.39264,Unknown,Task4_EntryRCM_TipCone,0.0,0.8207779143021458,2.3098025126331594,2.3098617642515054,0.9937053003585354,2.732325298799823,4.614466383017652,13.690373847858188,6.81740310967204,35.08253383343442,2.520829974029513,0.61097164163095
20.2122,0.01414,70.71069,Done,EntryTipCone,157.5685,3.04051,0.95695,4.78803,4.78803,1.0,4.78803,0.95695,0.0,0.0,0.0,0.60615,1.0,6,6,1,0.6945,0.90748,0.05979,0.89818,0.56323,0.05697,0.82,0.7,0.06,0.9,0.56,0.06,-4.06663,-0.4146,-0.11884,-70.95903,0.17122,65.05952,double_rcm_log_20260616_135653_209.csv,70.71069,Unknown,Task4_EntryRCM_TipCone,0.0,0.9558869702201868,2.6899885818956375,2.6900821743556245,1.1018915342895226,3.030082253262846,4.78813115943996,13.515833515895833,7.388528993415602,44.966901308335046,2.4986072525098955,1.2192668383631753
20.25505,0.01298,77.05429,Done,EntryTipCone,157.5995,3.01693,1.15097,5.06851,5.06851,1.0,5.06851,1.15097,0.0,0.0,0.0,0.60607,1.0,6,6,1,0.69404,0.90716,0.06047,0.89854,0.56341,0.05655,0.82,0.7,0.06,0.9,0.56,0.06,-4.11833,-0.43846,-0.12024,-70.70415,0.17344,65.04591,double_rcm_log_20260616_135653_209.csv,77.05429,Unknown,Task4_EntryRCM_TipCone,0.0,1.1502647795037897,3.23692539725565,3.237088481242197,1.2638146799964454,3.4759811011259156,5.065787204374008,13.676956694628181,6.705467605143437,52.821703220214744,2.478436182006053,0.8758090389326589
20.29289,0.01311,76.25796,Done,EntryTipCone,157.6327,2.99183,1.32456,5.34709,5.34709,1.0,5.34709,1.32456,0.0,0.0,0.0,0.60599,1.0,6,6,1,0.69364,0.90687,0.06105,0.89887,0.56357,0.05618,0.82,0.7,0.06,0.9,0.56,0.06,-4.16317,-0.45943,-0.12226,-70.48138,0.17453,65.03192,double_rcm_log_20260616_135653_209.csv,76.25796,Unknown,Task4_EntryRCM_TipCone,0.0,1.3251944245293792,3.7291076441949085,3.7293570192843637,1.4180091903396908,3.9008537527059195,5.349224242822493,13.541551046030916,7.885639787749678,80.4568483119955,2.469536192854112,0.765465274294095
20.33047,0.01215,82.27563,Done,EntryTipCone,157.6699,2.96286,1.49816,5.64936,5.64936,1.0,5.64936,1.49816,0.0,0.0,0.0,0.6059,1.0,6,6,1,0.69325,0.90658,0.06162,0.89919,0.56373,0.05583,0.82,0.7,0.06,0.9,0.56,0.06,-4.20694,-0.48426,-0.11749,-70.25977,0.17071,65.01949,double_rcm_log_20260616_135653_209.csv,82.27563,Unknown,Task4_EntryRCM_TipCone,0.0,1.4977121226765044,4.214469610428855,4.214829604441976,1.571904307043855,4.324956202535014,5.653131875341245,13.319390903176094,9.528920613429255,40.09725122988025,2.438539024710754,1.291775504336162
20.36428,0.01081,92.48549,Done,EntryTipCone,157.7083,2.9337,1.65363,5.93602,5.93602,1.0,5.93602,1.65363,0.0,0.0,0.0,0.6058,1.0,6,6,1,0.6929,0.90632,0.06213,0.89949,0.56386,0.05552,0.82,0.7,0.06,0.9,0.56,0.06,-4.24612,-0.50274,-0.12092,-70.0657,0.17448,65.00373,double_rcm_log_20260616_135653_209.csv,92.48549,Unknown,Task4_EntryRCM_TipCone,0.0,1.6535841466202479,4.652967836710256,4.6534523270041115,1.713456429586148,4.715723127515495,5.935494924603996,13.14104860775379,8.400059987600983,73.07330261355895,2.404255156054721,1.2494150971212397
20.39771,0.01116,89.61514,Done,EntryTipCone,157.7495,2.90149,1.80624,6.23081,6.23081,1.0,6.23081,1.80624,0.0,0.0,0.0,0.60569,1.0,6,6,1,0.69256,0.90606,0.06262,0.89978,0.564,0.05523,0.82,0.7,0.06,0.9,0.56,0.06,-4.28381,-0.52324,-0.12023,-69.8745,0.17298,64.98882,double_rcm_log_20260616_135653_209.csv,89.61514,Unknown,Task4_EntryRCM_TipCone,0.0,1.805438510880532,5.080130517446897,5.080761111606479,1.851292325687978,5.096046884218555,6.2290689512959405,13.036282663948557,6.554153527828417,47.222356901666906,2.3702436347944538,1.3535020305681789
20.43104,0.01153,86.74827,Done,EntryTipCone,157.7956,2.86681,1.95745,6.53339,6.53339,1.0,6.53339,1.95745,0.0,0.0,0.0,0.60558,1.0,6,6,1,0.69223,0.90579,0.06311,0.90008,0.56413,0.05494,0.82,0.7,0.06,0.9,0.56,0.06,-4.32139,-0.54585,-0.11666,-69.68915,0.1789,64.97383,double_rcm_log_20260616_135653_209.csv,86.74827,Unknown,Task4_EntryRCM_TipCone,0.0,1.9577274685098018,5.508479857832686,5.509283853674757,1.9922414118712441,5.485590074143184,6.531990508260072,13.093209615653866,8.741677652662267,136.04378273410407,2.338907404416229,1.6044685367270886
20.46293,0.011,90.92696,Done,EntryTipCone,157.8423,2.83046,2.1005,6.82893,6.82893,1.0,6.82893,2.1005,0.0,0.0,0.0,0.60546,1.0,6,6,1,0.69193,0.90554,0.06356,0.90037,0.56426,0.05467,0.82,0.7,0.06,0.9,0.56,0.06,-4.3562,-0.56593,-0.1157,-69.51181,0.17827,64.95761,double_rcm_log_20260616_135653_209.csv,90.92696,Unknown,Task4_EntryRCM_TipCone,0.0,2.1000750484481654,5.908831552824351,5.909823975704853,2.1276040281967736,5.8597918051753135,6.833256910141703,12.764498364886814,12.237811986699201,53.26178268144427,2.3302133393375875,1.5425117578294703
20.49321,0.01004,99.57473,Done,EntryTipCone,157.891,2.79367,2.23423,7.1117,7.1117,1.0,7.1117,2.23423,0.0,0.0,0.0,0.60533,1.0,6,6,1,0.69164,0.90529,0.06399,0.90064,0.56437,0.05443,0.82,0.7,0.06,0.9,0.56,0.06,-4.38824,-0.58255,-0.11905,-69.34429,0.17361,64.93948,double_rcm_log_20260616_135653_209.csv,99.57473,Unknown,Task4_EntryRCM_TipCone,0.0,2.2341662530015887,6.285928926462349,6.287123833119275,2.250573989946409,6.200322696316809,7.108544154747849,12.521555902276724,7.517185337874358,121.03308956065017,2.2792506169752165,1.7601690293223637
20.52405,0.01037,96.4331,Done,EntryTipCone,157.9424,2.75362,2.36869,7.40245,7.40245,1.0,7.40245,2.36869,0.0,0.0,0.0,0.6052,1.0,6,6,1,0.69136,0.90504,0.06441,0.90092,0.56449,0.05419,0.82,0.7,0.06,0.9,0.56,0.06,-4.42093,-0.602,-0.11854,-69.18079,0.17855,64.92179,double_rcm_log_20260616_135653_209.csv,96.4331,Unknown,Task4_EntryRCM_TipCone,0.0,2.3681166733291668,6.6625960062181075,6.6640189629912125,2.3771936540181087,6.550991117028378,7.400175673590456,12.642899306885415,6.284583500993879,117.56585041472898,2.2388218157183224,1.2664997480344682
20.55618,0.01191,83.93475,Done,EntryTipCone,158.0009,2.70967,2.50632,7.70512,7.70512,1.0,7.70512,2.50632,0.0,0.0,0.0,0.60505,1.0,6,6,1,0.69107,0.90478,0.06484,0.90122,0.56461,0.05394,0.82,0.7,0.06,0.9,0.56,0.06,-4.45353,-0.62036,-0.12103,-69.00948,0.17441,64.90108,double_rcm_log_20260616_135653_209.csv,83.93475,Unknown,Task4_EntryRCM_TipCone,0.0,2.5073805821624027,7.054165916288831,7.055854947135844,2.5111632337550445,6.922598889478933,7.711296907783992,12.373210208725457,11.682204946703907,114.85404463542055,2.2117798824299024,1.3814301984730277
20.59662,0.01081,92.54899,Done,EntryTipCone,158.0763,2.65021,2.6762,8.0865,8.0865,1.0,8.0865,2.67613,0.0,0.0,0.0,0.60487,1.0,6,6,1,0.69071,0.90445,0.06537,0.90158,0.56475,0.05365,0.82,0.7,0.06,0.9,0.56,0.06,-4.4939,-0.64564,-0.12034,-68.80127,0.1749,64.87559,double_rcm_log_20260616_135653_209.csv,92.54899,Unknown,Task4_EntryRCM_TipCone,0.0,2.6769249847558063,7.530819354789444,7.532874668607396,2.6699839651563013,7.363701097013218,8.085876575857391,11.947789147894996,11.158964017166657,27.874424092245167,2.1396001799651807,1.8847695155947064
20.63804,0.01143,87.50624,Done,EntryTipCone,158.1597,2.58546,2.84572,8.4737,8.4737,1.0,8.4737,2.84572,0.0,0.0,0.0,0.60465,1.0,6,6,1,0.69037,0.90412,0.06589,0.90196,0.5649,0.05337,0.82,0.7,0.06,0.9,0.56,0.06,-4.53403,-0.67231,-0.1184,-68.59481,0.17754,64.84835,double_rcm_log_20260616_135653_209.csv,87.50624,Unknown,Task4_EntryRCM_TipCone,0.0,2.8453499254385535,8.004260281010174,8.006728415953303,2.831460054340749,7.812633654241312,8.47398961528741,11.757576102753088,10.436387765855526,48.94551410581235,2.076114486638044,1.9184021379222294
20.67007,0.0102,98.04528,Done,EntryTipCone,158.2285,2.53259,2.97328,8.76907,8.76907,1.0,8.76907,2.97328,0.0,0.0,0.0,0.60448,1.0,6,6,1,0.69011,0.90386,0.06628,0.90225,0.565,0.05316,0.82,0.7,0.06,0.9,0.56,0.06,-4.56399,-0.69114,-0.11994,-68.43948,0.17951,64.82497,double_rcm_log_20260616_135653_209.csv,98.04528,Unknown,Task4_EntryRCM_TipCone,0.0,2.9726227258859597,8.36197726796309,8.36479159852185,2.953019942545102,8.151570400849115,8.766304808754873,11.484780352528936,11.193438828661536,38.51887837331663,2.017980418045112,1.6500417521976924
20.70324,0.00887,112.7592,Done,EntryTipCone,158.3018,2.47531,3.10211,9.0709,9.0709,1.0,9.0709,3.10211,0.0,0.0,0.0,0.60429,1.0,6,6,1,0.68985,0.90359,0.06667,0.90255,0.56511,0.05296,0.82,0.7,0.06,0.9,0.56,0.06,-4.59431,-0.71158,-0.11975,-68.28458,0.18507,64.80076,double_rcm_log_20260616_135653_209.csv,112.7592,Unknown,Task4_EntryRCM_TipCone,0.0,3.1011560518278034,8.723195246586915,8.726390609073588,3.0751473266901193,8.49219379104214,9.065108934811493,11.298195458682091,9.606072539822234,79.26850712618034,1.9777280225976521,2.002899849746214
20.73417,0.01024,97.62537,Done,EntryTipCone,158.3729,2.41951,3.21875,9.34659,9.34659,1.0,9.34659,3.21875,0.0,0.0,0.0,0.60411,1.0,6,6,1,0.68962,0.90335,0.06702,0.90283,0.56521,0.05278,0.82,0.7,0.06,0.9,0.56,0.06,-4.62092,-0.72939,-0.12087,-68.14042,0.18088,64.77692,double_rcm_log_20260616_135653_209.csv,97.62537,Unknown,Task4_EntryRCM_TipCone,0.0,3.2171804029550426,9.049221529657164,9.052789074594859,3.187597867658103,8.80626394195542,9.342451498402294,11.181845982336112,9.637695749071577,95.71044073514933,1.9500638494274904,2.2394285635637914
20.76469,0.0094,106.4165,Done,EntryTipCone,158.4456,2.36272,3.33108,9.61462,9.61462,1.0,9.61462,3.33108,0.0,0.0,0.0,0.60393,1.0,6,6,1,0.6894,0.9031,0.06736,0.90311,0.5653,0.05261,0.82,0.7,0.06,0.9,0.56,0.06,-4.6464,-0.74916,-0.11787,-68.00202,0.17688,64.75439,double_rcm_log_20260616_135653_209.csv,106.4165,Unknown,Task4_EntryRCM_TipCone,0.0,3.330472176790985,9.367533524081477,9.371491330099014,3.296562933453495,9.111452978785259,9.611149775130933,10.943317990185612,11.499379807810493,79.21942514895491,1.859693571603123,3.0406451912068055
20.79504,0.00983,101.6926,Done,EntryTipCone,158.5195,2.30429,3.43946,9.8753,9.8753,1.0,9.8753,3.43946,0.0,0.0,0.0,0.60374,1.0,6,6,1,0.68919,0.90287,0.06769,0.90338,0.56539,0.05245,0.82,0.7,0.06,0.9,0.56,0.06,-4.67178,-0.76837,-0.11611,-67.87467,0.18681,64.7308,double_rcm_log_20260616_135653_209.csv,101.6926,Unknown,Task4_EntryRCM_TipCone,0.0,3.4388715871275513,9.672065343415186,9.67642225637639,3.4014738697141813,9.40540834593825,9.873145395465341,10.60000842628273,12.763226540799128,104.7395869049889,1.8092152695303902,2.4364188102962983
20.82585,0.0102,98.05761,Done,EntryTipCone,158.5978,2.24285,3.54558,10.13215,10.13215,1.0,10.13215,3.54558,0.0,0.0,0.0,0.60354,1.0,6,6,1,0.68898,0.90263,0.068,0.90365,0.56548,0.0523,0.82,0.7,0.06,0.9,0.56,0.06,-4.69536,-0.7816,-0.12407,-67.74268,0.18119,64.70226,double_rcm_log_20260616_135653_209.csv,98.05761,Unknown,Task4_EntryRCM_TipCone,0.0,3.5451695211694854,9.97065976858733,9.975433257184516,3.5040575950111625,9.69317833085955,10.131283235602423,10.408707296506645,13.08472763639197,46.36810984353536,1.7830256786829515,2.3119528945429053
20.85697,0.00933,107.1594,Done,EntryTipCone,158.6779,2.17881,3.64975,10.38626,10.38626,1.0,10.38626,3.64975,0.0,0.0,0.0,0.60334,1.0,6,6,1,0.68878,0.90239,0.06831,0.90393,0.56556,0.05216,0.82,0.7,0.06,0.9,0.56,0.06,-4.71863,-0.80134,-0.12052,-67.61593,0.17958,64.67767,double_rcm_log_20260616_135653_209.csv,107.1594,Unknown,Task4_EntryRCM_TipCone,0.0,3.649935572404132,10.264917508739392,10.270126747114002,3.6048672102573973,9.977148120349021,10.38383840398139,10.202725532625518,11.291312315302296,121.98028648088973,1.6997854893226845,2.995404081440147
20.88791,0.01046,95.55958,Done,EntryTipCone,158.7604,2.11329,3.74894,10.62965,10.62965,1.0,10.62965,3.74894,0.0,0.0,0.0,0.60313,1.0,6,6,1,0.6886,0.90216,0.0686,0.9042,0.56564,0.05203,0.82,0.7,0.06,0.9,0.56,0.06,-4.74074,-0.81947,-0.11924,-67.4963,0.18045,64.65161,double_rcm_log_20260616_135653_209.csv,95.55958,Unknown,Task4_EntryRCM_TipCone,0.0,3.74861204109383,10.542039992442808,10.547683174826526,3.7015799591882166,10.24972802641047,10.628758158881947,9.890443981551035,12.990075495929833,62.795142231661316,1.6245558562744828,2.6227542833341655
20.91811,0.0097,103.0685,Done,EntryTipCone,158.8426,2.04776,3.84232,10.86049,10.86049,1.0,10.86049,3.84232,0.0,0.0,0.0,0.60293,1.0,6,6,1,0.68843,0.90193,0.06888,0.90446,0.56571,0.05191,0.82,0.7,0.06,0.9,0.56,0.06,-4.76158,-0.83593,-0.11983,-67.38483,0.18387,64.62489,double_rcm_log_20260616_135653_209.csv,103.0685,Unknown,Task4_EntryRCM_TipCone,0.0,3.8430235816849927,10.807155614774418,10.813235926155226,3.792805916008684,10.507587075720398,10.860193368444232,9.539602795773417,13.781457985564021,63.86096845679384,1.5584412563487244,2.159002383684505
20.95059,0.01107,90.33114,Done,EntryTipCone,158.9333,1.97546,3.93816,11.09856,11.09856,1.0,11.09856,3.93816,0.0,0.0,0.0,0.6027,1.0,6,6,1,0.68826,0.9017,0.06915,0.90473,0.56579,0.0518,0.82,0.7,0.06,0.9,0.56,0.06,-4.78268,-0.85452,-0.1181,-67.27044,0.18639,64.59653,double_rcm_log_20260616_135653_209.csv,90.33114,Unknown,Task4_EntryRCM_TipCone,0.0,3.9371798728633385,11.071525250830483,11.07806342347089,3.8849883920484514,10.76812454208467,11.096711224502496,9.226924039410116,12.167335793609086,83.25513004232388,1.4992790961382902,2.1519066495797143
20.9904,0.01042,95.94374,Done,EntryTipCone,159.0455,1.88418,4.04956,11.37765,11.37765,1.0,11.37765,4.04951,0.0,0.0,0.0,0.60241,1.0,6,6,1,0.68806,0.90142,0.06947,0.90506,0.56587,0.05167,0.82,0.7,0.06,0.9,0.56,0.06,-4.80656,-0.87374,-0.12078,-67.13536,0.18435,64.55936,double_rcm_log_20260616_135653_209.csv,95.94374,Unknown,Task4_EntryRCM_TipCone,0.0,4.0490605576614405,11.385622057989293,11.392733473311074,3.994700158649093,11.079772630269112,11.377583223162935,9.03015332341903,13.951020906697742,75.3326981059289,1.4156352544178608,2.43889041070449
21.02045,0.01005,99.47499,Done,EntryTipCone,159.1333,1.81395,4.12896,11.57788,11.57788,1.0,11.57788,4.12896,0.0,0.0,0.0,0.60219,1.0,6,6,1,0.68792,0.90121,0.0697,0.90531,0.56593,0.05159,0.82,0.7,0.06,0.9,0.56,0.06,-4.82356,-0.89074,-0.11788,-67.0408,0.18563,64.53263,double_rcm_log_20260616_135653_209.csv,99.47499,Unknown,Task4_EntryRCM_TipCone,0.0,4.12982275097533,11.612329074310969,11.61987446969711,4.073235016716157,11.303449847791489,11.579684797091806,8.857655946301993,16.054348236148183,142.07459513021715,1.34322690921025,2.58623454927718
21.05196,0.01083,92.32623,Done,EntryTipCone,159.226,1.73862,4.20771,11.77778,11.77778,1.0,11.77778,4.20771,0.0,0.0,0.0,0.60196,1.0,6,6,1,0.68779,0.901,0.06992,0.90557,0.56599,0.05152,0.82,0.7,0.06,0.9,0.56,0.06,-4.84014,-0.90489,-0.12039,-66.94682,0.18642,64.50206,double_rcm_log_20260616_135653_209.csv,92.32623,Unknown,Task4_EntryRCM_TipCone,0.0,4.208809302984937,11.834029385978003,11.84201595160704,4.151560317592504,11.527144219022889,11.781994737734301,8.4520102050417,15.69756794344964,79.90972109359444,1.2737496992097415,2.4563584206345235
21.09202,0.0102,98.0307,Done,EntryTipCone,159.3458,1.64069,4.30102,12.01613,12.01613,1.0,12.01613,4.30102,0.0,0.0,0.0,0.60166,1.0,6,6,1,0.68764,0.90075,0.07018,0.90588,0.56605,0.05145,0.82,0.7,0.06,0.9,0.56,0.06,-4.85947,-0.92393,-0.1204,-66.83599,0.1873,64.46394,double_rcm_log_20260616_135653_209.csv,98.0307,Unknown,Task4_EntryRCM_TipCone,0.0,4.300381610265918,12.091027353038994,12.099546514775858,4.240447035302893,11.782380652743894,12.011636025121636,7.98727142772636,13.108398388592239,69.8939993603089,1.1815541901309794,2.5574068297763537
21.12361,0.01079,92.64572,Done,EntryTipCone,159.4415,1.562,4.3692,12.1918,12.1918,1.0,12.1918,4.3692,0.0,0.0,0.0,0.60142,1.0,6,6,1,0.68754,0.90055,0.07037,0.90612,0.5661,0.0514,0.82,0.7,0.06,0.9,0.56,0.06,-4.87324,-0.93821,-0.12053,-66.75503,0.187,64.43352,double_rcm_log_20260616_135653_209.csv,92.64572,Unknown,Task4_EntryRCM_TipCone,0.0,4.369093994114186,12.283848627097937,12.29278260992771,4.309211768458686,11.979866186487808,12.19116073226828,7.78626764716975,14.641514507161281,42.53857171350504,1.106358075299968,2.6662585229695734
21.15559,0.01138,87.88209,Done,EntryTipCone,159.5391,1.48125,4.43315,12.35813,12.35813,1.0,12.35813,4.43319,0.0,0.0,0.0,0.60117,1.0,6,6,1,0.68744,0.90036,0.07054,0.90636,0.56614,0.05137,0.82,0.7,0.06,0.9,0.56,0.06,-4.88587,-0.95353,-0.11805,-66.67972,0.18672,64.4035,double_rcm_log_20260616_135653_209.csv,87.88209,Unknown,Task4_EntryRCM_TipCone,0.0,4.432987815270028,12.463132163577274,12.47246375922431,4.371850438709668,12.161126529295645,12.354193619981817,7.540338946489749,13.45311158079416,21.41683711262771,1.026059707440344,2.798075734018946
21.19543,0.01022,97.87066,Done,EntryTipCone,159.6625,1.37879,4.50567,12.54823,12.54823,1.0,12.54823,4.50567,0.0,0.0,0.0,0.60086,1.0,6,6,1,0.68734,0.90013,0.07073,0.90665,0.56618,0.05134,0.82,0.7,0.06,0.9,0.56,0.06,-4.89995,-0.96895,-0.12016,-66.59558,0.18882,64.36359,double_rcm_log_20260616_135653_209.csv,97.87066,Unknown,Task4_EntryRCM_TipCone,0.0,4.505904912064337,12.667715705390469,12.677515274435406,4.445389527834814,12.374991468528476,12.546334125950843,7.315295264284409,14.82322318353558,105.81884978004364,0.9306001060820828,2.6254394788286506
21.22602,0.01021,97.97639,Done,EntryTipCone,159.758,1.299,4.55587,12.68123,12.68123,1.0,12.68123,4.55587,0.0,0.0,0.0,0.60062,1.0,6,6,1,0.68728,0.89997,0.07086,0.90687,0.56621,0.05133,0.82,0.7,0.06,0.9,0.56,0.06,-4.90928,-0.98121,-0.11976,-66.53768,0.18939,64.33357,double_rcm_log_20260616_135653_209.csv,97.97639,Unknown,Task4_EntryRCM_TipCone,0.0,4.556466908459108,12.809565502667608,12.81969858991642,4.498441187436247,12.529818833486711,12.68581491272824,7.102812525430203,19.405851077660554,61.70921732846306,0.8642749494584648,2.687736169772443
21.25783,0.01107,90.2949,Done,EntryTipCone,159.8579,1.21525,4.60275,12.80681,12.80681,1.0,12.80681,4.60275,0.0,0.0,0.0,0.60037,1.0,6,6,1,0.68723,0.89981,0.07098,0.90709,0.56623,0.05134,0.82,0.7,0.06,0.9,0.56,0.06,-4.91746,-0.992,-0.12145,-66.48291,0.18744,64.3014,double_rcm_log_20260616_135653_209.csv,90.2949,Unknown,Task4_EntryRCM_TipCone,0.0,4.602865705490527,12.93972682457073,12.950172547887925,4.545524290600716,12.668808759493292,12.80923885326519,6.759705056168072,16.854431279054175,108.587986388517,0.7849148739401569,3.048983510571658
21.29805,0.01074,93.08958,Done,EntryTipCone,159.9848,1.10812,4.65451,12.94772,12.94772,1.0,12.94772,4.65451,0.0,0.0,0.0,0.60005,1.0,6,6,1,0.68718,0.89961,0.0711,0.90735,0.56625,0.05137,0.82,0.7,0.06,0.9,0.56,0.06,-4.92621,-1.00799,-0.11797,-66.42567,0.18939,64.26277,double_rcm_log_20260616_135653_209.csv,93.08958,Unknown,Task4_EntryRCM_TipCone,0.0,4.653936704991923,13.082985138987464,13.09378233820143,4.596910987653075,12.821616962710316,12.944570290279984,6.542245254048048,12.527870219068554,15.085303390827562,0.6809257179726985,2.7858861936490777
21.32893,0.01049,95.28613,Done,EntryTipCone,160.0824,1.02509,4.68835,13.04195,13.04195,1.0,13.04195,4.68835,0.0,0.0,0.0,0.5998,1.0,6,6,1,0.68715,0.89947,0.07118,0.90755,0.56626,0.0514,0.82,0.7,0.06,0.9,0.56,0.06,-4.93155,-1.01703,-0.11974,-66.38956,0.19241,64.2313,double_rcm_log_20260616_135653_209.csv,95.28613,Unknown,Task4_EntryRCM_TipCone,0.0,4.689571951511899,13.182938758619425,13.193985814593109,4.634516533368201,12.934302692988306,13.044159612638841,6.335626280739303,15.806431783813462,114.55940755200464,0.6308512687569183,2.688499781475253
21.36067,0.01022,97.87793,Done,EntryTipCone,160.1832,0.93908,4.71771,13.12551,13.12551,1.0,13.12551,4.71771,0.0,0.0,0.0,0.59955,1.0,6,6,1,0.68714,0.89934,0.07124,0.90774,0.56626,0.05144,0.82,0.7,0.06,0.9,0.56,0.06,-4.93511,-1.02535,-0.12153,-66.35584,0.18761,64.19892,double_rcm_log_20260616_135653_209.csv,97.87793,Unknown,Task4_EntryRCM_TipCone,0.0,4.718568278877128,13.264267053772624,13.275520237754625,4.666506947518156,13.031672895738957,13.128929887846862,6.176973640842707,17.866835429143674,29.877645803979775,0.5628358744061638,3.1536040271154975
21.39101,0.01042,95.95065,Done,EntryTipCone,160.2791,0.85656,4.74066,13.19295,13.19295,1.0,13.19295,4.74066,0.0,0.0,0.0,0.59931,1.0,6,6,1,0.68714,0.89922,0.07128,0.90792,0.56626,0.0515,0.82,0.7,0.06,0.9,0.56,0.06,-4.93763,-1.03486,-0.11952,-66.33298,0.18858,64.16956,double_rcm_log_20260616_135653_209.csv,95.95065,Unknown,Task4_EntryRCM_TipCone,0.0,4.741678775926167,13.329084462804422,13.340503757174583,4.6921504970664305,13.110935189316569,13.197120898135244,6.137594629666841,17.548596944907512,94.44641316473438,0.49633132293687365,3.1643873797946416
21.42312,0.01042,95.96096,Done,EntryTipCone,160.3808,0.76888,4.7593,13.25074,13.25074,1.0,13.25074,4.7593,0.0,0.0,0.0,0.59905,1.0,6,6,1,0.68716,0.89911,0.07131,0.9081,0.56625,0.05157,0.82,0.7,0.06,0.9,0.56,0.06,-4.93875,-1.0431,-0.11917,-66.31503,0.18776,64.13779,double_rcm_log_20260616_135653_209.csv,95.96096,Unknown,Task4_EntryRCM_TipCone,0.0,4.759962532862258,13.380362903608043,13.391914767051283,4.7144599994363965,13.181635535267054,13.256598357044679,5.976571041586977,18.743655734144365,58.15814165220686,0.45151075699471277,2.924524495204039
21.46553,0.01246,80.2603,Done,EntryTipCone,160.5147,0.65239,4.77516,13.30574,13.30574,1.0,13.30574,4.77516,0.0,0.0,0.0,0.59872,1.0,6,6,1,0.6872,0.89897,0.07132,0.90832,0.56622,0.05169,0.82,0.7,0.06,0.9,0.56,0.06,-4.93818,-1.053,-0.11839,-66.30355,0.18873,64.09613,double_rcm_log_20260616_135653_209.csv,80.2603,Unknown,Task4_EntryRCM_TipCone,0.0,4.774993924609068,13.422518773397899,13.434180389179113,4.73192475107743,13.24188047301203,13.302890663310682,5.822731743623707,15.319523944224448,81.33895840544594,0.41950011510746754,2.9304124577698136
21.50616,0.01141,87.60587,Done,EntryTipCone,160.6422,0.54058,4.78094,13.33542,13.33542,1.0,13.33542,4.78094,0.0,0.0,0.0,0.5984,1.0,6,6,1,0.68726,0.89886,0.07129,0.90851,0.56619,0.05182,0.82,0.7,0.06,0.9,0.56,0.06,-4.93486,-1.05898,-0.12103,-66.30173,0.18351,64.05521,double_rcm_log_20260616_135653_209.csv,87.60587,Unknown,Task4_EntryRCM_TipCone,0.0,4.779282012882311,13.434544642331794,13.446237694659631,4.741431767466395,13.27858594186083,13.328488286373638,5.739982798428229,13.85836813058421,69.13001188088404,0.41305903892498963,3.037625725131186
21.54626,0.01052,95.08563,Done,EntryTipCone,160.767,0.43032,4.77742,13.34232,13.34232,1.0,13.34232,4.77742,0.0,0.0,0.0,0.59808,1.0,6,6,1,0.68734,0.89876,0.07124,0.90869,0.56615,0.05196,0.82,0.7,0.06,0.9,0.56,0.06,-4.92966,-1.06625,-0.11923,-66.3146,0.18373,64.01691,double_rcm_log_20260616_135653_209.csv,95.08563,Unknown,Task4_EntryRCM_TipCone,0.0,4.777080349819241,13.428370125983585,13.44004703058151,4.745822803214837,13.301237015926219,13.340922007117777,5.988793364340663,18.277434377923665,127.0256146632619,0.43932220009439304,2.9069658241590024
21.57645,0.0093,107.4786,Done,EntryTipCone,160.8602,0.34751,4.76876,13.33278,13.33278,1.0,13.33278,4.76876,0.0,0.0,0.0,0.59785,1.0,6,6,1,0.68741,0.8987,0.07118,0.90882,0.56612,0.05209,0.82,0.7,0.06,0.9,0.56,0.06,-4.92393,-1.07001,-0.11905,-66.33002,0.17951,63.98791,double_rcm_log_20260616_135653_209.csv,107.4786,Unknown,Task4_EntryRCM_TipCone,0.0,4.76921585755483,13.406314166009794,13.417933511155608,4.743324047195153,13.301714695713162,13.334725344003068,6.145334783588169,18.858838155119642,128.64816391507915,0.47919171498791435,2.885146820664127
21.60754,0.0105,95.19917,Done,EntryTipCone,160.9552,0.26256,4.75448,13.30975,13.30975,1.0,13.30975,4.75448,0.0,0.0,0.0,0.59761,1.0,6,6,1,0.6875,0.89865,0.07111,0.90894,0.56607,0.05223,0.82,0.7,0.06,0.9,0.56,0.06,-4.91671,-1.07306,-0.11891,-66.353,0.1753,63.95835,double_rcm_log_20260616_135653_209.csv,95.19917,Unknown,Task4_EntryRCM_TipCone,0.0,4.754951428446981,13.366308945891491,13.37782437411981,4.733741519744914,13.28324456425629,13.309447772165377,6.142343921428588,17.767653708605597,106.64880962317953,0.5303382151240026,2.9238636184257527
21.63887,0.01121,89.21832,Done,EntryTipCone,161.05,0.17722,4.73458,13.27322,13.27322,1.0,13.27322,4.73458,0.0,0.0,0.0,0.59737,1.0,6,6,1,0.6876,0.89861,0.07101,0.90905,0.56602,0.05238,0.82,0.7,0.06,0.9,0.56,0.06,-4.90788,-1.07574,-0.11786,-66.38227,0.16852,63.92928,double_rcm_log_20260616_135653_209.csv,89.21832,Unknown,Task4_EntryRCM_TipCone,0.0,4.734999626044915,13.310351847464787,13.321722967673034,4.720442320483456,13.253847569087794,13.274309774899747,6.199974098969143,17.529075191962566,119.88943175181743,0.5878328604202744,2.970873145662643
21.66921,0.01058,94.48299,Done,EntryTipCone,161.141,0.095,4.71006,13.22503,13.22503,1.0,13.22503,4.71006,0.0,0.0,0.0,0.59715,1.0,6,6,1,0.68771,0.89858,0.0709,0.90914,0.56597,0.05254,0.82,0.7,0.06,0.9,0.56,0.06,-4.89788,-1.07844,-0.11509,-66.41685,0.16006,63.90221,double_rcm_log_20260616_135653_209.csv,94.48299,Unknown,Task4_EntryRCM_TipCone,0.0,4.710042560811371,13.240354648944894,13.251546961951881,4.7010824702691085,13.20648651814114,13.222409008951342,6.4322891921444185,16.15214975683756,103.23802223634112,0.6484879834917935,3.441904714005975
21.69975,0.0096,104.1174,Done,EntryTipCone,161.2312,0.01276,4.68015,13.16376,13.16376,1.0,13.16376,4.68015,0.0,0.0,0.0,0.59692,1.0,6,6,1,0.68784,0.89856,0.07078,0.90923,0.56591,0.05271,0.82,0.7,0.06,0.9,0.56,0.06,-4.88609,-1.08077,-0.11122,-66.45602,0.14579,63.87582,double_rcm_log_20260616_135653_209.csv,104.1174,Unknown,Task4_EntryRCM_TipCone,0.0,4.680361829690715,13.157105693198554,13.168087807105783,4.678769862042514,13.151442740393346,13.163020170158477,6.7348849428118385,15.827230397643,139.95667349354886,0.7149710520808208,5.754825154947258
21.73013,0.01036,96.55199,Done,EntryTipCone,161.3197,0.06839,4.64524,13.09021,13.09021,1.0,13.09021,4.64524,0.0,0.0,0.0,0.5967,1.0,6,6,1,0.68797,0.89855,0.07063,0.90931,0.56584,0.05289,0.82,0.7,0.06,0.9,0.56,0.06,-4.87239,-1.08404,-0.10361,-66.49769,0.12173,63.85162,double_rcm_log_20260616_135653_209.csv,96.55199,Unknown,Task4_EntryRCM_TipCone,0.0,4.645381078943495,13.05898663261451,13.06972440997604,4.651159803016617,13.081665031638677,13.089453770115778,6.958510536645463,17.410864439393347,125.06808742236115,0.8216205998047927,13.450292980337005
21.76055,0.01021,97.92282,Done,EntryTipCone,161.4071,0.14884,4.60513,13.00423,13.00423,1.0,13.00423,4.60513,0.0,0.0,0.0,0.59648,1.0,6,6,1,0.68812,0.89856,0.07047,0.90938,0.56577,0.05308,0.82,0.7,0.06,0.9,0.56,0.06,-4.85602,-1.09237,-0.08434,-66.53841,0.07823,63.83266,double_rcm_log_20260616_135653_209.csv,97.92282,Unknown,Task4_EntryRCM_TipCone,0.0,4.604754971435977,12.945026553293923,12.955485140903354,4.620021378435559,13.0014221707295,13.006294629908943,7.075318962418488,19.826736023144008,237.08681541291458,1.1880866709758313,43.68534519441699
21.7911,0.01046,95.60697,Done,EntryTipCone,161.4936,0.22874,4.55973,12.90535,12.90535,1.0,12.90535,4.55973,0.0,0.0,0.0,0.59627,1.0,6,6,1,0.68828,0.89857,0.0703,0.90943,0.5657,0.05328,0.82,0.7,0.06,0.9,0.56,0.06,-4.83545,-1.1222,-0.02273,-66.57121,-0.00625,63.83136,double_rcm_log_20260616_135653_209.csv,95.60697,Unknown,Task4_EntryRCM_TipCone,0.0,4.559875701666481,12.819128387319914,12.829284227934943,4.582944731740299,12.903495113876861,12.9063279053338,7.529453956833957,21.506721602239185,4571.579934583365,3.025540579352776,232.44405911676782
21.82279,0.01103,90.65307,Done,EntryTipCone,161.5818,0.31033,4.50746,12.79022,12.79022,1.0,12.79022,4.50746,0.0,0.0,0.0,0.59605,1.0,6,6,1,0.68846,0.89859,0.07009,0.90948,0.56561,0.05351,0.82,0.7,0.06,0.9,0.56,0.06,-4.80611,-1.26416,0.24613,-66.58733,-0.18851,63.91278,double_rcm_log_20260616_135653_209.csv,90.65307,Unknown,Task4_EntryRCM_TipCone,0.0,4.505881647874366,12.667650436293133,12.677449853591026,4.537845912494194,12.784152750122274,12.785249313173267,8.277615264697177,294.1782447933199,7640.850671616781,15.562312336659248,1063.6819360229317
21.85338,0.01036,96.57056,Done,EntryTipCone,161.656,0.37531,4.45799,12.68078,12.68078,1.0,12.68078,4.45799,0.0,0.0,0.0,0.59587,1.0,6,6,1,0.68857,0.89859,0.06982,0.90954,0.56555,0.05376,0.82,0.7,0.06,0.9,0.56,0.06,-4.76104,-2.15175,1.85058,-66.63342,-0.57441,64.50996,double_rcm_log_20260616_135653_209.csv,96.57056,Unknown,Task4_EntryRCM_TipCone,0.0,4.457893451480488,12.533012208393803,12.542501931061128,4.498221742044492,12.678500517987711,12.678789374384259,22.56424112785169,489.8141634840561,4270.6612652892745,67.37729673846613,1019.5340524014958
21.88483,0.0091,109.8689,Done,EntryTipCone,161.4347,0.16421,4.56244,12.91025,12.91025,1.0,12.91025,4.56244,0.0,0.0,0.0,0.59646,1.0,6,6,1,0.68717,0.898,0.06809,0.91006,0.56612,0.05471,0.82,0.7,0.06,0.9,0.56,0.06,-4.69222,-6.1623,8.91485,-67.12313,-1.0163,66.80441,double_rcm_log_20260616_135653_209.csv,109.8689,Unknown,Task4_EntryRCM_TipCone,0.0,4.561861655126062,12.824699676455168,12.834868788800923,4.584941725302158,12.90496416112799,12.908992989385265,35.38914255064968,21.70196130461208,13354.725412244217,77.18659073121407,620.6749666023807
21.91609,0.00957,104.5291,Done,EntryTipCone,161.2604,0.01312,4.66531,13.13243,13.13243,1.0,13.13243,4.66531,0.0,0.0,0.0,0.59686,1.0,6,6,1,0.68612,0.89755,0.06667,0.91045,0.56657,0.05551,0.82,0.7,0.06,0.9,0.56,0.06,-4.65164,-7.82633,11.8042,-67.41886,-1.08839,67.53108,double_rcm_log_20260616_135653_209.csv,104.5291,Unknown,Task4_EntryRCM_TipCone,0.0,4.6654800617685295,13.115363759016395,13.126241477645271,4.6683605720939525,13.124686897364253,13.134972401950401,23.466564027117773,348.955023025319,2734.293789790739,29.095971627112817,1036.9415368419818
21.94773,0.01143,87.47071,Done,EntryTipCone,161.254,0.00769,4.66896,13.14024,13.14024,1.0,13.14024,4.66896,0.0,0.0,0.0,0.59687,1.0,6,6,1,0.68589,0.89743,0.06598,0.91059,0.56666,0.05597,0.82,0.7,0.06,0.9,0.56,0.06,-4.62155,-8.32466,12.67205,-67.57303,-1.12712,67.71134,double_rcm_log_20260616_135653_209.csv,87.47071,Unknown,Task4_EntryRCM_TipCone,0.0,4.66949895659509,13.12663646154547,13.137542307158052,4.6714170027368,13.132608505314005,13.143234000808162,15.133085667848471,154.97811733601895,5406.048439678213,12.46913908557146,278.8573063932986
21.97803,0.01072,93.27608,Done,EntryTipCone,161.252,0.00595,4.67005,13.14265,13.14265,1.0,13.14265,4.67005,0.0,0.0,0.0,0.59687,1.0,6,6,1,0.68571,0.89733,0.06534,0.9107,0.56673,0.0564,0.82,0.7,0.06,0.9,0.56,0.06,-4.59184,-8.74372,13.40239,-67.71878,-1.16397,67.85332,double_rcm_log_20260616_135653_209.csv,93.27608,Unknown,Task4_EntryRCM_TipCone,0.0,4.671005654968512,13.130862622322283,13.141779025322093,4.6714846606416005,13.13229278710124,13.143169328590316,14.984318245078413,18.557025011755634,2350.4596300060766,11.248491491743486,35.78505427796434
22.00809,0.00952,105.0709,Done,EntryTipCone,161.2503,0.00453,4.67106,13.14462,13.14462,1.0,13.14462,4.67106,0.0,0.0,0.0,0.59688,1.0,6,6,1,0.68556,0.89724,0.06469,0.9108,0.56679,0.05684,0.82,0.7,0.06,0.9,0.56,0.06,-4.56129,-9.12744,14.07164,-67.86449,-1.20119,67.97639,double_rcm_log_20260616_135653_209.csv,105.0709,Unknown,Task4_EntryRCM_TipCone,0.0,4.671173814546838,13.131334295072518,13.14225187678352,4.671342607576061,13.13168897684587,13.142667157011934,15.00331336826566,16.082510970571175,90.07896359866105,10.356135771881233,27.953090024500543
22.03995,0.01166,85.74111,Done,EntryTipCone,161.2503,0.00447,4.67085,13.14413,13.14413,1.0,13.14413,4.67085,0.0,0.0,0.0,0.59688,1.0,6,6,1,0.68542,0.89717,0.06401,0.9109,0.56684,0.0573,0.82,0.7,0.06,0.9,0.56,0.06,-4.52785,-9.49736,14.7178,-68.01959,-1.24153,68.08862,double_rcm_log_20260616_135653_209.csv,85.74111,Unknown,Task4_EntryRCM_TipCone,0.0,4.671905339707691,13.133386157158307,13.144308867466645,4.67335412840933,13.13787572104175,13.148596883318001,14.832288598363416,18.814856168946612,152.2003911644958,9.580142925729096,22.303306647601914
22.08182,0.01215,82.29071,Done,EntryTipCone,161.2497,0.00403,4.67131,13.14518,13.14518,1.0,13.14518,4.67127,0.0,0.0,0.0,0.59688,1.0,6,6,1,0.68528,0.89708,0.0631,0.911,0.56689,0.05791,0.82,0.7,0.06,0.9,0.56,0.06,-4.48203,-9.94792,15.50616,-68.22734,-1.29644,68.21766,double_rcm_log_20260616_135653_209.csv,82.29071,Unknown,Task4_EntryRCM_TipCone,0.0,4.671288309116369,13.131655442152873,13.142573826459381,4.672650919904716,13.136396941908547,13.146870350011044,14.884130335687724,18.086205080913693,104.98719278598399,8.846486287038205,19.262907257145326
22.11355,0.01004,99.64729,Done,EntryTipCone,161.2485,0.00292,4.67215,13.147,13.147,1.0,13.147,4.67215,0.0,0.0,0.0,0.59688,1.0,6,6,1,0.68519,0.89703,0.0624,0.91105,0.56693,0.05838,0.82,0.7,0.06,0.9,0.56,0.06,-4.44595,-10.26463,16.06153,-68.38773,-1.33963,68.30355,double_rcm_log_20260616_135653_209.csv,99.64729,Unknown,Task4_EntryRCM_TipCone,0.0,4.671263019972135,13.131584508357914,13.1425027153869,4.671604666310646,13.132631642064506,13.143507903143664,14.929308929241614,14.965924312668447,130.30235527279828,8.247909410534318,18.336024253921565
22.14931,0.01407,71.05597,Done,EntryTipCone,161.2491,0.00348,4.67152,13.14569,13.14569,1.0,13.14569,4.67152,0.0,0.0,0.0,0.59688,1.0,6,6,1,0.68512,0.89699,0.06162,0.9111,0.56696,0.05891,0.82,0.7,0.06,0.9,0.56,0.06,-4.40411,-10.58897,16.63221,-68.57027,-1.38983,68.3872,double_rcm_log_20260616_135653_209.csv,71.05597,Unknown,Task4_EntryRCM_TipCone,0.0,4.671681479378393,13.132758249356234,13.143679390047925,4.672807729408854,13.135927304680314,13.146851334064728,14.851322378036931,16.97772896761427,96.30504032369173,7.692976566037267,15.161718751378132
22.18045,0.011,90.92607,Done,EntryTipCone,161.2478,0.0024,4.67244,13.14771,13.14771,1.0,13.14771,4.67244,0.0,0.0,0.0,0.59688,1.0,6,6,1,0.68507,0.89697,0.06093,0.91113,0.56697,0.05937,0.82,0.7,0.06,0.9,0.56,0.06,-4.36645,-10.85743,17.10574,-68.73267,-1.43515,68.45383,double_rcm_log_20260616_135653_209.csv,90.92607,Unknown,Task4_EntryRCM_TipCone,0.0,4.67277767399241,13.135832973335553,13.146761801528394,4.672919469669566,13.136749744367977,13.147421800489946,14.83488900007299,17.60900217400849,74.82884269728831,7.295115330153415,15.10532629704038
22.2114,0.01002,99.8204,Done,EntryTipCone,161.2472,0.00191,4.6729,13.14851,13.14851,1.0,13.14851,4.6729,0.0,0.0,0.0,0.59688,1.0,6,6,1,0.68505,0.89696,0.06025,0.91114,0.56698,0.05983,0.82,0.7,0.06,0.9,0.56,0.06,-4.3281,-11.10443,17.54309,-68.89603,-1.48152,68.51288,double_rcm_log_20260616_135653_209.csv,99.8204,Unknown,Task4_EntryRCM_TipCone,0.0,4.672994315998873,13.136440633453523,13.147370981361219,4.672895688114593,13.136378437816745,13.147201223073987,14.97873169992707,16.071343370200925,87.97823393685549,6.830069576605736,15.256698471270346
22.2432,0.01121,89.17637,Done,EntryTipCone,161.2474,0.00197,4.67282,13.1485,13.1485,1.0,13.1485,4.67282,0.0,0.0,0.0,0.59688,1.0,6,6,1,0.68506,0.89696,0.05955,0.91114,0.56698,0.06031,0.82,0.7,0.06,0.9,0.56,0.06,-4.28781,-11.33872,17.9598,-69.06581,-1.53046,68.56707,double_rcm_log_20260616_135653_209.csv,89.17637,Unknown,Task4_EntryRCM_TipCone,0.0,4.6726917371801235,13.1355919287403,13.146520154136885,4.6738014283814815,13.138935971437594,13.149756651740677,15.00123644387069,17.77842122920524,99.45201668082981,6.421327913676997,13.427603161570998
22.28082,0.01141,87.65217,Done,EntryTipCone,161.2469,0.00173,4.67303,13.14893,13.14893,1.0,13.14893,4.67303,0.0,0.0,0.0,0.59688,1.0,6,6,1,0.68509,0.89698,0.05872,0.91112,0.56697,0.06087,0.82,0.7,0.06,0.9,0.56,0.06,-4.23894,-11.59553,18.41892,-69.26971,-1.59016,68.62482,double_rcm_log_20260616_135653_209.csv,87.65217,Unknown,Task4_EntryRCM_TipCone,0.0,4.673225144850598,13.13708808610958,13.148020053406253,4.674844981618848,13.141781228058601,13.152649923114327,14.879362897655708,17.794614767533613,40.24813022621949,6.003411729846399,12.375413807629371
22.32001,0.01059,94.39181,Done,EntryTipCone,161.2467,0.00151,4.67336,13.14979,13.14979,1.0,13.14979,4.67336,0.0,0.0,0.0,0.59688,1.0,6,6,1,0.68515,0.89701,0.05786,0.91107,0.56694,0.06145,0.82,0.7,0.06,0.9,0.56,0.06,-4.18675,-11.83963,18.85831,-69.4853,-1.65429,68.67836,double_rcm_log_20260616_135653_209.csv,94.39181,Unknown,Task4_EntryRCM_TipCone,0.0,4.673547279808375,13.137991643226428,13.14892587074019,4.67238478257375,13.134935799673258,13.145759772641512,14.868900996135485,15.489406263005474,16.887528868421736,5.586114684440648,12.223532431722598
22.35862,0.00895,111.7788,Done,EntryTipCone,161.2464,0.00112,4.67374,13.15054,13.15054,1.0,13.15054,4.67374,0.0,0.0,0.0,0.59689,1.0,6,6,1,0.68525,0.89707,0.05702,0.91101,0.56691,0.06202,0.82,0.7,0.06,0.9,0.56,0.06,-4.13416,-12.05765,19.25403,-69.70067,-1.71928,68.72548,double_rcm_log_20260616_135653_209.csv,111.7788,Unknown,Task4_EntryRCM_TipCone,0.0,4.674115353403379,13.139585033205645,13.150523247291742,4.6756408953536726,13.143825751455088,13.154793803020967,14.798183303519439,18.94788746944357,39.60480186299808,5.182111667760279,11.821568745491065
22.3896,0.01064,94.02258,Done,EntryTipCone,161.2465,0.00108,4.6737,13.15025,13.15025,1.0,13.15025,4.6737,0.0,0.0,0.0,0.59689,1.0,6,6,1,0.68535,0.89713,0.05634,0.91094,0.56687,0.06247,0.82,0.7,0.06,0.9,0.56,0.06,-4.09125,-12.21564,19.54351,-69.87516,-1.77254,68.7595,double_rcm_log_20260616_135653_209.csv,94.02258,Unknown,Task4_EntryRCM_TipCone,0.0,4.673892472545707,13.13895987470359,13.149896524562525,4.674735475896951,13.141269169475722,13.152239353053075,14.84926422645459,18.479877545543935,63.24596106241996,4.885410887640507,11.245221782980146
22.42858,0.00917,109.067,Done,EntryTipCone,161.2461,0.00084,4.67391,13.15066,13.15066,1.0,13.15066,4.67391,0.0,0.0,0.0,0.59689,1.0,6,6,1,0.6855,0.89722,0.0555,0.91083,0.56681,0.06304,0.82,0.7,0.06,0.9,0.56,0.06,-4.03635,-12.39641,19.87812,-70.09709,-1.84098,68.79872,double_rcm_log_20260616_135653_209.csv,109.067,Unknown,Task4_EntryRCM_TipCone,0.0,4.674199962530023,13.139822353286972,13.150761161217877,4.673763276395295,13.138321225155998,13.149395423364526,14.881738789841656,14.917357258692967,45.205143202469245,4.540700687998535,10.82011819515877
22.46062,0.01027,97.3821,Done,EntryTipCone,161.2461,0.00086,4.67395,13.15088,13.15088,1.0,13.15088,4.67395,0.0,0.0,0.0,0.59689,1.0,6,6,1,0.68566,0.8973,0.05482,0.91073,0.56675,0.0635,0.82,0.7,0.06,0.9,0.56,0.06,-3.99061,-12.52863,20.12617,-70.28092,-1.89821,68.82797,double_rcm_log_20260616_135653_209.csv,97.3821,Unknown,Task4_EntryRCM_TipCone,0.0,4.673969356993102,13.13917552790716,13.150112717341347,4.67425035633112,13.139899367370157,13.15087069360806,14.835562388299092,17.065276686604477,116.14734020957707,4.27214062891743,10.695808194404613
22.49214,0.00862,115.9871,Done,EntryTipCone,161.2459,0.00079,4.67416,13.1515,13.1515,1.0,13.1515,4.67416,0.0,0.0,0.0,0.59689,1.0,6,6,1,0.68583,0.8974,0.05416,0.91062,0.56668,0.06395,0.82,0.7,0.06,0.9,0.56,0.06,-3.94505,-12.64592,20.34924,-70.4632,-1.95538,68.85474,double_rcm_log_20260616_135653_209.csv,115.9871,Unknown,Task4_EntryRCM_TipCone,0.0,4.673942439658557,13.139100027472207,13.150037027998655,4.675021035311264,13.142582640468218,13.153299966168111,14.850457162282488,19.019468273095942,44.59697994556012,4.018079530609818,10.493554007810273
22.52276,0.01168,85.59481,Done,EntryTipCone,161.2459,0.00076,4.67403,13.15106,13.15106,1.0,13.15106,4.67403,0.0,0.0,0.0,0.59689,1.0,6,6,1,0.68601,0.89751,0.05352,0.91049,0.56661,0.06438,0.82,0.7,0.06,0.9,0.56,0.06,-3.90044,-12.74629,20.54357,-70.64095,-2.0115,68.8787,double_rcm_log_20260616_135653_209.csv,85.59481,Unknown,Task4_EntryRCM_TipCone,0.0,4.673772065101638,13.138622143789442,13.149557948664308,4.6738262270866056,13.138904590800285,13.14977566348562,14.831046591315932,15.688844646025181,98.41349976387482,3.7893800953362744,10.194866208491858
22.55808,0.00862,116.0293,Done,EntryTipCone,161.2458,0.00038,4.67433,13.1515,13.1515,1.0,13.1515,4.67433,0.0,0.0,0.0,0.59689,1.0,6,6,1,0.68625,0.89764,0.05279,0.91033,0.56652,0.06487,0.82,0.7,0.06,0.9,0.56,0.06,-3.84847,-12.84817,20.74496,-70.84725,-2.07701,68.9046,double_rcm_log_20260616_135653_209.csv,116.0293,Unknown,Task4_EntryRCM_TipCone,0.0,4.674167912098151,13.139732455055958,13.150671038032854,4.6741083923501145,13.139599923659961,13.150520902230397,14.80291961709573,15.89718151173852,53.22510849778484,3.5471396426456776,10.098733080110584
22.59463,0.01144,87.37994,Done,EntryTipCone,161.2458,0.00063,4.67429,13.15163,13.15163,1.0,13.15163,4.67429,0.0,0.0,0.0,0.59689,1.0,6,6,1,0.68652,0.8978,0.05205,0.91015,0.56642,0.06537,0.82,0.7,0.06,0.9,0.56,0.06,-3.79436,-12.93575,20.92402,-71.06122,-2.14533,68.9292,double_rcm_log_20260616_135653_209.csv,87.37994,Unknown,Task4_EntryRCM_TipCone,0.0,4.674792708594222,13.141484945512573,13.152427914342844,4.676025285112273,13.14480968057207,13.155827606045907,14.845835590811992,18.282958598074803,60.24211622712654,3.3114471527725446,9.921847541935641
22.62737,0.01168,85.60411,Done,EntryTipCone,161.2457,0.00056,4.67437,13.15176,13.15176,1.0,13.15176,4.67437,0.0,0.0,0.0,0.59689,1.0,6,6,1,0.68679,0.89795,0.0514,0.90997,0.56631,0.06581,0.82,0.7,0.06,0.9,0.56,0.06,-3.74559,-13.00033,21.06164,-71.25349,-2.20696,68.94978,double_rcm_log_20260616_135653_209.csv,85.60411,Unknown,Task4_EntryRCM_TipCone,0.0,4.673818703776656,13.138752960644656,13.149689092810995,4.674551439963974,13.141155200361863,13.151923813647853,14.866486207539225,16.84723753044862,40.457498297451444,3.1290006983478884,9.774563071158617
22.66758,0.01106,90.38014,Done,EntryTipCone,161.2456,0.00042,4.67454,13.15213,13.15213,1.0,13.15213,4.67454,0.0,0.0,0.0,0.59689,1.0,6,6,1,0.68714,0.89815,0.05061,0.90973,0.56618,0.06634,0.82,0.7,0.06,0.9,0.56,0.06,-3.68546,-13.06137,21.2006,-71.48975,-2.28293,68.97322,double_rcm_log_20260616_135653_209.csv,90.38014,Unknown,Task4_EntryRCM_TipCone,0.0,4.67546041615721,13.143357795408576,13.154305452608666,4.6758245590008025,13.144242904726825,13.15526130489242,14.867188038905352,16.604555330606274,42.72045514632106,2.9279927601997606,9.709410431635279
22.70009,0.01349,74.11177,Done,EntryTipCone,161.2457,0.00047,4.67454,13.1522,13.1522,1.0,13.1522,4.67454,0.0,0.0,0.0,0.59689,1.0,6,6,1,0.68745,0.89833,0.04999,0.90952,0.56606,0.06676,0.82,0.7,0.06,0.9,0.56,0.06,-3.63678,-13.09586,21.28847,-71.68052,-2.34441,68.99078,double_rcm_log_20260616_135653_209.csv,74.11177,Unknown,Task4_EntryRCM_TipCone,0.0,4.675148705116801,13.142483478756107,13.153428947081867,4.675699269130128,13.143889132918787,13.154907829399601,14.957072753862114,17.265317347367873,69.2081496334717,2.797483411886245,9.580730200480613
22.73067,0.01014,98.57826,Done,EntryTipCone,161.2454,0.00028,4.67471,13.15255,13.15255,1.0,13.15255,4.67471,0.0,0.0,0.0,0.59689,1.0,6,6,1,0.68776,0.89851,0.04942,0.90931,0.56594,0.06715,0.82,0.7,0.06,0.9,0.56,0.06,-3.59094,-13.11692,21.3524,-71.85982,-2.40224,69.00633,double_rcm_log_20260616_135653_209.csv,98.57826,Unknown,Task4_EntryRCM_TipCone,0.0,4.674926287271159,13.141859619876676,13.15280352653477,4.676111500346786,13.145053120412243,13.15607084201047,14.893142370135905,17.991162579721895,38.52301258692859,2.698979120057841,9.650696603163027
22.76254,0.00948,105.4311,Done,EntryTipCone,161.2454,8e-05,4.67479,13.15248,13.15248,1.0,13.15248,4.67479,0.0,0.0,0.0,0.59689,1.0,6,6,1,0.6881,0.8987,0.04884,0.90908,0.56581,0.06754,0.82,0.7,0.06,0.9,0.56,0.06,-3.54323,-13.12644,21.3985,-72.04602,-2.46228,69.02145,double_rcm_log_20260616_135653_209.csv,105.4311,Unknown,Task4_EntryRCM_TipCone,0.0,4.674980051919126,13.142010424129698,13.152954708273263,4.675750866106836,13.143933376861893,13.155002850626808,14.885304808715965,17.722397913946086,43.80729782769598,2.6207484775484207,9.654970219170464
22.79481,0.01161,86.15921,Done,EntryTipCone,161.2453,0.00015,4.67491,13.15297,13.15297,1.0,13.15297,4.67491,0.0,0.0,0.0,0.59689,1.0,6,6,1,0.68846,0.89891,0.04826,0.90883,0.56567,0.06793,0.82,0.7,0.06,0.9,0.56,0.06,-3.4951,-13.12351,21.42436,-72.2336,-2.5227,69.03558,double_rcm_log_20260616_135653_209.csv,86.15921,Unknown,Task4_EntryRCM_TipCone,0.0,4.675298216463147,13.142902842391104,13.153849360568135,4.67509403265141,13.141875875934197,13.153049076164798,14.854239499876478,16.56062662155544,36.89465328399889,2.5753445004707927,9.570821843050561
22.83398,0.01028,97.26183,Done,EntryTipCone,161.2452,0.00013,4.675,13.15317,13.15317,1.0,13.15317,4.675,0.0,0.0,0.0,0.59689,1.0,6,6,1,0.68893,0.89917,0.04759,0.90852,0.56549,0.06838,0.82,0.7,0.06,0.9,0.56,0.06,-3.43692,-13.10309,21.42784,-72.45995,-2.59543,69.05132,double_rcm_log_20260616_135653_209.csv,97.26183,Unknown,Task4_EntryRCM_TipCone,0.0,4.6743643696532,13.14028349863214,13.151223460545781,4.6744142225236995,13.14015923097525,13.151231881462644,14.915803957322462,15.264566457436326,76.35994202950924,2.566011462949215,9.564518806333599
22.86452,0.00895,111.6901,Done,EntryTipCone,161.2452,3e-05,4.67504,13.15324,13.15324,1.0,13.15324,4.67504,0.0,0.0,0.0,0.59689,1.0,6,6,1,0.68931,0.89939,0.04708,0.90826,0.56534,0.06873,0.82,0.7,0.06,0.9,0.56,0.06,-3.39185,-13.07429,21.40917,-72.63506,-2.65147,69.06238,double_rcm_log_20260616_135653_209.csv,111.6901,Unknown,Task4_EntryRCM_TipCone,0.0,4.674158893701419,13.13970715936135,13.150645679040528,4.674412492590234,13.140255763814475,13.151277504485938,14.954670030108554,15.462935512256008,109.23748596219362,2.591470908916316,9.579342478523753
22.89553,0.01064,94.00693,Done,EntryTipCone,161.245,0.00018,4.67517,13.15343,13.15343,1.0,13.15343,4.67517,0.0,0.0,0.0,0.59689,1.0,6,6,1,0.68971,0.89962,0.04657,0.90799,0.56519,0.06907,0.82,0.7,0.06,0.9,0.56,0.06,-3.34645,-13.03365,21.37121,-72.81129,-2.70762,69.07245,double_rcm_log_20260616_135653_209.csv,94.00693,Unknown,Task4_EntryRCM_TipCone,0.0,4.675466025030991,13.143373527705483,13.154321224294467,4.675611428610949,13.143336773379124,13.15450873275009,14.78551376333512,19.040244149417124,41.069447250770715,2.647309149426588,9.632429836413872
22.93562,0.01017,98.31885,Done,EntryTipCone,161.2449,0.00019,4.67525,13.15359,13.15359,1.0,13.15359,4.67525,0.0,0.0,0.0,0.59689,1.0,6,6,1,0.69025,0.89993,0.04595,0.90763,0.56498,0.06949,0.82,0.7,0.06,0.9,0.56,0.06,-3.28833,-12.96384,21.29332,-73.03667,-2.77891,69.08366,double_rcm_log_20260616_135653_209.csv,98.31885,Unknown,Task4_EntryRCM_TipCone,0.0,4.675209571475439,13.14265420251485,13.15360009822919,4.676046839072541,13.144870540954816,13.155888415458692,14.846477203929968,15.759808086810326,136.71864593389836,2.763229619067342,9.678844742592142
22.96581,0.00957,104.4967,Done,EntryTipCone,161.245,0.00024,4.67533,13.15375,13.15375,1.0,13.15375,4.67533,0.0,0.0,0.0,0.59689,1.0,6,6,1,0.69067,0.90017,0.0455,0.90734,0.56481,0.06979,0.82,0.7,0.06,0.9,0.56,0.06,-3.24511,-12.89845,21.2132,-73.20421,-2.83144,69.0906,double_rcm_log_20260616_135653_209.csv,104.4967,Unknown,Task4_EntryRCM_TipCone,0.0,4.674196471020525,13.13981255995494,13.1507513433798,4.673006747271421,13.136590647734826,13.147463633720388,14.867177771030006,12.578212132944278,48.88697029155318,2.878600217982493,9.721425005031008
22.99598,0.01042,96.00705,Done,EntryTipCone,161.2448,0.00035,4.67542,13.15391,13.15391,1.0,13.15391,4.67542,0.0,0.0,0.0,0.59689,1.0,6,6,1,0.69111,0.90042,0.04506,0.90705,0.56465,0.07009,0.82,0.7,0.06,0.9,0.56,0.06,-3.20242,-12.82216,21.11475,-73.36959,-2.88284,69.09614,double_rcm_log_20260616_135653_209.csv,96.00705,Unknown,Task4_EntryRCM_TipCone,0.0,4.676019756058692,13.144926683971475,13.155878269658146,4.6768150521358836,13.146938222087458,13.158005167957619,14.861975431485334,16.201700778754578,144.24624573781205,3.016451411950291,9.829696905107227
23.036,0.0102,98.02138,Done,EntryTipCone,161.2447,0.00039,4.67554,13.15427,13.15427,1.0,13.15427,4.67554,0.0,0.0,0.0,0.59689,1.0,6,6,1,0.6917,0.90076,0.04451,0.90664,0.56442,0.07046,0.82,0.7,0.06,0.9,0.56,0.06,-3.14668,-12.70383,20.95529,-73.58546,-2.94904,69.10102,double_rcm_log_20260616_135653_209.csv,98.02138,Unknown,Task4_EntryRCM_TipCone,0.0,4.676282184119974,13.145662766166476,13.15661619532259,4.675582062788923,13.143152414265568,13.154375697842884,14.888688141783552,16.797033819628577,110.94331983401698,3.231975347121679,9.885539951601155
23.0665,0.00978,102.2561,Done,EntryTipCone,161.2447,0.0004,4.67563,13.15442,13.15442,1.0,13.15442,4.67563,0.0,0.0,0.0,0.59689,1.0,6,6,1,0.69217,0.90103,0.04412,0.90633,0.56423,0.07073,0.82,0.7,0.06,0.9,0.56,0.06,-3.10497,-12.60042,20.81141,-73.74705,-2.99781,69.10267,double_rcm_log_20260616_135653_209.csv,102.2561,Unknown,Task4_EntryRCM_TipCone,0.0,4.675581736525022,13.143698086162923,13.154646595368703,4.676189651835282,13.14578107226798,13.156545899285232,14.807797967604726,16.978609172081377,111.39092578059712,3.4137887963287117,9.995932332300502
23.09858,0.01187,84.2505,Done,EntryTipCone,161.2445,0.00057,4.67579,13.15479,13.15479,1.0,13.15479,4.67579,0.0,0.0,0.0,0.59689,1.0,6,6,1,0.69268,0.90132,0.04372,0.90599,0.56404,0.071,0.82,0.7,0.06,0.9,0.56,0.06,-3.06189,-12.47969,20.63973,-73.914,-3.04736,69.1023,double_rcm_log_20260616_135653_209.csv,84.2505,Unknown,Task4_EntryRCM_TipCone,0.0,4.676233250737716,13.145525513367534,13.156478598767489,4.677685000718765,13.149699089859238,13.160611687911723,14.788828006296415,20.187840409203012,65.372950401968,3.626188505078621,10.283397164960613
23.13862,0.01097,91.14901,Done,EntryTipCone,161.2444,0.00074,4.67588,13.15494,13.15494,1.0,13.15494,4.67588,0.0,0.0,0.0,0.59689,1.0,6,6,1,0.69333,0.90169,0.04325,0.90555,0.56379,0.07131,0.82,0.7,0.06,0.9,0.56,0.06,-3.00933,-12.31042,20.39386,-74.11779,-3.1064,69.09825,double_rcm_log_20260616_135653_209.csv,91.14901,Unknown,Task4_EntryRCM_TipCone,0.0,4.676102564253004,13.1451589519879,13.156111119352111,4.676100273588616,13.145122874458584,13.156089844630852,14.890229711986434,16.954238288880795,111.90794046263127,3.9205916012746838,10.490737127727945
23.17889,0.0105,95.28131,Done,EntryTipCone,161.2443,0.00074,4.67596,13.15506,13.15506,1.0,13.15506,4.67596,0.0,0.0,0.0,0.59689,1.0,6,6,1,0.694,0.90207,0.04282,0.90509,0.56353,0.0716,0.82,0.7,0.06,0.9,0.56,0.06,-2.95797,-12.11978,20.11169,-74.31718,-3.16234,69.0897,double_rcm_log_20260616_135653_209.csv,95.28131,Unknown,Task4_EntryRCM_TipCone,0.0,4.6749826380773705,13.14201767803466,13.152961980336194,4.674065175927838,13.13917366562233,13.150247145966448,14.89665467367657,13.002506204506524,42.27212509279363,4.235837414555503,10.680417541508795
23.20951,0.01054,94.90102,Done,EntryTipCone,161.2442,0.00082,4.67609,13.15545,13.15545,1.0,13.15545,4.67609,0.0,0.0,0.0,0.59689,1.0,6,6,1,0.69452,0.90237,0.04251,0.90474,0.56333,0.07181,0.82,0.7,0.06,0.9,0.56,0.06,-2.92001,-11.96093,19.87326,-74.46477,-3.20233,69.07981,double_rcm_log_20260616_135653_209.csv,94.90102,Unknown,Task4_EntryRCM_TipCone,0.0,4.67599132638527,13.144846941810297,13.155798327800566,4.675461203181245,13.143115483605248,13.154185645641443,14.883097576455715,15.609780331882545,135.89829961861784,4.492907717642856,10.928336268420088
23.24048,0.01031,96.99863,Done,EntryTipCone,161.2442,0.00082,4.67625,13.15577,13.15577,1.0,13.15577,4.67621,0.0,0.0,0.0,0.59689,1.0,6,6,1,0.69506,0.90268,0.04222,0.90438,0.56312,0.07201,0.82,0.7,0.06,0.9,0.56,0.06,-2.88263,-11.78771,19.61046,-74.61036,-3.24028,69.06644,double_rcm_log_20260616_135653_209.csv,96.99863,Unknown,Task4_EntryRCM_TipCone,0.0,4.676555444663206,13.14642923200314,13.1573845809435,4.677108620796377,13.148071575476202,13.158985523208049,14.860955842427254,20.516429183777856,66.4261334527247,4.766899839044323,11.232143688387126
23.28084,0.01072,93.28435,Done,EntryTipCone,161.2439,0.00099,4.67638,13.15616,13.15616,1.0,13.15616,4.67638,0.0,0.0,0.0,0.59689,1.0,6,6,1,0.69577,0.90308,0.04188,0.9039,0.56285,0.07224,0.82,0.7,0.06,0.9,0.56,0.06,-2.83555,-11.54289,19.23497,-74.79417,-3.28577,69.04344,double_rcm_log_20260616_135653_209.csv,93.28435,Unknown,Task4_EntryRCM_TipCone,0.0,4.676442592546453,13.146112694236074,13.157067250309977,4.677044021969868,13.147584744559902,13.158651146679116,14.853235874634482,18.021815602221682,153.02897448362327,5.1486519099188195,11.66955257116924
23.31109,0.01034,96.72199,Done,EntryTipCone,161.2437,0.00127,4.67646,13.15628,13.15628,1.0,13.15628,4.67646,0.0,0.0,0.0,0.59689,1.0,6,6,1,0.69631,0.90339,0.04165,0.90353,0.56264,0.07239,0.82,0.7,0.06,0.9,0.56,0.06,-2.80156,-11.34445,18.92758,-74.92731,-3.31657,69.02138,double_rcm_log_20260616_135653_209.csv,96.72199,Unknown,Task4_EntryRCM_TipCone,0.0,4.675039518853801,13.142177222691164,13.15312192436634,4.674266320362816,13.13964020113887,13.150764236347639,14.932504629054298,12.349374322172482,116.17977387801072,5.451067994481217,12.026824091140004
23.34212,0.01039,96.21363,Done,EntryTipCone,161.2436,0.00143,4.67659,13.15654,13.15654,1.0,13.15654,4.67663,0.0,0.0,0.0,0.59689,1.0,6,6,1,0.69687,0.90371,0.04143,0.90315,0.56242,0.07254,0.82,0.7,0.06,0.9,0.56,0.06,-2.76789,-11.12767,18.58916,-75.05962,-3.34504,68.99408,double_rcm_log_20260616_135653_209.csv,96.21363,Unknown,Task4_EntryRCM_TipCone,0.0,4.676144968813234,13.145277892176049,13.156230357414794,4.675414996644084,13.143086454043482,13.154105822898023,14.7444761953686,14.342517111142751,113.20401743900835,5.778180397401776,12.4761917690219
23.37271,0.01,99.9825,Done,EntryTipCone,161.2435,0.0015,4.67672,13.15676,13.15676,1.0,13.15676,4.67672,0.0,0.0,0.0,0.59689,1.0,6,6,1,0.69743,0.90403,0.04124,0.90278,0.56221,0.07267,0.82,0.7,0.06,0.9,0.56,0.06,-2.73595,-10.9,18.23112,-75.18565,-3.36973,68.96191,double_rcm_log_20260616_135653_209.csv,99.9825,Unknown,Task4_EntryRCM_TipCone,0.0,4.6766720200368574,13.146756213042472,13.157712381047991,4.6769268447155365,13.147253881148886,13.15832056153063,14.744165157867995,18.597064445941246,91.3833521092009,6.118633878471728,13.0177766721648
23.41303,0.01043,95.90194,Done,EntryTipCone,161.243,0.00182,4.67697,13.15731,13.15731,1.0,13.15731,4.67697,0.0,0.0,0.0,0.59689,1.0,6,6,1,0.69817,0.90446,0.04102,0.90227,0.56192,0.07282,0.82,0.7,0.06,0.9,0.56,0.06,-2.69585,-10.57867,17.72184,-75.34488,-3.3967,68.91079,double_rcm_log_20260616_135653_209.csv,95.90194,Unknown,Task4_EntryRCM_TipCone,0.0,4.677414891439566,13.148839883947412,13.159801272367341,4.677622173225063,13.149115735112545,13.160231760877148,14.88259571399068,17.685903011801294,70.34071914359288,6.600614465876145,13.760535503584487
23.44334,0.01004,99.65096,Done,EntryTipCone,161.2429,0.00196,4.67709,13.15753,13.15753,1.0,13.15753,4.67709,0.0,0.0,0.0,0.59689,1.0,6,6,1,0.69874,0.90478,0.04088,0.90189,0.5617,0.07291,0.82,0.7,0.06,0.9,0.56,0.06,-2.66728,-10.31968,17.30828,-75.45918,-3.41239,68.86476,double_rcm_log_20260616_135653_209.csv,99.65096,Unknown,Task4_EntryRCM_TipCone,0.0,4.677457327501859,13.148958912272393,13.159920598955669,4.676758063043567,13.14687877552924,13.157894968421038,14.810205919290823,16.75036433620297,21.40185752513578,6.984209344172765,14.320727590460358
23.474,0.01027,97.38895,Done,EntryTipCone,161.2425,0.00233,4.67734,13.15806,13.15806,1.0,13.15806,4.67734,0.0,0.0,0.0,0.59689,1.0,6,6,1,0.69932,0.90511,0.04076,0.9015,0.56148,0.07299,0.82,0.7,0.06,0.9,0.56,0.06,-2.63981,-10.04273,16.8634,-75.56998,-3.42394,68.81099,double_rcm_log_20260616_135653_209.csv,97.38895,Unknown,Task4_EntryRCM_TipCone,0.0,4.678243258212371,13.151163357162861,13.16213056875802,4.67747134044255,13.148689844063716,13.15980622957647,14.799195940595816,16.683934251523915,33.146922566826284,7.393447741948019,15.28624916019774
23.50492,0.01068,93.62939,Done,EntryTipCone,161.242,0.00258,4.67768,13.15882,13.15882,1.0,13.15882,4.67768,0.0,0.0,0.0,0.59689,1.0,6,6,1,0.6999,0.90544,0.04067,0.90111,0.56125,0.07305,0.82,0.7,0.06,0.9,0.56,0.06,-2.61362,-9.74678,16.38521,-75.67673,-3.43073,68.74847,double_rcm_log_20260616_135653_209.csv,93.62939,Unknown,Task4_EntryRCM_TipCone,0.0,4.677368054211576,13.14870851084518,13.159669570075085,4.67625819673178,13.14577170979908,13.15663710831913,14.852999251524441,16.074020326584993,56.09285699969323,7.848920369853354,16.72276650125274
23.53566,0.01065,93.90796,Done,EntryTipCone,161.2417,0.00296,4.67793,13.15933,13.15933,1.0,13.15933,4.67793,0.0,0.0,0.0,0.59689,1.0,6,6,1,0.70048,0.90578,0.0406,0.90071,0.56103,0.0731,0.82,0.7,0.06,0.9,0.56,0.06,-2.58918,-9.43461,15.87788,-75.77769,-3.43212,68.67683,double_rcm_log_20260616_135653_209.csv,93.90796,Unknown,Task4_EntryRCM_TipCone,0.0,4.6777636989076825,13.149818248982857,13.160782089165636,4.677415121845869,13.148429622523807,13.159597258275038,14.838142010655325,15.798823818117834,12.122461437315113,8.351004915476803,17.700546169889865
23.56643,0.01002,99.77326,Done,EntryTipCone,161.2414,0.0032,4.67806,13.15962,13.15962,1.0,13.15962,4.67806,0.0,0.0,0.0,0.59689,1.0,6,6,1,0.70107,0.90611,0.04055,0.90032,0.5608,0.07313,0.82,0.7,0.06,0.9,0.56,0.06,-2.56638,-9.10238,15.33487,-75.87358,-3.42751,68.59425,double_rcm_log_20260616_135653_209.csv,99.77326,Unknown,Task4_EntryRCM_TipCone,0.0,4.6780910428852325,13.150736410939958,13.16170255235139,4.676844646976938,13.147326197894618,13.158240763871131,14.76000270871857,16.01813106889781,44.08663626501068,8.868417570874792,18.718664921839707
23.59735,0.01081,92.51138,Done,EntryTipCone,161.2404,0.0042,4.6786,13.16058,13.16058,1.0,13.16058,4.6786,0.0,0.0,0.0,0.5969,1.0,6,6,1,0.70165,0.90645,0.04053,0.89992,0.56058,0.07315,0.82,0.7,0.06,0.9,0.56,0.06,-2.54517,-8.74993,14.75577,-75.96468,-3.41652,68.49992,double_rcm_log_20260616_135653_209.csv,92.51138,Unknown,Task4_EntryRCM_TipCone,0.0,4.678308092347291,13.151345209314345,13.162312876761224,4.67864892959309,13.151811866986831,13.163027767197034,14.897738457656066,18.443436135009417,105.93871138391785,9.439770688061945,21.36182381241738
23.62806,0.01091,91.62643,Done,EntryTipCone,161.2397,0.00471,4.67906,13.16172,13.16172,1.0,13.16172,4.67906,0.0,0.0,0.0,0.5969,1.0,6,6,1,0.70224,0.90678,0.04052,0.89952,0.56035,0.07315,0.82,0.7,0.06,0.9,0.56,0.06,-2.52594,-8.37686,14.13943,-76.04987,-3.39804,68.39228,double_rcm_log_20260616_135653_209.csv,91.62643,Unknown,Task4_EntryRCM_TipCone,0.0,4.679901487549995,13.155814490858067,13.166793365510516,4.678767090736335,13.152247014805562,13.163411411940304,14.77825454041129,18.736337300958695,75.4245713490005,10.120629649733788,23.712199190085144
23.65889,0.01016,98.40009,Done,EntryTipCone,161.239,0.00511,4.67927,13.16209,13.16209,1.0,13.16209,4.67927,0.0,0.0,0.0,0.5969,1.0,6,6,1,0.70282,0.90712,0.04055,0.89913,0.56013,0.07313,0.82,0.7,0.06,0.9,0.56,0.06,-2.50858,-7.97595,13.47344,-76.13003,-3.3707,68.26772,double_rcm_log_20260616_135653_209.csv,98.40009,Unknown,Task4_EntryRCM_TipCone,0.0,4.678348350394831,13.151458128411967,13.162426078921493,4.6773927906379535,13.148163603859144,13.159433878400701,14.691836663997758,14.100464025760344,74.89945127785117,10.838121764673613,25.84572593909844
23.69003,0.01045,95.65907,Done,EntryTipCone,161.2376,0.00646,4.67998,13.16366,13.16366,1.0,13.16366,4.67998,0.0,0.0,0.0,0.5969,1.0,6,6,1,0.70341,0.90745,0.04059,0.89873,0.5599,0.0731,0.82,0.7,0.06,0.9,0.56,0.06,-2.49307,-7.54578,12.75512,-76.2058,-3.33356,68.12434,double_rcm_log_20260616_135653_209.csv,95.65907,Unknown,Task4_EntryRCM_TipCone,0.0,4.679780750141789,13.155475837332814,13.166453862507607,4.6782126623518705,13.150580039854345,13.16179698977309,14.766659014059723,15.101760528433335,48.47273752484812,11.663341216794258,29.957618716117096
23.73024,0.0104,96.14874,Done,EntryTipCone,161.2355,0.00827,4.68094,13.16544,13.16544,1.0,13.16544,4.68094,0.0,0.0,0.0,0.59691,1.0,6,6,1,0.70416,0.90789,0.04068,0.89822,0.55961,0.07304,0.82,0.7,0.06,0.9,0.56,0.06,-2.4764,-6.94066,11.73824,-76.29604,-3.26733,67.9052,double_rcm_log_20260616_135653_209.csv,96.14874,Unknown,Task4_EntryRCM_TipCone,0.0,4.6811746486762935,13.159385547092143,13.170373382055274,4.679969898278413,13.155440173321685,13.166704219355728,14.694123703125307,16.252736556502075,73.63490276729617,12.959995003993122,35.03399346715285
23.76102,0.01049,95.3625,Done,EntryTipCone,161.2332,0.01027,4.68187,13.16761,13.16761,1.0,13.16761,4.68187,0.0,0.0,0.0,0.59691,1.0,6,6,1,0.70473,0.90821,0.04077,0.89783,0.55939,0.07297,0.82,0.7,0.06,0.9,0.56,0.06,-2.46642,-6.4352,10.88352,-76.35985,-3.1998,67.7068,double_rcm_log_20260616_135653_209.csv,95.3625,Unknown,Task4_EntryRCM_TipCone,0.0,4.68205891952144,13.161865811357917,13.172859872548585,4.679194947070665,13.153049017681731,13.164417951432563,14.62335134919019,14.683022404306467,75.1083819569756,14.05256730273289,42.79773365305072
23.79387,0.01134,88.21748,Done,EntryTipCone,161.2289,0.01403,4.68387,13.17187,13.17187,1.0,13.17187,4.68387,0.0,0.0,0.0,0.59692,1.0,6,6,1,0.70532,0.90856,0.04089,0.89742,0.55916,0.07289,0.82,0.7,0.06,0.9,0.56,0.06,-2.45864,-5.85315,9.89382,-76.42374,-3.10871,67.46154,double_rcm_log_20260616_135653_209.csv,88.21748,Unknown,Task4_EntryRCM_TipCone,0.0,4.684143889424804,13.167713867301163,13.178722618252085,4.682103973636233,13.160957938013253,13.172475090126389,14.498306223099954,15.142082000114296,129.2696824236744,15.647853490535853,57.1765776277115
23.8341,0.01065,93.91546,Done,EntryTipCone,161.2231,0.01914,4.68588,13.17587,13.17587,1.0,13.17587,4.68588,0.0,0.0,0.0,0.59694,1.0,6,6,1,0.70604,0.90897,0.04107,0.89692,0.55889,0.07276,0.82,0.7,0.06,0.9,0.56,0.06,-2.45435,-5.04124,8.50317,-76.49809,-2.95486,67.08797,double_rcm_log_20260616_135653_209.csv,93.91546,Unknown,Task4_EntryRCM_TipCone,0.0,4.685485831343424,13.171477821961313,13.182496034546459,4.682591093414529,13.161215749314353,13.17331013830617,14.22300706462855,18.706050097118887,241.27986690310487,18.27906833857026,68.0084940715283
23.86432,0.00919,108.8424,Done,EntryTipCone,161.2158,0.02556,4.68822,13.18072,13.18072,1.0,13.18072,4.68822,0.0,0.0,0.0,0.59695,1.0,6,6,1,0.70656,0.90928,0.04122,0.89656,0.55869,0.07266,0.82,0.7,0.06,0.9,0.56,0.06,-2.45566,-4.34942,7.30983,-76.55456,-2.79784,66.74174,double_rcm_log_20260616_135653_209.csv,108.8424,Unknown,Task4_EntryRCM_TipCone,0.0,4.688558102042199,13.18009507352747,13.191134968182585,4.686549477356095,13.171984489233795,13.184282308870674,13.74208743948829,24.255598504456845,473.25393926244766,20.32298505619091,79.07436569392017
23.89521,0.01072,93.30575,Done,EntryTipCone,161.2011,0.03871,4.69306,13.19077,13.19077,1.0,13.19077,4.69306,0.0,0.0,0.0,0.59699,1.0,6,6,1,0.70704,0.90957,0.04136,0.89621,0.5585,0.07254,0.82,0.7,0.06,0.9,0.56,0.06,-2.4616,-3.57837,5.97168,-76.61822,-2.59083,66.32716,double_rcm_log_20260616_135653_209.csv,93.30575,Unknown,Task4_EntryRCM_TipCone,0.0,4.692533987019257,13.191246769314175,13.202314765337446,4.687210878319392,13.17313986284798,13.185814347244566,13.029345834989623,37.264589844692416,727.1171766013077,23.00253297811972,84.34246885120677
23.92558,0.00977,102.3755,Done,EntryTipCone,161.1788,0.05885,4.69974,13.2042,13.2042,1.0,13.2042,4.69974,0.0,0.0,0.0,0.59705,1.0,6,6,1,0.70747,0.90983,0.04149,0.89588,0.55834,0.07243,0.82,0.7,0.06,0.9,0.56,0.06,-2.47454,-2.71467,4.46196,-76.69779,-2.30623,65.82556,double_rcm_log_20260616_135653_209.csv,102.3755,Unknown,Task4_EntryRCM_TipCone,0.0,4.699425841806072,13.210577124696064,13.221693944878613,4.692500017023246,13.18603509545087,13.199806816768206,11.724867197282437,61.17968473199285,665.7390920718921,25.253637288699984,54.66634254388426
23.95652,0.01015,98.54432,Done,EntryTipCone,161.1377,0.09616,4.71131,13.22739,13.22739,1.0,13.22739,4.71131,0.0,0.0,0.0,0.59715,1.0,6,6,1,0.7078,0.91006,0.04157,0.89558,0.55822,0.07234,0.82,0.7,0.06,0.9,0.56,0.06,-2.49556,-1.80852,2.86695,-76.81258,-1.92122,65.26071,double_rcm_log_20260616_135653_209.csv,98.54432,Unknown,Task4_EntryRCM_TipCone,0.0,4.71170401148356,13.245014605677095,13.256218763668512,4.703057123113798,13.212160831830415,13.228015724212,9.659874139936312,76.47384505688387,74.0159306833698,25.199103336458172,98.95374811842498
23.98658,0.00997,100.2533,Done,EntryTipCone,161.0764,0.15253,4.72688,13.25801,13.25801,1.0,13.25801,4.72688,0.0,0.0,0.0,0.59731,1.0,6,6,1,0.70798,0.91023,0.04158,0.89534,0.55816,0.07227,0.82,0.7,0.06,0.9,0.56,0.06,-2.52511,-0.99813,1.42985,-76.98001,-1.4327,64.72446,double_rcm_log_20260616_135653_209.csv,100.2533,Unknown,Task4_EntryRCM_TipCone,0.0,4.725572177135112,13.28391093314883,13.2952142875256,4.712818666240022,13.234185860286825,13.253456153019117,7.615296821114905,62.36587487958027,725.9553625207677,20.951271651267774,217.25973553333424
24.01711,0.00969,103.1881,Done,EntryTipCone,160.9951,0.22718,4.74471,13.29165,13.29165,1.0,13.29165,4.74471,0.0,0.0,0.0,0.59751,1.0,6,6,1,0.70806,0.91036,0.04152,0.89514,0.55814,0.07223,0.82,0.7,0.06,0.9,0.56,0.06,-2.55872,-0.4565,0.46301,-77.19569,-0.89911,64.35795,double_rcm_log_20260616_135653_209.csv,103.1881,Unknown,Task4_EntryRCM_TipCone,0.0,4.745021543146762,13.33845965567691,13.349903111134395,4.726913803391921,13.267177602582318,13.291053381880616,6.530785595763636,33.67632924992891,814.9941348574574,13.375991499501103,249.7892148751299
24.04796,0.00854,117.0798,Done,EntryTipCone,160.9046,0.31014,4.76025,13.31809,13.31809,1.0,13.31809,4.76025,0.0,0.0,0.0,0.59774,1.0,6,6,1,0.70809,0.91047,0.04146,0.89495,0.55814,0.07218,0.82,0.7,0.06,0.9,0.56,0.06,-2.58805,-0.214,0.02856,-77.40568,-0.43946,64.20539,double_rcm_log_20260616_135653_209.csv,117.0798,Unknown,Task4_EntryRCM_TipCone,0.0,4.759668408437016,13.379538015972498,13.391087738748837,4.736407502389132,13.286135109724217,13.315949083711617,6.095616565589387,19.116371339570893,475.14947322863856,7.173267407691385,175.22054492424374
24.07839,0.00971,103.0302,Done,EntryTipCone,160.8126,0.39337,4.77089,13.33293,13.33293,1.0,13.33293,4.77089,0.0,0.0,0.0,0.59797,1.0,6,6,1,0.70809,0.91057,0.0414,0.89478,0.55815,0.07213,0.82,0.7,0.06,0.9,0.56,0.06,-2.60776,-0.14212,-0.09777,-77.55825,-0.13022,64.18089,double_rcm_log_20260616_135653_209.csv,103.0302,Unknown,Task4_EntryRCM_TipCone,0.0,4.77151764813208,13.412769561335333,13.424405733445061,4.743404390067703,13.298132951659046,13.33445911913941,5.835278889444462,18.4658306518928,229.9368671070594,3.751658664832708,94.78406432674481
24.10984,0.00926,108.0402,Done,EntryTipCone,160.7161,0.47989,4.77631,13.33414,13.33414,1.0,13.33414,4.77631,0.0,0.0,0.0,0.59821,1.0,6,6,1,0.70808,0.91067,0.04137,0.89461,0.55816,0.07206,0.82,0.7,0.06,0.9,0.56,0.06,-2.61843,-0.12491,-0.12185,-77.64556,0.03706,64.20086,double_rcm_log_20260616_135653_209.csv,108.0402,Unknown,Task4_EntryRCM_TipCone,0.0,4.776378915726724,13.426402965106618,13.438074728276428,4.74456821652745,13.293689711808627,13.337214851684752,5.849105638883251,19.365269856361994,69.72623621148699,1.778588322984394,49.23552549897649
24.1413,0.01053,94.94437,Done,EntryTipCone,160.6187,0.56644,4.77615,13.32175,13.32175,1.0,13.32175,4.77615,0.0,0.0,0.0,0.59846,1.0,6,6,1,0.70806,0.91077,0.04135,0.89445,0.55818,0.07197,0.82,0.7,0.06,0.9,0.56,0.06,-2.62331,-0.11651,-0.12735,-77.68229,0.10562,64.22905,double_rcm_log_20260616_135653_209.csv,94.94437,Unknown,Task4_EntryRCM_TipCone,0.0,4.7761806975372885,13.425847064948183,13.437517375476064,4.73801136267759,13.267215463459062,13.319001464073835,5.995487308931653,14.934888204283538,128.103975753997,0.7919529533607002,24.159015636580865
24.17229,0.01102,90.73806,Done,EntryTipCone,160.5223,0.65179,4.7704,13.29582,13.29582,1.0,13.29582,4.77036,0.0,0.0,0.0,0.5987,1.0,6,6,1,0.70802,0.91086,0.04136,0.89429,0.5582,0.07187,0.82,0.7,0.06,0.9,0.56,0.06,-2.62658,-0.10904,-0.13049,-77.69275,0.13165,64.25799,double_rcm_log_20260616_135653_209.csv,90.73806,Unknown,Task4_EntryRCM_TipCone,0.0,4.769593559244406,13.40737343576341,13.41899554093925,4.728901311714674,13.233586292228058,13.29439731616293,5.942185105969927,16.228408559681025,81.7282080955932,0.4706572565707966,11.299279200331679
24.21268,0.01045,95.69436,Done,EntryTipCone,160.3958,0.76282,4.75485,13.24266,13.24266,1.0,13.24266,4.75485,0.0,0.0,0.0,0.59901,1.0,6,6,1,0.70795,0.91098,0.04139,0.89411,0.55824,0.07173,0.82,0.7,0.06,0.9,0.56,0.06,-2.63119,-0.10306,-0.12802,-77.68542,0.14111,64.29857,double_rcm_log_20260616_135653_209.csv,95.69436,Unknown,Task4_EntryRCM_TipCone,0.0,4.754917849086537,13.366214770116763,13.37772995445159,4.7097824480323665,13.169622037681489,13.243209580762556,5.89925943150973,16.28762381838328,72.54633503445486,0.4448240048544012,4.707325012934236
24.24349,0.01032,96.90957,Done,EntryTipCone,160.299,0.84722,4.73681,13.18709,13.18709,1.0,13.18709,4.73681,0.0,0.0,0.0,0.59926,1.0,6,6,1,0.70789,0.91106,0.04144,0.89398,0.55827,0.0716,0.82,0.7,0.06,0.9,0.56,0.06,-2.63598,-0.09795,-0.12767,-77.66933,0.14286,64.32883,double_rcm_log_20260616_135653_209.csv,96.90957,Unknown,Task4_EntryRCM_TipCone,0.0,4.736281355795937,13.313946652873907,13.325327007188903,4.6873525990806835,13.09919762663114,13.183068686766383,5.981465930539431,12.942088565777183,56.719921811018324,0.4860028507953154,3.4096078249255957
24.2738,0.01012,98.77719,Done,EntryTipCone,160.2039,0.92997,4.71381,13.11959,13.11959,1.0,13.11959,4.71381,0.0,0.0,0.0,0.5995,1.0,6,6,1,0.70781,0.91113,0.0415,0.89386,0.5583,0.07147,0.82,0.7,0.06,0.9,0.56,0.06,-2.64214,-0.0935,-0.12702,-77.64727,0.14551,64.35856,double_rcm_log_20260616_135653_209.csv,98.77719,Unknown,Task4_EntryRCM_TipCone,0.0,4.714548425665133,13.25299245556197,13.26421691162981,4.6638731163370215,13.026308822473931,13.120613552726898,6.104367900411789,16.179974076384568,87.78318227597707,0.5394638859900608,3.3027721689129232
24.30493,0.01096,91.24791,Done,EntryTipCone,160.1058,1.01419,4.68513,13.03794,13.03794,1.0,13.03794,4.68513,0.0,0.0,0.0,0.59974,1.0,6,6,1,0.70772,0.9112,0.04159,0.89374,0.55834,0.07132,0.82,0.7,0.06,0.9,0.56,0.06,-2.64954,-0.08775,-0.12892,-77.61612,0.1441,64.38791,double_rcm_log_20260616_135653_209.csv,91.24791,Unknown,Task4_EntryRCM_TipCone,0.0,4.68562741953826,13.171874956124087,13.182894167321143,4.634057074141014,12.93502555675277,13.041687007438908,6.294417652752908,17.970681833784347,18.064041080703475,0.6084457383000001,2.974971184835804
24.34271,0.01001,99.94596,Done,EntryTipCone,159.9873,1.11601,4.64304,12.92159,12.92159,1.0,12.92159,4.64304,0.0,0.0,0.0,0.60004,1.0,6,6,1,0.70759,0.91128,0.04172,0.89362,0.55839,0.07112,0.82,0.7,0.06,0.9,0.56,0.06,-2.66053,-0.0831,-0.12815,-77.5698,0.1436,64.42451,double_rcm_log_20260616_135653_209.csv,99.94596,Unknown,Task4_EntryRCM_TipCone,0.0,4.6428123821961185,13.051781388791797,13.062501368278056,4.5886552181897615,12.799486768556863,12.920948107627428,6.56992262040886,16.108842536323685,58.10301321922313,0.6898000003217614,2.752344576902439
24.37274,0.01069,93.50284,Done,EntryTipCone,159.8932,1.1961,4.60424,12.81573,12.81573,1.0,12.81573,4.60424,0.0,0.0,0.0,0.60028,1.0,6,6,1,0.70748,0.91134,0.04184,0.89352,0.55844,0.07095,0.82,0.7,0.06,0.9,0.56,0.06,-2.67084,-0.08043,-0.12649,-77.52687,0.1449,64.4538,double_rcm_log_20260616_135653_209.csv,93.50284,Unknown,Task4_EntryRCM_TipCone,0.0,4.604866957773882,12.945340694549856,12.955800045021759,4.5498042212781185,12.683255163342812,12.818989819794716,6.835403428771245,15.735984098835774,84.17675612604206,0.7559518262318626,2.739650578326232
24.41115,0.00956,104.5859,Done,EntryTipCone,159.7732,1.29747,4.54765,12.66402,12.66402,1.0,12.66402,4.54765,0.0,0.0,0.0,0.60058,1.0,6,6,1,0.70732,0.91141,0.04202,0.89342,0.5585,0.07071,0.82,0.7,0.06,0.9,0.56,0.06,-2.68575,-0.07581,-0.12743,-77.46231,0.14499,64.48959,double_rcm_log_20260616_135653_209.csv,104.5859,Unknown,Task4_EntryRCM_TipCone,0.0,4.547265870874073,12.783753073736785,12.793824914602016,4.489334535404202,12.506004773092645,12.659008649969417,6.996267581444213,14.321857800793586,25.629103537386246,0.8404407748440055,2.815396440348754
24.45062,0.00982,101.8247,Done,EntryTipCone,159.6507,1.40028,4.4814,12.48885,12.48885,1.0,12.48885,4.4814,0.0,0.0,0.0,0.60089,1.0,6,6,1,0.70714,0.91147,0.04224,0.89332,0.55857,0.07046,0.82,0.7,0.06,0.9,0.56,0.06,-2.70359,-0.07326,-0.12587,-77.38806,0.15017,64.52695,double_rcm_log_20260616_135653_209.csv,101.8247,Unknown,Task4_EntryRCM_TipCone,0.0,4.4817120066616605,12.599839914359718,12.609482523070804,4.425896512785903,12.320030219743169,12.493154125360029,7.1859380133673385,16.161698011773506,86.85690055860685,0.9434554885665853,2.919252197251492
24.48975,0.00976,102.5115,Done,EntryTipCone,159.5309,1.50056,4.4078,12.29651,12.29651,1.0,12.29651,4.40776,0.0,0.0,0.0,0.60119,1.0,6,6,1,0.70694,0.91152,0.04248,0.89325,0.55864,0.07019,0.82,0.7,0.06,0.9,0.56,0.06,-2.72268,-0.06952,-0.12742,-77.30013,0.14586,64.56204,double_rcm_log_20260616_135653_209.csv,102.5115,Unknown,Task4_EntryRCM_TipCone,0.0,4.4079192813736565,12.392792683620584,12.40196690109573,4.351790745608603,12.105677371191808,12.298300695624604,7.768824940398894,16.506623597287582,97.65029717038794,1.0419566632587651,2.655958033913851
24.52145,0.01247,80.16605,Done,EntryTipCone,159.4339,1.58053,4.34267,12.1279,12.1279,1.0,12.1279,4.34267,0.0,0.0,0.0,0.60144,1.0,6,6,1,0.70676,0.91156,0.04269,0.89319,0.55871,0.06995,0.82,0.7,0.06,0.9,0.56,0.06,-2.73998,-0.069,-0.12522,-77.22446,0.14772,64.59152,double_rcm_log_20260616_135653_209.csv,80.16605,Unknown,Task4_EntryRCM_TipCone,0.0,4.342277305486732,12.208597494849569,12.217368018938675,4.285540052169761,11.91390357781774,12.12611644344552,8.064329333946613,13.770573125618617,136.06271871997214,1.11604980606094,2.645856874046812
24.5518,0.0113,88.52311,Done,EntryTipCone,159.3425,1.65587,4.27553,11.95529,11.95529,1.0,11.95529,4.27549,0.0,0.0,0.0,0.60167,1.0,6,6,1,0.70659,0.91158,0.04291,0.89315,0.55878,0.06972,0.82,0.7,0.06,0.9,0.56,0.06,-2.75759,-0.06807,-0.12461,-77.14444,0.14631,64.61864,double_rcm_log_20260616_135653_209.csv,88.52311,Unknown,Task4_EntryRCM_TipCone,0.0,4.275640274116515,12.0215937332889,12.029966733604468,4.21907248218249,11.72249966779862,11.953631247449472,8.160243170866636,14.083981139822646,71.36849178520893,1.1877386375843804,2.6670865853440886
24.59084,0.00994,100.6014,Done,EntryTipCone,159.2264,1.75109,4.18273,11.71846,11.71846,1.0,11.71846,4.18273,0.0,0.0,0.0,0.60196,1.0,6,6,1,0.70634,0.91161,0.04322,0.89311,0.55887,0.06941,0.82,0.7,0.06,0.9,0.56,0.06,-2.7822,-0.06525,-0.12794,-77.03489,0.14828,64.6511,double_rcm_log_20260616_135653_209.csv,100.6014,Unknown,Task4_EntryRCM_TipCone,0.0,4.182212636376537,11.759380063934582,11.767216209477306,4.127855679925026,11.461097410202703,11.717384520446577,8.524352280421276,12.872965776050947,45.59462737061709,1.2841645592162592,2.767024922666726
24.62085,0.01051,95.13889,Done,EntryTipCone,159.1389,1.82277,4.10647,11.52544,11.52544,1.0,11.52544,4.10647,0.0,0.0,0.0,0.60218,1.0,6,6,1,0.70614,0.91163,0.04347,0.89309,0.55894,0.06916,0.82,0.7,0.06,0.9,0.56,0.06,-2.8021,-0.06729,-0.12384,-76.94299,0.14569,64.67828,double_rcm_log_20260616_135653_209.csv,95.13889,Unknown,Task4_EntryRCM_TipCone,0.0,4.106219064842647,11.546073689897241,11.553490475371094,4.052680578143364,11.246658375508021,11.522903279989803,8.663940796432957,13.060752544476896,101.96293847472474,1.362137050794229,2.391541003294938
24.65087,0.00848,117.8767,Done,EntryTipCone,159.0521,1.89316,4.02623,11.32313,11.32313,1.0,11.32313,4.02623,0.0,0.0,0.0,0.6024,1.0,6,6,1,0.70594,0.91164,0.04374,0.89308,0.55901,0.06891,0.82,0.7,0.06,0.9,0.56,0.06,-2.82305,-0.06563,-0.12697,-76.8456,0.14295,64.70198,double_rcm_log_20260616_135653_209.csv,117.8767,Unknown,Task4_EntryRCM_TipCone,0.0,4.026857011718466,11.323290648023812,11.330285738489636,3.976008724734436,11.028624644009891,11.324954746046478,8.948283575548569,14.915833553142102,50.11671715669799,1.412759777800712,2.251876819820146
24.69114,0.01152,86.77238,Done,EntryTipCone,158.9378,1.98497,3.91196,11.03732,11.03732,1.0,11.03732,3.91191,0.0,0.0,0.0,0.60269,1.0,6,6,1,0.70565,0.91164,0.04412,0.89308,0.55912,0.06855,0.82,0.7,0.06,0.9,0.56,0.06,-2.8536,-0.0692,-0.12256,-76.71124,0.14899,64.73646,double_rcm_log_20260616_135653_209.csv,86.77238,Unknown,Task4_EntryRCM_TipCone,0.0,3.912198434946598,11.001385890474369,11.00780042078242,3.8627091123639143,10.706938153150302,11.034640909427036,9.475329819598356,11.760126599887048,88.79951650352578,1.4877538815126736,2.3314049601416325
24.73036,0.01027,97.34025,Done,EntryTipCone,158.8296,2.07178,3.79426,10.74523,10.74523,1.0,10.74523,3.79426,0.0,0.0,0.0,0.60296,1.0,6,6,1,0.70535,0.91163,0.04452,0.89309,0.55923,0.06819,0.82,0.7,0.06,0.9,0.56,0.06,-2.88471,-0.06922,-0.12564,-76.57025,0.15089,64.76586,double_rcm_log_20260616_135653_209.csv,97.34025,Unknown,Task4_EntryRCM_TipCone,0.0,3.793556486444857,10.668251425112969,10.674099992005186,3.7482121597357416,10.382714184939978,10.743235080738005,9.627904537447943,12.12096414371789,80.24872354451934,1.585542522118908,2.3381091793898516
24.76159,0.01058,94.5444,Done,EntryTipCone,158.746,2.13903,3.69586,10.50269,10.50269,1.0,10.50269,3.69586,0.0,0.0,0.0,0.60317,1.0,6,6,1,0.7051,0.91162,0.04485,0.89311,0.55931,0.0679,0.82,0.7,0.06,0.9,0.56,0.06,-2.91048,-0.07166,-0.12478,-76.4509,0.14941,64.78983,double_rcm_log_20260616_135653_209.csv,94.5444,Unknown,Task4_EntryRCM_TipCone,0.0,3.6959332282487627,10.39410092557919,10.399509567019965,3.654916797963058,10.119767479846319,10.505151117428108,9.895885145920667,14.967384124816821,94.77403407564819,1.6468453968117145,2.074854234279937
24.79874,0.00846,118.1429,Done,EntryTipCone,158.6478,2.21662,3.57358,10.20369,10.20369,1.0,10.20369,3.57358,0.0,0.0,0.0,0.60342,1.0,6,6,1,0.70479,0.9116,0.04526,0.89315,0.55942,0.06754,0.82,0.7,0.06,0.9,0.56,0.06,-2.94296,-0.07569,-0.12302,-76.30515,0.15398,64.81794,double_rcm_log_20260616_135653_209.csv,118.1429,Unknown,Task4_EntryRCM_TipCone,0.0,3.5733834361523593,10.049907871248756,10.054796218712434,3.535700880165047,9.78415272853941,10.203455297104036,10.339940822824415,13.490023718806887,62.35859504892665,1.715330971332695,2.171517545246316
24.84006,0.01157,86.40589,Done,EntryTipCone,158.5426,2.29956,3.43137,9.85883,9.85883,1.0,9.85883,3.43137,0.0,0.0,0.0,0.60368,1.0,6,6,1,0.70444,0.91156,0.04574,0.89321,0.55955,0.06713,0.82,0.7,0.06,0.9,0.56,0.06,-2.98032,-0.07967,-0.12337,-76.13291,0.15413,64.84689,double_rcm_log_20260616_135653_209.csv,86.40589,Unknown,Task4_EntryRCM_TipCone,0.0,3.4309331829474696,9.649764753922142,9.654091568051037,3.3973513460679756,9.3954550387204,9.856140218158476,10.666965276750075,10.18329553914451,41.35937241112534,1.8085511695699148,2.1304658775698044
24.88119,0.01229,81.34262,Done,EntryTipCone,158.4413,2.37873,3.28342,9.50391,9.50391,1.0,9.50391,3.28342,0.0,0.0,0.0,0.60394,1.0,6,6,1,0.70407,0.91151,0.04624,0.89328,0.55968,0.06671,0.82,0.7,0.06,0.9,0.56,0.06,-3.01905,-0.08574,-0.12148,-75.95275,0.15265,64.8754,double_rcm_log_20260616_135653_209.csv,81.34262,Unknown,Task4_EntryRCM_TipCone,0.0,3.282605408174953,9.233048309311275,9.236837929927093,3.2551606443447407,8.996913060343855,9.501836664561278,10.914502701985548,10.607996907331003,19.128075965208954,1.8797276452867935,1.905357351297043
24.91814,0.01007,99.34887,Done,EntryTipCone,158.3551,2.447,3.14591,9.17682,9.17682,1.0,9.17682,3.14591,0.0,0.0,0.0,0.60416,1.0,6,6,1,0.70373,0.91145,0.0467,0.89336,0.5598,0.06633,0.82,0.7,0.06,0.9,0.56,0.06,-3.0552,-0.09147,-0.12088,-75.78596,0.15383,64.89915,double_rcm_log_20260616_135653_209.csv,99.34887,Unknown,Task4_EntryRCM_TipCone,0.0,3.1457002726193566,8.848367987333852,8.851703011531134,3.123586635507279,8.62900020949037,9.175974062735781,11.221091797518644,10.939270718791414,69.08427444629048,1.9444546886015504,1.9029855627323677
24.94844,0.00999,100.0583,Done,EntryTipCone,158.2856,2.50046,3.02925,8.90248,8.90248,1.0,8.90248,3.02925,0.0,0.0,0.0,0.60433,1.0,6,6,1,0.70345,0.9114,0.04709,0.89343,0.55991,0.06601,0.82,0.7,0.06,0.9,0.56,0.06,-3.08575,-0.09531,-0.12274,-75.6436,0.15338,64.91695,double_rcm_log_20260616_135653_209.csv,100.0583,Unknown,Task4_EntryRCM_TipCone,0.0,3.0300858855836834,8.523471640788378,8.526452336814302,3.011986173151325,8.31692343265323,8.904667315514994,11.483679010105336,10.78622502927274,36.52766179358161,1.9956709063290763,1.8502976455811013
24.98832,0.01125,88.90519,Done,EntryTipCone,158.1985,2.56778,2.8716,8.53611,8.53611,1.0,8.53611,2.8716,0.0,0.0,0.0,0.60456,1.0,6,6,1,0.70306,0.91132,0.04762,0.89354,0.56004,0.06558,0.82,0.7,0.06,0.9,0.56,0.06,-3.1272,-0.10242,-0.12306,-75.45217,0.15553,64.9399,double_rcm_log_20260616_135653_209.csv,88.90519,Unknown,Task4_EntryRCM_TipCone,0.0,2.8723502267343037,8.080151548099973,8.082690606844345,2.8614696338436154,7.897681840992266,8.536369251619819,11.737466691905624,12.104812051853072,63.585834213302206,2.0676079579955022,2.320178215184294
25.01865,0.00957,104.5291,Done,EntryTipCone,158.1361,2.61638,2.74873,8.25334,8.25334,1.0,8.25334,2.74873,0.0,0.0,0.0,0.60471,1.0,6,6,1,0.70276,0.91125,0.04804,0.89363,0.56015,0.06525,0.82,0.7,0.06,0.9,0.56,0.06,-3.15908,-0.10885,-0.12238,-75.30023,0.15154,64.95667,double_rcm_log_20260616_135653_209.csv,104.5291,Unknown,Task4_EntryRCM_TipCone,0.0,2.7487720020917408,7.732788842500783,7.735014111261583,2.7444971358088286,7.571893981134336,8.256022044544205,12.013626401553013,10.822966183069886,106.66236352310072,2.131226294850505,1.6221173695595947
25.05031,0.01038,96.31706,Done,EntryTipCone,158.0733,2.66495,2.61756,7.95614,7.95614,1.0,7.95614,2.61756,0.0,0.0,0.0,0.60487,1.0,6,6,1,0.70244,0.91117,0.04848,0.89374,0.56027,0.0649,0.82,0.7,0.06,0.9,0.56,0.06,-3.193,-0.11544,-0.12277,-75.13727,0.14595,64.9729,double_rcm_log_20260616_135653_209.csv,96.31706,Unknown,Task4_EntryRCM_TipCone,0.0,2.6172496883613334,7.363056832866292,7.364977745536795,2.6175716599395282,7.218946865447504,7.954275579837586,12.082910042149022,9.223042744275359,69.98082111195582,2.1338254968383437,2.600581377031989
25.08153,0.01019,98.14974,Done,EntryTipCone,158.0134,2.71009,2.48554,7.6612,7.6612,1.0,7.6612,2.48554,0.0,0.0,0.0,0.60503,1.0,6,6,1,0.70212,0.91109,0.04893,0.89385,0.56038,0.06456,0.82,0.7,0.06,0.9,0.56,0.06,-3.22853,-0.12469,-0.11996,-74.98109,0.15905,64.98925,double_rcm_log_20260616_135653_209.csv,98.14974,Unknown,Task4_EntryRCM_TipCone,0.0,2.486028904438544,6.994133809397962,6.995780060994853,2.4953090360408385,6.8795403468993195,7.665539772253477,12.271334929770823,12.267240974520844,115.19874796038218,2.1629037585734197,2.4461537674051486
25.11155,0.00963,103.7923,Done,EntryTipCone,157.9593,2.75162,2.35626,7.37681,7.37681,1.0,7.37681,2.35618,0.0,0.0,0.0,0.60516,1.0,6,6,1,0.70181,0.911,0.04936,0.89397,0.56049,0.06422,0.82,0.7,0.06,0.9,0.56,0.06,-3.26245,-0.13195,-0.12065,-74.8228,0.16042,65.00265,double_rcm_log_20260616_135653_209.csv,103.7923,Unknown,Task4_EntryRCM_TipCone,0.0,2.357195489397242,6.631887095162097,6.633290456964228,2.3717519352767753,6.537005312950136,7.376272771528976,12.667897951988802,9.72807854894044,160.40893979428878,2.2432645416101824,3.5654646361535245
25.14223,0.01007,99.25893,Done,EntryTipCone,157.907,2.79136,2.2222,7.08768,7.08768,1.0,7.08768,2.2222,0.0,0.0,0.0,0.60529,1.0,6,6,1,0.70148,0.9109,0.04982,0.8941,0.56061,0.06387,0.82,0.7,0.06,0.9,0.56,0.06,-3.29718,-0.13898,-0.12271,-74.65593,0.15607,65.01485,double_rcm_log_20260616_135653_209.csv,99.25893,Unknown,Task4_EntryRCM_TipCone,0.0,2.2210930322437528,6.249165302937521,6.250339357413654,2.243415814702012,6.181359198304339,7.082301885686614,12.637473298357468,5.551277564147293,91.8212570843837,2.297002220952719,1.3406458260635277
25.17291,0.01026,97.4303,Done,EntryTipCone,157.8567,2.82887,2.08629,6.80077,6.80077,1.0,6.80077,2.08629,0.0,0.0,0.0,0.60542,1.0,6,6,1,0.70116,0.9108,0.05028,0.89423,0.56073,0.06353,0.82,0.7,0.06,0.9,0.56,0.06,-3.33246,-0.14727,-0.12334,-74.48608,0.15139,65.02686,double_rcm_log_20260616_135653_209.csv,97.4303,Unknown,Task4_EntryRCM_TipCone,0.0,2.08696535094596,5.871962096231364,5.87293605033855,2.1187864812289554,5.836172876650824,6.803432956971098,12.715299035634068,9.244468122844005,96.04253903201294,2.3185587863058443,1.54213316580485
25.21376,0.01086,92.08735,Done,EntryTipCone,157.7969,2.87501,1.9031,6.42415,6.42415,1.0,6.42415,1.9031,0.0,0.0,0.0,0.60557,1.0,6,6,1,0.70071,0.91064,0.0509,0.89442,0.56089,0.06306,0.82,0.7,0.06,0.9,0.56,0.06,-3.38057,-0.15896,-0.12498,-74.25961,0.15273,65.0406,double_rcm_log_20260616_135653_209.csv,92.08735,Unknown,Task4_EntryRCM_TipCone,0.0,1.9025529182917826,5.353292494823415,5.3540304145096576,1.947364483084331,5.3620948833885915,6.425892934059847,12.934129240353426,9.860282393521684,95.00174900803871,2.3369898311519126,1.2170541839222395
25.24438,0.01073,93.22673,Done,EntryTipCone,157.7545,2.90648,1.76381,6.14826,6.14826,1.0,6.14826,1.7637,0.0,0.0,0.0,0.60568,1.0,6,6,1,0.70038,0.91052,0.05137,0.89458,0.56101,0.06272,0.82,0.7,0.06,0.9,0.56,0.06,-3.41746,-0.17043,-0.12253,-74.08808,0.1566,65.05145,double_rcm_log_20260616_135653_209.csv,93.22673,Unknown,Task4_EntryRCM_TipCone,0.0,1.7650494868322244,4.966520522310465,4.967109737167908,1.819087676344918,5.007849223584291,6.14775568805395,13.078124770424415,8.042926795697968,43.916666091837385,2.374998043797673,1.4254612941716045
25.27562,0.01012,98.76903,Done,EntryTipCone,157.7144,2.93604,1.62064,5.87516,5.87516,1.0,5.87516,1.62064,0.0,0.0,0.0,0.60578,1.0,6,6,1,0.70003,0.91039,0.05186,0.89474,0.56114,0.06236,0.82,0.7,0.06,0.9,0.56,0.06,-3.45506,-0.18184,-0.1212,-73.90882,0.15543,65.06104,double_rcm_log_20260616_135653_209.csv,98.76903,Unknown,Task4_EntryRCM_TipCone,0.0,1.6212146930216067,4.561909013085961,4.56236560545706,1.6878954645016662,4.645480185497165,5.876801851347404,13.364097125420646,7.511753666248504,105.63010523345788,2.408005612656265,1.2593238154970796
25.30769,0.01054,94.86663,Done,EntryTipCone,157.6774,2.96361,1.47313,5.60564,5.60564,1.0,5.60564,1.47313,0.0,0.0,0.0,0.60588,1.0,6,6,1,0.69967,0.91025,0.05237,0.89492,0.56127,0.06199,0.82,0.7,0.06,0.9,0.56,0.06,-3.49412,-0.19279,-0.12227,-73.72367,0.15633,65.06866,double_rcm_log_20260616_135653_209.csv,94.86663,Unknown,Task4_EntryRCM_TipCone,0.0,1.4723512899314053,4.143121634569314,4.1434636495975825,1.5526188151526814,4.272338397717953,5.601731875054333,13.373394895567715,7.992725273686095,46.97372043190229,2.4236745020285326,1.1737107666497697
25.3379,0.01038,96.29714,Done,EntryTipCone,157.6471,2.98727,1.33369,5.36321,5.36321,1.0,5.36321,1.33369,0.0,0.0,0.0,0.60595,1.0,6,6,1,0.69934,0.91011,0.05285,0.89509,0.5614,0.06165,0.82,0.7,0.06,0.9,0.56,0.06,-3.53141,-0.20382,-0.12317,-73.54808,0.15923,65.07471,double_rcm_log_20260616_135653_209.csv,96.29714,Unknown,Task4_EntryRCM_TipCone,0.0,1.3342155314538,3.7544885376383723,3.7547430401344335,1.4290593563942342,3.931481224091575,5.365687281234306,13.467902060064146,8.424471329859848,34.51504894097359,2.4401318661707405,1.2934309092275764
25.37075,0.01117,89.55662,Done,EntryTipCone,157.6171,3.00991,1.1825,5.1167,5.1167,1.0,5.1167,1.1825,0.0,0.0,0.0,0.60603,1.0,6,6,1,0.69896,0.90995,0.05338,0.89529,0.56153,0.06127,0.82,0.7,0.06,0.9,0.56,0.06,-3.57237,-0.21978,-0.11808,-73.35621,0.16383,65.08276,double_rcm_log_20260616_135653_209.csv,89.55662,Unknown,Task4_EntryRCM_TipCone,0.0,1.1814624609563789,3.3247055717987517,3.324882288269939,1.2957409729430933,3.564269263764393,5.112523838575199,13.678526790604588,7.447492068852418,88.34941907642965,2.480338625164107,1.376413093106025
25.40936,0.00923,108.3964,Done,EntryTipCone,157.5849,3.03257,1.00678,4.85676,4.85676,1.0,4.85676,1.00658,0.0,0.0,0.0,0.60611,1.0,6,6,1,0.69853,0.90975,0.054,0.89553,0.5617,0.06083,0.82,0.7,0.06,0.9,0.56,0.06,-3.61994,-0.23476,-0.11924,-73.1234,0.15742,65.08805,double_rcm_log_20260616_135653_209.csv,108.3964,Unknown,Task4_EntryRCM_TipCone,0.0,1.0061110424321782,2.8313114004131634,2.8314205339331813,1.1450127731156572,3.148964665019057,4.85384383761978,13.66484524556251,7.128026628463178,49.283301464767426,2.4983644377133833,0.7958749945591294
25.44043,0.0101,98.9611,Done,EntryTipCone,157.5643,3.04781,0.86886,4.67309,4.67309,1.0,4.67309,0.86886,0.0,0.0,0.0,0.60616,1.0,6,6,1,0.69817,0.90959,0.0545,0.89573,0.56183,0.06048,0.82,0.7,0.06,0.9,0.56,0.06,-3.65896,-0.24825,-0.11909,-72.93906,0.16134,65.09133,double_rcm_log_20260616_135653_209.csv,98.9611,Unknown,Task4_EntryRCM_TipCone,0.0,0.8686615247602031,2.4445447384262744,2.444614976778419,1.0328985758589513,2.8403166129039907,4.6703533056932605,13.606224870753685,7.097374915603927,58.29044848812757,2.5017706815596505,0.7386257859475298
25.48107,0.01075,93.02228,Done,EntryTipCone,157.5429,3.06359,0.69689,4.47381,4.47381,1.0,4.47381,0.69689,0.0,0.0,0.0,0.60622,1.0,6,6,1,0.69771,0.90936,0.05516,0.896,0.562,0.06003,0.82,0.7,0.06,0.9,0.56,0.06,-3.70984,-0.26729,-0.11747,-72.6935,0.16058,65.09459,double_rcm_log_20260616_135653_209.csv,93.02228,Unknown,Task4_EntryRCM_TipCone,0.0,0.6980395347761242,1.9644153468812444,1.9644517941377493,0.9022871231341275,2.480876085951528,4.472236576926587,13.69031272967858,6.933436302329152,36.27788032867363,2.519106985232717,0.8786041080850862
25.51157,0.00952,105.0277,Done,EntryTipCone,157.5308,3.07241,0.58013,4.35988,4.35988,1.0,4.35988,0.58013,0.0,0.0,0.0,0.60625,1.0,6,6,1,0.69736,0.90918,0.05566,0.89621,0.56213,0.05969,0.82,0.7,0.06,0.9,0.56,0.06,-3.74829,-0.28077,-0.11873,-72.5102,0.16384,65.09476,double_rcm_log_20260616_135653_209.csv,105.0277,Unknown,Task4_EntryRCM_TipCone,0.0,0.5810947488178827,1.6353230082823518,1.6353440347765118,0.8202928672537445,2.2552727960527776,4.358566278032306,13.839532573092601,6.532875184687454,59.31311204497844,2.519989331802972,0.5463782047303531
25.5439,0.01024,97.60875,Done,EntryTipCone,157.5219,3.07879,0.47847,4.27573,4.27573,1.0,4.27573,0.47847,0.0,0.0,0.0,0.60627,1.0,6,6,1,0.697,0.90899,0.05619,0.89644,0.56227,0.05933,0.82,0.7,0.06,0.9,0.56,0.06,-3.78899,-0.29505,-0.12088,-72.31485,0.16627,65.09344,double_rcm_log_20260616_135653_209.csv,97.60875,Unknown,Task4_EntryRCM_TipCone,0.0,0.478555868842622,1.3467644334836817,1.3467761777220983,0.7550617228021282,2.075809758587283,4.274973684129532,13.890928099026496,6.533160541895084,75.70445140038335,2.5317225632196254,1.0173538933807778
25.58381,0.0101,98.97511,Done,EntryTipCone,157.516,3.08246,0.41069,4.22768,4.22768,1.0,4.22768,0.41069,0.0,0.0,0.0,0.60628,1.0,6,6,1,0.69654,0.90874,0.05684,0.89673,0.56244,0.05889,0.82,0.7,0.06,0.9,0.56,0.06,-3.83924,-0.31787,-0.11539,-72.07291,0.16854,65.09367,double_rcm_log_20260616_135653_209.csv,98.97511,Unknown,Task4_EntryRCM_TipCone,0.0,0.410304402583187,1.1546929297861284,1.1547003317323379,0.7169145233038214,1.9708779769432614,4.228309354813097,13.83178261502049,7.425209098062905,30.73222739449126,2.5564957969686386,1.0330478744806626
25.61444,0.00944,105.9392,Done,EntryTipCone,157.5164,3.08213,0.41965,4.23308,4.23308,1.0,4.23308,0.41965,0.0,0.0,0.0,0.60628,1.0,6,6,1,0.6962,0.90854,0.05734,0.89696,0.56257,0.05856,0.82,0.7,0.06,0.9,0.56,0.06,-3.87715,-0.32976,-0.12169,-71.88423,0.16404,65.08817,double_rcm_log_20260616_135653_209.csv,105.9392,Unknown,Task4_EntryRCM_TipCone,0.0,0.41909190432935317,1.179422586618775,1.1794304744069946,0.7215790819907139,1.9837183422901998,4.233213909076655,13.80187225569354,8.121212073024237,46.03123626333679,2.55411209913239,0.7723215530490453
25.64721,0.01098,91.05709,Done,EntryTipCone,157.5196,3.07881,0.48658,4.28157,4.28157,1.0,4.28157,0.48658,0.0,0.0,0.0,0.60628,1.0,6,6,1,0.69583,0.90832,0.05787,0.89721,0.56271,0.05821,0.82,0.7,0.06,0.9,0.56,0.06,-3.91815,-0.3478,-0.11998,-71.68568,0.16612,65.08474,double_rcm_log_20260616_135653_209.csv,91.05709,Unknown,Task4_EntryRCM_TipCone,0.0,0.4860600943657652,1.3678825183722323,1.3678948238005117,0.760030072814015,2.089470304609825,4.28162352385171,13.83894255269824,8.203347324017242,51.138495824095344,2.543685045688199,1.2549593393385587
25.67966,0.01087,91.98177,Done,EntryTipCone,157.5272,3.07267,0.59116,4.36982,4.36982,1.0,4.36982,0.59116,0.0,0.0,0.0,0.60626,1.0,6,6,1,0.69547,0.9081,0.05839,0.89747,0.56285,0.05787,0.82,0.7,0.06,0.9,0.56,0.06,-3.95826,-0.36458,-0.12075,-71.48768,0.16431,65.07915,double_rcm_log_20260616_135653_209.csv,91.98177,Unknown,Task4_EntryRCM_TipCone,0.0,0.5910194867420305,1.6632523287408871,1.6632744510935655,0.8253727665389907,2.269241147303545,4.365810348606503,13.792110769226682,4.83150846635598,107.61515183618985,2.528053169813519,0.9447282447256917
25.71275,0.01166,85.74272,Done,EntryTipCone,157.5403,3.06318,0.71982,4.49732,4.49732,1.0,4.49732,0.71982,0.0,0.0,0.0,0.60622,1.0,6,6,1,0.6951,0.90787,0.05892,0.89773,0.563,0.05753,0.82,0.7,0.06,0.9,0.56,0.06,-3.99941,-0.38474,-0.11731,-71.29002,0.17007,65.07376,double_rcm_log_20260616_135653_209.csv,85.74272,Unknown,Task4_EntryRCM_TipCone,0.0,0.7197708709078872,2.025568270619631,2.0256082289492268,0.9153660341973849,2.5166846323013092,4.500422202416049,13.845596171058023,7.950792537107787,98.64255803306978,2.5159505532574187,1.3484712988325265
25.7442,0.01056,94.70581,Done,EntryTipCone,157.5542,3.05127,0.85318,4.65394,4.65394,1.0,4.65394,0.85318,0.0,0.0,0.0,0.60619,1.0,6,6,1,0.69476,0.90765,0.05942,0.89799,0.56313,0.0572,0.82,0.7,0.06,0.9,0.56,0.06,-4.03807,-0.3999,-0.12134,-71.10004,0.17103,65.06484,double_rcm_log_20260616_135653_209.csv,94.70581,Unknown,Task4_EntryRCM_TipCone,0.0,0.8526920988254026,2.3996077106850553,2.3996741460753754,1.0206854169523656,2.806592513789907,4.655856526999091,13.811886820165341,9.556214835358732,143.39656067107973,2.5301346641539295,1.0908362249807069
25.77756,0.00966,103.4968,Done,EntryTipCone,157.5754,3.0355,1.00112,4.84799,4.84799,1.0,4.84799,1.00112,0.0,0.0,0.0,0.60614,1.0,6,6,1,0.69439,0.9074,0.05995,0.89827,0.56327,0.05687,0.82,0.7,0.06,0.9,0.56,0.06,-4.07813,-0.41817,-0.12217,-70.89802,0.16634,65.05533,double_rcm_log_20260616_135653_209.csv,103.4968,Unknown,Task4_EntryRCM_TipCone,0.0,1.0020951848563022,2.820011473115895,2.8201193050547593,1.138985917764856,3.1323115082340367,4.845895170141427,13.516418494008313,8.282068560201093,97.76151977786324,2.5091200319342777,1.8201532584290345
25.8095,0.00897,111.4434,Done,EntryTipCone,157.5983,3.01761,1.1462,5.06111,5.06111,1.0,5.06111,1.1462,0.0,0.0,0.0,0.60608,1.0,6,6,1,0.69405,0.90717,0.06045,0.89853,0.56341,0.05656,0.82,0.7,0.06,0.9,0.56,0.06,-4.11668,-0.43886,-0.11811,-70.70866,0.16853,65.04723,double_rcm_log_20260616_135653_209.csv,111.4434,Unknown,Task4_EntryRCM_TipCone,0.0,1.1453825620819111,3.223188330669751,3.2233493468962715,1.2598645767046273,3.4650041625016588,5.061877122175065,13.543988518848687,7.022760069208391,106.35485737796125,2.4672816826574584,1.6730000947115014
25.84265,0.01214,82.38766,Done,EntryTipCone,157.6273,2.99589,1.2983,5.30346,5.30346,1.0,5.30346,1.2983,0.0,0.0,0.0,0.606,1.0,6,6,1,0.6937,0.90692,0.06096,0.89882,0.56355,0.05624,0.82,0.7,0.06,0.9,0.56,0.06,-4.15654,-0.4571,-0.1205,-70.51529,0.17537,65.03472,double_rcm_log_20260616_135653_209.csv,82.38766,Unknown,Task4_EntryRCM_TipCone,0.0,1.2980367652571754,3.6526989868944613,3.6529333427664032,1.3928755419045056,3.8315042235895422,5.304007918546102,13.555528318791795,8.183121966226594,103.87892146600133,2.4441318434746835,1.3059645459125362
25.87424,0.01084,92.26394,Done,EntryTipCone,157.6573,2.97234,1.44388,5.55273,5.55273,1.0,5.55273,1.44388,0.0,0.0,0.0,0.60593,1.0,6,6,1,0.69337,0.90667,0.06144,0.89909,0.56368,0.05594,0.82,0.7,0.06,0.9,0.56,0.06,-4.19375,-0.47744,-0.11753,-70.33157,0.17797,65.02414,double_rcm_log_20260616_135653_209.csv,92.26394,Unknown,Task4_EntryRCM_TipCone,0.0,1.4436789522605165,4.062456379940235,4.062778801022829,1.5229445456188748,4.19001835868933,5.5546467034366325,13.321404119764347,8.606414188299121,85.40079910424481,2.452447012003259,2.070113304602355
25.9073,0.01173,85.28187,Done,EntryTipCone,157.6936,2.94475,1.59606,5.82817,5.82817,1.0,5.82817,1.59606,0.0,0.0,0.0,0.60583,1.0,6,6,1,0.69303,0.90642,0.06194,0.89938,0.56381,0.05564,0.82,0.7,0.06,0.9,0.56,0.06,-4.23162,-0.49585,-0.11964,-70.13697,0.17227,65.00971,double_rcm_log_20260616_135653_209.csv,85.28187,Unknown,Task4_EntryRCM_TipCone,0.0,1.5949806893311613,4.488108813496239,4.488543597986898,1.6587689717754666,4.564805160556793,5.823237930910937,13.199961984163345,5.5335130367358,47.28939489034892,2.446958723117391,1.545501677861839
25.93841,0.00953,104.9587,Done,EntryTipCone,157.7312,2.91606,1.73855,6.09819,6.09819,1.0,6.09819,1.73855,0.0,0.0,0.0,0.60574,1.0,6,6,1,0.69271,0.90617,0.0624,0.89965,0.56394,0.05536,0.82,0.7,0.06,0.9,0.56,0.06,-4.26674,-0.51339,-0.12156,-69.95674,0.16818,64.99512,double_rcm_log_20260616_135653_209.csv,104.9587,Unknown,Task4_EntryRCM_TipCone,0.0,1.7380893472160537,4.890683162578469,4.891245788975688,1.7893160190847108,4.924944513549178,6.097187876390196,13.20495907075802,7.066883378715795,115.6717037188733,2.382710417010342,2.5732237184021343
25.97093,0.01121,89.18748,Done,EntryTipCone,157.774,2.88344,1.88668,6.39016,6.39016,1.0,6.39016,1.88668,0.0,0.0,0.0,0.60563,1.0,6,6,1,0.69239,0.90592,0.06288,0.89994,0.56407,0.05507,0.82,0.7,0.06,0.9,0.56,0.06,-4.30389,-0.53651,-0.11617,-69.77642,0.17712,64.98181,double_rcm_log_20260616_135653_209.csv,89.18748,Unknown,Task4_EntryRCM_TipCone,0.0,1.88616082393817,5.307186110258189,5.307905121258455,1.928002120194552,5.307988319504819,6.393230795145692,13.046391641640184,11.64841652648463,48.88447253333252,2.345682898194574,1.398868347021089
26.0044,0.01106,90.4336,Done,EntryTipCone,157.8215,2.84674,2.0374,6.69763,6.69763,1.0,6.69763,2.0374,0.0,0.0,0.0,0.60551,1.0,6,6,1,0.69206,0.90565,0.06336,0.90024,0.5642,0.05479,0.82,0.7,0.06,0.9,0.56,0.06,-4.3407,-0.55398,-0.12143,-69.58855,0.17615,64.96272,double_rcm_log_20260616_135653_209.csv,90.4336,Unknown,Task4_EntryRCM_TipCone,0.0,2.036927184170492,5.7312329263293185,5.732138494180587,2.0668731486561867,5.691933428444695,6.696394552294529,12.802796368287918,9.5279908431535,86.42386868375115,2.3385003778019207,1.4810331710796036
26.03873,0.01292,77.40237,Done,EntryTipCone,157.8748,2.80602,2.18973,7.01662,7.01662,1.0,7.01662,2.18973,0.0,0.0,0.0,0.60537,1.0,6,6,1,0.69174,0.90537,0.06384,0.90055,0.56433,0.05451,0.82,0.7,0.06,0.9,0.56,0.06,-4.37744,-0.57615,-0.11933,-69.39905,0.17313,64.94501,double_rcm_log_20260616_135653_209.csv,77.40237,Unknown,Task4_EntryRCM_TipCone,0.0,2.188550980155128,6.1576513454604065,6.158774550875705,2.209127009312925,6.085639338134138,7.013665232957687,12.792262996871731,6.643517832397935,80.27744001086435,2.301578819432746,1.7138696354364937
26.06894,0.01087,91.95882,Done,EntryTipCone,157.9254,2.76776,2.32212,7.30048,7.30048,1.0,7.30048,2.32212,0.0,0.0,0.0,0.60525,1.0,6,6,1,0.69145,0.90513,0.06426,0.90083,0.56445,0.05427,0.82,0.7,0.06,0.9,0.56,0.06,-4.4092,-0.59491,-0.11907,-69.23495,0.17118,64.92776,double_rcm_log_20260616_135653_209.csv,91.95882,Unknown,Task4_EntryRCM_TipCone,0.0,2.3227992316914556,6.535167841707743,6.536510666031339,2.335284447104433,6.434965303833291,7.3023489371571095,12.642136029099811,8.39687432163985,101.42924657519411,2.2506310507903917,2.2465788874037274
26.10121,0.0105,95.22672,Done,EntryTipCone,157.9809,2.7243,2.46148,7.60634,7.60634,1.0,7.60634,2.46148,0.0,0.0,0.0,0.60511,1.0,6,6,1,0.69116,0.90487,0.0647,0.90112,0.56457,0.05402,0.82,0.7,0.06,0.9,0.56,0.06,-4.44299,-0.61534,-0.11843,-69.06552,0.17623,64.90876,double_rcm_log_20260616_135653_209.csv,95.22672,Unknown,Task4_EntryRCM_TipCone,0.0,2.4619689997013947,6.926486122221018,6.928085041034871,2.4674212236818946,6.801222062134236,7.609185238906967,12.379195033991648,10.578831586341002,55.42734120471717,2.198635282662585,1.4135244270129041
26.13386,0.01165,85.85529,Done,EntryTipCone,158.0413,2.67757,2.59978,7.91413,7.91413,1.0,7.91413,2.59978,0.0,0.0,0.0,0.60495,1.0,6,6,1,0.69087,0.9046,0.06513,0.90142,0.56469,0.05378,0.82,0.7,0.06,0.9,0.56,0.06,-4.47609,-0.6342,-0.12089,-68.89658,0.17884,64.8872,double_rcm_log_20260616_135653_209.csv,85.85529,Unknown,Task4_EntryRCM_TipCone,0.0,2.6009968378194075,7.317364521254167,7.319249872727478,2.5990755280323716,7.1666277876106825,7.918389987869985,12.143402890248261,11.97202839000564,34.78582294828971,2.166329736395688,1.6237735156820061
26.16614,0.01176,85.00846,Done,EntryTipCone,158.1036,2.62889,2.73388,8.21796,8.21796,1.0,8.21796,2.73388,0.0,0.0,0.0,0.6048,1.0,6,6,1,0.69059,0.90434,0.06554,0.90171,0.5648,0.05355,0.82,0.7,0.06,0.9,0.56,0.06,-4.50779,-0.65715,-0.11538,-68.73215,0.17812,64.86833,double_rcm_log_20260616_135653_209.csv,85.00846,Unknown,Task4_EntryRCM_TipCone,0.0,2.734293280409377,7.6920886080570625,7.694278901269338,2.726191307029127,7.519954377930324,8.219890510219653,11.808665080842983,10.431450001342784,85.83785934458061,2.1355543928868808,1.9941696292552937
26.19826,0.01132,88.30431,Done,EntryTipCone,158.17,2.578,2.8643,8.5166,8.5166,1.0,8.5166,2.8643,0.0,0.0,0.0,0.60463,1.0,6,6,1,0.69033,0.90408,0.06595,0.902,0.56491,0.05334,0.82,0.7,0.06,0.9,0.56,0.06,-4.53818,-0.67492,-0.11871,-68.57074,0.17469,64.84492,double_rcm_log_20260616_135653_209.csv,88.30431,Unknown,Task4_EntryRCM_TipCone,0.0,2.8639626869569046,8.056576409130795,8.059093292179675,2.848075077065557,7.8591089727878,8.512561306680833,11.683271246088966,9.189670671443647,43.582447270250746,2.062614756400731,2.327893705454761
26.2314,0.01196,83.58154,Done,EntryTipCone,158.2404,2.52285,2.99604,8.82236,8.82236,1.0,8.82236,2.99604,0.0,0.0,0.0,0.60445,1.0,6,6,1,0.69006,0.90381,0.06635,0.9023,0.56502,0.05312,0.82,0.7,0.06,0.9,0.56,0.06,-4.56973,-0.69569,-0.11844,-68.41444,0.18562,64.82147,double_rcm_log_20260616_135653_209.csv,83.58154,Unknown,Task4_EntryRCM_TipCone,0.0,2.996126353432498,8.428032851296324,8.430914459548438,2.9755204656810506,8.21417948521847,8.82183654348679,11.592960113011188,11.762897980061917,110.35220121032258,2.012205227424352,1.656139158178117
26.26374,0.00949,105.3531,Done,EntryTipCone,158.3132,2.46636,3.12092,9.115,9.115,1.0,9.115,3.12092,0.0,0.0,0.0,0.60427,1.0,6,6,1,0.68981,0.90355,0.06673,0.9026,0.56513,0.05293,0.82,0.7,0.06,0.9,0.56,0.06,-4.59838,-0.71417,-0.12022,-68.2599,0.18118,64.79684,double_rcm_log_20260616_135653_209.csv,105.3531,Unknown,Task4_EntryRCM_TipCone,0.0,3.1213109250978994,8.779832672852281,8.783090734747164,3.0947862597186186,8.546935483191941,9.113824663663403,11.313607398010252,10.985900533171915,92.01243817948148,1.977872076207553,1.6613930396263044
26.29836,0.01106,90.44698,Done,EntryTipCone,158.3934,2.40374,3.25089,9.42312,9.42312,1.0,9.42312,3.25089,0.0,0.0,0.0,0.60406,1.0,6,6,1,0.68955,0.90328,0.06712,0.90291,0.56524,0.05273,0.82,0.7,0.06,0.9,0.56,0.06,-4.62853,-0.73514,-0.12008,-68.10252,0.18386,64.77054,double_rcm_log_20260616_135653_209.csv,90.44698,Unknown,Task4_EntryRCM_TipCone,0.0,3.250771736858645,9.143605689492016,9.147286138777028,3.219604529277235,8.895640591798932,9.422239648830784,11.012057568648228,10.182312603016637,72.9591249765603,1.9116980452012506,2.1071950720623454
26.3307,0.01207,82.84977,Done,EntryTipCone,158.4709,2.34283,3.36895,9.70529,9.70529,1.0,9.70529,3.36895,0.0,0.0,0.0,0.60387,1.0,6,6,1,0.68932,0.90302,0.06748,0.9032,0.56533,0.05255,0.82,0.7,0.06,0.9,0.56,0.06,-4.65544,-0.75488,-0.11907,-67.9584,0.18258,64.74559,double_rcm_log_20260616_135653_209.csv,82.84977,Unknown,Task4_EntryRCM_TipCone,0.0,3.3692431828829448,9.476458735409272,9.480556358439365,3.3334147552856845,9.214621241016049,9.703164432286988,10.817949391201466,12.581209589353351,31.70911119579705,1.8484954816131973,1.9613278675478367
26.36294,0.01076,92.89619,Done,EntryTipCone,158.5502,2.27991,3.48262,9.97976,9.97976,1.0,9.97976,3.48262,0.0,0.0,0.0,0.60367,1.0,6,6,1,0.6891,0.90277,0.06782,0.90349,0.56543,0.05239,0.82,0.7,0.06,0.9,0.56,0.06,-4.68162,-0.77329,-0.12022,-67.82219,0.18753,64.71912,double_rcm_log_20260616_135653_209.csv,92.89619,Unknown,Task4_EntryRCM_TipCone,0.0,3.4831666473590395,9.796495742780776,9.801023167436345,3.4432993324396484,9.522531176110668,9.978832597052584,10.467716383506415,10.893847737698994,50.73405250478742,1.7917208192224041,1.9993438152625485
26.39417,0.01031,96.98842,Done,EntryTipCone,158.6302,2.21671,3.58889,10.23766,10.23766,1.0,10.23766,3.58889,0.0,0.0,0.0,0.60346,1.0,6,6,1,0.6889,0.90253,0.06813,0.90376,0.56551,0.05224,0.82,0.7,0.06,0.9,0.56,0.06,-4.70527,-0.79325,-0.11655,-67.6918,0.18358,64.69473,double_rcm_log_20260616_135653_209.csv,96.98842,Unknown,Task4_EntryRCM_TipCone,0.0,3.5879256620988356,10.090753567333543,10.095701828985385,3.5448334335469274,9.808029363740674,10.23304939888393,10.255951073571902,11.187013679490754,76.81717609624035,1.7536213347753498,2.1577821898276617
26.42705,0.01112,89.94637,Done,EntryTipCone,158.717,2.14832,3.69661,10.50097,10.50097,1.0,10.50097,3.69661,0.0,0.0,0.0,0.60324,1.0,6,6,1,0.6887,0.90228,0.06845,0.90405,0.5656,0.05209,0.82,0.7,0.06,0.9,0.56,0.06,-4.72906,-0.80961,-0.12043,-67.55918,0.17967,64.66522,double_rcm_log_20260616_135653_209.csv,89.94637,Unknown,Task4_EntryRCM_TipCone,0.0,3.6966746721444883,10.396183200009405,10.401595096633102,3.6518129229998806,10.109012734265304,10.503837394019353,10.141490801126853,13.755417513659955,134.01546443096436,1.6687421188955398,3.049389380758234
26.45854,0.0106,94.31049,Done,EntryTipCone,158.8013,2.08091,3.79607,10.74596,10.74596,1.0,10.74596,3.79607,0.0,0.0,0.0,0.60303,1.0,6,6,1,0.68851,0.90205,0.06874,0.90433,0.56568,0.05197,0.82,0.7,0.06,0.9,0.56,0.06,-4.75145,-0.82773,-0.11969,-67.44099,0.18446,64.63826,double_rcm_log_20260616_135653_209.csv,94.31049,Unknown,Task4_EntryRCM_TipCone,0.0,3.7962739822279237,10.675882392847772,10.681743535221319,3.7478050692183547,10.380039573068123,10.746729735133309,9.730098983760575,13.914038003974673,55.01318511599747,1.5892217228069327,2.2555610926806398
26.49232,0.01167,85.70267,Done,EntryTipCone,158.8941,2.00633,3.89797,10.99859,10.99859,1.0,10.99859,3.89797,0.0,0.0,0.0,0.6028,1.0,6,6,1,0.68833,0.9018,0.06904,0.90461,0.56576,0.05184,0.82,0.7,0.06,0.9,0.56,0.06,-4.77394,-0.84626,-0.11959,-67.31884,0.18644,64.60839,double_rcm_log_20260616_135653_209.csv,85.70267,Unknown,Task4_EntryRCM_TipCone,0.0,3.8980381848432195,10.961627806490347,10.967972949550484,3.8471519087994452,10.660682688487418,11.00069543256243,9.385375784222521,14.5142644994826,119.11852734065207,1.5330336437842464,2.169925134672938
26.5228,0.00956,104.599,Done,EntryTipCone,158.9797,1.93772,3.98561,11.21724,11.21724,1.0,11.21724,3.98561,0.0,0.0,0.0,0.60258,1.0,6,6,1,0.68817,0.90158,0.06929,0.90487,0.56582,0.05174,0.82,0.7,0.06,0.9,0.56,0.06,-4.79282,-0.86297,-0.11855,-67.21243,0.18445,64.58139,double_rcm_log_20260616_135653_209.csv,104.599,Unknown,Task4_EntryRCM_TipCone,0.0,3.9857595376322594,11.207914348372418,11.214697487337078,3.932223930649446,10.902442139969528,11.216813272939802,9.167290324105847,15.451758838501796,78.51064691471804,1.463224554815925,2.513395067044823
26.55544,0.01039,96.23116,Done,EntryTipCone,159.0731,1.86229,4.07497,11.44171,11.44171,1.0,11.44171,4.07497,0.0,0.0,0.0,0.60235,1.0,6,6,1,0.68802,0.90135,0.06955,0.90514,0.56589,0.05165,0.82,0.7,0.06,0.9,0.56,0.06,-4.81224,-0.87986,-0.11878,-67.10645,0.18779,64.55139,double_rcm_log_20260616_135653_209.csv,96.23116,Unknown,Task4_EntryRCM_TipCone,0.0,4.07476639740877,11.45778322570747,11.465030916357245,4.0183846680387205,11.147248090896635,11.438277842402611,8.823614586816564,9.933512097937186,87.05734548249866,1.3872842516866324,2.3059665000805167
26.58756,0.00816,122.5275,Done,EntryTipCone,159.1667,1.78648,4.15827,11.65207,11.65207,1.0,11.65207,4.15827,0.0,0.0,0.0,0.60211,1.0,6,6,1,0.68787,0.90114,0.06978,0.9054,0.56595,0.05157,0.82,0.7,0.06,0.9,0.56,0.06,-4.8299,-0.89568,-0.1194,-67.00655,0.18779,64.52126,double_rcm_log_20260616_135653_209.csv,122.5275,Unknown,Task4_EntryRCM_TipCone,0.0,4.157361646117728,11.689628071525892,11.697325387117399,4.099051138425659,11.377290809056651,11.645917739705977,8.723386009331568,11.281031976877747,107.82564687573662,1.327003199337399,2.494916319529043
26.62037,0.01089,91.86699,Done,EntryTipCone,159.2637,1.70742,4.23845,11.85617,11.85617,1.0,11.85617,4.23845,0.0,0.0,0.0,0.60186,1.0,6,6,1,0.68774,0.90092,0.07001,0.90567,0.56601,0.05149,0.82,0.7,0.06,0.9,0.56,0.06,-4.84655,-0.91103,-0.12042,-66.91006,0.18636,64.48996,double_rcm_log_20260616_135653_209.csv,91.86699,Unknown,Task4_EntryRCM_TipCone,0.0,4.239704242263055,11.920739541364387,11.928903237763612,4.182192718440944,11.61485746129297,11.861243611021523,8.392139623603505,17.030198737088337,81.8140520271845,1.2357273779375502,2.8489882449721433
26.65272,0.00974,102.6369,Done,EntryTipCone,159.3614,1.6279,4.31248,12.04551,12.04551,1.0,12.04551,4.31248,0.0,0.0,0.0,0.60162,1.0,6,6,1,0.68762,0.90071,0.07021,0.90592,0.56606,0.05144,0.82,0.7,0.06,0.9,0.56,0.06,-4.86214,-0.9271,-0.11932,-66.82468,0.19221,64.45939,double_rcm_log_20260616_135653_209.csv,102.6369,Unknown,Task4_EntryRCM_TipCone,0.0,4.312676143080574,12.125529660624263,12.134122081447002,4.252551399071857,11.816967201704186,12.043404834182008,8.03779330486744,15.850199925846347,61.6301095720402,1.1581031902091037,2.4024314845427956
26.68741,0.01214,82.3968,Done,EntryTipCone,159.4664,1.54138,4.38611,12.23572,12.23572,1.0,12.23572,4.38611,0.0,0.0,0.0,0.60135,1.0,6,6,1,0.68751,0.9005,0.07041,0.90619,0.56611,0.05139,0.82,0.7,0.06,0.9,0.56,0.06,-4.87685,-0.94316,-0.1184,-66.73669,0.19034,64.4264,double_rcm_log_20260616_135653_209.csv,82.3968,Unknown,Task4_EntryRCM_TipCone,0.0,4.386601123409428,12.332974468655564,12.342016252461054,4.327501629117073,12.032877653137863,12.238476212339497,7.668025896206241,13.891098814410123,95.9962923990236,1.0965596598663585,2.5302159978915166
26.71792,0.01156,86.50271,Done,EntryTipCone,159.5603,1.46388,4.44598,12.39136,12.39136,1.0,12.39136,4.44598,0.0,0.0,0.0,0.60112,1.0,6,6,1,0.68742,0.90032,0.07057,0.90641,0.56614,0.05136,0.82,0.7,0.06,0.9,0.56,0.06,-4.88844,-0.95612,-0.11866,-66.6652,0.18797,64.39658,double_rcm_log_20260616_135653_209.csv,86.50271,Unknown,Task4_EntryRCM_TipCone,0.0,4.445563818011085,12.49841811166544,12.507829331609233,4.3846716901421665,12.198832794102119,12.386981068848023,7.464482406801427,12.721029521515915,35.756451346457574,1.0164559335408818,3.001152006428644
26.75132,0.01201,83.2503,Done,EntryTipCone,159.6636,1.37788,4.50633,12.54979,12.54979,1.0,12.54979,4.50633,0.0,0.0,0.0,0.60086,1.0,6,6,1,0.68734,0.90013,0.07073,0.90666,0.56618,0.05134,0.82,0.7,0.06,0.9,0.56,0.06,-4.90018,-0.96944,-0.11965,-66.5956,0.19038,64.36345,double_rcm_log_20260616_135653_209.csv,83.2503,Unknown,Task4_EntryRCM_TipCone,0.0,4.506824803764396,12.670296515727609,12.680102086269416,4.447471039387299,12.381195170344164,12.551637343390684,7.296180460740704,14.739124653725266,124.24218206533173,0.9284546362076321,2.6726295810486973
26.78304,0.01196,83.6349,Done,EntryTipCone,159.7624,1.29538,4.55819,12.68738,12.68738,1.0,12.68738,4.55819,0.0,0.0,0.0,0.60061,1.0,6,6,1,0.68728,0.89996,0.07087,0.90688,0.56621,0.05133,0.82,0.7,0.06,0.9,0.56,0.06,-4.90979,-0.9825,-0.11852,-66.53566,0.19059,64.33266,double_rcm_log_20260616_135653_209.csv,83.6349,Unknown,Task4_EntryRCM_TipCone,0.0,4.558923637900893,12.816457512363305,12.826606994621669,4.5005432507191925,12.536088520133179,12.691233194611119,6.975954190149129,18.325075741479626,45.32680430557788,0.8610148803520904,2.7275396680937667
26.8148,0.01123,89.04301,Done,EntryTipCone,159.8623,1.2116,4.60483,12.81242,12.81242,1.0,12.81242,4.60483,0.0,0.0,0.0,0.60036,1.0,6,6,1,0.68722,0.8998,0.07098,0.9071,0.56623,0.05134,0.82,0.7,0.06,0.9,0.56,0.06,-4.91787,-0.99403,-0.1188,-66.48112,0.18812,64.30105,double_rcm_log_20260616_135653_209.csv,89.04301,Unknown,Task4_EntryRCM_TipCone,0.0,4.6053732296721215,12.946760875116682,12.957223674829612,4.547648017386039,12.675147336421754,12.814776627003663,6.82889250763685,15.949265048631474,129.34843267814398,0.7840584218744611,2.9213509825764232
26.84782,0.01116,89.58828,Done,EntryTipCone,159.9665,1.12361,4.64764,12.92905,12.92905,1.0,12.92905,4.64764,0.0,0.0,0.0,0.60009,1.0,6,6,1,0.68718,0.89964,0.07109,0.90732,0.56624,0.05136,0.82,0.7,0.06,0.9,0.56,0.06,-4.9252,-1.0043,-0.12117,-66.43364,0.19062,64.26724,double_rcm_log_20260616_135653_209.csv,89.58828,Unknown,Task4_EntryRCM_TipCone,0.0,4.648505681439582,13.067751167379031,13.078510620882435,4.591315824645945,12.805445956851532,12.929408339131328,6.506635634934581,16.43970150474767,50.497526627489144,0.7039327391421346,2.7971463374131122
26.87982,0.01109,90.19811,Done,EntryTipCone,160.0676,1.03772,4.68362,13.02855,13.02855,1.0,13.02855,4.68362,0.0,0.0,0.0,0.59984,1.0,6,6,1,0.68716,0.89949,0.07117,0.90752,0.56625,0.05139,0.82,0.7,0.06,0.9,0.56,0.06,-4.93056,-1.0158,-0.11906,-66.39297,0.18823,64.23624,double_rcm_log_20260616_135653_209.csv,90.19811,Unknown,Task4_EntryRCM_TipCone,0.0,4.6838608805408075,13.166920067039934,13.177926823271164,4.6288156789899455,12.91782078549448,13.028622336993244,6.243714430840653,16.15659380017829,125.40859064965242,0.636148716122868,3.019580606125864
26.91166,0.00787,127.0044,Done,EntryTipCone,160.1687,0.95154,4.71389,13.11444,13.11444,1.0,13.11444,4.71389,0.0,0.0,0.0,0.59959,1.0,6,6,1,0.68714,0.89936,0.07123,0.90771,0.56626,0.05144,0.82,0.7,0.06,0.9,0.56,0.06,-4.93468,-1.02484,-0.12012,-66.36022,0.1881,64.20406,double_rcm_log_20260616_135653_209.csv,127.0044,Unknown,Task4_EntryRCM_TipCone,0.0,4.71357924513018,13.250274157208265,13.261491694338996,4.659941615069023,13.012044183991728,13.111266147859215,6.15833401349198,14.767504608382616,56.648351805488716,0.5607003937553575,3.137497049360335
26.9472,0.01156,86.48008,Done,EntryTipCone,160.2812,0.85496,4.74103,13.19407,13.19407,1.0,13.19407,4.74103,0.0,0.0,0.0,0.5993,1.0,6,6,1,0.68714,0.89922,0.07128,0.90792,0.56625,0.0515,0.82,0.7,0.06,0.9,0.56,0.06,-4.93782,-1.03575,-0.11839,-66.33391,0.19116,64.16934,double_rcm_log_20260616_135653_209.csv,86.48008,Unknown,Task4_EntryRCM_TipCone,0.0,4.741008463345207,13.327204485056868,13.338618938590109,4.690550976732599,13.107158114791792,13.192380376565806,6.018300038793723,15.472361421084193,90.03062793941793,0.4975936328567194,2.8087418134584405
26.98762,0.01082,92.39206,Done,EntryTipCone,160.4093,0.74418,4.76345,13.26441,13.26441,1.0,13.26441,4.76345,0.0,0.0,0.0,0.59898,1.0,6,6,1,0.68716,0.89908,0.07131,0.90814,0.56624,0.05159,0.82,0.7,0.06,0.9,0.56,0.06,-4.93887,-1.04457,-0.12034,-66.31165,0.18847,64.12843,double_rcm_log_20260616_135653_209.csv,92.39206,Unknown,Task4_EntryRCM_TipCone,0.0,4.763363332278645,13.389900601314071,13.401477235321272,4.717231872622209,13.191774884957004,13.263683500445785,5.903747393947556,18.49681914537841,19.42440892895216,0.4523626293745939,2.896698863913863
27.0202,0.01005,99.50494,Done,EntryTipCone,160.5121,0.65481,4.77496,13.30503,13.30503,1.0,13.30503,4.77496,0.0,0.0,0.0,0.59872,1.0,6,6,1,0.6872,0.89897,0.07132,0.90831,0.56622,0.05168,0.82,0.7,0.06,0.9,0.56,0.06,-4.93805,-1.05092,-0.12161,-66.30233,0.1863,64.0957,double_rcm_log_20260616_135653_209.csv,99.50494,Unknown,Task4_EntryRCM_TipCone,0.0,4.774893897012638,13.422238246846955,13.433899129985354,4.731900894424766,13.241402726065079,13.302890663310642,5.960179384698729,16.51500973097516,109.39677464929817,0.4164445942875853,3.123310369392881
27.05271,0.01102,90.74628,Done,EntryTipCone,160.6141,0.56548,4.78045,13.33073,13.33073,1.0,13.33073,4.78045,0.0,0.0,0.0,0.59847,1.0,6,6,1,0.68724,0.89888,0.0713,0.90847,0.5662,0.05179,0.82,0.7,0.06,0.9,0.56,0.06,-4.9358,-1.05807,-0.11994,-66.30116,0.18474,64.06445,double_rcm_log_20260616_135653_209.csv,90.74628,Unknown,Task4_EntryRCM_TipCone,0.0,4.780050417256874,13.436699611078796,13.448398302640852,4.7405302761034305,13.273683970693497,13.326102205821451,5.933301865042592,15.040886278516881,52.13356876322544,0.40559749758486163,3.0587791468552483
27.08481,0.01055,94.82768,Done,EntryTipCone,160.7143,0.47717,4.78,13.34212,13.34212,1.0,13.34212,4.78,0.0,0.0,0.0,0.59822,1.0,6,6,1,0.6873,0.8988,0.07127,0.90862,0.56617,0.0519,0.82,0.7,0.06,0.9,0.56,0.06,-4.93202,-1.0638,-0.11904,-66.30716,0.18215,64.03349,double_rcm_log_20260616_135653_209.csv,94.82768,Unknown,Task4_EntryRCM_TipCone,0.0,4.780318183974915,13.437450554841837,13.449151211940029,4.745933529052443,13.297223770396517,13.341038190485701,5.860689579874147,16.210835650803684,52.12506446553299,0.42340329901350643,2.998920405270044
27.11804,0.01157,86.43945,Done,EntryTipCone,160.8172,0.38579,4.7734,13.33877,13.33877,1.0,13.33877,4.7734,0.0,0.0,0.0,0.59796,1.0,6,6,1,0.68738,0.89873,0.07121,0.90876,0.56613,0.05203,0.82,0.7,0.06,0.9,0.56,0.06,-4.9267,-1.0686,-0.11867,-66.32181,0.18086,64.00148,double_rcm_log_20260616_135653_209.csv,86.43945,Unknown,Task4_EntryRCM_TipCone,0.0,4.772375483517788,13.415175363952535,13.426817811316152,4.743748254746916,13.299718967534016,13.335493991599987,5.973409450487179,15.925741771299295,31.34030368228303,0.4601244503700441,2.9061545735474654
27.1524,0.01459,68.52668,Done,EntryTipCone,160.9225,0.29183,4.76004,13.31927,13.31927,1.0,13.31927,4.76004,0.0,0.0,0.0,0.59769,1.0,6,6,1,0.68747,0.89867,0.07113,0.9089,0.56609,0.05218,0.82,0.7,0.06,0.9,0.56,0.06,-4.91928,-1.07225,-0.11862,-66.34377,0.17563,63.96865,double_rcm_log_20260616_135653_209.csv,68.52668,Unknown,Task4_EntryRCM_TipCone,0.0,4.759689441728392,13.379597004971524,13.391146880821351,4.738113926267141,13.292485789405148,13.321054763043332,6.030826288776076,18.247226130569675,55.28976497659966,0.5104606719896174,2.9347952639043444
27.18321,0.01242,80.5427,Done,EntryTipCone,161.0162,0.20769,4.74235,13.28802,13.28802,1.0,13.28802,4.74235,0.0,0.0,0.0,0.59746,1.0,6,6,1,0.68756,0.89863,0.07105,0.90901,0.56604,0.05232,0.82,0.7,0.06,0.9,0.56,0.06,-4.9112,-1.07578,-0.11662,-66.37104,0.17089,63.9403,double_rcm_log_20260616_135653_209.csv,80.5427,Unknown,Task4_EntryRCM_TipCone,0.0,4.743068378303507,13.332981775380734,13.344411109483227,4.726620743946702,13.26819731538534,13.290752424148096,6.186056858888966,19.441308382763786,76.90384047342393,0.5675406112660059,2.8908071445175216
27.21742,0.01224,81.71017,Done,EntryTipCone,161.119,0.11474,4.71651,13.23788,13.23788,1.0,13.23788,4.71646,0.0,0.0,0.0,0.5972,1.0,6,6,1,0.68769,0.89859,0.07093,0.90912,0.56598,0.0525,0.82,0.7,0.06,0.9,0.56,0.06,-4.90044,-1.0783,-0.115,-66.40804,0.16239,63.90902,double_rcm_log_20260616_135653_209.csv,81.71017,Unknown,Task4_EntryRCM_TipCone,0.0,4.715635783555163,13.256042206027415,13.267274428079578,4.706026654600715,13.218906972154,13.235739495774316,6.466468076072946,14.600978850549877,66.40010930273118,0.633581396693954,3.3089708073193207
27.25157,0.0116,86.18731,Done,EntryTipCone,161.2202,0.02275,4.68408,13.17195,13.17195,1.0,13.17195,4.68408,0.0,0.0,0.0,0.59695,1.0,6,6,1,0.68782,0.89857,0.07079,0.90922,0.56592,0.05269,0.82,0.7,0.06,0.9,0.56,0.06,-4.8876,-1.08099,-0.11087,-66.45087,0.14742,63.87937,double_rcm_log_20260616_135653_209.csv,86.18731,Unknown,Task4_EntryRCM_TipCone,0.0,4.683708101586598,13.166491543348954,13.177497222854464,4.681999943264038,13.159445218607722,13.17159443651372,6.613411635045638,16.278396884247492,112.04514870185263,0.7058390314228036,5.3034473307862084
27.28463,0.01205,82.99351,Done,EntryTipCone,161.3165,0.06547,4.64654,13.09307,13.09307,1.0,13.09307,4.64654,0.0,0.0,0.0,0.59671,1.0,6,6,1,0.68797,0.89855,0.07064,0.90931,0.56585,0.05288,0.82,0.7,0.06,0.9,0.56,0.06,-4.87291,-1.08446,-0.10297,-66.49632,0.12286,63.85283,double_rcm_log_20260616_135653_209.csv,82.99351,Unknown,Task4_EntryRCM_TipCone,0.0,4.647638570856123,13.065318919215388,13.076072354437215,4.654808645784984,13.091265966872049,13.09935112896809,6.935526538272977,21.349524679127676,34.85440479789399,0.8142691383566804,12.670878349404171
27.31855,0.01127,88.76047,Done,EntryTipCone,161.4142,0.15531,4.60173,12.99671,12.99671,1.0,12.99671,4.60173,0.0,0.0,0.0,0.59646,1.0,6,6,1,0.68813,0.89856,0.07046,0.90938,0.56577,0.0531,0.82,0.7,0.06,0.9,0.56,0.06,-4.85473,-1.09401,-0.08108,-66.54263,0.07585,63.83183,double_rcm_log_20260616_135653_209.csv,88.76047,Unknown,Task4_EntryRCM_TipCone,0.0,4.601451329370368,12.935759237494853,12.946195337020772,4.616258968473728,12.990788215560155,12.995664661724625,7.317349620327432,17.500250403106456,355.8789965417457,1.2109021529725819,47.04404092255551
27.35272,0.01243,80.43776,Done,EntryTipCone,161.5105,0.24448,4.55019,12.88437,12.88437,1.0,12.88437,4.55015,0.0,0.0,0.0,0.59622,1.0,6,6,1,0.68831,0.89857,0.07026,0.90944,0.56568,0.05333,0.82,0.7,0.06,0.9,0.56,0.06,-4.83133,-1.12972,-0.00763,-66.57965,-0.02113,63.83228,double_rcm_log_20260616_135653_209.csv,80.43776,Unknown,Task4_EntryRCM_TipCone,0.0,4.549630292022435,12.790386210720214,12.800473766652509,4.572753815165685,12.876465413243674,12.878854762749635,7.572773970647034,24.779476240605668,4773.270749504043,3.5389426818388436,269.9803912175707
27.38659,0.01121,89.18612,Done,EntryTipCone,161.6045,0.3312,4.49309,12.7585,12.7585,1.0,12.7585,4.49309,0.0,0.0,0.0,0.59599,1.0,6,6,1,0.6885,0.8986,0.07004,0.90949,0.56559,0.05357,0.82,0.7,0.06,0.9,0.56,0.06,-4.79872,-1.31784,0.34556,-66.59835,-0.22916,63.94552,double_rcm_log_20260616_135653_209.csv,89.18612,Unknown,Task4_EntryRCM_TipCone,0.0,4.492515259020449,12.63014987592313,12.639862366005971,4.526112668794805,12.75272676724471,12.75355244627942,8.629256604771523,321.4057798011112,5761.271659791838,18.97610010836748,984.8423951717162
27.42202,0.01291,77.43056,Done,EntryTipCone,161.6778,0.3931,4.44021,12.64143,12.64143,1.0,12.64143,4.44021,0.0,0.0,0.0,0.59582,1.0,6,6,1,0.68857,0.89857,0.06964,0.90958,0.56555,0.0539,0.82,0.7,0.06,0.9,0.56,0.06,-4.74466,-2.63213,2.70927,-66.69555,-0.68343,64.81792,double_rcm_log_20260616_135653_209.csv,77.43056,Unknown,Task4_EntryRCM_TipCone,0.0,4.43992369717979,12.48259304548756,12.49196849954333,4.48427730204796,12.640592488548096,12.640763426312507,27.725091921404694,410.6292299208212,7187.466079799692,73.01643989650461,691.0477941528337
27.4557,0.01097,91.15861,Done,EntryTipCone,161.3557,0.09538,4.60645,13.00588,13.00588,1.0,13.00588,4.60645,0.0,0.0,0.0,0.59665,1.0,6,6,1,0.68668,0.89779,0.06742,0.91024,0.56633,0.05509,0.82,0.7,0.06,0.9,0.56,0.06,-4.67243,-7.00312,10.37778,-67.26914,-1.05715,67.18694,double_rcm_log_20260616_135653_209.csv,91.15861,Unknown,Task4_EntryRCM_TipCone,0.0,4.6052012932797055,12.946278563799968,12.956740192021766,4.619341150206928,12.994689151874553,13.001330701124399,34.91231126723215,143.41532479730753,10935.079154252875,69.17360091154,800.8925773435811
27.48896,0.01061,94.21529,Done,EntryTipCone,161.2563,0.00971,4.66753,13.13724,13.13724,1.0,13.13724,4.66753,0.0,0.0,0.0,0.59686,1.0,6,6,1,0.68599,0.89748,0.06629,0.91053,0.56662,0.05576,0.82,0.7,0.06,0.9,0.56,0.06,-4.63522,-8.10697,12.29299,-67.50307,-1.11078,67.63412,double_rcm_log_20260616_135653_209.csv,94.21529,Unknown,Task4_EntryRCM_TipCone,0.0,4.668062177595792,13.12260641021035,13.133502194698343,4.670511849691803,13.130457898161152,13.140886575874474,19.242343928401603,326.6484512490136,805.4403707254306,20.146034867618717,870.8103242662073
27.52297,0.00997,100.2967,Done,EntryTipCone,161.2525,0.00618,4.66993,13.14218,13.14218,1.0,13.14218,4.66993,0.0,0.0,0.0,0.59687,1.0,6,6,1,0.68577,0.89736,0.06556,0.91066,0.5667,0.05625,0.82,0.7,0.06,0.9,0.56,0.06,-4.60227,-8.60224,13.15581,-67.66738,-1.1522,67.80637,double_rcm_log_20260616_135653_209.csv,100.2967,Unknown,Task4_EntryRCM_TipCone,0.0,4.669797905648317,13.12747498893294,13.138382928730834,4.669306409596784,13.126648702309573,13.137279018122399,15.051451553970493,80.32913405878006,4646.8291286577505,11.634239126934485,141.25416629314986
27.55625,0.01025,97.56529,Done,EntryTipCone,161.2509,0.00508,4.67055,13.14348,13.14348,1.0,13.14348,4.67055,0.0,0.0,0.0,0.59688,1.0,6,6,1,0.6856,0.89727,0.06485,0.91078,0.56677,0.05673,0.82,0.7,0.06,0.9,0.56,0.06,-4.56884,-9.03421,13.90912,-67.82787,-1.19316,67.94705,double_rcm_log_20260616_135653_209.csv,97.56529,Unknown,Task4_EntryRCM_TipCone,0.0,4.669821285298022,13.127540566903072,13.13844867049019,4.67129497323306,13.132162573093332,13.142838354023816,14.991211869303202,16.86380136369399,1043.111761154167,10.5537662546428,29.082707312862865
27.59053,0.01058,94.49945,Done,EntryTipCone,161.2502,0.00451,4.67106,13.14461,13.14461,1.0,13.14461,4.67106,0.0,0.0,0.0,0.59688,1.0,6,6,1,0.68544,0.89718,0.06411,0.91088,0.56683,0.05723,0.82,0.7,0.06,0.9,0.56,0.06,-4.53306,-9.4421,14.62127,-67.9949,-1.23636,68.07227,double_rcm_log_20260616_135653_209.csv,94.49945,Unknown,Task4_EntryRCM_TipCone,0.0,4.670762162497937,13.130179647268996,13.141094343663802,4.670818823156646,13.1306153701949,13.14139262026664,14.976839880526326,16.33026094831278,47.86984540551563,9.735193128916617,22.79023549898846
27.62461,0.01108,90.2397,Done,EntryTipCone,161.2497,0.00391,4.67135,13.14523,13.14523,1.0,13.14523,4.67135,0.0,0.0,0.0,0.59688,1.0,6,6,1,0.68532,0.89711,0.06337,0.91097,0.56688,0.05773,0.82,0.7,0.06,0.9,0.56,0.06,-4.4961,-9.81617,15.27546,-68.16334,-1.28072,68.18085,double_rcm_log_20260616_135653_209.csv,90.2397,Unknown,Task4_EntryRCM_TipCone,0.0,4.670618617649675,13.12977701643112,13.14069070682342,4.672580434903416,13.135691015760704,13.146413959707731,14.843803432458834,17.608744636156946,62.5580733598731,9.05619803838129,19.80887454830066
27.65903,0.0106,94.30457,Done,EntryTipCone,161.2487,0.00307,4.67194,13.14639,13.14639,1.0,13.14639,4.6719,0.0,0.0,0.0,0.59688,1.0,6,6,1,0.68521,0.89705,0.06262,0.91104,0.56692,0.05823,0.82,0.7,0.06,0.9,0.56,0.06,-4.45743,-10.16685,15.88999,-68.33614,-1.32707,68.2775,double_rcm_log_20260616_135653_209.csv,94.30457,Unknown,Task4_EntryRCM_TipCone,0.0,4.672156192860545,13.134089777129834,13.14501424649612,4.673560334812958,13.138457994054553,13.149178681575426,14.782437604530234,19.460195961241997,43.230850959695495,8.444052696452589,18.321876642399186
27.69424,0.00967,103.373,Done,EntryTipCone,161.2481,0.00257,4.67236,13.14746,13.14746,1.0,13.14746,4.67236,0.0,0.0,0.0,0.59688,1.0,6,6,1,0.68513,0.897,0.06185,0.91109,0.56695,0.05875,0.82,0.7,0.06,0.9,0.56,0.06,-4.41652,-10.49822,16.47226,-68.51572,-1.37613,68.36436,double_rcm_log_20260616_135653_209.csv,103.373,Unknown,Task4_EntryRCM_TipCone,0.0,4.672678841092559,13.135555756437142,13.146483891377134,4.672934210460216,13.13658859826239,13.1473609519172,14.936308460474121,16.687725403217343,95.3945065809495,7.852312861940957,16.994058458127945
27.72763,0.01045,95.73402,Done,EntryTipCone,161.2479,0.00247,4.67248,13.14777,13.14777,1.0,13.14777,4.67248,0.0,0.0,0.0,0.59688,1.0,6,6,1,0.68508,0.89697,0.06112,0.91112,0.56697,0.05925,0.82,0.7,0.06,0.9,0.56,0.06,-4.37654,-10.78822,16.98354,-68.68851,-1.42426,68.43698,double_rcm_log_20260616_135653_209.csv,95.73402,Unknown,Task4_EntryRCM_TipCone,0.0,4.672747082713228,13.135747167706725,13.146675781317052,4.672224870320706,13.13438288790735,13.14525770002244,14.88604062565079,15.377356932816038,43.04196270099253,7.3505992863819385,15.352280168322451
27.76154,0.01077,92.8608,Done,EntryTipCone,161.2477,0.0022,4.67265,13.1481,13.1481,1.0,13.1481,4.67265,0.0,0.0,0.0,0.59688,1.0,6,6,1,0.68506,0.89696,0.06037,0.91114,0.56698,0.05975,0.82,0.7,0.06,0.9,0.56,0.06,-4.33479,-11.06175,17.46754,-68.86669,-1.47475,68.50282,double_rcm_log_20260616_135653_209.csv,92.8608,Unknown,Task4_EntryRCM_TipCone,0.0,4.672268491825016,13.134404765292514,13.145330022194292,4.673348580580984,13.137657266862185,13.148478999488807,14.814648101310736,17.67998090955078,42.64800131932932,6.899038674614547,14.223315458282046
27.79515,0.01057,94.566,Done,EntryTipCone,161.2474,0.00194,4.6729,13.14859,13.14859,1.0,13.14859,4.6729,0.0,0.0,0.0,0.59688,1.0,6,6,1,0.68506,0.89696,0.05963,0.91114,0.56698,0.06025,0.82,0.7,0.06,0.9,0.56,0.06,-4.29232,-11.31317,17.91434,-69.04594,-1.52632,68.56126,double_rcm_log_20260616_135653_209.csv,94.566,Unknown,Task4_EntryRCM_TipCone,0.0,4.672268491825016,13.134404765292514,13.145330022194292,4.673348580580984,13.137657266862185,13.148478999488807,14.889121936828893,17.54656231016088,41.52594639157913,6.475452696475089,13.530527003380822
27.82939,0.01143,87.52089,Done,EntryTipCone,161.2471,0.00174,4.67299,13.14869,13.14869,1.0,13.14869,4.67299,0.0,0.0,0.0,0.59688,1.0,6,6,1,0.68508,0.89697,0.05887,0.91112,0.56697,0.06076,0.82,0.7,0.06,0.9,0.56,0.06,-4.24799,-11.54945,18.33644,-69.23108,-1.58048,68.61459,double_rcm_log_20260616_135653_209.csv,87.52089,Unknown,Task4_EntryRCM_TipCone,0.0,4.672911813691784,13.136209222391189,13.147138991539583,4.6724284407619345,13.134957702488174,13.1458320390913,14.87283136255509,15.097994240443583,23.041641297825496,6.074424765515325,12.803507854695601
27.86317,0.01116,89.62828,Done,EntryTipCone,161.247,0.00149,4.67315,13.14908,13.14908,1.0,13.14908,4.67315,0.0,0.0,0.0,0.59688,1.0,6,6,1,0.68513,0.897,0.05813,0.91109,0.56695,0.06126,0.82,0.7,0.06,0.9,0.56,0.06,-4.20328,-11.7647,18.72319,-69.41618,-1.63537,68.66205,double_rcm_log_20260616_135653_209.csv,89.62828,Unknown,Task4_EntryRCM_TipCone,0.0,4.673088246443908,13.136704099314082,13.147635106175189,4.673272528076322,13.13754391048789,13.148315481459864,14.93746044702503,16.52657901283466,84.10738846499832,5.704731775340799,12.256437943168885
27.89861,0.01168,85.62384,Done,EntryTipCone,161.2468,0.00146,4.67328,13.14944,13.14944,1.0,13.14944,4.67328,0.0,0.0,0.0,0.59688,1.0,6,6,1,0.68521,0.89705,0.05736,0.91104,0.56692,0.06179,0.82,0.7,0.06,0.9,0.56,0.06,-4.15542,-11.97139,19.09726,-69.61276,-1.69444,68.7069,double_rcm_log_20260616_135653_209.csv,85.62384,Unknown,Task4_EntryRCM_TipCone,0.0,4.672929041115509,13.136257543665488,13.147187433663833,4.674519814065956,13.141167317309982,13.151885796341057,14.933216109396598,17.677298160063803,55.09851059345423,5.33829400724072,11.75934008962911
27.93275,0.01162,86.0364,Done,EntryTipCone,161.2466,0.00134,4.67345,13.14981,13.14981,1.0,13.14981,4.67345,0.0,0.0,0.0,0.59688,1.0,6,6,1,0.68531,0.8971,0.05661,0.91097,0.56688,0.06229,0.82,0.7,0.06,0.9,0.56,0.06,-4.10842,-12.15325,19.42909,-69.80437,-1.75271,68.74606,double_rcm_log_20260616_135653_209.csv,86.0364,Unknown,Task4_EntryRCM_TipCone,0.0,4.673572277945894,13.138061760545039,13.14899616346822,4.673809656986168,13.139162015194747,13.149882128749228,14.755186431779611,17.76471952926093,73.1224220056215,5.008145370562464,11.373294204943145
27.96601,0.0118,84.71026,Done,EntryTipCone,161.2465,0.00117,4.67362,13.1501,13.1501,1.0,13.1501,4.67362,0.0,0.0,0.0,0.59689,1.0,6,6,1,0.68543,0.89717,0.05589,0.91089,0.56684,0.06277,0.82,0.7,0.06,0.9,0.56,0.06,-4.0619,-12.31428,19.72576,-69.99287,-1.81062,68.78083,double_rcm_log_20260616_135653_209.csv,84.71026,Unknown,Task4_EntryRCM_TipCone,0.0,4.674656861565231,13.141103908582467,13.152045923714242,4.675649841110801,13.143952455553265,13.154869820716527,14.853068164761854,18.421862366961488,50.27383985647456,4.701354580666017,11.07325604875048
28.00027,0.01199,83.37489,Done,EntryTipCone,161.2464,0.00112,4.6737,13.15024,13.15024,1.0,13.15024,4.6737,0.0,0.0,0.0,0.59689,1.0,6,6,1,0.68558,0.89726,0.05516,0.91078,0.56678,0.06327,0.82,0.7,0.06,0.9,0.56,0.06,-4.01328,-12.46401,20.00476,-70.18879,-1.87139,68.81359,double_rcm_log_20260616_135653_209.csv,83.37489,Unknown,Task4_EntryRCM_TipCone,0.0,4.673325367550803,13.137369201046628,13.14830187150898,4.673248019647015,13.136967745201352,13.14799224216378,14.863173241013502,16.453342932940874,65.45706097930011,4.404002811143087,10.735535173143022
28.03414,0.01202,83.19038,Done,EntryTipCone,161.2463,0.00118,4.67383,13.15088,13.15088,1.0,13.15088,4.67383,0.0,0.0,0.0,0.59689,1.0,6,6,1,0.68575,0.89736,0.05444,0.91067,0.56671,0.06375,0.82,0.7,0.06,0.9,0.56,0.06,-3.96462,-12.59636,20.25481,-70.3839,-1.93239,68.84332,double_rcm_log_20260616_135653_209.csv,83.19038,Unknown,Task4_EntryRCM_TipCone,0.0,4.6739678438811,13.139171283779199,13.150108462594176,4.67404476932025,13.139724502439126,13.150494287288177,14.805171060070519,16.416870066623474,15.370009462350604,4.129001548430643,10.526026707154996
28.06794,0.01174,85.1802,Done,EntryTipCone,161.246,0.00072,4.67399,13.15083,13.15083,1.0,13.15083,4.67399,0.0,0.0,0.0,0.59689,1.0,6,6,1,0.68595,0.89747,0.05373,0.91053,0.56664,0.06423,0.82,0.7,0.06,0.9,0.56,0.06,-3.91549,-12.71333,20.47953,-70.57996,-1.99416,68.87072,double_rcm_log_20260616_135653_209.csv,85.1802,Unknown,Task4_EntryRCM_TipCone,0.0,4.673455757172038,13.13773493120616,13.148668516531865,4.673198831169968,13.13662607427733,13.147752659675271,14.979726070478048,15.533048608868011,96.27183237580758,3.8683125013003736,10.355608434247205
28.10256,0.01271,78.6905,Done,EntryTipCone,161.246,0.00072,4.67399,13.15083,13.15083,1.0,13.15083,4.67399,0.0,0.0,0.0,0.59689,1.0,6,6,1,0.68617,0.8976,0.05302,0.91038,0.56655,0.06472,0.82,0.7,0.06,0.9,0.56,0.06,-3.86472,-12.81732,20.68368,-70.7817,-2.05812,68.8966,double_rcm_log_20260616_135653_209.csv,78.6905,Unknown,Task4_EntryRCM_TipCone,0.0,4.673954689764395,13.139134387795929,13.15007147429411,4.67397947561243,13.139134499068547,13.150106463447287,14.8620480406291,16.985048621182493,48.93879665580076,3.621017235288516,10.101620914362556
28.13624,0.01247,80.16979,Done,EntryTipCone,161.2458,0.00064,4.67416,13.15131,13.15131,1.0,13.15131,4.67416,0.0,0.0,0.0,0.59689,1.0,6,6,1,0.68642,0.89774,0.05233,0.91022,0.56646,0.06518,0.82,0.7,0.06,0.9,0.56,0.06,-3.81494,-12.90396,20.85846,-70.97882,-2.12094,68.91998,double_rcm_log_20260616_135653_209.csv,80.16979,Unknown,Task4_EntryRCM_TipCone,0.0,4.673672303497257,13.13834232235982,13.149277427170098,4.675171128028413,13.142397861062523,13.153417806790713,14.829086861012346,18.59090882731696,62.97202212729802,3.4023205694027454,9.974129710922155
28.17006,0.01212,82.48628,Done,EntryTipCone,161.2459,0.00059,4.67429,13.15164,13.15164,1.0,13.15164,4.67429,0.0,0.0,0.0,0.59689,1.0,6,6,1,0.68668,0.89789,0.05165,0.91004,0.56635,0.06564,0.82,0.7,0.06,0.9,0.56,0.06,-3.76465,-12.97644,21.01009,-71.17728,-2.18447,68.94184,double_rcm_log_20260616_135653_209.csv,82.48628,Unknown,Task4_EntryRCM_TipCone,0.0,4.67412530498389,13.139612946388487,13.150551230320726,4.67402051240864,13.139656007673812,13.150425848617923,14.975742469656957,17.854138568446366,86.89599961955628,3.19952532345239,9.875806884868428
28.20431,0.01238,80.80535,Done,EntryTipCone,161.2457,0.00045,4.67441,13.15173,13.15173,1.0,13.15173,4.67441,0.0,0.0,0.0,0.59689,1.0,6,6,1,0.68697,0.89806,0.05098,0.90984,0.56624,0.0661,0.82,0.7,0.06,0.9,0.56,0.06,-3.71352,-13.03512,21.13945,-71.37846,-2.24908,68.96247,double_rcm_log_20260616_135653_209.csv,80.80535,Unknown,Task4_EntryRCM_TipCone,0.0,4.674086763081118,13.139504840223857,13.150442853648705,4.674606994443156,13.1410078058665,13.151927615372516,14.833828231028717,16.421554861052783,55.05616518325612,3.019750352473509,9.756153342955413
28.2379,0.01098,91.04692,Done,EntryTipCone,161.2453,0.00032,4.67458,13.15208,13.15208,1.0,13.15208,4.67458,0.0,0.0,0.0,0.59689,1.0,6,6,1,0.68728,0.89823,0.05033,0.90963,0.56612,0.06653,0.82,0.7,0.06,0.9,0.56,0.06,-3.66322,-13.07873,21.24342,-71.57588,-2.31265,68.98138,double_rcm_log_20260616_135653_209.csv,91.04692,Unknown,Task4_EntryRCM_TipCone,0.0,4.673711981056517,13.138453613992517,13.149388997231508,4.672706626183442,13.135641824967884,13.14656609156929,14.809771153411974,15.48380221441575,34.84558196436729,2.867626838663817,9.74568437923703
28.27197,0.01086,92.09781,Done,EntryTipCone,161.2455,0.00033,4.67466,13.15242,13.15242,1.0,13.15242,4.67466,0.0,0.0,0.0,0.59689,1.0,6,6,1,0.68761,0.89842,0.04968,0.90941,0.56599,0.06697,0.82,0.7,0.06,0.9,0.56,0.06,-3.61216,-13.10856,21.3251,-71.77575,-2.37709,68.99924,double_rcm_log_20260616_135653_209.csv,92.09781,Unknown,Task4_EntryRCM_TipCone,0.0,4.675665193954643,13.143932175360336,13.15488127069447,4.675036497782725,13.142524871576244,13.153292363511119,14.907808680805061,16.9441894999784,61.8362826674714,2.73965320899216,9.665434878302465
28.30666,0.01188,84.19485,Done,EntryTipCone,161.2452,0.00021,4.67475,13.15252,13.15252,1.0,13.15252,4.67475,0.0,0.0,0.0,0.59689,1.0,6,6,1,0.68798,0.89863,0.04904,0.90916,0.56585,0.0674,0.82,0.7,0.06,0.9,0.56,0.06,-3.56023,-13.12433,21.38419,-71.9786,-2.44253,69.01612,double_rcm_log_20260616_135653_209.csv,84.19485,Unknown,Task4_EntryRCM_TipCone,0.0,4.674150451680172,13.139683480341642,13.150621940768826,4.6734421141331515,13.137819980733184,13.148691950152228,14.865777851953506,16.54249667051523,46.64409202043241,2.6449005791824636,9.589426722351348
28.33948,0.01007,99.30993,Done,EntryTipCone,161.2452,3e-05,4.67487,13.15265,13.15265,1.0,13.15265,4.67487,0.0,0.0,0.0,0.59689,1.0,6,6,1,0.68834,0.89884,0.04845,0.90892,0.56571,0.0678,0.82,0.7,0.06,0.9,0.56,0.06,-3.51119,-13.12592,21.41808,-72.16983,-2.50416,69.03096,double_rcm_log_20260616_135653_209.csv,99.30993,Unknown,Task4_EntryRCM_TipCone,0.0,4.674954959635657,13.141940042882338,13.15288415085011,4.675055360107454,13.142578133684376,13.153345582018236,14.80386290926556,16.93512841319414,37.0737359375969,2.588060634239863,9.600210014577797
28.37368,0.01066,93.78963,Done,EntryTipCone,161.2451,0.00013,4.67496,13.15292,13.15292,1.0,13.15292,4.67496,0.0,0.0,0.0,0.59689,1.0,6,6,1,0.68874,0.89906,0.04786,0.90865,0.56556,0.0682,0.82,0.7,0.06,0.9,0.56,0.06,-3.46029,-13.11351,21.43011,-72.36798,-2.56791,69.04515,double_rcm_log_20260616_135653_209.csv,93.78963,Unknown,Task4_EntryRCM_TipCone,0.0,4.674469373746614,13.140578024432834,13.151518723418894,4.67464607177927,13.141118147016403,13.15203786490891,14.791389594677655,16.66724894627101,45.72175910679709,2.5636772273136614,9.572410799461808
28.40785,0.01054,94.87308,Done,EntryTipCone,161.245,0.00017,4.675,13.15302,13.15302,1.0,13.15302,4.67504,0.0,0.0,0.0,0.59689,1.0,6,6,1,0.68915,0.8993,0.04728,0.90837,0.5654,0.06859,0.82,0.7,0.06,0.9,0.56,0.06,-3.40973,-13.08716,21.41895,-72.56447,-2.6309,69.05807,double_rcm_log_20260616_135653_209.csv,94.87308,Unknown,Task4_EntryRCM_TipCone,0.0,4.6752980423090476,13.142902353907187,13.153848870861182,4.675035479480746,13.142217703030402,13.15313650807287,14.926618552553983,17.3539609429244,78.0245656886457,2.57721770748876,9.576551596301016
28.44157,0.01023,97.79449,Done,EntryTipCone,161.245,0.00017,4.67508,13.15342,13.15342,1.0,13.15342,4.67508,0.0,0.0,0.0,0.59689,1.0,6,6,1,0.68958,0.89955,0.04673,0.90808,0.56523,0.06897,0.82,0.7,0.06,0.9,0.56,0.06,-3.36022,-13.0473,21.38493,-72.75676,-2.69228,69.06951,double_rcm_log_20260616_135653_209.csv,97.79449,Unknown,Task4_EntryRCM_TipCone,0.0,4.6753459590054565,13.143036755192764,13.153983608626373,4.676263734781733,13.145990263194303,13.15675491905201,14.97057917490538,17.832230344631995,87.04559139317483,2.6273608841151463,9.621873534570076
28.47654,0.01078,92.7607,Done,EntryTipCone,161.245,0.00019,4.67525,13.15356,13.15356,1.0,13.15356,4.67525,0.0,0.0,0.0,0.59689,1.0,6,6,1,0.69005,0.89981,0.04617,0.90776,0.56505,0.06934,0.82,0.7,0.06,0.9,0.56,0.06,-3.30934,-12.99154,21.32554,-72.95411,-2.75488,69.07981,double_rcm_log_20260616_135653_209.csv,92.7607,Unknown,Task4_EntryRCM_TipCone,0.0,4.675313980074528,13.142947057661395,13.153893686532614,4.6743531508329905,13.140392454038567,13.151262296829147,14.807691803173267,15.882901279622507,5.56867041543187,2.715740301616846,9.645391382455308
28.51059,0.01025,97.51729,Done,EntryTipCone,161.245,0.00011,4.67529,13.15388,13.15388,1.0,13.15388,4.67529,0.0,0.0,0.0,0.59689,1.0,6,6,1,0.69052,0.90008,0.04566,0.90745,0.56487,0.06969,0.82,0.7,0.06,0.9,0.56,0.06,-3.26034,-12.92301,21.24395,-73.14401,-2.81464,69.08827,double_rcm_log_20260616_135653_209.csv,97.51729,Unknown,Task4_EntryRCM_TipCone,0.0,4.675472761610999,13.143392423098756,13.15434016699602,4.676469813786387,13.146572176807114,13.157336356573042,14.85587416385268,17.435891303646137,27.05499996706378,2.834408230405071,9.69527900723027
28.54503,0.01133,88.28873,Done,EntryTipCone,161.2447,0.00042,4.67542,13.15382,13.15382,1.0,13.15382,4.67542,0.0,0.0,0.0,0.59689,1.0,6,6,1,0.69101,0.90036,0.04515,0.90711,0.56468,0.07003,0.82,0.7,0.06,0.9,0.56,0.06,-3.21144,-12.83959,21.13773,-73.33351,-2.87368,69.09508,double_rcm_log_20260616_135653_209.csv,88.28873,Unknown,Task4_EntryRCM_TipCone,0.0,4.676487779260047,13.146239438000611,13.157194311538559,4.675714505976508,13.144135047763488,13.155052261393656,14.790662564352525,17.707157542523852,22.995508138647654,2.984364202813613,9.813050195290788
28.57871,0.01111,90.04238,Done,EntryTipCone,161.2446,0.00039,4.6755,13.15422,13.15422,1.0,13.15422,4.6755,0.0,0.0,0.0,0.59689,1.0,6,6,1,0.69151,0.90065,0.04469,0.90678,0.56449,0.07034,0.82,0.7,0.06,0.9,0.56,0.06,-3.16432,-12.744,21.01026,-73.51601,-2.92987,69.09978,double_rcm_log_20260616_135653_209.csv,90.04238,Unknown,Task4_EntryRCM_TipCone,0.0,4.675112619141968,13.14238226137059,13.153327476315306,4.675544233901862,13.143755697902863,13.154622761599821,14.840701342253302,16.1189456883226,36.905683914756835,3.1586032031470572,9.90314663629303
28.61282,0.01114,89.73315,Done,EntryTipCone,161.2446,0.00047,4.67567,13.15446,13.15446,1.0,13.15446,4.67567,0.0,0.0,0.0,0.59689,1.0,6,6,1,0.69203,0.90095,0.04423,0.90642,0.56429,0.07065,0.82,0.7,0.06,0.9,0.56,0.06,-3.11739,-12.63305,20.85729,-73.69778,-2.98503,69.10239,double_rcm_log_20260616_135653_209.csv,89.73315,Unknown,Task4_EntryRCM_TipCone,0.0,4.675975820349584,13.144803449054777,13.155754726127782,4.675601321481631,13.143511122047398,13.15458095113634,14.872987155125632,15.938837686673885,27.445570400736806,3.35718013257472,10.031214253971907
28.64751,0.01169,85.54459,Done,EntryTipCone,161.2445,0.00055,4.67579,13.15475,13.15475,1.0,13.15475,4.67579,0.0,0.0,0.0,0.59689,1.0,6,6,1,0.69257,0.90126,0.0438,0.90606,0.56408,0.07094,0.82,0.7,0.06,0.9,0.56,0.06,-3.07058,-12.50566,20.67705,-73.87915,-3.0391,69.10256,double_rcm_log_20260616_135653_209.csv,85.54459,Unknown,Task4_EntryRCM_TipCone,0.0,4.67572538443612,13.14410100323007,13.15505052129985,4.675690256758526,13.144066575981936,13.154983846436275,14.807445870515489,17.230827243776695,35.98534584145743,3.5834884238899813,10.191417707274491
28.68199,0.01099,90.99256,Done,EntryTipCone,161.2444,0.00062,4.67588,13.15494,13.15494,1.0,13.15494,4.67588,0.0,0.0,0.0,0.59689,1.0,6,6,1,0.69313,0.90157,0.04339,0.90568,0.56387,0.07122,0.82,0.7,0.06,0.9,0.56,0.06,-3.02503,-12.36396,20.47224,-74.05573,-3.09062,69.09988,double_rcm_log_20260616_135653_209.csv,90.99256,Unknown,Task4_EntryRCM_TipCone,0.0,4.676461697422841,13.14616628131526,13.157120971611565,4.676778050446371,13.146630805588991,13.157799968079763,14.946701499029745,17.800987056132694,58.47771141701307,3.826893396653553,10.311231558140404
28.71698,0.01166,85.76325,Done,EntryTipCone,161.2442,0.00086,4.676,13.1552,13.1552,1.0,13.1552,4.676,0.0,0.0,0.0,0.59689,1.0,6,6,1,0.69371,0.9019,0.043,0.90529,0.56364,0.07148,0.82,0.7,0.06,0.9,0.56,0.06,-2.97992,-12.20521,20.23886,-74.23078,-3.14039,69.09403,double_rcm_log_20260616_135653_209.csv,85.76325,Unknown,Task4_EntryRCM_TipCone,0.0,4.675915957756266,13.144635540936367,13.15558639753161,4.6752928207781315,13.142944348731238,13.153862550597072,14.766015239101938,17.03449442288507,42.38150951829574,4.091407258100572,10.550823355676402
28.75174,0.01208,82.77328,Done,EntryTipCone,161.2439,0.00095,4.67621,13.15556,13.15556,1.0,13.15556,4.67621,0.0,0.0,0.0,0.59689,1.0,6,6,1,0.69429,0.90224,0.04264,0.9049,0.56342,0.07172,0.82,0.7,0.06,0.9,0.56,0.06,-2.93628,-12.03193,19.98031,-74.40035,-3.18708,69.08458,double_rcm_log_20260616_135653_209.csv,82.77328,Unknown,Task4_EntryRCM_TipCone,0.0,4.6763409383919665,13.145827565477067,13.156781407390817,4.675877098897357,13.144391257812657,13.155409533724146,14.834499488682528,16.0913951965334,35.06693039067573,4.375847036247221,10.884583026583948
28.78569,0.01235,80.94551,Done,EntryTipCone,161.244,0.00104,4.67638,13.15605,13.15605,1.0,13.15605,4.67638,0.0,0.0,0.0,0.59689,1.0,6,6,1,0.69487,0.90257,0.04232,0.9045,0.56319,0.07194,0.82,0.7,0.06,0.9,0.56,0.06,-2.89486,-11.84755,19.70173,-74.56151,-3.2298,69.07144,double_rcm_log_20260616_135653_209.csv,80.94551,Unknown,Task4_EntryRCM_TipCone,0.0,4.675585278287703,13.143708020430422,13.15465655450987,4.674847315639512,13.141584964707054,13.152554884888302,14.869200724443727,14.890630985937896,41.71510171517224,4.673198405637007,11.139247612636137
28.81908,0.01196,83.63416,Done,EntryTipCone,161.2439,0.00109,4.67651,13.15636,13.15636,1.0,13.15636,4.67651,0.0,0.0,0.0,0.59689,1.0,6,6,1,0.69546,0.90291,0.04202,0.90411,0.56297,0.07214,0.82,0.7,0.06,0.9,0.56,0.06,-2.85537,-11.65104,19.40153,-74.71554,-3.26873,69.05423,double_rcm_log_20260616_135653_209.csv,83.63416,Unknown,Task4_EntryRCM_TipCone,0.0,4.676405728490493,13.146009294605289,13.156963591691115,4.6762695192037,13.145397849262064,13.156466090861901,14.834464225681556,17.82023629075574,87.00220032417047,4.9788683275319405,11.392079695534866
28.85321,0.01245,80.32594,Done,EntryTipCone,161.2435,0.00142,4.67672,13.15667,13.15667,1.0,13.15667,4.67672,0.0,0.0,0.0,0.59689,1.0,6,6,1,0.69607,0.90325,0.04175,0.9037,0.56273,0.07233,0.82,0.7,0.06,0.9,0.56,0.06,-2.81638,-11.43492,19.0682,-74.86806,-3.30517,69.03188,double_rcm_log_20260616_135653_209.csv,80.32594,Unknown,Task4_EntryRCM_TipCone,0.0,4.6763496621754035,13.145852034734842,13.156805937935092,4.677264291847405,13.148612620582943,13.159475673445318,14.925805630700898,20.23958361882023,82.38449015708483,5.308438069021296,11.92468775653762
28.88715,0.0125,79.99202,Done,EntryTipCone,161.2433,0.00163,4.67684,13.15702,13.15702,1.0,13.15702,4.67684,0.0,0.0,0.0,0.59689,1.0,6,6,1,0.69668,0.9036,0.0415,0.90328,0.5625,0.07249,0.82,0.7,0.06,0.9,0.56,0.06,-2.77903,-11.20371,18.70835,-75.01461,-3.3377,69.00414,double_rcm_log_20260616_135653_209.csv,79.99202,Unknown,Task4_EntryRCM_TipCone,0.0,4.676130501656207,13.145237313371904,13.15618967698408,4.675189970451948,13.14204532729266,13.153269555513544,14.888473969514743,15.904886714310969,119.29657273562827,5.6658823706637245,12.399802477056243
28.922,0.01152,86.79351,Done,EntryTipCone,161.2432,0.00181,4.67688,13.157,13.157,1.0,13.157,4.67688,0.0,0.0,0.0,0.59689,1.0,6,6,1,0.69731,0.90397,0.04127,0.90285,0.56225,0.07264,0.82,0.7,0.06,0.9,0.56,0.06,-2.74225,-10.94851,18.30778,-75.15959,-3.36686,68.96913,double_rcm_log_20260616_135653_209.csv,86.79351,Unknown,Task4_EntryRCM_TipCone,0.0,4.676614102539237,13.14659376086942,13.157549521938073,4.674410179664698,13.14014781558353,13.151220475682095,14.788489395615878,14.514940376202604,96.74326740539271,6.046135536563382,13.020571732071474
28.95556,0.0121,82.63321,Done,EntryTipCone,161.2429,0.00203,4.67718,13.15773,13.15773,1.0,13.15773,4.67718,0.0,0.0,0.0,0.59689,1.0,6,6,1,0.69793,0.90432,0.04108,0.90244,0.56201,0.07277,0.82,0.7,0.06,0.9,0.56,0.06,-2.7084,-10.68621,17.89294,-75.29374,-3.39066,68.92875,double_rcm_log_20260616_135653_209.csv,82.63321,Unknown,Task4_EntryRCM_TipCone,0.0,4.677510934385924,13.14910927347076,13.160071336939069,4.675847344883368,13.144611589779052,13.155477946467771,14.72624511950025,18.279915117594093,75.20987477996547,6.4488218922251335,13.641413842453263
28.9866,0.01026,97.45769,Done,EntryTipCone,161.243,0.0018,4.67709,13.15761,13.15761,1.0,13.15761,4.67709,0.0,0.0,0.0,0.59689,1.0,6,6,1,0.69851,0.90465,0.04093,0.90205,0.56179,0.07287,0.82,0.7,0.06,0.9,0.56,0.06,-2.67857,-10.42652,17.47927,-75.41272,-3.40838,68.88421,double_rcm_log_20260616_135653_209.csv,97.45769,Unknown,Task4_EntryRCM_TipCone,0.0,4.677356243054956,13.148675381891616,13.15963635810932,4.675572186741831,13.143631742582237,13.154599955908958,14.908101310821277,15.916045612332248,95.96258118924858,6.832748579945457,13.986161450796494
29.0193,0.01075,93.03773,Done,EntryTipCone,161.2425,0.00232,4.67743,13.15817,13.15817,1.0,13.15817,4.67743,0.0,0.0,0.0,0.59689,1.0,6,6,1,0.69912,0.905,0.0408,0.90163,0.56155,0.07296,0.82,0.7,0.06,0.9,0.56,0.06,-2.64869,-10.13756,17.01616,-75.53285,-3.42249,68.82996,double_rcm_log_20260616_135653_209.csv,93.03773,Unknown,Task4_EntryRCM_TipCone,0.0,4.67691373215986,13.147434188660378,13.158392055078716,4.675269048244997,13.142775786895829,13.15374471395883,14.908435450539491,15.491924308576259,115.15458873103502,7.255044167651204,14.607830203878375
29.05158,0.01044,95.76366,Done,EntryTipCone,161.2422,0.00267,4.67755,13.1585,13.1585,1.0,13.1585,4.67755,0.0,0.0,0.0,0.59689,1.0,6,6,1,0.69973,0.90535,0.04069,0.90122,0.56132,0.07304,0.82,0.7,0.06,0.9,0.56,0.06,-2.62087,-9.83361,16.52587,-75.6459,-3.43112,68.76733,double_rcm_log_20260616_135653_209.csv,95.76366,Unknown,Task4_EntryRCM_TipCone,0.0,4.678897268699498,13.15299777917343,13.163969589726008,4.678708830987544,13.152184024540732,13.1632974592235,14.813049633727251,19.37511803723906,34.905295274712024,7.699079646258729,15.679093835000053
29.08519,0.01229,81.39563,Done,EntryTipCone,161.2413,0.00329,4.67822,13.16003,13.16003,1.0,13.16003,4.67822,0.0,0.0,0.0,0.59689,1.0,6,6,1,0.70036,0.90571,0.04061,0.90079,0.56107,0.07309,0.82,0.7,0.06,0.9,0.56,0.06,-2.5937,-9.49908,15.98308,-75.75774,-3.4343,68.69225,double_rcm_log_20260616_135653_209.csv,81.39563,Unknown,Task4_EntryRCM_TipCone,0.0,4.677791479148337,13.149896169358165,13.160860204823514,4.6765636467383525,13.146431279423906,13.157397159012866,14.789850939001575,16.20488328373493,51.73474930195053,8.210905246738541,17.88581226883327
29.11878,0.01244,80.3646,Done,EntryTipCone,161.2405,0.00396,4.67868,13.16081,13.16081,1.0,13.16081,4.67868,0.0,0.0,0.0,0.5969,1.0,6,6,1,0.701,0.90608,0.04055,0.90036,0.56083,0.07313,0.82,0.7,0.06,0.9,0.56,0.06,-2.5685,-9.14114,15.39866,-75.86333,-3.43047,68.60452,double_rcm_log_20260616_135653_209.csv,80.3646,Unknown,Task4_EntryRCM_TipCone,0.0,4.679014948610582,13.153327857214022,13.1643004954203,4.677959189017303,13.149965837919947,13.161132170144029,14.797106088616724,16.08208908737565,73.47685376143662,8.824439016837141,19.70448311818304
29.1489,0.01152,86.83079,Done,EntryTipCone,161.2404,0.00408,4.67877,13.16118,13.16118,1.0,13.16118,4.67877,0.0,0.0,0.0,0.5969,1.0,6,6,1,0.70157,0.9064,0.04053,0.89997,0.56061,0.07315,0.82,0.7,0.06,0.9,0.56,0.06,-2.54767,-8.79794,14.83498,-75.95261,-3.42023,68.51326,double_rcm_log_20260616_135653_209.csv,86.83079,Unknown,Task4_EntryRCM_TipCone,0.0,4.6787821389709885,13.152674854035492,13.163645854910419,4.679073325654291,13.152908657549721,13.164174869698451,14.819927030087873,19.66230142929585,50.30716937812342,9.395041971214495,20.879428821491683
29.18108,0.01123,89.02678,Done,EntryTipCone,161.2396,0.00474,4.67914,13.16192,13.16192,1.0,13.16192,4.67914,0.0,0.0,0.0,0.5969,1.0,6,6,1,0.70219,0.90675,0.04052,0.89956,0.56037,0.07315,0.82,0.7,0.06,0.9,0.56,0.06,-2.52731,-8.40935,14.19335,-76.04243,-3.40175,68.40199,double_rcm_log_20260616_135653_209.csv,89.02678,Unknown,Task4_EntryRCM_TipCone,0.0,4.679644279612253,13.15509305427412,13.166070119328733,4.678429719444481,13.15149742863469,13.16256054117132,14.83053551761141,17.521826112926185,86.4910644863558,10.064545667576823,23.074277321923443
29.21323,0.0104,96.14925,Done,EntryTipCone,161.2389,0.00538,4.6794,13.16245,13.16245,1.0,13.16245,4.6794,0.0,0.0,0.0,0.5969,1.0,6,6,1,0.7028,0.9071,0.04054,0.89914,0.56014,0.07313,0.82,0.7,0.06,0.9,0.56,0.06,-2.50908,-7.99321,13.50231,-76.12637,-3.37391,68.27333,double_rcm_log_20260616_135653_209.csv,96.14925,Unknown,Task4_EntryRCM_TipCone,0.0,4.679601845986535,13.154974033155241,13.165950799685376,4.677249204386302,13.147453745877948,13.158879131597796,14.88450460517973,14.694202091636447,97.87966163082284,10.815316649843119,25.901853009698236
29.24525,0.01053,95.00529,Done,EntryTipCone,161.2375,0.00644,4.68002,13.16375,13.16375,1.0,13.16375,4.68002,0.0,0.0,0.0,0.5969,1.0,6,6,1,0.7034,0.90745,0.04059,0.89873,0.5599,0.0731,0.82,0.7,0.06,0.9,0.56,0.06,-2.49309,-7.5508,12.7636,-76.20436,-3.33587,68.12608,double_rcm_log_20260616_135653_209.csv,95.00529,Unknown,Task4_EntryRCM_TipCone,0.0,4.679614767326313,13.155010275930259,13.16598713336266,4.6782126623518705,13.150580039854345,13.16179698977309,14.790863599126421,15.159747692862299,75.84577238497475,11.664307113191644,29.576678566153532
29.27736,0.01033,96.76431,Done,EntryTipCone,161.2361,0.00789,4.68069,13.16501,13.16501,1.0,13.16501,4.68069,0.0,0.0,0.0,0.59691,1.0,6,6,1,0.704,0.90779,0.04066,0.89832,0.55967,0.07305,0.82,0.7,0.06,0.9,0.56,0.06,-2.47944,-7.0725,11.96047,-76.27715,-3.28485,67.95466,double_rcm_log_20260616_135653_209.csv,96.76431,Unknown,Task4_EntryRCM_TipCone,0.0,4.679998357777004,13.15608619984417,13.167065756083424,4.678277996474605,13.15046000950304,13.161831179588965,14.661121613111202,15.296381574125657,25.591182060453452,12.651735087028497,34.23344860522558
29.30982,0.01042,95.92619,Done,EntryTipCone,161.2335,0.01004,4.68182,13.16753,13.16753,1.0,13.16753,4.68182,0.0,0.0,0.0,0.59691,1.0,6,6,1,0.7046,0.90814,0.04075,0.89791,0.55944,0.07299,0.82,0.7,0.06,0.9,0.56,0.06,-2.46823,-6.551,11.07987,-76.3456,-3.21813,67.75358,double_rcm_log_20260616_135653_209.csv,95.92619,Unknown,Task4_EntryRCM_TipCone,0.0,4.682105485425126,13.16199642255099,13.17299081168159,4.680861860270877,13.157450887088807,13.16897110635452,14.529601106790158,16.443430764710698,38.851559441193444,13.81557728041554,39.10191791775364
29.34219,0.01082,92.41173,Done,EntryTipCone,161.2301,0.01299,4.68325,13.17037,13.17037,1.0,13.17037,4.68325,0.0,0.0,0.0,0.59692,1.0,6,6,1,0.70519,0.90848,0.04087,0.89751,0.55921,0.07291,0.82,0.7,0.06,0.9,0.56,0.06,-2.45997,-5.98439,10.1175,-76.40932,-3.13222,67.51834,double_rcm_log_20260616_135653_209.csv,92.41173,Unknown,Task4_EntryRCM_TipCone,0.0,4.6826003716466635,13.163384512326964,13.17438238708979,4.681793019862447,13.16018155123776,13.171647581073529,14.479571025680597,16.167554083924465,192.59016544247336,15.122874143964035,49.483642811551924
29.37593,0.01236,80.88237,Done,EntryTipCone,161.2234,0.01876,4.68596,13.17617,13.17617,1.0,13.17617,4.68596,0.0,0.0,0.0,0.59693,1.0,6,6,1,0.70579,0.90883,0.041,0.89709,0.55898,0.07281,0.82,0.7,0.06,0.9,0.56,0.06,-2.45472,-5.34342,9.02246,-76.4724,-3.01805,67.23186,double_rcm_log_20260616_135653_209.csv,80.88237,Unknown,Task4_EntryRCM_TipCone,0.0,4.685884470422542,13.172595946025336,13.183616970339626,4.683426461188561,13.164082252039508,13.175909835757071,14.302225174854602,18.44380672714771,280.7339096017817,17.040386980276494,55.09927387886177
29.4125,0.01018,98.21375,Done,EntryTipCone,161.2155,0.02567,4.68864,13.1817,13.1817,1.0,13.1817,4.68864,0.0,0.0,0.0,0.59695,1.0,6,6,1,0.70642,0.9092,0.04117,0.89665,0.55874,0.07269,0.82,0.7,0.06,0.9,0.56,0.06,-2.45436,-4.54543,7.64924,-76.53989,-2.84702,66.84341,double_rcm_log_20260616_135653_209.csv,98.21375,Unknown,Task4_EntryRCM_TipCone,0.0,4.689338682904529,13.182284477968905,13.193329885977507,4.686813431505653,13.172831364359256,13.18507489550214,13.53442471242301,24.063394746630884,223.71649211820701,18.89102100199794,67.01134093707549
29.45378,0.01333,75.02464,Done,EntryTipCone,161.1897,0.04854,4.69761,13.20022,13.20022,1.0,13.20022,4.69761,0.0,0.0,0.0,0.59702,1.0,6,6,1,0.70704,0.90958,0.04134,0.89619,0.55851,0.07255,0.82,0.7,0.06,0.9,0.56,0.06,-2.4597,-3.60133,6.01382,-76.62206,-2.60148,66.34447,double_rcm_log_20260616_135653_209.csv,75.02464,Unknown,Task4_EntryRCM_TipCone,0.0,4.697483570105378,13.205129437512023,13.216232483510758,4.692470643042531,13.186461238709967,13.199950757483919,12.70949793251209,30.269371858117186,541.9859101937396,22.25812426920275,95.38757226200039
29.49061,0.01159,86.25611,Done,EntryTipCone,161.1609,0.07463,4.70545,13.21587,13.21587,1.0,13.21587,4.70545,0.0,0.0,0.0,0.59709,1.0,6,6,1,0.70754,0.90989,0.04149,0.89579,0.55832,0.07242,0.82,0.7,0.06,0.9,0.56,0.06,-2.47628,-2.55176,4.17814,-76.72028,-2.24825,65.73145,double_rcm_log_20260616_135653_209.csv,86.25611,Unknown,Task4_EntryRCM_TipCone,0.0,4.706663545128357,13.230877314346692,13.242045563078964,4.7004678049044815,13.206281780332379,13.221304776760896,11.46159199887512,59.82955334862255,655.5273928548952,25.977000028454956,41.79012564623564
29.5227,0.01076,92.97159,Done,EntryTipCone,161.1157,0.11621,4.7173,13.23935,13.23935,1.0,13.23935,4.7173,0.0,0.0,0.0,0.5972,1.0,6,6,1,0.70786,0.91012,0.04157,0.89549,0.5582,0.07232,0.82,0.7,0.06,0.9,0.56,0.06,-2.50203,-1.57455,2.45437,-76.85473,-1.8007,65.11161,double_rcm_log_20260616_135653_209.csv,92.97159,Unknown,Task4_EntryRCM_TipCone,0.0,4.717655811723049,13.261707836562074,13.272954495296558,4.708491588024516,13.22524910336868,13.242450679538141,9.104775492660849,75.06785309841462,85.5126032162909,23.72022587044828,139.393331315928
29.56045,0.0129,77.52496,Done,EntryTipCone,161.0267,0.19789,4.73826,13.27966,13.27966,1.0,13.27966,4.73826,0.0,0.0,0.0,0.59743,1.0,6,6,1,0.70803,0.91031,0.04154,0.89522,0.55815,0.07225,0.82,0.7,0.06,0.9,0.56,0.06,-2.53556,-0.7642,1.01643,-77.06129,-1.24245,64.57442,double_rcm_log_20260616_135653_209.csv,77.52496,Unknown,Task4_EntryRCM_TipCone,0.0,4.738363466418787,13.319786233579903,13.331181598922585,4.722391205711322,13.256987765528967,13.279058701579718,6.9781658884777,47.971025406948456,785.2639583589435,16.962474354705503,212.24349591328482
29.59189,0.01074,93.0816,Done,EntryTipCone,160.9389,0.2787,4.75493,13.30949,13.30949,1.0,13.30949,4.75493,0.0,0.0,0.0,0.59765,1.0,6,6,1,0.70808,0.91043,0.04148,0.89502,0.55814,0.0722,0.82,0.7,0.06,0.9,0.56,0.06,-2.57165,-0.31881,0.21881,-77.29693,-0.68312,64.27446,double_rcm_log_20260616_135653_209.csv,93.0816,Unknown,Task4_EntryRCM_TipCone,0.0,4.754798196484718,13.365879195597802,13.37739351090077,4.7333319349070075,13.280344064124952,13.307892395116525,6.298967922799187,24.548267215289176,635.0259984926697,10.744416687635647,204.06612273798135
29.62659,0.01083,92.35663,Done,EntryTipCone,160.8349,0.37315,4.76872,13.33021,13.33021,1.0,13.33021,4.76872,0.0,0.0,0.0,0.59791,1.0,6,6,1,0.70809,0.91055,0.04141,0.89482,0.55815,0.07214,0.82,0.7,0.06,0.9,0.56,0.06,-2.59854,-0.16479,-0.05566,-77.49601,-0.26395,64.19196,double_rcm_log_20260616_135653_209.csv,92.35663,Unknown,Task4_EntryRCM_TipCone,0.0,4.76904795758911,13.405843287983888,13.417461406352132,4.741021952316934,13.293069102124116,13.327959333671483,5.902093901240789,17.703466755525188,278.98777169619524,4.926024258707893,130.71914270500878
29.65997,0.01214,82.35429,Done,EntryTipCone,160.7328,0.46488,4.77578,13.33496,13.33496,1.0,13.33496,4.77578,0.0,0.0,0.0,0.59817,1.0,6,6,1,0.70808,0.91066,0.04137,0.89464,0.55816,0.07207,0.82,0.7,0.06,0.9,0.56,0.06,-2.61409,-0.12816,-0.11601,-77.61667,-0.0241,64.19826,double_rcm_log_20260616_135653_209.csv,82.35429,Unknown,Task4_EntryRCM_TipCone,0.0,4.775902772350462,13.425067627352325,13.436735901307987,4.7434696410249275,13.291832599237564,13.334170390391767,5.820857975015606,16.32717490308895,95.34706848956256,2.4872848774110943,60.384770355473556
29.69291,0.01097,91.14278,Done,EntryTipCone,160.6309,0.55556,4.77643,13.32415,13.32415,1.0,13.32415,4.77643,0.0,0.0,0.0,0.59843,1.0,6,6,1,0.70806,0.91076,0.04135,0.89447,0.55818,0.07198,0.82,0.7,0.06,0.9,0.56,0.06,-2.622,-0.11765,-0.12618,-77.67422,0.08845,64.22576,double_rcm_log_20260616_135653_209.csv,91.14278,Unknown,Task4_EntryRCM_TipCone,0.0,4.776225843596672,13.425973676458641,13.437644317828868,4.738269418112618,13.268763840168177,13.319673419419887,5.833850697742868,13.978185890905019,22.839789445269663,1.1143888962515667,32.69285101800264
29.7271,0.01042,95.99347,Done,EntryTipCone,160.5245,0.64982,4.77056,13.29664,13.29664,1.0,13.29664,4.77056,0.0,0.0,0.0,0.59869,1.0,6,6,1,0.70802,0.91086,0.04136,0.8943,0.5582,0.07188,0.82,0.7,0.06,0.9,0.56,0.06,-2.62617,-0.11022,-0.12848,-77.69077,0.12679,64.25815,double_rcm_log_20260616_135653_209.csv,95.99347,Unknown,Task4_EntryRCM_TipCone,0.0,4.7703508169410975,13.409497173975403,13.421124814077595,4.730582464243265,13.238722922373787,13.299037559161963,5.848767778560689,16.09856047255809,57.73588529526007,0.511980358038021,15.54220782805379
29.77661,0.03862,25.89158,Done,EntryTipCone,160.3699,0.78556,4.75044,13.22889,13.22889,1.0,13.22889,4.75044,0.0,0.0,0.0,0.59908,1.0,6,6,1,0.70794,0.911,0.0414,0.89407,0.55824,0.0717,0.82,0.7,0.06,0.9,0.56,0.06,-2.63208,-0.09962,-0.13142,-77.67981,0.1378,64.30523,double_rcm_log_20260616_135653_209.csv,25.89158,Unknown,Task4_EntryRCM_TipCone,0.0,4.751740262959561,13.357302976422607,13.36879509691018,4.706499095272519,13.15876572420894,13.234519258363722,5.916372526755972,17.924889762540552,19.576052440022895,0.45578532948017164,4.84755749352864
29.81427,0.008,124.9484,Done,EntryTipCone,160.2513,0.88875,4.72597,13.15493,13.15493,1.0,13.15493,4.72597,0.0,0.0,0.0,0.59938,1.0,6,6,1,0.70785,0.91109,0.04147,0.89392,0.55828,0.07154,0.82,0.7,0.06,0.9,0.56,0.06,-2.63876,-0.09624,-0.12627,-77.65854,0.14263,64.34423,double_rcm_log_20260616_135653_209.csv,124.9484,Unknown,Task4_EntryRCM_TipCone,0.0,4.726057275861015,13.285271485379761,13.296578320129434,4.677411120688441,13.068145416063633,13.156610505749573,6.099448271260815,15.593615511863241,55.64717920063563,0.5097099625996614,3.427106741676801
29.84447,0.01084,92.25549,Done,EntryTipCone,160.1565,0.971,4.70057,13.08173,13.08173,1.0,13.08173,4.70057,0.0,0.0,0.0,0.59962,1.0,6,6,1,0.70777,0.91117,0.04154,0.8938,0.55832,0.0714,0.82,0.7,0.06,0.9,0.56,0.06,-2.64551,-0.09035,-0.1285,-77.63284,0.14439,64.37257,double_rcm_log_20260616_135653_209.csv,92.25549,Unknown,Task4_EntryRCM_TipCone,0.0,4.7017584063471,13.217119485881858,13.228252863167073,4.650461928066365,12.98485176598545,13.085197744015947,6.244001197933035,15.843762215502165,42.48745812131899,0.5649799994768064,3.4483022178134317
29.87615,0.00899,111.1973,Done,EntryTipCone,160.0565,1.05649,4.66867,12.99198,12.99198,1.0,12.99198,4.66862,0.0,0.0,0.0,0.59987,1.0,6,6,1,0.70767,0.91124,0.04164,0.89369,0.55836,0.07124,0.82,0.7,0.06,0.9,0.56,0.06,-2.65397,-0.08576,-0.12862,-77.59896,0.14572,64.40314,double_rcm_log_20260616_135653_209.csv,111.1973,Unknown,Task4_EntryRCM_TipCone,0.0,4.66913476285869,13.125614927731027,13.136518222471507,4.6161424255837025,12.881397977166719,12.993971679205737,6.393618300632321,16.980450886877907,4.957895216358962,0.6494085157830499,2.971652638849436
29.90929,0.0072,138.8737,Done,EntryTipCone,159.9525,1.14566,4.62935,12.88383,12.88383,1.0,12.88383,4.62935,0.0,0.0,0.0,0.60013,1.0,6,6,1,0.70755,0.9113,0.04176,0.89358,0.55841,0.07106,0.82,0.7,0.06,0.9,0.56,0.06,-2.66393,-0.08205,-0.12744,-77.55322,0.14073,64.43539,double_rcm_log_20260616_135653_209.csv,138.8737,Unknown,Task4_EntryRCM_TipCone,0.0,4.629852243869509,13.015427551529818,13.026058033120604,4.575531941040784,12.75974680240712,12.886741248275301,6.628559283745098,15.600411638522983,76.63450467377153,0.7112490932224249,2.6503949632134463
29.9414,0.01092,91.60323,Done,EntryTipCone,159.8519,1.23072,4.58574,12.76599,12.76599,1.0,12.76599,4.58574,0.0,0.0,0.0,0.60038,1.0,6,6,1,0.70743,0.91136,0.0419,0.89349,0.55846,0.07087,0.82,0.7,0.06,0.9,0.56,0.06,-2.67598,-0.07941,-0.12582,-77.50755,0.14859,64.46649,double_rcm_log_20260616_135653_209.csv,91.60323,Unknown,Task4_EntryRCM_TipCone,0.0,4.5855904317890435,12.891265941754384,12.901594523864683,4.528992211255565,12.622441187760097,12.76356533261771,6.830124889711814,12.117875981092734,48.57644348108929,0.7762553350503603,3.4059989532430284
29.97385,0.01043,95.91582,Done,EntryTipCone,159.7509,1.31629,4.53618,12.6335,12.6335,1.0,12.6335,4.53618,0.0,0.0,0.0,0.60064,1.0,6,6,1,0.70729,0.91142,0.04206,0.8934,0.55851,0.07067,0.82,0.7,0.06,0.9,0.56,0.06,-2.68882,-0.07407,-0.12934,-77.44945,0.14583,64.49548,double_rcm_log_20260616_135653_209.csv,95.91582,Unknown,Task4_EntryRCM_TipCone,0.0,4.5363486015157495,12.753125530793227,12.763125021851142,4.479912554775258,12.47819273156794,12.634437067000688,7.029117659427026,14.859327923767275,91.8481402069942,0.8843750744563095,2.8347636155607754
30.00645,0.01114,89.80647,Done,EntryTipCone,159.6498,1.40112,4.48087,12.48743,12.48743,1.0,12.48743,4.48087,0.0,0.0,0.0,0.60089,1.0,6,6,1,0.70714,0.91147,0.04224,0.89332,0.55857,0.07046,0.82,0.7,0.06,0.9,0.56,0.06,-2.70307,-0.07264,-0.12663,-77.38353,0.14131,64.52693,double_rcm_log_20260616_135653_209.csv,89.80647,Unknown,Task4_EntryRCM_TipCone,0.0,4.4817120066616605,12.599839914359718,12.609482523070804,4.425896512785903,12.320030219743169,12.493154125360029,7.30135141479984,17.533959115130703,23.789143078016586,0.9351898689456503,2.5521220742369386
30.03798,0.01078,92.77148,Done,EntryTipCone,159.5529,1.48179,4.42204,12.33373,12.33373,1.0,12.33373,4.42204,0.0,0.0,0.0,0.60114,1.0,6,6,1,0.70698,0.91151,0.04243,0.89326,0.55863,0.07024,0.82,0.7,0.06,0.9,0.56,0.06,-2.71939,-0.07203,-0.124,-77.31985,0.15231,64.55685,double_rcm_log_20260616_135653_209.csv,92.77148,Unknown,Task4_EntryRCM_TipCone,0.0,4.422567871656521,12.433895265484603,12.443161228916967,4.3657831845892705,12.145793573845296,12.335400277250828,7.57962028320497,15.139236589082103,57.06171958724135,1.003630827644303,3.5441203086080764
30.07142,0.01051,95.14724,Done,EntryTipCone,159.451,1.5665,4.3546,12.15863,12.15863,1.0,12.15863,4.3546,0.0,0.0,0.0,0.60139,1.0,6,6,1,0.70679,0.91155,0.04265,0.8932,0.5587,0.07,0.82,0.7,0.06,0.9,0.56,0.06,-2.73678,-0.06697,-0.12929,-77.23807,0.14706,64.58479,double_rcm_log_20260616_135653_209.csv,95.14724,Unknown,Task4_EntryRCM_TipCone,0.0,4.355037075396975,12.244403410985187,12.253251460278124,4.299417558356534,11.953654092111213,12.162647738054439,7.829421211904247,14.30442386472308,31.060576595391257,1.1205777109372546,2.9496568174628535
30.10433,0.01078,92.79735,Done,EntryTipCone,159.3514,1.64839,4.28231,11.97286,11.97286,1.0,11.97286,4.28231,0.0,0.0,0.0,0.60164,1.0,6,6,1,0.7066,0.91158,0.04289,0.89316,0.55877,0.06975,0.82,0.7,0.06,0.9,0.56,0.06,-2.75569,-0.0685,-0.12396,-77.1519,0.14484,64.61631,double_rcm_log_20260616_135653_209.csv,92.79735,Unknown,Task4_EntryRCM_TipCone,0.0,4.282279482997363,12.040226104631287,12.048638161197855,4.226891459233323,11.74531166695237,11.97334539717289,8.176753391468507,14.925278297568921,43.96732930598186,1.180345306303098,2.411415203091882
30.13574,0.00998,100.154,Done,EntryTipCone,159.2588,1.7253,4.20868,11.78446,11.78446,1.0,11.78446,4.20868,0.0,0.0,0.0,0.60188,1.0,6,6,1,0.70641,0.91161,0.04313,0.89312,0.55884,0.0695,0.82,0.7,0.06,0.9,0.56,0.06,-2.77529,-0.0658,-0.12738,-77.06554,0.14757,64.64205,double_rcm_log_20260616_135653_209.csv,100.154,Unknown,Task4_EntryRCM_TipCone,0.0,4.209552651064173,11.83611571727297,11.844106514391758,4.154871943872077,11.538624101418966,11.78685708745127,8.519912087118561,14.005499296146079,69.60905558802858,1.2399718439959861,2.718938168027657
30.1682,0.01067,93.74657,Done,EntryTipCone,159.1627,1.80317,4.12782,11.57934,11.57934,1.0,11.57934,4.12782,0.0,0.0,0.0,0.60212,1.0,6,6,1,0.7062,0.91162,0.0434,0.8931,0.55892,0.06923,0.82,0.7,0.06,0.9,0.56,0.06,-2.79675,-0.0661,-0.1261,-76.97005,0.14951,64.67041,double_rcm_log_20260616_135653_209.csv,93.74657,Unknown,Task4_EntryRCM_TipCone,0.0,4.127381909691006,11.605477740804774,11.613009768364464,4.072868236616288,11.304459909529273,11.574510788797964,8.72426687963857,12.691923691912374,31.12849941788134,1.3423475016603839,2.631525354446906
30.20046,0.01125,88.9063,Done,EntryTipCone,159.069,1.8791,4.04235,11.36383,11.36383,1.0,11.36383,4.04235,0.0,0.0,0.0,0.60236,1.0,6,6,1,0.70598,0.91164,0.04369,0.89308,0.559,0.06896,0.82,0.7,0.06,0.9,0.56,0.06,-2.81882,-0.06727,-0.12392,-76.86514,0.14312,64.69836,double_rcm_log_20260616_135653_209.csv,88.9063,Unknown,Task4_EntryRCM_TipCone,0.0,4.0422905817018036,11.366617069570221,11.373692881301144,3.9913683100260715,11.07197265447936,11.36521007284953,8.988052153384768,12.828999239640636,48.351551761939156,1.3982423624285383,2.301321162484179
30.23302,0.01193,83.82317,Done,EntryTipCone,158.9767,1.95396,3.95176,11.1367,11.1367,1.0,11.1367,3.95176,0.0,0.0,0.0,0.60259,1.0,6,6,1,0.70575,0.91164,0.04399,0.89308,0.55908,0.06867,0.82,0.7,0.06,0.9,0.56,0.06,-2.84322,-0.06624,-0.12716,-76.75955,0.15055,64.72345,double_rcm_log_20260616_135653_209.csv,83.82317,Unknown,Task4_EntryRCM_TipCone,0.0,3.9511202732867634,11.110664228196455,11.117272082452702,3.9006711973191344,10.81485651955042,11.131114050264713,9.258319056873134,12.100774122125461,26.443622054689623,1.45583411231027,2.5682984688628987
30.26471,0.01107,90.34264,Done,EntryTipCone,158.8878,2.02526,3.85869,10.90491,10.90491,1.0,10.90491,3.85869,0.0,0.0,0.0,0.60281,1.0,6,6,1,0.70551,0.91164,0.0443,0.89308,0.55917,0.06839,0.82,0.7,0.06,0.9,0.56,0.06,-2.86769,-0.06861,-0.12489,-76.64764,0.15019,64.74969,double_rcm_log_20260616_135653_209.csv,90.34264,Unknown,Task4_EntryRCM_TipCone,0.0,3.859127477102741,10.85237381085837,10.858530865685362,3.81252081883166,10.564515424469196,10.907217793736441,9.452610174773058,13.258425233921729,62.04295032357475,1.5510770550833142,3.0845554638700725
30.29824,0.0123,81.31777,Done,EntryTipCone,158.7967,2.0986,3.75583,10.65037,10.65037,1.0,10.65037,3.75583,0.0,0.0,0.0,0.60304,1.0,6,6,1,0.70525,0.91163,0.04465,0.8931,0.55926,0.06808,0.82,0.7,0.06,0.9,0.56,0.06,-2.89456,-0.07018,-0.12514,-76.52248,0.14749,64.77545,double_rcm_log_20260616_135653_209.csv,81.31777,Unknown,Task4_EntryRCM_TipCone,0.0,3.7555497195704057,10.561522565852663,10.567197132699325,3.7122962040383904,10.281576951780563,10.651009341841759,9.898239911053343,13.320113177684991,69.3598425788384,1.6285701137118906,2.0404510537874447
30.33014,0.01074,93.0751,Done,EntryTipCone,158.7114,2.16653,3.6535,10.39888,10.39888,1.0,10.39888,3.6535,0.0,0.0,0.0,0.60326,1.0,6,6,1,0.70499,0.91161,0.04499,0.89312,0.55935,0.06777,0.82,0.7,0.06,0.9,0.56,0.06,-2.92124,-0.07269,-0.12446,-76.39754,0.1443,64.79971,double_rcm_log_20260616_135653_209.csv,93.0751,Unknown,Task4_EntryRCM_TipCone,0.0,3.653019302134103,10.273578304495222,10.278800755213524,3.6126791857596317,10.000627749527304,10.398547975558895,10.116523765200142,13.059146627247076,43.97613236179248,1.6676366009218755,2.073024551221018
30.36356,0.00979,102.1068,Done,EntryTipCone,158.6239,2.23545,3.54232,10.12772,10.12772,1.0,10.12772,3.54232,0.0,0.0,0.0,0.60348,1.0,6,6,1,0.70471,0.91159,0.04536,0.89316,0.55945,0.06745,0.82,0.7,0.06,0.9,0.56,0.06,-2.95101,-0.07523,-0.12527,-76.26624,0.15177,64.82363,double_rcm_log_20260616_135653_209.csv,102.1068,Unknown,Task4_EntryRCM_TipCone,0.0,3.5427349395278322,9.963821328025187,9.968584990615575,3.505780644596951,9.699856382759222,10.128701792431297,10.397008677354593,12.329963906935387,55.754181466882635,1.721956432002639,2.3450276464307698
30.39703,0.01126,88.78107,Done,EntryTipCone,158.5393,2.30252,3.42651,9.84703,9.84703,1.0,9.84703,3.42651,0.0,0.0,0.0,0.60369,1.0,6,6,1,0.70443,0.91156,0.04575,0.89321,0.55955,0.06711,0.82,0.7,0.06,0.9,0.56,0.06,-2.98149,-0.08022,-0.12261,-76.12644,0.15273,64.8482,double_rcm_log_20260616_135653_209.csv,88.78107,Unknown,Task4_EntryRCM_TipCone,0.0,3.4265006021480064,9.637312653655371,9.641622721903094,3.3918793023516773,9.380286529984927,9.841681766852712,10.727197416880285,9.522568032963065,79.34385659955905,1.8135846288125048,2.8120264047554175
30.42968,0.01045,95.7374,Done,EntryTipCone,158.4582,2.36556,3.30932,9.56578,9.56578,1.0,9.56578,3.30932,0.0,0.0,0.0,0.6039,1.0,6,6,1,0.70414,0.91152,0.04615,0.89326,0.55966,0.06678,0.82,0.7,0.06,0.9,0.56,0.06,-3.01208,-0.084,-0.12279,-75.98306,0.15025,64.87025,double_rcm_log_20260616_135653_209.csv,95.7374,Unknown,Task4_EntryRCM_TipCone,0.0,3.3091757449639125,9.307700430818832,9.311582808140304,3.2804307689907803,9.067335797329786,9.566169557351557,10.818110245904373,11.83306192836654,51.53172518289312,1.8787424893502696,2.222950845539718
30.46201,0.0074,135.0608,Done,EntryTipCone,158.3819,2.42582,3.18985,9.28093,9.28093,1.0,9.28093,3.18985,0.0,0.0,0.0,0.60409,1.0,6,6,1,0.70384,0.91147,0.04655,0.89333,0.55976,0.06645,0.82,0.7,0.06,0.9,0.56,0.06,-3.04329,-0.08733,-0.12484,-75.83706,0.14865,64.89024,double_rcm_log_20260616_135653_209.csv,135.0608,Unknown,Task4_EntryRCM_TipCone,0.0,3.1900561698693943,8.973006210075667,8.976484290626596,3.166305551956281,8.748349294845067,9.281648560466014,11.079370073176113,12.621034021197989,77.5217790797291,1.9368242155445559,1.7416958816054962
30.49636,0.01186,84.31624,Done,EntryTipCone,158.3042,2.48722,3.05909,8.97197,8.97197,1.0,8.97197,3.05909,0.0,0.0,0.0,0.60429,1.0,6,6,1,0.70352,0.91141,0.04699,0.89341,0.55988,0.06609,0.82,0.7,0.06,0.9,0.56,0.06,-3.07728,-0.09159,-0.12686,-75.67594,0.14466,64.91044,double_rcm_log_20260616_135653_209.csv,84.31624,Unknown,Task4_EntryRCM_TipCone,0.0,3.0594576456154416,8.606014687744612,8.609082895266019,3.040653378696199,8.397086124639623,8.973884331770709,11.469244302979565,10.653043606878544,115.16539405187461,1.9749790195770955,1.9741831230328701
30.52705,0.0096,104.1436,Done,EntryTipCone,158.2346,2.5399,2.93872,8.69135,8.69135,1.0,8.69135,2.93872,0.0,0.0,0.0,0.60446,1.0,6,6,1,0.70322,0.91136,0.0474,0.89349,0.55999,0.06576,0.82,0.7,0.06,0.9,0.56,0.06,-3.10934,-0.09836,-0.1245,-75.53225,0.15153,64.92976,double_rcm_log_20260616_135653_209.csv,104.1436,Unknown,Task4_EntryRCM_TipCone,0.0,2.938231272715034,8.265319548822612,8.268037335320022,2.9247270419066798,8.073523775517522,8.69239897841788,11.656739391642379,11.057153711282444,71.82170793471919,2.0171453349480655,1.7862166852463521
30.56141,0.01011,98.92759,Done,EntryTipCone,158.1619,2.59617,2.80086,8.37309,8.37309,1.0,8.37309,2.80086,0.0,0.0,0.0,0.60465,1.0,6,6,1,0.70289,0.91128,0.04786,0.89359,0.56011,0.06539,0.82,0.7,0.06,0.9,0.56,0.06,-3.14544,-0.10556,-0.1235,-75.36392,0.15154,64.94939,double_rcm_log_20260616_135653_209.csv,98.92759,Unknown,Task4_EntryRCM_TipCone,0.0,2.801534845761546,7.8811029943636015,7.883458867932599,2.7936879568358743,7.708548102344202,8.375696985923044,11.794589700727249,11.167265735254217,95.57434710945901,2.0848435848252294,1.960341828597661
30.5936,0.0107,93.42243,Done,EntryTipCone,158.0972,2.64635,2.66859,8.0712,8.0712,1.0,8.0712,2.66859,0.0,0.0,0.0,0.60481,1.0,6,6,1,0.70257,0.9112,0.04831,0.8937,0.56022,0.06504,0.82,0.7,0.06,0.9,0.56,0.06,-3.18012,-0.11397,-0.12078,-75.20264,0.15243,64.96747,double_rcm_log_20260616_135653_209.csv,93.42243,Unknown,Task4_EntryRCM_TipCone,0.0,2.6689664550669505,7.508446360323736,7.510483398820695,2.6675077876305204,7.357960001563963,8.07093550959241,12.126699190684745,10.65255951006942,64.36366096201124,2.132877668183199,1.5134519454484536
30.62558,0.00996,100.4286,Done,EntryTipCone,158.0349,2.69384,2.5342,7.76955,7.76955,1.0,7.76955,2.5342,0.0,0.0,0.0,0.60497,1.0,6,6,1,0.70224,0.91112,0.04876,0.89381,0.56034,0.06468,0.82,0.7,0.06,0.9,0.56,0.06,-3.21533,-0.12058,-0.12208,-75.03813,0.15294,64.98292,double_rcm_log_20260616_135653_209.csv,100.4286,Unknown,Task4_EntryRCM_TipCone,0.0,2.5343221822109343,7.129913179097144,7.131657238037142,2.5387602550284893,7.000150437943953,7.7675028162209445,12.36764751617521,9.015063178772913,85.97437992566788,2.166951271776513,1.4588211209398243
30.65869,0.0095,105.3107,Done,EntryTipCone,157.9733,2.74021,2.39261,7.45694,7.45694,1.0,7.45694,2.39261,0.0,0.0,0.0,0.60513,1.0,6,6,1,0.7019,0.91102,0.04924,0.89394,0.56046,0.06431,0.82,0.7,0.06,0.9,0.56,0.06,-3.2528,-0.13035,-0.11944,-74.86681,0.1585,64.99955,double_rcm_log_20260616_135653_209.csv,105.3107,Unknown,Task4_EntryRCM_TipCone,0.0,2.392362900528977,6.730772292933195,6.732239402817564,2.4040147653838164,6.626500294563281,7.450590580618478,12.387320637110667,7.915410906447394,56.719865443817575,2.2178511517126926,2.0883462240979465
30.69302,0.01271,78.65537,Done,EntryTipCone,157.9156,2.78557,2.24341,7.13269,7.13269,1.0,7.13269,2.24341,0.0,0.0,0.0,0.60527,1.0,6,6,1,0.70153,0.91092,0.04975,0.89408,0.56059,0.06393,0.82,0.7,0.06,0.9,0.56,0.06,-3.29149,-0.13724,-0.12342,-74.68111,0.15408,65.01253,double_rcm_log_20260616_135653_209.csv,78.65537,Unknown,Task4_EntryRCM_TipCone,0.0,2.24283466152876,6.310305455874025,6.311514324133717,2.264668431679896,6.240272306681724,7.130175313412738,12.6375443019153,8.12286427453293,34.56635051276935,2.281138827677253,1.28876199570806
30.72352,0.01032,96.91383,Done,EntryTipCone,157.8647,2.82294,2.1084,6.84676,6.84676,1.0,6.84676,2.10831,0.0,0.0,0.0,0.6054,1.0,6,6,1,0.70121,0.91081,0.0502,0.89421,0.56071,0.06358,0.82,0.7,0.06,0.9,0.56,0.06,-3.32678,-0.14791,-0.1197,-74.51404,0.1527,65.02647,double_rcm_log_20260616_135653_209.csv,96.91383,Unknown,Task4_EntryRCM_TipCone,0.0,2.1084381999469293,5.9323517548704405,5.933356080765514,2.137553402409674,5.888191703610046,6.844311506645561,12.808912952724073,9.209958799974837,92.35529495279616,2.2962768711402477,1.63353579074454
30.75643,0.01015,98.52437,Done,EntryTipCone,157.8156,2.86093,1.96114,6.54185,6.54185,1.0,6.54185,1.96114,0.0,0.0,0.0,0.60553,1.0,6,6,1,0.70085,0.91069,0.0507,0.89436,0.56084,0.06321,0.82,0.7,0.06,0.9,0.56,0.06,-3.36565,-0.15641,-0.12254,-74.33367,0.15712,65.03717,double_rcm_log_20260616_135653_209.csv,98.52437,Unknown,Task4_EntryRCM_TipCone,0.0,1.961360748742131,5.518698869534877,5.519507349795933,2.001377253951552,5.511415984467713,6.543645772808894,12.92015444982427,10.426586643891037,35.16192358284176,2.319072688091704,1.1932425750339217
30.78881,0.00948,105.4317,Done,EntryTipCone,157.769,2.89519,1.81434,6.2476,6.2476,1.0,6.2476,1.81434,0.0,0.0,0.0,0.60564,1.0,6,6,1,0.7005,0.91057,0.0512,0.89452,0.56097,0.06284,0.82,0.7,0.06,0.9,0.56,0.06,-3.40444,-0.16636,-0.12335,-74.15263,0.16032,65.04768,double_rcm_log_20260616_135653_209.csv,105.4317,Unknown,Task4_EntryRCM_TipCone,0.0,1.8145688648365714,5.105812876578674,5.106453085805659,1.864748817993217,5.133801110887959,6.247951664345704,13.105375274328317,8.989938904753707,55.06188378695891,2.358162416322214,1.4407654796674163
30.82136,0.01066,93.84108,Done,EntryTipCone,157.7273,2.9271,1.66577,5.95975,5.95975,1.0,5.95975,1.66577,0.0,0.0,0.0,0.60575,1.0,6,6,1,0.70014,0.91043,0.05171,0.89469,0.5611,0.06247,0.82,0.7,0.06,0.9,0.56,0.06,-3.44361,-0.17677,-0.12448,-73.96792,0.1618,65.0568,double_rcm_log_20260616_135653_209.csv,93.84108,Unknown,Task4_EntryRCM_TipCone,0.0,1.6653639650739946,4.686105391127565,4.686600309240214,1.728014009268807,4.75626129837942,5.958775041902519,13.209011986912994,6.946413640417298,82.22374256980325,2.3951220260302692,1.6260972923883057
30.85448,0.01145,87.32241,Done,EntryTipCone,157.6879,2.9565,1.51349,5.67745,5.67745,1.0,5.67745,1.51349,0.0,0.0,0.0,0.60585,1.0,6,6,1,0.69977,0.91029,0.05223,0.89487,0.56123,0.06209,0.82,0.7,0.06,0.9,0.56,0.06,-3.48384,-0.1888,-0.12401,-73.77667,0.16174,65.0657,double_rcm_log_20260616_135653_209.csv,87.32241,Unknown,Task4_EntryRCM_TipCone,0.0,1.5131386771927202,4.257868943169665,4.25824017572676,1.5899142980361998,4.375291814443752,5.674319342440956,13.27991845931217,8.482862368875379,31.686732590133882,2.439356500702804,1.0938917484644248
30.88818,0.01238,80.80132,Done,EntryTipCone,157.6513,2.98323,1.35812,5.40503,5.40503,1.0,5.40503,1.35812,0.0,0.0,0.0,0.60594,1.0,6,6,1,0.69939,0.91014,0.05277,0.89506,0.56137,0.06171,0.82,0.7,0.06,0.9,0.56,0.06,-3.5248,-0.20201,-0.12259,-73.57816,0.15723,65.07404,double_rcm_log_20260616_135653_209.csv,80.80132,Unknown,Task4_EntryRCM_TipCone,0.0,1.357786894849381,3.8208061514464866,3.821074382085873,1.4516678688665219,3.99398875234353,5.4041280517767625,13.521984580763387,8.310416434070962,104.14253144992509,2.453855401815107,1.054465482147575
30.92008,0.01087,92.01086,Done,EntryTipCone,157.6213,3.00587,1.21128,5.16328,5.16328,1.0,5.16328,1.21128,0.0,0.0,0.0,0.60602,1.0,6,6,1,0.69904,0.90998,0.05328,0.89525,0.56151,0.06134,0.82,0.7,0.06,0.9,0.56,0.06,-3.56433,-0.21545,-0.12097,-73.39182,0.16029,65.08071,double_rcm_log_20260616_135653_209.csv,92.01086,Unknown,Task4_EntryRCM_TipCone,0.0,1.21022783991023,3.405641161793738,3.4058311025221415,1.3201105425225161,3.6312703858822086,5.161220785821898,13.534579495879346,6.648300998446019,40.25600837755307,2.4686157601550422,1.0422930236406225
30.95252,0.01081,92.51108,Done,EntryTipCone,157.5956,3.02589,1.06312,4.93645,4.93645,1.0,4.93645,1.06312,0.0,0.0,0.0,0.60608,1.0,6,6,1,0.69867,0.90982,0.0538,0.89545,0.56164,0.06098,0.82,0.7,0.06,0.9,0.56,0.06,-3.60447,-0.22673,-0.12443,-73.19823,0.15879,65.08408,double_rcm_log_20260616_135653_209.csv,92.51108,Unknown,Task4_EntryRCM_TipCone,0.0,1.0636452449590803,2.9932011218591703,2.9933300684434876,1.1948632725392172,3.2863589859623903,4.9348252248687,13.546294240783551,5.78494464738802,55.87284170515782,2.507301048891528,1.0111521831151058
30.98469,0.01193,83.8419,Done,EntryTipCone,157.5714,3.04278,0.91856,4.7372,4.7372,1.0,4.7372,0.91856,0.0,0.0,0.0,0.60615,1.0,6,6,1,0.6983,0.90965,0.05432,0.89565,0.56178,0.06061,0.82,0.7,0.06,0.9,0.56,0.06,-3.64438,-0.24476,-0.11627,-73.00451,0.15516,65.0915,double_rcm_log_20260616_135653_209.csv,83.8419,Unknown,Task4_EntryRCM_TipCone,0.0,0.918468681911112,2.584697921104786,2.58478094724932,1.075414463121636,2.9573257150026717,4.739514743093461,13.711365429020624,7.840091330170359,56.37640037036592,2.4974226320278694,1.7244541210705757
31.01786,0.01203,83.13681,Done,EntryTipCone,157.553,3.0569,0.77455,4.55863,4.55863,1.0,4.55863,0.77455,0.0,0.0,0.0,0.60619,1.0,6,6,1,0.69793,0.90947,0.05486,0.89587,0.56192,0.06024,0.82,0.7,0.06,0.9,0.56,0.06,-3.68658,-0.25747,-0.12016,-72.80853,0.1646,65.09232,double_rcm_log_20260616_135653_209.csv,83.13681,Unknown,Task4_EntryRCM_TipCone,0.0,0.7750104818626748,2.181013602986435,2.181063485295655,0.9616361964022513,2.644171820321939,4.560800368356352,13.777826902865113,8.690876860334921,56.03479745763923,2.5018274680730577,1.3657105819164765
31.05041,0.01192,83.9089,Done,EntryTipCone,157.5369,3.06793,0.64255,4.4186,4.4186,1.0,4.4186,0.64255,0.0,0.0,0.0,0.60623,1.0,6,6,1,0.69756,0.90928,0.05539,0.89609,0.56206,0.05987,0.82,0.7,0.06,0.9,0.56,0.06,-3.72726,-0.27236,-0.1198,-72.61155,0.16353,65.09406,double_rcm_log_20260616_135653_209.csv,83.9089,Unknown,Task4_EntryRCM_TipCone,0.0,0.6419036734593891,1.8064453086208243,1.806473650914872,0.8643154851422717,2.3763430210822047,4.421379875106815,13.852928128415405,8.656294706367452,44.06747319733361,2.5451458763717736,1.365194283789563
31.08783,0.00848,117.8857,Done,EntryTipCone,157.5243,3.07675,0.51129,4.30161,4.30161,1.0,4.30161,0.51129,0.0,0.0,0.0,0.60626,1.0,6,6,1,0.69713,0.90906,0.056,0.89636,0.56222,0.05946,0.82,0.7,0.06,0.9,0.56,0.06,-3.77394,-0.2925,-0.11508,-72.38227,0.15863,65.09625,double_rcm_log_20260616_135653_209.csv,117.8857,Unknown,Task4_EntryRCM_TipCone,0.0,0.5120763303365752,1.4410961627750805,1.4411105517802254,0.7742472033656405,2.1286109591431974,4.297627252333528,13.804809251351452,6.187718185256471,69.7026792455004,2.5407400493767005,1.470184249160803
31.12792,0.01207,82.82244,Done,EntryTipCone,157.5172,3.08168,0.42151,4.2347,4.2347,1.0,4.2347,0.42151,0.0,0.0,0.0,0.60628,1.0,6,6,1,0.69667,0.90881,0.05665,0.89665,0.56239,0.05902,0.82,0.7,0.06,0.9,0.56,0.06,-3.82451,-0.30938,-0.12007,-72.14082,0.16411,65.0925,double_rcm_log_20260616_135653_209.csv,82.82244,Unknown,Task4_EntryRCM_TipCone,0.0,0.42274420003423685,1.1897008147904726,1.189708910599942,0.720966798938903,1.9820661325613094,4.230248219667491,13.884197957636882,3.529481910553909,38.67345857271481,2.5239386775738826,0.7241745117229131
31.15997,0.00963,103.7896,Done,EntryTipCone,157.5161,3.08256,0.41022,4.22695,4.22695,1.0,4.22695,0.41069,0.0,0.0,0.0,0.60628,1.0,6,6,1,0.69631,0.9086,0.05717,0.89689,0.56253,0.05867,0.82,0.7,0.06,0.9,0.56,0.06,-3.86497,-0.32628,-0.11902,-71.94732,0.16857,65.09026,double_rcm_log_20260616_135653_209.csv,103.7896,Unknown,Task4_EntryRCM_TipCone,0.0,0.4119074115146654,1.159204095743095,1.1592115847856457,0.7143741597767177,1.9639089748607692,4.223967329419103,13.849383370241513,6.996557583997404,112.39331060094747,2.5444422710948493,1.8949733727847973
31.19246,0.01107,90.3563,Done,EntryTipCone,157.5177,3.0803,0.46013,4.26228,4.26228,1.0,4.26228,0.46013,0.0,0.0,0.0,0.60628,1.0,6,6,1,0.69595,0.90839,0.0577,0.89713,0.56267,0.05832,0.82,0.7,0.06,0.9,0.56,0.06,-3.90529,-0.34436,-0.11643,-71.74833,0.16545,65.08772,double_rcm_log_20260616_135653_209.csv,90.3563,Unknown,Task4_EntryRCM_TipCone,0.0,0.45959077217914596,1.2933935311071911,1.293403933686173,0.7441155087053727,2.0456486652254364,4.2647625959717805,13.824817481400157,10.208165456903357,36.41593629657779,2.567364452656519,1.5684049407739504
31.22485,0.01115,89.64719,Done,EntryTipCone,157.525,3.07503,0.55461,4.33685,4.33685,1.0,4.33685,0.55461,0.0,0.0,0.0,0.60626,1.0,6,6,1,0.69558,0.90817,0.05822,0.89739,0.56281,0.05798,0.82,0.7,0.06,0.9,0.56,0.06,-3.94513,-0.35801,-0.1224,-71.54875,0.16024,65.08022,double_rcm_log_20260616_135653_209.csv,89.64719,Unknown,Task4_EntryRCM_TipCone,0.0,0.5559241896024916,1.5644900266556319,1.564508437469872,0.8002764083449327,2.2001639799027615,4.334581871415039,13.851711117371027,4.7898506391908295,119.77437992099703,2.5166233039962176,2.013986027189893
31.25629,0.01001,99.86971,Done,EntryTipCone,157.534,3.06681,0.67115,4.44755,4.44755,1.0,4.44755,0.67115,0.0,0.0,0.0,0.60624,1.0,6,6,1,0.69523,0.90796,0.05873,0.89764,0.56294,0.05765,0.82,0.7,0.06,0.9,0.56,0.06,-3.98495,-0.37547,-0.12213,-71.36438,0.17441,65.07446,double_rcm_log_20260616_135653_209.csv,99.86971,Unknown,Task4_EntryRCM_TipCone,0.0,0.6716876995481138,1.8902597597317388,1.89029223309193,0.8812662164365522,2.4230308420526794,4.4424880416271,13.771673416935867,4.659615110239212,71.623906999876,2.512956869287482,1.6146228221794445
31.28929,0.01087,92.00378,Done,EntryTipCone,157.5493,3.05548,0.80794,4.5982,4.5982,1.0,4.5982,0.80794,0.0,0.0,0.0,0.6062,1.0,6,6,1,0.69487,0.90772,0.05926,0.8979,0.56309,0.05731,0.82,0.7,0.06,0.9,0.56,0.06,-4.02499,-0.39485,-0.11979,-71.16184,0.16747,65.06799,double_rcm_log_20260616_135653_209.csv,92.00378,Unknown,Task4_EntryRCM_TipCone,0.0,0.8082960550178435,2.2746788792834947,2.274735468641127,0.9840309801952037,2.705612684772157,4.603715890451918,13.6933367478068,8.988902119190813,76.27286391363063,2.528239511132224,1.1422627685289815
31.32194,0.01072,93.30476,Done,EntryTipCone,157.5677,3.0412,0.95121,4.77992,4.77992,1.0,4.77992,0.95121,0.0,0.0,0.0,0.60616,1.0,6,6,1,0.69451,0.90748,0.05977,0.89817,0.56322,0.05698,0.82,0.7,0.06,0.9,0.56,0.06,-4.06513,-0.41453,-0.11771,-70.96793,0.17298,65.06035,double_rcm_log_20260616_135653_209.csv,93.30476,Unknown,Task4_EntryRCM_TipCone,0.0,0.9511796193594603,2.676742712585778,2.6768349291465863,1.0982046196130488,3.020012480870792,4.7788806220704,13.652370799246135,8.791323304678242,65.27178399028163,2.507881608691202,1.269708226060133
31.35427,0.01041,96.05221,Done,EntryTipCone,157.5908,3.02403,1.097,4.98606,4.98606,1.0,4.98606,1.097,0.0,0.0,0.0,0.6061,1.0,6,6,1,0.69416,0.90725,0.06028,0.89844,0.56336,0.05666,0.82,0.7,0.06,0.9,0.56,0.06,-4.10374,-0.43005,-0.12276,-70.77262,0.16857,65.04864,double_rcm_log_20260616_135653_209.csv,96.05221,Unknown,Task4_EntryRCM_TipCone,0.0,1.096870074348667,3.086687772372968,3.0868291837681983,1.219741584499649,3.3545936358281017,4.987865274844484,13.620061278284691,7.415852853728648,63.504825226826696,2.487037817221928,1.3050540232205121
31.39164,0.02339,42.75485,Done,EntryTipCone,157.6214,3.00044,1.26764,5.2529,5.2529,1.0,5.2529,1.26764,0.0,0.0,0.0,0.60602,1.0,6,6,1,0.69377,0.90697,0.06086,0.89876,0.56352,0.0563,0.82,0.7,0.06,0.9,0.56,0.06,-4.14872,-0.45366,-0.11972,-70.55518,0.17645,65.03743,double_rcm_log_20260616_135653_209.csv,42.75485,Unknown,Task4_EntryRCM_TipCone,0.0,1.2674625996303743,3.5666769344983105,3.566895117527812,1.3669727367433073,3.7601350221255774,5.2552830561255,13.532894466440426,7.694994015618801,43.92606989095904,2.4483865124975552,0.9570002171652796
31.43574,0.0441,22.67326,Done,EntryTipCone,157.6642,2.96785,1.47087,5.60021,5.60021,1.0,5.60021,1.47087,0.0,0.0,0.0,0.60591,1.0,6,6,1,0.69331,0.90663,0.06153,0.89914,0.5637,0.05588,0.82,0.7,0.06,0.9,0.56,0.06,-4.20053,-0.48106,-0.11736,-70.29713,0.17742,65.0218,double_rcm_log_20260616_135653_209.csv,22.67326,Unknown,Task4_EntryRCM_TipCone,0.0,1.4704470740340907,4.137764445137482,4.138105134917024,1.5488400069129737,4.261499194487234,5.603927194387825,13.295426269513595,8.851177758036552,35.15181188446029,2.457040974811493,1.5890284182820436
31.46791,0.00698,143.1994,Done,EntryTipCone,157.6989,2.94025,1.61943,5.87219,5.87219,1.0,5.87219,1.61943,0.0,0.0,0.0,0.60582,1.0,6,6,1,0.69297,0.90638,0.06202,0.89942,0.56383,0.05559,0.82,0.7,0.06,0.9,0.56,0.06,-4.23752,-0.50111,-0.11572,-70.10841,0.17328,65.00922,double_rcm_log_20260616_135653_209.csv,143.1994,Unknown,Task4_EntryRCM_TipCone,0.0,1.6192982636165425,4.556517841013801,4.556972816146056,1.6809199671636397,4.625870562557753,5.869701866364253,13.195265356579348,7.771674632482404,47.364031460718046,2.4448518862625277,1.5009852071381429
31.50621,0.01151,86.91186,Done,EntryTipCone,157.7461,2.90419,1.79471,6.20829,6.20829,1.0,6.20829,1.79471,0.0,0.0,0.0,0.6057,1.0,6,6,1,0.69259,0.90608,0.06259,0.89976,0.56399,0.05525,0.82,0.7,0.06,0.9,0.56,0.06,-4.28061,-0.52187,-0.11964,-69.8866,0.16773,64.99034,double_rcm_log_20260616_135653_209.csv,86.91186,Unknown,Task4_EntryRCM_TipCone,0.0,1.794474809370053,5.049291047607959,5.049910223819952,1.8416650652107176,5.069487760498684,6.208075386140176,13.188040332213342,7.736365939503814,71.78954996327212,2.369199919106139,1.9374392623113026
31.53818,0.01019,98.17461,Done,EntryTipCone,157.7898,2.87096,1.93967,6.49737,6.49737,1.0,6.49737,1.93967,0.0,0.0,0.0,0.60559,1.0,6,6,1,0.69227,0.90582,0.06305,0.90005,0.56411,0.05497,0.82,0.7,0.06,0.9,0.56,0.06,-4.31689,-0.54309,-0.11712,-69.71039,0.1769,64.97569,double_rcm_log_20260616_135653_209.csv,98.17461,Unknown,Task4_EntryRCM_TipCone,0.0,1.9401634815874729,5.459078845901243,5.459861396888051,1.9771428028369804,5.444068896868044,6.495806339477768,12.97008929792666,8.486559917227096,56.859225646461546,2.335782455453975,1.1412113274107083
31.5708,0.01182,84.6209,Done,EntryTipCone,157.8377,2.83434,2.08572,6.79798,6.79798,1.0,6.79798,2.08572,0.0,0.0,0.0,0.60547,1.0,6,6,1,0.69196,0.90556,0.06352,0.90034,0.56424,0.0547,0.82,0.7,0.06,0.9,0.56,0.06,-4.35225,-0.56189,-0.119,-69.52773,0.17335,64.958,double_rcm_log_20260616_135653_209.csv,84.6209,Unknown,Task4_EntryRCM_TipCone,0.0,2.0857849792987015,5.868642427005702,5.869614729556348,2.1122631755324712,5.817593475497722,6.795822246056708,12.877020212901552,8.61186411891171,68.94926189336968,2.3169657106090678,1.1044443189160678
31.60349,0.01032,96.93726,Done,EntryTipCone,157.8894,2.79464,2.23073,7.10427,7.10427,1.0,7.10427,2.23073,0.0,0.0,0.0,0.60534,1.0,6,6,1,0.69165,0.9053,0.06397,0.90064,0.56437,0.05443,0.82,0.7,0.06,0.9,0.56,0.06,-4.38772,-0.58144,-0.12037,-69.35044,0.17805,64.93941,double_rcm_log_20260616_135653_209.csv,96.93726,Unknown,Task4_EntryRCM_TipCone,0.0,2.230847940918872,6.276597425507407,6.277787016171639,2.250573989946409,6.200322696316809,7.108544154747849,12.634823188602212,10.529660065990626,27.183654390518935,2.275534046104596,1.3718788657601975
31.63611,0.01115,89.66245,Done,EntryTipCone,157.9446,2.75252,2.37265,7.411,7.411,1.0,7.411,2.37265,0.0,0.0,0.0,0.6052,1.0,6,6,1,0.69135,0.90503,0.06442,0.90093,0.56449,0.05418,0.82,0.7,0.06,0.9,0.56,0.06,-4.42168,-0.60266,-0.11826,-69.17462,0.17565,64.92132,double_rcm_log_20260616_135653_209.csv,89.66245,Unknown,Task4_EntryRCM_TipCone,0.0,2.372390503884755,6.674613381274062,6.676044055600918,2.3817875844582344,6.563871863934707,7.4092779675215255,12.396770985777705,8.138258183861208,22.95074032872045,2.2352512216780287,1.3871099767872257
31.66774,0.01013,98.72439,Done,EntryTipCone,158.0005,2.70896,2.50819,7.70978,7.70978,1.0,7.70978,2.50819,0.0,0.0,0.0,0.60506,1.0,6,6,1,0.69106,0.90478,0.06484,0.90122,0.56461,0.05394,0.82,0.7,0.06,0.9,0.56,0.06,-4.45435,-0.62085,-0.12083,-69.00928,0.17934,64.90099,double_rcm_log_20260616_135653_209.csv,98.72439,Unknown,Task4_EntryRCM_TipCone,0.0,2.5083216077755823,7.05681166951664,7.058502602616738,2.5111632337550445,6.922598889478933,7.711296907783992,12.391802516702127,9.307567937637744,97.23061312161171,2.193995840782192,1.5294097191735587
31.70049,0.01116,89.6313,Done,EntryTipCone,158.062,2.66117,2.64634,8.01928,8.01928,1.0,8.01928,2.64634,0.0,0.0,0.0,0.6049,1.0,6,6,1,0.69078,0.90451,0.06527,0.90152,0.56473,0.0537,0.82,0.7,0.06,0.9,0.56,0.06,-4.48712,-0.64426,-0.11512,-68.83976,0.17853,64.88246,double_rcm_log_20260616_135653_209.csv,89.6313,Unknown,Task4_EntryRCM_TipCone,0.0,2.6464294278889113,7.445089553494452,7.447075428146553,2.6432301078824096,7.289237165954872,8.023297327159137,11.987691766230482,12.657567202901664,53.54268136914678,2.148506963839048,1.9215199807336822
31.7342,0.01252,79.90297,Done,EntryTipCone,158.1287,2.6093,2.78502,8.33455,8.33455,1.0,8.33455,2.78502,0.0,0.0,0.0,0.60473,1.0,6,6,1,0.69049,0.90424,0.0657,0.90182,0.56484,0.05347,0.82,0.7,0.06,0.9,0.56,0.06,-4.52011,-0.6641,-0.11692,-68.67127,0.18229,64.85923,double_rcm_log_20260616_135653_209.csv,79.90297,Unknown,Task4_EntryRCM_TipCone,0.0,2.784016202508209,7.8318595541447165,7.834171512347459,2.7722262237333593,7.6480952882702,8.329399738276422,11.774321171179846,9.181151481176911,89.00400313452373,2.0917474812185066,1.7104721503684273
31.76777,0.01319,75.83664,Done,EntryTipCone,158.1993,2.555,2.92027,8.64601,8.64601,1.0,8.64601,2.92027,0.0,0.0,0.0,0.60455,1.0,6,6,1,0.69021,0.90397,0.06612,0.90213,0.56496,0.05325,0.82,0.7,0.06,0.9,0.56,0.06,-4.55205,-0.68322,-0.1198,-68.50697,0.18557,64.83461,double_rcm_log_20260616_135653_209.csv,75.83664,Unknown,Task4_EntryRCM_TipCone,0.0,2.920440128927882,8.21531608892958,8.21798481003403,2.9018321744220574,8.008769232246873,8.642974025183664,11.73424920921605,7.403272342068241,61.99273992511539,2.053649605891452,1.5955793801011273
31.80845,0.01112,89.95892,Done,EntryTipCone,158.2884,2.48554,3.07962,9.01785,9.01785,1.0,9.01785,3.07962,0.0,0.0,0.0,0.60433,1.0,6,6,1,0.68989,0.90364,0.0666,0.9025,0.56509,0.05299,0.82,0.7,0.06,0.9,0.56,0.06,-4.58898,-0.70876,-0.11833,-68.31153,0.18349,64.80573,double_rcm_log_20260616_135653_209.csv,89.95892,Unknown,Task4_EntryRCM_TipCone,0.0,3.079479213306218,8.662279724823389,8.665408556564165,3.055537862581574,8.437540746340312,9.016551447199696,11.434566884188497,11.053730094135501,84.24406088608995,1.9827317544951786,1.947699636372478
31.84054,0.01077,92.88121,Done,EntryTipCone,158.3611,2.42835,3.20131,9.3055,9.3055,1.0,9.3055,3.20131,0.0,0.0,0.0,0.60414,1.0,6,6,1,0.68965,0.90338,0.06697,0.90279,0.5652,0.0528,0.82,0.7,0.06,0.9,0.56,0.06,-4.61739,-0.72767,-0.11927,-68.1647,0.18753,64.78125,double_rcm_log_20260616_135653_209.csv,92.88121,Unknown,Task4_EntryRCM_TipCone,0.0,3.201916428046656,9.006332133159722,9.009849146340356,3.1736984867584384,8.767166808391032,9.309355509378701,11.176676854839238,13.248201224108543,45.94866321590623,1.9226728395309463,1.7243653105142027
31.87255,0.01131,88.39092,Done,EntryTipCone,158.437,2.36885,3.31924,9.58653,9.58653,1.0,9.58653,3.31924,0.0,0.0,0.0,0.60395,1.0,6,6,1,0.68942,0.90313,0.06733,0.90308,0.56529,0.05262,0.82,0.7,0.06,0.9,0.56,0.06,-4.6445,-0.74811,-0.11693,-68.02146,0.18822,64.75733,double_rcm_log_20260616_135653_209.csv,88.39092,Unknown,Task4_EntryRCM_TipCone,0.0,3.319769469737852,9.337464043878645,9.34138382162752,3.287222675067311,9.085224183339543,9.588268873993824,10.871037244721569,12.024518691794182,57.208995676593204,1.880860611999834,1.7227634490651285
31.90403,0.01057,94.60461,Done,EntryTipCone,158.5143,2.30823,3.43199,9.85725,9.85725,1.0,9.85725,3.43199,0.0,0.0,0.0,0.60376,1.0,6,6,1,0.6892,0.90288,0.06767,0.90336,0.56539,0.05246,0.82,0.7,0.06,0.9,0.56,0.06,-4.67014,-0.76635,-0.11753,-67.88385,0.18738,64.73191,double_rcm_log_20260616_135653_209.csv,94.60461,Unknown,Task4_EntryRCM_TipCone,0.0,3.4327758500975167,9.654941196684561,9.65927498498077,3.3950549257403915,9.387029021269377,9.85866623839143,10.68742559127729,10.864052339460766,90.69468163844475,1.8329308149681711,1.8857051877966802
31.93625,0.01079,92.67055,Done,EntryTipCone,158.596,2.24416,3.54359,10.12717,10.12717,1.0,10.12717,3.54359,0.0,0.0,0.0,0.60355,1.0,6,6,1,0.68899,0.90263,0.068,0.90365,0.56548,0.0523,0.82,0.7,0.06,0.9,0.56,0.06,-4.69519,-0.7861,-0.11566,-67.74741,0.18499,64.70625,double_rcm_log_20260616_135653_209.csv,92.67055,Unknown,Task4_EntryRCM_TipCone,0.0,3.544254376418651,9.968089241586751,9.972859035063413,3.5040575950111625,9.69317833085955,10.131283235602423,10.358811191741818,12.335229921540206,96.57880412552379,1.7722171640901496,2.6481981736272835
31.9688,0.01079,92.66647,Done,EntryTipCone,158.6804,2.17721,3.65206,10.39171,10.39171,1.0,10.39171,3.65206,0.0,0.0,0.0,0.60334,1.0,6,6,1,0.68878,0.90238,0.06832,0.90393,0.56556,0.05215,0.82,0.7,0.06,0.9,0.56,0.06,-4.7194,-0.80335,-0.11797,-67.61495,0.18332,64.678,double_rcm_log_20260616_135653_209.csv,92.66647,Unknown,Task4_EntryRCM_TipCone,0.0,3.6523767314724234,10.271773617904515,10.276993313667388,3.6076995821712665,9.985007992755136,10.391390667278307,10.04500210923122,13.131811607971883,90.11231413333714,1.6834357898561099,2.6229971714174485
32.00213,0.01041,96.05829,Done,EntryTipCone,158.7685,2.10677,3.75875,10.65386,10.65386,1.0,10.65386,3.75875,0.0,0.0,0.0,0.60311,1.0,6,6,1,0.68858,0.90213,0.06863,0.90422,0.56565,0.05201,0.82,0.7,0.06,0.9,0.56,0.06,-4.74367,-0.82193,-0.11861,-67.48907,0.19103,64.64911,double_rcm_log_20260616_135653_209.csv,96.05829,Unknown,Task4_EntryRCM_TipCone,0.0,3.7593147682559085,10.572095611010814,10.577787258665554,3.712207646336533,10.279319118427113,10.656969550486629,9.841994356140672,12.589213136655426,107.58187677968003,1.6189860362232178,2.12960596032003
32.03473,0.01137,87.94786,Done,EntryTipCone,158.8583,2.03564,3.85874,10.90106,10.90106,1.0,10.90106,3.85874,0.0,0.0,0.0,0.60289,1.0,6,6,1,0.6884,0.90189,0.06892,0.9045,0.56573,0.05189,0.82,0.7,0.06,0.9,0.56,0.06,-4.76546,-0.839,-0.12,-67.36681,0.18806,64.61984,double_rcm_log_20260616_135653_209.csv,87.94786,Unknown,Task4_EntryRCM_TipCone,0.0,3.858636894681436,10.850996315044329,10.857151022510678,3.808551473174878,10.551502189808668,10.902064024761478,9.65000135342357,13.982926214511162,116.21827772673689,1.580549548015648,2.1037756015933793
32.06583,0.01154,86.67294,Done,EntryTipCone,158.9443,1.96627,3.94997,11.12829,11.12829,1.0,11.12829,3.94997,0.0,0.0,0.0,0.60267,1.0,6,6,1,0.68823,0.90167,0.06919,0.90477,0.5658,0.05178,0.82,0.7,0.06,0.9,0.56,0.06,-4.78505,-0.85644,-0.11833,-67.25496,0.18358,64.59284,double_rcm_log_20260616_135653_209.csv,86.67294,Unknown,Task4_EntryRCM_TipCone,0.0,3.951527385693312,11.11180722446229,11.118417121088514,3.899450589598545,10.80909453263239,11.13379090876052,9.331526321062572,15.323705790413126,104.9822664845235,1.5121171259746151,2.853375570173027
32.09702,0.00926,108.0299,Done,EntryTipCone,159.0335,1.89468,4.03726,11.34671,11.34671,1.0,11.34671,4.03726,0.0,0.0,0.0,0.60244,1.0,6,6,1,0.68808,0.90145,0.06944,0.90503,0.56586,0.05169,0.82,0.7,0.06,0.9,0.56,0.06,-4.80378,-0.86978,-0.12366,-67.149,0.18238,64.56222,double_rcm_log_20260616_135653_209.csv,108.0299,Unknown,Task4_EntryRCM_TipCone,0.0,4.0374404048760075,11.353001332140865,11.360051709761153,3.982105328239261,11.044294733202554,11.344452388722845,8.890205988146326,11.65526458426488,86.74465700421182,1.424509658087772,3.5101727969207133
32.12947,0.01086,92.08074,Done,EntryTipCone,159.1271,1.81892,4.12346,11.56392,11.56392,1.0,11.56392,4.12346,0.0,0.0,0.0,0.60221,1.0,6,6,1,0.68793,0.90123,0.06968,0.90529,0.56593,0.0516,0.82,0.7,0.06,0.9,0.56,0.06,-4.82234,-0.8881,-0.12062,-67.047,0.1851,64.53349,double_rcm_log_20260616_135653_209.csv,92.08074,Unknown,Task4_EntryRCM_TipCone,0.0,4.123106208696971,11.593475986509931,11.600984635272217,4.06664995878479,11.284408917412764,11.56326078578184,8.72649128825221,11.839273470576492,92.69115035809205,1.3308410670483135,2.353523867309786
32.1612,0.00917,109.0293,Done,EntryTipCone,159.2199,1.74309,4.20305,11.76588,11.76588,1.0,11.76588,4.20305,0.0,0.0,0.0,0.60197,1.0,6,6,1,0.6878,0.90102,0.06991,0.90555,0.56598,0.05152,0.82,0.7,0.06,0.9,0.56,0.06,-4.83946,-0.90611,-0.11678,-66.95434,0.19029,64.5053,double_rcm_log_20260616_135653_209.csv,109.0293,Unknown,Task4_EntryRCM_TipCone,0.0,4.203241327383298,11.818401863506075,11.826356781053903,4.146169233147066,11.512033102534291,11.767467866962676,8.493666274638567,16.043320821686113,49.35316124543164,1.282600896396813,2.567193311562596
32.19425,0.01086,92.04465,Done,EntryTipCone,159.3192,1.66253,4.28094,11.96463,11.96463,1.0,11.96463,4.28094,0.0,0.0,0.0,0.60172,1.0,6,6,1,0.68767,0.9008,0.07012,0.90581,0.56604,0.05146,0.82,0.7,0.06,0.9,0.56,0.06,-4.85511,-0.91945,-0.12076,-66.85829,0.18375,64.47231,double_rcm_log_20260616_135653_209.csv,92.04465,Unknown,Task4_EntryRCM_TipCone,0.0,4.2811044334232395,12.036928440364589,12.045333575683195,4.222340205109957,11.729963538535994,11.965337437782479,8.121377827330512,13.223478515186049,36.20821624466343,1.2137337347615806,2.8520779811103343
32.22536,0.01026,97.43697,Done,EntryTipCone,159.4131,1.58566,4.34943,12.14079,12.14079,1.0,12.14079,4.34943,0.0,0.0,0.0,0.60149,1.0,6,6,1,0.68757,0.90061,0.07031,0.90605,0.56608,0.05141,0.82,0.7,0.06,0.9,0.56,0.06,-4.86921,-0.93501,-0.1187,-66.77817,0.18613,64.44328,double_rcm_log_20260616_135653_209.csv,97.43697,Unknown,Task4_EntryRCM_TipCone,0.0,4.348514093583775,12.22609897644255,12.234907336907309,4.289496537901276,11.92354838770095,12.139069157064709,7.975359350995602,13.584644585294777,86.80598321642432,1.1182472629023037,2.9507309393577783
32.25773,0.0108,92.59265,Done,EntryTipCone,159.5122,1.50403,4.41566,12.31229,12.31229,1.0,12.31229,4.41566,0.0,0.0,0.0,0.60124,1.0,6,6,1,0.68747,0.90041,0.07049,0.9063,0.56613,0.05137,0.82,0.7,0.06,0.9,0.56,0.06,-4.88249,-0.94927,-0.11889,-66.70068,0.18767,64.4118,double_rcm_log_20260616_135653_209.csv,92.59265,Unknown,Task4_EntryRCM_TipCone,0.0,4.416388752148299,12.416557329820376,12.425784518455384,4.358054324575874,12.120994437497501,12.318433341947312,7.685939612338755,18.576346597378574,55.30404784957047,1.0471056722520766,2.6418727039164738
32.28908,0.01064,93.94272,Done,EntryTipCone,159.6088,1.42389,4.47466,12.46647,12.46647,1.0,12.46647,4.47466,0.0,0.0,0.0,0.60099,1.0,6,6,1,0.68738,0.90023,0.07065,0.90653,0.56616,0.05135,0.82,0.7,0.06,0.9,0.56,0.06,-4.89399,-0.96158,-0.12058,-66.63155,0.18833,64.38049,double_rcm_log_20260616_135653_209.csv,93.94272,Unknown,Task4_EntryRCM_TipCone,0.0,4.475401302986274,12.582134188405359,12.591736131475894,4.414961777277363,12.28669386587965,12.466314611784762,7.295169553762166,15.493707606347403,124.51558039619336,0.9725406658528876,2.6071612560580704
32.3229,0.01097,91.12983,Done,EntryTipCone,159.7141,1.33626,4.53307,12.6204,12.6204,1.0,12.6204,4.53307,0.0,0.0,0.0,0.60073,1.0,6,6,1,0.68731,0.90005,0.0708,0.90677,0.56619,0.05134,0.82,0.7,0.06,0.9,0.56,0.06,-4.90515,-0.97492,-0.12123,-66.56445,0.19043,64.34696,double_rcm_log_20260616_135653_209.csv,91.12983,Unknown,Task4_EntryRCM_TipCone,0.0,4.531773080003828,12.740289126292636,12.750258398214891,4.471946015812371,12.45319637683427,12.615252672855911,7.101630462060934,11.00586818605476,44.338497977941955,0.8946465381448652,2.705859915939657
32.3558,0.01131,88.42615,Done,EntryTipCone,159.8166,1.2501,4.58403,12.75646,12.75646,1.0,12.75646,4.58403,0.0,0.0,0.0,0.60047,1.0,6,6,1,0.68725,0.89987,0.07093,0.907,0.56622,0.05134,0.82,0.7,0.06,0.9,0.56,0.06,-4.91429,-0.98766,-0.12073,-66.50505,0.18894,64.3147,double_rcm_log_20260616_135653_209.csv,88.42615,Unknown,Task4_EntryRCM_TipCone,0.0,4.583721820612748,12.886024012535934,12.89633997657845,4.524914576194988,12.608280795389339,12.75476381592379,6.939319361962907,14.461115060275326,120.6632261195305,0.8150601506247387,2.9146505826628313
32.38667,0.01099,90.9996,Done,EntryTipCone,159.9137,1.16823,4.62682,12.87188,12.87188,1.0,12.87188,4.62682,0.0,0.0,0.0,0.60023,1.0,6,6,1,0.6872,0.89972,0.07104,0.90721,0.56624,0.05135,0.82,0.7,0.06,0.9,0.56,0.06,-4.92173,-1.00018,-0.11828,-66.45692,0.18979,64.28502,double_rcm_log_20260616_135653_209.csv,90.9996,Unknown,Task4_EntryRCM_TipCone,0.0,4.62769823047222,13.009385371454094,13.020001026657416,4.570187406669967,12.7419038548465,12.874167934278237,6.55789284136133,17.285298838967535,106.22383754464539,0.7390571191184429,2.851198339360414
32.41876,0.00938,106.5884,Done,EntryTipCone,160.0153,1.08231,4.66565,12.97845,12.97845,1.0,12.97845,4.6656,0.0,0.0,0.0,0.59997,1.0,6,6,1,0.68717,0.89957,0.07113,0.90741,0.56625,0.05137,0.82,0.7,0.06,0.9,0.56,0.06,-4.92807,-1.00904,-0.12185,-66.41386,0.19122,64.25163,double_rcm_log_20260616_135653_209.csv,106.5884,Unknown,Task4_EntryRCM_TipCone,0.0,4.665680951025995,13.11592724004732,13.126806363487846,4.609824939102909,12.860192246439588,12.97873260376375,6.3176758802201265,17.463046619209575,77.55802192343577,0.67688674237411,2.7743934156056156
32.45231,0.01066,93.80695,Done,EntryTipCone,160.1215,0.99181,4.70032,13.0756,13.0756,1.0,13.0756,4.70032,0.0,0.0,0.0,0.5997,1.0,6,6,1,0.68715,0.89942,0.0712,0.90762,0.56626,0.05141,0.82,0.7,0.06,0.9,0.56,0.06,-4.93277,-1.02063,-0.11963,-66.37386,0.18618,64.21911,double_rcm_log_20260616_135653_209.csv,93.80695,Unknown,Task4_EntryRCM_TipCone,0.0,4.700271149023339,13.212948039169282,13.224070857648275,4.64736383159444,12.973138461392455,13.078230002565277,6.353363275510613,16.96207828166658,93.38535782897013,0.5959807834927028,3.0189320465392213
32.4852,0.01205,82.95506,Done,EntryTipCone,160.2254,0.90261,4.72854,13.15698,13.15698,1.0,13.15698,4.72854,0.0,0.0,0.0,0.59944,1.0,6,6,1,0.68714,0.89929,0.07126,0.90782,0.56626,0.05147,0.82,0.7,0.06,0.9,0.56,0.06,-4.93645,-1.03093,-0.11836,-66.34546,0.18885,64.18688,double_rcm_log_20260616_135653_209.csv,82.95506,Unknown,Task4_EntryRCM_TipCone,0.0,4.728510069431646,13.292150799861666,13.303475243274386,4.677058872997581,13.064518537450317,13.156781521329528,6.112326200821186,16.25103614658149,32.71198361763112,0.5334398741780844,3.097673314827806
32.51748,0.01242,80.54482,Done,EntryTipCone,160.3281,0.81452,4.75028,13.22232,13.22232,1.0,13.22232,4.75028,0.0,0.0,0.0,0.59918,1.0,6,6,1,0.68715,0.89917,0.0713,0.908,0.56625,0.05153,0.82,0.7,0.06,0.9,0.56,0.06,-4.93817,-1.03802,-0.12078,-66.32233,0.18581,64.15376,double_rcm_log_20260616_135653_209.csv,80.54482,Unknown,Task4_EntryRCM_TipCone,0.0,4.750054045968827,13.352573829715363,13.364053723659334,4.701356211358472,13.140751939613711,13.221323685622398,6.006199043298049,15.908245518854857,36.640330125049445,0.47811541737450614,3.0790823718562144
32.54812,0.01094,91.42762,Done,EntryTipCone,160.4249,0.73077,4.76555,13.27133,13.27133,1.0,13.27133,4.76555,0.0,0.0,0.0,0.59894,1.0,6,6,1,0.68717,0.89906,0.07131,0.90817,0.56624,0.05161,0.82,0.7,0.06,0.9,0.56,0.06,-4.93885,-1.04601,-0.1198,-66.31003,0.18848,64.12376,double_rcm_log_20260616_135653_209.csv,91.42762,Unknown,Task4_EntryRCM_TipCone,0.0,4.764893661316926,13.394192463796974,13.405780255871624,4.719413077271557,13.199131090282448,13.269461179716341,6.053553723476468,15.448386125844314,95.96675467139448,0.4342374380238864,2.8611272427641143
32.58052,0.01078,92.73058,Done,EntryTipCone,160.527,0.64167,4.7761,13.30945,13.30945,1.0,13.30945,4.7761,0.0,0.0,0.0,0.59869,1.0,6,6,1,0.6872,0.89896,0.07131,0.90834,0.56622,0.0517,0.82,0.7,0.06,0.9,0.56,0.06,-4.93784,-1.05284,-0.11993,-66.30204,0.18655,64.0917,double_rcm_log_20260616_135653_209.csv,92.73058,Unknown,Task4_EntryRCM_TipCone,0.0,4.775872127279172,13.424981683626472,13.436649733036433,4.734214057820263,13.249137910996865,13.309169771251655,5.788825933533949,16.123217911658283,36.17409843793484,0.41529533364330584,2.882375747704335
32.61277,0.01061,94.28252,Done,EntryTipCone,160.628,0.55309,4.78074,13.33311,13.33311,1.0,13.33311,4.7807,0.0,0.0,0.0,0.59843,1.0,6,6,1,0.68725,0.89887,0.0713,0.90849,0.5662,0.0518,0.82,0.7,0.06,0.9,0.56,0.06,-4.93532,-1.0589,-0.11981,-66.30141,0.18396,64.0601,double_rcm_log_20260616_135653_209.csv,94.28252,Unknown,Task4_EntryRCM_TipCone,0.0,4.780838973272307,13.438911092030828,13.45061557260217,4.7428941892715075,13.281156634060954,13.332670400186144,5.8002219496901475,16.714973333913477,50.794652059498524,0.4080128845247775,3.0838902645892503
32.64898,0.01463,68.37299,Done,EntryTipCone,160.7411,0.45351,4.77889,13.34275,13.34275,1.0,13.34275,4.77889,0.0,0.0,0.0,0.59815,1.0,6,6,1,0.68732,0.89878,0.07125,0.90866,0.56616,0.05193,0.82,0.7,0.06,0.9,0.56,0.06,-4.93088,-1.06564,-0.11813,-66.31075,0.18297,64.02549,double_rcm_log_20260616_135653_209.csv,68.37299,Unknown,Task4_EntryRCM_TipCone,0.0,4.778755938510544,13.433069279960064,13.444758472531252,4.7470102131400065,13.302623280911382,13.344141036424912,5.89520022526091,17.1459207527646,61.3194567287871,0.4325029306483396,3.0070703642074
32.68101,0.01187,84.22621,Done,EntryTipCone,160.8399,0.36573,4.77106,13.33587,13.33587,1.0,13.33587,4.77106,0.0,0.0,0.0,0.5979,1.0,6,6,1,0.68739,0.89872,0.0712,0.90879,0.56613,0.05206,0.82,0.7,0.06,0.9,0.56,0.06,-4.92524,-1.06913,-0.11927,-66.32582,0.17977,63.99415,double_rcm_log_20260616_135653_209.csv,84.22621,Unknown,Task4_EntryRCM_TipCone,0.0,4.77167878949184,13.413221483123902,13.424858833845981,4.744351188867575,13.302652424928661,13.337338565096072,5.9344693382623035,19.044264642523235,66.9679634937313,0.47334734600784545,2.9330985093523
32.71131,0.00826,120.9985,Done,EntryTipCone,160.9329,0.28253,4.75835,13.31647,13.31647,1.0,13.31647,4.75835,0.0,0.0,0.0,0.59767,1.0,6,6,1,0.68748,0.89866,0.07113,0.90891,0.56608,0.05219,0.82,0.7,0.06,0.9,0.56,0.06,-4.91862,-1.07251,-0.11884,-66.34749,0.17748,63.96534,double_rcm_log_20260616_135653_209.csv,120.9985,Unknown,Task4_EntryRCM_TipCone,0.0,4.758874589164583,13.377311705730605,13.388855652330163,4.736694404316942,13.289615726342337,13.317304532074017,6.136297050523958,18.253960655872227,102.01945681627133,0.5180892192017984,2.913144200733035
32.74344,0.00858,116.5011,Done,EntryTipCone,161.0305,0.19495,4.73921,13.28209,13.28209,1.0,13.28209,4.73921,0.0,0.0,0.0,0.59742,1.0,6,6,1,0.68758,0.89862,0.07103,0.90902,0.56603,0.05235,0.82,0.7,0.06,0.9,0.56,0.06,-4.9099,-1.07572,-0.11731,-66.37602,0.17085,63.9356,double_rcm_log_20260616_135653_209.csv,116.5011,Unknown,Task4_EntryRCM_TipCone,0.0,4.738066698863569,13.318953907077672,13.330347132061826,4.721148666303435,13.25389353534101,13.275684539789284,6.330665076838728,15.437951906966282,116.67627386491687,0.574403751570326,2.9309962904686007
32.77591,0.01,100.0191,Done,EntryTipCone,161.1277,0.10693,4.71393,13.23276,13.23276,1.0,13.23276,4.71393,0.0,0.0,0.0,0.59718,1.0,6,6,1,0.6877,0.89859,0.07092,0.90913,0.56598,0.05252,0.82,0.7,0.06,0.9,0.56,0.06,-4.89945,-1.07836,-0.11506,-66.41171,0.1619,63.90628,double_rcm_log_20260616_135653_209.csv,100.0191,Unknown,Task4_EntryRCM_TipCone,0.0,4.713236909527197,13.249313994317394,13.260529088209031,4.704400384409439,13.214726575360451,13.23131512737866,6.441578753014211,16.24958168356812,35.40066691082484,0.6391511611602609,3.2788665280648903
32.80873,0.01039,96.20714,Done,EntryTipCone,161.2248,0.01861,4.68237,13.1684,13.1684,1.0,13.1684,4.68237,0.0,0.0,0.0,0.59694,1.0,6,6,1,0.68783,0.89856,0.07078,0.90922,0.56591,0.0527,0.82,0.7,0.06,0.9,0.56,0.06,-4.88698,-1.08077,-0.11127,-66.45323,0.14711,63.87774,double_rcm_log_20260616_135653_209.csv,96.20714,Unknown,Task4_EntryRCM_TipCone,0.0,4.6811523808219855,13.159323088627747,13.170310766831328,4.678319776026302,13.149765952874768,13.16155385963222,6.6184241848370755,14.533432867256387,69.50488900847233,0.7096243575084413,5.448801752313812
32.84282,0.01254,79.77203,Done,EntryTipCone,161.3243,0.07257,4.6433,13.08618,13.08618,1.0,13.08618,4.6433,0.0,0.0,0.0,0.59669,1.0,6,6,1,0.68798,0.89855,0.07063,0.90931,0.56584,0.0529,0.82,0.7,0.06,0.9,0.56,0.06,-4.87169,-1.08451,-0.10271,-66.50034,0.1211,63.85057,double_rcm_log_20260616_135653_209.csv,79.77203,Unknown,Task4_EntryRCM_TipCone,0.0,4.643619634709895,13.054045750459546,13.06477132108204,4.649236795330713,13.076232637881528,13.084024610187727,6.851876632046285,15.630891883792266,78.62885316216959,0.8278741760940288,14.08395329035199
32.87365,0.01014,98.58687,Done,EntryTipCone,161.4128,0.15392,4.60237,12.99811,12.99811,1.0,12.99811,4.60232,0.0,0.0,0.0,0.59647,1.0,6,6,1,0.68813,0.89856,0.07046,0.90938,0.56577,0.05309,0.82,0.7,0.06,0.9,0.56,0.06,-4.85497,-1.09319,-0.08261,-66.54185,0.07644,63.83162,double_rcm_log_20260616_135653_209.csv,98.58687,Unknown,Task4_EntryRCM_TipCone,0.0,4.602223880622196,12.937926387873366,12.94836774331071,4.618139202044751,12.996102433481225,13.000976886372742,7.147609823258846,19.219402718327068,250.3430598448626,1.2221317732635215,46.29102379787608
32.90525,0.0089,112.4045,Done,EntryTipCone,161.5021,0.23673,4.55496,12.89496,12.89496,1.0,12.89496,4.55496,0.0,0.0,0.0,0.59625,1.0,6,6,1,0.6883,0.89857,0.07028,0.90944,0.56569,0.0533,0.82,0.7,0.06,0.9,0.56,0.06,-4.83329,-1.12628,-0.01451,-66.57489,-0.01506,63.83208,double_rcm_log_20260616_135653_209.csv,112.4045,Unknown,Task4_EntryRCM_TipCone,0.0,4.555132426784888,12.805821791727055,12.815945980700304,4.580002946736673,12.8962699437294,12.898825527930818,7.5423093706974065,24.426227242134,4724.639194506892,3.285419997024946,252.56926309094413
32.93782,0.01053,94.92904,Done,EntryTipCone,161.5925,0.32019,4.50063,12.77532,12.77532,1.0,12.77532,4.50063,0.0,0.0,0.0,0.59602,1.0,6,6,1,0.68848,0.89859,0.07007,0.90949,0.5656,0.05353,0.82,0.7,0.06,0.9,0.56,0.06,-4.80244,-1.28901,0.29237,-66.59135,-0.21024,63.92797,double_rcm_log_20260616_135653_209.csv,94.92904,Unknown,Task4_EntryRCM_TipCone,0.0,4.50117272846302,12.654439234027063,12.6642079683549,4.53501272668515,12.77721975295814,12.77814540533951,8.433266906929356,310.58802123843554,6665.755276842029,17.30193250435273,1027.4868299610923
32.97063,0.01087,91.96331,Done,EntryTipCone,161.6668,0.38449,4.44933,12.66159,12.66159,1.0,12.66159,4.44933,0.0,0.0,0.0,0.59585,1.0,6,6,1,0.68857,0.89858,0.06974,0.90956,0.56555,0.05382,0.82,0.7,0.06,0.9,0.56,0.06,-4.7527,-2.37438,2.24952,-66.65747,-0.63614,64.65426,double_rcm_log_20260616_135653_209.csv,91.96331,Unknown,Task4_EntryRCM_TipCone,0.0,4.450321992611538,12.511768516560998,12.521209980294447,4.492904681619613,12.664232127713666,12.664458140797008,25.120830744891528,450.6941578873756,5860.320289940293,70.28611266025052,851.8748276587306
33.0034,0.01065,93.9034,Done,EntryTipCone,161.3934,0.12828,4.58501,12.95941,12.95941,1.0,12.95941,4.58501,0.0,0.0,0.0,0.59656,1.0,6,6,1,0.68691,0.89789,0.06775,0.91015,0.56623,0.0549,0.82,0.7,0.06,0.9,0.56,0.06,-4.68126,-6.60927,9.69406,-67.19302,-1.05301,67.01237,double_rcm_log_20260616_135653_209.csv,93.9034,Unknown,Task4_EntryRCM_TipCone,0.0,4.584695972728936,12.888756758492972,12.89907929935677,4.60236988696746,12.950135669024993,12.955516199673378,35.05079297257691,74.46061260868966,12029.753090915183,72.79026455027163,727.7515403331348
33.03556,0.01061,94.20876,Done,EntryTipCone,161.2582,0.01136,4.66644,13.13483,13.13483,1.0,13.13483,4.66644,0.0,0.0,0.0,0.59686,1.0,6,6,1,0.68605,0.89752,0.06649,0.91049,0.56659,0.05563,0.82,0.7,0.06,0.9,0.56,0.06,-4.64262,-7.96424,12.04541,-67.4537,-1.11524,67.58253,double_rcm_log_20260616_135653_209.csv,94.20876,Unknown,Task4_EntryRCM_TipCone,0.0,4.667022114755536,13.11968911114218,13.130577616393248,4.668830748541338,13.126217218282592,13.136403617428925,21.198210007747,335.8151749399621,791.022357346957,24.21376413955605,948.3564739096471
33.06829,0.00887,112.7717,Done,EntryTipCone,161.2523,0.00616,4.67005,13.14253,13.14253,1.0,13.14253,4.67005,0.0,0.0,0.0,0.59687,1.0,6,6,1,0.68583,0.8974,0.06578,0.91063,0.56668,0.0561,0.82,0.7,0.06,0.9,0.56,0.06,-4.61113,-8.46409,12.91598,-67.61282,-1.15574,67.76003,double_rcm_log_20260616_135653_209.csv,112.7717,Unknown,Task4_EntryRCM_TipCone,0.0,4.670375395364326,13.129094798847353,13.14000678481029,4.67252233342566,13.13593245789811,13.146455796145188,15.108793447806018,116.86865125950708,4931.970793749371,12.0213730169203,205.85292039126722
33.1008,0.01128,88.63242,Done,EntryTipCone,161.252,0.00593,4.67005,13.1425,13.1425,1.0,13.1425,4.67005,0.0,0.0,0.0,0.59687,1.0,6,6,1,0.68565,0.8973,0.06509,0.91074,0.56675,0.05657,0.82,0.7,0.06,0.9,0.56,0.06,-4.57893,-8.89303,13.66395,-67.76839,-1.19576,67.9022,double_rcm_log_20260616_135653_209.csv,88.63242,Unknown,Task4_EntryRCM_TipCone,0.0,4.670215353135325,13.128645894035845,13.139556758567235,4.670532921665838,13.129808071712192,13.140585983889695,15.019473753314761,18.2639992273285,1651.7401254689278,10.785664893781883,31.76703760807782
33.13443,0.01143,87.48356,Done,EntryTipCone,161.2509,0.00503,4.6706,13.14378,13.14378,1.0,13.14378,4.6706,0.0,0.0,0.0,0.59688,1.0,6,6,1,0.68549,0.89721,0.06437,0.91085,0.56681,0.05706,0.82,0.7,0.06,0.9,0.56,0.06,-4.54424,-9.30508,14.38304,-67.93156,-1.23817,68.03123,double_rcm_log_20260616_135653_209.csv,87.48356,Unknown,Task4_EntryRCM_TipCone,0.0,4.670955922469652,13.13072312703815,13.141639181455117,4.6714028414378275,13.132467165241803,13.143142698761219,14.863194454844226,15.447257819149591,129.89675154049718,9.9915144806799,23.01496249144964
33.16851,0.01277,78.32829,Done,EntryTipCone,161.2505,0.00454,4.67072,13.14381,13.14381,1.0,13.14381,4.67072,0.0,0.0,0.0,0.59688,1.0,6,6,1,0.68536,0.89713,0.06363,0.91094,0.56686,0.05755,0.82,0.7,0.06,0.9,0.56,0.06,-4.50774,-9.68845,15.05315,-68.09895,-1.28232,68.14461,double_rcm_log_20260616_135653_209.csv,78.32829,Unknown,Task4_EntryRCM_TipCone,0.0,4.670598236108817,13.129719847971707,13.140633395529223,4.671431834141946,13.132650385731154,13.14327584736768,14.90790958415495,17.351618841012858,67.6914252130242,9.287993959523604,20.091058782682257
33.19878,0.01187,84.21334,Done,EntryTipCone,161.2495,0.00372,4.67144,13.14534,13.14534,1.0,13.14534,4.67139,0.0,0.0,0.0,0.59688,1.0,6,6,1,0.68526,0.89707,0.06297,0.91101,0.5669,0.058,0.82,0.7,0.06,0.9,0.56,0.06,-4.47416,-10.00764,15.61195,-68.2501,-1.32278,68.23447,double_rcm_log_20260616_135653_209.csv,84.21334,Unknown,Task4_EntryRCM_TipCone,0.0,4.6714918192107575,13.132226269730843,13.143146080720594,4.672569664540759,13.135863357763906,13.146486222561446,14.975992899351876,18.664217177218156,142.4041685668455,8.747705638188423,18.93568830593666
33.23072,0.01065,93.91689,Done,EntryTipCone,161.2486,0.00293,4.67206,13.14672,13.14672,1.0,13.14672,4.67206,0.0,0.0,0.0,0.59688,1.0,6,6,1,0.68517,0.89702,0.06227,0.91106,0.56694,0.05847,0.82,0.7,0.06,0.9,0.56,0.06,-4.43762,-10.32126,16.1622,-68.41177,-1.36681,68.31876,double_rcm_log_20260616_135653_209.csv,93.91689,Unknown,Task4_EntryRCM_TipCone,0.0,4.672620664087292,13.135392575443875,13.146320302320675,4.67268724214862,13.135384331585428,13.146410156388637,14.855951687153805,18.634158879384835,91.24140997984011,8.170961199753982,18.132803733205808
33.26314,0.01098,91.09224,Done,EntryTipCone,161.2482,0.00269,4.67227,13.14727,13.14727,1.0,13.14727,4.67227,0.0,0.0,0.0,0.59688,1.0,6,6,1,0.68511,0.89699,0.06156,0.9111,0.56696,0.05895,0.82,0.7,0.06,0.9,0.56,0.06,-4.39945,-10.61563,16.68019,-68.57803,-1.41284,68.39436,double_rcm_log_20260616_135653_209.csv,91.09224,Unknown,Task4_EntryRCM_TipCone,0.0,4.671693326210126,13.132791478643544,13.14371270239674,4.671653672256395,13.132668660780482,13.14359539852013,14.898330940588355,15.822189104343968,124.26945572043564,7.649777590571327,16.219467404640984
33.29536,0.01079,92.6723,Done,EntryTipCone,161.2477,0.00234,4.67257,13.14781,13.14781,1.0,13.14781,4.67257,0.0,0.0,0.0,0.59688,1.0,6,6,1,0.68507,0.89697,0.06085,0.91113,0.56697,0.05943,0.82,0.7,0.06,0.9,0.56,0.06,-4.36043,-10.88848,17.16182,-68.7458,-1.46003,68.46166,double_rcm_log_20260616_135653_209.csv,92.6723,Unknown,Task4_EntryRCM_TipCone,0.0,4.671863711768419,13.133269394601323,13.144191813020106,4.671948885326357,13.134009054593808,13.144683335858582,14.975781225903523,15.053773532360228,90.92994194463151,7.195152385778957,14.883982853712936
33.32864,0.0107,93.45324,Done,EntryTipCone,161.2475,0.00207,4.67278,13.14832,13.14832,1.0,13.14832,4.67278,0.0,0.0,0.0,0.59688,1.0,6,6,1,0.68505,0.89696,0.06011,0.91114,0.56698,0.05993,0.82,0.7,0.06,0.9,0.56,0.06,-4.31904,-11.1501,17.62543,-68.92161,-1.51037,68.52383,double_rcm_log_20260616_135653_209.csv,93.45324,Unknown,Task4_EntryRCM_TipCone,0.0,4.672678885967585,13.13555588230734,13.146484017561828,4.67257216614227,13.1354649122723,13.146288449596645,14.88750495487649,16.117356643570513,85.43479439152782,6.754903083606161,13.932333610290382
33.36118,0.01033,96.84034,Done,EntryTipCone,161.247,0.00176,4.67307,13.1489,13.1489,1.0,13.1489,4.67307,0.0,0.0,0.0,0.59688,1.0,6,6,1,0.68506,0.89696,0.0594,0.91114,0.56698,0.06041,0.82,0.7,0.06,0.9,0.56,0.06,-4.27756,-11.38753,18.04802,-69.09592,-1.56101,68.57847,double_rcm_log_20260616_135653_209.csv,96.84034,Unknown,Task4_EntryRCM_TipCone,0.0,4.673660979780151,13.138310560451218,13.149245585800397,4.674771666180598,13.1416756337058,13.152494060063216,14.858637833164668,19.404441531172573,50.711428860183965,6.36269468903502,13.388230873774035
33.39261,0.0092,108.6927,Done,EntryTipCone,161.2468,0.00144,4.67336,13.14964,13.14964,1.0,13.14964,4.67336,0.0,0.0,0.0,0.59688,1.0,6,6,1,0.68509,0.89698,0.0587,0.91112,0.56697,0.06088,0.82,0.7,0.06,0.9,0.56,0.06,-4.23658,-11.60075,18.42941,-69.26664,-1.6113,68.62627,double_rcm_log_20260616_135653_209.csv,108.6927,Unknown,Task4_EntryRCM_TipCone,0.0,4.673509661442577,13.137886127403263,13.148820090956752,4.675080772222228,13.142447026568279,13.153315171469103,14.868253476616427,19.194671835372635,54.81846681506319,5.98822817499546,13.06393529779389
33.42525,0.01082,92.40803,Done,EntryTipCone,161.2468,0.00145,4.67328,13.14943,13.14943,1.0,13.14943,4.67328,0.0,0.0,0.0,0.59688,1.0,6,6,1,0.68514,0.89701,0.05799,0.91108,0.56695,0.06136,0.82,0.7,0.06,0.9,0.56,0.06,-4.1932,-11.80413,18.79543,-69.44579,-1.66472,68.67089,double_rcm_log_20260616_135653_209.csv,92.40803,Unknown,Task4_EntryRCM_TipCone,0.0,4.673348216052574,13.137433288868648,13.148366119641201,4.673887830757191,13.138875727573247,13.149847907865631,14.754118346858451,16.89729469009182,74.36498095477327,5.623926222937464,12.184603975559762
33.45805,0.01113,89.8087,Done,EntryTipCone,161.2467,0.00135,4.67341,13.14966,13.14966,1.0,13.14966,4.67341,0.0,0.0,0.0,0.59688,1.0,6,6,1,0.68522,0.89705,0.05727,0.91103,0.56692,0.06184,0.82,0.7,0.06,0.9,0.56,0.06,-4.14877,-11.99289,19.13744,-69.62801,-1.71971,68.71178,double_rcm_log_20260616_135653_209.csv,89.8087,Unknown,Task4_EntryRCM_TipCone,0.0,4.673349416465109,13.137436655908829,13.148369495103617,4.674063919804229,13.13947434846024,13.150395431316833,14.809378361358949,16.419996235106932,53.844801342723166,5.297717202600657,11.514188942578835
33.49075,0.01135,88.10017,Done,EntryTipCone,161.2466,0.00122,4.67353,13.15003,13.15003,1.0,13.15003,4.67353,0.0,0.0,0.0,0.59688,1.0,6,6,1,0.68532,0.89711,0.05656,0.91096,0.56688,0.06232,0.82,0.7,0.06,0.9,0.56,0.06,-4.10368,-12.16542,19.45254,-69.81164,-1.77572,68.7489,double_rcm_log_20260616_135653_209.csv,88.10017,Unknown,Task4_EntryRCM_TipCone,0.0,4.672453574982894,13.134923906245879,13.145850461189847,4.672790205009219,13.13587782197465,13.146801892475574,14.984248105135615,16.20403735664554,113.47240841318286,4.985569823181375,11.327163051032231
33.52247,0.01068,93.64498,Done,EntryTipCone,161.2463,0.00104,4.67366,13.15017,13.15017,1.0,13.15017,4.67366,0.0,0.0,0.0,0.59689,1.0,6,6,1,0.68543,0.89718,0.05587,0.91088,0.56684,0.06279,0.82,0.7,0.06,0.9,0.56,0.06,-4.05926,-12.31843,19.73455,-69.99155,-1.83112,68.78194,double_rcm_log_20260616_135653_209.csv,93.64498,Unknown,Task4_EntryRCM_TipCone,0.0,4.673918533914299,13.139032974244792,13.149969807000494,4.674286535567002,13.13969728020338,13.150821267130029,15.008483111912565,17.356189494677015,130.64809943695724,4.69295950890071,11.045255472811407
33.55553,0.01183,84.50932,Done,EntryTipCone,161.2463,0.001,4.6737,13.15033,13.15033,1.0,13.15033,4.6737,0.0,0.0,0.0,0.59689,1.0,6,6,1,0.68558,0.89726,0.05517,0.91078,0.56678,0.06327,0.82,0.7,0.06,0.9,0.56,0.06,-4.01234,-12.46254,20.00315,-70.18053,-1.88986,68.81348,double_rcm_log_20260616_135653_209.csv,84.50932,Unknown,Task4_EntryRCM_TipCone,0.0,4.672970300529752,13.136373272367681,13.147303451803015,4.673248019647015,13.136967745201352,13.14799224216378,14.845940410181313,16.47815430481838,24.420516970957568,4.408223886093211,10.704795031531894
33.58784,0.01016,98.41004,Done,EntryTipCone,161.2459,0.00066,4.67395,13.15079,13.15079,1.0,13.15079,4.67395,0.0,0.0,0.0,0.59689,1.0,6,6,1,0.68574,0.89735,0.05448,0.91067,0.56672,0.06373,0.82,0.7,0.06,0.9,0.56,0.06,-3.9659,-12.58964,20.24309,-70.36668,-1.94818,68.84199,double_rcm_log_20260616_135653_209.csv,98.41004,Unknown,Task4_EntryRCM_TipCone,0.0,4.674220113008421,13.139878873345793,13.150817822709849,4.673964429393465,13.138787790941103,13.149912547237657,14.738936305049334,16.518673139580454,96.0679100607875,4.145172807029371,10.594562399908092
33.61982,0.01081,92.52417,Done,EntryTipCone,161.2459,0.00074,4.67403,13.15107,13.15107,1.0,13.15107,4.67403,0.0,0.0,0.0,0.59689,1.0,6,6,1,0.68593,0.89746,0.05381,0.91055,0.56665,0.06418,0.82,0.7,0.06,0.9,0.56,0.06,-3.91947,-12.70125,20.45722,-70.55201,-2.00663,68.868,double_rcm_log_20260616_135653_209.csv,92.52417,Unknown,Task4_EntryRCM_TipCone,0.0,4.6735235449620305,13.137925069313077,13.148859130284102,4.674986924909145,13.141776311267162,13.15284760042471,14.807836483726195,18.69596814429449,98.51498489592657,3.894179765424864,10.43370908135815
33.65265,0.01077,92.82214,Done,EntryTipCone,161.2458,0.0006,4.67416,13.1512,13.1512,1.0,13.1512,4.67416,0.0,0.0,0.0,0.59689,1.0,6,6,1,0.68614,0.89758,0.05313,0.91041,0.56656,0.06464,0.82,0.7,0.06,0.9,0.56,0.06,-3.87136,-12.80192,20.65421,-70.74321,-2.06728,68.89278,double_rcm_log_20260616_135653_209.csv,92.82214,Unknown,Task4_EntryRCM_TipCone,0.0,4.673188163287732,13.136984356408492,13.147916064248635,4.673970024635745,13.139614852100419,13.150334596503594,14.908640694417445,16.1389754348388,117.59818112207353,3.6572713471011085,10.10449621142411
33.68584,0.01177,84.99274,Done,EntryTipCone,161.2459,0.00066,4.6742,13.15135,13.15135,1.0,13.15135,4.6742,0.0,0.0,0.0,0.59689,1.0,6,6,1,0.68637,0.89771,0.05245,0.91025,0.56647,0.0651,0.82,0.7,0.06,0.9,0.56,0.06,-3.82237,-12.88946,20.82997,-70.93729,-2.12916,68.91605,double_rcm_log_20260616_135653_209.csv,84.99274,Unknown,Task4_EntryRCM_TipCone,0.0,4.674178733080072,13.13976280682005,13.150701465746204,4.6740164695776825,13.139644591844922,13.150414442138292,14.924723054372603,17.127018130732594,122.30044622460045,3.4403263463012537,9.989813093004717
33.71862,0.00937,106.7537,Done,EntryTipCone,161.2457,0.0004,4.67445,13.15192,13.15192,1.0,13.15192,4.67445,0.0,0.0,0.0,0.59689,1.0,6,6,1,0.68662,0.89786,0.05179,0.91008,0.56638,0.06555,0.82,0.7,0.06,0.9,0.56,0.06,-3.77364,-12.96264,20.98177,-71.12968,-2.19075,68.93756,double_rcm_log_20260616_135653_209.csv,106.7537,Unknown,Task4_EntryRCM_TipCone,0.0,4.675240917842697,13.142742125784922,13.153688241609911,4.6765304294717245,13.146236021708285,13.157252752759552,14.795555814572614,20.088146473579265,67.71608041569216,3.238920185408134,9.986609832235022
33.75151,0.01202,83.21304,Done,EntryTipCone,161.2456,0.00045,4.67441,13.15172,13.15172,1.0,13.15172,4.67441,0.0,0.0,0.0,0.59689,1.0,6,6,1,0.6869,0.89801,0.05114,0.90989,0.56627,0.06598,0.82,0.7,0.06,0.9,0.56,0.06,-3.72459,-13.02179,21.11056,-71.32275,-2.25278,68.9576,double_rcm_log_20260616_135653_209.csv,83.21304,Unknown,Task4_EntryRCM_TipCone,0.0,4.674074313840959,13.139469921354824,13.150407847405233,4.673441709825679,13.13761604647565,13.148589277941532,14.850711667421697,16.843342562519314,70.72420499018125,3.057504490802433,9.793093032659009
33.78392,0.01139,87.7607,Done,EntryTipCone,161.2455,0.00044,4.6745,13.15212,13.15212,1.0,13.15212,4.6745,0.0,0.0,0.0,0.59689,1.0,6,6,1,0.68719,0.89818,0.05051,0.90969,0.56616,0.06641,0.82,0.7,0.06,0.9,0.56,0.06,-3.6761,-13.06734,21.21656,-71.51315,-2.3141,68.97615,double_rcm_log_20260616_135653_209.csv,87.7607,Unknown,Task4_EntryRCM_TipCone,0.0,4.674396452275019,13.140373487127485,13.151313674240418,4.674093813667539,13.139153116368783,13.150277563610542,14.898933965928295,15.449416172677676,58.65354755708331,2.9061442035985867,9.675896879987572
33.81776,0.01244,80.40462,Done,EntryTipCone,161.2455,0.00037,4.67462,13.15225,13.15225,1.0,13.15225,4.67462,0.0,0.0,0.0,0.59689,1.0,6,6,1,0.68752,0.89837,0.04987,0.90947,0.56603,0.06684,0.82,0.7,0.06,0.9,0.56,0.06,-3.6254,-13.10089,21.30416,-71.71172,-2.37814,68.99419,double_rcm_log_20260616_135653_209.csv,80.40462,Unknown,Task4_EntryRCM_TipCone,0.0,4.672942774219373,13.136296063706249,13.147226050042255,4.672659882813157,13.135408458994128,13.14638353312421,14.876484001900211,14.944383654322852,47.65694036242126,2.772732346960282,9.636035703668426
33.8509,0.01267,78.89864,Done,EntryTipCone,161.2453,0.00025,4.67466,13.15232,13.15232,1.0,13.15232,4.67466,0.0,0.0,0.0,0.59689,1.0,6,6,1,0.68786,0.89856,0.04925,0.90924,0.5659,0.06726,0.82,0.7,0.06,0.9,0.56,0.06,-3.57575,-13.12028,21.36775,-71.90578,-2.44076,69.01071,double_rcm_log_20260616_135653_209.csv,78.89864,Unknown,Task4_EntryRCM_TipCone,0.0,4.673957804098065,13.139143123190816,13.150080231545964,4.673591731613731,13.137938252955111,13.148961936213801,14.87491825721048,15.972352130622896,62.583970261222404,2.672684232370807,9.58785572136681
33.88276,0.01156,86.53873,Done,EntryTipCone,161.2452,0.00017,4.67483,13.15282,13.15282,1.0,13.15282,4.67483,0.0,0.0,0.0,0.59689,1.0,6,6,1,0.6882,0.89876,0.04867,0.90901,0.56577,0.06765,0.82,0.7,0.06,0.9,0.56,0.06,-3.5281,-13.12636,21.40812,-72.09169,-2.50072,69.02547,double_rcm_log_20260616_135653_209.csv,86.53873,Unknown,Task4_EntryRCM_TipCone,0.0,4.675074044201162,13.142274062690047,13.153219006781033,4.674961323268486,13.141704022514865,13.152775372521145,14.777254271424974,17.791319162352593,64.29125667123347,2.605314942557709,9.601366830340387
33.91571,0.01155,86.59789,Done,EntryTipCone,161.2451,0.00011,4.67491,13.15286,13.15286,1.0,13.15286,4.67491,0.0,0.0,0.0,0.59689,1.0,6,6,1,0.68858,0.89897,0.04809,0.90876,0.56562,0.06804,0.82,0.7,0.06,0.9,0.56,0.06,-3.47898,-13.11964,21.42837,-72.283,-2.56232,69.0396,double_rcm_log_20260616_135653_209.csv,86.59789,Unknown,Task4_EntryRCM_TipCone,0.0,4.674681671290136,13.141173497312039,13.152115686613477,4.674441538824925,13.140743451629278,13.151562644796224,14.87519402938457,17.831746924354462,86.05214258063266,2.5689674249698387,9.592744419139075
33.94805,0.01132,88.36674,Done,EntryTipCone,161.2453,0.00016,4.67504,13.15331,13.15331,1.0,13.15331,4.67504,0.0,0.0,0.0,0.59689,1.0,6,6,1,0.68896,0.89919,0.04754,0.9085,0.56547,0.06842,0.82,0.7,0.06,0.9,0.56,0.06,-3.43099,-13.10029,21.4271,-72.46965,-2.62226,69.05235,double_rcm_log_20260616_135653_209.csv,88.36674,Unknown,Task4_EntryRCM_TipCone,0.0,4.675514142724339,13.143508492733917,13.154456527238265,4.675820566264464,13.144738871502886,13.155504551327512,14.86709492041744,18.92133149242832,95.92036466540445,2.5673694663096587,9.590626060178518
33.98055,0.01038,96.31864,Done,EntryTipCone,161.2451,0.00014,4.67512,13.15337,13.15337,1.0,13.15337,4.67508,0.0,0.0,0.0,0.59689,1.0,6,6,1,0.68937,0.89943,0.04699,0.90822,0.56532,0.06878,0.82,0.7,0.06,0.9,0.56,0.06,-3.38307,-13.0681,21.40466,-72.65581,-2.68181,69.06394,double_rcm_log_20260616_135653_209.csv,96.31864,Unknown,Task4_EntryRCM_TipCone,0.0,4.675034852208461,13.142164133237278,13.15310880214666,4.674490030333081,13.140271862308808,13.151395363230472,14.852492745692697,16.726776980537387,92.7713924446921,2.598768352751946,9.58493134538018
34.01352,0.01011,98.90352,Done,EntryTipCone,161.245,0.00019,4.67517,13.15346,13.15346,1.0,13.15346,4.67517,0.0,0.0,0.0,0.59689,1.0,6,6,1,0.6898,0.89967,0.04646,0.90793,0.56515,0.06914,0.82,0.7,0.06,0.9,0.56,0.06,-3.33487,-13.02247,21.36026,-72.84289,-2.74133,69.0744,double_rcm_log_20260616_135653_209.csv,98.90352,Unknown,Task4_EntryRCM_TipCone,0.0,4.675224433285012,13.14269588833131,13.153641888403177,4.674271918288828,13.139960250496,13.150931525941411,14.97359337238602,14.822967537539002,127.0779324987662,2.6640123717227455,9.642403514409857
34.04736,0.01143,87.51367,Done,EntryTipCone,161.2449,0.00033,4.67529,13.15365,13.15365,1.0,13.15365,4.67529,0.0,0.0,0.0,0.59689,1.0,6,6,1,0.69026,0.89993,0.04594,0.90762,0.56497,0.0695,0.82,0.7,0.06,0.9,0.56,0.06,-3.28587,-12.9621,21.29209,-73.03288,-2.80137,69.08367,double_rcm_log_20260616_135653_209.csv,87.51367,Unknown,Task4_EntryRCM_TipCone,0.0,4.675082337119254,13.14229732345976,13.153242325778953,4.675156222658986,13.142660074967806,13.153528043836708,14.868236272860685,18.425208415552312,51.596173858747086,2.766187128592186,9.720383437117873
34.07928,0.00964,103.7361,Done,EntryTipCone,161.2449,0.00019,4.67533,13.15393,13.15393,1.0,13.15393,4.67533,0.0,0.0,0.0,0.59689,1.0,6,6,1,0.69071,0.90019,0.04546,0.90732,0.5648,0.06982,0.82,0.7,0.06,0.9,0.56,0.06,-3.24017,-12.89225,21.20617,-73.20999,-2.85685,69.09088,double_rcm_log_20260616_135653_209.csv,103.7361,Unknown,Task4_EntryRCM_TipCone,0.0,4.675330644963829,13.142993800920276,13.153940546815459,4.67570642291805,13.144112223875947,13.155029456447409,14.73917054018262,17.37727272712967,113.92297826097214,2.8900195786717147,9.728725695499794
34.11186,0.00972,102.9213,Done,EntryTipCone,161.2448,0.00034,4.67542,13.15393,13.15393,1.0,13.15393,4.67542,0.0,0.0,0.0,0.59689,1.0,6,6,1,0.69118,0.90046,0.045,0.907,0.56462,0.07013,0.82,0.7,0.06,0.9,0.56,0.06,-3.19416,-12.80842,21.09743,-73.3883,-2.91214,69.09666,double_rcm_log_20260616_135653_209.csv,102.9213,Unknown,Task4_EntryRCM_TipCone,0.0,4.674316168175443,13.14014829837545,13.151087921952191,4.6744825671906,13.14045362757547,13.151475202424999,14.835636563674178,15.373778070149722,31.109564247697936,3.0405822973216328,9.806023817295706
34.14476,0.00978,102.25,Done,EntryTipCone,161.2447,0.00041,4.67546,13.154,13.154,1.0,13.154,4.67546,0.0,0.0,0.0,0.59689,1.0,6,6,1,0.69167,0.90074,0.04454,0.90667,0.56443,0.07044,0.82,0.7,0.06,0.9,0.56,0.06,-3.14837,-12.71064,20.96548,-73.56568,-2.96646,69.10059,double_rcm_log_20260616_135653_209.csv,102.25,Unknown,Task4_EntryRCM_TipCone,0.0,4.676364565766722,13.145893837676683,13.156847845579273,4.676432991016974,13.146062352834562,13.15702853990972,14.905050630880906,18.28947309739682,126.52120824572624,3.2177112700140866,9.953609057224979
34.17763,0.01013,98.74877,Done,EntryTipCone,161.2448,0.00044,4.67558,13.1544,13.1544,1.0,13.1544,4.67558,0.0,0.0,0.0,0.59689,1.0,6,6,1,0.69217,0.90103,0.04412,0.90633,0.56423,0.07073,0.82,0.7,0.06,0.9,0.56,0.06,-3.1034,-12.59976,20.81133,-73.7399,-3.01901,69.10241,double_rcm_log_20260616_135653_209.csv,98.74877,Unknown,Task4_EntryRCM_TipCone,0.0,4.675581736525022,13.143698086162923,13.154646595368703,4.676189651835282,13.14578107226798,13.156545899285232,14.788387828598724,18.82790074299829,75.4819990293924,3.417182249970997,10.048812291841275
34.2095,0.00971,102.9756,Done,EntryTipCone,161.2445,0.00051,4.67571,13.15455,13.15455,1.0,13.15455,4.67571,0.0,0.0,0.0,0.59689,1.0,6,6,1,0.69268,0.90132,0.04372,0.90599,0.56404,0.07099,0.82,0.7,0.06,0.9,0.56,0.06,-3.06058,-12.47941,20.64012,-73.90585,-3.06819,69.10198,double_rcm_log_20260616_135653_209.csv,102.9756,Unknown,Task4_EntryRCM_TipCone,0.0,4.675039053765528,13.142175918167023,13.153120616576455,4.674722877988074,13.141335021748931,13.152254559580221,14.78163730461905,14.69191189249115,98.11116643898731,3.6271103699524723,10.192325007375228
34.24337,0.01092,91.58279,Done,EntryTipCone,161.2442,0.00079,4.67584,13.15491,13.15491,1.0,13.15491,4.67584,0.0,0.0,0.0,0.59689,1.0,6,6,1,0.69322,0.90163,0.04332,0.90562,0.56383,0.07126,0.82,0.7,0.06,0.9,0.56,0.06,-3.01603,-12.33793,20.435,-74.07861,-3.1183,69.09887,double_rcm_log_20260616_135653_209.csv,91.58279,Unknown,Task4_EntryRCM_TipCone,0.0,4.676431779150287,13.146082363847269,13.1570368439513,4.675537158426792,13.143532834995888,13.154501130791683,14.988145033301516,16.143971100891957,113.64035331562874,3.870252758194124,10.374585956524417
34.27605,0.01004,99.59019,Done,EntryTipCone,161.2444,0.0007,4.67588,13.15499,13.15499,1.0,13.15499,4.67588,0.0,0.0,0.0,0.59689,1.0,6,6,1,0.69377,0.90194,0.04296,0.90525,0.56362,0.07151,0.82,0.7,0.06,0.9,0.56,0.06,-2.97405,-12.18739,20.21314,-74.24157,-3.16432,69.09286,double_rcm_log_20260616_135653_209.csv,99.59019,Unknown,Task4_EntryRCM_TipCone,0.0,4.6765501604174515,13.14641441027652,13.157369722090255,4.676984338494585,13.14751769492862,13.158533352923477,14.995546339604456,18.56040278326713,108.74818089584288,4.12054356917121,10.565208131972856
34.30932,0.0117,85.45984,Done,EntryTipCone,161.2441,0.00079,4.67617,13.15573,13.15573,1.0,13.15573,4.67617,0.0,0.0,0.0,0.59689,1.0,6,6,1,0.69433,0.90226,0.04262,0.90487,0.5634,0.07174,0.82,0.7,0.06,0.9,0.56,0.06,-2.93237,-12.02058,19.964,-74.40359,-3.20873,69.08356,double_rcm_log_20260616_135653_209.csv,85.45984,Unknown,Task4_EntryRCM_TipCone,0.0,4.676241781505881,13.14554944124228,13.156502586570134,4.676375921397179,13.146002668257953,13.156918332193108,14.84795260364193,17.01073654074242,45.22400471214444,4.3932675250785165,10.974743763511308
34.3419,0.01123,89.03414,Done,EntryTipCone,161.244,0.001,4.67625,13.15571,13.15571,1.0,13.15571,4.67625,0.0,0.0,0.0,0.59689,1.0,6,6,1,0.69489,0.90258,0.04231,0.90449,0.56319,0.07195,0.82,0.7,0.06,0.9,0.56,0.06,-2.89269,-11.84283,19.69526,-74.55809,-3.24948,69.07073,double_rcm_log_20260616_135653_209.csv,89.03414,Unknown,Task4_EntryRCM_TipCone,0.0,4.6764038490339415,13.146004022935806,13.156958306817621,4.6769262144676365,13.147049157071754,13.158217964450941,14.822084203361337,17.897157984793193,47.42181843888538,4.6843108013386825,11.262314132048411
34.37359,0.01014,98.61373,Done,EntryTipCone,161.2439,0.00111,4.67621,13.15572,13.15572,1.0,13.15572,4.67621,0.0,0.0,0.0,0.59689,1.0,6,6,1,0.69544,0.9029,0.04203,0.90412,0.56297,0.07214,0.82,0.7,0.06,0.9,0.56,0.06,-2.85522,-11.65616,19.41007,-74.70428,-3.28633,69.05435,double_rcm_log_20260616_135653_209.csv,98.61373,Unknown,Task4_EntryRCM_TipCone,0.0,4.676714074827343,13.146874172068589,13.157830635563217,4.677306039361192,13.148730503214125,13.159593458766102,14.723483386562004,18.12926266011309,88.74885707966412,4.976253969653628,11.277289207499392
34.40638,0.0101,98.99601,Done,EntryTipCone,161.2439,0.00115,4.67638,13.15605,13.15605,1.0,13.15605,4.67638,0.0,0.0,0.0,0.59689,1.0,6,6,1,0.69602,0.90323,0.04176,0.90373,0.56275,0.07231,0.82,0.7,0.06,0.9,0.56,0.06,-2.81768,-11.4489,19.09049,-74.85113,-3.32131,69.033,double_rcm_log_20260616_135653_209.csv,98.99601,Unknown,Task4_EntryRCM_TipCone,0.0,4.676723755739344,13.146901325952753,13.157857857468997,4.67514105042869,13.14241436664569,13.153383595105849,14.869327296371626,15.788502661683866,61.022058893420024,5.284043528789043,11.653476819593253
34.43941,0.01149,87.05308,Done,EntryTipCone,161.2435,0.00144,4.67672,13.15679,13.15679,1.0,13.15679,4.67672,0.0,0.0,0.0,0.59689,1.0,6,6,1,0.69662,0.90357,0.04152,0.90332,0.56252,0.07248,0.82,0.7,0.06,0.9,0.56,0.06,-2.78123,-11.22569,18.74338,-74.99425,-3.35315,69.00658,double_rcm_log_20260616_135653_209.csv,87.05308,Unknown,Task4_EntryRCM_TipCone,0.0,4.6769756208697295,13.147607779569675,13.158566080883185,4.676699591689136,13.146510739180359,13.157628965736947,14.88959358953083,16.436335674069415,55.244334034504675,5.623373779858856,12.411252298714214
34.47231,0.01113,89.86514,Done,EntryTipCone,161.2432,0.00157,4.67684,13.15698,13.15698,1.0,13.15698,4.67684,0.0,0.0,0.0,0.59689,1.0,6,6,1,0.69722,0.90391,0.04131,0.90292,0.56229,0.07262,0.82,0.7,0.06,0.9,0.56,0.06,-2.74633,-10.98703,18.36915,-75.13178,-3.38106,68.97437,double_rcm_log_20260616_135653_209.csv,89.86514,Unknown,Task4_EntryRCM_TipCone,0.0,4.675907420152751,13.144611593878068,13.155562390505564,4.675492191250179,13.143202981594095,13.154273069995135,14.81986830139354,15.775639631564417,19.74270922007917,5.989872021627288,12.888409812555324
34.50486,0.01067,93.72385,Done,EntryTipCone,161.2432,0.00176,4.67693,13.15713,13.15713,1.0,13.15713,4.67693,0.0,0.0,0.0,0.59689,1.0,6,6,1,0.69782,0.90425,0.04112,0.90251,0.56206,0.07275,0.82,0.7,0.06,0.9,0.56,0.06,-2.71328,-10.73504,17.97105,-75.26278,-3.40462,68.93623,double_rcm_log_20260616_135653_209.csv,93.72385,Unknown,Task4_EntryRCM_TipCone,0.0,4.676775295130414,13.147045888220608,13.158002781876872,4.676506244272923,13.145761879199517,13.156982936828634,14.91929307200772,17.342962428637303,84.84713200880739,6.363781238013178,13.224537523161333
34.53678,0.01089,91.83261,Done,EntryTipCone,161.2428,0.00209,4.67714,13.15759,13.15759,1.0,13.15759,4.67714,0.0,0.0,0.0,0.59689,1.0,6,6,1,0.69841,0.90459,0.04096,0.90211,0.56183,0.07286,0.82,0.7,0.06,0.9,0.56,0.06,-2.68232,-10.47216,17.5529,-75.38622,-3.42355,68.89209,double_rcm_log_20260616_135653_209.csv,91.83261,Unknown,Task4_EntryRCM_TipCone,0.0,4.677391994977297,13.148775661973652,13.159736889467807,4.67749054094278,13.148642573986912,13.159810029023962,14.862022935923124,18.57235421376458,52.278214826829206,6.748251471792722,11.635275134613957
34.57076,0.01149,87.02377,Done,EntryTipCone,161.2425,0.00224,4.67751,13.1586,13.1586,1.0,13.1586,4.67751,0.0,0.0,0.0,0.59689,1.0,6,6,1,0.69904,0.90496,0.04082,0.90168,0.56158,0.07295,0.82,0.7,0.06,0.9,0.56,0.06,-2.65103,-10.17468,17.07657,-75.51194,-3.43876,68.83698,double_rcm_log_20260616_135653_209.csv,87.02377,Unknown,Task4_EntryRCM_TipCone,0.0,4.676204336500437,13.145444412081801,13.156397294362778,4.675291042943554,13.142736455489835,13.153756117550602,14.712202590971815,17.254646252049312,55.18332327804446,7.03513955696214,15.76094734823647
34.6333,0.04719,21.19223,Done,EntryTipCone,161.2324,0.01104,4.68584,13.17606,13.17606,1.0,13.17606,4.68584,0.0,0.0,0.0,0.59691,1.0,6,6,1,0.70018,0.90561,0.04059,0.9009,0.56115,0.07309,0.82,0.7,0.06,0.9,0.56,0.06,-2.59782,-9.61026,16.16714,-75.72875,-3.45565,68.72134,double_rcm_log_20260616_135653_209.csv,21.19223,Unknown,Task4_EntryRCM_TipCone,0.0,4.685555546841433,13.171673363739282,13.182692068015676,4.6816707619779185,13.159633207420573,13.17120343780325,15.208883362232427,16.098150381552237,168.432899688134,8.637029635095752,19.953415770986652
34.66686,0.00679,147.2967,Done,EntryTipCone,161.2428,0.00195,4.67693,13.15729,13.15729,1.0,13.15729,4.67693,0.0,0.0,0.0,0.59689,1.0,6,6,1,0.70087,0.906,0.04057,0.90045,0.56088,0.07312,0.82,0.7,0.06,0.9,0.56,0.06,-2.57282,-9.21383,15.51773,-75.83407,-3.44773,68.62182,double_rcm_log_20260616_135653_209.csv,147.2967,Unknown,Task4_EntryRCM_TipCone,0.0,4.676939749887846,13.147507165479318,13.15846521472426,4.6765392995141,13.146058139814564,13.1571767488318,15.14987977750494,14.885371326636035,101.13847900434908,9.14610158786302,10.151791647309043
34.70153,0.01057,94.5984,Done,EntryTipCone,161.2408,0.00381,4.67847,13.16039,13.16039,1.0,13.16039,4.67847,0.0,0.0,0.0,0.5969,1.0,6,6,1,0.70152,0.90637,0.04053,0.90001,0.56063,0.07315,0.82,0.7,0.06,0.9,0.56,0.06,-2.54843,-8.82982,14.88801,-75.93821,-3.43779,68.52158,double_rcm_log_20260616_135653_209.csv,94.5984,Unknown,Task4_EntryRCM_TipCone,0.0,4.67910594078855,13.153583079325085,13.16455635751606,4.679360807976592,13.153923427573302,13.165086403058664,14.81120858924733,15.931582350804996,64.10194006719624,9.236420796988208,13.935420128314693
34.73378,0.01146,87.23642,Done,EntryTipCone,161.2396,0.00466,4.67914,13.16188,13.16188,1.0,13.16188,4.67914,0.0,0.0,0.0,0.5969,1.0,6,6,1,0.70213,0.90672,0.04052,0.89959,0.56039,0.07315,0.82,0.7,0.06,0.9,0.56,0.06,-2.52785,-8.44434,14.25193,-76.0289,-3.41989,68.41211,double_rcm_log_20260616_135653_209.csv,87.23642,Unknown,Task4_EntryRCM_TipCone,0.0,4.679433427642985,13.154501640274137,13.165477222018207,4.678326801906145,13.151003822463965,13.16216927409765,14.920244660651658,16.089940935924627,32.30486203959226,9.957195527774644,23.8549882762647
34.76638,0.01143,87.51639,Done,EntryTipCone,161.2385,0.00572,4.67969,13.16308,13.16308,1.0,13.16308,4.67969,0.0,0.0,0.0,0.5969,1.0,6,6,1,0.70275,0.90708,0.04054,0.89917,0.56015,0.07314,0.82,0.7,0.06,0.9,0.56,0.06,-2.50918,-8.02659,13.55859,-76.11462,-3.3924,68.28389,double_rcm_log_20260616_135653_209.csv,87.51639,Unknown,Task4_EntryRCM_TipCone,0.0,4.680267825596117,13.156842023496269,13.167823475880216,4.680054054201375,13.155880872767947,13.167042188737756,14.722234702450825,17.542428887379508,50.69950180750135,10.719231747953323,26.509691292122323
34.79862,0.01182,84.592,Done,EntryTipCone,161.2371,0.00684,4.6804,13.1646,13.1646,1.0,13.1646,4.6804,0.0,0.0,0.0,0.5969,1.0,6,6,1,0.70336,0.90742,0.04058,0.89876,0.55992,0.07311,0.82,0.7,0.06,0.9,0.56,0.06,-2.49292,-7.58441,12.82062,-76.1937,-3.35471,68.13762,double_rcm_log_20260616_135653_209.csv,84.592,Unknown,Task4_EntryRCM_TipCone,0.0,4.681514233645586,13.160338038963841,13.17132826469612,4.680714487484892,13.157441006751803,13.16875468675759,14.698766265101455,19.356458210158166,47.58566665931261,11.612176123683223,30.126802837699977
34.83058,0.01066,93.77224,Done,EntryTipCone,161.2359,0.00795,4.68082,13.16541,13.16541,1.0,13.16541,4.68082,0.0,0.0,0.0,0.59691,1.0,6,6,1,0.70396,0.90777,0.04065,0.89835,0.55969,0.07306,0.82,0.7,0.06,0.9,0.56,0.06,-2.47923,-7.10911,12.02274,-76.26656,-3.30419,67.96806,double_rcm_log_20260616_135653_209.csv,93.77224,Unknown,Task4_EntryRCM_TipCone,0.0,4.681436661291226,13.160120458594145,13.17111013816582,4.6803112497643955,13.155997813223392,13.167467486194914,14.694651673326804,17.179136294221454,122.97848654822344,12.592049825136192,33.82306797641294
34.86313,0.01101,90.84975,Done,EntryTipCone,161.2335,0.00997,4.68195,13.16778,13.16778,1.0,13.16778,4.68195,0.0,0.0,0.0,0.59691,1.0,6,6,1,0.70456,0.90812,0.04074,0.89794,0.55946,0.07299,0.82,0.7,0.06,0.9,0.56,0.06,-2.46783,-6.58962,11.14589,-76.33563,-3.23812,67.76886,double_rcm_log_20260616_135653_209.csv,90.84975,Unknown,Task4_EntryRCM_TipCone,0.0,4.681709332260898,13.160885265110647,13.171876864546446,4.678924705519244,13.151778411477888,13.16340761353231,14.530731784627779,13.150475699652214,95.2565863393007,13.735731170082323,41.677306384330564
34.89551,0.01097,91.18494,Done,EntryTipCone,161.2303,0.01282,4.6832,13.17047,13.17047,1.0,13.17047,4.6832,0.0,0.0,0.0,0.59692,1.0,6,6,1,0.70515,0.90846,0.04086,0.89754,0.55923,0.07291,0.82,0.7,0.06,0.9,0.56,0.06,-2.45941,-6.02527,10.18768,-76.39978,-3.15288,67.53571,double_rcm_log_20260616_135653_209.csv,91.18494,Unknown,Task4_EntryRCM_TipCone,0.0,4.681792827234657,13.161119457565567,13.172111644930384,4.679409428805737,13.153248501942269,13.164824343681927,14.477314594632452,12.937849616423176,94.8733959922562,15.233992143437037,50.727293246838705
34.92761,0.01023,97.72021,Done,EntryTipCone,161.2263,0.01616,4.68463,13.17321,13.17321,1.0,13.17321,4.68463,0.0,0.0,0.0,0.59693,1.0,6,6,1,0.70573,0.90879,0.04099,0.89714,0.55901,0.07282,0.82,0.7,0.06,0.9,0.56,0.06,-2.45445,-5.40548,9.12888,-76.46001,-3.04266,67.25954,double_rcm_log_20260616_135653_209.csv,97.72021,Unknown,Task4_EntryRCM_TipCone,0.0,4.684518620079225,13.168764933781027,13.17977632630128,4.682199227018443,13.160515771983077,13.172399174030518,14.442485729834297,15.52970020295865,271.75335482993796,16.939072363257083,58.62274283962521
34.96023,0.01006,99.41003,Done,EntryTipCone,161.2189,0.02278,4.6873,13.17882,13.17882,1.0,13.17882,4.6873,0.0,0.0,0.0,0.59695,1.0,6,6,1,0.7063,0.90912,0.04114,0.89674,0.55879,0.07271,0.82,0.7,0.06,0.9,0.56,0.06,-2.45324,-4.71363,7.93973,-76.52025,-2.89822,66.92737,double_rcm_log_20260616_135653_209.csv,99.41003,Unknown,Task4_EntryRCM_TipCone,0.0,4.687071824696682,13.175926296584985,13.186955698523215,4.6839667427342455,13.164896271758249,13.177093761524212,14.015773866062672,22.445812241131772,337.51281108598283,18.95439607090852,74.02415869534425
34.99273,0.01085,92.16283,Done,EntryTipCone,161.2066,0.03362,4.69148,13.18747,13.18747,1.0,13.18747,4.69148,0.0,0.0,0.0,0.59698,1.0,6,6,1,0.70683,0.90944,0.04129,0.89636,0.55859,0.0726,0.82,0.7,0.06,0.9,0.56,0.06,-2.4569,-3.94518,6.61028,-76.58355,-2.70762,66.52895,double_rcm_log_20260616_135653_209.csv,92.16283,Unknown,Task4_EntryRCM_TipCone,0.0,4.692511156324451,13.191182733195468,13.202250567716934,4.6890354141537,13.177985371882093,13.190818776709802,13.258038037485749,30.438811132382718,487.4191064859439,21.654107445503953,80.5563544430364
35.02465,0.01035,96.59481,Done,EntryTipCone,161.1877,0.05072,4.69732,13.1994,13.1994,1.0,13.1994,4.69732,0.0,0.0,0.0,0.59702,1.0,6,6,1,0.7073,0.90973,0.04144,0.89601,0.55841,0.07248,0.82,0.7,0.06,0.9,0.56,0.06,-2.46708,-3.08533,5.112,-76.65764,-2.4486,66.04612,double_rcm_log_20260616_135653_209.csv,96.59481,Unknown,Task4_EntryRCM_TipCone,0.0,4.69694364580699,13.203615054166221,13.214714273156304,4.6919642300527995,13.184828169003747,13.198431725019484,12.262871718193463,47.705985623161766,666.841938047487,23.973877947440467,60.11184060805611
35.05801,0.01118,89.46095,Done,EntryTipCone,161.1498,0.08509,4.70823,13.22137,13.22137,1.0,13.22137,4.70823,0.0,0.0,0.0,0.59712,1.0,6,6,1,0.70769,0.90999,0.04154,0.89567,0.55826,0.07237,0.82,0.7,0.06,0.9,0.56,0.06,-2.48547,-2.14117,3.45516,-76.763,-2.08713,65.47463,double_rcm_log_20260616_135653_209.csv,89.46095,Unknown,Task4_EntryRCM_TipCone,0.0,4.708375561701679,13.235679119033454,13.246859555889545,4.700430613365028,13.20556491087699,13.220945503253574,10.340916810815818,69.64702073240117,293.3835718636551,24.906024299418853,59.880377747668035
35.09042,0.01166,85.73245,Done,EntryTipCone,161.0912,0.13863,4.7234,13.25131,13.25131,1.0,13.25131,4.7234,0.0,0.0,0.0,0.59727,1.0,6,6,1,0.70794,0.91019,0.04157,0.8954,0.55817,0.07229,0.82,0.7,0.06,0.9,0.56,0.06,-2.5136,-1.23938,1.86024,-76.919,-1.60872,64.88957,double_rcm_log_20260616_135653_209.csv,85.73245,Unknown,Task4_EntryRCM_TipCone,0.0,4.7237122815348025,13.278694491106352,13.289984508155468,4.7112460202981525,13.231487444728213,13.249641504584202,8.199598006722118,66.87942274826658,455.00085846002446,22.60699988015603,170.6836167382066
35.1212,0.0096,104.13,Done,EntryTipCone,161.0144,0.20942,4.74082,13.28438,13.28438,1.0,13.28438,4.74082,0.0,0.0,0.0,0.59746,1.0,6,6,1,0.70805,0.91033,0.04154,0.89518,0.55814,0.07224,0.82,0.7,0.06,0.9,0.56,0.06,-2.54834,-0.58009,0.68516,-77.13065,-1.05655,64.44328,double_rcm_log_20260616_135653_209.csv,104.13,Unknown,Task4_EntryRCM_TipCone,0.0,4.740618606440653,13.326111080444615,13.337522719153494,4.7248442773559685,13.262982841207132,13.285691551439871,6.8651934320638075,44.42090413571095,808.2783462131878,15.802733329688973,248.65378901022342
35.15373,0.01046,95.64689,Done,EntryTipCone,160.9205,0.29553,4.75786,13.31439,13.31439,1.0,13.31439,4.75786,0.0,0.0,0.0,0.5977,1.0,6,6,1,0.70808,0.91045,0.04147,0.89498,0.55814,0.07219,0.82,0.7,0.06,0.9,0.56,0.06,-2.58072,-0.25459,0.10242,-77.35638,-0.54842,64.2315,double_rcm_log_20260616_135653_209.csv,95.64689,Unknown,Task4_EntryRCM_TipCone,0.0,4.757229617141848,13.372698282150207,13.384230265341264,4.735541090528323,13.284926623230408,13.313756044032079,6.092856743317745,21.30919893960143,601.4284123980409,8.320985519022445,197.34632210322542
35.18614,0.0106,94.34158,Done,EntryTipCone,160.8228,0.38415,4.76991,13.33161,13.33161,1.0,13.33161,4.76991,0.0,0.0,0.0,0.59794,1.0,6,6,1,0.70809,0.91056,0.04141,0.8948,0.55815,0.07213,0.82,0.7,0.06,0.9,0.56,0.06,-2.60378,-0.15091,-0.08143,-77.53113,-0.18813,64.18472,double_rcm_log_20260616_135653_209.csv,94.34158,Unknown,Task4_EntryRCM_TipCone,0.0,4.768963221169942,13.405605643354548,13.417223142620465,4.740588597001985,13.29102560145234,13.326642487888686,5.940402511764625,12.909684885274737,227.23849194782073,4.240816243096427,104.81430232580514
35.2198,0.01202,83.21393,Done,EntryTipCone,160.7196,0.47675,4.77623,13.33419,13.33419,1.0,13.33419,4.77623,0.0,0.0,0.0,0.5982,1.0,6,6,1,0.70808,0.91067,0.04137,0.89461,0.55816,0.07206,0.82,0.7,0.06,0.9,0.56,0.06,-2.61651,-0.12501,-0.12118,-77.63351,0.01078,64.20013,double_rcm_log_20260616_135653_209.csv,83.21393,Unknown,Task4_EntryRCM_TipCone,0.0,4.776378915726724,13.426402965106618,13.438074728276428,4.74456821652745,13.293689711808627,13.337214851684752,5.908022243853888,18.96578663930255,131.8885269089858,2.0283074242596886,52.127618861459425
35.2507,0.01041,96.05823,Done,EntryTipCone,160.6242,0.5618,4.77631,13.32281,13.32281,1.0,13.32281,4.77631,0.0,0.0,0.0,0.59844,1.0,6,6,1,0.70806,0.91077,0.04135,0.89445,0.55818,0.07198,0.82,0.7,0.06,0.9,0.56,0.06,-2.62273,-0.11657,-0.12762,-77.67876,0.09809,64.22729,double_rcm_log_20260616_135653_209.csv,96.05823,Unknown,Task4_EntryRCM_TipCone,0.0,4.777493067474335,13.429527585213654,13.441207515688053,4.741218966270193,13.276238403774133,13.32798934573407,5.899204746047434,21.18951145512331,81.30248122054077,0.9518156079407649,28.121036662373772
35.2832,0.01126,88.79727,Done,EntryTipCone,160.5226,0.65125,4.77052,13.29636,13.29636,1.0,13.29636,4.77052,0.0,0.0,0.0,0.5987,1.0,6,6,1,0.70802,0.91086,0.04136,0.89429,0.5582,0.07187,0.82,0.7,0.06,0.9,0.56,0.06,-2.62629,-0.11,-0.12871,-77.69141,0.12817,64.2586,double_rcm_log_20260616_135653_209.csv,88.79727,Unknown,Task4_EntryRCM_TipCone,0.0,4.769593559244406,13.40737343576341,13.41899554093925,4.728901311714674,13.233586292228058,13.29439731616293,5.7797975706606675,16.544819385651284,113.68121706197547,0.4836103593820908,12.926414463411609
35.31564,0.01077,92.85451,Done,EntryTipCone,160.4216,0.74044,4.75872,13.25535,13.25535,1.0,13.25535,4.75872,0.0,0.0,0.0,0.59895,1.0,6,6,1,0.70797,0.91095,0.04138,0.89415,0.55823,0.07176,0.82,0.7,0.06,0.9,0.56,0.06,-2.63005,-0.10389,-0.12912,-77.68771,0.13901,64.29014,double_rcm_log_20260616_135653_209.csv,92.85451,Unknown,Task4_EntryRCM_TipCone,0.0,4.7586631856925585,13.376718812517996,13.38826122117809,4.713661652412718,13.18287052900908,13.253414654344766,5.785700693241003,14.355874999291512,80.04433451742416,0.4354261012678961,5.516115172678225
35.3478,0.01128,88.68962,Done,EntryTipCone,160.3208,0.82865,4.74132,13.20055,13.20055,1.0,13.20055,4.74128,0.0,0.0,0.0,0.5992,1.0,6,6,1,0.7079,0.91104,0.04143,0.89401,0.55826,0.07163,0.82,0.7,0.06,0.9,0.56,0.06,-2.63488,-0.09877,-0.12832,-77.67412,0.14385,64.32185,double_rcm_log_20260616_135653_209.csv,88.68962,Unknown,Task4_EntryRCM_TipCone,0.0,4.740184778282321,13.324894351982305,13.336302858931756,4.692652439107431,13.116009360261321,13.197143630346716,6.00844054883897,16.153435168139584,90.15800128454312,0.4728818152596645,3.7408509876016627
35.37997,0.0103,97.08244,Done,EntryTipCone,160.2193,0.91636,4.71792,13.13142,13.13142,1.0,13.13142,4.71792,0.0,0.0,0.0,0.59946,1.0,6,6,1,0.70782,0.91112,0.04149,0.89388,0.55829,0.07149,0.82,0.7,0.06,0.9,0.56,0.06,-2.64111,-0.09348,-0.12843,-77.65163,0.14595,64.35316,double_rcm_log_20260616_135653_209.csv,97.08244,Unknown,Task4_EntryRCM_TipCone,0.0,4.717885263788904,13.262351386263754,13.273599685621312,4.667519009775868,13.038056072660797,13.130064737083382,6.129526276793547,16.868414989331566,102.12906804718543,0.5334239171633997,3.1924023513846933
35.41251,0.01073,93.1749,Done,EntryTipCone,160.1169,1.00475,4.6886,13.04779,13.04779,1.0,13.04779,4.6886,0.0,0.0,0.0,0.59972,1.0,6,6,1,0.70773,0.91119,0.04158,0.89376,0.55833,0.07133,0.82,0.7,0.06,0.9,0.56,0.06,-2.64884,-0.08981,-0.12627,-77.62115,0.14684,64.38561,double_rcm_log_20260616_135653_209.csv,93.1749,Unknown,Task4_EntryRCM_TipCone,0.0,4.687653510566725,13.177557836095286,13.188591343787134,4.634503350644165,12.93778491325077,13.04206272029086,6.251419957771528,15.722314322809114,86.06309425010188,0.5979088112156624,3.159757437454513
35.44463,0.01034,96.7458,Done,EntryTipCone,160.016,1.09122,4.65413,12.95171,12.95171,1.0,12.95171,4.65413,0.0,0.0,0.0,0.59997,1.0,6,6,1,0.70763,0.91126,0.04169,0.89365,0.55838,0.07117,0.82,0.7,0.06,0.9,0.56,0.06,-2.65792,-0.08534,-0.12637,-77.58385,0.14747,64.41646,double_rcm_log_20260616_135653_209.csv,96.7458,Unknown,Task4_EntryRCM_TipCone,0.0,4.6535663388185275,13.081946268976983,13.092740891340066,4.599783288897885,12.832556793022732,12.95051350333259,6.431739541555534,14.329135888312196,128.92820535353817,0.6686081784348975,3.016708242906898
35.47657,0.0101,99.0329,Done,EntryTipCone,159.916,1.17668,4.61414,12.84251,12.84251,1.0,12.84251,4.61414,0.0,0.0,0.0,0.60022,1.0,6,6,1,0.70751,0.91133,0.04181,0.89355,0.55843,0.07099,0.82,0.7,0.06,0.9,0.56,0.06,-2.66826,-0.07989,-0.12896,-77.53815,0.14533,64.44582,double_rcm_log_20260616_135653_209.csv,99.0329,Unknown,Task4_EntryRCM_TipCone,0.0,4.61392862918282,12.970760103056884,12.981281305571994,4.557688955916311,12.707206556184548,12.839295151993394,6.697160034567314,15.216506028356767,74.37010182146686,0.7414812130834859,2.878443266136232
35.50917,0.01049,95.32777,Done,EntryTipCone,159.8142,1.26312,4.56789,12.71809,12.71809,1.0,12.71809,4.56789,0.0,0.0,0.0,0.60048,1.0,6,6,1,0.70738,0.91139,0.04196,0.89345,0.55848,0.0708,0.82,0.7,0.06,0.9,0.56,0.06,-2.68055,-0.07697,-0.12781,-77.48638,0.14692,64.47712,double_rcm_log_20260616_135653_209.csv,95.32777,Unknown,Task4_EntryRCM_TipCone,0.0,4.568400075314604,12.8430421068381,12.8532549957995,4.513053774261612,12.57489862323417,12.722142115225763,6.914577499520653,17.03976720112243,131.12015173208437,0.8210027954219004,2.880578442571915
35.54164,0.01071,93.39906,Done,EntryTipCone,159.7127,1.34807,4.51605,12.58031,12.58031,1.0,12.58031,4.51605,0.0,0.0,0.0,0.60073,1.0,6,6,1,0.70723,0.91144,0.04212,0.89337,0.55853,0.07059,0.82,0.7,0.06,0.9,0.56,0.06,-2.6942,-0.07603,-0.12385,-77.4269,0.14681,64.50925,double_rcm_log_20260616_135653_209.csv,93.39906,Unknown,Task4_EntryRCM_TipCone,0.0,4.516517489917724,12.697489718899332,12.7073586747626,4.459384894468189,12.418268552666857,12.580377577799508,7.114257057302185,17.933505202667778,55.102914391694476,0.9031001873232403,3.109143216278768
35.57374,0.01037,96.38606,Done,EntryTipCone,159.6139,1.43136,4.45962,12.43186,12.43186,1.0,12.43186,4.45962,0.0,0.0,0.0,0.60098,1.0,6,6,1,0.70708,0.91149,0.04231,0.8933,0.55859,0.07038,0.82,0.7,0.06,0.9,0.56,0.06,-2.70891,-0.0714,-0.12734,-77.36024,0.14461,64.53738,double_rcm_log_20260616_135653_209.csv,96.38606,Unknown,Task4_EntryRCM_TipCone,0.0,4.4600209524121,12.538981424741179,12.548484737187751,4.403785627872788,12.256136673268895,12.434729590948113,7.4448720404530695,16.407231231924623,136.98153363281028,0.9725938425705215,2.578937767440562
35.60685,0.01161,86.16911,Done,EntryTipCone,159.5122,1.51587,4.39601,12.26597,12.26597,1.0,12.26597,4.39601,0.0,0.0,0.0,0.60124,1.0,6,6,1,0.70691,0.91153,0.04252,0.89324,0.55866,0.07014,0.82,0.7,0.06,0.9,0.56,0.06,-2.72577,-0.06832,-0.12884,-77.28626,0.14582,64.56688,double_rcm_log_20260616_135653_209.csv,86.16911,Unknown,Task4_EntryRCM_TipCone,0.0,4.394940109065846,12.35637365639526,12.365467091255839,4.337095314543708,12.062947974941851,12.260212069943968,7.781624952992009,10.064189579785095,98.00935168141162,1.0514071420069364,2.927431234358345
35.63799,0.0105,95.21278,Done,EntryTipCone,159.4173,1.5942,4.33088,12.09753,12.09753,1.0,12.09753,4.33088,0.0,0.0,0.0,0.60148,1.0,6,6,1,0.70673,0.91156,0.04273,0.89319,0.55872,0.06991,0.82,0.7,0.06,0.9,0.56,0.06,-2.74298,-0.06763,-0.12712,-77.20968,0.146,64.5956,double_rcm_log_20260616_135653_209.csv,95.21278,Unknown,Task4_EntryRCM_TipCone,0.0,4.329995891729865,12.17413334923915,12.18282968331015,4.272827402235558,11.877781844202294,12.092253718806928,7.841392564868399,10.655816240978139,144.19486284839184,1.1336527009138557,2.6247260844974525
35.67032,0.01084,92.21909,Done,EntryTipCone,159.3202,1.67416,4.25832,11.91142,11.91142,1.0,11.91142,4.25832,0.0,0.0,0.0,0.60172,1.0,6,6,1,0.70654,0.91159,0.04297,0.89314,0.55879,0.06967,0.82,0.7,0.06,0.9,0.56,0.06,-2.76211,-0.06864,-0.12313,-77.12404,0.14608,64.62582,double_rcm_log_20260616_135653_209.csv,92.21909,Unknown,Task4_EntryRCM_TipCone,0.0,4.259130776753997,11.975260543096958,11.983536947840593,4.205325080273727,11.683162177319053,11.91774307492823,8.162087518521282,18.454624631459637,127.02616230740365,1.2021514895918366,2.6491456084844596
35.70269,0.01034,96.73592,Done,EntryTipCone,159.2243,1.75279,4.18086,11.71378,11.71378,1.0,11.71378,4.18086,0.0,0.0,0.0,0.60196,1.0,6,6,1,0.70634,0.91161,0.04323,0.89311,0.55887,0.06941,0.82,0.7,0.06,0.9,0.56,0.06,-2.78257,-0.06501,-0.12829,-77.03195,0.14665,64.6516,double_rcm_log_20260616_135653_209.csv,96.73592,Unknown,Task4_EntryRCM_TipCone,0.0,4.180930063440571,11.755780180223079,11.76360912016559,4.127855679925026,11.461097410202703,11.717384520446577,8.576767919565285,17.38419636846511,107.46451901464157,1.277408630706069,2.6646051195143934
35.73513,0.01073,93.15497,Done,EntryTipCone,159.1294,1.83026,4.09825,11.50445,11.50445,1.0,11.50445,4.09825,0.0,0.0,0.0,0.6022,1.0,6,6,1,0.70612,0.91163,0.0435,0.89309,0.55895,0.06914,0.82,0.7,0.06,0.9,0.56,0.06,-2.80433,-0.06697,-0.12438,-76.93345,0.14649,64.68076,double_rcm_log_20260616_135653_209.csv,93.15497,Unknown,Task4_EntryRCM_TipCone,0.0,4.098388581609407,11.524093143975326,11.531467588318499,4.04601793827583,11.227492973123557,11.506094037508984,8.888606937411842,12.774396767885442,105.42145422000138,1.361577986756022,2.517217980283612
35.76827,0.00904,110.5862,Done,EntryTipCone,159.0339,1.90747,4.00883,11.27951,11.27951,1.0,11.27951,4.00883,0.0,0.0,0.0,0.60245,1.0,6,6,1,0.70589,0.91164,0.0438,0.89308,0.55903,0.06885,0.82,0.7,0.06,0.9,0.56,0.06,-2.82774,-0.06733,-0.12415,-76.82553,0.14445,64.70836,double_rcm_log_20260616_135653_209.csv,110.5862,Unknown,Task4_EntryRCM_TipCone,0.0,4.008035085856788,11.270451035938848,11.277348516797598,3.956931120681344,10.974337127344683,11.276072011121625,9.098096280695481,11.509148846002061,29.85911313587504,1.4319100476317785,2.296170402547225
35.80157,0.01147,87.17014,Done,EntryTipCone,158.94,1.98346,3.91397,11.04229,11.04229,1.0,11.04229,3.91397,0.0,0.0,0.0,0.60268,1.0,6,6,1,0.70565,0.91164,0.04412,0.89308,0.55912,0.06856,0.82,0.7,0.06,0.9,0.56,0.06,-2.8528,-0.06778,-0.12493,-76.71201,0.1454,64.73488,double_rcm_log_20260616_135653_209.csv,87.17014,Unknown,Task4_EntryRCM_TipCone,0.0,3.9134777480578324,11.004977816436393,11.011398640352056,3.8655818851396275,10.714925320103054,11.042391045421306,9.318428353986722,12.52097714707316,68.63666294077358,1.4877141451474818,2.1368092620836823
35.83321,0.01136,87.99207,Done,EntryTipCone,158.8525,2.05387,3.81962,10.80801,10.80801,1.0,10.80801,3.81962,0.0,0.0,0.0,0.6029,1.0,6,6,1,0.70541,0.91164,0.04443,0.89309,0.5592,0.06827,0.82,0.7,0.06,0.9,0.56,0.06,-2.87791,-0.06894,-0.12535,-76.60028,0.14945,64.75957,double_rcm_log_20260616_135653_209.csv,87.99207,Unknown,Task4_EntryRCM_TipCone,0.0,3.8198398146610284,10.742056318911725,10.74802727111535,3.7736265182032698,10.45503441483501,10.806525806196904,9.642572040018155,12.601062575911294,38.51750608279933,1.54138176610676,2.555878788083432
35.86656,0.01309,76.38662,Done,EntryTipCone,158.7617,2.12598,3.71557,10.55132,10.55132,1.0,10.55132,3.71557,0.0,0.0,0.0,0.60313,1.0,6,6,1,0.70515,0.91162,0.04478,0.89311,0.5593,0.06796,0.82,0.7,0.06,0.9,0.56,0.06,-2.9058,-0.07095,-0.12545,-76.47775,0.15634,64.78503,double_rcm_log_20260616_135653_209.csv,76.38662,Unknown,Task4_EntryRCM_TipCone,0.0,3.7157935861994997,10.449876243508953,10.455372530061595,3.672723374861326,10.169762798837365,10.551004691497443,9.988132652908915,11.963814863645357,97.59168236196692,1.64410894444353,3.2105945639670965
35.8974,0.01025,97.5247,Done,EntryTipCone,158.6794,2.19099,3.61493,10.30478,10.30478,1.0,10.30478,3.61487,0.0,0.0,0.0,0.60334,1.0,6,6,1,0.7049,0.91161,0.04512,0.89313,0.55939,0.06766,0.82,0.7,0.06,0.9,0.56,0.06,-2.93179,-0.0749,-0.12227,-76.35342,0.14981,64.80939,double_rcm_log_20260616_135653_209.csv,97.5247,Unknown,Task4_EntryRCM_TipCone,0.0,3.6153809495446527,10.167867245069711,10.172929953395498,3.576125611863632,9.8973150205187,10.307502122240896,10.283176142570273,13.821370880605064,124.734473653194,1.7165984793281182,2.365115998371671
35.93076,0.01188,84.16126,Done,EntryTipCone,158.5935,2.2591,3.50236,10.03072,10.03072,1.0,10.03072,3.5023,0.0,0.0,0.0,0.60356,1.0,6,6,1,0.70461,0.91158,0.0455,0.89317,0.55949,0.06733,0.82,0.7,0.06,0.9,0.56,0.06,-2.96159,-0.07874,-0.12104,-76.21832,0.15259,64.83378,double_rcm_log_20260616_135653_209.csv,84.16126,Unknown,Task4_EntryRCM_TipCone,0.0,3.5016990544057105,9.848553873716705,9.8531539375513,3.4666712605015064,9.589578477942377,10.031844297037315,10.52366675892788,12.79910975967928,68.52492931254974,1.7790162215479117,2.1511396578375743
35.96262,0.01153,86.71916,Done,EntryTipCone,158.5144,2.32212,3.39079,9.761,9.761,1.0,9.761,3.39079,0.0,0.0,0.0,0.60376,1.0,6,6,1,0.70434,0.91155,0.04587,0.89322,0.55959,0.06701,0.82,0.7,0.06,0.9,0.56,0.06,-2.99031,-0.08117,-0.12272,-76.07964,0.14487,64.85504,double_rcm_log_20260616_135653_209.csv,86.71916,Unknown,Task4_EntryRCM_TipCone,0.0,3.3911733867193,9.538068633079392,9.542246779804179,3.358488226163289,9.285983233636859,9.760973312124165,10.612233093250511,10.45967171003596,118.56085769135694,1.8190636534961417,1.8544045711046402
35.99479,0.01052,95.02275,Done,EntryTipCone,158.4356,2.38352,3.27471,9.48305,9.48305,1.0,9.48305,3.27471,0.0,0.0,0.0,0.60396,1.0,6,6,1,0.70405,0.91151,0.04626,0.89328,0.55969,0.06669,0.82,0.7,0.06,0.9,0.56,0.06,-3.02144,-0.0838,-0.12556,-75.94258,0.15411,64.87527,double_rcm_log_20260616_135653_209.csv,95.02275,Unknown,Task4_EntryRCM_TipCone,0.0,3.2760507069161298,9.214631889223016,9.218398856896874,3.2487619507508394,8.978696924472914,9.487391633109748,10.865693924858094,13.900812573785908,91.08828414186046,1.8763936383792617,2.2816841177373157
36.02745,0.01063,94.08308,Done,EntryTipCone,158.3588,2.44351,3.1525,9.19253,9.19253,1.0,9.19253,3.1525,0.0,0.0,0.0,0.60415,1.0,6,6,1,0.70375,0.91146,0.04668,0.89335,0.5598,0.06635,0.82,0.7,0.06,0.9,0.56,0.06,-3.05305,-0.08931,-0.12396,-75.79131,0.14795,64.89681,double_rcm_log_20260616_135653_209.csv,94.08308,Unknown,Task4_EntryRCM_TipCone,0.0,3.15285010672764,8.868459083670624,8.871816897154817,3.131117819787421,8.649575356406523,9.19701038381499,11.388020450392522,12.502077948130323,145.42661067627142,1.9544975272361358,1.8573818579919354
36.05975,0.00995,100.4733,Done,EntryTipCone,158.2858,2.50079,3.0286,8.90087,8.90087,1.0,8.90087,3.0286,0.0,0.0,0.0,0.60433,1.0,6,6,1,0.70344,0.9114,0.04709,0.89343,0.55991,0.066,0.82,0.7,0.06,0.9,0.56,0.06,-3.08567,-0.09385,-0.12531,-75.64121,0.15003,64.91589,double_rcm_log_20260616_135653_209.csv,100.4733,Unknown,Task4_EntryRCM_TipCone,0.0,3.028213980606373,8.518210976222312,8.521186152123203,3.0093750350394637,8.309700077897903,8.897921105516787,11.54933152071896,9.117433330462374,124.65317679446778,1.989044629882007,1.6453898296098353
36.09349,0.01059,94.46618,Done,EntryTipCone,158.2108,2.55795,2.8955,8.59153,8.59153,1.0,8.59153,2.8955,0.0,0.0,0.0,0.60453,1.0,6,6,1,0.70312,0.91133,0.04754,0.89352,0.56002,0.06564,0.82,0.7,0.06,0.9,0.56,0.06,-3.1206,-0.10233,-0.12096,-75.47943,0.15078,64.93752,double_rcm_log_20260616_135653_209.csv,94.46618,Unknown,Task4_EntryRCM_TipCone,0.0,2.895752300644754,8.145927623878455,8.14852924281832,2.883664752175142,7.959418610387669,8.59071591894416,11.584346131727846,10.96554657236006,95.8518454447517,2.0555004966456245,1.9313595982476504
36.12547,0.01069,93.58897,Done,EntryTipCone,158.1447,2.60956,2.76612,8.2935,8.2935,1.0,8.2935,2.76612,0.0,0.0,0.0,0.60469,1.0,6,6,1,0.7028,0.91126,0.04798,0.89362,0.56014,0.0653,0.82,0.7,0.06,0.9,0.56,0.06,-3.15433,-0.10771,-0.12272,-75.3204,0.1489,64.95428,double_rcm_log_20260616_135653_209.csv,93.58897,Unknown,Task4_EntryRCM_TipCone,0.0,2.766313558974159,7.782098160790065,7.7843663001317625,2.760553276779127,7.616439709349425,8.295420423342064,11.85500663436792,10.616567840649818,77.23339456661165,2.076093962184934,1.7287300540118875
36.1581,0.01019,98.17078,Done,EntryTipCone,158.0795,2.65991,2.63113,7.9867,7.9867,1.0,7.9867,2.63113,0.0,0.0,0.0,0.60486,1.0,6,6,1,0.70247,0.91118,0.04844,0.89373,0.56025,0.06494,0.82,0.7,0.06,0.9,0.56,0.06,-3.19061,-0.1133,-0.12593,-75.16048,0.16167,64.96979,double_rcm_log_20260616_135653_209.csv,98.17078,Unknown,Task4_EntryRCM_TipCone,0.0,2.630609517943086,7.400615431371104,7.40256590791765,2.6321503145974123,7.259779716937817,7.986175555295535,12.133184003022539,9.083188869637242,71.19544707684028,2.1188125098846866,2.7714594900363667
36.1923,0.01251,79.93095,Done,EntryTipCone,158.0143,2.70964,2.48688,7.66418,7.66418,1.0,7.66418,2.48688,0.0,0.0,0.0,0.60502,1.0,6,6,1,0.70212,0.91109,0.04892,0.89385,0.56038,0.06456,0.82,0.7,0.06,0.9,0.56,0.06,-3.22828,-0.12513,-0.11912,-74.9836,0.16075,64.98943,double_rcm_log_20260616_135653_209.csv,79.93095,Unknown,Task4_EntryRCM_TipCone,0.0,2.4873181190497418,6.997758576520818,6.999407390404135,2.4953090360408385,6.8795403468993195,7.665539772253477,12.33462865303227,11.31330842579432,58.26983738076545,2.214211185738921,2.6638869281071127
36.22268,0.01057,94.64973,Done,EntryTipCone,157.959,2.75154,2.35651,7.37757,7.37757,1.0,7.37757,2.35651,0.0,0.0,0.0,0.60516,1.0,6,6,1,0.70181,0.911,0.04936,0.89397,0.56049,0.06422,0.82,0.7,0.06,0.9,0.56,0.06,-3.2619,-0.12949,-0.12468,-74.82016,0.15392,65.00101,double_rcm_log_20260616_135653_209.csv,94.64973,Unknown,Task4_EntryRCM_TipCone,0.0,2.357195489397242,6.631887095162097,6.633290456964228,2.3717519352767753,6.537005312950136,7.376272771528976,12.554369755728452,9.556460316885923,69.12616782122888,2.250215139260425,1.3837370204791963
36.25543,0.01043,95.85217,Done,EntryTipCone,157.9037,2.79414,2.2132,7.06816,7.06816,1.0,7.06816,2.2132,0.0,0.0,0.0,0.6053,1.0,6,6,1,0.70146,0.91089,0.04985,0.89411,0.56062,0.06385,0.82,0.7,0.06,0.9,0.56,0.06,-3.29949,-0.14111,-0.11992,-74.64452,0.1552,65.01688,double_rcm_log_20260616_135653_209.csv,95.85217,Unknown,Task4_EntryRCM_TipCone,0.0,2.2124454898189785,6.224847092546469,6.226007488096252,2.235072795010617,6.158202784779204,7.063922423130135,12.629126633395709,7.380716326879477,37.568156295973196,2.2755392882778787,1.4291353412066568
36.28767,0.01038,96.30648,Done,EntryTipCone,157.8523,2.83336,2.07047,6.76714,6.76714,1.0,6.76714,2.07047,0.0,0.0,0.0,0.60543,1.0,6,6,1,0.70112,0.91078,0.05033,0.89425,0.56074,0.06349,0.82,0.7,0.06,0.9,0.56,0.06,-3.33675,-0.14853,-0.12322,-74.46734,0.15349,65.02808,double_rcm_log_20260616_135653_209.csv,96.30648,Unknown,Task4_EntryRCM_TipCone,0.0,2.071246942592833,5.827755547224493,5.828707661241693,2.103556109525147,5.794228693609414,6.766845646237276,12.77113461056134,9.227941114824858,57.39026674048465,2.3020471342905853,1.1825660649960759
36.32114,0.01038,96.30332,Done,EntryTipCone,157.8017,2.87087,1.91969,6.4581,6.4581,1.0,6.4581,1.91969,0.0,0.0,0.0,0.60556,1.0,6,6,1,0.70075,0.91066,0.05084,0.89441,0.56088,0.06311,0.82,0.7,0.06,0.9,0.56,0.06,-3.37672,-0.16181,-0.11811,-74.28362,0.1597,65.04226,double_rcm_log_20260616_135653_209.csv,96.30332,Unknown,Task4_EntryRCM_TipCone,0.0,1.920321450945891,5.403269920985603,5.404028708364812,1.9617757874429396,5.401934980954639,6.457135587859358,13.076180418781888,8.971018847119208,85.41920700642126,2.3335522765587196,1.94745008800368
36.35564,0.0126,79.36686,Done,EntryTipCone,157.7537,2.90666,1.76314,6.14774,6.14774,1.0,6.14774,1.76314,0.0,0.0,0.0,0.60568,1.0,6,6,1,0.70038,0.91052,0.05138,0.89458,0.56101,0.06271,0.82,0.7,0.06,0.9,0.56,0.06,-3.4178,-0.17141,-0.12093,-74.08874,0.15942,65.05222,double_rcm_log_20260616_135653_209.csv,79.36686,Unknown,Task4_EntryRCM_TipCone,0.0,1.7624119394526025,4.959101297807507,4.959687875288713,1.8171185896466795,5.002424796651501,6.143337854944958,13.147866484286293,9.351846475435117,44.428097729628654,2.389002818169591,1.562482566476236
36.38933,0.0127,78.7711,Done,EntryTipCone,157.7126,2.93852,1.609,5.85256,5.85256,1.0,5.85256,1.609,0.0,0.0,0.0,0.60579,1.0,6,6,1,0.7,0.91038,0.0519,0.89476,0.56115,0.06233,0.82,0.7,0.06,0.9,0.56,0.06,-3.45815,-0.17965,-0.12683,-73.89398,0.15573,65.0592,double_rcm_log_20260616_135653_209.csv,78.7711,Unknown,Task4_EntryRCM_TipCone,0.0,1.609040276094911,4.527660664480924,4.528107047976032,1.6753729080533062,4.6110317550580895,5.848846040032189,13.233733428474189,7.586016404123055,106.32281110667051,2.4173642895188157,1.984793728284058
36.42016,0.0099,101.0069,Done,EntryTipCone,157.677,2.96481,1.46674,5.59346,5.59346,1.0,5.59346,1.46674,0.0,0.0,0.0,0.60588,1.0,6,6,1,0.69966,0.91024,0.05239,0.89493,0.56128,0.06198,0.82,0.7,0.06,0.9,0.56,0.06,-3.49584,-0.19348,-0.1221,-73.71584,0.15689,65.06892,double_rcm_log_20260616_135653_209.csv,101.0069,Unknown,Task4_EntryRCM_TipCone,0.0,1.4669838786687526,4.1280213188789405,4.128359607211888,1.5465781980394977,4.255607883903163,5.591395174730549,13.454736768844555,4.939588492398277,74.42143953445323,2.4432747856373345,0.9525786778319835
36.45187,0.00915,109.3364,Done,EntryTipCone,157.6437,2.98927,1.32042,5.34118,5.34118,1.0,5.34118,1.32042,0.0,0.0,0.0,0.60596,1.0,6,6,1,0.6993,0.9101,0.0529,0.89511,0.56141,0.06161,0.82,0.7,0.06,0.9,0.56,0.06,-3.53458,-0.20633,-0.12039,-73.52893,0.15383,65.07655,double_rcm_log_20260616_135653_209.csv,109.3364,Unknown,Task4_EntryRCM_TipCone,0.0,1.3190951473805776,3.711947269357155,3.712193217060244,1.4156193509288613,3.8945219910102207,5.337817906223511,13.445468467679374,6.502738818900066,105.28304783756992,2.450550598628038,1.2682561666983292
36.48492,0.012,83.34569,Done,EntryTipCone,157.6125,3.01176,1.16869,5.09657,5.09657,1.0,5.09657,1.16869,0.0,0.0,0.0,0.60604,1.0,6,6,1,0.69893,0.90994,0.05343,0.8953,0.56155,0.06124,0.82,0.7,0.06,0.9,0.56,0.06,-3.57593,-0.21999,-0.1195,-73.33676,0.16062,65.08295,double_rcm_log_20260616_135653_209.csv,83.34569,Unknown,Task4_EntryRCM_TipCone,0.0,1.1684562154690854,3.28811032642633,3.2882812708074955,1.2856633739920575,3.5362605194666923,5.101970207674696,13.513391660131916,10.844662894240969,46.085337498323945,2.4793220528275963,0.9218454413989341
36.51695,0.01043,95.84306,Done,EntryTipCone,157.588,3.03073,1.02316,4.87938,4.87938,1.0,4.87938,1.02316,0.0,0.0,0.0,0.6061,1.0,6,6,1,0.69857,0.90977,0.05394,0.8955,0.56168,0.06087,0.82,0.7,0.06,0.9,0.56,0.06,-3.61514,-0.23196,-0.12136,-73.1432,0.15349,65.08671,double_rcm_log_20260616_135653_209.csv,95.84306,Unknown,Task4_EntryRCM_TipCone,0.0,1.0227604930559357,2.878159920236307,2.878274561766983,1.1614886385574184,3.1943385014019863,4.881526400625138,13.754196192943477,9.2188042875653,111.80451056590337,2.4937473333641846,1.0759297527464304
36.54888,0.0113,88.51195,Done,EntryTipCone,157.5652,3.04655,0.88049,4.68848,4.68848,1.0,4.68848,0.88049,0.0,0.0,0.0,0.60616,1.0,6,6,1,0.6982,0.9096,0.05446,0.89571,0.56182,0.06051,0.82,0.7,0.06,0.9,0.56,0.06,-3.65569,-0.24693,-0.11932,-72.95532,0.16198,65.09111,double_rcm_log_20260616_135653_209.csv,88.51195,Unknown,Task4_EntryRCM_TipCone,0.0,0.8798523759918224,2.4760350243261473,2.476108012386641,1.0427927910217423,2.867507628586241,4.687920647792569,13.718270234762889,7.571209745673577,68.98455521504954,2.4927464727594577,0.8715183747500447
36.58082,0.011,90.88303,Done,EntryTipCone,157.5488,3.05976,0.74362,4.52408,4.52408,1.0,4.52408,0.74362,0.0,0.0,0.0,0.6062,1.0,6,6,1,0.69784,0.90942,0.05498,0.89592,0.56195,0.06015,0.82,0.7,0.06,0.9,0.56,0.06,-3.69562,-0.25963,-0.12202,-72.76274,0.16185,65.09204,double_rcm_log_20260616_135653_209.csv,90.88303,Unknown,Task4_EntryRCM_TipCone,0.0,0.7429192416992677,2.0907084707159957,2.0907524096042955,0.9380647684165335,2.5793263879130914,4.524533125085878,13.651397085704525,5.318120891466449,82.69616816374193,2.5274616017331186,1.1075795300003244
36.61378,0.01162,86.02277,Done,EntryTipCone,157.5336,3.07015,0.61294,4.39026,4.39026,1.0,4.39026,0.61294,0.0,0.0,0.0,0.60624,1.0,6,6,1,0.69747,0.90923,0.05552,0.89615,0.56209,0.05979,0.82,0.7,0.06,0.9,0.56,0.06,-3.73685,-0.27496,-0.12143,-72.56278,0.16049,65.09359,double_rcm_log_20260616_135653_209.csv,86.02277,Unknown,Task4_EntryRCM_TipCone,0.0,0.6128953223606789,1.724813194843849,1.7248378657207426,0.842114213642909,2.315348785820442,4.385738250283508,13.75817943057199,4.808254540328241,79.20613929209523,2.5310640398008895,0.9496817464810924
36.64466,0.01036,96.4892,Done,EntryTipCone,157.5244,3.07704,0.50822,4.29827,4.29827,1.0,4.29827,0.50822,0.0,0.0,0.0,0.60627,1.0,6,6,1,0.69712,0.90905,0.05602,0.89636,0.56222,0.05944,0.82,0.7,0.06,0.9,0.56,0.06,-3.77574,-0.2885,-0.12347,-72.37617,0.16271,65.09264,double_rcm_log_20260616_135653_209.csv,96.4892,Unknown,Task4_EntryRCM_TipCone,0.0,0.5070384856007598,1.4269189242938798,1.4269328927840192,0.7761243597820562,2.133772390716621,4.300186042486978,13.772750045491058,9.469420871012593,79.51102195799224,2.5335348963440416,1.2207284754992382
36.67636,0.01011,98.93355,Done,EntryTipCone,157.5171,3.08115,0.43205,4.24293,4.24293,1.0,4.24293,0.43205,0.0,0.0,0.0,0.60628,1.0,6,6,1,0.69675,0.90886,0.05654,0.89659,0.56236,0.0591,0.82,0.7,0.06,0.9,0.56,0.06,-3.81567,-0.30698,-0.11803,-72.18385,0.16396,65.09389,double_rcm_log_20260616_135653_209.csv,98.93355,Unknown,Task4_EntryRCM_TipCone,0.0,0.4322348437270884,1.2164091994130677,1.2164178528115104,0.728729512261203,2.0033621739466425,4.243548043795401,13.796159256158099,8.447463391223089,100.80885616486235,2.544340877342348,1.0367862405641086
36.70848,0.0092,108.6517,Done,EntryTipCone,157.5155,3.0826,0.40734,4.22563,4.22563,1.0,4.22563,0.40734,0.0,0.0,0.0,0.60629,1.0,6,6,1,0.69639,0.90865,0.05706,0.89683,0.5625,0.05875,0.82,0.7,0.06,0.9,0.56,0.06,-3.85596,-0.32441,-0.11572,-71.98833,0.16441,65.09245,double_rcm_log_20260616_135653_209.csv,108.6517,Unknown,Task4_EntryRCM_TipCone,0.0,0.4079257400639599,1.1479989283756948,1.1480062023357964,0.7136178925043614,1.9617833331318506,4.226274955560721,13.984341922400947,5.340453147418082,103.71947125156991,2.5390273633096396,1.7304311146492894
36.74121,0.01105,90.47302,Done,EntryTipCone,157.5173,3.08095,0.44543,4.25118,4.25118,1.0,4.25118,0.44543,0.0,0.0,0.0,0.60628,1.0,6,6,1,0.69602,0.90844,0.05759,0.89708,0.56264,0.05839,0.82,0.7,0.06,0.9,0.56,0.06,-3.89692,-0.33784,-0.12183,-71.79013,0.16711,65.08627,double_rcm_log_20260616_135653_209.csv,90.47302,Unknown,Task4_EntryRCM_TipCone,0.0,0.44530501420872587,1.253190963821023,1.2532004261904968,0.7359916934705176,2.0233289401380365,4.2530106983171425,13.924316557733222,8.24876623041829,81.82959885152387,2.5275790433022327,1.1732359167716204
36.77344,0.01079,92.69398,Done,EntryTipCone,157.5226,3.07629,0.53155,4.31795,4.31795,1.0,4.31795,0.53155,0.0,0.0,0.0,0.60627,1.0,6,6,1,0.69566,0.90822,0.05811,0.89733,0.56278,0.05805,0.82,0.7,0.06,0.9,0.56,0.06,-3.93739,-0.3559,-0.12013,-71.59595,0.1718,65.08231,double_rcm_log_20260616_135653_209.csv,92.69398,Unknown,Task4_EntryRCM_TipCone,0.0,0.5318341162185583,1.4966973791853708,1.4967134988158763,0.7872449026528092,2.164281369451311,4.319699063592247,13.819399236958947,7.93298719739826,86.66092255772213,2.5494097652838605,1.3955348388327617
36.80501,0.01057,94.63837,Done,EntryTipCone,157.5323,3.06897,0.64468,4.42044,4.42044,1.0,4.42044,0.64468,0.0,0.0,0.0,0.60624,1.0,6,6,1,0.69531,0.908,0.05862,0.89758,0.56292,0.05772,0.82,0.7,0.06,0.9,0.56,0.06,-3.97598,-0.37437,-0.11718,-71.40156,0.1652,65.07786,double_rcm_log_20260616_135653_209.csv,94.63837,Unknown,Task4_EntryRCM_TipCone,0.0,0.6450006353184025,1.8151604113539948,1.8151891658536632,0.862598319933481,2.3715090943564623,4.425064971274368,13.802398715499939,7.941194468786746,30.52992207556815,2.5464412711580127,1.4110733589165403
36.83696,0.01031,97.0343,Done,EntryTipCone,157.5454,3.05859,0.77405,4.55882,4.55882,1.0,4.55882,0.77405,0.0,0.0,0.0,0.60621,1.0,6,6,1,0.69496,0.90778,0.05913,0.89784,0.56305,0.05739,0.82,0.7,0.06,0.9,0.56,0.06,-4.0152,-0.38931,-0.12173,-71.20922,0.16653,65.06909,double_rcm_log_20260616_135653_209.csv,97.0343,Unknown,Task4_EntryRCM_TipCone,0.0,0.773946312551344,2.178019028673787,2.1780687057864903,0.9583273078663531,2.6350095606307438,4.558530464963485,13.802161099436823,7.644702475643975,90.099245845314,2.5126467844929015,0.791293709728072
36.86938,0.01091,91.65523,Done,EntryTipCone,157.5635,3.04509,0.91493,4.73125,4.73125,1.0,4.73125,0.91493,0.0,0.0,0.0,0.60616,1.0,6,6,1,0.6946,0.90754,0.05964,0.89811,0.56319,0.05706,0.82,0.7,0.06,0.9,0.56,0.06,-4.05498,-0.4086,-0.11993,-71.01524,0.1695,65.06158,double_rcm_log_20260616_135653_209.csv,91.65523,Unknown,Task4_EntryRCM_TipCone,0.0,0.915957927961963,2.577632914932456,2.57771526205584,1.069350891088644,2.9405779128495237,4.731997464073673,13.586066310521401,6.098577779617685,66.44013304643002,2.520769049869521,0.8356597338981023
36.90125,0.00922,108.5027,Done,EntryTipCone,157.5842,3.029,1.05795,4.92906,4.92906,1.0,4.92906,1.05795,0.0,0.0,0.0,0.60611,1.0,6,6,1,0.69426,0.90731,0.06015,0.89837,0.56332,0.05675,0.82,0.7,0.06,0.9,0.56,0.06,-4.09315,-0.42653,-0.12002,-70.82217,0.16445,65.0525,double_rcm_log_20260616_135653_209.csv,108.5027,Unknown,Task4_EntryRCM_TipCone,0.0,1.0571783609494314,2.9750047531506363,2.975131362082123,1.1847267238679993,3.258266174139004,4.92359624664736,13.56978861533037,5.322874557871367,78.92401187627006,2.501878773416731,1.5641993314847462
36.93418,0.01179,84.81473,Done,EntryTipCone,157.61,3.00906,1.2082,5.15726,5.15726,1.0,5.15726,1.2082,0.0,0.0,0.0,0.60605,1.0,6,6,1,0.69391,0.90706,0.06066,0.89865,0.56346,0.05642,0.82,0.7,0.06,0.9,0.56,0.06,-4.13279,-0.44648,-0.11858,-70.62832,0.16844,65.04246,double_rcm_log_20260616_135653_209.csv,84.81473,Unknown,Task4_EntryRCM_TipCone,0.0,1.2081846650136885,3.3998924192431637,3.4000813996068735,1.3164928287216564,3.6211729931271903,5.158536614195886,13.634050346440203,10.586693703648432,99.68460581514975,2.457755426195298,0.7792760821560203
36.96567,0.01123,89.06111,Done,EntryTipCone,157.6383,2.98743,1.35292,5.3952,5.3952,1.0,5.3952,1.35292,0.0,0.0,0.0,0.60597,1.0,6,6,1,0.69357,0.90683,0.06114,0.89892,0.56359,0.05612,0.82,0.7,0.06,0.9,0.56,0.06,-4.1703,-0.46365,-0.12109,-70.44459,0.17292,65.03019,double_rcm_log_20260616_135653_209.csv,89.06111,Unknown,Task4_EntryRCM_TipCone,0.0,1.3528113502938237,3.8068075983503324,3.807072891095407,1.4432895645064652,3.9706151431969103,5.395266443837576,13.406483154317005,9.686392524675364,123.29000039271746,2.461073901288852,0.9090490505073371
36.99763,0.01109,90.20463,Done,EntryTipCone,157.6703,2.96253,1.5005,5.65384,5.65384,1.0,5.65384,1.5005,0.0,0.0,0.0,0.6059,1.0,6,6,1,0.69324,0.90658,0.06163,0.8992,0.56373,0.05583,0.82,0.7,0.06,0.9,0.56,0.06,-4.2074,-0.48477,-0.11703,-70.2558,0.16853,65.01951,double_rcm_log_20260616_135653_209.csv,90.20463,Unknown,Task4_EntryRCM_TipCone,0.0,1.5005383437923292,4.222420605872623,4.222782641628545,1.5726944674227525,4.3272675691924185,5.651707706525462,13.348222139042035,4.7519370945504935,73.27435238821097,2.428680569110078,1.254940879488956
37.02988,0.0111,90.10223,Done,EntryTipCone,157.7072,2.93457,1.64877,5.92664,5.92664,1.0,5.92664,1.64865,0.0,0.0,0.0,0.6058,1.0,6,6,1,0.69291,0.90633,0.06211,0.89948,0.56386,0.05553,0.82,0.7,0.06,0.9,0.56,0.06,-4.24506,-0.50367,-0.11825,-70.07307,0.17687,65.00526,double_rcm_log_20260616_135653_209.csv,90.10223,Unknown,Task4_EntryRCM_TipCone,0.0,1.648509740894958,4.638693074203133,4.639173118011819,1.7090770209689683,4.703515052187415,5.928819444037727,13.265615677081893,9.161351798430623,100.66306782278878,2.4069133337075472,1.277511062934399
37.06148,0.01039,96.20963,Done,EntryTipCone,157.7467,2.9044,1.79319,6.20462,6.20462,1.0,6.20462,1.79319,0.0,0.0,0.0,0.6057,1.0,6,6,1,0.69259,0.90608,0.06258,0.89976,0.56399,0.05525,0.82,0.7,0.06,0.9,0.56,0.06,-4.28041,-0.52103,-0.12104,-69.88961,0.17053,64.98974,double_rcm_log_20260616_135653_209.csv,96.20963,Unknown,Task4_EntryRCM_TipCone,0.0,1.7936362170725526,5.046932188654278,5.047550497248366,1.8416650652107176,5.069487760498684,6.208075386140176,13.004373182430905,10.491943673845014,54.83257029682879,2.398944409389574,1.6080862100713114
37.09323,0.00969,103.1557,Done,EntryTipCone,157.7896,2.87133,1.93725,6.49222,6.49222,1.0,6.49222,1.93735,0.0,0.0,0.0,0.60559,1.0,6,6,1,0.69228,0.90583,0.06304,0.90004,0.56411,0.05498,0.82,0.7,0.06,0.9,0.56,0.06,-4.31593,-0.54136,-0.11939,-69.7109,0.17166,64.97497,double_rcm_log_20260616_135653_209.csv,103.1557,Unknown,Task4_EntryRCM_TipCone,0.0,1.9358963378362817,5.447076867999024,5.447854267213301,1.9726472797887984,5.431509777358231,6.4879966091236145,12.89645466124967,7.493408392975477,49.50857679112913,2.3373558107755206,2.3734003255029688
37.12537,0.01052,95.0232,Done,EntryTipCone,157.8364,2.83537,2.0815,6.78895,6.78895,1.0,6.78895,2.0815,0.0,0.0,0.0,0.60547,1.0,6,6,1,0.69197,0.90557,0.0635,0.90033,0.56424,0.05471,0.82,0.7,0.06,0.9,0.56,0.06,-4.35148,-0.5627,-0.11675,-69.53465,0.17693,64.95939,double_rcm_log_20260616_135653_209.csv,95.0232,Unknown,Task4_EntryRCM_TipCone,0.0,2.0806476475253155,5.854194200930822,5.855159337150843,2.1077263595373306,5.804904292592026,6.787532688687338,12.824744614995044,7.5739568995633615,21.429565835153003,2.2936903313104064,1.606526285898742
37.15752,0.0097,103.0809,Done,EntryTipCone,157.8863,2.79633,2.22378,7.08972,7.08972,1.0,7.08972,2.22378,0.0,0.0,0.0,0.60535,1.0,6,6,1,0.69166,0.90531,0.06395,0.90062,0.56436,0.05445,0.82,0.7,0.06,0.9,0.56,0.06,-4.38629,-0.58264,-0.11666,-69.36074,0.18147,64.94183,double_rcm_log_20260616_135653_209.csv,103.0809,Unknown,Task4_EntryRCM_TipCone,0.0,2.2232578274778523,6.255253015596765,6.256430506091989,2.24052402816244,6.172558252832853,7.084948835383304,12.681996009675677,7.743931285936359,55.03370324114931,2.2814962914393258,1.5954377029039077
37.19044,0.01124,88.96538,Done,EntryTipCone,157.9415,2.7539,2.36745,7.39997,7.39997,1.0,7.39997,2.36745,0.0,0.0,0.0,0.60521,1.0,6,6,1,0.69136,0.90505,0.0644,0.90092,0.56449,0.05419,0.82,0.7,0.06,0.9,0.56,0.06,-4.42057,-0.60028,-0.12117,-69.18171,0.17756,64.92096,double_rcm_log_20260616_135653_209.csv,88.96538,Unknown,Task4_EntryRCM_TipCone,0.0,2.3666223761600502,6.658394256361876,6.659814521340855,2.3771936540181087,6.550991117028378,7.400175673590456,12.571028909390629,9.961831400777461,66.4805634209206,2.2527273162840853,1.7275609810481702
37.22324,0.01107,90.31097,Done,EntryTipCone,158.0007,2.70898,2.50819,7.70973,7.70973,1.0,7.70973,2.50819,0.0,0.0,0.0,0.60506,1.0,6,6,1,0.69106,0.90478,0.06484,0.90122,0.56461,0.05394,0.82,0.7,0.06,0.9,0.56,0.06,-4.45424,-0.62332,-0.11635,-69.009,0.17788,64.90285,double_rcm_log_20260616_135653_209.csv,90.31097,Unknown,Task4_EntryRCM_TipCone,0.0,2.5083216077755823,7.05681166951664,7.058502602616738,2.5111632337550445,6.922598889478933,7.711296907783992,12.320923176692045,10.887172334796732,88.07353835852213,2.1926011500440694,1.5294948778478064
37.258,0.01214,82.40348,Done,EntryTipCone,158.0665,2.65828,2.65432,8.03707,8.03707,1.0,8.03707,2.65439,0.0,0.0,0.0,0.60489,1.0,6,6,1,0.69076,0.9045,0.0653,0.90154,0.56473,0.05369,0.82,0.7,0.06,0.9,0.56,0.06,-4.48918,-0.64438,-0.11727,-68.83083,0.18099,64.88019,double_rcm_log_20260616_135653_209.csv,82.40348,Unknown,Task4_EntryRCM_TipCone,0.0,2.654367841939336,7.467406407202824,7.46941020481404,2.6493587386235866,7.306621338526781,8.034961107559822,12.0455497527934,10.36605382727829,47.986829572845146,2.1591025861423536,1.8397067680045798
37.28812,0.01094,91.40269,Done,EntryTipCone,158.1255,2.61182,2.77869,8.32005,8.32005,1.0,8.32005,2.77869,0.0,0.0,0.0,0.60474,1.0,6,6,1,0.6905,0.90425,0.06568,0.90181,0.56484,0.05348,0.82,0.7,0.06,0.9,0.56,0.06,-4.51826,-0.66308,-0.11671,-68.67686,0.17718,64.86044,double_rcm_log_20260616_135653_209.csv,91.40269,Unknown,Task4_EntryRCM_TipCone,0.0,2.7788413736422775,7.817313402943848,7.819612494201562,2.7675873157925905,7.63503755469075,8.319380986587852,11.80472043475535,9.280796921353618,110.64818474212879,2.1310858598280995,1.8263556545644173
37.3202,0.00846,118.2244,Done,EntryTipCone,158.1927,2.56015,2.90778,8.61729,8.61729,1.0,8.61729,2.90778,0.0,0.0,0.0,0.60457,1.0,6,6,1,0.69024,0.90399,0.06608,0.9021,0.56495,0.05327,0.82,0.7,0.06,0.9,0.56,0.06,-4.54829,-0.68015,-0.12113,-68.51698,0.17375,64.83636,double_rcm_log_20260616_135653_209.csv,118.2244,Unknown,Task4_EntryRCM_TipCone,0.0,2.9076176304911923,8.179276920368904,8.181910647433623,2.889817009571709,7.975239084913878,8.614255626576155,11.754390551482338,8.5781432090792,89.65604204086861,2.0600657489530287,2.9384713277351753
37.35251,0.01052,95.07243,Done,EntryTipCone,158.2628,2.5055,3.03506,8.91347,8.91347,1.0,8.91347,3.03506,0.0,0.0,0.0,0.60439,1.0,6,6,1,0.68998,0.90373,0.06647,0.9024,0.56506,0.05306,0.82,0.7,0.06,0.9,0.56,0.06,-4.57828,-0.69972,-0.12166,-68.36332,0.17825,64.81288,double_rcm_log_20260616_135653_209.csv,95.07243,Unknown,Task4_EntryRCM_TipCone,0.0,3.036435591112376,8.541316320063794,8.54431579180437,3.014548815765074,8.322902230499942,8.917802419878972,11.531193336631006,12.160459455064755,108.27615887222606,1.986632905341381,2.1846058193084636
37.38513,0.01094,91.44036,Done,EntryTipCone,158.3362,2.448,3.16007,9.20774,9.20774,1.0,9.20774,3.16007,0.0,0.0,0.0,0.60421,1.0,6,6,1,0.68973,0.90347,0.06685,0.90269,0.56516,0.05286,0.82,0.7,0.06,0.9,0.56,0.06,-4.60758,-0.72054,-0.12,-68.21309,0.18327,64.78927,double_rcm_log_20260616_135653_209.csv,91.44036,Unknown,Task4_EntryRCM_TipCone,0.0,3.1609888986696983,8.891328992072348,8.894712873087423,3.1342626475517705,8.657193451779737,9.21093372031301,11.106697726489369,13.950802835960896,91.89228384941298,1.9398227212299093,1.701515309355938
37.41748,0.01035,96.57671,Done,EntryTipCone,158.4119,2.38891,3.28074,9.49424,9.49424,1.0,9.49424,3.28068,0.0,0.0,0.0,0.60402,1.0,6,6,1,0.68949,0.90321,0.06721,0.90298,0.56526,0.05268,0.82,0.7,0.06,0.9,0.56,0.06,-4.63541,-0.74065,-0.11883,-68.06663,0.18445,64.76487,double_rcm_log_20260616_135653_209.csv,96.57671,Unknown,Task4_EntryRCM_TipCone,0.0,3.2809980994831576,9.22853234471237,9.23231640211679,3.248737935248138,8.977292721939293,9.493703176316352,10.977198025960949,11.73625893134726,85.61965111671958,1.898561308905116,1.9215910999386263
37.45143,0.01208,82.79606,Done,EntryTipCone,158.4934,2.32413,3.40329,9.78817,9.78817,1.0,9.78817,3.40329,0.0,0.0,0.0,0.60381,1.0,6,6,1,0.68925,0.90295,0.06758,0.90329,0.56536,0.0525,0.82,0.7,0.06,0.9,0.56,0.06,-4.66335,-0.76183,-0.11675,-67.91714,0.18345,64.73895,double_rcm_log_20260616_135653_209.csv,82.79606,Unknown,Task4_EntryRCM_TipCone,0.0,3.403750863697916,9.573402698407168,9.577627499707202,3.367409696603525,9.309904486000987,9.787936452593021,10.732662965753507,10.238260862347229,79.36540366210787,1.8376548628492382,2.0488696159276594
37.48434,0.01162,86.03346,Done,EntryTipCone,158.5767,2.25931,3.51792,10.0651,10.0651,1.0,10.0651,3.51792,0.0,0.0,0.0,0.6036,1.0,6,6,1,0.68903,0.90269,0.06792,0.90358,0.56546,0.05234,0.82,0.7,0.06,0.9,0.56,0.06,-4.6894,-0.77795,-0.1224,-67.77798,0.18488,64.70973,double_rcm_log_20260616_135653_209.csv,86.03346,Unknown,Task4_EntryRCM_TipCone,0.0,3.5182971231093805,9.89517751117118,9.899843288170581,3.477512576338284,9.618510999429889,10.064968951765287,10.42749076568614,10.726474749374448,83.90244153580336,1.776854899024723,2.130139173130668
37.51726,0.01282,77.98258,Done,EntryTipCone,158.662,2.19206,3.62871,10.33474,10.33474,1.0,10.33474,3.62871,0.0,0.0,0.0,0.60338,1.0,6,6,1,0.68882,0.90244,0.06825,0.90387,0.56554,0.05218,0.82,0.7,0.06,0.9,0.56,0.06,-4.71414,-0.79893,-0.11865,-67.64313,0.18308,64.68372,double_rcm_log_20260616_135653_209.csv,77.98258,Unknown,Task4_EntryRCM_TipCone,0.0,3.629147638935182,10.20653287378274,10.211653626401619,3.585685251833667,9.923141949697456,10.335419681851304,10.252784182994967,13.567395167600747,65.88492406528931,1.7098837414992554,2.5868345324424484
37.54886,0.01168,85.58868,Done,EntryTipCone,158.7455,2.12553,3.73093,10.58523,10.58523,1.0,10.58523,3.73093,0.0,0.0,0.0,0.60317,1.0,6,6,1,0.68863,0.9022,0.06855,0.90415,0.56563,0.05205,0.82,0.7,0.06,0.9,0.56,0.06,-4.73704,-0.81628,-0.11959,-67.51998,0.18481,64.65632,double_rcm_log_20260616_135653_209.csv,85.58868,Unknown,Task4_EntryRCM_TipCone,0.0,3.731813813310785,10.494866122294837,10.50043379300433,3.685410048542365,10.203790698332842,10.588762911690813,9.8871105433745,14.186144463313594,104.3558159028444,1.6285102869696966,2.166119249973181
37.58213,0.01136,87.99606,Done,EntryTipCone,158.8348,2.05356,3.83436,10.84066,10.84066,1.0,10.84066,3.83431,0.0,0.0,0.0,0.60295,1.0,6,6,1,0.68844,0.90195,0.06885,0.90443,0.56571,0.05192,0.82,0.7,0.06,0.9,0.56,0.06,-4.76035,-0.83605,-0.11747,-67.39796,0.19133,64.62819,double_rcm_log_20260616_135653_209.csv,87.99606,Unknown,Task4_EntryRCM_TipCone,0.0,3.834488297255004,10.783189007118374,10.789228903168606,3.7844101166016464,10.483274958053567,10.840452020095807,9.54216490404317,11.6421043441138,69.79347423688023,1.5813574661733243,2.1214903492045805
37.61596,0.0123,81.31548,Done,EntryTipCone,158.9297,1.97837,3.93443,11.0893,11.0893,1.0,11.0893,3.93448,0.0,0.0,0.0,0.60271,1.0,6,6,1,0.68826,0.90171,0.06914,0.90472,0.56578,0.0518,0.82,0.7,0.06,0.9,0.56,0.06,-4.78166,-0.85303,-0.11934,-67.27357,0.18346,64.59721,double_rcm_log_20260616_135653_209.csv,81.31548,Unknown,Task4_EntryRCM_TipCone,0.0,3.9340942075435317,11.062861868317356,11.06938468363565,3.8817185888877774,10.759286221678392,11.0872359044082,9.4222180074977,11.62847947881432,97.92818863703015,1.5130693783462734,2.418324043164771
37.64668,0.01075,93.0419,Done,EntryTipCone,159.016,1.90828,4.02117,11.30651,11.30651,1.0,11.30651,4.02117,0.0,0.0,0.0,0.60249,1.0,6,6,1,0.68811,0.90149,0.06939,0.90498,0.56585,0.0517,0.82,0.7,0.06,0.9,0.56,0.06,-4.8007,-0.86992,-0.11824,-67.17097,0.18742,64.56985,double_rcm_log_20260616_135653_209.csv,93.0419,Unknown,Task4_EntryRCM_TipCone,0.0,4.021542768258312,11.30837186449859,11.315339302906333,3.968366084288674,11.004948257663244,11.309858531387505,9.146217490687818,15.98096873839977,72.41166587260398,1.4386499573355966,2.4707025175467128
37.67922,0.01037,96.39818,Done,EntryTipCone,159.1106,1.8327,4.10842,11.52599,11.52599,1.0,11.52599,4.10842,0.0,0.0,0.0,0.60225,1.0,6,6,1,0.68796,0.90127,0.06964,0.90525,0.56591,0.05161,0.82,0.7,0.06,0.9,0.56,0.06,-4.81907,-0.88464,-0.12156,-67.06431,0.1838,64.53845,double_rcm_log_20260616_135653_209.csv,96.39818,Unknown,Task4_EntryRCM_TipCone,0.0,4.108377521067637,11.552132543226863,11.559561028361749,4.053341375081287,11.247179885847595,11.527475872887322,8.774537353599186,14.787496498419193,74.94264015375029,1.3670691498049494,2.5795565046545663
37.71122,0.00966,103.4789,Done,EntryTipCone,159.2041,1.75635,4.18961,11.7315,11.7315,1.0,11.7315,4.18961,0.0,0.0,0.0,0.60201,1.0,6,6,1,0.68782,0.90105,0.06987,0.90551,0.56597,0.05154,0.82,0.7,0.06,0.9,0.56,0.06,-4.83641,-0.90287,-0.11761,-66.96886,0.18696,64.51015,double_rcm_log_20260616_135653_209.csv,103.4789,Unknown,Task4_EntryRCM_TipCone,0.0,4.1898092017264545,11.780701733896747,11.788580648199456,4.131540540513711,11.470468101238852,11.729134665438842,8.506898987228908,12.452301210682956,62.425382245633436,1.2835905552038545,2.3989081586792236
37.7441,0.01031,97.0151,Done,EntryTipCone,159.3015,1.67656,4.26792,11.93144,11.93144,1.0,11.93144,4.26792,0.0,0.0,0.0,0.60177,1.0,6,6,1,0.68769,0.90084,0.07009,0.90577,0.56603,0.05147,0.82,0.7,0.06,0.9,0.56,0.06,-4.8527,-0.91662,-0.12122,-66.87537,0.18742,64.47762,double_rcm_log_20260616_135653_209.csv,97.0151,Unknown,Task4_EntryRCM_TipCone,0.0,4.268813266336412,12.00243415208516,12.010767117608598,4.210272123656018,11.695494596046501,11.933763027645515,8.174032133245767,14.75569201689922,51.10184677843249,1.2266814403572524,2.397617473811781
37.77793,0.01064,93.9541,Done,EntryTipCone,159.4038,1.59295,4.34307,12.12435,12.12435,1.0,12.12435,4.34307,0.0,0.0,0.0,0.60151,1.0,6,6,1,0.68758,0.90063,0.0703,0.90603,0.56608,0.05142,0.82,0.7,0.06,0.9,0.56,0.06,-4.8677,-0.93335,-0.11901,-66.78422,0.18283,64.4461,double_rcm_log_20260616_135653_209.csv,93.9541,Unknown,Task4_EntryRCM_TipCone,0.0,4.342689175067956,12.209753274975384,12.218526294384237,4.282864888838534,11.90430232504842,12.12203365776549,7.905470037376096,13.522568477391781,50.26393939261456,1.1369487130514058,3.35960765569843
37.80933,0.00861,116.0796,Done,EntryTipCone,159.4998,1.51389,4.40802,12.29253,12.29253,1.0,12.29253,4.40802,0.0,0.0,0.0,0.60127,1.0,6,6,1,0.68748,0.90044,0.07047,0.90627,0.56612,0.05138,0.82,0.7,0.06,0.9,0.56,0.06,-4.88091,-0.94774,-0.1185,-66.70908,0.18635,64.41582,double_rcm_log_20260616_135653_209.csv,116.0796,Unknown,Task4_EntryRCM_TipCone,0.0,4.407454715554519,12.391489141874844,12.400660459663364,4.347877755178623,12.09210988779297,12.2911228128271,7.636048218947447,14.622839515509837,56.79820821225487,1.0445612254382317,2.9969570957941145
37.84241,0.01106,90.4511,Done,EntryTipCone,159.6018,1.42961,4.47076,12.45633,12.45633,1.0,12.45633,4.47076,0.0,0.0,0.0,0.60101,1.0,6,6,1,0.68739,0.90024,0.07064,0.90651,0.56616,0.05135,0.82,0.7,0.06,0.9,0.56,0.06,-4.89347,-0.96004,-0.1219,-66.63738,0.1914,64.38215,double_rcm_log_20260616_135653_209.csv,90.4511,Unknown,Task4_EntryRCM_TipCone,0.0,4.4711077311925544,12.570087773272627,12.57966211436268,4.410824050858203,12.274367663487245,12.455850031210213,7.2921835744710375,16.27332761020695,54.231702622619004,0.970926047039518,2.5922195958988516
37.8747,0.01054,94.87556,Done,EntryTipCone,159.7023,1.34606,4.52693,12.60429,12.60429,1.0,12.60429,4.52693,0.0,0.0,0.0,0.60076,1.0,6,6,1,0.68732,0.90007,0.07079,0.90674,0.56619,0.05134,0.82,0.7,0.06,0.9,0.56,0.06,-4.90406,-0.97444,-0.11952,-66.57204,0.19117,64.35136,double_rcm_log_20260616_135653_209.csv,94.87556,Unknown,Task4_EntryRCM_TipCone,0.0,4.5258987564533895,12.723808876329388,12.733739440453325,4.465672014154902,12.434491483833874,12.59917854465118,7.132066328949274,13.249087967870429,74.58004035942494,0.898441172415758,2.5445475650241387
37.90889,0.01191,83.983,Done,EntryTipCone,159.809,1.25655,4.58052,12.74697,12.74697,1.0,12.74697,4.58052,0.0,0.0,0.0,0.60049,1.0,6,6,1,0.68725,0.89989,0.07092,0.90698,0.56622,0.05134,0.82,0.7,0.06,0.9,0.56,0.06,-4.91397,-0.98826,-0.11837,-66.51112,0.19314,64.31802,double_rcm_log_20260616_135653_209.csv,83.983,Unknown,Task4_EntryRCM_TipCone,0.0,4.579683010828157,12.87469407789057,12.88498280439154,4.5206863758045,12.595665676976056,12.743798491815479,6.978041246163506,13.548526504039161,95.4990436411623,0.8270156407283075,2.7515702156973725
37.93951,0.01083,92.33608,Done,EntryTipCone,159.9054,1.17547,4.62313,12.8621,12.8621,1.0,12.8621,4.62313,0.0,0.0,0.0,0.60025,1.0,6,6,1,0.68721,0.89973,0.07103,0.90719,0.56624,0.05135,0.82,0.7,0.06,0.9,0.56,0.06,-4.92109,-0.9983,-0.11992,-66.46091,0.1897,64.28703,double_rcm_log_20260616_135653_209.csv,92.33608,Unknown,Task4_EntryRCM_TipCone,0.0,4.623391303552754,12.997304041411754,13.007890092745841,4.5659184814011216,12.729158894202152,12.86297788227902,6.686691663528382,16.817239956919103,89.76851110543171,0.7628801919482201,2.8704515752031625
37.97215,0.01096,91.20238,Done,EntryTipCone,160.0084,1.0883,4.66317,12.97176,12.97176,1.0,12.97176,4.66317,0.0,0.0,0.0,0.59999,1.0,6,6,1,0.68717,0.89958,0.07112,0.9074,0.56625,0.05137,0.82,0.7,0.06,0.9,0.56,0.06,-4.92751,-1.0085,-0.12138,-66.41545,0.18865,64.254,double_rcm_log_20260616_135653_209.csv,91.20238,Unknown,Task4_EntryRCM_TipCone,0.0,4.663223069156159,13.10903303349193,13.119894977355782,4.607670617435695,12.853756409943088,12.973025861378645,6.4099947322233835,17.63882802712301,65.50187193032127,0.6745550323463313,3.2932021239609477
38.00422,0.01066,93.81432,Done,EntryTipCone,160.1096,1.00181,4.69686,13.06581,13.06581,1.0,13.06581,4.69686,0.0,0.0,0.0,0.59973,1.0,6,6,1,0.68715,0.89944,0.0712,0.9076,0.56626,0.05141,0.82,0.7,0.06,0.9,0.56,0.06,-4.93247,-1.01999,-0.11892,-66.37867,0.18851,64.22306,double_rcm_log_20260616_135653_209.csv,93.81432,Unknown,Task4_EntryRCM_TipCone,0.0,4.697079065051122,13.20399487909373,13.215095057859164,4.6430118475184585,12.96013063799299,13.066587159621989,6.26397546654074,16.719738844048475,36.97191932310672,0.5960969396348984,2.9763530057029435
38.07675,0.04548,21.98684,Done,EntryTipCone,160.3393,0.80485,4.75226,13.22869,13.22869,1.0,13.22869,4.75226,0.0,0.0,0.0,0.59916,1.0,6,6,1,0.68715,0.89915,0.0713,0.90802,0.56625,0.05154,0.82,0.7,0.06,0.9,0.56,0.06,-4.93881,-1.04098,-0.11759,-66.32414,0.19346,64.15142,double_rcm_log_20260616_135653_209.csv,21.98684,Unknown,Task4_EntryRCM_TipCone,0.0,4.752416981661392,13.359200891431747,13.370697921158953,4.703503120603491,13.147596212001885,13.227036705173237,6.095428769561285,14.280519181312924,81.34012909909603,0.4880737519151629,2.9823051004227237
38.11108,0.0065,153.8909,Done,EntryTipCone,160.4483,0.71034,4.76855,13.28145,13.28145,1.0,13.28145,4.76855,0.0,0.0,0.0,0.59888,1.0,6,6,1,0.68717,0.89904,0.07132,0.90821,0.56624,0.05163,0.82,0.7,0.06,0.9,0.56,0.06,-4.93868,-1.0473,-0.12038,-66.30689,0.18685,64.1162,double_rcm_log_20260616_135653_209.csv,153.8909,Unknown,Task4_EntryRCM_TipCone,0.0,4.769153109978198,13.40613818948338,13.417757076147776,4.723866210091145,13.21328201237147,13.281513467974868,6.0051880443859424,17.12734002922938,99.19207663743833,0.43748478581012673,3.4269820569410134
38.1439,0.0092,108.7189,Done,EntryTipCone,160.5516,0.62021,4.77774,13.31656,13.31656,1.0,13.31656,4.77774,0.0,0.0,0.0,0.59862,1.0,6,6,1,0.68721,0.89894,0.07131,0.90838,0.56622,0.05172,0.82,0.7,0.06,0.9,0.56,0.06,-4.93747,-1.05503,-0.11888,-66.30205,0.1876,64.0844,double_rcm_log_20260616_135653_209.csv,108.7189,Unknown,Task4_EntryRCM_TipCone,0.0,4.778373647572015,13.43199715390755,13.443683542180098,4.7388198374034305,13.263731694419041,13.321831705887808,5.842295758449117,20.261291720284746,57.30711696627418,0.4079006520499286,3.0788799861033387
38.17623,0.01016,98.37875,Done,EntryTipCone,160.6529,0.53126,4.78094,13.33681,13.33681,1.0,13.33681,4.78094,0.0,0.0,0.0,0.59837,1.0,6,6,1,0.68726,0.89885,0.07129,0.90853,0.56619,0.05183,0.82,0.7,0.06,0.9,0.56,0.06,-4.9347,-1.06094,-0.11878,-66.30395,0.18652,64.05276,double_rcm_log_20260616_135653_209.csv,98.37875,Unknown,Task4_EntryRCM_TipCone,0.0,4.781020726145706,13.439420811980957,13.45112662712137,4.743816071270592,13.286117335254561,13.335137794563567,5.807087866005599,15.807728985400411,91.57040115837087,0.412429029031064,2.8628311809265514
38.20847,0.01051,95.18465,Done,EntryTipCone,160.7531,0.44272,4.7782,13.34252,13.34252,1.0,13.34252,4.7782,0.0,0.0,0.0,0.59812,1.0,6,6,1,0.68733,0.89877,0.07125,0.90867,0.56616,0.05195,0.82,0.7,0.06,0.9,0.56,0.06,-4.93028,-1.06597,-0.11855,-66.31237,0.18295,64.02151,double_rcm_log_20260616_135653_209.csv,95.18465,Unknown,Task4_EntryRCM_TipCone,0.0,4.7777821844006265,13.430338408010984,13.442020458482881,4.745011884384317,13.297409464310595,13.33855314492537,5.87128844499331,15.30753820105875,41.10395186073177,0.43486735510102714,2.9672766404648194
38.24125,0.01095,91.3008,Done,EntryTipCone,160.8545,0.35279,4.76945,13.33389,13.33389,1.0,13.33389,4.76945,0.0,0.0,0.0,0.59786,1.0,6,6,1,0.68741,0.89871,0.07119,0.90881,0.56612,0.05208,0.82,0.7,0.06,0.9,0.56,0.06,-4.92431,-1.07017,-0.11838,-66.32886,0.1796,63.98998,double_rcm_log_20260616_135653_209.csv,91.3008,Unknown,Task4_EntryRCM_TipCone,0.0,4.769216811798746,13.406316842201146,13.417936194319587,4.743105506417827,13.300687373793254,13.334050397384829,6.017891084734697,16.938296086488084,61.111769580450485,0.4774007150788505,2.9566181944801064
38.27371,0.01097,91.11729,Done,EntryTipCone,160.9538,0.26396,4.75481,13.31051,13.31051,1.0,13.31051,4.75481,0.0,0.0,0.0,0.59762,1.0,6,6,1,0.6875,0.89865,0.07111,0.90893,0.56607,0.05223,0.82,0.7,0.06,0.9,0.56,0.06,-4.91685,-1.07328,-0.11846,-66.35257,0.1754,63.959,double_rcm_log_20260616_135653_209.csv,91.11729,Unknown,Task4_EntryRCM_TipCone,0.0,4.753991529283399,13.363616836602402,13.375125294255676,4.731389356339369,13.276203465657542,13.302732801947078,6.156364788662347,14.570154229286961,55.503661404941425,0.5285327990369498,2.9251734967861664
38.30574,0.01109,90.15927,Done,EntryTipCone,161.0507,0.17661,4.73446,13.27318,13.27318,1.0,13.27318,4.73446,0.0,0.0,0.0,0.59737,1.0,6,6,1,0.6876,0.89861,0.07101,0.90905,0.56602,0.05238,0.82,0.7,0.06,0.9,0.56,0.06,-4.90784,-1.07666,-0.11624,-66.38265,0.16864,63.92973,double_rcm_log_20260616_135653_209.csv,90.15927,Unknown,Task4_EntryRCM_TipCone,0.0,4.734999626044915,13.310351847464787,13.321722967673034,4.720442320483456,13.253847569087794,13.274309774899747,6.325788424058991,18.279452003610935,129.226103767682,0.5877829295928951,2.956044038083388
38.33713,0.00966,103.4715,Done,EntryTipCone,161.1447,0.0915,4.7089,13.22289,13.22289,1.0,13.22289,4.7089,0.0,0.0,0.0,0.59714,1.0,6,6,1,0.68772,0.89858,0.0709,0.90915,0.56597,0.05255,0.82,0.7,0.06,0.9,0.56,0.06,-4.89738,-1.0789,-0.11427,-66.41813,0.15892,63.90137,double_rcm_log_20260616_135653_209.csv,103.4715,Unknown,Task4_EntryRCM_TipCone,0.0,4.709244715733659,13.238116887584926,13.24930351548047,4.701477357066738,13.208008875736626,13.223687080387181,6.512836959628889,19.062237317115187,43.68110795639721,0.650811005104207,3.493850667591195
38.36959,0.01053,94.92534,Done,EntryTipCone,161.2405,0.00429,4.67676,13.15671,13.15671,1.0,13.15671,4.67676,0.0,0.0,0.0,0.5969,1.0,6,6,1,0.68785,0.89856,0.07076,0.90924,0.5659,0.05273,0.82,0.7,0.06,0.9,0.56,0.06,-4.88471,-1.08159,-0.10962,-66.46001,0.14301,63.8736,double_rcm_log_20260616_135653_209.csv,94.92534,Unknown,Task4_EntryRCM_TipCone,0.0,4.67651101045196,13.146304598937082,13.157259635690847,4.675549725133793,13.143466876682922,13.15448592686158,6.629359443341032,15.519175826798817,107.81569333562315,0.7229874378204572,6.24076969774167
38.40208,0.01083,92.30637,Done,EntryTipCone,161.335,0.08232,4.63865,13.07637,13.07637,1.0,13.07637,4.63865,0.0,0.0,0.0,0.59666,1.0,6,6,1,0.688,0.89855,0.07061,0.90932,0.56583,0.05292,0.82,0.7,0.06,0.9,0.56,0.06,-4.86973,-1.08565,-0.10016,-66.50482,0.11541,63.84832,double_rcm_log_20260616_135653_209.csv,92.30637,Unknown,Task4_EntryRCM_TipCone,0.0,4.638821215912665,13.040586038497542,13.051278403182994,4.646111082968568,13.068511539045051,13.075844141010547,6.940081524215391,17.63313110107843,55.27552999698812,0.8540255953172349,15.84544442338257
38.43438,0.0104,96.17842,Done,EntryTipCone,161.4275,0.16763,4.59495,12.9821,12.9821,1.0,12.9821,4.59495,0.0,0.0,0.0,0.59643,1.0,6,6,1,0.68816,0.89856,0.07043,0.90939,0.56576,0.05313,0.82,0.7,0.06,0.9,0.56,0.06,-4.85169,-1.0969,-0.07476,-66.54753,0.06382,63.83032,double_rcm_log_20260616_135653_209.csv,96.17842,Unknown,Task4_EntryRCM_TipCone,0.0,4.594153455684414,12.91528722442344,12.925673761161091,4.611357506612336,12.978035527530583,12.982549826594159,7.329836602869563,18.599669669837926,495.62714628500925,1.3655447567897523,61.62179424418179
38.46712,0.01182,84.5667,Done,EntryTipCone,161.5196,0.25288,4.54485,12.87257,12.87257,1.0,12.87257,4.54485,0.0,0.0,0.0,0.5962,1.0,6,6,1,0.68833,0.89857,0.07024,0.90945,0.56567,0.05335,0.82,0.7,0.06,0.9,0.56,0.06,-4.82829,-1.14049,0.01326,-66.58018,-0.04075,63.83798,double_rcm_log_20260616_135653_209.csv,84.5667,Unknown,Task4_EntryRCM_TipCone,0.0,4.544894407032306,12.777100157343806,12.78715625272907,4.56983520092624,12.869302413704604,12.871437371171826,7.615432798997809,38.058762642759525,5986.92925909479,4.409265929481496,373.15641264231743
38.49893,0.0114,87.74897,Done,EntryTipCone,161.6077,0.33399,4.49091,12.75366,12.75366,1.0,12.75366,4.49091,0.0,0.0,0.0,0.59598,1.0,6,6,1,0.68851,0.8986,0.07003,0.90949,0.56559,0.05358,0.82,0.7,0.06,0.9,0.56,0.06,-4.79525,-1.36617,0.4342,-66.59156,-0.26846,63.97977,double_rcm_log_20260616_135653_209.csv,87.74897,Unknown,Task4_EntryRCM_TipCone,0.0,4.49001525217316,12.623135814049798,12.632832102802304,4.524331639731839,12.747687633449436,12.748513638852167,9.161876917409055,376.0160455269478,6396.800869879143,24.474643854893824,1128.8626775792277
38.53105,0.01116,89.57612,Done,EntryTipCone,161.6618,0.37703,4.44946,12.66185,12.66185,1.0,12.66185,4.44946,0.0,0.0,0.0,0.59587,1.0,6,6,1,0.6885,0.89855,0.06961,0.9096,0.56558,0.05391,0.82,0.7,0.06,0.9,0.56,0.06,-4.74141,-2.89375,3.17392,-66.70564,-0.73875,64.98778,double_rcm_log_20260616_135653_209.csv,89.57612,Unknown,Task4_EntryRCM_TipCone,0.0,4.449684569535606,12.509980050802472,12.51941745921167,4.493007436883552,12.66403563093283,12.664300217540564,28.779392107009688,441.216696934363,8529.959534806385,76.43102336734239,687.884904865054
38.56318,0.01099,90.96535,Done,EntryTipCone,161.3368,0.07915,4.61855,13.03198,13.03198,1.0,13.03198,4.61855,0.0,0.0,0.0,0.59669,1.0,6,6,1,0.68661,0.89777,0.06741,0.91025,0.56636,0.05508,0.82,0.7,0.06,0.9,0.56,0.06,-4.67308,-7.05766,10.47237,-67.25939,-1.07451,67.21416,double_rcm_log_20260616_135653_209.csv,90.96535,Unknown,Task4_EntryRCM_TipCone,0.0,4.61767462763851,12.981268121076578,12.991814963608268,4.629005480835984,13.02028718813595,13.027605305657621,34.99229840130215,173.11953090022843,12081.752530832167,68.14467383856554,895.5159876672031
38.59534,0.0109,91.71242,Done,EntryTipCone,161.2563,0.00972,4.66758,13.13724,13.13724,1.0,13.13724,4.66758,0.0,0.0,0.0,0.59686,1.0,6,6,1,0.68602,0.8975,0.06639,0.91051,0.56661,0.05569,0.82,0.7,0.06,0.9,0.56,0.06,-4.63824,-8.03652,12.17151,-67.47311,-1.12528,67.60921,double_rcm_log_20260616_135653_209.csv,91.71242,Unknown,Task4_EntryRCM_TipCone,0.0,4.668094030492768,13.122695755153845,13.133591762626237,4.671142386572084,13.132137092468364,13.142613895264478,18.48136303704949,335.76538406061036,1619.4935495602258,18.983192478874432,875.3013604106928
38.62724,0.01015,98.50497,Done,EntryTipCone,161.2527,0.00644,4.66976,13.14184,13.14184,1.0,13.14184,4.66976,0.0,0.0,0.0,0.59687,1.0,6,6,1,0.68581,0.89739,0.06571,0.91064,0.56669,0.05615,0.82,0.7,0.06,0.9,0.56,0.06,-4.60753,-8.50833,12.99347,-67.62691,-1.16465,67.77508,double_rcm_log_20260616_135653_209.csv,98.50497,Unknown,Task4_EntryRCM_TipCone,0.0,4.670250225141439,13.128743707049486,13.139654815925908,4.672023034425356,13.134218433015077,13.144892544254565,15.181247076812747,74.60504456452672,5029.000122066478,11.846978221906573,130.34336655355239
38.65954,0.01012,98.83772,Done,EntryTipCone,161.2515,0.00542,4.67051,13.14365,13.14365,1.0,13.14365,4.67051,0.0,0.0,0.0,0.59688,1.0,6,6,1,0.68564,0.89729,0.06502,0.91076,0.56676,0.05662,0.82,0.7,0.06,0.9,0.56,0.06,-4.57531,-8.93594,13.73903,-67.78229,-1.20474,67.91617,double_rcm_log_20260616_135653_209.csv,98.83772,Unknown,Task4_EntryRCM_TipCone,0.0,4.670753335844211,13.130154889273935,13.141069523807314,4.673542814367467,13.138408520880219,13.149129248737335,15.034157186450495,21.214733636920275,971.3580415009985,10.756912194962688,30.101061558748363
38.69195,0.01057,94.62402,Done,EntryTipCone,161.2505,0.0046,4.67085,13.14422,13.14422,1.0,13.14422,4.67085,0.0,0.0,0.0,0.59688,1.0,6,6,1,0.68548,0.8972,0.06432,0.91086,0.56681,0.05709,0.82,0.7,0.06,0.9,0.56,0.06,-4.54178,-9.32976,14.42642,-67.93956,-1.24579,68.03889,double_rcm_log_20260616_135653_209.csv,94.62402,Unknown,Task4_EntryRCM_TipCone,0.0,4.671499561020507,13.132247984810169,13.143167850075434,4.671890648716062,13.13425005911582,13.144725177804187,14.850105123458029,17.773144805135704,150.93194310181082,9.954121395556628,23.92628111623707
38.72434,0.01072,93.25851,Done,EntryTipCone,161.2497,0.00397,4.67135,13.14532,13.14532,1.0,13.14532,4.67135,0.0,0.0,0.0,0.59688,1.0,6,6,1,0.68536,0.89713,0.06362,0.91094,0.56686,0.05756,0.82,0.7,0.06,0.9,0.56,0.06,-4.50702,-9.69462,15.06415,-68.09888,-1.28797,68.14663,double_rcm_log_20260616_135653_209.csv,93.25851,Unknown,Task4_EntryRCM_TipCone,0.0,4.670066092446034,13.128227230431966,13.139137049148564,4.670772464468573,13.130788481802783,13.14141544887759,14.781064179127922,12.7753228072429,160.98320533669664,9.263380311328156,20.84026780739733
38.75737,0.01133,88.2625,Done,EntryTipCone,161.2493,0.00358,4.6716,13.14579,13.14579,1.0,13.14579,4.6716,0.0,0.0,0.0,0.59688,1.0,6,6,1,0.68525,0.89707,0.0629,0.91101,0.56691,0.05804,0.82,0.7,0.06,0.9,0.56,0.06,-4.47036,-10.03874,15.66678,-68.2635,-1.33221,68.24311,double_rcm_log_20260616_135653_209.csv,88.2625,Unknown,Task4_EntryRCM_TipCone,0.0,4.671091339552212,13.131102960018328,13.14201996361201,4.672422612422285,13.134738497001527,13.145714130468486,14.870236772719583,17.03528135299888,118.2197358712766,8.65352607434956,18.541462757311308
38.78841,0.01057,94.62333,Done,EntryTipCone,161.2484,0.00288,4.67211,13.14684,13.14684,1.0,13.14684,4.67211,0.0,0.0,0.0,0.59688,1.0,6,6,1,0.68517,0.89702,0.06222,0.91107,0.56694,0.0585,0.82,0.7,0.06,0.9,0.56,0.06,-4.43477,-10.34133,16.1978,-68.42075,-1.3751,68.3241,double_rcm_log_20260616_135653_209.csv,94.62333,Unknown,Task4_EntryRCM_TipCone,0.0,4.672476096157084,13.134987076024492,13.14591378892326,4.674372815452623,13.14054939724889,13.15136875005791,14.991786136677112,19.98576804845819,166.5339504039962,8.135551744859697,17.42981837767677
38.82051,0.01056,94.7076,Done,EntryTipCone,161.248,0.00243,4.6724,13.14729,13.14729,1.0,13.14729,4.67236,0.0,0.0,0.0,0.59688,1.0,6,6,1,0.68511,0.89699,0.06152,0.91111,0.56696,0.05898,0.82,0.7,0.06,0.9,0.56,0.06,-4.39688,-10.63191,16.70921,-68.58559,-1.42091,68.39856,double_rcm_log_20260616_135653_209.csv,94.7076,Unknown,Task4_EntryRCM_TipCone,0.0,4.6720812499797395,13.133879569283359,13.144803513107432,4.673738230936393,13.138960326507453,13.149680604486122,14.892733279435362,19.195955698749614,91.9338707816728,7.620699158652827,16.24137296912432
38.85306,0.01083,92.37016,Done,EntryTipCone,161.2478,0.00228,4.67253,13.14783,13.14783,1.0,13.14783,4.67253,0.0,0.0,0.0,0.59688,1.0,6,6,1,0.68507,0.89697,0.0608,0.91113,0.56698,0.05946,0.82,0.7,0.06,0.9,0.56,0.06,-4.3574,-10.90575,17.19272,-68.75509,-1.46881,68.46591,double_rcm_log_20260616_135653_209.csv,92.37016,Unknown,Task4_EntryRCM_TipCone,0.0,4.672188926295644,13.134181591379535,13.145106290296583,4.673506816932495,13.137698487119453,13.148722371394083,14.804935467279332,15.305160950933754,72.87740895839259,7.159544614920508,14.754250081396526
38.8854,0.01074,93.09217,Done,EntryTipCone,161.2475,0.00209,4.67278,13.14836,13.14836,1.0,13.14836,4.67282,0.0,0.0,0.0,0.59688,1.0,6,6,1,0.68505,0.89696,0.06009,0.91114,0.56698,0.05994,0.82,0.7,0.06,0.9,0.56,0.06,-4.31712,-11.15912,17.64178,-68.92601,-1.51785,68.52602,double_rcm_log_20260616_135653_209.csv,93.09217,Unknown,Task4_EntryRCM_TipCone,0.0,4.6726571993567365,13.135495053418152,13.146423036558133,4.672554641384461,13.13541542782476,13.146239005890552,14.843105781084079,15.977035637559894,86.6250287795145,6.741674259598563,14.046874956244313
38.91774,0.01032,96.8636,Done,EntryTipCone,161.2472,0.00178,4.67307,13.14889,13.14889,1.0,13.14889,4.67307,0.0,0.0,0.0,0.59688,1.0,6,6,1,0.68506,0.89696,0.05937,0.91114,0.56698,0.06042,0.82,0.7,0.06,0.9,0.56,0.06,-4.27585,-11.39456,18.06091,-69.09942,-1.56828,68.58014,double_rcm_log_20260616_135653_209.csv,96.8636,Unknown,Task4_EntryRCM_TipCone,0.0,4.673841444395666,13.138816745821147,13.149753037574296,4.674883499863255,13.141991419169955,13.152809585788056,14.925456052249679,18.194888528855806,70.28844688490047,6.3356384989631485,13.45444028995563
38.95042,0.01152,86.82294,Done,EntryTipCone,161.247,0.00157,4.67303,13.14878,13.14878,1.0,13.14878,4.67303,0.0,0.0,0.0,0.59688,1.0,6,6,1,0.68509,0.89698,0.05866,0.91111,0.56697,0.06091,0.82,0.7,0.06,0.9,0.56,0.06,-4.23324,-11.61405,18.45374,-69.27674,-1.62058,68.62925,double_rcm_log_20260616_135653_209.csv,86.82294,Unknown,Task4_EntryRCM_TipCone,0.0,4.673010120713926,13.136484964161024,13.1474154229421,4.672880375921498,13.135828280522801,13.146904578645037,14.997512443597037,15.677042802189744,119.99753256512578,5.958755920882346,12.54254393028114
38.98257,0.01138,87.89238,Done,EntryTipCone,161.2469,0.00156,4.67324,13.14935,13.14935,1.0,13.14935,4.67324,0.0,0.0,0.0,0.59688,1.0,6,6,1,0.68515,0.89701,0.05795,0.91108,0.56695,0.06139,0.82,0.7,0.06,0.9,0.56,0.06,-4.19043,-11.81437,18.81431,-69.45351,-1.67338,68.67319,double_rcm_log_20260616_135653_209.csv,87.89238,Unknown,Task4_EntryRCM_TipCone,0.0,4.673217503965007,13.13706665416619,13.147998567855161,4.6749995750080515,13.142014890594723,13.152984452206963,14.904626295785194,18.351141115120342,71.00443467889215,5.619965736184837,12.02945424943464
39.01447,0.01123,89.05875,Done,EntryTipCone,161.2467,0.00134,4.67341,13.14958,13.14958,1.0,13.14958,4.67336,0.0,0.0,0.0,0.59688,1.0,6,6,1,0.68522,0.89705,0.05725,0.91103,0.56692,0.06186,0.82,0.7,0.06,0.9,0.56,0.06,-4.14716,-11.99754,19.14627,-69.63088,-1.72694,68.71284,double_rcm_log_20260616_135653_209.csv,89.05875,Unknown,Task4_EntryRCM_TipCone,0.0,4.674153637815854,13.139692417131503,13.150630899921662,4.675061079522499,13.1422899889572,13.153208733993338,14.783257773543774,19.26836594950727,71.39309203959861,5.29294836210886,11.744661198246536
39.04685,0.01116,89.61764,Done,EntryTipCone,161.2465,0.00117,4.67353,13.14998,13.14998,1.0,13.14998,4.67353,0.0,0.0,0.0,0.59688,1.0,6,6,1,0.68532,0.89711,0.05655,0.91096,0.56688,0.06233,0.82,0.7,0.06,0.9,0.56,0.06,-4.1025,-12.16815,19.45791,-69.81277,-1.78247,68.74957,double_rcm_log_20260616_135653_209.csv,89.61764,Unknown,Task4_EntryRCM_TipCone,0.0,4.672959169298016,13.136342050330274,13.147272151678907,4.673416997712835,13.137647664397363,13.148570264481206,14.904384445455221,14.370474478953293,74.21846985369245,4.979773000326167,11.335494445324837
39.07928,0.01109,90.19806,Done,EntryTipCone,161.2464,0.0012,4.6737,13.15037,13.15037,1.0,13.15037,4.6737,0.0,0.0,0.0,0.59689,1.0,6,6,1,0.68544,0.89718,0.05585,0.91088,0.56683,0.06281,0.82,0.7,0.06,0.9,0.56,0.06,-4.05707,-12.32403,19.74529,-69.9967,-1.83915,68.78321,double_rcm_log_20260616_135653_209.csv,90.19806,Unknown,Task4_EntryRCM_TipCone,0.0,4.673187939251252,13.136983728007857,13.147915434276324,4.673827800169269,13.139111842129916,13.149882128749237,14.807002731560264,16.51270491519689,79.4719541053342,4.684133697903567,11.025615504945469
39.11103,0.01036,96.55014,Done,EntryTipCone,161.2462,0.00099,4.67387,13.1507,13.1507,1.0,13.1507,4.67387,0.0,0.0,0.0,0.59689,1.0,6,6,1,0.68558,0.89726,0.05517,0.91079,0.56678,0.06326,0.82,0.7,0.06,0.9,0.56,0.06,-4.01199,-12.46255,20.00346,-70.17826,-1.89559,68.81353,double_rcm_log_20260616_135653_209.csv,96.55014,Unknown,Task4_EntryRCM_TipCone,0.0,4.673758477141104,13.138584030906914,13.149519740428126,4.675202817198859,13.142893078068324,13.153710503124122,14.849286311356472,19.20522182676921,117.23768425587025,4.408330681415215,10.82017853770272
39.14324,0.0104,96.17495,Done,EntryTipCone,161.246,0.00084,4.67399,13.15093,13.15093,1.0,13.15093,4.67399,0.0,0.0,0.0,0.59689,1.0,6,6,1,0.68574,0.89735,0.05448,0.91067,0.56672,0.06373,0.82,0.7,0.06,0.9,0.56,0.06,-3.96571,-12.5889,20.24205,-70.36376,-1.95372,68.84187,double_rcm_log_20260616_135653_209.csv,96.17495,Unknown,Task4_EntryRCM_TipCone,0.0,4.674220113008421,13.139878873345793,13.150817822709849,4.673964429393465,13.138787790941103,13.149912547237657,15.03040360021985,17.110915643016334,142.64543208312548,4.142483059887409,10.58519641401406
39.17561,0.0105,95.21111,Done,EntryTipCone,161.246,0.00079,4.67408,13.15116,13.15116,1.0,13.15116,4.67408,0.0,0.0,0.0,0.59689,1.0,6,6,1,0.68593,0.89746,0.0538,0.91055,0.56664,0.06419,0.82,0.7,0.06,0.9,0.56,0.06,-3.9187,-12.70188,20.4588,-70.55137,-2.01289,68.86819,double_rcm_log_20260616_135653_209.csv,95.21111,Unknown,Task4_EntryRCM_TipCone,0.0,4.673660152688749,13.138308240541466,13.149243260086678,4.674197764026981,13.140257929794869,13.150977150006712,14.828403023391228,16.921685450839405,114.34458308206833,3.8929187704586794,10.33869978965447
39.20797,0.01084,92.23656,Done,EntryTipCone,161.2458,0.00055,4.67412,13.15107,13.15107,1.0,13.15107,4.67412,0.0,0.0,0.0,0.59689,1.0,6,6,1,0.68613,0.89758,0.05313,0.91041,0.56656,0.06464,0.82,0.7,0.06,0.9,0.56,0.06,-3.87128,-12.80111,20.65297,-70.73987,-2.0727,68.89263,double_rcm_log_20260616_135653_209.csv,92.23656,Unknown,Task4_EntryRCM_TipCone,0.0,4.674289905140355,13.140074633221618,13.15101407245472,4.673970024635745,13.139614852100419,13.150334596503594,14.798703914986206,17.754648289844333,94.52715917864263,3.659900093092802,10.127804131129086
39.24062,0.01084,92.23397,Done,EntryTipCone,161.2458,0.00056,4.67429,13.15154,13.15154,1.0,13.15154,4.67429,0.0,0.0,0.0,0.59689,1.0,6,6,1,0.68636,0.89771,0.05247,0.91025,0.56648,0.06509,0.82,0.7,0.06,0.9,0.56,0.06,-3.82309,-12.88754,20.82639,-70.93075,-2.1336,68.91556,double_rcm_log_20260616_135653_209.csv,92.23397,Unknown,Task4_EntryRCM_TipCone,0.0,4.674357588029499,13.14026447686599,13.151204391178021,4.674514287385755,13.140340353863875,13.151463796855417,14.82408484050267,16.896883113929388,38.001245677513054,3.443984238376909,10.011584185454351
39.27167,0.01028,97.2682,Done,EntryTipCone,161.2457,0.00048,4.67437,13.15176,13.15176,1.0,13.15176,4.67437,0.0,0.0,0.0,0.59689,1.0,6,6,1,0.6866,0.89784,0.05184,0.91009,0.56638,0.06551,0.82,0.7,0.06,0.9,0.56,0.06,-3.77696,-12.9573,20.97091,-71.11288,-2.19194,68.93599,double_rcm_log_20260616_135653_209.csv,97.2682,Unknown,Task4_EntryRCM_TipCone,0.0,4.674523159946877,13.140728889236183,13.151669965785215,4.673215143692734,13.137280481954251,13.148102524699064,14.822572376750543,15.80560676418434,42.526497037103766,3.2532052042173856,9.941381757362798
39.30531,0.01147,87.17805,Done,EntryTipCone,161.2457,0.00035,4.67441,13.1517,13.1517,1.0,13.1517,4.67441,0.0,0.0,0.0,0.59689,1.0,6,6,1,0.68688,0.898,0.05117,0.9099,0.56628,0.06596,0.82,0.7,0.06,0.9,0.56,0.06,-3.7268,-13.0189,21.10446,-71.31036,-2.25538,68.9566,double_rcm_log_20260616_135653_209.csv,87.17805,Unknown,Task4_EntryRCM_TipCone,0.0,4.675433570394764,13.143282495886455,13.154229964560594,4.674635570727921,13.140682806284632,13.15180595963915,14.870947957837744,16.99465997571548,54.376207573494426,3.068233139028493,9.782676907425438
39.33647,0.01056,94.68618,Done,EntryTipCone,161.2456,0.00052,4.67454,13.15222,13.15222,1.0,13.15222,4.67454,0.0,0.0,0.0,0.59689,1.0,6,6,1,0.68716,0.89816,0.05057,0.90971,0.56617,0.06637,0.82,0.7,0.06,0.9,0.56,0.06,-3.68016,-13.0636,21.20786,-71.49348,-2.31436,68.97448,double_rcm_log_20260616_135653_209.csv,94.68618,Unknown,Task4_EntryRCM_TipCone,0.0,4.674741948226784,13.14134256791662,13.152285180382906,4.674077305404955,13.13920791430683,13.150281365811102,14.890722887168744,16.736193580206024,65.30851395701787,2.920849841066174,9.711041920196564
39.36909,0.01055,94.8073,Done,EntryTipCone,161.2454,0.00027,4.67462,13.15222,13.15222,1.0,13.15222,4.67462,0.0,0.0,0.0,0.59689,1.0,6,6,1,0.68747,0.89834,0.04995,0.9095,0.56605,0.06679,0.82,0.7,0.06,0.9,0.56,0.06,-3.63127,-13.09748,21.29485,-71.68503,-2.37614,68.99204,double_rcm_log_20260616_135653_209.csv,94.8073,Unknown,Task4_EntryRCM_TipCone,0.0,4.674866412374711,13.141691676997718,13.152635163280333,4.674437131990269,13.14022391800778,13.151296514032339,14.898394328336312,15.98513924816118,70.8234268344261,2.7882212582203025,9.680975767612072
39.40142,0.01071,93.40852,Done,EntryTipCone,161.2455,0.00033,4.67475,13.15263,13.15263,1.0,13.15263,4.67475,0.0,0.0,0.0,0.59689,1.0,6,6,1,0.6878,0.89853,0.04934,0.90928,0.56592,0.0672,0.82,0.7,0.06,0.9,0.56,0.06,-3.58284,-13.11818,21.3598,-71.87436,-2.43724,69.00828,double_rcm_log_20260616_135653_209.csv,93.40852,Unknown,Task4_EntryRCM_TipCone,0.0,4.6754118994969645,13.143221711309819,13.154169027800586,4.675032784731225,13.1422100939623,13.153128905321283,14.767350902545703,18.371372345778095,68.87369254808407,2.6850720239826655,9.6255095783113
39.43369,0.01051,95.10325,Done,EntryTipCone,161.2454,0.00016,4.67487,13.15281,13.15281,1.0,13.15281,4.67487,0.0,0.0,0.0,0.59689,1.0,6,6,1,0.68815,0.89873,0.04876,0.90905,0.56579,0.06759,0.82,0.7,0.06,0.9,0.56,0.06,-3.53457,-13.12616,21.40371,-72.06275,-2.49801,69.0234,double_rcm_log_20260616_135653_209.csv,95.10325,Unknown,Task4_EntryRCM_TipCone,0.0,4.67461490898777,13.140986235907013,13.151927956526746,4.675453628289529,13.143296975440174,13.154265467900501,14.829528779653883,17.54703067801748,46.932057485820216,2.61256747398272,9.59859271717858
39.46686,0.01188,84.1423,Done,EntryTipCone,161.2452,0.00017,4.67491,13.15289,13.15289,1.0,13.15289,4.67491,0.0,0.0,0.0,0.59689,1.0,6,6,1,0.68853,0.89894,0.04817,0.90879,0.56564,0.06799,0.82,0.7,0.06,0.9,0.56,0.06,-3.4851,-13.12113,21.42697,-72.25546,-2.56008,69.03777,double_rcm_log_20260616_135653_209.csv,84.1423,Unknown,Task4_EntryRCM_TipCone,0.0,4.6740670868188126,13.139449650282847,13.15038752561109,4.673806509639232,13.138747510849171,13.149669197360026,14.987341170441736,15.694321255773504,132.0555885183685,2.5717141603949134,9.564601786097768
39.49826,0.0114,87.7048,Done,EntryTipCone,161.2452,0.00013,4.67496,13.15299,13.15299,1.0,13.15299,4.67496,0.0,0.0,0.0,0.59689,1.0,6,6,1,0.6889,0.89916,0.04763,0.90854,0.5655,0.06836,0.82,0.7,0.06,0.9,0.56,0.06,-3.43847,-13.10418,21.42876,-72.43688,-2.61836,69.05029,double_rcm_log_20260616_135653_209.csv,87.7048,Unknown,Task4_EntryRCM_TipCone,0.0,4.674692861386739,13.14120488438261,13.1521471522415,4.675963316913065,13.14463470540209,13.155652777418513,14.863945306374383,18.840682201302148,49.882101072897875,2.5652234305864745,9.559457054791105
39.53045,0.01108,90.26925,Done,EntryTipCone,161.245,0.00014,4.67504,13.15332,13.15332,1.0,13.15332,4.67504,0.0,0.0,0.0,0.59689,1.0,6,6,1,0.6893,0.89938,0.04709,0.90827,0.56534,0.06872,0.82,0.7,0.06,0.9,0.56,0.06,-3.39095,-13.07446,21.41013,-72.62149,-2.67746,69.06197,double_rcm_log_20260616_135653_209.csv,90.26925,Unknown,Task4_EntryRCM_TipCone,0.0,4.674632592391192,13.141035836040157,13.15197768079898,4.6742164996388,13.140108007985988,13.150927723928797,14.779560130096641,16.4771572337219,93.66694008878092,2.5906441611055304,9.590769753587994
39.56277,0.01077,92.83191,Done,EntryTipCone,161.245,0.00025,4.67521,13.15341,13.15341,1.0,13.15341,4.67521,0.0,0.0,0.0,0.59689,1.0,6,6,1,0.68972,0.89962,0.04656,0.90799,0.56518,0.06907,0.82,0.7,0.06,0.9,0.56,0.06,-3.34362,-13.03209,21.37053,-72.80523,-2.73597,69.07248,double_rcm_log_20260616_135653_209.csv,92.83191,Unknown,Task4_EntryRCM_TipCone,0.0,4.674998697567431,13.14206272323377,13.153007138291875,4.674088478414386,13.139746514356245,13.150566527720349,14.834530569459204,15.682674373709428,49.93236012315571,2.6492111556569173,9.63994692616309
39.59453,0.01061,94.23946,Done,EntryTipCone,161.245,0.00013,4.67525,13.15366,13.15366,1.0,13.15366,4.67525,0.0,0.0,0.0,0.59689,1.0,6,6,1,0.69014,0.89987,0.04607,0.9077,0.56502,0.06941,0.82,0.7,0.06,0.9,0.56,0.06,-3.29753,-12.97816,21.31112,-72.98398,-2.79255,69.08148,double_rcm_log_20260616_135653_209.csv,94.23946,Unknown,Task4_EntryRCM_TipCone,0.0,4.6750826170985915,13.142298108772579,13.153243113057698,4.675522779751832,13.143390793035856,13.154409906947482,14.834529412496707,18.558879281020502,80.17744744384298,2.7378396404028207,9.678452750624418
39.62646,0.00972,102.8728,Done,EntryTipCone,161.2449,0.00021,4.67538,13.15388,13.15388,1.0,13.15388,4.67538,0.0,0.0,0.0,0.59689,1.0,6,6,1,0.69059,0.90012,0.04559,0.9074,0.56485,0.06973,0.82,0.7,0.06,0.9,0.56,0.06,-3.25168,-12.91163,21.23078,-73.1617,-2.84836,69.08911,double_rcm_log_20260616_135653_209.csv,102.8728,Unknown,Task4_EntryRCM_TipCone,0.0,4.674273328462868,13.140028137318524,13.150967460198867,4.674420960613971,13.14017825660608,13.151250891074909,14.84487784547198,15.993883562680532,61.04147446753531,2.854311712223642,9.713261634806146
39.65901,0.0104,96.12372,Done,EntryTipCone,161.2448,0.00039,4.67542,13.15388,13.15388,1.0,13.15388,4.67542,0.0,0.0,0.0,0.59689,1.0,6,6,1,0.69105,0.90039,0.04511,0.90708,0.56467,0.07005,0.82,0.7,0.06,0.9,0.56,0.06,-3.20553,-12.83119,21.12769,-73.3405,-2.90394,69.09528,double_rcm_log_20260616_135653_209.csv,96.12372,Unknown,Task4_EntryRCM_TipCone,0.0,4.675603626805364,13.143759486069495,13.154708149010636,4.674219447073543,13.13940643782895,13.150581736181836,14.94513478364041,14.967629321798691,92.32808836662971,2.9987669927104,9.78495583390802
39.69145,0.01041,96.0902,Done,EntryTipCone,161.2447,0.00038,4.67554,13.15418,13.15418,1.0,13.15418,4.67554,0.0,0.0,0.0,0.59689,1.0,6,6,1,0.69154,0.90066,0.04466,0.90676,0.56448,0.07036,0.82,0.7,0.06,0.9,0.56,0.06,-3.16021,-12.73822,21.00339,-73.5161,-2.95789,69.09968,double_rcm_log_20260616_135653_209.csv,96.0902,Unknown,Task4_EntryRCM_TipCone,0.0,4.676126984760299,13.145227448860735,13.156179787768181,4.676282978748098,13.145740228448357,13.156656110121576,14.8864588411876,17.713179060269503,75.26441711217109,3.1671936362933226,9.879143616690099
39.72414,0.01107,90.35976,Done,EntryTipCone,161.2446,0.00042,4.67567,13.15447,13.15447,1.0,13.15447,4.67567,0.0,0.0,0.0,0.59689,1.0,6,6,1,0.69203,0.90095,0.04423,0.90642,0.56429,0.07065,0.82,0.7,0.06,0.9,0.56,0.06,-3.11526,-12.63159,20.85627,-73.69025,-3.01066,69.1021,double_rcm_log_20260616_135653_209.csv,90.35976,Unknown,Task4_EntryRCM_TipCone,0.0,4.675975820349584,13.144803449054777,13.155754726127782,4.675601321481631,13.143511122047398,13.15458095113634,14.817743573079541,18.094243218097493,25.124554554871427,3.3580275507251933,10.068369846075887
39.75686,0.0115,86.97072,Done,EntryTipCone,161.2445,0.00058,4.67575,13.15468,13.15468,1.0,13.15468,4.67575,0.0,0.0,0.0,0.59689,1.0,6,6,1,0.69255,0.90124,0.04382,0.90608,0.56409,0.07093,0.82,0.7,0.06,0.9,0.56,0.06,-3.0711,-12.51174,20.68674,-73.86139,-3.0616,69.10231,double_rcm_log_20260616_135653_209.csv,86.97072,Unknown,Task4_EntryRCM_TipCone,0.0,4.67616624964034,13.145337582583192,13.156290197313062,4.677097297999753,13.148141079489271,13.159004521619382,14.871530160714563,19.053005322388824,61.38354178455317,3.572757483456393,10.272149001074457
39.78827,0.01061,94.21762,Done,EntryTipCone,161.2444,0.00068,4.67579,13.15472,13.15472,1.0,13.15472,4.67579,0.0,0.0,0.0,0.59689,1.0,6,6,1,0.69305,0.90153,0.04345,0.90573,0.5639,0.07118,0.82,0.7,0.06,0.9,0.56,0.06,-3.02952,-12.38384,20.50219,-74.02261,-3.10865,69.1001,double_rcm_log_20260616_135653_209.csv,94.21762,Unknown,Task4_EntryRCM_TipCone,0.0,4.675288464899123,13.142875490280192,13.153821939980693,4.675551073890897,13.143064915940064,13.154288274171252,14.84405212663018,16.52563917501709,65.11394734189268,3.796079576289363,10.369992259075545
39.82043,0.01029,97.19959,Done,EntryTipCone,161.2444,0.00071,4.67592,13.15491,13.15491,1.0,13.15491,4.67588,0.0,0.0,0.0,0.59689,1.0,6,6,1,0.69358,0.90183,0.04308,0.90538,0.56369,0.07142,0.82,0.7,0.06,0.9,0.56,0.06,-2.98786,-12.24015,20.29148,-74.18429,-3.15469,69.09516,double_rcm_log_20260616_135653_209.csv,97.19959,Unknown,Task4_EntryRCM_TipCone,0.0,4.676000118674492,13.14487160323161,13.155823050980473,4.674638823344681,13.141199102294776,13.15206827841154,14.879767662681374,15.19971370317748,26.90175105522957,4.037850735483757,10.468243083476326
39.8534,0.00947,105.6341,Done,EntryTipCone,161.2444,0.0008,4.67592,13.15497,13.15497,1.0,13.15497,4.67592,0.0,0.0,0.0,0.59689,1.0,6,6,1,0.69413,0.90215,0.04274,0.905,0.56348,0.07166,0.82,0.7,0.06,0.9,0.56,0.06,-2.94619,-12.07913,20.05197,-74.34619,-3.19949,69.087,double_rcm_log_20260616_135653_209.csv,105.6341,Unknown,Task4_EntryRCM_TipCone,0.0,4.675633643107797,13.143843678600058,13.154792552347423,4.675929060487548,13.144335076959365,13.155455142259413,14.868654956126248,16.380276599350978,15.346152440747959,4.299725678020781,10.643990510261048
39.88597,0.01043,95.87725,Done,EntryTipCone,161.2441,0.00095,4.67613,13.15556,13.15556,1.0,13.15556,4.67613,0.0,0.0,0.0,0.59689,1.0,6,6,1,0.69469,0.90247,0.04242,0.90463,0.56326,0.07187,0.82,0.7,0.06,0.9,0.56,0.06,-2.90612,-11.90659,19.79219,-74.50214,-3.24115,69.07553,double_rcm_log_20260616_135653_209.csv,95.87725,Unknown,Task4_EntryRCM_TipCone,0.0,4.674898909054163,13.141782826817328,13.152726541254518,4.6744118935748284,13.140659742248042,13.151479004279325,14.8830902612965,15.020354215794804,76.53550714829821,4.573867802182206,11.021584212043065
39.9188,0.01103,90.66734,Done,EntryTipCone,161.2439,0.00108,4.6763,13.15589,13.15589,1.0,13.15589,4.6763,0.0,0.0,0.0,0.59689,1.0,6,6,1,0.69526,0.90279,0.04212,0.90424,0.56304,0.07208,0.82,0.7,0.06,0.9,0.56,0.06,-2.8669,-11.71854,19.50593,-74.65508,-3.28032,69.06007,double_rcm_log_20260616_135653_209.csv,90.66734,Unknown,Task4_EntryRCM_TipCone,0.0,4.6765361701642325,13.146375169158471,13.157330382679017,4.676929497358317,13.147565788154328,13.158480155397886,14.917734372217161,19.222987630012472,85.6260737706924,4.873576416775399,11.322946061375532
39.9509,0.01048,95.38519,Done,EntryTipCone,161.2438,0.0012,4.67638,13.15603,13.15603,1.0,13.15603,4.67638,0.0,0.0,0.0,0.59689,1.0,6,6,1,0.69583,0.90312,0.04185,0.90386,0.56282,0.07226,0.82,0.7,0.06,0.9,0.56,0.06,-2.82976,-11.52031,19.20118,-74.80025,-3.31555,69.04066,double_rcm_log_20260616_135653_209.csv,95.38519,Unknown,Task4_EntryRCM_TipCone,0.0,4.676659819998416,13.146721993285528,13.15767807557085,4.677081893612938,13.148199057724142,13.15901212097624,14.764680197908566,19.690714580921536,83.34319405646536,5.1755090390621294,11.646940148136858
39.98368,0.01186,84.34622,Done,EntryTipCone,161.2434,0.00151,4.67672,13.15667,13.15667,1.0,13.15667,4.67672,0.0,0.0,0.0,0.59689,1.0,6,6,1,0.69641,0.90345,0.0416,0.90346,0.5626,0.07242,0.82,0.7,0.06,0.9,0.56,0.06,-2.79312,-11.30391,18.86562,-74.94394,-3.34832,69.01622,double_rcm_log_20260616_135653_209.csv,84.34622,Unknown,Task4_EntryRCM_TipCone,0.0,4.6765013248996725,13.146277432029176,13.157232400734822,4.6748781278045834,13.141367684354034,13.152490258502374,14.844265025059435,14.67644026306194,66.39974479353596,5.507781282710993,12.187323899712364
40.01562,0.01116,89.6404,Done,EntryTipCone,161.2435,0.0015,4.6768,13.15706,13.15706,1.0,13.15706,4.6768,0.0,0.0,0.0,0.59689,1.0,6,6,1,0.69699,0.90378,0.04138,0.90307,0.56237,0.07257,0.82,0.7,0.06,0.9,0.56,0.06,-2.75875,-11.07751,18.51158,-75.07924,-3.37669,68.98693,double_rcm_log_20260616_135653_209.csv,89.6404,Unknown,Task4_EntryRCM_TipCone,0.0,4.677137837660024,13.148062779450669,13.159022220724221,4.675579261081867,13.143854603812152,13.154721585803328,14.781115714917505,15.25581915340309,21.79992782064364,5.851051886168916,12.651132361093234
40.04805,0.01164,85.91859,Done,EntryTipCone,161.2431,0.00185,4.67701,13.15728,13.15728,1.0,13.15728,4.67701,0.0,0.0,0.0,0.59689,1.0,6,6,1,0.69759,0.90412,0.04119,0.90267,0.56215,0.0727,0.82,0.7,0.06,0.9,0.56,0.06,-2.72525,-10.8329,18.12626,-75.21172,-3.40176,68.9515,double_rcm_log_20260616_135653_209.csv,85.91859,Unknown,Task4_EntryRCM_TipCone,0.0,4.676178065419965,13.14537072456007,13.156323422292333,4.675615470537519,13.143348186001209,13.154520135679588,14.870008721775113,15.834337720395418,47.86583031464562,6.2183494086921005,13.246325703914156
40.08048,0.01095,91.28964,Done,EntryTipCone,161.2431,0.00179,4.67709,13.15776,13.15776,1.0,13.15776,4.67709,0.0,0.0,0.0,0.59689,1.0,6,6,1,0.69819,0.90447,0.04102,0.90226,0.56191,0.07282,0.82,0.7,0.06,0.9,0.56,0.06,-2.69323,-10.57155,17.71154,-75.33907,-3.42257,68.90919,double_rcm_log_20260616_135653_209.csv,91.28964,Unknown,Task4_EntryRCM_TipCone,0.0,4.676245508528917,13.145559895135513,13.156513066645191,4.676442419904828,13.146088976749509,13.15705514163407,14.887286423531675,16.96278656660708,96.29974834054121,6.6125264689481815,13.72663907780942
40.11266,0.01077,92.82177,Done,EntryTipCone,161.2426,0.00205,4.6773,13.15793,13.15793,1.0,13.15793,4.67726,0.0,0.0,0.0,0.59689,1.0,6,6,1,0.69879,0.90481,0.04087,0.90186,0.56168,0.07292,0.82,0.7,0.06,0.9,0.56,0.06,-2.663,-10.29593,17.27129,-75.46021,-3.43872,68.85997,double_rcm_log_20260616_135653_209.csv,92.82177,Unknown,Task4_EntryRCM_TipCone,0.0,4.6776930207144245,13.149620004777558,13.160583348135074,4.67777522187339,13.149953846072837,13.160866232889065,14.817660358733885,19.758585950146717,48.93229171891551,7.014342992742658,14.587123254296396
40.1454,0.01127,88.74751,Done,EntryTipCone,161.2422,0.00257,4.67755,13.15848,13.15848,1.0,13.15848,4.67755,0.0,0.0,0.0,0.59689,1.0,6,6,1,0.6994,0.90516,0.04075,0.90144,0.56144,0.073,0.82,0.7,0.06,0.9,0.56,0.06,-2.63387,-9.99833,16.79288,-75.57797,-3.45018,68.80161,double_rcm_log_20260616_135653_209.csv,88.74751,Unknown,Task4_EntryRCM_TipCone,0.0,4.677348575833527,13.148653876205561,13.159614798535475,4.676951046412108,13.147626635779027,13.15854095255245,14.931513444277583,16.564865590394927,110.75752842728306,7.474848214638311,15.770287102254386
40.17722,0.01029,97.15302,Done,EntryTipCone,161.2421,0.00264,4.67768,13.15875,13.15875,1.0,13.15875,4.67764,0.0,0.0,0.0,0.59689,1.0,6,6,1,0.70001,0.90551,0.04066,0.90103,0.56121,0.07306,0.82,0.7,0.06,0.9,0.56,0.06,-2.60723,-9.6895,16.29328,-75.687,-3.4558,68.73528,double_rcm_log_20260616_135653_209.csv,97.15302,Unknown,Task4_EntryRCM_TipCone,0.0,4.676514950270642,13.146315649694651,13.157270714128687,4.676215635893205,13.14524570388034,13.156314073478171,14.792165176054707,14.126611000055627,51.354721298848425,7.9514464855445945,16.4831011766611
40.2094,0.0103,97.05807,Done,EntryTipCone,161.2416,0.00306,4.67793,13.15942,13.15942,1.0,13.15942,4.67793,0.0,0.0,0.0,0.59689,1.0,6,6,1,0.70062,0.90585,0.04059,0.90062,0.56098,0.07311,0.82,0.7,0.06,0.9,0.56,0.06,-2.58203,-9.35879,15.75516,-75.79168,-3.45568,68.6581,double_rcm_log_20260616_135653_209.csv,97.05807,Unknown,Task4_EntryRCM_TipCone,0.0,4.677690554186534,13.149613086450074,13.160576412469727,4.6779972064645765,13.149971687597475,13.161189155999539,14.829419519404587,17.164477584784382,70.07096198629633,8.45478433451602,17.746504872028705
40.24029,0.01054,94.87455,Done,EntryTipCone,161.241,0.00358,4.67827,13.16012,13.16012,1.0,13.16012,4.67827,0.0,0.0,0.0,0.59689,1.0,6,6,1,0.7012,0.90619,0.04054,0.90022,0.56075,0.07314,0.82,0.7,0.06,0.9,0.56,0.06,-2.55955,-9.02177,15.20365,-75.8868,-3.44932,68.57291,double_rcm_log_20260616_135653_209.csv,94.87455,Unknown,Task4_EntryRCM_TipCone,0.0,4.6791731235125065,13.153771518761097,13.164745269491169,4.678701117420407,13.152060733529991,13.163225288659305,14.860275447415656,18.582222973540798,59.91169138285602,8.99773856928362,19.044965159363787
40.28072,0.01092,91.57155,Done,EntryTipCone,161.24,0.00428,4.67885,13.16137,13.16137,1.0,13.16137,4.67885,0.0,0.0,0.0,0.5969,1.0,6,6,1,0.70197,0.90663,0.04052,0.8997,0.56046,0.07315,0.82,0.7,0.06,0.9,0.56,0.06,-2.53279,-8.54892,14.42501,-76.00333,-3.43058,68.44247,double_rcm_log_20260616_135653_209.csv,91.57155,Unknown,Task4_EntryRCM_TipCone,0.0,4.679178920134417,13.153787777585423,13.164761569087583,4.678165027718395,13.15003954366679,13.161462684671493,14.770467626691955,15.759564235102642,37.867649619257726,9.746014142355568,22.999665978742243
40.31431,0.01269,78.79586,Done,EntryTipCone,161.2382,0.00596,4.67994,13.16345,13.16345,1.0,13.16345,4.67994,0.0,0.0,0.0,0.5969,1.0,6,6,1,0.7026,0.90699,0.04053,0.89927,0.56021,0.07314,0.82,0.7,0.06,0.9,0.56,0.06,-2.51293,-8.12921,13.7296,-76.09337,-3.40518,68.31641,double_rcm_log_20260616_135653_209.csv,78.79586,Unknown,Task4_EntryRCM_TipCone,0.0,4.679931251227898,13.155897974291346,13.166877058360242,4.678280265098637,13.150669418468635,13.161937547337017,14.724571179360295,16.33920042453475,55.64098853644975,10.582023400128012,26.787452670783654
40.35294,0.00939,106.4433,Done,EntryTipCone,161.2382,0.00584,4.67956,13.16271,13.16271,1.0,13.16271,4.67956,0.0,0.0,0.0,0.5969,1.0,6,6,1,0.70334,0.90741,0.04059,0.89878,0.55993,0.07311,0.82,0.7,0.06,0.9,0.56,0.06,-2.49326,-7.59542,12.83893,-76.18881,-3.36015,68.14082,double_rcm_log_20260616_135653_209.csv,106.4433,Unknown,Task4_EntryRCM_TipCone,0.0,4.67952917714523,13.154770205945928,13.165746461256523,4.68001431850222,13.155565596121138,13.166829534857659,14.80704820740378,18.416456501828637,119.31798418083946,11.620693294281438,27.663237398828308
40.38364,0.01009,99.10766,Done,EntryTipCone,161.2367,0.00735,4.6804,13.16461,13.16461,1.0,13.16461,4.6804,0.0,0.0,0.0,0.5969,1.0,6,6,1,0.70391,0.90774,0.04065,0.89838,0.55971,0.07306,0.82,0.7,0.06,0.9,0.56,0.06,-2.47993,-7.14422,12.08187,-76.25919,-3.31281,67.98068,double_rcm_log_20260616_135653_209.csv,99.10766,Unknown,Task4_EntryRCM_TipCone,0.0,4.67988407030222,13.155765637631786,13.166744389738264,4.678864119577021,13.151708868198323,13.163286063897582,14.713568865730783,15.721536320674915,82.04043925628494,12.436278927347734,34.29283433087189
40.41426,0.01101,90.80444,Done,EntryTipCone,161.2341,0.0095,4.6817,13.16719,13.16719,1.0,13.16719,4.6817,0.0,0.0,0.0,0.59691,1.0,6,6,1,0.70448,0.90807,0.04073,0.898,0.55949,0.073,0.82,0.7,0.06,0.9,0.56,0.06,-2.46889,-6.66168,11.26795,-76.32481,-3.25249,67.79721,double_rcm_log_20260616_135653_209.csv,90.80444,Unknown,Task4_EntryRCM_TipCone,0.0,4.681003517906712,13.158905547265146,13.169892177553105,4.6786674202475345,13.151356525527639,13.162830242770738,14.6129679225319,13.77641894403851,137.58215270296074,13.664954283587194,41.82055134523644
40.4444,0.00907,110.3137,Done,EntryTipCone,161.2327,0.01071,4.68199,13.16781,13.16781,1.0,13.16781,4.68199,0.0,0.0,0.0,0.59691,1.0,6,6,1,0.70504,0.90839,0.04084,0.89762,0.55927,0.07293,0.82,0.7,0.06,0.9,0.56,0.06,-2.46077,-6.13501,10.37425,-76.385,-3.17448,67.58167,double_rcm_log_20260616_135653_209.csv,110.3137,Unknown,Task4_EntryRCM_TipCone,0.0,4.681545783000267,13.160426530795453,13.171416978661124,4.680275932898292,13.156101187720417,13.16746748619491,14.630601747722128,17.19903859157405,130.34931699494615,14.91943406435121,45.7623406555799
40.47554,0.01001,99.87523,Done,EntryTipCone,161.2278,0.01501,4.68408,13.17197,13.17197,1.0,13.17197,4.684,0.0,0.0,0.0,0.59693,1.0,6,6,1,0.7056,0.90871,0.04096,0.89723,0.55906,0.07284,0.82,0.7,0.06,0.9,0.56,0.06,-2.45504,-5.55609,9.38685,-76.44424,-3.07521,67.32836,double_rcm_log_20260616_135653_209.csv,99.87523,Unknown,Task4_EntryRCM_TipCone,0.0,4.683459079163215,13.165793069928895,13.17679699457323,4.680970649506701,13.157148685732107,13.16898249676111,14.392710023563119,17.180549294993227,159.2722403580719,16.412581703926914,57.89555038655536
40.50615,0.01058,94.50875,Done,EntryTipCone,161.222,0.0201,4.68613,13.17654,13.17654,1.0,13.17654,4.68613,0.0,0.0,0.0,0.59694,1.0,6,6,1,0.70613,0.90903,0.0411,0.89686,0.55885,0.07274,0.82,0.7,0.06,0.9,0.56,0.06,-2.45294,-4.92181,8.29839,-76.50078,-2.94808,67.02972,double_rcm_log_20260616_135653_209.csv,94.50875,Unknown,Task4_EntryRCM_TipCone,0.0,4.684747264586065,13.169406249004163,13.180419253503846,4.681897786879229,13.159664713989331,13.171548883863297,14.107795317452881,15.990675206710241,281.32904286887725,18.414804600180233,76.52919170061247
40.53734,0.01021,97.93661,Done,EntryTipCone,161.2124,0.02861,4.68943,13.18302,13.18302,1.0,13.18302,4.68943,0.0,0.0,0.0,0.59696,1.0,6,6,1,0.70666,0.90934,0.04124,0.89649,0.55865,0.07263,0.82,0.7,0.06,0.9,0.56,0.06,-2.45501,-4.20395,7.05888,-76.5601,-2.77903,66.66605,double_rcm_log_20260616_135653_209.csv,97.93661,Unknown,Task4_EntryRCM_TipCone,0.0,4.689484002798678,13.182692076753565,13.193738511380007,4.684319647880599,13.165689324323884,13.17799301866564,13.728398072713084,24.791186743025342,561.4802845228305,21.069449438050988,85.0844039299306
40.56755,0.00998,100.2188,Done,EntryTipCone,161.1992,0.04032,4.69352,13.19179,13.19179,1.0,13.19179,4.69352,0.0,0.0,0.0,0.597,1.0,6,6,1,0.70714,0.90962,0.04139,0.89614,0.55847,0.07252,0.82,0.7,0.06,0.9,0.56,0.06,-2.46275,-3.40717,5.67358,-76.62556,-2.55451,66.22996,double_rcm_log_20260616_135653_209.csv,100.2188,Unknown,Task4_EntryRCM_TipCone,0.0,4.694105700161756,13.195655145635893,13.206734263586732,4.689010256418535,13.177507409918672,13.190561019153051,12.885062614187508,45.03929766589646,712.2782279411748,23.512260043897005,68.58039144090577
40.59851,0.01014,98.65841,Done,EntryTipCone,161.1718,0.06508,4.70186,13.20866,13.20866,1.0,13.20866,4.70186,0.0,0.0,0.0,0.59706,1.0,6,6,1,0.70754,0.90988,0.04151,0.89581,0.55832,0.07241,0.82,0.7,0.06,0.9,0.56,0.06,-2.47689,-2.53695,4.1507,-76.71144,-2.2532,65.71799,double_rcm_log_20260616_135653_209.csv,98.65841,Unknown,Task4_EntryRCM_TipCone,0.0,4.7015469288038165,13.216526336007291,13.227658211497328,4.694757530103191,13.190981184710443,13.205551862758343,11.173495487499926,64.05214572442026,412.04970231910863,24.892778061728134,46.849004314196264
40.63053,0.01036,96.53112,Done,EntryTipCone,161.1237,0.10895,4.71514,13.2352,13.2352,1.0,13.2352,4.71514,0.0,0.0,0.0,0.59718,1.0,6,6,1,0.70785,0.91011,0.04157,0.89552,0.55821,0.07232,0.82,0.7,0.06,0.9,0.56,0.06,-2.50014,-1.62214,2.53824,-76.83974,-1.83666,65.14082,double_rcm_log_20260616_135653_209.csv,96.53112,Unknown,Task4_EntryRCM_TipCone,0.0,4.715364774213174,13.255282097153609,13.266512383303578,4.7043257462103405,13.214005623405239,13.230906998388301,9.131492361164247,68.08613226544756,174.13232699867308,24.14450377681805,118.6758240393248
40.67,0.01044,95.79681,Done,EntryTipCone,161.0335,0.19207,4.73673,13.27686,13.27686,1.0,13.27686,4.73673,0.0,0.0,0.0,0.59741,1.0,6,6,1,0.70804,0.91031,0.04155,0.89522,0.55814,0.07225,0.82,0.7,0.06,0.9,0.56,0.06,-2.54311,-0.65845,0.82446,-77.09231,-1.14415,64.49412,double_rcm_log_20260616_135653_209.csv,95.79681,Unknown,Task4_EntryRCM_TipCone,0.0,4.7377120411127445,13.317959218881045,13.329349886339807,4.722809711401144,13.258885264664556,13.280455564475199,6.987402862536585,49.73165221580406,680.573352098825,16.912796297747498,234.07720679668859
40.70139,0.01039,96.27238,Done,EntryTipCone,160.944,0.27407,4.75411,13.30804,13.30804,1.0,13.30804,4.75411,0.0,0.0,0.0,0.59764,1.0,6,6,1,0.70808,0.91042,0.04148,0.89503,0.55814,0.0722,0.82,0.7,0.06,0.9,0.56,0.06,-2.57561,-0.29261,0.16967,-77.31561,-0.63246,64.25217,double_rcm_log_20260616_135653_209.csv,96.27238,Unknown,Task4_EntryRCM_TipCone,0.0,4.754109907927904,13.363948838603482,13.375458155744345,4.731970057516454,13.276916289328897,13.304153486787525,6.213209389564808,25.547668945782107,646.0831008246192,9.5810225448791,210.08892657729197
40.74202,0.01115,89.71883,Done,EntryTipCone,160.8217,0.38497,4.77003,13.33185,13.33185,1.0,13.33185,4.77003,0.0,0.0,0.0,0.59795,1.0,6,6,1,0.70809,0.91056,0.04141,0.89479,0.55815,0.07213,0.82,0.7,0.06,0.9,0.56,0.06,-2.60596,-0.1468,-0.08969,-77.54443,-0.15803,64.18145,double_rcm_log_20260616_135653_209.csv,89.71883,Unknown,Task4_EntryRCM_TipCone,0.0,4.769497054887778,13.407102787979827,13.41872418791477,4.741995614804069,13.2945769163451,13.330547625660419,5.888244817013554,15.532056935666647,264.3308516192309,4.1576157862196785,104.59687552009059
40.77207,0.00953,104.9218,Done,EntryTipCone,160.7297,0.46778,4.7759,13.33484,13.33484,1.0,13.33484,4.7759,0.0,0.0,0.0,0.59818,1.0,6,6,1,0.70808,0.91066,0.04137,0.89463,0.55816,0.07207,0.82,0.7,0.06,0.9,0.56,0.06,-2.61751,-0.12578,-0.12154,-77.63783,0.02287,64.19667,double_rcm_log_20260616_135653_209.csv,104.9218,Unknown,Task4_EntryRCM_TipCone,0.0,4.776442486860733,13.426581249434724,13.438253478511282,4.744908510570489,13.295471178042318,13.338193280950762,5.797065804899795,20.04758072463139,126.26528451648741,2.024695816697309,56.705864321150976
40.80248,0.00981,101.8938,Done,EntryTipCone,160.6357,0.55148,4.77656,13.32493,13.32493,1.0,13.32493,4.77656,0.0,0.0,0.0,0.59841,1.0,6,6,1,0.70806,0.91076,0.04135,0.89447,0.55818,0.07199,0.82,0.7,0.06,0.9,0.56,0.06,-2.62282,-0.11741,-0.12756,-77.67916,0.09995,64.22363,double_rcm_log_20260616_135653_209.csv,101.8938,Unknown,Task4_EntryRCM_TipCone,0.0,4.777538621197932,13.429655339768294,13.441335604255881,4.741479123638489,13.277793259655553,13.328668350589288,5.839597737077777,20.330880198946744,90.64895169017119,0.9081706749416786,28.402899818847946
40.83386,0.01064,93.96767,Done,EntryTipCone,160.5384,0.63785,4.7718,13.30135,13.30135,1.0,13.30135,4.7718,0.0,0.0,0.0,0.59866,1.0,6,6,1,0.70803,0.91085,0.04135,0.89432,0.5582,0.07189,0.82,0.7,0.06,0.9,0.56,0.06,-2.62622,-0.11099,-0.12881,-77.69347,0.1314,64.25369,double_rcm_log_20260616_135653_209.csv,93.96767,Unknown,Task4_EntryRCM_TipCone,0.0,4.772240641797549,13.414797200032048,13.426438660849412,4.7307620161423065,13.240048861169438,13.299417280467601,5.809858503708687,14.70314739935139,123.4871248092074,0.48899660153821667,12.822646440939957
40.8645,0.0112,89.26719,Done,EntryTipCone,160.4425,0.72206,4.76164,13.26492,13.26492,1.0,13.26492,4.76164,0.0,0.0,0.0,0.5989,1.0,6,6,1,0.70798,0.91093,0.04137,0.89418,0.55822,0.07178,0.82,0.7,0.06,0.9,0.56,0.06,-2.62942,-0.10508,-0.12925,-77.6908,0.14056,64.28351,double_rcm_log_20260616_135653_209.csv,89.26719,Unknown,Task4_EntryRCM_TipCone,0.0,4.761289300909558,13.38408389096706,13.395645414047548,4.715938932773062,13.19121245958258,13.25930616585953,5.921501174477459,13.820983406696985,61.88944801939953,0.4291596990824801,6.337783381927158
40.90396,0.01,100.031,Done,EntryTipCone,160.3187,0.83026,4.74074,13.199,13.199,1.0,13.199,4.74074,0.0,0.0,0.0,0.59921,1.0,6,6,1,0.7079,0.91104,0.04143,0.894,0.55826,0.07163,0.82,0.7,0.06,0.9,0.56,0.06,-2.63498,-0.0987,-0.12824,-77.67336,0.14335,64.32251,double_rcm_log_20260616_135653_209.csv,100.031,Unknown,Task4_EntryRCM_TipCone,0.0,4.740747547296355,13.32647271198508,13.33788528161429,4.69422814952858,13.120025855978296,13.20168549845058,6.025737902882926,17.961387706306958,21.05569477466554,0.4754259388061701,3.536311269617642
40.93477,0.00977,102.3747,Done,EntryTipCone,160.2218,0.91437,4.71867,13.13351,13.13351,1.0,13.13351,4.71867,0.0,0.0,0.0,0.59945,1.0,6,6,1,0.70783,0.91112,0.04149,0.89388,0.55829,0.07149,0.82,0.7,0.06,0.9,0.56,0.06,-2.6407,-0.09274,-0.12985,-77.65111,0.14313,64.35182,double_rcm_log_20260616_135653_209.csv,102.3747,Unknown,Task4_EntryRCM_TipCone,0.0,4.718452704352867,13.263942899483343,13.275195256827446,4.667519009775868,13.038056072660797,13.130064737083382,6.01807094666914,15.616772939841534,124.7942484634408,0.5364572917723035,2.9027230441454495
40.96528,0.00954,104.8273,Done,EntryTipCone,160.1258,0.99718,4.69131,13.05527,13.05527,1.0,13.05527,4.69131,0.0,0.0,0.0,0.59969,1.0,6,6,1,0.70774,0.91119,0.04157,0.89377,0.55833,0.07135,0.82,0.7,0.06,0.9,0.56,0.06,-2.64788,-0.09031,-0.12599,-77.6226,0.14349,64.38305,double_rcm_log_20260616_135653_209.csv,104.8273,Unknown,Task4_EntryRCM_TipCone,0.0,4.691551459186059,13.188490948138318,13.199551995272207,4.639115430116435,12.951119108163871,13.054665832567336,6.223976320859192,15.979160730970616,64.5049900732268,0.5897959438523468,2.8681351786941467
40.9959,0.01068,93.63815,Done,EntryTipCone,160.0293,1.07984,4.65905,12.96521,12.96521,1.0,12.96521,4.65901,0.0,0.0,0.0,0.59994,1.0,6,6,1,0.70764,0.91125,0.04167,0.89366,0.55837,0.07119,0.82,0.7,0.06,0.9,0.56,0.06,-2.6566,-0.08537,-0.1273,-77.58904,0.14705,64.41198,double_rcm_log_20260616_135653_209.csv,93.63815,Unknown,Task4_EntryRCM_TipCone,0.0,4.658754665397892,13.096499375661711,13.10733013355951,4.60495299736771,12.848140541907838,12.96412742917935,6.606906053538102,16.147493160024673,164.90438491204443,0.6546035915510803,3.1709124555340975
41.02605,0.00998,100.2007,Done,EntryTipCone,159.9347,1.16045,4.62211,12.86424,12.86424,1.0,12.86424,4.62211,0.0,0.0,0.0,0.60017,1.0,6,6,1,0.70753,0.91131,0.04179,0.89356,0.55842,0.07102,0.82,0.7,0.06,0.9,0.56,0.06,-2.66614,-0.0819,-0.12663,-77.54712,0.14506,64.44109,double_rcm_log_20260616_135653_209.csv,100.2007,Unknown,Task4_EntryRCM_TipCone,0.0,4.620784503745232,12.989991690146383,13.000559850271001,4.565904027183506,12.731297595356832,12.861197455913667,6.711425463144459,15.11481519532047,90.39325567183455,0.7297220939797632,2.89600398696238
41.05674,0.01025,97.5183,Done,EntryTipCone,159.839,1.24203,4.57962,12.74947,12.74947,1.0,12.74947,4.57962,0.0,0.0,0.0,0.60041,1.0,6,6,1,0.70741,0.91137,0.04192,0.89347,0.55846,0.07084,0.82,0.7,0.06,0.9,0.56,0.06,-2.6774,-0.07794,-0.12753,-77.49952,0.14624,64.46976,double_rcm_log_20260616_135653_209.csv,97.5183,Unknown,Task4_EntryRCM_TipCone,0.0,4.579325127615834,12.8736901172963,12.883976432563633,4.523208442160295,12.605469447823074,12.748258704623186,6.76999777047197,15.185712965538604,107.58593157838257,0.7990142814813662,2.680297256873678
41.09706,0.01048,95.38919,Done,EntryTipCone,159.7133,1.34781,4.51623,12.58092,12.58092,1.0,12.58092,4.51623,0.0,0.0,0.0,0.60073,1.0,6,6,1,0.70723,0.91144,0.04212,0.89337,0.55853,0.07059,0.82,0.7,0.06,0.9,0.56,0.06,-2.69408,-0.07586,-0.12416,-77.42651,0.1456,64.509,double_rcm_log_20260616_135653_209.csv,95.38919,Unknown,Task4_EntryRCM_TipCone,0.0,4.516517489917724,12.697489718899332,12.7073586747626,4.459384894468189,12.418268552666857,12.580377577799508,7.145113708205647,14.839663727644954,81.69619567356057,0.8882067849191208,2.655695722909107
41.1271,0.00998,100.1592,Done,EntryTipCone,159.6207,1.42575,4.46361,12.44214,12.44214,1.0,12.44214,4.46361,0.0,0.0,0.0,0.60096,1.0,6,6,1,0.70709,0.91148,0.04229,0.8933,0.55859,0.07039,0.82,0.7,0.06,0.9,0.56,0.06,-2.70813,-0.07142,-0.12773,-77.36641,0.14815,64.53517,double_rcm_log_20260616_135653_209.csv,100.1592,Unknown,Task4_EntryRCM_TipCone,0.0,4.464268225806377,12.550898121637937,12.560428603053646,4.40681715810525,12.264607052565795,12.443078397245614,7.3789173186167805,15.572274164273185,82.57389474631483,0.9560125485844295,3.007523836939254
41.15757,0.01005,99.54453,Done,EntryTipCone,159.5267,1.50361,4.40558,12.29085,12.29085,1.0,12.29085,4.40558,0.0,0.0,0.0,0.6012,1.0,6,6,1,0.70693,0.91152,0.04248,0.89324,0.55865,0.07018,0.82,0.7,0.06,0.9,0.56,0.06,-2.72353,-0.06975,-0.12693,-77.29915,0.14944,64.56337,double_rcm_log_20260616_135653_209.csv,99.54453,Unknown,Task4_EntryRCM_TipCone,0.0,4.406420703127905,12.388587766726804,12.397752632699031,4.3498684980462965,12.099271688189168,12.294409298538918,7.669101362153037,16.713307766778563,89.16348352741308,1.0500462883208153,2.9519474300871287
41.18826,0.00916,109.1637,Done,EntryTipCone,159.4337,1.58097,4.34213,12.12648,12.12648,1.0,12.12648,4.34213,0.0,0.0,0.0,0.60144,1.0,6,6,1,0.70676,0.91156,0.04269,0.89319,0.55871,0.06995,0.82,0.7,0.06,0.9,0.56,0.06,-2.73998,-0.06841,-0.12622,-77.22292,0.14578,64.59123,double_rcm_log_20260616_135653_209.csv,109.1637,Unknown,Task4_EntryRCM_TipCone,0.0,4.342277305486732,12.208597494849569,12.217368018938675,4.285540052169761,11.91390357781774,12.12611644344552,7.95479020119814,14.78712905910627,49.89069602531529,1.1171233718040896,2.4006204062112295
41.21872,0.01043,95.90247,Done,EntryTipCone,159.3419,1.65661,4.27503,11.954,11.954,1.0,11.954,4.27503,0.0,0.0,0.0,0.60167,1.0,6,6,1,0.70658,0.91158,0.04291,0.89315,0.55878,0.06972,0.82,0.7,0.06,0.9,0.56,0.06,-2.75791,-0.06748,-0.12572,-77.14494,0.1489,64.61836,double_rcm_log_20260616_135653_209.csv,95.90247,Unknown,Task4_EntryRCM_TipCone,0.0,4.275044352703875,12.019921322962903,12.028290823593878,4.21907248218249,11.72249966779862,11.953631247449472,8.139919941196412,14.346743631386193,79.62817293280288,1.1784227249627166,2.4197108264893945
41.24912,0.00929,107.6471,Done,EntryTipCone,159.2515,1.73084,4.20328,11.77075,11.77075,1.0,11.77075,4.20328,0.0,0.0,0.0,0.6019,1.0,6,6,1,0.7064,0.91161,0.04315,0.89312,0.55885,0.06948,0.82,0.7,0.06,0.9,0.56,0.06,-2.77688,-0.0677,-0.12395,-77.06005,0.14958,64.64553,double_rcm_log_20260616_135653_209.csv,107.6471,Unknown,Task4_EntryRCM_TipCone,0.0,4.203602764221535,11.819416304226655,11.827373273620843,4.148179698544888,11.519343998416174,11.769762104647665,8.432791573736937,13.672944364508842,50.008251174685704,1.2463794063288367,2.863940986158303
41.28054,0.01124,88.94105,Done,EntryTipCone,159.1594,1.80609,4.12455,11.57104,11.57104,1.0,11.57104,4.12455,0.0,0.0,0.0,0.60213,1.0,6,6,1,0.70619,0.91162,0.04341,0.8931,0.55892,0.06922,0.82,0.7,0.06,0.9,0.56,0.06,-2.79798,-0.06623,-0.12608,-76.96826,0.15441,64.67139,double_rcm_log_20260616_135653_209.csv,88.94105,Unknown,Task4_EntryRCM_TipCone,0.0,4.124219316185764,11.59660044942085,11.604115179800194,4.069936928168866,11.296296465928764,11.566537943568097,8.68685942863126,12.894349206130926,52.86342359716329,1.3333450728469138,3.1727690167403266
41.31976,0.01,99.9779,Done,EntryTipCone,159.0462,1.89819,4.0202,11.30791,11.30791,1.0,11.30791,4.0202,0.0,0.0,0.0,0.60241,1.0,6,6,1,0.70592,0.91164,0.04376,0.89308,0.55902,0.06889,0.82,0.7,0.06,0.9,0.56,0.06,-2.82476,-0.06622,-0.12609,-76.8392,0.14477,64.70409,double_rcm_log_20260616_135653_209.csv,99.9779,Unknown,Task4_EntryRCM_TipCone,0.0,4.020307004458286,11.304902665755366,11.311863684464969,3.969368905504296,11.00954557854932,11.308355318082327,9.114931029060658,11.558659708666909,64.2151843757231,1.4381463719415102,2.305816969191463
41.35085,0.01045,95.71053,Done,EntryTipCone,158.9577,1.96918,3.93234,11.08822,11.08822,1.0,11.08822,3.93234,0.0,0.0,0.0,0.60264,1.0,6,6,1,0.7057,0.91164,0.04405,0.89308,0.5591,0.06861,0.82,0.7,0.06,0.9,0.56,0.06,-2.84788,-0.0662,-0.12734,-76.73359,0.14446,64.72883,double_rcm_log_20260616_135653_209.csv,95.71053,Unknown,Task4_EntryRCM_TipCone,0.0,3.9322990002192793,11.05782158957996,11.06433548124281,3.8816795115672575,10.760860774835123,11.08280199227617,9.294388628302322,10.73631370342311,32.86382925014155,1.4821455967327999,2.3279711501499674
41.38138,0.01078,92.77082,Done,EntryTipCone,158.8723,2.03747,3.84201,10.86354,10.86354,1.0,10.86354,3.84201,0.0,0.0,0.0,0.60285,1.0,6,6,1,0.70547,0.91164,0.04436,0.89308,0.55918,0.06834,0.82,0.7,0.06,0.9,0.56,0.06,-2.87191,-0.06947,-0.12368,-76.62656,0.14779,64.75459,double_rcm_log_20260616_135653_209.csv,92.77082,Unknown,Task4_EntryRCM_TipCone,0.0,3.84242087910162,10.805463267044102,10.811540718678035,3.797367312487564,10.521825229200822,10.868044902373223,9.479343635795578,12.648448626492652,64.12080720687077,1.5445557865435466,2.3266513952335566
41.42201,0.01077,92.81408,Done,EntryTipCone,158.7623,2.12589,3.71584,10.55199,10.55199,1.0,10.55199,3.71584,0.0,0.0,0.0,0.60313,1.0,6,6,1,0.70515,0.91162,0.04478,0.89311,0.5593,0.06796,0.82,0.7,0.06,0.9,0.56,0.06,-2.90517,-0.07222,-0.12293,-76.47478,0.14862,64.78604,double_rcm_log_20260616_135653_209.csv,92.81408,Unknown,Task4_EntryRCM_TipCone,0.0,3.7157935861994997,10.449876243508953,10.455372530061595,3.672723374861326,10.169762798837365,10.551004691497443,9.916759312245214,13.511220575183692,55.186643013795575,1.6405761106293422,2.4118052884263323
41.45222,0.01038,96.33521,Done,EntryTipCone,158.6819,2.18939,3.61758,10.31106,10.31106,1.0,10.31106,3.61758,0.0,0.0,0.0,0.60333,1.0,6,6,1,0.7049,0.91161,0.04511,0.89313,0.55938,0.06767,0.82,0.7,0.06,0.9,0.56,0.06,-2.93091,-0.07443,-0.12295,-76.35558,0.14745,64.80849,double_rcm_log_20260616_135653_209.csv,96.33521,Unknown,Task4_EntryRCM_TipCone,0.0,3.618175807820027,10.175717034084307,10.180791490665714,3.5798514022287105,9.90819660685035,10.31553197852639,10.231801826289104,14.740417260135334,74.24367848400139,1.698324410218492,2.0195029133611384
41.48346,0.01085,92.14123,Done,EntryTipCone,158.6012,2.25344,3.51218,10.0545,10.0545,1.0,10.0545,3.51218,0.0,0.0,0.0,0.60354,1.0,6,6,1,0.70464,0.91158,0.04546,0.89317,0.55948,0.06736,0.82,0.7,0.06,0.9,0.56,0.06,-2.95874,-0.07622,-0.12493,-76.22865,0.1492,64.83006,double_rcm_log_20260616_135653_209.csv,92.14123,Unknown,Task4_EntryRCM_TipCone,0.0,3.5126865224619532,9.879417540761539,9.884061035392026,3.47590863133776,9.615721181801945,10.054297588593656,10.54945955927278,13.467928490507862,83.50642663913084,1.7516685049022132,1.966078697202213
41.52323,0.0104,96.18229,Done,EntryTipCone,158.5017,2.33189,3.37301,9.71822,9.71822,1.0,9.71822,3.37301,0.0,0.0,0.0,0.60379,1.0,6,6,1,0.70429,0.91154,0.04593,0.89323,0.5596,0.06696,0.82,0.7,0.06,0.9,0.56,0.06,-2.99539,-0.08086,-0.12451,-76.06051,0.15066,64.85769,double_rcm_log_20260616_135653_209.csv,96.18229,Unknown,Task4_EntryRCM_TipCone,0.0,3.3730326209700245,9.487104741072041,9.491216203631586,3.341727211179916,9.239317407354683,9.717741507161058,10.764312885451341,10.757057397141137,63.09594939432384,1.8279596698846647,2.239643385699294
41.56327,0.01024,97.63489,Done,EntryTipCone,158.4049,2.40756,3.22647,9.36821,9.36821,1.0,9.36821,3.22647,0.0,0.0,0.0,0.60403,1.0,6,6,1,0.70393,0.91149,0.04643,0.89331,0.55973,0.06655,0.82,0.7,0.06,0.9,0.56,0.06,-3.03405,-0.08849,-0.12044,-75.88402,0.15363,64.8858,double_rcm_log_20260616_135653_209.csv,97.63489,Unknown,Task4_EntryRCM_TipCone,0.0,3.2259834282698088,9.073956370430679,9.077553276824593,3.2005175221139686,8.843972828125139,9.366509488598178,10.983438646290503,9.331393415911693,109.6901766337096,1.9176584912015993,2.310913810122331
41.59348,0.00898,111.3426,Done,EntryTipCone,158.3346,2.46234,3.11269,9.09854,9.09854,1.0,9.09854,3.11269,0.0,0.0,0.0,0.60421,1.0,6,6,1,0.70365,0.91144,0.04681,0.89338,0.55983,0.06624,0.82,0.7,0.06,0.9,0.56,0.06,-3.06355,-0.09113,-0.12365,-75.74336,0.14903,64.90345,double_rcm_log_20260616_135653_209.csv,111.3426,Unknown,Task4_EntryRCM_TipCone,0.0,3.113175932815598,8.75697257386149,8.760205231004885,3.092160629401585,8.541144221671077,9.098950488930077,11.235938254130836,12.229205856601954,103.9801345469046,1.9707939432528052,1.7654007533112055
41.62447,0.01045,95.7,Done,EntryTipCone,158.2641,2.51659,2.99271,8.81725,8.81725,1.0,8.81725,2.99271,0.0,0.0,0.0,0.60439,1.0,6,6,1,0.70336,0.91138,0.04722,0.89345,0.55994,0.06591,0.82,0.7,0.06,0.9,0.56,0.06,-3.09504,-0.09636,-0.12351,-75.59736,0.14952,64.92229,double_rcm_log_20260616_135653_209.csv,95.7,Unknown,Task4_EntryRCM_TipCone,0.0,2.992879190238534,8.418906971475426,8.421779221791457,2.978154630773111,8.222496906938686,8.822369296283211,11.684619901305107,14.055972400504153,199.1617422083185,1.9945542530026688,1.8614595243671745
41.65537,0.01073,93.19742,Done,EntryTipCone,158.1976,2.56823,2.87004,8.53236,8.53236,1.0,8.53236,2.87004,0.0,0.0,0.0,0.60456,1.0,6,6,1,0.70306,0.91132,0.04763,0.89354,0.56005,0.06557,0.82,0.7,0.06,0.9,0.56,0.06,-3.12766,-0.10226,-0.12351,-75.45042,0.15603,64.93991,double_rcm_log_20260616_135653_209.csv,93.19742,Unknown,Task4_EntryRCM_TipCone,0.0,2.869533766205326,8.072235247446958,8.074766845329702,2.8578010336324597,7.887106225694244,8.529888627643407,11.79358010844038,11.341028961999326,103.67539271958901,2.045721369991474,2.0296295087303893
41.6864,0.01121,89.20235,Done,EntryTipCone,158.1331,2.61805,2.74402,8.2431,8.2431,1.0,8.2431,2.74402,0.0,0.0,0.0,0.60472,1.0,6,6,1,0.70275,0.91125,0.04805,0.89364,0.56016,0.06524,0.82,0.7,0.06,0.9,0.56,0.06,-3.16064,-0.10966,-0.12148,-75.29646,0.15591,64.95771,double_rcm_log_20260616_135653_209.csv,89.20235,Unknown,Task4_EntryRCM_TipCone,0.0,2.744785790938749,7.721583501284067,7.7237991038878535,2.738494228899671,7.5551290779586315,8.24213564557151,11.811229289693083,8.789533200488238,177.03573937834273,2.105812441705815,2.148507531485938
41.71643,0.01013,98.73095,Done,EntryTipCone,158.0742,2.664,2.61973,7.961,7.961,1.0,7.961,2.61973,0.0,0.0,0.0,0.60487,1.0,6,6,1,0.70245,0.91117,0.04847,0.89374,0.56026,0.06491,0.82,0.7,0.06,0.9,0.56,0.06,-3.19319,-0.11607,-0.12187,-75.14454,0.15645,64.97294,double_rcm_log_20260616_135653_209.csv,98.73095,Unknown,Task4_EntryRCM_TipCone,0.0,2.620653191784996,7.372625168046191,7.374553583746296,2.621205146649188,7.229379056216541,7.96010678320338,12.17918539805219,9.957936877358847,147.1527928570221,2.1557839226107323,2.1558171738046603
41.74657,0.01044,95.74598,Done,EntryTipCone,158.0169,2.70797,2.49246,7.6763,7.6763,1.0,7.6763,2.49246,0.0,0.0,0.0,0.60501,1.0,6,6,1,0.70214,0.91109,0.0489,0.89385,0.56037,0.06457,0.82,0.7,0.06,0.9,0.56,0.06,-3.22631,-0.12332,-0.12151,-74.98734,0.15387,64.98781,double_rcm_log_20260616_135653_209.csv,95.74598,Unknown,Task4_EntryRCM_TipCone,0.0,2.492580266868927,7.012553640779085,7.0142129406360665,2.4989191347964237,6.8898848935344255,7.671003845651486,12.29114223191539,9.70089803651214,124.46660951512531,2.2031547603566715,1.4257183242315024
41.77678,0.00956,104.6387,Done,EntryTipCone,157.963,2.7496,2.36265,7.39025,7.39025,1.0,7.39025,2.36256,0.0,0.0,0.0,0.60515,1.0,6,6,1,0.70182,0.911,0.04934,0.89396,0.56049,0.06424,0.82,0.7,0.06,0.9,0.56,0.06,-3.26024,-0.12698,-0.12863,-74.82713,0.1532,64.99852,double_rcm_log_20260616_135653_209.csv,104.6387,Unknown,Task4_EntryRCM_TipCone,0.0,2.363491321142337,6.649590162916513,6.651004798692488,2.3789112975100126,6.556554442223954,7.395897511458673,12.494257054728463,11.09546164402525,139.9603028396323,2.2337010088156948,2.0035772189069516
41.80806,0.01077,92.87993,Done,EntryTipCone,157.9081,2.79036,2.22572,7.09534,7.09534,1.0,7.09534,2.22572,0.0,0.0,0.0,0.60529,1.0,6,6,1,0.70149,0.9109,0.04981,0.89409,0.56061,0.06388,0.82,0.7,0.06,0.9,0.56,0.06,-3.29618,-0.13998,-0.12045,-74.65974,0.15465,65.01552,double_rcm_log_20260616_135653_209.csv,92.87993,Unknown,Task4_EntryRCM_TipCone,0.0,2.224793236217809,6.259570798341152,6.260750729935403,2.2482111182081583,6.194390638683931,7.096097519059311,12.689967070792738,11.050266936426846,67.69540942666,2.27223953312393,1.2038804812411072
41.83956,0.01125,88.89085,Done,EntryTipCone,157.8575,2.82884,2.08657,6.80083,6.80083,1.0,6.80083,2.08657,0.0,0.0,0.0,0.60542,1.0,6,6,1,0.70116,0.9108,0.05028,0.89423,0.56073,0.06353,0.82,0.7,0.06,0.9,0.56,0.06,-3.33248,-0.1474,-0.12323,-74.48706,0.15291,65.02678,double_rcm_log_20260616_135653_209.csv,88.89085,Unknown,Task4_EntryRCM_TipCone,0.0,2.08696535094596,5.871962096231364,5.87293605033855,2.1187864812289554,5.836172876650824,6.803432956971098,12.706660129559124,8.490155509584149,94.75310716172285,2.291506284255248,1.3900986243502613
41.87942,0.01065,93.92528,Done,EntryTipCone,157.7978,2.87379,1.90742,6.43328,6.43328,1.0,6.43328,1.90742,0.0,0.0,0.0,0.60557,1.0,6,6,1,0.70072,0.91065,0.05089,0.89442,0.56089,0.06308,0.82,0.7,0.06,0.9,0.56,0.06,-3.38017,-0.16096,-0.12128,-74.2697,0.16298,65.04183,double_rcm_log_20260616_135653_209.csv,93.92528,Unknown,Task4_EntryRCM_TipCone,0.0,1.9072529240009044,5.366512217927457,5.367255619680983,1.951515438505239,5.373533431408246,6.43544093283438,13.039890995053971,7.6977377513761,35.15385798866235,2.343340121364132,1.8350293488508886
41.90978,0.00989,101.1266,Done,EntryTipCone,157.7563,2.9053,1.76957,6.15956,6.15956,1.0,6.15956,1.76957,0.0,0.0,0.0,0.60568,1.0,6,6,1,0.70039,0.91053,0.05135,0.89457,0.56101,0.06273,0.82,0.7,0.06,0.9,0.56,0.06,-3.41614,-0.17114,-0.12065,-74.09661,0.15944,65.05183,double_rcm_log_20260616_135653_209.csv,101.1266,Unknown,Task4_EntryRCM_TipCone,0.0,1.770255712378792,4.981165216440616,4.981759660363553,1.8237634706125634,5.0205721402430985,6.160998295731008,13.174261274149867,8.131860431014033,134.77603874851292,2.389857503052872,1.364382817324517
41.94098,0.01034,96.73425,Done,EntryTipCone,157.7163,2.93484,1.62678,5.88649,5.88649,1.0,5.88649,1.62678,0.0,0.0,0.0,0.60578,1.0,6,6,1,0.70005,0.9104,0.05184,0.89473,0.56113,0.06237,0.82,0.7,0.06,0.9,0.56,0.06,-3.45369,-0.18202,-0.12023,-73.91807,0.15892,65.06103,double_rcm_log_20260616_135653_209.csv,96.73425,Unknown,Task4_EntryRCM_TipCone,0.0,1.627114185379801,4.578505041569148,4.578966636460248,1.6939679078114191,4.662312730823634,5.8878434082437945,13.273108534308724,10.0342890679886,57.0837250930961,2.411327346516507,1.0302497578756304
41.98147,0.01098,91.08853,Done,EntryTipCone,157.67,2.96948,1.43994,5.5469,5.5469,1.0,5.5469,1.43994,0.0,0.0,0.0,0.6059,1.0,6,6,1,0.69959,0.91022,0.05248,0.89496,0.5613,0.06191,0.82,0.7,0.06,0.9,0.56,0.06,-3.503,-0.19629,-0.1209,-73.68248,0.15765,65.07082,double_rcm_log_20260616_135653_209.csv,91.08853,Unknown,Task4_EntryRCM_TipCone,0.0,1.4401311440735662,4.0524750908732345,4.052795140827027,1.5232945267382698,4.191443481849524,5.544339455697168,13.446963994577107,8.309485284268742,106.75626768424715,2.4412363520059035,0.9442880403729498
42.01186,0.01039,96.24258,Done,EntryTipCone,157.6388,2.99245,1.30026,5.30777,5.30777,1.0,5.30777,1.30026,0.0,0.0,0.0,0.60598,1.0,6,6,1,0.69925,0.91008,0.05297,0.89513,0.56143,0.06156,0.82,0.7,0.06,0.9,0.56,0.06,-3.54031,-0.20708,-0.12219,-73.50459,0.15776,65.07674,double_rcm_log_20260616_135653_209.csv,96.24258,Unknown,Task4_EntryRCM_TipCone,0.0,1.2991054615056705,3.655705802352895,3.6559407375363038,1.3992024767818265,3.8491575501860624,5.309934086219922,13.409861769007481,9.410195906955185,95.12979981617907,2.463990194534239,0.8992469382765961
42.04243,0.01015,98.56208,Done,EntryTipCone,157.612,3.01311,1.15961,5.08172,5.08172,1.0,5.08172,1.15961,0.0,0.0,0.0,0.60604,1.0,6,6,1,0.69891,0.90993,0.05346,0.89532,0.56155,0.06122,0.82,0.7,0.06,0.9,0.56,0.06,-3.57804,-0.22083,-0.11932,-73.32333,0.15642,65.08323,double_rcm_log_20260616_135653_209.csv,98.56208,Unknown,Task4_EntryRCM_TipCone,0.0,1.1599329033906474,3.264128471401313,3.2642957022028973,1.2771319316425065,3.5130079156450553,5.078710466250264,13.522056630795664,7.159472025343349,146.92507270133282,2.472213266630977,1.2067698927684039
42.07358,0.01026,97.48994,Done,EntryTipCone,157.587,3.03125,1.0178,4.87234,4.87234,1.0,4.87234,1.0178,0.0,0.0,0.0,0.60611,1.0,6,6,1,0.69855,0.90977,0.05396,0.89551,0.56168,0.06086,0.82,0.7,0.06,0.9,0.56,0.06,-3.61712,-0.23243,-0.12171,-73.13987,0.16143,65.08667,double_rcm_log_20260616_135653_209.csv,97.48994,Unknown,Task4_EntryRCM_TipCone,0.0,1.0176580027754545,2.8638024681208063,2.8639154023994697,1.1574283336711666,3.1832690019006837,4.87053385164292,13.72126580893926,8.69397572031245,107.74144376094404,2.477616124005724,0.7976659934363498
42.10466,0.01038,96.29465,Done,EntryTipCone,157.5654,3.04669,0.87938,4.68692,4.68692,1.0,4.68692,0.87938,0.0,0.0,0.0,0.60616,1.0,6,6,1,0.6982,0.9096,0.05446,0.89571,0.56182,0.06051,0.82,0.7,0.06,0.9,0.56,0.06,-3.65611,-0.24607,-0.12115,-72.95484,0.16412,65.09028,double_rcm_log_20260616_135653_209.csv,96.29465,Unknown,Task4_EntryRCM_TipCone,0.0,0.8798523759918224,2.4760350243261473,2.476108012386641,1.0427927910217423,2.867507628586241,4.687920647792569,13.744683986052543,9.067366642451562,126.3976362839947,2.5073027393318337,1.724539916772706
42.14473,0.01012,98.8481,Done,EntryTipCone,157.5444,3.06242,0.70942,4.48678,4.48678,1.0,4.48678,0.70942,0.0,0.0,0.0,0.60622,1.0,6,6,1,0.69775,0.90938,0.05511,0.89598,0.56199,0.06006,0.82,0.7,0.06,0.9,0.56,0.06,-3.70605,-0.26546,-0.11828,-72.71254,0.16167,65.09409,double_rcm_log_20260616_135653_209.csv,98.8481,Unknown,Task4_EntryRCM_TipCone,0.0,0.7099005706675247,1.997792852633069,1.9978311895510314,0.9106084243304918,2.5037399717530806,4.485989300031815,13.822243712603523,6.893719324372672,46.177888954700855,2.5469825245270274,1.1139097053380091
42.17504,0.01006,99.42019,Done,EntryTipCone,157.532,3.07161,0.59182,4.37014,4.37014,1.0,4.37014,0.59182,0.0,0.0,0.0,0.60625,1.0,6,6,1,0.6974,0.9092,0.05561,0.89619,0.56212,0.05972,0.82,0.7,0.06,0.9,0.56,0.06,-3.74389,-0.27813,-0.12051,-72.52667,0.15775,65.09401,double_rcm_log_20260616_135653_209.csv,99.42019,Unknown,Task4_EntryRCM_TipCone,0.0,0.5914826610018347,1.6645557516016942,1.664577926007273,0.826928043548416,2.2734998435147595,4.369084572310247,13.777304577787666,7.219237059948855,56.203797380530474,2.524305064417544,1.4435064440791794
42.20611,0.01013,98.71693,Done,EntryTipCone,157.5229,3.07803,0.49099,4.28484,4.28484,1.0,4.28484,0.49099,0.0,0.0,0.0,0.60627,1.0,6,6,1,0.69705,0.90901,0.05612,0.89641,0.56225,0.05938,0.82,0.7,0.06,0.9,0.56,0.06,-3.78346,-0.29341,-0.12001,-72.34222,0.1669,65.09393,double_rcm_log_20260616_135653_209.csv,98.71693,Unknown,Task4_EntryRCM_TipCone,0.0,0.4906736575215496,1.3808658076976579,1.3808784668632064,0.7618639839346231,2.0945456639714273,4.2819388132012985,13.764662580504911,5.2835608879522376,61.35188290686006,2.529598823067519,1.7357846028295272
42.23627,0.01032,96.89146,Done,EntryTipCone,157.5173,3.08162,0.42521,4.23752,4.23752,1.0,4.23752,0.42521,0.0,0.0,0.0,0.60628,1.0,6,6,1,0.6967,0.90883,0.05661,0.89663,0.56238,0.05905,0.82,0.7,0.06,0.9,0.56,0.06,-3.82103,-0.30999,-0.11651,-72.15681,0.16264,65.09422,double_rcm_log_20260616_135653_209.csv,96.89146,Unknown,Task4_EntryRCM_TipCone,0.0,0.4260070033186749,1.198882935960062,1.1988912206738112,0.7227619220255812,1.9869861212786313,4.233650906723367,13.73107780951555,3.774820824277356,76.86867805344751,2.5681827071672276,1.5327579467107775
42.26691,0.01009,99.10307,Done,EntryTipCone,157.5164,3.0826,0.4083,4.22533,4.22533,1.0,4.22533,0.4083,0.0,0.0,0.0,0.60628,1.0,6,6,1,0.69636,0.90863,0.05711,0.89685,0.56251,0.05872,0.82,0.7,0.06,0.9,0.56,0.06,-3.859,-0.32321,-0.12017,-71.96858,0.1586,65.09026,double_rcm_log_20260616_135653_209.csv,99.10307,Unknown,Task4_EntryRCM_TipCone,0.0,0.40809414990456655,1.1484728652442395,1.1484801482166958,0.7144354127978336,1.9640464509625422,4.22622763229803,13.805676761127243,7.753206803728125,107.5804334574564,2.5554771574638058,2.5409843559187255
42.29713,0.01023,97.75683,Done,EntryTipCone,157.5168,3.08101,0.44587,4.25236,4.25236,1.0,4.25236,0.44587,0.0,0.0,0.0,0.60629,1.0,6,6,1,0.69602,0.90843,0.0576,0.89708,0.56264,0.05839,0.82,0.7,0.06,0.9,0.56,0.06,-3.89698,-0.33874,-0.12021,-71.78468,0.16025,65.08705,double_rcm_log_20260616_135653_209.csv,97.75683,Unknown,Task4_EntryRCM_TipCone,0.0,0.4456355608112474,1.254121179408624,1.254130662866889,0.7359916934705176,2.0233289401380365,4.2530106983171425,13.964714550534477,10.226024700098524,136.53786142573242,2.51546136837826,1.5732362868849683
42.32807,0.01035,96.57803,Done,EntryTipCone,157.5228,3.07644,0.5286,4.31499,4.31499,1.0,4.31499,0.5286,0.0,0.0,0.0,0.60627,1.0,6,6,1,0.69567,0.90823,0.0581,0.89732,0.56278,0.05806,0.82,0.7,0.06,0.9,0.56,0.06,-3.93608,-0.35759,-0.11615,-71.60169,0.17068,65.08411,double_rcm_log_20260616_135653_209.csv,96.57803,Unknown,Task4_EntryRCM_TipCone,0.0,0.5285994947060292,1.4875947067226862,1.4876105340213437,0.785375161760321,2.1590724504179946,4.321388665695262,13.832883918256423,10.24494695524243,101.76335527813463,2.5178291577808047,2.35208657731268
42.35913,0.01065,93.86411,Done,EntryTipCone,157.5324,3.06939,0.63888,4.41414,4.41414,1.0,4.41414,0.63888,0.0,0.0,0.0,0.60624,1.0,6,6,1,0.69533,0.90801,0.0586,0.89757,0.56291,0.05774,0.82,0.7,0.06,0.9,0.56,0.06,-3.9744,-0.37198,-0.12026,-71.41192,0.16883,65.07674,double_rcm_log_20260616_135653_209.csv,93.86411,Unknown,Task4_EntryRCM_TipCone,0.0,0.6388198196334053,1.7977670877151068,1.7977950234800875,0.8569769925885072,2.356107937974123,4.413683269107563,13.790349126294782,5.438039926533536,110.50446309790817,2.5449876357360584,1.2595290509586081
42.38991,0.01056,94.6738,Done,EntryTipCone,157.5443,3.05953,0.7631,4.54624,4.54624,1.0,4.54624,0.7631,0.0,0.0,0.0,0.60621,1.0,6,6,1,0.69499,0.9078,0.05909,0.89782,0.56304,0.05742,0.82,0.7,0.06,0.9,0.56,0.06,-4.01209,-0.38703,-0.12329,-71.22527,0.16757,65.06903,double_rcm_log_20260616_135653_209.csv,94.6738,Unknown,Task4_EntryRCM_TipCone,0.0,0.7628408385615686,2.1467681607062157,2.1468157299011965,0.9486934596238458,2.608494997857236,4.544271118672375,13.787798432738986,4.56686462432649,67.03433371734745,2.5330413683772273,1.4392205965267797
42.43027,0.01068,93.63417,Done,EntryTipCone,157.5665,3.04244,0.93879,4.76309,4.76309,1.0,4.76309,0.93899,0.0,0.0,0.0,0.60616,1.0,6,6,1,0.69454,0.9075,0.05973,0.89815,0.56321,0.05701,0.82,0.7,0.06,0.9,0.56,0.06,-4.06135,-0.412,-0.11914,-70.98147,0.16655,65.06049,double_rcm_log_20260616_135653_209.csv,93.63417,Unknown,Task4_EntryRCM_TipCone,0.0,0.9394045170462233,2.643609036657159,2.64369787070049,1.0873133176070264,2.990031129243666,4.76095578639412,13.624340723923924,7.00302512307948,68.16645656419884,2.5082183378360283,1.2034906389948332
42.46061,0.01014,98.66337,Done,EntryTipCone,157.5871,3.02676,1.07502,4.95392,4.95392,1.0,4.95392,1.07502,0.0,0.0,0.0,0.6061,1.0,6,6,1,0.69422,0.90728,0.06021,0.8984,0.56334,0.05671,0.82,0.7,0.06,0.9,0.56,0.06,-4.09789,-0.42958,-0.11862,-70.80099,0.16735,65.05186,double_rcm_log_20260616_135653_209.csv,98.66337,Unknown,Task4_EntryRCM_TipCone,0.0,1.0747013200864455,3.0243103619811373,3.024443371459169,1.2002396136706701,3.30089055582556,4.953756150639577,13.625614925717596,7.686172272178283,43.484138042808546,2.481144693686706,1.062471384100654
42.49113,0.01008,99.19635,Done,EntryTipCone,157.6111,3.00814,1.2145,5.16756,5.16756,1.0,5.16756,1.2145,0.0,0.0,0.0,0.60604,1.0,6,6,1,0.69389,0.90705,0.06068,0.89866,0.56347,0.05641,0.82,0.7,0.06,0.9,0.56,0.06,-4.13469,-0.44746,-0.11847,-70.62119,0.17135,65.04199,double_rcm_log_20260616_135653_209.csv,99.19635,Unknown,Task4_EntryRCM_TipCone,0.0,1.2148055040313475,3.418521008945664,3.418713113137056,1.3208697365257303,3.6331306694830583,5.169584122538272,13.632424472673428,8.593343083852298,90.80714735089771,2.468720824290342,0.7581490031928068
42.52236,0.01098,91.10029,Done,EntryTipCone,157.6389,2.98653,1.35826,5.40448,5.40448,1.0,5.40448,1.35826,0.0,0.0,0.0,0.60597,1.0,6,6,1,0.69356,0.90682,0.06116,0.89893,0.5636,0.05611,0.82,0.7,0.06,0.9,0.56,0.06,-4.17153,-0.46551,-0.11883,-70.43732,0.17127,65.03078,double_rcm_log_20260616_135653_209.csv,91.10029,Unknown,Task4_EntryRCM_TipCone,0.0,1.358430763236482,3.822617654737826,3.822886267137031,1.4479329626193864,3.983300911787368,5.407124929202168,13.45415460522602,10.148403860839238,49.71225103147774,2.455619235111341,0.8550583278217088
42.56274,0.01048,95.39912,Done,EntryTipCone,157.6813,2.95453,1.54446,5.73286,5.73286,1.0,5.73286,1.54446,0.0,0.0,0.0,0.60586,1.0,6,6,1,0.69314,0.90651,0.06177,0.89928,0.56377,0.05574,0.82,0.7,0.06,0.9,0.56,0.06,-4.21871,-0.49039,-0.11745,-70.20237,0.17288,65.01529,double_rcm_log_20260616_135653_209.csv,95.39912,Unknown,Task4_EntryRCM_TipCone,0.0,1.5439765716209732,4.344623877226574,4.345018272042304,1.6129714717018448,4.438287264942825,5.734012556665674,13.290525516844827,6.756679999271074,96.67886511275591,2.4321390102939304,0.8752270737112374
42.59286,0.00963,103.8175,Done,EntryTipCone,157.7158,2.92765,1.68272,5.99136,5.99136,1.0,5.99136,1.68272,0.0,0.0,0.0,0.60578,1.0,6,6,1,0.69283,0.90627,0.06222,0.89955,0.56389,0.05547,0.82,0.7,0.06,0.9,0.56,0.06,-4.25319,-0.50689,-0.12021,-70.0281,0.17189,65.00122,double_rcm_log_20260616_135653_209.csv,103.8175,Unknown,Task4_EntryRCM_TipCone,0.0,1.6829955108254313,4.735703943434979,4.7362147473793295,1.738345287596486,4.784376175073938,5.987946225543418,13.189726804432478,3.6703545524199774,100.58588643563102,2.4085685654524562,1.4122985547072828
42.62396,0.01051,95.10543,Done,EntryTipCone,157.7553,2.89736,1.82478,6.26706,6.26706,1.0,6.26706,1.82478,0.0,0.0,0.0,0.60568,1.0,6,6,1,0.69252,0.90602,0.06268,0.89982,0.56401,0.05519,0.82,0.7,0.06,0.9,0.56,0.06,-4.28833,-0.52683,-0.11826,-69.85101,0.17196,64.98767,double_rcm_log_20260616_135653_209.csv,95.10543,Unknown,Task4_EntryRCM_TipCone,0.0,1.8247864387019366,5.134553273588124,5.135204358140597,1.8698418314958352,5.147508583323027,6.2648703099106235,13.122427760398255,8.07450816402513,118.25116645028058,2.3628918103156797,1.8651460659527623
42.65512,0.01113,89.81979,Done,EntryTipCone,157.7977,2.86462,1.96583,6.55083,6.55083,1.0,6.55083,1.96583,0.0,0.0,0.0,0.60557,1.0,6,6,1,0.69222,0.90578,0.06313,0.9001,0.56414,0.05492,0.82,0.7,0.06,0.9,0.56,0.06,-4.32333,-0.54532,-0.11947,-69.67802,0.17748,64.97182,double_rcm_log_20260616_135653_209.csv,89.81979,Unknown,Task4_EntryRCM_TipCone,0.0,1.9652914376908623,5.52975435190704,5.530567702411538,2.002054590525649,5.512675742881461,6.554082697067482,13.039198325287394,10.819619570485937,123.31095891615539,2.3244351863630124,1.1142292740532995
42.68612,0.01106,90.38286,Done,EntryTipCone,157.8439,2.82937,2.10478,6.83795,6.83795,1.0,6.83795,2.10478,0.0,0.0,0.0,0.60545,1.0,6,6,1,0.69192,0.90553,0.06358,0.90038,0.56426,0.05466,0.82,0.7,0.06,0.9,0.56,0.06,-4.35745,-0.5665,-0.1159,-69.50767,0.18107,64.95697,double_rcm_log_20260616_135653_209.csv,90.38286,Unknown,Task4_EntryRCM_TipCone,0.0,2.105214506335643,5.923285579264755,5.924285305769901,2.132145665339981,5.872496520613267,6.84160799812437,12.773049360307613,10.999643571592404,56.99016289193359,2.3109229809120415,1.6000318976241352
42.71841,0.01009,99.06856,Done,EntryTipCone,157.8954,2.78989,2.24707,7.13955,7.13955,1.0,7.13955,2.24707,0.0,0.0,0.0,0.60532,1.0,6,6,1,0.69161,0.90527,0.06403,0.90067,0.56438,0.0544,0.82,0.7,0.06,0.9,0.56,0.06,-4.39164,-0.5848,-0.11848,-69.33021,0.17772,64.93804,double_rcm_log_20260616_135653_209.csv,99.06856,Unknown,Task4_EntryRCM_TipCone,0.0,2.2478624244070957,6.324444018437153,6.325661034171986,2.2652028245408946,6.240912285383105,7.140959319307134,12.531101561114243,9.99799476597547,81.08976710754352,2.2825146879851927,1.203942606289236
42.75066,0.01044,95.79012,Done,EntryTipCone,157.9503,2.7479,2.3877,7.4438,7.4438,1.0,7.4438,2.3877,0.0,0.0,0.0,0.60518,1.0,6,6,1,0.69132,0.90501,0.06447,0.90096,0.5645,0.05415,0.82,0.7,0.06,0.9,0.56,0.06,-4.42552,-0.605,-0.11809,-69.15743,0.17878,64.91932,double_rcm_log_20260616_135653_209.csv,95.79012,Unknown,Task4_EntryRCM_TipCone,0.0,2.3869838847253955,6.715647514612926,6.717104751445412,2.3965364287617477,6.604824460486879,7.442721276522416,12.424034797056786,9.461506559945361,61.24818693132268,2.2494933107328086,1.9446228124194715
42.78442,0.01131,88.42166,Done,EntryTipCone,158.0114,2.701,2.53204,7.76253,7.76253,1.0,7.76253,2.53204,0.0,0.0,0.0,0.60503,1.0,6,6,1,0.69101,0.90473,0.06492,0.90127,0.56463,0.0539,0.82,0.7,0.06,0.9,0.56,0.06,-4.45959,-0.62526,-0.11885,-68.9775,0.17324,64.89827,double_rcm_log_20260616_135653_209.csv,88.42166,Unknown,Task4_EntryRCM_TipCone,0.0,2.532696654599854,7.125342995163475,7.1270837005835705,2.5330893060056274,6.983450877169952,7.762718595955872,12.212576215090673,9.328159359893842,62.01118000448706,2.1739771730184136,1.8187325449781577
42.81791,0.01255,79.70684,Done,EntryTipCone,158.0744,2.65167,2.6724,8.07818,8.07818,1.0,8.07818,2.6724,0.0,0.0,0.0,0.60487,1.0,6,6,1,0.69072,0.90446,0.06535,0.90157,0.56475,0.05366,0.82,0.7,0.06,0.9,0.56,0.06,-4.49385,-0.64641,-0.11869,-68.81094,0.18648,64.87677,double_rcm_log_20260616_135653_209.csv,79.70684,Unknown,Task4_EntryRCM_TipCone,0.0,2.6717529864409313,7.516279865354248,7.518323290238777,2.6653538139824886,7.3506819149915685,8.076075779733564,12.08478279233999,7.847125781303357,77.6486763365934,2.1414317645280287,1.6621238802247043
42.84983,0.01251,79.92004,Done,EntryTipCone,158.1396,2.60218,2.80345,8.37619,8.37619,1.0,8.37619,2.80338,0.0,0.0,0.0,0.6047,1.0,6,6,1,0.69045,0.9042,0.06576,0.90187,0.56486,0.05344,0.82,0.7,0.06,0.9,0.56,0.06,-4.52398,-0.6646,-0.12078,-68.64598,0.17644,64.8544,double_rcm_log_20260616_135653_209.csv,79.92004,Unknown,Task4_EntryRCM_TipCone,0.0,2.8041694474898793,7.888508575736248,7.890871101380793,2.791434164447777,7.70153321398754,8.375565652539501,11.997022425977018,9.825794362778279,103.60492683428537,2.1152283106278427,1.6351271560614449
42.8808,0.01012,98.80865,Done,EntryTipCone,158.2032,2.5517,2.92777,8.66363,8.66363,1.0,8.66363,2.92777,0.0,0.0,0.0,0.60454,1.0,6,6,1,0.6902,0.90395,0.06614,0.90215,0.56497,0.05323,0.82,0.7,0.06,0.9,0.56,0.06,-4.55346,-0.68366,-0.12076,-68.49556,0.18068,64.83294,double_rcm_log_20260616_135653_209.csv,98.80865,Unknown,Task4_EntryRCM_TipCone,0.0,2.9286754275875326,8.238462165889498,8.24115352469005,2.912254150468596,8.037645464648467,8.669273325948323,11.570593084760263,12.196887333217566,85.77977442810678,2.0466743648235965,2.189276163464714
42.91324,0.01081,92.48555,Done,EntryTipCone,158.2745,2.49672,3.05505,8.96018,8.96018,1.0,8.96018,3.05505,0.0,0.0,0.0,0.60436,1.0,6,6,1,0.68994,0.90369,0.06653,0.90244,0.56507,0.05303,0.82,0.7,0.06,0.9,0.56,0.06,-4.58299,-0.70237,-0.12262,-68.33939,0.17945,64.80864,double_rcm_log_20260616_135653_209.csv,92.48555,Unknown,Task4_EntryRCM_TipCone,0.0,3.055051183175981,8.593631411565877,8.596686382544833,3.0313055321595175,8.369843395281535,8.957644779739763,11.403261684225468,9.604867202045737,40.22404317384328,1.9955100423795369,1.6623036590578633
42.94596,0.01096,91.26585,Done,EntryTipCone,158.3483,2.43872,3.17989,9.25464,9.25464,1.0,9.25464,3.17989,0.0,0.0,0.0,0.60418,1.0,6,6,1,0.68969,0.90343,0.06691,0.90274,0.56518,0.05283,0.82,0.7,0.06,0.9,0.56,0.06,-4.61216,-0.72384,-0.11977,-68.18884,0.18322,64.78538,double_rcm_log_20260616_135653_209.csv,91.26585,Unknown,Task4_EntryRCM_TipCone,0.0,3.1811436714384635,8.947962890227764,8.951411904301196,3.1539669177649317,8.71213874651116,9.260070194118367,11.33299028558501,11.404349283990113,149.15382248055155,1.9509662182886056,1.722590001632235
42.97785,0.01059,94.43691,Done,EntryTipCone,158.4235,2.37983,3.29818,9.53584,9.53584,1.0,9.53584,3.29818,0.0,0.0,0.0,0.60399,1.0,6,6,1,0.68946,0.90318,0.06726,0.90303,0.56528,0.05265,0.82,0.7,0.06,0.9,0.56,0.06,-4.63895,-0.74188,-0.12129,-68.04225,0.17783,64.76015,double_rcm_log_20260616_135653_209.csv,94.43691,Unknown,Task4_EntryRCM_TipCone,0.0,3.2987069055697535,9.278287377043108,9.28213302925025,3.2685807126570814,9.032668402058055,9.543678536078177,10.966302844650984,16.06398906549384,58.7453856782942,1.8924827383633676,2.385012931101033
43.01013,0.01041,96.01731,Done,EntryTipCone,158.5021,2.31813,3.41444,9.81479,9.81479,1.0,9.81479,3.41444,0.0,0.0,0.0,0.60379,1.0,6,6,1,0.68923,0.90292,0.06761,0.90332,0.56537,0.05248,0.82,0.7,0.06,0.9,0.56,0.06,-4.66581,-0.76283,-0.11832,-67.90327,0.18291,64.73566,double_rcm_log_20260616_135653_209.csv,96.01731,Unknown,Task4_EntryRCM_TipCone,0.0,3.4153623565915705,9.60602260291263,9.610290782672065,3.3797247598883455,9.344397251829562,9.818844127492795,10.55688436715139,11.524717082017554,108.75126037979197,1.8148704382205976,2.172894410453814
43.04206,0.00924,108.1686,Done,EntryTipCone,158.5824,2.25482,3.52531,10.0828,10.0828,1.0,10.0828,3.52531,0.0,0.0,0.0,0.60359,1.0,6,6,1,0.68902,0.90267,0.06794,0.9036,0.56546,0.05233,0.82,0.7,0.06,0.9,0.56,0.06,-4.691,-0.78055,-0.11996,-67.76907,0.18437,64.70892,double_rcm_log_20260616_135653_209.csv,108.1686,Unknown,Task4_EntryRCM_TipCone,0.0,3.525015242079215,9.914048334883242,9.918740886350708,3.4839556691922637,9.636980136632273,10.079707337021174,10.386579967836884,9.17395597407442,41.071473553091536,1.7630280336536166,1.897966591100124
43.07495,0.01086,92.06056,Done,EntryTipCone,158.6669,2.18766,3.63583,10.3522,10.3522,1.0,10.3522,3.63583,0.0,0.0,0.0,0.60337,1.0,6,6,1,0.68881,0.90242,0.06827,0.90389,0.56555,0.05217,0.82,0.7,0.06,0.9,0.56,0.06,-4.71601,-0.80049,-0.11822,-67.63595,0.1865,64.68212,double_rcm_log_20260616_135653_209.csv,92.06056,Unknown,Task4_EntryRCM_TipCone,0.0,3.6364924355323165,10.227161497969595,10.232313398996327,3.5934530778330003,9.94477319229317,10.35584376089167,10.130947402993957,12.839951621831867,35.41035905442683,1.7148655362667484,2.030389466716705
43.10735,0.01077,92.83618,Done,EntryTipCone,158.7534,2.1193,3.74016,10.60795,10.60795,1.0,10.60795,3.74016,0.0,0.0,0.0,0.60315,1.0,6,6,1,0.68862,0.90218,0.06858,0.90417,0.56563,0.05204,0.82,0.7,0.06,0.9,0.56,0.06,-4.73885,-0.81826,-0.11875,-67.50732,0.18131,64.65414,double_rcm_log_20260616_135653_209.csv,92.83618,Unknown,Task4_EntryRCM_TipCone,0.0,3.7394376204362394,10.516275902790268,10.521877760145186,3.6919074077377547,10.222470046234095,10.604121840114766,9.848814629793628,11.22448811986474,21.736380030053628,1.640493982192973,2.5960903484019484
43.13971,0.01138,87.8829,Done,EntryTipCone,158.8411,2.04911,3.84038,10.85547,10.85547,1.0,10.85547,3.84033,0.0,0.0,0.0,0.60293,1.0,6,6,1,0.68843,0.90194,0.06887,0.90445,0.56571,0.05191,0.82,0.7,0.06,0.9,0.56,0.06,-4.76133,-0.83619,-0.11896,-67.38853,0.18664,64.62573,double_rcm_log_20260616_135653_209.csv,87.8829,Unknown,Task4_EntryRCM_TipCone,0.0,3.8405736651842943,10.800276408956794,10.806345101381138,3.790930900016193,10.502048591364638,10.856090456513318,9.705699453863533,12.975730025908694,95.76639900329904,1.563321507549293,2.166317739135832
43.17105,0.01019,98.0951,Done,EntryTipCone,158.928,1.97947,3.93328,11.08647,11.08647,1.0,11.08647,3.93328,0.0,0.0,0.0,0.60271,1.0,6,6,1,0.68826,0.90171,0.06914,0.90472,0.56578,0.0518,0.82,0.7,0.06,0.9,0.56,0.06,-4.78163,-0.85396,-0.11743,-67.27642,0.18643,64.59843,double_rcm_log_20260616_135653_209.csv,98.0951,Unknown,Task4_EntryRCM_TipCone,0.0,3.9340942075435317,11.062861868317356,11.06938468363565,3.8817185888877774,10.759286221678392,11.0872359044082,9.30020173542736,15.002253030908038,36.93337258959887,1.511076231539602,2.29500213849149
43.20389,0.01108,90.28929,Done,EntryTipCone,159.021,1.90472,4.0257,11.31779,11.31779,1.0,11.31779,4.0257,0.0,0.0,0.0,0.60248,1.0,6,6,1,0.6881,0.90148,0.06941,0.90499,0.56585,0.0517,0.82,0.7,0.06,0.9,0.56,0.06,-4.80155,-0.86914,-0.12108,-67.16452,0.18568,64.56718,double_rcm_log_20260616_135653_209.csv,90.28929,Unknown,Task4_EntryRCM_TipCone,0.0,4.02580825163467,11.32034645026566,11.32733607784618,3.970292283720852,11.01065141648682,11.314265331871894,8.965419871868981,10.939798215133836,118.85222305265036,1.4432073591173638,2.4253586187945895
43.23575,0.01061,94.20926,Done,EntryTipCone,159.1132,1.83022,4.1109,11.53209,11.53209,1.0,11.53209,4.1109,0.0,0.0,0.0,0.60224,1.0,6,6,1,0.68795,0.90126,0.06965,0.90525,0.56592,0.05161,0.82,0.7,0.06,0.9,0.56,0.06,-4.8196,-0.88508,-0.12162,-67.06136,0.18383,64.53757,double_rcm_log_20260616_135653_209.csv,94.20926,Unknown,Task4_EntryRCM_TipCone,0.0,4.111469885148232,11.560812876197353,11.568258144557127,4.054749487883224,11.25048470750684,11.532605950087724,8.836435794976246,14.108122366314456,104.06510606383992,1.3638170660114513,2.7526692331731297
43.26859,0.01083,92.36116,Done,EntryTipCone,159.2096,1.75204,4.19386,11.74251,11.74251,1.0,11.74251,4.19386,0.0,0.0,0.0,0.602,1.0,6,6,1,0.68782,0.90104,0.06988,0.90552,0.56598,0.05153,0.82,0.7,0.06,0.9,0.56,0.06,-4.83718,-0.90166,-0.1212,-66.96285,0.18547,64.50699,double_rcm_log_20260616_135653_209.csv,92.36116,Unknown,Task4_EntryRCM_TipCone,0.0,4.193801214521895,11.791906238168893,11.799807689778849,4.137591808036,11.487057667050925,11.74613553471947,8.594330299433448,16.883081332845972,130.7719069324479,1.2804578683542833,2.509560555451389
43.30078,0.01031,96.9561,Done,EntryTipCone,159.3055,1.67396,4.27036,11.93763,11.93763,1.0,11.93763,4.27036,0.0,0.0,0.0,0.60176,1.0,6,6,1,0.68769,0.90083,0.07009,0.90578,0.56603,0.05147,0.82,0.7,0.06,0.9,0.56,0.06,-4.85319,-0.91606,-0.12319,-66.87239,0.18759,64.47565,double_rcm_log_20260616_135653_209.csv,96.9561,Unknown,Task4_EntryRCM_TipCone,0.0,4.270373911661787,12.00681402309841,12.015156129250926,4.212272351430699,11.701436400978887,11.938601258103889,8.252418425101723,15.763547683391565,121.31294461388777,1.2110471479219478,2.525103580012569
43.33418,0.01217,82.1879,Done,EntryTipCone,159.406,1.59132,4.34447,12.12812,12.12812,1.0,12.12812,4.34447,0.0,0.0,0.0,0.60151,1.0,6,6,1,0.68757,0.90062,0.0703,0.90604,0.56608,0.05142,0.82,0.7,0.06,0.9,0.56,0.06,-4.8682,-0.93392,-0.11874,-66.78399,0.18599,64.44551,double_rcm_log_20260616_135653_209.csv,82.1879,Unknown,Task4_EntryRCM_TipCone,0.0,4.345169672141813,12.21671398257491,12.225502040127328,4.284889526189108,11.910322607527622,12.1270111734095,7.80785460574638,12.734346614394129,62.88264370661096,1.1327748347796351,2.6642557227146004
43.36681,0.01114,89.80247,Done,EntryTipCone,159.5056,1.50921,4.41175,12.30229,12.30229,1.0,12.30229,4.41175,0.0,0.0,0.0,0.60125,1.0,6,6,1,0.68747,0.90043,0.07048,0.90628,0.56612,0.05138,0.82,0.7,0.06,0.9,0.56,0.06,-4.88171,-0.94913,-0.11754,-66.70525,0.18737,64.41438,double_rcm_log_20260616_135653_209.csv,89.80247,Unknown,Task4_EntryRCM_TipCone,0.0,4.410827164922606,12.400951998922643,12.41014438045379,4.34992413519855,12.0982005019182,12.29622706361582,7.576461088193523,12.99828994097037,71.66376284946587,1.0549902802985502,2.667420965947074
43.39779,0.01061,94.23133,Done,EntryTipCone,159.6006,1.43006,4.47063,12.45593,12.45593,1.0,12.45593,4.47063,0.0,0.0,0.0,0.60101,1.0,6,6,1,0.68739,0.90025,0.07064,0.90651,0.56616,0.05135,0.82,0.7,0.06,0.9,0.56,0.06,-4.89322,-0.96091,-0.11997,-66.63611,0.18788,64.38321,double_rcm_log_20260616_135653_209.csv,94.23133,Unknown,Task4_EntryRCM_TipCone,0.0,4.470454142589275,12.568254002555419,12.577824146579403,4.410824050858203,12.274367663487245,12.455850031210213,7.368754296318666,14.640550706768895,61.53657445871258,0.9885409285195842,2.5874188571274455
43.43028,0.0106,94.33804,Done,EntryTipCone,159.7022,1.34614,4.52693,12.60406,12.60406,1.0,12.60406,4.52693,0.0,0.0,0.0,0.60076,1.0,6,6,1,0.68732,0.90007,0.07079,0.90674,0.56619,0.05134,0.82,0.7,0.06,0.9,0.56,0.06,-4.90363,-0.97505,-0.11803,-66.56927,0.18479,64.352,double_rcm_log_20260616_135653_209.csv,94.33804,Unknown,Task4_EntryRCM_TipCone,0.0,4.5258987564533895,12.723808876329388,12.733739440453325,4.465672014154902,12.434491483833874,12.59917854465118,7.108889036520586,15.274989289202292,39.38461246288222,0.9101527304066922,2.945557188168394
43.46311,0.01137,87.9128,Done,EntryTipCone,159.8047,1.26023,4.57851,12.74156,12.74156,1.0,12.74156,4.57851,0.0,0.0,0.0,0.6005,1.0,6,6,1,0.68725,0.89989,0.07092,0.90697,0.56622,0.05133,0.82,0.7,0.06,0.9,0.56,0.06,-4.91307,-0.98591,-0.12114,-66.50982,0.18547,64.31832,double_rcm_log_20260616_135653_209.csv,87.9128,Unknown,Task4_EntryRCM_TipCone,0.0,4.579636076599206,12.874562414530775,12.884850824791565,4.521033037460436,12.596243273904488,12.745124558041756,7.008813428953033,16.77152264124821,132.61125234964783,0.8219053429990432,3.0639571526696896
43.49474,0.00998,100.2255,Done,EntryTipCone,159.9046,1.17638,4.62262,12.86056,12.86056,1.0,12.86056,4.62262,0.0,0.0,0.0,0.60025,1.0,6,6,1,0.68721,0.89973,0.07103,0.90719,0.56623,0.05135,0.82,0.7,0.06,0.9,0.56,0.06,-4.92078,-0.99836,-0.11941,-66.46011,0.18653,64.28756,double_rcm_log_20260616_135653_209.csv,100.2255,Unknown,Task4_EntryRCM_TipCone,0.0,4.622729989818824,12.99544898845854,13.00603049909874,4.564370974850345,12.725519484635823,12.858129724030626,6.77691526631309,15.921279909562616,93.35877429787784,0.7419955274612072,2.9344061320963437
43.52703,0.01035,96.62855,Done,EntryTipCone,160.0063,1.08987,4.66241,12.96946,12.96946,1.0,12.96946,4.66241,0.0,0.0,0.0,0.59999,1.0,6,6,1,0.68717,0.89958,0.07112,0.9074,0.56625,0.05137,0.82,0.7,0.06,0.9,0.56,0.06,-4.92735,-1.00945,-0.11926,-66.41624,0.18811,64.25552,double_rcm_log_20260616_135653_209.csv,96.62855,Unknown,Task4_EntryRCM_TipCone,0.0,4.663223069156159,13.10903303349193,13.119894977355782,4.607670617435695,12.853756409943088,12.973025861378645,6.386280329557869,15.628028641296599,124.21723241270521,0.6693744807073154,2.8861606585429502
43.55982,0.01027,97.3385,Done,EntryTipCone,160.1104,1.00185,4.69686,13.06594,13.06594,1.0,13.06594,4.69686,0.0,0.0,0.0,0.59973,1.0,6,6,1,0.68715,0.89944,0.0712,0.9076,0.56626,0.05141,0.82,0.7,0.06,0.9,0.56,0.06,-4.9326,-1.01907,-0.12079,-66.37948,0.19069,64.22215,double_rcm_log_20260616_135653_209.csv,97.3385,Unknown,Task4_EntryRCM_TipCone,0.0,4.697079065051122,13.20399487909373,13.215095057859164,4.6430118475184585,12.96013063799299,13.066587159621989,6.278109415732255,16.675926206893543,36.37652277244104,0.598774190013974,2.742422020732844
43.59236,0.0109,91.71766,Done,EntryTipCone,160.2132,0.91349,4.72543,13.14794,13.14794,1.0,13.14794,4.72543,0.0,0.0,0.0,0.59947,1.0,6,6,1,0.68714,0.8993,0.07125,0.9078,0.56626,0.05146,0.82,0.7,0.06,0.9,0.56,0.06,-4.93626,-1.02932,-0.11946,-66.34949,0.19102,64.19032,double_rcm_log_20260616_135653_209.csv,91.71766,Unknown,Task4_EntryRCM_TipCone,0.0,4.7259758116121215,13.285043003366969,13.296349253596345,4.674992251448012,13.05790865573574,13.151395363230458,6.11027463189662,16.507919567919966,89.43065485763377,0.5403503560999362,2.794851716114159
43.62456,0.01059,94.40759,Done,EntryTipCone,160.3151,0.8257,4.74793,13.21502,13.21502,1.0,13.21502,4.74793,0.0,0.0,0.0,0.59922,1.0,6,6,1,0.68715,0.89918,0.07129,0.90798,0.56625,0.05152,0.82,0.7,0.06,0.9,0.56,0.06,-4.93822,-1.03748,-0.1201,-66.32597,0.18878,64.15803,double_rcm_log_20260616_135653_209.csv,94.40759,Unknown,Task4_EntryRCM_TipCone,0.0,4.747512027271349,13.345444488547775,13.356905967028565,4.699218641471566,13.133934673204346,13.21564603036868,5.9614211532292405,17.88565093882029,36.78212243774088,0.48390215077987203,3.1361769070159835
43.65723,0.01097,91.16762,Done,EntryTipCone,160.4185,0.73622,4.76477,13.26871,13.26871,1.0,13.26871,4.76473,0.0,0.0,0.0,0.59896,1.0,6,6,1,0.68717,0.89907,0.07131,0.90816,0.56624,0.0516,0.82,0.7,0.06,0.9,0.56,0.06,-4.93885,-1.0465,-0.11809,-66.31067,0.18817,64.12643,double_rcm_log_20260616_135653_209.csv,91.16762,Unknown,Task4_EntryRCM_TipCone,0.0,4.764127930539928,13.392044945659336,13.403627153675748,4.719438013649371,13.19879155307548,13.269634508907846,5.93998073454952,15.978400051137635,49.878647887462776,0.43585857227753,3.0670759506980527
43.68872,0.01021,97.91297,Done,EntryTipCone,160.5179,0.64975,4.77537,13.30675,13.30675,1.0,13.30675,4.77537,0.0,0.0,0.0,0.59871,1.0,6,6,1,0.6872,0.89897,0.07132,0.90832,0.56622,0.05169,0.82,0.7,0.06,0.9,0.56,0.06,-4.9382,-1.05301,-0.11879,-66.30394,0.18978,64.09499,double_rcm_log_20260616_135653_209.csv,97.91297,Unknown,Task4_EntryRCM_TipCone,0.0,4.774993924609068,13.422518773397899,13.434180389179113,4.73192475107743,13.24188047301203,13.302890663310682,5.874766153363806,14.801557379320837,40.13037629104193,0.4191642789842991,2.814025676729809
43.72094,0.00943,106.0284,Done,EntryTipCone,160.6188,0.56117,4.78057,13.33177,13.33177,1.0,13.33177,4.78057,0.0,0.0,0.0,0.59846,1.0,6,6,1,0.68724,0.89888,0.0713,0.90848,0.5662,0.05179,0.82,0.7,0.06,0.9,0.56,0.06,-4.93578,-1.05823,-0.12026,-66.30215,0.18657,64.06279,double_rcm_log_20260616_135653_209.csv,106.0284,Unknown,Task4_EntryRCM_TipCone,0.0,4.780996103047245,13.439351757319837,13.451057391652899,4.742809747685695,13.28050746250071,13.332460388090361,5.9394581723205535,15.684498029405026,87.77734158958255,0.4150880426005552,2.9974092473914347
43.75327,0.01042,95.98139,Done,EntryTipCone,160.7199,0.47222,4.77979,13.34234,13.34234,1.0,13.34234,4.77979,0.0,0.0,0.0,0.5982,1.0,6,6,1,0.6873,0.8988,0.07126,0.90863,0.56617,0.05191,0.82,0.7,0.06,0.9,0.56,0.06,-4.93173,-1.06318,-0.1206,-66.3073,0.18144,64.03113,double_rcm_log_20260616_135653_209.csv,95.98139,Unknown,Task4_EntryRCM_TipCone,0.0,4.779609680304914,13.43546357682199,13.447159033643155,4.7460716639026055,13.298024491803837,13.341435455002554,5.8986770701798825,16.959527801956654,77.59848789608382,0.42340064746961753,3.321819612992391
43.78586,0.01073,93.20893,Done,EntryTipCone,160.8206,0.38264,4.77311,13.33858,13.33858,1.0,13.33858,4.77311,0.0,0.0,0.0,0.59795,1.0,6,6,1,0.68738,0.89873,0.07121,0.90877,0.56613,0.05203,0.82,0.7,0.06,0.9,0.56,0.06,-4.92657,-1.06902,-0.11825,-66.32301,0.18197,64.00055,double_rcm_log_20260616_135653_209.csv,93.20893,Unknown,Task4_EntryRCM_TipCone,0.0,4.773329211897867,13.417850095308657,13.429499522051554,4.746070239079182,13.30667073891304,13.34206505755382,5.804717174429063,19.299193927627773,105.71641306066833,0.4607249292627625,2.904106425216003
43.8181,0.01036,96.56837,Done,EntryTipCone,160.9199,0.29443,4.76049,13.32018,13.32018,1.0,13.32018,4.76053,0.0,0.0,0.0,0.5977,1.0,6,6,1,0.68747,0.89867,0.07114,0.90889,0.56609,0.05217,0.82,0.7,0.06,0.9,0.56,0.06,-4.91959,-1.07262,-0.1179,-66.34369,0.17702,63.96981,double_rcm_log_20260616_135653_209.csv,96.56837,Unknown,Task4_EntryRCM_TipCone,0.0,4.760361877277483,13.381482885752249,13.393037656087158,4.737858380086762,13.2913543906729,13.320251499127117,6.10721600409746,17.334571772702432,91.08186229472896,0.5100673447102949,2.858200049083025
43.85046,0.01022,97.85627,Done,EntryTipCone,161.0181,0.20594,4.74198,13.28722,13.28722,1.0,13.28722,4.74198,0.0,0.0,0.0,0.59746,1.0,6,6,1,0.68757,0.89862,0.07105,0.90901,0.56604,0.05233,0.82,0.7,0.06,0.9,0.56,0.06,-4.91108,-1.0754,-0.1174,-66.37187,0.17147,63.93941,double_rcm_log_20260616_135653_209.csv,97.85627,Unknown,Task4_EntryRCM_TipCone,0.0,4.741983888975103,13.329940190943482,13.341361689220001,4.724568971865409,13.262411545416569,13.284976477209076,6.293293710948004,15.350216207619086,94.50697255412871,0.5675844571327792,2.921331656586792
43.88312,0.01162,86.08274,Done,EntryTipCone,161.1162,0.11732,4.7173,13.23963,13.23963,1.0,13.23963,4.7173,0.0,0.0,0.0,0.59721,1.0,6,6,1,0.68768,0.89859,0.07093,0.90912,0.56598,0.05249,0.82,0.7,0.06,0.9,0.56,0.06,-4.90076,-1.0783,-0.11494,-66.40688,0.16261,63.90995,double_rcm_log_20260616_135653_209.csv,86.08274,Unknown,Task4_EntryRCM_TipCone,0.0,4.717403928643604,13.261001373814741,13.272246231723642,4.708038360516941,13.224583227401215,13.241408535348498,6.382195709143945,17.404911123254717,51.22788529844143,0.6311000727571169,3.218407059199512
43.9151,0.0112,89.24845,Done,EntryTipCone,161.211,0.03123,4.68734,13.17871,13.17871,1.0,13.17871,4.68734,0.0,0.0,0.0,0.59697,1.0,6,6,1,0.68781,0.89857,0.07081,0.90921,0.56592,0.05267,0.82,0.7,0.06,0.9,0.56,0.06,-4.88888,-1.08047,-0.11182,-66.44675,0.14929,63.88184,double_rcm_log_20260616_135653_209.csv,89.24845,Unknown,Task4_EntryRCM_TipCone,0.0,4.686874977222553,13.175374169351048,13.186402182098337,4.683528072748438,13.163352974772788,13.175712504452957,6.66250932605148,16.17838865432479,118.91861595001012,0.698652856013158,4.988749991808768
43.94744,0.01121,89.18894,Done,EntryTipCone,161.3054,0.05525,4.65122,13.10308,13.10308,1.0,13.10308,4.65122,0.0,0.0,0.0,0.59674,1.0,6,6,1,0.68795,0.89856,0.07066,0.9093,0.56586,0.05286,0.82,0.7,0.06,0.9,0.56,0.06,-4.87476,-1.08375,-0.10458,-66.49091,0.12652,63.8556,double_rcm_log_20260616_135653_209.csv,89.18894,Unknown,Task4_EntryRCM_TipCone,0.0,4.651748980596935,13.076848606112394,13.08763059000717,4.65795220175299,13.099034374275869,13.107600848362726,6.889610900515839,18.446297831045605,38.27647140486915,0.797894516557458,11.525485126194367
43.97958,0.01058,94.50736,Done,EntryTipCone,161.3981,0.14043,4.60959,13.01391,13.01391,1.0,13.01391,4.60959,0.0,0.0,0.0,0.5965,1.0,6,6,1,0.6881,0.89856,0.07049,0.90937,0.56578,0.05306,0.82,0.7,0.06,0.9,0.56,0.06,-4.85791,-1.09134,-0.08682,-66.53455,0.08445,63.83442,double_rcm_log_20260616_135653_209.csv,94.50736,Unknown,Task4_EntryRCM_TipCone,0.0,4.609529529106248,12.958419978367717,12.968911123693077,4.623068310274833,13.008930719376472,13.01418072719134,7.162278252667809,17.964188298500968,257.8914647012202,1.1104479593510965,37.00489788089991
44.01152,0.01016,98.39303,Done,EntryTipCone,161.4885,0.22393,4.56257,12.91163,12.91163,1.0,12.91163,4.56257,0.0,0.0,0.0,0.59628,1.0,6,6,1,0.68827,0.89857,0.07031,0.90943,0.5657,0.05327,0.82,0.7,0.06,0.9,0.56,0.06,-4.83692,-1.11738,-0.03206,-66.57014,0.00208,63.82911,double_rcm_log_20260616_135653_209.csv,98.39303,Unknown,Task4_EntryRCM_TipCone,0.0,4.562395149113878,12.826196309737382,12.836368989285507,4.584787536786856,12.908705828000112,12.91153747622637,7.487890485169866,19.243689011839074,3781.9653535723396,2.6949764306180377,191.37554453490182
44.04379,0.01017,98.33228,Done,EntryTipCone,161.5785,0.30724,4.5095,12.79483,12.79483,1.0,12.79483,4.5095,0.0,0.0,0.0,0.59606,1.0,6,6,1,0.68845,0.89859,0.0701,0.90948,0.56562,0.0535,0.82,0.7,0.06,0.9,0.56,0.06,-4.80802,-1.24132,0.20418,-66.58877,-0.17063,63.897,double_rcm_log_20260616_135653_209.csv,98.33228,Unknown,Task4_EntryRCM_TipCone,0.0,4.5090856222716065,12.676639361311134,12.686459692141918,4.541395576151294,12.793505323465368,12.794717660034483,8.108376209944582,245.29960468667082,6880.16481242174,13.001347816882088,945.3582871766325
44.07615,0.01038,96.29708,Done,EntryTipCone,161.6599,0.37969,4.45549,12.67524,12.67524,1.0,12.67524,4.45549,0.0,0.0,0.0,0.59586,1.0,6,6,1,0.68859,0.8986,0.06983,0.90954,0.56555,0.05376,0.82,0.7,0.06,0.9,0.56,0.06,-4.7622,-2.02602,1.62702,-66.62386,-0.55575,64.42496,double_rcm_log_20260616_135653_209.csv,96.29708,Unknown,Task4_EntryRCM_TipCone,0.0,4.455915834837569,12.527463513026097,12.536940614945635,4.498221742044492,12.678500517987711,12.678789374384259,20.89898125535972,456.13668148338473,2888.505380120556,63.436551105894644,995.7154236869129
44.10852,0.01079,92.65667,Done,EntryTipCone,161.4644,0.19043,4.54489,12.87192,12.87192,1.0,12.87192,4.54489,0.0,0.0,0.0,0.59639,1.0,6,6,1,0.68731,0.89805,0.0682,0.91002,0.56606,0.05466,0.82,0.7,0.06,0.9,0.56,0.06,-4.69085,-5.96284,8.57056,-67.08858,-1.04431,66.70639,double_rcm_log_20260616_135653_209.csv,92.65667,Unknown,Task4_EntryRCM_TipCone,0.0,4.544206704277941,12.775170868540117,12.785222400951,4.570539307144594,12.866831777869791,12.870104894677432,34.59040537233347,61.06318976939812,12027.068952578058,77.0087433791194,498.98297147128824
44.14116,0.01102,90.78225,Done,EntryTipCone,161.2624,0.0149,4.66392,13.12948,13.12948,1.0,13.12948,4.66392,0.0,0.0,0.0,0.59685,1.0,6,6,1,0.68611,0.89755,0.06662,0.91046,0.56657,0.05554,0.82,0.7,0.06,0.9,0.56,0.06,-4.64631,-7.85804,11.86232,-67.41568,-1.13228,67.54312,double_rcm_log_20260616_135653_209.csv,90.78225,Unknown,Task4_EntryRCM_TipCone,0.0,4.6637899303215224,13.110623046125111,13.12148895050901,4.667484964846005,13.122619344534018,13.132711068168675,24.418204679599068,326.31342794119877,3337.1134829448806,30.86422280575505,992.0036629646138
44.17266,0.01072,93.25771,Done,EntryTipCone,161.2536,0.00743,4.6693,13.14095,13.14095,1.0,13.14095,4.6693,0.0,0.0,0.0,0.59687,1.0,6,6,1,0.68587,0.89742,0.06592,0.9106,0.56666,0.05601,0.82,0.7,0.06,0.9,0.56,0.06,-4.61598,-8.36443,12.74399,-67.57077,-1.17233,67.72602,double_rcm_log_20260616_135653_209.csv,93.25771,Unknown,Task4_EntryRCM_TipCone,0.0,4.669274624783897,13.126007229120416,13.136911503429536,4.669875316173517,13.128660427301153,13.139090531692016,15.376136170292543,174.91748141334065,4901.880897551882,12.55565617064567,317.99147384912544
44.20486,0.01036,96.53627,Done,EntryTipCone,161.2518,0.00566,4.67022,13.14279,13.14279,1.0,13.14279,4.67022,0.0,0.0,0.0,0.59687,1.0,6,6,1,0.68569,0.89732,0.06524,0.91072,0.56673,0.05647,0.82,0.7,0.06,0.9,0.56,0.06,-4.58421,-8.80379,13.50989,-67.72531,-1.21264,67.87384,double_rcm_log_20260616_135653_209.csv,96.53627,Unknown,Task4_EntryRCM_TipCone,0.0,4.669729919941739,13.127284294676102,13.13819175820001,4.6703859111093164,13.130000937371724,13.140479443307907,14.884980101245652,18.443436676750796,2540.2419651676314,11.06521608713972,37.30211854177108
44.23706,0.01042,95.97728,Done,EntryTipCone,161.2507,0.00488,4.67081,13.14428,13.14428,1.0,13.14428,4.67081,0.0,0.0,0.0,0.59688,1.0,6,6,1,0.68553,0.89723,0.06455,0.91083,0.5668,0.05693,0.82,0.7,0.06,0.9,0.56,0.06,-4.55124,-9.20623,14.21205,-67.88104,-1.25357,68.00153,double_rcm_log_20260616_135653_209.csv,95.97728,Unknown,Task4_EntryRCM_TipCone,0.0,4.6718332378826295,13.13318391813837,13.144106122881617,4.674273225476133,13.140471013686591,13.151190060218847,15.012648828102813,21.769997210819827,36.71607364279805,10.206937832229722,25.39608604979501
44.26937,0.01053,94.96303,Done,EntryTipCone,161.25,0.00414,4.67127,13.14513,13.14513,1.0,13.14513,4.67127,0.0,0.0,0.0,0.59688,1.0,6,6,1,0.68539,0.89715,0.06385,0.91092,0.56685,0.05741,0.82,0.7,0.06,0.9,0.56,0.06,-4.51692,-9.5791,14.86347,-68.03918,-1.29563,68.11352,double_rcm_log_20260616_135653_209.csv,94.96303,Unknown,Task4_EntryRCM_TipCone,0.0,4.672292454642217,13.134471978762063,13.145397403716144,4.673220039596608,13.13759848093064,13.148269848158625,14.950901486861325,19.589337532655495,157.01443217876155,9.483143136925467,21.79990154865316
44.30178,0.0106,94.3253,Done,EntryTipCone,161.2492,0.00346,4.67165,13.14586,13.14586,1.0,13.14586,4.67165,0.0,0.0,0.0,0.59688,1.0,6,6,1,0.68528,0.89709,0.06314,0.91099,0.56689,0.05788,0.82,0.7,0.06,0.9,0.56,0.06,-4.48131,-9.9259,15.47036,-68.19994,-1.33902,68.21242,double_rcm_log_20260616_135653_209.csv,94.3253,Unknown,Task4_EntryRCM_TipCone,0.0,4.670925243373311,13.130637074866948,13.141552914253117,4.671462167869871,13.132634687912088,13.143310085362746,14.825376387726147,13.051545716286705,79.09840518994366,8.855421344789166,19.438990632026048
44.33427,0.01005,99.51736,Done,EntryTipCone,161.2485,0.00283,4.67215,13.14691,13.14691,1.0,13.14691,4.67211,0.0,0.0,0.0,0.59688,1.0,6,6,1,0.68519,0.89703,0.06243,0.91105,0.56693,0.05836,0.82,0.7,0.06,0.9,0.56,0.06,-4.4444,-10.24944,16.03777,-68.36353,-1.38391,68.30029,double_rcm_log_20260616_135653_209.csv,99.51736,Unknown,Task4_EntryRCM_TipCone,0.0,4.672149334022897,13.134070538725789,13.144994959993264,4.67248371329723,13.135113773628074,13.14598798112945,14.879877942219023,15.329075884761787,125.53323012793574,8.284816862944346,18.06829702689451
44.36689,0.0101,98.99351,Done,EntryTipCone,161.248,0.00258,4.67232,13.14734,13.14734,1.0,13.14734,4.67232,0.0,0.0,0.0,0.59688,1.0,6,6,1,0.68512,0.897,0.06172,0.9111,0.56696,0.05884,0.82,0.7,0.06,0.9,0.56,0.06,-4.40621,-10.55082,16.56774,-68.53022,-1.43033,68.37847,double_rcm_log_20260616_135653_209.csv,98.99351,Unknown,Task4_EntryRCM_TipCone,0.0,4.672956402054772,13.136334288478306,13.14726437041467,4.6749303830770605,13.141920946111561,13.152839997506224,14.814952199383592,20.28561959310612,88.64273463090102,7.746983078720428,16.49981801662906
44.39935,0.01143,87.48638,Done,EntryTipCone,161.248,0.00255,4.67236,13.14743,13.14743,1.0,13.14743,4.67236,0.0,0.0,0.0,0.59688,1.0,6,6,1,0.68508,0.89697,0.061,0.91113,0.56697,0.05932,0.82,0.7,0.06,0.9,0.56,0.06,-4.36714,-10.82884,17.05822,-68.69836,-1.47796,68.44759,double_rcm_log_20260616_135653_209.csv,87.48638,Unknown,Task4_EntryRCM_TipCone,0.0,4.67244928338476,13.134911868715912,13.145838393560659,4.673802253619066,13.13924251416923,13.149912547237657,14.839923437428757,18.462003662813526,74.42605015670277,7.283049704310647,14.84074326515047
44.43098,0.01096,91.27955,Done,EntryTipCone,161.2476,0.00211,4.67265,13.14802,13.14802,1.0,13.14802,4.67265,0.0,0.0,0.0,0.59688,1.0,6,6,1,0.68506,0.89696,0.06031,0.91114,0.56698,0.05979,0.82,0.7,0.06,0.9,0.56,0.06,-4.328,-11.08243,17.50712,-68.8649,-1.52573,68.50838,double_rcm_log_20260616_135653_209.csv,91.27955,Unknown,Task4_EntryRCM_TipCone,0.0,4.672018732469985,13.133704213435816,13.144627718865172,4.673100573573265,13.136956971138206,13.147779280167361,15.00549394835639,16.355658374321052,129.80955831007452,6.870802888839149,14.08435172261918
44.46332,0.01093,91.49556,Done,EntryTipCone,161.2473,0.00196,4.6729,13.14851,13.14851,1.0,13.14851,4.6729,0.0,0.0,0.0,0.59688,1.0,6,6,1,0.68506,0.89696,0.05959,0.91114,0.56698,0.06028,0.82,0.7,0.06,0.9,0.56,0.06,-4.28703,-11.32309,17.93494,-69.03743,-1.57593,68.56419,double_rcm_log_20260616_135653_209.csv,91.49556,Unknown,Task4_EntryRCM_TipCone,0.0,4.672469384883991,13.134968251533943,13.14589491736221,4.673562880195832,13.138262383646351,13.149083618260178,14.929247434158025,17.866405738840562,62.71105985096345,6.463598280454723,13.540816527885605
44.49529,0.01045,95.67484,Done,EntryTipCone,161.247,0.00157,4.67315,13.1491,13.1491,1.0,13.1491,4.67315,0.0,0.0,0.0,0.59688,1.0,6,6,1,0.68508,0.89697,0.05889,0.91112,0.56697,0.06075,0.82,0.7,0.06,0.9,0.56,0.06,-4.24559,-11.54413,18.32977,-69.2103,-1.62691,68.61404,double_rcm_log_20260616_135653_209.csv,95.67484,Unknown,Task4_EntryRCM_TipCone,0.0,4.672665372202477,13.13551797747651,13.146446017942276,4.672224870320706,13.13438288790735,13.14525770002244,14.796740925344638,14.026768624519406,76.10473161065754,6.087762522291391,12.887514221091948
44.52764,0.01047,95.52466,Done,EntryTipCone,161.2469,0.00161,4.67332,13.14962,13.14962,1.0,13.14962,4.67332,0.0,0.0,0.0,0.59688,1.0,6,6,1,0.68512,0.897,0.05818,0.91109,0.56695,0.06123,0.82,0.7,0.06,0.9,0.56,0.06,-4.20278,-11.75079,18.70103,-69.38736,-1.67982,68.65962,double_rcm_log_20260616_135653_209.csv,95.52466,Unknown,Task4_EntryRCM_TipCone,0.0,4.673181371555918,13.136965306258139,13.147896966449142,4.672265589185469,13.134700605647524,13.14547450646028,14.885339976332592,15.858156457398334,84.27015161473027,5.730221297442516,12.361561979420996
44.56001,0.00983,101.7408,Done,EntryTipCone,161.2466,0.00132,4.67353,13.14997,13.14997,1.0,13.14997,4.67353,0.0,0.0,0.0,0.59688,1.0,6,6,1,0.68519,0.89704,0.05747,0.91105,0.56693,0.06171,0.82,0.7,0.06,0.9,0.56,0.06,-4.1591,-11.94178,19.04636,-69.56672,-1.73401,68.7011,double_rcm_log_20260616_135653_209.csv,101.7408,Unknown,Task4_EntryRCM_TipCone,0.0,4.674439762572026,13.14049496810472,13.151435459232902,4.675643925943044,13.144037197381707,13.154904028536277,14.921879161640257,19.337314498765476,67.33427254633786,5.391465197937563,11.930832363307045
44.59252,0.01046,95.57129,Done,EntryTipCone,161.2466,0.00115,4.67357,13.1501,13.1501,1.0,13.1501,4.67357,0.0,0.0,0.0,0.59688,1.0,6,6,1,0.68528,0.89709,0.05676,0.91098,0.56689,0.06219,0.82,0.7,0.06,0.9,0.56,0.06,-4.11448,-12.11747,19.36648,-69.74866,-1.78959,68.73894,double_rcm_log_20260616_135653_209.csv,95.57129,Unknown,Task4_EntryRCM_TipCone,0.0,4.673741613541571,13.138536730180634,13.149472321362238,4.672640090523441,13.135555330710352,13.146429172973136,14.81985617472753,16.597495644878077,25.92013589369431,5.069082743539885,11.52143179528936
44.62503,0.01056,94.7371,Done,EntryTipCone,161.2463,0.00103,4.6737,13.15014,13.15014,1.0,13.15014,4.6737,0.0,0.0,0.0,0.59689,1.0,6,6,1,0.6854,0.89716,0.05606,0.91091,0.56685,0.06266,0.82,0.7,0.06,0.9,0.56,0.06,-4.06913,-12.27817,19.6619,-69.93249,-1.84629,68.77354,double_rcm_log_20260616_135653_209.csv,94.7371,Unknown,Task4_EntryRCM_TipCone,0.0,4.673754105256371,13.138571768203402,13.149507447045055,4.675303077991195,13.143074748556836,13.153942374816694,14.877542831709416,18.50289856728764,57.69309646886478,4.765768874340058,11.127834155883779
44.65837,0.01165,85.86339,Done,EntryTipCone,161.2464,0.00103,4.67374,13.15032,13.15032,1.0,13.15032,4.67374,0.0,0.0,0.0,0.59689,1.0,6,6,1,0.68554,0.89724,0.05534,0.91081,0.56679,0.06315,0.82,0.7,0.06,0.9,0.56,0.06,-4.02196,-12.42725,19.93893,-70.1226,-1.90542,68.80599,double_rcm_log_20260616_135653_209.csv,85.86339,Unknown,Task4_EntryRCM_TipCone,0.0,4.673237443103989,13.137122581517682,13.148054635097644,4.673333179993809,13.137715174260682,13.14848660492907,14.952128042449317,15.823410374441263,102.89813100120841,4.47305967101993,10.703130661133546
44.69057,0.01142,87.57515,Done,EntryTipCone,161.2462,0.00103,4.67387,13.15079,13.15079,1.0,13.15079,4.67387,0.0,0.0,0.0,0.59689,1.0,6,6,1,0.6857,0.89733,0.05466,0.9107,0.56673,0.06361,0.82,0.7,0.06,0.9,0.56,0.06,-3.97582,-12.55719,20.1834,-70.30766,-1.96344,68.83489,double_rcm_log_20260616_135653_209.csv,87.57515,Unknown,Task4_EntryRCM_TipCone,0.0,4.672531652905573,13.135142907477935,13.146070010036238,4.6724567511680215,13.135037641596286,13.14591191207355,14.759623178104253,13.638579321849143,101.14517174460867,4.2122828612914,10.492844426534107
44.72166,0.01062,94.14809,Done,EntryTipCone,161.246,0.00073,4.67403,13.151,13.151,1.0,13.151,4.67403,0.0,0.0,0.0,0.59689,1.0,6,6,1,0.68587,0.89743,0.054,0.91059,0.56667,0.06405,0.82,0.7,0.06,0.9,0.56,0.06,-3.93077,-12.66964,20.39809,-70.48763,-2.02023,68.86079,double_rcm_log_20260616_135653_209.csv,94.14809,Unknown,Task4_EntryRCM_TipCone,0.0,4.674275086500027,13.140033068434924,13.150972403655164,4.6755182969155165,13.143479576756466,13.15444791695946,14.835490133295739,20.02358125950562,72.3861205388217,3.9679623772463364,10.459557481530323
44.75421,0.01059,94.39894,Done,EntryTipCone,161.2459,0.00055,4.67416,13.15108,13.15108,1.0,13.15108,4.67416,0.0,0.0,0.0,0.59689,1.0,6,6,1,0.68607,0.89754,0.05333,0.91045,0.56659,0.06451,0.82,0.7,0.06,0.9,0.56,0.06,-3.88318,-12.77347,20.59998,-70.67691,-2.08032,68.88588,double_rcm_log_20260616_135653_209.csv,94.39894,Unknown,Task4_EntryRCM_TipCone,0.0,4.674291673703056,13.140079593860984,13.151019045507937,4.674591292932946,13.140862048762784,13.151832571926962,14.854312533280819,17.380380158768286,127.40370370412205,3.7257355667021788,10.26160071464561
44.78633,0.01083,92.33475,Done,EntryTipCone,161.2458,0.00056,4.67424,13.15143,13.15143,1.0,13.15143,4.67424,0.0,0.0,0.0,0.59689,1.0,6,6,1,0.68629,0.89767,0.05267,0.9103,0.5665,0.06495,0.82,0.7,0.06,0.9,0.56,0.06,-3.83584,-12.86244,20.77707,-70.86458,-2.14019,68.90891,double_rcm_log_20260616_135653_209.csv,92.33475,Unknown,Task4_EntryRCM_TipCone,0.0,4.673403682458451,13.137588866726004,13.148522086669574,4.672809417817675,13.136134837216659,13.146957823009808,14.812456927925851,12.829695638460445,59.01992753280901,3.5065771587989096,10.052645329941734
44.81898,0.01064,93.99841,Done,EntryTipCone,161.2457,0.00058,4.67437,13.15182,13.15182,1.0,13.15182,4.67437,0.0,0.0,0.0,0.59689,1.0,6,6,1,0.68654,0.89781,0.052,0.91014,0.56641,0.0654,0.82,0.7,0.06,0.9,0.56,0.06,-3.78743,-12.93943,20.93496,-71.05584,-2.20146,68.93073,double_rcm_log_20260616_135653_209.csv,93.99841,Unknown,Task4_EntryRCM_TipCone,0.0,4.674760107675433,13.141393503298557,13.152336243252677,4.675862163129693,13.144653431952912,13.155519754080318,14.944324685547105,19.48691472172642,147.85827141001045,3.3017726199598254,9.962553355625356
44.85134,0.0106,94.35962,Done,EntryTipCone,161.2457,0.00046,4.67445,13.15196,13.15196,1.0,13.15196,4.67445,0.0,0.0,0.0,0.59689,1.0,6,6,1,0.6868,0.89796,0.05136,0.90996,0.56631,0.06584,0.82,0.7,0.06,0.9,0.56,0.06,-3.7392,-13.00243,21.06958,-71.24584,-2.26252,68.95093,double_rcm_log_20260616_135653_209.csv,94.35962,Unknown,Task4_EntryRCM_TipCone,0.0,4.675404018013109,13.1431996045806,13.154146865724309,4.676647156696359,13.146667082748147,13.157632765813098,14.869556130948592,20.71597368381563,100.88793428350205,3.1174964446253743,9.859537263970573
44.88377,0.01158,86.33479,Done,EntryTipCone,161.2456,0.00032,4.67445,13.15177,13.15177,1.0,13.15177,4.67445,0.0,0.0,0.0,0.59689,1.0,6,6,1,0.68709,0.89812,0.05073,0.90976,0.5662,0.06626,0.82,0.7,0.06,0.9,0.56,0.06,-3.69071,-13.0523,21.1827,-71.43631,-2.32391,68.96986,double_rcm_log_20260616_135653_209.csv,86.33479,Unknown,Task4_EntryRCM_TipCone,0.0,4.673623249753393,13.138204731447177,13.149139492039712,4.673492685019065,13.137455789283715,13.14858167256072,14.808458117647088,14.001969106313535,89.19964915035847,2.956112167875039,9.718309744243975
44.91606,0.01157,86.41096,Done,EntryTipCone,161.2455,0.00026,4.67458,13.15217,13.15217,1.0,13.15217,4.67458,0.0,0.0,0.0,0.59689,1.0,6,6,1,0.68739,0.89829,0.05011,0.90956,0.56608,0.06668,0.82,0.7,0.06,0.9,0.56,0.06,-3.64233,-13.08917,21.27429,-71.62595,-2.38512,68.98751,double_rcm_log_20260616_135653_209.csv,86.41096,Unknown,Task4_EntryRCM_TipCone,0.0,4.674882396526842,13.141736510889212,13.152680109393858,4.674730962777274,13.141357850459986,13.152277369337982,14.926973570879017,15.961454885603084,83.65971060164888,2.8200943313704485,9.644553716063522
44.94813,0.0114,87.72546,Done,EntryTipCone,161.2455,0.00026,4.67466,13.15228,13.15228,1.0,13.15228,4.67466,0.0,0.0,0.0,0.59689,1.0,6,6,1,0.68771,0.89848,0.04951,0.90934,0.56596,0.06709,0.82,0.7,0.06,0.9,0.56,0.06,-3.59427,-13.11312,21.34434,-71.8139,-2.4458,69.00388,double_rcm_log_20260616_135653_209.csv,87.72546,Unknown,Task4_EntryRCM_TipCone,0.0,4.674685802073076,13.141185083733575,13.152127302034526,4.6753807192000725,13.142786790303818,13.153908164496203,14.969599906975967,18.188993972202947,120.77672946237672,2.7109360016497086,9.616637560719111
44.98035,0.01107,90.36451,Done,EntryTipCone,161.2454,0.0002,4.67479,13.15261,13.15261,1.0,13.15261,4.67475,0.0,0.0,0.0,0.59689,1.0,6,6,1,0.68805,0.89867,0.04892,0.90911,0.56582,0.06749,0.82,0.7,0.06,0.9,0.56,0.06,-3.54602,-13.12459,21.39397,-72.00225,-2.50661,69.01928,double_rcm_log_20260616_135653_209.csv,90.36451,Unknown,Task4_EntryRCM_TipCone,0.0,4.674774550291352,13.141434013346801,13.152376854695465,4.674455013875385,13.140781501171713,13.151600663037115,14.83966785056787,17.898195456549786,101.04873049695207,2.6301745119546585,9.60098186567174
45.01289,0.01108,90.2206,Done,EntryTipCone,161.2452,0.00015,4.67487,13.15277,13.15277,1.0,13.15277,4.67487,0.0,0.0,0.0,0.59689,1.0,6,6,1,0.68842,0.89888,0.04834,0.90887,0.56568,0.06788,0.82,0.7,0.06,0.9,0.56,0.06,-3.49744,-13.12334,21.42287,-72.19159,-2.56764,69.03368,double_rcm_log_20260616_135653_209.csv,90.2206,Unknown,Task4_EntryRCM_TipCone,0.0,4.67426545124889,13.140006042529958,13.150945310120479,4.675349763632125,13.143510887945283,13.154227457361294,14.734741952686917,16.94043387260064,91.15462876852452,2.580126249901768,9.598152867732827
45.04495,0.01037,96.44028,Done,EntryTipCone,161.2452,9e-05,4.67496,13.15294,13.15294,1.0,13.15294,4.67496,0.0,0.0,0.0,0.59689,1.0,6,6,1,0.68879,0.8991,0.04778,0.90861,0.56554,0.06825,0.82,0.7,0.06,0.9,0.56,0.06,-3.44975,-13.10958,21.4306,-72.37716,-2.62731,69.04677,double_rcm_log_20260616_135653_209.csv,96.44028,Unknown,Task4_EntryRCM_TipCone,0.0,4.6739868961613835,13.139224723520853,13.150162036047412,4.673470424445704,13.13759572899325,13.14861969942093,14.771185741607068,15.479925823668045,101.50005757426945,2.5636181903706383,9.578955699511821
45.07719,0.0106,94.33533,Done,EntryTipCone,161.2452,0.00013,4.67504,13.15306,13.15306,1.0,13.15306,4.67504,0.0,0.0,0.0,0.59689,1.0,6,6,1,0.68919,0.89932,0.04723,0.90835,0.56539,0.06862,0.82,0.7,0.06,0.9,0.56,0.06,-3.40209,-13.08319,21.41751,-72.5624,-2.68669,69.05876,double_rcm_log_20260616_135653_209.csv,94.33533,Unknown,Task4_EntryRCM_TipCone,0.0,4.675593306599168,13.143730538989738,13.154679129452143,4.676050431251087,13.144982137097552,13.15594922459031,14.897589938740412,17.965514020561784,65.73851918383797,2.57991393809521,9.57820478695633
45.10973,0.01079,92.65168,Done,EntryTipCone,161.2451,0.0002,4.67517,13.15331,13.15331,1.0,13.15331,4.67517,0.0,0.0,0.0,0.59689,1.0,6,6,1,0.6896,0.89956,0.0467,0.90806,0.56523,0.06898,0.82,0.7,0.06,0.9,0.56,0.06,-3.35433,-13.04396,21.38335,-72.74783,-2.74582,69.06966,double_rcm_log_20260616_135653_209.csv,92.65168,Unknown,Task4_EntryRCM_TipCone,0.0,4.675234909575647,13.142725273226773,13.153671346862204,4.674476853960435,13.140133238991925,13.151307919746952,14.866985588264722,16.867217072286078,79.86785268949595,2.6308400058766597,9.61329889616653
45.14183,0.01072,93.31858,Done,EntryTipCone,161.2451,8e-05,4.67525,13.15372,13.15372,1.0,13.15372,4.67525,0.0,0.0,0.0,0.59689,1.0,6,6,1,0.69003,0.8998,0.04619,0.90778,0.56506,0.06932,0.82,0.7,0.06,0.9,0.56,0.06,-3.30762,-12.99266,21.32864,-72.92906,-2.80325,69.07907,double_rcm_log_20260616_135653_209.csv,93.31858,Unknown,Task4_EntryRCM_TipCone,0.0,4.675719476137153,13.144084431083357,13.155033907657074,4.67485655223698,13.141915326981005,13.152733556185186,14.889866255192578,15.777064193938637,45.81343989057168,2.712093245005797,9.648347591157384
45.17435,0.0108,92.58434,Done,EntryTipCone,161.2449,0.00021,4.67533,13.15379,13.15379,1.0,13.15379,4.67533,0.0,0.0,0.0,0.59689,1.0,6,6,1,0.69048,0.90006,0.0457,0.90747,0.56489,0.06966,0.82,0.7,0.06,0.9,0.56,0.06,-3.2608,-12.92812,21.25219,-73.11057,-2.86033,69.08722,double_rcm_log_20260616_135653_209.csv,92.58434,Unknown,Task4_EntryRCM_TipCone,0.0,4.67512915850157,13.142428652545227,13.153373983622226,4.6754073103890565,13.142963311802399,13.154033601903228,14.90420090402007,16.59636505160673,64.03356952267559,2.8231710494147486,9.734038181698812
45.20697,0.01103,90.63136,Done,EntryTipCone,161.2449,0.00024,4.67542,13.15397,13.15397,1.0,13.15397,4.67542,0.0,0.0,0.0,0.59689,1.0,6,6,1,0.69094,0.90033,0.04522,0.90716,0.56471,0.06998,0.82,0.7,0.06,0.9,0.56,0.06,-3.21442,-12.85049,21.15387,-73.29031,-2.91632,69.09379,double_rcm_log_20260616_135653_209.csv,90.63136,Unknown,Task4_EntryRCM_TipCone,0.0,4.67576544495461,13.144213368696287,13.15516316812925,4.675661103573349,13.143882812343334,13.154850816333843,14.779367923932973,18.384738616436973,48.98345420917502,2.9643633391300774,9.80460818077308
45.23849,0.01031,97.01709,Done,EntryTipCone,161.2447,0.00047,4.67546,13.15399,13.15399,1.0,13.15399,4.67546,0.0,0.0,0.0,0.59689,1.0,6,6,1,0.69141,0.90059,0.04478,0.90685,0.56453,0.07028,0.82,0.7,0.06,0.9,0.56,0.06,-3.17019,-12.76311,21.03808,-73.46169,-2.9691,69.09845,double_rcm_log_20260616_135653_209.csv,97.01709,Unknown,Task4_EntryRCM_TipCone,0.0,4.675807479776287,13.144331271864706,13.155281366532439,4.676590892453985,13.14671114180857,13.157575764554789,14.878456166941028,17.69313505887212,68.24285671733111,3.122457612045364,9.862383466076313
45.27099,0.01083,92.33221,Done,EntryTipCone,161.2447,0.00037,4.67563,13.1544,13.1544,1.0,13.1544,4.67563,0.0,0.0,0.0,0.59689,1.0,6,6,1,0.6919,0.90087,0.04434,0.90651,0.56434,0.07057,0.82,0.7,0.06,0.9,0.56,0.06,-3.12532,-12.66049,20.89754,-73.63557,-3.02191,69.10139,double_rcm_log_20260616_135653_209.csv,92.33221,Unknown,Task4_EntryRCM_TipCone,0.0,4.67564431624225,13.143873615604281,13.154822564310482,4.6742036100339215,13.139665959926873,13.150688194919658,14.8572291932652,14.18162803802954,34.73822072893541,3.3069282554565955,9.992559077707797
45.30298,0.01033,96.79125,Done,EntryTipCone,161.2447,0.00047,4.67571,13.15459,13.15459,1.0,13.15459,4.67571,0.0,0.0,0.0,0.59689,1.0,6,6,1,0.6924,0.90116,0.04394,0.90618,0.56415,0.07085,0.82,0.7,0.06,0.9,0.56,0.06,-3.08191,-12.54671,20.73755,-73.80382,-3.07218,69.10213,double_rcm_log_20260616_135653_209.csv,96.79125,Unknown,Task4_EntryRCM_TipCone,0.0,4.675399858335759,13.143187937125175,13.154135169057636,4.676837068853649,13.147203329401078,13.158168565571707,14.882541286349804,17.66539850060909,73.47638747536708,3.509402394014735,10.122281023093963
45.3358,0.01076,92.96358,Done,EntryTipCone,161.2444,0.00064,4.67579,13.15474,13.15474,1.0,13.15474,4.67579,0.0,0.0,0.0,0.59689,1.0,6,6,1,0.69292,0.90146,0.04354,0.90582,0.56395,0.07112,0.82,0.7,0.06,0.9,0.56,0.06,-3.03822,-12.41689,20.55119,-73.97321,-3.12181,69.10056,double_rcm_log_20260616_135653_209.csv,92.96358,Unknown,Task4_EntryRCM_TipCone,0.0,4.676015208437424,13.144913928385558,13.155865482128473,4.676799601873635,13.14669165754108,13.157860768377152,14.977760608581756,18.290922579793403,89.9527567329739,3.734465824239403,10.297318369155944
45.36829,0.01067,93.73698,Done,EntryTipCone,161.2446,0.0005,4.67592,13.15516,13.15516,1.0,13.15516,4.67592,0.0,0.0,0.0,0.59689,1.0,6,6,1,0.69345,0.90176,0.04317,0.90546,0.56374,0.07137,0.82,0.7,0.06,0.9,0.56,0.06,-2.99593,-12.27506,20.34399,-74.13737,-3.16875,69.09625,double_rcm_log_20260616_135653_209.csv,93.73698,Unknown,Task4_EntryRCM_TipCone,0.0,4.675880377036681,13.144535740848312,13.15548634752772,4.676029326487452,13.144821091915313,13.15583900783223,14.879392864259714,15.718020753057019,62.01283191690668,3.9762321396907896,10.410239828557753
45.40129,0.01068,93.60226,Done,EntryTipCone,161.2442,0.00075,4.67605,13.15532,13.15532,1.0,13.15532,4.67605,0.0,0.0,0.0,0.59689,1.0,6,6,1,0.694,0.90207,0.04282,0.90509,0.56353,0.07161,0.82,0.7,0.06,0.9,0.56,0.06,-2.95397,-12.11724,20.10999,-74.30042,-3.21408,69.08886,double_rcm_log_20260616_135653_209.csv,93.60226,Unknown,Task4_EntryRCM_TipCone,0.0,4.676243001701529,13.145552863758033,13.15650601765782,4.677192172841846,13.148003065689604,13.159069116012674,14.825489400447465,17.900398931802243,63.96130249060953,4.232790060289399,10.650884405455
45.43547,0.01248,80.13142,Done,EntryTipCone,161.2441,0.00098,4.6763,13.15588,13.15588,1.0,13.15588,4.6763,0.0,0.0,0.0,0.59689,1.0,6,6,1,0.69458,0.90241,0.04247,0.9047,0.5633,0.07184,0.82,0.7,0.06,0.9,0.56,0.06,-2.91168,-11.93955,19.84314,-74.465,-3.25828,69.07766,double_rcm_log_20260616_135653_209.csv,80.13142,Unknown,Task4_EntryRCM_TipCone,0.0,4.677267251099718,13.14842576954123,13.159386120309613,4.677162696868892,13.14842722387501,13.15924009964098,14.800328232715982,18.266566804639034,98.67925172009316,4.5227540543692655,11.02800525275504
45.46674,0.01167,85.7246,Done,EntryTipCone,161.2439,0.0011,4.67634,13.15594,13.15594,1.0,13.15594,4.67634,0.0,0.0,0.0,0.59689,1.0,6,6,1,0.69513,0.90272,0.04219,0.90433,0.5631,0.07203,0.82,0.7,0.06,0.9,0.56,0.06,-2.87409,-11.76287,19.5747,-74.61157,-3.29602,69.06366,double_rcm_log_20260616_135653_209.csv,85.7246,Unknown,Task4_EntryRCM_TipCone,0.0,4.675424691372829,13.143257591169107,13.154204997490385,4.676150604599361,13.14475771494533,13.155979629050792,14.766176391648862,15.106512609108076,75.9650483312555,4.802797417606464,11.321122121787655
45.49996,0.01251,79.96637,Done,EntryTipCone,161.2437,0.00128,4.67659,13.15657,13.15657,1.0,13.15657,4.67659,0.0,0.0,0.0,0.59689,1.0,6,6,1,0.69571,0.90305,0.0419,0.90394,0.56287,0.07222,0.82,0.7,0.06,0.9,0.56,0.06,-2.83539,-11.56143,19.26569,-74.76286,-3.3331,69.04465,double_rcm_log_20260616_135653_209.csv,79.96637,Unknown,Task4_EntryRCM_TipCone,0.0,4.67690300585679,13.147404102578378,13.158361893623596,4.676183791969307,13.145358701253256,13.156325474842866,14.901887791317286,14.984277836064386,152.7423652403276,5.118431729976595,11.764443735279258
45.53131,0.01137,87.91488,Done,EntryTipCone,161.2438,0.00121,4.67659,13.15661,13.15661,1.0,13.15661,4.67659,0.0,0.0,0.0,0.59689,1.0,6,6,1,0.69627,0.90337,0.04166,0.90356,0.56265,0.07239,0.82,0.7,0.06,0.9,0.56,0.06,-2.80008,-11.35664,18.9486,-74.90129,-3.36492,69.02207,double_rcm_log_20260616_135653_209.csv,87.91488,Unknown,Task4_EntryRCM_TipCone,0.0,4.6772017343344645,13.148242002418401,13.159201892740372,4.677754464544579,13.149996724187943,13.160858634602823,14.858345583255952,20.490566262092607,84.0694329206703,5.436948509576216,12.002427033661226
45.56343,0.01092,91.61037,Done,EntryTipCone,161.2434,0.00145,4.67667,13.15663,13.15663,1.0,13.15663,4.67667,0.0,0.0,0.0,0.59689,1.0,6,6,1,0.69685,0.9037,0.04143,0.90317,0.56243,0.07254,0.82,0.7,0.06,0.9,0.56,0.06,-2.76519,-11.13267,18.59903,-75.03857,-3.39416,68.99397,double_rcm_log_20260616_135653_209.csv,91.61037,Unknown,Task4_EntryRCM_TipCone,0.0,4.678030652300961,13.150567022375395,13.16153273921675,4.677752847087836,13.14978917643226,13.160752258134774,14.81182371708225,19.63946205081326,126.28881286529159,5.767986552118608,12.392003494452897
45.59609,0.01117,89.53173,Done,EntryTipCone,161.2432,0.00169,4.67688,13.15708,13.15708,1.0,13.15708,4.67688,0.0,0.0,0.0,0.59689,1.0,6,6,1,0.69745,0.90404,0.04123,0.90276,0.5622,0.07267,0.82,0.7,0.06,0.9,0.56,0.06,-2.73114,-10.88986,18.21716,-75.17321,-3.42007,68.95968,double_rcm_log_20260616_135653_209.csv,89.53173,Unknown,Task4_EntryRCM_TipCone,0.0,4.6763801625981065,13.145937585080048,13.156891702555749,4.674857915204106,13.14131061254487,13.15243323495694,14.953505632286404,14.392258282185393,125.56511425965694,6.133925392782975,13.069213374382818
45.62793,0.01048,95.40615,Done,EntryTipCone,161.2431,0.00173,4.67697,13.15739,13.15739,1.0,13.15739,4.67697,0.0,0.0,0.0,0.59689,1.0,6,6,1,0.69804,0.90438,0.04106,0.90236,0.56197,0.07279,0.82,0.7,0.06,0.9,0.56,0.06,-2.69937,-10.63711,17.81675,-75.29951,-3.44129,68.91977,double_rcm_log_20260616_135653_209.csv,95.40615,Unknown,Task4_EntryRCM_TipCone,0.0,4.6759891090604855,13.144840722453798,13.155792092868957,4.675488149340104,13.14319156884599,13.154261666851532,14.786735517047163,14.738795320741271,57.5020048431252,6.511709970750741,13.625735755522726
45.66026,0.01044,95.76826,Done,EntryTipCone,161.2429,0.00213,4.67718,13.15761,13.15761,1.0,13.15761,4.67718,0.0,0.0,0.0,0.59689,1.0,6,6,1,0.69864,0.90472,0.0409,0.90196,0.56174,0.07289,0.82,0.7,0.06,0.9,0.56,0.06,-2.66863,-10.36454,17.38206,-75.42257,-3.45846,68.87224,double_rcm_log_20260616_135653_209.csv,95.76826,Unknown,Task4_EntryRCM_TipCone,0.0,4.677291618162682,13.148494116394863,13.159454638416305,4.675291042943476,13.142736455489825,13.153756117550593,14.766592102696382,15.60043718138233,107.598689861476,6.917099581258898,14.178733304371967
45.69264,0.01024,97.633,Done,EntryTipCone,161.2426,0.00232,4.67734,13.158,13.158,1.0,13.158,4.67734,0.0,0.0,0.0,0.59689,1.0,6,6,1,0.69925,0.90507,0.04078,0.90155,0.5615,0.07298,0.82,0.7,0.06,0.9,0.56,0.06,-2.63942,-10.07401,16.91568,-75.5405,-3.47077,68.81647,double_rcm_log_20260616_135653_209.csv,97.633,Unknown,Task4_EntryRCM_TipCone,0.0,4.6769283956468115,13.147475318102638,13.158433287561166,4.676722301892284,13.14718367033557,13.157997568019224,14.828381493031824,17.944308240606752,71.45659970482126,7.34289502370078,15.177644749164179
45.72549,0.01127,88.70551,Done,EntryTipCone,161.2419,0.00279,4.6778,13.15905,13.15905,1.0,13.15905,4.6778,0.0,0.0,0.0,0.59689,1.0,6,6,1,0.69987,0.90543,0.04067,0.90113,0.56127,0.07305,0.82,0.7,0.06,0.9,0.56,0.06,-2.6115,-9.76176,16.41139,-75.65447,-3.47792,68.75098,double_rcm_log_20260616_135653_209.csv,88.70551,Unknown,Task4_EntryRCM_TipCone,0.0,4.6783934149746,13.151584529260568,13.162552796634072,4.67764810899019,13.14908747930675,13.160254556808544,14.900146272848783,18.96726692243963,87.28140500851333,7.8256662978147435,16.412947489160572
45.75864,0.01069,93.52757,Done,EntryTipCone,161.2416,0.00301,4.67797,13.15945,13.15945,1.0,13.15945,4.67797,0.0,0.0,0.0,0.59689,1.0,6,6,1,0.7005,0.90579,0.0406,0.9007,0.56102,0.0731,0.82,0.7,0.06,0.9,0.56,0.06,-2.58517,-9.42473,15.86361,-75.7636,-3.47876,68.67364,double_rcm_log_20260616_135653_209.csv,93.52757,Unknown,Task4_EntryRCM_TipCone,0.0,4.677296061816636,13.148506580340992,13.159467133592901,4.6768954458962915,13.147266694581857,13.158282562705503,14.799014097480157,15.847090156032781,75.86835025075052,8.347939554341517,17.82854948614189
45.79106,0.01145,87.32938,Done,EntryTipCone,161.2409,0.00371,4.67852,13.16067,13.16067,1.0,13.16067,4.67852,0.0,0.0,0.0,0.5969,1.0,6,6,1,0.70111,0.90614,0.04055,0.90029,0.56079,0.07313,0.82,0.7,0.06,0.9,0.56,0.06,-2.56126,-9.07564,15.29296,-75.86457,-3.47309,68.5867,double_rcm_log_20260616_135653_209.csv,87.32938,Unknown,Task4_EntryRCM_TipCone,0.0,4.677514017807364,13.149117922116025,13.160080007256807,4.676473625737657,13.145771241675462,13.156941133865423,14.782587080184106,14.316838376917513,47.662885509419695,8.919519747737482,19.986505596364456
45.82237,0.01062,94.17254,Done,EntryTipCone,161.2405,0.00403,4.6786,13.16074,13.16074,1.0,13.16074,4.6786,0.0,0.0,0.0,0.5969,1.0,6,6,1,0.70171,0.90648,0.04052,0.89988,0.56056,0.07315,0.82,0.7,0.06,0.9,0.56,0.06,-2.54004,-8.71452,14.69917,-75.95647,-3.46022,68.48921,double_rcm_log_20260616_135653_209.csv,94.17254,Unknown,Task4_EntryRCM_TipCone,0.0,4.679568113303894,13.154879417110033,13.165855946331218,4.67848517528625,13.151146484096133,13.162465574503894,14.936456107141389,17.008960023612023,132.10045488958966,9.550498826529099,21.07742948017224
45.85436,0.00976,102.4402,Done,EntryTipCone,161.2399,0.00439,4.67881,13.16123,13.16123,1.0,13.16123,4.67881,0.0,0.0,0.0,0.5969,1.0,6,6,1,0.70231,0.90683,0.04053,0.89947,0.56032,0.07315,0.82,0.7,0.06,0.9,0.56,0.06,-2.52032,-8.32144,14.04921,-76.04476,-3.43882,68.37464,double_rcm_log_20260616_135653_209.csv,102.4402,Unknown,Task4_EntryRCM_TipCone,0.0,4.678775144064748,13.152655234157214,13.163626185839973,4.679158500187607,13.153453714343806,13.164566077163359,14.78986000737824,19.580785614659007,48.611779334655,10.188527351470167,22.892759679365216
45.88781,0.01091,91.64833,Done,EntryTipCone,161.2384,0.00577,4.67973,13.16313,13.16313,1.0,13.16313,4.67973,0.0,0.0,0.0,0.5969,1.0,6,6,1,0.70295,0.90719,0.04055,0.89904,0.56008,0.07313,0.82,0.7,0.06,0.9,0.56,0.06,-2.50187,-7.88554,13.32456,-76.13112,-3.40706,68.23781,double_rcm_log_20260616_135653_209.csv,91.64833,Unknown,Task4_EntryRCM_TipCone,0.0,4.680418522763892,13.157264710145434,13.16824722302422,4.679486884064581,13.153974830679662,13.16529148936704,14.766193960732783,16.847558343110382,109.07125258659411,10.989610081750698,27.309205268157456
45.91968,0.01049,95.31535,Done,EntryTipCone,161.2373,0.00681,4.68015,13.16395,13.16395,1.0,13.16395,4.68015,0.0,0.0,0.0,0.5969,1.0,6,6,1,0.70355,0.90753,0.0406,0.89863,0.55985,0.07309,0.82,0.7,0.06,0.9,0.56,0.06,-2.48661,-7.43619,12.57313,-76.20763,-3.36503,68.08543,double_rcm_log_20260616_135653_209.csv,95.31535,Unknown,Task4_EntryRCM_TipCone,0.0,4.6805720981018695,13.157695469607276,13.168679063305612,4.678497753272224,13.150877478766908,13.16235161359854,14.737115767063973,14.795505207095417,68.48354621007759,11.902495696313254,31.09151289050284
45.95224,0.01055,94.83036,Done,EntryTipCone,161.2355,0.00826,4.68099,13.16568,13.16568,1.0,13.16568,4.68099,0.0,0.0,0.0,0.59691,1.0,6,6,1,0.70416,0.90788,0.04068,0.89822,0.55961,0.07304,0.82,0.7,0.06,0.9,0.56,0.06,-2.47348,-6.94246,11.74287,-76.2804,-3.3086,67.90521,double_rcm_log_20260616_135653_209.csv,94.83036,Unknown,Task4_EntryRCM_TipCone,0.0,4.681182814781866,13.159408451966403,13.170396344417176,4.679969898278413,13.155440173321685,13.166704219355728,14.572992704817082,14.588134203045062,99.1945394016929,12.934225213399914,34.95912422246189
45.98506,0.01058,94.52408,Done,EntryTipCone,161.2329,0.0106,4.68212,13.16795,13.16795,1.0,13.16795,4.68212,0.0,0.0,0.0,0.59691,1.0,6,6,1,0.70476,0.90823,0.04078,0.89781,0.55938,0.07297,0.82,0.7,0.06,0.9,0.56,0.06,-2.463,-6.40324,10.83088,-76.34866,-3.23495,67.69324,double_rcm_log_20260616_135653_209.csv,94.52408,Unknown,Task4_EntryRCM_TipCone,0.0,4.682021970010573,13.161762172867007,13.17275597384605,4.680552044638642,13.156779241136492,13.16819653559287,14.583773258047549,14.863504453647469,84.31531405832753,14.127027477264054,39.45145797939168
46.01753,0.01163,86.01663,Done,EntryTipCone,161.2285,0.01441,4.684,13.17211,13.17211,1.0,13.17211,4.684,0.0,0.0,0.0,0.59692,1.0,6,6,1,0.70535,0.90857,0.0409,0.8974,0.55915,0.07289,0.82,0.7,0.06,0.9,0.56,0.06,-2.4556,-5.8246,9.84658,-76.41203,-3.14194,67.44846,double_rcm_log_20260616_135653_209.csv,86.01663,Unknown,Task4_EntryRCM_TipCone,0.0,4.684368282679709,13.168343258708326,13.179353591412344,4.683742674509054,13.165483134083855,13.177048227884736,14.37358670210338,17.489621230002687,77.77795860512086,15.443088157865395,53.93886605821811
46.05139,0.01362,73.40561,Done,EntryTipCone,161.2204,0.0213,4.68718,13.17876,13.17876,1.0,13.17876,4.68718,0.0,0.0,0.0,0.59694,1.0,6,6,1,0.70594,0.90892,0.04103,0.89699,0.55893,0.07279,0.82,0.7,0.06,0.9,0.56,0.06,-2.45139,-5.16875,8.72436,-76.47533,-3.01827,67.14978,double_rcm_log_20260616_135653_209.csv,73.40561,Unknown,Task4_EntryRCM_TipCone,0.0,4.688511164449643,13.179963421011456,13.19100298419854,4.685994302023046,13.170823816299432,13.18290939057082,14.152694259134943,17.517732639211882,205.54267365692115,17.670119779879542,72.41916610013438
46.08223,0.01159,86.31546,Done,EntryTipCone,161.2145,0.02675,4.68897,13.18234,13.18234,1.0,13.18234,4.68897,0.0,0.0,0.0,0.59696,1.0,6,6,1,0.70647,0.90923,0.04119,0.89662,0.55872,0.07268,0.82,0.7,0.06,0.9,0.56,0.06,-2.45222,-4.4727,7.52485,-76.53287,-2.86258,66.80592,double_rcm_log_20260616_135653_209.csv,86.31546,Unknown,Task4_EntryRCM_TipCone,0.0,4.688773162395095,13.180698283656131,13.191739697130032,4.686765760669025,13.172900153783104,13.185036973782076,13.959713196710196,20.131540147992816,495.1403681980679,20.019544022118268,78.30016015133069
46.11453,0.01137,87.92759,Done,EntryTipCone,161.2005,0.03913,4.69352,13.19172,13.19172,1.0,13.19172,4.69352,0.0,0.0,0.0,0.59699,1.0,6,6,1,0.70699,0.90954,0.04134,0.89624,0.55853,0.07256,0.82,0.7,0.06,0.9,0.56,0.06,-2.45793,-3.67589,6.1431,-76.59883,-2.65105,66.382,double_rcm_log_20260616_135653_209.csv,87.92759,Unknown,Task4_EntryRCM_TipCone,0.0,4.693844854092051,13.194923519408288,13.206000791016498,4.689865686883693,13.179718684986597,13.192880655868914,13.185412031214295,36.93799508301138,711.4551491051328,22.50096589297978,83.40615402121415
46.14692,0.01111,90.02026,Done,EntryTipCone,161.1767,0.06061,4.70061,13.20607,13.20607,1.0,13.20607,4.70061,0.0,0.0,0.0,0.59705,1.0,6,6,1,0.70744,0.90982,0.04148,0.89589,0.55835,0.07244,0.82,0.7,0.06,0.9,0.56,0.06,-2.47081,-2.77929,4.57709,-76.68147,-2.35887,65.86575,double_rcm_log_20260616_135653_209.csv,90.02026,Unknown,Task4_EntryRCM_TipCone,0.0,4.699996321581698,13.212177204520025,13.2232980725881,4.694338229975944,13.19091814615125,13.20485516770255,11.729734232326877,60.021798621578945,629.2166624082123,25.173728395239802,59.457476990689926
46.1782,0.01016,98.43262,Done,EntryTipCone,161.1375,0.09634,4.71148,13.22782,13.22782,1.0,13.22782,4.71148,0.0,0.0,0.0,0.59715,1.0,6,6,1,0.70778,0.91006,0.04157,0.89559,0.55823,0.07234,0.82,0.7,0.06,0.9,0.56,0.06,-2.49262,-1.84588,2.9342,-76.79822,-1.96258,65.28561,double_rcm_log_20260616_135653_209.csv,98.43262,Unknown,Task4_EntryRCM_TipCone,0.0,4.710080471420084,13.240460978916344,13.25165356210652,4.701440201199828,13.20729198353932,13.223335433996994,9.7044159288313,74.34525612044457,67.07440241302328,25.39762695486435,94.28918074510365
46.209,0.01009,99.13683,Done,EntryTipCone,161.0753,0.15356,4.72721,13.25865,13.25865,1.0,13.25865,4.72721,0.0,0.0,0.0,0.59731,1.0,6,6,1,0.70798,0.91023,0.04157,0.89534,0.55816,0.07228,0.82,0.7,0.06,0.9,0.56,0.06,-2.52272,-1.01803,1.46639,-76.96841,-1.46456,64.73917,double_rcm_log_20260616_135653_209.csv,99.13683,Unknown,Task4_EntryRCM_TipCone,0.0,4.72823125737993,13.291368820978988,13.302691261873694,4.716105615137816,13.243457833383834,13.262714654247832,7.684457905776353,61.12575869244491,675.9720847803217,21.068475800155497,214.89744437310756
46.23955,0.01034,96.72558,Done,EntryTipCone,160.9945,0.22786,4.74491,13.29197,13.29197,1.0,13.29197,4.74491,0.0,0.0,0.0,0.59751,1.0,6,6,1,0.70806,0.91036,0.04152,0.89514,0.55814,0.07223,0.82,0.7,0.06,0.9,0.56,0.06,-2.55704,-0.4628,0.4751,-77.18666,-0.92143,64.36308,double_rcm_log_20260616_135653_209.csv,96.72558,Unknown,Task4_EntryRCM_TipCone,0.0,4.745021543146762,13.33845965567691,13.349903111134395,4.726913803391921,13.267177602582318,13.291053381880616,6.644667436505438,35.77974771673623,732.1914800415918,13.715169988094317,250.6028863503648
46.26965,0.00959,104.2588,Done,EntryTipCone,160.9062,0.3086,4.76008,13.31807,13.31807,1.0,13.31807,4.76008,0.0,0.0,0.0,0.59773,1.0,6,6,1,0.70808,0.91047,0.04146,0.89495,0.55814,0.07218,0.82,0.7,0.06,0.9,0.56,0.06,-2.58711,-0.21721,0.03453,-77.39944,-0.45318,64.20739,double_rcm_log_20260616_135653_209.csv,104.2588,Unknown,Task4_EntryRCM_TipCone,0.0,4.759140392193904,13.37805716537623,13.389603045860754,4.736407502389132,13.286135109724217,13.315949083711617,6.097599954630955,20.84613277534653,485.1682120646412,7.414208133464836,181.5054014636009
46.30103,0.0102,97.99272,Done,EntryTipCone,160.8112,0.39447,4.77097,13.3328,13.3328,1.0,13.3328,4.77097,0.0,0.0,0.0,0.59797,1.0,6,6,1,0.70809,0.91057,0.0414,0.89478,0.55815,0.07213,0.82,0.7,0.06,0.9,0.56,0.06,-2.60715,-0.1435,-0.09487,-77.55503,-0.13816,64.18257,double_rcm_log_20260616_135653_209.csv,97.99272,Unknown,Task4_EntryRCM_TipCone,0.0,4.77151764813208,13.412769561335333,13.424405733445061,4.743404390067703,13.298132951659046,13.33445911913941,5.792647159889816,17.54411308095833,264.5530055309363,3.7995329174083103,95.8604597983881
46.34143,0.01063,94.09273,Done,EntryTipCone,160.6872,0.50571,4.77692,13.3319,13.3319,1.0,13.3319,4.77692,0.0,0.0,0.0,0.59828,1.0,6,6,1,0.70807,0.9107,0.04136,0.89456,0.55817,0.07203,0.82,0.7,0.06,0.9,0.56,0.06,-2.62019,-0.12116,-0.12587,-77.66008,0.0639,64.20818,double_rcm_log_20260616_135653_209.csv,94.09273,Unknown,Task4_EntryRCM_TipCone,0.0,4.776259463153615,13.42606796204412,13.437738849791197,4.741663236691477,13.282735179403142,13.329043476558997,5.833290900609701,16.46696108032094,34.95064437357756,1.5529030688059708,42.3775775939675
46.38182,0.01068,93.67383,Done,EntryTipCone,160.5619,0.61701,4.77344,13.30822,13.30822,1.0,13.30822,4.77344,0.0,0.0,0.0,0.5986,1.0,6,6,1,0.70804,0.91083,0.04135,0.89436,0.55819,0.07192,0.82,0.7,0.06,0.9,0.56,0.06,-2.62537,-0.11232,-0.1289,-77.69126,0.12526,64.24623,double_rcm_log_20260616_135653_209.csv,93.67383,Unknown,Task4_EntryRCM_TipCone,0.0,4.774342001353186,13.420690459387059,13.432347300769592,4.734867418344315,13.253954068938778,13.310601038270214,5.887093897529118,16.335466128824837,73.09680167230148,0.5767401627659504,18.36265565187871
46.42286,0.01116,89.62476,Done,EntryTipCone,160.4336,0.72979,4.76049,13.2611,13.2611,1.0,13.2611,4.76049,0.0,0.0,0.0,0.59892,1.0,6,6,1,0.70797,0.91094,0.04138,0.89416,0.55822,0.07177,0.82,0.7,0.06,0.9,0.56,0.06,-2.62965,-0.10461,-0.12913,-77.68949,0.13971,64.2863,double_rcm_log_20260616_135653_209.csv,89.62476,Unknown,Task4_EntryRCM_TipCone,0.0,4.759412836649452,13.378821250978952,13.390369113892639,4.715838597596765,13.190111972464626,13.259219434039126,5.938908656147224,18.18285296009447,45.97352275990577,0.4332831134679441,6.5852333664244815
46.46282,0.01032,96.85416,Done,EntryTipCone,160.308,0.83921,4.73863,13.19273,13.19273,1.0,13.19273,4.73863,0.0,0.0,0.0,0.59924,1.0,6,6,1,0.70789,0.91105,0.04143,0.89399,0.55826,0.07162,0.82,0.7,0.06,0.9,0.56,0.06,-2.63559,-0.09825,-0.12804,-77.67164,0.14409,64.32584,double_rcm_log_20260616_135653_209.csv,96.85416,Unknown,Task4_EntryRCM_TipCone,0.0,4.739628990702113,13.323335571070757,13.334740066686024,4.692649321873955,13.115186089181028,13.197427779684997,6.038217769928325,16.810951047024183,77.60897750006566,0.4810718409814928,3.529451170783079
46.4929,0.00955,104.7372,Done,EntryTipCone,160.2136,0.92122,4.71651,13.12723,13.12723,1.0,13.12723,4.71651,0.0,0.0,0.0,0.59947,1.0,6,6,1,0.70782,0.91112,0.0415,0.89387,0.5583,0.07148,0.82,0.7,0.06,0.9,0.56,0.06,-2.64138,-0.09318,-0.12838,-77.64957,0.14461,64.35497,double_rcm_log_20260616_135653_209.csv,104.7372,Unknown,Task4_EntryRCM_TipCone,0.0,4.715660978118999,13.256112870039656,13.267345272075554,4.665402592035638,13.031004507003226,13.124682853311155,6.076855401986853,15.096842988544974,97.33786133655029,0.5379745142118288,3.0127824385700617
46.52359,0.00978,102.2566,Done,EntryTipCone,160.1171,1.00454,4.68864,13.04789,13.04789,1.0,13.04789,4.68864,0.0,0.0,0.0,0.59972,1.0,6,6,1,0.70773,0.91119,0.04158,0.89376,0.55833,0.07134,0.82,0.7,0.06,0.9,0.56,0.06,-2.64875,-0.0901,-0.12574,-77.62078,0.1458,64.38579,double_rcm_log_20260616_135653_209.csv,102.2566,Unknown,Task4_EntryRCM_TipCone,0.0,4.688952756677211,13.181202016947568,13.192244698875367,4.637626983628762,12.94654310854983,13.05075093624886,6.259894126385445,16.51919373068274,63.432192252551324,0.5964855552889738,3.009794462050302
46.55488,0.01109,90.15385,Done,EntryTipCone,160.0186,1.089,4.65501,12.95415,12.95415,1.0,12.95415,4.65501,0.0,0.0,0.0,0.59996,1.0,6,6,1,0.70763,0.91126,0.04168,0.89365,0.55838,0.07117,0.82,0.7,0.06,0.9,0.56,0.06,-2.65763,-0.08498,-0.12718,-77.5845,0.14679,64.41533,double_rcm_log_20260616_135653_209.csv,90.15385,Unknown,Task4_EntryRCM_TipCone,0.0,4.654863312463534,13.085584252772481,13.096387900723608,4.599783288897885,12.832556793022732,12.95051350333259,6.627443695186096,15.090102776198105,104.4734812227203,0.6650898929357689,3.0630150509110194
46.59476,0.01044,95.83115,Done,EntryTipCone,159.8935,1.19551,4.60445,12.8163,12.8163,1.0,12.8163,4.60445,0.0,0.0,0.0,0.60028,1.0,6,6,1,0.70748,0.91134,0.04184,0.89352,0.55844,0.07095,0.82,0.7,0.06,0.9,0.56,0.06,-2.67084,-0.08053,-0.12634,-77.52747,0.14572,64.45372,double_rcm_log_20260616_135653_209.csv,95.83115,Unknown,Task4_EntryRCM_TipCone,0.0,4.604866957773882,12.945340694549856,12.955800045021759,4.5498042212781185,12.683255163342812,12.818989819794716,6.632444370776468,15.656679043806959,55.78956328862635,0.7581442037445786,2.747365372588836
46.62514,0.00985,101.5668,Done,EntryTipCone,159.7985,1.27583,4.56042,12.69797,12.69797,1.0,12.69797,4.56042,0.0,0.0,0.0,0.60052,1.0,6,6,1,0.70736,0.91139,0.04198,0.89344,0.55849,0.07077,0.82,0.7,0.06,0.9,0.56,0.06,-2.68241,-0.07564,-0.12919,-77.47706,0.14533,64.48118,double_rcm_log_20260616_135653_209.csv,101.5668,Unknown,Task4_EntryRCM_TipCone,0.0,4.561152137017552,12.82270923352831,12.832873602980202,4.504915099189502,12.551052729368362,12.700653526492257,6.9017461223203735,16.579951491868236,56.61801873622823,0.8251998278375715,2.7370928933721967
46.65619,0.01108,90.29166,Done,EntryTipCone,159.7024,1.35708,4.51032,12.56513,12.56513,1.0,12.56513,4.51032,0.0,0.0,0.0,0.60076,1.0,6,6,1,0.70722,0.91144,0.04214,0.89336,0.55854,0.07057,0.82,0.7,0.06,0.9,0.56,0.06,-2.69572,-0.07339,-0.12805,-77.42005,0.1468,64.51059,double_rcm_log_20260616_135653_209.csv,90.29166,Unknown,Task4_EntryRCM_TipCone,0.0,4.511150036619403,12.682431167425142,12.692264989200352,4.454362817120469,12.403163926378435,12.567660880211548,7.177179369192986,15.621514026858666,86.30187346553386,0.9021740311340962,2.732453142337886
46.69613,0.01029,97.16412,Done,EntryTipCone,159.579,1.46028,4.43853,12.37665,12.37665,1.0,12.37665,4.43853,0.0,0.0,0.0,0.60107,1.0,6,6,1,0.70702,0.9115,0.04238,0.89328,0.55861,0.0703,0.82,0.7,0.06,0.9,0.56,0.06,-2.71462,-0.07059,-0.12737,-77.33652,0.14661,64.54771,double_rcm_log_20260616_135653_209.csv,97.16412,Unknown,Task4_EntryRCM_TipCone,0.0,4.438126167311798,12.477549505930435,12.486913580313825,4.3817355183485045,12.192437757132048,12.376611006248877,7.58426257794458,14.253882142523228,94.06182578680007,0.995382233683222,2.58373322764448
46.72626,0.00928,107.7927,Done,EntryTipCone,159.4867,1.53674,4.379,12.22178,12.22178,1.0,12.22178,4.379,0.0,0.0,0.0,0.6013,1.0,6,6,1,0.70686,0.91154,0.04257,0.89322,0.55867,0.07008,0.82,0.7,0.06,0.9,0.56,0.06,-2.7305,-0.06905,-0.12679,-77.26781,0.14911,64.57528,double_rcm_log_20260616_135653_209.csv,107.7927,Unknown,Task4_EntryRCM_TipCone,0.0,4.379009175917201,12.311671242264284,12.320666172472624,4.321968173971592,12.019307800368562,12.220626006878714,7.8456382664483275,14.243664640888701,110.1613592232274,1.064119341131427,2.8754566892392064
46.75745,0.01023,97.7506,Done,EntryTipCone,159.3926,1.61499,4.31266,12.05059,12.05059,1.0,12.05059,4.31266,0.0,0.0,0.0,0.60154,1.0,6,6,1,0.70668,0.91157,0.04279,0.89317,0.55874,0.06985,0.82,0.7,0.06,0.9,0.56,0.06,-2.74814,-0.06847,-0.12522,-77.19051,0.15112,64.60373,double_rcm_log_20260616_135653_209.csv,97.7506,Unknown,Task4_EntryRCM_TipCone,0.0,4.312574087750552,12.12524326371808,12.133835074704923,4.2571073278759615,11.831889763880309,12.052344170326373,7.967022938044237,14.926772922198813,59.94587090658505,1.1546811850152958,3.073175297519193
46.79759,0.01016,98.4062,Done,EntryTipCone,159.2725,1.71363,4.2203,11.81424,11.81424,1.0,11.81424,4.2203,0.0,0.0,0.0,0.60184,1.0,6,6,1,0.70644,0.9116,0.0431,0.89313,0.55883,0.06954,0.82,0.7,0.06,0.9,0.56,0.06,-2.77204,-0.06762,-0.12418,-77.07829,0.14484,64.63936,double_rcm_log_20260616_135653_209.csv,98.4062,Unknown,Task4_EntryRCM_TipCone,0.0,4.219729268533087,11.864677903770922,11.87272678135144,4.16558477271742,11.569473693235242,11.814287959923812,8.344848185148063,12.721126224202369,16.013464120626207,1.2482983541082309,2.3266592616774906
46.82823,0.01055,94.80405,Done,EntryTipCone,159.182,1.7875,4.14468,11.62207,11.62207,1.0,11.62207,4.14468,0.0,0.0,0.0,0.60207,1.0,6,6,1,0.70624,0.91162,0.04335,0.8931,0.5589,0.06929,0.82,0.7,0.06,0.9,0.56,0.06,-2.79206,-0.06548,-0.12716,-76.98867,0.14613,64.66436,double_rcm_log_20260616_135653_209.csv,94.80405,Unknown,Task4_EntryRCM_TipCone,0.0,4.144324866242866,11.653035435319417,11.660660581037158,4.092080930593696,11.359209411818208,11.624289225582809,8.648925038575833,14.209711835726695,131.26069112783117,1.301134648772866,2.453040530960983
46.85824,0.00993,100.6895,Done,EntryTipCone,159.0945,1.85836,4.06645,11.42442,11.42442,1.0,11.42442,4.06645,0.0,0.0,0.0,0.60229,1.0,6,6,1,0.70604,0.91163,0.04361,0.89308,0.55898,0.06904,0.82,0.7,0.06,0.9,0.56,0.06,-2.81292,-0.06693,-0.1246,-76.89663,0.14927,64.69068,double_rcm_log_20260616_135653_209.csv,100.6895,Unknown,Task4_EntryRCM_TipCone,0.0,4.066610069722903,11.434887116012662,11.442091380428485,4.016311446663581,11.14261010715177,11.430153104836378,8.854448402343541,16.44073608042824,42.98438047548726,1.385456178780755,2.9743834503319815
46.88937,0.01113,89.87304,Done,EntryTipCone,159.0055,1.9305,3.98094,11.20972,11.20972,1.0,11.20972,3.98094,0.0,0.0,0.0,0.60252,1.0,6,6,1,0.70582,0.91164,0.04389,0.89308,0.55905,0.06877,0.82,0.7,0.06,0.9,0.56,0.06,-2.83509,-0.06639,-0.12617,-76.79197,0.14445,64.71562,double_rcm_log_20260616_135653_209.csv,89.87304,Unknown,Task4_EntryRCM_TipCone,0.0,3.981611352200639,11.1962684868195,11.203030473385807,3.932088422458674,10.904026144220605,11.211681408245623,9.158400251653354,13.085021951334753,98.47992242998355,1.4624382575603616,2.3817859157338432
46.92934,0.0104,96.19711,Done,EntryTipCone,158.8937,2.02068,3.86478,10.92001,10.92001,1.0,10.92001,3.86478,0.0,0.0,0.0,0.6028,1.0,6,6,1,0.70553,0.91164,0.04428,0.89308,0.55916,0.06841,0.82,0.7,0.06,0.9,0.56,0.06,-2.86579,-0.069,-0.1239,-76.65322,0.14609,64.74851,double_rcm_log_20260616_135653_209.csv,96.19711,Unknown,Task4_EntryRCM_TipCone,0.0,3.865679203115017,10.870770184905453,10.876958645942116,3.8191133013698484,10.583416999467437,10.923374020878377,9.578800268319856,13.17124503242199,95.01157139344095,1.535567975358017,2.090194342035478
46.95937,0.00967,103.4326,Done,EntryTipCone,158.812,2.08669,3.7731,10.69295,10.69295,1.0,10.69295,3.7731,0.0,0.0,0.0,0.603,1.0,6,6,1,0.70529,0.91163,0.04459,0.89309,0.55924,0.06813,0.82,0.7,0.06,0.9,0.56,0.06,-2.88989,-0.06917,-0.12634,-76.54246,0.14578,64.77068,double_rcm_log_20260616_135653_209.csv,103.4326,Unknown,Task4_EntryRCM_TipCone,0.0,3.773091244089165,10.610782450648644,10.616536889770854,3.730299588769795,10.332388658224952,10.696850003622549,9.755022868719537,14.48073381509407,54.19740018866468,1.5847551736922656,2.1709686465237956
46.99044,0.01029,97.13503,Done,EntryTipCone,158.7279,2.15318,3.67445,10.45043,10.45043,1.0,10.45043,3.67445,0.0,0.0,0.0,0.60322,1.0,6,6,1,0.70505,0.91162,0.04492,0.89312,0.55933,0.06784,0.82,0.7,0.06,0.9,0.56,0.06,-2.91627,-0.07194,-0.12516,-76.42614,0.15179,64.79472,double_rcm_log_20260616_135653_209.csv,97.13503,Unknown,Task4_EntryRCM_TipCone,0.0,3.6752343129698235,10.335969295864606,10.341287588140576,3.6341505695134497,10.061327026712819,10.452219859914928,9.994561621618145,13.345962031878361,111.90225033759334,1.6616497303946012,2.292561061575671
47.03056,0.0107,93.45491,Done,EntryTipCone,158.6236,2.23618,3.54122,10.1247,10.1247,1.0,10.1247,3.54122,0.0,0.0,0.0,0.60348,1.0,6,6,1,0.70471,0.91159,0.04537,0.89316,0.55945,0.06745,0.82,0.7,0.06,0.9,0.56,0.06,-2.95064,-0.0755,-0.12456,-76.261,0.14283,64.82415,double_rcm_log_20260616_135653_209.csv,93.45491,Unknown,Task4_EntryRCM_TipCone,0.0,3.5414573290833697,9.960232670137822,9.964991181672193,3.505780644596951,9.699856382759222,10.128701792431297,10.58772597334388,11.469073288127221,194.19997086407184,1.7316106761046215,1.957108250776235
47.06076,0.01017,98.35648,Done,EntryTipCone,158.5469,2.29659,3.43667,9.87166,9.87166,1.0,9.87166,3.43667,0.0,0.0,0.0,0.60367,1.0,6,6,1,0.70445,0.91156,0.04572,0.8932,0.55955,0.06714,0.82,0.7,0.06,0.9,0.56,0.06,-2.9788,-0.07878,-0.12462,-76.13856,0.15246,64.84528,double_rcm_log_20260616_135653_209.csv,98.35648,Unknown,Task4_EntryRCM_TipCone,0.0,3.4359659012599333,9.663902703238854,9.6682485830178,3.4022351380161906,9.408698103351,9.870263421003541,10.745084197092167,12.675838880185754,133.22466727405288,1.786839069727712,2.014721421307212
47.0915,0.01043,95.91061,Done,EntryTipCone,158.4704,2.35633,3.32696,9.608,9.608,1.0,9.608,3.32696,0.0,0.0,0.0,0.60387,1.0,6,6,1,0.70418,0.91152,0.04609,0.89325,0.55964,0.06683,0.82,0.7,0.06,0.9,0.56,0.06,-3.00735,-0.08408,-0.12153,-76.00407,0.149,64.86751,double_rcm_log_20260616_135653_209.csv,95.91061,Unknown,Task4_EntryRCM_TipCone,0.0,3.3267172237320017,9.356983941783328,9.360928378036846,3.298135943630704,9.117096872613338,9.609422459232425,10.730131259910925,13.526104199284818,162.01908454021842,1.8475626393977982,2.069959652491841
47.12222,0.01095,91.34772,Done,EntryTipCone,158.3965,2.41391,3.21394,9.33842,9.33842,1.0,9.33842,3.21394,0.0,0.0,0.0,0.60406,1.0,6,6,1,0.7039,0.91148,0.04647,0.89332,0.55974,0.06652,0.82,0.7,0.06,0.9,0.56,0.06,-3.03763,-0.08849,-0.12142,-75.87026,0.15733,64.88758,double_rcm_log_20260616_135653_209.csv,91.34772,Unknown,Task4_EntryRCM_TipCone,0.0,3.2141522765552244,9.040713016208379,9.044270498237442,3.1892597156454525,8.81259238904109,9.338115441565298,11.096460594027498,11.584930416100908,110.09425130209972,1.8985792825455579,2.332204929142716
47.16257,0.01047,95.50539,Done,EntryTipCone,158.3042,2.4863,3.06075,8.97627,8.97627,1.0,8.97627,3.06075,0.0,0.0,0.0,0.60429,1.0,6,6,1,0.70352,0.91142,0.04699,0.89341,0.55988,0.06609,0.82,0.7,0.06,0.9,0.56,0.06,-3.07732,-0.09324,-0.12394,-75.68117,0.15142,64.91153,double_rcm_log_20260616_135653_209.csv,95.50539,Unknown,Task4_EntryRCM_TipCone,0.0,3.059708353551949,8.606719239053023,8.609788200821239,3.040653378696199,8.397086124639623,8.973884331770709,11.359312140740359,8.339478020461287,35.325288787805725,1.9920866154035923,1.7994788440026914
47.19304,0.01015,98.51997,Done,EntryTipCone,158.2366,2.53873,2.94171,8.69828,8.69828,1.0,8.69828,2.94171,0.0,0.0,0.0,0.60446,1.0,6,6,1,0.70323,0.91136,0.04739,0.89349,0.55998,0.06577,0.82,0.7,0.06,0.9,0.56,0.06,-3.10851,-0.09829,-0.12438,-75.53575,0.15108,64.92934,double_rcm_log_20260616_135653_209.csv,98.51997,Unknown,Task4_EntryRCM_TipCone,0.0,2.9416347007048005,8.274885069964599,8.27761231061,2.9284039423107817,8.084135461126717,8.699045924697728,11.496188840426518,11.432357600743632,95.46608273283806,2.028268976410524,1.8193084161719482
47.22457,0.01065,93.89922,Done,EntryTipCone,158.1695,2.59053,2.81522,8.40579,8.40579,1.0,8.40579,2.81522,0.0,0.0,0.0,0.60463,1.0,6,6,1,0.70292,0.91129,0.04781,0.89358,0.56009,0.06543,0.82,0.7,0.06,0.9,0.56,0.06,-3.14181,-0.10516,-0.12306,-75.38227,0.15335,64.94761,double_rcm_log_20260616_135653_209.csv,93.89922,Unknown,Task4_EntryRCM_TipCone,0.0,2.8161793808395754,7.922266991813663,7.924659999848359,2.808406375552109,7.749833645857302,8.408888154803808,11.903282675647219,12.676167189750656,85.8953354631842,2.078391509288246,1.9984726294981048
47.25619,0.01166,85.73788,Done,EntryTipCone,158.105,2.63999,2.68548,8.10959,8.10959,1.0,8.10959,2.68548,0.0,0.0,0.0,0.60479,1.0,6,6,1,0.70261,0.91121,0.04825,0.89368,0.56021,0.06508,0.82,0.7,0.06,0.9,0.56,0.06,-3.17578,-0.11343,-0.12015,-75.22387,0.15357,64.96568,double_rcm_log_20260616_135653_209.csv,85.73788,Unknown,Task4_EntryRCM_TipCone,0.0,2.6858026852892563,7.5557761480793335,7.557851976511225,2.6833405245947453,7.401638072335503,8.11128226607852,12.089609920643069,10.849561998071072,114.14506988551527,2.1410502401238882,1.8210621347778124
47.29746,0.01161,86.10943,Done,EntryTipCone,158.0256,2.70124,2.51248,7.72086,7.72086,1.0,7.72086,2.51248,0.0,0.0,0.0,0.60499,1.0,6,6,1,0.70219,0.91111,0.04884,0.89383,0.56036,0.06463,0.82,0.7,0.06,0.9,0.56,0.06,-3.2205,-0.12069,-0.12379,-75.0085,0.14614,64.98468,double_rcm_log_20260616_135653_209.csv,86.10943,Unknown,Task4_EntryRCM_TipCone,0.0,2.512806089027172,7.069420046972116,7.071120064928182,2.5194304421781593,6.946455654061768,7.72239600124211,12.224813736759534,8.552082066871664,38.35555271042549,2.1748361622173777,1.4022000045729173
47.35552,0.04505,22.19837,Done,EntryTipCone,157.9216,2.78013,2.26235,7.17402,7.17402,1.0,7.17402,2.26235,0.0,0.0,0.0,0.60526,1.0,6,6,1,0.70158,0.91093,0.04968,0.89406,0.56058,0.06398,0.82,0.7,0.06,0.9,0.56,0.06,-3.28754,-0.13739,-0.12148,-74.71034,0.16757,65.01166,double_rcm_log_20260616_135653_209.csv,22.19837,Unknown,Task4_EntryRCM_TipCone,0.0,2.2627780232285146,6.366387858955652,6.367629260583259,2.28240688872248,6.289152566125337,7.173590453880159,12.554868385822571,9.799042779855926,45.23725162245235,2.270757458837628,1.9885173348224063
47.39093,0.0064,156.1565,Done,EntryTipCone,157.8637,2.82394,2.10506,6.83976,6.83976,1.0,6.83976,2.10506,0.0,0.0,0.0,0.6054,1.0,6,6,1,0.7012,0.91081,0.05022,0.89421,0.56071,0.06358,0.82,0.7,0.06,0.9,0.56,0.06,-3.32804,-0.14729,-0.12145,-74.51237,0.15839,65.02596,double_rcm_log_20260616_135653_209.csv,156.1565,Unknown,Task4_EntryRCM_TipCone,0.0,2.105291703634632,5.923502685807781,5.924502522289861,2.137553402409674,5.888191703610046,6.844311506645561,12.8416621166697,10.13793141757796,77.92033087051895,2.330128239957627,1.262327571321453
47.42492,0.00862,116.0535,Done,EntryTipCone,157.8123,2.86292,1.95284,6.52526,6.52526,1.0,6.52526,1.95284,0.0,0.0,0.0,0.60554,1.0,6,6,1,0.70083,0.91069,0.05073,0.89437,0.56085,0.06319,0.82,0.7,0.06,0.9,0.56,0.06,-3.36794,-0.15784,-0.121,-74.32399,0.15842,65.03856,double_rcm_log_20260616_135653_209.csv,116.0535,Unknown,Task4_EntryRCM_TipCone,0.0,1.9529869395028328,5.495146550385474,5.495944720145198,1.9931757797119718,5.488682902117827,6.526522810808226,12.964155437920802,9.805195068591598,46.74946826923202,2.3496310315557603,1.1474473301291028
47.45594,0.00998,100.2372,Done,EntryTipCone,157.7692,2.89572,1.81251,6.24342,6.24342,1.0,6.24342,1.81251,0.0,0.0,0.0,0.60564,1.0,6,6,1,0.70049,0.91057,0.05121,0.89452,0.56097,0.06284,0.82,0.7,0.06,0.9,0.56,0.06,-3.40444,-0.16825,-0.12,-74.14787,0.15405,65.04918,double_rcm_log_20260616_135653_209.csv,100.2372,Unknown,Task4_EntryRCM_TipCone,0.0,1.8127406819626806,5.100670474131231,5.101308750350922,1.864748817993217,5.133801110887959,6.247951664345704,13.047650395605947,8.973755106287548,75.53118579167031,2.3825995541307905,1.2807649137102368
47.48759,0.01183,84.54673,Done,EntryTipCone,157.7275,2.92669,1.66777,5.9637,5.9637,1.0,5.9637,1.66777,0.0,0.0,0.0,0.60575,1.0,6,6,1,0.70015,0.91044,0.0517,0.89469,0.5611,0.06248,0.82,0.7,0.06,0.9,0.56,0.06,-3.44251,-0.17676,-0.12382,-73.96692,0.15369,65.05707,double_rcm_log_20260616_135653_209.csv,84.54673,Unknown,Task4_EntryRCM_TipCone,0.0,1.668738533609542,4.695598280995092,4.696096213696215,1.7299023912707356,4.761462121918215,5.962927133547783,13.270768446760146,6.683976053715265,49.08724275731731,2.3870020472015723,1.1237761906662445
47.51788,0.01043,95.88305,Done,EntryTipCone,157.6915,2.95367,1.52854,5.70485,5.70485,1.0,5.70485,1.52854,0.0,0.0,0.0,0.60584,1.0,6,6,1,0.69981,0.91031,0.05218,0.89485,0.56122,0.06213,0.82,0.7,0.06,0.9,0.56,0.06,-3.47965,-0.19044,-0.11883,-73.79478,0.15898,65.06711,double_rcm_log_20260616_135653_209.csv,95.88305,Unknown,Task4_EntryRCM_TipCone,0.0,1.5286280052856138,4.301444565473972,4.3018273152144095,1.6040150939953979,4.414081313949004,5.705067922470326,13.338142976122215,7.805135033980698,92.223192827377,2.4185017695230835,1.484778725806975
47.54792,0.01025,97.5688,Done,EntryTipCone,157.6587,2.97809,1.39002,5.45951,5.45951,1.0,5.45951,1.39002,0.0,0.0,0.0,0.60592,1.0,6,6,1,0.69947,0.91017,0.05266,0.89502,0.56135,0.06179,0.82,0.7,0.06,0.9,0.56,0.06,-3.51623,-0.19894,-0.12338,-73.61829,0.15639,65.07219,double_rcm_log_20260616_135653_209.csv,97.5688,Unknown,Task4_EntryRCM_TipCone,0.0,1.3896666666880861,3.9104982945511537,3.9107858653231533,1.4789214251279106,4.0689407050900295,5.4614100743305976,13.429580783967408,9.153375495253247,46.172825825735956,2.4511733340142245,1.3032110694927963
47.57842,0.00949,105.4191,Done,EntryTipCone,157.629,3.00026,1.24929,5.22399,5.22399,1.0,5.22399,1.24929,0.0,0.0,0.0,0.606,1.0,6,6,1,0.69913,0.91002,0.05314,0.8952,0.56147,0.06144,0.82,0.7,0.06,0.9,0.56,0.06,-3.55401,-0.21204,-0.12117,-73.43985,0.15863,65.07912,double_rcm_log_20260616_135653_209.csv,105.4191,Unknown,Task4_EntryRCM_TipCone,0.0,1.249992892753914,3.517524521092221,3.5177338062848427,1.3550374489374037,3.727615034597074,5.222499401627556,13.504973895304104,5.106294151272379,109.30289328795011,2.4498030210888704,1.0570224343398893
47.6094,0.00949,105.4287,Done,EntryTipCone,157.6021,3.02001,1.10748,5.00286,5.00286,1.0,5.00286,1.10748,0.0,0.0,0.0,0.60607,1.0,6,6,1,0.69878,0.90987,0.05364,0.89539,0.5616,0.06109,0.82,0.7,0.06,0.9,0.56,0.06,-3.59272,-0.2281,-0.11495,-73.25903,0.16377,65.0868,double_rcm_log_20260616_135653_209.csv,105.4287,Unknown,Task4_EntryRCM_TipCone,0.0,1.1081973473988718,3.11855974902855,3.118705586779404,1.2320801203881688,3.388858214797463,5.000019999959982,13.556475086402594,4.752995800709864,65.07669858458064,2.471948097338799,2.562406654940961
47.64084,0.01104,90.59301,Done,EntryTipCone,157.5782,3.03752,0.9651,4.7996,4.7996,1.0,4.7996,0.9651,0.0,0.0,0.0,0.60613,1.0,6,6,1,0.69842,0.9097,0.05415,0.89558,0.56173,0.06073,0.82,0.7,0.06,0.9,0.56,0.06,-3.632,-0.23858,-0.11973,-73.07111,0.16461,65.08889,double_rcm_log_20260616_135653_209.csv,90.59301,Unknown,Task4_EntryRCM_TipCone,0.0,0.9654464815114433,2.716887739722406,2.7169841682868645,1.1153870200336624,3.0674441879444165,4.8023119432206265,13.696389850957932,9.01705404962514,111.41113621592683,2.5120588602423632,1.7182774800723324
47.68211,0.01147,87.20903,Done,EntryTipCone,157.5532,3.0559,0.78509,4.57164,4.57164,1.0,4.57164,0.78509,0.0,0.0,0.0,0.60619,1.0,6,6,1,0.69795,0.90948,0.05482,0.89585,0.56191,0.06026,0.82,0.7,0.06,0.9,0.56,0.06,-3.68307,-0.25537,-0.12152,-72.82095,0.15887,65.09179,double_rcm_log_20260616_135653_209.csv,87.20903,Unknown,Task4_EntryRCM_TipCone,0.0,0.7842568621996965,2.2070329017272,2.207084590795084,0.9704103039867032,2.6682812099523217,4.575827793962505,13.861635010743791,10.077588447625526,84.92429380497639,2.5277321103754455,0.9690534175079347
47.72335,0.01163,85.96423,Done,EntryTipCone,157.5344,3.0696,0.61866,4.39549,4.39549,1.0,4.39549,0.61866,0.0,0.0,0.0,0.60624,1.0,6,6,1,0.69748,0.90924,0.05549,0.89614,0.56209,0.0598,0.82,0.7,0.06,0.9,0.56,0.06,-3.73487,-0.27428,-0.12136,-72.57202,0.16013,65.09357,double_rcm_log_20260616_135653_209.csv,85.96423,Unknown,Task4_EntryRCM_TipCone,0.0,0.6184211397180257,1.7403633775176137,1.7403887217195588,0.844964440284533,2.3231132956908214,4.394052798954457,13.769184112382487,6.933539329643985,50.423775804013104,2.5260106894324057,0.5954967355761274
47.76353,0.01058,94.56024,Done,EntryTipCone,157.5219,3.07822,0.48537,4.28129,4.28129,1.0,4.28129,0.48537,0.0,0.0,0.0,0.60627,1.0,6,6,1,0.69703,0.909,0.05615,0.89642,0.56226,0.05936,0.82,0.7,0.06,0.9,0.56,0.06,-3.78561,-0.29378,-0.12074,-72.32925,0.1636,65.09367,double_rcm_log_20260616_135653_209.csv,94.56024,Unknown,Task4_EntryRCM_TipCone,0.0,0.48549483992103976,1.3662918032195184,1.3663040657659336,0.759341891218684,2.087561698765829,4.2817753327328925,13.724447448050448,5.902214967976673,63.39175359680835,2.543182374815815,0.7517579767298611
47.79477,0.01115,89.69266,Done,EntryTipCone,157.5173,3.08185,0.42151,4.23452,4.23452,1.0,4.23452,0.42151,0.0,0.0,0.0,0.60628,1.0,6,6,1,0.69667,0.90881,0.05665,0.89665,0.56239,0.05902,0.82,0.7,0.06,0.9,0.56,0.06,-3.8246,-0.30823,-0.12221,-72.1382,0.16151,65.0916,double_rcm_log_20260616_135653_209.csv,89.69266,Unknown,Task4_EntryRCM_TipCone,0.0,0.42274420003423685,1.1897008147904726,1.189708910599942,0.720966798938903,1.9820661325613094,4.230248219667491,13.808167448210323,5.89213874037824,11.449342687676745,2.5501082795943337,0.6243434956374029
47.83538,0.0108,92.62304,Done,EntryTipCone,157.5157,3.08225,0.41825,4.23275,4.23275,1.0,4.23275,0.41825,0.0,0.0,0.0,0.60629,1.0,6,6,1,0.69621,0.90855,0.05732,0.89695,0.56257,0.05858,0.82,0.7,0.06,0.9,0.56,0.06,-3.87555,-0.32937,-0.12113,-71.8913,0.16292,65.08862,double_rcm_log_20260616_135653_209.csv,92.62304,Unknown,Task4_EntryRCM_TipCone,0.0,0.4186267323234476,1.178113507162477,1.1781213687134018,0.7185302873974608,1.9752736908707633,4.23365090672339,13.82642042022902,5.149598086684164,38.91900340469956,2.5368948541145317,0.776230418352288
47.87568,0.01057,94.63075,Done,EntryTipCone,157.5211,3.07806,0.50435,4.29528,4.29528,1.0,4.29528,0.50435,0.0,0.0,0.0,0.60627,1.0,6,6,1,0.69576,0.90828,0.05797,0.89726,0.56274,0.05815,0.82,0.7,0.06,0.9,0.56,0.06,-3.92592,-0.35243,-0.11764,-71.6478,0.16612,65.08477,double_rcm_log_20260616_135653_209.csv,94.63075,Unknown,Task4_EntryRCM_TipCone,0.0,0.5041732808477273,1.4188558103951379,1.418869543420557,0.7683567111793911,2.1123479462801598,4.293914298166675,13.87009440777018,6.3324666659741915,68.79139096636136,2.5293375161864753,1.0047630291088043
47.90646,0.00909,109.9544,Done,EntryTipCone,157.5289,3.07154,0.60781,4.38516,4.38516,1.0,4.38516,0.60781,0.0,0.0,0.0,0.60626,1.0,6,6,1,0.69542,0.90807,0.05846,0.8975,0.56287,0.05782,0.82,0.7,0.06,0.9,0.56,0.06,-3.96425,-0.36823,-0.11891,-71.46181,0.16868,65.07899,double_rcm_log_20260616_135653_209.csv,109.9544,Unknown,Task4_EntryRCM_TipCone,0.0,0.6067796278999723,1.7076030224458711,1.7076269621480844,0.8381473637499045,2.3043317068913303,4.386262646034759,13.865804940753666,7.909598245464111,72.61590886184837,2.517874181789491,1.0667336659104971
47.96998,0.04357,22.95224,Done,EntryTipCone,157.5568,3.04994,0.86818,4.67165,4.67165,1.0,4.67165,0.86796,0.0,0.0,0.0,0.60618,1.0,6,6,1,0.69472,0.90762,0.05948,0.89802,0.56314,0.05717,0.82,0.7,0.06,0.9,0.56,0.06,-4.04277,-0.4027,-0.12027,-71.08357,0.1797,65.06426,double_rcm_log_20260616_135653_209.csv,22.95224,Unknown,Task4_EntryRCM_TipCone,0.0,0.8682469385632553,2.443378119575545,2.4434482574065344,1.0308245919754329,2.8345899174307387,4.667858181221814,13.663470813041863,6.829441460005935,46.51895285200923,2.4879838487749666,2.5430830763529784
48.00639,0.03641,27.46574,Done,EntryTipCone,157.5801,3.03222,1.02984,4.88857,4.88857,1.0,4.88857,1.02984,0.0,0.0,0.0,0.60612,1.0,6,6,1,0.69432,0.90736,0.06005,0.89832,0.5633,0.05681,0.82,0.7,0.06,0.9,0.56,0.06,-4.08721,-0.42079,-0.12511,-70.86777,0.18555,65.05204,double_rcm_log_20260616_135653_209.csv,27.46574,Unknown,Task4_EntryRCM_TipCone,0.0,1.0301180893496547,2.8988627781460283,2.898979911628944,1.161782626459077,3.194996328395624,4.887586316373333,13.611929748564398,5.777625678703647,58.223032636064914,2.538573335117747,2.5277946947517584
48.04099,0.00772,129.452,Done,EntryTipCone,157.6061,3.0117,1.18861,5.12656,5.12656,1.0,5.12656,1.18861,0.0,0.0,0.0,0.60606,1.0,6,6,1,0.69395,0.9071,0.06059,0.89861,0.56345,0.05647,0.82,0.7,0.06,0.9,0.56,0.06,-4.12773,-0.4428,-0.12067,-70.65332,0.16827,65.04308,double_rcm_log_20260616_135653_209.csv,129.452,Unknown,Task4_EntryRCM_TipCone,0.0,1.187891686224908,3.3427952084309336,3.3429748255183838,1.2965020152841884,3.565914274822739,5.1279138058278315,13.590473458393769,6.202238711021,23.52693784865729,2.525985192880376,1.7236585772746527
48.09868,0.03423,29.21745,Done,EntryTipCone,157.6597,2.97094,1.45374,5.57051,5.57051,1.0,5.57051,1.45374,0.0,0.0,0.0,0.60592,1.0,6,6,1,0.69334,0.90666,0.06148,0.89911,0.56369,0.05592,0.82,0.7,0.06,0.9,0.56,0.06,-4.19673,-0.47967,-0.11623,-70.32179,0.18437,65.02378,double_rcm_log_20260616_135653_209.csv,29.21745,Unknown,Task4_EntryRCM_TipCone,0.0,1.4547438052983062,4.093585780201955,4.093915671485596,1.5319898662788587,4.214949402014018,5.572665430473992,13.53941728908129,4.820841190229353,25.2399840391822,2.41729358601149,4.002386051061979
