time,phase,mode,tip_entry_error_mm,entry_rcm_error_mm,entry_axis_error_deg,target_rcm_or_tip_error_mm,final_target_tip_error_mm,insertion_progress,insertion_intermediate_error_mm,entry_cone_angle_deg,entry_cone_violation_deg,skull_violation_mm,raw_needle_skull_penetration_mm,unsafe_needle_skull_violation_mm,arm_skull_violation_mm,entry_lambda,target_lambda,entry_segment,target_segment,joint_limits_ok,tool_x,tool_y,tool_z,tip_x,tip_y,tip_z,entry_x,entry_y,entry_z,target_x,target_y,target_z,q0_deg,q1_deg,q2_deg,q3_deg,q4_deg,q5_deg,source_file,fps_est,stage,task_inferred,total_skull_violation_mm,cone_t2_angle_deg_geom,cone_t2_radius_mm_geom,entry_side_distance_to_entry_mm_geom,cone_t4_angle_deg_geom,cone_t4_radius_mm_geom,tip_distance_to_target_mm_geom,tip_speed_mm_s,tip_acc_mm_s2,tip_jerk_mm_s3,joint_speed_rms_deg_s,joint_acc_rms_deg_s2
0.0,ApproachEntry,Double,532.5364,503.186,58.09399,529.4135,529.4135,0.0,532.5364,58.09399,51.09399,0.0,0.0,0.0,0.0,0.92,1.0,6,6,1,0.9194,0.89559,0.11169,1.27235,0.85378,0.29522,0.82,0.7,0.06,0.9,0.56,0.06,0.0,-18.0,26.0,0.0,-14.0,0.0,double_rcm_log_20260616_113317_743.csv,,Unknown,Task3_Insertion,0.0,58.094124804461345,136.8838332447037,156.57803130534026,80.170857067262,524.7214764615605,529.4144494628003,0.0,3.4424266204340943e-11,1.1405746137507944e-09,0.0,4.3628931329284036e-13
0.10638,ApproachEntry,Double,532.5364,503.186,58.09399,529.4135,529.4135,0.0,532.5364,58.09399,51.09399,0.0,0.0,0.0,0.0,0.92,1.0,6,6,1,0.9194,0.89559,0.11169,1.27235,0.85378,0.29522,0.82,0.7,0.06,0.9,0.56,0.06,0.0,-18.0,26.0,0.0,-14.0,0.0,double_rcm_log_20260616_113317_743.csv,9.400263207369806,Unknown,Task3_Insertion,0.0,58.094124804461345,136.8838332447037,156.57803130534026,80.170857067262,524.7214764615605,529.4144494628003,3.66205343881779e-12,9.08264591774897e-11,1.9648942870223526e-09,4.641245714809236e-14,7.390333271859849e-13
0.13781,ApproachEntry,Double,532.5364,503.186,58.09399,529.4135,529.4135,0.0,532.5364,58.09399,51.09399,0.0,0.0,0.0,0.0,0.92,1.0,6,6,1,0.9194,0.89559,0.11169,1.27235,0.85378,0.29522,0.82,0.7,0.06,0.9,0.56,0.06,0.0,-18.0,26.0,0.0,-14.0,0.0,double_rcm_log_20260616_113317_743.csv,31.816735602927153,Unknown,Task3_Insertion,0.0,58.094124804461345,136.8838332447037,156.57803130534026,80.170857067262,524.7214764615605,529.4144494628003,1.9860273225978185e-12,7.064448097700394e-11,1.5442388425599021e-09,3.2818563180946156e-14,3.6345986217206925e-13
0.16811,ApproachEntry,Double,532.5364,503.186,58.09399,529.4135,529.4135,0.0,532.5364,58.09399,51.09399,0.0,0.0,0.0,0.0,0.92,1.0,6,6,1,0.9194,0.89559,0.11169,1.27235,0.85378,0.29522,0.82,0.7,0.06,0.9,0.56,0.06,0.0,-18.0,26.0,0.0,-14.0,0.0,double_rcm_log_20260616_113317_743.csv,33.00330033003298,Unknown,Task3_Insertion,0.0,58.094124804461345,136.8838332447037,156.57803130534026,80.170857067262,524.7214764615605,529.4144494628003,1.9860273225978185e-12,1.1378596373181284e-11,1.0335058073007552e-09,2.320622857404618e-14,6.189874416063054e-13
0.20129,ApproachEntry,Double,532.5364,503.186,58.09399,529.4135,529.4135,0.0,532.5364,58.09399,51.09399,0.0,0.0,0.0,0.0,0.92,1.0,6,6,1,0.9194,0.89559,0.11169,1.27235,0.85378,0.29522,0.82,0.7,0.06,0.9,0.56,0.06,0.0,-18.0,26.0,0.0,-14.0,0.0,double_rcm_log_20260616_113317_743.csv,30.138637733574456,Unknown,Task3_Insertion,0.0,58.094124804461345,136.8838332447037,156.57803130534026,80.170857067262,524.7214764615605,529.4144494628003,1.9860273225978185e-12,6.595492432484997e-11,1.3499013106412516e-09,2.320622857404618e-14,8.521434811053132e-13
0.23131,ApproachEntry,Double,532.5364,503.186,58.09399,529.4135,529.4135,0.0,532.5364,58.09399,51.09399,0.0,0.0,0.0,0.0,0.92,1.0,6,6,1,0.9194,0.89559,0.11169,1.27235,0.85378,0.29522,0.82,0.7,0.06,0.9,0.56,0.06,0.0,-18.0,26.0,0.0,-14.0,0.0,double_rcm_log_20260616_113317_743.csv,33.31112591605597,Unknown,Task3_Insertion,0.0,58.094124804461345,136.8838332447037,156.57803130534026,80.170857067262,524.7214764615605,529.4144494628003,3.552713678800501e-12,8.861194797928754e-11,1.3427617806067822e-09,3.4809342861069267e-14,9.279431222445125e-13
0.26263,ApproachEntry,Double,532.5364,503.186,58.09399,529.4135,529.4135,0.0,532.5364,58.09399,51.09399,0.0,0.0,0.0,0.0,0.92,1.0,6,6,1,0.9194,0.89559,0.11169,1.27235,0.85378,0.29522,0.82,0.7,0.06,0.9,0.56,0.06,0.0,-18.0,26.0,0.0,-14.0,0.0,double_rcm_log_20260616_113317_743.csv,31.928480204342286,Unknown,Task3_Insertion,0.0,58.094124804461345,136.8838332447037,156.57803130534026,80.170857067262,524.7214764615605,529.4144494628003,4.070144838902081e-12,3.031660959017926e-11,40216.27766354656,4.0194366942304644e-14,4.372664737769243e-13
0.29813,ApproachEntry,Double,532.5364,503.186,58.09399,529.4135,529.4135,0.0,532.5364,58.09399,51.09399,0.0,0.0,0.0,0.0,0.92,1.0,6,6,1,0.9194,0.89559,0.11169,1.27235,0.85378,0.29522,0.82,0.7,0.06,0.9,0.56,0.06,0.0,-18.0,26.0,0.0,-14.0,0.0,double_rcm_log_20260616_113317_743.csv,28.16901408450702,Unknown,Task3_Insertion,0.0,58.094124804461345,136.8838332447037,156.57803130534026,80.170857067262,524.7214764615605,529.4144494628003,3.972054645195637e-12,3045.8950960561324,80413.06617815222,3.4809342861069267e-14,141.76289272545438
0.33324,ApproachEntry,Double,532.5364,503.186,58.09399,529.4135,529.4135,0.0,532.5364,58.09399,51.09399,0.0,0.0,0.0,0.0,0.92,1.0,6,6,1,0.9194,0.89559,0.11169,1.27235,0.85378,0.29522,0.82,0.7,0.06,0.9,0.56,0.06,0.0,-18.0,26.0,0.0,-14.0,0.0,double_rcm_log_20260616_113317_743.csv,28.481913984619787,Unknown,Task3_Insertion,0.0,58.094124804461345,136.8838332447037,156.57803130534026,80.170857067262,524.7214764615605,529.4144494628003,212.7079047165912,5682.021627656309,52500.571337043235,9.899910183130647,269.5049586977424
0.46538,ApproachEntry,Double,483.1426,171.6029,50.77913,454.7051,454.7051,0.0,483.1426,50.77913,43.77913,0.0,0.0,0.0,0.0,0.0,1.0,6,6,1,0.86719,0.83016,0.16138,1.21635,0.73838,0.33361,0.82,0.7,0.06,0.9,0.56,0.06,-3.3134,-24.72,32.72,-6.43321,-20.72,6.72,double_rcm_log_20260616_113317_743.csv,7.567731194187981,Unknown,Task3_Insertion,0.0,50.78004508884871,124.92054291138575,138.27669225354455,70.24258682355487,454.7030545379631,454.70779518279653,799.70942354876,2197.4089619336587,24681.773067605027,39.45452475769697,79.41964227644674
0.55419,ApproachEntry,Double,459.8575,143.5506,46.56597,413.725,413.725,0.0,459.8575,46.56597,39.56597,0.0,0.0,0.0,0.0,0.0,1.0,6,6,1,0.85212,0.7983,0.15956,1.19894,0.67975,0.31974,0.82,0.7,0.06,0.9,0.56,0.06,-3.57553,-28.08,36.07998,-9.79321,-24.08,10.08,double_rcm_log_20260616_113317_743.csv,11.259993244004061,Unknown,Task3_Insertion,0.0,46.56653638048302,117.09191877286455,127.4730913237662,63.44420617865096,411.34376584368147,413.7270280027641,770.8783691392977,1535.5547203381404,10911.068426003225,37.2394610605044,29.235637196046802
0.63167,ApproachEntry,Double,439.7092,116.2386,42.22992,374.0263,374.0263,0.0,439.7092,42.22992,35.22992,0.0,0.0,0.0,0.0,0.0,1.0,6,6,1,0.83743,0.76734,0.15313,1.1793,0.62157,0.30103,0.82,0.7,0.06,0.9,0.56,0.06,-3.59416,-31.44,39.43997,-13.15321,-27.44,13.44,double_rcm_log_20260616_113317_743.csv,12.906556530717605,Unknown,Task3_Insertion,0.0,42.23017268983179,108.37458000115707,116.17469879193908,55.92493461745911,364.21208662620654,374.0251539669491,800.8201417224149,729.8738255215155,9233.939280478668,38.029776584498016,13.278150328471861
0.7161,ApproachEntry,Double,423.87,91.22974,37.82867,337.434,337.434,0.0,423.87,37.82867,30.82867,0.0,0.0,0.0,0.0,0.0,1.0,6,6,1,0.82262,0.73751,0.14312,1.1568,0.56459,0.27885,0.82,0.7,0.06,0.9,0.56,0.06,-3.41887,-34.79999,42.79995,-16.51321,-30.8,16.8,double_rcm_log_20260616_113317_743.csv,11.84413123297406,Unknown,Task3_Insertion,0.0,37.82941820139325,98.89369709258821,104.5385519612182,47.809767393087604,314.05307449782816,337.4353724789386,811.8435403728231,783.1768112373346,12368.53465103077,38.12592564637,15.723878341289627
0.79331,ApproachEntry,Double,413.2739,72.07047,33.41547,306.075,306.075,0.0,413.2739,33.41547,26.41547,0.0,0.0,0.0,0.0,0.0,1.0,6,6,1,0.80728,0.70902,0.13036,1.13108,0.5095,0.25425,0.82,0.7,0.06,0.9,0.56,0.06,-3.08941,-38.15998,46.15994,-19.87321,-34.15999,20.16,double_rcm_log_20260616_113317_743.csv,12.951690195570523,Unknown,Task3_Insertion,0.0,33.41587855612901,88.79965514990698,92.71378382646654,39.31479082329165,261.8413840506088,306.07397618876394,852.1831775329521,1709.607805456872,12755.95040961405,40.08025226289656,63.32150411821152
0.86931,ApproachEntry,Double,408.6336,67.88527,29.08459,282.9949,282.9949,0.0,408.6336,29.08458,22.08458,2.56976,2.56976,2.56976,0.0,0.0,1.0,6,6,1,0.78964,0.68206,0.11801,1.10022,0.45693,0.23139,0.82,0.7,0.06,0.9,0.56,0.06,-2.78485,-41.51996,49.51992,-23.23321,-37.51998,23.52,double_rcm_log_20260616_113317_743.csv,13.157894736842094,Unknown,Task3_Insertion,2.56976,29.084921373965017,78.38214240526274,80.97648122477092,31.052991999220023,210.78534229071846,282.99470913782113,810.5004229749027,2013.7143718061984,17836.54938841204,35.05055956476458,71.87184652156932
0.94686,ApproachEntry,Double,411.1765,101.474,25.96296,277.1941,277.1941,0.0,411.1765,25.96296,18.96296,0.0,0.0,0.0,0.0,0.0,1.0,6,6,1,0.75775,0.65639,0.12723,1.05563,0.41239,0.23558,0.82,0.7,0.06,0.9,0.56,0.06,-3.98994,-44.87995,52.87991,-23.23321,-40.87996,25.2,double_rcm_log_20260616_113317_743.csv,12.894906511927788,Unknown,Task3_Insertion,0.0,25.96261373653231,70.59064217854875,72.44201339662204,26.921262785110088,186.1683657710035,277.19622183572426,818.8499979688037,1410.8649137298642,33983.442975709695,35.23399279295575,68.24413933953406
1.02242,ApproachEntry,Double,417.9554,123.5432,21.96487,275.5233,275.5233,0.0,417.9554,21.96487,14.96487,0.0,0.0,0.0,0.0,0.0,1.0,6,6,1,0.73433,0.63268,0.11823,1.01515,0.3659,0.21804,0.82,0.7,0.06,0.9,0.56,0.06,-3.95531,-48.23993,56.23989,-26.59321,-44.23995,28.56,double_rcm_log_20260616_113317_743.csv,13.234515616728416,Unknown,Task3_Insertion,0.0,21.965690111882466,60.31396137727805,61.439266415855705,22.22426643336392,158.0827838872357,275.5194622889643,803.0959047045206,3450.0074296381104,5717.804215320283,38.75674273325808,96.57455338773323
1.10627,ApproachEntry,Double,428.0878,139.672,17.89595,279.0169,279.0169,0.0,428.0878,17.89594,10.89594,0.0,0.0,0.0,0.0,0.0,1.0,6,6,1,0.71822,0.61093,0.09487,0.98175,0.32311,0.18268,0.82,0.7,0.06,0.9,0.56,0.06,-3.02087,-51.59992,59.59988,-29.95321,-47.59993,31.92,double_rcm_log_20260616_113317_743.csv,11.926058437686347,Unknown,Task3_Insertion,0.0,17.89596723437719,49.54896546485843,50.159407780233565,17.84929345307534,131.2151757229324,279.0166966330152,840.3514453140041,1620.303199674128,38949.6820621761,39.46363305103792,35.221454182191614
1.17853,ApproachEntry,Double,440.1549,153.0244,14.23151,286.4997,286.4997,0.0,440.1549,14.23151,7.23151,0.0,0.0,0.0,0.0,0.0,1.0,6,6,1,0.711,0.59265,0.05666,0.96069,0.28877,0.12953,0.82,0.7,0.06,0.9,0.56,0.06,-1.10178,-54.9599,62.95987,-33.31321,-50.11992,35.27999,double_rcm_log_20260616_113317_743.csv,13.838915029061724,Unknown,Task3_Insertion,0.0,14.231081458777615,39.63942024272686,39.94707761029155,14.124862287956017,107.4140920850778,286.5020242511386,744.5845140380748,3292.6852340349114,40289.70315766917,41.44598101176348,60.29993528465803
1.24935,ApproachEntry,Double,446.9966,170.6187,11.63064,296.4237,296.4237,0.0,446.9966,11.63064,4.63064,0.0,0.0,0.0,0.0,0.0,1.0,6,6,1,0.69393,0.58656,0.04134,0.92754,0.26881,0.10813,0.82,0.7,0.06,0.9,0.56,0.06,-0.44686,-57.46249,66.31985,-36.67319,-53.47991,38.63998,double_rcm_log_20260616_113317_743.csv,14.120304998587994,Unknown,Task3_Insertion,0.0,11.630117483061268,32.50586329668836,32.673999963098794,16.882396024618924,129.8115449944503,296.42294884168473,499.3756689919148,6271.71277856344,27870.834072727062,40.36776011447673,109.12496453787682
1.32138,ApproachEntry,Double,441.4666,176.1845,10.17154,293.6693,293.6693,0.0,441.4666,10.17154,3.17154,0.0,0.0,0.0,0.0,0.0,1.0,6,6,1,0.68305,0.5943,0.02663,0.90543,0.26792,0.09003,0.82,0.7,0.06,0.9,0.56,0.06,0.37451,-59.0253,69.67984,-40.03318,-56.83989,41.99996,double_rcm_log_20260616_113317_743.csv,13.883104262113001,Unknown,Task3_Insertion,0.0,10.171774040330302,28.475873200571183,28.588427800365928,18.95198895292762,143.37780938700195,293.669903463055,373.5045626877374,6186.46951447098,39168.292448146174,36.574484675867,117.15169672944877
1.39149,ApproachEntry,Double,395.3968,153.2515,11.63909,245.2836,245.2836,0.0,395.3968,11.63909,4.63909,0.0,0.0,0.0,0.0,0.0,1.0,6,6,1,0.68422,0.6373,0.02656,0.9147,0.31778,0.09572,0.82,0.7,0.06,0.9,0.56,0.06,0.68512,-58.13689,73.03983,-43.39316,-58.51989,45.35995,double_rcm_log_20260616_113317_743.csv,14.26330052774214,Unknown,Task3_Insertion,0.0,11.63945499608351,32.53160153732503,32.7001428088186,16.63567508655499,113.19527418784578,245.280526744379,573.8247190042844,2150.0317534330375,52548.05688509527,33.007848361442065,63.750000464716294
1.46343,ApproachEntry,Double,364.3948,154.6447,12.0764,216.3666,216.3666,0.0,364.3948,12.0764,5.0764,4.67952,4.67952,4.67952,0.0,0.0,1.0,6,6,1,0.67194,0.66601,0.03106,0.90365,0.34791,0.10264,0.82,0.7,0.06,0.9,0.56,0.06,0.33202,-58.03291,76.39981,-45.07315,-61.87987,47.87994,double_rcm_log_20260616_113317_743.csv,13.900472616068924,Unknown,Task3_Insertion,4.67952,12.07661656527392,33.73562982719413,33.9238466301106,17.67008929994105,110.60653201604066,216.36464637273815,513.0075931821742,1291.4233403446185,60546.14533787441,34.03801957839136,85.00764684016325
1.53407,ApproachEntry,Double,333.0305,167.1482,13.22105,191.3788,191.3788,0.0,333.0305,13.22103,6.22103,3.2351,3.2351,3.2351,0.0,0.0,1.0,6,6,1,0.65388,0.69541,0.04211,0.88586,0.37948,0.12194,0.82,0.7,0.06,0.9,0.56,0.06,-0.42236,-58.03291,79.7598,-48.43314,-64.39986,51.23992,double_rcm_log_20260616_113317_743.csv,14.15628539071347,Unknown,Task3_Insertion,3.2351,13.22028328359721,36.8760433598187,37.12282081618624,20.97250006636933,119.19706743940424,191.37391044758434,437.0508733898645,6445.137120547534,21908.708636883897,33.5700610739868,226.16779921642444
1.60728,ApproachEntry,Double,302.4587,170.1626,14.01546,154.0953,154.0953,0.0,302.4587,14.01546,7.01546,32.15689,32.15689,32.15689,0.0,0.0,1.0,6,6,1,0.65598,0.71849,0.01864,0.89879,0.41025,0.09632,0.82,0.7,0.06,0.9,0.56,0.06,1.01848,-58.87291,83.11978,-51.79313,-63.55987,54.59991,double_rcm_log_20260616_113317_743.csv,13.659336156262807,Unknown,Task3_Insertion,32.15689,14.015915716144397,39.052192502693636,39.34613902692044,16.05420550277992,83.64430707557968,154.09629781406176,655.2790525104267,4126.532716654701,72683.13202196192,32.72338372271395,163.6061247965105
1.68381,ApproachEntry,Double,319.2913,170.59,11.77244,166.1168,166.1168,0.0,319.2913,11.77244,4.77244,18.29857,18.29857,18.29857,0.0,0.0,1.0,6,6,1,0.67517,0.70985,-0.0296,0.91815,0.39768,0.02968,0.82,0.7,0.06,0.9,0.56,0.06,4.14893,-60.34945,83.55395,-55.15311,-60.76196,57.95989,double_rcm_log_20260616_113317_743.csv,13.066771200836275,Unknown,Task3_Insertion,18.29857,11.771911859484636,32.89661678760351,33.07096748193022,12.943579953300075,71.51964000296607,166.1219651340545,384.51435471113035,4804.8041051608325,43766.6521692035,27.289202492271194,112.88166313206081
1.75685,ApproachEntry,Double,309.0671,181.7944,12.61387,157.5146,157.5146,0.0,309.0671,12.61387,5.61387,19.00635,19.00635,19.00635,0.0,0.0,1.0,6,6,1,0.66049,0.71303,-0.02623,0.90729,0.40448,0.03611,0.82,0.7,0.06,0.9,0.56,0.06,3.60258,-62.20057,86.04107,-57.01516,-58.78189,59.63988,double_rcm_log_20260616_113317_743.csv,13.691128148959475,Unknown,Task3_Insertion,19.00635,12.614914836611621,35.215502907657154,35.4299724209559,13.996250537653168,74.75042464505066,157.51300454248218,132.84032662228114,3227.538280375607,26804.27269000671,24.7919771285105,82.64994245172562
1.84513,ApproachEntry,Double,301.2121,184.5207,12.4982,149.8958,149.8958,0.0,301.2121,12.4982,5.4982,21.39454,21.39454,21.39454,0.0,0.0,1.0,6,6,1,0.65795,0.72054,-0.02582,0.90598,0.41249,0.03406,0.82,0.7,0.06,0.9,0.56,0.06,3.47019,-62.67555,86.80791,-60.37515,-55.4219,62.99987,double_rcm_log_20260616_113317_743.csv,11.32759401903037,Unknown,Task3_Insertion,21.39454,12.498613513380732,34.89602963913216,35.10463346927933,13.98122051848191,72.77348908665965,149.89277534290974,84.83330871661653,903.4101603830987,16621.548611194863,29.4806297112021,68.60389404569032
1.92158,ApproachEntry,Double,299.5984,187.6002,11.76318,150.6479,150.6479,0.0,299.5984,11.76318,4.76318,18.44341,18.44341,18.44341,0.0,0.0,1.0,6,6,1,0.65187,0.72258,-0.02011,0.89598,0.41105,0.03783,0.82,0.7,0.06,0.9,0.56,0.06,2.92624,-63.31004,87.23758,-63.73513,-52.06192,66.35986,double_rcm_log_20260616_113317_743.csv,13.080444735120972,Unknown,Task3_Insertion,18.44341,11.763415525189545,32.87320844711302,33.04718256558851,15.587368227540393,80.50314872962817,150.64452130761347,172.41878423561096,873.9523398063576,16061.427821652473,32.89803981371917,48.20270103293672
1.99258,ApproachEntry,Double,298.1726,193.215,10.9167,153.1585,153.1585,0.0,298.1726,10.9167,3.9167,12.42364,12.42364,12.42364,0.0,0.0,1.0,6,6,1,0.64373,0.72503,-0.01506,0.88229,0.40899,0.04155,0.82,0.7,0.06,0.9,0.56,0.06,2.33771,-64.1258,88.01015,-67.09512,-48.70193,69.71984,double_rcm_log_20260616_113317_743.csv,14.08450704225353,Unknown,Task3_Insertion,12.42364,10.916007746628257,30.53496000144233,30.67403043899687,18.004755607090672,92.16412806259535,153.16026475558212,190.65804129432868,1591.1085856961536,7328.134174013994,30.90484742407882,66.04259340165858
2.06526,ApproachEntry,Double,275.4912,205.4404,11.7215,132.05,132.05,0.0,275.4912,11.7215,4.7215,20.88102,20.88102,20.88102,0.0,0.0,1.0,6,6,1,0.63485,0.74366,-0.01759,0.87744,0.43119,0.04168,0.82,0.7,0.06,0.9,0.56,0.06,2.15734,-64.81929,90.58576,-69.61511,-46.18194,72.23983,double_rcm_log_20260616_113317_743.csv,13.758943313153576,Unknown,Task3_Insertion,20.88102,11.722062233258624,32.75926524314922,32.93141421491175,18.076745184366704,85.48142772645919,132.0476887340328,245.19164830997644,957.4432470457775,17414.13867193195,31.541332996138195,56.191565764352106
2.13721,ApproachEntry,Double,265.7875,216.4942,11.31689,128.6194,128.6194,0.0,265.7875,11.31689,4.31689,17.61671,17.61671,17.61671,0.0,0.0,1.0,6,6,1,0.62446,0.75394,-0.01567,0.8621,0.43799,0.04519,0.82,0.7,0.06,0.9,0.56,0.06,1.63936,-65.60197,92.27965,-72.9751,-42.82196,75.59982,double_rcm_log_20260616_113317_743.csv,13.898540653231375,Unknown,Task3_Insertion,17.61671,11.317054988967426,31.642431705466436,31.797373946872202,20.851909848263723,94.6067164716041,128.61643052114306,231.07611201657423,2472.771976191906,9167.651963561466,26.764549828901977,235.03391762488536
2.21093,ApproachEntry,Double,242.9555,223.0655,11.91623,103.8249,103.8249,0.0,242.9555,11.91623,4.91623,31.71013,31.71013,31.71013,0.0,0.0,1.0,6,6,1,0.63086,0.77752,-0.0293,0.87061,0.46375,0.03447,0.82,0.7,0.06,0.9,0.56,0.06,2.63598,-64.53362,93.30111,-75.4954,-41.98196,77.72882,double_rcm_log_20260616_113317_743.csv,13.564839934888807,Unknown,Task3_Insertion,31.71013,11.916340514870384,33.294422619566504,33.47525786810282,18.62453356750116,77.59140430188434,103.82492716106289,352.82502532073926,1393.0618691185825,27569.316143178017,28.342556392430367,291.4659864622261
2.28288,ApproachEntry,Double,237.329,220.9314,10.52587,97.53194,97.53194,0.0,237.329,10.52585,3.52585,30.76108,30.76108,30.76108,0.0,0.0,1.0,6,6,1,0.65206,0.79694,-0.04587,0.88167,0.47519,0.01545,0.82,0.7,0.06,0.9,0.56,0.06,4.50534,-61.17363,91.08516,-78.85538,-45.34195,81.08881,double_rcm_log_20260616_113317_743.csv,13.898540653231375,Unknown,Task3_Insertion,30.76108,10.524443134968662,29.452230297994497,29.57688542315007,17.946344194670175,73.1288288938407,97.5368007472052,227.1243105853848,1722.879736740037,15291.297346339377,40.49812026848781,139.2999661890252
2.35533,ApproachEntry,Double,232.2888,218.3405,9.12036,93.11724,93.11724,0.0,232.2888,9.12036,2.12036,32.46877,32.46877,32.46877,0.0,0.0,1.0,6,6,1,0.66625,0.81242,-0.04674,0.88439,0.4822,0.01128,0.82,0.7,0.06,0.9,0.56,0.06,5.18772,-57.81364,88.27629,-81.65142,-48.70193,84.44879,double_rcm_log_20260616_113317_743.csv,13.80262249827469,Unknown,Task3_Insertion,32.46877,9.120231307875653,25.558440000720182,25.639603075179387,17.893444739312034,71.36919362345034,93.11364293163491,105.83901454635384,1033.0730333992767,11741.126127347497,40.83481418171055,41.10378921139938
2.4264,ApproachEntry,Double,228.5573,216.3619,7.926,90.4794,90.4794,0.0,228.5573,7.926,0.926,32.8623,32.8623,32.8623,0.0,0.0,1.0,6,6,1,0.68019,0.82622,-0.04646,0.88601,0.48753,0.00766,0.82,0.7,0.06,0.9,0.56,0.06,5.75137,-54.45366,85.05553,-84.55692,-52.06192,87.80878,double_rcm_log_20260616_113317_743.csv,14.070634585619775,Unknown,Task3_Insertion,32.8623,7.926408044419534,22.235878513365492,22.289179901667428,18.12049924944041,71.0863516165646,90.48257622327077,90.25192042205369,196.9094963804239,9122.805926279936,38.26464452167679,29.88911745200184
2.51761,ApproachEntry,Double,222.8111,217.5248,7.4941,86.25179,86.25179,0.0,222.8111,7.4941,0.4941,33.56496,33.56496,33.56496,0.0,0.0,1.0,6,6,1,0.69375,0.84103,-0.04718,0.88735,0.49489,0.00486,0.82,0.7,0.06,0.9,0.56,0.06,6.3432,-51.09367,81.69554,-87.91691,-55.4219,91.16876,double_rcm_log_20260616_113317_743.csv,10.963710119504466,Unknown,Task3_Insertion,33.56496,7.493709035631853,21.029163026232737,21.074208888463858,18.33762896813585,70.10116800299852,86.25400976186562,119.3601807693414,863.6913569449957,4301.112970310895,37.46760816921556,21.115608083888947
2.59336,ApproachEntry,Double,214.3531,222.1287,7.48546,79.99013,79.99013,0.0,214.3531,7.48546,0.48545,34.33641,34.33641,34.33641,0.0,0.0,1.0,6,6,1,0.70594,0.8575,-0.04736,0.88933,0.50551,0.00242,0.82,0.7,0.06,0.9,0.56,0.06,6.81635,-47.73369,78.33556,-91.27689,-58.78189,94.52875,double_rcm_log_20260616_113317_743.csv,13.201320132013166,Unknown,Task3_Insertion,34.33641,7.4853609623203425,21.00586981862761,21.05076541067055,18.514213547488666,68.06656114535136,79.99040817498062,199.90037422340234,968.489262659808,3488.32347978822,40.04015886601154,31.83774534842614
2.66623,ApproachEntry,Double,197.4444,231.6817,7.40976,65.44346,65.44346,0.0,197.4444,7.40976,0.40976,41.81126,41.81126,41.81126,0.0,0.0,1.0,6,6,1,0.71277,0.87879,-0.04106,0.89133,0.52397,0.00606,0.82,0.7,0.06,0.9,0.56,0.06,6.73561,-44.3737,75.44134,-94.22305,-62.00316,97.88873,double_rcm_log_20260616_113317_743.csv,13.723068478111708,Unknown,Task3_Insertion,41.81126,7.410393966975984,20.796673271381746,20.840234346188993,17.576140275135927,59.62268155144164,65.44351304751298,245.0594212790763,510.0095407359474,5629.046327044569,41.22890745638824,22.07379882159935
2.73781,ApproachEntry,Double,183.4978,241.86,7.62463,55.87706,55.87706,0.0,183.4978,7.62463,0.62463,45.92928,45.92928,45.92928,0.0,0.0,1.0,6,6,1,0.72101,0.8981,-0.03723,0.89378,0.5402,0.00812,0.82,0.7,0.06,0.9,0.56,0.06,6.81046,-41.01372,72.08135,-97.58303,-65.36314,101.2487,double_rcm_log_20260616_113317_743.csv,13.97038278848841,Unknown,Task3_Insertion,45.92928,7.62402684176707,21.39272403202501,21.44015930257298,17.136641670320227,54.06759922683683,55.87721181304594,252.94064484929314,823.2034809187201,4402.6520915419005,42.42252213062981,22.140866944216146
2.81088,ApproachEntry,Double,165.6484,253.9797,7.85975,44.0797,44.0797,0.0,165.6484,7.85975,0.85975,55.39679,55.39679,55.39679,0.0,0.0,1.0,6,6,1,0.72592,0.9187,-0.02847,0.8951,0.559,0.0162,0.82,0.7,0.06,0.9,0.56,0.06,6.50838,-37.65373,68.72137,-100.943,-68.72313,104.6087,double_rcm_log_20260616_113317_743.csv,13.685507048036136,Unknown,Task3_Insertion,55.39679,7.859921130119014,22.05053985703414,22.102512223108402,15.424352863210611,44.05686709766752,44.08457780222014,302.31558182770465,1088.7361583477718,7024.299632370053,40.14444525309473,28.94294300765636
2.89178,ApproachEntry,Double,143.5558,268.0987,8.10215,34.43626,34.43626,0.0,143.5558,8.10215,1.10215,72.48029,72.48029,72.48029,0.0,0.0,1.0,6,6,1,0.72649,0.94044,-0.01293,0.89423,0.5802,0.03271,0.82,0.7,0.06,0.9,0.56,0.06,5.72098,-34.29375,65.36138,-104.303,-72.08311,107.9687,double_rcm_log_20260616_113317_743.csv,12.360939431396824,Unknown,Task3_Insertion,72.48029,8.102052331252938,22.725359134229233,22.78227994692672,11.144647000856002,27.746471598274354,34.43946863701588,370.7474374986966,446.3522218391487,21330.190644014678,40.71488239560377,79.45774378643573
2.96353,ApproachEntry,Double,122.272,285.3782,8.20459,45.11699,45.11699,0.0,122.272,8.20459,1.20459,80.35741,80.35741,80.35741,0.0,0.0,1.0,6,6,1,0.72587,0.96321,0.00257,0.89458,0.60364,0.04989,0.82,0.7,0.06,0.9,0.56,0.06,4.88098,-30.93376,62.0014,-107.663,-75.4431,111.3287,double_rcm_log_20260616_113317_743.csv,13.937282229965117,Unknown,Task3_Insertion,80.35741,8.203851831096177,23.00895368961062,23.068045276899717,9.28731050976069,19.732367357680655,45.122478876941045,277.53771700506803,2175.954483380048,12126.654533501487,31.014919866782378,225.60760765076108
3.03357,ApproachEntry,Double,115.6567,294.5786,7.85361,56.60511,56.60511,0.0,115.6567,7.85361,0.85361,68.93009,68.93009,68.93009,0.0,0.0,1.0,6,6,1,0.72376,0.9722,0.0015,0.89856,0.61571,0.05005,0.82,0.7,0.06,0.9,0.56,0.06,4.88098,-30.09376,61.57118,-109.343,-77.96309,113.0087,double_rcm_log_20260616_113317_743.csv,14.27755568246714,Unknown,Task3_Insertion,68.93009,7.8532900965125005,22.032053581816534,22.083894622014547,14.114527987031703,28.203104057205096,56.60989489479725,91.72878915983928,1977.7368675056134,12912.137798041369,10.576249621650065,220.73518530054895
3.10516,ApproachEntry,Double,115.6567,294.5786,7.85361,56.60511,56.60511,0.0,115.6567,7.85361,0.85361,68.93009,68.93009,68.93009,0.0,0.0,1.0,6,6,1,0.72376,0.9722,0.0015,0.89856,0.61571,0.05005,0.82,0.7,0.06,0.9,0.56,0.06,4.88098,-30.09376,61.57118,-109.343,-77.96309,113.0087,double_rcm_log_20260616_113317_743.csv,13.96843134515993,Unknown,Task3_Insertion,68.93009,7.8532900965125005,22.032053581816534,22.083894622014547,14.114527987031703,28.203104057205096,56.60989489479725,0.0,631.3938095549194,13843.558666406805,2.9007785717557725e-15,72.79915717388612
3.17471,ApproachEntry,Double,115.6567,294.5786,7.85361,56.60511,56.60511,0.0,115.6567,7.85361,0.85361,68.93009,68.93009,68.93009,0.0,0.0,1.0,6,6,1,0.72376,0.9722,0.0015,0.89856,0.61571,0.05005,0.82,0.7,0.06,0.9,0.56,0.06,4.88098,-30.09376,61.57118,-109.343,-77.96309,113.0087,double_rcm_log_20260616_113317_743.csv,14.378145219266715,Unknown,Task3_Insertion,68.93009,7.8532900965125005,22.032053581816534,22.083894622014547,14.114527987031703,28.203104057205096,56.60989489479725,0.0,3.33368542888002e-13,4808.346885645925,3.4809342861069267e-14,3.127057450855803e-13
3.25303,ApproachEntry,Double,115.6567,294.5786,7.85361,56.60511,56.60511,0.0,115.6567,7.85361,0.85361,68.93009,68.93009,68.93009,0.0,0.0,1.0,6,6,1,0.72376,0.9722,0.0015,0.89856,0.61571,0.05005,0.82,0.7,0.06,0.9,0.56,0.06,4.88098,-30.09376,61.57118,-109.343,-77.96309,113.0087,double_rcm_log_20260616_113317_743.csv,12.768130745658882,Unknown,Task3_Insertion,68.93009,7.8532900965125005,22.032053581816534,22.083894622014547,14.114527987031703,28.203104057205096,56.60989489479725,5.551115123125783e-14,9.225307653101923e-14,6.733805414647263e-11,5.317214951750687e-14,2.0807508499166794e-13
3.32233,ApproachEntry,Double,115.6567,294.5786,7.85361,56.60511,56.60511,0.0,115.6567,7.85361,0.85361,68.93009,68.93009,68.93009,0.0,0.0,1.0,6,6,1,0.72376,0.9722,0.0015,0.89856,0.61571,0.05005,0.82,0.7,0.06,0.9,0.56,0.06,4.88098,-30.09376,61.57118,-109.343,-77.96309,113.0087,double_rcm_log_20260616_113317_743.csv,14.4300144300144,Unknown,Task3_Insertion,68.93009,7.8532900965125005,22.032053581816534,22.083894622014547,14.114527987031703,28.203104057205096,56.60989489479725,0.0,8.781212231907214e-12,6.483803272449037e-11,0.0,4.971232912138555e-13
3.39315,ApproachEntry,Double,115.6567,294.5786,7.85361,56.60511,56.60511,0.0,115.6567,7.85361,0.85361,68.93009,68.93009,68.93009,0.0,0.0,1.0,6,6,1,0.72376,0.9722,0.0015,0.89856,0.61571,0.05005,0.82,0.7,0.06,0.9,0.56,0.06,4.88098,-30.09376,61.57118,-109.343,-77.96309,113.0087,double_rcm_log_20260616_113317_743.csv,14.120304998587994,Unknown,Task3_Insertion,68.93009,7.8532900965125005,22.032053581816534,22.083894622014547,14.114527987031703,28.203104057205096,56.60989489479725,1.25607396694702e-12,8.889840038880915e-12,6.22902495230465e-11,5.317214951750687e-14,4.951185101734077e-13
3.46376,ApproachEntry,Double,115.6567,294.5786,7.85361,56.60511,56.60511,0.0,115.6567,7.85361,0.85361,68.93009,68.93009,68.93009,0.0,0.0,1.0,6,6,1,0.72376,0.9722,0.0015,0.89856,0.61571,0.05005,0.82,0.7,0.06,0.9,0.56,0.06,4.88098,-30.09376,61.57118,-109.343,-77.96309,113.0087,double_rcm_log_20260616_113317_743.csv,14.162299957513044,Unknown,Task3_Insertion,68.93009,7.8532900965125005,22.032053581816534,22.083894622014547,14.114527987031703,28.203104057205096,56.60989489479725,1.2609709600486848e-12,4.604159126097871e-14,1.794851733547583e-10,6.967909240224255e-14,7.376723497738453e-13
3.5365,ApproachEntry,Double,115.6567,294.5786,7.85361,56.60511,56.60511,0.0,115.6567,7.85361,0.85361,68.93009,68.93009,68.93009,0.0,0.0,1.0,6,6,1,0.72376,0.9722,0.0015,0.89856,0.61571,0.05005,0.82,0.7,0.06,0.9,0.56,0.06,4.88098,-30.09376,61.57118,-109.343,-77.96309,113.0087,double_rcm_log_20260616_113317_743.csv,13.747594171020067,Unknown,Task3_Insertion,68.93009,7.8532900965125005,22.032053581816534,22.083894622014547,14.114527987031703,28.203104057205096,56.60989489479725,1.25607396694702e-12,1.707707145762e-11,9.515108127243042e-11,7.057898881987199e-14,4.829244499939377e-13
3.60983,ApproachEntry,Double,115.6567,294.5786,7.85361,56.60511,56.60511,0.0,115.6567,7.85361,0.85361,68.93009,68.93009,68.93009,0.0,0.0,1.0,6,6,1,0.72376,0.9722,0.0015,0.89856,0.61571,0.05005,0.82,0.7,0.06,0.9,0.56,0.06,4.88098,-30.09376,61.57118,-109.343,-77.96309,113.0087,double_rcm_log_20260616_113317_743.csv,13.636983499249986,Unknown,Task3_Insertion,68.93009,7.8532900965125005,22.032053581816534,22.083894622014547,14.114527987031703,28.203104057205096,56.60989489479725,1.25607396694702e-12,1.3744897632950025e-11,1.7081580962454562e-10,1.160311428702309e-14,5.044327788465423e-13
3.68436,ApproachEntry,Double,115.6567,294.5786,7.85361,56.60511,56.60511,0.0,115.6567,7.85361,0.85361,68.93009,68.93009,68.93009,0.0,0.0,1.0,6,6,1,0.72376,0.9722,0.0015,0.89856,0.61571,0.05005,0.82,0.7,0.06,0.9,0.56,0.06,4.88098,-30.09376,61.57118,-109.343,-77.96309,113.0087,double_rcm_log_20260616_113317_743.csv,13.417415805715862,Unknown,Task3_Insertion,68.93009,7.8532900965125005,22.032053581816534,22.083894622014547,14.114527987031703,28.203104057205096,56.60989489479725,8.899114524108742e-13,8.461602227685082e-12,1.6820715828313315e-10,1.160311428702309e-14,3.23943296830558e-13
3.75843,ApproachEntry,Double,115.6567,294.5786,7.85361,56.60511,56.60511,0.0,115.6567,7.85361,0.85361,68.93009,68.93009,68.93009,0.0,0.0,1.0,6,6,1,0.72376,0.9722,0.0015,0.89856,0.61571,0.05005,0.82,0.7,0.06,0.9,0.56,0.06,4.88098,-30.09376,61.57118,-109.343,-77.96309,113.0087,double_rcm_log_20260616_113317_743.csv,13.500742540839692,Unknown,Task3_Insertion,68.93009,7.8532900965125005,22.032053581816534,22.083894622014547,14.114527987031703,28.203104057205096,56.60989489479725,5.551115123125783e-14,1.2076586194466304e-11,6.088195650641249e-11,4.641245714809236e-14,3.289927916887692e-13
3.83153,ApproachEntry,Double,115.6567,294.5786,7.85361,56.60511,56.60511,0.0,115.6567,7.85361,0.85361,68.93009,68.93009,68.93009,0.0,0.0,1.0,6,6,1,0.72376,0.9722,0.0015,0.89856,0.61571,0.05005,0.82,0.7,0.06,0.9,0.56,0.06,4.88098,-30.09376,61.57118,-109.343,-77.96309,113.0087,double_rcm_log_20260616_113317_743.csv,13.679890560875565,Unknown,Task3_Insertion,68.93009,7.8532900965125005,22.032053581816534,22.083894622014547,14.114527987031703,28.203104057205096,56.60989489479725,8.881784197001252e-13,6.021565078450869e-13,1.2962301494469466e-10,4.641245714809236e-14,4.410001947963233e-13
3.90189,ApproachEntry,Double,115.6567,294.5786,7.85361,56.60511,56.60511,0.0,115.6567,7.85361,0.85361,68.93009,68.93009,68.93009,0.0,0.0,1.0,6,6,1,0.72376,0.9722,0.0015,0.89856,0.61571,0.05005,0.82,0.7,0.06,0.9,0.56,0.06,4.88098,-30.09376,61.57118,-109.343,-77.96309,113.0087,double_rcm_log_20260616_113317_743.csv,14.212620807276867,Unknown,Task3_Insertion,68.93009,7.8532900965125005,22.032053581816534,22.083894622014547,14.114527987031703,28.203104057205096,56.60989489479725,0.0,6.757862782499732e-12,2.9056530859897064e-11,7.431033801933001e-14,4.827183163915529e-13
3.98276,ApproachEntry,Double,115.6567,294.5786,7.85361,56.60511,56.60511,0.0,115.6567,7.85361,0.85361,68.93009,68.93009,68.93009,0.0,0.0,1.0,6,6,1,0.72376,0.9722,0.0015,0.89856,0.61571,0.05005,0.82,0.7,0.06,0.9,0.56,0.06,4.88098,-30.09376,61.57118,-109.343,-77.96309,113.0087,double_rcm_log_20260616_113317_743.csv,12.365524916532706,Unknown,Task3_Insertion,68.93009,7.8532900965125005,22.032053581816534,22.083894622014547,14.114527987031703,28.203104057205096,56.60989489479725,5.551115123125783e-14,6.5679115326616555e-12,1.2965682864169125e-10,2.320622857404618e-14,3.1770052368074073e-13
4.05445,ApproachEntry,Double,115.6567,294.5786,7.85361,56.60511,56.60511,0.0,115.6567,7.85361,0.85361,68.93009,68.93009,68.93009,0.0,0.0,1.0,6,6,1,0.72376,0.9722,0.0015,0.89856,0.61571,0.05005,0.82,0.7,0.06,0.9,0.56,0.06,4.88098,-30.09376,61.57118,-109.343,-77.96309,113.0087,double_rcm_log_20260616_113317_743.csv,13.948946854512435,Unknown,Task3_Insertion,68.93009,7.8532900965125005,22.032053581816534,22.083894622014547,14.114527987031703,28.203104057205096,56.60989489479725,8.881784197001252e-13,1.3972909518936427e-11,1.3465855650535283e-10,5.189070459296527e-14,5.95462566174081e-13
4.1253,ApproachEntry,Double,115.6567,294.5786,7.85361,56.60511,56.60511,0.0,115.6567,7.85361,0.85361,68.93009,68.93009,68.93009,0.0,0.0,1.0,6,6,1,0.72376,0.9722,0.0015,0.89856,0.61571,0.05005,0.82,0.7,0.06,0.9,0.56,0.06,4.88098,-30.09376,61.57118,-109.343,-77.96309,113.0087,double_rcm_log_20260616_113317_743.csv,14.11432604093153,Unknown,Task3_Insertion,68.93009,7.8532900965125005,22.032053581816534,22.083894622014547,14.114527987031703,28.203104057205096,56.60989489479725,1.9891280697202824e-12,1.226489197084974e-11,1.818241508429823e-10,9.354729806494551e-14,3.645331878493016e-13
4.19677,ApproachEntry,Double,115.6567,294.5786,7.85361,56.60511,56.60511,0.0,115.6567,7.85361,0.85361,68.93009,68.93009,68.93009,0.0,0.0,1.0,6,6,1,0.72376,0.9722,0.0015,0.89856,0.61571,0.05005,0.82,0.7,0.06,0.9,0.56,0.06,4.88098,-30.09376,61.57118,-109.343,-77.96309,113.0087,double_rcm_log_20260616_113317_743.csv,13.991884706870074,Unknown,Task3_Insertion,68.93009,7.8532900965125005,22.032053581816534,22.083894622014547,14.114527987031703,28.203104057205096,56.60989489479725,8.881784197001252e-13,1.1734098652115062e-11,1.288681118260047e-10,6.665481691674458e-14,6.576429541304974e-13
4.26998,ApproachEntry,Double,115.6567,294.5786,7.85361,56.60511,56.60511,0.0,115.6567,7.85361,0.85361,68.93009,68.93009,68.93009,0.0,0.0,1.0,6,6,1,0.72376,0.9722,0.0015,0.89856,0.61571,0.05005,0.82,0.7,0.06,0.9,0.56,0.06,4.88098,-30.09376,61.57118,-109.343,-77.96309,113.0087,double_rcm_log_20260616_113317_743.csv,13.659336156262723,Unknown,Task3_Insertion,68.93009,7.8532900965125005,22.032053581816534,22.083894622014547,14.114527987031703,28.203104057205096,56.60989489479725,4.440892098500626e-13,6.711644246471055e-12,6.050754381397185e-11,1.169341225811819e-14,5.493773919282215e-13
4.34871,ApproachEntry,Double,115.6567,294.5786,7.85361,56.60511,56.60511,0.0,115.6567,7.85361,0.85361,68.93009,68.93009,68.93009,0.0,0.0,1.0,6,6,1,0.72376,0.9722,0.0015,0.89856,0.61571,0.05005,0.82,0.7,0.06,0.9,0.56,0.06,4.88098,-30.09376,61.57118,-109.343,-77.96309,113.0087,double_rcm_log_20260616_113317_743.csv,12.70163851136808,Unknown,Task3_Insertion,68.93009,7.8532900965125005,22.032053581816534,22.083894622014547,14.114527987031703,28.203104057205096,56.60989489479725,0.0,6.821933071989596e-12,6.677073409596437e-11,4.650301812620195e-14,8.260842338200025e-14
4.42227,ApproachEntry,Double,115.6567,294.5786,7.85361,56.60511,56.60511,0.0,115.6567,7.85361,0.85361,68.93009,68.93009,68.93009,0.0,0.0,1.0,6,6,1,0.72376,0.9722,0.0015,0.89856,0.61571,0.05005,0.82,0.7,0.06,0.9,0.56,0.06,4.88098,-30.09376,61.57118,-109.343,-77.96309,113.0087,double_rcm_log_20260616_113317_743.csv,13.594344752582831,Unknown,Task3_Insertion,68.93009,7.8532900965125005,22.032053581816534,22.083894622014547,14.114527987031703,28.203104057205096,56.60989489479725,8.899114524108742e-13,6.947981829838005e-12,9.094530583452796e-11,0.0,4.936964960760056e-13
4.49283,ApproachEntry,Double,115.6567,294.5786,7.85361,56.60511,56.60511,0.0,115.6567,7.85361,0.85361,68.93009,68.93009,68.93009,0.0,0.0,1.0,6,6,1,0.72376,0.9722,0.0015,0.89856,0.61571,0.05005,0.82,0.7,0.06,0.9,0.56,0.06,4.88098,-30.09376,61.57118,-109.343,-77.96309,113.0087,double_rcm_log_20260616_113317_743.csv,14.172335600907127,Unknown,Task3_Insertion,68.93009,7.8532900965125005,22.032053581816534,22.083894622014547,14.114527987031703,28.203104057205096,56.60989489479725,8.899114524108742e-13,7.117432778499666e-12,5.076490531675393e-11,5.317214951750687e-14,3.4176843661517456e-13
4.56722,ApproachEntry,Double,115.6567,294.5786,7.85361,56.60511,56.60511,0.0,115.6567,7.85361,0.85361,68.93009,68.93009,68.93009,0.0,0.0,1.0,6,6,1,0.72376,0.9722,0.0015,0.89856,0.61571,0.05005,0.82,0.7,0.06,0.9,0.56,0.06,4.88098,-30.09376,61.57118,-109.343,-77.96309,113.0087,double_rcm_log_20260616_113317_743.csv,13.442667025137755,Unknown,Task3_Insertion,68.93009,7.8532900965125005,22.032053581816534,22.083894622014547,14.114527987031703,28.203104057205096,56.60989489479725,0.0,1.0415118109340573e-12,8.831574086972473e-11,5.189070459296527e-14,5.065857645220959e-13
4.64659,ApproachEntry,Double,115.6567,294.5786,7.85361,56.60511,56.60511,0.0,115.6567,7.85361,0.85361,68.93009,68.93009,68.93009,0.0,0.0,1.0,6,6,1,0.72376,0.9722,0.0015,0.89856,0.61571,0.05005,0.82,0.7,0.06,0.9,0.56,0.06,4.88098,-30.09376,61.57118,-109.343,-77.96309,113.0087,double_rcm_log_20260616_113317_743.csv,12.599218848431407,Unknown,Task3_Insertion,68.93009,7.8532900965125005,22.032053581816534,22.083894622014547,14.114527987031703,28.203104057205096,56.60989489479725,8.899114524108742e-13,6.289224352878312e-12,6.644301427448507e-11,4.7840865791509556e-14,4.710168367789172e-13
4.72325,ApproachEntry,Double,115.6567,294.5786,7.85361,56.60511,56.60511,0.0,115.6567,7.85361,0.85361,68.93009,68.93009,68.93009,0.0,0.0,1.0,6,6,1,0.72376,0.9722,0.0015,0.89856,0.61571,0.05005,0.82,0.7,0.06,0.9,0.56,0.06,4.88098,-30.09376,61.57118,-109.343,-77.96309,113.0087,double_rcm_log_20260616_113317_743.csv,13.044612575006456,Unknown,Task3_Insertion,68.93009,7.8532900965125005,22.032053581816534,22.083894622014547,14.114527987031703,28.203104057205096,56.60989489479725,8.881784197001252e-13,1.1087479423505802e-11,9.746237057679628e-11,6.665481691674458e-14,5.302903541922292e-13
4.79352,ApproachEntry,Double,115.6567,294.5786,7.85361,56.60511,56.60511,0.0,115.6567,7.85361,0.85361,68.93009,68.93009,68.93009,0.0,0.0,1.0,6,6,1,0.72376,0.9722,0.0015,0.89856,0.61571,0.05005,0.82,0.7,0.06,0.9,0.56,0.06,4.88098,-30.09376,61.57118,-109.343,-77.96309,113.0087,double_rcm_log_20260616_113317_743.csv,14.230823964707591,Unknown,Task3_Insertion,68.93009,7.8532900965125005,22.032053581816534,22.083894622014547,14.114527987031703,28.203104057205096,56.60989489479725,8.881784197001252e-13,6.07553140537044e-12,1.6728465202885406e-10,7.057898881987199e-14,4.4820206938394693e-13
4.86575,ApproachEntry,Double,115.6567,294.5786,7.85361,56.60511,56.60511,0.0,115.6567,7.85361,0.85361,68.93009,68.93009,68.93009,0.0,0.0,1.0,6,6,1,0.72376,0.9722,0.0015,0.89856,0.61571,0.05005,0.82,0.7,0.06,0.9,0.56,0.06,4.88098,-30.09376,61.57118,-109.343,-77.96309,113.0087,double_rcm_log_20260616_113317_743.csv,13.844662882458767,Unknown,Task3_Insertion,68.93009,7.8532900965125005,22.032053581816534,22.083894622014547,14.114527987031703,28.203104057205096,56.60989489479725,5.551115123125783e-14,1.2458067678569242e-11,8.752047498351259e-11,1.160311428702309e-14,8.767729388696266e-13
4.93623,ApproachEntry,Double,115.6567,294.5786,7.85361,56.60511,56.60511,0.0,115.6567,7.85361,0.85361,68.93009,68.93009,68.93009,0.0,0.0,1.0,6,6,1,0.72376,0.9722,0.0015,0.89856,0.61571,0.05005,0.82,0.7,0.06,0.9,0.56,0.06,4.88098,-30.09376,61.57118,-109.343,-77.96309,113.0087,double_rcm_log_20260616_113317_743.csv,14.188422247446109,Unknown,Task3_Insertion,68.93009,7.8532900965125005,22.032053581816534,22.083894622014547,14.114527987031703,28.203104057205096,56.60989489479725,8.899114524108742e-13,5.8122872386610155e-12,9.911948242240044e-11,7.057898881987199e-14,3.048971475576702e-13
5.00831,ApproachEntry,Double,115.6567,294.5786,7.85361,56.60511,56.60511,0.0,115.6567,7.85361,0.85361,68.93009,68.93009,68.93009,0.0,0.0,1.0,6,6,1,0.72376,0.9722,0.0015,0.89856,0.61571,0.05005,0.82,0.7,0.06,0.9,0.56,0.06,4.88098,-30.09376,61.57118,-109.343,-77.96309,113.0087,double_rcm_log_20260616_113317_743.csv,13.873473917869092,Unknown,Task3_Insertion,68.93009,7.8532900965125005,22.032053581816534,22.083894622014547,14.114527987031703,28.203104057205096,56.60989489479725,8.899114524108742e-13,3.0441649513202706e-12,8.256805253487432e-11,4.792872787800221e-14,1.8341707626888758e-13
5.08298,ApproachEntry,Double,115.6567,294.5786,7.85361,56.60511,56.60511,0.0,115.6567,7.85361,0.85361,68.93009,68.93009,68.93009,0.0,0.0,1.0,6,6,1,0.72376,0.9722,0.0015,0.89856,0.61571,0.05005,0.82,0.7,0.06,0.9,0.56,0.06,4.88098,-30.09376,61.57118,-109.343,-77.96309,113.0087,double_rcm_log_20260616_113317_743.csv,13.392259274139505,Unknown,Task3_Insertion,68.93009,7.8532900965125005,22.032053581816534,22.083894622014547,14.114527987031703,28.203104057205096,56.60989489479725,9.945640348601412e-13,6.381173648074049e-12,4.71316149270589e-11,7.339886971465817e-14,3.6923323372236846e-13
5.15981,ApproachEntry,Double,115.6567,294.5786,7.85361,56.60511,56.60511,0.0,115.6567,7.85361,0.85361,68.93009,68.93009,68.93009,0.0,0.0,1.0,6,6,1,0.72376,0.9722,0.0015,0.89856,0.61571,0.05005,0.82,0.7,0.06,0.9,0.56,0.06,4.88098,-30.09376,61.57118,-109.343,-77.96309,113.0087,double_rcm_log_20260616_113317_743.csv,13.015749056358164,Unknown,Task3_Insertion,68.93009,7.8532900965125005,22.032053581816534,22.083894622014547,14.114527987031703,28.203104057205096,56.60989489479725,0.0,6.318544869768095e-12,3.687614054461828e-11,2.5945352296482636e-14,7.697902901670759e-13
5.23307,ApproachEntry,Double,115.6567,294.5786,7.85361,56.60511,56.60511,0.0,115.6567,7.85361,0.85361,68.93009,68.93009,68.93009,0.0,0.0,1.0,6,6,1,0.72376,0.9722,0.0015,0.89856,0.61571,0.05005,0.82,0.7,0.06,0.9,0.56,0.06,4.88098,-30.09376,61.57118,-109.343,-77.96309,113.0087,double_rcm_log_20260616_113317_743.csv,13.650013650013754,Unknown,Task3_Insertion,68.93009,7.8532900965125005,22.032053581816534,22.083894622014547,14.114527987031703,28.203104057205096,56.60989489479725,0.0,3.6107791876918825e-13,4.402602021511926e-11,5.189070459296527e-14,8.407966930954091e-14
5.30871,ApproachEntry,Double,115.6567,294.5786,7.85361,56.60511,56.60511,0.0,115.6567,7.85361,0.85361,68.93009,68.93009,68.93009,0.0,0.0,1.0,6,6,1,0.72376,0.9722,0.0015,0.89856,0.61571,0.05005,0.82,0.7,0.06,0.9,0.56,0.06,4.88098,-30.09376,61.57118,-109.343,-77.96309,113.0087,double_rcm_log_20260616_113317_743.csv,13.220518244315189,Unknown,Task3_Insertion,68.93009,7.8532900965125005,22.032053581816534,22.083894622014547,14.114527987031703,28.203104057205096,56.60989489479725,5.551115123125783e-14,3.6358966816239337e-13,5.801005021551406e-11,2.320622857404618e-14,6.555519902116707e-13
5.38298,ApproachEntry,Double,115.6567,294.5786,7.85361,56.60511,56.60511,0.0,115.6567,7.85361,0.85361,68.93009,68.93009,68.93009,0.0,0.0,1.0,6,6,1,0.72376,0.9722,0.0015,0.89856,0.61571,0.05005,0.82,0.7,0.06,0.9,0.56,0.06,4.88098,-30.09376,61.57118,-109.343,-77.96309,113.0087,double_rcm_log_20260616_113317_743.csv,13.464386697185892,Unknown,Task3_Insertion,68.93009,7.8532900965125005,22.032053581816534,22.083894622014547,14.114527987031703,28.203104057205096,56.60989489479725,5.551115123125783e-14,8.499397061658685e-12,7.815210771966477e-12,5.189070459296527e-14,4.757279965385645e-13
5.45719,ApproachEntry,Double,115.6567,294.5786,7.85361,56.60511,56.60511,0.0,115.6567,7.85361,0.85361,68.93009,68.93009,68.93009,0.0,0.0,1.0,6,6,1,0.72376,0.9722,0.0015,0.89856,0.61571,0.05005,0.82,0.7,0.06,0.9,0.56,0.06,4.88098,-30.09376,61.57118,-109.343,-77.96309,113.0087,double_rcm_log_20260616_113317_743.csv,13.475272874275724,Unknown,Task3_Insertion,68.93009,7.8532900965125005,22.032053581816534,22.083894622014547,14.114527987031703,28.203104057205096,56.60989489479725,1.2573000033218179e-12,8.219780825189394e-13,1.6735757483554833e-10,5.801557143511545e-14,7.788528171308021e-13
5.53285,ApproachEntry,Double,115.6567,294.5786,7.85361,56.60511,56.60511,0.0,115.6567,7.85361,0.85361,68.93009,68.93009,68.93009,0.0,0.0,1.0,6,6,1,0.72376,0.9722,0.0015,0.89856,0.61571,0.05005,0.82,0.7,0.06,0.9,0.56,0.06,4.88098,-30.09376,61.57118,-109.343,-77.96309,113.0087,double_rcm_log_20260616_113317_743.csv,13.217023526301865,Unknown,Task3_Insertion,68.93009,7.8532900965125005,22.032053581816534,22.083894622014547,14.114527987031703,28.203104057205096,56.60989489479725,5.551115123125783e-14,1.676375787345521e-11,3.974117706845551e-11,8.044105327438774e-14,8.071209839535713e-13
5.60711,ApproachEntry,Double,115.6567,294.5786,7.85361,56.60511,56.60511,0.0,115.6567,7.85361,0.85361,68.93009,68.93009,68.93009,0.0,0.0,1.0,6,6,1,0.72376,0.9722,0.0015,0.89856,0.61571,0.05005,0.82,0.7,0.06,0.9,0.56,0.06,4.88098,-30.09376,61.57118,-109.343,-77.96309,113.0087,double_rcm_log_20260616_113317_743.csv,13.466199838405643,Unknown,Task3_Insertion,68.93009,7.8532900965125005,22.032053581816534,22.083894622014547,14.114527987031703,28.203104057205096,56.60989489479725,1.25607396694702e-12,5.962700097666579e-12,1.779793091707837e-10,7.057898881987199e-14,6.610905908332674e-13
5.68062,ApproachEntry,Double,115.6567,294.5786,7.85361,56.60511,56.60511,0.0,115.6567,7.85361,0.85361,68.93009,68.93009,68.93009,0.0,0.0,1.0,6,6,1,0.72376,0.9722,0.0015,0.89856,0.61571,0.05005,0.82,0.7,0.06,0.9,0.56,0.06,4.88098,-30.09376,61.57118,-109.343,-77.96309,113.0087,double_rcm_log_20260616_113317_743.csv,13.603591348115787,Unknown,Task3_Insertion,68.93009,7.8532900965125005,22.032053581816534,22.083894622014547,14.114527987031703,28.203104057205096,56.60989489479725,8.881784197001252e-13,9.525267439824255e-12,1.0342342589800761e-10,3.4839546201121274e-14,6.882243208569538e-13
5.76876,ApproachEntry,Double,115.6567,294.5786,7.85361,56.60511,56.60511,0.0,115.6567,7.85361,0.85361,68.93009,68.93009,68.93009,0.0,0.0,1.0,6,6,1,0.72376,0.9722,0.0015,0.89856,0.61571,0.05005,0.82,0.7,0.06,0.9,0.56,0.06,4.88098,-30.09376,61.57118,-109.343,-77.96309,113.0087,double_rcm_log_20260616_113317_743.csv,11.34558656682549,Unknown,Task3_Insertion,68.93009,7.8532900965125005,22.032053581816534,22.083894622014547,14.114527987031703,28.203104057205096,56.60989489479725,4.4754520913118095e-13,8.6269825453934e-12,4.615814646576502e-11,3.531928715007557e-14,3.0637982038955043e-13
5.88036,ApproachEntry,Double,115.6567,294.5786,7.85361,56.60511,56.60511,0.0,115.6567,7.85361,0.85361,68.93009,68.93009,68.93009,0.0,0.0,1.0,6,6,1,0.72376,0.9722,0.0015,0.89856,0.61571,0.05005,0.82,0.7,0.06,0.9,0.56,0.06,4.88098,-30.09376,61.57118,-109.343,-77.96309,113.0087,double_rcm_log_20260616_113317_743.csv,8.960573476702569,Unknown,Task3_Insertion,68.93009,7.8532900965125005,22.032053581816534,22.083894622014547,14.114527987031703,28.203104057205096,56.60989489479725,6.2803698347351e-13,1.6037559665648686e-12,3.924548580265946e-11,3.5289494409935996e-14,4.303307681762777e-14
5.99891,ApproachEntry,Double,115.6567,294.5786,7.85361,56.60511,56.60511,0.0,115.6567,7.85361,0.85361,68.93009,68.93009,68.93009,0.0,0.0,1.0,6,6,1,0.72376,0.9722,0.0015,0.89856,0.61571,0.05005,0.82,0.7,0.06,0.9,0.56,0.06,4.88098,-30.09376,61.57118,-109.343,-77.96309,113.0087,double_rcm_log_20260616_113317_743.csv,8.435259384226006,Unknown,Task3_Insertion,68.93009,7.8532900965125005,22.032053581816534,22.083894622014547,14.114527987031703,28.203104057205096,56.60989489479725,6.2803698347351e-13,4.185701900798665e-12,7.312952764127733e-11,4.1835623516930536e-14,2.894924680566084e-13
6.11435,ApproachEntry,Double,115.6567,294.5786,7.85361,56.60511,56.60511,0.0,115.6567,7.85361,0.85361,68.93009,68.93009,68.93009,0.0,0.0,1.0,6,6,1,0.72376,0.9722,0.0015,0.89856,0.61571,0.05005,0.82,0.7,0.06,0.9,0.56,0.06,4.88098,-30.09376,61.57118,-109.343,-77.96309,113.0087,double_rcm_log_20260616_113317_743.csv,8.662508662508698,Unknown,Task3_Insertion,68.93009,7.8532900965125005,22.032053581816534,22.083894622014547,14.114527987031703,28.203104057205096,56.60989489479725,9.945640348601412e-13,1.568735772564204e-11,3.5839956239560575e-11,7.057898881987199e-14,9.244922402422981e-13
6.2093,ApproachEntry,Double,115.6567,294.5786,7.85361,56.60511,56.60511,0.0,115.6567,7.85361,0.85361,68.93009,68.93009,68.93009,0.0,0.0,1.0,6,6,1,0.72376,0.9722,0.0015,0.89856,0.61571,0.05005,0.82,0.7,0.06,0.9,0.56,0.06,4.88098,-30.09376,61.57118,-109.343,-77.96309,113.0087,double_rcm_log_20260616_113317_743.csv,10.531858873091116,Unknown,Task3_Insertion,68.93009,7.8532900965125005,22.032053581816534,22.083894622014547,14.114527987031703,28.203104057205096,56.60989489479725,1.9868029630580077e-12,7.614780676891314e-12,2.4201596710565305e-10,1.16645929604303e-13,2.5041447742617047e-13
6.27976,ApproachEntry,Double,115.6567,294.5786,7.85361,56.60511,56.60511,0.0,115.6567,7.85361,0.85361,68.93009,68.93009,68.93009,0.0,0.0,1.0,6,6,1,0.72376,0.9722,0.0015,0.89856,0.61571,0.05005,0.82,0.7,0.06,0.9,0.56,0.06,4.88098,-30.09376,61.57118,-109.343,-77.96309,113.0087,double_rcm_log_20260616_113317_743.csv,14.192449616803911,Unknown,Task3_Insertion,68.93009,7.8532900965125005,22.032053581816534,22.083894622014547,14.114527987031703,28.203104057205096,56.60989489479725,1.25607396694702e-12,1.7930762781252165e-11,1.3515322709939152e-10,4.641245714809236e-14,1.1090607798774923e-12
6.34988,ApproachEntry,Double,115.6567,294.5786,7.85361,56.60511,56.60511,0.0,115.6567,7.85361,0.85361,68.93009,68.93009,68.93009,0.0,0.0,1.0,6,6,1,0.72376,0.9722,0.0015,0.89856,0.61571,0.05005,0.82,0.7,0.06,0.9,0.56,0.06,4.88098,-30.09376,61.57118,-109.343,-77.96309,113.0087,double_rcm_log_20260616_113317_743.csv,14.261266400456323,Unknown,Task3_Insertion,68.93009,7.8532900965125005,22.032053581816534,22.083894622014547,14.114527987031703,28.203104057205096,56.60989489479725,8.899114524108742e-13,1.1554771011963018e-11,1.6147676986792103e-10,4.641245714809236e-14,4.981924548444381e-13
6.42084,ApproachEntry,Double,115.6567,294.5786,7.85361,56.60511,56.60511,0.0,115.6567,7.85361,0.85361,68.93009,68.93009,68.93009,0.0,0.0,1.0,6,6,1,0.72376,0.9722,0.0015,0.89856,0.61571,0.05005,0.82,0.7,0.06,0.9,0.56,0.06,4.88098,-30.09376,61.57118,-109.343,-77.96309,113.0087,double_rcm_log_20260616_113317_743.csv,14.092446448703424,Unknown,Task3_Insertion,68.93009,7.8532900965125005,22.032053581816534,22.083894622014547,14.114527987031703,28.203104057205096,56.60989489479725,4.4754520913118095e-13,5.176620757726701e-12,1.1848461238434928e-10,5.1910970442046026e-14,4.2774363615184397e-13
6.50735,ApproachEntry,Double,115.6567,294.5786,7.85361,56.60511,56.60511,0.0,115.6567,7.85361,0.85361,68.93009,68.93009,68.93009,0.0,0.0,1.0,6,6,1,0.72376,0.9722,0.0015,0.89856,0.61571,0.05005,0.82,0.7,0.06,0.9,0.56,0.06,4.88098,-30.09376,61.57118,-109.343,-77.96309,113.0087,double_rcm_log_20260616_113317_743.csv,11.559357299734183,Unknown,Task3_Insertion,68.93009,7.8532900965125005,22.032053581816534,22.083894622014547,14.114527987031703,28.203104057205096,56.60989489479725,4.996003610813204e-13,3.1918345233796084e-12,2.952270674051531e-11,4.2242198896481804e-14,4.803795464359886e-13
6.66102,ApproachEntry,Double,115.6567,294.5786,7.85361,56.60511,56.60511,0.0,115.6567,7.85361,0.85361,68.93009,68.93009,68.93009,0.0,0.0,1.0,6,6,1,0.72376,0.9722,0.0015,0.89856,0.61571,0.05005,0.82,0.7,0.06,0.9,0.56,0.06,4.88098,-30.09376,61.57118,-109.343,-77.96309,113.0087,double_rcm_log_20260616_113317_743.csv,6.50745103143099,Unknown,Task3_Insertion,68.93009,7.8532900965125005,22.032053581816534,22.083894622014547,14.114527987031703,28.203104057205096,56.60989489479725,0.0,2.5787566807521008e-12,1.4137385381906803e-11,1.1625754531550488e-14,1.3828622520091863e-13
6.81614,ApproachEntry,Double,115.6567,294.5786,7.85361,56.60511,56.60511,0.0,115.6567,7.85361,0.85361,68.93009,68.93009,68.93009,0.0,0.0,1.0,6,6,1,0.72376,0.9722,0.0015,0.89856,0.61571,0.05005,0.82,0.7,0.06,0.9,0.56,0.06,4.88098,-30.09376,61.57118,-109.343,-77.96309,113.0087,double_rcm_log_20260616_113317_743.csv,6.446621970087668,Unknown,Task3_Insertion,68.93009,7.8532900965125005,22.032053581816534,22.083894622014547,14.114527987031703,28.203104057205096,56.60989489479725,8.881784197001252e-13,5.927075774580797e-12,6.926283708380346e-11,0.0,2.0702704394631182e-13
6.89236,ApproachEntry,Double,115.6567,294.5786,7.85361,56.60511,56.60511,0.0,115.6567,7.85361,0.85361,68.93009,68.93009,68.93009,0.0,0.0,1.0,6,6,1,0.72376,0.9722,0.0015,0.89856,0.61571,0.05005,0.82,0.7,0.06,0.9,0.56,0.06,4.88098,-30.09376,61.57118,-109.343,-77.96309,113.0087,double_rcm_log_20260616_113317_743.csv,13.119916032537361,Unknown,Task3_Insertion,68.93009,7.8532900965125005,22.032053581816534,22.083894622014547,14.114527987031703,28.203104057205096,56.60989489479725,0.0,1.1848647680269328e-11,8.843754926707007e-11,2.338682451623638e-14,3.6199588197846674e-13
6.96614,ApproachEntry,Double,115.6567,294.5786,7.85361,56.60511,56.60511,0.0,115.6567,7.85361,0.85361,68.93009,68.93009,68.93009,0.0,0.0,1.0,6,6,1,0.72376,0.9722,0.0015,0.89856,0.61571,0.05005,0.82,0.7,0.06,0.9,0.56,0.06,4.88098,-30.09376,61.57118,-109.343,-77.96309,113.0087,double_rcm_log_20260616_113317_743.csv,13.553808620222249,Unknown,Task3_Insertion,68.93009,7.8532900965125005,22.032053581816534,22.083894622014547,14.114527987031703,28.203104057205096,56.60989489479725,8.881784197001252e-13,6.540827992876452e-12,1.260955711412162e-10,5.189070459296527e-14,1.4839059057724488e-13
7.03814,ApproachEntry,Double,115.6567,294.5786,7.85361,56.60511,56.60511,0.0,115.6567,7.85361,0.85361,68.93009,68.93009,68.93009,0.0,0.0,1.0,6,6,1,0.72376,0.9722,0.0015,0.89856,0.61571,0.05005,0.82,0.7,0.06,0.9,0.56,0.06,4.88098,-30.09376,61.57118,-109.343,-77.96309,113.0087,double_rcm_log_20260616_113317_743.csv,13.888888888888877,Unknown,Task3_Insertion,68.93009,7.8532900965125005,22.032053581816534,22.083894622014547,14.114527987031703,28.203104057205096,56.60989489479725,8.881784197001252e-13,8.626872221930494e-12,9.208190908478556e-11,2.9007785717557725e-15,3.662812318532233e-13
7.1084,ApproachEntry,Double,115.6567,294.5786,7.85361,56.60511,56.60511,0.0,115.6567,7.85361,0.85361,68.93009,68.93009,68.93009,0.0,0.0,1.0,6,6,1,0.72376,0.9722,0.0015,0.89856,0.61571,0.05005,0.82,0.7,0.06,0.9,0.56,0.06,4.88098,-30.09376,61.57118,-109.343,-77.96309,113.0087,double_rcm_log_20260616_113317_743.csv,14.23284941645331,Unknown,Task3_Insertion,68.93009,7.8532900965125005,22.032053581816534,22.083894622014547,14.114527987031703,28.203104057205096,56.60989489479725,8.881784197001252e-13,6.277805113277954e-12,9.338712641961285e-11,1.1960216447877389e-14,5.180633677017536e-13
7.17732,ApproachEntry,Double,115.6567,294.5786,7.85361,56.60511,56.60511,0.0,115.6567,7.85361,0.85361,68.93009,68.93009,68.93009,0.0,0.0,1.0,6,6,1,0.72376,0.9722,0.0015,0.89856,0.61571,0.05005,0.82,0.7,0.06,0.9,0.56,0.06,4.88098,-30.09376,61.57118,-109.343,-77.96309,113.0087,double_rcm_log_20260616_113317_743.csv,14.509576320371378,Unknown,Task3_Insertion,68.93009,7.8532900965125005,22.032053581816534,22.083894622014547,14.114527987031703,28.203104057205096,56.60989489479725,5.551115123125783e-14,8.945553798225023e-12,1.0040208801314294e-10,7.063857430015114e-14,3.6289924692364237e-13
7.24916,ApproachEntry,Double,115.6567,294.5786,7.85361,56.60511,56.60511,0.0,115.6567,7.85361,0.85361,68.93009,68.93009,68.93009,0.0,0.0,1.0,6,6,1,0.72376,0.9722,0.0015,0.89856,0.61571,0.05005,0.82,0.7,0.06,0.9,0.56,0.06,4.88098,-30.09376,61.57118,-109.343,-77.96309,113.0087,double_rcm_log_20260616_113317_743.csv,13.919821826280643,Unknown,Task3_Insertion,68.93009,7.8532900965125005,22.032053581816534,22.083894622014547,14.114527987031703,28.203104057205096,56.60989489479725,8.899114524108742e-13,1.2435532418213904e-11,4.203248502812709e-11,5.3251215954515665e-14,1.2312279101218832e-12
7.32093,ApproachEntry,Double,115.6567,294.5786,7.85361,56.60511,56.60511,0.0,115.6567,7.85361,0.85361,68.93009,68.93009,68.93009,0.0,0.0,1.0,6,6,1,0.72376,0.9722,0.0015,0.89856,0.61571,0.05005,0.82,0.7,0.06,0.9,0.56,0.06,4.88098,-30.09376,61.57118,-109.343,-77.96309,113.0087,double_rcm_log_20260616_113317_743.csv,13.933398355859016,Unknown,Task3_Insertion,68.93009,7.8532900965125005,22.032053581816534,22.083894622014547,14.114527987031703,28.203104057205096,56.60989489479725,1.7798229048217483e-12,6.140240619443033e-12,6.063654774186126e-11,1.2337690232431936e-13,1.6347152530555396e-13
7.39248,ApproachEntry,Double,115.6567,294.5786,7.85361,56.60511,56.60511,0.0,115.6567,7.85361,0.85361,68.93009,68.93009,68.93009,0.0,0.0,1.0,6,6,1,0.72376,0.9722,0.0015,0.89856,0.61571,0.05005,0.82,0.7,0.06,0.9,0.56,0.06,4.88098,-30.09376,61.57118,-109.343,-77.96309,113.0087,double_rcm_log_20260616_113317_743.csv,13.976240391334688,Unknown,Task3_Insertion,68.93009,7.8532900965125005,22.032053581816534,22.083894622014547,14.114527987031703,28.203104057205096,56.60989489479725,1.2573000033218179e-12,6.9170421191258025e-12,8.15075660551809e-11,4.792872787800221e-14,3.278596350915294e-13
7.46369,ApproachEntry,Double,115.6567,294.5786,7.85361,56.60511,56.60511,0.0,115.6567,7.85361,0.85361,68.93009,68.93009,68.93009,0.0,0.0,1.0,6,6,1,0.72376,0.9722,0.0015,0.89856,0.61571,0.05005,0.82,0.7,0.06,0.9,0.56,0.06,4.88098,-30.09376,61.57118,-109.343,-77.96309,113.0087,double_rcm_log_20260616_113317_743.csv,14.042971492767915,Unknown,Task3_Insertion,68.93009,7.8532900965125005,22.032053581816534,22.083894622014547,14.114527987031703,28.203104057205096,56.60989489479725,2.5869909735657325e-12,1.755745719408541e-11,1.613854687957201e-10,1.3892174762002298e-13,1.348879558882638e-12
7.79703,ApproachEntry,Double,115.6567,294.5786,7.85361,56.60511,56.60511,0.0,115.6567,7.85361,0.85361,68.93009,68.93009,68.93009,0.0,0.0,1.0,6,6,1,0.72376,0.9722,0.0015,0.89856,0.61571,0.05005,0.82,0.7,0.06,0.9,0.56,0.06,4.88098,-30.09376,61.57118,-109.343,-77.96309,113.0087,double_rcm_log_20260616_113317_743.csv,2.9999400011999704,Unknown,Task3_Insertion,68.93009,7.8532900965125005,22.032053581816534,22.083894622014547,14.114527987031703,28.203104057205096,56.60989489479725,0.0,1.5367689632425265e-11,2.2386838161296215e-10,6.967909240224255e-14,1.670969502825655e-12
7.88868,ApproachEntry,Double,115.6567,294.5786,7.85361,56.60511,56.60511,0.0,115.6567,7.85361,0.85361,68.93009,68.93009,68.93009,0.0,0.0,1.0,6,6,1,0.72376,0.9722,0.0015,0.89856,0.61571,0.05005,0.82,0.7,0.06,0.9,0.56,0.06,4.88098,-30.09376,61.57118,-109.343,-77.96309,113.0087,double_rcm_log_20260616_113317_743.csv,10.911074740862027,Unknown,Task3_Insertion,68.93009,7.8532900965125005,22.032053581816534,22.083894622014547,14.114527987031703,28.203104057205096,56.60989489479725,1.9868029630580077e-12,1.10561604863971e-11,1.2102680492866757e-10,1.4308220788167792e-13,3.661265554531032e-13
7.96362,ApproachEntry,Double,115.6567,294.5786,7.85361,56.60511,56.60511,0.0,115.6567,7.85361,0.85361,68.93009,68.93009,68.93009,0.0,0.0,1.0,6,6,1,0.72376,0.9722,0.0015,0.89856,0.61571,0.05005,0.82,0.7,0.06,0.9,0.56,0.06,4.88098,-30.09376,61.57118,-109.343,-77.96309,113.0087,double_rcm_log_20260616_113317_743.csv,13.344008540165504,Unknown,Task3_Insertion,68.93009,7.8532900965125005,22.032053581816534,22.083894622014547,14.114527987031703,28.203104057205096,56.60989489479725,8.881784197001252e-13,1.069302029183854e-11,1.8066155252638508e-10,4.641245714809236e-14,8.329808899564162e-13
8.03379,ApproachEntry,Double,115.6567,294.5786,7.85361,56.60511,56.60511,0.0,115.6567,7.85361,0.85361,68.93009,68.93009,68.93009,0.0,0.0,1.0,6,6,1,0.72376,0.9722,0.0015,0.89856,0.61571,0.05005,0.82,0.7,0.06,0.9,0.56,0.06,4.88098,-30.09376,61.57118,-109.343,-77.96309,113.0087,double_rcm_log_20260616_113317_743.csv,14.251104460595682,Unknown,Task3_Insertion,68.93009,7.8532900965125005,22.032053581816534,22.083894622014547,14.114527987031703,28.203104057205096,56.60989489479725,8.881784197001252e-13,1.3908283703991436e-11,9.433908389525683e-11,5.189070459296527e-14,9.952293341580165e-13
8.10897,ApproachEntry,Double,115.6567,294.5786,7.85361,56.60511,56.60511,0.0,115.6567,7.85361,0.85361,68.93009,68.93009,68.93009,0.0,0.0,1.0,6,6,1,0.72376,0.9722,0.0015,0.89856,0.61571,0.05005,0.82,0.7,0.06,0.9,0.56,0.06,4.88098,-30.09376,61.57118,-109.343,-77.96309,113.0087,double_rcm_log_20260616_113317_743.csv,13.301409949454717,Unknown,Task3_Insertion,68.93009,7.8532900965125005,22.032053581816534,22.083894622014547,14.114527987031703,28.203104057205096,56.60989489479725,1.2609709600486848e-12,6.68396222649757e-12,2.1561361888758618e-10,1.2337690232431936e-13,7.271045451885531e-13
8.17867,ApproachEntry,Double,115.6567,294.5786,7.85361,56.60511,56.60511,0.0,115.6567,7.85361,0.85361,68.93009,68.93009,68.93009,0.0,0.0,1.0,6,6,1,0.72376,0.9722,0.0015,0.89856,0.61571,0.05005,0.82,0.7,0.06,0.9,0.56,0.06,4.88098,-30.09376,61.57118,-109.343,-77.96309,113.0087,double_rcm_log_20260616_113317_743.csv,14.347202295552165,Unknown,Task3_Insertion,68.93009,7.8532900965125005,22.032053581816534,22.083894622014547,14.114527987031703,28.203104057205096,56.60989489479725,5.551115123125783e-14,1.7983734268921434e-11,9.15811897833336e-12,4.650301812620195e-14,1.3444501166155914e-12
8.24897,ApproachEntry,Double,115.6567,294.5786,7.85361,56.60511,56.60511,0.0,115.6567,7.85361,0.85361,68.93009,68.93009,68.93009,0.0,0.0,1.0,6,6,1,0.72376,0.9722,0.0015,0.89856,0.61571,0.05005,0.82,0.7,0.06,0.9,0.56,0.06,4.88098,-30.09376,61.57118,-109.343,-77.96309,113.0087,double_rcm_log_20260616_113317_743.csv,14.224751066856413,Unknown,Task3_Insertion,68.93009,7.8532900965125005,22.032053581816534,22.083894622014547,14.114527987031703,28.203104057205096,56.60989489479725,1.2573000033218179e-12,6.390350850245432e-12,2.2535090688693448e-10,6.967909240224255e-14,5.972944713203689e-13
8.31979,ApproachEntry,Double,115.6567,294.5786,7.85361,56.60511,56.60511,0.0,115.6567,7.85361,0.85361,68.93009,68.93009,68.93009,0.0,0.0,1.0,6,6,1,0.72376,0.9722,0.0015,0.89856,0.61571,0.05005,0.82,0.7,0.06,0.9,0.56,0.06,4.88098,-30.09376,61.57118,-109.343,-77.96309,113.0087,double_rcm_log_20260616_113317_743.csv,14.12030499858808,Unknown,Task3_Insertion,68.93009,7.8532900965125005,22.032053581816534,22.083894622014547,14.114527987031703,28.203104057205096,56.60989489479725,8.899114524108742e-13,1.432080321689422e-11,8.605171330347949e-11,6.967909240224255e-14,3.77250339076676e-13
8.3893,ApproachEntry,Double,115.6567,294.5786,7.85361,56.60511,56.60511,0.0,115.6567,7.85361,0.85361,68.93009,68.93009,68.93009,0.0,0.0,1.0,6,6,1,0.72376,0.9722,0.0015,0.89856,0.61571,0.05005,0.82,0.7,0.06,0.9,0.56,0.06,4.88098,-30.09376,61.57118,-109.343,-77.96309,113.0087,double_rcm_log_20260616_113317_743.csv,14.386419220255856,Unknown,Task3_Insertion,68.93009,7.8532900965125005,22.032053581816534,22.083894622014547,14.114527987031703,28.203104057205096,56.60989489479725,8.881784197001252e-13,6.17351537574409e-12,1.945371286552878e-10,4.641245714809236e-14,5.03642823942498e-13
8.45783,ApproachEntry,Double,115.6567,294.5786,7.85361,56.60511,56.60511,0.0,115.6567,7.85361,0.85361,68.93009,68.93009,68.93009,0.0,0.0,1.0,6,6,1,0.72376,0.9722,0.0015,0.89856,0.61571,0.05005,0.82,0.7,0.06,0.9,0.56,0.06,4.88098,-30.09376,61.57118,-109.343,-77.96309,113.0087,double_rcm_log_20260616_113317_743.csv,14.59214942361029,Unknown,Task3_Insertion,68.93009,7.8532900965125005,22.032053581816534,22.083894622014547,14.114527987031703,28.203104057205096,56.60989489479725,0.0,1.3066008422182137e-11,6.461624320715758e-11,2.9007785717557725e-15,3.359148428958308e-13
8.52527,ApproachEntry,Double,115.6567,294.5786,7.85361,56.60511,56.60511,0.0,115.6567,7.85361,0.85361,68.93009,68.93009,68.93009,0.0,0.0,1.0,6,6,1,0.72376,0.9722,0.0015,0.89856,0.61571,0.05005,0.82,0.7,0.06,0.9,0.56,0.06,4.88098,-30.09376,61.57118,-109.343,-77.96309,113.0087,double_rcm_log_20260616_113317_743.csv,14.827995255041237,Unknown,Task3_Insertion,68.93009,7.8532900965125005,22.032053581816534,22.083894622014547,14.114527987031703,28.203104057205096,56.60989489479725,8.881784197001252e-13,6.407576663098759e-12,1.4451673047382172e-10,0.0,4.81010087753829e-13
8.59398,ApproachEntry,Double,115.6567,294.5786,7.85361,56.60511,56.60511,0.0,115.6567,7.85361,0.85361,68.93009,68.93009,68.93009,0.0,0.0,1.0,6,6,1,0.72376,0.9722,0.0015,0.89856,0.61571,0.05005,0.82,0.7,0.06,0.9,0.56,0.06,4.88098,-30.09376,61.57118,-109.343,-77.96309,113.0087,double_rcm_log_20260616_113317_743.csv,14.553922282055144,Unknown,Task3_Insertion,68.93009,7.8532900965125005,22.032053581816534,22.083894622014547,14.114527987031703,28.203104057205096,56.60989489479725,8.881784197001252e-13,6.4991502657363696e-12,9.315953390877354e-11,6.665481691674458e-14,2.1985552324545624e-14
8.66318,ApproachEntry,Double,115.6567,294.5786,7.85361,56.60511,56.60511,0.0,115.6567,7.85361,0.85361,68.93009,68.93009,68.93009,0.0,0.0,1.0,6,6,1,0.72376,0.9722,0.0015,0.89856,0.61571,0.05005,0.82,0.7,0.06,0.9,0.56,0.06,4.88098,-30.09376,61.57118,-109.343,-77.96309,113.0087,double_rcm_log_20260616_113317_743.csv,14.450867052023044,Unknown,Task3_Insertion,68.93009,7.8532900965125005,22.032053581816534,22.083894622014547,14.114527987031703,28.203104057205096,56.60989489479725,5.551115123125783e-14,6.441498551662109e-12,6.429191349954855e-11,2.9007785717557725e-15,5.801453434173283e-13
8.7329,ApproachEntry,Double,115.6567,294.5786,7.85361,56.60511,56.60511,0.0,115.6567,7.85361,0.85361,68.93009,68.93009,68.93009,0.0,0.0,1.0,6,6,1,0.72376,0.9722,0.0015,0.89856,0.61571,0.05005,0.82,0.7,0.06,0.9,0.56,0.06,4.88098,-30.09376,61.57118,-109.343,-77.96309,113.0087,double_rcm_log_20260616_113317_743.csv,14.343086632243212,Unknown,Task3_Insertion,68.93009,7.8532900965125005,22.032053581816534,22.083894622014547,14.114527987031703,28.203104057205096,56.60989489479725,0.0,6.283535128803825e-12,6.462001629928961e-11,4.7840865791509556e-14,1.8527205459160806e-13
8.80335,ApproachEntry,Double,115.6567,294.5786,7.85361,56.60511,56.60511,0.0,115.6567,7.85361,0.85361,68.93009,68.93009,68.93009,0.0,0.0,1.0,6,6,1,0.72376,0.9722,0.0015,0.89856,0.61571,0.05005,0.82,0.7,0.06,0.9,0.56,0.06,4.88098,-30.09376,61.57118,-109.343,-77.96309,113.0087,double_rcm_log_20260616_113317_743.csv,14.194464158978153,Unknown,Task3_Insertion,68.93009,7.8532900965125005,22.032053581816534,22.083894622014547,14.114527987031703,28.203104057205096,56.60989489479725,8.881784197001252e-13,6.5828462992601886e-12,9.16468583809854e-11,2.5945352296482636e-14,6.349033813368608e-13
8.87194,ApproachEntry,Double,115.6567,294.5786,7.85361,56.60511,56.60511,0.0,115.6567,7.85361,0.85361,68.93009,68.93009,68.93009,0.0,0.0,1.0,6,6,1,0.72376,0.9722,0.0015,0.89856,0.61571,0.05005,0.82,0.7,0.06,0.9,0.56,0.06,4.88098,-30.09376,61.57118,-109.343,-77.96309,113.0087,double_rcm_log_20260616_113317_743.csv,14.579384749963472,Unknown,Task3_Insertion,68.93009,7.8532900965125005,22.032053581816534,22.083894622014547,14.114527987031703,28.203104057205096,56.60989489479725,8.899114524108742e-13,6.458894087417636e-12,1.0599398371245924e-10,7.063857430015114e-14,3.8663047584898706e-13
8.93989,ApproachEntry,Double,115.6567,294.5786,7.85361,56.60511,56.60511,0.0,115.6567,7.85361,0.85361,68.93009,68.93009,68.93009,0.0,0.0,1.0,6,6,1,0.72376,0.9722,0.0015,0.89856,0.61571,0.05005,0.82,0.7,0.06,0.9,0.56,0.06,4.88098,-30.09376,61.57118,-109.343,-77.96309,113.0087,double_rcm_log_20260616_113317_743.csv,14.716703458425371,Unknown,Task3_Insertion,68.93009,7.8532900965125005,22.032053581816534,22.083894622014547,14.114527987031703,28.203104057205096,56.60989489479725,5.551115123125783e-14,9.201950320412977e-12,4.900511393259641e-11,4.7840865791509556e-14,3.914058201839638e-13
9.0086,ApproachEntry,Double,115.6567,294.5786,7.85361,56.60511,56.60511,0.0,115.6567,7.85361,0.85361,68.93009,68.93009,68.93009,0.0,0.0,1.0,6,6,1,0.72376,0.9722,0.0015,0.89856,0.61571,0.05005,0.82,0.7,0.06,0.9,0.56,0.06,4.88098,-30.09376,61.57118,-109.343,-77.96309,113.0087,double_rcm_log_20260616_113317_743.csv,14.553922282055144,Unknown,Task3_Insertion,68.93009,7.8532900965125005,22.032053581816534,22.083894622014547,14.114527987031703,28.203104057205096,56.60989489479725,8.881784197001252e-13,8.423428578034414e-13,9.528337518618457e-11,4.7840865791509556e-14,5.318648477731268e-13
9.07619,ApproachEntry,Double,115.6567,294.5786,7.85361,56.60511,56.60511,0.0,115.6567,7.85361,0.85361,68.93009,68.93009,68.93009,0.0,0.0,1.0,6,6,1,0.72376,0.9722,0.0015,0.89856,0.61571,0.05005,0.82,0.7,0.06,0.9,0.56,0.06,4.88098,-30.09376,61.57118,-109.343,-77.96309,113.0087,double_rcm_log_20260616_113317_743.csv,14.79508803077358,Unknown,Task3_Insertion,68.93009,7.8532900965125005,22.032053581816534,22.083894622014547,14.114527987031703,28.203104057205096,56.60989489479725,5.551115123125783e-14,9.314121057970597e-12,6.88799174220164e-11,5.3251215954515665e-14,1.9303380389751011e-13
9.14346,ApproachEntry,Double,115.6567,294.5786,7.85361,56.60511,56.60511,0.0,115.6567,7.85361,0.85361,68.93009,68.93009,68.93009,0.0,0.0,1.0,6,6,1,0.72376,0.9722,0.0015,0.89856,0.61571,0.05005,0.82,0.7,0.06,0.9,0.56,0.06,4.88098,-30.09376,61.57118,-109.343,-77.96309,113.0087,double_rcm_log_20260616_113317_743.csv,14.865467518953729,Unknown,Task3_Insertion,68.93009,7.8532900965125005,22.032053581816534,22.083894622014547,14.114527987031703,28.203104057205096,56.60989489479725,8.881784197001252e-13,9.373158312718448e-12,1.4553511885409025e-10,5.19717205745273e-14,9.653966053840703e-13
9.21072,ApproachEntry,Double,115.6567,294.5786,7.85361,56.60511,56.60511,0.0,115.6567,7.85361,0.85361,68.93009,68.93009,68.93009,0.0,0.0,1.0,6,6,1,0.72376,0.9722,0.0015,0.89856,0.61571,0.05005,0.82,0.7,0.06,0.9,0.56,0.06,4.88098,-30.09376,61.57118,-109.343,-77.96309,113.0087,double_rcm_log_20260616_113317_743.csv,14.867677668747923,Unknown,Task3_Insertion,68.93009,7.8532900965125005,22.032053581816534,22.083894622014547,14.114527987031703,28.203104057205096,56.60989489479725,1.2573000033218179e-12,1.4562460648552524e-11,1.3732321198557533e-10,8.372151513514172e-14,7.795422332147461e-13
9.27883,ApproachEntry,Double,115.6567,294.5786,7.85361,56.60511,56.60511,0.0,115.6567,7.85361,0.85361,68.93009,68.93009,68.93009,0.0,0.0,1.0,6,6,1,0.72376,0.9722,0.0015,0.89856,0.61571,0.05005,0.82,0.7,0.06,0.9,0.56,0.06,4.88098,-30.09376,61.57118,-109.343,-77.96309,113.0087,double_rcm_log_20260616_113317_743.csv,14.682131845544188,Unknown,Task3_Insertion,68.93009,7.8532900965125005,22.032053581816534,22.083894622014547,14.114527987031703,28.203104057205096,56.60989489479725,1.25607396694702e-12,9.12772509661254e-12,1.7613761860921155e-10,5.19717205745273e-14,3.9956975129763443e-13
9.34544,ApproachEntry,Double,115.6567,294.5786,7.85361,56.60511,56.60511,0.0,115.6567,7.85361,0.85361,68.93009,68.93009,68.93009,0.0,0.0,1.0,6,6,1,0.72376,0.9722,0.0015,0.89856,0.61571,0.05005,0.82,0.7,0.06,0.9,0.56,0.06,4.88098,-30.09376,61.57118,-109.343,-77.96309,113.0087,double_rcm_log_20260616_113317_743.csv,15.012760846719548,Unknown,Task3_Insertion,68.93009,7.8532900965125005,22.032053581816534,22.083894622014547,14.114527987031703,28.203104057205096,56.60989489479725,5.551115123125783e-14,9.49324172266101e-12,6.3515973019491895e-12,8.447194706740887e-14,4.899986495946891e-13
9.41297,ApproachEntry,Double,115.6567,294.5786,7.85361,56.60511,56.60511,0.0,115.6567,7.85361,0.85361,68.93009,68.93009,68.93009,0.0,0.0,1.0,6,6,1,0.72376,0.9722,0.0015,0.89856,0.61571,0.05005,0.82,0.7,0.06,0.9,0.56,0.06,4.88098,-30.09376,61.57118,-109.343,-77.96309,113.0087,double_rcm_log_20260616_113317_743.csv,14.80823337775811,Unknown,Task3_Insertion,68.93009,7.8532900965125005,22.032053581816534,22.083894622014547,14.114527987031703,28.203104057205096,56.60989489479725,0.0,9.282975905978528e-12,7.042452051710475e-11,5.189070459296527e-14,1.26126861441591e-12
9.48076,ApproachEntry,Double,115.6567,294.5786,7.85361,56.60511,56.60511,0.0,115.6567,7.85361,0.85361,68.93009,68.93009,68.93009,0.0,0.0,1.0,6,6,1,0.72376,0.9722,0.0015,0.89856,0.61571,0.05005,0.82,0.7,0.06,0.9,0.56,0.06,4.88098,-30.09376,61.57118,-109.343,-77.96309,113.0087,double_rcm_log_20260616_113317_743.csv,14.75143826523076,Unknown,Task3_Insertion,68.93009,7.8532900965125005,22.032053581816534,22.083894622014547,14.114527987031703,28.203104057205096,56.60989489479725,1.2573000033218179e-12,4.11302115164831e-14,6.818797747882503e-11,8.68297565632444e-14,5.116579620187508e-13
9.5484,ApproachEntry,Double,115.6567,294.5786,7.85361,56.60511,56.60511,0.0,115.6567,7.85361,0.85361,68.93009,68.93009,68.93009,0.0,0.0,1.0,6,6,1,0.72376,0.9722,0.0015,0.89856,0.61571,0.05005,0.82,0.7,0.06,0.9,0.56,0.06,4.88098,-30.09376,61.57118,-109.343,-77.96309,113.0087,double_rcm_log_20260616_113317_743.csv,14.784151389710054,Unknown,Task3_Insertion,68.93009,7.8532900965125005,22.032053581816534,22.083894622014547,14.114527987031703,28.203104057205096,56.60989489479725,0.0,2.7521636943559133e-14,4.8772732821951426e-11,4.641245714809236e-14,4.923090744682273e-13
9.61594,ApproachEntry,Double,115.6567,294.5786,7.85361,56.60511,56.60511,0.0,115.6567,7.85361,0.85361,68.93009,68.93009,68.93009,0.0,0.0,1.0,6,6,1,0.72376,0.9722,0.0015,0.89856,0.61571,0.05005,0.82,0.7,0.06,0.9,0.56,0.06,4.88098,-30.09376,61.57118,-109.343,-77.96309,113.0087,double_rcm_log_20260616_113317_743.csv,14.806040864672948,Unknown,Task3_Insertion,68.93009,7.8532900965125005,22.032053581816534,22.083894622014547,14.114527987031703,28.203104057205096,56.60989489479725,1.2573000033218179e-12,6.5547490192020956e-12,1.0031925403148759e-10,5.317214951750687e-14,2.447071651671155e-13
9.68305,ApproachEntry,Double,115.6567,294.5786,7.85361,56.60511,56.60511,0.0,115.6567,7.85361,0.85361,68.93009,68.93009,68.93009,0.0,0.0,1.0,6,6,1,0.72376,0.9722,0.0015,0.89856,0.61571,0.05005,0.82,0.7,0.06,0.9,0.56,0.06,4.88098,-30.09376,61.57118,-109.343,-77.96309,113.0087,double_rcm_log_20260616_113317_743.csv,14.900908955446381,Unknown,Task3_Insertion,68.93009,7.8532900965125005,22.032053581816534,22.083894622014547,14.114527987031703,28.203104057205096,56.60989489479725,8.881784197001252e-13,1.3365508009527888e-11,1.3441076106572436e-10,3.294651128092491e-14,3.6103180001150213e-13
9.76221,ApproachEntry,Double,115.6567,294.5786,7.85361,56.60511,56.60511,0.0,115.6567,7.85361,0.85361,68.93009,68.93009,68.93009,0.0,0.0,1.0,6,6,1,0.72376,0.9722,0.0015,0.89856,0.61571,0.05005,0.82,0.7,0.06,0.9,0.56,0.06,4.88098,-30.09376,61.57118,-109.343,-77.96309,113.0087,double_rcm_log_20260616_113317_743.csv,12.632642748863079,Unknown,Task3_Insertion,68.93009,7.8532900965125005,22.032053581816534,22.083894622014547,14.114527987031703,28.203104057205096,56.60989489479725,8.899114524108742e-13,1.1811800450047957e-11,1.2690118811594206e-10,0.0,4.952871167892416e-13
9.83463,ApproachEntry,Double,115.6567,294.5786,7.85361,56.60511,56.60511,0.0,115.6567,7.85361,0.85361,68.93009,68.93009,68.93009,0.0,0.0,1.0,6,6,1,0.72376,0.9722,0.0015,0.89856,0.61571,0.05005,0.82,0.7,0.06,0.9,0.56,0.06,4.88098,-30.09376,61.57118,-109.343,-77.96309,113.0087,double_rcm_log_20260616_113317_743.csv,13.808340237503254,Unknown,Task3_Insertion,68.93009,7.8532900965125005,22.032053581816534,22.083894622014547,14.114527987031703,28.203104057205096,56.60989489479725,8.881784197001252e-13,5.990762947193417e-12,1.2872551906234735e-10,4.641245714809236e-14,3.7318532848221967e-13
9.90184,ApproachEntry,Double,115.6567,294.5786,7.85361,56.60511,56.60511,0.0,115.6567,7.85361,0.85361,68.93009,68.93009,68.93009,0.0,0.0,1.0,6,6,1,0.72376,0.9722,0.0015,0.89856,0.61571,0.05005,0.82,0.7,0.06,0.9,0.56,0.06,4.88098,-30.09376,61.57118,-109.343,-77.96309,113.0087,double_rcm_log_20260616_113317_743.csv,14.878738282993751,Unknown,Task3_Insertion,68.93009,7.8532900965125005,22.032053581816534,22.083894622014547,14.114527987031703,28.203104057205096,56.60989489479725,0.0,6.5902377766150305e-12,5.6890848865587877e-11,4.792872787800221e-14,7.732882306863168e-13
9.9687,ApproachEntry,Double,115.6567,294.5786,7.85361,56.60511,56.60511,0.0,115.6567,7.85361,0.85361,68.93009,68.93009,68.93009,0.0,0.0,1.0,6,6,1,0.72376,0.9722,0.0015,0.89856,0.61571,0.05005,0.82,0.7,0.06,0.9,0.56,0.06,4.88098,-30.09376,61.57118,-109.343,-77.96309,113.0087,double_rcm_log_20260616_113317_743.csv,14.956625785222823,Unknown,Task3_Insertion,68.93009,7.8532900965125005,22.032053581816534,22.083894622014547,14.114527987031703,28.203104057205096,56.60989489479725,0.0,9.245522702097362e-12,5.104453316502331e-11,6.563712636189231e-14,3.603190718703972e-13
10.03627,ApproachEntry,Double,115.6567,294.5786,7.85361,56.60511,56.60511,0.0,115.6567,7.85361,0.85361,68.93009,68.93009,68.93009,0.0,0.0,1.0,6,6,1,0.72376,0.9722,0.0015,0.89856,0.61571,0.05005,0.82,0.7,0.06,0.9,0.56,0.06,4.88098,-30.09376,61.57118,-109.343,-77.96309,113.0087,double_rcm_log_20260616_113317_743.csv,14.79946721918013,Unknown,Task3_Insertion,68.93009,7.8532900965125005,22.032053581816534,22.083894622014547,14.114527987031703,28.203104057205096,56.60989489479725,1.25607396694702e-12,8.830322505883006e-12,1.4359953845301997e-10,6.563712636189231e-14,4.667900967020512e-13
10.10636,ApproachEntry,Double,115.6567,294.5786,7.85361,56.60511,56.60511,0.0,115.6567,7.85361,0.85361,68.93009,68.93009,68.93009,0.0,0.0,1.0,6,6,1,0.72376,0.9722,0.0015,0.89856,0.61571,0.05005,0.82,0.7,0.06,0.9,0.56,0.06,4.88098,-30.09376,61.57118,-109.343,-77.96309,113.0087,double_rcm_log_20260616_113317_743.csv,14.26737052361241,Unknown,Task3_Insertion,68.93009,7.8532900965125005,22.032053581816534,22.083894622014547,14.114527987031703,28.203104057205096,56.60989489479725,1.2573000033218179e-12,1.2456041291276076e-11,9.734466714140692e-11,1.160311428702309e-14,3.337309930847704e-13
10.17727,ApproachEntry,Double,115.6567,294.5786,7.85361,56.60511,56.60511,0.0,115.6567,7.85361,0.85361,68.93009,68.93009,68.93009,0.0,0.0,1.0,6,6,1,0.72376,0.9722,0.0015,0.89856,0.61571,0.05005,0.82,0.7,0.06,0.9,0.56,0.06,4.88098,-30.09376,61.57118,-109.343,-77.96309,113.0087,double_rcm_log_20260616_113317_743.csv,14.102383302778252,Unknown,Task3_Insertion,68.93009,7.8532900965125005,22.032053581816534,22.083894622014547,14.114527987031703,28.203104057205096,56.60989489479725,1.25607396694702e-12,5.829484594822188e-12,1.432079476266484e-10,4.650301812620195e-14,8.323842599498115e-14
10.24597,ApproachEntry,Double,115.6567,294.5786,7.85361,56.60511,56.60511,0.0,115.6567,7.85361,0.85361,68.93009,68.93009,68.93009,0.0,0.0,1.0,6,6,1,0.72376,0.9722,0.0015,0.89856,0.61571,0.05005,0.82,0.7,0.06,0.9,0.56,0.06,4.88098,-30.09376,61.57118,-109.343,-77.96309,113.0087,double_rcm_log_20260616_113317_743.csv,14.55604075691417,Unknown,Task3_Insertion,68.93009,7.8532900965125005,22.032053581816534,22.083894622014547,14.114527987031703,28.203104057205096,56.60989489479725,8.881784197001252e-13,8.928014723823221e-12,4.083377879722621e-11,0.0,4.821816712151481e-13
10.31356,ApproachEntry,Double,115.6567,294.5786,7.85361,56.60511,56.60511,0.0,115.6567,7.85361,0.85361,68.93009,68.93009,68.93009,0.0,0.0,1.0,6,6,1,0.72376,0.9722,0.0015,0.89856,0.61571,0.05005,0.82,0.7,0.06,0.9,0.56,0.06,4.88098,-30.09376,61.57118,-109.343,-77.96309,113.0087,double_rcm_log_20260616_113317_743.csv,14.79508803077358,Unknown,Task3_Insertion,68.93009,7.8532900965125005,22.032053581816534,22.083894622014547,14.114527987031703,28.203104057205096,56.60989489479725,5.551115123125783e-14,1.5565323810026393e-14,6.690347758061792e-12,4.641245714809236e-14,3.5248994941881294e-13
10.38123,ApproachEntry,Double,115.6567,294.5786,7.85361,56.60511,56.60511,0.0,115.6567,7.85361,0.85361,68.93009,68.93009,68.93009,0.0,0.0,1.0,6,6,1,0.72376,0.9722,0.0015,0.89856,0.61571,0.05005,0.82,0.7,0.06,0.9,0.56,0.06,4.88098,-30.09376,61.57118,-109.343,-77.96309,113.0087,double_rcm_log_20260616_113317_743.csv,14.777597162701415,Unknown,Task3_Insertion,68.93009,7.8532900965125005,22.032053581816534,22.083894622014547,14.114527987031703,28.203104057205096,56.60989489479725,8.881784197001252e-13,9.290620472732533e-12,4.2906973736407396e-11,4.7840865791509556e-14,8.446649106772895e-13
10.44889,ApproachEntry,Double,115.6567,294.5786,7.85361,56.60511,56.60511,0.0,115.6567,7.85361,0.85361,68.93009,68.93009,68.93009,0.0,0.0,1.0,6,6,1,0.72376,0.9722,0.0015,0.89856,0.61571,0.05005,0.82,0.7,0.06,0.9,0.56,0.06,4.88098,-30.09376,61.57118,-109.343,-77.96309,113.0087,double_rcm_log_20260616_113317_743.csv,14.779781259237351,Unknown,Task3_Insertion,68.93009,7.8532900965125005,22.032053581816534,22.083894622014547,14.114527987031703,28.203104057205096,56.60989489479725,1.25607396694702e-12,5.803786841829867e-12,1.9900102936887908e-10,8.127358311930517e-14,5.842777731162008e-13
10.51887,ApproachEntry,Double,115.6567,294.5786,7.85361,56.60511,56.60511,0.0,115.6567,7.85361,0.85361,68.93009,68.93009,68.93009,0.0,0.0,1.0,6,6,1,0.72376,0.9722,0.0015,0.89856,0.61571,0.05005,0.82,0.7,0.06,0.9,0.56,0.06,4.88098,-30.09376,61.57118,-109.343,-77.96309,113.0087,double_rcm_log_20260616_113317_743.csv,14.289797084881545,Unknown,Task3_Insertion,68.93009,7.8532900965125005,22.032053581816534,22.083894622014547,14.114527987031703,28.203104057205096,56.60989489479725,1.25607396694702e-12,1.811387471004892e-11,9.112850355462715e-11,6.563712636189231e-14,1.0140874704792343e-12
10.58762,ApproachEntry,Double,115.6567,294.5786,7.85361,56.60511,56.60511,0.0,115.6567,7.85361,0.85361,68.93009,68.93009,68.93009,0.0,0.0,1.0,6,6,1,0.72376,0.9722,0.0015,0.89856,0.61571,0.05005,0.82,0.7,0.06,0.9,0.56,0.06,4.88098,-30.09376,61.57118,-109.343,-77.96309,113.0087,double_rcm_log_20260616_113317_743.csv,14.545454545454621,Unknown,Task3_Insertion,68.93009,7.8532900965125005,22.032053581816534,22.083894622014547,14.114527987031703,28.203104057205096,56.60989489479725,1.25607396694702e-12,1.4449781314698955e-11,1.7148963328972304e-10,6.57011938504117e-14,1.2720790113801505e-12
10.65548,ApproachEntry,Double,115.6567,294.5786,7.85361,56.60511,56.60511,0.0,115.6567,7.85361,0.85361,68.93009,68.93009,68.93009,0.0,0.0,1.0,6,6,1,0.72376,0.9722,0.0015,0.89856,0.61571,0.05005,0.82,0.7,0.06,0.9,0.56,0.06,4.88098,-30.09376,61.57118,-109.343,-77.96309,113.0087,double_rcm_log_20260616_113317_743.csv,14.736221632773061,Unknown,Task3_Insertion,68.93009,7.8532900965125005,22.032053581816534,22.083894622014547,14.114527987031703,28.203104057205096,56.60989489479725,1.9891280697202824e-12,6.517222968652728e-12,1.7226737093076868e-10,1.472555892410036e-13,3.8891220657899924e-13
10.72362,ApproachEntry,Double,115.6567,294.5786,7.85361,56.60511,56.60511,0.0,115.6567,7.85361,0.85361,68.93009,68.93009,68.93009,0.0,0.0,1.0,6,6,1,0.72376,0.9722,0.0015,0.89856,0.61571,0.05005,0.82,0.7,0.06,0.9,0.56,0.06,4.88098,-30.09376,61.57118,-109.343,-77.96309,113.0087,double_rcm_log_20260616_113317_743.csv,14.675667742882377,Unknown,Task3_Insertion,68.93009,7.8532900965125005,22.032053581816534,22.083894622014547,14.114527987031703,28.203104057205096,56.60989489479725,8.899114524108742e-13,9.185474330876965e-12,6.820953196738996e-11,5.317214951750687e-14,8.965731569784283e-13
10.79076,ApproachEntry,Double,115.6567,294.5786,7.85361,56.60511,56.60511,0.0,115.6567,7.85361,0.85361,68.93009,68.93009,68.93009,0.0,0.0,1.0,6,6,1,0.72376,0.9722,0.0015,0.89856,0.61571,0.05005,0.82,0.7,0.06,0.9,0.56,0.06,4.88098,-30.09376,61.57118,-109.343,-77.96309,113.0087,double_rcm_log_20260616_113317_743.csv,14.894250819183751,Unknown,Task3_Insertion,68.93009,7.8532900965125005,22.032053581816534,22.083894622014547,14.114527987031703,28.203104057205096,56.60989489479725,8.881784197001252e-13,6.454164145734622e-12,9.661649486177324e-11,4.7840865791509556e-14,5.924734239213739e-13
10.8591,ApproachEntry,Double,115.6567,294.5786,7.85361,56.60511,56.60511,0.0,115.6567,7.85361,0.85361,68.93009,68.93009,68.93009,0.0,0.0,1.0,6,6,1,0.72376,0.9722,0.0015,0.89856,0.61571,0.05005,0.82,0.7,0.06,0.9,0.56,0.06,4.88098,-30.09376,61.57118,-109.343,-77.96309,113.0087,double_rcm_log_20260616_113317_743.csv,14.632718759145625,Unknown,Task3_Insertion,68.93009,7.8532900965125005,22.032053581816534,22.083894622014547,14.114527987031703,28.203104057205096,56.60989489479725,0.0,9.236055358007239e-12,6.752543446503365e-11,5.189070459296527e-14,3.483778512730358e-13
10.92677,ApproachEntry,Double,115.6567,294.5786,7.85361,56.60511,56.60511,0.0,115.6567,7.85361,0.85361,68.93009,68.93009,68.93009,0.0,0.0,1.0,6,6,1,0.72376,0.9722,0.0015,0.89856,0.61571,0.05005,0.82,0.7,0.06,0.9,0.56,0.06,4.88098,-30.09376,61.57118,-109.343,-77.96309,113.0087,double_rcm_log_20260616_113317_743.csv,14.777597162701415,Unknown,Task3_Insertion,68.93009,7.8532900965125005,22.032053581816534,22.083894622014547,14.114527987031703,28.203104057205096,56.60989489479725,8.881784197001252e-13,6.304006853294739e-12,1.367335304503448e-10,0.0,3.4499635849960907e-13
10.99525,ApproachEntry,Double,115.6567,294.5786,7.85361,56.60511,56.60511,0.0,115.6567,7.85361,0.85361,68.93009,68.93009,68.93009,0.0,0.0,1.0,6,6,1,0.72376,0.9722,0.0015,0.89856,0.61571,0.05005,0.82,0.7,0.06,0.9,0.56,0.06,4.88098,-30.09376,61.57118,-109.343,-77.96309,113.0087,double_rcm_log_20260616_113317_743.csv,14.602803738317547,Unknown,Task3_Insertion,68.93009,7.8532900965125005,22.032053581816534,22.083894622014547,14.114527987031703,28.203104057205096,56.60989489479725,8.899114524108742e-13,9.272715287332173e-12,8.92192853998244e-11,2.320622857404618e-14,6.884176279676414e-15
11.06515,ApproachEntry,Double,115.6567,294.5786,7.85361,56.60511,56.60511,0.0,115.6567,7.85361,0.85361,68.93009,68.93009,68.93009,0.0,0.0,1.0,6,6,1,0.72376,0.9722,0.0015,0.89856,0.61571,0.05005,0.82,0.7,0.06,0.9,0.56,0.06,4.88098,-30.09376,61.57118,-109.343,-77.96309,113.0087,double_rcm_log_20260616_113317_743.csv,14.306151645207697,Unknown,Task3_Insertion,68.93009,7.8532900965125005,22.032053581816534,22.083894622014547,14.114527987031703,28.203104057205096,56.60989489479725,8.881784197001252e-13,6.321619320840025e-12,1.9347720571349963e-10,0.0,3.7727016469567703e-13
11.13403,ApproachEntry,Double,115.6567,294.5786,7.85361,56.60511,56.60511,0.0,115.6567,7.85361,0.85361,68.93009,68.93009,68.93009,0.0,0.0,1.0,6,6,1,0.72376,0.9722,0.0015,0.89856,0.61571,0.05005,0.82,0.7,0.06,0.9,0.56,0.06,4.88098,-30.09376,61.57118,-109.343,-77.96309,113.0087,double_rcm_log_20260616_113317_743.csv,14.51800232288036,Unknown,Task3_Insertion,68.93009,7.8532900965125005,22.032053581816534,22.083894622014547,14.114527987031703,28.203104057205096,56.60989489479725,0.0,1.9565263746733025e-11,4.5859150090334964e-11,4.641245714809236e-14,8.803114837866235e-13
11.20199,ApproachEntry,Double,115.6567,294.5786,7.85361,56.60511,56.60511,0.0,115.6567,7.85361,0.85361,68.93009,68.93009,68.93009,0.0,0.0,1.0,6,6,1,0.72376,0.9722,0.0015,0.89856,0.61571,0.05005,0.82,0.7,0.06,0.9,0.56,0.06,4.88098,-30.09376,61.57118,-109.343,-77.96309,113.0087,double_rcm_log_20260616_113317_743.csv,14.7145379635077,Unknown,Task3_Insertion,68.93009,7.8532900965125005,22.032053581816534,22.083894622014547,14.114527987031703,28.203104057205096,56.60989489479725,1.7772239894833366e-12,4.259007108374609e-13,2.4532172541491056e-10,1.183645625883236e-13,4.857609744363888e-13
11.26969,ApproachEntry,Double,115.6567,294.5786,7.85361,56.60511,56.60511,0.0,115.6567,7.85361,0.85361,68.93009,68.93009,68.93009,0.0,0.0,1.0,6,6,1,0.72376,0.9722,0.0015,0.89856,0.61571,0.05005,0.82,0.7,0.06,0.9,0.56,0.06,4.88098,-30.09376,61.57118,-109.343,-77.96309,113.0087,double_rcm_log_20260616_113317_743.csv,14.771048744460789,Unknown,Task3_Insertion,68.93009,7.8532900965125005,22.032053581816534,22.083894622014547,14.114527987031703,28.203104057205096,56.60989489479725,5.551115123125783e-14,1.4660279748281247e-11,1.149087868675193e-10,4.641245714809236e-14,1.0518367029334559e-12
11.33676,ApproachEntry,Double,115.6567,294.5786,7.85361,56.60511,56.60511,0.0,115.6567,7.85361,0.85361,68.93009,68.93009,68.93009,0.0,0.0,1.0,6,6,1,0.72376,0.9722,0.0015,0.89856,0.61571,0.05005,0.82,0.7,0.06,0.9,0.56,0.06,4.88098,-30.09376,61.57118,-109.343,-77.96309,113.0087,double_rcm_log_20260616_113317_743.csv,14.909795735798577,Unknown,Task3_Insertion,68.93009,7.8532900965125005,22.032053581816534,22.083894622014547,14.114527987031703,28.203104057205096,56.60989489479725,8.881784197001252e-13,1.4955215855893825e-11,1.8186455705392873e-10,4.641245714809236e-14,9.248057122783622e-13
11.40353,ApproachEntry,Double,115.6567,294.5786,7.85361,56.60511,56.60511,0.0,115.6567,7.85361,0.85361,68.93009,68.93009,68.93009,0.0,0.0,1.0,6,6,1,0.72376,0.9722,0.0015,0.89856,0.61571,0.05005,0.82,0.7,0.06,0.9,0.56,0.06,4.88098,-30.09376,61.57118,-109.343,-77.96309,113.0087,double_rcm_log_20260616_113317_743.csv,14.976785981728321,Unknown,Task3_Insertion,68.93009,7.8532900965125005,22.032053581816534,22.083894622014547,14.114527987031703,28.203104057205096,56.60989489479725,1.9868029630580077e-12,1.3530620749946713e-11,2.1419661429609012e-10,9.359226192145436e-14,8.886670430325686e-13
11.47233,ApproachEntry,Double,115.6567,294.5786,7.85361,56.60511,56.60511,0.0,115.6567,7.85361,0.85361,68.93009,68.93009,68.93009,0.0,0.0,1.0,6,6,1,0.72376,0.9722,0.0015,0.89856,0.61571,0.05005,0.82,0.7,0.06,0.9,0.56,0.06,4.88098,-30.09376,61.57118,-109.343,-77.96309,113.0087,double_rcm_log_20260616_113317_743.csv,14.534883720930333,Unknown,Task3_Insertion,68.93009,7.8532900965125005,22.032053581816534,22.083894622014547,14.114527987031703,28.203104057205096,56.60989489479725,8.899114524108742e-13,1.4453268582023652e-11,1.5499716364230529e-10,8.452173896508212e-14,5.840821757991768e-13
11.54179,ApproachEntry,Double,115.6567,294.5786,7.85361,56.60511,56.60511,0.0,115.6567,7.85361,0.85361,68.93009,68.93009,68.93009,0.0,0.0,1.0,6,6,1,0.72376,0.9722,0.0015,0.89856,0.61571,0.05005,0.82,0.7,0.06,0.9,0.56,0.06,4.88098,-30.09376,61.57118,-109.343,-77.96309,113.0087,double_rcm_log_20260616_113317_743.csv,14.396775122372343,Unknown,Task3_Insertion,68.93009,7.8532900965125005,22.032053581816534,22.083894622014547,14.114527987031703,28.203104057205096,56.60989489479725,0.0,9.068503068343104e-12,1.7194891103239592e-10,4.641245714809236e-14,1.4255103452948665e-12
11.61138,ApproachEntry,Double,115.6567,294.5786,7.85361,56.60511,56.60511,0.0,115.6567,7.85361,0.85361,68.93009,68.93009,68.93009,0.0,0.0,1.0,6,6,1,0.72376,0.9722,0.0015,0.89856,0.61571,0.05005,0.82,0.7,0.06,0.9,0.56,0.06,4.88098,-30.09376,61.57118,-109.343,-77.96309,113.0087,double_rcm_log_20260616_113317_743.csv,14.369880729989978,Unknown,Task3_Insertion,68.93009,7.8532900965125005,22.032053581816534,22.083894622014547,14.114527987031703,28.203104057205096,56.60989489479725,8.899114524108742e-13,9.743610945326225e-12,1.249034282810893e-10,1.16645929604303e-13,5.75686019244177e-13
11.67884,ApproachEntry,Double,115.6567,294.5786,7.85361,56.60511,56.60511,0.0,115.6567,7.85361,0.85361,68.93009,68.93009,68.93009,0.0,0.0,1.0,6,6,1,0.72376,0.9722,0.0015,0.89856,0.61571,0.05005,0.82,0.7,0.06,0.9,0.56,0.06,4.88098,-30.09376,61.57118,-109.343,-77.96309,113.0087,double_rcm_log_20260616_113317_743.csv,14.823599169878722,Unknown,Task3_Insertion,68.93009,7.8532900965125005,22.032053581816534,22.083894622014547,14.114527987031703,28.203104057205096,56.60989489479725,1.25607396694702e-12,9.358974813986162e-12,1.3575051887887614e-10,8.447194706740887e-14,6.59726920631258e-13
11.75842,ApproachEntry,Double,115.6567,294.5786,7.85361,56.60511,56.60511,0.0,115.6567,7.85361,0.85361,68.93009,68.93009,68.93009,0.0,0.0,1.0,6,6,1,0.72376,0.9722,0.0015,0.89856,0.61571,0.05005,0.82,0.7,0.06,0.9,0.56,0.06,4.88098,-30.09376,61.57118,-109.343,-77.96309,113.0087,double_rcm_log_20260616_113317_743.csv,12.565971349585325,Unknown,Task3_Insertion,68.93009,7.8532900965125005,22.032053581816534,22.083894622014547,14.114527987031703,28.203104057205096,56.60989489479725,0.0,1.311108823506046e-11,4.562115731007582e-11,8.447194706740887e-14,6.21973363990362e-13
11.82781,ApproachEntry,Double,115.6567,294.5786,7.85361,56.60511,56.60511,0.0,115.6567,7.85361,0.85361,68.93009,68.93009,68.93009,0.0,0.0,1.0,6,6,1,0.72376,0.9722,0.0015,0.89856,0.61571,0.05005,0.82,0.7,0.06,0.9,0.56,0.06,4.88098,-30.09376,61.57118,-109.343,-77.96309,113.0087,double_rcm_log_20260616_113317_743.csv,14.411298457991006,Unknown,Task3_Insertion,68.93009,7.8532900965125005,22.032053581816534,22.083894622014547,14.114527987031703,28.203104057205096,56.60989489479725,8.881784197001252e-13,2.3863404945111475e-13,1.3877621697048787e-10,4.641245714809236e-14,8.436530449999728e-13
11.89593,ApproachEntry,Double,115.6567,294.5786,7.85361,56.60511,56.60511,0.0,115.6567,7.85361,0.85361,68.93009,68.93009,68.93009,0.0,0.0,1.0,6,6,1,0.72376,0.9722,0.0015,0.89856,0.61571,0.05005,0.82,0.7,0.06,0.9,0.56,0.06,4.88098,-30.09376,61.57118,-109.343,-77.96309,113.0087,double_rcm_log_20260616_113317_743.csv,14.679976512037493,Unknown,Task3_Insertion,68.93009,7.8532900965125005,22.032053581816534,22.083894622014547,14.114527987031703,28.203104057205096,56.60989489479725,0.0,6.469058318260583e-12,7.362384087129323e-11,4.792872787800221e-14,5.128732419649914e-13
11.96273,ApproachEntry,Double,115.6567,294.5786,7.85361,56.60511,56.60511,0.0,115.6567,7.85361,0.85361,68.93009,68.93009,68.93009,0.0,0.0,1.0,6,6,1,0.72376,0.9722,0.0015,0.89856,0.61571,0.05005,0.82,0.7,0.06,0.9,0.56,0.06,4.88098,-30.09376,61.57118,-109.343,-77.96309,113.0087,double_rcm_log_20260616_113317_743.csv,14.97005988023938,Unknown,Task3_Insertion,68.93009,7.8532900965125005,22.032053581816534,22.083894622014547,14.114527987031703,28.203104057205096,56.60989489479725,5.551115123125783e-14,9.39753038391704e-12,9.898804331852087e-11,8.122180000916163e-14,3.9101931029806933e-13
12.02955,ApproachEntry,Double,115.6567,294.5786,7.85361,56.60511,56.60511,0.0,115.6567,7.85361,0.85361,68.93009,68.93009,68.93009,0.0,0.0,1.0,6,6,1,0.72376,0.9722,0.0015,0.89856,0.61571,0.05005,0.82,0.7,0.06,0.9,0.56,0.06,4.88098,-30.09376,61.57118,-109.343,-77.96309,113.0087,double_rcm_log_20260616_113317_743.csv,14.965579167913825,Unknown,Task3_Insertion,68.93009,7.8532900965125005,22.032053581816534,22.083894622014547,14.114527987031703,28.203104057205096,56.60989489479725,1.25607396694702e-12,6.7612800924477975e-12,1.092365175441662e-10,2.6107007145801953e-14,6.129005384129264e-13
12.0976,ApproachEntry,Double,115.6567,294.5786,7.85361,56.60511,56.60511,0.0,115.6567,7.85361,0.85361,68.93009,68.93009,68.93009,0.0,0.0,1.0,6,6,1,0.72376,0.9722,0.0015,0.89856,0.61571,0.05005,0.82,0.7,0.06,0.9,0.56,0.06,4.88098,-30.09376,61.57118,-109.343,-77.96309,113.0087,double_rcm_log_20260616_113317_743.csv,14.695077149155141,Unknown,Task3_Insertion,68.93009,7.8532900965125005,22.032053581816534,22.083894622014547,14.114527987031703,28.203104057205096,56.60989489479725,8.899114524108742e-13,6.5702247821937484e-12,9.229007856888402e-11,0.0,3.4568200527818293e-13
12.16658,ApproachEntry,Double,115.6567,294.5786,7.85361,56.60511,56.60511,0.0,115.6567,7.85361,0.85361,68.93009,68.93009,68.93009,0.0,0.0,1.0,6,6,1,0.72376,0.9722,0.0015,0.89856,0.61571,0.05005,0.82,0.7,0.06,0.9,0.56,0.06,4.88098,-30.09376,61.57118,-109.343,-77.96309,113.0087,double_rcm_log_20260616_113317_743.csv,14.496955639315782,Unknown,Task3_Insertion,68.93009,7.8532900965125005,22.032053581816534,22.083894622014547,14.114527987031703,28.203104057205096,56.60989489479725,8.881784197001252e-13,5.873485348550088e-12,6.586923611545919e-11,5.189070459296527e-14,4.944115932883774e-14
12.24001,ApproachEntry,Double,115.6567,294.5786,7.85361,56.60511,56.60511,0.0,115.6567,7.85361,0.85361,68.93009,68.93009,68.93009,0.0,0.0,1.0,6,6,1,0.72376,0.9722,0.0015,0.89856,0.61571,0.05005,0.82,0.7,0.06,0.9,0.56,0.06,4.88098,-30.09376,61.57118,-109.343,-77.96309,113.0087,double_rcm_log_20260616_113317_743.csv,13.618412093149919,Unknown,Task3_Insertion,68.93009,7.8532900965125005,22.032053581816534,22.083894622014547,14.114527987031703,28.203104057205096,56.60989489479725,0.0,5.873664357287247e-12,6.466316371903909e-11,2.9007785717557725e-15,5.715484641552733e-13
12.30933,ApproachEntry,Double,115.6567,294.5786,7.85361,56.60511,56.60511,0.0,115.6567,7.85361,0.85361,68.93009,68.93009,68.93009,0.0,0.0,1.0,6,6,1,0.72376,0.9722,0.0015,0.89856,0.61571,0.05005,0.82,0.7,0.06,0.9,0.56,0.06,4.88098,-30.09376,61.57118,-109.343,-77.96309,113.0087,double_rcm_log_20260616_113317_743.csv,14.425851125216516,Unknown,Task3_Insertion,68.93009,7.8532900965125005,22.032053581816534,22.083894622014547,14.114527987031703,28.203104057205096,56.60989489479725,0.0,6.438372645166536e-12,4.6867370335119374e-11,5.3251215954515665e-14,4.742293035606682e-13
12.37842,ApproachEntry,Double,115.6567,294.5786,7.85361,56.60511,56.60511,0.0,115.6567,7.85361,0.85361,68.93009,68.93009,68.93009,0.0,0.0,1.0,6,6,1,0.72376,0.9722,0.0015,0.89856,0.61571,0.05005,0.82,0.7,0.06,0.9,0.56,0.06,4.88098,-30.09376,61.57118,-109.343,-77.96309,113.0087,double_rcm_log_20260616_113317_743.csv,14.47387465624527,Unknown,Task3_Insertion,68.93009,7.8532900965125005,22.032053581816534,22.083894622014547,14.114527987031703,28.203104057205096,56.60989489479725,8.881784197001252e-13,8.99724896862534e-12,1.013733582468938e-10,6.57011938504117e-14,3.112051303169314e-13
12.449,ApproachEntry,Double,115.6567,294.5786,7.85361,56.60511,56.60511,0.0,115.6567,7.85361,0.85361,68.93009,68.93009,68.93009,0.0,0.0,1.0,6,6,1,0.72376,0.9722,0.0015,0.89856,0.61571,0.05005,0.82,0.7,0.06,0.9,0.56,0.06,4.88098,-30.09376,61.57118,-109.343,-77.96309,113.0087,double_rcm_log_20260616_113317_743.csv,14.16831963729109,Unknown,Task3_Insertion,68.93009,7.8532900965125005,22.032053581816534,22.083894622014547,14.114527987031703,28.203104057205096,56.60989489479725,1.25607396694702e-12,9.373111981825177e-12,1.2730451866534477e-10,7.063857430015114e-14,4.936888169727824e-13
12.51814,ApproachEntry,Double,115.6567,294.5786,7.85361,56.60511,56.60511,0.0,115.6567,7.85361,0.85361,68.93009,68.93009,68.93009,0.0,0.0,1.0,6,6,1,0.72376,0.9722,0.0015,0.89856,0.61571,0.05005,0.82,0.7,0.06,0.9,0.56,0.06,4.88098,-30.09376,61.57118,-109.343,-77.96309,113.0087,double_rcm_log_20260616_113317_743.csv,14.46340757882539,Unknown,Task3_Insertion,68.93009,7.8532900965125005,22.032053581816534,22.083894622014547,14.114527987031703,28.203104057205096,56.60989489479725,8.899114524108742e-13,9.169989196564573e-12,4.947080842127148e-11,2.320622857404618e-14,3.43030579581005e-13
12.58772,ApproachEntry,Double,115.6567,294.5786,7.85361,56.60511,56.60511,0.0,115.6567,7.85361,0.85361,68.93009,68.93009,68.93009,0.0,0.0,1.0,6,6,1,0.72376,0.9722,0.0015,0.89856,0.61571,0.05005,0.82,0.7,0.06,0.9,0.56,0.06,4.88098,-30.09376,61.57118,-109.343,-77.96309,113.0087,double_rcm_log_20260616_113317_743.csv,14.371945961483512,Unknown,Task3_Insertion,68.93009,7.8532900965125005,22.032053581816534,22.083894622014547,14.114527987031703,28.203104057205096,56.60989489479725,0.0,6.281995921590615e-12,1.049694109291133e-10,8.372151513514172e-14,7.968221273155829e-13
12.65805,ApproachEntry,Double,115.6567,294.5786,7.85361,56.60511,56.60511,0.0,115.6567,7.85361,0.85361,68.93009,68.93009,68.93009,0.0,0.0,1.0,6,6,1,0.72376,0.9722,0.0015,0.89856,0.61571,0.05005,0.82,0.7,0.06,0.9,0.56,0.06,4.88098,-30.09376,61.57118,-109.343,-77.96309,113.0087,double_rcm_log_20260616_113317_743.csv,14.218683349921752,Unknown,Task3_Insertion,68.93009,7.8532900965125005,22.032053581816534,22.083894622014547,14.114527987031703,28.203104057205096,56.60989489479725,1.2573000033218179e-12,6.705385758007306e-12,1.0012797170907599e-10,1.16645929604303e-13,4.666962878377438e-13
12.72717,ApproachEntry,Double,115.6567,294.5786,7.85361,56.60511,56.60511,0.0,115.6567,7.85361,0.85361,68.93009,68.93009,68.93009,0.0,0.0,1.0,6,6,1,0.72376,0.9722,0.0015,0.89856,0.61571,0.05005,0.82,0.7,0.06,0.9,0.56,0.06,4.88098,-30.09376,61.57118,-109.343,-77.96309,113.0087,double_rcm_log_20260616_113317_743.csv,14.467592592592624,Unknown,Task3_Insertion,68.93009,7.8532900965125005,22.032053581816534,22.083894622014547,14.114527987031703,28.203104057205096,56.60989489479725,8.881784197001252e-13,9.03679910692208e-12,1.4225284105013524e-10,4.641245714809236e-14,8.241758879458128e-13
12.79604,ApproachEntry,Double,115.6567,294.5786,7.85361,56.60511,56.60511,0.0,115.6567,7.85361,0.85361,68.93009,68.93009,68.93009,0.0,0.0,1.0,6,6,1,0.72376,0.9722,0.0015,0.89856,0.61571,0.05005,0.82,0.7,0.06,0.9,0.56,0.06,4.88098,-30.09376,61.57118,-109.343,-77.96309,113.0087,double_rcm_log_20260616_113317_743.csv,14.520110352838591,Unknown,Task3_Insertion,68.93009,7.8532900965125005,22.032053581816534,22.083894622014547,14.114527987031703,28.203104057205096,56.60989489479725,5.551115123125783e-14,1.2859249888858404e-11,6.681751021920415e-11,2.338682451623638e-14,8.909333195881506e-13
12.86538,ApproachEntry,Double,115.6567,294.5786,7.85361,56.60511,56.60511,0.0,115.6567,7.85361,0.85361,68.93009,68.93009,68.93009,0.0,0.0,1.0,6,6,1,0.72376,0.9722,0.0015,0.89856,0.61571,0.05005,0.82,0.7,0.06,0.9,0.56,0.06,4.88098,-30.09376,61.57118,-109.343,-77.96309,113.0087,double_rcm_log_20260616_113317_743.csv,14.421690222093947,Unknown,Task3_Insertion,68.93009,7.8532900965125005,22.032053581816534,22.083894622014547,14.114527987031703,28.203104057205096,56.60989489479725,8.899114524108742e-13,4.000610236338004e-13,1.8526929812029886e-10,9.359226192145436e-14,5.852682461658682e-13
12.93475,ApproachEntry,Double,115.6567,294.5786,7.85361,56.60511,56.60511,0.0,115.6567,7.85361,0.85361,68.93009,68.93009,68.93009,0.0,0.0,1.0,6,6,1,0.72376,0.9722,0.0015,0.89856,0.61571,0.05005,0.82,0.7,0.06,0.9,0.56,0.06,4.88098,-30.09376,61.57118,-109.343,-77.96309,113.0087,double_rcm_log_20260616_113317_743.csv,14.415453366008514,Unknown,Task3_Insertion,68.93009,7.8532900965125005,22.032053581816534,22.083894622014547,14.114527987031703,28.203104057205096,56.60989489479725,0.0,1.2839437854527757e-11,3.89045338785453e-11,7.057898881987199e-14,8.867186871500463e-13
13.0038,ApproachEntry,Double,115.6567,294.5786,7.85361,56.60511,56.60511,0.0,115.6567,7.85361,0.85361,68.93009,68.93009,68.93009,0.0,0.0,1.0,6,6,1,0.72376,0.9722,0.0015,0.89856,0.61571,0.05005,0.82,0.7,0.06,0.9,0.56,0.06,4.88098,-30.09376,61.57118,-109.343,-77.96309,113.0087,double_rcm_log_20260616_113317_743.csv,14.482259232440109,Unknown,Task3_Insertion,68.93009,7.8532900965125005,22.032053581816534,22.083894622014547,14.114527987031703,28.203104057205096,56.60989489479725,8.881784197001252e-13,5.205336793351563e-12,1.3770222894259197e-10,4.641245714809236e-14,5.955943213885305e-13
13.07689,ApproachEntry,Double,115.6567,294.5786,7.85361,56.60511,56.60511,0.0,115.6567,7.85361,0.85361,68.93009,68.93009,68.93009,0.0,0.0,1.0,6,6,1,0.72376,0.9722,0.0015,0.89856,0.61571,0.05005,0.82,0.7,0.06,0.9,0.56,0.06,4.88098,-30.09376,61.57118,-109.343,-77.96309,113.0087,double_rcm_log_20260616_113317_743.csv,13.681762210972671,Unknown,Task3_Insertion,68.93009,7.8532900965125005,22.032053581816534,22.083894622014547,14.114527987031703,28.203104057205096,56.60989489479725,8.899114524108742e-13,5.708584075292426e-12,1.8044331833619615e-10,2.320622857404618e-14,3.1379396971460083e-13
13.14825,ApproachEntry,Double,115.6567,294.5786,7.85361,56.60511,56.60511,0.0,115.6567,7.85361,0.85361,68.93009,68.93009,68.93009,0.0,0.0,1.0,6,6,1,0.72376,0.9722,0.0015,0.89856,0.61571,0.05005,0.82,0.7,0.06,0.9,0.56,0.06,4.88098,-30.09376,61.57118,-109.343,-77.96309,113.0087,double_rcm_log_20260616_113317_743.csv,14.013452914798146,Unknown,Task3_Insertion,68.93009,7.8532900965125005,22.032053581816534,22.083894622014547,14.114527987031703,28.203104057205096,56.60989489479725,0.0,2.0446316534011655e-11,3.388023787050616e-11,0.0,5.978233477152213e-13
13.21674,ApproachEntry,Double,115.6567,294.5786,7.85361,56.60511,56.60511,0.0,115.6567,7.85361,0.85361,68.93009,68.93009,68.93009,0.0,0.0,1.0,6,6,1,0.72376,0.9722,0.0015,0.89856,0.61571,0.05005,0.82,0.7,0.06,0.9,0.56,0.06,4.88098,-30.09376,61.57118,-109.343,-77.96309,113.0087,double_rcm_log_20260616_113317_743.csv,14.60067163089527,Unknown,Task3_Insertion,68.93009,7.8532900965125005,22.032053581816534,22.083894622014547,14.114527987031703,28.203104057205096,56.60989489479725,1.9868029630580077e-12,9.067769932986475e-13,2.4938802324616865e-10,7.063857430015114e-14,3.4506322920018116e-13
13.28744,ApproachEntry,Double,115.6567,294.5786,7.85361,56.60511,56.60511,0.0,115.6567,7.85361,0.85361,68.93009,68.93009,68.93009,0.0,0.0,1.0,6,6,1,0.72376,0.9722,0.0015,0.89856,0.61571,0.05005,0.82,0.7,0.06,0.9,0.56,0.06,4.88098,-30.09376,61.57118,-109.343,-77.96309,113.0087,double_rcm_log_20260616_113317_743.csv,14.144271570014059,Unknown,Task3_Insertion,68.93009,7.8532900965125005,22.032053581816534,22.083894622014547,14.114527987031703,28.203104057205096,56.60989489479725,0.0,1.4181871115695622e-11,3.3421793032634835e-11,4.641245714809236e-14,8.714916360828475e-13
13.35947,ApproachEntry,Double,115.6567,294.5786,7.85361,56.60511,56.60511,0.0,115.6567,7.85361,0.85361,68.93009,68.93009,68.93009,0.0,0.0,1.0,6,6,1,0.72376,0.9722,0.0015,0.89856,0.61571,0.05005,0.82,0.7,0.06,0.9,0.56,0.06,4.88098,-30.09376,61.57118,-109.343,-77.96309,113.0087,double_rcm_log_20260616_113317_743.csv,13.883104262113044,Unknown,Task3_Insertion,68.93009,7.8532900965125005,22.032053581816534,22.083894622014547,14.114527987031703,28.203104057205096,56.60989489479725,0.0,6.1376871764628764e-12,9.746501399562242e-11,7.057898881987199e-14,1.6000120174220215e-13
13.43181,ApproachEntry,Double,115.6567,294.5786,7.85361,56.60511,56.60511,0.0,115.6567,7.85361,0.85361,68.93009,68.93009,68.93009,0.0,0.0,1.0,6,6,1,0.72376,0.9722,0.0015,0.89856,0.61571,0.05005,0.82,0.7,0.06,0.9,0.56,0.06,4.88098,-30.09376,61.57118,-109.343,-77.96309,113.0087,double_rcm_log_20260616_113317_743.csv,13.823610727121826,Unknown,Task3_Insertion,68.93009,7.8532900965125005,22.032053581816534,22.083894622014547,14.114527987031703,28.203104057205096,56.60989489479725,8.899114524108742e-13,2.463133261370663e-13,6.126497273593655e-11,5.19717205745273e-14,5.708485497052593e-13
13.50273,ApproachEntry,Double,115.6567,294.5786,7.85361,56.60511,56.60511,0.0,115.6567,7.85361,0.85361,68.93009,68.93009,68.93009,0.0,0.0,1.0,6,6,1,0.72376,0.9722,0.0015,0.89856,0.61571,0.05005,0.82,0.7,0.06,0.9,0.56,0.06,4.88098,-30.09376,61.57118,-109.343,-77.96309,113.0087,double_rcm_log_20260616_113317_743.csv,14.100394811054867,Unknown,Task3_Insertion,68.93009,7.8532900965125005,22.032053581816534,22.083894622014547,14.114527987031703,28.203104057205096,56.60989489479725,0.0,6.379884539182423e-12,2.3335202316166692e-11,4.7840865791509556e-14,3.327105129363069e-13
13.57287,ApproachEntry,Double,115.6567,294.5786,7.85361,56.60511,56.60511,0.0,115.6567,7.85361,0.85361,68.93009,68.93009,68.93009,0.0,0.0,1.0,6,6,1,0.72376,0.9722,0.0015,0.89856,0.61571,0.05005,0.82,0.7,0.06,0.9,0.56,0.06,4.88098,-30.09376,61.57118,-109.343,-77.96309,113.0087,double_rcm_log_20260616_113317_743.csv,14.257199885942338,Unknown,Task3_Insertion,68.93009,7.8532900965125005,22.032053581816534,22.083894622014547,14.114527987031703,28.203104057205096,56.60989489479725,1.25607396694702e-12,3.1055954801117955e-12,1.250698201908882e-10,6.967909240224255e-14,6.778308696567621e-13
13.64328,ApproachEntry,Double,115.6567,294.5786,7.85361,56.60511,56.60511,0.0,115.6567,7.85361,0.85361,68.93009,68.93009,68.93009,0.0,0.0,1.0,6,6,1,0.72376,0.9722,0.0015,0.89856,0.61571,0.05005,0.82,0.7,0.06,0.9,0.56,0.06,4.88098,-30.09376,61.57118,-109.343,-77.96309,113.0087,double_rcm_log_20260616_113317_743.csv,14.202528049992747,Unknown,Task3_Insertion,68.93009,7.8532900965125005,22.032053581816534,22.083894622014547,14.114527987031703,28.203104057205096,56.60989489479725,4.449557262054371e-13,1.2073330970246516e-11,1.0301697707497147e-10,7.181990326925484e-14,8.794564960307737e-13
13.74605,ApproachEntry,Double,115.6567,294.5786,7.85361,56.60511,56.60511,0.0,115.6567,7.85361,0.85361,68.93009,68.93009,68.93009,0.0,0.0,1.0,6,6,1,0.72376,0.9722,0.0015,0.89856,0.61571,0.05005,0.82,0.7,0.06,0.9,0.56,0.06,4.88098,-30.09376,61.57118,-109.343,-77.96309,113.0087,double_rcm_log_20260616_113317_743.csv,9.730466089325718,Unknown,Task3_Insertion,68.93009,7.8532900965125005,22.032053581816534,22.083894622014547,14.114527987031703,28.203104057205096,56.60989489479725,0.0,1.6575277051489928e-11,7.740055796808632e-11,0.0,7.343415224798249e-13
13.81495,ApproachEntry,Double,115.6567,294.5786,7.85361,56.60511,56.60511,0.0,115.6567,7.85361,0.85361,68.93009,68.93009,68.93009,0.0,0.0,1.0,6,6,1,0.72376,0.9722,0.0015,0.89856,0.61571,0.05005,0.82,0.7,0.06,0.9,0.56,0.06,4.88098,-30.09376,61.57118,-109.343,-77.96309,113.0087,double_rcm_log_20260616_113317_743.csv,14.513788098693908,Unknown,Task3_Insertion,68.93009,7.8532900965125005,22.032053581816534,22.083894622014547,14.114527987031703,28.203104057205096,56.60989489479725,1.9891280697202824e-12,6.774224526835555e-12,1.6113745641185256e-10,1.1431423292233182e-13,3.6431496006516305e-13
13.88526,ApproachEntry,Double,115.6567,294.5786,7.85361,56.60511,56.60511,0.0,115.6567,7.85361,0.85361,68.93009,68.93009,68.93009,0.0,0.0,1.0,6,6,1,0.72376,0.9722,0.0015,0.89856,0.61571,0.05005,0.82,0.7,0.06,0.9,0.56,0.06,4.88098,-30.09376,61.57118,-109.343,-77.96309,113.0087,double_rcm_log_20260616_113317_743.csv,14.222727919214707,Unknown,Task3_Insertion,68.93009,7.8532900965125005,22.032053581816534,22.083894622014547,14.114527987031703,28.203104057205096,56.60989489479725,8.881784197001252e-13,6.277007713121044e-12,9.504584186215953e-11,4.7840865791509556e-14,3.6406636519591597e-13
13.95437,ApproachEntry,Double,115.6567,294.5786,7.85361,56.60511,56.60511,0.0,115.6567,7.85361,0.85361,68.93009,68.93009,68.93009,0.0,0.0,1.0,6,6,1,0.72376,0.9722,0.0015,0.89856,0.61571,0.05005,0.82,0.7,0.06,0.9,0.56,0.06,4.88098,-30.09376,61.57118,-109.343,-77.96309,113.0087,double_rcm_log_20260616_113317_743.csv,14.469686007813584,Unknown,Task3_Insertion,68.93009,7.8532900965125005,22.032053581816534,22.083894622014547,14.114527987031703,28.203104057205096,56.60989489479725,1.2573000033218179e-12,7.140460527332127e-12,5.87883278814681e-11,7.057898881987199e-14,3.796277978282074e-13
14.0241,ApproachEntry,Double,115.6567,294.5786,7.85361,56.60511,56.60511,0.0,115.6567,7.85361,0.85361,68.93009,68.93009,68.93009,0.0,0.0,1.0,6,6,1,0.72376,0.9722,0.0015,0.89856,0.61571,0.05005,0.82,0.7,0.06,0.9,0.56,0.06,4.88098,-30.09376,61.57118,-109.343,-77.96309,113.0087,double_rcm_log_20260616_113317_743.csv,14.341029685931481,Unknown,Task3_Insertion,68.93009,7.8532900965125005,22.032053581816534,22.083894622014547,14.114527987031703,28.203104057205096,56.60989489479725,4.440892098500626e-13,1.3223224924210555e-11,9.672475166310245e-11,2.320622857404618e-14,6.023228031139428e-13
14.10685,ApproachEntry,Double,115.6567,294.5786,7.85361,56.60511,56.60511,0.0,115.6567,7.85361,0.85361,68.93009,68.93009,68.93009,0.0,0.0,1.0,6,6,1,0.72376,0.9722,0.0015,0.89856,0.61571,0.05005,0.82,0.7,0.06,0.9,0.56,0.06,4.88098,-30.09376,61.57118,-109.343,-77.96309,113.0087,double_rcm_log_20260616_113317_743.csv,12.084592145015254,Unknown,Task3_Insertion,68.93009,7.8532900965125005,22.032053581816534,22.083894622014547,14.114527987031703,28.203104057205096,56.60989489479725,8.881784197001252e-13,9.575491903830528e-12,1.1008569231616661e-10,6.665481691674458e-14,2.8139448415508804e-13
14.1766,ApproachEntry,Double,115.6567,294.5786,7.85361,56.60511,56.60511,0.0,115.6567,7.85361,0.85361,68.93009,68.93009,68.93009,0.0,0.0,1.0,6,6,1,0.72376,0.9722,0.0015,0.89856,0.61571,0.05005,0.82,0.7,0.06,0.9,0.56,0.06,4.88098,-30.09376,61.57118,-109.343,-77.96309,113.0087,double_rcm_log_20260616_113317_743.csv,14.336917562723837,Unknown,Task3_Insertion,68.93009,7.8532900965125005,22.032053581816534,22.083894622014547,14.114527987031703,28.203104057205096,56.60989489479725,8.881784197001252e-13,8.945095002087795e-12,1.645409521908869e-10,1.1960216447877389e-14,5.83336815539234e-13
14.2453,ApproachEntry,Double,115.6567,294.5786,7.85361,56.60511,56.60511,0.0,115.6567,7.85361,0.85361,68.93009,68.93009,68.93009,0.0,0.0,1.0,6,6,1,0.72376,0.9722,0.0015,0.89856,0.61571,0.05005,0.82,0.7,0.06,0.9,0.56,0.06,4.88098,-30.09376,61.57118,-109.343,-77.96309,113.0087,double_rcm_log_20260616_113317_743.csv,14.55604075691417,Unknown,Task3_Insertion,68.93009,7.8532900965125005,22.032053581816534,22.083894622014547,14.114527987031703,28.203104057205096,56.60989489479725,8.899114524108742e-13,1.3065777400281978e-11,1.0399767353906436e-10,4.641245714809236e-14,6.41889067960844e-13
14.31354,ApproachEntry,Double,115.6567,294.5786,7.85361,56.60511,56.60511,0.0,115.6567,7.85361,0.85361,68.93009,68.93009,68.93009,0.0,0.0,1.0,6,6,1,0.72376,0.9722,0.0015,0.89856,0.61571,0.05005,0.82,0.7,0.06,0.9,0.56,0.06,4.88098,-30.09376,61.57118,-109.343,-77.96309,113.0087,double_rcm_log_20260616_113317_743.csv,14.654161781946199,Unknown,Task3_Insertion,68.93009,7.8532900965125005,22.032053581816534,22.083894622014547,14.114527987031703,28.203104057205096,56.60989489479725,8.899114524108742e-13,6.40443349458334e-12,1.431540654391577e-10,8.452173896508212e-14,3.5927943931015157e-13
14.38256,ApproachEntry,Double,115.6567,294.5786,7.85361,56.60511,56.60511,0.0,115.6567,7.85361,0.85361,68.93009,68.93009,68.93009,0.0,0.0,1.0,6,6,1,0.72376,0.9722,0.0015,0.89856,0.61571,0.05005,0.82,0.7,0.06,0.9,0.56,0.06,4.88098,-30.09376,61.57118,-109.343,-77.96309,113.0087,double_rcm_log_20260616_113317_743.csv,14.48855404230656,Unknown,Task3_Insertion,68.93009,7.8532900965125005,22.032053581816534,22.083894622014547,14.114527987031703,28.203104057205096,56.60989489479725,1.2573000033218179e-12,6.51573816587403e-12,1.456862120016307e-10,1.160311428702309e-14,4.84250442909236e-13
14.45193,ApproachEntry,Double,115.6567,294.5786,7.85361,56.60511,56.60511,0.0,115.6567,7.85361,0.85361,68.93009,68.93009,68.93009,0.0,0.0,1.0,6,6,1,0.72376,0.9722,0.0015,0.89856,0.61571,0.05005,0.82,0.7,0.06,0.9,0.56,0.06,4.88098,-30.09376,61.57118,-109.343,-77.96309,113.0087,double_rcm_log_20260616_113317_743.csv,14.415453366008144,Unknown,Task3_Insertion,68.93009,7.8532900965125005,22.032053581816534,22.083894622014547,14.114527987031703,28.203104057205096,56.60989489479725,5.551115123125783e-14,1.4379160294776028e-11,1.0522448691922217e-10,5.19717205745273e-14,8.368920874222973e-14
14.52037,ApproachEntry,Double,115.6567,294.5786,7.85361,56.60511,56.60511,0.0,115.6567,7.85361,0.85361,68.93009,68.93009,68.93009,0.0,0.0,1.0,6,6,1,0.72376,0.9722,0.0015,0.89856,0.61571,0.05005,0.82,0.7,0.06,0.9,0.56,0.06,4.88098,-30.09376,61.57118,-109.343,-77.96309,113.0087,double_rcm_log_20260616_113317_743.csv,14.611338398597537,Unknown,Task3_Insertion,68.93009,7.8532900965125005,22.032053581816534,22.083894622014547,14.114527987031703,28.203104057205096,56.60989489479725,8.881784197001252e-13,9.308430124045504e-12,2.123086462365593e-10,0.0,7.949534828719454e-13
14.58697,ApproachEntry,Double,115.6567,294.5786,7.85361,56.60511,56.60511,0.0,115.6567,7.85361,0.85361,68.93009,68.93009,68.93009,0.0,0.0,1.0,6,6,1,0.72376,0.9722,0.0015,0.89856,0.61571,0.05005,0.82,0.7,0.06,0.9,0.56,0.06,4.88098,-30.09376,61.57118,-109.343,-77.96309,113.0087,double_rcm_log_20260616_113317_743.csv,15.015015015014766,Unknown,Task3_Insertion,68.93009,7.8532900965125005,22.032053581816534,22.083894622014547,14.114527987031703,28.203104057205096,56.60989489479725,1.2573000033218179e-12,1.3824656199586041e-11,1.4100837044415384e-10,1.16645929604303e-13,4.352725621768148e-13
14.65627,ApproachEntry,Double,115.6567,294.5786,7.85361,56.60511,56.60511,0.0,115.6567,7.85361,0.85361,68.93009,68.93009,68.93009,0.0,0.0,1.0,6,6,1,0.72376,0.9722,0.0015,0.89856,0.61571,0.05005,0.82,0.7,0.06,0.9,0.56,0.06,4.88098,-30.09376,61.57118,-109.343,-77.96309,113.0087,double_rcm_log_20260616_113317_743.csv,14.43001443001477,Unknown,Task3_Insertion,68.93009,7.8532900965125005,22.032053581816534,22.083894622014547,14.114527987031703,28.203104057205096,56.60989489479725,1.2573000033218179e-12,8.810925670963886e-12,1.958218528973039e-10,6.967909240224255e-14,1.0122612560924761e-12
14.7247,ApproachEntry,Double,115.6567,294.5786,7.85361,56.60511,56.60511,0.0,115.6567,7.85361,0.85361,68.93009,68.93009,68.93009,0.0,0.0,1.0,6,6,1,0.72376,0.9722,0.0015,0.89856,0.61571,0.05005,0.82,0.7,0.06,0.9,0.56,0.06,4.88098,-30.09376,61.57118,-109.343,-77.96309,113.0087,double_rcm_log_20260616_113317_743.csv,14.613473622679876,Unknown,Task3_Insertion,68.93009,7.8532900965125005,22.032053581816534,22.083894622014547,14.114527987031703,28.203104057205096,56.60989489479725,5.551115123125783e-14,1.4520243349172012e-11,6.592912084418072e-11,4.641245714809236e-14,9.74623535494435e-13
14.79308,ApproachEntry,Double,115.6567,294.5786,7.85361,56.60511,56.60511,0.0,115.6567,7.85361,0.85361,68.93009,68.93009,68.93009,0.0,0.0,1.0,6,6,1,0.72376,0.9722,0.0015,0.89856,0.61571,0.05005,0.82,0.7,0.06,0.9,0.56,0.06,4.88098,-30.09376,61.57118,-109.343,-77.96309,113.0087,double_rcm_log_20260616_113317_743.csv,14.624159110851245,Unknown,Task3_Insertion,68.93009,7.8532900965125005,22.032053581816534,22.083894622014547,14.114527987031703,28.203104057205096,56.60989489479725,8.881784197001252e-13,8.260354253641952e-13,1.4158736453271786e-10,6.563712636189231e-14,7.783113476880931e-13
14.86242,ApproachEntry,Double,115.6567,294.5786,7.85361,56.60511,56.60511,0.0,115.6567,7.85361,0.85361,68.93009,68.93009,68.93009,0.0,0.0,1.0,6,6,1,0.72376,0.9722,0.0015,0.89856,0.61571,0.05005,0.82,0.7,0.06,0.9,0.56,0.06,4.88098,-30.09376,61.57118,-109.343,-77.96309,113.0087,double_rcm_log_20260616_113317_743.csv,14.421690222093947,Unknown,Task3_Insertion,68.93009,7.8532900965125005,22.032053581816534,22.083894622014547,14.114527987031703,28.203104057205096,56.60989489479725,5.551115123125783e-14,9.034783376825742e-12,4.702764340073581e-11,7.057898881987199e-14,3.4648441018642255e-13
14.93211,ApproachEntry,Double,115.6567,294.5786,7.85361,56.60511,56.60511,0.0,115.6567,7.85361,0.85361,68.93009,68.93009,68.93009,0.0,0.0,1.0,6,6,1,0.72376,0.9722,0.0015,0.89856,0.61571,0.05005,0.82,0.7,0.06,0.9,0.56,0.06,4.88098,-30.09376,61.57118,-109.343,-77.96309,113.0087,double_rcm_log_20260616_113317_743.csv,14.349261013057912,Unknown,Task3_Insertion,68.93009,7.8532900965125005,22.032053581816534,22.083894622014547,14.114527987031703,28.203104057205096,56.60989489479725,8.881784197001252e-13,6.721117171521798e-12,1.4980181965795728e-10,8.127358311930517e-14,9.344255883487398e-13
14.99953,ApproachEntry,Double,115.6567,294.5786,7.85361,56.60511,56.60511,0.0,115.6567,7.85361,0.85361,68.93009,68.93009,68.93009,0.0,0.0,1.0,6,6,1,0.72376,0.9722,0.0015,0.89856,0.61571,0.05005,0.82,0.7,0.06,0.9,0.56,0.06,4.88098,-30.09376,61.57118,-109.343,-77.96309,113.0087,double_rcm_log_20260616_113317_743.csv,14.832393948383212,Unknown,Task3_Insertion,68.93009,7.8532900965125005,22.032053581816534,22.083894622014547,14.114527987031703,28.203104057205096,56.60989489479725,8.881784197001252e-13,1.3113682054826649e-11,4.923197432288142e-11,6.961868572213853e-14,8.704058408300797e-13
15.06758,ApproachEntry,Double,115.6567,294.5786,7.85361,56.60511,56.60511,0.0,115.6567,7.85361,0.85361,68.93009,68.93009,68.93009,0.0,0.0,1.0,6,6,1,0.72376,0.9722,0.0015,0.89856,0.61571,0.05005,0.82,0.7,0.06,0.9,0.56,0.06,4.88098,-30.09376,61.57118,-109.343,-77.96309,113.0087,double_rcm_log_20260616_113317_743.csv,14.695077149155141,Unknown,Task3_Insertion,68.93009,7.8532900965125005,22.032053581816534,22.083894622014547,14.114527987031703,28.203104057205096,56.60989489479725,8.881784197001252e-13,4.629137920136512e-13,1.4504023782992147e-10,5.189070459296527e-14,9.251499006851056e-13
15.13488,ApproachEntry,Double,115.6567,294.5786,7.85361,56.60511,56.60511,0.0,115.6567,7.85361,0.85361,68.93009,68.93009,68.93009,0.0,0.0,1.0,6,6,1,0.72376,0.9722,0.0015,0.89856,0.61571,0.05005,0.82,0.7,0.06,0.9,0.56,0.06,4.88098,-30.09376,61.57118,-109.343,-77.96309,113.0087,double_rcm_log_20260616_113317_743.csv,14.858841010400914,Unknown,Task3_Insertion,68.93009,7.8532900965125005,22.032053581816534,22.083894622014547,14.114527987031703,28.203104057205096,56.60989489479725,8.899114524108742e-13,6.591838068021535e-12,1.110210786402635e-10,7.338453819646734e-14,4.881604298838698e-13
15.20204,ApproachEntry,Double,115.6567,294.5786,7.85361,56.60511,56.60511,0.0,115.6567,7.85361,0.85361,68.93009,68.93009,68.93009,0.0,0.0,1.0,6,6,1,0.72376,0.9722,0.0015,0.89856,0.61571,0.05005,0.82,0.7,0.06,0.9,0.56,0.06,4.88098,-30.09376,61.57118,-109.343,-77.96309,113.0087,double_rcm_log_20260616_113317_743.csv,14.889815366289582,Unknown,Task3_Insertion,68.93009,7.8532900965125005,22.032053581816534,22.083894622014547,14.114527987031703,28.203104057205096,56.60989489479725,0.0,1.466241522251421e-11,4.614423750367691e-11,2.320622857404618e-14,1.179305155890099e-12
15.27017,ApproachEntry,Double,115.6567,294.5786,7.85361,56.60511,56.60511,0.0,115.6567,7.85361,0.85361,68.93009,68.93009,68.93009,0.0,0.0,1.0,6,6,1,0.72376,0.9722,0.0015,0.89856,0.61571,0.05005,0.82,0.7,0.06,0.9,0.56,0.06,4.88098,-30.09376,61.57118,-109.343,-77.96309,113.0087,double_rcm_log_20260616_113317_743.csv,14.677821811243206,Unknown,Task3_Insertion,68.93009,7.8532900965125005,22.032053581816534,22.083894622014547,14.114527987031703,28.203104057205096,56.60989489479725,1.2573000033218179e-12,1.329434469159689e-11,1.515650850384876e-10,9.359226192145436e-14,7.040697254005272e-13
15.33778,ApproachEntry,Double,115.6567,294.5786,7.85361,56.60511,56.60511,0.0,115.6567,7.85361,0.85361,68.93009,68.93009,68.93009,0.0,0.0,1.0,6,6,1,0.72376,0.9722,0.0015,0.89856,0.61571,0.05005,0.82,0.7,0.06,0.9,0.56,0.06,4.88098,-30.09376,61.57118,-109.343,-77.96309,113.0087,double_rcm_log_20260616_113317_743.csv,14.7907114332199,Unknown,Task3_Insertion,68.93009,7.8532900965125005,22.032053581816534,22.083894622014547,14.114527987031703,28.203104057205096,56.60989489479725,1.7772239894833366e-12,6.55858613365269e-12,1.6015950062286234e-10,8.452173896508212e-14,8.422112901008293e-13
15.40516,ApproachEntry,Double,115.6567,294.5786,7.85361,56.60511,56.60511,0.0,115.6567,7.85361,0.85361,68.93009,68.93009,68.93009,0.0,0.0,1.0,6,6,1,0.72376,0.9722,0.0015,0.89856,0.61571,0.05005,0.82,0.7,0.06,0.9,0.56,0.06,4.88098,-30.09376,61.57118,-109.343,-77.96309,113.0087,double_rcm_log_20260616_113317_743.csv,14.841199168892848,Unknown,Task3_Insertion,68.93009,7.8532900965125005,22.032053581816534,22.083894622014547,14.114527987031703,28.203104057205096,56.60989489479725,8.899114524108742e-13,9.759975291903802e-12,9.317261147446792e-11,6.57011938504117e-14,4.106716287492128e-13
15.4745,ApproachEntry,Double,115.6567,294.5786,7.85361,56.60511,56.60511,0.0,115.6567,7.85361,0.85361,68.93009,68.93009,68.93009,0.0,0.0,1.0,6,6,1,0.72376,0.9722,0.0015,0.89856,0.61571,0.05005,0.82,0.7,0.06,0.9,0.56,0.06,4.88098,-30.09376,61.57118,-109.343,-77.96309,113.0087,double_rcm_log_20260616_113317_743.csv,14.421690222093947,Unknown,Task3_Insertion,68.93009,7.8532900965125005,22.032053581816534,22.083894622014547,14.114527987031703,28.203104057205096,56.60989489479725,1.25607396694702e-12,6.538461658943757e-12,4.2287525290638907e-11,8.038873388460929e-14,3.886782865136039e-13
15.54347,ApproachEntry,Double,115.6567,294.5786,7.85361,56.60511,56.60511,0.0,115.6567,7.85361,0.85361,68.93009,68.93009,68.93009,0.0,0.0,1.0,6,6,1,0.72376,0.9722,0.0015,0.89856,0.61571,0.05005,0.82,0.7,0.06,0.9,0.56,0.06,4.88098,-30.09376,61.57118,-109.343,-77.96309,113.0087,double_rcm_log_20260616_113317_743.csv,14.49905756125885,Unknown,Task3_Insertion,68.93009,7.8532900965125005,22.032053581816534,22.083894622014547,14.114527987031703,28.203104057205096,56.60989489479725,1.25607396694702e-12,6.1438811256912125e-12,1.7666990914621641e-10,5.317214951750687e-14,5.738831627424749e-13
15.61111,ApproachEntry,Double,115.6567,294.5786,7.85361,56.60511,56.60511,0.0,115.6567,7.85361,0.85361,68.93009,68.93009,68.93009,0.0,0.0,1.0,6,6,1,0.72376,0.9722,0.0015,0.89856,0.61571,0.05005,0.82,0.7,0.06,0.9,0.56,0.06,4.88098,-30.09376,61.57118,-109.343,-77.96309,113.0087,double_rcm_log_20260616_113317_743.csv,14.784151389710054,Unknown,Task3_Insertion,68.93009,7.8532900965125005,22.032053581816534,22.083894622014547,14.114527987031703,28.203104057205096,56.60989489479725,8.881784197001252e-13,1.8578895407931584e-11,1.03177889539801e-10,2.9007785717557725e-15,3.982152860789351e-13
15.68055,ApproachEntry,Double,115.6567,294.5786,7.85361,56.60511,56.60511,0.0,115.6567,7.85361,0.85361,68.93009,68.93009,68.93009,0.0,0.0,1.0,6,6,1,0.72376,0.9722,0.0015,0.89856,0.61571,0.05005,0.82,0.7,0.06,0.9,0.56,0.06,4.88098,-30.09376,61.57118,-109.343,-77.96309,113.0087,double_rcm_log_20260616_113317_743.csv,14.40092165898614,Unknown,Task3_Insertion,68.93009,7.8532900965125005,22.032053581816534,22.083894622014547,14.114527987031703,28.203104057205096,56.60989489479725,1.2573000033218179e-12,1.2837730920653902e-11,2.6437188401977335e-10,0.0,8.385551824146709e-14
15.74982,ApproachEntry,Double,115.6567,294.5786,7.85361,56.60511,56.60511,0.0,115.6567,7.85361,0.85361,68.93009,68.93009,68.93009,0.0,0.0,1.0,6,6,1,0.72376,0.9722,0.0015,0.89856,0.61571,0.05005,0.82,0.7,0.06,0.9,0.56,0.06,4.88098,-30.09376,61.57118,-109.343,-77.96309,113.0087,double_rcm_log_20260616_113317_743.csv,14.436263894904103,Unknown,Task3_Insertion,68.93009,7.8532900965125005,22.032053581816534,22.083894622014547,14.114527987031703,28.203104057205096,56.60989489479725,8.881784197001252e-13,1.8138337438139548e-11,1.8624858214943959e-10,1.1960216447877389e-14,5.012655677697663e-13
15.81987,ApproachEntry,Double,115.6567,294.5786,7.85361,56.60511,56.60511,0.0,115.6567,7.85361,0.85361,68.93009,68.93009,68.93009,0.0,0.0,1.0,6,6,1,0.72376,0.9722,0.0015,0.89856,0.61571,0.05005,0.82,0.7,0.06,0.9,0.56,0.06,4.88098,-30.09376,61.57118,-109.343,-77.96309,113.0087,double_rcm_log_20260616_113317_743.csv,14.275517487508887,Unknown,Task3_Insertion,68.93009,7.8532900965125005,22.032053581816534,22.083894622014547,14.114527987031703,28.203104057205096,56.60989489479725,1.25607396694702e-12,1.4189014748930318e-11,1.9321009768474442e-10,7.057898881987199e-14,6.206083487734114e-13
15.8899,ApproachEntry,Double,115.6567,294.5786,7.85361,56.60511,56.60511,0.0,115.6567,7.85361,0.85361,68.93009,68.93009,68.93009,0.0,0.0,1.0,6,6,1,0.72376,0.9722,0.0015,0.89856,0.61571,0.05005,0.82,0.7,0.06,0.9,0.56,0.06,4.88098,-30.09376,61.57118,-109.343,-77.96309,113.0087,double_rcm_log_20260616_113317_743.csv,14.279594459517162,Unknown,Task3_Insertion,68.93009,7.8532900965125005,22.032053581816534,22.083894622014547,14.114527987031703,28.203104057205096,56.60989489479725,1.2573000033218179e-12,8.938412048089025e-12,1.6323106352376949e-10,8.447194706740887e-14,5.01758893334463e-13
15.95981,ApproachEntry,Double,115.6567,294.5786,7.85361,56.60511,56.60511,0.0,115.6567,7.85361,0.85361,68.93009,68.93009,68.93009,0.0,0.0,1.0,6,6,1,0.72376,0.9722,0.0015,0.89856,0.61571,0.05005,0.82,0.7,0.06,0.9,0.56,0.06,4.88098,-30.09376,61.57118,-109.343,-77.96309,113.0087,double_rcm_log_20260616_113317_743.csv,14.304105278215182,Unknown,Task3_Insertion,68.93009,7.8532900965125005,22.032053581816534,22.083894622014547,14.114527987031703,28.203104057205096,56.60989489479725,5.551115123125783e-14,8.925137562337744e-12,4.3432207687441e-11,0.0,8.985205972464088e-13
16.02824,ApproachEntry,Double,115.6567,294.5786,7.85361,56.60511,56.60511,0.0,115.6567,7.85361,0.85361,68.93009,68.93009,68.93009,0.0,0.0,1.0,6,6,1,0.72376,0.9722,0.0015,0.89856,0.61571,0.05005,0.82,0.7,0.06,0.9,0.56,0.06,4.88098,-30.09376,61.57118,-109.343,-77.96309,113.0087,double_rcm_log_20260616_113317_743.csv,14.613473622679876,Unknown,Task3_Insertion,68.93009,7.8532900965125005,22.032053581816534,22.083894622014547,14.114527987031703,28.203104057205096,56.60989489479725,5.551115123125783e-14,6.539189178132919e-12,6.73665956326635e-11,5.3251215954515665e-14,5.208906458974392e-13
16.09641,ApproachEntry,Double,115.6567,294.5786,7.85361,56.60511,56.60511,0.0,115.6567,7.85361,0.85361,68.93009,68.93009,68.93009,0.0,0.0,1.0,6,6,1,0.72376,0.9722,0.0015,0.89856,0.61571,0.05005,0.82,0.7,0.06,0.9,0.56,0.06,4.88098,-30.09376,61.57118,-109.343,-77.96309,113.0087,double_rcm_log_20260616_113317_743.csv,14.669209329617454,Unknown,Task3_Insertion,68.93009,7.8532900965125005,22.032053581816534,22.083894622014547,14.114527987031703,28.203104057205096,56.60989489479725,8.881784197001252e-13,5.882285071712958e-13,6.515443466339751e-11,7.057898881987199e-14,1.0856698390418759e-13
16.16684,ApproachEntry,Double,115.6567,294.5786,7.85361,56.60511,56.60511,0.0,115.6567,7.85361,0.85361,68.93009,68.93009,68.93009,0.0,0.0,1.0,6,6,1,0.72376,0.9722,0.0015,0.89856,0.61571,0.05005,0.82,0.7,0.06,0.9,0.56,0.06,4.88098,-30.09376,61.57118,-109.343,-77.96309,113.0087,double_rcm_log_20260616_113317_743.csv,14.198494959533933,Unknown,Task3_Insertion,68.93009,7.8532900965125005,22.032053581816534,22.083894622014547,14.114527987031703,28.203104057205096,56.60989489479725,0.0,6.5132724771774625e-12,3.5317316161100735e-12,5.189070459296527e-14,3.418205492522453e-13
16.2358,ApproachEntry,Double,115.6567,294.5786,7.85361,56.60511,56.60511,0.0,115.6567,7.85361,0.85361,68.93009,68.93009,68.93009,0.0,0.0,1.0,6,6,1,0.72376,0.9722,0.0015,0.89856,0.61571,0.05005,0.82,0.7,0.06,0.9,0.56,0.06,4.88098,-30.09376,61.57118,-109.343,-77.96309,113.0087,double_rcm_log_20260616_113317_743.csv,14.501160092807304,Unknown,Task3_Insertion,68.93009,7.8532900965125005,22.032053581816534,22.083894622014547,14.114527987031703,28.203104057205096,56.60989489479725,1.25607396694702e-12,2.2693170305434686e-13,1.0338962498529784e-10,8.447194706740887e-14,1.7473002388980037e-13
16.30563,ApproachEntry,Double,115.6567,294.5786,7.85361,56.60511,56.60511,0.0,115.6567,7.85361,0.85361,68.93009,68.93009,68.93009,0.0,0.0,1.0,6,6,1,0.72376,0.9722,0.0015,0.89856,0.61571,0.05005,0.82,0.7,0.06,0.9,0.56,0.06,4.88098,-30.09376,61.57118,-109.343,-77.96309,113.0087,double_rcm_log_20260616_113317_743.csv,14.320492624946377,Unknown,Task3_Insertion,68.93009,7.8532900965125005,22.032053581816534,22.083894622014547,14.114527987031703,28.203104057205096,56.60989489479725,0.0,8.900757446542431e-12,1.0567241646281763e-12,4.641245714809236e-14,6.089254649187135e-13
16.37403,ApproachEntry,Double,115.6567,294.5786,7.85361,56.60511,56.60511,0.0,115.6567,7.85361,0.85361,68.93009,68.93009,68.93009,0.0,0.0,1.0,6,6,1,0.72376,0.9722,0.0015,0.89856,0.61571,0.05005,0.82,0.7,0.06,0.9,0.56,0.06,4.88098,-30.09376,61.57118,-109.343,-77.96309,113.0087,double_rcm_log_20260616_113317_743.csv,14.619883040935575,Unknown,Task3_Insertion,68.93009,7.8532900965125005,22.032053581816534,22.083894622014547,14.114527987031703,28.203104057205096,56.60989489479725,0.0,0.0,1.0561692275918876e-10,1.160311428702309e-14,3.389001351431127e-13
16.44228,ApproachEntry,Double,115.6567,294.5786,7.85361,56.60511,56.60511,0.0,115.6567,7.85361,0.85361,68.93009,68.93009,68.93009,0.0,0.0,1.0,6,6,1,0.72376,0.9722,0.0015,0.89856,0.61571,0.05005,0.82,0.7,0.06,0.9,0.56,0.06,4.88098,-30.09376,61.57118,-109.343,-77.96309,113.0087,double_rcm_log_20260616_113317_743.csv,14.65201465201486,Unknown,Task3_Insertion,68.93009,7.8532900965125005,22.032053581816534,22.083894622014547,14.114527987031703,28.203104057205096,56.60989489479725,0.0,6.699919820098771e-12,7.096642461334242e-11,0.0,4.956242962438145e-13
16.50921,ApproachEntry,Double,115.6567,294.5786,7.85361,56.60511,56.60511,0.0,115.6567,7.85361,0.85361,68.93009,68.93009,68.93009,0.0,0.0,1.0,6,6,1,0.72376,0.9722,0.0015,0.89856,0.61571,0.05005,0.82,0.7,0.06,0.9,0.56,0.06,4.88098,-30.09376,61.57118,-109.343,-77.96309,113.0087,double_rcm_log_20260616_113317_743.csv,14.940983116689242,Unknown,Task3_Insertion,68.93009,7.8532900965125005,22.032053581816534,22.083894622014547,14.114527987031703,28.203104057205096,56.60989489479725,8.881784197001252e-13,9.225937975703611e-12,1.1039881791350058e-10,6.671790715038277e-14,6.477088502684381e-13
16.57662,ApproachEntry,Double,115.6567,294.5786,7.85361,56.60511,56.60511,0.0,115.6567,7.85361,0.85361,68.93009,68.93009,68.93009,0.0,0.0,1.0,6,6,1,0.72376,0.9722,0.0015,0.89856,0.61571,0.05005,0.82,0.7,0.06,0.9,0.56,0.06,4.88098,-30.09376,61.57118,-109.343,-77.96309,113.0087,double_rcm_log_20260616_113317_743.csv,14.83459427384686,Unknown,Task3_Insertion,68.93009,7.8532900965125005,22.032053581816534,22.083894622014547,14.114527987031703,28.203104057205096,56.60989489479725,1.2573000033218179e-12,9.35628905321491e-12,1.0951794151124938e-10,8.687819715644795e-14,8.882811832224369e-13
16.64362,ApproachEntry,Double,115.6567,294.5786,7.85361,56.60511,56.60511,0.0,115.6567,7.85361,0.85361,68.93009,68.93009,68.93009,0.0,0.0,1.0,6,6,1,0.72376,0.9722,0.0015,0.89856,0.61571,0.05005,0.82,0.7,0.06,0.9,0.56,0.06,4.88098,-30.09376,61.57118,-109.343,-77.96309,113.0087,double_rcm_log_20260616_113317_743.csv,14.92537313432832,Unknown,Task3_Insertion,68.93009,7.8532900965125005,22.032053581816534,22.083894622014547,14.114527987031703,28.203104057205096,56.60989489479725,8.899114524108742e-13,6.647865432678845e-12,1.5726286378813656e-10,7.057898881987199e-14,6.506761641527727e-13
16.71075,ApproachEntry,Double,115.6567,294.5786,7.85361,56.60511,56.60511,0.0,115.6567,7.85361,0.85361,68.93009,68.93009,68.93009,0.0,0.0,1.0,6,6,1,0.72376,0.9722,0.0015,0.89856,0.61571,0.05005,0.82,0.7,0.06,0.9,0.56,0.06,4.88098,-30.09376,61.57118,-109.343,-77.96309,113.0087,double_rcm_log_20260616_113317_743.csv,14.896469536719275,Unknown,Task3_Insertion,68.93009,7.8532900965125005,22.032053581816534,22.083894622014547,14.114527987031703,28.203104057205096,56.60989489479725,8.881784197001252e-13,1.837730729527242e-11,1.0054141266832829e-10,0.0,1.3731834329953828e-12
16.78068,ApproachEntry,Double,115.6567,294.5786,7.85361,56.60511,56.60511,0.0,115.6567,7.85361,0.85361,68.93009,68.93009,68.93009,0.0,0.0,1.0,6,6,1,0.72376,0.9722,0.0015,0.89856,0.61571,0.05005,0.82,0.7,0.06,0.9,0.56,0.06,4.88098,-30.09376,61.57118,-109.343,-77.96309,113.0087,double_rcm_log_20260616_113317_743.csv,14.300014300014427,Unknown,Task3_Insertion,68.93009,7.8532900965125005,22.032053581816534,22.083894622014547,14.114527987031703,28.203104057205096,56.60989489479725,1.9868029630580077e-12,6.036236357208933e-12,2.3542060208620527e-10,1.2500302720581531e-13,1.050635246655759e-12
16.84925,ApproachEntry,Double,115.6567,294.5786,7.85361,56.60511,56.60511,0.0,115.6567,7.85361,0.85361,68.93009,68.93009,68.93009,0.0,0.0,1.0,6,6,1,0.72376,0.9722,0.0015,0.89856,0.61571,0.05005,0.82,0.7,0.06,0.9,0.56,0.06,4.88098,-30.09376,61.57118,-109.343,-77.96309,113.0087,double_rcm_log_20260616_113317_743.csv,14.58363715910724,Unknown,Task3_Insertion,68.93009,7.8532900965125005,22.032053581816534,22.083894622014547,14.114527987031703,28.203104057205096,56.60989489479725,1.25607396694702e-12,1.4634363523044978e-11,8.987189083781372e-11,1.472555892410036e-13,6.114369168565155e-13
16.91681,ApproachEntry,Double,115.6567,294.5786,7.85361,56.60511,56.60511,0.0,115.6567,7.85361,0.85361,68.93009,68.93009,68.93009,0.0,0.0,1.0,6,6,1,0.72376,0.9722,0.0015,0.89856,0.61571,0.05005,0.82,0.7,0.06,0.9,0.56,0.06,4.88098,-30.09376,61.57118,-109.343,-77.96309,113.0087,double_rcm_log_20260616_113317_743.csv,14.801657785671933,Unknown,Task3_Insertion,68.93009,7.8532900965125005,22.032053581816534,22.083894622014547,14.114527987031703,28.203104057205096,56.60989489479725,5.551115123125783e-14,6.5793080015427745e-12,1.5353315730484877e-10,6.665481691674458e-14,5.206886523192851e-13
16.98423,ApproachEntry,Double,115.6567,294.5786,7.85361,56.60511,56.60511,0.0,115.6567,7.85361,0.85361,68.93009,68.93009,68.93009,0.0,0.0,1.0,6,6,1,0.72376,0.9722,0.0015,0.89856,0.61571,0.05005,0.82,0.7,0.06,0.9,0.56,0.06,4.88098,-30.09376,61.57118,-109.343,-77.96309,113.0087,double_rcm_log_20260616_113317_743.csv,14.832393948383602,Unknown,Task3_Insertion,68.93009,7.8532900965125005,22.032053581816534,22.083894622014547,14.114527987031703,28.203104057205096,56.60989489479725,8.899114524108742e-13,6.574953339217688e-12,1.0932499707639757e-10,8.687819715644795e-14,6.193849305436444e-13
17.05182,ApproachEntry,Double,115.6567,294.5786,7.85361,56.60511,56.60511,0.0,115.6567,7.85361,0.85361,68.93009,68.93009,68.93009,0.0,0.0,1.0,6,6,1,0.72376,0.9722,0.0015,0.89856,0.61571,0.05005,0.82,0.7,0.06,0.9,0.56,0.06,4.88098,-30.09376,61.57118,-109.343,-77.96309,113.0087,double_rcm_log_20260616_113317_743.csv,14.79508803077397,Unknown,Task3_Insertion,68.93009,7.8532900965125005,22.032053581816534,22.083894622014547,14.114527987031703,28.203104057205096,56.60989489479725,8.881784197001252e-13,1.309342288668925e-11,1.4398512864153713e-10,5.317214951750687e-14,7.302140937242708e-13
17.12018,ApproachEntry,Double,115.6567,294.5786,7.85361,56.60511,56.60511,0.0,115.6567,7.85361,0.85361,68.93009,68.93009,68.93009,0.0,0.0,1.0,6,6,1,0.72376,0.9722,0.0015,0.89856,0.61571,0.05005,0.82,0.7,0.06,0.9,0.56,0.06,4.88098,-30.09376,61.57118,-109.343,-77.96309,113.0087,double_rcm_log_20260616_113317_743.csv,14.628437682855049,Unknown,Task3_Insertion,68.93009,7.8532900965125005,22.032053581816534,22.083894622014547,14.114527987031703,28.203104057205096,56.60989489479725,8.899114524108742e-13,1.3085123356193288e-11,1.4714229583874006e-10,2.6107007145801953e-14,5.061198550367866e-13
17.1876,ApproachEntry,Double,115.6567,294.5786,7.85361,56.60511,56.60511,0.0,115.6567,7.85361,0.85361,68.93009,68.93009,68.93009,0.0,0.0,1.0,6,6,1,0.72376,0.9722,0.0015,0.89856,0.61571,0.05005,0.82,0.7,0.06,0.9,0.56,0.06,4.88098,-30.09376,61.57118,-109.343,-77.96309,113.0087,double_rcm_log_20260616_113317_743.csv,14.832393948383602,Unknown,Task3_Insertion,68.93009,7.8532900965125005,22.032053581816534,22.083894622014547,14.114527987031703,28.203104057205096,56.60989489479725,8.881784197001252e-13,7.565519872534618e-12,1.0835108827821221e-10,2.6107007145801953e-14,4.736930748347296e-13
17.25697,ApproachEntry,Double,115.6567,294.5786,7.85361,56.60511,56.60511,0.0,115.6567,7.85361,0.85361,68.93009,68.93009,68.93009,0.0,0.0,1.0,6,6,1,0.72376,0.9722,0.0015,0.89856,0.61571,0.05005,0.82,0.7,0.06,0.9,0.56,0.06,4.88098,-30.09376,61.57118,-109.343,-77.96309,113.0087,double_rcm_log_20260616_113317_743.csv,14.415453366008514,Unknown,Task3_Insertion,68.93009,7.8532900965125005,22.032053581816534,22.083894622014547,14.114527987031703,28.203104057205096,56.60989489479725,4.440892098500626e-13,5.41327232115932e-12,7.332710739012589e-11,6.963379230487513e-14,4.583592893799796e-13
17.3349,ApproachEntry,Double,115.6567,294.5786,7.85361,56.60511,56.60511,0.0,115.6567,7.85361,0.85361,68.93009,68.93009,68.93009,0.0,0.0,1.0,6,6,1,0.72376,0.9722,0.0015,0.89856,0.61571,0.05005,0.82,0.7,0.06,0.9,0.56,0.06,4.88098,-30.09376,61.57118,-109.343,-77.96309,113.0087,double_rcm_log_20260616_113317_743.csv,12.832028743744049,Unknown,Task3_Insertion,68.93009,7.8532900965125005,22.032053581816534,22.083894622014547,14.114527987031703,28.203104057205096,56.60989489479725,1.25607396694702e-12,4.8321396492872735e-12,8.21688517347636e-11,7.057898881987199e-14,5.081727426899042e-13
17.40203,ApproachEntry,Double,115.6567,294.5786,7.85361,56.60511,56.60511,0.0,115.6567,7.85361,0.85361,68.93009,68.93009,68.93009,0.0,0.0,1.0,6,6,1,0.72376,0.9722,0.0015,0.89856,0.61571,0.05005,0.82,0.7,0.06,0.9,0.56,0.06,4.88098,-30.09376,61.57118,-109.343,-77.96309,113.0087,double_rcm_log_20260616_113317_743.csv,14.896469536720064,Unknown,Task3_Insertion,68.93009,7.8532900965125005,22.032053581816534,22.083894622014547,14.114527987031703,28.203104057205096,56.60989489479725,0.0,6.629356840818444e-12,3.435663964611849e-11,0.0,5.200593892543503e-13
17.46944,ApproachEntry,Double,115.6567,294.5786,7.85361,56.60511,56.60511,0.0,115.6567,7.85361,0.85361,68.93009,68.93009,68.93009,0.0,0.0,1.0,6,6,1,0.72376,0.9722,0.0015,0.89856,0.61571,0.05005,0.82,0.7,0.06,0.9,0.56,0.06,4.88098,-30.09376,61.57118,-109.343,-77.96309,113.0087,double_rcm_log_20260616_113317_743.csv,14.83459427384686,Unknown,Task3_Insertion,68.93009,7.8532900965125005,22.032053581816534,22.083894622014547,14.114527987031703,28.203104057205096,56.60989489479725,8.881784197001252e-13,8.527897678293448e-12,4.579949164974646e-11,1.1960216447877389e-14,5.940811830543415e-13
17.53924,ApproachEntry,Double,115.6567,294.5786,7.85361,56.60511,56.60511,0.0,115.6567,7.85361,0.85361,68.93009,68.93009,68.93009,0.0,0.0,1.0,6,6,1,0.72376,0.9722,0.0015,0.89856,0.61571,0.05005,0.82,0.7,0.06,0.9,0.56,0.06,4.88098,-30.09376,61.57118,-109.343,-77.96309,113.0087,double_rcm_log_20260616_113317_743.csv,14.32664756446976,Unknown,Task3_Insertion,68.93009,7.8532900965125005,22.032053581816534,22.083894622014547,14.114527987031703,28.203104057205096,56.60989489479725,1.25607396694702e-12,8.808818850706197e-12,1.6772512196496374e-10,8.452173896508212e-14,5.034445004572315e-13
17.60807,ApproachEntry,Double,115.6567,294.5786,7.85361,56.60511,56.60511,0.0,115.6567,7.85361,0.85361,68.93009,68.93009,68.93009,0.0,0.0,1.0,6,6,1,0.72376,0.9722,0.0015,0.89856,0.61571,0.05005,0.82,0.7,0.06,0.9,0.56,0.06,4.88098,-30.09376,61.57118,-109.343,-77.96309,113.0087,double_rcm_log_20260616_113317_743.csv,14.52854859799465,Unknown,Task3_Insertion,68.93009,7.8532900965125005,22.032053581816534,22.083894622014547,14.114527987031703,28.203104057205096,56.60989489479725,8.881784197001252e-13,1.472033073289843e-11,1.4798061582994845e-10,6.967909240224255e-14,9.395119738548767e-13
17.67502,ApproachEntry,Double,115.6567,294.5786,7.85361,56.60511,56.60511,0.0,115.6567,7.85361,0.85361,68.93009,68.93009,68.93009,0.0,0.0,1.0,6,6,1,0.72376,0.9722,0.0015,0.89856,0.61571,0.05005,0.82,0.7,0.06,0.9,0.56,0.06,4.88098,-30.09376,61.57118,-109.343,-77.96309,113.0087,double_rcm_log_20260616_113317_743.csv,14.936519790889054,Unknown,Task3_Insertion,68.93009,7.8532900965125005,22.032053581816534,22.083894622014547,14.114527987031703,28.203104057205096,56.60989489479725,8.899114524108742e-13,1.3233034188440714e-11,1.4688485128463275e-10,5.3251215954515665e-14,1.0446877229380962e-12
17.74231,ApproachEntry,Double,115.6567,294.5786,7.85361,56.60511,56.60511,0.0,115.6567,7.85361,0.85361,68.93009,68.93009,68.93009,0.0,0.0,1.0,6,6,1,0.72376,0.9722,0.0015,0.89856,0.61571,0.05005,0.82,0.7,0.06,0.9,0.56,0.06,4.88098,-30.09376,61.57118,-109.343,-77.96309,113.0087,double_rcm_log_20260616_113317_743.csv,14.861049190072853,Unknown,Task3_Insertion,68.93009,7.8532900965125005,22.032053581816534,22.083894622014547,14.114527987031703,28.203104057205096,56.60989489479725,8.881784197001252e-13,9.314548251925859e-12,1.1032330251851477e-10,7.063857430015114e-14,4.896727747320002e-13
17.8092,ApproachEntry,Double,115.6567,294.5786,7.85361,56.60511,56.60511,0.0,115.6567,7.85361,0.85361,68.93009,68.93009,68.93009,0.0,0.0,1.0,6,6,1,0.72376,0.9722,0.0015,0.89856,0.61571,0.05005,0.82,0.7,0.06,0.9,0.56,0.06,4.88098,-30.09376,61.57118,-109.343,-77.96309,113.0087,double_rcm_log_20260616_113317_743.csv,14.949917775452061,Unknown,Task3_Insertion,68.93009,7.8532900965125005,22.032053581816534,22.083894622014547,14.114527987031703,28.203104057205096,56.60989489479725,8.881784197001252e-13,6.584364621924923e-12,196310.8085194124,5.317214951750687e-14,4.972754447084626e-13
17.87646,ApproachEntry,Double,115.6567,294.5786,7.85361,56.60511,56.60511,0.0,115.6567,7.85361,0.85361,68.93009,68.93009,68.93009,0.0,0.0,1.0,6,6,1,0.72376,0.9722,0.0015,0.89856,0.61571,0.05005,0.82,0.7,0.06,0.9,0.56,0.06,4.88098,-30.09376,61.57118,-109.343,-77.96309,113.0087,double_rcm_log_20260616_113317_743.csv,14.867677668747923,Unknown,Task3_Insertion,68.93009,7.8532900965125005,22.032053581816534,22.083894622014547,14.114527987031703,28.203104057205096,56.60989489479725,1.25607396694702e-12,26480.766739471997,163500.02156472323,6.961868572213853e-14,3712.74686691463
17.94356,ApproachEntry,Double,115.6567,294.5786,7.85361,56.60511,56.60511,0.0,115.6567,7.85361,0.85361,68.93009,68.93009,68.93009,0.0,0.0,1.0,6,6,1,0.72376,0.9722,0.0015,0.89856,0.61571,0.05005,0.82,0.7,0.06,0.9,0.56,0.06,4.88098,-30.09376,61.57118,-109.343,-77.96309,113.0087,double_rcm_log_20260616_113317_743.csv,14.903129657228032,Unknown,Task3_Insertion,68.93009,7.8532900965125005,22.032053581816534,22.083894622014547,14.114527987031703,28.203104057205096,56.60989489479725,3549.492052670906,22041.44167205669,484255.11515613593,497.65800315927896,3090.329457425739
18.01345,ApproachEntry,Double,532.5364,225.4104,58.09399,529.4135,529.4135,0.0,532.5364,58.09399,51.09399,0.0,0.0,0.0,0.0,0.0,1.0,6,6,1,0.9194,0.89559,0.11169,1.27235,0.85378,0.29522,0.82,0.7,0.06,0.9,0.56,0.06,0.0,-18.0,26.0,0.0,-14.0,0.0,double_rcm_log_20260616_113317_743.csv,14.308198597797082,Unknown,Task3_Insertion,0.0,58.094124804461345,136.8838332447037,156.57803130534026,80.170857067262,524.7214764615605,529.4144494628003,2843.6948310605785,42238.81530520464,180004.741662129,398.7014114188749,5922.110591791392
18.05859,ApproachEntry,Double,532.5364,225.4104,58.09399,529.4135,529.4135,0.0,532.5364,58.09399,51.09399,0.0,0.0,0.0,0.0,0.0,1.0,6,6,1,0.9194,0.89559,0.11169,1.27235,0.85378,0.29522,0.82,0.7,0.06,0.9,0.56,0.06,0.0,-18.0,26.0,0.0,-14.0,0.0,double_rcm_log_20260616_113317_743.csv,22.153300841825452,Unknown,Task3_Insertion,0.0,58.094124804461345,136.8838332447037,156.57803130534026,80.170857067262,524.7214764615605,529.4144494628003,3.66205343881779e-12,28797.650052609104,547416.3493590095,3.2818563180946156e-14,4037.5864513000192
18.0966,ApproachEntry,Double,532.5364,225.4104,58.09399,529.4135,529.4135,0.0,532.5364,58.09399,51.09399,0.0,0.0,0.0,0.0,0.0,1.0,6,6,1,0.9194,0.89559,0.11169,1.27235,0.85378,0.29522,0.82,0.7,0.06,0.9,0.56,0.06,0.0,-18.0,26.0,0.0,-14.0,0.0,double_rcm_log_20260616_113317_743.csv,26.3088660878717,Unknown,Task3_Insertion,0.0,58.094124804461345,136.8838332447037,156.57803130534026,80.170857067262,524.7214764615605,529.4144494628003,1.7763568394002505e-12,4.961271293110421e-11,389612.43194518524,1.160311428702309e-14,4.4433478030623157e-13
18.13684,ApproachEntry,Double,532.5364,225.4104,58.09399,529.4135,529.4135,0.0,532.5364,58.09399,51.09399,0.0,0.0,0.0,0.0,0.0,1.0,6,6,1,0.9194,0.89559,0.11169,1.27235,0.85378,0.29522,0.82,0.7,0.06,0.9,0.56,0.06,0.0,-18.0,26.0,0.0,-14.0,0.0,double_rcm_log_20260616_113317_743.csv,24.850894632206316,Unknown,Task3_Insertion,0.0,58.094124804461345,136.8838332447037,156.57803130534026,80.170857067262,524.7214764615605,529.4144494628003,0.0,2.1014410298777896e-11,1.7011668586827915e-10,0.0,1.3726555327331636e-13
18.1734,ApproachEntry,Double,532.5364,225.4104,58.09399,529.4135,529.4135,0.0,532.5364,58.09399,51.09399,0.0,0.0,0.0,0.0,0.0,1.0,6,6,1,0.9194,0.89559,0.11169,1.27235,0.85378,0.29522,0.82,0.7,0.06,0.9,0.56,0.06,0.0,-18.0,26.0,0.0,-14.0,0.0,double_rcm_log_20260616_113317_743.csv,27.352297592996706,Unknown,Task3_Insertion,0.0,58.094124804461345,136.8838332447037,156.57803130534026,80.170857067262,524.7214764615605,529.4144494628003,0.0,5.2668646480422905e-11,1.4542159776195136e-09,0.0,1.6687913889439298e-13
18.20875,ApproachEntry,Double,532.5364,225.4104,58.09399,529.4135,529.4135,0.0,532.5364,58.09399,51.09399,0.0,0.0,0.0,0.0,0.0,1.0,6,6,1,0.9194,0.89559,0.11169,1.27235,0.85378,0.29522,0.82,0.7,0.06,0.9,0.56,0.06,0.0,-18.0,26.0,0.0,-14.0,0.0,double_rcm_log_20260616_113317_743.csv,28.28854314003025,Unknown,Task3_Insertion,0.0,58.094124804461345,136.8838332447037,156.57803130534026,80.170857067262,524.7214764615605,529.4144494628003,3.66205343881779e-12,1.0774376390736117e-10,2.6721966600724887e-09,1.160311428702309e-14,5.295916687671127e-13
18.24216,ApproachEntry,Double,532.5364,225.4104,58.09399,529.4135,529.4135,0.0,532.5364,58.09399,51.09399,0.0,0.0,0.0,0.0,0.0,1.0,6,6,1,0.9194,0.89559,0.11169,1.27235,0.85378,0.29522,0.82,0.7,0.06,0.9,0.56,0.06,0.0,-18.0,26.0,0.0,-14.0,0.0,double_rcm_log_20260616_113317_743.csv,29.93115833582765,Unknown,Task3_Insertion,0.0,58.094124804461345,136.8838332447037,156.57803130534026,80.170857067262,524.7214764615605,529.4144494628003,7.377764055609926e-12,1.1552336849793531e-10,4.01542341178062e-09,3.4809342861069267e-14,6.39264430830443e-13
18.27485,ApproachEntry,Double,532.5364,225.4104,58.09399,529.4135,529.4135,0.0,532.5364,58.09399,51.09399,0.0,0.0,0.0,0.0,0.0,1.0,6,6,1,0.9194,0.89559,0.11169,1.27235,0.85378,0.29522,0.82,0.7,0.06,0.9,0.56,0.06,0.0,-18.0,26.0,0.0,-14.0,0.0,double_rcm_log_20260616_113317_743.csv,30.590394616088368,Unknown,Task3_Insertion,0.0,58.094124804461345,136.8838332447037,156.57803130534026,80.170857067262,524.7214764615605,529.4144494628003,3.66205343881779e-12,1.6170826576146127e-10,90423.9161988225,3.4809342861069267e-14,9.197777522866964e-13
18.30536,ApproachEntry,Double,532.5364,225.4104,58.09399,529.4135,529.4135,0.0,532.5364,58.09399,51.09399,0.0,0.0,0.0,0.0,0.0,1.0,6,6,1,0.9194,0.89559,0.11169,1.27235,0.85378,0.29522,0.82,0.7,0.06,0.9,0.56,0.06,0.0,-18.0,26.0,0.0,-14.0,0.0,double_rcm_log_20260616_113317_743.csv,32.77613897082967,Unknown,Task3_Insertion,0.0,58.094124804461345,136.8838332447037,156.57803130534026,80.170857067262,524.7214764615605,529.4144494628003,3.66205343881779e-12,5333.688858362711,161109.05948813405,3.2818563180946156e-14,248.24202331788925
18.33707,ApproachEntry,Double,532.5364,225.4104,58.09399,529.4135,529.4135,0.0,532.5364,58.09399,51.09399,0.0,0.0,0.0,0.0,0.0,1.0,6,6,1,0.9194,0.89559,0.11169,1.27235,0.85378,0.29522,0.82,0.7,0.06,0.9,0.56,0.06,0.0,-18.0,26.0,0.0,-14.0,0.0,double_rcm_log_20260616_113317_743.csv,31.53579312519675,Unknown,Task3_Insertion,0.0,58.094124804461345,136.8838332447037,156.57803130534026,80.170857067262,524.7214764615605,529.4144494628003,344.91471155464353,9991.687488112771,88937.0890580807,16.053115984481124,475.2738542329339
18.43329,ApproachEntry,Double,483.1426,171.6029,50.77913,454.7051,454.7051,0.0,483.1426,50.77913,43.77913,0.0,0.0,0.0,0.0,0.0,1.0,6,6,1,0.86719,0.83016,0.16138,1.21635,0.73838,0.33361,0.82,0.7,0.06,0.9,0.56,0.06,-3.3134,-24.72,32.72,-6.43321,-20.72,6.72,double_rcm_log_20260616_113317_743.csv,10.39284971939318,Unknown,Task3_Insertion,0.0,50.78004508884871,124.92054291138575,138.27669225354455,70.24258682355487,454.7030545379631,454.70779518279653,1073.7629288395606,3101.952044705276,65337.14955532106,52.89723577392283,94.61762660769078
18.50173,ApproachEntry,Double,459.8575,143.5506,46.56597,413.725,413.725,0.0,459.8575,46.56597,39.56597,0.0,0.0,0.0,0.0,0.0,1.0,6,6,1,0.85212,0.7983,0.15956,1.19894,0.67975,0.31974,0.82,0.7,0.06,0.9,0.56,0.06,-3.57553,-28.08,36.07998,-9.79321,-24.08,10.08,double_rcm_log_20260616_113317_743.csv,14.611338398597537,Unknown,Task3_Insertion,0.0,46.56653638048302,117.09191877286455,127.4730913237662,63.44420617865096,411.34376584368147,413.7270280027641,910.6480215113718,2930.0496104338845,23817.820899478567,44.08154944931844,89.32300973697436
18.57256,ApproachEntry,Double,439.7092,116.2386,42.22992,374.0263,374.0263,0.0,439.7092,42.22992,35.22992,0.0,0.0,0.0,0.0,0.0,1.0,6,6,1,0.83743,0.76734,0.15313,1.1793,0.62157,0.30103,0.82,0.7,0.06,0.9,0.56,0.06,-3.59416,-31.44,39.43997,-13.15321,-27.44,13.44,double_rcm_log_20260616_113317_743.csv,14.118311449950419,Unknown,Task3_Insertion,0.0,42.23017268983179,108.37458000115707,116.17469879193908,55.92493461745911,364.21208662620654,374.0251539669491,899.1859314539369,961.8888787477186,19296.336306470977,42.68368995377884,33.60334197904412
18.64552,ApproachEntry,Double,423.87,91.22974,37.82867,337.434,337.434,0.0,423.87,37.82867,30.82867,0.0,0.0,0.0,0.0,0.0,1.0,6,6,1,0.82262,0.73751,0.14312,1.1568,0.56459,0.27885,0.82,0.7,0.06,0.9,0.56,0.06,-3.41887,-34.79999,42.79995,-16.51321,-30.8,16.8,double_rcm_log_20260616_113317_743.csv,13.706140350876833,Unknown,Task3_Insertion,0.0,37.82941820139325,98.89369709258821,104.5385519612182,47.809767393087604,314.05307449782816,337.4353724789386,845.2193179455683,834.5468649150562,13895.139007210282,39.71856940851675,15.83815983814019
18.72833,ApproachEntry,Double,413.2739,72.07047,33.41547,306.075,306.075,0.0,413.2739,33.41547,26.41547,0.0,0.0,0.0,0.0,0.0,1.0,6,6,1,0.80728,0.70902,0.13036,1.13108,0.5095,0.25425,0.82,0.7,0.06,0.9,0.56,0.06,-3.08941,-38.15998,46.15994,-19.87321,-34.15999,20.16,double_rcm_log_20260616_113317_743.csv,12.075836251660647,Unknown,Task3_Insertion,0.0,33.41587855612901,88.79965514990698,92.71378382646654,39.31479082329165,261.8413840506088,306.07397618876394,876.3595198557684,2140.504670855417,12038.582209648157,41.241184583009115,78.54768383553991
18.79701,ApproachEntry,Double,408.6336,67.88527,29.08459,282.9949,282.9949,0.0,408.6336,29.08458,22.08458,2.56976,2.56976,2.56976,0.0,0.0,1.0,6,6,1,0.78964,0.68206,0.11801,1.10022,0.45693,0.23139,0.82,0.7,0.06,0.9,0.56,0.06,-2.78485,-41.51996,49.51992,-23.23321,-37.51998,23.52,double_rcm_log_20260616_113317_743.csv,14.56027955736739,Unknown,Task3_Insertion,2.56976,29.084921373965017,78.38214240526274,80.97648122477092,31.052991999220023,210.78534229071846,282.99470913782113,897.7894000689897,2331.968729900983,25517.150334692305,38.81786640224559,77.74128166305509
18.86694,ApproachEntry,Double,411.1765,101.474,25.96296,277.1941,277.1941,0.0,411.1765,25.96296,18.96296,0.0,0.0,0.0,0.0,0.0,1.0,6,6,1,0.75775,0.65639,0.12723,1.05563,0.41239,0.23558,0.82,0.7,0.06,0.9,0.56,0.06,-3.98994,-44.87995,52.87991,-23.23321,-40.87996,25.2,double_rcm_log_20260616_113317_743.csv,14.300014300014427,Unknown,Task3_Insertion,0.0,25.96261373653231,70.59064217854875,72.44201339662204,26.921262785110088,186.1683657710035,277.19622183572426,906.7148037222064,1872.2927302501284,46719.768622762385,39.003710615631555,91.86450571320235
18.93527,ApproachEntry,Double,417.9554,123.5432,21.96487,275.5233,275.5233,0.0,417.9554,21.96487,14.96487,0.0,0.0,0.0,0.0,0.0,1.0,6,6,1,0.73433,0.63268,0.11823,1.01515,0.3659,0.21804,0.82,0.7,0.06,0.9,0.56,0.06,-3.95531,-48.23993,56.23989,-26.59321,-44.23995,28.56,double_rcm_log_20260616_113317_743.csv,14.63486023708483,Unknown,Task3_Insertion,0.0,21.965690111882466,60.31396137727805,61.439266415855705,22.22426643336392,158.0827838872357,275.5194622889643,928.5371166866154,4384.224219589696,13739.964272422907,44.80808751965561,121.57471068188329
19.00413,ApproachEntry,Double,428.0878,139.672,17.89595,279.0169,279.0169,0.0,428.0878,17.89594,10.89594,0.0,0.0,0.0,0.0,0.0,1.0,6,6,1,0.71822,0.61093,0.09487,0.98175,0.32311,0.18268,0.82,0.7,0.06,0.9,0.56,0.06,-3.02087,-51.59992,59.59988,-29.95321,-47.59993,31.92,double_rcm_log_20260616_113317_743.csv,14.522218995062275,Unknown,Task3_Insertion,0.0,17.89596723437719,49.54896546485843,50.159407780233565,17.84929345307534,131.2151757229324,279.0166966330152,951.5189018081688,2417.9605238556055,53591.152721238,44.83158768082084,43.146969286377285
19.07137,ApproachEntry,Double,440.1549,153.0244,14.23151,286.4997,286.4997,0.0,440.1549,14.23151,7.23151,0.0,0.0,0.0,0.0,0.0,1.0,6,6,1,0.711,0.59265,0.05666,0.96069,0.28877,0.12953,0.82,0.7,0.06,0.9,0.56,0.06,-1.10178,-54.9599,62.95987,-33.31321,-50.11992,35.27999,double_rcm_log_20260616_113317_743.csv,14.872099940511214,Unknown,Task3_Insertion,0.0,14.231081458777615,39.63942024272686,39.94707761029155,14.124862287956017,107.4140920850778,286.5020242511386,790.2396810170942,4028.6580772794423,44142.17472281433,43.593666760167295,68.45857310732615
19.14027,ApproachEntry,Double,446.9966,170.6187,11.63064,296.4237,296.4237,0.0,446.9966,11.63064,4.63064,0.0,0.0,0.0,0.0,0.0,1.0,6,6,1,0.69393,0.58656,0.04134,0.92754,0.26881,0.10813,0.82,0.7,0.06,0.9,0.56,0.06,-0.44686,-57.46249,66.31985,-36.67319,-53.47991,38.63998,double_rcm_log_20260616_113317_743.csv,14.513788098693908,Unknown,Task3_Insertion,0.0,11.630117483061268,32.50586329668836,32.673999963098794,16.882396024618924,129.8115449944503,296.42294884168473,519.0521893304073,6873.48222378239,27288.899957830963,42.31052569646624,120.04088298028628
19.20758,ApproachEntry,Double,441.4666,176.1845,10.17154,293.6693,293.6693,0.0,441.4666,10.17154,3.17154,0.0,0.0,0.0,0.0,0.0,1.0,6,6,1,0.68305,0.5943,0.02663,0.90543,0.26792,0.09003,0.82,0.7,0.06,0.9,0.56,0.06,0.37451,-59.0253,69.67984,-40.03318,-56.83989,41.99996,double_rcm_log_20260616_113317_743.csv,14.856633486852079,Unknown,Task3_Insertion,0.0,10.171774040330302,28.475873200571183,28.588427800365928,18.95198895292762,143.37780938700195,293.669903463055,377.1405813194559,6762.864237564544,42403.82609642488,38.294342860775004,128.85559758060182
19.27646,ApproachEntry,Double,395.3968,153.2515,11.63909,245.2836,245.2836,0.0,395.3968,11.63909,4.63909,0.0,0.0,0.0,0.0,0.0,1.0,6,6,1,0.68422,0.6373,0.02656,0.9147,0.31778,0.09572,0.82,0.7,0.06,0.9,0.56,0.06,0.68512,-58.13689,73.03983,-43.39316,-58.51989,45.35995,double_rcm_log_20260616_113317_743.csv,14.51800232288036,Unknown,Task3_Insertion,0.0,11.63945499608351,32.53160153732503,32.7001428088186,16.63567508655499,113.19527418784578,245.280526744379,591.3171877186861,2352.288070113322,58566.27850697855,34.314436103043256,69.12088200743418
19.34393,ApproachEntry,Double,364.3948,154.6447,12.0764,216.3666,216.3666,0.0,364.3948,12.0764,5.0764,4.67952,4.67952,4.67952,0.0,0.0,1.0,6,6,1,0.67194,0.66601,0.03106,0.90365,0.34791,0.10264,0.82,0.7,0.06,0.9,0.56,0.06,0.33202,-58.03291,76.39981,-45.07315,-61.87987,47.87994,double_rcm_log_20260616_113317_743.csv,14.821402104639068,Unknown,Task3_Insertion,4.67952,12.07661656527392,33.73562982719413,33.9238466301106,17.67008929994105,110.60653201604066,216.36464637273815,533.910810995298,1401.4410317233148,71725.56958638648,35.496356111951904,94.68270049468745
19.41285,ApproachEntry,Double,333.0305,167.1482,13.22105,191.3788,191.3788,0.0,333.0305,13.22103,6.22103,3.2351,3.2351,3.2351,0.0,0.0,1.0,6,6,1,0.65388,0.69541,0.04211,0.88586,0.37948,0.12194,0.82,0.7,0.06,0.9,0.56,0.06,-0.42236,-58.03291,79.7598,-48.43314,-64.39986,51.23992,double_rcm_log_20260616_113317_743.csv,14.509576320371753,Unknown,Task3_Insertion,3.2351,13.22028328359721,36.8760433598187,37.12282081618624,20.97250006636933,119.19706743940424,191.37391044758434,460.65954037031497,7497.873936417115,23945.314830857915,35.304197902774476,259.3026079653846
19.48046,ApproachEntry,Double,302.4587,170.1626,14.01546,154.0953,154.0953,0.0,302.4587,14.01546,7.01546,32.15689,32.15689,32.15689,0.0,0.0,1.0,6,6,1,0.65598,0.71849,0.01864,0.89879,0.41025,0.09632,0.82,0.7,0.06,0.9,0.56,0.06,1.01848,-58.87291,83.11978,-51.79313,-63.55987,54.59991,double_rcm_log_20260616_113317_743.csv,14.790711433219512,Unknown,Task3_Insertion,32.15689,14.015915716144397,39.052192502693636,39.34613902692044,16.05420550277992,83.64430707557968,154.09629781406176,720.7760501516342,4695.584395356286,94054.3362182725,35.79117250742938,184.24549757869244
19.54975,ApproachEntry,Double,319.2913,170.59,11.77244,166.1168,166.1168,0.0,319.2913,11.77244,4.77244,18.29857,18.29857,18.29857,0.0,0.0,1.0,6,6,1,0.67517,0.70985,-0.0296,0.91815,0.39768,0.02968,0.82,0.7,0.06,0.9,0.56,0.06,4.14893,-60.34945,83.55395,-55.15311,-60.76196,57.95989,double_rcm_log_20260616_113317_743.csv,14.432096983691993,Unknown,Task3_Insertion,18.29857,11.771911859484636,32.89661678760351,33.07096748193022,12.943579953300075,71.51964000296607,166.1219651340545,430.9449673242692,5693.910056418529,54341.83152413637,29.96999644721484,130.3582419466338
19.61709,ApproachEntry,Double,309.0671,181.7944,12.61387,157.5146,157.5146,0.0,309.0671,12.61387,5.61387,19.00635,19.00635,19.00635,0.0,0.0,1.0,6,6,1,0.66049,0.71303,-0.02623,0.90729,0.40448,0.03611,0.82,0.7,0.06,0.9,0.56,0.06,3.60258,-62.20057,86.04107,-57.01516,-58.78189,59.63988,double_rcm_log_20260616_113317_743.csv,14.850014850014517,Unknown,Task3_Insertion,19.00635,12.614914836611621,35.215502907657154,35.4299724209559,13.996250537653168,74.75042464505066,157.51300454248218,145.6554164212857,3508.9121079506067,39472.14810216407,29.637966214837025,114.76344980046339
19.68555,ApproachEntry,Double,301.2121,184.5207,12.4982,149.8958,149.8958,0.0,301.2121,12.4982,5.4982,21.39454,21.39454,21.39454,0.0,0.0,1.0,6,6,1,0.65795,0.72054,-0.02582,0.90598,0.41249,0.03406,0.82,0.7,0.06,0.9,0.56,0.06,3.47019,-62.67555,86.80791,-60.37515,-55.4219,62.99987,double_rcm_log_20260616_113317_743.csv,14.607069821794134,Unknown,Task3_Insertion,21.39454,12.498613513380732,34.89602963913216,35.10463346927933,13.98122051848191,72.77348908665965,149.89277534290974,96.45920581027674,1165.650649590002,23651.12255818523,35.12755271714863,76.6455445233663
19.75391,ApproachEntry,Double,299.5984,187.6002,11.76318,150.6479,150.6479,0.0,299.5984,11.76318,4.76318,18.44341,18.44341,18.44341,0.0,0.0,1.0,6,6,1,0.65187,0.72258,-0.02011,0.89598,0.41105,0.03783,0.82,0.7,0.06,0.9,0.56,0.06,2.92624,-63.31004,87.23758,-63.73513,-52.06192,66.35986,double_rcm_log_20260616_113317_743.csv,14.628437682855049,Unknown,Task3_Insertion,18.44341,11.763415525189545,32.87320844711302,33.04718256558851,15.587368227540393,80.50314872962817,150.64452130761347,183.7121460865754,841.5558157741414,21009.159986734358,35.398332554284245,57.47537472010014
19.82216,ApproachEntry,Double,298.1726,193.215,10.9167,153.1585,153.1585,0.0,298.1726,10.9167,3.9167,12.42364,12.42364,12.42364,0.0,0.0,1.0,6,6,1,0.64373,0.72503,-0.01506,0.88229,0.40899,0.04155,0.82,0.7,0.06,0.9,0.56,0.06,2.33771,-64.1258,88.01015,-67.09512,-48.70193,69.71984,double_rcm_log_20260616_113317_743.csv,14.65201465201486,Unknown,Task3_Insertion,12.42364,10.916007746628257,30.53496000144233,30.67403043899687,18.004755607090672,92.16412806259535,153.16026475558212,203.1674999817866,1772.9489187489112,9264.531364597173,32.50978565732433,75.16429151545411
19.89017,ApproachEntry,Double,275.4912,205.4404,11.7215,132.05,132.05,0.0,275.4912,11.7215,4.7215,20.88102,20.88102,20.88102,0.0,0.0,1.0,6,6,1,0.63485,0.74366,-0.01759,0.87744,0.43119,0.04168,0.82,0.7,0.06,0.9,0.56,0.06,2.15734,-64.81929,90.58576,-69.61511,-46.18194,72.23983,double_rcm_log_20260616_113317_743.csv,14.703720041170197,Unknown,Task3_Insertion,20.88102,11.722062233258624,32.75926524314922,32.93141421491175,18.076745184366704,85.48142772645919,132.0476887340328,260.50058433324494,1129.6312461467253,20773.4954950933,33.3495355801993,63.46169915649894
19.95872,ApproachEntry,Double,265.7875,216.4942,11.31689,128.6194,128.6194,0.0,265.7875,11.31689,4.31689,17.61671,17.61671,17.61671,0.0,0.0,1.0,6,6,1,0.62446,0.75394,-0.01567,0.8621,0.43799,0.04519,0.82,0.7,0.06,0.9,0.56,0.06,1.63936,-65.60197,92.27965,-72.9751,-42.82196,75.59982,double_rcm_log_20260616_113317_743.csv,14.587892049599187,Unknown,Task3_Insertion,17.61671,11.317054988967426,31.642431705466436,31.797373946872202,20.851909848263723,94.6067164716041,128.61643052114306,253.89273058306676,2855.730641834987,11481.772774076464,28.416159300221366,268.1687455145986
20.02575,ApproachEntry,Double,242.9555,223.0655,11.91623,103.8249,103.8249,0.0,242.9555,11.91623,4.91623,31.71013,31.71013,31.71013,0.0,0.0,1.0,6,6,1,0.63086,0.77752,-0.0293,0.87061,0.46375,0.03447,0.82,0.7,0.06,0.9,0.56,0.06,2.63598,-64.53362,93.30111,-75.4954,-41.98196,77.72882,double_rcm_log_20260616_113317_743.csv,14.918693122482685,Unknown,Task3_Insertion,31.71013,11.916340514870384,33.294422619566504,33.47525786810282,18.62453356750116,77.59140430188434,103.82492716106289,379.7387610424074,1613.2139293147213,33581.48088348603,29.747506951786985,331.6876337106797
20.09472,ApproachEntry,Double,237.329,220.9314,10.52587,97.53194,97.53194,0.0,237.329,10.52585,3.52585,30.76108,30.76108,30.76108,0.0,0.0,1.0,6,6,1,0.65206,0.79694,-0.04587,0.88167,0.47519,0.01545,0.82,0.7,0.06,0.9,0.56,0.06,4.50534,-61.17363,91.08516,-78.85538,-45.34195,81.08881,double_rcm_log_20260616_113317_743.csv,14.499057561258477,Unknown,Task3_Insertion,30.76108,10.524443134968662,29.452230297994497,29.57688542315007,17.946344194670175,73.1288288938407,97.5368007472052,236.91794897720246,1971.0429316470947,17884.761499970933,42.80153238768432,155.65091684608566
20.16234,ApproachEntry,Double,232.2888,218.3405,9.12036,93.11724,93.11724,0.0,232.2888,9.12036,2.12036,32.46877,32.46877,32.46877,0.0,0.0,1.0,6,6,1,0.66625,0.81242,-0.04674,0.88439,0.4822,0.01128,0.82,0.7,0.06,0.9,0.56,0.06,5.18772,-57.81364,88.27629,-81.65142,-48.70193,84.44879,double_rcm_log_20260616_113317_743.csv,14.788524105293948,Unknown,Task3_Insertion,32.46877,9.120231307875653,25.558440000720182,25.639603075179387,17.893444739312034,71.36919362345034,93.11364293163491,111.63639918289923,1112.93251393658,15397.732112949541,42.81192402136906,46.17901628679943
20.23154,ApproachEntry,Double,228.5573,216.3619,7.926,90.4794,90.4794,0.0,228.5573,7.926,0.926,32.8623,32.8623,32.8623,0.0,0.0,1.0,6,6,1,0.68019,0.82622,-0.04646,0.88601,0.48753,0.00766,0.82,0.7,0.06,0.9,0.56,0.06,5.75137,-54.45366,85.05553,-84.55692,-52.06192,87.80878,double_rcm_log_20260616_113317_743.csv,14.450867052023414,Unknown,Task3_Insertion,32.8623,7.926408044419534,22.235878513365492,22.289179901667428,18.12049924944041,71.0863516165646,90.48257622327077,107.07154596210198,342.883025425211,10438.686446692347,44.45776119882189,28.593968858467996
20.2985,ApproachEntry,Double,222.8111,217.5248,7.4941,86.25179,86.25179,0.0,222.8111,7.4941,0.4941,33.56496,33.56496,33.56496,0.0,0.0,1.0,6,6,1,0.69375,0.84103,-0.04718,0.88735,0.49489,0.00486,0.82,0.7,0.06,0.9,0.56,0.06,6.3432,-51.09367,81.69554,-87.91691,-55.4219,91.16876,double_rcm_log_20260616_113317_743.csv,14.93428912783714,Unknown,Task3_Insertion,33.56496,7.493709035631853,21.029163026232737,21.074208888463858,18.33762896813585,70.10116800299852,86.25400976186562,139.35193997225963,982.17495043971,5715.08632939683,45.27273493948227,18.433337631988437
20.36744,ApproachEntry,Double,214.3531,222.1287,7.48546,79.99013,79.99013,0.0,214.3531,7.48546,0.48545,34.33641,34.33641,34.33641,0.0,0.0,1.0,6,6,1,0.70594,0.8575,-0.04736,0.88933,0.50551,0.00242,0.82,0.7,0.06,0.9,0.56,0.06,6.81635,-47.73369,78.33556,-91.27689,-58.78189,94.52875,double_rcm_log_20260616_113317_743.csv,14.505366985785207,Unknown,Task3_Insertion,34.33641,7.4853609623203425,21.00586981862761,21.05076541067055,18.514213547488666,68.06656114535136,79.99040817498062,218.17674512212875,1086.210143837843,4380.862624754494,43.8124066613845,27.361107513054865
20.43432,ApproachEntry,Double,197.4444,231.6817,7.40976,65.44346,65.44346,0.0,197.4444,7.40976,0.40976,41.81126,41.81126,41.81126,0.0,0.0,1.0,6,6,1,0.71277,0.87879,-0.04106,0.89133,0.52397,0.00606,0.82,0.7,0.06,0.9,0.56,0.06,6.73561,-44.3737,75.44134,-94.22305,-62.00316,97.88873,double_rcm_log_20260616_113317_743.csv,14.952153110047588,Unknown,Task3_Insertion,41.81126,7.410393966975984,20.796673271381746,20.840234346188993,17.576140275135927,59.62268155144164,65.44351304751298,261.7882683186928,580.1073763531351,6338.513331746941,43.84634802887326,19.62021612993263
20.50311,ApproachEntry,Double,183.4978,241.86,7.62463,55.87706,55.87706,0.0,183.4978,7.62463,0.62463,45.92928,45.92928,45.92928,0.0,0.0,1.0,6,6,1,0.72101,0.8981,-0.03723,0.89378,0.5402,0.00812,0.82,0.7,0.06,0.9,0.56,0.06,6.81046,-41.01372,72.08135,-97.58303,-65.36314,101.2487,double_rcm_log_20260616_113317_743.csv,14.536996656490789,Unknown,Task3_Insertion,45.92928,7.62402684176707,21.39272403202501,21.44015930257298,17.136641670320227,54.06759922683683,55.87721181304594,270.6638222360639,935.508768027994,4071.5260742944615,45.16940308930573,24.92114563375798
20.57019,ApproachEntry,Double,165.6484,253.9797,7.85975,44.0797,44.0797,0.0,165.6484,7.85975,0.85975,55.39679,55.39679,55.39679,0.0,0.0,1.0,6,6,1,0.72592,0.9187,-0.02847,0.8951,0.559,0.0162,0.82,0.7,0.06,0.9,0.56,0.06,6.50838,-37.65373,68.72137,-100.943,-68.72313,104.6087,double_rcm_log_20260616_113317_743.csv,14.907573047107777,Unknown,Task3_Insertion,55.39679,7.859921130119014,22.05053985703414,22.102512223108402,15.424352863210611,44.05686709766752,44.08457780222014,321.4722140173603,1005.430726466556,8150.332679192925,42.940752174421156,53.57928458279914
20.64783,ApproachEntry,Double,143.5558,268.0987,8.10215,34.43626,34.43626,0.0,143.5558,8.10215,1.10215,72.48029,72.48029,72.48029,0.0,0.0,1.0,6,6,1,0.72649,0.94044,-0.01293,0.89423,0.5802,0.03271,0.82,0.7,0.06,0.9,0.56,0.06,5.72098,-34.29375,65.36138,-104.303,-72.08311,107.9687,double_rcm_log_20260616_113317_743.csv,12.879958784132086,Unknown,Task3_Insertion,72.48029,8.102052331252938,22.725359134229233,22.78227994692672,11.144647000856002,27.746471598274354,34.43946863701588,345.21382315909636,498.64553950119335,17299.95305758878,38.2087728789517,100.88617514390793
20.73224,ApproachEntry,Double,122.272,285.3782,8.20459,45.11699,45.11699,0.0,122.272,8.20459,1.20459,80.35741,80.35741,80.35741,0.0,0.0,1.0,6,6,1,0.72587,0.96321,0.00257,0.89458,0.60364,0.04989,0.82,0.7,0.06,0.9,0.56,0.06,4.88098,-30.93376,62.0014,-107.663,-75.4431,111.3287,double_rcm_log_20260616_113317_743.csv,11.846937566638761,Unknown,Task3_Insertion,80.35741,8.203851831096177,23.00895368961062,23.068045276899717,9.28731050976069,19.732367357680655,45.122478876941045,242.6368952823497,1928.4061548943153,8357.629579316612,27.40107158849103,202.42718079257682
20.80065,ApproachEntry,Double,115.6567,294.5786,7.85361,56.60511,56.60511,0.0,115.6567,7.85361,0.85361,68.93009,68.93009,68.93009,0.0,0.0,1.0,6,6,1,0.72376,0.9722,0.0015,0.89856,0.61571,0.05005,0.82,0.7,0.06,0.9,0.56,0.06,4.88098,-30.09376,61.57118,-109.343,-77.96309,113.0087,double_rcm_log_20260616_113317_743.csv,14.617745943575484,Unknown,Task3_Insertion,68.93009,7.8532900965125005,22.032053581816534,22.083894622014547,14.114527987031703,28.203104057205096,56.60989489479725,92.31011625789775,1777.944384817884,11556.140658726212,10.643276130527031,200.90769514524797
20.8682,ApproachEntry,Double,115.6567,294.5786,7.85361,56.60511,56.60511,0.0,115.6567,7.85361,0.85361,68.93009,68.93009,68.93009,0.0,0.0,1.0,6,6,1,0.72376,0.9722,0.0015,0.89856,0.61571,0.05005,0.82,0.7,0.06,0.9,0.56,0.06,4.88098,-30.09376,61.57118,-109.343,-77.96309,113.0087,double_rcm_log_20260616_113317_743.csv,14.803849000740046,Unknown,Task3_Insertion,68.93009,7.8532900965125005,22.032053581816534,22.083894622014547,14.114527987031703,28.203104057205096,56.60989489479725,0.0,689.0893034183932,13114.300172599002,5.189070459296527e-14,79.4513974436359
20.93691,ApproachEntry,Double,115.6567,294.5786,7.85361,56.60511,56.60511,0.0,115.6567,7.85361,0.85361,68.93009,68.93009,68.93009,0.0,0.0,1.0,6,6,1,0.72376,0.9722,0.0015,0.89856,0.61571,0.05005,0.82,0.7,0.06,0.9,0.56,0.06,4.88098,-30.09376,61.57118,-109.343,-77.96309,113.0087,double_rcm_log_20260616_113317_743.csv,14.553922282055144,Unknown,Task3_Insertion,68.93009,7.8532900965125005,22.032053581816534,22.083894622014547,14.114527987031703,28.203104057205096,56.60989489479725,5.551115123125783e-14,6.615553210847133e-12,4975.495850110189,4.650301812620195e-14,5.239874016983166e-13
21.00456,ApproachEntry,Double,115.6567,294.5786,7.85361,56.60511,56.60511,0.0,115.6567,7.85361,0.85361,68.93009,68.93009,68.93009,0.0,0.0,1.0,6,6,1,0.72376,0.9722,0.0015,0.89856,0.61571,0.05005,0.82,0.7,0.06,0.9,0.56,0.06,4.88098,-30.09376,61.57118,-109.343,-77.96309,113.0087,double_rcm_log_20260616_113317_743.csv,14.781966001478102,Unknown,Task3_Insertion,68.93009,7.8532900965125005,22.032053581816534,22.083894622014547,14.114527987031703,28.203104057205096,56.60989489479725,8.881784197001252e-13,9.056700487017172e-12,1.5170168922172712e-10,4.7840865791509556e-14,5.12004345429891e-13
21.07288,ApproachEntry,Double,115.6567,294.5786,7.85361,56.60511,56.60511,0.0,115.6567,7.85361,0.85361,68.93009,68.93009,68.93009,0.0,0.0,1.0,6,6,1,0.72376,0.9722,0.0015,0.89856,0.61571,0.05005,0.82,0.7,0.06,0.9,0.56,0.06,4.88098,-30.09376,61.57118,-109.343,-77.96309,113.0087,double_rcm_log_20260616_113317_743.csv,14.637002341920388,Unknown,Task3_Insertion,68.93009,7.8532900965125005,22.032053581816534,22.083894622014547,14.114527987031703,28.203104057205096,56.60989489479725,1.2573000033218179e-12,1.4414627801703888e-11,1.3608699310525582e-10,5.189070459296527e-14,6.903203358198334e-13
21.14008,ApproachEntry,Double,115.6567,294.5786,7.85361,56.60511,56.60511,0.0,115.6567,7.85361,0.85361,68.93009,68.93009,68.93009,0.0,0.0,1.0,6,6,1,0.72376,0.9722,0.0015,0.89856,0.61571,0.05005,0.82,0.7,0.06,0.9,0.56,0.06,4.88098,-30.09376,61.57118,-109.343,-77.96309,113.0087,double_rcm_log_20260616_113317_743.csv,14.880952380952447,Unknown,Task3_Insertion,68.93009,7.8532900965125005,22.032053581816534,22.083894622014547,14.114527987031703,28.203104057205096,56.60989489479725,1.25607396694702e-12,8.938824664856906e-12,2.04560824463468e-10,4.641245714809236e-14,5.127404026317206e-13
21.20935,ApproachEntry,Double,115.6567,294.5786,7.85361,56.60511,56.60511,0.0,115.6567,7.85361,0.85361,68.93009,68.93009,68.93009,0.0,0.0,1.0,6,6,1,0.72376,0.9722,0.0015,0.89856,0.61571,0.05005,0.82,0.7,0.06,0.9,0.56,0.06,4.88098,-30.09376,61.57118,-109.343,-77.96309,113.0087,double_rcm_log_20260616_113317_743.csv,14.436263894904103,Unknown,Task3_Insertion,68.93009,7.8532900965125005,22.032053581816534,22.083894622014547,14.114527987031703,28.203104057205096,56.60989489479725,0.0,1.4499348160919716e-11,6.850021260707108e-11,4.641245714809236e-14,5.319163781219112e-13
21.27617,ApproachEntry,Double,115.6567,294.5786,7.85361,56.60511,56.60511,0.0,115.6567,7.85361,0.85361,68.93009,68.93009,68.93009,0.0,0.0,1.0,6,6,1,0.72376,0.9722,0.0015,0.89856,0.61571,0.05005,0.82,0.7,0.06,0.9,0.56,0.06,4.88098,-30.09376,61.57118,-109.343,-77.96309,113.0087,double_rcm_log_20260616_113317_743.csv,14.965579167913825,Unknown,Task3_Insertion,68.93009,7.8532900965125005,22.032053581816534,22.083894622014547,14.114527987031703,28.203104057205096,56.60989489479725,8.881784197001252e-13,3.9003560429388013e-13,1.52399029634234e-10,5.19717205745273e-14,3.72988960049209e-13
21.34501,ApproachEntry,Double,115.6567,294.5786,7.85361,56.60511,56.60511,0.0,115.6567,7.85361,0.85361,68.93009,68.93009,68.93009,0.0,0.0,1.0,6,6,1,0.72376,0.9722,0.0015,0.89856,0.61571,0.05005,0.82,0.7,0.06,0.9,0.56,0.06,4.88098,-30.09376,61.57118,-109.343,-77.96309,113.0087,double_rcm_log_20260616_113317_743.csv,14.526438117374038,Unknown,Task3_Insertion,68.93009,7.8532900965125005,22.032053581816534,22.083894622014547,14.114527987031703,28.203104057205096,56.60989489479725,0.0,6.394515324115679e-12,3.141120931981627e-12,0.0,5.904586966077415e-13
21.41237,ApproachEntry,Double,115.6567,294.5786,7.85361,56.60511,56.60511,0.0,115.6567,7.85361,0.85361,68.93009,68.93009,68.93009,0.0,0.0,1.0,6,6,1,0.72376,0.9722,0.0015,0.89856,0.61571,0.05005,0.82,0.7,0.06,0.9,0.56,0.06,4.88098,-30.09376,61.57118,-109.343,-77.96309,113.0087,double_rcm_log_20260616_113317_743.csv,14.845605700712424,Unknown,Task3_Insertion,68.93009,7.8532900965125005,22.032053581816534,22.083894622014547,14.114527987031703,28.203104057205096,56.60989489479725,5.551115123125783e-14,3.8828260431547605e-13,4.8136772402715536e-11,5.19717205745273e-14,3.6352542809579953e-13
21.48086,ApproachEntry,Double,115.6567,294.5786,7.85361,56.60511,56.60511,0.0,115.6567,7.85361,0.85361,68.93009,68.93009,68.93009,0.0,0.0,1.0,6,6,1,0.72376,0.9722,0.0015,0.89856,0.61571,0.05005,0.82,0.7,0.06,0.9,0.56,0.06,4.88098,-30.09376,61.57118,-109.343,-77.96309,113.0087,double_rcm_log_20260616_113317_743.csv,14.600671630894892,Unknown,Task3_Insertion,68.93009,7.8532900965125005,22.032053581816534,22.083894622014547,14.114527987031703,28.203104057205096,56.60989489479725,5.551115123125783e-14,3.8828260431547605e-13,4.826122886937987e-11,5.19717205745273e-14,7.618129330390661e-13
21.54822,ApproachEntry,Double,115.6567,294.5786,7.85361,56.60511,56.60511,0.0,115.6567,7.85361,0.85361,68.93009,68.93009,68.93009,0.0,0.0,1.0,6,6,1,0.72376,0.9722,0.0015,0.89856,0.61571,0.05005,0.82,0.7,0.06,0.9,0.56,0.06,4.88098,-30.09376,61.57118,-109.343,-77.96309,113.0087,double_rcm_log_20260616_113317_743.csv,14.845605700712424,Unknown,Task3_Insertion,68.93009,7.8532900965125005,22.032053581816534,22.083894622014547,14.114527987031703,28.203104057205096,56.60989489479725,0.0,6.387155157071043e-12,4.7456126973582944e-11,7.057898881987199e-14,5.222616075409082e-13
21.61739,ApproachEntry,Double,115.6567,294.5786,7.85361,56.60511,56.60511,0.0,115.6567,7.85361,0.85361,68.93009,68.93009,68.93009,0.0,0.0,1.0,6,6,1,0.72376,0.9722,0.0015,0.89856,0.61571,0.05005,0.82,0.7,0.06,0.9,0.56,0.06,4.88098,-30.09376,61.57118,-109.343,-77.96309,113.0087,double_rcm_log_20260616_113317_743.csv,14.457134595923144,Unknown,Task3_Insertion,68.93009,7.8532900965125005,22.032053581816534,22.083894622014547,14.114527987031703,28.203104057205096,56.60989489479725,8.899114524108742e-13,6.294952254970327e-12,1.7584375454020968e-10,8.127358311930517e-14,1.8887765145989975e-13
21.68391,ApproachEntry,Double,115.6567,294.5786,7.85361,56.60511,56.60511,0.0,115.6567,7.85361,0.85361,68.93009,68.93009,68.93009,0.0,0.0,1.0,6,6,1,0.72376,0.9722,0.0015,0.89856,0.61571,0.05005,0.82,0.7,0.06,0.9,0.56,0.06,4.88098,-30.09376,61.57118,-109.343,-77.96309,113.0087,double_rcm_log_20260616_113317_743.csv,15.033072760072027,Unknown,Task3_Insertion,68.93009,7.8532900965125005,22.032053581816534,22.083894622014547,14.114527987031703,28.203104057205096,56.60989489479725,8.881784197001252e-13,1.798265678016755e-11,1.0800632089202178e-10,6.563712636189231e-14,1.221100901049777e-12
21.75273,ApproachEntry,Double,115.6567,294.5786,7.85361,56.60511,56.60511,0.0,115.6567,7.85361,0.85361,68.93009,68.93009,68.93009,0.0,0.0,1.0,6,6,1,0.72376,0.9722,0.0015,0.89856,0.61571,0.05005,0.82,0.7,0.06,0.9,0.56,0.06,4.88098,-30.09376,61.57118,-109.343,-77.96309,113.0087,double_rcm_log_20260616_113317_743.csv,14.530659691950275,Unknown,Task3_Insertion,68.93009,7.8532900965125005,22.032053581816534,22.083894622014547,14.114527987031703,28.203104057205096,56.60989489479725,1.9891280697202824e-12,9.461871940256288e-12,2.3699974756606006e-10,9.359226192145436e-14,4.2206430421228114e-13
21.82007,ApproachEntry,Double,115.6567,294.5786,7.85361,56.60511,56.60511,0.0,115.6567,7.85361,0.85361,68.93009,68.93009,68.93009,0.0,0.0,1.0,6,6,1,0.72376,0.9722,0.0015,0.89856,0.61571,0.05005,0.82,0.7,0.06,0.9,0.56,0.06,4.88098,-30.09376,61.57118,-109.343,-77.96309,113.0087,double_rcm_log_20260616_113317_743.csv,14.850014850014517,Unknown,Task3_Insertion,68.93009,7.8532900965125005,22.032053581816534,22.083894622014547,14.114527987031703,28.203104057205096,56.60989489479725,8.881784197001252e-13,1.48656833864381e-11,1.1112154290266845e-10,8.452173896508212e-14,6.299283921842253e-13
21.88775,ApproachEntry,Double,115.6567,294.5786,7.85361,56.60511,56.60511,0.0,115.6567,7.85361,0.85361,68.93009,68.93009,68.93009,0.0,0.0,1.0,6,6,1,0.72376,0.9722,0.0015,0.89856,0.61571,0.05005,0.82,0.7,0.06,0.9,0.56,0.06,4.88098,-30.09376,61.57118,-109.343,-77.96309,113.0087,double_rcm_log_20260616_113317_743.csv,14.775413711584077,Unknown,Task3_Insertion,68.93009,7.8532900965125005,22.032053581816534,22.083894622014547,14.114527987031703,28.203104057205096,56.60989489479725,0.0,6.566746102249834e-12,9.80690349303926e-11,2.5945352296482636e-14,1.0986970589547472e-12
21.95527,ApproachEntry,Double,115.6567,294.5786,7.85361,56.60511,56.60511,0.0,115.6567,7.85361,0.85361,68.93009,68.93009,68.93009,0.0,0.0,1.0,6,6,1,0.72376,0.9722,0.0015,0.89856,0.61571,0.05005,0.82,0.7,0.06,0.9,0.56,0.06,4.88098,-30.09376,61.57118,-109.343,-77.96309,113.0087,double_rcm_log_20260616_113317_743.csv,14.810426540284745,Unknown,Task3_Insertion,68.93009,7.8532900965125005,22.032053581816534,22.083894622014547,14.114527987031703,28.203104057205096,56.60989489479725,5.551115123125783e-14,6.2177277203693346e-12,7.943806343738353e-12,7.057898881987199e-14,1.6631869187443606e-13
22.02536,ApproachEntry,Double,115.6567,40.72368,7.85361,56.60511,56.60511,0.0,115.6567,7.85361,0.85361,68.93009,68.93009,68.93009,0.0,0.72938,1.0,6,6,1,0.72376,0.9722,0.0015,0.89856,0.61571,0.05005,0.82,0.7,0.06,0.9,0.56,0.06,4.88098,-30.09376,61.57118,-109.343,-77.96309,113.0087,double_rcm_log_20260616_113317_743.csv,14.26737052361241,Unknown,Task3_Insertion,68.93009,7.8532900965125005,22.032053581816534,22.083894622014547,14.114527987031703,28.203104057205096,56.60989489479725,8.881784197001252e-13,6.415742254356331e-12,9.014889460041393e-11,1.160311428702309e-14,5.973891750702197e-13
22.09496,ApproachEntry,Double,115.6567,40.72368,7.85361,56.60511,56.60511,0.0,115.6567,7.85361,0.85361,68.93009,68.93009,68.93009,0.0,0.72938,1.0,6,6,1,0.72376,0.9722,0.0015,0.89856,0.61571,0.05005,0.82,0.7,0.06,0.9,0.56,0.06,4.88098,-30.09376,61.57118,-109.343,-77.96309,113.0087,double_rcm_log_20260616_113317_743.csv,14.367816091953772,Unknown,Task3_Insertion,68.93009,7.8532900965125005,22.032053581816534,22.083894622014547,14.114527987031703,28.203104057205096,56.60989489479725,8.881784197001252e-13,6.381445316672037e-12,1.4168394014786318e-10,4.7840865791509556e-14,3.431933868969555e-13
22.1643,ApproachEntry,Double,115.6567,40.72368,7.85361,56.60511,56.60511,0.0,115.6567,7.85361,0.85361,68.93009,68.93009,68.93009,0.0,0.72938,1.0,6,6,1,0.72376,0.9722,0.0015,0.89856,0.61571,0.05005,0.82,0.7,0.06,0.9,0.56,0.06,4.88098,-30.09376,61.57118,-109.343,-77.96309,113.0087,double_rcm_log_20260616_113317_743.csv,14.421690222093947,Unknown,Task3_Insertion,68.93009,7.8532900965125005,22.032053581816534,22.083894622014547,14.114527987031703,28.203104057205096,56.60989489479725,5.551115123125783e-14,1.3375118825068996e-11,6.248599811571684e-11,4.641245714809236e-14,8.640713565499401e-13
22.23214,ApproachEntry,Double,115.6567,40.72368,7.85361,56.60511,56.60511,0.0,115.6567,7.85361,0.85361,68.93009,68.93009,68.93009,0.0,0.72938,1.0,6,6,1,0.72376,0.9722,0.0015,0.89856,0.61571,0.05005,0.82,0.7,0.06,0.9,0.56,0.06,4.88098,-30.09376,61.57118,-109.343,-77.96309,113.0087,double_rcm_log_20260616_113317_743.csv,14.740566037735775,Unknown,Task3_Insertion,68.93009,7.8532900965125005,22.032053581816534,22.083894622014547,14.114527987031703,28.203104057205096,56.60989489479725,9.945640348601412e-13,4.676795395782141e-12,1.3107371587695894e-10,8.127358311930517e-14,4.841257450284991e-13
22.30626,ApproachEntry,Double,115.6567,40.72368,7.85361,56.60511,56.60511,0.0,115.6567,7.85361,0.85361,68.93009,68.93009,68.93009,0.0,0.72938,1.0,6,6,1,0.72376,0.9722,0.0015,0.89856,0.61571,0.05005,0.82,0.7,0.06,0.9,0.56,0.06,4.88098,-30.09376,61.57118,-109.343,-77.96309,113.0087,double_rcm_log_20260616_113317_743.csv,13.491635186184451,Unknown,Task3_Insertion,68.93009,7.8532900965125005,22.032053581816534,22.083894622014547,14.114527987031703,28.203104057205096,56.60989489479725,8.881784197001252e-13,9.289360675470538e-12,2.6109564835764067e-11,4.650301812620195e-14,5.566239635625021e-14
22.37793,ApproachEntry,Double,115.6567,40.72368,7.85361,56.60511,56.60511,0.0,115.6567,7.85361,0.85361,68.93009,68.93009,68.93009,0.0,0.72938,1.0,6,6,1,0.72376,0.9722,0.0015,0.89856,0.61571,0.05005,0.82,0.7,0.06,0.9,0.56,0.06,4.88098,-30.09376,61.57118,-109.343,-77.96309,113.0087,double_rcm_log_20260616_113317_743.csv,13.952839402818968,Unknown,Task3_Insertion,68.93009,7.8532900965125005,22.032053581816534,22.083894622014547,14.114527987031703,28.203104057205096,56.60989489479725,1.25607396694702e-12,8.885210108052378e-13,1.6485886105814492e-10,8.122180000916163e-14,4.749881127937172e-13
22.44761,ApproachEntry,Double,115.6567,40.72368,7.85361,56.60511,56.60511,0.0,115.6567,7.85361,0.85361,68.93009,68.93009,68.93009,0.0,0.72938,1.0,6,6,1,0.72376,0.9722,0.0015,0.89856,0.61571,0.05005,0.82,0.7,0.06,0.9,0.56,0.06,4.88098,-30.09376,61.57118,-109.343,-77.96309,113.0087,double_rcm_log_20260616_113317_743.csv,14.351320321469217,Unknown,Task3_Insertion,68.93009,7.8532900965125005,22.032053581816534,22.083894622014547,14.114527987031703,28.203104057205096,56.60989489479725,8.899114524108742e-13,1.422110445678576e-11,5.7712166689210205e-11,4.792872787800221e-14,7.676932021008045e-13
22.5153,ApproachEntry,Double,115.6567,40.72368,7.85361,56.60511,56.60511,0.0,115.6567,7.85361,0.85361,68.93009,68.93009,68.93009,0.0,0.72938,1.0,6,6,1,0.72376,0.9722,0.0015,0.89856,0.61571,0.05005,0.82,0.7,0.06,0.9,0.56,0.06,4.88098,-30.09376,61.57118,-109.343,-77.96309,113.0087,double_rcm_log_20260616_113317_743.csv,14.773230905599291,Unknown,Task3_Insertion,68.93009,7.8532900965125005,22.032053581816534,22.083894622014547,14.114527987031703,28.203104057205096,56.60989489479725,8.881784197001252e-13,6.627590976431363e-12,1.7023651129969046e-10,6.967909240224255e-14,3.9844323731668177e-13
22.58405,ApproachEntry,Double,115.6567,40.72368,7.85361,56.60511,56.60511,0.0,115.6567,7.85361,0.85361,68.93009,68.93009,68.93009,0.0,0.72938,1.0,6,6,1,0.72376,0.9722,0.0015,0.89856,0.61571,0.05005,0.82,0.7,0.06,0.9,0.56,0.06,4.88098,-30.09376,61.57118,-109.343,-77.96309,113.0087,double_rcm_log_20260616_113317_743.csv,14.545454545454245,Unknown,Task3_Insertion,68.93009,7.8532900965125005,22.032053581816534,22.083894622014547,14.114527987031703,28.203104057205096,56.60989489479725,0.0,9.203945890842651e-12,4.8377240951748773e-11,2.338682451623638e-14,4.825361588295817e-13
22.65193,ApproachEntry,Double,115.6567,40.72368,7.85361,56.60511,56.60511,0.0,115.6567,7.85361,0.85361,68.93009,68.93009,68.93009,0.0,0.72938,1.0,6,6,1,0.72376,0.9722,0.0015,0.89856,0.61571,0.05005,0.82,0.7,0.06,0.9,0.56,0.06,4.88098,-30.09376,61.57118,-109.343,-77.96309,113.0087,double_rcm_log_20260616_113317_743.csv,14.731879787861185,Unknown,Task3_Insertion,68.93009,7.8532900965125005,22.032053581816534,22.083894622014547,14.114527987031703,28.203104057205096,56.60989489479725,8.899114524108742e-13,9.776480413500231e-14,1.4431670291479475e-10,2.5945352296482636e-14,3.779559321369818e-13
22.72032,ApproachEntry,Double,115.6567,40.72368,7.85361,56.60511,56.60511,0.0,115.6567,7.85361,0.85361,68.93009,68.93009,68.93009,0.0,0.72938,1.0,6,6,1,0.72376,0.9722,0.0015,0.89856,0.61571,0.05005,0.82,0.7,0.06,0.9,0.56,0.06,4.88098,-30.09376,61.57118,-109.343,-77.96309,113.0087,double_rcm_log_20260616_113317_743.csv,14.622020763269305,Unknown,Task3_Insertion,68.93009,7.8532900965125005,22.032053581816534,22.083894622014547,14.114527987031703,28.203104057205096,56.60989489479725,0.0,1.4708509300379975e-11,161521.65710099187,4.650301812620195e-14,7.582845940738068e-13
22.78762,ApproachEntry,Double,115.6567,40.72368,7.85361,56.60511,56.60511,0.0,115.6567,7.85361,0.85361,68.93009,68.93009,68.93009,0.0,0.72938,1.0,6,6,1,0.72376,0.9722,0.0015,0.89856,0.61571,0.05005,0.82,0.7,0.06,0.9,0.56,0.06,4.88098,-30.09376,61.57118,-109.343,-77.96309,113.0087,double_rcm_log_20260616_113317_743.csv,14.858841010401305,Unknown,Task3_Insertion,68.93009,7.8532900965125005,22.032053581816534,22.083894622014547,14.114527987031703,28.203104057205096,56.60989489479725,1.2573000033218179e-12,21567.562462082675,138341.27967993796,8.447194706740887e-14,3023.889026548619
22.86628,ApproachEntry,Double,115.6567,40.72368,7.85361,56.60511,56.60511,0.0,115.6567,7.85361,0.85361,68.93009,68.93009,68.93009,0.0,0.72938,1.0,6,6,1,0.72376,0.9722,0.0015,0.89856,0.61571,0.05005,0.82,0.7,0.06,0.9,0.56,0.06,4.88098,-30.09376,61.57118,-109.343,-77.96309,113.0087,double_rcm_log_20260616_113317_743.csv,12.712941774726787,Unknown,Task3_Insertion,68.93009,7.8532900965125005,22.032053581816534,22.083894622014547,14.114527987031703,28.203104057205096,56.60989489479725,3679.3728299927297,15705.116919398482,448299.4390956064,515.8679913298727,2201.94242148244
22.93819,ApproachEntry,Double,532.5364,434.7594,58.09399,529.4135,529.4135,0.0,532.5364,58.09399,51.09399,0.0,0.0,0.0,0.0,0.72938,1.0,6,6,1,0.9194,0.89559,0.11169,1.27235,0.85378,0.29522,0.82,0.7,0.06,0.9,0.56,0.06,0.0,-18.0,26.0,0.0,-14.0,0.0,double_rcm_log_20260616_113317_743.csv,13.906271728549763,Unknown,Task3_Insertion,0.0,58.094124804461345,136.8838332447037,156.57803130534026,80.170857067262,524.7214764615605,529.4144494628003,2766.1745933424922,41103.48256117989,165351.22346793153,387.83265438695395,5762.930794251748
22.9847,ApproachEntry,Double,532.5364,434.7594,58.09399,529.4135,529.4135,0.0,532.5364,58.09399,51.09399,0.0,0.0,0.0,0.0,0.72938,1.0,6,6,1,0.9194,0.89559,0.11169,1.27235,0.85378,0.29522,0.82,0.7,0.06,0.9,0.56,0.06,0.0,-18.0,26.0,0.0,-14.0,0.0,double_rcm_log_20260616_113317_743.csv,21.50075252633778,Unknown,Task3_Insertion,0.0,58.094124804461345,136.8838332447037,156.57803130534026,80.170857067262,524.7214764615605,529.4144494628003,2.5510982866352575e-12,30003.552685471324,434388.28378864855,2.842170943040401e-14,4206.660529328496
23.03205,ApproachEntry,Double,532.5364,434.7594,58.09399,529.4135,529.4135,0.0,532.5364,58.09399,51.09399,0.0,0.0,0.0,0.0,0.72938,1.0,6,6,1,0.9194,0.89559,0.11169,1.27235,0.85378,0.29522,0.82,0.7,0.06,0.9,0.56,0.06,0.0,-18.0,26.0,0.0,-14.0,0.0,double_rcm_log_20260616_113317_743.csv,21.119324181625494,Unknown,Task3_Insertion,0.0,58.094124804461345,136.8838332447037,156.57803130534026,80.170857067262,524.7214764615605,529.4144494628003,0.0,2.923833091159594e-11,287632.9280003159,2.842170943040401e-14,4.77143708145724e-13
23.07141,ApproachEntry,Double,532.5364,434.7594,58.09399,529.4135,529.4135,0.0,532.5364,58.09399,51.09399,0.0,0.0,0.0,0.0,0.72938,1.0,6,6,1,0.9194,0.89559,0.11169,1.27235,0.85378,0.29522,0.82,0.7,0.06,0.9,0.56,0.06,0.0,-18.0,26.0,0.0,-14.0,0.0,double_rcm_log_20260616_113317_743.csv,25.406504065041613,Unknown,Task3_Insertion,0.0,58.094124804461345,136.8838332447037,156.57803130534026,80.170857067262,524.7214764615605,529.4144494628003,8.881784197001252e-13,3.0717232208085855e-11,3.77387904382691e-10,2.320622857404618e-14,8.434867357882146e-13
23.10683,ApproachEntry,Double,532.5364,434.7594,58.09399,529.4135,529.4135,0.0,532.5364,58.09399,51.09399,0.0,0.0,0.0,0.0,0.72938,1.0,6,6,1,0.9194,0.89559,0.11169,1.27235,0.85378,0.29522,0.82,0.7,0.06,0.9,0.56,0.06,0.0,-18.0,26.0,0.0,-14.0,0.0,double_rcm_log_20260616_113317_743.csv,28.232636928290336,Unknown,Task3_Insertion,0.0,58.094124804461345,136.8838332447037,156.57803130534026,80.170857067262,524.7214764615605,529.4144494628003,1.9860273225978185e-12,1.0898952023745325e-11,1.172123756565483e-09,3.4809342861069267e-14,2.7349596942470937e-13
23.13984,ApproachEntry,Double,532.5364,434.7594,58.09399,529.4135,529.4135,0.0,532.5364,58.09399,51.09399,0.0,0.0,0.0,0.0,0.72938,1.0,6,6,1,0.9194,0.89559,0.11169,1.27235,0.85378,0.29522,0.82,0.7,0.06,0.9,0.56,0.06,0.0,-18.0,26.0,0.0,-14.0,0.0,double_rcm_log_20260616_113317_743.csv,30.293850348378477,Unknown,Task3_Insertion,0.0,58.094124804461345,136.8838332447037,156.57803130534026,80.170857067262,524.7214764615605,529.4144494628003,0.0,5.1372058367106586e-11,3.8310178187312963e-10,0.0,6.864197505886663e-13
23.17159,ApproachEntry,Double,532.5364,434.7594,58.09399,529.4135,529.4135,0.0,532.5364,58.09399,51.09399,0.0,0.0,0.0,0.0,0.72938,1.0,6,6,1,0.9194,0.89559,0.11169,1.27235,0.85378,0.29522,0.82,0.7,0.06,0.9,0.56,0.06,0.0,-18.0,26.0,0.0,-14.0,0.0,double_rcm_log_20260616_113317_743.csv,31.49606299212714,Unknown,Task3_Insertion,0.0,58.094124804461345,136.8838332447037,156.57803130534026,80.170857067262,524.7214764615605,529.4144494628003,1.9860273225978185e-12,2.3309423718651086e-11,97266.46439050487,1.2972676148241318e-14,3.9731027528472513e-13
23.22082,ApproachEntry,Double,532.5364,434.7594,58.09399,529.4135,529.4135,0.0,532.5364,58.09399,51.09399,0.0,0.0,0.0,0.0,0.72938,1.0,6,6,1,0.9194,0.89559,0.11169,1.27235,0.85378,0.29522,0.82,0.7,0.06,0.9,0.56,0.06,0.0,-18.0,26.0,0.0,-14.0,0.0,double_rcm_log_20260616_113317_743.csv,20.31281738777109,Unknown,Task3_Insertion,0.0,58.094124804461345,136.8838332447037,156.57803130534026,80.170857067262,524.7214764615605,529.4144494628003,8.881784197001252e-13,12213.130798006136,186228.62253837648,3.4809342861069267e-14,486.22307666103995
23.25825,ApproachEntry,Double,532.5364,434.7594,58.09399,529.4135,529.4135,0.0,532.5364,58.09399,51.09399,0.0,0.0,0.0,0.0,0.72938,1.0,6,6,1,0.9194,0.89559,0.11169,1.27235,0.85378,0.29522,0.82,0.7,0.06,0.9,0.56,0.06,0.0,-18.0,26.0,0.0,-14.0,0.0,double_rcm_log_20260616_113317_743.csv,26.71653753673487,Unknown,Task3_Insertion,0.0,58.094124804461345,136.8838332447037,156.57803130534026,80.170857067262,524.7214764615605,529.4144494628003,804.7031183581927,17364.479298840004,91213.7053056808,32.03643950744638,749.596404211567
23.30345,ApproachEntry,Double,507.9678,198.9855,54.76147,494.7347,494.7347,0.0,507.9678,54.76147,47.76147,0.0,0.0,0.0,0.0,0.0,1.0,6,6,1,0.88493,0.86268,0.15442,1.23458,0.79666,0.33715,0.82,0.7,0.06,0.9,0.56,0.06,-2.59036,-21.36,29.36,-3.07321,-17.36,3.36,double_rcm_log_20260616_113317_743.csv,22.123893805309127,Unknown,Task3_Insertion,0.0,54.76132662955668,131.69788865961394,148.31333572317655,76.13059787125977,493.158355789107,494.73614634469556,1367.6800015243346,6144.885295587867,238128.73463524843,60.14631264309429,293.6368033394514
23.37178,ApproachEntry,Double,483.1426,171.6029,50.77913,454.7051,454.7051,0.0,483.1426,50.77913,43.77913,0.0,0.0,0.0,0.0,0.0,1.0,6,6,1,0.86719,0.83016,0.16138,1.21635,0.73838,0.33361,0.82,0.7,0.06,0.9,0.56,0.06,-3.3134,-24.72,32.72,-6.43321,-20.72,6.72,double_rcm_log_20260616_113317_743.csv,14.63486023708483,Unknown,Task3_Insertion,0.0,50.78004508884871,124.92054291138575,138.27669225354455,70.24258682355487,454.7030545379631,454.70779518279653,902.8359751839849,6446.424927101945,42287.87428035335,44.95888508798644,143.9474953915284
23.44019,ApproachEntry,Double,459.8575,143.5506,46.56597,413.725,413.725,0.0,459.8575,46.56597,39.56597,0.0,0.0,0.0,0.0,0.0,1.0,6,6,1,0.85212,0.7983,0.15956,1.19894,0.67975,0.31974,0.82,0.7,0.06,0.9,0.56,0.06,-3.57553,-28.08,36.07998,-9.79321,-24.08,10.08,double_rcm_log_20260616_113317_743.csv,14.617745943575484,Unknown,Task3_Insertion,0.0,46.56653638048302,117.09191877286455,127.4730913237662,63.44420617865096,411.34376584368147,413.7270280027641,937.5258406865975,1328.9818886106254,43365.167903423186,45.35194443917038,25.15322150280292
23.5071,ApproachEntry,Double,439.7092,116.2386,42.22992,374.0263,374.0263,0.0,439.7092,42.22992,35.22992,0.0,0.0,0.0,0.0,0.0,1.0,6,6,1,0.83743,0.76734,0.15313,1.1793,0.62157,0.30103,0.82,0.7,0.06,0.9,0.56,0.06,-3.59416,-31.44,39.43997,-13.15321,-27.44,13.44,double_rcm_log_20260616_113317_743.csv,14.945449110745772,Unknown,Task3_Insertion,0.0,42.23017268983179,108.37458000115707,116.17469879193908,55.92493461745911,364.21208662620654,374.0251539669491,953.4968140709866,988.8951350983906,8187.184831842188,45.260630017040704,17.957677264594988
23.57578,ApproachEntry,Double,423.87,91.22974,37.82867,337.434,337.434,0.0,423.87,37.82867,30.82867,0.0,0.0,0.0,0.0,0.0,1.0,6,6,1,0.82262,0.73751,0.14312,1.1568,0.56459,0.27885,0.82,0.7,0.06,0.9,0.56,0.06,-3.41887,-34.79999,42.79995,-16.51321,-30.8,16.8,double_rcm_log_20260616_113317_743.csv,14.56027955736739,Unknown,Task3_Insertion,0.0,37.82941820139325,98.89369709258821,104.5385519612182,47.809767393087604,314.05307449782816,337.4353724789386,951.0471059833039,941.5451909563345,17827.02319260866,44.67531343035987,11.046768460768385
23.64449,ApproachEntry,Double,413.2739,72.07047,33.41547,306.075,306.075,0.0,413.2739,33.41547,26.41547,0.0,0.0,0.0,0.0,0.0,1.0,6,6,1,0.80728,0.70902,0.13036,1.13108,0.5095,0.25425,0.82,0.7,0.06,0.9,0.56,0.06,-3.08941,-38.15998,46.15994,-19.87321,-34.15999,20.16,double_rcm_log_20260616_113317_743.csv,14.553922282055144,Unknown,Task3_Insertion,0.0,33.41587855612901,88.79965514990698,92.71378382646654,39.31479082329165,261.8413840506088,306.07397618876394,952.458837604649,2242.2395717101817,17177.49461858719,44.794733734661996,87.13426342004769
23.71285,ApproachEntry,Double,408.6336,67.88527,29.08459,282.9949,282.9949,0.0,408.6336,29.08458,22.08458,2.56976,2.56976,2.56976,0.0,0.0,1.0,6,6,1,0.78964,0.68206,0.11801,1.10022,0.45693,0.23139,0.82,0.7,0.06,0.9,0.56,0.06,-2.78485,-41.51996,49.51992,-23.23321,-37.51998,23.52,double_rcm_log_20260616_113317_743.csv,14.62843768285581,Unknown,Task3_Insertion,2.56976,29.084921373965017,78.38214240526274,80.97648122477092,31.052991999220023,210.78534229071846,282.99470913782113,912.0514222053005,2562.4215209218796,26608.681788284226,39.35207869322278,94.57728478934008
23.78086,ApproachEntry,Double,411.1765,101.474,25.96296,277.1941,277.1941,0.0,411.1765,25.96296,18.96296,0.0,0.0,0.0,0.0,0.0,1.0,6,6,1,0.75775,0.65639,0.12723,1.05563,0.41239,0.23558,0.82,0.7,0.06,0.9,0.56,0.06,-3.98994,-44.87995,52.87991,-23.23321,-40.87996,25.2,double_rcm_log_20260616_113317_743.csv,14.703720041170197,Unknown,Task3_Insertion,0.0,25.96261373653231,70.59064217854875,72.44201339662204,26.921262785110088,186.1683657710035,277.19622183572426,905.0913444339,1795.2854660798475,48205.090372258404,38.710233241693565,84.98271063391422
23.85135,ApproachEntry,Double,417.9554,123.5432,21.96487,275.5233,275.5233,0.0,417.9554,21.96487,14.96487,0.0,0.0,0.0,0.0,0.0,1.0,6,6,1,0.73433,0.63268,0.11823,1.01515,0.3659,0.21804,0.82,0.7,0.06,0.9,0.56,0.06,-3.95531,-48.23993,56.23989,-26.59321,-44.23995,28.56,double_rcm_log_20260616_113317_743.csv,14.186409419775956,Unknown,Task3_Insertion,0.0,21.965690111882466,60.31396137727805,61.439266415855705,22.22426643336392,158.0827838872357,275.5194622889643,919.1135919003466,4359.721333837583,12353.778935167058,44.34990987179282,121.26833818422625
23.91956,ApproachEntry,Double,428.0878,139.672,17.89595,279.0169,279.0169,0.0,428.0878,17.89594,10.89594,0.0,0.0,0.0,0.0,0.0,1.0,6,6,1,0.71822,0.61093,0.09487,0.98175,0.32311,0.18268,0.82,0.7,0.06,0.9,0.56,0.06,-3.02087,-51.59992,59.59988,-29.95321,-47.59993,31.92,double_rcm_log_20260616_113317_743.csv,14.660606949127576,Unknown,Task3_Insertion,0.0,17.89596723437719,49.54896546485843,50.159407780233565,17.84929345307534,131.2151757229324,279.0166966330152,947.2451140234931,2372.089162005539,52753.89200090411,44.65977796672533,42.33751731560133
23.98797,ApproachEntry,Double,440.1549,153.0244,14.23151,286.4997,286.4997,0.0,440.1549,14.23151,7.23151,0.0,0.0,0.0,0.0,0.0,1.0,6,6,1,0.711,0.59265,0.05666,0.96069,0.28877,0.12953,0.82,0.7,0.06,0.9,0.56,0.06,-1.10178,-54.9599,62.95987,-33.31321,-50.11992,35.27999,double_rcm_log_20260616_113317_743.csv,14.617745943575484,Unknown,Task3_Insertion,0.0,14.231081458777615,39.63942024272686,39.94707761029155,14.124862287956017,107.4140920850778,286.5020242511386,780.887342104972,3993.3972316289505,43268.652519959316,43.2497188375923,68.03084952574002
24.0567,ApproachEntry,Double,446.9966,170.6187,11.63064,296.4237,296.4237,0.0,446.9966,11.63064,4.63064,0.0,0.0,0.0,0.0,0.0,1.0,6,6,1,0.69393,0.58656,0.04134,0.92754,0.26881,0.10813,0.82,0.7,0.06,0.9,0.56,0.06,-0.44686,-57.46249,66.31985,-36.67319,-53.47991,38.63998,double_rcm_log_20260616_113317_743.csv,14.549687181725885,Unknown,Task3_Insertion,0.0,11.630117483061268,32.50586329668836,32.673999963098794,16.882396024618924,129.8115449944503,296.42294884168473,515.113970794888,6777.421813828706,26650.60351268662,41.67518375304499,118.50115867602955
24.12632,ApproachEntry,Double,441.4666,176.1845,10.17154,293.6693,293.6693,0.0,441.4666,10.17154,3.17154,0.0,0.0,0.0,0.0,0.0,1.0,6,6,1,0.68305,0.5943,0.02663,0.90543,0.26792,0.09003,0.82,0.7,0.06,0.9,0.56,0.06,0.37451,-59.0253,69.67984,-40.03318,-56.83989,41.99996,double_rcm_log_20260616_113317_743.csv,14.36368859523116,Unknown,Task3_Insertion,0.0,10.171774040330302,28.475873200571183,28.588427800365928,18.95198895292762,143.37780938700195,293.669903463055,385.9191402490211,6598.517567461751,43353.172776964326,37.82131677816141,125.62206824374586
24.19416,ApproachEntry,Double,395.3968,153.2515,11.63909,245.2836,245.2836,0.0,395.3968,11.63909,4.63909,0.0,0.0,0.0,0.0,0.0,1.0,6,6,1,0.68422,0.6373,0.02656,0.9147,0.31778,0.09572,0.82,0.7,0.06,0.9,0.56,0.06,0.68512,-58.13689,73.03983,-43.39316,-58.51989,45.35995,double_rcm_log_20260616_113317_743.csv,14.740566037735775,Unknown,Task3_Insertion,0.0,11.63945499608351,32.53160153732503,32.7001428088186,16.63567508655499,113.19527418784578,245.280526744379,590.6437837671929,2283.1254310695367,57503.57081772527,33.86917191426011,68.04033795801142
24.26494,ApproachEntry,Double,364.3948,154.6447,12.0764,216.3666,216.3666,0.0,364.3948,12.0764,5.0764,4.67952,4.67952,4.67952,0.0,0.0,1.0,6,6,1,0.67194,0.66601,0.03106,0.90365,0.34791,0.10264,0.82,0.7,0.06,0.9,0.56,0.06,0.33202,-58.03291,76.39981,-45.07315,-61.87987,47.87994,double_rcm_log_20260616_113317_743.csv,14.128284826222261,Unknown,Task3_Insertion,4.67952,12.07661656527392,33.73562982719413,33.9238466301106,17.67008929994105,110.60653201604066,216.36464637273815,527.8595235725518,1369.14542962897,70285.450303357,34.989190748043086,92.53414539071608
24.33311,ApproachEntry,Double,333.0305,167.1482,13.22105,191.3788,191.3788,0.0,333.0305,13.22103,6.22103,3.2351,3.2351,3.2351,0.0,0.0,1.0,6,6,1,0.65388,0.69541,0.04211,0.88586,0.37948,0.12194,0.82,0.7,0.06,0.9,0.56,0.06,-0.42236,-58.03291,79.7598,-48.43314,-64.39986,51.23992,double_rcm_log_20260616_113317_743.csv,14.66920932961669,Unknown,Task3_Insertion,3.2351,13.22028328359721,36.8760433598187,37.12282081618624,20.97250006636933,119.19706743940424,191.37391044758434,454.97280520669483,7374.334226785596,25357.90622190246,34.937679766540576,253.84469690845998
24.40308,ApproachEntry,Double,302.4587,170.1626,14.01546,154.0953,154.0953,0.0,302.4587,14.01546,7.01546,32.15689,32.15689,32.15689,0.0,0.0,1.0,6,6,1,0.65598,0.71849,0.01864,0.89879,0.41025,0.09632,0.82,0.7,0.06,0.9,0.56,0.06,1.01848,-58.87291,83.11978,-51.79313,-63.55987,54.59991,double_rcm_log_20260616_113317_743.csv,14.291839359726032,Unknown,Task3_Insertion,32.15689,14.015915716144397,39.052192502693636,39.34613902692044,16.05420550277992,83.64430707557968,154.09629781406176,730.2439750701064,4611.422169189638,94238.8454144712,35.66876892968895,180.47931419636237
24.4708,ApproachEntry,Double,319.2913,170.59,11.77244,166.1168,166.1168,0.0,319.2913,11.77244,4.77244,18.29857,18.29857,18.29857,0.0,0.0,1.0,6,6,1,0.67517,0.70985,-0.0296,0.91815,0.39768,0.02968,0.82,0.7,0.06,0.9,0.56,0.06,4.14893,-60.34945,83.55395,-55.15311,-60.76196,57.95989,double_rcm_log_20260616_113317_743.csv,14.766686355581516,Unknown,Task3_Insertion,18.29857,11.771911859484636,32.89661678760351,33.07096748193022,12.943579953300075,71.51964000296607,166.1219651340545,461.76158229373203,5621.577025135418,57689.989951110365,30.161969211650938,128.8864398552664
24.54064,ApproachEntry,Double,309.0671,181.7944,12.61387,157.5146,157.5146,0.0,309.0671,12.61387,5.61387,19.00635,19.00635,19.00635,0.0,0.0,1.0,6,6,1,0.66049,0.71303,-0.02623,0.90729,0.40448,0.03611,0.82,0.7,0.06,0.9,0.56,0.06,3.60258,-62.20057,86.04107,-57.01516,-58.78189,59.63988,double_rcm_log_20260616_113317_743.csv,14.318442153493857,Unknown,Task3_Insertion,19.00635,12.614914836611621,35.215502907657154,35.4299724209559,13.996250537653168,74.75042464505066,157.51300454248218,141.62231341686316,3494.290894551209,38820.40264272761,29.583446961184578,114.88109989646294
24.608,ApproachEntry,Double,301.2121,184.5207,12.4982,149.8958,149.8958,0.0,301.2121,12.4982,5.4982,21.39454,21.39454,21.39454,0.0,0.0,1.0,6,6,1,0.65795,0.72054,-0.02582,0.90598,0.41249,0.03406,0.82,0.7,0.06,0.9,0.56,0.06,3.47019,-62.67555,86.80791,-60.37515,-55.4219,62.99987,double_rcm_log_20260616_113317_743.csv,14.845605700712424,Unknown,Task3_Insertion,21.39454,12.498613513380732,34.89602963913216,35.10463346927933,13.98122051848191,72.77348908665965,149.89277534290974,96.64673639065497,1188.8898943835782,24101.663944890664,35.36789910977644,76.71179316427583
24.67655,ApproachEntry,Double,299.5984,187.6002,11.76318,150.6479,150.6479,0.0,299.5984,11.76318,4.76318,18.44341,18.44341,18.44341,0.0,0.0,1.0,6,6,1,0.65187,0.72258,-0.02011,0.89598,0.41105,0.03783,0.82,0.7,0.06,0.9,0.56,0.06,2.92624,-63.31004,87.23758,-63.73513,-52.06192,66.35986,double_rcm_log_20260616_113317_743.csv,14.587892049599187,Unknown,Task3_Insertion,18.44341,11.763415525189545,32.87320844711302,33.04718256558851,15.587368227540393,80.50314872962817,150.64452130761347,185.2827180534841,846.8581679257803,21285.17229023306,35.616437877066375,58.185466269163
24.74381,ApproachEntry,Double,298.1726,193.215,10.9167,153.1585,153.1585,0.0,298.1726,10.9167,3.9167,12.42364,12.42364,12.42364,0.0,0.0,1.0,6,6,1,0.64373,0.72503,-0.01506,0.88229,0.40899,0.04155,0.82,0.7,0.06,0.9,0.56,0.06,2.33771,-64.1258,88.01015,-67.09512,-48.70193,69.71984,double_rcm_log_20260616_113317_743.csv,14.867677668747923,Unknown,Task3_Insertion,12.42364,10.916007746628257,30.53496000144233,30.67403043899687,18.004755607090672,92.16412806259535,153.16026475558212,202.5330828730277,1789.028922255454,9263.450174904634,32.71828030915945,75.80528831451625
24.81217,ApproachEntry,Double,275.4912,205.4404,11.7215,132.05,132.05,0.0,275.4912,11.7215,4.7215,20.88102,20.88102,20.88102,0.0,0.0,1.0,6,6,1,0.63485,0.74366,-0.01759,0.87744,0.43119,0.04168,0.82,0.7,0.06,0.9,0.56,0.06,2.15734,-64.81929,90.58576,-69.61511,-46.18194,72.23983,double_rcm_log_20260616_113317_743.csv,14.62843768285581,Unknown,Task3_Insertion,20.88102,11.722062233258624,32.75926524314922,32.93141421491175,18.076745184366704,85.48142772645919,132.0476887340328,261.2773862251265,1108.2050113700577,21279.944595554985,33.670523366609146,63.41486183208241
24.87939,ApproachEntry,Double,265.7875,216.4942,11.31689,128.6194,128.6194,0.0,265.7875,11.31689,4.31689,17.61671,17.61671,17.61671,0.0,0.0,1.0,6,6,1,0.62446,0.75394,-0.01567,0.8621,0.43799,0.04519,0.82,0.7,0.06,0.9,0.56,0.06,1.63936,-65.60197,92.27965,-72.9751,-42.82196,75.59982,double_rcm_log_20260616_113317_743.csv,14.876524843795936,Unknown,Task3_Insertion,17.61671,11.317054988967426,31.642431705466436,31.797373946872202,20.851909848263723,94.6067164716041,128.61643052114306,249.3539099390463,2863.914997744578,11486.366195700908,28.704134820155893,270.70757421442926
24.94768,ApproachEntry,Double,242.9555,223.0655,11.91623,103.8249,103.8249,0.0,242.9555,11.91623,4.91623,31.71013,31.71013,31.71013,0.0,0.0,1.0,6,6,1,0.63086,0.77752,-0.0293,0.87061,0.46375,0.03447,0.82,0.7,0.06,0.9,0.56,0.06,2.63598,-64.53362,93.30111,-75.4954,-41.98196,77.72882,double_rcm_log_20260616_113317_743.csv,14.643432420559911,Unknown,Task3_Insertion,31.71013,11.916340514870384,33.294422619566504,33.47525786810282,18.62453356750116,77.59140430188434,103.82492716106289,379.66307060152855,1617.5040124966176,34215.34743041131,30.39048604111055,333.70988918391424
25.01483,ApproachEntry,Double,237.329,220.9314,10.52587,97.53194,97.53194,0.0,237.329,10.52585,3.52585,30.76108,30.76108,30.76108,0.0,0.0,1.0,6,6,1,0.65206,0.79694,-0.04587,0.88167,0.47519,0.01545,0.82,0.7,0.06,0.9,0.56,0.06,4.50534,-61.17363,91.08516,-78.85538,-45.34195,81.08881,double_rcm_log_20260616_113317_743.csv,14.892032762471723,Unknown,Task3_Insertion,30.76108,10.524443134968662,29.452230297994497,29.57688542315007,17.946344194670175,73.1288288938407,97.5368007472052,243.42622238164734,1989.807602580948,19023.12290161123,43.019550995175116,155.73206433440401
25.0837,ApproachEntry,Double,232.2888,218.3405,9.12036,93.11724,93.11724,0.0,232.2888,9.12036,2.12036,32.46877,32.46877,32.46877,0.0,0.0,1.0,6,6,1,0.66625,0.81242,-0.04674,0.88439,0.4822,0.01128,0.82,0.7,0.06,0.9,0.56,0.06,5.18772,-57.81364,88.27629,-81.65142,-48.70193,84.44879,double_rcm_log_20260616_113317_743.csv,14.520110352838591,Unknown,Task3_Insertion,32.46877,9.120231307875653,25.558440000720182,25.639603075179387,17.893444739312034,71.36919362345034,93.11364293163491,111.044277897315,1130.1301524202872,15489.114490848962,42.80046555037071,45.89477329300081
25.15173,ApproachEntry,Double,228.5573,216.3619,7.926,90.4794,90.4794,0.0,228.5573,7.926,0.926,32.8623,32.8623,32.8623,0.0,0.0,1.0,6,6,1,0.68019,0.82622,-0.04646,0.88601,0.48753,0.00766,0.82,0.7,0.06,0.9,0.56,0.06,5.75137,-54.45366,85.05553,-84.55692,-52.06192,87.80878,double_rcm_log_20260616_113317_743.csv,14.699397324709631,Unknown,Task3_Insertion,32.8623,7.926408044419534,22.235878513365492,22.289179901667428,18.12049924944041,71.0863516165646,90.48257622327077,106.3308567134269,338.43963062662465,10571.158684953949,44.28383232898286,27.770655678936023
25.22023,ApproachEntry,Double,222.8111,217.5248,7.4941,86.25179,86.25179,0.0,222.8111,7.4941,0.4941,33.56496,33.56496,33.56496,0.0,0.0,1.0,6,6,1,0.69375,0.84103,-0.04718,0.88735,0.49489,0.00486,0.82,0.7,0.06,0.9,0.56,0.06,6.3432,-51.09367,81.69554,-87.91691,-55.4219,91.16876,double_rcm_log_20260616_113317_743.csv,14.598540145985353,Unknown,Task3_Insertion,33.56496,7.493709035631853,21.029163026232737,21.074208888463858,18.33762896813585,70.10116800299852,86.25400976186562,139.56535311864653,961.1896644013107,5414.067120453936,45.068288867871324,18.670375852858438
25.28819,ApproachEntry,Double,214.3531,222.1287,7.48546,79.99013,79.99013,0.0,214.3531,7.48546,0.48545,34.33641,34.33641,34.33641,0.0,0.0,1.0,6,6,1,0.70594,0.8575,-0.04736,0.88933,0.50551,0.00242,0.82,0.7,0.06,0.9,0.56,0.06,6.81635,-47.73369,78.33556,-91.27689,-58.78189,94.52875,double_rcm_log_20260616_113317_743.csv,14.714537963508086,Unknown,Task3_Insertion,34.33641,7.4853609623203425,21.00586981862761,21.05076541067055,18.514213547488666,68.06656114535136,79.99040817498062,213.3380476147449,1063.2816785071643,3988.104080260149,43.46011649760203,27.74239298308892
25.35731,ApproachEntry,Double,197.4444,231.6817,7.40976,65.44346,65.44346,0.0,197.4444,7.40976,0.40976,41.81126,41.81126,41.81126,0.0,0.0,1.0,6,6,1,0.71277,0.87879,-0.04106,0.89133,0.52397,0.00606,0.82,0.7,0.06,0.9,0.56,0.06,6.73561,-44.3737,75.44134,-94.22305,-62.00316,97.88873,double_rcm_log_20260616_113317_743.csv,14.467592592592997,Unknown,Task3_Insertion,41.81126,7.410393966975984,20.796673271381746,20.840234346188993,17.576140275135927,59.62268155144164,65.44351304751298,258.28077230177576,577.5921489971225,5697.180690752011,43.450553306453955,19.857945759934864
25.42525,ApproachEntry,Double,183.4978,241.86,7.62463,55.87706,55.87706,0.0,183.4978,7.62463,0.62463,45.92928,45.92928,45.92928,0.0,0.0,1.0,6,6,1,0.72101,0.8981,-0.03723,0.89378,0.5402,0.00812,0.82,0.7,0.06,0.9,0.56,0.06,6.81046,-41.01372,72.08135,-97.58303,-65.36314,101.2487,double_rcm_log_20260616_113317_743.csv,14.718869590815402,Unknown,Task3_Insertion,45.92928,7.62402684176707,21.39272403202501,21.44015930257298,17.136641670320227,54.06759922683683,55.87721181304594,267.88787573186215,1095.1371601329781,6241.961552160741,44.886725436597715,29.08002716053727
25.494,ApproachEntry,Double,165.6484,253.9797,7.85975,44.0797,44.0797,0.0,165.6484,7.85975,0.85975,55.39679,55.39679,55.39679,0.0,0.0,1.0,6,6,1,0.72592,0.9187,-0.02847,0.8951,0.559,0.0162,0.82,0.7,0.06,0.9,0.56,0.06,6.50838,-37.65373,68.72137,-100.943,-68.72313,104.6087,double_rcm_log_20260616_113317_743.csv,14.545454545454245,Unknown,Task3_Insertion,55.39679,7.859921130119014,22.05053985703414,22.102512223108402,15.424352863210611,44.05686709766752,44.08457780222014,347.4112275901289,1398.0419305980122,12069.56092260537,45.343560238449555,30.916542861575312
25.56095,ApproachEntry,Double,143.5558,268.0987,8.10215,34.43626,34.43626,0.0,143.5558,8.10215,1.10215,72.48029,72.48029,72.48029,0.0,0.0,1.0,6,6,1,0.72649,0.94044,-0.01293,0.89423,0.5802,0.03271,0.82,0.7,0.06,0.9,0.56,0.06,5.72098,-34.29375,65.36138,-104.303,-72.08311,107.9687,double_rcm_log_20260616_113317_743.csv,14.936519790889054,Unknown,Task3_Insertion,72.48029,8.102052331252938,22.725359134229233,22.78227994692672,11.144647000856002,27.746471598274354,34.43946863701588,410.87996576925497,505.27264809332075,28320.951095188702,45.38505494907066,102.72161053083414
25.63002,ApproachEntry,Double,122.272,285.3782,8.20459,45.11699,45.11699,0.0,122.272,8.20459,1.20459,80.35741,80.35741,80.35741,0.0,0.0,1.0,6,6,1,0.72587,0.96321,0.00257,0.89458,0.60364,0.04989,0.82,0.7,0.06,0.9,0.56,0.06,4.88098,-30.93376,62.0014,-107.663,-75.4431,111.3287,double_rcm_log_20260616_113317_743.csv,14.478065730418423,Unknown,Task3_Insertion,80.35741,8.203851831096177,23.00895368961062,23.068045276899717,9.28731050976069,19.732367357680655,45.122478876941045,288.16517440252517,2523.1043196900796,12780.391132246492,32.19142712445195,264.5530911860186
25.69785,ApproachEntry,Double,115.6567,294.5786,7.85361,56.60511,56.60511,0.0,115.6567,7.85361,0.85361,68.93009,68.93009,68.93009,0.0,0.0,1.0,6,6,1,0.72376,0.9722,0.0015,0.89856,0.61571,0.05005,0.82,0.7,0.06,0.9,0.56,0.06,4.88098,-30.09376,61.57118,-109.343,-77.96309,113.0087,double_rcm_log_20260616_113317_743.csv,14.742739200943378,Unknown,Task3_Insertion,68.93009,7.8532900965125005,22.032053581816534,22.083894622014547,14.114527987031703,28.203104057205096,56.60989489479725,94.72346419139537,2120.5257515405847,15630.830942013286,10.921533048582393,236.58760903124468
25.76719,ApproachEntry,Double,115.6567,294.5786,7.85361,56.60511,56.60511,0.0,115.6567,7.85361,0.85361,68.93009,68.93009,68.93009,0.0,0.0,1.0,6,6,1,0.72376,0.9722,0.0015,0.89856,0.61571,0.05005,0.82,0.7,0.06,0.9,0.56,0.06,4.88098,-30.09376,61.57118,-109.343,-77.96309,113.0087,double_rcm_log_20260616_113317_743.csv,14.421690222093947,Unknown,Task3_Insertion,68.93009,7.8532900965125005,22.032053581816534,22.083894622014547,14.114527987031703,28.203104057205096,56.60989489479725,8.899114524108742e-13,670.9564069070511,15330.358970525764,7.063857430015114e-14,77.36069024446755
25.83412,ApproachEntry,Double,115.6567,294.5786,7.85361,56.60511,56.60511,0.0,115.6567,7.85361,0.85361,68.93009,68.93009,68.93009,0.0,0.0,1.0,6,6,1,0.72376,0.9722,0.0015,0.89856,0.61571,0.05005,0.82,0.7,0.06,0.9,0.56,0.06,4.88098,-30.09376,61.57118,-109.343,-77.96309,113.0087,double_rcm_log_20260616_113317_743.csv,14.940983116689242,Unknown,Task3_Insertion,68.93009,7.8532900965125005,22.032053581816534,22.083894622014547,14.114527987031703,28.203104057205096,56.60989489479725,8.881784197001252e-13,6.354792330150932e-12,5087.978375540523,7.057898881987199e-14,6.041619326474653e-13
25.9031,ApproachEntry,Double,115.6567,294.5786,7.85361,56.60511,56.60511,0.0,115.6567,7.85361,0.85361,68.93009,68.93009,68.93009,0.0,0.0,1.0,6,6,1,0.72376,0.9722,0.0015,0.89856,0.61571,0.05005,0.82,0.7,0.06,0.9,0.56,0.06,4.88098,-30.09376,61.57118,-109.343,-77.96309,113.0087,double_rcm_log_20260616_113317_743.csv,14.496955639315782,Unknown,Task3_Insertion,68.93009,7.8532900965125005,22.032053581816534,22.083894622014547,14.114527987031703,28.203104057205096,56.60989489479725,0.0,9.235655038994885e-12,4.81269008428586e-11,4.641245714809236e-14,4.5482005380102187e-14
25.97035,ApproachEntry,Double,115.6567,294.5786,7.85361,56.60511,56.60511,0.0,115.6567,7.85361,0.85361,68.93009,68.93009,68.93009,0.0,0.0,1.0,6,6,1,0.72376,0.9722,0.0015,0.89856,0.61571,0.05005,0.82,0.7,0.06,0.9,0.56,0.06,4.88098,-30.09376,61.57118,-109.343,-77.96309,113.0087,double_rcm_log_20260616_113317_743.csv,14.86988847583613,Unknown,Task3_Insertion,68.93009,7.8532900965125005,22.032053581816534,22.083894622014547,14.114527987031703,28.203104057205096,56.60989489479725,8.899114524108742e-13,4.851597072384375e-13,1.0801184645715239e-10,7.063857430015114e-14,8.701361405571023e-13
26.03889,ApproachEntry,Double,115.6567,294.5786,7.85361,56.60511,56.60511,0.0,115.6567,7.85361,0.85361,68.93009,68.93009,68.93009,0.0,0.0,1.0,6,6,1,0.72376,0.9722,0.0015,0.89856,0.61571,0.05005,0.82,0.7,0.06,0.9,0.56,0.06,4.88098,-30.09376,61.57118,-109.343,-77.96309,113.0087,double_rcm_log_20260616_113317_743.csv,14.59002042602887,Unknown,Task3_Insertion,68.93009,7.8532900965125005,22.032053581816534,22.083894622014547,14.114527987031703,28.203104057205096,56.60989489479725,5.551115123125783e-14,6.469773587848051e-12,4.777042918673044e-11,8.447194706740887e-14,9.440930779467758e-13
26.1061,ApproachEntry,Double,115.6567,294.5786,7.85361,56.60511,56.60511,0.0,115.6567,7.85361,0.85361,68.93009,68.93009,68.93009,0.0,0.0,1.0,6,6,1,0.72376,0.9722,0.0015,0.89856,0.61571,0.05005,0.82,0.7,0.06,0.9,0.56,0.06,4.88098,-30.09376,61.57118,-109.343,-77.96309,113.0087,double_rcm_log_20260616_113317_743.csv,14.878738282992964,Unknown,Task3_Insertion,68.93009,7.8532900965125005,22.032053581816534,22.083894622014547,14.114527987031703,28.203104057205096,56.60989489479725,5.551115123125783e-14,6.314859291904872e-12,6.027628348337127e-12,7.057898881987199e-14,6.399042797718672e-13
26.17548,ApproachEntry,Double,115.6567,294.5786,7.85361,56.60511,56.60511,0.0,115.6567,7.85361,0.85361,68.93009,68.93009,68.93009,0.0,0.0,1.0,6,6,1,0.72376,0.9722,0.0015,0.89856,0.61571,0.05005,0.82,0.7,0.06,0.9,0.56,0.06,4.88098,-30.09376,61.57118,-109.343,-77.96309,113.0087,double_rcm_log_20260616_113317_743.csv,14.413375612568695,Unknown,Task3_Insertion,68.93009,7.8532900965125005,22.032053581816534,22.083894622014547,14.114527987031703,28.203104057205096,56.60989489479725,8.881784197001252e-13,7.091318907438813e-12,9.390584319887799e-11,2.320622857404618e-14,8.467252406643228e-13
26.24279,ApproachEntry,Double,115.6567,294.5786,7.85361,56.60511,56.60511,0.0,115.6567,7.85361,0.85361,68.93009,68.93009,68.93009,0.0,0.0,1.0,6,6,1,0.72376,0.9722,0.0015,0.89856,0.61571,0.05005,0.82,0.7,0.06,0.9,0.56,0.06,4.88098,-30.09376,61.57118,-109.343,-77.96309,113.0087,double_rcm_log_20260616_113317_743.csv,14.856633486852079,Unknown,Task3_Insertion,68.93009,7.8532900965125005,22.032053581816534,22.083894622014547,14.114527987031703,28.203104057205096,56.60989489479725,8.899114524108742e-13,6.934459756870391e-12,4.981095235272949e-11,6.671790715038277e-14,1.9572708146277936e-13
26.3115,ApproachEntry,Double,115.6567,294.5786,7.85361,56.60511,56.60511,0.0,115.6567,7.85361,0.85361,68.93009,68.93009,68.93009,0.0,0.0,1.0,6,6,1,0.72376,0.9722,0.0015,0.89856,0.61571,0.05005,0.82,0.7,0.06,0.9,0.56,0.06,4.88098,-30.09376,61.57118,-109.343,-77.96309,113.0087,double_rcm_log_20260616_113317_743.csv,14.553922282055144,Unknown,Task3_Insertion,68.93009,7.8532900965125005,22.032053581816534,22.083894622014547,14.114527987031703,28.203104057205096,56.60989489479725,0.0,4.4574378528946436e-13,6.873659517601934e-11,1.160311428702309e-14,4.837407763930715e-13
26.37919,ApproachEntry,Double,115.6567,294.5786,7.85361,56.60511,56.60511,0.0,115.6567,7.85361,0.85361,68.93009,68.93009,68.93009,0.0,0.0,1.0,6,6,1,0.72376,0.9722,0.0015,0.89856,0.61571,0.05005,0.82,0.7,0.06,0.9,0.56,0.06,4.88098,-30.09376,61.57118,-109.343,-77.96309,113.0087,double_rcm_log_20260616_113317_743.csv,14.773230905598515,Unknown,Task3_Insertion,68.93009,7.8532900965125005,22.032053581816534,22.083894622014547,14.114527987031703,28.203104057205096,56.60989489479725,8.881784197001252e-13,6.461474842043202e-12,4.849018089198413e-11,2.9007785717557725e-15,3.375813170741724e-13
26.44758,ApproachEntry,Double,115.6567,294.5786,7.85361,56.60511,56.60511,0.0,115.6567,7.85361,0.85361,68.93009,68.93009,68.93009,0.0,0.0,1.0,6,6,1,0.72376,0.9722,0.0015,0.89856,0.61571,0.05005,0.82,0.7,0.06,0.9,0.56,0.06,4.88098,-30.09376,61.57118,-109.343,-77.96309,113.0087,double_rcm_log_20260616_113317_743.csv,14.622020763270063,Unknown,Task3_Insertion,68.93009,7.8532900965125005,22.032053581816534,22.083894622014547,14.114527987031703,28.203104057205096,56.60989489479725,8.881784197001252e-13,6.459722110765964e-12,1.0710644729325665e-10,4.7840865791509556e-14,3.529587630310701e-13
26.51523,ApproachEntry,Double,115.6567,294.5786,7.85361,56.60511,56.60511,0.0,115.6567,7.85361,0.85361,68.93009,68.93009,68.93009,0.0,0.0,1.0,6,6,1,0.72376,0.9722,0.0015,0.89856,0.61571,0.05005,0.82,0.7,0.06,0.9,0.56,0.06,4.88098,-30.09376,61.57118,-109.343,-77.96309,113.0087,double_rcm_log_20260616_113317_743.csv,14.781966001478102,Unknown,Task3_Insertion,68.93009,7.8532900965125005,22.032053581816534,22.083894622014547,14.114527987031703,28.203104057205096,56.60989489479725,0.0,9.146766784383056e-12,4.848859858996167e-11,4.641245714809236e-14,7.210748485046727e-13
26.58504,ApproachEntry,Double,115.6567,294.5786,7.85361,56.60511,56.60511,0.0,115.6567,7.85361,0.85361,68.93009,68.93009,68.93009,0.0,0.0,1.0,6,6,1,0.72376,0.9722,0.0015,0.89856,0.61571,0.05005,0.82,0.7,0.06,0.9,0.56,0.06,4.88098,-30.09376,61.57118,-109.343,-77.96309,113.0087,double_rcm_log_20260616_113317_743.csv,14.324595330181847,Unknown,Task3_Insertion,68.93009,7.8532900965125005,22.032053581816534,22.083894622014547,14.114527987031703,28.203104057205096,56.60989489479725,8.881784197001252e-13,5.693222953219683e-13,1.3201714439023115e-10,5.189070459296527e-14,7.946024865472677e-13
26.65278,ApproachEntry,Double,115.6567,294.5786,7.85361,56.60511,56.60511,0.0,115.6567,7.85361,0.85361,68.93009,68.93009,68.93009,0.0,0.0,1.0,6,6,1,0.72376,0.9722,0.0015,0.89856,0.61571,0.05005,0.82,0.7,0.06,0.9,0.56,0.06,4.88098,-30.09376,61.57118,-109.343,-77.96309,113.0087,double_rcm_log_20260616_113317_743.csv,14.762326542662997,Unknown,Task3_Insertion,68.93009,7.8532900965125005,22.032053581816534,22.083894622014547,14.114527987031703,28.203104057205096,56.60989489479725,5.551115123125783e-14,9.046867853121531e-12,4.5603855430887065e-11,6.961868572213853e-14,8.482272178705132e-13
26.72448,ApproachEntry,Double,115.6567,294.5786,7.85361,56.60511,56.60511,0.0,115.6567,7.85361,0.85361,68.93009,68.93009,68.93009,0.0,0.0,1.0,6,6,1,0.72376,0.9722,0.0015,0.89856,0.61571,0.05005,0.82,0.7,0.06,0.9,0.56,0.06,4.88098,-30.09376,61.57118,-109.343,-77.96309,113.0087,double_rcm_log_20260616_113317_743.csv,13.947001394700164,Unknown,Task3_Insertion,68.93009,7.8532900965125005,22.032053581816534,22.083894622014547,14.114527987031703,28.203104057205096,56.60989489479725,8.899114524108742e-13,7.374486088081831e-12,1.4135156640776772e-10,8.367124703386107e-14,7.21410083369299e-13
26.79263,ApproachEntry,Double,115.6567,294.5786,7.85361,56.60511,56.60511,0.0,115.6567,7.85361,0.85361,68.93009,68.93009,68.93009,0.0,0.0,1.0,6,6,1,0.72376,0.9722,0.0015,0.89856,0.61571,0.05005,0.82,0.7,0.06,0.9,0.56,0.06,4.88098,-30.09376,61.57118,-109.343,-77.96309,113.0087,double_rcm_log_20260616_113317_743.csv,14.673514306676607,Unknown,Task3_Insertion,68.93009,7.8532900965125005,22.032053581816534,22.083894622014547,14.114527987031703,28.203104057205096,56.60989489479725,8.899114524108742e-13,1.3036056189789227e-11,1.1262224820815716e-10,5.3251215954515665e-14,9.036563283148909e-13
26.86055,ApproachEntry,Double,115.6567,294.5786,7.85361,56.60511,56.60511,0.0,115.6567,7.85361,0.85361,68.93009,68.93009,68.93009,0.0,0.0,1.0,6,6,1,0.72376,0.9722,0.0015,0.89856,0.61571,0.05005,0.82,0.7,0.06,0.9,0.56,0.06,4.88098,-30.09376,61.57118,-109.343,-77.96309,113.0087,double_rcm_log_20260616_113317_743.csv,14.723203769139976,Unknown,Task3_Insertion,68.93009,7.8532900965125005,22.032053581816534,22.083894622014547,14.114527987031703,28.203104057205096,56.60989489479725,8.899114524108742e-13,9.091139662487249e-12,1.4421323901401683e-10,5.3251215954515665e-14,7.850246968601248e-13
26.92942,ApproachEntry,Double,115.6567,294.5786,7.85361,56.60511,56.60511,0.0,115.6567,7.85361,0.85361,68.93009,68.93009,68.93009,0.0,0.0,1.0,6,6,1,0.72376,0.9722,0.0015,0.89856,0.61571,0.05005,0.82,0.7,0.06,0.9,0.56,0.06,4.88098,-30.09376,61.57118,-109.343,-77.96309,113.0087,double_rcm_log_20260616_113317_743.csv,14.520110352838591,Unknown,Task3_Insertion,68.93009,7.8532900965125005,22.032053581816534,22.083894622014547,14.114527987031703,28.203104057205096,56.60989489479725,8.899114524108742e-13,6.420359433891714e-12,1.0571462168055263e-10,6.665481691674458e-14,3.754646317010264e-13
26.9974,ApproachEntry,Double,115.6567,294.5786,7.85361,56.60511,56.60511,0.0,115.6567,7.85361,0.85361,68.93009,68.93009,68.93009,0.0,0.0,1.0,6,6,1,0.72376,0.9722,0.0015,0.89856,0.61571,0.05005,0.82,0.7,0.06,0.9,0.56,0.06,4.88098,-30.09376,61.57118,-109.343,-77.96309,113.0087,double_rcm_log_20260616_113317_743.csv,14.71020888496647,Unknown,Task3_Insertion,68.93009,7.8532900965125005,22.032053581816534,22.083894622014547,14.114527987031703,28.203104057205096,56.60989489479725,0.0,6.505145878483821e-12,4.7036840485126855e-11,2.9007785717557725e-15,4.927501688703446e-13
27.06481,ApproachEntry,Double,115.6567,294.5786,7.85361,56.60511,56.60511,0.0,115.6567,7.85361,0.85361,68.93009,68.93009,68.93009,0.0,0.0,1.0,6,6,1,0.72376,0.9722,0.0015,0.89856,0.61571,0.05005,0.82,0.7,0.06,0.9,0.56,0.06,4.88098,-30.09376,61.57118,-109.343,-77.96309,113.0087,double_rcm_log_20260616_113317_743.csv,14.83459427384608,Unknown,Task3_Insertion,68.93009,7.8532900965125005,22.032053581816534,22.083894622014547,14.114527987031703,28.203104057205096,56.60989489479725,5.551115123125783e-14,3.48627150226377e-14,1.0641728434859471e-10,6.57011938504117e-14,4.786942479017035e-13
27.1352,ApproachEntry,Double,115.6567,294.5786,7.85361,56.60511,56.60511,0.0,115.6567,7.85361,0.85361,68.93009,68.93009,68.93009,0.0,0.0,1.0,6,6,1,0.72376,0.9722,0.0015,0.89856,0.61571,0.05005,0.82,0.7,0.06,0.9,0.56,0.06,4.88098,-30.09376,61.57118,-109.343,-77.96309,113.0087,double_rcm_log_20260616_113317_743.csv,14.20656343230578,Unknown,Task3_Insertion,68.93009,7.8532900965125005,22.032053581816534,22.083894622014547,14.114527987031703,28.203104057205096,56.60989489479725,0.0,9.45499065749679e-12,4.571505095897582e-11,6.563712636189231e-14,9.186766262585666e-13
27.20295,ApproachEntry,Double,115.6567,294.5786,7.85361,56.60511,56.60511,0.0,115.6567,7.85361,0.85361,68.93009,68.93009,68.93009,0.0,0.0,1.0,6,6,1,0.72376,0.9722,0.0015,0.89856,0.61571,0.05005,0.82,0.7,0.06,0.9,0.56,0.06,4.88098,-30.09376,61.57118,-109.343,-77.96309,113.0087,double_rcm_log_20260616_113317_743.csv,14.760147601475971,Unknown,Task3_Insertion,68.93009,7.8532900965125005,22.032053581816534,22.083894622014547,14.114527987031703,28.203104057205096,56.60989489479725,1.25607396694702e-12,6.547622601999966e-12,1.0978737963714452e-10,1.6776935685126083e-13,6.292969749532718e-13
27.27055,ApproachEntry,Double,115.6567,294.5786,7.85361,56.60511,56.60511,0.0,115.6567,7.85361,0.85361,68.93009,68.93009,68.93009,0.0,0.0,1.0,6,6,1,0.72376,0.9722,0.0015,0.89856,0.61571,0.05005,0.82,0.7,0.06,0.9,0.56,0.06,4.88098,-30.09376,61.57118,-109.343,-77.96309,113.0087,double_rcm_log_20260616_113317_743.csv,14.792899408284292,Unknown,Task3_Insertion,68.93009,7.8532900965125005,22.032053581816534,22.083894622014547,14.114527987031703,28.203104057205096,56.60989489479725,8.881784197001252e-13,6.5810079434787925e-12,1.7418730480949346e-10,5.317214951750687e-14,1.299644655825973e-12
27.33839,ApproachEntry,Double,115.6567,294.5786,7.85361,56.60511,56.60511,0.0,115.6567,7.85361,0.85361,68.93009,68.93009,68.93009,0.0,0.0,1.0,6,6,1,0.72376,0.9722,0.0015,0.89856,0.61571,0.05005,0.82,0.7,0.06,0.9,0.56,0.06,4.88098,-30.09376,61.57118,-109.343,-77.96309,113.0087,double_rcm_log_20260616_113317_743.csv,14.740566037735775,Unknown,Task3_Insertion,68.93009,7.8532900965125005,22.032053581816534,22.083894622014547,14.114527987031703,28.203104057205096,56.60989489479725,8.881784197001252e-13,1.8540253030153198e-11,7.249836764916351e-11,2.5945352296482636e-14,5.136774793846067e-13
27.40618,ApproachEntry,Double,115.6567,294.5786,7.85361,56.60511,56.60511,0.0,115.6567,7.85361,0.85361,68.93009,68.93009,68.93009,0.0,0.0,1.0,6,6,1,0.72376,0.9722,0.0015,0.89856,0.61571,0.05005,0.82,0.7,0.06,0.9,0.56,0.06,4.88098,-30.09376,61.57118,-109.343,-77.96309,113.0087,double_rcm_log_20260616_113317_743.csv,14.751438265231146,Unknown,Task3_Insertion,68.93009,7.8532900965125005,22.032053581816534,22.083894622014547,14.114527987031703,28.203104057205096,56.60989489479725,1.9868029630580077e-12,1.1840085278070504e-11,2.2363223802757442e-10,9.354729806494551e-14,7.840345623714032e-13
27.47408,ApproachEntry,Double,115.6567,294.5786,7.85361,56.60511,56.60511,0.0,115.6567,7.85361,0.85361,68.93009,68.93009,68.93009,0.0,0.0,1.0,6,6,1,0.72376,0.9722,0.0015,0.89856,0.61571,0.05005,0.82,0.7,0.06,0.9,0.56,0.06,4.88098,-30.09376,61.57118,-109.343,-77.96309,113.0087,double_rcm_log_20260616_113317_743.csv,14.727540500736024,Unknown,Task3_Insertion,68.93009,7.8532900965125005,22.032053581816534,22.083894622014547,14.114527987031703,28.203104057205096,56.60989489479725,9.930136612989092e-13,1.2809095157521334e-11,1.7003861634334744e-10,1.0697542801225964e-13,6.332441066469969e-13
27.55156,ApproachEntry,Double,115.6567,294.5786,7.85361,56.60511,56.60511,0.0,115.6567,7.85361,0.85361,68.93009,68.93009,68.93009,0.0,0.0,1.0,6,6,1,0.72376,0.9722,0.0015,0.89856,0.61571,0.05005,0.82,0.7,0.06,0.9,0.56,0.06,4.88098,-30.09376,61.57118,-109.343,-77.96309,113.0087,double_rcm_log_20260616_113317_743.csv,12.906556530717976,Unknown,Task3_Insertion,68.93009,7.8532900965125005,22.032053581816534,22.083894622014547,14.114527987031703,28.203104057205096,56.60989489479725,4.4754520913118095e-13,1.104722089853917e-11,1.275671676183369e-10,5.1910970442046026e-14,9.8106794596141e-13
27.64011,ApproachEntry,Double,115.6567,294.5786,7.85361,56.60511,56.60511,0.0,115.6567,7.85361,0.85361,68.93009,68.93009,68.93009,0.0,0.0,1.0,6,6,1,0.72376,0.9722,0.0015,0.89856,0.61571,0.05005,0.82,0.7,0.06,0.9,0.56,0.06,4.88098,-30.09376,61.57118,-109.343,-77.96309,113.0087,double_rcm_log_20260616_113317_743.csv,11.293054771315454,Unknown,Task3_Insertion,68.93009,7.8532900965125005,22.032053581816534,22.083894622014547,14.114527987031703,28.203104057205096,56.60989489479725,8.899114524108742e-13,1.093908686928896e-11,1.3396071369859142e-10,5.691738560499439e-14,6.317053806309379e-13
27.70999,ApproachEntry,Double,115.6567,294.5786,7.85361,56.60511,56.60511,0.0,115.6567,7.85361,0.85361,68.93009,68.93009,68.93009,0.0,0.0,1.0,6,6,1,0.72376,0.9722,0.0015,0.89856,0.61571,0.05005,0.82,0.7,0.06,0.9,0.56,0.06,4.88098,-30.09376,61.57118,-109.343,-77.96309,113.0087,double_rcm_log_20260616_113317_743.csv,14.310246136233282,Unknown,Task3_Insertion,68.93009,7.8532900965125005,22.032053581816534,22.083894622014547,14.114527987031703,28.203104057205096,56.60989489479725,1.25607396694702e-12,1.411955929979756e-11,1.86115692188666e-10,5.19717205745273e-14,5.238490125070932e-13
27.77893,ApproachEntry,Double,115.6567,294.5786,7.85361,56.60511,56.60511,0.0,115.6567,7.85361,0.85361,68.93009,68.93009,68.93009,0.0,0.0,1.0,6,6,1,0.72376,0.9722,0.0015,0.89856,0.61571,0.05005,0.82,0.7,0.06,0.9,0.56,0.06,4.88098,-30.09376,61.57118,-109.343,-77.96309,113.0087,double_rcm_log_20260616_113317_743.csv,14.505366985785207,Unknown,Task3_Insertion,68.93009,7.8532900965125005,22.032053581816534,22.083894622014547,14.114527987031703,28.203104057205096,56.60989489479725,1.25607396694702e-12,1.4469415091684224e-11,9.989268237297918e-11,2.5945352296482636e-14,7.600919238348231e-13
27.84768,ApproachEntry,Double,115.6567,294.5786,7.85361,56.60511,56.60511,0.0,115.6567,7.85361,0.85361,68.93009,68.93009,68.93009,0.0,0.0,1.0,6,6,1,0.72376,0.9722,0.0015,0.89856,0.61571,0.05005,0.82,0.7,0.06,0.9,0.56,0.06,4.88098,-30.09376,61.57118,-109.343,-77.96309,113.0087,double_rcm_log_20260616_113317_743.csv,14.545454545454245,Unknown,Task3_Insertion,68.93009,7.8532900965125005,22.032053581816534,22.083894622014547,14.114527987031703,28.203104057205096,56.60989489479725,8.899114524108742e-13,2.4587637186806846e-13,1.490477497793661e-10,5.3251215954515665e-14,3.483402598855947e-13
27.91585,ApproachEntry,Double,115.6567,294.5786,7.85361,56.60511,56.60511,0.0,115.6567,7.85361,0.85361,68.93009,68.93009,68.93009,0.0,0.0,1.0,6,6,1,0.72376,0.9722,0.0015,0.89856,0.61571,0.05005,0.82,0.7,0.06,0.9,0.56,0.06,4.88098,-30.09376,61.57118,-109.343,-77.96309,113.0087,double_rcm_log_20260616_113317_743.csv,14.669209329617454,Unknown,Task3_Insertion,68.93009,7.8532900965125005,22.032053581816534,22.083894622014547,14.114527987031703,28.203104057205096,56.60989489479725,1.25607396694702e-12,6.498509018272454e-12,4.8333910496045135e-11,5.3251215954515665e-14,3.905983344699094e-13
27.9839,ApproachEntry,Double,115.6567,294.5786,7.85361,56.60511,56.60511,0.0,115.6567,7.85361,0.85361,68.93009,68.93009,68.93009,0.0,0.0,1.0,6,6,1,0.72376,0.9722,0.0015,0.89856,0.61571,0.05005,0.82,0.7,0.06,0.9,0.56,0.06,4.88098,-30.09376,61.57118,-109.343,-77.96309,113.0087,double_rcm_log_20260616_113317_743.csv,14.695077149155141,Unknown,Task3_Insertion,68.93009,7.8532900965125005,22.032053581816534,22.083894622014547,14.114527987031703,28.203104057205096,56.60989489479725,0.0,6.46798657761883e-12,1.51266847974062e-10,2.9007785717557725e-15,3.9938807918682115e-13
28.05065,ApproachEntry,Double,115.6567,294.5786,7.85361,56.60511,56.60511,0.0,115.6567,7.85361,0.85361,68.93009,68.93009,68.93009,0.0,0.0,1.0,6,6,1,0.72376,0.9722,0.0015,0.89856,0.61571,0.05005,0.82,0.7,0.06,0.9,0.56,0.06,4.88098,-30.09376,61.57118,-109.343,-77.96309,113.0087,double_rcm_log_20260616_113317_743.csv,14.981273408239133,Unknown,Task3_Insertion,68.93009,7.8532900965125005,22.032053581816534,22.083894622014547,14.114527987031703,28.203104057205096,56.60989489479725,8.881784197001252e-13,1.430427426202984e-11,4.655997625627659e-11,6.563712636189231e-14,3.787857036985673e-13
28.11855,ApproachEntry,Double,115.6567,294.5786,7.85361,56.60511,56.60511,0.0,115.6567,7.85361,0.85361,68.93009,68.93009,68.93009,0.0,0.0,1.0,6,6,1,0.72376,0.9722,0.0015,0.89856,0.61571,0.05005,0.82,0.7,0.06,0.9,0.56,0.06,4.88098,-30.09376,61.57118,-109.343,-77.96309,113.0087,double_rcm_log_20260616_113317_743.csv,14.727540500736795,Unknown,Task3_Insertion,68.93009,7.8532900965125005,22.032053581816534,22.083894622014547,14.114527987031703,28.203104057205096,56.60989489479725,1.9868029630580077e-12,1.0344615271104133e-12,2.507730562831337e-10,5.317214951750687e-14,3.8963753514553286e-13
28.18807,ApproachEntry,Double,115.6567,294.5786,7.85361,56.60511,56.60511,0.0,115.6567,7.85361,0.85361,68.93009,68.93009,68.93009,0.0,0.0,1.0,6,6,1,0.72376,0.9722,0.0015,0.89856,0.61571,0.05005,0.82,0.7,0.06,0.9,0.56,0.06,4.88098,-30.09376,61.57118,-109.343,-77.96309,113.0087,double_rcm_log_20260616_113317_743.csv,14.384349827387659,Unknown,Task3_Insertion,68.93009,7.8532900965125005,22.032053581816534,22.083894622014547,14.114527987031703,28.203104057205096,56.60989489479725,8.899114524108742e-13,2.0430544793045707e-11,5.0087260358752607e-11,5.3251215954515665e-14,1.0742441005685788e-12
28.25908,ApproachEntry,Double,115.6567,294.5786,7.85361,56.60511,56.60511,0.0,115.6567,7.85361,0.85361,68.93009,68.93009,68.93009,0.0,0.0,1.0,6,6,1,0.72376,0.9722,0.0015,0.89856,0.61571,0.05005,0.82,0.7,0.06,0.9,0.56,0.06,4.88098,-30.09376,61.57118,-109.343,-77.96309,113.0087,double_rcm_log_20260616_113317_743.csv,14.082523588226787,Unknown,Task3_Insertion,68.93009,7.8532900965125005,22.032053581816534,22.083894622014547,14.114527987031703,28.203104057205096,56.60989489479725,8.899114524108742e-13,6.355565501025512e-12,2.464242869858997e-10,1.1832901233595593e-13,3.187046555115788e-13
28.32933,ApproachEntry,Double,115.6567,294.5786,7.85361,56.60511,56.60511,0.0,115.6567,7.85361,0.85361,68.93009,68.93009,68.93009,0.0,0.0,1.0,6,6,1,0.72376,0.9722,0.0015,0.89856,0.61571,0.05005,0.82,0.7,0.06,0.9,0.56,0.06,4.88098,-30.09376,61.57118,-109.343,-77.96309,113.0087,double_rcm_log_20260616_113317_743.csv,14.234875444840277,Unknown,Task3_Insertion,68.93009,7.8532900965125005,22.032053581816534,22.083894622014547,14.114527987031703,28.203104057205096,56.60989489479725,1.2573000033218179e-12,1.4487926918413425e-11,1.2183974051195055e-10,7.057898881987199e-14,1.0831518885589668e-12
28.39873,ApproachEntry,Double,115.6567,294.5786,7.85361,56.60511,56.60511,0.0,115.6567,7.85361,0.85361,68.93009,68.93009,68.93009,0.0,0.0,1.0,6,6,1,0.72376,0.9722,0.0015,0.89856,0.61571,0.05005,0.82,0.7,0.06,0.9,0.56,0.06,4.88098,-30.09376,61.57118,-109.343,-77.96309,113.0087,double_rcm_log_20260616_113317_743.csv,14.409221902016942,Unknown,Task3_Insertion,68.93009,7.8532900965125005,22.032053581816534,22.083894622014547,14.114527987031703,28.203104057205096,56.60989489479725,1.2573000033218179e-12,1.1563835411059061e-11,1.6788979196042405e-10,5.3251215954515665e-14,5.354750336158546e-13
28.46821,ApproachEntry,Double,115.6567,294.5786,7.85361,56.60511,56.60511,0.0,115.6567,7.85361,0.85361,68.93009,68.93009,68.93009,0.0,0.0,1.0,6,6,1,0.72376,0.9722,0.0015,0.89856,0.61571,0.05005,0.82,0.7,0.06,0.9,0.56,0.06,4.88098,-30.09376,61.57118,-109.343,-77.96309,113.0087,double_rcm_log_20260616_113317_743.csv,14.392630972942133,Unknown,Task3_Insertion,68.93009,7.8532900965125005,22.032053581816534,22.083894622014547,14.114527987031703,28.203104057205096,56.60989489479725,4.440892098500626e-13,9.06356081315359e-12,5.2635853726086174e-11,2.3251509063100976e-14,4.375582244958614e-13
28.54259,ApproachEntry,Double,115.6567,294.5786,7.85361,56.60511,56.60511,0.0,115.6567,7.85361,0.85361,68.93009,68.93009,68.93009,0.0,0.0,1.0,6,6,1,0.72376,0.9722,0.0015,0.89856,0.61571,0.05005,0.82,0.7,0.06,0.9,0.56,0.06,4.88098,-30.09376,61.57118,-109.343,-77.96309,113.0087,double_rcm_log_20260616_113317_743.csv,13.444474321053786,Unknown,Task3_Insertion,68.93009,7.8532900965125005,22.032053581816534,22.083894622014547,14.114527987031703,28.203104057205096,56.60989489479725,0.0,7.885339381330239e-12,9.052014139726203e-11,1.160311428702309e-14,3.994821434090498e-13
28.61069,ApproachEntry,Double,115.6567,294.5786,7.85361,56.60511,56.60511,0.0,115.6567,7.85361,0.85361,68.93009,68.93009,68.93009,0.0,0.0,1.0,6,6,1,0.72376,0.9722,0.0015,0.89856,0.61571,0.05005,0.82,0.7,0.06,0.9,0.56,0.06,4.88098,-30.09376,61.57118,-109.343,-77.96309,113.0087,double_rcm_log_20260616_113317_743.csv,14.684287812040866,Unknown,Task3_Insertion,68.93009,7.8532900965125005,22.032053581816534,22.083894622014547,14.114527987031703,28.203104057205096,56.60989489479725,1.2573000033218179e-12,6.503294577845893e-12,1.0426377366019045e-10,4.7840865791509556e-14,3.563435567384702e-13
28.67813,ApproachEntry,Double,115.6567,294.5786,7.85361,56.60511,56.60511,0.0,115.6567,7.85361,0.85361,68.93009,68.93009,68.93009,0.0,0.0,1.0,6,6,1,0.72376,0.9722,0.0015,0.89856,0.61571,0.05005,0.82,0.7,0.06,0.9,0.56,0.06,4.88098,-30.09376,61.57118,-109.343,-77.96309,113.0087,double_rcm_log_20260616_113317_743.csv,14.827995255042019,Unknown,Task3_Insertion,68.93009,7.8532900965125005,22.032053581816534,22.083894622014547,14.114527987031703,28.203104057205096,56.60989489479725,8.899114524108742e-13,6.6717394447156775e-12,1.5464239982334052e-10,4.650301812620195e-14,3.5321091500730145e-13
28.74499,ApproachEntry,Double,115.6567,294.5786,7.85361,56.60511,56.60511,0.0,115.6567,7.85361,0.85361,68.93009,68.93009,68.93009,0.0,0.0,1.0,6,6,1,0.72376,0.9722,0.0015,0.89856,0.61571,0.05005,0.82,0.7,0.06,0.9,0.56,0.06,4.88098,-30.09376,61.57118,-109.343,-77.96309,113.0087,double_rcm_log_20260616_113317_743.csv,14.956625785222425,Unknown,Task3_Insertion,68.93009,7.8532900965125005,22.032053581816534,22.083894622014547,14.114527987031703,28.203104057205096,56.60989489479725,8.899114524108742e-13,1.481898727202961e-11,7.076134292648929e-11,0.0,7.21099381312408e-13
28.81201,ApproachEntry,Double,115.6567,294.5786,7.85361,56.60511,56.60511,0.0,115.6567,7.85361,0.85361,68.93009,68.93009,68.93009,0.0,0.0,1.0,6,6,1,0.72376,0.9722,0.0015,0.89856,0.61571,0.05005,0.82,0.7,0.06,0.9,0.56,0.06,4.88098,-30.09376,61.57118,-109.343,-77.96309,113.0087,double_rcm_log_20260616_113317_743.csv,14.920919128618454,Unknown,Task3_Insertion,68.93009,7.8532900965125005,22.032053581816534,22.083894622014547,14.114527987031703,28.203104057205096,56.60989489479725,1.25607396694702e-12,6.658896804072479e-12,2.2005284954822045e-10,5.3251215954515665e-14,3.569853403344547e-13
28.87911,ApproachEntry,Double,115.6567,294.5786,7.85361,56.60511,56.60511,0.0,115.6567,7.85361,0.85361,68.93009,68.93009,68.93009,0.0,0.0,1.0,6,6,1,0.72376,0.9722,0.0015,0.89856,0.61571,0.05005,0.82,0.7,0.06,0.9,0.56,0.06,4.88098,-30.09376,61.57118,-109.343,-77.96309,113.0087,double_rcm_log_20260616_113317_743.csv,14.903129657228032,Unknown,Task3_Insertion,68.93009,7.8532900965125005,22.032053581816534,22.083894622014547,14.114527987031703,28.203104057205096,56.60989489479725,0.0,1.470489378012011e-11,7.303288368421304e-11,4.792872787800221e-14,6.118462529961411e-13
28.9477,ApproachEntry,Double,115.6567,294.5786,7.85361,56.60511,56.60511,0.0,115.6567,7.85361,0.85361,68.93009,68.93009,68.93009,0.0,0.0,1.0,6,6,1,0.72376,0.9722,0.0015,0.89856,0.61571,0.05005,0.82,0.7,0.06,0.9,0.56,0.06,4.88098,-30.09376,61.57118,-109.343,-77.96309,113.0087,double_rcm_log_20260616_113317_743.csv,14.579384749963472,Unknown,Task3_Insertion,68.93009,7.8532900965125005,22.032053581816534,22.083894622014547,14.114527987031703,28.203104057205096,56.60989489479725,8.881784197001252e-13,6.4622528120375784e-12,1.9527892243470526e-10,6.563712636189231e-14,5.349822103824775e-13
29.01603,ApproachEntry,Double,115.6567,294.5786,7.85361,56.60511,56.60511,0.0,115.6567,7.85361,0.85361,68.93009,68.93009,68.93009,0.0,0.0,1.0,6,6,1,0.72376,0.9722,0.0015,0.89856,0.61571,0.05005,0.82,0.7,0.06,0.9,0.56,0.06,4.88098,-30.09376,61.57118,-109.343,-77.96309,113.0087,double_rcm_log_20260616_113317_743.csv,14.63486023708483,Unknown,Task3_Insertion,68.93009,7.8532900965125005,22.032053581816534,22.083894622014547,14.114527987031703,28.203104057205096,56.60989489479725,8.881784197001252e-13,1.2750985854065758e-11,1.4910633412602255e-10,5.317214951750687e-14,6.098099810003916e-13
29.08524,ApproachEntry,Double,115.6567,294.5786,7.85361,56.60511,56.60511,0.0,115.6567,7.85361,0.85361,68.93009,68.93009,68.93009,0.0,0.0,1.0,6,6,1,0.72376,0.9722,0.0015,0.89856,0.61571,0.05005,0.82,0.7,0.06,0.9,0.56,0.06,4.88098,-30.09376,61.57118,-109.343,-77.96309,113.0087,double_rcm_log_20260616_113317_743.csv,14.448779078168267,Unknown,Task3_Insertion,68.93009,7.8532900965125005,22.032053581816534,22.083894622014547,14.114527987031703,28.203104057205096,56.60989489479725,8.881784197001252e-13,1.4336539973196927e-11,1.9500186422010063e-10,5.317214951750687e-14,6.911579456851258e-13
29.15357,ApproachEntry,Double,115.6567,294.5786,7.85361,56.60511,56.60511,0.0,115.6567,7.85361,0.85361,68.93009,68.93009,68.93009,0.0,0.0,1.0,6,6,1,0.72376,0.9722,0.0015,0.89856,0.61571,0.05005,0.82,0.7,0.06,0.9,0.56,0.06,4.88098,-30.09376,61.57118,-109.343,-77.96309,113.0087,double_rcm_log_20260616_113317_743.csv,14.63486023708483,Unknown,Task3_Insertion,68.93009,7.8532900965125005,22.032053581816534,22.083894622014547,14.114527987031703,28.203104057205096,56.60989489479725,1.2573000033218179e-12,1.4401640431823926e-11,2.0092037090430012e-10,7.057898881987199e-14,8.441135046039217e-13
29.22224,ApproachEntry,Double,115.6567,294.5786,7.85361,56.60511,56.60511,0.0,115.6567,7.85361,0.85361,68.93009,68.93009,68.93009,0.0,0.0,1.0,6,6,1,0.72376,0.9722,0.0015,0.89856,0.61571,0.05005,0.82,0.7,0.06,0.9,0.56,0.06,4.88098,-30.09376,61.57118,-109.343,-77.96309,113.0087,double_rcm_log_20260616_113317_743.csv,14.56239988350061,Unknown,Task3_Insertion,68.93009,7.8532900965125005,22.032053581816534,22.083894622014547,14.114527987031703,28.203104057205096,56.60989489479725,1.2573000033218179e-12,1.4481491992041196e-11,1.6924069940464166e-10,7.057898881987199e-14,6.100188604617231e-13
29.29099,ApproachEntry,Double,115.6567,294.5786,7.85361,56.60511,56.60511,0.0,115.6567,7.85361,0.85361,68.93009,68.93009,68.93009,0.0,0.0,1.0,6,6,1,0.72376,0.9722,0.0015,0.89856,0.61571,0.05005,0.82,0.7,0.06,0.9,0.56,0.06,4.88098,-30.09376,61.57118,-109.343,-77.96309,113.0087,double_rcm_log_20260616_113317_743.csv,14.545454545454245,Unknown,Task3_Insertion,68.93009,7.8532900965125005,22.032053581816534,22.083894622014547,14.114527987031703,28.203104057205096,56.60989489479725,8.881784197001252e-13,9.193655826996545e-12,1.0772615048926552e-10,2.5945352296482636e-14,6.152454131120577e-13
29.3594,ApproachEntry,Double,115.6567,294.5786,7.85361,56.60511,56.60511,0.0,115.6567,7.85361,0.85361,68.93009,68.93009,68.93009,0.0,0.0,1.0,6,6,1,0.72376,0.9722,0.0015,0.89856,0.61571,0.05005,0.82,0.7,0.06,0.9,0.56,0.06,4.88098,-30.09376,61.57118,-109.343,-77.96309,113.0087,double_rcm_log_20260616_113317_743.csv,14.617745943575484,Unknown,Task3_Insertion,68.93009,7.8532900965125005,22.032053581816534,22.083894622014547,14.114527987031703,28.203104057205096,56.60989489479725,5.551115123125783e-14,6.163177088030122e-13,4.887304896105607e-11,4.641245714809236e-14,4.746793406209424e-13
29.43059,ApproachEntry,Double,115.6567,294.5786,7.85361,56.60511,56.60511,0.0,115.6567,7.85361,0.85361,68.93009,68.93009,68.93009,0.0,0.0,1.0,6,6,1,0.72376,0.9722,0.0015,0.89856,0.61571,0.05005,0.82,0.7,0.06,0.9,0.56,0.06,4.88098,-30.09376,61.57118,-109.343,-77.96309,113.0087,double_rcm_log_20260616_113317_743.csv,14.04691670178438,Unknown,Task3_Insertion,68.93009,7.8532900965125005,22.032053581816534,22.083894622014547,14.114527987031703,28.203104057205096,56.60989489479725,8.899114524108742e-13,6.7092861394217794e-12,5.571337558004178e-12,6.563712636189231e-14,5.036983219038202e-13
29.50031,ApproachEntry,Double,115.6567,294.5786,7.85361,56.60511,56.60511,0.0,115.6567,7.85361,0.85361,68.93009,68.93009,68.93009,0.0,0.0,1.0,6,6,1,0.72376,0.9722,0.0015,0.89856,0.61571,0.05005,0.82,0.7,0.06,0.9,0.56,0.06,4.88098,-30.09376,61.57118,-109.343,-77.96309,113.0087,double_rcm_log_20260616_113317_743.csv,14.343086632243212,Unknown,Task3_Insertion,68.93009,7.8532900965125005,22.032053581816534,22.083894622014547,14.114527987031703,28.203104057205096,56.60989489479725,8.881784197001252e-13,3.985675049888348e-13,9.20971812510996e-11,8.452173896508212e-14,3.82110710391191e-13
29.57001,ApproachEntry,Double,115.6567,294.5786,7.85361,56.60511,56.60511,0.0,115.6567,7.85361,0.85361,68.93009,68.93009,68.93009,0.0,0.0,1.0,6,6,1,0.72376,0.9722,0.0015,0.89856,0.61571,0.05005,0.82,0.7,0.06,0.9,0.56,0.06,4.88098,-30.09376,61.57118,-109.343,-77.96309,113.0087,double_rcm_log_20260616_113317_743.csv,14.347202295552165,Unknown,Task3_Insertion,68.93009,7.8532900965125005,22.032053581816534,22.083894622014547,14.114527987031703,28.203104057205096,56.60989489479725,8.950904182623619e-13,6.135268797963814e-12,4.917660725721077e-11,5.3251215954515665e-14,8.334250005146713e-13
29.63869,ApproachEntry,Double,115.6567,294.5786,7.85361,56.60511,56.60511,0.0,115.6567,7.85361,0.85361,68.93009,68.93009,68.93009,0.0,0.0,1.0,6,6,1,0.72376,0.9722,0.0015,0.89856,0.61571,0.05005,0.82,0.7,0.06,0.9,0.56,0.06,4.88098,-30.09376,61.57118,-109.343,-77.96309,113.0087,double_rcm_log_20260616_113317_743.csv,14.56027955736739,Unknown,Task3_Insertion,68.93009,7.8532900965125005,22.032053581816534,22.083894622014547,14.114527987031703,28.203104057205096,56.60989489479725,0.0,6.485857013623482e-12,6.395231082180067e-11,4.641245714809236e-14,3.8752575107264584e-13
29.70752,ApproachEntry,Double,115.6567,294.5786,7.85361,56.60511,56.60511,0.0,115.6567,7.85361,0.85361,68.93009,68.93009,68.93009,0.0,0.0,1.0,6,6,1,0.72376,0.9722,0.0015,0.89856,0.61571,0.05005,0.82,0.7,0.06,0.9,0.56,0.06,4.88098,-30.09376,61.57118,-109.343,-77.96309,113.0087,double_rcm_log_20260616_113317_743.csv,14.5285485979954,Unknown,Task3_Insertion,68.93009,7.8532900965125005,22.032053581816534,22.083894622014547,14.114527987031703,28.203104057205096,56.60989489479725,5.551115123125783e-14,6.273148599627822e-12,6.656200438333192e-11,6.57011938504117e-14,8.032997860821303e-13
29.77765,ApproachEntry,Double,115.6567,294.5786,7.85361,56.60511,56.60511,0.0,115.6567,7.85361,0.85361,68.93009,68.93009,68.93009,0.0,0.0,1.0,6,6,1,0.72376,0.9722,0.0015,0.89856,0.61571,0.05005,0.82,0.7,0.06,0.9,0.56,0.06,4.88098,-30.09376,61.57118,-109.343,-77.96309,113.0087,double_rcm_log_20260616_113317_743.csv,14.259232853271993,Unknown,Task3_Insertion,68.93009,7.8532900965125005,22.032053581816534,22.083894622014547,14.114527987031703,28.203104057205096,56.60989489479725,8.881784197001252e-13,6.4066922413759076e-12,4.4272332580266516e-11,8.044105327438774e-14,5.032963166250238e-13
29.84835,ApproachEntry,Double,115.6567,294.5786,7.85361,56.60511,56.60511,0.0,115.6567,7.85361,0.85361,68.93009,68.93009,68.93009,0.0,0.0,1.0,6,6,1,0.72376,0.9722,0.0015,0.89856,0.61571,0.05005,0.82,0.7,0.06,0.9,0.56,0.06,4.88098,-30.09376,61.57118,-109.343,-77.96309,113.0087,double_rcm_log_20260616_113317_743.csv,14.144271570014414,Unknown,Task3_Insertion,68.93009,7.8532900965125005,22.032053581816534,22.083894622014547,14.114527987031703,28.203104057205096,56.60989489479725,8.899114524108742e-13,3.882596699704256e-13,1.4000920969859737e-10,2.320622857404618e-14,4.649532786498178e-13
29.91751,ApproachEntry,Double,115.6567,294.5786,7.85361,56.60511,56.60511,0.0,115.6567,7.85361,0.85361,68.93009,68.93009,68.93009,0.0,0.0,1.0,6,6,1,0.72376,0.9722,0.0015,0.89856,0.61571,0.05005,0.82,0.7,0.06,0.9,0.56,0.06,4.88098,-30.09376,61.57118,-109.343,-77.96309,113.0087,double_rcm_log_20260616_113317_743.csv,14.459224985540752,Unknown,Task3_Insertion,68.93009,7.8532900965125005,22.032053581816534,22.083894622014547,14.114527987031703,28.203104057205096,56.60989489479725,8.899114524108742e-13,1.3030894138727118e-11,9.346104034624958e-11,4.641245714809236e-14,5.195713106062349e-13
29.98609,ApproachEntry,Double,115.6567,294.5786,7.85361,56.60511,56.60511,0.0,115.6567,7.85361,0.85361,68.93009,68.93009,68.93009,0.0,0.0,1.0,6,6,1,0.72376,0.9722,0.0015,0.89856,0.61571,0.05005,0.82,0.7,0.06,0.9,0.56,0.06,4.88098,-30.09376,61.57118,-109.343,-77.96309,113.0087,double_rcm_log_20260616_113317_743.csv,14.581510644502611,Unknown,Task3_Insertion,68.93009,7.8532900965125005,22.032053581816534,22.083894622014547,14.114527987031703,28.203104057205096,56.60989489479725,8.899114524108742e-13,1.295350791140835e-11,1.441572820441276e-10,6.665481691674458e-14,7.022279887002965e-13
30.05443,ApproachEntry,Double,115.6567,294.5786,7.85361,56.60511,56.60511,0.0,115.6567,7.85361,0.85361,68.93009,68.93009,68.93009,0.0,0.0,1.0,6,6,1,0.72376,0.9722,0.0015,0.89856,0.61571,0.05005,0.82,0.7,0.06,0.9,0.56,0.06,4.88098,-30.09376,61.57118,-109.343,-77.96309,113.0087,double_rcm_log_20260616_113317_743.csv,14.632718759145625,Unknown,Task3_Insertion,68.93009,7.8532900965125005,22.032053581816534,22.083894622014547,14.114527987031703,28.203104057205096,56.60989489479725,8.899114524108742e-13,6.6385871884978996e-12,1.967050782020813e-10,5.3251215954515665e-14,5.120228376950973e-13
30.12189,ApproachEntry,Double,115.6567,294.5786,7.85361,56.60511,56.60511,0.0,115.6567,7.85361,0.85361,68.93009,68.93009,68.93009,0.0,0.0,1.0,6,6,1,0.72376,0.9722,0.0015,0.89856,0.61571,0.05005,0.82,0.7,0.06,0.9,0.56,0.06,4.88098,-30.09376,61.57118,-109.343,-77.96309,113.0087,double_rcm_log_20260616_113317_743.csv,14.823599169878332,Unknown,Task3_Insertion,68.93009,7.8532900965125005,22.032053581816534,22.083894622014547,14.114527987031703,28.203104057205096,56.60989489479725,0.0,1.4618422181549747e-11,6.731259773803054e-11,1.160311428702309e-14,4.94262411398769e-13
30.19018,ApproachEntry,Double,115.6567,294.5786,7.85361,56.60511,56.60511,0.0,115.6567,7.85361,0.85361,68.93009,68.93009,68.93009,0.0,0.0,1.0,6,6,1,0.72376,0.9722,0.0015,0.89856,0.61571,0.05005,0.82,0.7,0.06,0.9,0.56,0.06,4.88098,-30.09376,61.57118,-109.343,-77.96309,113.0087,double_rcm_log_20260616_113317_743.csv,14.643432420559149,Unknown,Task3_Insertion,68.93009,7.8532900965125005,22.032053581816534,22.083894622014547,14.114527987031703,28.203104057205096,56.60989489479725,1.2573000033218179e-12,6.6573512744490715e-12,1.7175570136808995e-10,2.320622857404618e-14,2.35111515327523e-15
30.25805,ApproachEntry,Double,115.6567,294.5786,7.85361,56.60511,56.60511,0.0,115.6567,7.85361,0.85361,68.93009,68.93009,68.93009,0.0,0.0,1.0,6,6,1,0.72376,0.9722,0.0015,0.89856,0.61571,0.05005,0.82,0.7,0.06,0.9,0.56,0.06,4.88098,-30.09376,61.57118,-109.343,-77.96309,113.0087,double_rcm_log_20260616_113317_743.csv,14.734050390452508,Unknown,Task3_Insertion,68.93009,7.8532900965125005,22.032053581816534,22.083894622014547,14.114527987031703,28.203104057205096,56.60989489479725,8.899114524108742e-13,9.128691242398529e-12,1.0990490782262008e-10,1.160311428702309e-14,3.869778884182002e-13
30.32527,ApproachEntry,Double,115.6567,294.5786,7.85361,56.60511,56.60511,0.0,115.6567,7.85361,0.85361,68.93009,68.93009,68.93009,0.0,0.0,1.0,6,6,1,0.72376,0.9722,0.0015,0.89856,0.61571,0.05005,0.82,0.7,0.06,0.9,0.56,0.06,4.88098,-30.09376,61.57118,-109.343,-77.96309,113.0087,double_rcm_log_20260616_113317_743.csv,14.876524843796721,Unknown,Task3_Insertion,68.93009,7.8532900965125005,22.032053581816534,22.083894622014547,14.114527987031703,28.203104057205096,56.60989489479725,0.0,9.294955022692429e-12,5.091758503358473e-13,4.650301812620195e-14,4.838067506392001e-13
30.3932,ApproachEntry,Double,115.6567,294.5786,7.85361,56.60511,56.60511,0.0,115.6567,7.85361,0.85361,68.93009,68.93009,68.93009,0.0,0.0,1.0,6,6,1,0.72376,0.9722,0.0015,0.89856,0.61571,0.05005,0.82,0.7,0.06,0.9,0.56,0.06,4.88098,-30.09376,61.57118,-109.343,-77.96309,113.0087,double_rcm_log_20260616_113317_743.csv,14.721036360959705,Unknown,Task3_Insertion,68.93009,7.8532900965125005,22.032053581816534,22.083894622014547,14.114527987031703,28.203104057205096,56.60989489479725,8.899114524108742e-13,9.280527163588513e-12,1.3694554678626077e-10,6.57011938504117e-14,7.868630124989871e-13
30.46075,ApproachEntry,Double,115.6567,294.5786,7.85361,56.60511,56.60511,0.0,115.6567,7.85361,0.85361,68.93009,68.93009,68.93009,0.0,0.0,1.0,6,6,1,0.72376,0.9722,0.0015,0.89856,0.61571,0.05005,0.82,0.7,0.06,0.9,0.56,0.06,4.88098,-30.09376,61.57118,-109.343,-77.96309,113.0087,double_rcm_log_20260616_113317_743.csv,14.803849000740046,Unknown,Task3_Insertion,68.93009,7.8532900965125005,22.032053581816534,22.083894622014547,14.114527987031703,28.203104057205096,56.60989489479725,1.2573000033218179e-12,9.259616552470585e-12,1.3609995154411468e-10,7.063857430015114e-14,5.103568974414568e-13
30.52886,ApproachEntry,Double,115.6567,294.5786,7.85361,56.60511,56.60511,0.0,115.6567,7.85361,0.85361,68.93009,68.93009,68.93009,0.0,0.0,1.0,6,6,1,0.72376,0.9722,0.0015,0.89856,0.61571,0.05005,0.82,0.7,0.06,0.9,0.56,0.06,4.88098,-30.09376,61.57118,-109.343,-77.96309,113.0087,double_rcm_log_20260616_113317_743.csv,14.682131845543804,Unknown,Task3_Insertion,68.93009,7.8532900965125005,22.032053581816534,22.083894622014547,14.114527987031703,28.203104057205096,56.60989489479725,8.899114524108742e-13,9.18222038667609e-12,1.3447570763308213e-10,2.320622857404618e-14,7.963314205901178e-13
30.59769,ApproachEntry,Double,115.6567,294.5786,7.85361,56.60511,56.60511,0.0,115.6567,7.85361,0.85361,68.93009,68.93009,68.93009,0.0,0.0,1.0,6,6,1,0.72376,0.9722,0.0015,0.89856,0.61571,0.05005,0.82,0.7,0.06,0.9,0.56,0.06,4.88098,-30.09376,61.57118,-109.343,-77.96309,113.0087,double_rcm_log_20260616_113317_743.csv,14.5285485979954,Unknown,Task3_Insertion,68.93009,7.8532900965125005,22.032053581816534,22.083894622014547,14.114527987031703,28.203104057205096,56.60989489479725,0.0,9.158835734550183e-12,1.0556692586290727e-10,4.7840865791509556e-14,5.194272113753934e-13
30.66614,ApproachEntry,Double,115.6567,294.5786,7.85361,56.60511,56.60511,0.0,115.6567,7.85361,0.85361,68.93009,68.93009,68.93009,0.0,0.0,1.0,6,6,1,0.72376,0.9722,0.0015,0.89856,0.61571,0.05005,0.82,0.7,0.06,0.9,0.56,0.06,4.88098,-30.09376,61.57118,-109.343,-77.96309,113.0087,double_rcm_log_20260616_113317_743.csv,14.609203798393294,Unknown,Task3_Insertion,68.93009,7.8532900965125005,22.032053581816534,22.083894622014547,14.114527987031703,28.203104057205096,56.60989489479725,8.881784197001252e-13,6.4873158295327776e-12,1.0635237133463212e-10,6.671790715038277e-14,5.155260009811773e-13
30.73458,ApproachEntry,Double,115.6567,294.5786,7.85361,56.60511,56.60511,0.0,115.6567,7.85361,0.85361,68.93009,68.93009,68.93009,0.0,0.0,1.0,6,6,1,0.72376,0.9722,0.0015,0.89856,0.61571,0.05005,0.82,0.7,0.06,0.9,0.56,0.06,4.88098,-30.09376,61.57118,-109.343,-77.96309,113.0087,double_rcm_log_20260616_113317_743.csv,14.611338398596779,Unknown,Task3_Insertion,68.93009,7.8532900965125005,22.032053581816534,22.083894622014547,14.114527987031703,28.203104057205096,56.60989489479725,8.881784197001252e-13,6.540049137717474e-12,1.5094655653413847e-10,5.189070459296527e-14,1.9040903589615704e-13
30.80275,ApproachEntry,Double,115.6567,294.5786,7.85361,56.60511,56.60511,0.0,115.6567,7.85361,0.85361,68.93009,68.93009,68.93009,0.0,0.0,1.0,6,6,1,0.72376,0.9722,0.0015,0.89856,0.61571,0.05005,0.82,0.7,0.06,0.9,0.56,0.06,4.88098,-30.09376,61.57118,-109.343,-77.96309,113.0087,double_rcm_log_20260616_113317_743.csv,14.669209329617454,Unknown,Task3_Insertion,68.93009,7.8532900965125005,22.032053581816534,22.083894622014547,14.114527987031703,28.203104057205096,56.60989489479725,5.551115123125783e-14,1.4634694966063495e-11,1.0968245422449489e-10,6.961868572213853e-14,6.021088836671252e-13
30.87047,ApproachEntry,Double,115.6567,294.5786,7.85361,56.60511,56.60511,0.0,115.6567,7.85361,0.85361,68.93009,68.93009,68.93009,0.0,0.0,1.0,6,6,1,0.72376,0.9722,0.0015,0.89856,0.61571,0.05005,0.82,0.7,0.06,0.9,0.56,0.06,4.88098,-30.09376,61.57118,-109.343,-77.96309,113.0087,double_rcm_log_20260616_113317_743.csv,14.766686355581516,Unknown,Task3_Insertion,68.93009,7.8532900965125005,22.032053581816534,22.083894622014547,14.114527987031703,28.203104057205096,56.60989489479725,1.25607396694702e-12,9.316624565514299e-12,1.7487289622231107e-10,5.3251215954515665e-14,3.4321550956364924e-13
30.93812,ApproachEntry,Double,115.6567,294.5786,7.85361,56.60511,56.60511,0.0,115.6567,7.85361,0.85361,68.93009,68.93009,68.93009,0.0,0.0,1.0,6,6,1,0.72376,0.9722,0.0015,0.89856,0.61571,0.05005,0.82,0.7,0.06,0.9,0.56,0.06,4.88098,-30.09376,61.57118,-109.343,-77.96309,113.0087,double_rcm_log_20260616_113317_743.csv,14.781966001478102,Unknown,Task3_Insertion,68.93009,7.8532900965125005,22.032053581816534,22.083894622014547,14.114527987031703,28.203104057205096,56.60989489479725,1.25607396694702e-12,9.352054365303918e-12,1.365401640019419e-10,8.367124703386107e-14,3.508830399368712e-13
31.00597,ApproachEntry,Double,115.6567,294.5786,7.85361,56.60511,56.60511,0.0,115.6567,7.85361,0.85361,68.93009,68.93009,68.93009,0.0,0.0,1.0,6,6,1,0.72376,0.9722,0.0015,0.89856,0.61571,0.05005,0.82,0.7,0.06,0.9,0.56,0.06,4.88098,-30.09376,61.57118,-109.343,-77.96309,113.0087,double_rcm_log_20260616_113317_743.csv,14.73839351510686,Unknown,Task3_Insertion,68.93009,7.8532900965125005,22.032053581816534,22.083894622014547,14.114527987031703,28.203104057205096,56.60989489479725,0.0,9.243961885429512e-12,9.600396984748853e-11,6.961868572213853e-14,5.895172196071779e-13
31.07364,ApproachEntry,Double,115.6567,294.5786,7.85361,56.60511,56.60511,0.0,115.6567,7.85361,0.85361,68.93009,68.93009,68.93009,0.0,0.0,1.0,6,6,1,0.72376,0.9722,0.0015,0.89856,0.61571,0.05005,0.82,0.7,0.06,0.9,0.56,0.06,4.88098,-30.09376,61.57118,-109.343,-77.96309,113.0087,double_rcm_log_20260616_113317_743.csv,14.777597162701415,Unknown,Task3_Insertion,68.93009,7.8532900965125005,22.032053581816534,22.083894622014547,14.114527987031703,28.203104057205096,56.60989489479725,0.0,9.096564418792744e-12,6.876205050247856e-11,2.320622857404618e-14,5.26122468335277e-13
31.14222,ApproachEntry,Double,115.6567,294.5786,7.85361,56.60511,56.60511,0.0,115.6567,7.85361,0.85361,68.93009,68.93009,68.93009,0.0,0.0,1.0,6,6,1,0.72376,0.9722,0.0015,0.89856,0.61571,0.05005,0.82,0.7,0.06,0.9,0.56,0.06,4.88098,-30.09376,61.57118,-109.343,-77.96309,113.0087,double_rcm_log_20260616_113317_743.csv,14.581510644503366,Unknown,Task3_Insertion,68.93009,7.8532900965125005,22.032053581816534,22.083894622014547,14.114527987031703,28.203104057205096,56.60989489479725,1.25607396694702e-12,1.4264793000929857e-13,1.3427937178385535e-10,1.160311428702309e-14,7.044836803422549e-13
31.21027,ApproachEntry,Double,115.6567,294.5786,7.85361,56.60511,56.60511,0.0,115.6567,7.85361,0.85361,68.93009,68.93009,68.93009,0.0,0.0,1.0,6,6,1,0.72376,0.9722,0.0015,0.89856,0.61571,0.05005,0.82,0.7,0.06,0.9,0.56,0.06,4.88098,-30.09376,61.57118,-109.343,-77.96309,113.0087,double_rcm_log_20260616_113317_743.csv,14.695077149154374,Unknown,Task3_Insertion,68.93009,7.8532900965125005,22.032053581816534,22.083894622014547,14.114527987031703,28.203104057205096,56.60989489479725,0.0,9.25486706305883e-12,6.890355379819225e-11,8.687819715644795e-14,8.428280386784199e-14
31.27857,ApproachEntry,Double,115.6567,294.5786,7.85361,56.60511,56.60511,0.0,115.6567,7.85361,0.85361,68.93009,68.93009,68.93009,0.0,0.0,1.0,6,6,1,0.72376,0.9722,0.0015,0.89856,0.61571,0.05005,0.82,0.7,0.06,0.9,0.56,0.06,4.88098,-30.09376,61.57118,-109.343,-77.96309,113.0087,double_rcm_log_20260616_113317_743.csv,14.641288433382751,Unknown,Task3_Insertion,68.93009,7.8532900965125005,22.032053581816534,22.083894622014547,14.114527987031703,28.203104057205096,56.60989489479725,5.551115123125783e-14,9.429346777802385e-12,6.721528754967862e-11,0.0,8.389327085271699e-14
31.34578,ApproachEntry,Double,115.6567,294.5786,7.85361,56.60511,56.60511,0.0,115.6567,7.85361,0.85361,68.93009,68.93009,68.93009,0.0,0.0,1.0,6,6,1,0.72376,0.9722,0.0015,0.89856,0.61571,0.05005,0.82,0.7,0.06,0.9,0.56,0.06,4.88098,-30.09376,61.57118,-109.343,-77.96309,113.0087,double_rcm_log_20260616_113317_743.csv,14.878738282992964,Unknown,Task3_Insertion,68.93009,7.8532900965125005,22.032053581816534,22.083894622014547,14.114527987031703,28.203104057205096,56.60989489479725,1.2573000033218179e-12,1.550321360818373e-13,1.1053456400185696e-10,8.452173896508212e-14,5.871549335751405e-13
31.41355,ApproachEntry,Double,115.6567,294.5786,7.85361,56.60511,56.60511,0.0,115.6567,7.85361,0.85361,68.93009,68.93009,68.93009,0.0,0.0,1.0,6,6,1,0.72376,0.9722,0.0015,0.89856,0.61571,0.05005,0.82,0.7,0.06,0.9,0.56,0.06,4.88098,-30.09376,61.57118,-109.343,-77.96309,113.0087,double_rcm_log_20260616_113317_743.csv,14.755791648222049,Unknown,Task3_Insertion,68.93009,7.8532900965125005,22.032053581816534,22.083894622014547,14.114527987031703,28.203104057205096,56.60989489479725,5.551115123125783e-14,6.621739720305561e-12,4.9889416826320966e-11,8.127358311930517e-14,8.658671463731002e-13
31.48168,ApproachEntry,Double,115.6567,294.5786,7.85361,56.60511,56.60511,0.0,115.6567,7.85361,0.85361,68.93009,68.93009,68.93009,0.0,0.0,1.0,6,6,1,0.72376,0.9722,0.0015,0.89856,0.61571,0.05005,0.82,0.7,0.06,0.9,0.56,0.06,4.88098,-30.09376,61.57118,-109.343,-77.96309,113.0087,double_rcm_log_20260616_113317_743.csv,14.677821811243206,Unknown,Task3_Insertion,68.93009,7.8532900965125005,22.032053581816534,22.083894622014547,14.114527987031703,28.203104057205096,56.60989489479725,8.899114524108742e-13,6.6342349172516434e-12,5.038849028818521e-11,4.641245714809236e-14,1.0344345061845932e-12
31.54911,ApproachEntry,Double,115.6567,294.5786,7.85361,56.60511,56.60511,0.0,115.6567,7.85361,0.85361,68.93009,68.93009,68.93009,0.0,0.0,1.0,6,6,1,0.72376,0.9722,0.0015,0.89856,0.61571,0.05005,0.82,0.7,0.06,0.9,0.56,0.06,4.88098,-30.09376,61.57118,-109.343,-77.96309,113.0087,double_rcm_log_20260616_113317_743.csv,14.830194275545427,Unknown,Task3_Insertion,68.93009,7.8532900965125005,22.032053581816534,22.083894622014547,14.114527987031703,28.203104057205096,56.60989489479725,8.881784197001252e-13,8.230712904027627e-13,9.946976761579057e-11,6.563712636189231e-14,5.962673000700383e-13
31.61658,ApproachEntry,Double,115.6567,294.5786,7.85361,56.60511,56.60511,0.0,115.6567,7.85361,0.85361,68.93009,68.93009,68.93009,0.0,0.0,1.0,6,6,1,0.72376,0.9722,0.0015,0.89856,0.61571,0.05005,0.82,0.7,0.06,0.9,0.56,0.06,4.88098,-30.09376,61.57118,-109.343,-77.96309,113.0087,double_rcm_log_20260616_113317_743.csv,14.821402104639068,Unknown,Task3_Insertion,68.93009,7.8532900965125005,22.032053581816534,22.083894622014547,14.114527987031703,28.203104057205096,56.60989489479725,8.899114524108742e-13,6.804545710673551e-12,4.211278299631188e-11,6.563712636189231e-14,5.004365607148265e-13
31.68794,ApproachEntry,Double,115.6567,294.5786,7.85361,56.60511,56.60511,0.0,115.6567,7.85361,0.85361,68.93009,68.93009,68.93009,0.0,0.0,1.0,6,6,1,0.72376,0.9722,0.0015,0.89856,0.61571,0.05005,0.82,0.7,0.06,0.9,0.56,0.06,4.88098,-30.09376,61.57118,-109.343,-77.96309,113.0087,double_rcm_log_20260616_113317_743.csv,14.013452914797796,Unknown,Task3_Insertion,68.93009,7.8532900965125005,22.032053581816534,22.083894622014547,14.114527987031703,28.203104057205096,56.60989489479725,0.0,6.097377997560868e-12,1.0812114462224486e-10,6.57011938504117e-14,8.008134883805449e-13
31.75621,ApproachEntry,Double,115.6567,294.5786,7.85361,56.60511,56.60511,0.0,115.6567,7.85361,0.85361,68.93009,68.93009,68.93009,0.0,0.0,1.0,6,6,1,0.72376,0.9722,0.0015,0.89856,0.61571,0.05005,0.82,0.7,0.06,0.9,0.56,0.06,4.88098,-30.09376,61.57118,-109.343,-77.96309,113.0087,double_rcm_log_20260616_113317_743.csv,14.647722279185956,Unknown,Task3_Insertion,68.93009,7.8532900965125005,22.032053581816534,22.083894622014547,14.114527987031703,28.203104057205096,56.60989489479725,0.0,9.315654033453163e-12,4.4354879317361975e-11,5.317214951750687e-14,7.842818418236643e-13
31.82391,ApproachEntry,Double,115.6567,294.5786,7.85361,56.60511,56.60511,0.0,115.6567,7.85361,0.85361,68.93009,68.93009,68.93009,0.0,0.0,1.0,6,6,1,0.72376,0.9722,0.0015,0.89856,0.61571,0.05005,0.82,0.7,0.06,0.9,0.56,0.06,4.88098,-30.09376,61.57118,-109.343,-77.96309,113.0087,double_rcm_log_20260616_113317_743.csv,14.7710487444604,Unknown,Task3_Insertion,68.93009,7.8532900965125005,22.032053581816534,22.083894622014547,14.114527987031703,28.203104057205096,56.60989489479725,1.25607396694702e-12,4.352646789227806e-13,6.870493811956981e-11,5.3251215954515665e-14,3.96078609485254e-13
31.8922,ApproachEntry,Double,115.6567,294.5786,7.85361,56.60511,56.60511,0.0,115.6567,7.85361,0.85361,68.93009,68.93009,68.93009,0.0,0.0,1.0,6,6,1,0.72376,0.9722,0.0015,0.89856,0.61571,0.05005,0.82,0.7,0.06,0.9,0.56,0.06,4.88098,-30.09376,61.57118,-109.343,-77.96309,113.0087,double_rcm_log_20260616_113317_743.csv,14.643432420559911,Unknown,Task3_Insertion,68.93009,7.8532900965125005,22.032053581816534,22.083894622014547,14.114527987031703,28.203104057205096,56.60989489479725,5.551115123125783e-14,5.13674838447187e-14,4.692979555560075e-11,0.0,3.4190701676875274e-13
31.9603,ApproachEntry,Double,115.6567,294.5786,7.85361,56.60511,56.60511,0.0,115.6567,7.85361,0.85361,68.93009,68.93009,68.93009,0.0,0.0,1.0,6,6,1,0.72376,0.9722,0.0015,0.89856,0.61571,0.05005,0.82,0.7,0.06,0.9,0.56,0.06,4.88098,-30.09376,61.57118,-109.343,-77.96309,113.0087,double_rcm_log_20260616_113317_743.csv,14.684287812040866,Unknown,Task3_Insertion,68.93009,7.8532900965125005,22.032053581816534,22.083894622014547,14.114527987031703,28.203104057205096,56.60989489479725,1.25607396694702e-12,6.479688242286895e-12,7.102956946380661e-11,7.057898881987199e-14,9.030172550586098e-14
32.02749,ApproachEntry,Double,115.6567,294.5786,7.85361,56.60511,56.60511,0.0,115.6567,7.85361,0.85361,68.93009,68.93009,68.93009,0.0,0.0,1.0,6,6,1,0.72376,0.9722,0.0015,0.89856,0.61571,0.05005,0.82,0.7,0.06,0.9,0.56,0.06,4.88098,-30.09376,61.57118,-109.343,-77.96309,113.0087,double_rcm_log_20260616_113317_743.csv,14.883167137966941,Unknown,Task3_Insertion,68.93009,7.8532900965125005,22.032053581816534,22.083894622014547,14.114527987031703,28.203104057205096,56.60989489479725,8.899114524108742e-13,9.313043295596695e-12,1.459195615499987e-10,1.160311428702309e-14,7.947343198501944e-13
32.09518,ApproachEntry,Double,115.6567,294.5786,7.85361,56.60511,56.60511,0.0,115.6567,7.85361,0.85361,68.93009,68.93009,68.93009,0.0,0.0,1.0,6,6,1,0.72376,0.9722,0.0015,0.89856,0.61571,0.05005,0.82,0.7,0.06,0.9,0.56,0.06,4.88098,-30.09376,61.57118,-109.343,-77.96309,113.0087,double_rcm_log_20260616_113317_743.csv,14.773230905599291,Unknown,Task3_Insertion,68.93009,7.8532900965125005,22.032053581816534,22.083894622014547,14.114527987031703,28.203104057205096,56.60989489479725,0.0,1.3164417266149181e-11,6.655231087627684e-11,4.641245714809236e-14,5.951231269207177e-13
32.16269,ApproachEntry,Double,115.6567,294.5786,7.85361,56.60511,56.60511,0.0,115.6567,7.85361,0.85361,68.93009,68.93009,68.93009,0.0,0.0,1.0,6,6,1,0.72376,0.9722,0.0015,0.89856,0.61571,0.05005,0.82,0.7,0.06,0.9,0.56,0.06,4.88098,-30.09376,61.57118,-109.343,-77.96309,113.0087,double_rcm_log_20260616_113317_743.csv,14.812620352540666,Unknown,Task3_Insertion,68.93009,7.8532900965125005,22.032053581816534,22.083894622014547,14.114527987031703,28.203104057205096,56.60989489479725,8.899114524108742e-13,6.556301411366608e-13,1.5016475691356986e-10,8.122180000916163e-14,3.520933674999842e-13
32.23289,ApproachEntry,Double,115.6567,294.5786,7.85361,56.60511,56.60511,0.0,115.6567,7.85361,0.85361,68.93009,68.93009,68.93009,0.0,0.0,1.0,6,6,1,0.72376,0.9722,0.0015,0.89856,0.61571,0.05005,0.82,0.7,0.06,0.9,0.56,0.06,4.88098,-30.09376,61.57118,-109.343,-77.96309,113.0087,double_rcm_log_20260616_113317_743.csv,14.245014245014282,Unknown,Task3_Insertion,68.93009,7.8532900965125005,22.032053581816534,22.083894622014547,14.114527987031703,28.203104057205096,56.60989489479725,5.551115123125783e-14,8.744405464221232e-12,2.5071196641497438e-11,6.57011938504117e-14,6.489879854661829e-13
32.30685,ApproachEntry,Double,115.6567,294.5786,7.85361,56.60511,56.60511,0.0,115.6567,7.85361,0.85361,68.93009,68.93009,68.93009,0.0,0.0,1.0,6,6,1,0.72376,0.9722,0.0015,0.89856,0.61571,0.05005,0.82,0.7,0.06,0.9,0.56,0.06,4.88098,-30.09376,61.57118,-109.343,-77.96309,113.0087,double_rcm_log_20260616_113317_743.csv,13.520822065981688,Unknown,Task3_Insertion,68.93009,7.8532900965125005,22.032053581816534,22.083894622014547,14.114527987031703,28.203104057205096,56.60989489479725,8.881784197001252e-13,2.8608091833754975e-12,9.147875133753017e-11,4.7840865791509556e-14,4.684830193052992e-13
32.37921,ApproachEntry,Double,115.6567,294.5786,7.85361,56.60511,56.60511,0.0,115.6567,7.85361,0.85361,68.93009,68.93009,68.93009,0.0,0.0,1.0,6,6,1,0.72376,0.9722,0.0015,0.89856,0.61571,0.05005,0.82,0.7,0.06,0.9,0.56,0.06,4.88098,-30.09376,61.57118,-109.343,-77.96309,113.0087,double_rcm_log_20260616_113317_743.csv,13.819789939192292,Unknown,Task3_Insertion,68.93009,7.8532900965125005,22.032053581816534,22.083894622014547,14.114527987031703,28.203104057205096,56.60989489479725,4.440892098500626e-13,5.797292132365281e-12,4.4480578951936796e-11,2.320622857404618e-14,4.587260151761091e-13
32.46157,ApproachEntry,Double,115.6567,294.5786,7.85361,56.60511,56.60511,0.0,115.6567,7.85361,0.85361,68.93009,68.93009,68.93009,0.0,0.0,1.0,6,6,1,0.72376,0.9722,0.0015,0.89856,0.61571,0.05005,0.82,0.7,0.06,0.9,0.56,0.06,4.88098,-30.09376,61.57118,-109.343,-77.96309,113.0087,double_rcm_log_20260616_113317_743.csv,12.1418164157356,Unknown,Task3_Insertion,68.93009,7.8532900965125005,22.032053581816534,22.083894622014547,14.114527987031703,28.203104057205096,56.60989489479725,5.551115123125783e-14,2.515393158847425e-12,3.810107785024975e-11,4.7840865791509556e-14,6.346095543894296e-13
32.53004,ApproachEntry,Double,115.6567,294.5786,7.85361,56.60511,56.60511,0.0,115.6567,7.85361,0.85361,68.93009,68.93009,68.93009,0.0,0.0,1.0,6,6,1,0.72376,0.9722,0.0015,0.89856,0.61571,0.05005,0.82,0.7,0.06,0.9,0.56,0.06,4.88098,-30.09376,61.57118,-109.343,-77.96309,113.0087,double_rcm_log_20260616_113317_743.csv,14.604936468526828,Unknown,Task3_Insertion,68.93009,7.8532900965125005,22.032053581816534,22.083894622014547,14.114527987031703,28.203104057205096,56.60989489479725,5.551115123125783e-14,4.0596014540487296e-13,1.9273751921762572e-11,6.665481691674458e-14,7.766300915069507e-13
32.59855,ApproachEntry,Double,115.6567,294.5786,7.85361,56.60511,56.60511,0.0,115.6567,7.85361,0.85361,68.93009,68.93009,68.93009,0.0,0.0,1.0,6,6,1,0.72376,0.9722,0.0015,0.89856,0.61571,0.05005,0.82,0.7,0.06,0.9,0.56,0.06,4.88098,-30.09376,61.57118,-109.343,-77.96309,113.0087,double_rcm_log_20260616_113317_743.csv,14.59640928331558,Unknown,Task3_Insertion,68.93009,7.8532900965125005,22.032053581816534,22.083894622014547,14.114527987031703,28.203104057205096,56.60989489479725,0.0,4.0672211044023446e-13,1.059777115478209e-10,6.665481691674458e-14,7.579401952666793e-13
32.6676,ApproachEntry,Double,115.6567,294.5786,7.85361,56.60511,56.60511,0.0,115.6567,7.85361,0.85361,68.93009,68.93009,68.93009,0.0,0.0,1.0,6,6,1,0.72376,0.9722,0.0015,0.89856,0.61571,0.05005,0.82,0.7,0.06,0.9,0.56,0.06,4.88098,-30.09376,61.57118,-109.343,-77.96309,113.0087,double_rcm_log_20260616_113317_743.csv,14.482259232440855,Unknown,Task3_Insertion,68.93009,7.8532900965125005,22.032053581816534,22.083894622014547,14.114527987031703,28.203104057205096,56.60989489479725,0.0,1.4675533448504396e-11,1.0503589972690232e-10,4.641245714809236e-14,1.3051936635395836e-12
32.73574,ApproachEntry,Double,115.6567,294.5786,7.85361,56.60511,56.60511,0.0,115.6567,7.85361,0.85361,68.93009,68.93009,68.93009,0.0,0.0,1.0,6,6,1,0.72376,0.9722,0.0015,0.89856,0.61571,0.05005,0.82,0.7,0.06,0.9,0.56,0.06,4.88098,-30.09376,61.57118,-109.343,-77.96309,113.0087,double_rcm_log_20260616_113317_743.csv,14.675667742882377,Unknown,Task3_Insertion,68.93009,7.8532900965125005,22.032053581816534,22.083894622014547,14.114527987031703,28.203104057205096,56.60989489479725,1.9868029630580077e-12,1.460978754121237e-11,2.1516601548771587e-10,1.183645625883236e-13,9.175958132700487e-13
32.80417,ApproachEntry,Double,115.6567,294.5786,7.85361,56.60511,56.60511,0.0,115.6567,7.85361,0.85361,68.93009,68.93009,68.93009,0.0,0.0,1.0,6,6,1,0.72376,0.9722,0.0015,0.89856,0.61571,0.05005,0.82,0.7,0.06,0.9,0.56,0.06,4.88098,-30.09376,61.57118,-109.343,-77.96309,113.0087,double_rcm_log_20260616_113317_743.csv,14.613473622680255,Unknown,Task3_Insertion,68.93009,7.8532900965125005,22.032053581816534,22.083894622014547,14.114527987031703,28.203104057205096,56.60989489479725,1.9868029630580077e-12,1.4834190326009984e-11,2.389299456678421e-10,1.4862067603866002e-13,9.095074642030586e-13
32.87162,ApproachEntry,Double,115.6567,294.5786,7.85361,56.60511,56.60511,0.0,115.6567,7.85361,0.85361,68.93009,68.93009,68.93009,0.0,0.0,1.0,6,6,1,0.72376,0.9722,0.0015,0.89856,0.61571,0.05005,0.82,0.7,0.06,0.9,0.56,0.06,4.88098,-30.09376,61.57118,-109.343,-77.96309,113.0087,double_rcm_log_20260616_113317_743.csv,14.825796886582456,Unknown,Task3_Insertion,68.93009,7.8532900965125005,22.032053581816534,22.083894622014547,14.114527987031703,28.203104057205096,56.60989489479725,0.0,1.8640542482324698e-11,1.7738488894057298e-10,1.160311428702309e-14,1.3239706436225169e-12
32.93893,ApproachEntry,Double,115.6567,294.5786,7.85361,56.60511,56.60511,0.0,115.6567,7.85361,0.85361,68.93009,68.93009,68.93009,0.0,0.0,1.0,6,6,1,0.72376,0.9722,0.0015,0.89856,0.61571,0.05005,0.82,0.7,0.06,0.9,0.56,0.06,4.88098,-30.09376,61.57118,-109.343,-77.96309,113.0087,double_rcm_log_20260616_113317_743.csv,14.856633486852079,Unknown,Task3_Insertion,68.93009,7.8532900965125005,22.032053581816534,22.083894622014547,14.114527987031703,28.203104057205096,56.60989489479725,8.899114524108742e-13,9.298059997978292e-12,1.3747542373453264e-10,5.317214951750687e-14,6.428180371269633e-13
33.00636,ApproachEntry,Double,115.6567,294.5786,7.85361,56.60511,56.60511,0.0,115.6567,7.85361,0.85361,68.93009,68.93009,68.93009,0.0,0.0,1.0,6,6,1,0.72376,0.9722,0.0015,0.89856,0.61571,0.05005,0.82,0.7,0.06,0.9,0.56,0.06,4.88098,-30.09376,61.57118,-109.343,-77.96309,113.0087,double_rcm_log_20260616_113317_743.csv,14.830194275544645,Unknown,Task3_Insertion,68.93009,7.8532900965125005,22.032053581816534,22.083894622014547,14.114527987031703,28.203104057205096,56.60989489479725,1.2573000033218179e-12,1.937547173281101e-13,1.3988172121386172e-10,8.452173896508212e-14,4.884506002329916e-13
33.07335,ApproachEntry,Double,115.6567,294.5786,7.85361,56.60511,56.60511,0.0,115.6567,7.85361,0.85361,68.93009,68.93009,68.93009,0.0,0.0,1.0,6,6,1,0.72376,0.9722,0.0015,0.89856,0.61571,0.05005,0.82,0.7,0.06,0.9,0.56,0.06,4.88098,-30.09376,61.57118,-109.343,-77.96309,113.0087,double_rcm_log_20260616_113317_743.csv,14.927601134498355,Unknown,Task3_Insertion,68.93009,7.8532900965125005,22.032053581816534,22.083894622014547,14.114527987031703,28.203104057205096,56.60989489479725,8.899114524108742e-13,9.505735479620173e-12,4.8973747227647987e-11,5.317214951750687e-14,6.128817861984224e-13
33.14092,ApproachEntry,Double,115.6567,294.5786,7.85361,56.60511,56.60511,0.0,115.6567,7.85361,0.85361,68.93009,68.93009,68.93009,0.0,0.0,1.0,6,6,1,0.72376,0.9722,0.0015,0.89856,0.61571,0.05005,0.82,0.7,0.06,0.9,0.56,0.06,4.88098,-30.09376,61.57118,-109.343,-77.96309,113.0087,double_rcm_log_20260616_113317_743.csv,14.799467219179352,Unknown,Task3_Insertion,68.93009,7.8532900965125005,22.032053581816534,22.083894622014547,14.114527987031703,28.203104057205096,56.60989489479725,0.0,6.588516881048315e-12,7.064664151418646e-11,2.320622857404618e-14,4.2091665240118094e-13
33.20856,ApproachEntry,Double,115.6567,294.5786,7.85361,56.60511,56.60511,0.0,115.6567,7.85361,0.85361,68.93009,68.93009,68.93009,0.0,0.0,1.0,6,6,1,0.72376,0.9722,0.0015,0.89856,0.61571,0.05005,0.82,0.7,0.06,0.9,0.56,0.06,4.88098,-30.09376,61.57118,-109.343,-77.96309,113.0087,double_rcm_log_20260616_113317_743.csv,14.78415138971083,Unknown,Task3_Insertion,68.93009,7.8532900965125005,22.032053581816534,22.083894622014547,14.114527987031703,28.203104057205096,56.60989489479725,0.0,4.075366876196457e-13,6.731460006654696e-11,1.160311428702309e-14,4.894875680020774e-13
33.27651,ApproachEntry,Double,115.6567,294.5786,7.85361,56.60511,56.60511,0.0,115.6567,7.85361,0.85361,68.93009,68.93009,68.93009,0.0,0.0,1.0,6,6,1,0.72376,0.9722,0.0015,0.89856,0.61571,0.05005,0.82,0.7,0.06,0.9,0.56,0.06,4.88098,-30.09376,61.57118,-109.343,-77.96309,113.0087,double_rcm_log_20260616_113317_743.csv,14.7167034584246,Unknown,Task3_Insertion,68.93009,7.8532900965125005,22.032053581816534,22.083894622014547,14.114527987031703,28.203104057205096,56.60989489479725,5.551115123125783e-14,6.3150069835578414e-12,4.6155851532779777e-11,7.057898881987199e-14,8.45368956635057e-13
33.34603,ApproachEntry,Double,115.6567,40.72368,7.85361,56.60511,56.60511,0.0,115.6567,7.85361,0.85361,68.93009,68.93009,68.93009,0.0,0.72938,1.0,6,6,1,0.72376,0.9722,0.0015,0.89856,0.61571,0.05005,0.82,0.7,0.06,0.9,0.56,0.06,4.88098,-30.09376,61.57118,-109.343,-77.96309,113.0087,double_rcm_log_20260616_113317_743.csv,14.384349827388395,Unknown,Task3_Insertion,68.93009,7.8532900965125005,22.032053581816534,22.083894622014547,14.114527987031703,28.203104057205096,56.60989489479725,8.881784197001252e-13,6.476752136208368e-12,6.624704178228223e-11,1.16645929604303e-13,5.106327564014148e-13
33.41492,ApproachEntry,Double,115.6567,40.72368,7.85361,56.60511,56.60511,0.0,115.6567,7.85361,0.85361,68.93009,68.93009,68.93009,0.0,0.72938,1.0,6,6,1,0.72376,0.9722,0.0015,0.89856,0.61571,0.05005,0.82,0.7,0.06,0.9,0.56,0.06,4.88098,-30.09376,61.57118,-109.343,-77.96309,113.0087,double_rcm_log_20260616_113317_743.csv,14.51589490492021,Unknown,Task3_Insertion,68.93009,7.8532900965125005,22.032053581816534,22.083894622014547,14.114527987031703,28.203104057205096,56.60989489479725,8.899114524108742e-13,6.6154196077030995e-12,4.658127026682965e-11,6.563712636189231e-14,8.327361068380501e-13
33.4833,ApproachEntry,Double,115.6567,40.72368,7.85361,56.60511,56.60511,0.0,115.6567,7.85361,0.85361,68.93009,68.93009,68.93009,0.0,0.72938,1.0,6,6,1,0.72376,0.9722,0.0015,0.89856,0.61571,0.05005,0.82,0.7,0.06,0.9,0.56,0.06,4.88098,-30.09376,61.57118,-109.343,-77.96309,113.0087,double_rcm_log_20260616_113317_743.csv,14.624159110851625,Unknown,Task3_Insertion,68.93009,7.8532900965125005,22.032053581816534,22.083894622014547,14.114527987031703,28.203104057205096,56.60989489479725,1.25607396694702e-12,4.100082874057951e-13,1.0659108957228398e-10,2.320622857404618e-14,4.804001085327439e-13
33.55181,ApproachEntry,Double,115.6567,40.72368,7.85361,56.60511,56.60511,0.0,115.6567,7.85361,0.85361,68.93009,68.93009,68.93009,0.0,0.72938,1.0,6,6,1,0.72376,0.9722,0.0015,0.89856,0.61571,0.05005,0.82,0.7,0.06,0.9,0.56,0.06,4.88098,-30.09376,61.57118,-109.343,-77.96309,113.0087,double_rcm_log_20260616_113317_743.csv,14.59640928331558,Unknown,Task3_Insertion,68.93009,7.8532900965125005,22.032053581816534,22.083894622014547,14.114527987031703,28.203104057205096,56.60989489479725,8.881784197001252e-13,1.3001275043662462e-11,1.5129880320684835e-10,0.0,3.9049004887428005e-13
33.61994,ApproachEntry,Double,115.6567,40.72368,7.85361,56.60511,56.60511,0.0,115.6567,7.85361,0.85361,68.93009,68.93009,68.93009,0.0,0.72938,1.0,6,6,1,0.72376,0.9722,0.0015,0.89856,0.61571,0.05005,0.82,0.7,0.06,0.9,0.56,0.06,4.88098,-30.09376,61.57118,-109.343,-77.96309,113.0087,double_rcm_log_20260616_113317_743.csv,14.677821811243971,Unknown,Task3_Insertion,68.93009,7.8532900965125005,22.032053581816534,22.083894622014547,14.114527987031703,28.203104057205096,56.60989489479725,1.25607396694702e-12,2.0648012598779425e-11,1.5268533454401557e-10,4.7840865791509556e-14,9.442183337795777e-13
33.68709,ApproachEntry,Double,115.6567,40.72368,7.85361,56.60511,56.60511,0.0,115.6567,7.85361,0.85361,68.93009,68.93009,68.93009,0.0,0.72938,1.0,6,6,1,0.72376,0.9722,0.0015,0.89856,0.61571,0.05005,0.82,0.7,0.06,0.9,0.56,0.06,4.88098,-30.09376,61.57118,-109.343,-77.96309,113.0087,double_rcm_log_20260616_113317_743.csv,14.89203276247251,Unknown,Task3_Insertion,68.93009,7.8532900965125005,22.032053581816534,22.083894622014547,14.114527987031703,28.203104057205096,56.60989489479725,1.9868029630580077e-12,8.812578290666353e-12,2.819095916581836e-10,1.249693654232726e-13,5.242799849874822e-13
33.75584,ApproachEntry,Double,115.6567,40.72368,7.85361,56.60511,56.60511,0.0,115.6567,7.85361,0.85361,68.93009,68.93009,68.93009,0.0,0.72938,1.0,6,6,1,0.72376,0.9722,0.0015,0.89856,0.61571,0.05005,0.82,0.7,0.06,0.9,0.56,0.06,4.88098,-30.09376,61.57118,-109.343,-77.96309,113.0087,double_rcm_log_20260616_113317_743.csv,14.545454545454245,Unknown,Task3_Insertion,68.93009,7.8532900965125005,22.032053581816534,22.083894622014547,14.114527987031703,28.203104057205096,56.60989489479725,0.0,1.8270912184324567e-11,4.5908427995063066e-11,4.641245714809236e-14,8.397562559815365e-13
33.82388,ApproachEntry,Double,115.6567,40.72368,7.85361,56.60511,56.60511,0.0,115.6567,7.85361,0.85361,68.93009,68.93009,68.93009,0.0,0.72938,1.0,6,6,1,0.72376,0.9722,0.0015,0.89856,0.61571,0.05005,0.82,0.7,0.06,0.9,0.56,0.06,4.88098,-30.09376,61.57118,-109.343,-77.96309,113.0087,double_rcm_log_20260616_113317_743.csv,14.697236919458401,Unknown,Task3_Insertion,68.93009,7.8532900965125005,22.032053581816534,22.083894622014547,14.114527987031703,28.203104057205096,56.60989489479725,8.899114524108742e-13,6.555064432875222e-12,1.6868622668836615e-10,4.650301812620195e-14,7.575202412088841e-13
33.89251,ApproachEntry,Double,115.6567,40.72368,7.85361,56.60511,56.60511,0.0,115.6567,7.85361,0.85361,68.93009,68.93009,68.93009,0.0,0.72938,1.0,6,6,1,0.72376,0.9722,0.0015,0.89856,0.61571,0.05005,0.82,0.7,0.06,0.9,0.56,0.06,4.88098,-30.09376,61.57118,-109.343,-77.96309,113.0087,double_rcm_log_20260616_113317_743.csv,14.570887367040894,Unknown,Task3_Insertion,68.93009,7.8532900965125005,22.032053581816534,22.083894622014547,14.114527987031703,28.203104057205096,56.60989489479725,8.881784197001252e-13,6.1402890810935824e-12,1.6069847670427238e-10,6.665481691674458e-14,3.788303510563258e-13
33.96368,ApproachEntry,Double,115.6567,40.72368,7.85361,56.60511,56.60511,0.0,115.6567,7.85361,0.85361,68.93009,68.93009,68.93009,0.0,0.72938,1.0,6,6,1,0.72376,0.9722,0.0015,0.89856,0.61571,0.05005,0.82,0.7,0.06,0.9,0.56,0.06,4.88098,-30.09376,61.57118,-109.343,-77.96309,113.0087,double_rcm_log_20260616_113317_743.csv,14.050864128144854,Unknown,Task3_Insertion,68.93009,7.8532900965125005,22.032053581816534,22.083894622014547,14.114527987031703,28.203104057205096,56.60989489479725,0.0,1.7339290352944147e-11,185479.2294420076,1.1960216447877389e-14,1.0473730881015657e-12
34.0362,ApproachEntry,Double,115.6567,40.72368,7.85361,56.60511,56.60511,0.0,115.6567,7.85361,0.85361,68.93009,68.93009,68.93009,0.0,0.72938,1.0,6,6,1,0.72376,0.9722,0.0015,0.89856,0.61571,0.05005,0.82,0.7,0.06,0.9,0.56,0.06,4.88098,-30.09376,61.57118,-109.343,-77.96309,113.0087,double_rcm_log_20260616_113317_743.csv,13.78929950358439,Unknown,Task3_Insertion,68.93009,7.8532900965125005,22.032053581816534,22.083894622014547,14.114527987031703,28.203104057205096,56.60989489479725,1.9891280697202824e-12,27157.05409445922,139493.15736780647,9.585745575600442e-14,3807.5660155845226
34.10311,ApproachEntry,Double,115.6567,40.72368,7.85361,56.60511,56.60511,0.0,115.6567,7.85361,0.85361,68.93009,68.93009,68.93009,0.0,0.72938,1.0,6,6,1,0.72376,0.9722,0.0015,0.89856,0.61571,0.05005,0.82,0.7,0.06,0.9,0.56,0.06,4.88098,-30.09376,61.57118,-109.343,-77.96309,113.0087,double_rcm_log_20260616_113317_743.csv,14.945449110745772,Unknown,Task3_Insertion,68.93009,7.8532900965125005,22.032053581816534,22.083894622014547,14.114527987031703,28.203104057205096,56.60989489479725,3493.591475254244,21984.069108970707,479476.4305877584,489.8204395530458,3082.285513459157
34.17367,ApproachEntry,Double,532.5364,434.7594,58.09399,529.4135,529.4135,0.0,532.5364,58.09399,51.09399,0.0,0.0,0.0,0.0,0.72938,1.0,6,6,1,0.9194,0.89559,0.11169,1.27235,0.85378,0.29522,0.82,0.7,0.06,0.9,0.56,0.06,0.0,-18.0,26.0,0.0,-14.0,0.0,double_rcm_log_20260616_113317_743.csv,14.17233560090695,Unknown,Task3_Insertion,0.0,58.094124804461345,136.8838332447037,156.57803130534026,80.170857067262,524.7214764615605,529.4144494628003,2795.4576781393757,41772.44204306544,150774.5390179936,391.93830141760293,5856.722535438813
34.21868,ApproachEntry,Double,532.5364,434.7594,58.09399,529.4135,529.4135,0.0,532.5364,58.09399,51.09399,0.0,0.0,0.0,0.0,0.72938,1.0,6,6,1,0.9194,0.89559,0.11169,1.27235,0.85378,0.29522,0.82,0.7,0.06,0.9,0.56,0.06,0.0,-18.0,26.0,0.0,-14.0,0.0,double_rcm_log_20260616_113317_743.csv,22.21728504776826,Unknown,Task3_Insertion,0.0,58.094124804461345,136.8838332447037,156.57803130534026,80.170857067262,524.7214764615605,529.4144494628003,3.552713678800501e-12,26944.49041206265,585223.469961523,3.2818563180946156e-14,3777.7634364673
34.25317,ApproachEntry,Double,532.5364,434.7594,58.09399,529.4135,529.4135,0.0,532.5364,58.09399,51.09399,0.0,0.0,0.0,0.0,0.72938,1.0,6,6,1,0.9194,0.89559,0.11169,1.27235,0.85378,0.29522,0.82,0.7,0.06,0.9,0.56,0.06,0.0,-18.0,26.0,0.0,-14.0,0.0,double_rcm_log_20260616_113317_743.csv,28.993911278633057,Unknown,Task3_Insertion,0.0,58.094124804461345,136.8838332447037,156.57803130534026,80.170857067262,524.7214764615605,529.4144494628003,1.831026719408895e-12,6.350976997376088e-11,411870.57278893475,2.842170943040401e-14,4.2794018840897567e-13
34.29163,ApproachEntry,Double,532.5364,434.7594,58.09399,529.4135,529.4135,0.0,532.5364,58.09399,51.09399,0.0,0.0,0.0,0.0,0.72938,1.0,6,6,1,0.9194,0.89559,0.11169,1.27235,0.85378,0.29522,0.82,0.7,0.06,0.9,0.56,0.06,0.0,-18.0,26.0,0.0,-14.0,0.0,double_rcm_log_20260616_113317_743.csv,26.001040041601254,Unknown,Task3_Insertion,0.0,58.094124804461345,136.8838332447037,156.57803130534026,80.170857067262,524.7214764615605,529.4144494628003,1.7763568394002505e-12,7.494402173690126e-11,8.88372153718007e-10,2.5945352296482636e-14,4.5175724177880953e-13
34.33017,ApproachEntry,Double,532.5364,434.7594,58.09399,529.4135,529.4135,0.0,532.5364,58.09399,51.09399,0.0,0.0,0.0,0.0,0.72938,1.0,6,6,1,0.9194,0.89559,0.11169,1.27235,0.85378,0.29522,0.82,0.7,0.06,0.9,0.56,0.06,0.0,-18.0,26.0,0.0,-14.0,0.0,double_rcm_log_20260616_113317_743.csv,25.94706798131496,Unknown,Task3_Insertion,0.0,58.094124804461345,136.8838332447037,156.57803130534026,80.170857067262,524.7214764615605,529.4144494628003,4.070144838902081e-12,3.1282688407033124e-11,1.6396261476374986e-09,3.4809342861069267e-14,7.868943195125083e-13
34.36386,ApproachEntry,Double,532.5364,434.7594,58.09399,529.4135,529.4135,0.0,532.5364,58.09399,51.09399,0.0,0.0,0.0,0.0,0.72938,1.0,6,6,1,0.9194,0.89559,0.11169,1.27235,0.85378,0.29522,0.82,0.7,0.06,0.9,0.56,0.06,0.0,-18.0,26.0,0.0,-14.0,0.0,double_rcm_log_20260616_113317_743.csv,29.682398337785695,Unknown,Task3_Insertion,0.0,58.094124804461345,136.8838332447037,156.57803130534026,80.170857067262,524.7214764615605,529.4144494628003,0.0,5.25320202180785e-11,4.5669044968105915e-10,3.4809342861069267e-14,1.029929007858639e-14
34.3973,ApproachEntry,Double,532.5364,434.7594,58.09399,529.4135,529.4135,0.0,532.5364,58.09399,51.09399,0.0,0.0,0.0,0.0,0.72938,1.0,6,6,1,0.9194,0.89559,0.11169,1.27235,0.85378,0.29522,0.82,0.7,0.06,0.9,0.56,0.06,0.0,-18.0,26.0,0.0,-14.0,0.0,double_rcm_log_20260616_113317_743.csv,29.904306220096764,Unknown,Task3_Insertion,0.0,58.094124804461345,136.8838332447037,156.57803130534026,80.170857067262,524.7214764615605,529.4144494628003,1.9860273225978185e-12,1.781490608900776e-11,9.50287439735998e-10,3.4809342861069267e-14,6.179972946092849e-13
34.42813,ApproachEntry,Double,532.5364,434.7594,58.09399,529.4135,529.4135,0.0,532.5364,58.09399,51.09399,0.0,0.0,0.0,0.0,0.72938,1.0,6,6,1,0.9194,0.89559,0.11169,1.27235,0.85378,0.29522,0.82,0.7,0.06,0.9,0.56,0.06,0.0,-18.0,26.0,0.0,-14.0,0.0,double_rcm_log_20260616_113317_743.csv,32.43593902043286,Unknown,Task3_Insertion,0.0,58.094124804461345,136.8838332447037,156.57803130534026,80.170857067262,524.7214764615605,529.4144494628003,8.881784197001252e-13,3.59851805417628e-11,67752.93278738465,1.160311428702309e-14,8.624847028030154e-13
34.45893,ApproachEntry,Double,532.5364,434.7594,58.09399,529.4135,529.4135,0.0,532.5364,58.09399,51.09399,0.0,0.0,0.0,0.0,0.72938,1.0,6,6,1,0.9194,0.89559,0.11169,1.27235,0.85378,0.29522,0.82,0.7,0.06,0.9,0.56,0.06,0.0,-18.0,26.0,0.0,-14.0,0.0,double_rcm_log_20260616_113317_743.csv,32.46753246753323,Unknown,Task3_Insertion,0.0,58.094124804461345,136.8838332447037,156.57803130534026,80.170857067262,524.7214764615605,529.4144494628003,4.440892098500626e-13,4171.550049586006,124991.25208615637,2.320622857404618e-14,194.15343717649006
34.50143,ApproachEntry,Double,532.5364,434.7594,58.09399,529.4135,529.4135,0.0,532.5364,58.09399,51.09399,0.0,0.0,0.0,0.0,0.72938,1.0,6,6,1,0.9194,0.89559,0.11169,1.27235,0.85378,0.29522,0.82,0.7,0.06,0.9,0.56,0.06,0.0,-18.0,26.0,0.0,-14.0,0.0,double_rcm_log_20260616_113317_743.csv,23.529411764707614,Unknown,Task3_Insertion,0.0,58.094124804461345,136.8838332447037,156.57803130534026,80.170857067262,524.7214764615605,529.4144494628003,421.9292627263461,8884.059765573882,53868.92268468705,19.63754854428567,425.7611732085998
34.59824,ApproachEntry,Double,483.1426,171.6029,50.77913,454.7051,454.7051,0.0,483.1426,50.77913,43.77913,0.0,0.0,0.0,0.0,0.0,1.0,6,6,1,0.86719,0.83016,0.16138,1.21635,0.73838,0.33361,0.82,0.7,0.06,0.9,0.56,0.06,-3.3134,-24.72,32.72,-6.43321,-20.72,6.72,double_rcm_log_20260616_113317_743.csv,10.329511414110343,Unknown,Task3_Insertion,0.0,50.78004508884871,124.92054291138575,138.27669225354455,70.24258682355487,454.7030545379631,454.70779518279653,1075.0797822828395,3071.2193092685043,57682.19041074719,52.98984272368466,81.98967195209168
34.66579,ApproachEntry,Double,459.8575,143.5506,46.56597,413.725,413.725,0.0,459.8575,46.56597,39.56597,0.0,0.0,0.0,0.0,0.0,1.0,6,6,1,0.85212,0.7983,0.15956,1.19894,0.67975,0.31974,0.82,0.7,0.06,0.9,0.56,0.06,-3.57553,-28.08,36.07998,-9.79321,-24.08,10.08,double_rcm_log_20260616_113317_743.csv,14.803849000739268,Unknown,Task3_Insertion,0.0,46.56653638048302,117.09191877286455,127.4730913237662,63.44420617865096,411.34376584368147,413.7270280027641,918.8414744699544,2905.6320205614657,19325.938746912645,44.48270481683961,83.52835025123512
34.7363,ApproachEntry,Double,439.7092,116.2386,42.22992,374.0263,374.0263,0.0,439.7092,42.22992,35.22992,0.0,0.0,0.0,0.0,0.0,1.0,6,6,1,0.83743,0.76734,0.15313,1.1793,0.62157,0.30103,0.82,0.7,0.06,0.9,0.56,0.06,-3.59416,-31.44,39.43997,-13.15321,-27.44,13.44,double_rcm_log_20260616_113317_743.csv,14.182385477237524,Unknown,Task3_Insertion,0.0,42.23017268983179,108.37458000115707,116.17469879193908,55.92493461745911,364.21208662620654,374.0251539669491,927.8523951811668,1003.4007705021377,19664.17675194617,44.02738764238738,17.241569714281407
34.80517,ApproachEntry,Double,423.87,91.22974,37.82867,337.434,337.434,0.0,423.87,37.82867,30.82867,0.0,0.0,0.0,0.0,0.0,1.0,6,6,1,0.82262,0.73751,0.14312,1.1568,0.56459,0.27885,0.82,0.7,0.06,0.9,0.56,0.06,-3.41887,-34.79999,42.79995,-16.51321,-30.8,16.8,double_rcm_log_20260616_113317_743.csv,14.520110352839339,Unknown,Task3_Insertion,0.0,37.82941820139325,98.89369709258821,104.5385519612182,47.809767393087604,314.05307449782816,337.4353724789386,955.3562552732986,945.1337841586958,18277.202979776812,44.875818306463316,12.407754229740899
34.87309,ApproachEntry,Double,413.2739,72.07047,33.41547,306.075,306.075,0.0,413.2739,33.41547,26.41547,0.0,0.0,0.0,0.0,0.0,1.0,6,6,1,0.80728,0.70902,0.13036,1.13108,0.5095,0.25425,0.82,0.7,0.06,0.9,0.56,0.06,-3.08941,-38.15998,46.15994,-19.87321,-34.15999,20.16,double_rcm_log_20260616_113317_743.csv,14.723203769139976,Unknown,Task3_Insertion,0.0,33.41587855612901,88.79965514990698,92.71378382646654,39.31479082329165,261.8413840506088,306.07397618876394,957.0673713038761,2214.43731246527,17787.143368425317,45.00925042732252,86.78399572163028
34.94159,ApproachEntry,Double,408.6336,67.88527,29.08459,282.9949,282.9949,0.0,408.6336,29.08458,22.08458,2.56976,2.56976,2.56976,0.0,0.0,1.0,6,6,1,0.78964,0.68206,0.11801,1.10022,0.45693,0.23139,0.82,0.7,0.06,0.9,0.56,0.06,-2.78485,-41.51996,49.51992,-23.23321,-37.51998,23.52,double_rcm_log_20260616_113317_743.csv,14.598540145985353,Unknown,Task3_Insertion,2.56976,29.084921373965017,78.38214240526274,80.97648122477092,31.052991999220023,210.78534229071846,282.99470913782113,903.3153577944734,2531.282659304831,26211.143967602722,39.030553916133215,92.18322039016101
35.01082,ApproachEntry,Double,411.1765,101.474,25.96296,277.1941,277.1941,0.0,411.1765,25.96296,18.96296,0.0,0.0,0.0,0.0,0.0,1.0,6,6,1,0.75775,0.65639,0.12723,1.05563,0.41239,0.23558,0.82,0.7,0.06,0.9,0.56,0.06,-3.98994,-44.87995,52.87991,-23.23321,-40.87996,25.2,double_rcm_log_20260616_113317_743.csv,14.444604940053937,Unknown,Task3_Insertion,0.0,25.96261373653231,70.59064217854875,72.44201339662204,26.921262785110088,186.1683657710035,277.19622183572426,907.47251266286,1869.8732296322314,47671.37432829755,38.96799419158398,91.02873805028202
35.07968,ApproachEntry,Double,417.9554,123.5432,21.96487,275.5233,275.5233,0.0,417.9554,21.96487,14.96487,0.0,0.0,0.0,0.0,0.0,1.0,6,6,1,0.73433,0.63268,0.11823,1.01515,0.3659,0.21804,0.82,0.7,0.06,0.9,0.56,0.06,-3.95531,-48.23993,56.23989,-26.59321,-44.23995,28.56,double_rcm_log_20260616_113317_743.csv,14.522218995062275,Unknown,Task3_Insertion,0.0,21.965690111882466,60.31396137727805,61.439266415855705,22.22426643336392,158.0827838872357,275.5194622889643,931.2091305153685,4361.53774471507,14245.59329775362,44.93542627225403,120.45465567337014
35.14764,ApproachEntry,Double,428.0878,139.672,17.89595,279.0169,279.0169,0.0,428.0878,17.89594,10.89594,0.0,0.0,0.0,0.0,0.0,1.0,6,6,1,0.71822,0.61093,0.09487,0.98175,0.32311,0.18268,0.82,0.7,0.06,0.9,0.56,0.06,-3.02087,-51.59992,59.59988,-29.95321,-47.59993,31.92,double_rcm_log_20260616_113317_743.csv,14.714537963508086,Unknown,Task3_Insertion,0.0,17.89596723437719,49.54896546485843,50.159407780233565,17.84929345307534,131.2151757229324,279.0166966330152,945.8652055617029,2453.811758669414,52377.854840772896,44.60565273066379,44.49381191513804
35.21649,ApproachEntry,Double,440.1549,153.0244,14.23151,286.4997,286.4997,0.0,440.1549,14.23151,7.23151,0.0,0.0,0.0,0.0,0.0,1.0,6,6,1,0.711,0.59265,0.05666,0.96069,0.28877,0.12953,0.82,0.7,0.06,0.9,0.56,0.06,-1.10178,-54.9599,62.95987,-33.31321,-50.11992,35.27999,double_rcm_log_20260616_113317_743.csv,14.524328249818945,Unknown,Task3_Insertion,0.0,14.231081458777615,39.63942024272686,39.94707761029155,14.124862287956017,107.4140920850778,286.5020242511386,776.6905050075912,3973.483477148266,41653.94466613647,43.04900375015366,67.61931878862656
35.28541,ApproachEntry,Double,446.9966,170.6187,11.63064,296.4237,296.4237,0.0,446.9966,11.63064,4.63064,0.0,0.0,0.0,0.0,0.0,1.0,6,6,1,0.69393,0.58656,0.04134,0.92754,0.26881,0.10813,0.82,0.7,0.06,0.9,0.56,0.06,-0.44686,-57.46249,66.31985,-36.67319,-53.47991,38.63998,double_rcm_log_20260616_113317_743.csv,14.509576320371753,Unknown,Task3_Insertion,0.0,11.630117483061268,32.50586329668836,32.673999963098794,16.882396024618924,129.8115449944503,296.42294884168473,514.3286450542469,6648.429277266624,25960.77608364449,41.651617109016485,116.70348063464802
35.3549,ApproachEntry,Double,441.4666,176.1845,10.17154,293.6693,293.6693,0.0,441.4666,10.17154,3.17154,0.0,0.0,0.0,0.0,0.0,1.0,6,6,1,0.68305,0.5943,0.02663,0.90543,0.26792,0.09003,0.82,0.7,0.06,0.9,0.56,0.06,0.37451,-59.0253,69.67984,-40.03318,-56.83989,41.99996,double_rcm_log_20260616_113317_743.csv,14.39055979277556,Unknown,Task3_Insertion,0.0,10.171774040330302,28.475873200571183,28.588427800365928,18.95198895292762,143.37780938700195,293.669903463055,374.4872258263797,6525.328166031421,41162.278711279665,37.43727253533998,123.67716178952877
35.42448,ApproachEntry,Double,395.3968,153.2515,11.63909,245.2836,245.2836,0.0,395.3968,11.63909,4.63909,0.0,0.0,0.0,0.0,0.0,1.0,6,6,1,0.68422,0.6373,0.02656,0.9147,0.31778,0.09572,0.82,0.7,0.06,0.9,0.56,0.06,0.68512,-58.13689,73.03983,-43.39316,-58.51989,45.35995,double_rcm_log_20260616_113317_743.csv,14.371945961482778,Unknown,Task3_Insertion,0.0,11.63945499608351,32.53160153732503,32.7001428088186,16.63567508655499,113.19527418784578,245.280526744379,585.9209653902491,2353.502414391145,55776.623226501615,34.02274244618843,65.39398783613628
35.49241,ApproachEntry,Double,364.3948,154.6447,12.0764,216.3666,216.3666,0.0,364.3948,12.0764,5.0764,4.67952,4.67952,4.67952,0.0,0.0,1.0,6,6,1,0.67194,0.66601,0.03106,0.90365,0.34791,0.10264,0.82,0.7,0.06,0.9,0.56,0.06,0.33202,-58.03291,76.39981,-45.07315,-61.87987,47.87994,double_rcm_log_20260616_113317_743.csv,14.721036360960476,Unknown,Task3_Insertion,4.67952,12.07661656527392,33.73562982719413,33.9238466301106,17.67008929994105,110.60653201604066,216.36464637273815,539.2305985420147,1345.2004816093624,73424.85600093282,35.79980177585128,96.7880763361232
35.55992,ApproachEntry,Double,333.0305,167.1482,13.22105,191.3788,191.3788,0.0,333.0305,13.22103,6.22103,3.2351,3.2351,3.2351,0.0,0.0,1.0,6,6,1,0.65388,0.69541,0.04211,0.88586,0.37948,0.12194,0.82,0.7,0.06,0.9,0.56,0.06,-0.42236,-58.03291,79.7598,-48.43314,-64.39986,51.23992,double_rcm_log_20260616_113317_743.csv,14.812620352540666,Unknown,Task3_Insertion,3.2351,13.22028328359721,36.8760433598187,37.12282081618624,20.97250006636933,119.19706743940424,191.37391044758434,463.11284773365315,7574.428652699319,26252.549361685786,35.54278011816993,262.1747352462355
35.6281,ApproachEntry,Double,302.4587,170.1626,14.01546,154.0953,154.0953,0.0,302.4587,14.01546,7.01546,32.15689,32.15689,32.15689,0.0,0.0,1.0,6,6,1,0.65598,0.71849,0.01864,0.89879,0.41025,0.09632,0.82,0.7,0.06,0.9,0.56,0.06,1.01848,-58.87291,83.11978,-51.79313,-63.55987,54.59991,double_rcm_log_20260616_113317_743.csv,14.66705778820656,Unknown,Task3_Insertion,32.15689,14.015915716144397,39.052192502693636,39.34613902692044,16.05420550277992,83.64430707557968,154.09629781406176,729.7709273605979,4747.368309895649,96366.51385231449,35.97268609649382,186.39970883366905
35.69621,ApproachEntry,Double,319.2913,170.59,11.77244,166.1168,166.1168,0.0,319.2913,11.77244,4.77244,18.29857,18.29857,18.29857,0.0,0.0,1.0,6,6,1,0.67517,0.70985,-0.0296,0.91815,0.39768,0.02968,0.82,0.7,0.06,0.9,0.56,0.06,4.14893,-60.34945,83.55395,-55.15311,-60.76196,57.95989,double_rcm_log_20260616_113317_743.csv,14.682131845544571,Unknown,Task3_Insertion,18.29857,11.771911859484636,32.89661678760351,33.07096748193022,12.943579953300075,71.51964000296607,166.1219651340545,447.2645046661247,5752.282654693854,57336.299048160676,30.263529629688183,131.86391177051013
35.7641,ApproachEntry,Double,309.0671,181.7944,12.61387,157.5146,157.5146,0.0,309.0671,12.61387,5.61387,19.00635,19.00635,19.00635,0.0,0.0,1.0,6,6,1,0.66049,0.71303,-0.02623,0.90729,0.40448,0.03611,0.82,0.7,0.06,0.9,0.56,0.06,3.60258,-62.20057,86.04107,-57.01516,-58.78189,59.63988,double_rcm_log_20260616_113317_743.csv,14.729709824716789,Unknown,Task3_Insertion,19.00635,12.614914836611621,35.215502907657154,35.4299724209559,13.996250537653168,74.75042464505066,157.51300454248218,144.7232207965027,3579.765086094725,39836.16256341472,29.62916250507989,115.20442906590196
35.83228,ApproachEntry,Double,301.2121,184.5207,12.4982,149.8958,149.8958,0.0,301.2121,12.4982,5.4982,21.39454,21.39454,21.39454,0.0,0.0,1.0,6,6,1,0.65795,0.72054,-0.02582,0.90598,0.41249,0.03406,0.82,0.7,0.06,0.9,0.56,0.06,3.47019,-62.67555,86.80791,-60.37515,-55.4219,62.99987,double_rcm_log_20260616_113317_743.csv,14.667057788208087,Unknown,Task3_Insertion,21.39454,12.498613513380732,34.89602963913216,35.10463346927933,13.98122051848191,72.77348908665965,149.89277534290974,96.9324382270715,1175.196682947857,24224.917133240517,35.29013499230226,76.39948611588075
35.90029,ApproachEntry,Double,299.5984,187.6002,11.76318,150.6479,150.6479,0.0,299.5984,11.76318,4.76318,18.44341,18.44341,18.44341,0.0,0.0,1.0,6,6,1,0.65187,0.72258,-0.02011,0.89598,0.41105,0.03783,0.82,0.7,0.06,0.9,0.56,0.06,2.92624,-63.31004,87.23758,-63.73513,-52.06192,66.35986,double_rcm_log_20260616_113317_743.csv,14.703720041170197,Unknown,Task3_Insertion,18.44341,11.763415525189545,32.87320844711302,33.04718256558851,15.587368227540393,80.50314872962817,150.64452130761347,183.6223035552865,842.168938771276,21112.249827256128,35.42352091460029,57.99686242098629
35.96879,ApproachEntry,Double,298.1726,193.215,10.9167,153.1585,153.1585,0.0,298.1726,10.9167,3.9167,12.42364,12.42364,12.42364,0.0,0.0,1.0,6,6,1,0.64373,0.72503,-0.01506,0.88229,0.40899,0.04155,0.82,0.7,0.06,0.9,0.56,0.06,2.33771,-64.1258,88.01015,-67.09512,-48.70193,69.71984,double_rcm_log_20260616_113317_743.csv,14.598540145985353,Unknown,Task3_Insertion,12.42364,10.916007746628257,30.53496000144233,30.67403043899687,18.004755607090672,92.16412806259535,153.16026475558212,204.43225812061502,1775.7777955234842,9157.351379346406,32.5404363430882,74.79854264487697
36.03632,ApproachEntry,Double,275.4912,205.4404,11.7215,132.05,132.05,0.0,275.4912,11.7215,4.7215,20.88102,20.88102,20.88102,0.0,0.0,1.0,6,6,1,0.63485,0.74366,-0.01759,0.87744,0.43119,0.04168,0.82,0.7,0.06,0.9,0.56,0.06,2.15734,-64.81929,90.58576,-69.61511,-46.18194,72.23983,double_rcm_log_20260616_113317_743.csv,14.808233377756942,Unknown,Task3_Insertion,20.88102,11.722062233258624,32.75926524314922,32.93141421491175,18.076745184366704,85.48142772645919,132.0476887340328,262.6544530149518,1094.1298617376162,21134.85876922457,33.658098880796274,62.77508664526478
36.10414,ApproachEntry,Double,265.7875,216.4942,11.31689,128.6194,128.6194,0.0,265.7875,11.31689,4.31689,17.61671,17.61671,17.61671,0.0,0.0,1.0,6,6,1,0.62446,0.75394,-0.01567,0.8621,0.43799,0.04519,0.82,0.7,0.06,0.9,0.56,0.06,1.63936,-65.60197,92.27965,-72.9751,-42.82196,75.59982,double_rcm_log_20260616_113317_743.csv,14.744913005013803,Unknown,Task3_Insertion,17.61671,11.317054988967426,31.642431705466436,31.797373946872202,20.851909848263723,94.6067164716041,128.61643052114306,251.58493688499811,2843.09371342859,11274.69527584004,28.57595823641256,268.1255416836596
36.17179,ApproachEntry,Double,242.9555,223.0655,11.91623,103.8249,103.8249,0.0,242.9555,11.91623,4.91623,31.71013,31.71013,31.71013,0.0,0.0,1.0,6,6,1,0.63086,0.77752,-0.0293,0.87061,0.46375,0.03447,0.82,0.7,0.06,0.9,0.56,0.06,2.63598,-64.53362,93.30111,-75.4954,-41.98196,77.72882,double_rcm_log_20260616_113317_743.csv,14.781966001478102,Unknown,Task3_Insertion,31.71013,11.916340514870384,33.294422619566504,33.47525786810282,18.62453356750116,77.59140430188434,103.82492716106289,377.8538515713997,1608.2229111479521,33340.33619271323,29.752452028110767,332.51893460216525
36.24065,ApproachEntry,Double,237.329,220.9314,10.52587,97.53194,97.53194,0.0,237.329,10.52585,3.52585,30.76108,30.76108,30.76108,0.0,0.0,1.0,6,6,1,0.65206,0.79694,-0.04587,0.88167,0.47519,0.01545,0.82,0.7,0.06,0.9,0.56,0.06,4.50534,-61.17363,91.08516,-78.85538,-45.34195,81.08881,double_rcm_log_20260616_113317_743.csv,14.522218995062275,Unknown,Task3_Insertion,30.76108,10.524443134968662,29.452230297994497,29.57688542315007,17.946344194670175,73.1288288938407,97.5368007472052,237.3065909455567,1957.9997569009574,17843.663084598946,43.02399036195926,157.89281088059602
36.30768,ApproachEntry,Double,232.2888,218.3405,9.12036,93.11724,93.11724,0.0,232.2888,9.12036,2.12036,32.46877,32.46877,32.46877,0.0,0.0,1.0,6,6,1,0.66625,0.81242,-0.04674,0.88439,0.4822,0.01128,0.82,0.7,0.06,0.9,0.56,0.06,5.18772,-57.81364,88.27629,-81.65142,-48.70193,84.44879,double_rcm_log_20260616_113317_743.csv,14.918693122483477,Unknown,Task3_Insertion,32.46877,9.120231307875653,25.558440000720182,25.639603075179387,17.893444739312034,71.36919362345034,93.11364293163491,112.95331182607045,1120.3841508938249,15404.881243300928,43.368166600549166,46.16939284633333
36.37571,ApproachEntry,Double,228.5573,216.3619,7.926,90.4794,90.4794,0.0,228.5573,7.926,0.926,32.8623,32.8623,32.8623,0.0,0.0,1.0,6,6,1,0.68019,0.82622,-0.04646,0.88601,0.48753,0.00766,0.82,0.7,0.06,0.9,0.56,0.06,5.75137,-54.45366,85.05553,-84.55692,-52.06192,87.80878,double_rcm_log_20260616_113317_743.csv,14.699397324709631,Unknown,Task3_Insertion,32.8623,7.926408044419534,22.235878513365492,22.289179901667428,18.12049924944041,71.0863516165646,90.48257622327077,106.8854634752392,339.4681749110818,10687.59185160956,44.48510172570727,27.08381028547801
36.44361,ApproachEntry,Double,222.8111,217.5248,7.4941,86.25179,86.25179,0.0,222.8111,7.4941,0.4941,33.56496,33.56496,33.56496,0.0,0.0,1.0,6,6,1,0.69375,0.84103,-0.04718,0.88735,0.49489,0.00486,0.82,0.7,0.06,0.9,0.56,0.06,6.3432,-51.09367,81.69554,-87.91691,-55.4219,91.16876,double_rcm_log_20260616_113317_743.csv,14.727540500736024,Unknown,Task3_Insertion,33.56496,7.493709035631853,21.029163026232737,21.074208888463858,18.33762896813585,70.10116800299852,86.25400976186562,140.45767069531345,990.1951783744048,5643.564523022624,45.38332866689593,18.41884600505124
36.51122,ApproachEntry,Double,214.3531,222.1287,7.48546,79.99013,79.99013,0.0,214.3531,7.48546,0.48545,34.33641,34.33641,34.33641,0.0,0.0,1.0,6,6,1,0.70594,0.8575,-0.04736,0.88933,0.50551,0.00242,0.82,0.7,0.06,0.9,0.56,0.06,6.81635,-47.73369,78.33556,-91.27689,-58.78189,94.52875,double_rcm_log_20260616_113317_743.csv,14.790711433219512,Unknown,Task3_Insertion,34.33641,7.4853609623203425,21.00586981862761,21.05076541067055,18.514213547488666,68.06656114535136,79.99040817498062,216.9953241119952,1089.063172294028,4336.77440262006,43.99783844607031,27.949810388191878
36.57893,ApproachEntry,Double,197.4444,231.6817,7.40976,65.44346,65.44346,0.0,197.4444,7.40976,0.40976,41.81126,41.81126,41.81126,0.0,0.0,1.0,6,6,1,0.71277,0.87879,-0.04106,0.89133,0.52397,0.00606,0.82,0.7,0.06,0.9,0.56,0.06,6.73561,-44.3737,75.44134,-94.22305,-62.00316,97.88873,double_rcm_log_20260616_113317_743.csv,14.768867227884023,Unknown,Task3_Insertion,41.81126,7.410393966975984,20.796673271381746,20.840234346188993,17.576140275135927,59.62268155144164,65.44351304751298,261.24028287501847,580.4880587592354,5934.772224870453,43.858340996595494,19.073963580192522
36.6469,ApproachEntry,Double,183.4978,241.86,7.62463,55.87706,55.87706,0.0,183.4978,7.62463,0.62463,45.92928,45.92928,45.92928,0.0,0.0,1.0,6,6,1,0.72101,0.8981,-0.03723,0.89378,0.5402,0.00812,0.82,0.7,0.06,0.9,0.56,0.06,6.81046,-41.01372,72.08135,-97.58303,-65.36314,101.2487,double_rcm_log_20260616_113317_743.csv,14.712373105781415,Unknown,Task3_Insertion,45.92928,7.62402684176707,21.39272403202501,21.44015930257298,17.136641670320227,54.06759922683683,55.87721181304594,269.840858755772,1084.8266339015156,6220.64111550592,45.151364680004264,27.74739950974788
36.71481,ApproachEntry,Double,165.6484,253.9797,7.85975,44.0797,44.0797,0.0,165.6484,7.85975,0.85975,55.39679,55.39679,55.39679,0.0,0.0,1.0,6,6,1,0.72592,0.9187,-0.02847,0.8951,0.559,0.0162,0.82,0.7,0.06,0.9,0.56,0.06,6.50838,-37.65373,68.72137,-100.943,-68.72313,104.6087,double_rcm_log_20260616_113317_743.csv,14.725371815638844,Unknown,Task3_Insertion,55.39679,7.859921130119014,22.05053985703414,22.102512223108402,15.424352863210611,44.05686709766752,44.08457780222014,345.78754114899976,1397.7849023687713,11564.422689592466,45.29144596754776,30.9722561821982
36.7827,ApproachEntry,Double,143.5558,268.0987,8.10215,34.43626,34.43626,0.0,143.5558,8.10215,1.10215,72.48029,72.48029,72.48029,0.0,0.0,1.0,6,6,1,0.72649,0.94044,-0.01293,0.89423,0.5802,0.03271,0.82,0.7,0.06,0.9,0.56,0.06,5.72098,-34.29375,65.36138,-104.303,-72.08311,107.9687,double_rcm_log_20260616_113317_743.csv,14.729709824716789,Unknown,Task3_Insertion,72.48029,8.102052331252938,22.725359134229233,22.78227994692672,11.144647000856002,27.746471598274354,34.43946863701588,411.64537807315446,506.4780217268718,28478.716710604513,45.4169754903718,102.33544702306882
36.85067,ApproachEntry,Double,122.272,285.3782,8.20459,45.11699,45.11699,0.0,122.272,8.20459,1.20459,80.35741,80.35741,80.35741,0.0,0.0,1.0,6,6,1,0.72587,0.96321,0.00257,0.89458,0.60364,0.04989,0.82,0.7,0.06,0.9,0.56,0.06,4.88098,-30.93376,62.0014,-107.663,-75.4431,111.3287,double_rcm_log_20260616_113317_743.csv,14.712373105781415,Unknown,Task3_Insertion,80.35741,8.203851831096177,23.00895368961062,23.068045276899717,9.28731050976069,19.732367357680655,45.122478876941045,292.3611983612244,2538.84526325994,13341.595536911067,32.61877835663077,266.1064004332427
36.91891,ApproachEntry,Double,115.6567,294.5786,7.85361,56.60511,56.60511,0.0,115.6567,7.85361,0.85361,68.93009,68.93009,68.93009,0.0,0.0,1.0,6,6,1,0.72376,0.9722,0.0015,0.89856,0.61571,0.05005,0.82,0.7,0.06,0.9,0.56,0.06,4.88098,-30.09376,61.57118,-109.343,-77.96309,113.0087,double_rcm_log_20260616_113317_743.csv,14.654161781946963,Unknown,Task3_Insertion,68.93009,7.8532900965125005,22.032053581816534,22.083894622014547,14.114527987031703,28.203104057205096,56.60989489479725,92.82107815011734,2143.083514194451,15965.230483659996,10.702189592361126,239.19482202269995
36.9867,ApproachEntry,Double,115.6567,294.5786,7.85361,56.60511,56.60511,0.0,115.6567,7.85361,0.85361,68.93009,68.93009,68.93009,0.0,0.0,1.0,6,6,1,0.72376,0.9722,0.0015,0.89856,0.61571,0.05005,0.82,0.7,0.06,0.9,0.56,0.06,4.88098,-30.09376,61.57118,-109.343,-77.96309,113.0087,double_rcm_log_20260616_113317_743.csv,14.751438265230373,Unknown,Task3_Insertion,68.93009,7.8532900965125005,22.032053581816534,22.083894622014547,14.114527987031703,28.203104057205096,56.60989489479725,0.0,684.1168711965452,15808.358254431932,6.563712636189231e-14,78.8780803325439
37.05439,ApproachEntry,Double,115.6567,294.5786,7.85361,56.60511,56.60511,0.0,115.6567,7.85361,0.85361,68.93009,68.93009,68.93009,0.0,0.0,1.0,6,6,1,0.72376,0.9722,0.0015,0.89856,0.61571,0.05005,0.82,0.7,0.06,0.9,0.56,0.06,4.88098,-30.09376,61.57118,-109.343,-77.96309,113.0087,double_rcm_log_20260616_113317_743.csv,14.773230905599291,Unknown,Task3_Insertion,68.93009,7.8532900965125005,22.032053581816534,22.083894622014547,14.114527987031703,28.203104057205096,56.60989489479725,8.881784197001252e-13,6.5586934321336296e-12,5051.81473722765,6.57011938504117e-14,3.9311102239656384e-13
37.12204,ApproachEntry,Double,115.6567,294.5786,7.85361,56.60511,56.60511,0.0,115.6567,7.85361,0.85361,68.93009,68.93009,68.93009,0.0,0.0,1.0,6,6,1,0.72376,0.9722,0.0015,0.89856,0.61571,0.05005,0.82,0.7,0.06,0.9,0.56,0.06,4.88098,-30.09376,61.57118,-109.343,-77.96309,113.0087,double_rcm_log_20260616_113317_743.csv,14.781966001478102,Unknown,Task3_Insertion,68.93009,7.8532900965125005,22.032053581816534,22.083894622014547,14.114527987031703,28.203104057205096,56.60989489479725,8.881784197001252e-13,1.465516860911068e-11,1.5447984656560878e-10,5.317214951750687e-14,7.129746868179767e-13
37.18978,ApproachEntry,Double,115.6567,294.5786,7.85361,56.60511,56.60511,0.0,115.6567,7.85361,0.85361,68.93009,68.93009,68.93009,0.0,0.0,1.0,6,6,1,0.72376,0.9722,0.0015,0.89856,0.61571,0.05005,0.82,0.7,0.06,0.9,0.56,0.06,4.88098,-30.09376,61.57118,-109.343,-77.96309,113.0087,double_rcm_log_20260616_113317_743.csv,14.762326542662997,Unknown,Task3_Insertion,68.93009,7.8532900965125005,22.032053581816534,22.083894622014547,14.114527987031703,28.203104057205096,56.60989489479725,1.2573000033218179e-12,1.481443323023421e-11,1.047330624489929e-10,7.063857430015114e-14,8.413110448788715e-13
37.25897,ApproachEntry,Double,115.6567,294.5786,7.85361,56.60511,56.60511,0.0,115.6567,7.85361,0.85361,68.93009,68.93009,68.93009,0.0,0.0,1.0,6,6,1,0.72376,0.9722,0.0015,0.89856,0.61571,0.05005,0.82,0.7,0.06,0.9,0.56,0.06,4.88098,-30.09376,61.57118,-109.343,-77.96309,113.0087,double_rcm_log_20260616_113317_743.csv,14.452955629426432,Unknown,Task3_Insertion,68.93009,7.8532900965125005,22.032053581816534,22.083894622014547,14.114527987031703,28.203104057205096,56.60989489479725,1.25607396694702e-12,1.548340114088011e-14,2.590635780546872e-10,8.367124703386107e-14,4.79219896462344e-13
37.32685,ApproachEntry,Double,115.6567,294.5786,7.85361,56.60511,56.60511,0.0,115.6567,7.85361,0.85361,68.93009,68.93009,68.93009,0.0,0.0,1.0,6,6,1,0.72376,0.9722,0.0015,0.89856,0.61571,0.05005,0.82,0.7,0.06,0.9,0.56,0.06,4.88098,-30.09376,61.57118,-109.343,-77.96309,113.0087,double_rcm_log_20260616_113317_743.csv,14.731879787860414,Unknown,Task3_Insertion,68.93009,7.8532900965125005,22.032053581816534,22.083894622014547,14.114527987031703,28.203104057205096,56.60989489479725,1.2573000033218179e-12,2.066508941264169e-11,6.953994336689462e-11,7.063857430015114e-14,8.41145793152494e-13
37.39479,ApproachEntry,Double,115.6567,294.5786,7.85361,56.60511,56.60511,0.0,115.6567,7.85361,0.85361,68.93009,68.93009,68.93009,0.0,0.0,1.0,6,6,1,0.72376,0.9722,0.0015,0.89856,0.61571,0.05005,0.82,0.7,0.06,0.9,0.56,0.06,4.88098,-30.09376,61.57118,-109.343,-77.96309,113.0087,double_rcm_log_20260616_113317_743.csv,14.718869590815402,Unknown,Task3_Insertion,68.93009,7.8532900965125005,22.032053581816534,22.083894622014547,14.114527987031703,28.203104057205096,56.60989489479725,1.7772239894833366e-12,9.419078763364613e-12,2.4342531223252056e-10,5.3251215954515665e-14,8.44738110415588e-13
37.46314,ApproachEntry,Double,115.6567,294.5786,7.85361,56.60511,56.60511,0.0,115.6567,7.85361,0.85361,68.93009,68.93009,68.93009,0.0,0.0,1.0,6,6,1,0.72376,0.9722,0.0015,0.89856,0.61571,0.05005,0.82,0.7,0.06,0.9,0.56,0.06,4.88098,-30.09376,61.57118,-109.343,-77.96309,113.0087,double_rcm_log_20260616_113317_743.csv,14.630577907826856,Unknown,Task3_Insertion,68.93009,7.8532900965125005,22.032053581816534,22.083894622014547,14.114527987031703,28.203104057205096,56.60989489479725,5.551115123125783e-14,1.2970521770829105e-11,1.0788048710186288e-10,5.19717205745273e-14,7.882854780110677e-13
37.53117,ApproachEntry,Double,115.6567,294.5786,7.85361,56.60511,56.60511,0.0,115.6567,7.85361,0.85361,68.93009,68.93009,68.93009,0.0,0.0,1.0,6,6,1,0.72376,0.9722,0.0015,0.89856,0.61571,0.05005,0.82,0.7,0.06,0.9,0.56,0.06,4.88098,-30.09376,61.57118,-109.343,-77.96309,113.0087,double_rcm_log_20260616_113317_743.csv,14.699397324709631,Unknown,Task3_Insertion,68.93009,7.8532900965125005,22.032053581816534,22.083894622014547,14.114527987031703,28.203104057205096,56.60989489479725,0.0,6.545755329489154e-12,1.0768108943375299e-10,6.563712636189231e-14,9.0696494833151e-13
37.59943,ApproachEntry,Double,115.6567,294.5786,7.85361,56.60511,56.60511,0.0,115.6567,7.85361,0.85361,68.93009,68.93009,68.93009,0.0,0.0,1.0,6,6,1,0.72376,0.9722,0.0015,0.89856,0.61571,0.05005,0.82,0.7,0.06,0.9,0.56,0.06,4.88098,-30.09376,61.57118,-109.343,-77.96309,113.0087,double_rcm_log_20260616_113317_743.csv,14.64986815118769,Unknown,Task3_Insertion,68.93009,7.8532900965125005,22.032053581816534,22.083894622014547,14.114527987031703,28.203104057205096,56.60989489479725,8.899114524108742e-13,6.614539449947384e-12,4.871073943310028e-11,8.447194706740887e-14,4.892574352131399e-13
37.66695,ApproachEntry,Double,115.6567,294.5786,7.85361,56.60511,56.60511,0.0,115.6567,7.85361,0.85361,68.93009,68.93009,68.93009,0.0,0.0,1.0,6,6,1,0.72376,0.9722,0.0015,0.89856,0.61571,0.05005,0.82,0.7,0.06,0.9,0.56,0.06,4.88098,-30.09376,61.57118,-109.343,-77.96309,113.0087,double_rcm_log_20260616_113317_743.csv,14.810426540283965,Unknown,Task3_Insertion,68.93009,7.8532900965125005,22.032053581816534,22.083894622014547,14.114527987031703,28.203104057205096,56.60989489479725,8.881784197001252e-13,4.2659431937388666e-13,4.9105368507851964e-11,2.9007785717557725e-15,4.95540128112871e-13
37.73487,ApproachEntry,Double,115.6567,294.5786,7.85361,56.60511,56.60511,0.0,115.6567,7.85361,0.85361,68.93009,68.93009,68.93009,0.0,0.0,1.0,6,6,1,0.72376,0.9722,0.0015,0.89856,0.61571,0.05005,0.82,0.7,0.06,0.9,0.56,0.06,4.88098,-30.09376,61.57118,-109.343,-77.96309,113.0087,double_rcm_log_20260616_113317_743.csv,14.723203769139976,Unknown,Task3_Insertion,68.93009,7.8532900965125005,22.032053581816534,22.083894622014547,14.114527987031703,28.203104057205096,56.60989489479725,8.881784197001252e-13,2.723226766359422e-15,9.569750626070149e-11,5.19717205745273e-14,2.135939016216838e-14
37.80278,ApproachEntry,Double,115.6567,294.5786,7.85361,56.60511,56.60511,0.0,115.6567,7.85361,0.85361,68.93009,68.93009,68.93009,0.0,0.0,1.0,6,6,1,0.72376,0.9722,0.0015,0.89856,0.61571,0.05005,0.82,0.7,0.06,0.9,0.56,0.06,4.88098,-30.09376,61.57118,-109.343,-77.96309,113.0087,double_rcm_log_20260616_113317_743.csv,14.725371815638844,Unknown,Task3_Insertion,68.93009,7.8532900965125005,22.032053581816534,22.083894622014547,14.114527987031703,28.203104057205096,56.60989489479725,8.881784197001252e-13,1.3080324398782808e-11,6.777943995795193e-11,0.0,6.887051771026209e-13
37.87074,ApproachEntry,Double,115.6567,294.5786,7.85361,56.60511,56.60511,0.0,115.6567,7.85361,0.85361,68.93009,68.93009,68.93009,0.0,0.0,1.0,6,6,1,0.72376,0.9722,0.0015,0.89856,0.61571,0.05005,0.82,0.7,0.06,0.9,0.56,0.06,4.88098,-30.09376,61.57118,-109.343,-77.96309,113.0087,double_rcm_log_20260616_113317_743.csv,14.714537963508086,Unknown,Task3_Insertion,68.93009,7.8532900965125005,22.032053581816534,22.083894622014547,14.114527987031703,28.203104057205096,56.60989489479725,8.899114524108742e-13,9.202358814733572e-12,1.4521527300226288e-10,7.057898881987199e-14,5.209305799523472e-13
37.93813,ApproachEntry,Double,115.6567,294.5786,7.85361,56.60511,56.60511,0.0,115.6567,7.85361,0.85361,68.93009,68.93009,68.93009,0.0,0.0,1.0,6,6,1,0.72376,0.9722,0.0015,0.89856,0.61571,0.05005,0.82,0.7,0.06,0.9,0.56,0.06,4.88098,-30.09376,61.57118,-109.343,-77.96309,113.0087,double_rcm_log_20260616_113317_743.csv,14.838996883809957,Unknown,Task3_Insertion,68.93009,7.8532900965125005,22.032053581816534,22.083894622014547,14.114527987031703,28.203104057205096,56.60989489479725,8.881784197001252e-13,6.521613456128129e-12,1.0852244604296582e-10,7.057898881987199e-14,7.86405440177087e-13
38.00608,ApproachEntry,Double,115.6567,294.5786,7.85361,56.60511,56.60511,0.0,115.6567,7.85361,0.85361,68.93009,68.93009,68.93009,0.0,0.0,1.0,6,6,1,0.72376,0.9722,0.0015,0.89856,0.61571,0.05005,0.82,0.7,0.06,0.9,0.56,0.06,4.88098,-30.09376,61.57118,-109.343,-77.96309,113.0087,double_rcm_log_20260616_113317_743.csv,14.71670345842614,Unknown,Task3_Insertion,68.93009,7.8532900965125005,22.032053581816534,22.083894622014547,14.114527987031703,28.203104057205096,56.60989489479725,0.0,6.5254145289396035e-12,9.673480540471506e-11,4.641245714809236e-14,7.81602105243484e-13
38.07382,ApproachEntry,Double,115.6567,294.5786,7.85361,56.60511,56.60511,0.0,115.6567,7.85361,0.85361,68.93009,68.93009,68.93009,0.0,0.0,1.0,6,6,1,0.72376,0.9722,0.0015,0.89856,0.61571,0.05005,0.82,0.7,0.06,0.9,0.56,0.06,4.88098,-30.09376,61.57118,-109.343,-77.96309,113.0087,double_rcm_log_20260616_113317_743.csv,14.762326542662997,Unknown,Task3_Insertion,68.93009,7.8532900965125005,22.032053581816534,22.083894622014547,14.114527987031703,28.203104057205096,56.60989489479725,0.0,6.570331778119627e-12,6.888390769569064e-11,4.792872787800221e-14,3.5384319609722673e-13
38.14146,ApproachEntry,Double,115.6567,294.5786,7.85361,56.60511,56.60511,0.0,115.6567,7.85361,0.85361,68.93009,68.93009,68.93009,0.0,0.0,1.0,6,6,1,0.72376,0.9722,0.0015,0.89856,0.61571,0.05005,0.82,0.7,0.06,0.9,0.56,0.06,4.88098,-30.09376,61.57118,-109.343,-77.96309,113.0087,double_rcm_log_20260616_113317_743.csv,14.784151389709278,Unknown,Task3_Insertion,68.93009,7.8532900965125005,22.032053581816534,22.083894622014547,14.114527987031703,28.203104057205096,56.60989489479725,8.881784197001252e-13,6.3150910513457e-12,9.707073196070272e-11,6.665481691674458e-14,7.539398197192004e-13
38.21104,ApproachEntry,Double,115.6567,294.5786,7.85361,56.60511,56.60511,0.0,115.6567,7.85361,0.85361,68.93009,68.93009,68.93009,0.0,0.0,1.0,6,6,1,0.72376,0.9722,0.0015,0.89856,0.61571,0.05005,0.82,0.7,0.06,0.9,0.56,0.06,4.88098,-30.09376,61.57118,-109.343,-77.96309,113.0087,double_rcm_log_20260616_113317_743.csv,14.371945961484245,Unknown,Task3_Insertion,68.93009,7.8532900965125005,22.032053581816534,22.083894622014547,14.114527987031703,28.203104057205096,56.60989489479725,8.899114524108742e-13,7.037407044745607e-12,1.0817263435182475e-10,7.057898881987199e-14,7.401360922321147e-13
38.27956,ApproachEntry,Double,115.6567,294.5786,7.85361,56.60511,56.60511,0.0,115.6567,7.85361,0.85361,68.93009,68.93009,68.93009,0.0,0.0,1.0,6,6,1,0.72376,0.9722,0.0015,0.89856,0.61571,0.05005,0.82,0.7,0.06,0.9,0.56,0.06,4.88098,-30.09376,61.57118,-109.343,-77.96309,113.0087,double_rcm_log_20260616_113317_743.csv,14.594279042615408,Unknown,Task3_Insertion,68.93009,7.8532900965125005,22.032053581816534,22.083894622014547,14.114527987031703,28.203104057205096,56.60989489479725,4.440892098500626e-13,8.5039098670228e-12,1.0270316573224821e-10,4.7840865791509556e-14,5.790125701321241e-13
38.36114,ApproachEntry,Double,115.6567,294.5786,7.85361,56.60511,56.60511,0.0,115.6567,7.85361,0.85361,68.93009,68.93009,68.93009,0.0,0.0,1.0,6,6,1,0.72376,0.9722,0.0015,0.89856,0.61571,0.05005,0.82,0.7,0.06,0.9,0.56,0.06,4.88098,-30.09376,61.57118,-109.343,-77.96309,113.0087,double_rcm_log_20260616_113317_743.csv,12.257906349595125,Unknown,Task3_Insertion,68.93009,7.8532900965125005,22.032053581816534,22.083894622014547,14.114527987031703,28.203104057205096,56.60989489479725,4.440892098500626e-13,8.112410932236029e-12,5.000952350278062e-11,3.4809342861069267e-14,5.929912949006959e-13
38.44673,ApproachEntry,Double,115.6567,294.5786,7.85361,56.60511,56.60511,0.0,115.6567,7.85361,0.85361,68.93009,68.93009,68.93009,0.0,0.0,1.0,6,6,1,0.72376,0.9722,0.0015,0.89856,0.61571,0.05005,0.82,0.7,0.06,0.9,0.56,0.06,4.88098,-30.09376,61.57118,-109.343,-77.96309,113.0087,double_rcm_log_20260616_113317_743.csv,11.683607898118478,Unknown,Task3_Insertion,68.93009,7.8532900965125005,22.032053581816534,22.083894622014547,14.114527987031703,28.203104057205096,56.60989489479725,8.899114524108742e-13,6.7299570480919924e-12,1.1849384409551924e-10,5.317214951750687e-14,3.9177715295106664e-13
38.52202,ApproachEntry,Double,115.6567,294.5786,7.85361,56.60511,56.60511,0.0,115.6567,7.85361,0.85361,68.93009,68.93009,68.93009,0.0,0.0,1.0,6,6,1,0.72376,0.9722,0.0015,0.89856,0.61571,0.05005,0.82,0.7,0.06,0.9,0.56,0.06,4.88098,-30.09376,61.57118,-109.343,-77.96309,113.0087,double_rcm_log_20260616_113317_743.csv,13.281976358082892,Unknown,Task3_Insertion,68.93009,7.8532900965125005,22.032053581816534,22.083894622014547,14.114527987031703,28.203104057205096,56.60989489479725,1.25607396694702e-12,1.0725649989645806e-11,6.158911010853828e-11,7.057898881987199e-14,3.9948558754765793e-13
38.58979,ApproachEntry,Double,115.6567,294.5786,7.85361,56.60511,56.60511,0.0,115.6567,7.85361,0.85361,68.93009,68.93009,68.93009,0.0,0.0,1.0,6,6,1,0.72376,0.9722,0.0015,0.89856,0.61571,0.05005,0.82,0.7,0.06,0.9,0.56,0.06,4.88098,-30.09376,61.57118,-109.343,-77.96309,113.0087,double_rcm_log_20260616_113317_743.csv,14.755791648221274,Unknown,Task3_Insertion,68.93009,7.8532900965125005,22.032053581816534,22.083894622014547,14.114527987031703,28.203104057205096,56.60989489479725,8.881784197001252e-13,6.5428603180800486e-12,1.2239086709992233e-10,1.160311428702309e-14,3.4742397645551513e-13
38.65701,ApproachEntry,Double,115.6567,294.5786,7.85361,56.60511,56.60511,0.0,115.6567,7.85361,0.85361,68.93009,68.93009,68.93009,0.0,0.0,1.0,6,6,1,0.72376,0.9722,0.0015,0.89856,0.61571,0.05005,0.82,0.7,0.06,0.9,0.56,0.06,4.88098,-30.09376,61.57118,-109.343,-77.96309,113.0087,double_rcm_log_20260616_113317_743.csv,14.876524843796721,Unknown,Task3_Insertion,68.93009,7.8532900965125005,22.032053581816534,22.083894622014547,14.114527987031703,28.203104057205096,56.60989489479725,8.899114524108742e-13,6.793773512487397e-12,6.857149559210499e-11,8.452173896508212e-14,3.4741447122892154e-13
38.725,ApproachEntry,Double,115.6567,294.5786,7.85361,56.60511,56.60511,0.0,115.6567,7.85361,0.85361,68.93009,68.93009,68.93009,0.0,0.0,1.0,6,6,1,0.72376,0.9722,0.0015,0.89856,0.61571,0.05005,0.82,0.7,0.06,0.9,0.56,0.06,4.88098,-30.09376,61.57118,-109.343,-77.96309,113.0087,double_rcm_log_20260616_113317_743.csv,14.708045300779144,Unknown,Task3_Insertion,68.93009,7.8532900965125005,22.032053581816534,22.083894622014547,14.114527987031703,28.203104057205096,56.60989489479725,0.0,6.482730330391398e-12,6.7980112370624e-11,4.7840865791509556e-14,1.1097525247331483e-12
38.79172,ApproachEntry,Double,115.6567,294.5786,7.85361,56.60511,56.60511,0.0,115.6567,7.85361,0.85361,68.93009,68.93009,68.93009,0.0,0.0,1.0,6,6,1,0.72376,0.9722,0.0015,0.89856,0.61571,0.05005,0.82,0.7,0.06,0.9,0.56,0.06,4.88098,-30.09376,61.57118,-109.343,-77.96309,113.0087,double_rcm_log_20260616_113317_743.csv,14.988009592326913,Unknown,Task3_Insertion,68.93009,7.8532900965125005,22.032053581816534,22.083894622014547,14.114527987031703,28.203104057205096,56.60989489479725,0.0,6.4059689286852276e-12,4.924771845588906e-11,7.063857430015114e-14,3.8068869044590744e-13
38.86025,ApproachEntry,Double,115.6567,294.5786,7.85361,56.60511,56.60511,0.0,115.6567,7.85361,0.85361,68.93009,68.93009,68.93009,0.0,0.0,1.0,6,6,1,0.72376,0.9722,0.0015,0.89856,0.61571,0.05005,0.82,0.7,0.06,0.9,0.56,0.06,4.88098,-30.09376,61.57118,-109.343,-77.96309,113.0087,double_rcm_log_20260616_113317_743.csv,14.592149423609534,Unknown,Task3_Insertion,68.93009,7.8532900965125005,22.032053581816534,22.083894622014547,14.114527987031703,28.203104057205096,56.60989489479725,8.899114524108742e-13,1.4950350246818984e-13,9.526452694524153e-11,0.0,5.054778822887113e-13
38.928,ApproachEntry,Double,115.6567,294.5786,7.85361,56.60511,56.60511,0.0,115.6567,7.85361,0.85361,68.93009,68.93009,68.93009,0.0,0.0,1.0,6,6,1,0.72376,0.9722,0.0015,0.89856,0.61571,0.05005,0.82,0.7,0.06,0.9,0.56,0.06,4.88098,-30.09376,61.57118,-109.343,-77.96309,113.0087,double_rcm_log_20260616_113317_743.csv,14.760147601476746,Unknown,Task3_Insertion,68.93009,7.8532900965125005,22.032053581816534,22.083894622014547,14.114527987031703,28.203104057205096,56.60989489479725,0.0,6.577291800213173e-12,3.0961601274271524e-12,1.160311428702309e-14,4.827402252604448e-13
38.99595,ApproachEntry,Double,115.6567,294.5786,7.85361,56.60511,56.60511,0.0,115.6567,7.85361,0.85361,68.93009,68.93009,68.93009,0.0,0.0,1.0,6,6,1,0.72376,0.9722,0.0015,0.89856,0.61571,0.05005,0.82,0.7,0.06,0.9,0.56,0.06,4.88098,-30.09376,61.57118,-109.343,-77.96309,113.0087,double_rcm_log_20260616_113317_743.csv,14.7167034584246,Unknown,Task3_Insertion,68.93009,7.8532900965125005,22.032053581816534,22.083894622014547,14.114527987031703,28.203104057205096,56.60989489479725,0.0,4.1338529366577053e-13,1.0850602971630732e-10,6.57011938504117e-14,8.799726599372744e-14
39.06336,ApproachEntry,Double,115.6567,294.5786,7.85361,56.60511,56.60511,0.0,115.6567,7.85361,0.85361,68.93009,68.93009,68.93009,0.0,0.0,1.0,6,6,1,0.72376,0.9722,0.0015,0.89856,0.61571,0.05005,0.82,0.7,0.06,0.9,0.56,0.06,4.88098,-30.09376,61.57118,-109.343,-77.96309,113.0087,double_rcm_log_20260616_113317_743.csv,14.83459427384608,Unknown,Task3_Insertion,68.93009,7.8532900965125005,22.032053581816534,22.083894622014547,14.114527987031703,28.203104057205096,56.60989489479725,5.551115123125783e-14,9.249296902314739e-12,6.036857301098727e-12,2.9007785717557725e-15,4.889977099044656e-13
39.13127,ApproachEntry,Double,115.6567,294.5786,7.85361,56.60511,56.60511,0.0,115.6567,7.85361,0.85361,68.93009,68.93009,68.93009,0.0,0.0,1.0,6,6,1,0.72376,0.9722,0.0015,0.89856,0.61571,0.05005,0.82,0.7,0.06,0.9,0.56,0.06,4.88098,-30.09376,61.57118,-109.343,-77.96309,113.0087,double_rcm_log_20260616_113317_743.csv,14.725371815638844,Unknown,Task3_Insertion,68.93009,7.8532900965125005,22.032053581816534,22.083894622014547,14.114527987031703,28.203104057205096,56.60989489479725,1.2609709600486848e-12,4.5482781668827e-13,1.3898100220740142e-10,9.359226192145436e-14,5.078441861357037e-13
39.1983,ApproachEntry,Double,115.6567,294.5786,7.85361,56.60511,56.60511,0.0,115.6567,7.85361,0.85361,68.93009,68.93009,68.93009,0.0,0.0,1.0,6,6,1,0.72376,0.9722,0.0015,0.89856,0.61571,0.05005,0.82,0.7,0.06,0.9,0.56,0.06,4.88098,-30.09376,61.57118,-109.343,-77.96309,113.0087,double_rcm_log_20260616_113317_743.csv,14.918693122481894,Unknown,Task3_Insertion,68.93009,7.8532900965125005,22.032053581816534,22.083894622014547,14.114527987031703,28.203104057205096,56.60989489479725,0.0,9.505293198887743e-12,4.8896908770109854e-11,6.967909240224255e-14,6.876549820609839e-13
39.26676,ApproachEntry,Double,115.6567,294.5786,7.85361,56.60511,56.60511,0.0,115.6567,7.85361,0.85361,68.93009,68.93009,68.93009,0.0,0.0,1.0,6,6,1,0.72376,0.9722,0.0015,0.89856,0.61571,0.05005,0.82,0.7,0.06,0.9,0.56,0.06,4.88098,-30.09376,61.57118,-109.343,-77.96309,113.0087,double_rcm_log_20260616_113317_743.csv,14.607069821794893,Unknown,Task3_Insertion,68.93009,7.8532900965125005,22.032053581816534,22.083894622014547,14.114527987031703,28.203104057205096,56.60989489479725,0.0,6.6417421706174355e-12,6.16302789224208e-12,0.0,5.04895388433307e-13
39.33415,ApproachEntry,Double,115.6567,294.5786,7.85361,56.60511,56.60511,0.0,115.6567,7.85361,0.85361,68.93009,68.93009,68.93009,0.0,0.0,1.0,6,6,1,0.72376,0.9722,0.0015,0.89856,0.61571,0.05005,0.82,0.7,0.06,0.9,0.56,0.06,4.88098,-30.09376,61.57118,-109.343,-77.96309,113.0087,double_rcm_log_20260616_113317_743.csv,14.838996883809957,Unknown,Task3_Insertion,68.93009,7.8532900965125005,22.032053581816534,22.083894622014547,14.114527987031703,28.203104057205096,56.60989489479725,8.881784197001252e-13,9.320130552862804e-12,9.78231184664266e-11,0.0,3.444338154878532e-13
39.40153,ApproachEntry,Double,115.6567,294.5786,7.85361,56.60511,56.60511,0.0,115.6567,7.85361,0.85361,68.93009,68.93009,68.93009,0.0,0.0,1.0,6,6,1,0.72376,0.9722,0.0015,0.89856,0.61571,0.05005,0.82,0.7,0.06,0.9,0.56,0.06,4.88098,-30.09376,61.57118,-109.343,-77.96309,113.0087,double_rcm_log_20260616_113317_743.csv,14.841199168892848,Unknown,Task3_Insertion,68.93009,7.8532900965125005,22.032053581816534,22.083894622014547,14.114527987031703,28.203104057205096,56.60989489479725,1.25607396694702e-12,6.540127435965733e-12,2.433035792136439e-10,4.641245714809236e-14,3.4242624428827424e-13
39.46926,ApproachEntry,Double,115.6567,294.5786,7.85361,56.60511,56.60511,0.0,115.6567,7.85361,0.85361,68.93009,68.93009,68.93009,0.0,0.0,1.0,6,6,1,0.72376,0.9722,0.0015,0.89856,0.61571,0.05005,0.82,0.7,0.06,0.9,0.56,0.06,4.88098,-30.09376,61.57118,-109.343,-77.96309,113.0087,double_rcm_log_20260616_113317_743.csv,14.764506127270609,Unknown,Task3_Insertion,68.93009,7.8532900965125005,22.032053581816534,22.083894622014547,14.114527987031703,28.203104057205096,56.60989489479725,0.0,2.3721719509980368e-11,7.095626044029604e-11,4.650301812620195e-14,9.251991790544806e-13
39.53673,ApproachEntry,Double,115.6567,294.5786,7.85361,56.60511,56.60511,0.0,115.6567,7.85361,0.85361,68.93009,68.93009,68.93009,0.0,0.0,1.0,6,6,1,0.72376,0.9722,0.0015,0.89856,0.61571,0.05005,0.82,0.7,0.06,0.9,0.56,0.06,4.88098,-30.09376,61.57118,-109.343,-77.96309,113.0087,double_rcm_log_20260616_113317_743.csv,14.821402104639068,Unknown,Task3_Insertion,68.93009,7.8532900965125005,22.032053581816534,22.083894622014547,14.114527987031703,28.203104057205096,56.60989489479725,1.9891280697202824e-12,6.7711950849205124e-12,3.5343028968820036e-10,9.572569286794049e-14,6.061138344775112e-13
39.60385,ApproachEntry,Double,115.6567,294.5786,7.85361,56.60511,56.60511,0.0,115.6567,7.85361,0.85361,68.93009,68.93009,68.93009,0.0,0.0,1.0,6,6,1,0.72376,0.9722,0.0015,0.89856,0.61571,0.05005,0.82,0.7,0.06,0.9,0.56,0.06,4.88098,-30.09376,61.57118,-109.343,-77.96309,113.0087,double_rcm_log_20260616_113317_743.csv,14.89868891537484,Unknown,Task3_Insertion,68.93009,7.8532900965125005,22.032053581816534,22.083894622014547,14.114527987031703,28.203104057205096,56.60989489479725,8.881784197001252e-13,2.391083550662087e-11,9.98038055212328e-11,6.57011938504117e-14,1.7229287330524038e-12
39.67094,ApproachEntry,Double,115.6567,294.5786,7.85361,56.60511,56.60511,0.0,115.6567,7.85361,0.85361,68.93009,68.93009,68.93009,0.0,0.0,1.0,6,6,1,0.72376,0.9722,0.0015,0.89856,0.61571,0.05005,0.82,0.7,0.06,0.9,0.56,0.06,4.88098,-30.09376,61.57118,-109.343,-77.96309,113.0087,double_rcm_log_20260616_113317_743.csv,14.905351021016475,Unknown,Task3_Insertion,68.93009,7.8532900965125005,22.032053581816534,22.083894622014547,14.114527987031703,28.203104057205096,56.60989489479725,1.2609709600486848e-12,6.6060310384117046e-12,2.5040353286012115e-10,1.4166376187586767e-13,5.241824339395015e-13
39.73812,ApproachEntry,Double,115.6567,294.5786,7.85361,56.60511,56.60511,0.0,115.6567,7.85361,0.85361,68.93009,68.93009,68.93009,0.0,0.0,1.0,6,6,1,0.72376,0.9722,0.0015,0.89856,0.61571,0.05005,0.82,0.7,0.06,0.9,0.56,0.06,4.88098,-30.09376,61.57118,-109.343,-77.96309,113.0087,double_rcm_log_20260616_113317_743.csv,14.885382554331544,Unknown,Task3_Insertion,68.93009,7.8532900965125005,22.032053581816534,22.083894622014547,14.114527987031703,28.203104057205096,56.60989489479725,0.0,9.813396349459622e-12,4.314203400788102e-11,5.319192714494085e-14,9.13977255466688e-13
39.81212,ApproachEntry,Double,115.6567,294.5786,7.85361,56.60511,56.60511,0.0,115.6567,7.85361,0.85361,68.93009,68.93009,68.93009,0.0,0.0,1.0,6,6,1,0.72376,0.9722,0.0015,0.89856,0.61571,0.05005,0.82,0.7,0.06,0.9,0.56,0.06,4.88098,-30.09376,61.57118,-109.343,-77.96309,113.0087,double_rcm_log_20260616_113317_743.csv,13.513513513513866,Unknown,Task3_Insertion,68.93009,7.8532900965125005,22.032053581816534,22.083894622014547,14.114527987031703,28.203104057205096,56.60989489479725,5.551115123125783e-14,6.463209399510424e-14,1.0616833970647094e-10,5.317214951750687e-14,3.963318475862102e-13
39.88025,ApproachEntry,Double,115.6567,294.5786,7.85361,56.60511,56.60511,0.0,115.6567,7.85361,0.85361,68.93009,68.93009,68.93009,0.0,0.0,1.0,6,6,1,0.72376,0.9722,0.0015,0.89856,0.61571,0.05005,0.82,0.7,0.06,0.9,0.56,0.06,4.88098,-30.09376,61.57118,-109.343,-77.96309,113.0087,double_rcm_log_20260616_113317_743.csv,14.677821811243971,Unknown,Task3_Insertion,68.93009,7.8532900965125005,22.032053581816534,22.083894622014547,14.114527987031703,28.203104057205096,56.60989489479725,0.0,6.707583845574608e-12,4.994573133557455e-11,0.0,2.6585516017352147e-14
39.94709,ApproachEntry,Double,115.6567,294.5786,7.85361,56.60511,56.60511,0.0,115.6567,7.85361,0.85361,68.93009,68.93009,68.93009,0.0,0.0,1.0,6,6,1,0.72376,0.9722,0.0015,0.89856,0.61571,0.05005,0.82,0.7,0.06,0.9,0.56,0.06,4.88098,-30.09376,61.57118,-109.343,-77.96309,113.0087,double_rcm_log_20260616_113317_743.csv,14.961101137042293,Unknown,Task3_Insertion,68.93009,7.8532900965125005,22.032053581816534,22.083894622014547,14.114527987031703,28.203104057205096,56.60989489479725,8.899114524108742e-13,6.607139027582404e-12,1.1113141787364125e-10,5.3251215954515665e-14,3.5878829391286103e-13
40.01427,ApproachEntry,Double,115.6567,294.5786,7.85361,56.60511,56.60511,0.0,115.6567,7.85361,0.85361,68.93009,68.93009,68.93009,0.0,0.0,1.0,6,6,1,0.72376,0.9722,0.0015,0.89856,0.61571,0.05005,0.82,0.7,0.06,0.9,0.56,0.06,4.88098,-30.09376,61.57118,-109.343,-77.96309,113.0087,double_rcm_log_20260616_113317_743.csv,14.885382554331544,Unknown,Task3_Insertion,68.93009,7.8532900965125005,22.032053581816534,22.083894622014547,14.114527987031703,28.203104057205096,56.60989489479725,8.899114524108742e-13,9.481510836205226e-12,1.1116131313835867e-10,4.7840865791509556e-14,3.499656636567011e-13
40.08087,ApproachEntry,Double,115.6567,294.5786,7.85361,56.60511,56.60511,0.0,115.6567,7.85361,0.85361,68.93009,68.93009,68.93009,0.0,0.0,1.0,6,6,1,0.72376,0.9722,0.0015,0.89856,0.61571,0.05005,0.82,0.7,0.06,0.9,0.56,0.06,4.88098,-30.09376,61.57118,-109.343,-77.96309,113.0087,double_rcm_log_20260616_113317_743.csv,15.015015015016369,Unknown,Task3_Insertion,68.93009,7.8532900965125005,22.032053581816534,22.083894622014547,14.114527987031703,28.203104057205096,56.60989489479725,8.881784197001252e-13,1.312465009893506e-11,1.5532670013264956e-10,7.063857430015114e-14,1.102544346249408e-12
40.1484,ApproachEntry,Double,115.6567,294.5786,7.85361,56.60511,56.60511,0.0,115.6567,7.85361,0.85361,68.93009,68.93009,68.93009,0.0,0.0,1.0,6,6,1,0.72376,0.9722,0.0015,0.89856,0.61571,0.05005,0.82,0.7,0.06,0.9,0.56,0.06,4.88098,-30.09376,61.57118,-109.343,-77.96309,113.0087,double_rcm_log_20260616_113317_743.csv,14.808233377756942,Unknown,Task3_Insertion,68.93009,7.8532900965125005,22.032053581816534,22.083894622014547,14.114527987031703,28.203104057205096,56.60989489479725,1.9891280697202824e-12,1.3228154394559454e-11,2.568239383204062e-10,1.2510395820910254e-13,6.208452983229501e-13
40.21668,ApproachEntry,Double,115.6567,294.5786,7.85361,56.60511,56.60511,0.0,115.6567,7.85361,0.85361,68.93009,68.93009,68.93009,0.0,0.0,1.0,6,6,1,0.72376,0.9722,0.0015,0.89856,0.61571,0.05005,0.82,0.7,0.06,0.9,0.56,0.06,4.88098,-30.09376,61.57118,-109.343,-77.96309,113.0087,double_rcm_log_20260616_113317_743.csv,14.645577035736421,Unknown,Task3_Insertion,68.93009,7.8532900965125005,22.032053581816534,22.083894622014547,14.114527987031703,28.203104057205096,56.60989489479725,8.881784197001252e-13,2.3592462750670893e-11,2.4582710963598327e-10,2.320622857404618e-14,1.5067298599777404e-12
40.28441,ApproachEntry,Double,115.6567,294.5786,7.85361,56.60511,56.60511,0.0,115.6567,7.85361,0.85361,68.93009,68.93009,68.93009,0.0,0.0,1.0,6,6,1,0.72376,0.9722,0.0015,0.89856,0.61571,0.05005,0.82,0.7,0.06,0.9,0.56,0.06,4.88098,-30.09376,61.57118,-109.343,-77.96309,113.0087,double_rcm_log_20260616_113317_743.csv,14.76450612726906,Unknown,Task3_Insertion,68.93009,7.8532900965125005,22.032053581816534,22.083894622014547,14.114527987031703,28.203104057205096,56.60989489479725,1.2573000033218179e-12,2.077229656025135e-11,2.3887597328495367e-10,8.372151513514172e-14,8.019481341487354e-13
40.35109,ApproachEntry,Double,115.6567,294.5786,7.85361,56.60511,56.60511,0.0,115.6567,7.85361,0.85361,68.93009,68.93009,68.93009,0.0,0.0,1.0,6,6,1,0.72376,0.9722,0.0015,0.89856,0.61571,0.05005,0.82,0.7,0.06,0.9,0.56,0.06,4.88098,-30.09376,61.57118,-109.343,-77.96309,113.0087,double_rcm_log_20260616_113317_743.csv,14.997000599880456,Unknown,Task3_Insertion,68.93009,7.8532900965125005,22.032053581816534,22.083894622014547,14.114527987031703,28.203104057205096,56.60989489479725,1.9868029630580077e-12,8.447761584845223e-12,2.9017482790147794e-10,9.569272379760911e-14,3.8896464167127775e-13
40.42739,ApproachEntry,Double,115.6567,294.5786,7.85361,56.60511,56.60511,0.0,115.6567,7.85361,0.85361,68.93009,68.93009,68.93009,0.0,0.0,1.0,6,6,1,0.72376,0.9722,0.0015,0.89856,0.61571,0.05005,0.82,0.7,0.06,0.9,0.56,0.06,4.88098,-30.09376,61.57118,-109.343,-77.96309,113.0087,double_rcm_log_20260616_113317_743.csv,13.106159895150142,Unknown,Task3_Insertion,68.93009,7.8532900965125005,22.032053581816534,22.083894622014547,14.114527987031703,28.203104057205096,56.60989489479725,4.440892098500626e-13,1.7853568861907603e-11,4.482240865966306e-11,3.4839546201121274e-14,6.585517306419981e-13
40.54758,ApproachEntry,Double,115.6567,294.5786,7.85361,56.60511,56.60511,0.0,115.6567,7.85361,0.85361,68.93009,68.93009,68.93009,0.0,0.0,1.0,6,6,1,0.72376,0.9722,0.0015,0.89856,0.61571,0.05005,0.82,0.7,0.06,0.9,0.56,0.06,4.88098,-30.09376,61.57118,-109.343,-77.96309,113.0087,double_rcm_log_20260616_113317_743.csv,8.32015974706708,Unknown,Task3_Insertion,68.93009,7.8532900965125005,22.032053581816534,22.083894622014547,14.114527987031703,28.203104057205096,56.60989489479725,0.0,5.355247352965438e-12,1.4416327137097575e-10,2.320622857404618e-14,1.2822782300471814e-13
40.6263,ApproachEntry,Double,115.6567,294.5786,7.85361,56.60511,56.60511,0.0,115.6567,7.85361,0.85361,68.93009,68.93009,68.93009,0.0,0.0,1.0,6,6,1,0.72376,0.9722,0.0015,0.89856,0.61571,0.05005,0.82,0.7,0.06,0.9,0.56,0.06,4.88098,-30.09376,61.57118,-109.343,-77.96309,113.0087,double_rcm_log_20260616_113317_743.csv,12.703252032520806,Unknown,Task3_Insertion,68.93009,7.8532900965125005,22.032053581816534,22.083894622014547,14.114527987031703,28.203104057205096,56.60989489479725,8.881784197001252e-13,8.453190591161206e-12,1.1515290577696354e-10,2.9007785717557725e-15,3.7266491170412493e-13
40.69532,ApproachEntry,Double,115.6567,294.5786,7.85361,56.60511,56.60511,0.0,115.6567,7.85361,0.85361,68.93009,68.93009,68.93009,0.0,0.0,1.0,6,6,1,0.72376,0.9722,0.0015,0.89856,0.61571,0.05005,0.82,0.7,0.06,0.9,0.56,0.06,4.88098,-30.09376,61.57118,-109.343,-77.96309,113.0087,double_rcm_log_20260616_113317_743.csv,14.488554042306188,Unknown,Task3_Insertion,68.93009,7.8532900965125005,22.032053581816534,22.083894622014547,14.114527987031703,28.203104057205096,56.60989489479725,8.899114524108742e-13,1.2755152768119782e-11,1.626491863564035e-10,5.3251215954515665e-14,3.9338060698976754e-13
40.76307,ApproachEntry,Double,115.6567,294.5786,7.85361,56.60511,56.60511,0.0,115.6567,7.85361,0.85361,68.93009,68.93009,68.93009,0.0,0.0,1.0,6,6,1,0.72376,0.9722,0.0015,0.89856,0.61571,0.05005,0.82,0.7,0.06,0.9,0.56,0.06,4.88098,-30.09376,61.57118,-109.343,-77.96309,113.0087,double_rcm_log_20260616_113317_743.csv,14.760147601476746,Unknown,Task3_Insertion,68.93009,7.8532900965125005,22.032053581816534,22.083894622014547,14.114527987031703,28.203104057205096,56.60989489479725,8.899114524108742e-13,1.3227119661053085e-11,9.59581447924936e-11,5.317214951750687e-14,6.242317933751783e-13
40.83044,ApproachEntry,Double,115.6567,294.5786,7.85361,56.60511,56.60511,0.0,115.6567,7.85361,0.85361,68.93009,68.93009,68.93009,0.0,0.0,1.0,6,6,1,0.72376,0.9722,0.0015,0.89856,0.61571,0.05005,0.82,0.7,0.06,0.9,0.56,0.06,4.88098,-30.09376,61.57118,-109.343,-77.96309,113.0087,double_rcm_log_20260616_113317_743.csv,14.843402107762234,Unknown,Task3_Insertion,68.93009,7.8532900965125005,22.032053581816534,22.083894622014547,14.114527987031703,28.203104057205096,56.60989489479725,8.881784197001252e-13,9.012363564194061e-13,1.2109737196866597e-10,5.3251215954515665e-14,7.222843491555619e-13
40.89879,ApproachEntry,Double,115.6567,294.5786,7.85361,56.60511,56.60511,0.0,115.6567,7.85361,0.85361,68.93009,68.93009,68.93009,0.0,0.0,1.0,6,6,1,0.72376,0.9722,0.0015,0.89856,0.61571,0.05005,0.82,0.7,0.06,0.9,0.56,0.06,4.88098,-30.09376,61.57118,-109.343,-77.96309,113.0087,double_rcm_log_20260616_113317_743.csv,14.630577907828377,Unknown,Task3_Insertion,68.93009,7.8532900965125005,22.032053581816534,22.083894622014547,14.114527987031703,28.203104057205096,56.60989489479725,8.899114524108742e-13,3.103860276960188e-12,7.385238431032133e-11,4.650301812620195e-14,3.080324059032881e-13
40.96659,ApproachEntry,Double,115.6567,294.5786,7.85361,56.60511,56.60511,0.0,115.6567,7.85361,0.85361,68.93009,68.93009,68.93009,0.0,0.0,1.0,6,6,1,0.72376,0.9722,0.0015,0.89856,0.61571,0.05005,0.82,0.7,0.06,0.9,0.56,0.06,4.88098,-30.09376,61.57118,-109.343,-77.96309,113.0087,double_rcm_log_20260616_113317_743.csv,14.749262536873525,Unknown,Task3_Insertion,68.93009,7.8532900965125005,22.032053581816534,22.083894622014547,14.114527987031703,28.203104057205096,56.60989489479725,4.4754520913118095e-13,1.0258973132353356e-11,8.057359820039013e-11,3.285059692520585e-14,3.3647663818132225e-13
41.06925,ApproachEntry,Double,115.6567,294.5786,7.85361,56.60511,56.60511,0.0,115.6567,7.85361,0.85361,68.93009,68.93009,68.93009,0.0,0.0,1.0,6,6,1,0.72376,0.9722,0.0015,0.89856,0.61571,0.05005,0.82,0.7,0.06,0.9,0.56,0.06,4.88098,-30.09376,61.57118,-109.343,-77.96309,113.0087,double_rcm_log_20260616_113317_743.csv,9.740892265731523,Unknown,Task3_Insertion,68.93009,7.8532900965125005,22.032053581816534,22.083894622014547,14.114527987031703,28.203104057205096,56.60989489479725,4.4754520913118095e-13,8.595111828297224e-13,4.8536088373517255e-11,7.063857430015114e-14,2.9046284855843587e-13
41.16009,ApproachEntry,Double,115.6567,294.5786,7.85361,56.60511,56.60511,0.0,115.6567,7.85361,0.85361,68.93009,68.93009,68.93009,0.0,0.0,1.0,6,6,1,0.72376,0.9722,0.0015,0.89856,0.61571,0.05005,0.82,0.7,0.06,0.9,0.56,0.06,4.88098,-30.09376,61.57118,-109.343,-77.96309,113.0087,double_rcm_log_20260616_113317_743.csv,11.008366358432404,Unknown,Task3_Insertion,68.93009,7.8532900965125005,22.032053581816534,22.083894622014547,14.114527987031703,28.203104057205096,56.60989489479725,4.440892098500626e-13,2.7345538746310683e-12,3.3025843945453626e-12,3.2818563180946156e-14,2.9948004092696603e-13
41.26566,ApproachEntry,Double,115.6567,294.5786,7.85361,56.60511,56.60511,0.0,115.6567,7.85361,0.85361,68.93009,68.93009,68.93009,0.0,0.0,1.0,6,6,1,0.72376,0.9722,0.0015,0.89856,0.61571,0.05005,0.82,0.7,0.06,0.9,0.56,0.06,4.88098,-30.09376,61.57118,-109.343,-77.96309,113.0087,double_rcm_log_20260616_113317_743.csv,9.472387989012015,Unknown,Task3_Insertion,68.93009,7.8532900965125005,22.032053581816534,22.083894622014547,14.114527987031703,28.203104057205096,56.60989489479725,0.0,1.4228616716606634e-13,1.3395672115315302e-11,5.686191956719237e-14,1.5691419741679738e-13
41.37278,ApproachEntry,Double,115.6567,294.5786,7.85361,56.60511,56.60511,0.0,115.6567,7.85361,0.85361,68.93009,68.93009,68.93009,0.0,0.0,1.0,6,6,1,0.72376,0.9722,0.0015,0.89856,0.61571,0.05005,0.82,0.7,0.06,0.9,0.56,0.06,4.88098,-30.09376,61.57118,-109.343,-77.96309,113.0087,double_rcm_log_20260616_113317_743.csv,9.335324869305287,Unknown,Task3_Insertion,68.93009,7.8532900965125005,22.032053581816534,22.083894622014547,14.114527987031703,28.203104057205096,56.60989489479725,4.449557262054371e-13,5.19002125716434e-13,1.7176464650432214e-11,1.4503892858778862e-15,2.585118925196171e-13
41.48344,ApproachEntry,Double,115.6567,294.5786,7.85361,56.60511,56.60511,0.0,115.6567,7.85361,0.85361,68.93009,68.93009,68.93009,0.0,0.0,1.0,6,6,1,0.72376,0.9722,0.0015,0.89856,0.61571,0.05005,0.82,0.7,0.06,0.9,0.56,0.06,4.88098,-30.09376,61.57118,-109.343,-77.96309,113.0087,double_rcm_log_20260616_113317_743.csv,9.036688957165861,Unknown,Task3_Insertion,68.93009,7.8532900965125005,22.032053581816534,22.083894622014547,14.114527987031703,28.203104057205096,56.60989489479725,1.1102230246251565e-13,3.8731718845385904e-12,8.80842644077871e-12,8.127358311930517e-14,5.335833067664347e-13
41.56007,ApproachEntry,Double,115.6567,294.5786,7.85361,56.60511,56.60511,0.0,115.6567,7.85361,0.85361,68.93009,68.93009,68.93009,0.0,0.0,1.0,6,6,1,0.72376,0.9722,0.0015,0.89856,0.61571,0.05005,0.82,0.7,0.06,0.9,0.56,0.06,4.88098,-30.09376,61.57118,-109.343,-77.96309,113.0087,double_rcm_log_20260616_113317_743.csv,13.049719431031972,Unknown,Task3_Insertion,68.93009,7.8532900965125005,22.032053581816534,22.083894622014547,14.114527987031703,28.203104057205096,56.60989489479725,4.449557262054371e-13,1.7441273752434836e-12,4.7900908581216336e-11,3.5289494409935996e-14,7.859106176910921e-13
41.66298,ApproachEntry,Double,115.6567,294.5786,7.85361,56.60511,56.60511,0.0,115.6567,7.85361,0.85361,68.93009,68.93009,68.93009,0.0,0.0,1.0,6,6,1,0.72376,0.9722,0.0015,0.89856,0.61571,0.05005,0.82,0.7,0.06,0.9,0.56,0.06,4.88098,-30.09376,61.57118,-109.343,-77.96309,113.0087,double_rcm_log_20260616_113317_743.csv,9.71722864639059,Unknown,Task3_Insertion,68.93009,7.8532900965125005,22.032053581816534,22.083894622014547,14.114527987031703,28.203104057205096,56.60989489479725,0.0,6.570184640146325e-12,2.4010323029071626e-11,5.189070459296527e-14,4.2998317398060583e-13
41.74256,ApproachEntry,Double,115.6567,294.5786,7.85361,56.60511,56.60511,0.0,115.6567,7.85361,0.85361,68.93009,68.93009,68.93009,0.0,0.0,1.0,6,6,1,0.72376,0.9722,0.0015,0.89856,0.61571,0.05005,0.82,0.7,0.06,0.9,0.56,0.06,4.88098,-30.09376,61.57118,-109.343,-77.96309,113.0087,double_rcm_log_20260616_113317_743.csv,12.565971349585325,Unknown,Task3_Insertion,68.93009,7.8532900965125005,22.032053581816534,22.083894622014547,14.114527987031703,28.203104057205096,56.60989489479725,8.881784197001252e-13,8.309664536977163e-13,7.993763865368477e-11,4.641245714809236e-14,7.204379565154434e-13
41.81721,ApproachEntry,Double,115.6567,294.5786,7.85361,56.60511,56.60511,0.0,115.6567,7.85361,0.85361,68.93009,68.93009,68.93009,0.0,0.0,1.0,6,6,1,0.72376,0.9722,0.0015,0.89856,0.61571,0.05005,0.82,0.7,0.06,0.9,0.56,0.06,4.88098,-30.09376,61.57118,-109.343,-77.96309,113.0087,double_rcm_log_20260616_113317_743.csv,13.395847287339949,Unknown,Task3_Insertion,68.93009,7.8532900965125005,22.032053581816534,22.083894622014547,14.114527987031703,28.203104057205096,56.60989489479725,5.551115123125783e-14,5.9941245855330115e-12,8.400398648792519e-12,7.339886971465817e-14,4.674596397779063e-13
41.89294,ApproachEntry,Double,115.6567,294.5786,7.85361,56.60511,56.60511,0.0,115.6567,7.85361,0.85361,68.93009,68.93009,68.93009,0.0,0.0,1.0,6,6,1,0.72376,0.9722,0.0015,0.89856,0.61571,0.05005,0.82,0.7,0.06,0.9,0.56,0.06,4.88098,-30.09376,61.57118,-109.343,-77.96309,113.0087,double_rcm_log_20260616_113317_743.csv,13.204806549584035,Unknown,Task3_Insertion,68.93009,7.8532900965125005,22.032053581816534,22.083894622014547,14.114527987031703,28.203104057205096,56.60989489479725,2.7755575615628914e-14,7.408894125653597e-13,5.6811894617912425e-11,5.317214951750687e-14,9.996695993431648e-13
41.98723,ApproachEntry,Double,115.6567,294.5786,7.85361,56.60511,56.60511,0.0,115.6567,7.85361,0.85361,68.93009,68.93009,68.93009,0.0,0.0,1.0,6,6,1,0.72376,0.9722,0.0015,0.89856,0.61571,0.05005,0.82,0.7,0.06,0.9,0.56,0.06,4.88098,-30.09376,61.57118,-109.343,-77.96309,113.0087,double_rcm_log_20260616_113317_743.csv,10.605578534309748,Unknown,Task3_Insertion,68.93009,7.8532900965125005,22.032053581816534,22.083894622014547,14.114527987031703,28.203104057205096,56.60989489479725,5.551115123125783e-14,7.644617913213776e-12,4.290168847455135e-11,8.372151513514172e-14,7.083771194122121e-13
42.05493,ApproachEntry,Double,115.6567,294.5786,7.85361,56.60511,56.60511,0.0,115.6567,7.85361,0.85361,68.93009,68.93009,68.93009,0.0,0.0,1.0,6,6,1,0.72376,0.9722,0.0015,0.89856,0.61571,0.05005,0.82,0.7,0.06,0.9,0.56,0.06,4.88098,-30.09376,61.57118,-109.343,-77.96309,113.0087,double_rcm_log_20260616_113317_743.csv,14.7710487444604,Unknown,Task3_Insertion,68.93009,7.8532900965125005,22.032053581816534,22.083894622014547,14.114527987031703,28.203104057205096,56.60989489479725,8.881784197001252e-13,3.3584394436236525e-12,1.409276112641744e-10,6.961868572213853e-14,1.0130535772541472e-12
42.12295,ApproachEntry,Double,115.6567,294.5786,7.85361,56.60511,56.60511,0.0,115.6567,7.85361,0.85361,68.93009,68.93009,68.93009,0.0,0.0,1.0,6,6,1,0.72376,0.9722,0.0015,0.89856,0.61571,0.05005,0.82,0.7,0.06,0.9,0.56,0.06,4.88098,-30.09376,61.57118,-109.343,-77.96309,113.0087,double_rcm_log_20260616_113317_743.csv,14.701558365185804,Unknown,Task3_Insertion,68.93009,7.8532900965125005,22.032053581816534,22.083894622014547,14.114527987031703,28.203104057205096,56.60989489479725,4.4754520913118095e-13,1.157564241445674e-11,4.2872598165698995e-11,5.686191956719237e-14,6.643311229840986e-13
42.22193,ApproachEntry,Double,115.6567,294.5786,7.85361,56.60511,56.60511,0.0,115.6567,7.85361,0.85361,68.93009,68.93009,68.93009,0.0,0.0,1.0,6,6,1,0.72376,0.9722,0.0015,0.89856,0.61571,0.05005,0.82,0.7,0.06,0.9,0.56,0.06,4.88098,-30.09376,61.57118,-109.343,-77.96309,113.0087,double_rcm_log_20260616_113317_743.csv,10.10305112143894,Unknown,Task3_Insertion,68.93009,7.8532900965125005,22.032053581816534,22.083894622014547,14.114527987031703,28.203104057205096,56.60989489479725,8.899114524108742e-13,5.2481033389737924e-12,1.3741518605663566e-10,5.317214951750687e-14,3.7810230714719546e-13
42.29868,ApproachEntry,Double,115.6567,294.5786,7.85361,56.60511,56.60511,0.0,115.6567,7.85361,0.85361,68.93009,68.93009,68.93009,0.0,0.0,1.0,6,6,1,0.72376,0.9722,0.0015,0.89856,0.61571,0.05005,0.82,0.7,0.06,0.9,0.56,0.06,4.88098,-30.09376,61.57118,-109.343,-77.96309,113.0087,double_rcm_log_20260616_113317_743.csv,13.029315960912564,Unknown,Task3_Insertion,68.93009,7.8532900965125005,22.032053581816534,22.083894622014547,14.114527987031703,28.203104057205096,56.60989489479725,8.881784197001252e-13,1.2453287568943285e-11,8.302769572002895e-11,5.317214951750687e-14,7.232788317436233e-13
42.36685,ApproachEntry,Double,115.6567,294.5786,7.85361,56.60511,56.60511,0.0,115.6567,7.85361,0.85361,68.93009,68.93009,68.93009,0.0,0.0,1.0,6,6,1,0.72376,0.9722,0.0015,0.89856,0.61571,0.05005,0.82,0.7,0.06,0.9,0.56,0.06,4.88098,-30.09376,61.57118,-109.343,-77.96309,113.0087,double_rcm_log_20260616_113317_743.csv,14.66920932961669,Unknown,Task3_Insertion,68.93009,7.8532900965125005,22.032053581816534,22.083894622014547,14.114527987031703,28.203104057205096,56.60989489479725,8.899114524108742e-13,6.96877924099917e-12,1.6959952539670372e-10,5.319192714494085e-14,3.9887414010300073e-13
42.44243,ApproachEntry,Double,115.6567,294.5786,7.85361,56.60511,56.60511,0.0,115.6567,7.85361,0.85361,68.93009,68.93009,68.93009,0.0,0.0,1.0,6,6,1,0.72376,0.9722,0.0015,0.89856,0.61571,0.05005,0.82,0.7,0.06,0.9,0.56,0.06,4.88098,-30.09376,61.57118,-109.343,-77.96309,113.0087,double_rcm_log_20260616_113317_743.csv,13.23101349563338,Unknown,Task3_Insertion,68.93009,7.8532900965125005,22.032053581816534,22.083894622014547,14.114527987031703,28.203104057205096,56.60989489479725,0.0,1.2123426870487026e-11,9.482997669945362e-11,0.0,4.720088266159453e-13
42.51369,ApproachEntry,Double,115.6567,294.5786,7.85361,56.60511,56.60511,0.0,115.6567,7.85361,0.85361,68.93009,68.93009,68.93009,0.0,0.0,1.0,6,6,1,0.72376,0.9722,0.0015,0.89856,0.61571,0.05005,0.82,0.7,0.06,0.9,0.56,0.06,4.88098,-30.09376,61.57118,-109.343,-77.96309,113.0087,double_rcm_log_20260616_113317_743.csv,14.03311815885584,Unknown,Task3_Insertion,68.93009,7.8532900965125005,22.032053581816534,22.083894622014547,14.114527987031703,28.203104057205096,56.60989489479725,8.881784197001252e-13,7.874183479771662e-12,1.6451335406924706e-10,3.2818563180946156e-14,4.384479827418767e-13
42.58817,ApproachEntry,Double,115.6567,294.5786,7.85361,56.60511,56.60511,0.0,115.6567,7.85361,0.85361,68.93009,68.93009,68.93009,0.0,0.0,1.0,6,6,1,0.72376,0.9722,0.0015,0.89856,0.61571,0.05005,0.82,0.7,0.06,0.9,0.56,0.06,4.88098,-30.09376,61.57118,-109.343,-77.96309,113.0087,double_rcm_log_20260616_113317_743.csv,13.426423200859073,Unknown,Task3_Insertion,68.93009,7.8532900965125005,22.032053581816534,22.083894622014547,14.114527987031703,28.203104057205096,56.60989489479725,1.25607396694702e-12,1.1390437703237494e-11,1.334463441785539e-10,6.671790715038277e-14,4.715914217484238e-13
42.65544,ApproachEntry,Double,115.6567,294.5786,7.85361,56.60511,56.60511,0.0,115.6567,7.85361,0.85361,68.93009,68.93009,68.93009,0.0,0.0,1.0,6,6,1,0.72376,0.9722,0.0015,0.89856,0.61571,0.05005,0.82,0.7,0.06,0.9,0.56,0.06,4.88098,-30.09376,61.57118,-109.343,-77.96309,113.0087,double_rcm_log_20260616_113317_743.csv,14.865467518953336,Unknown,Task3_Insertion,68.93009,7.8532900965125005,22.032053581816534,22.083894622014547,14.114527987031703,28.203104057205096,56.60989489479725,8.881784197001252e-13,9.312766106635614e-12,8.577280012347207e-11,5.189070459296527e-14,5.240880571819043e-13
42.72305,ApproachEntry,Double,115.6567,294.5786,7.85361,56.60511,56.60511,0.0,115.6567,7.85361,0.85361,68.93009,68.93009,68.93009,0.0,0.0,1.0,6,6,1,0.72376,0.9722,0.0015,0.89856,0.61571,0.05005,0.82,0.7,0.06,0.9,0.56,0.06,4.88098,-30.09376,61.57118,-109.343,-77.96309,113.0087,double_rcm_log_20260616_113317_743.csv,14.790711433219512,Unknown,Task3_Insertion,68.93009,7.8532900965125005,22.032053581816534,22.083894622014547,14.114527987031703,28.203104057205096,56.60989489479725,0.0,4.117373091122103e-13,6.845473269402036e-11,2.320622857404618e-14,2.9319181968949295e-15
42.79095,ApproachEntry,Double,115.6567,294.5786,7.85361,56.60511,56.60511,0.0,115.6567,7.85361,0.85361,68.93009,68.93009,68.93009,0.0,0.0,1.0,6,6,1,0.72376,0.9722,0.0015,0.89856,0.61571,0.05005,0.82,0.7,0.06,0.9,0.56,0.06,4.88098,-30.09376,61.57118,-109.343,-77.96309,113.0087,double_rcm_log_20260616_113317_743.csv,14.727540500736024,Unknown,Task3_Insertion,68.93009,7.8532900965125005,22.032053581816534,22.083894622014547,14.114527987031703,28.203104057205096,56.60989489479725,8.899114524108742e-13,1.3418174132942886e-11,5.0082819273914206e-11,5.189070459296527e-14,9.3407144263173e-13
42.8578,ApproachEntry,Double,115.6567,294.5786,7.85361,56.60511,56.60511,0.0,115.6567,7.85361,0.85361,68.93009,68.93009,68.93009,0.0,0.0,1.0,6,6,1,0.72376,0.9722,0.0015,0.89856,0.61571,0.05005,0.82,0.7,0.06,0.9,0.56,0.06,4.88098,-30.09376,61.57118,-109.343,-77.96309,113.0087,double_rcm_log_20260616_113317_743.csv,14.95886312640347,Unknown,Task3_Insertion,68.93009,7.8532900965125005,22.032053581816534,22.083894622014547,14.114527987031703,28.203104057205096,56.60989489479725,1.7798229048217483e-12,6.660744760173306e-12,1.503886803054224e-10,1.16645929604303e-13,5.299915910616992e-13
42.92474,ApproachEntry,Double,115.6567,294.5786,7.85361,56.60511,56.60511,0.0,115.6567,7.85361,0.85361,68.93009,68.93009,68.93009,0.0,0.0,1.0,6,6,1,0.72376,0.9722,0.0015,0.89856,0.61571,0.05005,0.82,0.7,0.06,0.9,0.56,0.06,4.88098,-30.09376,61.57118,-109.343,-77.96309,113.0087,double_rcm_log_20260616_113317_743.csv,14.938751120405788,Unknown,Task3_Insertion,68.93009,7.8532900965125005,22.032053581816534,22.083894622014547,14.114527987031703,28.203104057205096,56.60989489479725,0.0,6.694129766234971e-12,4.982032119563704e-11,4.792872787800221e-14,3.5864361908494044e-13
42.99187,ApproachEntry,Double,115.6567,294.5786,7.85361,56.60511,56.60511,0.0,115.6567,7.85361,0.85361,68.93009,68.93009,68.93009,0.0,0.0,1.0,6,6,1,0.72376,0.9722,0.0015,0.89856,0.61571,0.05005,0.82,0.7,0.06,0.9,0.56,0.06,4.88098,-30.09376,61.57118,-109.343,-77.96309,113.0087,double_rcm_log_20260616_113317_743.csv,14.896469536720064,Unknown,Task3_Insertion,68.93009,7.8532900965125005,22.032053581816534,22.083894622014547,14.114527987031703,28.203104057205096,56.60989489479725,8.899114524108742e-13,1.251908640760516e-13,5.0745880062917024e-11,8.367124703386107e-14,4.962131637937616e-13
43.05964,ApproachEntry,Double,115.6567,294.5786,7.85361,56.60511,56.60511,0.0,115.6567,7.85361,0.85361,68.93009,68.93009,68.93009,0.0,0.0,1.0,6,6,1,0.72376,0.9722,0.0015,0.89856,0.61571,0.05005,0.82,0.7,0.06,0.9,0.56,0.06,4.88098,-30.09376,61.57118,-109.343,-77.96309,113.0087,double_rcm_log_20260616_113317_743.csv,14.755791648221274,Unknown,Task3_Insertion,68.93009,7.8532900965125005,22.032053581816534,22.083894622014547,14.114527987031703,28.203104057205096,56.60989489479725,0.0,4.1993616035519366e-13,4.818038751478399e-11,4.650301812620195e-14,5.194104635261751e-13
43.1269,ApproachEntry,Double,115.6567,294.5786,7.85361,56.60511,56.60511,0.0,115.6567,7.85361,0.85361,68.93009,68.93009,68.93009,0.0,0.0,1.0,6,6,1,0.72376,0.9722,0.0015,0.89856,0.61571,0.05005,0.82,0.7,0.06,0.9,0.56,0.06,4.88098,-30.09376,61.57118,-109.343,-77.96309,113.0087,double_rcm_log_20260616_113317_743.csv,14.867677668748708,Unknown,Task3_Insertion,68.93009,7.8532900965125005,22.032053581816534,22.083894622014547,14.114527987031703,28.203104057205096,56.60989489479725,8.881784197001252e-13,6.581402080721359e-12,7.173861188105046e-11,4.792872787800221e-14,5.225355124605061e-13
43.19373,ApproachEntry,Double,115.6567,294.5786,7.85361,56.60511,56.60511,0.0,115.6567,7.85361,0.85361,68.93009,68.93009,68.93009,0.0,0.0,1.0,6,6,1,0.72376,0.9722,0.0015,0.89856,0.61571,0.05005,0.82,0.7,0.06,0.9,0.56,0.06,4.88098,-30.09376,61.57118,-109.343,-77.96309,113.0087,double_rcm_log_20260616_113317_743.csv,14.96333981744657,Unknown,Task3_Insertion,68.93009,7.8532900965125005,22.032053581816534,22.083894622014547,14.114527987031703,28.203104057205096,56.60989489479725,8.881784197001252e-13,9.402482403866038e-12,9.936709626551467e-11,5.19717205745273e-14,6.080340108612109e-13
43.26058,ApproachEntry,Double,115.6567,294.5786,7.85361,56.60511,56.60511,0.0,115.6567,7.85361,0.85361,68.93009,68.93009,68.93009,0.0,0.0,1.0,6,6,1,0.72376,0.9722,0.0015,0.89856,0.61571,0.05005,0.82,0.7,0.06,0.9,0.56,0.06,4.88098,-30.09376,61.57118,-109.343,-77.96309,113.0087,double_rcm_log_20260616_113317_743.csv,14.95886312640347,Unknown,Task3_Insertion,68.93009,7.8532900965125005,22.032053581816534,22.083894622014547,14.114527987031703,28.203104057205096,56.60989489479725,8.899114524108742e-13,6.699644821599516e-12,1.0950423845738096e-10,6.563712636189231e-14,3.8216807937173615e-13
43.32851,ApproachEntry,Double,115.6567,294.5786,7.85361,56.60511,56.60511,0.0,115.6567,7.85361,0.85361,68.93009,68.93009,68.93009,0.0,0.0,1.0,6,6,1,0.72376,0.9722,0.0015,0.89856,0.61571,0.05005,0.82,0.7,0.06,0.9,0.56,0.06,4.88098,-30.09376,61.57118,-109.343,-77.96309,113.0087,double_rcm_log_20260616_113317_743.csv,14.721036360958935,Unknown,Task3_Insertion,68.93009,7.8532900965125005,22.032053581816534,22.083894622014547,14.114527987031703,28.203104057205096,56.60989489479725,0.0,6.582353570933743e-12,9.818120669752614e-11,0.0,4.854941150870303e-13
43.39711,ApproachEntry,Double,115.6567,294.5786,7.85361,56.60511,56.60511,0.0,115.6567,7.85361,0.85361,68.93009,68.93009,68.93009,0.0,0.0,1.0,6,6,1,0.72376,0.9722,0.0015,0.89856,0.61571,0.05005,0.82,0.7,0.06,0.9,0.56,0.06,4.88098,-30.09376,61.57118,-109.343,-77.96309,113.0087,double_rcm_log_20260616_113317_743.csv,14.577259475219416,Unknown,Task3_Insertion,68.93009,7.8532900965125005,22.032053581816534,22.083894622014547,14.114527987031703,28.203104057205096,56.60989489479725,0.0,6.703415958767723e-12,5.10634051084771e-11,0.0,3.610729737571722e-13
43.46413,ApproachEntry,Double,115.6567,294.5786,7.85361,56.60511,56.60511,0.0,115.6567,7.85361,0.85361,68.93009,68.93009,68.93009,0.0,0.0,1.0,6,6,1,0.72376,0.9722,0.0015,0.89856,0.61571,0.05005,0.82,0.7,0.06,0.9,0.56,0.06,4.88098,-30.09376,61.57118,-109.343,-77.96309,113.0087,double_rcm_log_20260616_113317_743.csv,14.920919128618454,Unknown,Task3_Insertion,68.93009,7.8532900965125005,22.032053581816534,22.083894622014547,14.114527987031703,28.203104057205096,56.60989489479725,8.881784197001252e-13,9.206909420108288e-12,1.5549504498710972e-10,4.7840865791509556e-14,6.440570467340597e-13
43.53165,ApproachEntry,Double,115.6567,294.5786,7.85361,56.60511,56.60511,0.0,115.6567,7.85361,0.85361,68.93009,68.93009,68.93009,0.0,0.0,1.0,6,6,1,0.72376,0.9722,0.0015,0.89856,0.61571,0.05005,0.82,0.7,0.06,0.9,0.56,0.06,4.88098,-30.09376,61.57118,-109.343,-77.96309,113.0087,double_rcm_log_20260616_113317_743.csv,14.810426540283965,Unknown,Task3_Insertion,68.93009,7.8532900965125005,22.032053581816534,22.083894622014547,14.114527987031703,28.203104057205096,56.60989489479725,1.2573000033218179e-12,1.471222135960783e-11,1.3744741635326385e-10,8.687819715644795e-14,7.8930497188285e-13
43.59909,ApproachEntry,Double,115.6567,294.5786,7.85361,56.60511,56.60511,0.0,115.6567,7.85361,0.85361,68.93009,68.93009,68.93009,0.0,0.0,1.0,6,6,1,0.72376,0.9722,0.0015,0.89856,0.61571,0.05005,0.82,0.7,0.06,0.9,0.56,0.06,4.88098,-30.09376,61.57118,-109.343,-77.96309,113.0087,double_rcm_log_20260616_113317_743.csv,14.827995255042019,Unknown,Task3_Insertion,68.93009,7.8532900965125005,22.032053581816534,22.083894622014547,14.114527987031703,28.203104057205096,56.60989489479725,1.25607396694702e-12,9.332065834533983e-12,2.1698160818266364e-10,6.665481691674458e-14,9.478550164989573e-13
43.66668,ApproachEntry,Double,115.6567,294.5786,7.85361,56.60511,56.60511,0.0,115.6567,7.85361,0.85361,68.93009,68.93009,68.93009,0.0,0.0,1.0,6,6,1,0.72376,0.9722,0.0015,0.89856,0.61571,0.05005,0.82,0.7,0.06,0.9,0.56,0.06,4.88098,-30.09376,61.57118,-109.343,-77.96309,113.0087,double_rcm_log_20260616_113317_743.csv,14.795088030773192,Unknown,Task3_Insertion,68.93009,7.8532900965125005,22.032053581816534,22.083894622014547,14.114527987031703,28.203104057205096,56.60989489479725,0.0,1.4576724123744096e-11,5.2560532409386355e-11,5.317214951750687e-14,4.865415823112212e-13
43.73623,ApproachEntry,Double,115.6567,294.5786,7.85361,56.60511,56.60511,0.0,115.6567,7.85361,0.85361,68.93009,68.93009,68.93009,0.0,0.0,1.0,6,6,1,0.72376,0.9722,0.0015,0.89856,0.61571,0.05005,0.82,0.7,0.06,0.9,0.56,0.06,4.88098,-30.09376,61.57118,-109.343,-77.96309,113.0087,double_rcm_log_20260616_113317_743.csv,14.378145219266806,Unknown,Task3_Insertion,68.93009,7.8532900965125005,22.032053581816534,22.083894622014547,14.114527987031703,28.203104057205096,56.60989489479725,8.899114524108742e-13,6.368612358098443e-12,1.8613902086653272e-10,2.9007785717557725e-15,3.81857394282852e-13
43.80542,ApproachEntry,Double,115.6567,294.5786,7.85361,56.60511,56.60511,0.0,115.6567,7.85361,0.85361,68.93009,68.93009,68.93009,0.0,0.0,1.0,6,6,1,0.72376,0.9722,0.0015,0.89856,0.61571,0.05005,0.82,0.7,0.06,0.9,0.56,0.06,4.88098,-30.09376,61.57118,-109.343,-77.96309,113.0087,double_rcm_log_20260616_113317_743.csv,14.452955629426432,Unknown,Task3_Insertion,68.93009,7.8532900965125005,22.032053581816534,22.083894622014547,14.114527987031703,28.203104057205096,56.60989489479725,8.881784197001252e-13,1.1934296233489223e-11,1.383639344969821e-10,2.9007785717557725e-15,4.4756675203296975e-13
43.87807,ApproachEntry,Double,115.6567,294.5786,7.85361,56.60511,56.60511,0.0,115.6567,7.85361,0.85361,68.93009,68.93009,68.93009,0.0,0.0,1.0,6,6,1,0.72376,0.9722,0.0015,0.89856,0.61571,0.05005,0.82,0.7,0.06,0.9,0.56,0.06,4.88098,-30.09376,61.57118,-109.343,-77.96309,113.0087,double_rcm_log_20260616_113317_743.csv,13.764624913970527,Unknown,Task3_Insertion,68.93009,7.8532900965125005,22.032053581816534,22.083894622014547,14.114527987031703,28.203104057205096,56.60989489479725,8.881784197001252e-13,1.2362713852690535e-11,1.1961605924013674e-10,6.671790715038277e-14,4.004689414609088e-13
43.95237,ApproachEntry,Double,115.6567,294.5786,7.85361,56.60511,56.60511,0.0,115.6567,7.85361,0.85361,68.93009,68.93009,68.93009,0.0,0.0,1.0,6,6,1,0.72376,0.9722,0.0015,0.89856,0.61571,0.05005,0.82,0.7,0.06,0.9,0.56,0.06,4.88098,-30.09376,61.57118,-109.343,-77.96309,113.0087,double_rcm_log_20260616_113317_743.csv,13.458950201884086,Unknown,Task3_Insertion,68.93009,7.8532900965125005,22.032053581816534,22.083894622014547,14.114527987031703,28.203104057205096,56.60989489479725,8.881784197001252e-13,6.514482286616629e-12,1.2682710952764372e-10,5.808804563131162e-14,2.2378107999235172e-13
44.02794,ApproachEntry,Double,115.6567,294.5786,7.85361,56.60511,56.60511,0.0,115.6567,7.85361,0.85361,68.93009,68.93009,68.93009,0.0,0.0,1.0,6,6,1,0.72376,0.9722,0.0015,0.89856,0.61571,0.05005,0.82,0.7,0.06,0.9,0.56,0.06,4.88098,-30.09376,61.57118,-109.343,-77.96309,113.0087,double_rcm_log_20260616_113317_743.csv,13.232764324467551,Unknown,Task3_Insertion,68.93009,7.8532900965125005,22.032053581816534,22.083894622014547,14.114527987031703,28.203104057205096,56.60989489479725,4.440892098500626e-13,6.3741158343146005e-12,4.345333325463182e-11,7.429618232094092e-14,3.5737925752506707e-13
44.11586,ApproachEntry,Double,115.6567,294.5786,7.85361,56.60511,56.60511,0.0,115.6567,7.85361,0.85361,68.93009,68.93009,68.93009,0.0,0.0,1.0,6,6,1,0.72376,0.9722,0.0015,0.89856,0.61571,0.05005,0.82,0.7,0.06,0.9,0.56,0.06,4.88098,-30.09376,61.57118,-109.343,-77.96309,113.0087,double_rcm_log_20260616_113317_743.csv,11.37397634212961,Unknown,Task3_Insertion,68.93009,7.8532900965125005,22.032053581816534,22.083894622014547,14.114527987031703,28.203104057205096,56.60989489479725,0.0,2.3788824793436355e-12,3.387453238705111e-11,6.967909240224255e-14,4.90670796062152e-13
44.19413,ApproachEntry,Double,115.6567,294.5786,7.85361,56.60511,56.60511,0.0,115.6567,7.85361,0.85361,68.93009,68.93009,68.93009,0.0,0.0,1.0,6,6,1,0.72376,0.9722,0.0015,0.89856,0.61571,0.05005,0.82,0.7,0.06,0.9,0.56,0.06,4.88098,-30.09376,61.57118,-109.343,-77.96309,113.0087,double_rcm_log_20260616_113317_743.csv,12.776287210935948,Unknown,Task3_Insertion,68.93009,7.8532900965125005,22.032053581816534,22.083894622014547,14.114527987031703,28.203104057205096,56.60989489479725,0.0,0.0,1.4750681195214744e-11,0.0,6.180079166012242e-13
44.26511,ApproachEntry,Double,115.6567,294.5786,7.85361,56.60511,56.60511,0.0,115.6567,7.85361,0.85361,68.93009,68.93009,68.93009,0.0,0.0,1.0,6,6,1,0.72376,0.9722,0.0015,0.89856,0.61571,0.05005,0.82,0.7,0.06,0.9,0.56,0.06,4.88098,-30.09376,61.57118,-109.343,-77.96309,113.0087,double_rcm_log_20260616_113317_743.csv,14.088475626937422,Unknown,Task3_Insertion,68.93009,7.8532900965125005,22.032053581816534,22.083894622014547,14.114527987031703,28.203104057205096,56.60989489479725,0.0,3.981572227192572e-13,1.4248856799077945e-13,5.317214951750687e-14,1.6269073081329337e-13
44.33524,ApproachEntry,Double,115.6567,294.5786,7.85361,56.60511,56.60511,0.0,115.6567,7.85361,0.85361,68.93009,68.93009,68.93009,0.0,0.0,1.0,6,6,1,0.72376,0.9722,0.0015,0.89856,0.61571,0.05005,0.82,0.7,0.06,0.9,0.56,0.06,4.88098,-30.09376,61.57118,-109.343,-77.96309,113.0087,double_rcm_log_20260616_113317_743.csv,14.259232853272714,Unknown,Task3_Insertion,68.93009,7.8532900965125005,22.032053581816534,22.083894622014547,14.114527987031703,28.203104057205096,56.60989489479725,5.551115123125783e-14,2.934471185877608e-14,4.22460719520291e-11,2.320622857404618e-14,4.856663086061513e-13
44.40807,ApproachEntry,Double,115.6567,294.5786,7.85361,56.60511,56.60511,0.0,115.6567,7.85361,0.85361,68.93009,68.93009,68.93009,0.0,0.0,1.0,6,6,1,0.72376,0.9722,0.0015,0.89856,0.61571,0.05005,0.82,0.7,0.06,0.9,0.56,0.06,4.88098,-30.09376,61.57118,-109.343,-77.96309,113.0087,double_rcm_log_20260616_113317_743.csv,13.7306055197028,Unknown,Task3_Insertion,68.93009,7.8532900965125005,22.032053581816534,22.083894622014547,14.114527987031703,28.203104057205096,56.60989489479725,0.0,6.231566717320504e-12,4.182127144187867e-11,4.7840865791509556e-14,4.661925342114487e-13
44.47994,ApproachEntry,Double,115.6567,294.5786,7.85361,56.60511,56.60511,0.0,115.6567,7.85361,0.85361,68.93009,68.93009,68.93009,0.0,0.0,1.0,6,6,1,0.72376,0.9722,0.0015,0.89856,0.61571,0.05005,0.82,0.7,0.06,0.9,0.56,0.06,4.88098,-30.09376,61.57118,-109.343,-77.96309,113.0087,double_rcm_log_20260616_113317_743.csv,13.914011409489937,Unknown,Task3_Insertion,68.93009,7.8532900965125005,22.032053581816534,22.083894622014547,14.114527987031703,28.203104057205096,56.60989489479725,8.881784197001252e-13,5.9771274255243325e-12,6.468285169986194e-11,6.967909240224255e-14,3.566334993379879e-13
44.55347,ApproachEntry,Double,115.6567,294.5786,7.85361,56.60511,56.60511,0.0,115.6567,7.85361,0.85361,68.93009,68.93009,68.93009,0.0,0.0,1.0,6,6,1,0.72376,0.9722,0.0015,0.89856,0.61571,0.05005,0.82,0.7,0.06,0.9,0.56,0.06,4.88098,-30.09376,61.57118,-109.343,-77.96309,113.0087,double_rcm_log_20260616_113317_743.csv,13.599891200870745,Unknown,Task3_Insertion,68.93009,7.8532900965125005,22.032053581816534,22.083894622014547,14.114527987031703,28.203104057205096,56.60989489479725,8.881784197001252e-13,3.110297265736134e-12,9.036390445616667e-11,6.961868572213853e-14,3.653905831896864e-13
44.62786,ApproachEntry,Double,115.6567,294.5786,7.85361,56.60511,56.60511,0.0,115.6567,7.85361,0.85361,68.93009,68.93009,68.93009,0.0,0.0,1.0,6,6,1,0.72376,0.9722,0.0015,0.89856,0.61571,0.05005,0.82,0.7,0.06,0.9,0.56,0.06,4.88098,-30.09376,61.57118,-109.343,-77.96309,113.0087,double_rcm_log_20260616_113317_743.csv,13.442667025137595,Unknown,Task3_Insertion,68.93009,7.8532900965125005,22.032053581816534,22.083894622014547,14.114527987031703,28.203104057205096,56.60989489479725,4.440892098500626e-13,8.487422272591147e-12,4.586873924453956e-11,4.7862846433970246e-14,5.48555363041202e-13
44.71209,ApproachEntry,Double,115.6567,294.5786,7.85361,56.60511,56.60511,0.0,115.6567,7.85361,0.85361,68.93009,68.93009,68.93009,0.0,0.0,1.0,6,6,1,0.72376,0.9722,0.0015,0.89856,0.61571,0.05005,0.82,0.7,0.06,0.9,0.56,0.06,4.88098,-30.09376,61.57118,-109.343,-77.96309,113.0087,double_rcm_log_20260616_113317_743.csv,11.872254541136638,Unknown,Task3_Insertion,68.93009,7.8532900965125005,22.032053581816534,22.083894622014547,14.114527987031703,28.203104057205096,56.60989489479725,8.881784197001252e-13,2.450356370887709e-12,8.93638461941046e-11,0.0,2.0580609882729546e-13
44.7832,ApproachEntry,Double,115.6567,294.5786,7.85361,56.60511,56.60511,0.0,115.6567,7.85361,0.85361,68.93009,68.93009,68.93009,0.0,0.0,1.0,6,6,1,0.72376,0.9722,0.0015,0.89856,0.61571,0.05005,0.82,0.7,0.06,0.9,0.56,0.06,4.88098,-30.09376,61.57118,-109.343,-77.96309,113.0087,double_rcm_log_20260616_113317_743.csv,14.062719729996306,Unknown,Task3_Insertion,68.93009,7.8532900965125005,22.032053581816534,22.083894622014547,14.114527987031703,28.203104057205096,56.60989489479725,8.899114524108742e-13,6.0976983711273815e-12,7.46667330083823e-11,5.317214951750687e-14,4.694468111404817e-13
44.85545,ApproachEntry,Double,115.6567,294.5786,7.85361,56.60511,56.60511,0.0,115.6567,7.85361,0.85361,68.93009,68.93009,68.93009,0.0,0.0,1.0,6,6,1,0.72376,0.9722,0.0015,0.89856,0.61571,0.05005,0.82,0.7,0.06,0.9,0.56,0.06,4.88098,-30.09376,61.57118,-109.343,-77.96309,113.0087,double_rcm_log_20260616_113317_743.csv,13.8408304498276,Unknown,Task3_Insertion,68.93009,7.8532900965125005,22.032053581816534,22.083894622014547,14.114527987031703,28.203104057205096,56.60989489479725,0.0,8.855175480228323e-12,1.0086762954110593e-10,6.961868572213853e-14,5.6221903252612116e-14
44.92522,ApproachEntry,Double,115.6567,294.5786,7.85361,56.60511,56.60511,0.0,115.6567,7.85361,0.85361,68.93009,68.93009,68.93009,0.0,0.0,1.0,6,6,1,0.72376,0.9722,0.0015,0.89856,0.61571,0.05005,0.82,0.7,0.06,0.9,0.56,0.06,4.88098,-30.09376,61.57118,-109.343,-77.96309,113.0087,double_rcm_log_20260616_113317_743.csv,14.332807797046325,Unknown,Task3_Insertion,68.93009,7.8532900965125005,22.032053581816534,22.083894622014547,14.114527987031703,28.203104057205096,56.60989489479725,8.899114524108742e-13,1.2856190178324602e-11,1.0484979431870523e-10,5.317214951750687e-14,1.2119645766083483e-12
44.99371,ApproachEntry,Double,115.6567,294.5786,7.85361,56.60511,56.60511,0.0,115.6567,7.85361,0.85361,68.93009,68.93009,68.93009,0.0,0.0,1.0,6,6,1,0.72376,0.9722,0.0015,0.89856,0.61571,0.05005,0.82,0.7,0.06,0.9,0.56,0.06,4.88098,-30.09376,61.57118,-109.343,-77.96309,113.0087,double_rcm_log_20260616_113317_743.csv,14.600671630895649,Unknown,Task3_Insertion,68.93009,7.8532900965125005,22.032053581816534,22.083894622014547,14.114527987031703,28.203104057205096,56.60989489479725,1.7772239894833366e-12,6.283509088767333e-12,1.9443660219242164e-10,1.16645929604303e-13,3.7375772039215956e-13
45.06285,ApproachEntry,Double,115.6567,294.5786,7.85361,56.60511,56.60511,0.0,115.6567,7.85361,0.85361,68.93009,68.93009,68.93009,0.0,0.0,1.0,6,6,1,0.72376,0.9722,0.0015,0.89856,0.61571,0.05005,0.82,0.7,0.06,0.9,0.56,0.06,4.88098,-30.09376,61.57118,-109.343,-77.96309,113.0087,double_rcm_log_20260616_113317_743.csv,14.463407578826134,Unknown,Task3_Insertion,68.93009,7.8532900965125005,22.032053581816534,22.083894622014547,14.114527987031703,28.203104057205096,56.60989489479725,0.0,1.4436267725552274e-11,5.989109199461287e-11,1.160311428702309e-14,8.596089222175398e-13
45.13478,ApproachEntry,Double,115.6567,294.5786,7.85361,56.60511,56.60511,0.0,115.6567,7.85361,0.85361,68.93009,68.93009,68.93009,0.0,0.0,1.0,6,6,1,0.72376,0.9722,0.0015,0.89856,0.61571,0.05005,0.82,0.7,0.06,0.9,0.56,0.06,4.88098,-30.09376,61.57118,-109.343,-77.96309,113.0087,double_rcm_log_20260616_113317_743.csv,13.90240511608473,Unknown,Task3_Insertion,68.93009,7.8532900965125005,22.032053581816534,22.083894622014547,14.114527987031703,28.203104057205096,56.60989489479725,8.881784197001252e-13,6.151054307915194e-12,1.4006071089170128e-10,0.0,4.988087642900909e-13
45.20589,ApproachEntry,Double,115.6567,294.5786,7.85361,56.60511,56.60511,0.0,115.6567,7.85361,0.85361,68.93009,68.93009,68.93009,0.0,0.0,1.0,6,6,1,0.72376,0.9722,0.0015,0.89856,0.61571,0.05005,0.82,0.7,0.06,0.9,0.56,0.06,4.88098,-30.09376,61.57118,-109.343,-77.96309,113.0087,double_rcm_log_20260616_113317_743.csv,14.062719729996306,Unknown,Task3_Insertion,68.93009,7.8532900965125005,22.032053581816534,22.083894622014547,14.114527987031703,28.203104057205096,56.60989489479725,8.899114524108742e-13,6.051363867843601e-12,7.607886378426053e-11,6.961868572213853e-14,3.5984813976874565e-13
45.27861,ApproachEntry,Double,115.6567,294.5786,7.85361,56.60511,56.60511,0.0,115.6567,7.85361,0.85361,68.93009,68.93009,68.93009,0.0,0.0,1.0,6,6,1,0.72376,0.9722,0.0015,0.89856,0.61571,0.05005,0.82,0.7,0.06,0.9,0.56,0.06,4.88098,-30.09376,61.57118,-109.343,-77.96309,113.0087,double_rcm_log_20260616_113317_743.csv,13.751375137513016,Unknown,Task3_Insertion,68.93009,7.8532900965125005,22.032053581816534,22.083894622014547,14.114527987031703,28.203104057205096,56.60989489479725,1.2573000033218179e-12,7.0040772689240715e-12,6.603665724215971e-11,5.189070459296527e-14,4.34929733592376e-13
45.36333,ApproachEntry,Double,115.6567,294.5786,7.85361,56.60511,56.60511,0.0,115.6567,7.85361,0.85361,68.93009,68.93009,68.93009,0.0,0.0,1.0,6,6,1,0.72376,0.9722,0.0015,0.89856,0.61571,0.05005,0.82,0.7,0.06,0.9,0.56,0.06,4.88098,-30.09376,61.57118,-109.343,-77.96309,113.0087,double_rcm_log_20260616_113317_743.csv,11.8035882908408,Unknown,Task3_Insertion,68.93009,7.8532900965125005,22.032053581816534,22.083894622014547,14.114527987031703,28.203104057205096,56.60989489479725,9.945640348601412e-13,6.901621939459891e-12,9.6771795628868e-11,2.598586028726365e-14,3.0951978477692143e-13
45.45461,ApproachEntry,Double,115.6567,294.5786,7.85361,56.60511,56.60511,0.0,115.6567,7.85361,0.85361,68.93009,68.93009,68.93009,0.0,0.0,1.0,6,6,1,0.72376,0.9722,0.0015,0.89856,0.61571,0.05005,0.82,0.7,0.06,0.9,0.56,0.06,4.88098,-30.09376,61.57118,-109.343,-77.96309,113.0087,double_rcm_log_20260616_113317_743.csv,10.955302366344748,Unknown,Task3_Insertion,68.93009,7.8532900965125005,22.032053581816534,22.083894622014547,14.114527987031703,28.203104057205096,56.60989489479725,0.0,1.0895749724584686e-11,5.5434798424359565e-11,0.0,2.846829566965635e-13
