time,dt,fps,phase,mode,tip_entry_error_mm,entry_rcm_error_mm,entry_axis_error_deg,target_rcm_or_tip_error_mm,final_target_tip_error_mm,insertion_progress,insertion_intermediate_error_mm,entry_cone_angle_deg,entry_cone_violation_deg,skull_violation_mm,arm_skull_violation_mm,entry_lambda,target_lambda,entry_segment,target_segment,joint_limits_ok,tool_x,tool_y,tool_z,tip_x,tip_y,tip_z,entry_x,entry_y,entry_z,target_x,target_y,target_z,q0_deg,q1_deg,q2_deg,q3_deg,q4_deg,q5_deg,source_file,fps_est,stage,task_inferred,total_skull_violation_mm,cone_t2_angle_deg_geom,cone_t2_radius_mm_geom,entry_side_distance_to_entry_mm_geom,cone_t4_angle_deg_geom,cone_t4_radius_mm_geom,tip_distance_to_target_mm_geom,tip_speed_mm_s,tip_acc_mm_s2,tip_jerk_mm_s3,joint_speed_rms_deg_s,joint_acc_rms_deg_s2
0.11775,0.09775,10.23013,ApproachEntry,Double,410.6093,306.6337,94.18493,545.8825,545.8825,0.0,410.6093,85.81507,78.81507,0.0,0.0,0.15601,1.0,6,6,1,0.55725,0.88548,0.01804,0.8715,1.09867,0.14371,0.82,0.7,0.06,0.9,0.56,0.06,-2.80351,24.1489,-64.79998,60.12848,48.68184,64.79998,double_rcm_log_20260616_132745_154.csv,10.23013,Unknown,Task3_Insertion,0.0,85.81519808669682,160.81525426893873,219.55721392563518,141.33166613437194,256.5513143722987,545.8800078771892,4781.090846315019,27116.799745299584,201372.22703088468,1038.8494828957575,9774.283574423853
0.157,0.01095,91.28757,ApproachEntry,Double,238.4411,501.14,34.55599,390.1629,390.1629,0.0,238.4411,34.55599,27.55599,0.0,0.0,0.15601,1.0,6,6,1,0.44813,1.11468,0.01799,0.79307,0.93237,0.10618,0.82,0.7,0.06,0.9,0.56,0.06,-10.95868,60.23028,-78.99409,11.95464,-16.11815,21.37276,double_rcm_log_20260616_132745_154.csv,91.28757,Unknown,Task3_Insertion,0.0,34.55581415384069,91.45966810624837,95.78178328504573,154.44549092350474,102.85576509776303,390.1615488486788,3726.6375260772143,28762.862297170617,103901.76206735626,741.1968948733778,9699.686707621706
0.22726,0.04138,24.16445,ApproachEntry,Double,134.6086,472.2034,0.04423,295.8525,295.8525,0.0,134.6086,0.04423,0.0,0.0,0.0,0.15601,1.0,6,6,1,0.55411,1.1638,0.05965,0.75276,0.81661,0.05941,0.82,0.7,0.06,0.9,0.56,0.06,-5.44081,33.39986,-24.59061,-42.26598,-61.44238,56.69931,double_rcm_log_20260616_132745_154.csv,24.16445,Unknown,Task3_Insertion,0.0,0.04683119862435602,0.13179510083977392,0.13179511186217058,179.66358078356546,0.7903660301014586,295.85242571255003,2442.6159906658386,24179.82214171175,384560.57864265755,258.53966291441884,5317.514000822308
0.26987,0.0426,23.47234,AlignAtEntry,Double,1.23384,1.23384,0.13562,162.4079,162.4079,0.0,1.23384,0.13562,0.0,0.0,0.0,1.0,1.0,6,6,1,0.62065,1.04812,0.05949,0.81978,0.70121,0.06002,0.82,0.7,0.06,0.9,0.56,0.06,-3.65075,21.07327,-17.23053,-43.3605,-52.35106,54.79358,double_rcm_log_20260616_132745_154.csv,23.47234,Unknown,Task3_Insertion,0.0,0.13480634093372135,0.37937958893407076,0.37937985146037984,160.5385146176255,0.4098029545262962,162.40539676993492,1534.6858769400696,29849.890687129944,262575.0710363602,81.97943141030687,2946.5250631630656
0.30941,0.03955,25.28643,InsertToTarget,Double,1.23351,0.82331,0.15451,160.3304,160.3304,0.00554,0.82548,0.15451,0.0,0.0,0.0,0.99778,1.0,6,6,1,0.62167,1.04631,0.05983,0.82051,0.69924,0.06082,0.82,0.7,0.06,0.9,0.56,0.06,-3.62149,20.71652,-16.82793,-43.60476,-52.28214,54.92191,double_rcm_log_20260616_132745_154.csv,25.28643,Unknown,Task3_Insertion,0.0,0.15556606447665575,0.43780263689610954,0.43780304033274353,42.022727515228084,0.8226308640341322,160.3343696778703,37.92573378505729,18039.55650650741,408406.0198832971,4.922196050704402,952.1810707934297
0.34454,0.03512,28.47051,InsertToTarget,Double,1.87229,0.77713,0.1327,159.5453,159.5453,0.01045,0.78082,0.1327,0.0,0.0,0.0,0.99579,1.0,6,6,1,0.62215,1.04568,0.0599,0.82088,0.69854,0.06078,0.82,0.7,0.06,0.9,0.56,0.06,-3.6056,20.55264,-16.62138,-43.73765,-52.2637,55.05188,double_rcm_log_20260616_132745_154.csv,28.47051,Unknown,Task3_Insertion,0.0,0.13394511919343158,0.3769558946892956,0.37695615220296735,24.620799406608185,0.7810092090464746,159.54282935939176,22.625155603937483,280.9727685631124,256428.2939683431,3.3949421045972326,29.592716957696492
0.37957,0.03504,28.54185,InsertToTarget,Double,2.56461,0.61735,0.10468,158.7582,158.7582,0.01536,0.62166,0.10468,0.0,0.0,0.0,0.99381,1.0,6,6,1,0.62259,1.04503,0.05993,0.82125,0.69785,0.06062,0.82,0.7,0.06,0.9,0.56,0.06,-3.59156,20.41126,-16.45456,-43.83123,-52.24127,55.15465,double_rcm_log_20260616_132745_154.csv,28.54185,Unknown,Task3_Insertion,0.0,0.10444094043088885,0.2939236788736762,0.29392380094551157,14.004905756894248,0.6202790935104616,158.75947026870546,22.804813304621685,9.160220856397636,4246.139375015153,2.8832354428085076,11.950910153720027
0.41265,0.03308,30.22982,InsertToTarget,Double,3.26955,0.48662,0.08393,158.0134,158.0134,0.01999,0.49106,0.08393,0.0,0.0,0.0,0.99195,1.0,6,6,1,0.62299,1.0444,0.05994,0.82161,0.6972,0.06049,0.82,0.7,0.06,0.9,0.56,0.06,-3.57888,20.28543,-16.31071,-43.90601,-52.21654,55.23501,double_rcm_log_20260616_132745_154.csv,30.22982,Unknown,Task3_Insertion,0.0,0.0833981515291701,0.2347039037245996,0.23470396588996228,8.627847544743771,0.49007691703995765,158.01605045057926,22.79305432608799,30.43911968345527,565.0712081956291,2.6355748699866703,10.057362788803148
0.44413,0.03148,31.76946,InsertToTarget,Double,3.96117,0.39088,0.06561,157.3043,157.3043,0.0244,0.39527,0.06561,0.0,0.0,0.0,0.99017,1.0,6,6,1,0.62337,1.0438,0.05995,0.82196,0.69658,0.0604,0.82,0.7,0.06,0.9,0.56,0.06,-3.56718,20.17085,-16.18303,-43.96868,-52.19059,55.29888,double_rcm_log_20260616_132745_154.csv,31.76946,Unknown,Task3_Insertion,0.0,0.06817636263075953,0.1918658870986084,0.1918659210665782,5.794747306468725,0.4000307680474337,157.30383974970215,22.71000700747611,32.19126253347282,154.184199308359,2.3298285374600582,8.849758734637474
0.54253,0.0984,10.16246,InsertToTarget,Double,6.17083,0.33916,0.06256,155.0844,155.0844,0.03817,0.34546,0.06256,0.0,0.0,0.0,0.98462,1.0,6,6,1,0.62443,1.04185,0.05991,0.82303,0.69464,0.06034,0.82,0.7,0.06,0.9,0.56,0.06,-3.53541,19.88315,-15.90831,-44.04885,-52.09455,55.34369,double_rcm_log_20260616_132745_154.csv,10.16246,Unknown,Task3_Insertion,0.0,0.06616353633031637,0.18620127674783252,0.18620130779151828,3.171800772222425,0.3411947334790497,155.088446055791,22.68770624650605,44.905700974265585,264.7436609687435,2.331103146865327,16.425811217201783
0.57728,0.03475,28.77843,InsertToTarget,Double,6.95722,0.35511,0.06256,154.2978,154.2978,0.04304,0.36237,0.06256,0.0,0.0,0.0,0.98265,1.0,6,6,1,0.62486,1.04119,0.05994,0.82345,0.69397,0.06036,0.82,0.7,0.06,0.9,0.56,0.06,-3.52234,19.75434,-15.76353,-44.11914,-52.05904,55.40071,double_rcm_log_20260616_132745_154.csv,28.77843,Unknown,Task3_Insertion,0.0,0.06412884342525799,0.1804751279201037,0.18047515619396945,2.9665461930019115,0.3600192302556157,154.29838949256722,22.688431121213203,44.379519066323574,1074.3913079318188,2.985054034716935,5.773824970606526
0.61201,0.01805,55.40875,InsertToTarget,Double,7.72987,0.18759,0.02798,153.5178,153.5178,0.0479,0.19179,0.02798,0.0,0.0,0.0,0.98069,1.0,6,6,1,0.62531,1.04055,0.05997,0.82383,0.69329,0.06019,0.82,0.7,0.06,0.9,0.56,0.06,-3.50783,19.60338,-15.58003,-44.23316,-52.02901,55.5253,double_rcm_log_20260616_132745_154.csv,55.40875,Unknown,Task3_Insertion,0.0,0.03326689650552944,0.09362165287684916,0.09362165684950022,1.4089977282358497,0.19003643375375992,153.51914896845926,22.6801224971332,30.298497602033898,1236.3404062274444,2.6105027464171977,19.076408152324237
0.64488,0.03287,30.42417,InsertToTarget,Double,8.47077,0.16551,0.02798,152.7762,152.7762,0.0525,0.1697,0.02798,0.0,0.0,0.0,0.97884,1.0,6,6,1,0.62567,1.0399,0.05997,0.82419,0.69264,0.06017,0.82,0.7,0.06,0.9,0.56,0.06,-3.49695,19.50237,-15.47984,-44.26847,-51.99542,55.54954,double_rcm_log_20260616_132745_154.csv,30.42417,Unknown,Task3_Insertion,0.0,0.0305669561842731,0.08602332309388644,0.08602332616247454,1.1536398568481288,0.17054663246793678,152.7761584803074,22.588327098078892,42.55312810755007,339.31667488528444,1.9161880660359927,12.928408745593496
0.67923,0.03435,29.11331,InsertToTarget,Double,9.24648,0.16772,0.02798,152.0004,152.0004,0.05731,0.17241,0.02798,0.0,0.0,0.0,0.9769,1.0,6,6,1,0.62605,1.03923,0.05996,0.82458,0.69197,0.06017,0.82,0.7,0.06,0.9,0.56,0.06,-3.48547,19.39527,-15.37246,-44.30731,-51.95911,55.57386,double_rcm_log_20260616_132745_154.csv,29.11331,Unknown,Task3_Insertion,0.0,0.03234959990813263,0.09104014322633432,0.09104014686230748,1.0545418393606343,0.17016281795793517,152.00094144445288,22.566371541060743,7.608141380618846,696.2364580960166,1.9591624429130878,1.3139651826029661
0.74234,0.0337,29.67401,InsertToTarget,Double,10.67099,0.17393,0.02798,150.5758,150.5758,0.06615,0.17955,0.02798,0.0,0.0,0.0,0.97334,1.0,6,6,1,0.62676,1.03799,0.05996,0.82528,0.69073,0.06018,0.82,0.7,0.06,0.9,0.56,0.06,-3.46415,19.19468,-15.16861,-44.38589,-51.89127,55.62549,double_rcm_log_20260616_132745_154.csv,29.67401,Unknown,Task3_Insertion,0.0,0.03326689651648523,0.09362165290768157,0.09362165684950022,0.9699315669188094,0.1806143362569454,150.57703576575008,22.596950073032303,2.079684897447047,102.28523228338305,2.0215454073571903,0.3513473788974596
0.77366,0.03133,31.92001,InsertToTarget,Double,11.37847,0.17894,0.02798,149.8683,149.8683,0.07053,0.18509,0.02798,0.0,0.0,0.0,0.97157,1.0,6,6,1,0.62711,1.03737,0.05996,0.82564,0.69012,0.06018,0.82,0.7,0.06,0.9,0.56,0.06,-3.45353,19.09423,-15.06597,-44.42652,-51.85688,55.65241,double_rcm_log_20260616_132745_154.csv,31.92001,Unknown,Task3_Insertion,0.0,0.03394397905461821,0.09552713810980641,0.09552714230908245,0.9068102433360782,0.18006836308639712,149.86879728615952,22.55953476221102,4.211940005854463,73.320097909533,2.018058419615793,0.21124166838621306
0.8069,0.03324,30.08705,InsertToTarget,Double,12.12861,0.1825,0.03426,149.1181,149.1181,0.07518,0.1892,0.03426,0.0,0.0,0.0,0.96969,1.0,6,6,1,0.62748,1.03672,0.05996,0.82601,0.68947,0.06019,0.82,0.7,0.06,0.9,0.56,0.06,-3.44233,18.98861,-14.95879,-44.46835,-51.82015,55.6797,double_rcm_log_20260616_132745_154.csv,30.08705,Unknown,Task3_Insertion,0.0,0.035277818708267336,0.0992809074839953,0.09928091220451939,0.8982801229972021,0.19010118763032874,149.12088083162598,22.516610109859627,3.968211057516609,90.96274176793806,2.028718805107773,0.41292865884065805
0.8385,0.0316,31.64604,InsertToTarget,Double,12.84215,0.18695,0.03426,148.4046,148.4046,0.07961,0.19422,0.03426,0.0,0.0,0.0,0.96791,1.0,6,6,1,0.62783,1.0361,0.05996,0.82636,0.68885,0.06019,0.82,0.7,0.06,0.9,0.56,0.06,-3.43161,18.88674,-14.8544,-44.51067,-51.78463,55.70806,double_rcm_log_20260616_132745_154.csv,31.64604,Unknown,Task3_Insertion,0.0,0.035277818708267336,0.0992809074839953,0.09928091220451939,0.8491690956632933,0.19025893287428608,148.40892223852305,22.66236699244235,2.4471391015190833,120.52170315231386,2.038098369218763,0.39868746565929253
0.87228,0.03378,29.6076,InsertToTarget,Double,13.60474,0.19042,0.02798,147.642,147.642,0.08434,0.19828,0.02798,0.0,0.0,0.0,0.966,1.0,6,6,1,0.62821,1.03544,0.05996,0.82674,0.68818,0.0602,0.82,0.7,0.06,0.9,0.56,0.06,-3.42023,18.77888,-14.74468,-44.55443,-51.74638,55.73679,double_rcm_log_20260616_132745_154.csv,29.6076,Unknown,Task3_Insertion,0.0,0.036379622438698044,0.10238166778478164,0.1023816729214595,0.8437326673534333,0.20038424627161552,147.63868056847429,22.661913050637807,4.03917904703636,66.15372296440913,2.048387514350041,0.550343768401973
0.90449,0.03221,31.04511,InsertToTarget,Double,14.33206,0.19559,0.03426,146.9147,146.9147,0.08885,0.20409,0.03426,0.0,0.0,0.0,0.96419,1.0,6,6,1,0.62857,1.03481,0.05996,0.8271,0.68755,0.0602,0.82,0.7,0.06,0.9,0.56,0.06,-3.40929,18.67452,-14.63747,-44.59887,-51.70921,55.76671,double_rcm_log_20260616_132745_154.csv,31.04511,Unknown,Task3_Insertion,0.0,0.03637962242867967,0.10238166775658734,0.1023816729214595,0.8010223615721538,0.20038424627162074,146.9130780427665,22.505354315117984,3.0512662364534977,83.22714549125855,2.0660878478509286,0.6380494068394695
0.93798,0.03349,29.86017,InsertToTarget,Double,15.08799,0.19942,0.03956,146.1588,146.1588,0.09354,0.20856,0.03426,0.0,0.0,0.0,0.9623,1.0,6,6,1,0.62894,1.03415,0.05996,0.82748,0.6869,0.06021,0.82,0.7,0.06,0.9,0.56,0.06,-3.39797,18.56655,-14.527,-44.64449,-51.67021,55.79719,double_rcm_log_20260616_132745_154.csv,29.86017,Unknown,Task3_Insertion,0.0,0.03839770372531241,0.10806106971035317,0.10806107575154263,0.7977865498505956,0.21005859988254683,146.16020149137717,22.546714014789167,1.7841217575858543,75.04411320323557,2.0802175072735607,0.6562885244417433
0.99982,0.03194,31.30658,InsertToTarget,Double,16.48425,0.2028,0.03426,144.7625,144.7625,0.10219,0.21295,0.03426,0.0,0.0,0.0,0.95881,1.0,6,6,1,0.62963,1.03293,0.05996,0.82817,0.68568,0.06021,0.82,0.7,0.06,0.9,0.56,0.06,-3.37688,18.36382,-14.3174,-44.73526,-51.59635,55.86032,double_rcm_log_20260616_132745_154.csv,31.30658,Unknown,Task3_Insertion,0.0,0.03839770372531241,0.10806106971035317,0.10806107575154263,0.7307981820949773,0.21029649399030934,144.75861079742367,22.544209947938263,1.8982831063390857,74.49459805125997,2.119098177443927,0.20911473854130463
1.03149,0.03166,31.58086,InsertToTarget,Double,17.19922,0.20585,0.03956,144.0475,144.0475,0.10663,0.21661,0.03956,0.0,0.0,0.0,0.95702,1.0,6,6,1,0.62998,1.03231,0.05996,0.82852,0.68506,0.06022,0.82,0.7,0.06,0.9,0.56,0.06,-3.36612,18.26013,-14.21036,-44.78183,-51.55781,55.8924,double_rcm_log_20260616_132745_154.csv,31.58086,Unknown,Task3_Insertion,0.0,0.03973691721675627,0.11182996226391294,0.111829969005316,0.7345454431382227,0.2205029216621361,144.0466674380216,22.468141132674713,2.598612841721933,73.7574205177383,2.109732756823419,0.22492691940109685
1.0648,0.03331,30.01974,InsertToTarget,Double,17.95137,0.2099,0.03956,143.2953,143.2953,0.11129,0.22137,0.03956,0.0,0.0,0.0,0.95514,1.0,6,6,1,0.63035,1.03166,0.05996,0.82889,0.68441,0.06022,0.82,0.7,0.06,0.9,0.56,0.06,-3.35485,18.15167,-14.09888,-44.82999,-51.51687,55.92497,double_rcm_log_20260616_132745_154.csv,30.01974,Unknown,Task3_Insertion,0.0,0.03973691721675627,0.11182996226391294,0.111829969005316,0.704214522032215,0.22059011763902894,143.2987390035236,22.616490375232917,3.081086911085085,56.801247896150784,2.120311549812628,0.8983493437777779
1.09726,0.03246,30.80714,InsertToTarget,Double,18.68434,0.21509,0.03956,142.5624,142.5624,0.11584,0.22732,0.03956,0.0,0.0,0.0,0.95331,1.0,6,6,1,0.63072,1.03102,0.05996,0.82926,0.68377,0.06023,0.82,0.7,0.06,0.9,0.56,0.06,-3.34382,18.04486,-13.98839,-44.87909,-51.47616,55.95867,double_rcm_log_20260616_132745_154.csv,30.80714,Unknown,Task3_Insertion,0.0,0.04108241731054054,0.11561654687814668,0.11561655434729802,0.7062307389070405,0.23033420534919594,142.55950827636852,22.60486848184523,2.6873450973871478,63.73948145776488,2.1569115430126518,0.970640760713091
1.1286,0.03134,31.9062,InsertToTarget,Double,19.39187,0.21833,0.03956,141.8549,141.8549,0.12022,0.23123,0.03956,0.0,0.0,0.0,0.95154,1.0,6,6,1,0.63107,1.03041,0.05996,0.82961,0.68316,0.06023,0.82,0.7,0.06,0.9,0.56,0.06,-3.33311,17.94087,-13.88029,-44.92842,-51.43613,55.99323,double_rcm_log_20260616_132745_154.csv,31.9062,Unknown,Task3_Insertion,0.0,0.04108241731941209,0.1156165469031135,0.11561655434724691,0.6804294630253999,0.23027074365758154,141.85623215072363,22.563507792545458,1.556381600634782,78.60587687536771,2.1695900166488515,0.2630618401060016
1.16058,0.03197,31.27477,InsertToTarget,Double,20.11359,0.22079,0.03956,141.1331,141.1331,0.1247,0.23432,0.03956,0.0,0.0,0.0,0.94974,1.0,6,6,1,0.63142,1.02978,0.05996,0.82997,0.68253,0.06023,0.82,0.7,0.06,0.9,0.56,0.06,-3.32224,17.83509,-13.77061,-44.97853,-51.39486,56.02819,double_rcm_log_20260616_132745_154.csv,31.27477,Unknown,Task3_Insertion,0.0,0.04151792680844583,0.11684218302153823,0.11684219070162724,0.6558863408817389,0.23027074365758093,141.13062991427475,22.63059744868623,2.852339145769284,36.557822775124144,2.1614901372636535,0.2668397575364926
1.19372,0.03314,30.17715,InsertToTarget,Double,20.86191,0.2249,0.04423,140.3848,140.3848,0.12934,0.23921,0.03956,0.0,0.0,0.0,0.94786,1.0,6,6,1,0.63179,1.02913,0.05996,0.83034,0.68188,0.06024,0.82,0.7,0.06,0.9,0.56,0.06,-3.311,17.72576,-13.65754,-45.03015,-51.35152,56.06374,double_rcm_log_20260616_132745_154.csv,30.17715,Unknown,Task3_Insertion,0.0,0.042855353814875326,0.12060604779969276,0.1206060562552232,0.6599705664199275,0.24032029908821068,140.3827183096267,22.475178658180816,1.3698356854363392,74.29197094647165,2.1659593682045677,0.700125364153332
1.22714,0.03342,29.91837,InsertToTarget,Double,21.61674,0.23028,0.03956,139.63,139.63,0.13402,0.24549,0.03956,0.0,0.0,0.0,0.94598,1.0,6,6,1,0.63216,1.02847,0.05995,0.83071,0.68123,0.06024,0.82,0.7,0.06,0.9,0.56,0.06,-3.29967,17.61503,-13.54279,-45.08324,-51.30707,56.10032,double_rcm_log_20260616_132745_154.csv,29.91837,Unknown,Task3_Insertion,0.0,0.04444752514829702,0.125086828776167,0.12508683817900643,0.6373094487642831,0.24038750767491157,139.63479007754478,22.542122349969176,3.122201337377192,18.27959633675408,2.1991922053434454,1.2628473284321042
1.25911,0.03197,31.28269,InsertToTarget,Double,22.33839,0.23505,0.04423,138.9084,138.9084,0.13849,0.25107,0.04423,0.0,0.0,0.0,0.94417,1.0,6,6,1,0.63252,1.02784,0.05995,0.83107,0.6806,0.06025,0.82,0.7,0.06,0.9,0.56,0.06,-3.28875,17.50786,-13.43093,-45.13678,-51.26353,56.13803,double_rcm_log_20260616_132745_154.csv,31.28269,Unknown,Task3_Insertion,0.0,0.045789055563846374,0.12886224145947303,0.12886225175917151,0.6422164897983871,0.2503720308783579,138.90920559847712,22.674721283408445,0.3369864303474202,99.42171212030927,2.232049252910703,0.9509278762003848
1.29054,0.03143,31.81394,InsertToTarget,Double,23.04803,0.2376,0.04423,138.1988,138.1988,0.14289,0.25429,0.04423,0.0,0.0,0.0,0.9424,1.0,6,6,1,0.63287,1.02723,0.05995,0.83142,0.67998,0.06025,0.82,0.7,0.06,0.9,0.56,0.06,-3.27802,17.40211,-13.3204,-45.19056,-51.22001,56.17634,double_rcm_log_20260616_132745_154.csv,31.81394,Unknown,Task3_Insertion,0.0,0.04554753231354322,0.1281825327290379,0.1281825428604107,0.6229524280473495,0.25060235126896746,138.1972478018285,22.553821536246865,3.4267346551193674,26.18814609537219,2.2456613235910696,0.7401293467834668
1.32186,0.03132,31.92617,InsertToTarget,Double,23.75509,0.23906,0.04423,137.4917,137.4917,0.14728,0.2564,0.04423,0.0,0.0,0.0,0.94063,1.0,6,6,1,0.63322,1.02661,0.05995,0.83177,0.67937,0.06026,0.82,0.7,0.06,0.9,0.56,0.06,-3.26733,17.29657,-13.21005,-45.24474,-51.17599,56.21505,double_rcm_log_20260616_132745_154.csv,31.92617,Unknown,Task3_Insertion,0.0,0.04713593411233468,0.13265270509753346,0.13265271633427897,0.6283805386000466,0.2604995201531078,137.4939904141268,22.506327840898052,1.3388557998941732,72.04385538690407,2.2665375797542477,0.6657900491778902
1.38113,0.02939,34.0205,InsertToTarget,Double,25.09292,0.23933,0.04423,136.1538,136.1538,0.15558,0.25766,0.04423,0.0,0.0,0.0,0.93729,1.0,6,6,1,0.63389,1.02545,0.05996,0.83244,0.67821,0.06026,0.82,0.7,0.06,0.9,0.56,0.06,-3.24702,17.09477,-12.99791,-45.35246,-51.09007,56.29344,double_rcm_log_20260616_132745_154.csv,34.0205,Unknown,Task3_Insertion,0.0,0.045789055563846374,0.12886224145947303,0.12886225175919708,0.5941262344877043,0.2601892802143533,136.1544171152739,22.53808767756064,3.000755072250579,96.46475284216237,2.275257571984045,0.38745395766752033
1.41216,0.03103,32.22727,InsertToTarget,Double,25.79345,0.24024,0.04423,135.4533,135.4533,0.15992,0.25919,0.04423,0.0,0.0,0.0,0.93554,1.0,6,6,1,0.63423,1.02484,0.05995,0.83278,0.6776,0.06026,0.82,0.7,0.06,0.9,0.56,0.06,-3.23648,16.99013,-12.8887,-45.40734,-51.04456,56.33257,double_rcm_log_20260616_132745_154.csv,32.22727,Unknown,Task3_Insertion,0.0,0.04713593411233468,0.13265270509753346,0.13265271633427897,0.5789060288396484,0.26057923643594466,135.45610359079427,22.648836778585036,4.424375325942462,104.8339122874092,2.2640827815427946,0.34098706589003397
1.44399,0.03183,31.41484,InsertToTarget,Double,26.51214,0.2442,0.04423,134.7346,134.7346,0.16438,0.26402,0.04423,0.0,0.0,0.0,0.93374,1.0,6,6,1,0.63459,1.02422,0.05995,0.83314,0.67697,0.06026,0.82,0.7,0.06,0.9,0.56,0.06,-3.22569,16.88281,-12.7768,-45.46381,-50.99714,56.37234,double_rcm_log_20260616_132745_154.csv,31.41484,Unknown,Task3_Insertion,0.0,0.04690128934490734,0.1319923542048934,0.13199236528972133,0.5630648015299916,0.26057923643594383,134.73050174329487,22.719019381267195,3.954479026121602,102.00132374186461,2.284498439195935,1.1140881450073798
1.47505,0.03106,32.19789,InsertToTarget,Double,27.21343,0.24854,0.04846,134.0333,134.0333,0.16873,0.26926,0.04846,0.0,0.0,0.0,0.93199,1.0,6,6,1,0.63493,1.02361,0.05995,0.83349,0.67636,0.06027,0.82,0.7,0.06,0.9,0.56,0.06,-3.21512,16.77715,-12.66609,-45.52114,-50.94976,56.41312,double_rcm_log_20260616_132745_154.csv,32.19789,Unknown,Task3_Insertion,0.0,0.04866248281679891,0.1369488068083943,0.13694881915325552,0.5693588413373424,0.2704810529408671,134.02724573757376,22.570522744634687,3.147190038842795,63.96165773135686,2.3201931215969465,1.1079331445527745
1.53394,0.03037,32.92569,InsertToTarget,Double,28.54302,0.25004,0.04846,132.7037,132.7037,0.17697,0.27188,0.04846,0.0,0.0,0.0,0.92866,1.0,6,6,1,0.63559,1.02245,0.05995,0.83414,0.67521,0.06027,0.82,0.7,0.06,0.9,0.56,0.06,-3.19503,16.57494,-12.45328,-45.63502,-50.857,56.49599,double_rcm_log_20260616_132745_154.csv,32.92569,Unknown,Task3_Insertion,0.0,0.04848771511215833,0.13645696542444163,0.13645697764234388,0.5438911597058809,0.2709215043854216,132.70627942942255,22.59895578974952,1.1292540086207294,49.456057625588564,2.339651313704956,0.5664959870880005
1.56456,0.03062,32.65809,InsertToTarget,Double,29.23428,0.25319,0.04846,132.0125,132.0125,0.18126,0.27587,0.04846,0.0,0.0,0.0,0.92694,1.0,6,6,1,0.63593,1.02185,0.05995,0.83449,0.67461,0.06028,0.82,0.7,0.06,0.9,0.56,0.06,-3.18464,16.47036,-12.3437,-45.69357,-50.80795,56.53784,double_rcm_log_20260616_132745_154.csv,32.65809,Unknown,Task3_Insertion,0.0,0.050251760720548586,0.14142144455891034,0.14142145817865318,0.5496697049538166,0.2804639014204868,132.01170629910064,22.63544977569336,1.7767041595281787,29.457304082146333,2.3518158230804813,0.5658963147371078
1.62317,0.02906,34.41402,InsertToTarget,Double,30.55735,0.25673,0.04846,130.6894,130.6894,0.18946,0.28077,0.04423,0.0,0.0,0.0,0.92363,1.0,6,6,1,0.63659,1.0207,0.05995,0.83514,0.67346,0.06028,0.82,0.7,0.06,0.9,0.56,0.06,-3.1647,16.26802,-12.13061,-45.81138,-50.71072,56.62341,double_rcm_log_20260616_132745_154.csv,34.41402,Unknown,Task3_Insertion,0.0,0.04984399969151036,0.1402738999091743,0.14027391315553114,0.5267037462438356,0.2808886995563587,130.69074029937997,22.600908078093944,2.4456979356849735,64.8955762052651,2.3702926409080107,0.3560122708798669
1.65364,0.03047,32.81522,InsertToTarget,Double,31.24541,0.25891,0.04846,130.0014,130.0014,0.19373,0.28374,0.04846,0.0,0.0,0.0,0.92191,1.0,6,6,1,0.63693,1.0201,0.05995,0.83548,0.67286,0.06028,0.82,0.7,0.06,0.9,0.56,0.06,-3.1544,16.16361,-12.02131,-45.87164,-50.65949,56.66658,double_rcm_log_20260616_132745_154.csv,32.81522,Unknown,Task3_Insertion,0.0,0.04984399969151036,0.1402738999091743,0.14027391315553114,0.5154603394753592,0.28109675312138255,130.00110922603693,22.656483050758677,4.0887862884534085,42.1052309688359,2.3652757781871223,0.4580169373592426
1.68465,0.03101,32.24933,InsertToTarget,Double,31.94558,0.26352,0.04846,129.3012,129.3012,0.19807,0.28936,0.04846,0.0,0.0,0.0,0.92016,1.0,6,6,1,0.63727,1.01949,0.05995,0.83583,0.67225,0.06029,0.82,0.7,0.06,0.9,0.56,0.06,-3.14395,16.05727,-11.91001,-45.9335,-50.60647,56.71054,double_rcm_log_20260616_132745_154.csv,32.24933,Unknown,Task3_Insertion,0.0,0.05160140876294923,0.14521970201567153,0.1452197167448446,0.5217942867804332,0.29095598398277883,129.29785574401456,22.64623655745683,1.939970955659385,72.61295164799533,2.3852306380550683,0.665584586020674
1.74436,0.03148,31.76525,InsertToTarget,Double,33.29353,0.26853,0.04846,127.9533,127.9533,0.20643,0.29599,0.04846,0.0,0.0,0.0,0.91679,1.0,6,6,1,0.63794,1.01832,0.05995,0.8365,0.67108,0.06029,0.82,0.7,0.06,0.9,0.56,0.06,-3.12378,15.85067,-11.69293,-46.05803,-50.5008,56.80046,double_rcm_log_20260616_132745_154.csv,31.76525,Unknown,Task3_Insertion,0.0,0.05160140876294923,0.14521970201567153,0.14521971674487646,0.5004979080509004,0.2908581467630946,127.94960140617864,22.461104628219637,1.5869571952819677,43.61233609917609,2.393520456995336,0.6566948352958234
1.77676,0.0324,30.85988,InsertToTarget,Double,34.0254,0.27564,0.05234,127.2215,127.2215,0.21097,0.30446,0.05234,0.0,0.0,0.0,0.91496,1.0,6,6,1,0.6383,1.01768,0.05995,0.83686,0.67045,0.0603,0.82,0.7,0.06,0.9,0.56,0.06,-3.11294,15.73959,-11.57705,-46.12384,-50.44285,56.8466,double_rcm_log_20260616_132745_154.csv,30.85988,Unknown,Task3_Insertion,0.0,0.05318970396970175,0.14968957399973506,0.1496895901226308,0.5066156669020401,0.3008296221093579,127.22402328176854,22.47265245506805,1.5675820042570447,39.377830017869194,2.413419532484833,1.0315636763630451
1.83677,0.03058,32.70632,InsertToTarget,Double,35.38002,0.28257,0.05234,125.8669,125.8669,0.21937,0.31326,0.05234,0.0,0.0,0.0,0.91158,1.0,6,6,1,0.63897,1.01651,0.05995,0.83753,0.66927,0.06031,0.82,0.7,0.06,0.9,0.56,0.06,-3.09271,15.53008,-11.35643,-46.25588,-50.32999,56.94222,double_rcm_log_20260616_132745_154.csv,32.70632,Unknown,Task3_Insertion,0.0,0.05431342010954845,0.15285200070740998,0.15285201787804525,0.5038047672496057,0.3110923681777836,125.86711206665544,22.600440647861415,1.6845074980060648,30.485725055268784,2.4795965711570145,0.7956732434936261
1.89723,0.03082,32.44759,InsertToTarget,Double,36.74494,0.2874,0.05234,124.502,124.502,0.22783,0.31985,0.05234,0.0,0.0,0.0,0.90816,1.0,6,6,1,0.63964,1.01532,0.05995,0.8382,0.66808,0.06032,0.82,0.7,0.06,0.9,0.56,0.06,-3.07244,15.31918,-11.13496,-46.39079,-50.21261,57.03975,double_rcm_log_20260616_132745_154.csv,32.44759,Unknown,Task3_Insertion,0.0,0.05567516402838513,0.15668429882662896,0.15668431732769658,0.5019000962297889,0.3218790981815297,124.50152127584627,22.485788836803,2.3142411601297894,54.81186240728255,2.4795125028347327,0.7281115516074106
1.92858,0.03135,31.89894,InsertToTarget,Double,37.45284,0.29219,0.05234,123.7942,123.7942,0.23222,0.32582,0.05234,0.0,0.0,0.0,0.90639,1.0,6,6,1,0.63999,1.0147,0.05995,0.83855,0.66747,0.06032,0.82,0.7,0.06,0.9,0.56,0.06,-3.06199,15.21021,-11.02095,-46.46056,-50.1506,57.08953,double_rcm_log_20260616_132745_154.csv,31.89894,Unknown,Task3_Insertion,0.0,0.05589818022362084,0.15731192383183568,0.15731194254746955,0.4922735308909172,0.3217476316331405,123.79824635268461,22.51138031595973,1.750109000365945,56.71490233197771,2.5023747178758033,0.792728566937094
1.9877,0.03011,33.20726,InsertToTarget,Double,38.78776,0.29596,0.05595,122.4593,122.4593,0.2405,0.33122,0.05595,0.0,0.0,0.0,0.90306,1.0,6,6,1,0.64065,1.01354,0.05995,0.83922,0.66631,0.06033,0.82,0.7,0.06,0.9,0.56,0.06,-3.04224,15.00206,-10.80196,-46.60019,-50.02822,57.1912,double_rcm_log_20260616_132745_154.csv,33.20726,Unknown,Task3_Insertion,0.0,0.05765544448748852,0.16225731792229245,0.1622573384649427,0.489125883158561,0.33112628313774584,122.45870079336946,22.607235879343758,2.2574291163369207,101.23146427949885,2.5130282896359173,0.6460309272341661
2.01962,0.03192,31.3263,InsertToTarget,Double,39.50857,0.30044,0.05935,121.7385,121.7385,0.24497,0.33693,0.05935,0.0,0.0,0.0,0.90126,1.0,6,6,1,0.641,1.01291,0.05995,0.83957,0.66568,0.06034,0.82,0.7,0.06,0.9,0.56,0.06,-3.03171,14.89128,-10.68658,-46.67273,-49.96203,57.24261,double_rcm_log_20260616_132745_154.csv,31.3263,Unknown,Task3_Insertion,0.0,0.059009629715479635,0.16606834371905926,0.1660683657566138,0.4958240479164475,0.3418974205135795,121.73809140938589,22.54629009108748,4.751730575982516,77.122117815931,2.528865612473252,1.378840249427796
2.05025,0.03063,32.65052,InsertToTarget,Double,40.19999,0.30575,0.05935,121.0471,121.0471,0.24925,0.34354,0.05935,0.0,0.0,0.0,0.89953,1.0,6,6,1,0.64134,1.01231,0.05995,0.83991,0.66508,0.06034,0.82,0.7,0.06,0.9,0.56,0.06,-3.02156,14.78355,-10.57362,-46.74619,-49.89601,57.29533,double_rcm_log_20260616_132745_154.csv,32.65052,Unknown,Task3_Insertion,0.0,0.05900962972165599,0.16606834373644114,0.1660683657566138,0.4877026271124536,0.3421673005102266,121.04846178287433,22.523000808530547,3.5564015517574257,69.59884600285984,2.5799584804417566,1.505411544981499
2.10908,0.02991,33.4335,InsertToTarget,Double,41.52819,0.30741,0.05935,119.7189,119.7189,0.25749,0.34662,0.05935,0.0,0.0,0.0,0.89621,1.0,6,6,1,0.642,1.01116,0.05995,0.84057,0.66393,0.06034,0.82,0.7,0.06,0.9,0.56,0.06,-3.0021,14.57543,-10.35519,-46.89267,-49.7644,57.40208,double_rcm_log_20260616_132745_154.csv,33.4335,Unknown,Task3_Insertion,0.0,0.05900962972165599,0.16606834373644114,0.1660683657566138,0.47175747282182273,0.34189742051358085,119.72253505501791,22.582324706481142,1.4535989698824086,46.2531285159847,2.594469083172025,0.49479863302849486
2.13959,0.03051,32.77985,InsertToTarget,Double,42.21678,0.31019,0.05935,119.0303,119.0303,0.26176,0.35041,0.05935,0.0,0.0,0.0,0.89449,1.0,6,6,1,0.64234,1.01056,0.05995,0.84091,0.66333,0.06035,0.82,0.7,0.06,0.9,0.56,0.06,-2.99211,14.46831,-10.24344,-46.96761,-49.69529,57.45586,double_rcm_log_20260616_132745_154.csv,32.77985,Unknown,Task3_Insertion,0.0,0.06036742536836924,0.16988953008766716,0.16988955366364059,0.4779056077610322,0.3521057533447286,119.03293451814073,22.630697368017493,2.776680605800947,47.9164289266011,2.5873892014579765,0.6006814676290428
2.17063,0.03104,32.2131,InsertToTarget,Double,42.91779,0.31449,0.05935,118.3294,118.3294,0.26611,0.35597,0.05935,0.0,0.0,0.0,0.89274,1.0,6,6,1,0.64269,1.00995,0.05994,0.84126,0.66272,0.06035,0.82,0.7,0.06,0.9,0.56,0.06,-2.98198,14.35942,-10.13006,-47.04417,-49.62391,57.51041,double_rcm_log_20260616_132745_154.csv,32.2131,Unknown,Task3_Insertion,0.0,0.0617285931767305,0.17372020647376193,0.17372023168123543,0.4698964492150755,0.3519724639579287,118.32966027163259,22.626185245741574,2.2874430362718714,41.29591878747271,2.611401251207567,1.0166186914670388
2.22977,0.03079,32.47622,InsertToTarget,Double,44.25284,0.3173,0.06256,116.9943,116.9943,0.27439,0.36039,0.06256,0.0,0.0,0.0,0.8894,1.0,6,6,1,0.64335,1.00879,0.05994,0.84192,0.66156,0.06036,0.82,0.7,0.06,0.9,0.56,0.06,-2.96269,14.15006,-9.91143,-47.19725,-49.48186,57.62113,double_rcm_log_20260616_132745_154.csv,32.47622,Unknown,Task3_Insertion,0.0,0.06309291488313853,0.1775597586419422,0.1775597855701671,0.46894253954473314,0.36218142500048195,116.99508365739135,22.6059578797561,2.4391303977363674,55.16096834364599,2.64943031006805,0.5137072325848728
2.26025,0.03048,32.80483,InsertToTarget,Double,44.94101,0.32138,0.05935,116.3062,116.3062,0.27865,0.36571,0.05935,0.0,0.0,0.0,0.88768,1.0,6,6,1,0.64369,1.00819,0.05994,0.84226,0.66096,0.06036,0.82,0.7,0.06,0.9,0.56,0.06,-2.95283,14.04257,-9.79962,-47.27594,-49.40733,57.67727,double_rcm_log_20260616_132745_154.csv,32.80483,Unknown,Task3_Insertion,0.0,0.06309291488891516,0.17755975865819912,0.1775597855701671,0.4621039408255416,0.3624616690609614,116.30545473020597,22.625372534524175,3.3589626317974655,43.09742057046306,2.638886591991156,0.5421156326926665
2.29172,0.03147,31.77424,InsertToTarget,Double,45.65165,0.32638,0.06256,115.5956,115.5956,0.28306,0.37212,0.06256,0.0,0.0,0.0,0.8859,1.0,6,6,1,0.64403,1.00757,0.05994,0.84261,0.66034,0.06037,0.82,0.7,0.06,0.9,0.56,0.06,-2.94272,13.93216,-9.68529,-47.35655,-49.32976,57.73423,double_rcm_log_20260616_132745_154.csv,31.77424,Unknown,Task3_Insertion,0.0,0.06483705651098261,0.18246822160702492,0.18246825083331886,0.4679161632182957,0.37283529050527553,115.59353182596335,22.586573413154753,2.7623445068900154,46.564324513645275,2.642014030259745,0.7275551298167886
2.35421,0.033,30.29859,InsertToTarget,Double,47.06247,0.33494,0.06561,114.1849,114.1849,0.29181,0.3833,0.06561,0.0,0.0,0.0,0.88238,1.0,6,6,1,0.64473,1.00634,0.05994,0.84331,0.65912,0.06038,0.82,0.7,0.06,0.9,0.56,0.06,-2.92274,13.71233,-9.45784,-47.52082,-49.17049,57.85063,double_rcm_log_20260616_132745_154.csv,30.29859,Unknown,Task3_Insertion,0.0,0.06642158473868509,0.18692749128053668,0.1869275226914661,0.4656630183421085,0.38247171841145927,114.18701721299144,22.59476603819052,3.7191383390886577,23.706033751447006,2.7012357939155898,0.8568329589467445
2.38528,0.03107,32.18858,InsertToTarget,Double,47.76401,0.34105,0.06561,113.4834,113.4834,0.29616,0.39104,0.06561,0.0,0.0,0.0,0.88062,1.0,6,6,1,0.64507,1.00573,0.05994,0.84366,0.65851,0.06039,0.82,0.7,0.06,0.9,0.56,0.06,-2.91284,13.60223,-9.3437,-47.60558,-49.08804,57.91069,double_rcm_log_20260616_132745_154.csv,32.18858,Unknown,Task3_Insertion,0.0,0.06817636263610545,0.1918658871136532,0.1918659210665782,0.4705640866076324,0.39227345250279255,113.48377769531645,22.642147691150285,3.120709804082748,90.64340836214073,2.711423640023863,0.5982935603715689
2.4171,0.03183,31.42062,InsertToTarget,Double,48.4825,0.3457,0.06561,112.765,112.765,0.30061,0.39709,0.06561,0.0,0.0,0.0,0.87883,1.0,6,6,1,0.64543,1.00511,0.05994,0.84401,0.65788,0.06039,0.82,0.7,0.06,0.9,0.56,0.06,-2.90278,13.49015,-9.22813,-47.69175,-49.00292,57.97152,double_rcm_log_20260616_132745_154.csv,31.42062,Unknown,Task3_Insertion,0.0,0.06756438358269837,0.19014362085061523,0.19014365390318913,0.4647849482796287,0.39330160671696657,112.76314380150986,22.614685737526017,2.284608538743328,85.32653329027536,2.684424068398544,0.8360893350845549
2.45083,0.03373,29.64835,InsertToTarget,Double,49.24413,0.35315,0.06853,112.0034,112.0034,0.30534,0.40645,0.06853,0.0,0.0,0.0,0.87692,1.0,6,6,1,0.6458,1.00444,0.05994,0.84439,0.65722,0.0604,0.82,0.7,0.06,0.9,0.56,0.06,-2.89222,13.37241,-9.10748,-47.78104,-48.91273,58.03342,double_rcm_log_20260616_132745_154.csv,29.64835,Unknown,Task3_Insertion,0.0,0.06953219421160486,0.19568154537835386,0.19568158141585973,0.4687810048361924,0.4029143829649193,112.00160936343728,22.568558328877515,2.8013369984015126,20.60177431526503,2.745543970943129,2.033569549102174
2.50743,0.02932,34.10452,InsertToTarget,Double,50.52164,0.34769,0.06853,110.7258,110.7258,0.31326,0.40148,0.06853,0.0,0.0,0.0,0.87373,1.0,6,6,1,0.64644,1.00334,0.05994,0.84502,0.65611,0.0604,0.82,0.7,0.06,0.9,0.56,0.06,-2.87436,13.1684,-8.89555,-47.95234,-48.74562,58.15871,double_rcm_log_20260616_132745_154.csv,34.10452,Unknown,Task3_Insertion,0.0,0.06893222810596526,0.19399308668426624,0.19399312179139866,0.4574643599341803,0.4033780437181092,110.72530198649262,22.49055326652856,1.4058643583906718,55.96985962109794,2.816038083137193,0.7935821509078498
2.53775,0.03032,32.98597,InsertToTarget,Double,51.20596,0.34733,0.06561,110.0415,110.0415,0.3175,0.40176,0.06561,0.0,0.0,0.0,0.87202,1.0,6,6,1,0.64678,1.00274,0.05994,0.84536,0.65552,0.0604,0.82,0.7,0.06,0.9,0.56,0.06,-2.86498,13.0614,-8.78588,-48.03902,-48.65757,58.22036,double_rcm_log_20260616_132745_154.csv,32.98597,Unknown,Task3_Insertion,0.0,0.06914587345614856,0.19459433956679817,0.19459437499638,0.4510305216616585,0.40306517892462473,110.04435469391419,22.540888377240343,1.7039716594904308,38.83387728929921,2.812190893425658,0.6916015034330981
2.59459,0.02819,35.4777,InsertToTarget,Double,52.48892,0.344,0.06561,108.7585,108.7585,0.32546,0.39925,0.06561,0.0,0.0,0.0,0.86881,1.0,6,6,1,0.64742,1.00163,0.05994,0.846,0.6544,0.0604,0.82,0.7,0.06,0.9,0.56,0.06,-2.84743,12.85852,-8.57727,-48.21075,-48.48364,58.34386,double_rcm_log_20260616_132745_154.csv,35.4777,Unknown,Task3_Insertion,0.0,0.06893222810596526,0.19399308668426624,0.19399312179139866,0.43994703695134224,0.4030651789246282,108.75440220974961,22.601587622620695,0.738878845120973,52.568533216900725,2.7806625543872197,0.756335055314896
2.62655,0.03196,31.28457,InsertToTarget,Double,53.21054,0.34744,0.06853,108.0369,108.0369,0.32994,0.40393,0.06561,0.0,0.0,0.0,0.86701,1.0,6,6,1,0.64777,1.001,0.05994,0.84635,0.65377,0.0604,0.82,0.7,0.06,0.9,0.56,0.06,-2.83777,12.74749,-8.465,-48.29975,-48.38909,58.40523,double_rcm_log_20260616_132745_154.csv,31.28457,Unknown,Task3_Insertion,0.0,0.06893222810596526,0.19399308668426624,0.19399312179142697,0.4352387187233432,0.4042257556594571,108.033769720398,22.560969265604925,1.9220186163093105,38.6471138855705,2.8065679357565982,1.4962430683891141
2.6823,0.02667,37.5006,InsertToTarget,Double,54.46883,0.34732,0.06561,106.7786,106.7786,0.33774,0.40516,0.06561,0.0,0.0,0.0,0.86386,1.0,6,6,1,0.6484,0.99991,0.05994,0.84698,0.65268,0.0604,0.82,0.7,0.06,0.9,0.56,0.06,-2.82084,12.54782,-8.2604,-48.47533,-48.2076,58.53072,double_rcm_log_20260616_132745_154.csv,37.5006,Unknown,Task3_Insertion,0.0,0.06893222810596526,0.19399308668426624,0.19399312179139866,0.42428809983950583,0.4033780437181092,106.77482287505798,22.555140116065527,0.9938628977378294,28.76534822333041,2.9021172736327547,1.1393675436344404
2.74094,0.02937,34.04721,InsertToTarget,Double,55.79258,0.34736,0.06853,105.4548,105.4548,0.34595,0.40647,0.06853,0.0,0.0,0.0,0.86055,1.0,6,6,1,0.64905,0.99876,0.05994,0.84763,0.65153,0.0604,0.82,0.7,0.06,0.9,0.56,0.06,-2.80342,12.34188,-8.05234,-48.65221,-48.01768,58.65445,double_rcm_log_20260616_132745_154.csv,34.04721,Unknown,Task3_Insertion,0.0,0.06893222810596526,0.19399308668426624,0.19399312179139866,0.4151132415846076,0.40422575565945756,105.45386574232357,22.497487872911126,1.7977466171673604,10.860713894326649,2.8895013188235983,0.6599103509593145
2.79874,0.02835,35.27933,InsertToTarget,Double,57.09752,0.35107,0.06853,104.1499,104.1499,0.35404,0.41217,0.06853,0.0,0.0,0.0,0.85729,1.0,6,6,1,0.64969,0.99762,0.05994,0.84827,0.6504,0.06041,0.82,0.7,0.06,0.9,0.56,0.06,-2.78644,12.13793,-7.84652,-48.8326,-47.82203,58.78013,double_rcm_log_20260616_132745_154.csv,35.27933,Unknown,Task3_Insertion,0.0,0.07051219509224615,0.19843951947695884,0.19843955706419897,0.4163340573048412,0.4148512244908299,104.15527351027403,22.584328722363125,0.6731768730465232,52.003212117365685,2.9050449694243428,0.6405334924593185
2.85889,0.03075,32.51807,InsertToTarget,Double,58.45554,0.3574,0.07133,102.792,102.792,0.36246,0.4209,0.07133,0.0,0.0,0.0,0.8539,1.0,6,6,1,0.65036,0.99644,0.05994,0.84894,0.64921,0.06042,0.82,0.7,0.06,0.9,0.56,0.06,-2.76911,11.9279,-7.63652,-49.01761,-47.61588,58.90693,double_rcm_log_20260616_132745_154.csv,32.51807,Unknown,Task3_Insertion,0.0,0.07167548121680992,0.20171330523600906,0.20171334471021396,0.4176494176026462,0.42611663264343974,102.78970814240101,22.52585327408566,4.436556410626976,43.083374958167646,2.8887116622524407,2.303549514672343
2.89024,0.03135,31.9013,InsertToTarget,Double,59.16356,0.36471,0.07133,102.0841,102.0841,0.36685,0.43025,0.07133,0.0,0.0,0.0,0.85213,1.0,6,6,1,0.65071,0.99582,0.05994,0.84929,0.6486,0.06042,0.82,0.7,0.06,0.9,0.56,0.06,-2.76019,11.81884,-7.52796,-49.11399,-47.50673,58.97192,double_rcm_log_20260616_132745_154.csv,31.9013,Unknown,Task3_Insertion,0.0,0.07188108996061944,0.20229194101029713,0.20229198079926203,0.4124835645639159,0.42590898269285843,102.08643641542193,22.466464592035617,1.6231276005696398,116.38599648568497,2.98117065261387,2.1999731521901
2.94256,0.02661,37.58372,InsertToTarget,Double,60.34404,0.35351,0.06853,100.9034,100.9034,0.37418,0.41838,0.06853,0.0,0.0,0.0,0.84917,1.0,6,6,1,0.6513,0.9948,0.05995,0.84988,0.64758,0.06041,0.82,0.7,0.06,0.9,0.56,0.06,-2.74539,11.63179,-7.34015,-49.2968,-47.30416,59.10197,double_rcm_log_20260616_132745_154.csv,37.58372,Unknown,Task3_Insertion,0.0,0.06914587345614856,0.19459433956679817,0.19459437499638,0.39411008401982234,0.4150421665325079,100.90807153047768,22.667144523688748,6.524891290270148,65.54331386440857,2.963627294466756,1.7385965471484897
2.97385,0.03129,31.96362,InsertToTarget,Double,61.05045,0.35648,0.06853,100.1971,100.1971,0.37856,0.42237,0.06853,0.0,0.0,0.0,0.84741,1.0,6,6,1,0.65164,0.99418,0.05994,0.85023,0.64696,0.06042,0.82,0.7,0.06,0.9,0.56,0.06,-2.73675,11.52459,-7.23502,-49.39166,-47.19271,59.16532,double_rcm_log_20260616_132745_154.csv,31.96362,Unknown,Task3_Insertion,0.0,0.07225272128236496,0.2033378069217543,0.20333784733644725,0.3993323985137982,0.4255042257767161,100.19616210214834,22.646037704718452,2.9186815101318713,152.36247572477788,2.89932427804887,0.7542862219593917
3.00484,0.03099,32.27118,InsertToTarget,Double,61.75016,0.3649,0.07133,99.49746,99.49746,0.3829,0.43309,0.07133,0.0,0.0,0.0,0.84566,1.0,6,6,1,0.65199,0.99357,0.05994,0.85057,0.64635,0.06043,0.82,0.7,0.06,0.9,0.56,0.06,-2.72823,11.41724,-7.12925,-49.48957,-47.07804,59.23037,double_rcm_log_20260616_132745_154.csv,32.27118,Unknown,Task3_Insertion,0.0,0.07325241376161709,0.20615119806772914,0.206151240197831,0.405117029166796,0.43660578945383555,99.497900982885,22.54062198319671,3.0431020853213813,84.07648657402731,2.981055023838723,2.4100604049234833
3.06265,0.0295,33.90008,InsertToTarget,Double,63.05522,0.36799,0.07133,98.19244,98.19244,0.39099,0.43818,0.07133,0.0,0.0,0.0,0.8424,1.0,6,6,1,0.65263,0.99244,0.05994,0.85122,0.64522,0.06043,0.82,0.7,0.06,0.9,0.56,0.06,-2.71255,11.21501,-6.92995,-49.68414,-46.85069,59.3628,double_rcm_log_20260616_132745_154.csv,33.90008,Unknown,Task3_Insertion,0.0,0.07361708918322436,0.20717748825998866,0.2071775310151866,0.39616950593877304,0.43597635786288175,98.1943058430579,22.69878606417553,2.421992029761211,63.59002441618833,3.029352046934707,0.6920543915505201
3.09293,0.03028,33.02816,InsertToTarget,Double,63.73874,0.37103,0.07133,97.50896,97.50896,0.39523,0.44246,0.07133,0.0,0.0,0.0,0.84069,1.0,6,6,1,0.65297,0.99184,0.05994,0.85156,0.64462,0.06044,0.82,0.7,0.06,0.9,0.56,0.06,-2.70448,11.11032,-6.82771,-49.78357,-46.73177,59.42929,double_rcm_log_20260616_132745_154.csv,33.02816,Unknown,Task3_Insertion,0.0,0.07498399427853518,0.21102430979658646,0.21102435497201866,0.4011170952801281,0.44624932665323463,97.50472603930534,22.642703173560246,3.279782032972524,58.629579156113714,3.011450894405998,0.6855638424025141
3.12396,0.03103,32.22936,InsertToTarget,Double,64.4393,0.37631,0.07402,96.80847,96.80847,0.39957,0.44943,0.07402,0.0,0.0,0.0,0.83894,1.0,6,6,1,0.65331,0.99123,0.05994,0.8519,0.64401,0.06044,0.82,0.7,0.06,0.9,0.56,0.06,-2.6963,11.00334,-6.72358,-49.88531,-46.60883,59.49662,double_rcm_log_20260616_132745_154.csv,32.22936,Unknown,Task3_Insertion,0.0,0.07498399427853518,0.21102430979658646,0.21102435497201866,0.39792739577530334,0.447550598772408,96.80642385709736,22.503169721095052,1.5664600286572694,103.68222013325195,3.0315257184708466,1.4727568219807168
3.15483,0.03087,32.39429,InsertToTarget,Double,65.13631,0.38167,0.07402,96.11153,96.11153,0.40389,0.45662,0.07402,0.0,0.0,0.0,0.8372,1.0,6,6,1,0.65366,0.99063,0.05994,0.85225,0.64341,0.06045,0.82,0.7,0.06,0.9,0.56,0.06,-2.68825,10.89667,-6.61991,-49.98863,-46.48338,59.56503,double_rcm_log_20260616_132745_154.csv,32.39429,Unknown,Task3_Insertion,0.0,0.076353300284769,0.2148778879919091,0.21487793570251137,0.40139449345583705,0.45631635450048813,96.11187803804482,22.576204395904043,4.773078078034419,70.69089581978979,3.080173380112191,1.9472481975525204
3.18506,0.03023,33.07446,InsertToTarget,Double,65.81877,0.38457,0.07662,95.42912,95.42912,0.40813,0.46085,0.07662,0.0,0.0,0.0,0.83549,1.0,6,6,1,0.65399,0.99003,0.05994,0.85258,0.64281,0.06045,0.82,0.7,0.06,0.9,0.56,0.06,-2.68046,10.79191,-6.51826,-50.09243,-46.35685,59.63421,double_rcm_log_20260616_132745_154.csv,33.07446,Unknown,Task3_Insertion,0.0,0.076353300284769,0.2148778879919091,0.2148779357025275,0.3989454698241861,0.45829953255317324,95.42722357901853,22.61633500085248,3.7802947112068654,62.98861420699081,3.124823692160654,1.4731748537970586
3.24386,0.02935,34.06941,InsertToTarget,Double,67.14591,0.38298,0.07402,94.10196,94.10196,0.41636,0.46039,0.07402,0.0,0.0,0.0,0.83217,1.0,6,6,1,0.65465,0.98888,0.05994,0.85324,0.64166,0.06045,0.82,0.7,0.06,0.9,0.56,0.06,-2.66561,10.58823,-6.32155,-50.29913,-46.10237,59.77269,double_rcm_log_20260616_132745_154.csv,34.06941,Unknown,Task3_Insertion,0.0,0.076353300284769,0.2148778879919091,0.2148779357025275,0.39067214318423,0.45783604724163146,94.10130551697992,22.5192393812325,4.484144666007536,73.2140155927814,3.1362255729596105,0.744451782121012
3.27412,0.03026,33.04948,InsertToTarget,Double,67.82912,0.38391,0.07662,93.41877,93.41877,0.4206,0.46212,0.07662,0.0,0.0,0.0,0.83046,1.0,6,6,1,0.65499,0.98829,0.05994,0.85358,0.64107,0.06045,0.82,0.7,0.06,0.9,0.56,0.06,-2.65811,10.48441,-6.22209,-50.40364,-45.97111,59.84163,double_rcm_log_20260616_132745_154.csv,33.04948,Unknown,Task3_Insertion,0.0,0.076353300284769,0.2148778879919091,0.2148779357025275,0.38636949653138036,0.45738554684372335,93.4203607357625,22.66639077797905,5.724109742580928,66.38905733358044,3.1380508696156744,0.8764991374446923
3.30433,0.03021,33.10474,InsertToTarget,Double,68.51099,0.38588,0.07402,92.73692,92.73692,0.42482,0.46521,0.07402,0.0,0.0,0.0,0.82876,1.0,6,6,1,0.65532,0.98769,0.05994,0.85392,0.64047,0.06046,0.82,0.7,0.06,0.9,0.56,0.06,-2.65073,10.38072,-6.12297,-50.5092,-45.83762,59.91092,double_rcm_log_20260616_132745_154.csv,33.10474,Unknown,Task3_Insertion,0.0,0.0780883599346121,0.2197607905440146,0.21976084158147202,0.39107936130733784,0.46766852166234596,92.73078722840646,22.74555854632527,3.531635012298648,104.96310868108462,3.1608443003248987,0.965420807986683
3.36443,0.03085,32.41667,InsertToTarget,Double,69.86759,0.38781,0.07662,91.38035,91.38035,0.43324,0.46884,0.07662,0.0,0.0,0.0,0.82537,1.0,6,6,1,0.65599,0.98651,0.05994,0.85459,0.63929,0.06046,0.82,0.7,0.06,0.9,0.56,0.06,-2.63635,10.17502,-5.92748,-50.72153,-45.56572,60.04979,double_rcm_log_20260616_132745_154.csv,32.41667,Unknown,Task3_Insertion,0.0,0.0780883599346121,0.2197607905440146,0.21976084158147202,0.38404673416357255,0.468353909576281,91.37386825564516,22.46609927611102,3.413167626474848,139.3172813417693,2.9580774763288917,2.0990187581372495
3.40622,0.04179,23.92635,InsertToTarget,Double,70.81179,0.41461,0.08393,90.43653,90.43653,0.43909,0.50107,0.08393,0.0,0.0,0.0,0.82301,1.0,6,6,1,0.65643,0.98568,0.05993,0.85504,0.63847,0.06049,0.82,0.7,0.06,0.9,0.56,0.06,-2.62645,10.0383,-5.80041,-50.84359,-45.39924,60.12083,double_rcm_log_20260616_132745_154.csv,23.92635,Unknown,Task3_Insertion,0.0,0.08414120136122993,0.2367950360606705,0.2367950999042228,0.40535273096699737,0.500954473595538,90.43883347323752,22.517740969957924,9.835588393124674,29.977897682846027,3.172449573278233,6.542086271000164
3.45582,0.03221,31.04875,InsertToTarget,Double,71.93005,0.38648,0.07662,89.31787,89.31787,0.44603,0.46914,0.07662,0.0,0.0,0.0,0.82021,1.0,6,6,1,0.65702,0.98472,0.05994,0.85561,0.6375,0.06046,0.82,0.7,0.06,0.9,0.56,0.06,-2.61534,9.86321,-5.63384,-51.0526,-45.13344,60.26529,double_rcm_log_20260616_132745_154.csv,31.04875,Unknown,Task3_Insertion,0.0,0.07772488031921511,0.21873786576265197,0.21873791607667067,0.37342416738675366,0.4688266860349005,89.31368148273806,22.625675800029693,2.4400910307382473,142.62059917934036,3.484907719812027,2.04403287016574
3.51241,0.02887,34.63719,InsertToTarget,Double,73.20735,0.38089,0.07402,88.04051,88.04051,0.45396,0.46389,0.07402,0.0,0.0,0.0,0.81702,1.0,6,6,1,0.65765,0.98362,0.05995,0.85624,0.63639,0.06045,0.82,0.7,0.06,0.9,0.56,0.06,-2.60287,9.6701,-5.45329,-51.26431,-44.85209,60.40295,double_rcm_log_20260616_132745_154.csv,34.63719,Unknown,Task3_Insertion,0.0,0.07477497092933166,0.21043606448711488,0.21043610928856352,0.35982438328467165,0.45976749977151404,88.03733412592635,22.53525096250605,5.2609078746180105,34.31181368166891,3.2801499531177947,2.1426002211526103
3.57367,0.03129,31.95553,InsertToTarget,Double,74.59044,0.38857,0.07662,86.65753,86.65753,0.46253,0.4743,0.07662,0.0,0.0,0.0,0.81356,1.0,6,6,1,0.65833,0.98241,0.05994,0.85692,0.63519,0.06046,0.82,0.7,0.06,0.9,0.56,0.06,-2.58973,9.46446,-5.26326,-51.48303,-44.55319,60.53996,double_rcm_log_20260616_132745_154.csv,31.95553,Unknown,Task3_Insertion,0.0,0.07772488031921511,0.21873786576265197,0.21873791607669818,0.3614766960884503,0.47058065604755556,86.65814502976622,22.515801244405306,0.9510496869447576,59.12831912219472,3.28907859731192,1.1089323999872793
3.63256,0.03026,33.0432,InsertToTarget,Double,75.91969,0.39013,0.07662,85.32831,85.32831,0.47078,0.47762,0.07662,0.0,0.0,0.0,0.81024,1.0,6,6,1,0.65899,0.98125,0.05994,0.85758,0.63404,0.06047,0.82,0.7,0.06,0.9,0.56,0.06,-2.57764,9.26599,-5.08083,-51.70367,-44.24904,60.67913,double_rcm_log_20260616_132745_154.csv,33.0432,Unknown,Task3_Insertion,0.0,0.07930280291164858,0.22317854422466274,0.22317859766022613,0.36216207554046703,0.47985414450642805,85.33228521491735,22.54321891000561,2.582021871248341,16.198898060665595,3.3605532792099546,1.0826881184565715
3.69169,0.02982,33.53846,InsertToTarget,Double,77.25418,0.39088,0.07662,83.99384,83.99384,0.47905,0.47992,0.07662,0.0,0.0,0.0,0.8069,1.0,6,6,1,0.65965,0.98009,0.05995,0.85824,0.63288,0.06047,0.82,0.7,0.06,0.9,0.56,0.06,-2.56597,9.06774,-4.90013,-51.92636,-43.93673,60.81827,double_rcm_log_20260616_132745_154.csv,33.53846,Unknown,Task3_Insertion,0.0,0.07793260650532667,0.2193224604824195,0.21932251119896257,0.3562807390919877,0.48036044159168173,83.99769580173013,22.766286077309243,1.7834543104990117,93.5129048777581,3.368107810839738,0.7675996545265837
3.72185,0.03016,33.15186,InsertToTarget,Double,77.93507,0.3925,0.07662,83.31299,83.31299,0.48328,0.48254,0.07662,0.0,0.0,0.0,0.8052,1.0,6,6,1,0.65998,0.9795,0.05994,0.85858,0.63228,0.06047,0.82,0.7,0.06,0.9,0.56,0.06,-2.56018,8.96723,-4.80916,-52.03928,-43.77601,60.88786,double_rcm_log_20260616_132745_154.csv,33.15186,Unknown,Task3_Insertion,0.0,0.07945577796237464,0.2236090552029101,0.22360910895611463,0.35350949506922225,0.48087900285271407,83.30807703938429,22.64823430875165,4.773813784497491,55.06004839045575,3.3740621827421777,1.1523384959464102
3.75221,0.03036,32.93569,InsertToTarget,Double,78.62045,0.39512,0.07662,82.62764,82.62764,0.48753,0.48639,0.07662,0.0,0.0,0.0,0.80349,1.0,6,6,1,0.66032,0.97891,0.05994,0.85892,0.63169,0.06047,0.82,0.7,0.06,0.9,0.56,0.06,-2.55449,8.86623,-4.71808,-52.15343,-43.61224,60.95775,double_rcm_log_20260616_132745_154.csv,32.93569,Unknown,Task3_Insertion,0.0,0.07945577796237464,0.2236090552029101,0.22360910895611463,0.35006980066657567,0.48036044159168173,82.62713476818611,22.49025706475048,4.0204365784772635,57.70180916088162,3.4140253626860995,1.2841425895924574
3.81064,0.0288,34.717,InsertToTarget,Double,79.93909,0.39296,0.07662,81.309,81.309,0.49571,0.4852,0.07662,0.0,0.0,0.0,0.80019,1.0,6,6,1,0.66098,0.97776,0.05995,0.85957,0.63054,0.06047,0.82,0.7,0.06,0.9,0.56,0.06,-2.54401,8.67161,-4.5436,-52.38058,-43.28386,61.09771,double_rcm_log_20260616_132745_154.csv,34.717,Unknown,Task3_Insertion,0.0,0.07772488031921511,0.21873786576265197,0.21873791607667067,0.34523079222988035,0.48167975317154244,81.3061953359029,22.424250925459823,1.4178557436744528,69.47261871893271,3.417196515119223,0.7572309734557487
3.84153,0.0309,32.36398,InsertToTarget,Double,80.63659,0.395,0.07662,80.61153,80.61153,0.50003,0.48795,0.07662,0.0,0.0,0.0,0.79845,1.0,6,6,1,0.66132,0.97715,0.05995,0.85991,0.62994,0.06048,0.82,0.7,0.06,0.9,0.56,0.06,-2.53859,8.5701,-4.45351,-52.49607,-43.11337,61.167,double_rcm_log_20260616_132745_154.csv,32.36398,Unknown,Task3_Insertion,0.0,0.07930280291164858,0.22317854422466274,0.22317859766022613,0.349597397045784,0.4919802997932105,80.61663662048923,22.420062397140804,1.37825410713608,56.45456747373543,3.4197427163084395,0.8730152591535377
3.90157,0.03035,32.94492,InsertToTarget,Double,81.99147,0.39772,0.07913,79.25671,79.25671,0.50844,0.49267,0.07913,0.0,0.0,0.0,0.79506,1.0,6,6,1,0.66199,0.97598,0.05995,0.86058,0.62876,0.06048,0.82,0.7,0.06,0.9,0.56,0.06,-2.52857,8.37207,-4.27832,-52.72847,-42.76819,61.3066,double_rcm_log_20260616_132745_154.csv,32.94492,Unknown,Task3_Insertion,0.0,0.07909861606394547,0.22260391012902542,0.22260396316179512,0.34439115732591946,0.49280984006159806,79.25972747871387,22.622841002292823,1.616596449486754,8.884645177136736,3.4808311553288367,1.1225536012912207
3.96308,0.03244,30.82696,InsertToTarget,Double,83.3797,0.40209,0.07913,77.86856,77.86856,0.51705,0.4989,0.07913,0.0,0.0,0.0,0.79159,1.0,6,6,1,0.66267,0.97477,0.05995,0.86127,0.62755,0.06049,0.82,0.7,0.06,0.9,0.56,0.06,-2.5188,8.17094,-4.10226,-52.96453,-42.41076,61.4459,double_rcm_log_20260616_132745_154.csv,30.82696,Unknown,Task3_Insertion,0.0,0.08082544604830874,0.22746365197427934,0.22746370856691794,0.3455246587386096,0.5028319798899034,77.86690888946346,22.480698760540633,1.859959823554798,81.52224107852183,3.512917158658993,1.8912357957787094
3.99426,0.03118,32.06763,InsertToTarget,Double,84.08377,0.40721,0.08156,77.16457,77.16457,0.52142,0.50626,0.08156,0.0,0.0,0.0,0.78983,1.0,6,6,1,0.66302,0.97415,0.05995,0.86161,0.62694,0.06049,0.82,0.7,0.06,0.9,0.56,0.06,-2.51408,8.06881,-4.01313,-53.08614,-42.22493,61.51674,double_rcm_log_20260616_132745_154.csv,32.06763,Unknown,Task3_Insertion,0.0,0.08067516102357593,0.22704071143238602,0.22704076769900594,0.3438288340451367,0.5045546398710292,77.16861926975241,22.538722728981515,4.7664727754844485,22.376095043545188,3.5773513440894273,2.1278298315972877
4.02429,0.03003,33.30281,InsertToTarget,Double,84.76151,0.40711,0.08156,76.48685,76.48685,0.52562,0.50705,0.08156,0.0,0.0,0.0,0.78813,1.0,6,6,1,0.66335,0.97357,0.05995,0.86195,0.62635,0.06049,0.82,0.7,0.06,0.9,0.56,0.06,-2.50976,7.97044,-3.92784,-53.20689,-42.03955,61.58793,double_rcm_log_20260616_132745_154.csv,33.30281,Unknown,Task3_Insertion,0.0,0.08082544605281804,0.2274636519869697,0.22746370856691794,0.34067063461079056,0.5039688635070859,76.48767940001834,22.619620135185666,1.7766240904561217,109.02920797331822,3.618430196427978,1.103772986706001
4.05447,0.03018,33.13449,InsertToTarget,Double,85.44264,0.40602,0.07913,75.80572,75.80572,0.52984,0.50622,0.07913,0.0,0.0,0.0,0.78643,1.0,6,6,1,0.66369,0.97297,0.05995,0.86229,0.62576,0.06049,0.82,0.7,0.06,0.9,0.56,0.06,-2.50557,7.87216,-3.84321,-53.32755,-41.85243,61.65865,double_rcm_log_20260616_132745_154.csv,33.13449,Unknown,Task3_Insertion,0.0,0.08103625792172704,0.22805693056436618,0.22805698759753576,0.3375705148988218,0.5033946303310735,75.80673980590375,22.561729927469614,1.9207431054928739,69.19903296682497,3.6134518403029428,0.7794006032511605
4.11561,0.03124,32.00732,InsertToTarget,Double,86.82247,0.40611,0.07913,74.4259,74.4259,0.5384,0.50723,0.08156,0.0,0.0,0.0,0.78298,1.0,6,6,1,0.66437,0.97177,0.05995,0.86297,0.62456,0.06049,0.82,0.7,0.06,0.9,0.56,0.06,-2.49746,7.67417,-3.67395,-53.57041,-41.47052,61.79883,double_rcm_log_20260616_132745_154.csv,32.00732,Unknown,Task3_Insertion,0.0,0.08103625792172704,0.22805693056436618,0.22805698759753576,0.3329732946451647,0.5045546398710292,74.4275123862137,22.521825222655245,0.3575377638692654,28.46394588851968,3.6565781001000275,1.379386775589619
4.14587,0.03026,33.04434,InsertToTarget,Double,87.50529,0.40681,0.08156,73.7431,73.7431,0.54264,0.50895,0.08156,0.0,0.0,0.0,0.78127,1.0,6,6,1,0.66471,0.97118,0.05995,0.86331,0.62397,0.06049,0.82,0.7,0.06,0.9,0.56,0.06,-2.49371,7.5761,-3.59051,-53.693,-41.27604,61.86906,double_rcm_log_20260616_132745_154.csv,33.04434,Unknown,Task3_Insertion,0.0,0.08103625792172704,0.22805693056436618,0.22805698759753576,0.3299985078355847,0.5039688635070744,73.74657347972173,22.534385691661466,1.3477531119132173,26.628486769384594,3.6928416080770226,0.9523843505479473
4.20532,0.03026,33.05157,InsertToTarget,Double,88.84688,0.40241,0.07913,72.40148,72.40148,0.55096,0.50447,0.07913,0.0,0.0,0.0,0.77792,1.0,6,6,1,0.66538,0.97002,0.05995,0.86397,0.6228,0.06049,0.82,0.7,0.06,0.9,0.56,0.06,-2.48688,7.38442,-3.429,-53.93597,-40.88593,62.0079,double_rcm_log_20260616_132745_154.csv,33.05157,Unknown,Task3_Insertion,0.0,0.08047439712291214,0.2264757104054606,0.2264757662520852,0.3261646127970427,0.5057606609393863,72.40332174700272,22.534050570999348,2.5892302074840052,118.90765800501556,3.641520578396658,1.1419491818726535
4.23757,0.03224,31.01289,InsertToTarget,Double,89.57487,0.40826,0.08156,71.67358,71.67358,0.55548,0.51183,0.08156,0.0,0.0,0.0,0.7761,1.0,6,6,1,0.66573,0.96938,0.05995,0.86433,0.62217,0.0605,0.82,0.7,0.06,0.9,0.56,0.06,-2.48324,7.28167,-3.34302,-54.0617,-40.68019,62.07682,double_rcm_log_20260616_132745_154.csv,31.01289,Unknown,Task3_Insertion,0.0,0.08240461313048063,0.23190783241313484,0.23190789237600037,0.3297234813942317,0.515454989454789,71.67780549096067,22.661702794161254,6.069943856857588,98.52723417319113,3.695665539694548,2.9528717267507516
4.2678,0.03023,33.07539,InsertToTarget,Double,90.25731,0.40969,0.08156,70.99119,70.99119,0.55971,0.51477,0.08156,0.0,0.0,0.0,0.77439,1.0,6,6,1,0.66607,0.96879,0.05995,0.86467,0.62157,0.0605,0.82,0.7,0.06,0.9,0.56,0.06,-2.48017,7.18441,-3.2618,-54.18703,-40.47537,62.14669,double_rcm_log_20260616_132745_154.csv,33.07539,Unknown,Task3_Insertion,0.0,0.08219725171834719,0.23132426432447042,0.23132432384733187,0.32759051361145486,0.5160635023536668,70.98819479321887,22.71624465189892,5.708671332430893,76.24673875893704,3.799923770780976,2.7507711738997984
4.32566,0.03209,31.16683,InsertToTarget,Double,91.56244,0.39868,0.07913,69.68589,69.68589,0.56781,0.50111,0.07913,0.0,0.0,0.0,0.77113,1.0,6,6,1,0.66672,0.96765,0.05995,0.86532,0.62044,0.06048,0.82,0.7,0.06,0.9,0.56,0.06,-2.47491,6.99998,-3.11004,-54.42875,-40.07518,62.28241,double_rcm_log_20260616_132745_154.csv,31.16683,Unknown,Task3_Insertion,0.0,0.07967015433921727,0.22421236523849564,0.22421241943695025,0.3102261287870495,0.4957666945092447,69.68447746808464,22.538313181714244,2.1147442930402036,63.590812975946434,3.8157148873836664,0.8580394774886861
4.38623,0.03101,32.25242,InsertToTarget,Double,92.92969,0.4039,0.07913,68.31876,68.31876,0.57629,0.50908,0.07913,0.0,0.0,0.0,0.76771,1.0,6,6,1,0.66739,0.96647,0.05995,0.86599,0.61925,0.06049,0.82,0.7,0.06,0.9,0.56,0.06,-2.46983,6.80751,-2.95222,-54.67833,-39.65538,62.41721,double_rcm_log_20260616_132745_154.csv,32.25242,Unknown,Task3_Insertion,0.0,0.08082544605281804,0.2274636519869697,0.22746370856691794,0.31299709108142704,0.507655243402297,68.31897759773626,22.58336897363976,1.6251326868413456,24.938927692191662,3.8412851245283695,1.068815461540027
4.44622,0.03063,32.64431,InsertToTarget,Double,94.28352,0.40444,0.07913,66.96498,66.96498,0.58469,0.51088,0.07913,0.0,0.0,0.0,0.76433,1.0,6,6,1,0.66806,0.96529,0.05995,0.86666,0.61807,0.06049,0.82,0.7,0.06,0.9,0.56,0.06,-2.4656,6.61777,-2.79854,-54.92962,-39.22675,62.55196,double_rcm_log_20260616_132745_154.csv,32.64431,Unknown,Task3_Insertion,0.0,0.08082544604830874,0.22746365197427934,0.22746370856691794,0.30909140263884965,0.5086407225295583,66.96208330092485,22.606365252173333,1.257488372046701,26.795836463818368,3.897629935119835,1.3328726437040972
4.5065,0.03045,32.84376,InsertToTarget,Double,95.64393,0.40544,0.08156,65.60462,65.60462,0.59313,0.51313,0.08156,0.0,0.0,0.0,0.76092,1.0,6,6,1,0.66873,0.96411,0.05995,0.86734,0.61689,0.0605,0.82,0.7,0.06,0.9,0.56,0.06,-2.46207,6.42815,-2.64663,-55.18349,-38.78715,62.68583,double_rcm_log_20260616_132745_154.csv,32.84376,Unknown,Task3_Insertion,0.0,0.08255965854991888,0.2323441699058987,0.23234423021619705,0.3096960832439812,0.5169972474260836,65.60028734693165,22.556827420231837,1.5947187163533654,17.53458476372097,3.9580790199748526,1.3785504543590634
4.56576,0.02987,33.47423,InsertToTarget,Double,96.98122,0.40301,0.07913,64.26732,64.26732,0.60143,0.51101,0.07913,0.0,0.0,0.0,0.75758,1.0,6,6,1,0.6694,0.96294,0.05996,0.868,0.61573,0.06049,0.82,0.7,0.06,0.9,0.56,0.06,-2.45945,6.24254,-2.49976,-55.43739,-38.34142,62.81844,double_rcm_log_20260616_132745_154.csv,33.47423,Unknown,Task3_Insertion,0.0,0.07967015433921727,0.22421236523849564,0.22421241943695688,0.30010766018421303,0.5079809202958516,64.26564400984398,22.53103528769733,0.9487295416275793,25.366482767102802,4.02029926114963,1.0875666870346803
4.62497,0.02922,34.22197,InsertToTarget,Double,98.31731,0.40171,0.07913,62.93126,62.93126,0.60971,0.51043,0.07913,0.0,0.0,0.0,0.75424,1.0,6,6,1,0.67006,0.96178,0.05996,0.86866,0.61457,0.06049,0.82,0.7,0.06,0.9,0.56,0.06,-2.45757,6.058,-2.35532,-55.69263,-37.88686,62.94933,double_rcm_log_20260616_132745_154.csv,34.22197,Unknown,Task3_Insertion,0.0,0.07967015433921727,0.22421236523849564,0.22421241943695688,0.29641835966561886,0.5086407225295665,62.93107817287091,22.545259849215835,1.4784074387252057,14.386595354397295,4.039570395320556,1.017180218631889
4.68553,0.03067,32.60806,InsertToTarget,Double,99.6838,0.40478,0.08156,61.56484,61.56484,0.61819,0.51432,0.08156,0.0,0.0,0.0,0.75082,1.0,6,6,1,0.67073,0.96059,0.05996,0.86933,0.61338,0.06049,0.82,0.7,0.06,0.9,0.56,0.06,-2.45626,5.87074,-2.21037,-55.95116,-37.41897,63.07838,double_rcm_log_20260616_132745_154.csv,32.60806,Unknown,Task3_Insertion,0.0,0.07967015433921727,0.22421236523849564,0.22421241943695688,0.2937355308500084,0.5110381590448884,61.565521194902566,22.580622622664972,0.7781435368954424,24.433828884620194,4.091748893241242,1.5829072665325945
4.74516,0.03001,33.31954,InsertToTarget,Double,101.0295,0.40575,0.07913,60.21917,60.21917,0.62654,0.51662,0.07913,0.0,0.0,0.0,0.74746,1.0,6,6,1,0.67139,0.95942,0.05996,0.87,0.61221,0.0605,0.82,0.7,0.06,0.9,0.56,0.06,-2.45598,5.68672,-2.06963,-56.21214,-36.94099,63.20719,double_rcm_log_20260616_132745_154.csv,33.31954,Unknown,Task3_Insertion,0.0,0.08141473504180466,0.22912206208141286,0.22912211991498074,0.2950623173855477,0.5202898600410516,60.2173903453147,22.561183023395774,1.4784682993907714,9.50611362809259,4.190611603475387,1.5370819921204377
4.80345,0.02953,33.86313,InsertToTarget,Double,102.3446,0.40175,0.08156,58.90404,58.90404,0.6347,0.51226,0.07913,0.0,0.0,0.0,0.74417,1.0,6,6,1,0.67205,0.95828,0.05996,0.87065,0.61107,0.06049,0.82,0.7,0.06,0.9,0.56,0.06,-2.45665,5.5078,-1.9348,-56.47158,-36.45948,63.33398,double_rcm_log_20260616_132745_154.csv,33.86313,Unknown,Task3_Insertion,0.0,0.07967015433921727,0.22421236523849564,0.22421241943695688,0.28609955381996793,0.5110381590448952,58.90507193782207,22.550347314990457,0.3666588086925296,19.246049818232684,4.236007694404697,1.1546612685608466
4.86292,0.02984,33.51196,InsertToTarget,Double,103.6866,0.404,0.07913,57.56217,57.56217,0.64303,0.51539,0.07913,0.0,0.0,0.0,0.74081,1.0,6,6,1,0.67271,0.95711,0.05996,0.87131,0.6099,0.06049,0.82,0.7,0.06,0.9,0.56,0.06,-2.45799,5.32637,-1.79947,-56.73452,-35.9642,63.45857,double_rcm_log_20260616_132745_154.csv,33.51196,Unknown,Task3_Insertion,0.0,0.07967015433921727,0.22421236523849564,0.22421241943695688,0.28358826057043296,0.5132011151735577,57.56184673896412,22.56875345911994,0.8081610291042997,18.677194417151984,4.2807947264647455,1.4202199490197207
4.92172,0.03001,33.32255,InsertToTarget,Double,105.0132,0.40416,0.08156,56.23558,56.23558,0.65126,0.51599,0.08156,0.0,0.0,0.0,0.7375,1.0,6,6,1,0.67336,0.95596,0.05996,0.87197,0.60875,0.06049,0.82,0.7,0.06,0.9,0.56,0.06,-2.46029,5.14787,-1.66822,-56.99854,-35.46051,63.58172,double_rcm_log_20260616_132745_154.csv,33.32255,Unknown,Task3_Insertion,0.0,0.08005512430890332,0.2252957693329254,0.22529582431630352,0.27960821328182794,0.5124691360312482,56.235962692924495,22.56339386231856,2.2055280076728296,16.326629550630457,4.363562717853885,1.0309175345350658
4.98023,0.02921,34.22937,InsertToTarget,Double,106.3334,0.40432,0.07913,54.91544,54.91544,0.65945,0.51695,0.07913,0.0,0.0,0.0,0.7342,1.0,6,6,1,0.67401,0.95481,0.05996,0.87262,0.6076,0.06049,0.82,0.7,0.06,0.9,0.56,0.06,-2.46356,4.97103,-1.53997,-57.26492,-34.94582,63.70348,double_rcm_log_20260616_132745_154.csv,34.22937,Unknown,Task3_Insertion,0.0,0.08005512430890332,0.2252957693329254,0.22529582431630352,0.2771317458969308,0.5143195654305129,54.915066238692646,22.43236691813438,2.5353319542385298,72.37236521138553,4.349589383041416,0.8350195344734966
5.01108,0.03085,32.40991,InsertToTarget,Double,107.0295,0.40959,0.08156,54.21946,54.21946,0.66377,0.52292,0.08156,0.0,0.0,0.0,0.73246,1.0,6,6,1,0.67435,0.9542,0.05996,0.87296,0.607,0.0605,0.82,0.7,0.06,0.9,0.56,0.06,-2.46538,4.87863,-1.47347,-57.40143,-34.67859,63.7635,double_rcm_log_20260616_132745_154.csv,32.40991,Unknown,Task3_Insertion,0.0,0.08164106866544564,0.22975902284155353,0.22975908115637544,0.2808501322342377,0.5246009472410169,54.22556223774906,22.447352746747633,1.523330112597745,84.77269528926323,4.353705440939153,1.6216914404157032
5.07204,0.03269,30.59386,InsertToTarget,Double,108.4048,0.41752,0.08156,52.84433,52.84433,0.67231,0.53206,0.08156,0.0,0.0,0.0,0.72902,1.0,6,6,1,0.67502,0.953,0.05996,0.87364,0.6058,0.06051,0.82,0.7,0.06,0.9,0.56,0.06,-2.46993,4.69664,-1.34424,-57.67667,-34.13506,63.88321,double_rcm_log_20260616_132745_154.csv,30.59386,Unknown,Task3_Insertion,0.0,0.0833981515291701,0.2347039037245996,0.23470396588996228,0.2831093104469472,0.535636214091401,52.846472919202455,22.63181763833866,3.1159948665909374,21.99988047670533,4.572314405810841,2.924781778500018
5.12864,0.02874,34.79121,InsertToTarget,Double,109.6819,0.40909,0.08156,51.56715,51.56715,0.68023,0.52417,0.08156,0.0,0.0,0.0,0.72582,1.0,6,6,1,0.67566,0.9519,0.05996,0.87428,0.60469,0.0605,0.82,0.7,0.06,0.9,0.56,0.06,-2.47604,4.52728,-1.22649,-57.94983,-33.5912,64.00333,double_rcm_log_20260616_132745_154.csv,34.79121,Unknown,Task3_Insertion,0.0,0.08181034975508844,0.23023542316277604,0.2302354818443419,0.2740377264366815,0.5246009472410241,51.565148113818054,22.564491431872295,0.9035267560247823,35.19701935382365,4.671480991622861,1.2862664303919678
5.18738,0.02964,33.7341,InsertToTarget,Double,111.0068,0.41044,0.08156,50.24234,50.24234,0.68845,0.52486,0.08156,0.0,0.0,0.0,0.72251,1.0,6,6,1,0.67632,0.95074,0.05996,0.87493,0.60354,0.0605,0.82,0.7,0.06,0.9,0.56,0.06,-2.48275,4.35384,-1.10765,-58.22482,-33.0346,64.11883,double_rcm_log_20260616_132745_154.csv,33.7341,Unknown,Task3_Insertion,0.0,0.08164106866544564,0.22975902284155353,0.22975908115637544,0.27176254030579705,0.5265110123766277,50.24426832983036,22.56599989312137,0.9639071177275499,15.75303619725692,4.6703903746921105,1.2115321482327996
5.24632,0.02939,34.02763,InsertToTarget,Double,112.3366,0.41427,0.08156,48.91273,48.91273,0.6967,0.52988,0.07913,0.0,0.0,0.0,0.71919,1.0,6,6,1,0.67697,0.94959,0.05996,0.87559,0.60238,0.0605,0.82,0.7,0.06,0.9,0.56,0.06,-2.49059,4.18054,-0.99068,-58.50462,-32.46158,64.23284,double_rcm_log_20260616_132745_154.csv,34.02763,Unknown,Task3_Insertion,0.0,0.08181034975508844,0.23023542316277604,0.2302354818443913,0.268933059107239,0.5272935250299101,48.90973829412707,22.579400256378573,1.9293839869081308,10.514465584819728,4.762262953418901,1.3081611719820625
5.30499,0.02953,33.8685,InsertToTarget,Double,113.66,0.41699,0.08156,47.58942,47.58942,0.70492,0.53319,0.08156,0.0,0.0,0.0,0.71588,1.0,6,6,1,0.67762,0.94843,0.05996,0.87624,0.60123,0.0605,0.82,0.7,0.06,0.9,0.56,0.06,-2.4996,4.00918,-0.87729,-58.78713,-31.87595,64.34517,double_rcm_log_20260616_132745_154.csv,33.8685,Unknown,Task3_Insertion,0.0,0.08204637660513713,0.23089966313694896,0.23089972232263284,0.2668167449883676,0.5292956132010149,47.58886949697375,22.496971680431077,1.3623004269316075,38.46125457905796,4.779055767936268,1.8483418555379363
5.33566,0.03068,32.59741,InsertToTarget,Double,114.3519,0.42355,0.08393,46.89766,46.89766,0.70921,0.54054,0.08156,0.0,0.0,0.0,0.71415,1.0,6,6,1,0.67795,0.94783,0.05996,0.87658,0.60063,0.06051,0.82,0.7,0.06,0.9,0.56,0.06,-2.50449,3.92022,-0.81894,-58.93234,-31.5717,64.40047,double_rcm_log_20260616_132745_154.csv,32.59741,Unknown,Task3_Insertion,0.0,0.08381336422119612,0.23587241847665621,0.23587248158614463,0.2703489770827205,0.5395567981793389,46.89939658460431,22.510867580823977,1.0004743264958493,34.09668249488222,4.84568424417669,2.3267783747485278
5.39384,0.02923,34.20853,InsertToTarget,Double,115.6643,0.4235,0.08156,45.58537,45.58537,0.71736,0.54145,0.08156,0.0,0.0,0.0,0.71086,1.0,6,6,1,0.6786,0.94669,0.05996,0.87723,0.59949,0.06051,0.82,0.7,0.06,0.9,0.56,0.06,-2.51551,3.75181,-0.71116,-59.22156,-30.96158,64.51114,double_rcm_log_20260616_132745_154.csv,34.20853,Unknown,Task3_Insertion,0.0,0.08381336422554465,0.23587241848889404,0.23587248158614463,0.26748285084007817,0.539962961692771,45.58720324828006,22.593016393252775,1.0949897357631264,30.521715930985078,4.947259647919092,1.6940380101762091
5.42434,0.0305,32.78409,InsertToTarget,Double,116.3521,0.42916,0.08156,44.89773,44.89773,0.72163,0.54724,0.08156,0.0,0.0,0.0,0.70914,1.0,6,6,1,0.67894,0.94608,0.05996,0.87757,0.59889,0.06052,0.82,0.7,0.06,0.9,0.56,0.06,-2.52139,3.66439,-0.65581,-59.36941,-30.64613,64.56509,double_rcm_log_20260616_132745_154.csv,32.78409,Unknown,Task3_Insertion,0.0,0.08540432713154007,0.24034979505637388,0.240349861809299,0.27095015435713393,0.5502237307188463,44.89774381859295,22.60690017596571,1.3648115471007547,32.866671032384716,4.9815022138237035,2.2056719582199897
5.48379,0.02964,33.73441,InsertToTarget,Double,117.693,0.43414,0.08623,43.55704,43.55704,0.72995,0.55398,0.08623,0.0,0.0,0.0,0.70579,1.0,6,6,1,0.67959,0.94492,0.05996,0.87823,0.59772,0.06052,0.82,0.7,0.06,0.9,0.56,0.06,-2.53441,3.49435,-0.55037,-59.66799,-30.00452,64.67278,double_rcm_log_20260616_132745_154.csv,33.73441,Unknown,Task3_Insertion,0.0,0.08558582944415677,0.24086058897856874,0.24086065615401134,0.2690637078359227,0.5527010598311487,43.554582996511414,22.575422541476335,1.295074740612768,17.827105823095515,5.183599979870367,2.6325317928713536
5.54197,0.02899,34.49364,InsertToTarget,Double,119.0052,0.43417,0.08393,42.24488,42.24488,0.7381,0.55377,0.08393,0.0,0.0,0.0,0.70251,1.0,6,6,1,0.68024,0.94377,0.05996,0.87888,0.59658,0.06052,0.82,0.7,0.06,0.9,0.56,0.06,-2.54881,3.32944,-0.45139,-59.96751,-29.3533,64.77824,double_rcm_log_20260616_132745_154.csv,34.49364,Unknown,Task3_Insertion,0.0,0.08583811171504686,0.24157057579946092,0.24157064358832128,0.2662997243185312,0.553122604297296,42.24240996912933,22.526482358365477,0.7821356439486653,9.15681983519767,5.259029890335261,2.076180660427193
5.60207,0.03022,33.08612,InsertToTarget,Double,120.3601,0.44422,0.08623,40.89023,40.89023,0.74651,0.56434,0.08623,0.0,0.0,0.0,0.69912,1.0,6,6,1,0.6809,0.94259,0.05996,0.87954,0.5954,0.06053,0.82,0.7,0.06,0.9,0.56,0.06,-2.56455,3.16072,-0.352,-60.27425,-28.67809,64.88014,double_rcm_log_20260616_132745_154.csv,33.08612,Unknown,Task3_Insertion,0.0,0.08717815552538068,0.24534180166288874,0.24534187266293123,0.26982484758524095,0.5668115953431015,40.89073856021679,22.5393876245497,0.7765336952388465,7.9910071993059395,5.391395648219625,2.5621971961154855
5.6598,0.02904,34.43391,InsertToTarget,Double,121.6619,0.44452,0.08623,39.58855,39.58855,0.75459,0.5649,0.08623,0.0,0.0,0.0,0.69586,1.0,6,6,1,0.68154,0.94146,0.05996,0.88019,0.59427,0.06053,0.82,0.7,0.06,0.9,0.56,0.06,-2.58195,2.99971,-0.26086,-60.58255,-27.9927,64.98074,double_rcm_log_20260616_132745_154.csv,34.43391,Unknown,Task3_Insertion,0.0,0.0876207568792589,0.2465873949940089,0.24658746707658008,0.26631754727778906,0.5655031796142728,39.58724415768283,22.55843069375938,0.689695219203981,29.13028096641098,5.524684451664488,2.433192739737781
5.71919,0.02991,33.43514,InsertToTarget,Double,123.0009,0.45441,0.08847,38.24995,38.24995,0.76291,0.57495,0.08847,0.0,0.0,0.0,0.69252,1.0,6,6,1,0.68219,0.94029,0.05996,0.88084,0.5931,0.06053,0.82,0.7,0.06,0.9,0.56,0.06,-2.60084,2.83602,-0.17064,-60.89775,-27.28349,65.07726,double_rcm_log_20260616_132745_154.csv,33.43514,Unknown,Task3_Insertion,0.0,0.0876207568792589,0.2465873949940089,0.24658746707658008,0.2661323556583321,0.5713263919633711,38.2491372451719,22.512743907875205,2.72294991468145,18.3105591431649,5.638002151578689,1.963230139697806
5.77754,0.0292,34.24162,InsertToTarget,Double,124.3163,0.45976,0.08847,36.93483,36.93483,0.77108,0.58138,0.08847,0.0,0.0,0.0,0.68923,1.0,6,6,1,0.68283,0.93914,0.05996,0.88149,0.59196,0.06054,0.82,0.7,0.06,0.9,0.56,0.06,-2.62154,2.6764,-0.08606,-61.21806,-26.55566,65.17186,double_rcm_log_20260616_132745_154.csv,34.24162,Unknown,Task3_Insertion,0.0,0.08967505374418477,0.25236871122109067,0.25236878849716554,0.2678146500468729,0.5810719537067831,36.937153382468445,22.494667196880936,2.4037215984291014,74.04499408483738,5.711614214156816,1.353249696350913
5.80798,0.03044,32.85253,InsertToTarget,Double,125.002,0.4687,0.09065,36.24932,36.24932,0.77534,0.59024,0.09065,0.0,0.0,0.0,0.68751,1.0,6,6,1,0.68316,0.93854,0.05995,0.88182,0.59136,0.06055,0.82,0.7,0.06,0.9,0.56,0.06,-2.63258,2.59409,-0.04339,-61.38263,-26.17834,65.21748,double_rcm_log_20260616_132745_154.csv,32.85253,Unknown,Task3_Insertion,0.0,0.09233541303920009,0.25985564148521134,0.25985572586187095,0.2725141491060377,0.5945250204995512,36.252786099829564,22.544479115412926,2.4256534141291977,91.99147383021193,5.727490780256806,2.373114846545795
5.83889,0.03091,32.34879,InsertToTarget,Double,125.6984,0.47901,0.09279,35.55331,35.55331,0.77966,0.60186,0.09279,0.0,0.0,0.0,0.68577,1.0,6,6,1,0.68349,0.93792,0.05995,0.88216,0.59075,0.06055,0.82,0.7,0.06,0.9,0.56,0.06,-2.64423,2.51073,-0.00074,-61.55127,-25.78986,65.26257,double_rcm_log_20260616_132745_154.csv,32.34879,Unknown,Task3_Insertion,0.0,0.09306853616746869,0.26191883704173524,0.26191892342149287,0.272306321356633,0.5973904791803889,35.5546143278196,22.539703687251546,3.5215901974388433,77.0083061704403,5.838772569287127,4.037625237932333
5.86956,0.03067,32.60893,InsertToTarget,Double,126.3894,0.48735,0.09279,34.86261,34.86261,0.78396,0.61195,0.09279,0.0,0.0,0.0,0.68404,1.0,6,6,1,0.68383,0.93732,0.05995,0.8825,0.59015,0.06056,0.82,0.7,0.06,0.9,0.56,0.06,-2.65655,2.42842,0.04014,-61.72273,-25.39302,65.30754,double_rcm_log_20260616_132745_154.csv,32.60893,Unknown,Task3_Insertion,0.0,0.09439289625929069,0.26564592417275745,0.26564601430302215,0.27543412135608236,0.6075676600498994,34.86525634496319,22.574438596787818,3.0772815796031807,96.7849592825813,5.959077028759677,4.1833681814914705
5.90038,0.03082,32.44278,InsertToTarget,Double,127.0838,0.49561,0.09487,34.16852,34.16852,0.78827,0.62138,0.09487,0.0,0.0,0.0,0.6823,1.0,6,6,1,0.68416,0.93671,0.05995,0.88284,0.58954,0.06057,0.82,0.7,0.06,0.9,0.56,0.06,-2.66949,2.34636,0.07965,-61.89706,-24.98738,65.35197,double_rcm_log_20260616_132745_154.csv,32.44278,Unknown,Task3_Insertion,0.0,0.09619008636720434,0.2707036753564872,0.2707037707179544,0.27938074863716034,0.6196785767327904,34.16726649879964,22.63719610371695,3.0460013172233045,147.20823539203704,6.077531217743627,4.471805480147726
5.93088,0.0305,32.78995,InsertToTarget,Double,127.7709,0.50185,0.09691,33.48169,33.48169,0.79254,0.62865,0.09691,0.0,0.0,0.0,0.68059,1.0,6,6,1,0.68449,0.93611,0.05995,0.88318,0.58894,0.06058,0.82,0.7,0.06,0.9,0.56,0.06,-2.68305,2.26562,0.11726,-62.07344,-24.57502,65.39602,double_rcm_log_20260616_132745_154.csv,32.78995,Unknown,Task3_Insertion,0.0,0.09799094961153322,0.27577176341544873,0.27577186424020844,0.282434809328677,0.6298522415248458,33.477939004663945,22.486726125770733,6.037984151337014,46.6854459585458,6.215070149013666,4.371103858872622
5.96111,0.03022,33.08576,InsertToTarget,Double,128.4518,0.50684,0.09891,32.8011,32.8011,0.79677,0.63425,0.09891,0.0,0.0,0.0,0.67888,1.0,6,6,1,0.68482,0.93551,0.05995,0.88351,0.58835,0.06058,0.82,0.7,0.06,0.9,0.56,0.06,-2.69717,2.18621,0.1529,-62.25138,-24.15692,65.43932,double_rcm_log_20260616_132745_154.csv,33.08576,Unknown,Task3_Insertion,0.0,0.09827228118798284,0.2765635021349894,0.27656360383504525,0.2820385765382349,0.6322961818155012,32.80211883400216,22.39108564722733,2.612840112469028,103.05867021744758,6.32506857536072,3.2657692580402884
6.02134,0.03027,33.03865,InsertToTarget,Double,129.8083,0.51757,0.09891,31.445,31.445,0.80521,0.6449,0.09891,0.0,0.0,0.0,0.67549,1.0,6,6,1,0.68548,0.93432,0.05994,0.88417,0.58717,0.06059,0.82,0.7,0.06,0.9,0.56,0.06,-2.7271,2.02979,0.2195,-62.61222,-23.30264,65.5227,double_rcm_log_20260616_132745_154.csv,33.03865,Unknown,Task3_Insertion,0.0,0.10118768917812872,0.2847682024631758,0.28476831350275356,0.28534878229223004,0.6464506644272817,31.450689976533045,22.581852472152367,3.2681582607711666,53.799970985221385,6.416663041036369,3.730964939137711
6.05256,0.03122,32.02954,InsertToTarget,Double,130.5109,0.52909,0.10087,30.74289,30.74289,0.80958,0.65641,0.10087,0.0,0.0,0.0,0.67373,1.0,6,6,1,0.68581,0.93371,0.05994,0.88451,0.58655,0.0606,0.82,0.7,0.06,0.9,0.56,0.06,-2.74306,1.94958,0.25259,-62.79823,-22.85904,65.56209,double_rcm_log_20260616_132745_154.csv,32.02954,Unknown,Task3_Insertion,0.0,0.10271097222318445,0.28905510847800586,0.2890552246015994,0.29005250206954525,0.6606861235459401,30.74414741052349,22.55194876007488,4.4503323102589025,83.78717136251134,6.55478517604447,5.179670674013516
6.08288,0.03032,32.97821,InsertToTarget,Double,131.1936,0.53604,0.10468,30.06056,30.06056,0.81382,0.66482,0.10468,0.0,0.0,0.0,0.67202,1.0,6,6,1,0.68614,0.93311,0.05994,0.88485,0.58596,0.0606,0.82,0.7,0.06,0.9,0.56,0.06,-2.75977,1.87207,0.2828,-62.98636,-22.40876,65.60114,double_rcm_log_20260616_132745_154.csv,32.97821,Unknown,Task3_Insertion,0.0,0.10349156255567882,0.29125188817829517,0.2912520069601309,0.28809509361511854,0.6596514231016217,30.063334811693778,22.624737608173156,2.88624710673371,133.87858632795806,6.717304480716057,5.2298019395572855
6.11352,0.03064,32.63334,InsertToTarget,Double,131.8832,0.54503,0.10653,29.37135,29.37135,0.81811,0.67387,0.10653,0.0,0.0,0.0,0.6703,1.0,6,6,1,0.68647,0.9325,0.05993,0.88519,0.58535,0.06061,0.82,0.7,0.06,0.9,0.56,0.06,-2.77717,1.79468,0.31147,-63.1774,-21.94916,65.63882,double_rcm_log_20260616_132745_154.csv,32.63334,Unknown,Task3_Insertion,0.0,0.10661320209301622,0.300036975126969,0.30003710498857206,0.29186672949672837,0.6718447622891585,29.365467815105536,22.509845075605536,4.817732117337964,100.60550239824863,6.8547108231805565,4.624476542642946
6.14354,0.03002,33.31133,InsertToTarget,Double,132.5588,0.5512,0.10835,28.69615,28.69615,0.82232,0.68081,0.10835,0.0,0.0,0.0,0.66861,1.0,6,6,1,0.68679,0.93191,0.05993,0.88552,0.58477,0.06062,0.82,0.7,0.06,0.9,0.56,0.06,-2.79528,1.7194,0.3377,-63.37022,-21.48344,65.67564,double_rcm_log_20260616_132745_154.csv,33.31133,Unknown,Task3_Insertion,0.0,0.1087241375914899,0.30597768356066385,0.3059778212743992,0.29454953034418785,0.6814509407253146,28.69856616627387,22.361255503521512,3.7113168411258246,106.27963520511912,6.979715903221431,4.177386495048562
6.17398,0.03044,32.85229,InsertToTarget,Double,133.2435,0.56018,0.10835,28.01187,28.01187,0.82658,0.68962,0.10835,0.0,0.0,0.0,0.66689,1.0,6,6,1,0.68712,0.9313,0.05993,0.88585,0.58417,0.06062,0.82,0.7,0.06,0.9,0.56,0.06,-2.81407,1.64375,0.36303,-63.56614,-21.00818,65.71082,double_rcm_log_20260616_132745_154.csv,32.85229,Unknown,Task3_Insertion,0.0,0.1090245498399185,0.30682311986520633,0.3068232587453338,0.29506037755552833,0.686158761624349,28.01420710996468,22.466420971347542,4.873627227238849,89.20333507557564,7.087861482890777,1.5568248970404666
6.20411,0.03013,33.19094,InsertToTarget,Double,133.9211,0.56875,0.11014,27.33473,27.33473,0.83079,0.69827,0.11014,0.0,0.0,0.0,0.6652,1.0,6,6,1,0.68744,0.93071,0.05992,0.88618,0.58358,0.06063,0.82,0.7,0.06,0.9,0.56,0.06,-2.83365,1.56969,0.3859,-63.76462,-20.52478,65.74474,double_rcm_log_20260616_132745_154.csv,33.19094,Unknown,Task3_Insertion,0.0,0.1121452739577809,0.31560562899499806,0.3156057801458329,0.29857412107966097,0.6978527506132666,27.338721623367807,22.442784392869907,3.72855744519974,90.40403592289967,7.012746786510384,1.6951086445414547
6.23739,0.03328,30.04884,InsertToTarget,Double,134.6681,0.5938,0.11364,26.58876,26.58876,0.83545,0.72185,0.11364,0.0,0.0,0.0,0.66333,1.0,6,6,1,0.68778,0.93004,0.05991,0.88653,0.58292,0.06064,0.82,0.7,0.06,0.9,0.56,0.06,-2.85427,1.48887,0.41131,-63.97227,-20.0164,65.77492,double_rcm_log_20260616_132745_154.csv,30.04884,Unknown,Task3_Insertion,0.0,0.11556932297986702,0.32524177025479944,0.32524193566650805,0.3051578147040849,0.7172179156027418,26.592797897175032,22.50630090617116,2.0839810618343826,84.94696973288197,7.15740896896925,6.1780800617380125
6.29603,0.03049,32.79281,InsertToTarget,Double,135.987,0.60231,0.11869,25.27077,25.27077,0.84366,0.7333,0.11869,0.0,0.0,0.0,0.66003,1.0,6,6,1,0.68841,0.92889,0.05991,0.88719,0.58177,0.06066,0.82,0.7,0.06,0.9,0.56,0.06,-2.89789,1.34794,0.44576,-64.38646,-18.99869,65.83703,double_rcm_log_20260616_132745_154.csv,32.79281,Unknown,Task3_Insertion,0.0,0.11976521180624579,0.3370500626435622,0.33705024672970474,0.3092661323055699,0.7340310200948846,25.267857051993897,22.539031805924697,5.149336719798433,87.6775364606715,7.663857124982976,6.051496890349174
6.32685,0.03082,32.44756,InsertToTarget,Double,136.6787,0.61698,0.12195,24.57984,24.57984,0.84798,0.74736,0.12195,0.0,0.0,0.0,0.65829,1.0,6,6,1,0.68873,0.92827,0.0599,0.88752,0.58116,0.06066,0.82,0.7,0.06,0.9,0.56,0.06,-2.92096,1.27534,0.46201,-64.60016,-18.47041,65.86398,double_rcm_log_20260616_132745_154.csv,32.44756,Unknown,Task3_Insertion,0.0,0.12192021318496334,0.3431147808712864,0.3431149750666707,0.3107148881325724,0.7412297474208475,24.575019837224943,22.372809561581384,6.8060357332118775,106.5655300027324,7.795388034809161,5.0935481693702105
6.35685,0.03,33.33332,InsertToTarget,Double,137.3523,0.62766,0.12511,23.90697,23.90697,0.85218,0.75938,0.12511,0.0,0.0,0.0,0.65661,1.0,6,6,1,0.68905,0.92768,0.05989,0.88785,0.58058,0.06068,0.82,0.7,0.06,0.9,0.56,0.06,-2.94499,1.20513,0.47565,-64.81701,-17.93309,65.88976,double_rcm_log_20260616_132745_154.csv,33.33332,Unknown,Task3_Insertion,0.0,0.12663836997886174,0.35639286417746563,0.35639308180959406,0.3168869687317832,0.7596446537691227,23.908603054130893,22.379422190225466,1.584208018478021,154.2588983048809,7.954417744015162,5.325595803929218
6.38766,0.03081,32.4555,InsertToTarget,Double,138.0431,0.64417,0.12972,23.21713,23.21713,0.85649,0.77537,0.12972,0.0,0.0,0.0,0.65488,1.0,6,6,1,0.68936,0.92706,0.05988,0.88818,0.57997,0.06069,0.82,0.7,0.06,0.9,0.56,0.06,-2.97,1.134,0.48821,-65.0389,-17.38145,65.91297,double_rcm_log_20260616_132745_154.csv,32.4555,Unknown,Task3_Insertion,0.0,0.13064298053420997,0.3676628464938742,0.36766308544472426,0.32202047811268064,0.7758479232427243,23.216145244204487,22.426364272094986,2.8302062767698613,63.97473007528076,8.098778007822057,6.323306457521954
6.41792,0.03025,33.05331,InsertToTarget,Double,138.7214,0.65766,0.1327,22.53973,22.53973,0.86073,0.78931,0.1327,0.0,0.0,0.0,0.65318,1.0,6,6,1,0.68968,0.92646,0.05987,0.88851,0.57938,0.0607,0.82,0.7,0.06,0.9,0.56,0.06,-2.99605,1.06525,0.49743,-65.26459,-16.81873,65.93436,double_rcm_log_20260616_132745_154.csv,33.05331,Unknown,Task3_Insertion,0.0,0.13408738888038288,0.3773562773206305,0.3773565356728509,0.3252959100426581,0.787577590805164,22.540951621437774,22.36609321297145,2.3766436987954283,86.05212350772774,8.31857118309103,7.0223536265252
6.47864,0.03101,32.25122,InsertToTarget,Double,140.0808,0.68981,0.14127,21.18243,21.18243,0.86923,0.82015,0.14127,0.0,0.0,0.0,0.64977,1.0,6,6,1,0.6903,0.92525,0.05985,0.88917,0.57819,0.06072,0.82,0.7,0.06,0.9,0.56,0.06,-3.05113,0.9299,0.51004,-65.72835,-15.65796,65.96999,double_rcm_log_20260616_132745_154.csv,32.25122,Unknown,Task3_Insertion,0.0,0.14215649785824314,0.4000647727271333,0.40006508057392604,0.33267169317419243,0.8133359604833735,21.18214814413301,22.489270908042908,4.716860658935488,57.6652300880232,8.658406058713936,5.989980263874791
6.50904,0.03039,32.90103,InsertToTarget,Double,140.7606,0.70671,0.14804,20.50391,20.50391,0.87348,0.83725,0.14804,0.0,0.0,0.0,0.64807,1.0,6,6,1,0.6906,0.92464,0.05983,0.8895,0.57759,0.06073,0.82,0.7,0.06,0.9,0.56,0.06,-3.0804,0.86382,0.51249,-65.96796,-15.05611,65.98358,double_rcm_log_20260616_132745_154.csv,32.90103,Unknown,Task3_Insertion,0.0,0.14806965667295705,0.41670587891421995,0.41670622679162156,0.3367768643296965,0.8273972164844375,20.498560925099135,22.321687906207423,4.482006054577285,101.25922462487608,8.830161545319905,6.658524178171558
6.53962,0.03058,32.69919,InsertToTarget,Double,141.4436,0.72559,0.15323,19.82237,19.82237,0.87777,0.85585,0.15323,0.0,0.0,0.0,0.64636,1.0,6,6,1,0.69091,0.92403,0.05982,0.88983,0.577,0.06075,0.82,0.7,0.06,0.9,0.56,0.06,-3.11082,0.79827,0.51296,-66.21281,-14.43991,65.99419,double_rcm_log_20260616_132745_154.csv,32.69919,Unknown,Task3_Insertion,0.0,0.15374188879834416,0.43266895303837216,0.43266934245230143,0.3435014205271817,0.8479713347840399,19.82401069410519,22.29448214755188,3.7082745630381297,82.34113112870621,9.043905862763387,6.295306421873274
6.56988,0.03026,33.04914,InsertToTarget,Double,142.119,0.74368,0.15949,19.14848,19.14848,0.882,0.87355,0.15949,0.0,0.0,0.0,0.64466,1.0,6,6,1,0.6912,0.92342,0.0598,0.89015,0.5764,0.06076,0.82,0.7,0.06,0.9,0.56,0.06,-3.14241,0.73466,0.51031,-66.46238,-13.81087,66.00198,double_rcm_log_20260616_132745_154.csv,33.04914,Unknown,Task3_Insertion,0.0,0.15968926293166746,0.44940634075252994,0.4494067771239163,0.3491959763230805,0.866171949530734,19.145759321583448,22.298150126043357,4.568122993654619,139.40083538422897,9.191849603591443,4.66600744360917
6.60085,0.03097,32.28576,InsertToTarget,Double,142.8088,0.76661,0.16786,18.46054,18.46054,0.88634,0.89507,0.16786,0.0,0.0,0.0,0.64293,1.0,6,6,1,0.6915,0.92279,0.05977,0.89048,0.5758,0.06078,0.82,0.7,0.06,0.9,0.56,0.06,-3.17518,0.67044,0.50633,-66.71815,-13.16529,66.0057,double_rcm_log_20260616_132745_154.csv,32.28576,Unknown,Task3_Insertion,0.0,0.16884779986611978,0.47518072847937937,0.47518124432499453,0.35671086007445857,0.8890755786857465,18.462903346981946,22.16940582383305,4.863785397121656,108.5705143681239,9.29691266268692,5.814934126099261
6.6319,0.03105,32.20618,InsertToTarget,Double,143.4991,0.78944,0.17583,17.77219,17.77219,0.89069,0.91613,0.17583,0.0,0.0,0.0,0.6412,1.0,6,6,1,0.6918,0.92217,0.05975,0.89082,0.5752,0.0608,0.82,0.7,0.06,0.9,0.56,0.06,-3.20917,0.60762,0.49919,-66.97952,-12.50446,66.00529,double_rcm_log_20260616_132745_154.csv,32.20618,Unknown,Task3_Insertion,0.0,0.1770718292877547,0.4983251706458288,0.4983257656017285,0.3624898358680746,0.9078427515481506,17.775049929606418,22.208332267273484,2.7788631673994884,89.50335724055594,9.521708109411135,7.360637949568006
6.66275,0.03085,32.41557,InsertToTarget,Double,144.184,0.81167,0.18557,17.08928,17.08928,0.895,0.93644,0.18557,0.0,0.0,0.0,0.63948,1.0,6,6,1,0.69209,0.92154,0.05972,0.89115,0.5746,0.06081,0.82,0.7,0.06,0.9,0.56,0.06,-3.24439,0.54675,0.48866,-67.2463,-11.82941,66.001,double_rcm_log_20260616_132745_154.csv,32.41557,Unknown,Task3_Insertion,0.0,0.18571646327188307,0.5226532864566407,0.522653972865344,0.36637288362039905,0.921946102212409,17.09206248525902,22.229802785051003,2.619767539086948,96.3340385130939,9.726409449786578,6.613015462972408
6.69374,0.03099,32.26503,InsertToTarget,Double,144.8707,0.83465,0.19683,16.4048,16.4048,0.89934,0.95703,0.19683,0.0,0.0,0.0,0.63775,1.0,6,6,1,0.69237,0.92092,0.05968,0.89149,0.574,0.06083,0.82,0.7,0.06,0.9,0.56,0.06,-3.28074,0.48679,0.47583,-67.51834,-11.14062,65.99207,double_rcm_log_20260616_132745_154.csv,32.26503,Unknown,Task3_Insertion,0.0,0.19776608251443656,0.5565638441855356,0.5565646730528532,0.3720581586994373,0.940731303091079,16.40454205395559,22.21596684197953,3.264741321578053,122.2553091141949,9.902351459563778,3.572485348232351
6.72464,0.0309,32.35862,InsertToTarget,Double,145.554,0.85765,0.20936,15.72395,15.72395,0.90367,0.97705,0.20936,0.0,0.0,0.0,0.63603,1.0,6,6,1,0.69265,0.92029,0.05964,0.89182,0.5734,0.06085,0.82,0.7,0.06,0.9,0.56,0.06,-3.31815,0.4286,0.45992,-67.79517,-10.43965,65.97845,double_rcm_log_20260616_132745_154.csv,32.35862,Unknown,Task3_Insertion,0.0,0.20955749013888386,0.5897477078316204,0.589748693974091,0.3793223000317618,0.9636317521990564,15.72243301782521,22.098255513448294,5.973618413325402,134.34329438219712,9.888009864219043,3.9928881665788887
6.75698,0.03233,30.92729,InsertToTarget,Double,146.2661,0.88686,0.22294,15.01449,15.01449,0.9082,0.9986,0.22294,0.0,0.0,0.0,0.63424,1.0,6,6,1,0.69293,0.91963,0.05959,0.89217,0.57278,0.06087,0.82,0.7,0.06,0.9,0.56,0.06,-3.35643,0.36911,0.44255,-68.07787,-9.72335,65.95768,double_rcm_log_20260616_132745_154.csv,30.92729,Unknown,Task3_Insertion,0.0,0.22437555127022782,0.6314492685027112,0.6314504789791994,0.3850805257646303,0.983045503289909,15.013134249716064,22.01883795031721,7.571530716810326,67.26185748768435,10.099569022715851,9.947801424004489
6.78752,0.03055,32.73845,InsertToTarget,Double,146.9382,0.90366,0.23903,14.3448,14.3448,0.91247,1.01283,0.23821,0.0,0.0,0.0,0.63255,1.0,6,6,1,0.6932,0.91901,0.05954,0.89251,0.5722,0.06088,0.82,0.7,0.06,0.9,0.56,0.06,-3.39563,0.3152,0.42005,-68.36258,-9.00212,65.9329,double_rcm_log_20260616_132745_154.csv,32.73845,Unknown,Task3_Insertion,0.0,0.2380972447033931,0.670065351197311,0.6700667976101722,0.3854434408988271,0.9884945819080307,14.342750782189574,21.898501270148667,5.709423318763272,85.90316171073616,10.474476302733459,7.7154920938699005
6.81777,0.03024,33.06474,InsertToTarget,Double,147.6015,0.91991,0.25488,13.68369,13.68369,0.91671,1.02364,0.25488,0.0,0.0,0.0,0.63088,1.0,6,6,1,0.69346,0.91839,0.05948,0.89284,0.57163,0.0609,0.82,0.7,0.06,0.9,0.56,0.06,-3.43518,0.26372,0.39459,-68.64796,-8.27948,65.90282,double_rcm_log_20260616_132745_154.csv,33.06474,Unknown,Task3_Insertion,0.0,0.25461297188054577,0.7165444528810285,0.716546221645704,0.3900068458664774,1.0046813501726284,13.686946335833968,21.975730350799104,9.447566727111528,116.59671212762048,10.536972575739398,2.9645111503281236
6.84794,0.03017,33.14776,InsertToTarget,Double,148.2607,0.93312,0.27268,13.02642,13.02642,0.92093,1.0298,0.27268,0.0,0.0,0.0,0.62922,1.0,6,6,1,0.69371,0.91777,0.05941,0.89319,0.57106,0.06091,0.82,0.7,0.06,0.9,0.56,0.06,-3.47472,0.21385,0.36742,-68.93272,-7.55881,65.86664,double_rcm_log_20260616_132745_154.csv,33.14776,Unknown,Task3_Insertion,0.0,0.273444374647076,0.7695403319740166,0.7695425229357111,0.38819325467850097,1.0045389298272391,13.02028417508615,21.98568777630998,10.463202105973087,92.54843120583024,10.457309075723472,4.8951776406085274
6.90882,0.03094,32.32098,InsertToTarget,Double,149.5836,0.96047,0.3159,11.70705,11.70705,0.92945,1.03493,0.3159,0.0,0.0,0.0,0.62587,1.0,6,6,1,0.69419,0.91652,0.05923,0.89388,0.56994,0.06092,0.82,0.7,0.06,0.9,0.56,0.06,-3.55236,0.11764,0.3092,-69.49456,-6.13979,65.77422,double_rcm_log_20260616_132745_154.csv,32.32098,Unknown,Task3_Insertion,0.0,0.3168930521168509,0.8918145318645317,0.8918179419579505,0.38157371314826544,0.9961649539030398,11.709158808385817,21.61540715273582,10.338575424720236,34.94134402865558,10.098316193791337,8.810483350802244
6.96922,0.03063,32.64319,InsertToTarget,Double,150.8854,0.97341,0.36797,10.40757,10.40757,0.93791,1.02576,0.36797,0.0,0.0,0.0,0.62258,1.0,6,6,1,0.69465,0.91528,0.05902,0.8946,0.56885,0.06092,0.82,0.7,0.06,0.9,0.56,0.06,-3.62542,0.02933,0.24541,-70.03127,-4.78766,65.65521,double_rcm_log_20260616_132745_154.csv,32.64319,Unknown,Task3_Insertion,0.0,0.36786349396349666,1.0352559834976829,1.0352613179266008,0.36718800089631454,0.9669619354532258,10.40811702470717,21.51519202017584,12.489178868890669,29.69193299214303,9.485199688211127,14.368518720351885
7.02949,0.03062,32.6621,InsertToTarget,Double,152.1744,0.97781,0.43024,9.12017,9.12017,0.94635,1.01346,0.43024,0.0,0.0,0.0,0.61931,1.0,6,6,1,0.69508,0.91404,0.05876,0.89535,0.5678,0.06091,0.82,0.7,0.06,0.9,0.56,0.06,-3.68982,-0.05298,0.18126,-70.52147,-3.55637,65.51176,double_rcm_log_20260616_132745_154.csv,32.6621,Unknown,Task3_Insertion,0.0,0.43049532690288156,1.2115138875249205,1.2115224368643882,0.3483952255623131,0.925277505151015,9.126368390548297,21.439839819514763,11.445772870591448,47.91699066402325,8.43910609598898,19.93991349691991
7.09032,0.03148,31.7627,InsertToTarget,Double,153.465,0.98543,0.5028,7.83286,7.83286,0.95486,1.01859,0.5028,0.0,0.0,0.0,0.61603,1.0,6,6,1,0.69548,0.91278,0.05846,0.89614,0.56676,0.06088,0.82,0.7,0.06,0.9,0.56,0.06,-3.74194,-0.12981,0.11804,-70.94632,-2.49197,65.34647,double_rcm_log_20260616_132745_154.csv,31.7627,Unknown,Task3_Insertion,0.0,0.5033261271581592,1.4164717927672925,1.4164854566829361,0.3285526662356387,0.8800034964965491,7.8340028082711095,21.466201871568533,10.20737652244231,66.30220819198786,7.141663732268379,23.077674802399937
7.15028,0.03002,33.30883,InsertToTarget,Double,154.7294,0.99032,0.58383,6.58008,6.58008,0.96326,1.07741,0.58383,0.0,0.0,0.0,0.61281,1.0,6,6,1,0.69587,0.91154,0.05814,0.89695,0.56576,0.06087,0.82,0.7,0.06,0.9,0.56,0.06,-3.77998,-0.20216,0.06169,-71.29202,-1.62765,65.16767,double_rcm_log_20260616_132745_154.csv,33.30883,Unknown,Task3_Insertion,0.0,0.5843477230082776,1.6444772462437618,1.64449862783697,0.331370433056036,0.8948966420766166,6.575484773003421,21.36790063768598,8.261269054904558,80.913789885776,5.738083938054049,24.307739066761815
7.20998,0.02996,33.37857,InsertToTarget,Double,155.9818,1.01323,0.67056,5.35597,5.35597,0.97162,1.19437,0.67056,0.0,0.0,0.0,0.60962,1.0,6,6,1,0.69625,0.91031,0.05781,0.89777,0.56479,0.06087,0.82,0.7,0.06,0.9,0.56,0.06,-3.80302,-0.27271,0.01528,-71.55254,-0.97615,64.98322,double_rcm_log_20260616_132745_154.csv,33.37857,Unknown,Task3_Insertion,0.0,0.6705214725199199,1.8869779201256125,1.8870102246375848,0.3581702127539987,0.9750818506077084,5.354801583625664,21.209389002119046,6.050760967348868,94.62898467696718,4.341682799265858,23.332697013377164
7.26836,0.02951,33.88544,InsertToTarget,Double,157.2008,1.05023,0.75976,4.19936,4.19936,0.97979,1.36704,0.75976,0.0,0.0,0.0,0.60651,1.0,6,6,1,0.6966,0.9091,0.05749,0.89857,0.56385,0.06089,0.82,0.7,0.06,0.9,0.56,0.06,-3.81309,-0.34143,-0.02058,-71.73505,-0.51913,64.80015,double_rcm_log_20260616_132745_154.csv,33.88544,Unknown,Task3_Insertion,0.0,0.7593415263231651,2.1369210590845826,2.136967976652152,0.4057211948933387,1.1131286469295814,4.202320787374451,21.168723170838526,7.716009653438047,36.77851723156538,3.1339066391850077,20.41488874951736
7.32839,0.03084,32.42109,InsertToTarget,Double,158.4491,1.11477,0.8518,3.08271,3.08271,0.98819,1.56891,0.8518,0.0,0.0,0.0,0.60332,1.0,6,6,1,0.69695,0.90785,0.05717,0.89938,0.56287,0.06094,0.82,0.7,0.06,0.9,0.56,0.06,-3.81179,-0.41469,-0.04378,-71.853,-0.2215,64.61678,double_rcm_log_20260616_132745_154.csv,32.42109,Unknown,Task3_Insertion,0.0,0.8519905835295282,2.3976336834967666,2.397699955054031,0.4670009743906988,1.2914726239690042,3.0830017839760773,21.09934178415167,4.15648787143667,944.3727721728986,2.174908043560644,15.117844096256352
7.35884,0.03045,32.84134,InsertToTarget,Double,159.0805,1.15237,0.89875,2.57304,2.57304,0.99246,1.67912,0.89875,0.0,0.0,0.0,0.60171,1.0,6,6,1,0.69712,0.90721,0.05701,0.89978,0.56237,0.06097,0.82,0.7,0.06,0.9,0.56,0.06,-3.80786,-0.45219,-0.05241,-71.89327,-0.11916,64.52476,double_rcm_log_20260616_132745_154.csv,32.84134,Unknown,Task3_Insertion,0.0,0.8990775545600832,2.5301331337287545,2.5302110115119603,0.4978616094142097,1.382317452129411,2.570252905844079,21.065575096751854,44.15828806057828,2788.4099521999124,1.870203607421552,11.305137235854954
7.38888,0.03004,33.28825,InsertToTarget,Double,159.7025,1.19119,0.94564,2.14227,2.14227,0.99666,1.79194,0.94564,0.0,0.0,0.0,0.60012,1.0,6,6,1,0.69729,0.90659,0.05685,0.90018,0.56188,0.061,0.82,0.7,0.06,0.9,0.56,0.06,-3.8025,-0.48785,-0.06216,-71.92346,-0.04125,64.43324,double_rcm_log_20260616_132745_154.csv,33.28825,Unknown,Task3_Insertion,0.0,0.9456033207797139,2.661051714734813,2.6611423189407675,0.5304226500977897,1.4785044418652598,2.137007253146315,18.68492687889522,168.56302194530355,3145.4765372895426,1.6138734165672428,14.74571287242246
7.41997,0.03109,32.16018,InsertToTarget,Double,160.1949,1.18643,0.98953,1.9299,1.9299,1.0,1.9299,0.98953,0.0,0.0,0.0,0.59886,1.0,6,6,1,0.69743,0.9061,0.05673,0.90053,0.56152,0.06106,0.82,0.7,0.06,0.9,0.56,0.06,-3.79836,-0.51437,-0.07309,-71.94914,0.02508,64.35236,double_rcm_log_20260616_132745_154.csv,32.16018,Unknown,Task3_Insertion,0.0,0.9893240010466203,2.7840754832209855,2.784179244744008,0.5765101496382524,1.6118699126743021,1.9274075853331956,10.725509358353724,230.0940321092764,625.80796618654,0.9658239259149741,19.21899313831039
7.48017,0.03117,32.08008,Done,Double,160.1949,1.18643,0.98953,1.9299,1.9299,1.0,1.9299,0.98953,0.0,0.0,0.0,0.59886,1.0,6,6,1,0.69743,0.9061,0.05673,0.90053,0.56152,0.06106,0.82,0.7,0.06,0.9,0.56,0.06,-3.79836,-0.51437,-0.07309,-71.94914,0.02508,64.35236,double_rcm_log_20260616_132745_154.csv,32.08008,Unknown,Task3_Insertion,0.0,0.9893240010466203,2.7840754832209855,2.784179244744008,0.5765101496382524,1.6118699126743021,1.9274075853331956,3.978256139440565e-12,61.6842710700679,2230.2326678593035,1.3127625579463418e-13,5.554621497373737
7.51205,0.03188,31.36329,Done,Double,160.1949,1.18643,0.98953,1.9299,1.9299,1.0,1.9299,0.98953,0.0,0.0,0.0,0.59886,1.0,6,6,1,0.69743,0.9061,0.05673,0.90053,0.56152,0.06106,0.82,0.7,0.06,0.9,0.56,0.06,-3.79836,-0.51437,-0.07309,-71.94914,0.02508,64.35236,double_rcm_log_20260616_132745_154.csv,31.36329,Unknown,Task3_Insertion,0.0,0.9893240010466203,2.7840754832209855,2.784179244744008,0.5765101496382524,1.6118699126743021,1.9274075853331956,5.6271991055619475e-12,5.958238997124295e-11,960.8758671801236,2.0764523222689084e-13,1.961176640615436e-12
7.5435,0.03145,31.79911,Done,Double,160.1949,1.18643,0.98953,1.9299,1.9299,1.0,1.9299,0.98953,0.0,0.0,0.0,0.59886,1.0,6,6,1,0.69743,0.9061,0.05673,0.90053,0.56152,0.06106,0.82,0.7,0.06,0.9,0.56,0.06,-3.79836,-0.51437,-0.07309,-71.94914,0.02508,64.35236,double_rcm_log_20260616_132745_154.csv,31.79911,Unknown,Task3_Insertion,0.0,0.9893240010466203,2.7840754832209855,2.784179244744008,0.5765101496382524,1.6118699126743021,1.9274075853331956,0.0,8.936295301730942e-11,9.399312286700271e-10,2.9007785717557725e-15,2.9496961821763824e-12
7.57488,0.03138,31.87026,Done,Double,160.1949,1.18643,0.98953,1.9299,1.9299,1.0,1.9299,0.98953,0.0,0.0,0.0,0.59886,1.0,6,6,1,0.69743,0.9061,0.05673,0.90053,0.56152,0.06106,0.82,0.7,0.06,0.9,0.56,0.06,-3.79836,-0.51437,-0.07309,-71.94914,0.02508,64.35236,double_rcm_log_20260616_132745_154.csv,31.87026,Unknown,Task3_Insertion,0.0,0.9893240010466203,2.7840754832209855,2.784179244744008,0.5765101496382524,1.6118699126743021,1.9274075853331956,0.0,0.0,1.5466810365476963e-09,9.28249170625827e-14,1.4830673818830357e-12
7.60624,0.03136,31.88322,Done,Double,160.1949,1.18643,0.98953,1.9299,1.9299,1.0,1.9299,0.98953,0.0,0.0,0.0,0.59886,1.0,6,6,1,0.69743,0.9061,0.05673,0.90053,0.56152,0.06106,0.82,0.7,0.06,0.9,0.56,0.06,-3.79836,-0.51437,-0.07309,-71.94914,0.02508,64.35236,double_rcm_log_20260616_132745_154.csv,31.88322,Unknown,Task3_Insertion,0.0,0.9893240010466203,2.7840754832209855,2.784179244744008,0.5765101496382524,1.6118699126743021,1.9274075853331956,0.0,8.211800433329967e-12,1.755158492720032e-10,9.28249170625827e-14,2.43691515954341e-12
7.63762,0.03138,31.86903,Done,Double,160.1949,1.18643,0.98953,1.9299,1.9299,1.0,1.9299,0.98953,0.0,0.0,0.0,0.59886,1.0,6,6,1,0.69743,0.9061,0.05673,0.90053,0.56152,0.06106,0.82,0.7,0.06,0.9,0.56,0.06,-3.79836,-0.51437,-0.07309,-71.94914,0.02508,64.35236,double_rcm_log_20260616_132745_154.csv,31.86903,Unknown,Task3_Insertion,0.0,0.9893240010466203,2.7840754832209855,2.784179244744008,0.5765101496382524,1.6118699126743021,1.9274075853331956,5.155369359468229e-13,1.1008409680773638e-11,6.395835744736496e-11,6.282708285160332e-14,1.238846281212544e-12
7.73273,0.09511,10.51359,Done,Double,160.1949,1.18643,0.98953,1.9299,1.9299,1.0,1.9299,0.98953,0.0,0.0,0.0,0.59886,1.0,6,6,1,0.69743,0.9061,0.05673,0.90053,0.56152,0.06106,0.82,0.7,0.06,0.9,0.56,0.06,-3.79836,-0.51437,-0.07309,-71.94914,0.02508,64.35236,double_rcm_log_20260616_132745_154.csv,10.51359,Unknown,Task3_Insertion,0.0,0.9893240010466203,2.7840754832209855,2.784179244744008,0.5765101496382524,1.6118699126743021,1.9274075853331956,0.0,3.624551921822048e-11,7.188783545915549e-10,9.282496132493918e-14,7.291933597029858e-13
7.76942,0.00672,148.7511,Done,Double,160.1949,1.18643,0.98953,1.9299,1.9299,1.0,1.9299,0.98953,0.0,0.0,0.0,0.59886,1.0,6,6,1,0.69743,0.9061,0.05673,0.90053,0.56152,0.06106,0.82,0.7,0.06,0.9,0.56,0.06,-3.79836,-0.51437,-0.07309,-71.94914,0.02508,64.35236,double_rcm_log_20260616_132745_154.csv,148.7511,Unknown,Task3_Insertion,0.0,0.9893240010466203,2.7840754832209855,2.784179244744008,0.5765101496382524,1.6118699126743021,1.9274075853331956,1.7763568394002505e-12,1.2802192395780453e-11,3.966340808745714e-10,4.643547893551999e-14,1.6930593012220833e-12
7.82801,0.02894,34.55738,Done,Double,160.1949,1.18643,0.98953,1.9299,1.9299,1.0,1.9299,0.98953,0.0,0.0,0.0,0.59886,1.0,6,6,1,0.69743,0.9061,0.05673,0.90053,0.56152,0.06106,0.82,0.7,0.06,0.9,0.56,0.06,-3.79836,-0.51437,-0.07309,-71.94914,0.02508,64.35236,double_rcm_log_20260616_132745_154.csv,34.55738,Unknown,Task3_Insertion,0.0,0.9893240010466203,2.7840754832209855,2.784179244744008,0.5765101496382524,1.6118699126743021,1.9274075853331956,3.972054645195637e-12,4.789352852117721e-11,6.549618628750136e-10,9.282491429618472e-14,1.1147245417997536e-13
7.85979,0.03178,31.47113,Done,Double,160.1949,1.18643,0.98953,1.9299,1.9299,1.0,1.9299,0.98953,0.0,0.0,0.0,0.59886,1.0,6,6,1,0.69743,0.9061,0.05673,0.90053,0.56152,0.06106,0.82,0.7,0.06,0.9,0.56,0.06,-3.79836,-0.51437,-0.07309,-71.94914,0.02508,64.35236,double_rcm_log_20260616_132745_154.csv,31.47113,Unknown,Task3_Insertion,0.0,0.9893240010466203,2.7840754832209855,2.784179244744008,0.5765101496382524,1.6118699126743021,1.9274075853331956,0.0,6.280604509732956e-11,6.228880336747763e-10,4.6412462680888074e-14,2.6056500656690856e-12
7.89189,0.03211,31.147,Done,Double,160.1949,1.18643,0.98953,1.9299,1.9299,1.0,1.9299,0.98953,0.0,0.0,0.0,0.59886,1.0,6,6,1,0.69743,0.9061,0.05673,0.90053,0.56152,0.06106,0.82,0.7,0.06,0.9,0.56,0.06,-3.79836,-0.51437,-0.07309,-71.94914,0.02508,64.35236,double_rcm_log_20260616_132745_154.csv,31.147,Unknown,Task3_Insertion,0.0,0.9893240010466203,2.7840754832209855,2.784179244744008,0.5765101496382524,1.6118699126743021,1.9274075853331956,0.0,2.6664042340307983e-11,1.865177795423942e-09,1.0378144877538877e-13,7.75115145477725e-13
7.92479,0.0329,30.39681,Done,Double,160.1949,1.18643,0.98953,1.9299,1.9299,1.0,1.9299,0.98953,0.0,0.0,0.0,0.59886,1.0,6,6,1,0.69743,0.9061,0.05673,0.90053,0.56152,0.06106,0.82,0.7,0.06,0.9,0.56,0.06,-3.79836,-0.51437,-0.07309,-71.94914,0.02508,64.35236,double_rcm_log_20260616_132745_154.csv,30.39681,Unknown,Task3_Insertion,0.0,0.9893240010466203,2.7840754832209855,2.784179244744008,0.5765101496382524,1.6118699126743021,1.9274075853331956,1.7763568394002505e-12,6.10560848063132e-11,6.345516873237075e-10,5.801557143511545e-15,2.6415529333196225e-12
7.95515,0.03036,32.93539,Done,Double,160.1949,1.18643,0.98953,1.9299,1.9299,1.0,1.9299,0.98953,0.0,0.0,0.0,0.59886,1.0,6,6,1,0.69743,0.9061,0.05673,0.90053,0.56152,0.06106,0.82,0.7,0.06,0.9,0.56,0.06,-3.79836,-0.51437,-0.07309,-71.94914,0.02508,64.35236,double_rcm_log_20260616_132745_154.csv,32.93539,Unknown,Task3_Insertion,0.0,0.9893240010466203,2.7840754832209855,2.784179244744008,0.5765101496382524,1.6118699126743021,1.9274075853331956,3.5544479789666732e-12,1.7357611932787013e-11,2.228862214912251e-09,9.287306203236685e-14,2.6161137904141845e-13
7.98808,0.03293,30.37097,Done,Double,160.1949,1.18643,0.98953,1.9299,1.9299,1.0,1.9299,0.98953,0.0,0.0,0.0,0.59886,1.0,6,6,1,0.69743,0.9061,0.05673,0.90053,0.56152,0.06106,0.82,0.7,0.06,0.9,0.56,0.06,-3.79836,-0.51437,-0.07309,-71.94914,0.02508,64.35236,double_rcm_log_20260616_132745_154.csv,30.37097,Unknown,Task3_Insertion,0.0,0.9893240010466203,2.7840754832209855,2.784179244744008,0.5765101496382524,1.6118699126743021,1.9274075853331956,2.51214793389404e-12,7.841689237371149e-11,8.872260477266684e-10,7.32242375526988e-16,2.2894866461018426e-12
8.01848,0.0304,32.89686,Done,Double,160.1949,1.18643,0.98953,1.9299,1.9299,1.0,1.9299,0.98953,0.0,0.0,0.0,0.59886,1.0,6,6,1,0.69743,0.9061,0.05673,0.90053,0.56152,0.06106,0.82,0.7,0.06,0.9,0.56,0.06,-3.79836,-0.51437,-0.07309,-71.94914,0.02508,64.35236,double_rcm_log_20260616_132745_154.csv,32.89686,Unknown,Task3_Insertion,0.0,0.9893240010466203,2.7840754832209855,2.784179244744008,0.5765101496382524,1.6118699126743021,1.9274075853331956,1.9891280697202824e-12,2.8937680536833094e-11,1.9571293162166873e-09,6.563813180953488e-14,8.273762740600426e-13
8.05274,0.03426,29.18879,Done,Double,160.1949,1.18643,0.98953,1.9299,1.9299,1.0,1.9299,0.98953,0.0,0.0,0.0,0.59886,1.0,6,6,1,0.69743,0.9061,0.05673,0.90053,0.56152,0.06106,0.82,0.7,0.06,0.9,0.56,0.06,-3.79836,-0.51437,-0.07309,-71.94914,0.02508,64.35236,double_rcm_log_20260616_132745_154.csv,29.18879,Unknown,Task3_Insertion,0.0,0.9893240010466203,2.7840754832209855,2.784179244744008,0.5765101496382524,1.6118699126743021,1.9274075853331956,9.036560719766054e-13,3.6977422410342145e-11,1.9053173362551966e-10,4.6435473405466664e-14,9.123774250246453e-13
8.11467,0.03242,30.84645,Done,Double,160.1949,1.18643,0.98953,1.9299,1.9299,1.0,1.9299,0.98953,0.0,0.0,0.0,0.59886,1.0,6,6,1,0.69743,0.9061,0.05673,0.90053,0.56152,0.06106,0.82,0.7,0.06,0.9,0.56,0.06,-3.79836,-0.51437,-0.07309,-71.94914,0.02508,64.35236,double_rcm_log_20260616_132745_154.csv,30.84645,Unknown,Task3_Insertion,0.0,0.9893240010466203,2.7840754832209855,2.784179244744008,0.5765101496382524,1.6118699126743021,1.9274075853331956,1.7763568394002505e-12,4.015392603954226e-11,9.415480204089422e-10,9.064933036736789e-17,2.5637349617645375e-12
8.14641,0.03174,31.50509,Done,Double,160.1949,1.18643,0.98953,1.9299,1.9299,1.0,1.9299,0.98953,0.0,0.0,0.0,0.59886,1.0,6,6,1,0.69743,0.9061,0.05673,0.90053,0.56152,0.06106,0.82,0.7,0.06,0.9,0.56,0.06,-3.79836,-0.51437,-0.07309,-71.94914,0.02508,64.35236,double_rcm_log_20260616_132745_154.csv,31.50509,Unknown,Task3_Insertion,0.0,0.9893240010466203,2.7840754832209855,2.784179244744008,0.5765101496382524,1.6118699126743021,1.9274075853331956,2.5219419200973695e-12,4.051941300680444e-11,1.632730738784972e-09,1.3140442790246462e-13,2.0291771699411637e-12
8.17698,0.03057,32.71257,Done,Double,160.1949,1.18643,0.98953,1.9299,1.9299,1.0,1.9299,0.98953,0.0,0.0,0.0,0.59886,1.0,6,6,1,0.69743,0.9061,0.05673,0.90053,0.56152,0.06106,0.82,0.7,0.06,0.9,0.56,0.06,-3.79836,-0.51437,-0.07309,-71.94914,0.02508,64.35236,double_rcm_log_20260616_132745_154.csv,32.71257,Unknown,Task3_Insertion,0.0,0.9893240010466203,2.7840754832209855,2.784179244744008,0.5765101496382524,1.6118699126743021,1.9274075853331956,1.7901808365247238e-12,6.016987534184035e-11,6.768627474978783e-10,1.312762949168074e-13,1.920815296533278e-12
8.20995,0.03297,30.32999,Done,Double,160.1949,1.18643,0.98953,1.9299,1.9299,1.0,1.9299,0.98953,0.0,0.0,0.0,0.59886,1.0,6,6,1,0.69743,0.9061,0.05673,0.90053,0.56152,0.06106,0.82,0.7,0.06,0.9,0.56,0.06,-3.79836,-0.51437,-0.07309,-71.94914,0.02508,64.35236,double_rcm_log_20260616_132745_154.csv,30.32999,Unknown,Task3_Insertion,0.0,0.9893240010466203,2.7840754832209855,2.784179244744008,0.5765101496382524,1.6118699126743021,1.9274075853331956,1.7798229048217483e-12,5.303906174067052e-12,9.205406294036653e-10,2.9008670951417203e-15,6.368015514624284e-13
8.24142,0.03147,31.77547,Done,Double,160.1949,1.18643,0.98953,1.9299,1.9299,1.0,1.9299,0.98953,0.0,0.0,0.0,0.59886,1.0,6,6,1,0.69743,0.9061,0.05673,0.90053,0.56152,0.06106,0.82,0.7,0.06,0.9,0.56,0.06,-3.79836,-0.51437,-0.07309,-71.94914,0.02508,64.35236,double_rcm_log_20260616_132745_154.csv,31.77547,Unknown,Task3_Insertion,0.0,0.9893240010466203,2.7840754832209855,2.784179244744008,0.5765101496382524,1.6118699126743021,1.9274075853331956,1.7798229048217483e-12,2.9694470868981966e-12,1.0238706809386643e-09,1.0382447606316813e-13,1.53132707957369e-12
8.27355,0.03213,31.121,Done,Double,160.1949,1.18643,0.98953,1.9299,1.9299,1.0,1.9299,0.98953,0.0,0.0,0.0,0.59886,1.0,6,6,1,0.69743,0.9061,0.05673,0.90053,0.56152,0.06106,0.82,0.7,0.06,0.9,0.56,0.06,-3.79836,-0.51437,-0.07309,-71.94914,0.02508,64.35236,double_rcm_log_20260616_132745_154.csv,31.121,Unknown,Task3_Insertion,0.0,0.9893240010466203,2.7840754832209855,2.784179244744008,0.5765101496382524,1.6118699126743021,1.9274075853331956,1.7763568394002505e-12,6.183281379420557e-11,4.3460811818320947e-10,1.0378398494358419e-13,3.2095936383091777e-12
8.30525,0.0317,31.54709,Done,Double,160.1949,1.18643,0.98953,1.9299,1.9299,1.0,1.9299,0.98953,0.0,0.0,0.0,0.59886,1.0,6,6,1,0.69743,0.9061,0.05673,0.90053,0.56152,0.06106,0.82,0.7,0.06,0.9,0.56,0.06,-3.79836,-0.51437,-0.07309,-71.94914,0.02508,64.35236,double_rcm_log_20260616_132745_154.csv,31.54709,Unknown,Task3_Insertion,0.0,0.9893240010466203,2.7840754832209855,2.784179244744008,0.5765101496382524,1.6118699126743021,1.9274075853331956,2.5146000066436358e-12,2.820749509869453e-11,1.0132515197689545e-09,1.0382198293146939e-13,1.6447155561025326e-12
8.33685,0.03159,31.65183,Done,Double,160.1949,1.18643,0.98953,1.9299,1.9299,1.0,1.9299,0.98953,0.0,0.0,0.0,0.59886,1.0,6,6,1,0.69743,0.9061,0.05673,0.90053,0.56152,0.06106,0.82,0.7,0.06,0.9,0.56,0.06,-3.79836,-0.51437,-0.07309,-71.94914,0.02508,64.35236,double_rcm_log_20260616_132745_154.csv,31.65183,Unknown,Task3_Insertion,0.0,0.9893240010466203,2.7840754832209855,2.784179244744008,0.5765101496382524,1.6118699126743021,1.9274075853331956,1.1102230246251565e-13,2.778908033479688e-12,4.476077398971626e-10,3.6259732146947156e-16,7.543834918407251e-13
8.36959,0.03274,30.54448,Done,Double,160.1949,1.18643,0.98953,1.9299,1.9299,1.0,1.9299,0.98953,0.0,0.0,0.0,0.59886,1.0,6,6,1,0.69743,0.9061,0.05673,0.90053,0.56152,0.06106,0.82,0.7,0.06,0.9,0.56,0.06,-3.79836,-0.51437,-0.07309,-71.94914,0.02508,64.35236,double_rcm_log_20260616_132745_154.csv,30.54448,Unknown,Task3_Insertion,0.0,0.9893240010466203,2.7840754832209855,2.784179244744008,0.5765101496382524,1.6118699126743021,1.9274075853331956,2.5146000066436358e-12,1.778673873998828e-12,5.719429503639717e-11,9.287093851585247e-14,7.180675720172741e-13
8.40206,0.03248,30.78899,Done,Double,160.1949,1.18643,0.98953,1.9299,1.9299,1.0,1.9299,0.98953,0.0,0.0,0.0,0.59886,1.0,6,6,1,0.69743,0.9061,0.05673,0.90053,0.56152,0.06106,0.82,0.7,0.06,0.9,0.56,0.06,-3.79836,-0.51437,-0.07309,-71.94914,0.02508,64.35236,double_rcm_log_20260616_132745_154.csv,30.78899,Unknown,Task3_Insertion,0.0,0.9893240010466203,2.7840754832209855,2.784179244744008,0.5765101496382524,1.6118699126743021,1.9274075853331956,0.0,1.7881011347700042e-12,5.692040949268008e-11,4.6412551205529785e-14,1.4256741570136132e-12
8.43436,0.03229,30.96796,Done,Double,160.1949,1.18643,0.98953,1.9299,1.9299,1.0,1.9299,0.98953,0.0,0.0,0.0,0.59886,1.0,6,6,1,0.69743,0.9061,0.05673,0.90053,0.56152,0.06106,0.82,0.7,0.06,0.9,0.56,0.06,-3.79836,-0.51437,-0.07309,-71.94914,0.02508,64.35236,double_rcm_log_20260616_132745_154.csv,30.96796,Unknown,Task3_Insertion,0.0,0.9893240010466203,2.7840754832209855,2.784179244744008,0.5765101496382524,1.6118699126743021,1.9274075853331956,2.5219419200973695e-12,3.722857116717914e-12,5.032712869653396e-10,2.9008670951417203e-15,1.4719794805134438e-12
8.46519,0.03084,32.42683,Done,Double,160.1949,1.18643,0.98953,1.9299,1.9299,1.0,1.9299,0.98953,0.0,0.0,0.0,0.59886,1.0,6,6,1,0.69743,0.9061,0.05673,0.90053,0.56152,0.06106,0.82,0.7,0.06,0.9,0.56,0.06,-3.79836,-0.51437,-0.07309,-71.94914,0.02508,64.35236,double_rcm_log_20260616_132745_154.csv,32.42683,Unknown,Task3_Insertion,0.0,0.9893240010466203,2.7840754832209855,2.784179244744008,0.5765101496382524,1.6118699126743021,1.9274075853331956,0.0,3.006253658330404e-11,9.172784092050987e-10,4.641245714809236e-14,1.3838882630874835e-12
8.49788,0.03269,30.59368,Done,Double,160.1949,1.18643,0.98953,1.9299,1.9299,1.0,1.9299,0.98953,0.0,0.0,0.0,0.59886,1.0,6,6,1,0.69743,0.9061,0.05673,0.90053,0.56152,0.06106,0.82,0.7,0.06,0.9,0.56,0.06,-3.79836,-0.51437,-0.07309,-71.94914,0.02508,64.35236,double_rcm_log_20260616_132745_154.csv,30.59368,Unknown,Task3_Insertion,0.0,0.9893240010466203,2.7840754832209855,2.784179244744008,0.5765101496382524,1.6118699126743021,1.9274075853331956,1.7763568394002505e-12,5.980228840611013e-11,1.3691467700107288e-09,9.287022790117615e-14,6.576564608419139e-13
8.5314,0.03352,29.83097,Done,Double,160.1949,1.18643,0.98953,1.9299,1.9299,1.0,1.9299,0.98953,0.0,0.0,0.0,0.59886,1.0,6,6,1,0.69743,0.9061,0.05673,0.90053,0.56152,0.06106,0.82,0.7,0.06,0.9,0.56,0.06,-3.79836,-0.51437,-0.07309,-71.94914,0.02508,64.35236,double_rcm_log_20260616_132745_154.csv,29.83097,Unknown,Task3_Insertion,0.0,0.9893240010466203,2.7840754832209855,2.784179244744008,0.5765101496382524,1.6118699126743021,1.9274075853331956,3.978256139440565e-12,6.037556668699141e-11,2.271873522787045e-09,9.300891042010991e-14,1.3608079037709746e-12
8.56306,0.03166,31.58671,Done,Double,160.1949,1.18643,0.98953,1.9299,1.9299,1.0,1.9299,0.98953,0.0,0.0,0.0,0.59886,1.0,6,6,1,0.69743,0.9061,0.05673,0.90053,0.56152,0.06106,0.82,0.7,0.06,0.9,0.56,0.06,-3.79836,-0.51437,-0.07309,-71.94914,0.02508,64.35236,double_rcm_log_20260616_132745_154.csv,31.58671,Unknown,Task3_Insertion,0.0,0.9893240010466203,2.7840754832209855,2.784179244744008,0.5765101496382524,1.6118699126743021,1.9274075853331956,5.025522352822287e-12,8.255264328387084e-11,1.3549585215622545e-09,1.3140442790246462e-13,1.5133934305618641e-12
8.59411,0.03105,32.20799,Done,Double,160.1949,1.18643,0.98953,1.9299,1.9299,1.0,1.9299,0.98953,0.0,0.0,0.0,0.59886,1.0,6,6,1,0.69743,0.9061,0.05673,0.90053,0.56152,0.06106,0.82,0.7,0.06,0.9,0.56,0.06,-3.79836,-0.51437,-0.07309,-71.94914,0.02508,64.35236,double_rcm_log_20260616_132745_154.csv,32.20799,Unknown,Task3_Insertion,0.0,0.9893240010466203,2.7840754832209855,2.784179244744008,0.5765101496382524,1.6118699126743021,1.9274075853331956,1.7763568394002505e-12,2.968940820412537e-11,1.9737470842672163e-09,0.0,1.684429403907296e-12
8.62542,0.03131,31.93452,Done,Double,160.1949,1.18643,0.98953,1.9299,1.9299,1.0,1.9299,0.98953,0.0,0.0,0.0,0.59886,1.0,6,6,1,0.69743,0.9061,0.05673,0.90053,0.56152,0.06106,0.82,0.7,0.06,0.9,0.56,0.06,-3.79836,-0.51437,-0.07309,-71.94914,0.02508,64.35236,double_rcm_log_20260616_132745_154.csv,31.93452,Unknown,Task3_Insertion,0.0,0.9893240010466203,2.7840754832209855,2.784179244744008,0.5765101496382524,1.6118699126743021,1.9274075853331956,3.9736059261160154e-12,4.053934539431429e-11,4.3379773368064365e-10,4.650867785367944e-14,7.440443215236607e-13
8.65685,0.03143,31.81818,Done,Double,160.1949,1.18643,0.98953,1.9299,1.9299,1.0,1.9299,0.98953,0.0,0.0,0.0,0.59886,1.0,6,6,1,0.69743,0.9061,0.05673,0.90053,0.56152,0.06106,0.82,0.7,0.06,0.9,0.56,0.06,-3.79836,-0.51437,-0.07309,-71.94914,0.02508,64.35236,double_rcm_log_20260616_132745_154.csv,31.81818,Unknown,Task3_Insertion,0.0,0.9893240010466203,2.7840754832209855,2.784179244744008,0.5765101496382524,1.6118699126743021,1.9274075853331956,1.7798229048217483e-12,4.0179214453174836e-11,1.3188743700562624e-09,4.650311200047026e-14,1.6298046664674321e-12
8.68856,0.03171,31.53832,Done,Double,160.1949,1.18643,0.98953,1.9299,1.9299,1.0,1.9299,0.98953,0.0,0.0,0.0,0.59886,1.0,6,6,1,0.69743,0.9061,0.05673,0.90053,0.56152,0.06106,0.82,0.7,0.06,0.9,0.56,0.06,-3.79836,-0.51437,-0.07309,-71.94914,0.02508,64.35236,double_rcm_log_20260616_132745_154.csv,31.53832,Unknown,Task3_Insertion,0.0,0.9893240010466203,2.7840754832209855,2.784179244744008,0.5765101496382524,1.6118699126743021,1.9274075853331956,1.7901808365247238e-12,4.89016152051629e-11,5.759679417395529e-10,1.312747534943624e-13,1.1413292938093037e-12
8.72334,0.03478,28.74895,Done,Double,160.1949,1.18643,0.98953,1.9299,1.9299,1.0,1.9299,0.98953,0.0,0.0,0.0,0.59886,1.0,6,6,1,0.69743,0.9061,0.05673,0.90053,0.56152,0.06106,0.82,0.7,0.06,0.9,0.56,0.06,-3.79836,-0.51437,-0.07309,-71.94914,0.02508,64.35236,double_rcm_log_20260616_132745_154.csv,28.74895,Unknown,Task3_Insertion,0.0,0.9893240010466203,2.7840754832209855,2.784179244744008,0.5765101496382524,1.6118699126743021,1.9274075853331956,1.7901808365247238e-12,4.786958773764102e-11,1.3322856148604234e-09,9.300608318957358e-14,1.5195856422851842e-12
8.75381,0.03046,32.82838,Done,Double,160.1949,1.18643,0.98953,1.9299,1.9299,1.0,1.9299,0.98953,0.0,0.0,0.0,0.59886,1.0,6,6,1,0.69743,0.9061,0.05673,0.90053,0.56152,0.06106,0.82,0.7,0.06,0.9,0.56,0.06,-3.79836,-0.51437,-0.07309,-71.94914,0.02508,64.35236,double_rcm_log_20260616_132745_154.csv,32.82838,Unknown,Task3_Insertion,0.0,0.9893240010466203,2.7840754832209855,2.784179244744008,0.5765101496382524,1.6118699126743021,1.9274075853331956,1.7798229048217483e-12,2.7513924938184077e-11,1.7799516070530642e-09,2.9900541119693473e-15,2.115358714580453e-12
8.78565,0.03185,31.40013,Done,Double,160.1949,1.18643,0.98953,1.9299,1.9299,1.0,1.9299,0.98953,0.0,0.0,0.0,0.59886,1.0,6,6,1,0.69743,0.9061,0.05673,0.90053,0.56152,0.06106,0.82,0.7,0.06,0.9,0.56,0.06,-3.79836,-0.51437,-0.07309,-71.94914,0.02508,64.35236,double_rcm_log_20260616_132745_154.csv,31.40013,Unknown,Task3_Insertion,0.0,0.9893240010466203,2.7840754832209855,2.784179244744008,0.5765101496382524,1.6118699126743021,1.9274075853331956,0.0,6.450897146860737e-11,9.568404962508969e-10,9.287027490698416e-14,1.6892831456920315e-12
8.8161,0.03045,32.83912,Done,Double,160.1949,1.18643,0.98953,1.9299,1.9299,1.0,1.9299,0.98953,0.0,0.0,0.0,0.59886,1.0,6,6,1,0.69743,0.9061,0.05673,0.90053,0.56152,0.06106,0.82,0.7,0.06,0.9,0.56,0.06,-3.79836,-0.51437,-0.07309,-71.94914,0.02508,64.35236,double_rcm_log_20260616_132745_154.csv,32.83912,Unknown,Task3_Insertion,0.0,0.9893240010466203,2.7840754832209855,2.784179244744008,0.5765101496382524,1.6118699126743021,1.9274075853331956,2.5146000066436358e-12,3.0547992309854165e-11,2.2673277904479755e-09,1.0382261364008584e-13,2.426825933520281e-12
8.84901,0.03291,30.38583,Done,Double,160.1949,1.18643,0.98953,1.9299,1.9299,1.0,1.9299,0.98953,0.0,0.0,0.0,0.59886,1.0,6,6,1,0.69743,0.9061,0.05673,0.90053,0.56152,0.06106,0.82,0.7,0.06,0.9,0.56,0.06,-3.79836,-0.51437,-0.07309,-71.94914,0.02508,64.35236,double_rcm_log_20260616_132745_154.csv,30.38583,Unknown,Task3_Insertion,0.0,0.9893240010466203,2.7840754832209855,2.784179244744008,0.5765101496382524,1.6118699126743021,1.9274075853331956,2.5146000066436358e-12,7.658212110505751e-11,8.22641779106343e-10,1.0382451563620448e-13,2.918543355798245e-12
8.88207,0.03305,30.2561,Done,Double,160.1949,1.18643,0.98953,1.9299,1.9299,1.0,1.9299,0.98953,0.0,0.0,0.0,0.59886,1.0,6,6,1,0.69743,0.9061,0.05673,0.90053,0.56152,0.06106,0.82,0.7,0.06,0.9,0.56,0.06,-3.79836,-0.51437,-0.07309,-71.94914,0.02508,64.35236,double_rcm_log_20260616_132745_154.csv,30.2561,Unknown,Task3_Insertion,0.0,0.9893240010466203,2.7840754832209855,2.784179244744008,0.5765101496382524,1.6118699126743021,1.9274075853331956,2.5146000066436358e-12,2.889110512039576e-11,1.7548820683182917e-09,9.300608318957358e-14,6.868925239607899e-13
8.91356,0.0315,31.75024,Done,Double,160.1949,1.18643,0.98953,1.9299,1.9299,1.0,1.9299,0.98953,0.0,0.0,0.0,0.59886,1.0,6,6,1,0.69743,0.9061,0.05673,0.90053,0.56152,0.06106,0.82,0.7,0.06,0.9,0.56,0.06,-3.79836,-0.51437,-0.07309,-71.94914,0.02508,64.35236,double_rcm_log_20260616_132745_154.csv,31.75024,Unknown,Task3_Insertion,0.0,0.9893240010466203,2.7840754832209855,2.784179244744008,0.5765101496382524,1.6118699126743021,1.9274075853331956,1.7798229048217483e-12,4.031006641143878e-11,6.492005247918082e-10,9.28249170625827e-14,2.1292326416776754e-12
8.94465,0.03109,32.16069,Done,Double,160.1949,1.18643,0.98953,1.9299,1.9299,1.0,1.9299,0.98953,0.0,0.0,0.0,0.59886,1.0,6,6,1,0.69743,0.9061,0.05673,0.90053,0.56152,0.06106,0.82,0.7,0.06,0.9,0.56,0.06,-3.79836,-0.51437,-0.07309,-71.94914,0.02508,64.35236,double_rcm_log_20260616_132745_154.csv,32.16069,Unknown,Task3_Insertion,0.0,0.9893240010466203,2.7840754832209855,2.784179244744008,0.5765101496382524,1.6118699126743021,1.9274075853331956,1.1102230246251565e-13,2.8576895652158062e-11,9.994028821109272e-10,9.287306203236685e-14,1.6735375525715262e-12
8.97564,0.03098,32.27778,Done,Double,160.1949,1.18643,0.98953,1.9299,1.9299,1.0,1.9299,0.98953,0.0,0.0,0.0,0.59886,1.0,6,6,1,0.69743,0.9061,0.05673,0.90053,0.56152,0.06106,0.82,0.7,0.06,0.9,0.56,0.06,-3.79836,-0.51437,-0.07309,-71.94914,0.02508,64.35236,double_rcm_log_20260616_132745_154.csv,32.27778,Unknown,Task3_Insertion,0.0,0.9893240010466203,2.7840754832209855,2.784179244744008,0.5765101496382524,1.6118699126743021,1.9274075853331956,0.0,2.6704510936895744e-11,9.104785582911606e-10,4.650301812620195e-14,1.6057683883730718e-12
9.00817,0.03254,30.73599,Done,Double,160.1949,1.18643,0.98953,1.9299,1.9299,1.0,1.9299,0.98953,0.0,0.0,0.0,0.59886,1.0,6,6,1,0.69743,0.9061,0.05673,0.90053,0.56152,0.06106,0.82,0.7,0.06,0.9,0.56,0.06,-3.79836,-0.51437,-0.07309,-71.94914,0.02508,64.35236,double_rcm_log_20260616_132745_154.csv,30.73599,Unknown,Task3_Insertion,0.0,0.9893240010466203,2.7840754832209855,2.784179244744008,0.5765101496382524,1.6118699126743021,1.9274075853331956,1.7763568394002505e-12,2.935496110271255e-11,1.3923825206140002e-09,0.0,6.983884976649514e-13
9.03924,0.03106,32.19071,Done,Double,160.1949,1.18643,0.98953,1.9299,1.9299,1.0,1.9299,0.98953,0.0,0.0,0.0,0.59886,1.0,6,6,1,0.69743,0.9061,0.05673,0.90053,0.56152,0.06106,0.82,0.7,0.06,0.9,0.56,0.06,-3.79836,-0.51437,-0.07309,-71.94914,0.02508,64.35236,double_rcm_log_20260616_132745_154.csv,32.19071,Unknown,Task3_Insertion,0.0,0.9893240010466203,2.7840754832209855,2.784179244744008,0.5765101496382524,1.6118699126743021,1.9274075853331956,1.7763568394002505e-12,6.112796406594956e-11,6.271200402660043e-10,3.6259732146947156e-16,1.9820502067535627e-12
9.07166,0.03242,30.84259,Done,Double,160.1949,1.18643,0.98953,1.9299,1.9299,1.0,1.9299,0.98953,0.0,0.0,0.0,0.59886,1.0,6,6,1,0.69743,0.9061,0.05673,0.90053,0.56152,0.06106,0.82,0.7,0.06,0.9,0.56,0.06,-3.79836,-0.51437,-0.07309,-71.94914,0.02508,64.35236,double_rcm_log_20260616_132745_154.csv,30.84259,Unknown,Task3_Insertion,0.0,0.9893240010466203,2.7840754832209855,2.784179244744008,0.5765101496382524,1.6118699126743021,1.9274075853331956,2.5146000066436358e-12,3.154604321057466e-11,1.2390619954729415e-09,1.3130833988519902e-13,2.3053667146541407e-12
9.10285,0.03119,32.05704,Done,Double,160.1949,1.18643,0.98953,1.9299,1.9299,1.0,1.9299,0.98953,0.0,0.0,0.0,0.59886,1.0,6,6,1,0.69743,0.9061,0.05673,0.90053,0.56152,0.06106,0.82,0.7,0.06,0.9,0.56,0.06,-3.79836,-0.51437,-0.07309,-71.94914,0.02508,64.35236,double_rcm_log_20260616_132745_154.csv,32.05704,Unknown,Task3_Insertion,0.0,0.9893240010466203,2.7840754832209855,2.784179244744008,0.5765101496382524,1.6118699126743021,1.9274075853331956,2.5146000066436358e-12,3.143546107668673e-11,6.28571052806705e-10,1.313068320850457e-13,1.871978090174283e-12
9.13525,0.03239,30.86954,Done,Double,160.1949,1.18643,0.98953,1.9299,1.9299,1.0,1.9299,0.98953,0.0,0.0,0.0,0.59886,1.0,6,6,1,0.69743,0.9061,0.05673,0.90053,0.56152,0.06106,0.82,0.7,0.06,0.9,0.56,0.06,-3.79836,-0.51437,-0.07309,-71.94914,0.02508,64.35236,double_rcm_log_20260616_132745_154.csv,30.86954,Unknown,Task3_Insertion,0.0,0.9893240010466203,2.7840754832209855,2.784179244744008,0.5765101496382524,1.6118699126743021,1.9274075853331956,1.7798229048217483e-12,2.841754465468864e-11,7.946386594779064e-10,4.6508766195185497e-14,5.0283960414331174e-14
9.16734,0.03209,31.1584,Done,Double,160.1949,1.18643,0.98953,1.9299,1.9299,1.0,1.9299,0.98953,0.0,0.0,0.0,0.59886,1.0,6,6,1,0.69743,0.9061,0.05673,0.90053,0.56152,0.06106,0.82,0.7,0.06,0.9,0.56,0.06,-3.79836,-0.51437,-0.07309,-71.94914,0.02508,64.35236,double_rcm_log_20260616_132745_154.csv,31.1584,Unknown,Task3_Insertion,0.0,0.9893240010466203,2.7840754832209855,2.784179244744008,0.5765101496382524,1.6118699126743021,1.9274075853331956,3.978256139440565e-12,3.944458674371691e-11,1.5510180225495658e-09,1.3130833401830592e-13,2.782643515669766e-13
9.19782,0.03047,32.81442,Done,Double,160.1949,1.18643,0.98953,1.9299,1.9299,1.0,1.9299,0.98953,0.0,0.0,0.0,0.59886,1.0,6,6,1,0.69743,0.9061,0.05673,0.90053,0.56152,0.06106,0.82,0.7,0.06,0.9,0.56,0.06,-3.79836,-0.51437,-0.07309,-71.94914,0.02508,64.35236,double_rcm_log_20260616_132745_154.csv,32.81442,Unknown,Task3_Insertion,0.0,0.9893240010466203,2.7840754832209855,2.784179244744008,0.5765101496382524,1.6118699126743021,1.9274075853331956,8.881784197001252e-13,6.720225291560875e-11,9.36797144655543e-10,4.6413873522267525e-14,2.3572982775304173e-12
9.23131,0.0335,29.85504,Done,Double,160.1949,1.18643,0.98953,1.9299,1.9299,1.0,1.9299,0.98953,0.0,0.0,0.0,0.59886,1.0,6,6,1,0.69743,0.9061,0.05673,0.90053,0.56152,0.06106,0.82,0.7,0.06,0.9,0.56,0.06,-3.79836,-0.51437,-0.07309,-71.94914,0.02508,64.35236,double_rcm_log_20260616_132745_154.csv,29.85504,Unknown,Task3_Insertion,0.0,0.9893240010466203,2.7840754832209855,2.784179244744008,0.5765101496382524,1.6118699126743021,1.9274075853331956,0.0,1.2763403164355374e-11,9.736213742110488e-10,5.801557143511545e-15,1.4463738336121976e-13
9.26171,0.0304,32.89194,Done,Double,160.1949,1.18643,0.98953,1.9299,1.9299,1.0,1.9299,0.98953,0.0,0.0,0.0,0.59886,1.0,6,6,1,0.69743,0.9061,0.05673,0.90053,0.56152,0.06106,0.82,0.7,0.06,0.9,0.56,0.06,-3.79836,-0.51437,-0.07309,-71.94914,0.02508,64.35236,double_rcm_log_20260616_132745_154.csv,32.89194,Unknown,Task3_Insertion,0.0,0.9893240010466203,2.7840754832209855,2.784179244744008,0.5765101496382524,1.6118699126743021,1.9274075853331956,1.1102230246251565e-13,1.517073117447863e-12,6.454208791372688e-10,4.650301812620195e-14,6.489263463393933e-13
9.29366,0.03194,31.30444,Done,Double,160.1949,1.18643,0.98953,1.9299,1.9299,1.0,1.9299,0.98953,0.0,0.0,0.0,0.59886,1.0,6,6,1,0.69743,0.9061,0.05673,0.90053,0.56152,0.06106,0.82,0.7,0.06,0.9,0.56,0.06,-3.79836,-0.51437,-0.07309,-71.94914,0.02508,64.35236,double_rcm_log_20260616_132745_154.csv,31.30444,Unknown,Task3_Insertion,0.0,0.9893240010466203,2.7840754832209855,2.784179244744008,0.5765101496382524,1.6118699126743021,1.9274075853331956,1.1102230246251565e-13,2.821941257857571e-11,5.825864796038439e-10,4.650302364822298e-14,2.0640575414378004e-12
9.32533,0.03167,31.57849,Done,Double,160.1949,1.18643,0.98953,1.9299,1.9299,1.0,1.9299,0.98953,0.0,0.0,0.0,0.59886,1.0,6,6,1,0.69743,0.9061,0.05673,0.90053,0.56152,0.06106,0.82,0.7,0.06,0.9,0.56,0.06,-3.79836,-0.51437,-0.07309,-71.94914,0.02508,64.35236,double_rcm_log_20260616_132745_154.csv,31.57849,Unknown,Task3_Insertion,0.0,0.9893240010466203,2.7840754832209855,2.784179244744008,0.5765101496382524,1.6118699126743021,1.9274075853331956,1.7763568394002505e-12,3.629842531860766e-11,6.07006856077117e-10,1.0378208220466662e-13,1.3962061860902998e-12
9.35814,0.03282,30.47277,Done,Double,160.1949,1.18643,0.98953,1.9299,1.9299,1.0,1.9299,0.98953,0.0,0.0,0.0,0.59886,1.0,6,6,1,0.69743,0.9061,0.05673,0.90053,0.56152,0.06106,0.82,0.7,0.06,0.9,0.56,0.06,-3.79836,-0.51437,-0.07309,-71.94914,0.02508,64.35236,double_rcm_log_20260616_132745_154.csv,30.47277,Unknown,Task3_Insertion,0.0,0.9893240010466203,2.7840754832209855,2.784179244744008,0.5765101496382524,1.6118699126743021,1.9274075853331956,2.51214793389404e-12,2.7901949901661153e-11,27207.620462698273,4.650310647845973e-14,1.5693772013567213e-12
9.39067,0.03253,30.74324,Done,Double,160.1949,1.18643,0.98953,1.9299,1.9299,1.0,1.9299,0.98953,0.0,0.0,0.0,0.59886,1.0,6,6,1,0.69743,0.9061,0.05673,0.90053,0.56152,0.06106,0.82,0.7,0.06,0.9,0.56,0.06,-3.79836,-0.51437,-0.07309,-71.94914,0.02508,64.35236,double_rcm_log_20260616_132745_154.csv,30.74324,Unknown,Task3_Insertion,0.0,0.9893240010466203,2.7840754832209855,2.784179244744008,0.5765101496382524,1.6118699126743021,1.9274075853331956,2.51214793389404e-12,1762.5746666013736,28483.512777970256,7.311895462613622e-16,278.7175400753407
9.42074,0.03007,33.25583,Done,Double,160.1949,1.18643,0.98953,1.9299,1.9299,1.0,1.9299,0.98953,0.0,0.0,0.0,0.59886,1.0,6,6,1,0.69743,0.9061,0.05673,0.90053,0.56152,0.06106,0.82,0.7,0.06,0.9,0.56,0.06,-3.79836,-0.51437,-0.07309,-71.94914,0.02508,64.35236,double_rcm_log_20260616_132745_154.csv,33.25583,Unknown,Task3_Insertion,0.0,0.9893240010466203,2.7840754832209855,2.784179244744008,0.5765101496382524,1.6118699126743021,1.9274075853331956,101.99320092426909,1904.5877634272658,44157.71731542549,16.128277913375666,311.1703437775227
9.45612,0.03538,28.26716,Done,EntryTipCone,158.0259,2.69057,2.54384,7.78252,7.78252,1.0,7.78252,2.54384,0.0,0.0,0.0,0.60501,1.0,6,6,1,0.69099,0.9047,0.06495,0.90131,0.56463,0.05389,0.82,0.7,0.06,0.9,0.56,0.06,-4.4777,-0.62425,-0.13783,-69.05805,0.39455,64.88408,double_rcm_log_20260616_132745_154.csv,28.26716,Unknown,Task4_EntryRCM_TipCone,0.0,2.543735869078381,7.156379722362295,7.158143286789211,2.5420759898264924,7.00913974750106,7.777216725795864,107.49129892395527,1693.594293583544,47355.14364468249,17.782699595410797,253.37391089568683
9.48626,0.03015,33.17268,Done,EntryTipCone,158.0782,2.64931,2.67883,8.09242,8.09242,1.0,8.09242,2.67891,0.0,0.0,0.0,0.60486,1.0,6,6,1,0.69071,0.90445,0.06537,0.90159,0.56475,0.05365,0.82,0.7,0.06,0.9,0.56,0.06,-4.49706,-0.6468,-0.12124,-68.81343,0.21082,64.87442,double_rcm_log_20260616_132745_154.csv,33.17268,Unknown,Task4_EntryRCM_TipCone,0.0,2.6778593251295586,7.533445960085412,7.535503426587933,2.671493222970692,7.368101101786897,8.087836546320599,12.382431461249618,1726.0741638154539,23624.56536890993,3.1314974658207264,272.9298049562581
9.51972,0.03346,29.88667,Done,EntryTipCone,158.1451,2.59726,2.81619,8.40597,8.40597,1.0,8.40597,2.81619,0.0,0.0,0.0,0.60469,1.0,6,6,1,0.69043,0.90418,0.0658,0.90189,0.56487,0.05342,0.82,0.7,0.06,0.9,0.56,0.06,-4.52831,-0.6674,-0.12026,-68.63805,0.19449,64.85245,double_rcm_log_20260616_132745_154.csv,29.88667,Unknown,Task4_EntryRCM_TipCone,0.0,2.8151329019486018,7.9193254847474766,7.921715826350333,2.801811428063694,7.730270270924415,8.401511768723475,11.815896337798618,18.439696201163176,33160.264621512935,2.156921605639652,29.0727367665222
9.5816,0.03195,31.3015,Done,EntryTipCone,158.278,2.49389,3.06133,8.97493,8.97493,1.0,8.97493,3.06133,0.0,0.0,0.0,0.60435,1.0,6,6,1,0.68993,0.90368,0.06655,0.90246,0.56508,0.05302,0.82,0.7,0.06,0.9,0.56,0.06,-4.58529,-0.70454,-0.12122,-68.33701,0.19132,64.80795,double_rcm_log_20260616_132745_154.csv,31.3015,Unknown,Task4_EntryRCM_TipCone,0.0,3.0617693710906737,8.612511201835066,8.615586368795256,3.0387640831786893,8.390541928037422,8.976547220396037,11.363873505695349,12.361417286526892,59.80217353543649,1.9970696667894015,2.2648135178179185
9.61442,0.03281,30.4766,Done,EntryTipCone,158.3526,2.43578,3.18598,9.2691,9.2691,1.0,9.2691,3.18598,0.0,0.0,0.0,0.60417,1.0,6,6,1,0.68968,0.90342,0.06693,0.90275,0.56518,0.05282,0.82,0.7,0.06,0.9,0.56,0.06,-4.61413,-0.72447,-0.12095,-68.18491,0.19149,64.78351,double_rcm_log_20260616_132745_154.csv,30.4766,Unknown,Task4_EntryRCM_TipCone,0.0,3.1863240524263143,8.96251932176051,8.965985210906846,3.158623311310491,8.72530087645208,9.27077666649347,11.063967237837844,12.236500778214111,60.794925316332524,1.9431517049667777,2.09486708036613
9.6456,0.03118,32.07109,Done,EntryTipCone,158.4258,2.37802,3.30192,9.54492,9.54492,1.0,9.54492,3.30192,0.0,0.0,0.0,0.60398,1.0,6,6,1,0.68945,0.90317,0.06728,0.90303,0.56528,0.05265,0.82,0.7,0.06,0.9,0.56,0.06,-4.64078,-0.74254,-0.12205,-68.04379,0.19186,64.75898,double_rcm_log_20260616_132745_154.csv,32.07109,Unknown,Task4_EntryRCM_TipCone,0.0,3.302060781488662,9.287710397357744,9.291567789774897,3.2685807126570814,9.032668402058055,9.543678536078177,10.921252589376518,12.131578160267305,33.98812539326243,1.8781170130512796,2.083075693475595
9.67688,0.03128,31.96428,Done,EntryTipCone,158.5016,2.31805,3.41438,9.81482,9.81482,1.0,9.81482,3.41438,0.0,0.0,0.0,0.60379,1.0,6,6,1,0.68923,0.90292,0.06761,0.90331,0.56537,0.05248,0.82,0.7,0.06,0.9,0.56,0.06,-4.66681,-0.76209,-0.12046,-67.90931,0.19705,64.73476,double_rcm_log_20260616_132745_154.csv,31.96428,Unknown,Task4_EntryRCM_TipCone,0.0,3.414445657318242,9.603447354692678,9.607712099084655,3.377971610647316,9.339245975163873,9.81546738571319,10.725701699840268,13.14617856221164,102.9289797375384,1.8223414932962656,1.9046256496720355
9.70883,0.03195,31.30009,Done,EntryTipCone,158.5823,2.25491,3.52531,10.08297,10.08297,1.0,10.08297,3.52531,0.0,0.0,0.0,0.60358,1.0,6,6,1,0.68902,0.90267,0.06794,0.9036,0.56546,0.05233,0.82,0.7,0.06,0.9,0.56,0.06,-4.69171,-0.78131,-0.11926,-67.77352,0.19445,64.70914,double_rcm_log_20260616_132745_154.csv,31.30009,Unknown,Task4_EntryRCM_TipCone,0.0,3.525015242079215,9.914048334883242,9.918740886350708,3.4839556691922637,9.636980136632273,10.079707337021174,10.503333414615838,11.77386036304833,110.49305706145631,1.767430767633705,2.1389132146348815
9.74138,0.03255,30.71883,Done,EntryTipCone,158.666,2.18837,3.6347,10.34951,10.34951,1.0,10.34951,3.6347,0.0,0.0,0.0,0.60337,1.0,6,6,1,0.68881,0.90242,0.06827,0.90389,0.56555,0.05218,0.82,0.7,0.06,0.9,0.56,0.06,-4.71658,-0.80019,-0.11915,-67.64251,0.19842,64.68195,double_rcm_log_20260616_132745_154.csv,30.71883,Unknown,Task4_EntryRCM_TipCone,0.0,3.6355854411823887,10.224614119211942,10.229762166968706,3.5906162017897465,9.936901622042605,10.34828488204683,10.09798249038157,11.398726335400905,70.73816500790309,1.7004927858934162,2.0521835861377618
9.77439,0.03301,30.297,Done,EntryTipCone,158.7543,2.1188,3.74094,10.60999,10.60999,1.0,10.60999,3.74094,0.0,0.0,0.0,0.60315,1.0,6,6,1,0.68861,0.90218,0.06858,0.90417,0.56563,0.05204,0.82,0.7,0.06,0.9,0.56,0.06,-4.74017,-0.81728,-0.1218,-67.51337,0.19783,64.65252,double_rcm_log_20260616_132745_154.csv,30.297,Unknown,Task4_EntryRCM_TipCone,0.0,3.7403510455909483,10.518841043352182,10.524447006045467,3.6919074077377547,10.222470046234095,10.604121840114766,9.863328101269564,11.883532581701193,54.389513693763774,1.6411789371934042,2.000155782841556
9.80519,0.0308,32.46489,Done,EntryTipCone,158.8381,2.05199,3.8363,10.84545,10.84545,1.0,10.84545,3.8363,0.0,0.0,0.0,0.60294,1.0,6,6,1,0.68844,0.90195,0.06886,0.90444,0.56571,0.05192,0.82,0.7,0.06,0.9,0.56,0.06,-4.7612,-0.83639,-0.11807,-67.39822,0.19755,64.62706,double_rcm_log_20260616_132745_154.csv,32.46489,Unknown,Task4_EntryRCM_TipCone,0.0,3.836306053911671,10.788293187569376,10.794341675807294,3.786283876674506,10.488808981297815,10.844542406205985,9.721436907320665,12.491458621156678,96.12842081240913,1.5859668415254367,2.260235396250704
9.83674,0.03154,31.70261,Done,EntryTipCone,158.9253,1.98187,3.93004,11.07842,11.07842,1.0,11.07842,3.93004,0.0,0.0,0.0,0.60272,1.0,6,6,1,0.68827,0.90172,0.06913,0.90471,0.56578,0.05181,0.82,0.7,0.06,0.9,0.56,0.06,-4.78151,-0.85138,-0.12158,-67.28373,0.19496,64.5976,double_rcm_log_20260616_132745_154.csv,31.70261,Unknown,Task4_EntryRCM_TipCone,0.0,3.929827681606971,11.050883022449366,11.057384642944355,3.877076492848418,10.746043708482418,11.075585763290295,9.36834664635222,12.844871571080137,40.37427370222748,1.5208440041774505,2.5232638655177473
9.87022,0.03348,29.86775,Done,EntryTipCone,159.0202,1.90567,4.02443,11.31432,11.31432,1.0,11.31432,4.02443,0.0,0.0,0.0,0.60248,1.0,6,6,1,0.6881,0.90148,0.0694,0.90499,0.56585,0.0517,0.82,0.7,0.06,0.9,0.56,0.06,-4.80187,-0.86828,-0.12278,-67.16987,0.19458,64.56678,double_rcm_log_20260616_132745_154.csv,29.86775,Unknown,Task4_EntryRCM_TipCone,0.0,4.024907312831893,11.317817230074402,11.324802167027162,3.970292283720852,11.01065141648682,11.314265331871894,9.083942178003932,13.362644070304714,42.489596142782275,1.4324516337655095,2.7511135125481645
9.93222,0.03287,30.42358,Done,EntryTipCone,159.2002,1.75955,4.18624,11.72294,11.72294,1.0,11.72294,4.18619,0.0,0.0,0.0,0.60202,1.0,6,6,1,0.68783,0.90106,0.06986,0.9055,0.56597,0.05154,0.82,0.7,0.06,0.9,0.56,0.06,-4.83647,-0.90133,-0.11989,-66.97773,0.19823,64.51037,double_rcm_log_20260616_132745_154.csv,30.42358,Unknown,Task4_EntryRCM_TipCone,0.0,4.186442171747555,11.771251343527842,11.779111282265346,4.129565198917729,11.464606672443882,11.724440285147876,8.500631334555175,12.34867997031198,60.98795986780553,1.2928189235310754,2.4322061872970058
9.96363,0.03141,31.83886,Done,EntryTipCone,159.2932,1.68336,4.2614,11.91465,11.91465,1.0,11.91465,4.2614,0.0,0.0,0.0,0.60179,1.0,6,6,1,0.6877,0.90086,0.07007,0.90575,0.56602,0.05148,0.82,0.7,0.06,0.9,0.56,0.06,-4.85208,-0.91695,-0.11896,-66.88791,0.19786,64.48108,double_rcm_log_20260616_132745_154.csv,31.83886,Unknown,Task4_EntryRCM_TipCone,0.0,4.2614522165472355,11.981775623620369,11.990065565786262,4.202211064132113,11.67293048697909,11.911897413930298,8.240063986860303,11.121586921817734,33.9903819157658,1.222360790742809,2.5605922021167964
9.99581,0.03218,31.07625,Done,EntryTipCone,159.3902,1.60411,4.33359,12.10005,12.10005,1.0,12.10005,4.33359,0.0,0.0,0.0,0.60155,1.0,6,6,1,0.68759,0.90065,0.07027,0.906,0.56607,0.05142,0.82,0.7,0.06,0.9,0.56,0.06,-4.86689,-0.93174,-0.11932,-66.80247,0.19872,64.45013,double_rcm_log_20260616_132745_154.csv,31.07625,Unknown,Task4_EntryRCM_TipCone,0.0,4.334410059013223,12.186520465157383,12.195243416148617,4.275333900369841,11.88282820518101,12.102119649053174,7.974136971106845,14.431332863574644,145.39778480575208,1.1425782688684514,2.622467873942367
10.02757,0.03176,31.48825,Done,EntryTipCone,159.487,1.5243,4.39975,12.27127,12.27127,1.0,12.27127,4.39975,0.0,0.0,0.0,0.6013,1.0,6,6,1,0.68749,0.90046,0.07045,0.90624,0.56612,0.05138,0.82,0.7,0.06,0.9,0.56,0.06,-4.88017,-0.94708,-0.11729,-66.72467,0.1993,64.42022,double_rcm_log_20260616_132745_154.csv,31.48825,Unknown,Task4_EntryRCM_TipCone,0.0,4.400710168805496,12.372564286682106,12.381693575721156,4.341744598392685,12.073857072840646,12.275846203011792,7.698619110520094,18.70248009912341,42.878920530687246,1.068430131975103,2.666345947016774
10.05968,0.03212,31.1378,Done,EntryTipCone,159.5859,1.44268,4.46164,12.43245,12.43245,1.0,12.43245,4.46164,0.0,0.0,0.0,0.60105,1.0,6,6,1,0.6874,0.90027,0.07061,0.90648,0.56615,0.05135,0.82,0.7,0.06,0.9,0.56,0.06,-4.89229,-0.96016,-0.1185,-66.65195,0.19953,64.3884,double_rcm_log_20260616_132745_154.csv,31.1378,Unknown,Task4_EntryRCM_TipCone,0.0,4.462168318001309,12.545006358639162,12.55452340089911,4.403127248913537,12.252386957399153,12.435248288634968,7.338938092898718,15.432550082152018,138.97028515734888,0.9915557778463157,2.7058269008827667
10.09096,0.03128,31.96744,Done,EntryTipCone,159.6832,1.36178,4.5167,12.57723,12.57723,1.0,12.57723,4.5167,0.0,0.0,0.0,0.60081,1.0,6,6,1,0.68733,0.9001,0.07076,0.9067,0.56618,0.05134,0.82,0.7,0.06,0.9,0.56,0.06,-4.90281,-0.97288,-0.1186,-66.58807,0.20047,64.35764,double_rcm_log_20260616_132745_154.csv,31.96744,Unknown,Task4_EntryRCM_TipCone,0.0,4.51603349099751,12.696131849957736,12.705997634251702,4.455806310035441,12.406039720170979,12.572907380554373,7.068638810318074,11.02545556057921,55.27677773610813,0.9165875177076577,2.8044812697852217
10.12257,0.03161,31.63771,Done,EntryTipCone,159.7827,1.27932,4.56738,12.71183,12.71183,1.0,12.71183,4.56738,0.0,0.0,0.0,0.60055,1.0,6,6,1,0.68727,0.89993,0.07089,0.90692,0.56621,0.05133,0.82,0.7,0.06,0.9,0.56,0.06,-4.91209,-0.98479,-0.11928,-66.52933,0.2003,64.32606,double_rcm_log_20260616_132745_154.csv,31.63771,Unknown,Task4_EntryRCM_TipCone,0.0,4.567260088607595,12.839844079250202,12.85004932664961,4.50896033972759,12.561195986663957,12.712961889347351,7.010418538017399,15.954864846410313,94.77195404612188,0.8373461094182963,2.7433578292615297
10.15555,0.03297,30.32602,Done,EntryTipCone,159.8858,1.19213,4.61469,12.83913,12.83913,1.0,12.83913,4.61469,0.0,0.0,0.0,0.6003,1.0,6,6,1,0.68721,0.89976,0.07101,0.90715,0.56623,0.05134,0.82,0.7,0.06,0.9,0.56,0.06,-4.92062,-0.99655,-0.12003,-66.47667,0.20363,64.29307,double_rcm_log_20260616_132745_154.csv,30.32602,Unknown,Task4_EntryRCM_TipCone,0.0,4.616177494937003,12.977068473729032,12.98760506393474,4.558279326206165,12.706881781750553,12.842546476458605,6.696082173875848,16.877236263781917,82.677984311848,0.7629588459610767,2.630282221549363
10.18885,0.0333,30.02563,Done,EntryTipCone,159.9906,1.1032,4.65665,12.95367,12.95367,1.0,12.95367,4.65665,0.0,0.0,0.0,0.60003,1.0,6,6,1,0.68718,0.8996,0.07111,0.90736,0.56625,0.05137,0.82,0.7,0.06,0.9,0.56,0.06,-4.9273,-1.00875,-0.11843,-66.42809,0.20024,64.26066,double_rcm_log_20260616_132745_154.csv,30.02563,Unknown,Task4_EntryRCM_TipCone,0.0,4.656394550116594,13.089879333552018,13.10069364379692,4.599061311408191,12.82803954084718,12.950250962819222,6.535455147072394,12.15018608224498,75.07238275050891,0.7010588940330502,2.7308476458614424
10.22069,0.03183,31.41302,Done,EntryTipCone,160.0915,1.01757,4.69114,13.0497,13.0497,1.0,13.0497,4.69114,0.0,0.0,0.0,0.59978,1.0,6,6,1,0.68715,0.89946,0.07118,0.90757,0.56626,0.0514,0.82,0.7,0.06,0.9,0.56,0.06,-4.93222,-1.01854,-0.11888,-66.38854,0.19663,64.22878,double_rcm_log_20260616_132745_154.csv,31.41302,Unknown,Task4_EntryRCM_TipCone,0.0,4.6920960103995,13.190018320885832,13.20108321897784,4.638858313617425,12.947278240856356,13.055745861497096,6.451902387663553,15.063208501500492,76.03412126770506,0.6262798339535396,3.074546153082732
10.2822,0.03158,31.66093,Done,EntryTipCone,160.2864,0.8505,4.74202,13.19731,13.19731,1.0,13.19731,4.74202,0.0,0.0,0.0,0.59929,1.0,6,6,1,0.68714,0.89921,0.07128,0.90793,0.56625,0.0515,0.82,0.7,0.06,0.9,0.56,0.06,-4.93818,-1.03746,-0.11635,-66.33483,0.19507,64.16855,double_rcm_log_20260616_132745_154.csv,31.66093,Unknown,Task4_EntryRCM_TipCone,0.0,4.74261326769656,13.331705361982918,13.343131407311118,4.6927609275054225,13.113768513108058,13.198386264994658,6.0708162117436855,16.61505255041138,45.79853465873948,0.5004560591036802,2.9600874590728816
10.31458,0.03238,30.87861,Done,EntryTipCone,160.3888,0.7621,4.76045,13.25461,13.25461,1.0,13.25461,4.76045,0.0,0.0,0.0,0.59903,1.0,6,6,1,0.68716,0.8991,0.07131,0.90811,0.56624,0.05158,0.82,0.7,0.06,0.9,0.56,0.06,-4.9392,-1.0449,-0.11742,-66.31696,0.19394,64.13597,double_rcm_log_20260616_132745_154.csv,30.87861,Unknown,Task4_EntryRCM_TipCone,0.0,4.760051395965422,13.380612124850368,13.39216463510028,4.712802412943164,13.178104742920462,13.251645180882186,5.896691219956574,14.43779932201293,83.65433961695345,0.4579652810443,2.8409730362585166
10.34595,0.03137,31.87308,Done,EntryTipCone,160.4878,0.67598,4.77278,13.2967,13.2967,1.0,13.2967,4.77278,0.0,0.0,0.0,0.59878,1.0,6,6,1,0.68719,0.899,0.07132,0.90827,0.56623,0.05166,0.82,0.7,0.06,0.9,0.56,0.06,-4.93872,-1.05114,-0.11872,-66.30637,0.19188,64.10441,double_rcm_log_20260616_132745_154.csv,31.87308,Unknown,Task4_EntryRCM_TipCone,0.0,4.772405138937932,13.415258532637878,13.426901196977834,4.728988431929697,13.230855603474765,13.295164534521545,5.80439961728965,16.17888674570541,73.64080282101636,0.42621134332806415,2.9932863846238718
10.37802,0.03207,31.18314,Done,EntryTipCone,160.5886,0.58765,4.77959,13.32554,13.32554,1.0,13.32554,4.77959,0.0,0.0,0.0,0.59853,1.0,6,6,1,0.68723,0.8989,0.07131,0.90843,0.56621,0.05176,0.82,0.7,0.06,0.9,0.56,0.06,-4.93661,-1.05789,-0.11774,-66.30193,0.18703,64.07327,double_rcm_log_20260616_132745_154.csv,31.18314,Unknown,Task4_EntryRCM_TipCone,0.0,4.779883089084566,13.436230344068353,13.447927807473803,4.739675681806967,13.268914801143236,13.323910837287906,5.934332691029222,16.0961949619376,51.38575647030545,0.4056568313845019,3.1039241969995084
10.40961,0.03158,31.6613,Done,EntryTipCone,160.6873,0.50092,4.78061,13.3404,13.3404,1.0,13.3404,4.78061,0.0,0.0,0.0,0.59828,1.0,6,6,1,0.68728,0.89882,0.07128,0.90858,0.56618,0.05187,0.82,0.7,0.06,0.9,0.56,0.06,-4.93335,-1.06445,-0.11569,-66.30624,0.18529,64.04322,double_rcm_log_20260616_132745_154.csv,31.6613,Unknown,Task4_EntryRCM_TipCone,0.0,4.781061592769216,13.439535421062637,13.451241536291061,4.744903429636111,13.291956445679702,13.338129554026684,5.857981071962469,15.002074640787798,31.763868188111957,0.4140771641139761,2.9480439539018897
10.44206,0.03246,30.8112,Done,EntryTipCone,160.7881,0.41168,4.7759,13.34117,13.34117,1.0,13.34117,4.7759,0.0,0.0,0.0,0.59803,1.0,6,6,1,0.68735,0.89875,0.07123,0.90872,0.56615,0.05199,0.82,0.7,0.06,0.9,0.56,0.06,-4.92834,-1.06943,-0.11503,-66.31699,0.18085,64.01202,double_rcm_log_20260616_132745_154.csv,30.8112,Unknown,Task4_EntryRCM_TipCone,0.0,4.776364194084266,13.426361678470398,13.438033333748706,4.746334202959593,13.303912726944391,13.342451049188785,5.969461937602702,18.112128478452895,58.968751614526504,0.4444527533314266,2.904468105752295
10.4725,0.03044,32.85435,Done,EntryTipCone,160.882,0.32803,4.766,13.32883,13.32883,1.0,13.32883,4.766,0.0,0.0,0.0,0.5978,1.0,6,6,1,0.68743,0.89869,0.07117,0.90885,0.56611,0.05212,0.82,0.7,0.06,0.9,0.56,0.06,-4.92221,-1.07347,-0.11403,-66.33372,0.17563,63.98316,double_rcm_log_20260616_132745_154.csv,32.85435,Unknown,Task4_EntryRCM_TipCone,0.0,4.766897146469912,13.399811295070569,13.411413705959385,4.742333060414855,13.300877992997876,13.332254122990596,6.159043050943137,18.782877058471723,122.95071958262868,0.4839875201455781,2.9414794056861853
10.50474,0.03224,31.01613,Done,EntryTipCone,160.9803,0.24002,4.74978,13.30166,13.30166,1.0,13.30166,4.74978,0.0,0.0,0.0,0.59755,1.0,6,6,1,0.68753,0.89864,0.07108,0.90897,0.56606,0.05227,0.82,0.7,0.06,0.9,0.56,0.06,-4.9142,-1.07782,-0.11125,-66.35841,0.16873,63.95367,double_rcm_log_20260616_132745_154.csv,31.01613,Unknown,Task4_EntryRCM_TipCone,0.0,4.749268989278643,13.350372063907448,13.361846268464813,4.730843016055328,13.27702434224678,13.30178183552858,6.190860808002653,16.802638662418772,59.59966481801241,0.5376559986749753,2.894217016067237
10.53691,0.03217,31.08959,Done,EntryTipCone,161.0774,0.15244,4.72783,13.26041,13.26041,1.0,13.26041,4.72783,0.0,0.0,0.0,0.59731,1.0,6,6,1,0.68763,0.8986,0.07098,0.90908,0.56601,0.05243,0.82,0.7,0.06,0.9,0.56,0.06,-4.90452,-1.08138,-0.10808,-66.38928,0.15863,63.92479,double_rcm_log_20260616_132745_154.csv,31.08959,Unknown,Task4_EntryRCM_TipCone,0.0,4.728565699957231,13.29230682570585,13.303631668703654,4.715715599802452,13.242459973654643,13.261651480867648,6.170456837083654,15.640523081663947,133.34898337768834,0.6003940087231016,2.980306872861201
10.56843,0.03152,31.72663,Done,EntryTipCone,161.1714,0.06735,4.70061,13.20603,13.20603,1.0,13.20603,4.70061,0.0,0.0,0.0,0.59707,1.0,6,6,1,0.68775,0.89858,0.07086,0.90917,0.56595,0.05259,0.82,0.7,0.06,0.9,0.56,0.06,-4.89333,-1.08427,-0.10427,-66.42519,0.14461,63.89722,double_rcm_log_20260616_132745_154.csv,31.72663,Unknown,Task4_EntryRCM_TipCone,0.0,4.700521571921239,13.213650423810233,13.224775019702784,4.694884298142155,13.191644558350005,13.206040284657586,6.424892907949611,17.041259778416638,75.84790418761331,0.6679298240578257,3.2802877043515983
10.59966,0.03123,32.01848,Done,EntryTipCone,161.2631,0.0166,4.66821,13.13882,13.13882,1.0,13.13882,4.66821,0.0,0.0,0.0,0.59684,1.0,6,6,1,0.68788,0.89856,0.07073,0.90926,0.56589,0.05277,0.82,0.7,0.06,0.9,0.56,0.06,-4.88053,-1.08732,-0.09833,-66.46597,0.12586,63.87123,double_rcm_log_20260616_132745_154.csv,32.01848,Unknown,Task4_EntryRCM_TipCone,0.0,4.66932519660371,13.126149078965923,13.137053707485672,4.6708570109785255,13.131736600840135,13.142016588027813,6.82243071460452,19.11404462309072,108.38808729863366,0.7424070042976585,4.1819302886343985
10.63231,0.03265,30.62834,Done,EntryTipCone,161.3578,0.10343,4.62847,13.05453,13.05453,1.0,13.05453,4.62847,0.0,0.0,0.0,0.5966,1.0,6,6,1,0.68803,0.89855,0.07057,0.90934,0.56582,0.05297,0.82,0.7,0.06,0.9,0.56,0.06,-4.86517,-1.09142,-0.08847,-66.51323,0.09876,63.84609,double_rcm_log_20260616_132745_154.csv,30.62834,Unknown,Task4_EntryRCM_TipCone,0.0,4.630130821882954,13.016208983823237,13.026841383914201,4.63971088666495,13.05194008567307,13.058671448504994,7.081013677936971,17.481178276503854,74.73744798233103,0.8405841249767251,6.317885815948431
10.66443,0.03212,31.12913,Done,EntryTipCone,161.4494,0.18797,4.58369,12.95768,12.95768,1.0,12.95768,4.58369,0.0,0.0,0.0,0.59638,1.0,6,6,1,0.6882,0.89856,0.07039,0.9094,0.56574,0.05318,0.82,0.7,0.06,0.9,0.56,0.06,-4.84772,-1.09831,-0.07128,-66.56229,0.05954,63.82497,double_rcm_log_20260616_132745_154.csv,31.12913,Unknown,Task4_EntryRCM_TipCone,0.0,4.582870484131527,12.88363579281148,12.893946011489358,4.601009245376699,12.950582760870365,12.95453588516389,7.315760300582313,14.618250156852353,54.52433551382641,0.9917886838729033,10.985954478174225
10.69591,0.03148,31.7649,Done,EntryTipCone,161.5376,0.26983,4.53428,12.84954,12.84954,1.0,12.84954,4.53428,0.0,0.0,0.0,0.59616,1.0,6,6,1,0.68837,0.89858,0.0702,0.90946,0.56566,0.05339,0.82,0.7,0.06,0.9,0.56,0.06,-4.8281,-1.11121,-0.04093,-66.6115,0.00485,63.81034,double_rcm_log_20260616_132745_154.csv,31.7649,Unknown,Task4_EntryRCM_TipCone,0.0,4.534438313396344,12.747766319669152,12.757753186774263,4.563286039171195,12.851869723297693,12.853765985111151,7.6314075753883515,18.388644334220015,64.57246670672376,1.3004436358030194,21.683495551409738
10.7276,0.03169,31.55724,Done,EntryTipCone,161.6246,0.35114,4.47925,12.72776,12.72776,1.0,12.72776,4.47925,0.0,0.0,0.0,0.59594,1.0,6,6,1,0.68855,0.89861,0.06999,0.9095,0.56557,0.05362,0.82,0.7,0.06,0.9,0.56,0.06,-4.80506,-1.14053,0.02193,-66.65871,-0.0774,63.80931,double_rcm_log_20260616_132745_154.csv,31.55724,Unknown,Task4_EntryRCM_TipCone,0.0,4.47892029197713,12.592007314574529,12.601631919585758,4.516225522059164,12.72651647303614,12.727108862581426,8.002986542966113,17.345136384585775,114.2850009254024,2.0617441733026403,48.40365990286835
10.7594,0.0318,31.44715,Done,EntryTipCone,161.7104,0.43138,4.41867,12.59305,12.59305,1.0,12.59305,4.41867,0.0,0.0,0.0,0.59573,1.0,6,6,1,0.68875,0.89864,0.06976,0.90953,0.56548,0.05386,0.82,0.7,0.06,0.9,0.56,0.06,-4.77753,-1.20809,0.15705,-66.70005,-0.20315,63.83781,double_rcm_log_20260616_132745_154.csv,31.44715,Unknown,Task4_EntryRCM_TipCone,0.0,4.418528461964413,12.422561138639212,12.431801741973926,4.465997730497219,12.591664458924873,12.591699646989593,8.256302124550437,15.316779183275848,806.6148077346063,4.05635488826677,122.35932853446076
10.79153,0.03213,31.12064,Done,EntryTipCone,161.7953,0.51017,4.35253,12.44494,12.44494,1.0,12.44494,4.35253,0.0,0.0,0.0,0.59552,1.0,6,6,1,0.68895,0.89869,0.06951,0.90955,0.56538,0.05411,0.82,0.7,0.06,0.9,0.56,0.06,-4.74334,-1.38189,0.48696,-66.73438,-0.40051,63.9438,double_rcm_log_20260616_132745_154.csv,31.12064,Unknown,Task4_EntryRCM_TipCone,0.0,4.35323409400656,12.239343999150353,12.248181066380972,4.410931496712194,12.443251739242127,12.443432002466134,8.876987339083888,52.749021032206294,3933.8698576758748,9.604689711260711,359.8872575832712
10.82443,0.0329,30.3996,Done,EntryTipCone,161.8768,0.58362,4.28245,12.28819,12.28819,1.0,12.28819,4.28245,0.0,0.0,0.0,0.59532,1.0,6,6,1,0.68915,0.89874,0.0692,0.90958,0.56528,0.0544,0.82,0.7,0.06,0.9,0.56,0.06,-4.69885,-1.86874,1.38049,-66.77737,-0.71255,64.26663,double_rcm_log_20260616_132745_154.csv,30.3996,Unknown,Task4_EntryRCM_TipCone,0.0,4.28233210971559,12.040373796365136,12.04878616300135,4.353252663583526,12.287650085162122,12.28880791614875,10.79790878587911,264.24421368479165,4347.563696392036,27.413609970881964,672.6919542886529
10.8555,0.03107,32.1844,Done,EntryTipCone,161.9091,0.60284,4.23674,12.18579,12.18579,1.0,12.18579,4.23674,0.0,0.0,0.0,0.59527,1.0,6,6,1,0.6891,0.89869,0.06866,0.90966,0.56529,0.05478,0.82,0.7,0.06,0.9,0.56,0.06,-4.64175,-3.27913,3.90976,-66.90643,-1.16355,65.17077,double_rcm_log_20260616_132745_154.csv,32.1844,Unknown,Task4_EntryRCM_TipCone,0.0,4.2366104690239625,11.912056671199611,11.920202513203527,4.316690195502646,12.186394936094121,12.188031014072742,21.81457309868644,336.3996800988987,604.1604230721605,51.851963322803236,495.45120535403396
10.91701,0.03196,31.29194,Done,EntryTipCone,161.3891,0.12359,4.56089,12.90572,12.90572,1.0,12.90572,4.56089,0.0,0.0,0.0,0.5966,1.0,6,6,1,0.68612,0.89746,0.06487,0.91067,0.56653,0.05684,0.82,0.7,0.06,0.9,0.56,0.06,-4.50741,-8.70202,13.38969,-67.65888,-1.81146,67.82069,double_rcm_log_20260616_132745_154.csv,31.29194,Unknown,Task4_EntryRCM_TipCone,0.0,4.560813213807769,12.82175843637461,12.831920540757213,4.583658140524518,12.897059951190954,12.902534634714144,31.107088390605462,59.36889982606219,3907.6145200270294,45.78965422581199,338.1700774364098
10.97698,0.03034,32.96236,Done,EntryTipCone,161.2601,0.01304,4.66245,13.12625,13.12625,1.0,13.12625,4.66245,0.0,0.0,0.0,0.59686,1.0,6,6,1,0.6853,0.89709,0.06301,0.91099,0.56688,0.05798,0.82,0.7,0.06,0.9,0.56,0.06,-4.43092,-9.95575,15.5625,-68.02449,-1.94032,68.22681,double_rcm_log_20260616_132745_154.csv,32.96236,Unknown,Task4_EntryRCM_TipCone,0.0,4.662601383523254,13.107289239937389,13.11814684134254,4.6638897900455385,13.11196077574266,13.122305437688864,16.872596884755453,146.90920693664214,1562.3867328401393,11.753938766443586,265.46865242967
11.0077,0.03072,32.5506,Done,EntryTipCone,161.2559,0.00931,4.6656,13.13293,13.13293,1.0,13.13293,4.6656,0.0,0.0,0.0,0.59687,1.0,6,6,1,0.68521,0.89704,0.06232,0.91105,0.56692,0.05844,0.82,0.7,0.06,0.9,0.56,0.06,-4.39486,-10.27143,16.11611,-68.17954,-1.99235,68.31269,double_rcm_log_20260616_132745_154.csv,32.5506,Unknown,Task4_EntryRCM_TipCone,0.0,4.66488404536334,13.113691971618305,13.12456552303614,4.667035612505684,13.120439075673524,13.130974830529494,15.107628193430198,52.62722972589782,2131.0600011398715,8.447439591989463,65.92091812927771
11.03841,0.03071,32.56419,Done,EntryTipCone,161.2543,0.00789,4.66674,13.13531,13.13531,1.0,13.13531,4.66674,0.0,0.0,0.0,0.59687,1.0,6,6,1,0.68514,0.897,0.06164,0.91109,0.56695,0.0589,0.82,0.7,0.06,0.9,0.56,0.06,-4.35802,-10.55709,16.61872,-68.33565,-2.0445,68.38667,double_rcm_log_20260616_132745_154.csv,32.56419,Unknown,Task4_EntryRCM_TipCone,0.0,4.666893678482591,13.11932885662985,13.130216463200314,4.66818030101669,13.123165014583845,13.133948378153356,15.05399444566646,20.73829328589874,608.3360313710695,7.801014707871818,19.414379770918327
11.06971,0.03129,31.95586,Done,EntryTipCone,161.2531,0.00709,4.66741,13.13673,13.13673,1.0,13.13673,4.66741,0.0,0.0,0.0,0.59687,1.0,6,6,1,0.6851,0.89698,0.06095,0.91112,0.56696,0.05937,0.82,0.7,0.06,0.9,0.56,0.06,-4.31956,-10.82648,17.09423,-68.49689,-2.0981,68.45355,double_rcm_log_20260616_132745_154.csv,31.95586,Unknown,Task4_EntryRCM_TipCone,0.0,4.666576964796265,13.118440497226535,13.129325887933442,4.667985603183498,13.123121638484553,13.13365524140176,15.013184032036635,17.675788700326027,104.8151191020599,7.318072817693453,15.92372543793595
11.12922,0.03082,32.44893,Done,EntryTipCone,161.2513,0.00556,4.66875,13.13975,13.13975,1.0,13.13975,4.66875,0.0,0.0,0.0,0.59688,1.0,6,6,1,0.68507,0.89697,0.05963,0.91113,0.56697,0.06026,0.82,0.7,0.06,0.9,0.56,0.06,-4.24387,-11.28946,17.91567,-68.81017,-2.20204,68.56271,double_rcm_log_20260616_132745_154.csv,32.44893,Unknown,Task4_EntryRCM_TipCone,0.0,4.6683141390476,13.123313142730195,13.13421069114463,4.668478715990776,13.124210217996058,13.134892462445148,14.796494439139451,16.542290413056975,46.877424722070344,6.521452826636891,13.912102623821653
11.16049,0.03128,31.97439,Done,EntryTipCone,161.2509,0.00512,4.66917,13.14076,13.14076,1.0,13.14076,4.66917,0.0,0.0,0.0,0.59688,1.0,6,6,1,0.68509,0.89698,0.05894,0.91112,0.56696,0.06072,0.82,0.7,0.06,0.9,0.56,0.06,-4.20287,-11.50728,18.30471,-68.97794,-2.25776,68.61179,double_rcm_log_20260616_132745_154.csv,31.97439,Unknown,Task4_EntryRCM_TipCone,0.0,4.669230573916257,13.125883670007573,13.136787635785419,4.6696246840854565,13.127750056215326,13.138279948303733,14.901331440324782,16.969168200816096,101.79440278865688,6.143326654664834,13.105634473160336
11.19105,0.03055,32.73086,Done,EntryTipCone,161.2502,0.00438,4.6698,13.14188,13.14188,1.0,13.14188,4.6698,0.0,0.0,0.0,0.59688,1.0,6,6,1,0.68513,0.897,0.05827,0.91109,0.56695,0.06118,0.82,0.7,0.06,0.9,0.56,0.06,-4.16202,-11.70543,18.66043,-69.14405,-2.31301,68.65545,double_rcm_log_20260616_132745_154.csv,32.73086,Unknown,Task4_EntryRCM_TipCone,0.0,4.670176710281928,13.128537504110348,13.139448097879027,4.670640811113305,13.130112718480273,13.140890380792206,14.916940619495422,19.00034242409776,143.43223505598579,5.8014331992386445,12.64969276616571
11.22171,0.03066,32.61489,Done,EntryTipCone,161.2497,0.004,4.67022,13.14281,13.14281,1.0,13.14281,4.67022,0.0,0.0,0.0,0.59688,1.0,6,6,1,0.68519,0.89704,0.05759,0.91105,0.56693,0.06163,0.82,0.7,0.06,0.9,0.56,0.06,-4.12033,-11.88915,18.99225,-69.31261,-2.36908,68.69519,double_rcm_log_20260616_132745_154.csv,32.61489,Unknown,Task4_EntryRCM_TipCone,0.0,4.670812128200915,13.13031979670886,13.141234843291508,4.67204286261364,13.133868959531837,13.144744196826348,14.779865008117348,20.092299456838692,35.59630694822016,5.466288920882899,12.246556024868498
11.25312,0.03141,31.83253,Done,EntryTipCone,161.2492,0.00366,4.67051,13.1435,13.1435,1.0,13.1435,4.67047,0.0,0.0,0.0,0.59688,1.0,6,6,1,0.68528,0.89708,0.05691,0.91099,0.56689,0.06209,0.82,0.7,0.06,0.9,0.56,0.06,-4.07692,-12.06232,19.30728,-69.48719,-2.4272,68.73228,double_rcm_log_20260616_132745_154.csv,31.83253,Unknown,Task4_EntryRCM_TipCone,0.0,4.6698951763805185,13.12774782522071,13.138656446473034,4.669758924588524,13.127825175791756,13.138504481104313,14.844374663592589,17.930964715296334,81.26161615103518,5.148705069101692,11.601063441754382
11.31529,0.03252,30.75134,Done,EntryTipCone,161.2486,0.00306,4.67118,13.14488,13.14488,1.0,13.14488,4.67118,0.0,0.0,0.0,0.59688,1.0,6,6,1,0.68551,0.89722,0.05556,0.91084,0.56681,0.063,0.82,0.7,0.06,0.9,0.56,0.06,-3.98917,-12.36316,19.86151,-69.83783,-2.54401,68.79661,double_rcm_log_20260616_132745_154.csv,30.75134,Unknown,Task4_EntryRCM_TipCone,0.0,4.670918354454892,13.1306177520552,13.141533543157479,4.673355852771163,13.137576406862602,13.148448577683943,14.849910889248193,17.1743579348789,58.09435502300251,4.587085488178197,10.921411298065612
11.3453,0.03001,33.32644,Done,EntryTipCone,161.248,0.00258,4.67173,13.14616,13.14616,1.0,13.14616,4.67173,0.0,0.0,0.0,0.59688,1.0,6,6,1,0.68564,0.89729,0.05492,0.91074,0.56675,0.06343,0.82,0.7,0.06,0.9,0.56,0.06,-3.946,-12.48988,20.09858,-70.00935,-2.60124,68.82419,double_rcm_log_20260616_132745_154.csv,33.32644,Unknown,Task4_EntryRCM_TipCone,0.0,4.671765672948431,13.13299440466317,13.143916135668105,4.670532921665838,13.129808071712194,13.140585983889698,14.878223408030285,15.776413602313053,54.343222279938566,4.330220666220894,10.8564880627247
11.40533,0.03042,32.87731,Done,EntryTipCone,161.2475,0.00214,4.67232,13.14747,13.14747,1.0,13.14747,4.67232,0.0,0.0,0.0,0.59688,1.0,6,6,1,0.68598,0.89749,0.05366,0.91052,0.56662,0.06429,0.82,0.7,0.06,0.9,0.56,0.06,-3.85842,-12.70527,20.51002,-70.35559,-2.71676,68.87316,double_rcm_log_20260616_132745_154.csv,32.87731,Unknown,Task4_EntryRCM_TipCone,0.0,4.6719289933011545,13.13345250331847,13.144375379484531,4.6734969764639995,13.138481881627156,13.149102630978243,14.730617599336439,17.526370529851214,62.475012281289985,3.842865825894273,10.448440586118064
11.43661,0.03127,31.97668,Done,EntryTipCone,161.2472,0.00181,4.67253,13.1477,13.1477,1.0,13.1477,4.67253,0.0,0.0,0.0,0.59688,1.0,6,6,1,0.68618,0.8976,0.05301,0.91038,0.56655,0.06472,0.82,0.7,0.06,0.9,0.56,0.06,-3.81227,-12.79846,20.69307,-70.53733,-2.77738,68.89598,double_rcm_log_20260616_132745_154.csv,31.97668,Unknown,Task4_EntryRCM_TipCone,0.0,4.673368472358241,13.137490105831327,13.148423078727788,4.67397947561243,13.139134499068547,13.150106463447287,14.740974091902574,18.440800568968694,43.08095209296893,3.619945245761135,10.16073179648411
11.49698,0.03043,32.85703,Done,EntryTipCone,161.2467,0.00154,4.67315,13.14922,13.14922,1.0,13.14922,4.67315,0.0,0.0,0.0,0.59688,1.0,6,6,1,0.68663,0.89786,0.05178,0.91007,0.56637,0.06555,0.82,0.7,0.06,0.9,0.56,0.06,-3.72234,-12.94327,20.98874,-70.89018,-2.89485,68.93576,double_rcm_log_20260616_132745_154.csv,32.85703,Unknown,Task4_EntryRCM_TipCone,0.0,4.672969086748107,13.136369867826605,13.14730003874714,4.67204286261364,13.133868959531851,13.144744196826363,14.960176542031494,15.320004055647663,104.28985730376017,3.2396031127249816,9.981089106242704
11.5274,0.03042,32.86969,Done,EntryTipCone,161.2464,0.00129,4.67336,13.14975,13.14975,1.0,13.14975,4.67336,0.0,0.0,0.0,0.59689,1.0,6,6,1,0.68689,0.89801,0.05118,0.9099,0.56627,0.06596,0.82,0.7,0.06,0.9,0.56,0.06,-3.67676,-12.99869,21.10885,-71.06853,-2.95405,68.9539,double_rcm_log_20260616_132745_154.csv,32.86969,Unknown,Task4_EntryRCM_TipCone,0.0,4.672274052339101,13.134420362016632,13.145345657914527,4.672818287136504,13.136261264149725,13.147033886014002,14.885909879232686,16.669076813413106,83.52254242815111,3.071200178941501,9.872877273222056
11.55863,0.03123,32.02481,Done,EntryTipCone,161.2462,0.0011,4.67357,13.15007,13.15007,1.0,13.15007,4.67357,0.0,0.0,0.0,0.59689,1.0,6,6,1,0.68716,0.89816,0.05057,0.90971,0.56617,0.06637,0.82,0.7,0.06,0.9,0.56,0.06,-3.62988,-13.04343,21.21214,-71.25169,-3.01468,68.97129,double_rcm_log_20260616_132745_154.csv,32.02481,Unknown,Task4_EntryRCM_TipCone,0.0,4.674741948226784,13.14134256791662,13.152285180382906,4.674077305404955,13.13920791430683,13.150281365811102,14.724736817534186,18.17336530868721,87.85598094542065,2.9215179263006066,9.710568993596329
11.58937,0.03074,32.52887,Done,EntryTipCone,161.2459,0.00088,4.67383,13.15073,13.15073,1.0,13.15073,4.67383,0.0,0.0,0.0,0.59689,1.0,6,6,1,0.68746,0.89833,0.04999,0.90952,0.56605,0.06676,0.82,0.7,0.06,0.9,0.56,0.06,-3.58366,-13.07587,21.29471,-71.43197,-3.07419,68.98736,double_rcm_log_20260616_132745_154.csv,32.52887,Unknown,Task4_EntryRCM_TipCone,0.0,4.6734349918414875,13.137676686485536,13.14861012611047,4.673941057638821,13.13963446394737,13.150304178991432,14.754479884857098,17.840601942143977,68.96830073697467,2.797991530192569,9.680385502753039
11.61948,0.03012,33.20567,Done,EntryTipCone,161.246,0.00076,4.67412,13.15127,13.15127,1.0,13.15127,4.67412,0.0,0.0,0.0,0.59689,1.0,6,6,1,0.68776,0.89851,0.04942,0.90931,0.56594,0.06714,0.82,0.7,0.06,0.9,0.56,0.06,-3.53839,-13.09636,21.35695,-71.60832,-3.13214,69.00206,double_rcm_log_20260616_132745_154.csv,33.20567,Unknown,Task4_EntryRCM_TipCone,0.0,4.674150033064657,13.139682306167257,13.150620763656466,4.67418609042005,13.13961649130064,13.150638767755662,14.867814829952477,16.334935910890717,62.095391122582704,2.6986583267317976,9.683481886821019
11.65028,0.0308,32.46852,Done,EntryTipCone,161.2455,0.00043,4.67437,13.1517,13.1517,1.0,13.1517,4.67437,0.0,0.0,0.0,0.59689,1.0,6,6,1,0.68809,0.89869,0.04886,0.90909,0.56581,0.06752,0.82,0.7,0.06,0.9,0.56,0.06,-3.49219,-13.10581,21.4016,-71.78813,-3.19094,69.0161,double_rcm_log_20260616_132745_154.csv,32.46852,Unknown,Task4_EntryRCM_TipCone,0.0,4.674305437837243,13.14011820086377,13.151057749122456,4.674068808188048,13.139589561556038,13.150460067997566,14.925139588109186,17.410407920015423,71.70028040655195,2.6240892149422286,9.625157837903798
11.68062,0.03034,32.96396,Done,EntryTipCone,161.2455,0.00055,4.67462,13.15252,13.15252,1.0,13.15252,4.67462,0.0,0.0,0.0,0.59689,1.0,6,6,1,0.68843,0.89889,0.04832,0.90886,0.56568,0.06789,0.82,0.7,0.06,0.9,0.56,0.06,-3.44681,-13.10382,21.42689,-71.96461,-3.24831,69.02889,double_rcm_log_20260616_132745_154.csv,32.96396,Unknown,Task4_EntryRCM_TipCone,0.0,4.6742991628835435,13.140100600254073,13.151040104468091,4.6751580889126485,13.142563910966718,13.153482428619377,14.918700455042641,17.141697355710747,81.46765323801347,2.579871621505941,9.572132694783631
11.71158,0.03096,32.2986,Done,EntryTipCone,161.2452,0.00024,4.67487,13.15282,13.15282,1.0,13.15282,4.67483,0.0,0.0,0.0,0.59689,1.0,6,6,1,0.68879,0.89909,0.04778,0.90861,0.56554,0.06825,0.82,0.7,0.06,0.9,0.56,0.06,-3.40071,-13.09035,21.43374,-72.14378,-3.30618,69.04096,double_rcm_log_20260616_132745_154.csv,32.2986,Unknown,Task4_EntryRCM_TipCone,0.0,4.674639469110778,13.141055124533041,13.151997017567373,4.673470424445704,13.13759572899325,13.14861969942093,14.90648094680226,15.631696194925441,46.13649221695608,2.5648284903578604,9.575598736086722
11.74256,0.03098,32.27844,Done,EntryTipCone,161.2449,0.00021,4.67508,13.15325,13.15325,1.0,13.15325,4.67508,0.0,0.0,0.0,0.59689,1.0,6,6,1,0.68917,0.89931,0.04726,0.90836,0.56539,0.06861,0.82,0.7,0.06,0.9,0.56,0.06,-3.35485,-13.06532,21.4214,-72.32198,-3.36326,69.05199,double_rcm_log_20260616_132745_154.csv,32.27844,Unknown,Task4_EntryRCM_TipCone,0.0,4.675121376846384,13.142406825816073,13.153352102253578,4.675908125743325,13.144986116386656,13.155751593884618,14.803609383277447,16.822249831079446,101.58014828577892,2.580529311505631,9.607453733263808
11.77297,0.03041,32.88815,Done,EntryTipCone,161.2449,0.00025,4.67533,13.15383,13.15383,1.0,13.15383,4.67533,0.0,0.0,0.0,0.59689,1.0,6,6,1,0.68956,0.89953,0.04676,0.9081,0.56524,0.06894,0.82,0.7,0.06,0.9,0.56,0.06,-3.31016,-13.02946,21.39048,-72.49557,-3.41835,69.06168,double_rcm_log_20260616_132745_154.csv,32.88815,Unknown,Task4_EntryRCM_TipCone,0.0,4.674768200438372,13.14141620266413,13.152358999433437,4.674777168365472,13.141894021089104,13.152611907906318,14.835587494775837,17.163291768410687,50.06642381369152,2.625868908455568,9.616022305843778
11.8031,0.03014,33.18195,Done,EntryTipCone,161.2446,0.0003,4.67554,13.15446,13.15446,1.0,13.15446,4.67554,0.0,0.0,0.0,0.59689,1.0,6,6,1,0.68995,0.89976,0.04628,0.90783,0.56509,0.06927,0.82,0.7,0.06,0.9,0.56,0.06,-3.26624,-12.98295,21.34154,-72.66614,-3.47192,69.07015,double_rcm_log_20260616_132745_154.csv,33.18195,Unknown,Task4_EntryRCM_TipCone,0.0,4.676440963645728,13.146108125348444,13.15706266997854,4.676969355059078,13.147779806726055,13.158643547113787,14.84864525276491,18.68401203684377,62.412217024971554,2.6981661339286513,9.632635567025343
11.83352,0.03042,32.87656,Done,EntryTipCone,161.2446,0.00044,4.67579,13.15492,13.15492,1.0,13.15492,4.67579,0.0,0.0,0.0,0.59689,1.0,6,6,1,0.69037,0.9,0.04581,0.90755,0.56493,0.06958,0.82,0.7,0.06,0.9,0.56,0.06,-3.22236,-12.92493,21.2736,-72.83662,-3.52481,69.07748,double_rcm_log_20260616_132745_154.csv,32.87656,Unknown,Task4_EntryRCM_TipCone,0.0,4.67606185103173,13.145044755815142,13.155996637190595,4.676079042902266,13.145265833985748,13.156131650299004,14.784941955126733,18.28573254982572,52.68174736113396,2.79701972291604,9.672960826108486
11.8647,0.03118,32.0685,Done,EntryTipCone,161.2442,0.00072,4.67605,13.15545,13.15545,1.0,13.15545,4.67605,0.0,0.0,0.0,0.59689,1.0,6,6,1,0.69081,0.90025,0.04535,0.90725,0.56476,0.06989,0.82,0.7,0.06,0.9,0.56,0.06,-3.17791,-12.85389,21.18457,-73.00941,-3.57766,69.0836,double_rcm_log_20260616_132745_154.csv,32.0685,Unknown,Task4_EntryRCM_TipCone,0.0,4.675944306203993,13.144715055276809,13.155666110991714,4.675401950692122,13.143252495248111,13.154170441346709,14.88115988862508,15.914992464495032,35.84844252861221,2.9234648714481404,9.791716391127938
11.89696,0.03226,31.00065,Done,EntryTipCone,161.244,0.00086,4.67638,13.15623,13.15623,1.0,13.15623,4.67638,0.0,0.0,0.0,0.59689,1.0,6,6,1,0.69128,0.90052,0.04489,0.90693,0.56458,0.0702,0.82,0.7,0.06,0.9,0.56,0.06,-3.13254,-12.76807,21.07171,-73.18584,-3.63072,69.08829,double_rcm_log_20260616_132745_154.csv,31.00065,Unknown,Task4_EntryRCM_TipCone,0.0,4.676321895182501,13.145774151357617,13.156727859488822,4.6755605032421945,13.143497310018397,13.154516334704182,14.91433501181029,16.316987702057435,80.08311628187344,3.0815130979517917,9.900603144772548
11.92741,0.03045,32.83771,Done,EntryTipCone,161.244,0.00092,4.67655,13.15661,13.15661,1.0,13.15661,4.67655,0.0,0.0,0.0,0.59689,1.0,6,6,1,0.69174,0.90078,0.04448,0.90662,0.5644,0.07048,0.82,0.7,0.06,0.9,0.56,0.06,-3.09035,-12.67517,20.94515,-73.35009,-3.67916,69.09101,double_rcm_log_20260616_132745_154.csv,32.83771,Unknown,Task4_EntryRCM_TipCone,0.0,4.675701524939049,13.144034079891691,13.154983430388048,4.675167520271974,13.14259054196871,13.153509037515395,14.948188011760795,15.02888080081467,85.97092713295915,3.249611289469996,9.86457657498095
11.95787,0.03046,32.83468,Done,EntryTipCone,161.2435,0.0012,4.67684,13.15716,13.15716,1.0,13.15716,4.67684,0.0,0.0,0.0,0.59689,1.0,6,6,1,0.69221,0.90105,0.04408,0.9063,0.56422,0.07075,0.82,0.7,0.06,0.9,0.56,0.06,-3.04886,-12.57113,20.79972,-73.51179,-3.72584,69.09195,double_rcm_log_20260616_132745_154.csv,32.83468,Unknown,Task4_EntryRCM_TipCone,0.0,4.676451682065515,13.146138189338547,13.157092809271052,4.6758245590008025,13.144242904726811,13.15526130489241,14.8375122007615,15.603787381606073,83.81069517292285,3.431030259569833,10.03626066078963
11.99009,0.03222,31.03261,Done,EntryTipCone,161.2432,0.00149,4.67718,13.15787,13.15787,1.0,13.15787,4.67718,0.0,0.0,0.0,0.59689,1.0,6,6,1,0.69272,0.90134,0.04368,0.90596,0.56403,0.07102,0.82,0.7,0.06,0.9,0.56,0.06,-3.00579,-12.44887,20.62514,-73.67992,-3.77314,69.0908,double_rcm_log_20260616_132745_154.csv,31.03261,Unknown,Task4_EntryRCM_TipCone,0.0,4.677602338875097,13.149365652615804,13.16032835855568,4.677790858283441,13.149490542924504,13.160657278418865,14.775438048842647,18.90641883165176,81.3947432147767,3.6491143499718897,10.363845726529586
12.02041,0.03032,32.98565,Done,EntryTipCone,161.2431,0.00179,4.67739,13.15825,13.15825,1.0,13.15825,4.67739,0.0,0.0,0.0,0.59689,1.0,6,6,1,0.69321,0.90162,0.04333,0.90563,0.56384,0.07126,0.82,0.7,0.06,0.9,0.56,0.06,-2.96607,-12.32149,20.43988,-73.83519,-3.81552,69.08734,double_rcm_log_20260616_132745_154.csv,32.98565,Unknown,Task4_EntryRCM_TipCone,0.0,4.677306499746625,13.148535857552284,13.159496484163052,4.678139276615748,13.150575828281616,13.161690620889098,14.861444770572822,19.054261032958767,27.99103169083431,3.870845842981476,10.468083326877418
12.08037,0.03048,32.80628,Done,EntryTipCone,161.2426,0.00227,4.67793,13.15948,13.15948,1.0,13.15948,4.67793,0.0,0.0,0.0,0.59689,1.0,6,6,1,0.6942,0.90219,0.04268,0.90495,0.56345,0.07169,0.82,0.7,0.06,0.9,0.56,0.06,-2.89013,-12.03598,20.01595,-74.13313,-3.89252,69.0731,double_rcm_log_20260616_132745_154.csv,32.80628,Unknown,Task4_EntryRCM_TipCone,0.0,4.677915122987314,13.150242976047682,13.161207880702165,4.67584517102515,13.144199656707313,13.155268906411601,14.85519458759148,17.018407916794768,40.01134225815956,4.3393273518835045,10.714300187445351
12.14085,0.03078,32.49045,Done,EntryTipCone,161.2418,0.00293,4.67856,13.16058,13.16058,1.0,13.16058,4.67856,0.0,0.0,0.0,0.59689,1.0,6,6,1,0.69525,0.90279,0.04211,0.90425,0.56305,0.07208,0.82,0.7,0.06,0.9,0.56,0.06,-2.81741,-11.70116,19.50771,-74.42011,-3.95993,69.04689,double_rcm_log_20260616_132745_154.csv,32.49045,Unknown,Task4_EntryRCM_TipCone,0.0,4.679092837309641,13.153546325645395,13.164519511672717,4.678946724016759,13.152957257414949,13.164019143103674,14.840997941462827,15.837885826996704,58.510050212452725,4.867184750044641,11.314618784751078
12.17166,0.03081,32.45336,Done,EntryTipCone,161.2414,0.00315,4.67898,13.16155,13.16155,1.0,13.16155,4.67898,0.0,0.0,0.0,0.59689,1.0,6,6,1,0.69579,0.9031,0.04185,0.90388,0.56284,0.07225,0.82,0.7,0.06,0.9,0.56,0.06,-2.782,-11.51192,19.21645,-74.56071,-3.98975,69.02808,double_rcm_log_20260616_132745_154.csv,32.45336,Unknown,Task4_EntryRCM_TipCone,0.0,4.679108587713548,13.153590503630731,13.164563800439003,4.6774982752310565,13.148765897048447,13.159882218317899,14.867537490111458,15.001217899200444,82.6519341631125,5.161253685672357,11.598975684203417
12.20169,0.03003,33.30038,Done,EntryTipCone,161.2411,0.00347,4.67923,13.16218,13.16218,1.0,13.16218,4.67923,0.0,0.0,0.0,0.59689,1.0,6,6,1,0.69632,0.9034,0.04162,0.90352,0.56263,0.07241,0.82,0.7,0.06,0.9,0.56,0.06,-2.74862,-11.31466,18.91032,-74.69385,-4.01562,69.00561,double_rcm_log_20260616_132745_154.csv,33.30038,Unknown,Task4_EntryRCM_TipCone,0.0,4.680389639172922,13.157183695303543,13.1681660049158,4.679233866830808,13.153971088025653,13.164930687246303,14.76679498092182,17.295095490450542,72.37395792861852,5.457541886816941,11.900717157205758
12.23221,0.03051,32.77151,Done,EntryTipCone,161.2406,0.00401,4.67969,13.16309,13.16309,1.0,13.16309,4.67969,0.0,0.0,0.0,0.59689,1.0,6,6,1,0.69688,0.90372,0.04141,0.90315,0.56242,0.07255,0.82,0.7,0.06,0.9,0.56,0.06,-2.71592,-11.10173,18.57737,-74.82507,-4.03841,68.97832,double_rcm_log_20260616_132745_154.csv,32.77151,Unknown,Task4_EntryRCM_TipCone,0.0,4.679604697818338,13.154982032194113,13.165958818786553,4.678794141134179,13.152627932792043,13.163639314414533,14.722319877563065,18.150788939575886,37.31605499587522,5.775215993130568,12.317634323130196
12.29185,0.0299,33.44314,Done,EntryTipCone,161.2397,0.00471,4.68048,13.1649,13.1649,1.0,13.1649,4.68044,0.0,0.0,0.0,0.5969,1.0,6,6,1,0.69797,0.90434,0.04106,0.90241,0.562,0.07279,0.82,0.7,0.06,0.9,0.56,0.06,-2.65573,-10.64577,17.85691,-75.06911,-4.07182,68.90974,double_rcm_log_20260616_132745_154.csv,33.44314,Unknown,Task4_EntryRCM_TipCone,0.0,4.680615142621665,13.157816204041735,13.168800100688063,4.6803215123210915,13.15673761292611,13.16784720445981,14.86000937842586,17.76462707069194,19.285254573615983,6.442677731893113,13.416640515285518
12.32267,0.03082,32.44394,Done,EntryTipCone,161.2385,0.00568,4.68107,13.16594,13.16594,1.0,13.16594,4.68107,0.0,0.0,0.0,0.5969,1.0,6,6,1,0.69854,0.90467,0.04091,0.90202,0.56178,0.07289,0.82,0.7,0.06,0.9,0.56,0.06,-2.62667,-10.38966,17.44846,-75.18858,-4.08271,68.86554,double_rcm_log_20260616_132745_154.csv,32.44394,Unknown,Task4_EntryRCM_TipCone,0.0,4.681063874023247,13.159074838432707,13.170061893587679,4.680474339694825,13.156966040262287,13.16817755044333,14.838844338132796,17.317941404979827,59.70950796129335,6.824520196453735,14.174064920925511
12.35283,0.03016,33.15775,Done,EntryTipCone,161.238,0.00628,4.68153,13.16692,13.16692,1.0,13.16692,4.68153,0.0,0.0,0.0,0.5969,1.0,6,6,1,0.6991,0.90499,0.04078,0.90164,0.56156,0.07297,0.82,0.7,0.06,0.9,0.56,0.06,-2.59968,-10.12332,17.021,-75.30088,-4.0885,68.81517,double_rcm_log_20260616_132745_154.csv,33.15775,Unknown,Task4_EntryRCM_TipCone,0.0,4.682022600510387,13.16176394133564,13.17275774675507,4.6796740846911264,13.154909525169082,13.166020659257658,14.901191633032091,15.354430386742717,74.92992743705314,7.223760702296363,14.819119724334717
12.38303,0.0302,33.11497,Done,EntryTipCone,161.237,0.00697,4.68207,13.16822,13.16822,1.0,13.16822,4.68207,0.0,0.0,0.0,0.5969,1.0,6,6,1,0.69967,0.90532,0.04068,0.90125,0.56134,0.07304,0.82,0.7,0.06,0.9,0.56,0.06,-2.57413,-9.8418,16.5666,-75.40871,-4.08925,68.75734,double_rcm_log_20260616_132745_154.csv,33.11497,Unknown,Task4_EntryRCM_TipCone,0.0,4.682237254221402,13.162366016527168,13.173361333672826,4.680458188800958,13.156920436964532,13.168131985972783,14.890161288576722,14.808402173494787,57.644610330444,7.641270918913477,15.431689943377014
12.44286,0.0303,32.99862,Done,EntryTipCone,161.2349,0.00887,4.6835,13.17118,13.17118,1.0,13.17118,4.6835,0.0,0.0,0.0,0.59691,1.0,6,6,1,0.7008,0.90596,0.04054,0.90049,0.56091,0.07313,0.82,0.7,0.06,0.9,0.56,0.06,-2.5281,-9.23564,15.58005,-75.60831,-4.07411,68.61714,double_rcm_log_20260616_132745_154.csv,32.99862,Unknown,Task4_EntryRCM_TipCone,0.0,4.683919223693217,13.167083711433033,13.178090878861832,4.681391652976751,13.159251440015062,13.170615019808299,14.723328451345093,16.198811561324984,33.72796746390809,8.537612579609736,18.045672988647876
12.4742,0.03134,31.91262,Done,EntryTipCone,161.2328,0.01057,4.68463,13.17354,13.17354,1.0,13.17354,4.68463,0.0,0.0,0.0,0.59691,1.0,6,6,1,0.70138,0.9063,0.0405,0.90009,0.56068,0.07316,0.82,0.7,0.06,0.9,0.56,0.06,-2.50656,-8.8919,15.01623,-75.70534,-4.05625,68.52844,double_rcm_log_20260616_132745_154.csv,31.91262,Unknown,Task4_EntryRCM_TipCone,0.0,4.6857722925693945,13.172281303688631,13.183301536728491,4.6839434579827754,13.166558162487032,13.17786401508226,14.750462557157983,17.163345277099996,46.44407879559388,9.100675447400018,19.848677363980674
12.53183,0.02914,34.31907,Done,EntryTipCone,161.23,0.01293,4.68588,13.1762,13.1762,1.0,13.1762,4.68588,0.0,0.0,0.0,0.59692,1.0,6,6,1,0.70247,0.90692,0.0405,0.89935,0.56026,0.07316,0.82,0.7,0.06,0.9,0.56,0.06,-2.47211,-8.19723,13.86751,-75.87017,-4.00014,68.32831,double_rcm_log_20260616_132745_154.csv,34.31907,Unknown,Task4_EntryRCM_TipCone,0.0,4.685824644370401,13.172428142777115,13.183448745088851,4.684242547963433,13.167199398505371,13.178607665455413,14.627960999215388,16.905655845585116,42.12125493550727,10.270088573666143,22.81061058940119
12.59182,0.03052,32.76387,Done,EntryTipCone,161.2235,0.01846,4.68906,13.18289,13.18289,1.0,13.18289,4.68906,0.0,0.0,0.0,0.59693,1.0,6,6,1,0.70358,0.90756,0.04056,0.89859,0.55984,0.07311,0.82,0.7,0.06,0.9,0.56,0.06,-2.44362,-7.3932,12.52507,-76.02375,-3.90644,68.06416,double_rcm_log_20260616_132745_154.csv,32.76387,Unknown,Task4_EntryRCM_TipCone,0.0,4.690211223774339,13.184731812623482,13.195783385683761,4.687242599011253,13.1746531701539,13.186576507949287,14.450861222309848,14.917061713028403,41.87371491816033,11.673171195988397,27.737031080712725
12.65252,0.03074,32.53198,Done,EntryTipCone,161.2137,0.02703,4.69319,13.19147,13.19147,1.0,13.19147,4.69319,0.0,0.0,0.0,0.59695,1.0,6,6,1,0.70468,0.9082,0.04071,0.89783,0.55942,0.073,0.82,0.7,0.06,0.9,0.56,0.06,-2.42361,-6.4686,10.96549,-76.16211,-3.76102,67.717,double_rcm_log_20260616_132745_154.csv,32.53198,Unknown,Task4_EntryRCM_TipCone,0.0,4.693364219255151,13.19357542457292,13.204649294648421,4.689557573335935,13.180171645899938,13.192622938597161,14.35985859515642,14.973022693232233,146.5313907383721,13.507199753348285,34.55861079714323
12.6826,0.03008,33.24847,Done,EntryTipCone,161.2069,0.03284,4.69565,13.19651,13.19651,1.0,13.19651,4.69565,0.0,0.0,0.0,0.59697,1.0,6,6,1,0.70521,0.90851,0.04081,0.89746,0.55921,0.07293,0.82,0.7,0.06,0.9,0.56,0.06,-2.41748,-5.95951,10.1001,-76.22562,-3.66357,67.50624,double_rcm_log_20260616_132745_154.csv,33.24847,Unknown,Task4_EntryRCM_TipCone,0.0,4.696001144712364,13.200971517873462,13.212064058478434,4.692466711054523,13.188282736522657,13.200780279968301,14.171921872854051,17.400470608530433,179.2932255569843,14.565786536976226,37.98403167929001
12.74273,0.03059,32.68918,Done,EntryTipCone,161.1845,0.05248,4.70316,13.21178,13.21178,1.0,13.21178,4.70316,0.0,0.0,0.0,0.59702,1.0,6,6,1,0.70621,0.9091,0.04103,0.89674,0.55883,0.07275,0.82,0.7,0.06,0.9,0.56,0.06,-2.41386,-4.83425,8.17227,-76.34837,-3.40197,66.99272,double_rcm_log_20260616_132745_154.csv,32.68918,Unknown,Task4_EntryRCM_TipCone,0.0,4.703897847189835,13.223120155769971,13.234268733760302,4.696835835680098,13.198375482786341,13.21207780782418,13.302465349047003,21.48831666098496,208.39612268709908,16.981990345995595,41.54630097742685
12.77291,0.03018,33.13992,Done,EntryTipCone,161.167,0.0681,4.7084,13.2225,13.2225,1.0,13.2225,4.7084,0.0,0.0,0.0,0.59707,1.0,6,6,1,0.70667,0.90938,0.04115,0.8964,0.55866,0.07265,0.82,0.7,0.06,0.9,0.56,0.06,-2.41716,-4.20701,7.0891,-76.41177,-3.22588,66.67815,double_rcm_log_20260616_132745_154.csv,33.13992,Unknown,Task4_EntryRCM_TipCone,0.0,4.70891579176354,13.237194335115166,13.248378619795751,4.700043372689289,13.205695799103585,13.220366863290918,12.70352464430703,26.126753376079158,285.28135746574276,18.180911711375746,41.512164897753706
12.80362,0.03071,32.56175,Done,EntryTipCone,161.1412,0.09107,4.71547,13.23666,13.23666,1.0,13.23666,4.71547,0.0,0.0,0.0,0.59713,1.0,6,6,1,0.70708,0.90965,0.04127,0.89607,0.5585,0.07255,0.82,0.7,0.06,0.9,0.56,0.06,-2.42447,-3.53633,5.92472,-76.48222,-3.00863,66.32038,double_rcm_log_20260616_132745_154.csv,32.56175,Unknown,Task4_EntryRCM_TipCone,0.0,4.714914666243794,13.254019663774839,13.26524673515818,4.7059663194471915,13.220370412592612,13.236215471198715,11.859586457241079,36.59974628025436,348.92510836411105,19.35352111106184,36.00355016510867
12.83372,0.0301,33.22204,Done,EntryTipCone,161.107,0.12191,4.72381,13.25291,13.25291,1.0,13.25291,4.72377,0.0,0.0,0.0,0.59722,1.0,6,6,1,0.70744,0.90989,0.04136,0.89577,0.55837,0.07245,0.82,0.7,0.06,0.9,0.56,0.06,-2.43641,-2.84458,4.71691,-76.56275,-2.74579,65.92807,double_rcm_log_20260616_132745_154.csv,33.22204,Unknown,Task4_EntryRCM_TipCone,0.0,4.723773672151657,13.278866673356852,13.290157130471325,4.711129774425855,13.231977234656288,13.24961508874883,10.696234739310757,44.676845636758316,265.50335363163526,20.059036560219326,25.064657316080634
12.86376,0.03004,33.28476,Done,EntryTipCone,161.0607,0.1638,4.734,13.27225,13.27225,1.0,13.27225,4.734,0.0,0.0,0.0,0.59733,1.0,6,6,1,0.70771,0.91009,0.04142,0.8955,0.55827,0.07236,0.82,0.7,0.06,0.9,0.56,0.06,-2.45303,-2.1581,3.51184,-76.66062,-2.43259,65.51692,double_rcm_log_20260616_132745_154.csv,33.28476,Unknown,Task4_EntryRCM_TipCone,0.0,4.733658444966553,13.306590294663218,13.317951757800428,4.717776408843495,13.246840203785046,13.26697026453291,9.437977427780602,48.25058677579676,33.2769647024198,19.531312779921183,54.98517487587495
12.89416,0.0304,32.89599,Done,EntryTipCone,160.9993,0.21959,4.7457,13.29378,13.29378,1.0,13.29378,4.7457,0.0,0.0,0.0,0.59749,1.0,6,6,1,0.7079,0.91027,0.04145,0.89525,0.5582,0.07229,0.82,0.7,0.06,0.9,0.56,0.06,-2.4742,-1.5197,2.38552,-76.78212,-2.06965,65.11732,double_rcm_log_20260616_132745_154.csv,32.89599,Unknown,Task4_EntryRCM_TipCone,0.0,4.746028770065889,13.341284535861623,13.352735278096887,4.729492768137705,13.274654276245636,13.2983683209633,8.148770784075186,44.460719543804586,265.2606111464818,17.409885957281077,93.64030149310089
12.95455,0.03065,32.62593,Done,EntryTipCone,160.8435,0.36222,4.76715,13.32757,13.32757,1.0,13.32757,4.76715,0.0,0.0,0.0,0.59789,1.0,6,6,1,0.70806,0.91052,0.04141,0.89486,0.55816,0.07216,0.82,0.7,0.06,0.9,0.56,0.06,-2.52482,-0.59716,0.7476,-77.08482,-1.27427,64.52175,double_rcm_log_20260616_132745_154.csv,32.62593,Unknown,Task4_EntryRCM_TipCone,0.0,4.767301293994145,13.400944736347476,13.412550097664953,4.741463581145185,13.295238939618171,13.329321062979941,6.51121582403331,25.29468173138195,295.9756904653107,10.758873998891449,118.24483621211868
12.98492,0.03037,32.9254,Done,EntryTipCone,160.7549,0.44278,4.77368,13.33273,13.33273,1.0,13.33273,4.77368,0.0,0.0,0.0,0.59811,1.0,6,6,1,0.70807,0.91063,0.04138,0.89468,0.55816,0.07209,0.82,0.7,0.06,0.9,0.56,0.06,-2.55025,-0.34888,0.30493,-77.24287,-0.8995,64.3683,double_rcm_log_20260616_132745_154.csv,32.9254,Unknown,Task4_EntryRCM_TipCone,0.0,4.774014916177412,13.41977315074538,13.431427597190918,4.744190591642837,13.295509074061881,13.336270093245721,6.187632755157193,19.978450266685957,209.95268528666136,7.612691020794762,101.75730226429565
13.0451,0.03078,32.49364,Done,EntryTipCone,160.572,0.6071,4.77315,13.30885,13.30885,1.0,13.30885,4.77315,0.0,0.0,0.0,0.59857,1.0,6,6,1,0.70804,0.91082,0.04135,0.89437,0.55819,0.07192,0.82,0.7,0.06,0.9,0.56,0.06,-2.5918,-0.14676,-0.05259,-77.49044,-0.33095,64.27673,double_rcm_log_20260616_132745_154.csv,32.49364,Unknown,Task4_EntryRCM_TipCone,0.0,4.773615279629693,13.418652371572035,13.430303892300241,4.73337216824191,13.250160231251806,13.306366897091054,5.777117828663123,16.48287331575512,94.635966339386,3.6479743112015877,54.993079960114564
13.10479,0.03011,33.21409,Done,EntryTipCone,160.386,0.77137,4.75279,13.23668,13.23668,1.0,13.23668,4.75279,0.0,0.0,0.0,0.59904,1.0,6,6,1,0.70794,0.91098,0.0414,0.8941,0.55824,0.07172,0.82,0.7,0.06,0.9,0.56,0.06,-2.61969,-0.10433,-0.11901,-77.61143,-0.02175,64.30623,double_rcm_log_20260616_132745_154.csv,33.21409,Unknown,Task4_EntryRCM_TipCone,0.0,4.752305667932802,13.358888702764599,13.370384924873036,4.708164235684652,13.164668098886775,13.23880659274093,6.023055474272252,16.796853785212388,24.759066104413396,1.538641949420326,26.861758608785404
13.13594,0.03115,32.10133,Done,EntryTipCone,160.2879,0.8567,4.73408,13.17911,13.17911,1.0,13.17911,4.73408,0.0,0.0,0.0,0.59929,1.0,6,6,1,0.70788,0.91106,0.04145,0.89396,0.55827,0.07159,0.82,0.7,0.06,0.9,0.56,0.06,-2.63041,-0.09797,-0.12361,-77.62909,0.05799,64.3344,double_rcm_log_20260616_132745_154.csv,32.10133,Unknown,Task4_EntryRCM_TipCone,0.0,4.734238620648259,13.308217489302647,13.319583129279094,4.687366894378311,13.098424156539442,13.183421407206882,6.144533749701895,17.159260693632717,40.27711869951757,0.9518877468030327,18.080293607307716
13.1957,0.0305,32.79104,Done,EntryTipCone,160.1003,1.019,4.68329,13.03275,13.03275,1.0,13.03275,4.68329,0.0,0.0,0.0,0.59976,1.0,6,6,1,0.70771,0.91121,0.0416,0.89374,0.55834,0.07131,0.82,0.7,0.06,0.9,0.56,0.06,-2.64894,-0.08731,-0.12874,-77.60762,0.12942,64.38979,double_rcm_log_20260616_132745_154.csv,32.79104,Unknown,Task4_EntryRCM_TipCone,0.0,4.682649625274928,13.163522662124345,13.174520883835383,4.630935780821757,12.926275030102346,13.033008094833706,6.3950354721779865,17.565939007357482,62.59374014698679,0.6007631763192335,8.806008989585523
13.22591,0.03022,33.09469,Done,EntryTipCone,160.005,1.10052,4.64996,12.94041,12.94041,1.0,12.94041,4.64996,0.0,0.0,0.0,0.6,1.0,6,6,1,0.70761,0.91127,0.0417,0.89363,0.55838,0.07115,0.82,0.7,0.06,0.9,0.56,0.06,-2.65883,-0.08308,-0.12951,-77.57805,0.14509,64.41845,double_rcm_log_20260616_132745_154.csv,33.09469,Unknown,Task4_EntryRCM_TipCone,0.0,4.6498714520332465,13.071582152513407,13.082351089856902,4.5969142657738375,12.823720448990088,12.943098547102244,6.5700007081971945,17.770219638543427,78.80427115950128,0.6445063355987279,6.151166377653892
13.25601,0.0301,33.22491,Done,EntryTipCone,159.911,1.18088,4.61202,12.8367,12.8367,1.0,12.8367,4.61202,0.0,0.0,0.0,0.60023,1.0,6,6,1,0.7075,0.91133,0.04182,0.89354,0.55843,0.07098,0.82,0.7,0.06,0.9,0.56,0.06,-2.66922,-0.07988,-0.12884,-77.53815,0.15074,64.44736,double_rcm_log_20260616_132745_154.csv,33.22491,Unknown,Task4_EntryRCM_TipCone,0.0,4.611339208795529,12.963496406120822,12.973999909284332,4.556300163813335,12.702922740607654,12.83576643601778,6.652294697349851,15.419306625632014,97.36811825287408,0.7275023737302118,4.041760428188134
13.28822,0.03221,31.05052,Done,EntryTipCone,159.8105,1.26634,4.56592,12.71268,12.71268,1.0,12.71268,4.56592,0.0,0.0,0.0,0.60049,1.0,6,6,1,0.70737,0.91139,0.04196,0.89345,0.55848,0.07079,0.82,0.7,0.06,0.9,0.56,0.06,-2.6816,-0.07653,-0.12865,-77.48721,0.15406,64.47786,double_rcm_log_20260616_132745_154.csv,31.05052,Unknown,Task4_EntryRCM_TipCone,0.0,4.566524195480077,12.837779660791012,12.847979977373724,4.509984494376778,12.566311128752808,12.713654077408318,6.871888370080636,14.002289184777137,51.44976394478991,0.8092416744869565,3.112965998588203
13.34749,0.03023,33.08515,Done,EntryTipCone,159.6265,1.42063,4.4673,12.45178,12.45178,1.0,12.45178,4.4673,0.0,0.0,0.0,0.60095,1.0,6,6,1,0.7071,0.91148,0.04228,0.89331,0.55858,0.0704,0.82,0.7,0.06,0.9,0.56,0.06,-2.70783,-0.07042,-0.13009,-77.37458,0.15723,64.53236,double_rcm_log_20260616_132745_154.csv,33.08515,Unknown,Task4_EntryRCM_TipCone,0.0,4.467054258821783,12.558714936999143,12.56826326820154,4.40876602222206,12.271104332473987,12.447188437554884,7.32616025209082,14.657801482899943,49.15242614472638,0.9629111945739272,2.774276228269898
13.37809,0.03061,32.67279,Done,EntryTipCone,159.532,1.49918,4.40909,12.29994,12.29994,1.0,12.29994,4.40904,0.0,0.0,0.0,0.60119,1.0,6,6,1,0.70694,0.91152,0.04247,0.89325,0.55864,0.07019,0.82,0.7,0.06,0.9,0.56,0.06,-2.72323,-0.07033,-0.12641,-77.30708,0.15805,64.56197,double_rcm_log_20260616_132745_154.csv,32.67279,Unknown,Task4_EntryRCM_TipCone,0.0,4.4092065656765005,12.39640471614786,12.405586971673337,4.351790745608603,12.105677371191808,12.298300695624604,7.525295324588694,13.105823649758275,139.09095623288852,1.0363447325178388,2.8353394073891134
13.40894,0.03085,32.41833,Done,EntryTipCone,159.4382,1.57689,4.34573,12.13591,12.13591,1.0,12.13591,4.34573,0.0,0.0,0.0,0.60143,1.0,6,6,1,0.70677,0.91156,0.04268,0.8932,0.55871,0.06997,0.82,0.7,0.06,0.9,0.56,0.06,-2.74006,-0.06866,-0.12635,-77.23318,0.15956,64.58972,double_rcm_log_20260616_132745_154.csv,32.41833,Unknown,Task4_EntryRCM_TipCone,0.0,4.3461343876811735,12.219421136523401,12.228215047351176,4.289686206390385,11.925845301438663,12.136927123452647,7.848060832495998,15.44432650916443,93.65255864057177,1.112610833722289,2.7124007274877373
13.43915,0.03021,33.09725,Done,EntryTipCone,159.3471,1.65216,4.27924,11.96473,11.96473,1.0,11.96473,4.27924,0.0,0.0,0.0,0.60165,1.0,6,6,1,0.7066,0.91158,0.0429,0.89315,0.55877,0.06974,0.82,0.7,0.06,0.9,0.56,0.06,-2.75746,-0.06766,-0.12582,-77.15388,0.15786,64.61671,double_rcm_log_20260616_132745_154.csv,33.09725,Unknown,Task4_EntryRCM_TipCone,0.0,4.280306533932593,12.034689208856385,12.043089646571035,4.225784742688731,11.741858652504094,11.970923105592169,8.192570251671032,17.826580269144248,145.1749157589728,1.1782242800490912,2.456312225424234
13.47038,0.03123,32.0247,Done,EntryTipCone,159.2548,1.7285,4.2058,11.77702,11.77702,1.0,11.77702,4.2058,0.0,0.0,0.0,0.60189,1.0,6,6,1,0.7064,0.91161,0.04314,0.89312,0.55884,0.06949,0.82,0.7,0.06,0.9,0.56,0.06,-2.77709,-0.06592,-0.1276,-77.06808,0.16138,64.64302,double_rcm_log_20260616_132745_154.csv,32.0247,Unknown,Task4_EntryRCM_TipCone,0.0,4.206389136496228,11.827236768249968,11.83520956748996,4.151918167978289,11.530392281004426,11.77879875029708,8.491472476976803,17.316407065131436,81.9176154034094,1.2484431666719205,2.505966829628402
13.53033,0.03046,32.83149,Done,EntryTipCone,159.0795,1.87102,4.05212,11.38829,11.38829,1.0,11.38829,4.05212,0.0,0.0,0.0,0.60233,1.0,6,6,1,0.706,0.91164,0.04365,0.89308,0.55899,0.06899,0.82,0.7,0.06,0.9,0.56,0.06,-2.81724,-0.06803,-0.12303,-76.8829,0.15688,64.69573,double_rcm_log_20260616_132745_154.csv,32.83149,Unknown,Task4_EntryRCM_TipCone,0.0,4.05268217733822,11.395788770354553,11.402919280852789,4.000923882539015,11.099173150076785,11.389758557581482,9.007972545018056,11.11039366907192,85.95656332841986,1.398226649624182,2.3543078425791713
13.56108,0.03074,32.52682,Done,EntryTipCone,158.9917,1.94199,3.96699,11.17487,11.17487,1.0,11.17487,3.96699,0.0,0.0,0.0,0.60255,1.0,6,6,1,0.70579,0.91164,0.04394,0.89308,0.55907,0.06872,0.82,0.7,0.06,0.9,0.56,0.06,-2.83963,-0.0674,-0.12504,-76.78049,0.15629,64.72005,double_rcm_log_20260616_132745_154.csv,32.52682,Unknown,Task4_EntryRCM_TipCone,0.0,3.9665515087399448,11.153988097181598,11.160673660254753,3.9159473600304624,10.85793690560758,11.170931026552836,9.193966743189302,9.491482575490878,46.93810535729032,1.4568632625619553,2.3043247496887047
13.59159,0.03051,32.7762,Done,EntryTipCone,158.9062,2.01083,3.87838,10.95383,10.95383,1.0,10.95383,3.87838,0.0,0.0,0.0,0.60277,1.0,6,6,1,0.70556,0.91164,0.04424,0.89308,0.55915,0.06845,0.82,0.7,0.06,0.9,0.56,0.06,-2.86308,-0.06754,-0.12662,-76.67468,0.15804,64.74374,double_rcm_log_20260616_132745_154.csv,32.7762,Unknown,Task4_EntryRCM_TipCone,0.0,3.877948158842616,10.905219396031582,10.911466956091997,3.831430746483803,10.618234026718108,10.954971474175572,9.432048637602868,12.715234605257129,99.17945860746342,1.528564652540179,2.3778950337684797
13.62183,0.03024,33.07112,Done,EntryTipCone,158.8231,2.07754,3.78657,10.72631,10.72631,1.0,10.72631,3.78657,0.0,0.0,0.0,0.60298,1.0,6,6,1,0.70533,0.91163,0.04454,0.89309,0.55923,0.06817,0.82,0.7,0.06,0.9,0.56,0.06,-2.88709,-0.06831,-0.12773,-76.56309,0.1559,64.76683,double_rcm_log_20260616_132745_154.csv,33.07112,Unknown,Task4_EntryRCM_TipCone,0.0,3.78723903407008,10.650511369179796,10.656330770956885,3.7425356860748513,10.366945251430323,10.727996085010453,9.807454470988942,14.74598907994585,92.04672509692723,1.5913192139653536,2.2053590486090573
13.65325,0.03143,31.81977,Done,EntryTipCone,158.7388,2.14501,3.68727,10.48153,10.48153,1.0,10.48153,3.68727,0.0,0.0,0.0,0.60319,1.0,6,6,1,0.70508,0.91162,0.04488,0.89311,0.55932,0.06787,0.82,0.7,0.06,0.9,0.56,0.06,-2.9134,-0.0715,-0.12574,-76.44447,0.15855,64.79144,double_rcm_log_20260616_132745_154.csv,31.81977,Unknown,Task4_EntryRCM_TipCone,0.0,3.6868246924024795,10.36852032989229,10.37388908828826,3.6455676578659957,10.093258222123435,10.481955924349277,10.076746184143353,13.316752394643196,69.89533825254087,1.6547006420487398,2.2575495336457014
13.68327,0.03002,33.31537,Done,EntryTipCone,158.6595,2.20774,3.58867,10.24042,10.24042,1.0,10.24042,3.58867,0.0,0.0,0.0,0.60339,1.0,6,6,1,0.70483,0.9116,0.04521,0.89314,0.55941,0.06758,0.82,0.7,0.06,0.9,0.56,0.06,-2.93918,-0.07359,-0.12616,-76.32443,0.15668,64.81338,double_rcm_log_20260616_132745_154.csv,33.31537,Unknown,Task4_EntryRCM_TipCone,0.0,3.588129039861826,10.09132480308459,10.096273906107474,3.54986678731208,9.823684409864546,10.2403173778941,10.280161727490098,12.579083274348186,40.505201046218154,1.7204418185540349,2.241889936017496
13.7437,0.03045,32.84246,Done,EntryTipCone,158.5061,2.3284,3.37957,9.73394,9.73394,1.0,9.73394,3.37951,0.0,0.0,0.0,0.60378,1.0,6,6,1,0.70431,0.91154,0.04591,0.89323,0.5596,0.06698,0.82,0.7,0.06,0.9,0.56,0.06,-2.9943,-0.07974,-0.12643,-76.07204,0.1592,64.85564,double_rcm_log_20260616_132745_154.csv,32.84246,Unknown,Task4_EntryRCM_TipCone,0.0,3.379341934234426,9.504829964238416,9.508964538302745,3.347167376260302,9.25439280308801,9.732075832010393,10.705829366680046,11.144952808799829,39.4649448909079,1.8336903849857382,2.0721867544816037
13.77436,0.03066,32.61506,Done,EntryTipCone,158.4316,2.38687,3.26812,9.46731,9.46731,1.0,9.46731,3.26812,0.0,0.0,0.0,0.60397,1.0,6,6,1,0.70403,0.9115,0.04629,0.89329,0.5597,0.06667,0.82,0.7,0.06,0.9,0.56,0.06,-3.02353,-0.08493,-0.1242,-75.93671,0.15897,64.87693,double_rcm_log_20260616_132745_154.csv,32.61506,Unknown,Task4_EntryRCM_TipCone,0.0,3.2673733023559013,9.190251229143248,9.19398834692543,3.240172180941087,8.954695717031136,9.465886118055714,10.952161525919255,10.625727590276856,20.41370174881306,1.8949396928390563,1.9890180113894746
13.83605,0.03179,31.46128,Done,EntryTipCone,158.2882,2.49804,3.03461,8.91524,8.91524,1.0,8.91524,3.03461,0.0,0.0,0.0,0.60433,1.0,6,6,1,0.70346,0.9114,0.04707,0.89343,0.5599,0.06602,0.82,0.7,0.06,0.9,0.56,0.06,-3.08451,-0.0954,-0.1222,-75.65104,0.1555,64.91643,double_rcm_log_20260616_132745_154.csv,31.46128,Unknown,Task4_EntryRCM_TipCone,0.0,3.034768795107659,8.536632106667202,8.539626642179316,3.015672945682114,8.327579849743113,8.911526244140282,11.448250129258476,9.88321134553864,28.228469819919514,1.993416704642507,1.639900349523531
13.89651,0.03101,32.24643,Done,EntryTipCone,158.1596,2.59898,2.794,8.35699,8.35699,1.0,8.35699,2.794,0.0,0.0,0.0,0.60465,1.0,6,6,1,0.70287,0.91128,0.04789,0.8936,0.56011,0.06537,0.82,0.7,0.06,0.9,0.56,0.06,-3.14769,-0.10537,-0.12485,-75.35849,0.15827,64.94954,double_rcm_log_20260616_132745_154.csv,32.24643,Unknown,Task4_EntryRCM_TipCone,0.0,2.793366753650032,7.858143262345929,7.860478591771275,2.786296011297778,7.688360933655162,8.355178035206725,11.822875566100345,10.626174015529987,13.752410354413076,2.072073518734474,1.5998948141673146
13.9568,0.03031,32.99783,Done,EntryTipCone,158.0383,2.69055,2.54345,7.79052,7.79052,1.0,7.79052,2.54345,0.0,0.0,0.0,0.60496,1.0,6,6,1,0.70226,0.91113,0.04873,0.8938,0.56033,0.06471,0.82,0.7,0.06,0.9,0.56,0.06,-3.21408,-0.1218,-0.11959,-75.0565,0.16889,64.98292,double_rcm_log_20260616_132745_154.csv,32.99783,Unknown,Task4_EntryRCM_TipCone,0.0,2.544277346653616,7.157902078547255,7.15966676933556,2.5496441188182764,7.030365894843931,7.7931380072471335,12.230020945275736,8.820163692784714,51.56176109106555,2.174227384982251,1.9688130263922052
13.98733,0.03053,32.75427,Done,EntryTipCone,157.9828,2.73383,2.4133,7.50174,7.50174,1.0,7.50174,2.4133,0.0,0.0,0.0,0.6051,1.0,6,6,1,0.70195,0.91104,0.04917,0.89392,0.56044,0.06437,0.82,0.7,0.06,0.9,0.56,0.06,-3.24798,-0.12945,-0.11932,-74.89576,0.16675,64.99728,double_rcm_log_20260616_132745_154.csv,32.75427,Unknown,Task4_EntryRCM_TipCone,0.0,2.4141238288256743,6.791959313832912,6.7934668204593995,2.4255731059649266,6.686310354287025,7.500459985894177,12.466306905300257,9.5741670295663,124.4154499899434,2.216465225602639,1.8908021340001808
14.01894,0.03161,31.63389,Done,EntryTipCone,157.9274,2.77587,2.27632,7.20382,7.20382,1.0,7.20382,2.27632,0.0,0.0,0.0,0.60524,1.0,6,6,1,0.70161,0.91094,0.04964,0.89404,0.56056,0.06401,0.82,0.7,0.06,0.9,0.56,0.06,-3.28393,-0.13557,-0.12324,-74.72777,0.16829,65.00951,double_rcm_log_20260616_132745_154.csv,31.63389,Unknown,Task4_EntryRCM_TipCone,0.0,2.275386419383015,6.401843327179821,6.403105594870498,2.296841814485293,6.32926888474377,7.205227269142923,12.66851175359221,12.92985600226763,80.89842004033883,2.2664522462792593,1.7542947198783247
14.04926,0.03032,32.97784,Done,EntryTipCone,157.8773,2.81371,2.14229,6.91812,6.91812,1.0,6.91812,2.14229,0.0,0.0,0.0,0.60537,1.0,6,6,1,0.70129,0.91084,0.05009,0.89418,0.56068,0.06367,0.82,0.7,0.06,0.9,0.56,0.06,-3.3187,-0.14369,-0.12379,-74.56078,0.1642,65.02164,double_rcm_log_20260616_132745_154.csv,32.97784,Unknown,Task4_EntryRCM_TipCone,0.0,2.141950736594048,6.026599836645998,6.02765281462588,2.169097612830448,5.975589961218579,6.914021984344602,12.811442789579072,10.799187423927483,84.64240204704963,2.3117167999051396,1.578544777887402
14.10981,0.0309,32.36509,Done,EntryTipCone,157.7862,2.88267,1.87085,6.35999,6.35999,1.0,6.35999,1.87085,0.0,0.0,0.0,0.6056,1.0,6,6,1,0.70064,0.91062,0.05101,0.89446,0.56092,0.06298,0.82,0.7,0.06,0.9,0.56,0.06,-3.38992,-0.16415,-0.1203,-74.22492,0.16465,65.04497,double_rcm_log_20260616_132745_154.csv,32.36509,Unknown,Task4_EntryRCM_TipCone,0.0,1.8706765807678563,5.263632858549016,5.264334307359778,1.9161349163535073,5.275831687990076,6.357546696643267,13.004014935698581,6.145910804892936,45.89626795386566,2.3602299008250265,1.0352331187822643
14.17095,0.03122,32.02948,Done,EntryTipCone,157.7079,2.94203,1.59127,5.82007,5.82007,1.0,5.82007,1.59127,0.0,0.0,0.0,0.6058,1.0,6,6,1,0.69996,0.91036,0.05196,0.89478,0.56117,0.06229,0.82,0.7,0.06,0.9,0.56,0.06,-3.4632,-0.1834,-0.12283,-73.87447,0.16118,65.06187,double_rcm_log_20260616_132745_154.csv,32.02948,Unknown,Task4_EntryRCM_TipCone,0.0,1.5919474611426556,4.479575825239546,4.480008133990852,1.6595774815128956,4.567318856666566,5.819054906082239,13.197015759994828,6.57608782996526,105.34052321309566,2.4033333524612717,1.0176512195850662
14.20233,0.03138,31.86342,Done,EntryTipCone,157.6719,2.96848,1.44686,5.55882,5.55882,1.0,5.55882,1.44686,0.0,0.0,0.0,0.60589,1.0,6,6,1,0.69961,0.91023,0.05246,0.89495,0.56129,0.06193,0.82,0.7,0.06,0.9,0.56,0.06,-3.50169,-0.19669,-0.11957,-73.69426,0.16474,65.07098,double_rcm_log_20260616_132745_154.csv,31.86342,Unknown,Task4_EntryRCM_TipCone,0.0,1.4472827465846545,4.072595162651826,4.072920004240044,1.5309865571271808,4.212718106656821,5.55801223460328,13.384549397461319,10.502041671380912,152.2133140212791,2.4310901194768766,1.7564433948068647
14.23268,0.03035,32.94975,Done,EntryTipCone,157.6404,2.9915,1.30656,5.3186,5.3186,1.0,5.3186,1.30656,0.0,0.0,0.0,0.60597,1.0,6,6,1,0.69927,0.91008,0.05294,0.89512,0.56142,0.06158,0.82,0.7,0.06,0.9,0.56,0.06,-3.53909,-0.20908,-0.11805,-73.51625,0.16497,65.0781,double_rcm_log_20260616_132745_154.csv,32.94975,Unknown,Task4_EntryRCM_TipCone,0.0,1.3073329138616965,3.6788539937755105,3.679093420842627,1.4066544630767002,3.8697572971003793,5.322330316693987,13.51807858401994,13.202308747593104,74.16710310439834,2.469527808823211,1.812798681672646
14.2628,0.03012,33.20148,Done,EntryTipCone,157.6143,3.01196,1.16852,5.0951,5.0951,1.0,5.0951,1.16852,0.0,0.0,0.0,0.60604,1.0,6,6,1,0.69893,0.90994,0.05343,0.89531,0.56154,0.06124,0.82,0.7,0.06,0.9,0.56,0.06,-3.57598,-0.21822,-0.12289,-73.33694,0.16158,65.08131,double_rcm_log_20260616_132745_154.csv,33.20148,Unknown,Task4_EntryRCM_TipCone,0.0,1.1682627592175803,3.2875660036474508,3.287736863136987,1.2842857712432343,3.532775984101753,5.089724943452221,13.554932589339536,8.365593760362287,119.70597759627329,2.4786638436924493,0.7383043575285251
14.32377,0.03125,32.00209,Done,EntryTipCone,157.5684,3.04533,0.89351,4.70402,4.70402,1.0,4.70402,0.89351,0.0,0.0,0.0,0.60615,1.0,6,6,1,0.69824,0.90962,0.05441,0.89569,0.5618,0.06055,0.82,0.7,0.06,0.9,0.56,0.06,-3.65272,-0.24591,-0.11951,-72.9779,0.17286,65.09048,double_rcm_log_20260616_132745_154.csv,32.00209,Unknown,Task4_EntryRCM_TipCone,0.0,0.8943518370422721,2.5168353701089585,2.5169120263266596,1.0551670888131741,2.9016796197004626,4.703041569027431,13.789680571423533,6.362284409507606,45.6424381909889,2.53100900812042,0.9012539904998678
14.35428,0.03051,32.77566,Done,EntryTipCone,157.5513,3.05818,0.76208,4.54457,4.54457,1.0,4.54457,0.76208,0.0,0.0,0.0,0.6062,1.0,6,6,1,0.69789,0.90945,0.05491,0.89589,0.56193,0.0602,0.82,0.7,0.06,0.9,0.56,0.06,-3.69028,-0.25859,-0.12051,-72.79052,0.16443,65.09241,double_rcm_log_20260616_132745_154.csv,32.77566,Unknown,Task4_EntryRCM_TipCone,0.0,0.7612133437604774,2.1421883741294803,2.1422356395126445,0.9523231743657993,2.6185800614955093,4.5449972497241875,13.844001322756528,8.164739621515682,64.60891659308757,2.546734056617209,0.5969188074541375
14.41471,0.03079,32.47992,Done,EntryTipCone,157.5267,3.07577,0.53229,4.31808,4.31808,1.0,4.31808,0.53229,0.0,0.0,0.0,0.60626,1.0,6,6,1,0.6972,0.9091,0.05589,0.89631,0.56219,0.05953,0.82,0.7,0.06,0.9,0.56,0.06,-3.76659,-0.28762,-0.11887,-72.42764,0.17159,65.0946,double_rcm_log_20260616_132745_154.csv,32.47992,Unknown,Task4_EntryRCM_TipCone,0.0,0.53264485767081,1.4989789170557182,1.4989951105169945,0.7888615549181496,2.168811798055495,4.31660746420142,13.869280674149975,9.351157518106206,63.67795551806313,2.543598154623241,1.604668497409229
14.44527,0.03057,32.71702,Done,EntryTipCone,157.5187,3.08033,0.44893,4.25451,4.25451,1.0,4.25451,0.44893,0.0,0.0,0.0,0.60628,1.0,6,6,1,0.69686,0.90891,0.05639,0.89653,0.56232,0.05919,0.82,0.7,0.06,0.9,0.56,0.06,-3.80489,-0.30396,-0.1159,-72.24067,0.16955,65.09517,double_rcm_log_20260616_132745_154.csv,32.71702,Unknown,Task4_EntryRCM_TipCone,0.0,0.4487550758999424,1.2629000349714212,1.2629097189823473,0.7385161928934749,2.0303338111294185,4.251987770443344,13.854722455875613,6.860589902640538,122.8018348626725,2.531923564553547,1.681666459584701
14.47614,0.03086,32.40079,Done,EntryTipCone,157.5161,3.08245,0.40878,4.2261,4.2261,1.0,4.2261,0.40878,0.0,0.0,0.0,0.60629,1.0,6,6,1,0.69651,0.90872,0.05689,0.89676,0.56246,0.05886,0.82,0.7,0.06,0.9,0.56,0.06,-3.844,-0.31657,-0.12113,-72.05583,0.1768,65.09093,double_rcm_log_20260616_132745_154.csv,32.40079,Unknown,Task4_EntryRCM_TipCone,0.0,0.40959465525986455,1.1526955682223543,1.1527029318256208,0.7124488903979245,1.9585693365704584,4.224784018148107,13.816774881018631,4.580647794410249,103.94923573330672,2.5544771924074796,1.0752033304720168
14.5063,0.03016,33.15234,Done,EntryTipCone,157.5165,3.08209,0.42336,4.23574,4.23574,1.0,4.23574,0.42336,0.0,0.0,0.0,0.60628,1.0,6,6,1,0.69617,0.90852,0.05738,0.89698,0.56259,0.05853,0.82,0.7,0.06,0.9,0.56,0.06,-3.8809,-0.33088,-0.12243,-71.86773,0.16637,65.08755,double_rcm_log_20260616_132745_154.csv,33.15234,Unknown,Task4_EntryRCM_TipCone,0.0,0.4233533353982893,1.1914150326554258,1.1914231635129657,0.722857380313827,1.9871390335005754,4.2413912811717855,13.757010258880271,8.70790008155723,119.84690792331016,2.554491196305028,2.245814456684357
14.53761,0.03131,31.93742,Done,EntryTipCone,157.5192,3.07869,0.49019,4.28541,4.28541,1.0,4.28541,0.49019,0.0,0.0,0.0,0.60628,1.0,6,6,1,0.69581,0.90831,0.05789,0.89722,0.56272,0.0582,0.82,0.7,0.06,0.9,0.56,0.06,-3.92063,-0.349,-0.11961,-71.68065,0.17511,65.08474,double_rcm_log_20260616_132745_154.csv,31.93742,Unknown,Task4_EntryRCM_TipCone,0.0,0.49078219239494286,1.3811712417233348,1.3811839092900906,0.7606286543915312,2.0910667134264407,4.285650475715409,13.785006409562863,10.313347230083815,73.51934227265986,2.5152468864796456,2.008265867971359
14.59719,0.02984,33.51425,Done,EntryTipCone,157.5382,3.06479,0.70137,4.47782,4.47782,1.0,4.47782,0.70137,0.0,0.0,0.0,0.60623,1.0,6,6,1,0.69515,0.9079,0.05885,0.8977,0.56298,0.05757,0.82,0.7,0.06,0.9,0.56,0.06,-3.99439,-0.38051,-0.12079,-71.3203,0.17747,65.07327,double_rcm_log_20260616_132745_154.csv,33.51425,Unknown,Task4_EntryRCM_TipCone,0.0,0.7025236042653227,1.9770337366107575,1.9770708907723686,0.9037182826829556,2.4846943783584536,4.480546841625443,13.741972695730404,6.316788638075871,75.24319568119792,2.5204986633170234,1.6332378825853806
14.62796,0.03077,32.49531,Done,EntryTipCone,157.5521,3.0534,0.83063,4.62534,4.62534,1.0,4.62534,0.83063,0.0,0.0,0.0,0.60619,1.0,6,6,1,0.69481,0.90768,0.05934,0.89795,0.56311,0.05726,0.82,0.7,0.06,0.9,0.56,0.06,-4.03234,-0.39617,-0.12337,-71.13544,0.18041,65.06512,double_rcm_log_20260616_132745_154.csv,32.49531,Unknown,Task4_EntryRCM_TipCone,0.0,0.831639078683708,2.340365462769965,2.3404270978192017,1.000205103208888,2.7502226483295167,4.6240890994875565,13.577493432848934,4.1602445537343655,85.14137679694076,2.53093750755104,1.4765038029419375
14.6589,0.03093,32.32771,Done,EntryTipCone,157.5709,3.03966,0.96672,4.80017,4.80017,1.0,4.80017,0.96672,0.0,0.0,0.0,0.60614,1.0,6,6,1,0.69448,0.90746,0.05983,0.8982,0.56324,0.05695,0.82,0.7,0.06,0.9,0.56,0.06,-4.06933,-0.41385,-0.12252,-70.94698,0.17336,65.05726,double_rcm_log_20260616_132745_154.csv,32.32771,Unknown,Task4_EntryRCM_TipCone,0.0,0.9659851564016364,2.7184034949735008,2.7185000850329026,1.1092429287622352,3.0503268425127534,4.80001041665531,13.742191310206735,7.56924049304076,137.19150586018378,2.4957946394438864,1.2441450629631128
14.68938,0.03049,32.80236,Done,EntryTipCone,157.592,3.02303,1.10464,4.99783,4.99783,1.0,4.99783,1.10464,0.0,0.0,0.0,0.60609,1.0,6,6,1,0.69415,0.90723,0.06031,0.89846,0.56337,0.05664,0.82,0.7,0.06,0.9,0.56,0.06,-4.10699,-0.43508,-0.11648,-70.76978,0.18494,65.05059,double_rcm_log_20260616_132745_154.csv,32.80236,Unknown,Task4_EntryRCM_TipCone,0.0,1.1054572001550718,3.1108497042068133,3.1109944628449115,1.2277486314512722,3.3766483154385227,5.001809672508522,13.64939714718978,11.30112888044527,120.59986182646026,2.4876815508942043,2.2355120356373464
14.72012,0.03074,32.53447,Done,EntryTipCone,157.6174,3.00387,1.24521,5.21628,5.21628,1.0,5.21628,1.24521,0.0,0.0,0.0,0.60603,1.0,6,6,1,0.69382,0.907,0.06078,0.89872,0.5635,0.05635,0.82,0.7,0.06,0.9,0.56,0.06,-4.14284,-0.45115,-0.11907,-70.58356,0.17529,65.03938,double_rcm_log_20260616_132745_154.csv,32.53447,Unknown,Task4_EntryRCM_TipCone,0.0,1.245265715907675,3.504224175663575,3.5044310954694247,1.3462837911191219,3.7031464791652198,5.2164068092893014,13.380289799495497,9.394900304419517,70.93167668879487,2.4984124013981757,1.9794390804415953
14.78053,0.03049,32.80278,Done,EntryTipCone,157.6759,2.95832,1.52367,5.69542,5.69542,1.0,5.69542,1.52367,0.0,0.0,0.0,0.60588,1.0,6,6,1,0.69319,0.90654,0.06171,0.89924,0.56375,0.05578,0.82,0.7,0.06,0.9,0.56,0.06,-4.21437,-0.48647,-0.12025,-70.23371,0.18518,65.01598,double_rcm_log_20260616_132745_154.csv,32.80278,Unknown,Task4_EntryRCM_TipCone,0.0,1.5237563999332178,4.287739470520193,4.2881185726466615,1.5945414398441895,4.387479388511732,5.696358485910041,13.351374028412353,7.284176026831931,113.25765546533127,2.4477299094080873,2.0911102237500945
14.8111,0.03057,32.71006,Done,EntryTipCone,157.7114,2.93157,1.66413,5.95582,5.95582,1.0,5.95582,1.66413,0.0,0.0,0.0,0.60579,1.0,6,6,1,0.69288,0.9063,0.06216,0.89951,0.56387,0.0555,0.82,0.7,0.06,0.9,0.56,0.06,-4.24903,-0.50516,-0.11934,-70.05449,0.1788,65.0033,double_rcm_log_20260616_132745_154.csv,32.71006,Unknown,Task4_EntryRCM_TipCone,0.0,1.6635340316051304,4.68095765752913,4.68145094601391,1.7228822424419914,4.741717475280924,5.955417701555401,13.264062916889271,9.700757470183726,115.54273168707041,2.40523991077315,2.0856790678479955
14.84139,0.03029,33.01288,Done,EntryTipCone,157.7493,2.90242,1.80277,6.2236,6.2236,1.0,6.2236,1.80277,0.0,0.0,0.0,0.60569,1.0,6,6,1,0.69257,0.90606,0.06261,0.89978,0.56399,0.05523,0.82,0.7,0.06,0.9,0.56,0.06,-4.28395,-0.52674,-0.11409,-69.88512,0.18683,64.99152,double_rcm_log_20260616_132745_154.csv,33.01288,Unknown,Task4_EntryRCM_TipCone,0.0,1.8029999305685656,5.073271123474216,5.073899165984315,1.8505573553511092,5.094302851074068,6.222652167685373,13.040828163630701,10.449809466080637,91.57879677755383,2.361740115028289,1.7807105142958146
14.87222,0.03083,32.43429,Done,EntryTipCone,157.791,2.87034,1.94219,6.50243,6.50243,1.0,6.50243,1.94219,0.0,0.0,0.0,0.60559,1.0,6,6,1,0.69227,0.90582,0.06306,0.90005,0.56412,0.05497,0.82,0.7,0.06,0.9,0.56,0.06,-4.31814,-0.54186,-0.12047,-69.71099,0.18605,64.9739,double_rcm_log_20260616_132745_154.csv,32.43429,Unknown,Task4_EntryRCM_TipCone,0.0,1.941629861986378,5.463203252378898,5.463987578983842,1.97794103491063,5.445968727840361,6.502138109883485,12.887821203322584,6.797816894920555,128.14733819262682,2.3598454900582975,1.4706229371462025
14.90324,0.03101,32.2438,Done,EntryTipCone,157.8367,2.83553,2.0815,6.78894,6.78894,1.0,6.78894,2.08159,0.0,0.0,0.0,0.60547,1.0,6,6,1,0.69197,0.90557,0.0635,0.90033,0.56424,0.05471,0.82,0.7,0.06,0.9,0.56,0.06,-4.35196,-0.56225,-0.11798,-69.53751,0.18379,64.95882,double_rcm_log_20260616_132745_154.csv,32.2438,Unknown,Task4_EntryRCM_TipCone,0.0,2.0806476475253155,5.854194200930822,5.855159337150843,2.1077263595373306,5.804904292592026,6.787532688687338,12.84342750858635,7.457480243018198,63.6121756219544,2.3342369540313452,1.16451232532042
14.93353,0.03029,33.00962,Done,EntryTipCone,157.8836,2.79887,2.21576,7.07278,7.07278,1.0,7.07278,2.21576,0.0,0.0,0.0,0.60535,1.0,6,6,1,0.69168,0.90533,0.06393,0.9006,0.56436,0.05446,0.82,0.7,0.06,0.9,0.56,0.06,-4.38434,-0.57986,-0.11962,-69.37035,0.18134,64.94164,double_rcm_log_20260616_132745_154.csv,33.00962,Unknown,Task4_EntryRCM_TipCone,0.0,2.215589344202056,6.233688107794936,6.234853456786716,2.234651931936658,6.155977207934967,7.0753939819630665,12.707175491971041,10.42822170207831,96.28891141542739,2.296325344233002,1.680025824320454
14.96397,0.03044,32.84863,Done,EntryTipCone,157.9353,2.75997,2.34877,7.35883,7.35883,1.0,7.35883,2.34877,0.0,0.0,0.0,0.60522,1.0,6,6,1,0.6914,0.90508,0.06435,0.90088,0.56447,0.05422,0.82,0.7,0.06,0.9,0.56,0.06,-4.41627,-0.59817,-0.12049,-69.20586,0.18027,64.92361,double_rcm_log_20260616_132745_154.csv,32.84863,Unknown,Task4_EntryRCM_TipCone,0.0,2.3489181640233543,6.608612200795612,6.610000831705826,2.3601280782788163,6.503806695963635,7.359599173868082,12.486746027759956,10.964379601754697,74.21959002734981,2.2456330139977227,1.811584103778979
14.99408,0.03011,33.21426,Done,EntryTipCone,157.9876,2.71885,2.47836,7.64338,7.64338,1.0,7.64338,2.47836,0.0,0.0,0.0,0.60509,1.0,6,6,1,0.69113,0.90484,0.06475,0.90115,0.56458,0.05399,0.82,0.7,0.06,0.9,0.56,0.06,-4.44743,-0.61795,-0.11843,-69.04742,0.18218,64.90636,double_rcm_log_20260616_132745_154.csv,33.21426,Unknown,Task4_EntryRCM_TipCone,0.0,2.477181671024845,6.9692587547987825,6.970887494283381,2.4822380272705833,6.842383075642999,7.6432323005387675,12.270468071499328,8.870542529736776,57.27178265205905,2.201131927853809,1.4122608861574548
15.0246,0.03052,32.76209,Done,EntryTipCone,158.0449,2.67511,2.60714,7.93074,7.93074,1.0,7.93074,2.60714,0.0,0.0,0.0,0.60494,1.0,6,6,1,0.69086,0.90459,0.06515,0.90143,0.56469,0.05377,0.82,0.7,0.06,0.9,0.56,0.06,-4.47812,-0.63492,-0.12181,-68.8893,0.183,64.88562,double_rcm_log_20260616_132745_154.csv,32.76209,Unknown,Task4_EntryRCM_TipCone,0.0,2.6061664180124344,7.331898040107731,7.333794654590521,2.6036991747532343,7.179620088513327,7.92804515627904,12.268226883003699,8.946154208474898,113.01554727996405,2.1665483244835144,1.510395019692235
15.05484,0.03023,33.07536,Done,EntryTipCone,158.1033,2.6293,2.73302,8.21584,8.21584,1.0,8.21584,2.73302,0.0,0.0,0.0,0.6048,1.0,6,6,1,0.6906,0.90434,0.06554,0.90171,0.5648,0.05355,0.82,0.7,0.06,0.9,0.56,0.06,-4.50794,-0.65689,-0.11592,-68.73541,0.18321,64.86824,double_rcm_log_20260616_132745_154.csv,33.07536,Unknown,Task4_EntryRCM_TipCone,0.0,2.7333608991109473,7.689467632088907,7.691655685637899,2.726191307029127,7.519954377930324,8.219890510219653,12.041154589171661,12.68206782273007,133.72457791463506,2.1183577270086644,2.1210380184457795
15.08556,0.03072,32.55202,Done,EntryTipCone,158.1667,2.58058,2.85773,8.50125,8.50125,1.0,8.50125,2.85773,0.0,0.0,0.0,0.60464,1.0,6,6,1,0.69034,0.90409,0.06593,0.90199,0.56491,0.05335,0.82,0.7,0.06,0.9,0.56,0.06,-4.53747,-0.67366,-0.11988,-68.58375,0.18634,64.8455,double_rcm_log_20260616_132745_154.csv,32.55202,Unknown,Task4_EntryRCM_TipCone,0.0,2.858785920337664,8.042025811615705,8.04452907252727,2.843430625453706,7.846025353397303,8.502393780577291,11.67362682714406,11.36317823073904,65.91570168685486,2.073780914293383,1.7606832231803582
15.11764,0.03208,31.17164,Done,EntryTipCone,158.2348,2.52743,2.98518,8.79677,8.79677,1.0,8.79677,2.98511,0.0,0.0,0.0,0.60446,1.0,6,6,1,0.69008,0.90383,0.06632,0.90228,0.56501,0.05314,0.82,0.7,0.06,0.9,0.56,0.06,-4.5672,-0.69162,-0.12272,-68.42758,0.18593,64.82165,double_rcm_log_20260616_132745_154.csv,31.17164,Unknown,Task4_EntryRCM_TipCone,0.0,2.986058985089538,8.399739268898916,8.40259193019837,2.9650773010295035,8.185234360631407,8.795345359904823,11.521479441007827,8.733276432447774,88.48707451366371,2.0214655055798905,1.8106374571757462
15.17694,0.03075,32.52155,Done,EntryTipCone,158.3686,2.42293,3.21236,9.3315,9.3315,1.0,9.3315,3.21236,0.0,0.0,0.0,0.60413,1.0,6,6,1,0.68963,0.90336,0.06701,0.90282,0.5652,0.05278,0.82,0.7,0.06,0.9,0.56,0.06,-4.62049,-0.73105,-0.11697,-68.15491,0.19559,64.77979,double_rcm_log_20260616_132745_154.csv,32.52155,Unknown,Task4_EntryRCM_TipCone,0.0,3.213196895416415,9.038028554575286,9.041582865662848,3.1847038575303395,8.798459305687865,9.33385236652045,11.035607244895077,11.030161440248861,154.48628236372593,1.934696455915079,1.7705789494002293
15.20729,0.03035,32.95148,Done,EntryTipCone,158.4409,2.36652,3.32402,9.59777,9.59777,1.0,9.59777,3.32402,0.0,0.0,0.0,0.60394,1.0,6,6,1,0.68941,0.90312,0.06734,0.90309,0.5653,0.05262,0.82,0.7,0.06,0.9,0.56,0.06,-4.64585,-0.7474,-0.11988,-68.01719,0.19219,64.75499,double_rcm_log_20260616_132745_154.csv,32.95148,Unknown,Task4_EntryRCM_TipCone,0.0,3.323753891615364,9.348658398934607,9.352592305321544,3.2901751966836015,9.093188405868123,9.597004741063705,10.80958551040256,10.149304393908542,114.93177106871033,1.881888151449208,2.1756909750750113
15.23761,0.03032,32.98022,Done,EntryTipCone,158.5155,2.30809,3.43256,9.85853,9.85853,1.0,9.85853,3.43256,0.0,0.0,0.0,0.60375,1.0,6,6,1,0.6892,0.90288,0.06767,0.90336,0.56539,0.05246,0.82,0.7,0.06,0.9,0.56,0.06,-4.67077,-0.76571,-0.11939,-67.88641,0.19504,64.7309,double_rcm_log_20260616_132745_154.csv,32.98022,Unknown,Task4_EntryRCM_TipCone,0.0,3.4327758500975167,9.654941196684561,9.65927498498077,3.3950549257403915,9.387029021269377,9.85866623839143,10.677888322547114,11.439440639070732,165.96485300010306,1.8140182533938136,2.074837217025712
15.26899,0.03138,31.86375,Done,EntryTipCone,158.5946,2.24555,3.54116,10.12129,10.12129,1.0,10.12129,3.54116,0.0,0.0,0.0,0.60355,1.0,6,6,1,0.68899,0.90264,0.06799,0.90364,0.56547,0.0523,0.82,0.7,0.06,0.9,0.56,0.06,-4.69539,-0.7838,-0.11975,-67.75489,0.19598,64.70502,double_rcm_log_20260616_132745_154.csv,31.86375,Unknown,Task4_EntryRCM_TipCone,0.0,3.5411819375656073,9.959459127016272,9.964216528716683,3.5009891761324607,9.684896727140883,10.12227741172902,10.35817749404918,14.186204359295271,155.01394301562988,1.7608572423214315,1.978629729054247
15.30246,0.03347,29.87809,Done,EntryTipCone,158.6804,2.17669,3.65259,10.39315,10.39315,1.0,10.39315,3.65259,0.0,0.0,0.0,0.60334,1.0,6,6,1,0.68878,0.90238,0.06832,0.90393,0.56556,0.05215,0.82,0.7,0.06,0.9,0.56,0.06,-4.72032,-0.80283,-0.11974,-67.61931,0.19497,64.67706,double_rcm_log_20260616_132745_154.csv,29.87809,Unknown,Task4_EntryRCM_TipCone,0.0,3.6523767314724234,10.271773617904515,10.276993313667388,3.6076995821712665,9.985007992755136,10.391390667278307,10.041663692656048,13.641074316470608,33.93660767312485,1.695401847349959,2.08512841446086
15.35999,0.02964,33.7398,Done,EntryTipCone,158.8355,2.05353,3.8341,10.84011,10.84011,1.0,10.84011,3.8341,0.0,0.0,0.0,0.60295,1.0,6,6,1,0.68844,0.90195,0.06885,0.90443,0.56571,0.05192,0.82,0.7,0.06,0.9,0.56,0.06,-4.76071,-0.83422,-0.12116,-67.40057,0.1974,64.62654,double_rcm_log_20260616_132745_154.csv,33.7398,Unknown,Task4_EntryRCM_TipCone,0.0,3.834488297255004,10.783189007118374,10.789228903168606,3.7844101166016464,10.483274958053567,10.840452020095807,9.684929481088353,12.918409009388636,44.90049893671822,1.5803861710328422,2.14329563515954
15.39134,0.03135,31.9001,Done,EntryTipCone,158.9227,1.98405,3.92705,11.07114,11.07114,1.0,11.07114,3.92705,0.0,0.0,0.0,0.60272,1.0,6,6,1,0.68828,0.90173,0.06912,0.9047,0.56578,0.05181,0.82,0.7,0.06,0.9,0.56,0.06,-4.78088,-0.85194,-0.11963,-67.28777,0.19556,64.59925,double_rcm_log_20260616_132745_154.csv,31.9001,Unknown,Task4_EntryRCM_TipCone,0.0,3.9264640507702806,11.041439132908303,11.047924076286966,3.8751762461019776,10.740424644233578,11.071336865979559,9.394521854554759,12.845354599762532,35.19565867549852,1.5171685991299892,2.355897428940296
15.45137,0.03003,33.29679,Done,EntryTipCone,159.0937,1.84601,4.09347,11.48818,11.48818,1.0,11.48818,4.09347,0.0,0.0,0.0,0.60229,1.0,6,6,1,0.68798,0.90131,0.0696,0.9052,0.5659,0.05163,0.82,0.7,0.06,0.9,0.56,0.06,-4.81662,-0.88232,-0.12118,-67.08697,0.19429,64.54386,double_rcm_log_20260616_132745_154.csv,33.29679,Unknown,Task4_EntryRCM_TipCone,0.0,4.093391399066155,11.510065697860245,11.517413205733515,4.036827713460825,11.200067650894542,11.48507292097001,8.857610906723512,14.586047153215015,36.12206501006837,1.3620745666766356,2.3461699460689633
15.48215,0.03078,32.49043,Done,EntryTipCone,159.184,1.77306,4.17232,11.68765,11.68765,1.0,11.68765,4.17232,0.0,0.0,0.0,0.60206,1.0,6,6,1,0.68785,0.9011,0.06982,0.90545,0.56596,0.05155,0.82,0.7,0.06,0.9,0.56,0.06,-4.83366,-0.89891,-0.11944,-66.9949,0.1996,64.51577,double_rcm_log_20260616_132745_154.csv,32.49043,Unknown,Task4_EntryRCM_TipCone,0.0,4.172349945821875,11.731697635665594,11.739478485349537,4.115627129999915,11.424617549565738,11.688738169708442,8.616301486932784,14.572369290436486,89.77258009144,1.3009296387305989,2.307621424626524
15.51297,0.03082,32.44292,Done,EntryTipCone,159.2751,1.69847,4.24695,11.87759,11.87759,1.0,11.87759,4.24695,0.0,0.0,0.0,0.60183,1.0,6,6,1,0.68773,0.9009,0.07003,0.9057,0.56601,0.05149,0.82,0.7,0.06,0.9,0.56,0.06,-4.84903,-0.91331,-0.12017,-66.90472,0.19711,64.48645,double_rcm_log_20260616_132745_154.csv,32.44292,Unknown,Task4_EntryRCM_TipCone,0.0,4.246440150305149,11.939644172836383,11.947846832829068,4.18816759720801,11.632600145876452,11.875613668354097,8.267697716944273,13.719963678179308,44.23508747526957,1.2399750441233206,2.413264902076601
15.54317,0.03019,33.11854,Done,EntryTipCone,159.3657,1.62454,4.31561,12.05371,12.05371,1.0,12.05371,4.31561,0.0,0.0,0.0,0.60161,1.0,6,6,1,0.68762,0.9007,0.07022,0.90593,0.56606,0.05143,0.82,0.7,0.06,0.9,0.56,0.06,-4.8632,-0.92804,-0.11922,-66.82361,0.19828,64.45799,double_rcm_log_20260616_132745_154.csv,33.11854,Unknown,Task4_EntryRCM_TipCone,0.0,4.316021805911021,12.134918541233953,12.14353097017471,4.257162362673387,11.830196695159099,12.05543031168939,7.950398039556786,14.987382482733691,119.07214379079161,1.1655716839928922,2.642690487532971
15.57325,0.03008,33.24132,Done,EntryTipCone,159.4571,1.54917,4.37967,12.21914,12.21914,1.0,12.21914,4.37967,0.0,0.0,0.0,0.60138,1.0,6,6,1,0.68752,0.90052,0.07039,0.90616,0.5661,0.05139,0.82,0.7,0.06,0.9,0.56,0.06,-4.87602,-0.9418,-0.11883,-66.74724,0.19706,64.42915,double_rcm_log_20260616_132745_154.csv,33.24132,Unknown,Task4_EntryRCM_TipCone,0.0,4.379207850357218,12.312228731301383,12.321224885559886,4.319915886173479,12.011236341923242,12.21833458373109,7.866212206203916,15.05262582096895,55.15727622841063,1.0941066010882776,2.745294582463598
15.60443,0.03118,32.07285,Done,EntryTipCone,159.5525,1.47017,4.4414,12.37951,12.37951,1.0,12.37951,4.44136,0.0,0.0,0.0,0.60114,1.0,6,6,1,0.68743,0.90034,0.07056,0.9064,0.56614,0.05136,0.82,0.7,0.06,0.9,0.56,0.06,-4.88832,-0.95506,-0.11941,-66.67532,0.19888,64.39861,double_rcm_log_20260616_132745_154.csv,32.07285,Unknown,Task4_EntryRCM_TipCone,0.0,4.441537828335274,12.487121991380862,12.496507671911917,4.382613879803187,12.192705006872517,12.381809237748676,7.639982850296522,14.570786551794486,119.73429967545275,1.0144821526458796,2.782235661139514
15.66472,0.03085,32.40987,Done,EntryTipCone,159.7399,1.31439,4.54661,12.65642,12.65642,1.0,12.65642,4.54657,0.0,0.0,0.0,0.60066,1.0,6,6,1,0.68729,0.9,0.07084,0.90683,0.5662,0.05133,0.82,0.7,0.06,0.9,0.56,0.06,-4.90823,-0.98011,-0.11834,-66.5527,0.19879,64.33981,double_rcm_log_20260616_132745_154.csv,32.40987,Unknown,Task4_EntryRCM_TipCone,0.0,4.547475044138983,12.784339888398042,12.79441311887004,4.488519753930499,12.501194158344038,12.65929697890052,7.043789204473734,15.00161835809094,32.2948303758055,0.8706866205313482,2.6446558424543345
15.695,0.03028,33.02545,Done,EntryTipCone,159.8349,1.23482,4.59248,12.77912,12.77912,1.0,12.77912,4.59248,0.0,0.0,0.0,0.60042,1.0,6,6,1,0.68724,0.89984,0.07095,0.90704,0.56622,0.05134,0.82,0.7,0.06,0.9,0.56,0.06,-4.91655,-0.99181,-0.11792,-66.5005,0.19998,64.30996,double_rcm_log_20260616_132745_154.csv,33.02545,Unknown,Task4_EntryRCM_TipCone,0.0,4.592064360743259,12.909426851606783,12.919799229397197,4.533381332123675,12.633544846345117,12.776760152714685,6.747977049514867,13.836476832274654,73.63661718318271,0.8042610181118528,2.7238517300508085
15.72588,0.03088,32.38095,Done,EntryTipCone,159.9321,1.15293,4.63401,12.89166,12.89166,1.0,12.89166,4.63401,0.0,0.0,0.0,0.60018,1.0,6,6,1,0.6872,0.89969,0.07105,0.90724,0.56624,0.05135,0.82,0.7,0.06,0.9,0.56,0.06,-4.92343,-1.00253,-0.11814,-66.45224,0.19743,64.27924,double_rcm_log_20260616_132745_154.csv,32.38095,Unknown,Task4_EntryRCM_TipCone,0.0,4.633329228432559,13.025180732854663,13.035835176140374,4.576597001837011,12.761041734664369,12.890992979596225,6.51966869583796,15.28435221420735,71.17301447488136,0.7300716477522792,2.9233368179228756
15.75683,0.03095,32.30614,Done,EntryTipCone,160.03,1.06994,4.67076,12.99274,12.99274,1.0,12.99274,4.67076,0.0,0.0,0.0,0.59993,1.0,6,6,1,0.68717,0.89955,0.07114,0.90744,0.56625,0.05138,0.82,0.7,0.06,0.9,0.56,0.06,-4.92939,-1.01357,-0.11699,-66.4119,0.19882,64.24887,double_rcm_log_20260616_132745_154.csv,32.30614,Unknown,Task4_EntryRCM_TipCone,0.0,4.66979067207053,13.12745469934929,13.138362588471235,4.613902179570725,12.87281715625843,12.989245551609212,6.485574799870944,15.856627886076263,86.92585431122886,0.6617480699235386,2.8281508074856037
15.78704,0.0302,33.10956,Done,EntryTipCone,160.1257,0.98849,4.70153,13.07909,13.07909,1.0,13.07909,4.70153,0.0,0.0,0.0,0.59969,1.0,6,6,1,0.68715,0.89942,0.07121,0.90763,0.56626,0.05142,0.82,0.7,0.06,0.9,0.56,0.06,-4.93373,-1.02097,-0.12048,-66.37765,0.1977,64.21736,double_rcm_log_20260616_132745_154.csv,33.10956,Unknown,Task4_EntryRCM_TipCone,0.0,4.701201032140394,13.21555616848307,13.226685587899404,4.647181417817613,12.973030308475154,13.07749593767857,6.2518817816553165,16.157947589077825,62.4530954993488,0.6009961977203683,2.8675021823707834
15.81779,0.03075,32.51701,Done,EntryTipCone,160.2232,0.90488,4.72779,13.15479,13.15479,1.0,13.15479,4.72779,0.0,0.0,0.0,0.59945,1.0,6,6,1,0.68714,0.89929,0.07126,0.90781,0.56626,0.05147,0.82,0.7,0.06,0.9,0.56,0.06,-4.93686,-1.03087,-0.11857,-66.34943,0.1961,64.18749,double_rcm_log_20260616_132745_154.csv,32.51701,Unknown,Task4_EntryRCM_TipCone,0.0,4.727577313834901,13.289534716664624,13.300852461651607,4.674860031680494,13.057943412109159,13.150840277335849,6.066392587187278,15.560026702949102,32.973641779491714,0.5350122295572532,2.989684250650116
15.87782,0.03039,32.90132,Done,EntryTipCone,160.4134,0.74086,4.76399,13.26628,13.26628,1.0,13.26628,4.76399,0.0,0.0,0.0,0.59897,1.0,6,6,1,0.68717,0.89907,0.07131,0.90815,0.56624,0.0516,0.82,0.7,0.06,0.9,0.56,0.06,-4.93911,-1.04613,-0.11833,-66.31306,0.1921,64.12795,double_rcm_log_20260616_132745_154.csv,32.90132,Unknown,Task4_EntryRCM_TipCone,0.0,4.763189319683492,13.389412576166736,13.400987941851545,4.717200300752818,13.192095593719943,13.263487475019483,5.935952949815249,18.70990367951652,88.38765121627793,0.44210660518499906,3.0898155160916483
15.90831,0.03049,32.79968,Done,EntryTipCone,160.5094,0.65726,4.77471,13.30393,13.30393,1.0,13.30393,4.77471,0.0,0.0,0.0,0.59873,1.0,6,6,1,0.68719,0.89898,0.07132,0.90831,0.56623,0.05168,0.82,0.7,0.06,0.9,0.56,0.06,-4.93837,-1.05328,-0.11738,-66.30472,0.1905,64.09821,double_rcm_log_20260616_132745_154.csv,32.79968,Unknown,Task4_EntryRCM_TipCone,0.0,4.775835575500542,13.424879174607444,13.436546956195642,4.733529794323465,13.245262781607789,13.307569274664637,5.91991105033396,21.6191292721969,80.03097697502567,0.41393757073240867,3.0159026701550578
15.93875,0.03044,32.84664,Done,EntryTipCone,160.6048,0.5734,4.78016,13.32892,13.32892,1.0,13.32892,4.78016,0.0,0.0,0.0,0.59849,1.0,6,6,1,0.68724,0.89889,0.0713,0.90846,0.5662,0.05178,0.82,0.7,0.06,0.9,0.56,0.06,-4.9364,-1.05942,-0.11692,-66.30354,0.1899,64.06849,double_rcm_log_20260616_132745_154.csv,32.84664,Unknown,Task4_EntryRCM_TipCone,0.0,4.779262983351851,13.43449127451098,13.446184187206267,4.740452342394445,13.27305332677394,13.325914602758045,5.859774002723474,17.100032067858884,158.1675729231976,0.4090721557744061,2.872975814890241
15.97032,0.03157,31.67845,Done,EntryTipCone,160.7035,0.48659,4.78029,13.34143,13.34143,1.0,13.34143,4.78029,0.0,0.0,0.0,0.59824,1.0,6,6,1,0.68729,0.89881,0.07127,0.9086,0.56617,0.05189,0.82,0.7,0.06,0.9,0.56,0.06,-4.93277,-1.06445,-0.11722,-66.30814,0.18641,64.03756,double_rcm_log_20260616_132745_154.csv,31.67845,Unknown,Task4_EntryRCM_TipCone,0.0,4.779518783287982,13.435208658622248,13.446903448388797,4.743502144414344,13.289556860123637,13.334204138230287,5.776048602452146,13.568303159799926,72.1209343725199,0.41997937861974527,2.874409789376615
16.03146,0.03178,31.46619,Done,EntryTipCone,160.8922,0.31895,4.76452,13.32652,13.32652,1.0,13.32652,4.76452,0.0,0.0,0.0,0.59777,1.0,6,6,1,0.68744,0.89869,0.07116,0.90886,0.5661,0.05213,0.82,0.7,0.06,0.9,0.56,0.06,-4.92155,-1.07435,-0.11317,-66.33681,0.17663,63.98027,double_rcm_log_20260616_132745_154.csv,31.46619,Unknown,Task4_EntryRCM_TipCone,0.0,4.764577747542203,13.39330647310735,13.404891961177288,4.740894128176471,13.297955250569666,13.32840950751437,6.016405971572063,16.30157161370822,43.79270467259025,0.48794217532281897,2.884199354080828
16.0911,0.0302,33.11747,Done,EntryTipCone,161.0732,0.15616,4.72883,13.26227,13.26227,1.0,13.26227,4.72883,0.0,0.0,0.0,0.59732,1.0,6,6,1,0.68763,0.8986,0.07099,0.90907,0.56601,0.05242,0.82,0.7,0.06,0.9,0.56,0.06,-4.90502,-1.08075,-0.10916,-66.38818,0.15997,63.92562,double_rcm_log_20260616_132745_154.csv,33.11747,Unknown,Task4_EntryRCM_TipCone,0.0,4.72920670894675,13.294104650144376,13.305434098078887,4.715364046022222,13.241059044328157,13.260520351781068,6.3924688587143255,18.606145952003747,83.74337746760166,0.5977502498529622,2.9666559503606025
16.12154,0.03044,32.8524,Done,EntryTipCone,161.1642,0.07376,4.70291,13.21067,13.21067,1.0,13.21067,4.70291,0.0,0.0,0.0,0.59709,1.0,6,6,1,0.68774,0.89858,0.07087,0.90917,0.56595,0.05258,0.82,0.7,0.06,0.9,0.56,0.06,-4.89431,-1.08345,-0.10573,-66.42249,0.14665,63.89886,double_rcm_log_20260616_132745_154.csv,32.8524,Unknown,Task4_EntryRCM_TipCone,0.0,4.703084029132539,13.220837573907545,13.231980368100169,4.696875423856929,13.197264343561708,13.211653946421658,6.547150242482165,17.409136538710026,62.902320630588285,0.6623572943490311,3.2529857543609046
16.15264,0.0311,32.15516,Done,EntryTipCone,161.2557,0.00966,4.67106,13.14483,13.14483,1.0,13.14483,4.67106,0.0,0.0,0.0,0.59686,1.0,6,6,1,0.68787,0.89856,0.07074,0.90925,0.56589,0.05276,0.82,0.7,0.06,0.9,0.56,0.06,-4.88172,-1.08645,-0.10007,-66.46274,0.12852,63.87285,double_rcm_log_20260616_132745_154.csv,32.15516,Unknown,Task4_EntryRCM_TipCone,0.0,4.670900662584046,13.13056812790886,13.141483795009641,4.6703859111093164,13.130000937371776,13.140479443307957,6.704935760312879,15.101687650975817,103.90728818104317,0.7359129003680219,4.060512350720258
16.18298,0.03034,32.95893,Done,EntryTipCone,161.3438,0.09057,4.63477,13.06784,13.06784,1.0,13.06784,4.63477,0.0,0.0,0.0,0.59664,1.0,6,6,1,0.68801,0.89855,0.07059,0.90933,0.56583,0.05294,0.82,0.7,0.06,0.9,0.56,0.06,-4.86762,-1.08995,-0.09162,-66.50595,0.10375,63.84912,double_rcm_log_20260616_132745_154.csv,32.95893,Unknown,Task4_EntryRCM_TipCone,0.0,4.635700762659549,13.031833022288142,13.042503829669728,4.644722588613735,13.064991919100175,13.072161259715205,6.9204271771021215,17.770230975887845,104.33696870972902,0.823242682320616,5.787726145166375
16.21328,0.0303,33.00727,Done,EntryTipCone,161.4304,0.1704,4.5935,12.97897,12.97897,1.0,12.97897,4.5935,0.0,0.0,0.0,0.59642,1.0,6,6,1,0.68816,0.89856,0.07043,0.90939,0.56575,0.05313,0.82,0.7,0.06,0.9,0.56,0.06,-4.85159,-1.09558,-0.07738,-66.55193,0.06931,63.82831,double_rcm_log_20260616_132745_154.csv,33.00727,Unknown,Task4_EntryRCM_TipCone,0.0,4.593457633248176,12.913335290680745,12.92371711001663,4.609620752975286,12.973826551353865,12.97811619612027,7.285511252341036,18.079592621339753,104.25379651649087,0.950731345618146,11.009978665957412
16.24387,0.03059,32.68821,Done,EntryTipCone,161.5164,0.25022,4.5467,12.87677,12.87677,1.0,12.87677,4.5467,0.0,0.0,0.0,0.59621,1.0,6,6,1,0.68832,0.89857,0.07025,0.90945,0.56568,0.05334,0.82,0.7,0.06,0.9,0.56,0.06,-4.83307,-1.1059,-0.0524,-66.5994,0.01976,63.81215,double_rcm_log_20260616_132745_154.csv,32.68821,Unknown,Task4_EntryRCM_TipCone,0.0,4.548107161902911,12.786113230488741,12.79619066110287,4.5734103223803215,12.878718820656676,12.881013158909441,7.610196105917047,16.379147834673834,55.07009754220526,1.254792954535267,23.909962894934107
16.30443,0.03062,32.66099,Done,EntryTipCone,161.6824,0.40503,4.43933,12.63905,12.63905,1.0,12.63905,4.43933,0.0,0.0,0.0,0.5958,1.0,6,6,1,0.68868,0.89863,0.06984,0.90952,0.56551,0.05378,0.82,0.7,0.06,0.9,0.56,0.06,-4.78666,-1.17863,0.09968,-66.68368,-0.16334,63.82327,double_rcm_log_20260616_132745_154.csv,32.66099,Unknown,Task4_EntryRCM_TipCone,0.0,4.439197235187662,12.480554727682286,12.489925581595983,4.482611135916569,12.636265514535713,12.636411674205553,8.24306630627493,15.574838372977181,457.5702747857985,3.476476880224125,101.17690679387115
16.33504,0.0306,32.67643,Done,EntryTipCone,161.7639,0.48101,4.37788,12.5019,12.5019,1.0,12.5019,4.37788,0.0,0.0,0.0,0.59559,1.0,6,6,1,0.68888,0.89867,0.0696,0.90955,0.56542,0.05402,0.82,0.7,0.06,0.9,0.56,0.06,-4.75586,-1.30223,0.33784,-66.71535,-0.33327,63.89408,double_rcm_log_20260616_132745_154.csv,32.67643,Unknown,Task4_EntryRCM_TipCone,0.0,4.377636418092855,12.30781922062933,12.3168056961936,4.4331648283280645,12.50352990159174,12.50357148977838,8.61452500973797,27.32525922572413,2891.2556530049314,7.356680920622736,258.8131308421188
16.36571,0.03068,32.59704,Done,EntryTipCone,161.8427,0.5529,4.31289,12.35628,12.35628,1.0,12.35628,4.31289,0.0,0.0,0.0,0.5954,1.0,6,6,1,0.68907,0.89872,0.06934,0.90957,0.56532,0.05427,0.82,0.7,0.06,0.9,0.56,0.06,-4.71694,-1.63529,0.95488,-66.74495,-0.59794,64.11308,double_rcm_log_20260616_132745_154.csv,32.59704,Unknown,Task4_EntryRCM_TipCone,0.0,4.3129468368997435,12.126289305939205,12.134883344442933,4.378915008444784,12.357328190187369,12.358001456546251,9.626860835432808,177.32855678040062,8003.8195729326735,19.040632943470573,688.1929746395796
16.39655,0.03084,32.42997,Done,EntryTipCone,161.902,0.6019,4.25423,12.225,12.225,1.0,12.225,4.25423,0.0,0.0,0.0,0.59527,1.0,6,6,1,0.68916,0.89873,0.06895,0.90961,0.56527,0.05459,0.82,0.7,0.06,0.9,0.56,0.06,-4.66578,-2.58567,2.67216,-66.81978,-0.99938,64.73837,double_rcm_log_20260616_132745_154.csv,32.42997,Unknown,Task4_EntryRCM_TipCone,0.0,4.253606277226002,11.959756051933983,11.96800029995236,4.329147950608977,12.22113490890018,12.222647012820099,16.86495886038211,514.4069830662302,4039.6217598063436,49.43635570330678,939.2292561387856
16.42661,0.03007,33.25948,Done,EntryTipCone,161.8172,0.50561,4.27709,12.27631,12.27631,1.0,12.27631,4.27709,0.0,0.0,0.0,0.59554,1.0,6,6,1,0.68851,0.89844,0.06786,0.90987,0.56552,0.05522,0.82,0.7,0.06,0.9,0.56,0.06,-4.59891,-5.02607,6.99716,-67.08817,-1.49201,66.17371,double_rcm_log_20260616_132745_154.csv,33.25948,Unknown,Task4_EntryRCM_TipCone,0.0,4.276875406973561,12.025060040141568,12.033440297162294,4.351227711097495,12.277004708616145,12.27744680297978,36.94932232689133,433.3496749974209,11643.979827656005,75.93037749747384,189.51716367994462
16.45742,0.0308,32.46461,Done,EntryTipCone,161.4846,0.20516,4.49008,12.74986,12.74986,1.0,12.74986,4.49008,0.0,0.0,0.0,0.59639,1.0,6,6,1,0.68666,0.89768,0.06563,0.91049,0.5663,0.05641,0.82,0.7,0.06,0.9,0.56,0.06,-4.52904,-7.99735,12.17362,-67.51082,-1.79147,67.55531,double_rcm_log_20260616_132745_154.csv,32.46461,Unknown,Task4_EntryRCM_TipCone,0.0,4.490366441437026,12.624121118092729,12.633819681644281,4.528312214286123,12.749421344334973,12.752184126650603,41.42822186377674,208.88579174082722,14177.726161653616,58.19677564706122,843.5553472513534
16.48797,0.03055,32.73163,Done,EntryTipCone,161.3043,0.05124,4.62737,13.05049,13.05049,1.0,13.05049,4.62737,0.0,0.0,0.0,0.59677,1.0,6,6,1,0.68566,0.89726,0.06416,0.91084,0.56673,0.05724,0.82,0.7,0.06,0.9,0.56,0.06,-4.48151,-9.28652,14.40061,-67.76883,-1.89581,68.02431,double_rcm_log_20260616_132745_154.csv,32.73163,Unknown,Task4_EntryRCM_TipCone,0.0,4.627712623100283,13.009425743989423,13.020041498213569,4.63894871421998,13.04606277181555,13.054351764832976,25.145099232652864,440.5394879621369,350.36486361748297,24.491970860063237,762.9393564760012
16.51807,0.0301,33.2201,Done,EntryTipCone,161.2644,0.01669,4.65896,13.11876,13.11876,1.0,13.11876,4.65896,0.0,0.0,0.0,0.59685,1.0,6,6,1,0.68537,0.89712,0.06334,0.91096,0.56685,0.05776,0.82,0.7,0.06,0.9,0.56,0.06,-4.44498,-9.788,15.27171,-67.93687,-1.95467,68.17948,double_rcm_log_20260616_132745_154.csv,33.2201,Unknown,Task4_EntryRCM_TipCone,0.0,4.6589669830021245,13.097094918142592,13.107927156499537,4.6619237725695895,13.107319387977839,13.117229128135184,16.785859824961427,197.5797772456237,6525.952310049557,11.744558523542546,260.88679115678036
16.54832,0.03025,33.06121,Done,EntryTipCone,161.2569,0.01029,4.66481,13.1312,13.1312,1.0,13.1312,4.66481,0.0,0.0,0.0,0.59687,1.0,6,6,1,0.68525,0.89706,0.06265,0.91103,0.5669,0.05822,0.82,0.7,0.06,0.9,0.56,0.06,-4.40966,-10.12328,15.85853,-68.09002,-2.00702,68.27345,double_rcm_log_20260616_132745_154.csv,33.06121,Unknown,Task4_EntryRCM_TipCone,0.0,4.664669435645122,13.113090004916712,13.123962056092568,4.667152061043325,13.121375455574467,13.131614523736157,15.320268899865736,48.511443028611595,2977.8097419939318,8.917630246754332,62.1709786802919
16.57886,0.03055,32.73856,Done,EntryTipCone,161.2547,0.00848,4.66632,13.13452,13.13452,1.0,13.13452,4.66632,0.0,0.0,0.0,0.59687,1.0,6,6,1,0.68517,0.89702,0.06197,0.91108,0.56693,0.05868,0.82,0.7,0.06,0.9,0.56,0.06,-4.3734,-10.41873,16.37767,-68.24424,-2.05921,68.35165,double_rcm_log_20260616_132745_154.csv,32.73856,Unknown,Task4_EntryRCM_TipCone,0.0,4.666237322200715,13.117487823415392,13.128370838171815,4.668444213325187,13.12492309134974,13.135208410984553,14.981016760810489,22.11968358198895,547.1249425182809,8.071414980461014,23.431749073260985
16.60943,0.03056,32.71809,Done,EntryTipCone,161.2536,0.00749,4.6672,13.13638,13.13638,1.0,13.13638,4.6672,0.0,0.0,0.0,0.59687,1.0,6,6,1,0.68512,0.89699,0.0613,0.91111,0.56696,0.05913,0.82,0.7,0.06,0.9,0.56,0.06,-4.33624,-10.69205,16.85933,-68.40055,-2.11182,68.42088,double_rcm_log_20260616_132745_154.csv,32.71809,Unknown,Task4_EntryRCM_TipCone,0.0,4.667082688913713,13.119859017278312,13.130747946389555,4.66991599066899,13.1281673687357,13.138896452898868,14.963290804388627,18.957369371981354,108.28971156430957,7.556640781433785,16.99268498860327
16.63983,0.0304,32.89314,Done,EntryTipCone,161.2527,0.0066,4.66791,13.13796,13.13796,1.0,13.13796,4.66791,0.0,0.0,0.0,0.59687,1.0,6,6,1,0.68508,0.89697,0.06062,0.91113,0.56697,0.05959,0.82,0.7,0.06,0.9,0.56,0.06,-4.29838,-10.94542,17.30726,-68.55824,-2.16474,68.48263,double_rcm_log_20260616_132745_154.csv,32.89314,Unknown,Task4_EntryRCM_TipCone,0.0,4.668588744973621,13.124083390971926,13.134982862058955,4.669834457875976,13.128038461482054,13.138717593433473,14.946812303240947,17.18909389334399,123.02233144668261,7.106243660748731,15.38987452516541
16.67104,0.03121,32.04245,Done,EntryTipCone,161.252,0.00598,4.66842,13.13895,13.13895,1.0,13.13895,4.66842,0.0,0.0,0.0,0.59688,1.0,6,6,1,0.68507,0.89697,0.05993,0.91114,0.56697,0.06005,0.82,0.7,0.06,0.9,0.56,0.06,-4.25866,-11.18687,17.73576,-68.72228,-2.21971,68.53939,double_rcm_log_20260616_132745_154.csv,32.04245,Unknown,Task4_EntryRCM_TipCone,0.0,4.668657062435119,13.124275016085413,13.13517496553716,4.670531552441797,13.130412202797823,13.140890380792213,14.76445753773005,16.976917628925467,111.0369245791819,6.685745632556897,14.207075319777225
16.73314,0.03231,30.94922,Done,EntryTipCone,161.2507,0.00484,4.6693,13.14084,13.14084,1.0,13.14084,4.6693,0.0,0.0,0.0,0.59688,1.0,6,6,1,0.68511,0.89699,0.05856,0.91111,0.56696,0.06097,0.82,0.7,0.06,0.9,0.56,0.06,-4.17709,-11.61814,18.50625,-69.05553,-2.33127,68.63656,double_rcm_log_20260616_132745_154.csv,30.94922,Unknown,Task4_EntryRCM_TipCone,0.0,4.670671214756567,13.129924546759428,13.140838605759543,4.672397101655499,13.135173331994398,13.145896698209615,14.88812343148226,16.831372580150077,44.300307352950476,5.957347663770714,12.747513831772352
16.79297,0.03094,32.31696,Done,EntryTipCone,161.2493,0.00376,4.67035,13.14314,13.14314,1.0,13.14314,4.67035,0.0,0.0,0.0,0.59688,1.0,6,6,1,0.68523,0.89706,0.05725,0.91102,0.56691,0.06186,0.82,0.7,0.06,0.9,0.56,0.06,-4.09563,-11.97657,19.1537,-69.38461,-2.44133,68.71417,double_rcm_log_20260616_132745_154.csv,32.31696,Unknown,Task4_EntryRCM_TipCone,0.0,4.670210312104641,13.12863175437277,13.139542583582394,4.6701701247932625,13.128783645105912,13.139562397583882,14.931476332009712,15.663246404505088,75.63317300485215,5.316060230673808,12.064368248210977
16.82348,0.03051,32.77692,Done,EntryTipCone,161.2489,0.00336,4.67081,13.14415,13.14415,1.0,13.14415,4.67081,0.0,0.0,0.0,0.59688,1.0,6,6,1,0.68532,0.89711,0.05659,0.91096,0.56688,0.06231,0.82,0.7,0.06,0.9,0.56,0.06,-4.05313,-12.1383,19.44898,-69.55501,-2.49835,68.74867,double_rcm_log_20260616_132745_154.csv,32.77692,Unknown,Task4_EntryRCM_TipCone,0.0,4.671447478196034,13.132101897172115,13.143021397304205,4.672166023157082,13.134115354824834,13.145040890008646,14.945124311627588,17.91781953359502,135.30287935086386,5.010204658401003,11.642823528714972
16.85405,0.03056,32.71724,Done,EntryTipCone,161.2487,0.00312,4.67114,13.14494,13.14494,1.0,13.14494,4.67114,0.0,0.0,0.0,0.59688,1.0,6,6,1,0.68544,0.89718,0.05592,0.91089,0.56683,0.06276,0.82,0.7,0.06,0.9,0.56,0.06,-4.00996,-12.28671,19.72229,-69.72736,-2.55604,68.78035,double_rcm_log_20260616_132745_154.csv,32.71724,Unknown,Task4_EntryRCM_TipCone,0.0,4.670713332916668,13.130042684541808,13.140957038718268,4.6729355632830885,13.136997959374623,13.147570117706067,14.870695717809982,19.749835242129816,126.26641826763829,4.7243052565809025,11.17593583530222
16.88466,0.03061,32.66822,Done,EntryTipCone,161.2482,0.00275,4.67152,13.1457,13.1457,1.0,13.1457,4.67152,0.0,0.0,0.0,0.59688,1.0,6,6,1,0.68557,0.89725,0.05527,0.9108,0.56678,0.0632,0.82,0.7,0.06,0.9,0.56,0.06,-3.9662,-12.42215,19.97427,-69.9014,-2.61434,68.80954,double_rcm_log_20260616_132745_154.csv,32.66822,Unknown,Task4_EntryRCM_TipCone,0.0,4.671218408062829,13.131459375923392,13.142377270226167,4.672816337013442,13.136559905616297,13.147182207606289,14.78820386486156,18.70072897939016,55.07425039549943,4.455556169970605,10.864000368511954
16.94497,0.03073,32.54483,Done,EntryTipCone,161.2476,0.00222,4.67211,13.14694,13.14694,1.0,13.14694,4.67211,0.0,0.0,0.0,0.59688,1.0,6,6,1,0.68588,0.89743,0.05399,0.91058,0.56666,0.06406,0.82,0.7,0.06,0.9,0.56,0.06,-3.87861,-12.65156,20.40904,-70.24805,-2.73039,68.86069,double_rcm_log_20260616_132745_154.csv,32.54483,Unknown,Task4_EntryRCM_TipCone,0.0,4.672139263991445,13.13404229322034,13.144966643870413,4.671907526564394,13.133588179227218,13.144413261914677,14.900901718022013,15.459680585191846,96.08421254157749,3.966354235767706,10.502375494399452
16.97542,0.03045,32.8417,Done,EntryTipCone,161.2473,0.00204,4.67248,13.1478,13.1478,1.0,13.1478,4.67248,0.0,0.0,0.0,0.59688,1.0,6,6,1,0.68607,0.89754,0.05335,0.91045,0.56659,0.06449,0.82,0.7,0.06,0.9,0.56,0.06,-3.83382,-12.74902,20.59831,-70.42456,-2.78947,68.88377,double_rcm_log_20260616_132745_154.csv,32.8417,Unknown,Task4_EntryRCM_TipCone,0.0,4.672336149964938,13.134594540065141,13.145520271460942,4.67216510624703,13.134011397307914,13.144987637879277,14.979888309628985,14.266322418857817,109.25729321993015,3.739416146642734,10.341948639130802
17.00597,0.03055,32.73742,Done,EntryTipCone,161.2471,0.0019,4.67274,13.14834,13.14834,1.0,13.14834,4.67274,0.0,0.0,0.0,0.59688,1.0,6,6,1,0.68628,0.89766,0.05273,0.91031,0.56651,0.06492,0.82,0.7,0.06,0.9,0.56,0.06,-3.78857,-12.83455,20.76806,-70.60245,-2.84892,68.90533,double_rcm_log_20260616_132745_154.csv,32.73742,Unknown,Task4_EntryRCM_TipCone,0.0,4.672276998165174,13.13442862478435,13.145353941341224,4.673403969510723,13.137509481808666,13.14848280220944,14.901490026767828,16.540239074925324,110.72609239490535,3.5270464852877663,10.137783649557562
17.0374,0.03143,31.81261,Done,EntryTipCone,161.2469,0.00164,4.67295,13.14885,13.14885,1.0,13.14885,4.67295,0.0,0.0,0.0,0.59688,1.0,6,6,1,0.68651,0.89779,0.05209,0.91016,0.56642,0.06535,0.82,0.7,0.06,0.9,0.56,0.06,-3.74175,-12.90999,20.92205,-70.78609,-2.91019,68.92599,double_rcm_log_20260616_132745_154.csv,31.81261,Unknown,Task4_EntryRCM_TipCone,0.0,4.674196458725634,13.139812525469011,13.150751308807395,4.675800972215784,13.144582095355371,13.155398131565564,14.789848771388538,19.008323324978452,58.05941075122485,3.327408818377173,9.952692636367573
17.0983,0.03115,32.10111,Done,EntryTipCone,161.2464,0.00124,4.67349,13.15001,13.15001,1.0,13.15001,4.67349,0.0,0.0,0.0,0.59689,1.0,6,6,1,0.68702,0.89808,0.05088,0.90981,0.56622,0.06616,0.82,0.7,0.06,0.9,0.56,0.06,-3.65049,-13.02088,21.16239,-71.14305,-3.0289,68.96225,double_rcm_log_20260616_132745_154.csv,32.10111,Unknown,Task4_EntryRCM_TipCone,0.0,4.673519056022908,13.137912478279377,13.14884650775248,4.6731814468954616,13.137185332541245,13.148007453602936,14.835524906046935,14.414719929740903,72.10421808818344,2.9963713273566013,9.806560734443913
17.12832,0.03001,33.31691,Done,EntryTipCone,161.2463,0.00113,4.67378,13.15071,13.15071,1.0,13.15071,4.67378,0.0,0.0,0.0,0.59689,1.0,6,6,1,0.6873,0.89824,0.0503,0.90962,0.56612,0.06655,0.82,0.7,0.06,0.9,0.56,0.06,-3.60536,-13.0586,21.25295,-71.31915,-3.08721,68.97844,double_rcm_log_20260616_132745_154.csv,33.31691,Unknown,Task4_EntryRCM_TipCone,0.0,4.673498622987499,13.137855165619307,13.148789051719014,4.6737096934503155,13.138068526818653,13.149193891642108,14.890845782768675,17.493241178804254,145.258212238475,2.8621386824973647,9.779530070579609
17.15841,0.0301,33.22563,Done,EntryTipCone,161.2459,0.00094,4.67403,13.15117,13.15117,1.0,13.15117,4.67403,0.0,0.0,0.0,0.59689,1.0,6,6,1,0.68759,0.89841,0.04973,0.90943,0.566,0.06694,0.82,0.7,0.06,0.9,0.56,0.06,-3.56011,-13.08514,21.32517,-71.49551,-3.14537,68.99366,double_rcm_log_20260616_132745_154.csv,33.22563,Unknown,Task4_EntryRCM_TipCone,0.0,4.6750031275575505,13.142075148895067,13.153019595057087,4.676087969373674,13.145595401560787,13.156310273020987,14.822926714182973,19.994773955946844,84.07120011480673,2.7492397963970485,9.712558271940734
17.18879,0.03038,32.92077,Done,EntryTipCone,161.2457,0.00055,4.6742,13.15144,13.15144,1.0,13.15144,4.67424,0.0,0.0,0.0,0.59689,1.0,6,6,1,0.68791,0.89859,0.04917,0.90921,0.56588,0.06731,0.82,0.7,0.06,0.9,0.56,0.06,-3.51449,-13.10064,21.3794,-71.67315,-3.20368,69.00799,double_rcm_log_20260616_132745_154.csv,32.92077,Unknown,Task4_EntryRCM_TipCone,0.0,4.673009112335166,13.136482135755497,13.147412587462725,4.6727389794574545,13.135733179150867,13.146657369841156,14.76589760431359,14.381037646100264,94.96344228737082,2.661535736739103,9.640072486193139
17.21968,0.03089,32.36777,Done,EntryTipCone,161.2456,0.0005,4.6745,13.15207,13.15207,1.0,13.15207,4.6745,0.0,0.0,0.0,0.59689,1.0,6,6,1,0.68824,0.89878,0.04861,0.90899,0.56575,0.06769,0.82,0.7,0.06,0.9,0.56,0.06,-3.46819,-13.10489,21.41553,-71.85326,-3.26248,69.02155,double_rcm_log_20260616_132745_154.csv,32.36777,Unknown,Task4_EntryRCM_TipCone,0.0,4.675010153207548,13.142094855112054,13.153039350602912,4.675165837883617,13.142890093126335,13.153657286093406,14.914775061565031,15.797523177000912,84.09833439961965,2.59992579163469,9.598303832638743
17.25297,0.03328,30.04392,Done,EntryTipCone,161.2453,0.0004,4.67471,13.15261,13.15261,1.0,13.15261,4.67471,0.0,0.0,0.0,0.59689,1.0,6,6,1,0.68862,0.899,0.04803,0.90873,0.5656,0.06809,0.82,0.7,0.06,0.9,0.56,0.06,-3.41852,-13.09648,21.43292,-72.04633,-3.32507,69.03502,double_rcm_log_20260616_132745_154.csv,30.04392,Unknown,Task4_EntryRCM_TipCone,0.0,4.674570237805943,13.140860937817493,13.151802344846253,4.67517866617132,13.143027750923226,13.153744713958819,14.926762678574343,19.37848555665378,87.94217483645215,2.566720115008763,9.56684927782985
17.31116,0.03,33.32887,Done,EntryTipCone,161.245,0.00012,4.67521,13.15355,13.15355,1.0,13.15355,4.67521,0.0,0.0,0.0,0.59689,1.0,6,6,1,0.68933,0.8994,0.04704,0.90825,0.56533,0.06875,0.82,0.7,0.06,0.9,0.56,0.06,-3.33235,-13.04985,21.41034,-72.3811,-3.43232,69.05565,double_rcm_log_20260616_132745_154.csv,33.32887,Unknown,Task4_EntryRCM_TipCone,0.0,4.675990910041093,13.144845774009859,13.155797157075419,4.675406817001686,13.143367675225145,13.154235059477964,14.98789983199435,14.585616284553106,80.8049195365448,2.595409391484427,9.634319721048335
17.34461,0.03346,29.88999,Done,EntryTipCone,161.2448,0.00039,4.6755,13.15406,13.15406,1.0,13.15406,4.6755,0.0,0.0,0.0,0.59689,1.0,6,6,1,0.68977,0.89965,0.0465,0.90795,0.56516,0.06912,0.82,0.7,0.06,0.9,0.56,0.06,-3.28339,-13.0046,21.36662,-72.57125,-3.49235,69.06569,double_rcm_log_20260616_132745_154.csv,29.88999,Unknown,Task4_EntryRCM_TipCone,0.0,4.675274319291099,13.142835813337575,13.153782163707062,4.675001794997832,13.14212258936302,13.153041473362716,14.907672208440967,18.20382166361954,81.09126125571325,2.6616174145887253,9.674574017603424
17.37483,0.03021,33.09723,Done,EntryTipCone,161.2446,0.00044,4.67567,13.15458,13.15458,1.0,13.15458,4.67567,0.0,0.0,0.0,0.59689,1.0,6,6,1,0.69017,0.89989,0.04603,0.90768,0.56501,0.06944,0.82,0.7,0.06,0.9,0.56,0.06,-3.23957,-12.95194,21.30747,-72.74151,-3.54543,69.0735,double_rcm_log_20260616_132745_154.csv,33.09723,Unknown,Task4_EntryRCM_TipCone,0.0,4.676429590350192,13.146076224503297,13.1570306892298,4.677663530206857,13.149333998928793,13.160398930123659,14.829735161936078,19.575611167445267,92.80912044746356,2.749202893518235,9.657412380765168
17.40494,0.03011,33.21149,Done,EntryTipCone,161.2443,0.00059,4.67592,13.15517,13.15517,1.0,13.15517,4.67592,0.0,0.0,0.0,0.59689,1.0,6,6,1,0.69059,0.90012,0.04557,0.90739,0.56484,0.06974,0.82,0.7,0.06,0.9,0.56,0.06,-3.19639,-12.88866,21.23039,-72.90932,-3.59708,69.08002,double_rcm_log_20260616_132745_154.csv,33.21149,Unknown,Task4_EntryRCM_TipCone,0.0,4.676094867942259,13.145137364670974,13.156089477972325,4.673691950737681,13.138424036156161,13.149345991341153,14.848372665820447,12.646162459264811,86.5456567012477,2.859616990548175,9.699066183478537
17.43527,0.03033,32.96727,Done,EntryTipCone,161.2442,0.00084,4.67613,13.15554,13.15554,1.0,13.15554,4.67613,0.0,0.0,0.0,0.59689,1.0,6,6,1,0.69103,0.90037,0.04513,0.9071,0.56468,0.07004,0.82,0.7,0.06,0.9,0.56,0.06,-3.15342,-12.81383,21.13414,-73.0764,-3.64771,69.08519,double_rcm_log_20260616_132745_154.csv,32.96727,Unknown,Task4_EntryRCM_TipCone,0.0,4.67696977407914,13.147591379976658,13.158549640203605,4.676575668817316,13.14616083179359,13.157279354030575,14.789360942645464,14.6659137903936,129.15486243727216,2.9944226441541866,9.806679570922912
17.46586,0.03059,32.69546,Done,EntryTipCone,161.2438,0.00099,4.67638,13.15615,13.15615,1.0,13.15615,4.67638,0.0,0.0,0.0,0.59689,1.0,6,6,1,0.69148,0.90063,0.04471,0.9068,0.5645,0.07033,0.82,0.7,0.06,0.9,0.56,0.06,-3.1107,-12.72709,21.01808,-73.24267,-3.69719,69.08887,double_rcm_log_20260616_132745_154.csv,32.69546,Unknown,Task4_EntryRCM_TipCone,0.0,4.67690388352285,13.147406564333663,13.158364361546303,4.677611129117242,13.149693474052484,13.16050530944766,14.857755668941053,20.511041245179104,102.4326385112097,3.151774412702253,9.909416403300177
17.52597,0.03026,33.04248,Done,EntryTipCone,161.2436,0.00132,4.67693,13.15729,13.15729,1.0,13.15729,4.67693,0.0,0.0,0.0,0.59689,1.0,6,6,1,0.6924,0.90116,0.04392,0.90617,0.56415,0.07086,0.82,0.7,0.06,0.9,0.56,0.06,-3.02871,-12.52326,20.73352,-73.56227,-3.78931,69.09081,double_rcm_log_20260616_132745_154.csv,33.04248,Unknown,Task4_EntryRCM_TipCone,0.0,4.678294068428296,13.15130587386625,13.162273442708987,4.678169257125421,13.15055898197722,13.16172481098128,14.826373537352987,14.973846490334795,102.18048025108249,3.5164230629049955,10.089390698275585
17.55636,0.03039,32.90639,Done,EntryTipCone,161.2432,0.00151,4.67718,13.158,13.158,1.0,13.158,4.67718,0.0,0.0,0.0,0.59689,1.0,6,6,1,0.69289,0.90144,0.04356,0.90584,0.56396,0.0711,0.82,0.7,0.06,0.9,0.56,0.06,-2.9884,-12.40328,20.56092,-73.71983,-3.83299,69.08884,double_rcm_log_20260616_132745_154.csv,32.90639,Unknown,Task4_EntryRCM_TipCone,0.0,4.675650914333431,13.143892122546356,13.154841117591953,4.675002096475085,13.141717719361644,13.152839997506211,14.82092485368591,11.74965076459195,31.616688988900737,3.723805879811767,10.256164164687139
17.58671,0.03034,32.95647,Done,EntryTipCone,161.243,0.00205,4.67747,13.15821,13.15821,1.0,13.15821,4.67747,0.0,0.0,0.0,0.59689,1.0,6,6,1,0.69338,0.90172,0.04321,0.90551,0.56377,0.07134,0.82,0.7,0.06,0.9,0.56,0.06,-2.94897,-12.27203,20.36901,-73.87421,-3.87442,69.08456,double_rcm_log_20260616_132745_154.csv,32.95647,Unknown,Task4_EntryRCM_TipCone,0.0,4.677262353541256,13.148412032443785,13.159372348791862,4.677293182061659,13.148288277010977,13.159354087492279,14.839578150416596,13.333216789096076,68.06264280775403,3.947330395644218,10.459656848481844
17.64647,0.03021,33.10144,Done,EntryTipCone,161.2424,0.00233,4.67801,13.15953,13.15953,1.0,13.15953,4.67801,0.0,0.0,0.0,0.59689,1.0,6,6,1,0.69438,0.90229,0.04258,0.90483,0.56338,0.07176,0.82,0.7,0.06,0.9,0.56,0.06,-2.87395,-11.97925,19.93235,-74.169,-3.94908,69.06839,double_rcm_log_20260616_132745_154.csv,33.10144,Unknown,Task4_EntryRCM_TipCone,0.0,4.677320784647094,13.148575925079307,13.159536652086752,4.67568983857148,13.143862504547945,13.154881223333025,14.808355370098866,17.118012958688123,54.120464377597855,4.427674830069149,10.835094742659745
17.67693,0.03046,32.8263,Done,EntryTipCone,161.2419,0.0026,4.67835,13.16043,13.16043,1.0,13.16043,4.67835,0.0,0.0,0.0,0.59689,1.0,6,6,1,0.69491,0.90259,0.04229,0.90448,0.56318,0.07196,0.82,0.7,0.06,0.9,0.56,0.06,-2.83718,-11.81239,19.67941,-74.31416,-3.98324,69.05567,double_rcm_log_20260616_132745_154.csv,32.8263,Unknown,Task4_EntryRCM_TipCone,0.0,4.6781306233523745,13.15084742953857,13.161813849222728,4.67802667793542,13.15046088692182,13.161474081576085,14.843458588889362,18.577731370231664,71.02645930277266,4.692529718678915,11.051828394460992
17.70705,0.03012,33.20367,Done,EntryTipCone,161.2419,0.00285,4.67864,13.16093,13.16093,1.0,13.16093,4.67864,0.0,0.0,0.0,0.59689,1.0,6,6,1,0.69543,0.90289,0.04202,0.90412,0.56298,0.07214,0.82,0.7,0.06,0.9,0.56,0.06,-2.80187,-11.63523,19.40825,-74.45408,-4.01409,69.0396,double_rcm_log_20260616_132745_154.csv,33.20367,Unknown,Task4_EntryRCM_TipCone,0.0,4.67919801633291,13.153841340114754,13.164815265935479,4.678232860823563,13.150637071435563,13.161853972750189,14.922961890082712,18.62711839229221,119.47782318433214,4.966290482079821,11.291392322963214
17.73774,0.03069,32.5848,Done,EntryTipCone,161.2413,0.00329,4.67906,13.16184,13.16184,1.0,13.16184,4.67906,0.0,0.0,0.0,0.59689,1.0,6,6,1,0.69598,0.9032,0.04177,0.90375,0.56277,0.07231,0.82,0.7,0.06,0.9,0.56,0.06,-2.76701,-11.44242,19.11061,-74.59281,-4.04248,69.01948,double_rcm_log_20260616_132745_154.csv,32.5848,Unknown,Task4_EntryRCM_TipCone,0.0,4.679401744054329,13.154412771665452,13.16538813053214,4.678750193557729,13.151996280179148,13.163263273216103,14.782111435576358,17.462778780903978,39.08037265054518,5.258486237247497,11.75821801951623
17.76855,0.03081,32.45947,Done,EntryTipCone,161.2408,0.00361,4.67944,13.1628,13.1628,1.0,13.1628,4.67944,0.0,0.0,0.0,0.59689,1.0,6,6,1,0.69653,0.90352,0.04154,0.90338,0.56256,0.07246,0.82,0.7,0.06,0.9,0.56,0.06,-2.73322,-11.23575,18.78899,-74.72797,-4.06757,68.99489,double_rcm_log_20260616_132745_154.csv,32.45947,Unknown,Task4_EntryRCM_TipCone,0.0,4.679520646145133,13.154746277532979,13.165722472829565,4.678203742010816,13.15035185256094,13.16167162635503,14.729717604970562,16.524278898699276,48.17974903791384,5.575594648903571,12.273824873052629
17.82768,0.02983,33.51923,Done,EntryTipCone,161.2399,0.00454,4.68007,13.16391,13.16391,1.0,13.16391,4.68007,0.0,0.0,0.0,0.5969,1.0,6,6,1,0.69761,0.90414,0.04117,0.90265,0.56214,0.07272,0.82,0.7,0.06,0.9,0.56,0.06,-2.67198,-10.80037,18.10394,-74.97547,-4.10488,68.93349,double_rcm_log_20260616_132745_154.csv,33.51923,Unknown,Task4_EntryRCM_TipCone,0.0,4.679807687644166,13.155551393706672,13.166529608402744,4.680468956069766,13.156950839180594,13.168162362303995,14.801240858639709,16.23248731283993,19.826533575090128,6.227096539486365,13.075560050031203
17.88691,0.03041,32.88763,Done,EntryTipCone,161.2385,0.00558,4.68115,13.16639,13.16639,1.0,13.16639,4.68115,0.0,0.0,0.0,0.5969,1.0,6,6,1,0.6987,0.90476,0.04087,0.90191,0.56172,0.07291,0.82,0.7,0.06,0.9,0.56,0.06,-2.61571,-10.3123,17.3262,-75.20678,-4.12643,68.8503,double_rcm_log_20260616_132745_154.csv,32.88763,Unknown,Task4_EntryRCM_TipCone,0.0,4.680869659963427,13.15853009284641,13.169515780902627,4.678809677434865,13.152062722103848,13.163381024645599,14.76427137437865,17.849247210065666,24.94678765460515,6.944800861855946,14.205725996016858
17.9467,0.0304,32.89408,Done,EntryTipCone,161.2368,0.00721,4.68224,13.16853,13.16853,1.0,13.16853,4.68224,0.0,0.0,0.0,0.5969,1.0,6,6,1,0.69982,0.9054,0.04066,0.90115,0.56129,0.07306,0.82,0.7,0.06,0.9,0.56,0.06,-2.56453,-9.76153,16.43821,-75.42242,-4.12942,68.73901,double_rcm_log_20260616_132745_154.csv,32.89408,Unknown,Task4_EntryRCM_TipCone,0.0,4.682838390150988,13.164052122102476,13.17505167356305,4.68257206987021,13.16238118508723,13.173845300442833,14.826320182614538,17.836757865161214,62.933111517637755,7.76087125708384,15.653252312554558
17.97698,0.03028,33.0227,Done,EntryTipCone,161.2357,0.00813,4.68295,13.17004,13.17004,1.0,13.17004,4.68295,0.0,0.0,0.0,0.5969,1.0,6,6,1,0.70039,0.90573,0.04058,0.90076,0.56107,0.0731,0.82,0.7,0.06,0.9,0.56,0.06,-2.54091,-9.45851,15.94563,-75.52463,-4.12263,68.67017,double_rcm_log_20260616_132745_154.csv,33.0227,Unknown,Task4_EntryRCM_TipCone,0.0,4.682808469647484,13.163968199141474,13.174967539820564,4.679677347174111,13.154004947309621,13.165580123944398,14.822793772881642,15.771475986150262,72.95047127711283,8.211249590239543,16.90112094428807
18.03864,0.03198,31.26599,Done,EntryTipCone,161.2322,0.01106,4.68509,13.17459,13.17459,1.0,13.17459,4.68504,0.0,0.0,0.0,0.59691,1.0,6,6,1,0.70155,0.9064,0.0405,0.89997,0.56062,0.07316,0.82,0.7,0.06,0.9,0.56,0.06,-2.49795,-8.78902,14.84844,-75.71796,-4.08868,68.49966,double_rcm_log_20260616_132745_154.csv,31.26599,Unknown,Task4_EntryRCM_TipCone,0.0,4.6845461469281995,13.16884214267651,13.179853729257081,4.682903312987674,13.163011638094662,13.174630924621763,14.69929241548391,14.138931409395278,29.36585251801801,9.293669253630865,19.63937123903906
18.09767,0.02989,33.45484,Done,EntryTipCone,161.2289,0.01391,4.68659,13.17764,13.17764,1.0,13.17764,4.68659,0.0,0.0,0.0,0.59692,1.0,6,6,1,0.70266,0.90703,0.0405,0.89922,0.56019,0.07315,0.82,0.7,0.06,0.9,0.56,0.06,-2.46389,-8.06508,13.64934,-75.88406,-4.02483,68.28647,double_rcm_log_20260616_132745_154.csv,33.45484,Unknown,Task4_EntryRCM_TipCone,0.0,4.686408540892238,13.17406588574613,13.185090607225154,4.682833300528903,13.162915564336286,13.1744829120539,14.595287047890764,15.004279503497822,48.61147034631452,10.450201246823866,23.000099731016167
18.12843,0.03077,32.50251,Done,EntryTipCone,161.2256,0.01694,4.68822,13.18119,13.18119,1.0,13.18119,4.68822,0.0,0.0,0.0,0.59693,1.0,6,6,1,0.70323,0.90736,0.04053,0.89883,0.55997,0.07313,0.82,0.7,0.06,0.9,0.56,0.06,-2.44901,-7.65712,12.96873,-75.96368,-3.97783,68.15397,double_rcm_log_20260616_132745_154.csv,32.50251,Unknown,Task4_EntryRCM_TipCone,0.0,4.688799113587978,13.180771072617398,13.191812669375649,4.685554309294965,13.170394889237821,13.182059778350274,14.56907399253738,16.221888331103465,61.061816346528545,11.166324233436605,25.474216064283926
18.1883,0.03013,33.19275,Done,EntryTipCone,161.2178,0.02352,4.69148,13.18801,13.18801,1.0,13.18801,4.69148,0.0,0.0,0.0,0.59694,1.0,6,6,1,0.70433,0.908,0.04066,0.89807,0.55955,0.07304,0.82,0.7,0.06,0.9,0.56,0.06,-2.42659,-6.77923,11.4925,-76.10565,-3.84922,67.83777,double_rcm_log_20260616_132745_154.csv,33.19275,Unknown,Task4_EntryRCM_TipCone,0.0,4.69122956752919,13.18758809669423,13.198646867894048,4.688447029854801,13.177545061435145,13.18973085396362,14.25073302561799,16.257414857411426,56.81099627420827,12.774906796350548,32.248180402033555
18.21952,0.03122,32.02637,Done,EntryTipCone,161.2106,0.02958,4.69436,13.19381,13.19381,1.0,13.19381,4.69432,0.0,0.0,0.0,0.59696,1.0,6,6,1,0.70488,0.90832,0.04074,0.89769,0.55934,0.07297,0.82,0.7,0.06,0.9,0.56,0.06,-2.41847,-6.27967,10.64628,-76.17397,-3.76016,67.63982,double_rcm_log_20260616_132745_154.csv,32.02637,Unknown,Task4_EntryRCM_TipCone,0.0,4.694393371784317,13.19646201238883,13.207543166798661,4.688849362759035,13.17817227901445,13.19062545901445,14.09440242996223,14.70537874969441,102.15278939983098,13.822007479782549,36.5555903616044
18.27924,0.02994,33.39827,Done,EntryTipCone,161.1935,0.04464,4.7002,13.2059,13.2059,1.0,13.2059,4.7002,0.0,0.0,0.0,0.597,1.0,6,6,1,0.7059,0.90892,0.04096,0.89696,0.55895,0.07281,0.82,0.7,0.06,0.9,0.56,0.06,-2.41147,-5.2027,8.80686,-76.29759,-3.52604,67.16727,double_rcm_log_20260616_132745_154.csv,33.39827,Unknown,Task4_EntryRCM_TipCone,0.0,4.700509737654271,13.213617231134954,13.224741743028018,4.69517658763385,13.194099438764308,13.207581156290525,13.74822170764496,22.000198203350894,268.9013756826043,16.167261675145266,41.91409901804003
18.3095,0.03026,33.04614,Done,EntryTipCone,161.1788,0.0576,4.70486,13.21534,13.21534,1.0,13.21534,4.70486,0.0,0.0,0.0,0.59704,1.0,6,6,1,0.70638,0.90921,0.04108,0.89661,0.55876,0.07271,0.82,0.7,0.06,0.9,0.56,0.06,-2.41257,-4.60235,7.77359,-76.36005,-3.36912,66.87809,double_rcm_log_20260616_132745_154.csv,33.04614,Unknown,Task4_EntryRCM_TipCone,0.0,4.704390272238371,13.224501299159543,13.235653377781814,4.6970825078069085,13.198766026238385,13.212637889535912,13.065887326885004,27.06964120197294,242.43327313331454,17.413276187146412,41.67082907302124
18.33974,0.03023,33.07546,Done,EntryTipCone,161.1588,0.07542,4.71073,13.22716,13.22716,1.0,13.22716,4.71073,0.0,0.0,0.0,0.59709,1.0,6,6,1,0.70683,0.90948,0.0412,0.89628,0.5586,0.07261,0.82,0.7,0.06,0.9,0.56,0.06,-2.41746,-3.96068,6.66318,-76.42596,-3.17709,66.54871,double_rcm_log_20260616_132745_154.csv,33.07546,Unknown,Task4_EntryRCM_TipCone,0.0,4.70983672014929,13.239777316206078,13.250968162294484,4.700569759869788,13.206569519051458,13.221592188537677,12.367341833328727,28.79951845988393,230.6256695930327,18.571219612905438,39.75079245114003
18.37066,0.03092,32.34486,Done,EntryTipCone,161.1292,0.10195,4.71858,13.24271,13.24271,1.0,13.24271,4.71858,0.0,0.0,0.0,0.59716,1.0,6,6,1,0.70722,0.90974,0.0413,0.89595,0.55845,0.07251,0.82,0.7,0.06,0.9,0.56,0.06,-2.42656,-3.27643,5.47275,-76.50101,-2.94023,66.17547,double_rcm_log_20260616_132745_154.csv,32.34486,Unknown,Task4_EntryRCM_TipCone,0.0,4.718677491800529,13.26457336549711,13.275827330652838,4.707596803312369,13.22364374316528,13.24028322959899,11.495431315971972,38.18962036489025,337.18355791155454,19.639507092551966,31.702011703144716
18.40075,0.0301,33.22212,Done,EntryTipCone,161.0907,0.13678,4.7275,13.25996,13.25996,1.0,13.25996,4.7275,0.0,0.0,0.0,0.59726,1.0,6,6,1,0.70755,0.90997,0.04139,0.89566,0.55833,0.07242,0.82,0.7,0.06,0.9,0.56,0.06,-2.44052,-2.58097,4.25583,-76.58842,-2.65511,65.77254,double_rcm_log_20260616_132745_154.csv,33.22212,Unknown,Task4_EntryRCM_TipCone,0.0,4.727710959033549,13.289909549216063,13.30122825379092,4.715740703068879,13.243349332342705,13.262009651632752,10.21937725922849,48.93630841671522,228.11122061053806,20.042720900565072,29.810852829111028
18.43091,0.03015,33.16315,Done,EntryTipCone,161.0389,0.18366,4.73834,13.2805,13.2805,1.0,13.2805,4.73834,0.0,0.0,0.0,0.59739,1.0,6,6,1,0.70779,0.91016,0.04144,0.8954,0.55824,0.07233,0.82,0.7,0.06,0.9,0.56,0.06,-2.45922,-1.9059,3.0683,-76.69605,-2.31845,65.36082,double_rcm_log_20260616_132745_154.csv,33.16315,Unknown,Task4_EntryRCM_TipCone,0.0,4.737336869520295,13.31690699613719,13.328294958556526,4.721663821987699,13.255858559665127,13.277292645716633,8.853794615205235,50.296892082801094,111.79955613454369,19.050075127383536,69.62344360350554
18.46108,0.03017,33.14379,Done,EntryTipCone,160.9732,0.24366,4.75011,13.30149,13.30149,1.0,13.30149,4.75011,0.0,0.0,0.0,0.59756,1.0,6,6,1,0.70795,0.91032,0.04145,0.89517,0.55819,0.07226,0.82,0.7,0.06,0.9,0.56,0.06,-2.48208,-1.30216,2.00095,-76.82749,-1.93787,64.97766,double_rcm_log_20260616_132745_154.csv,33.14379,Unknown,Task4_EntryRCM_TipCone,0.0,4.7496189035267316,13.35135343185177,13.36283017204156,4.730614019561151,13.275249671706913,13.300849596924271,7.642000837049793,42.63731810357322,304.13903827862214,16.50289204854506,105.84234160401898
18.52125,0.03047,32.82106,Done,EntryTipCone,160.8116,0.39122,4.77003,13.33088,13.33088,1.0,13.33088,4.77003,0.0,0.0,0.0,0.59797,1.0,6,6,1,0.70807,0.91056,0.0414,0.89479,0.55816,0.07213,0.82,0.7,0.06,0.9,0.56,0.06,-2.53386,-0.48714,0.55174,-77.14066,-1.13861,64.45184,double_rcm_log_20260616_132745_154.csv,32.82106,Unknown,Task4_EntryRCM_TipCone,0.0,4.769580948638989,13.407338069150788,13.418960082168276,4.74153057875702,13.292547015295712,13.329163514639648,6.187164784896401,23.323135009889768,335.54679983801947,9.448487366530792,115.40024693989369
18.5522,0.03096,32.30266,Done,EntryTipCone,160.7198,0.47444,4.77516,13.33191,13.33191,1.0,13.33191,4.77516,0.0,0.0,0.0,0.5982,1.0,6,6,1,0.70807,0.91067,0.04137,0.89462,0.55817,0.07206,0.82,0.7,0.06,0.9,0.56,0.06,-2.5586,-0.28528,0.19206,-77.29491,-0.77938,64.33256,double_rcm_log_20260616_132745_154.csv,32.30266,Unknown,Task4_EntryRCM_TipCone,0.0,4.775126830215313,13.422891505986911,13.434554095269883,4.742640651929987,13.28795544845032,13.331800328537799,5.876115433059255,18.33209195599887,238.91381894243455,6.506107777471628,93.31774293618277
18.61222,0.03034,32.96257,Done,EntryTipCone,160.536,0.63894,4.77069,13.29858,13.29858,1.0,13.29858,4.77069,0.0,0.0,0.0,0.59866,1.0,6,6,1,0.70802,0.91085,0.04136,0.89432,0.5582,0.07189,0.82,0.7,0.06,0.9,0.56,0.06,-2.59811,-0.13289,-0.07595,-77.52316,-0.25344,64.27808,double_rcm_log_20260616_132745_154.csv,32.96257,Unknown,Task4_EntryRCM_TipCone,0.0,4.770379285837458,13.409577015287974,13.421204863508528,4.7307620161423065,13.240048861169438,13.299417280467601,5.8740954237786545,16.466967655360598,41.20348911728024,3.0676942657550628,45.99202440475763
18.64233,0.0301,33.21849,Done,EntryTipCone,160.4422,0.7218,4.76095,13.26329,13.26329,1.0,13.26329,4.76095,0.0,0.0,0.0,0.5989,1.0,6,6,1,0.70798,0.91093,0.04138,0.89418,0.55822,0.07178,0.82,0.7,0.06,0.9,0.56,0.06,-2.61245,-0.11182,-0.109,-77.58742,-0.09186,64.29311,double_rcm_log_20260616_132745_154.csv,33.21849,Unknown,Task4_EntryRCM_TipCone,0.0,4.7599819072992196,13.380417240237316,13.391969244698792,4.715938932773062,13.19121245958258,13.25930616585953,5.920858585152321,15.344585368933116,27.710908261643347,2.0327237346447173,32.352146097243065
18.70337,0.0311,32.15876,Done,EntryTipCone,160.2507,0.88898,4.72559,13.15398,13.15398,1.0,13.15398,4.72559,0.0,0.0,0.0,0.59938,1.0,6,6,1,0.70785,0.91109,0.04147,0.89392,0.55828,0.07154,0.82,0.7,0.06,0.9,0.56,0.06,-2.63423,-0.09437,-0.12733,-77.63018,0.07986,64.34425,double_rcm_log_20260616_132745_154.csv,32.15876,Unknown,Task4_EntryRCM_TipCone,0.0,4.726057275861015,13.285271485379761,13.296578320129434,4.677411120688441,13.068145416063633,13.156610505749573,6.124208389317757,17.552759494562174,74.88356366995043,0.821106675942771,16.06997280761523
18.73351,0.03014,33.17805,Done,EntryTipCone,160.1557,0.971,4.70045,13.08124,13.08124,1.0,13.08124,4.70045,0.0,0.0,0.0,0.59962,1.0,6,6,1,0.70777,0.91117,0.04154,0.8938,0.55832,0.0714,0.82,0.7,0.06,0.9,0.56,0.06,-2.6435,-0.09009,-0.12788,-77.62038,0.1166,64.37313,double_rcm_log_20260616_132745_154.csv,33.17805,Unknown,Task4_EntryRCM_TipCone,0.0,4.7017584063471,13.217119485881858,13.228252863167073,4.650461928066365,12.98485176598545,13.085197744015947,6.298594525845478,18.327668980621016,53.60724973454777,0.6160628460089566,10.457423746823425
18.7647,0.03119,32.06199,Done,EntryTipCone,160.0577,1.05545,4.66909,12.99326,12.99326,1.0,12.99326,4.66909,0.0,0.0,0.0,0.59987,1.0,6,6,1,0.70767,0.91123,0.04164,0.89369,0.55836,0.07124,0.82,0.7,0.06,0.9,0.56,0.06,-2.65336,-0.08628,-0.12756,-77.59647,0.13893,64.40322,double_rcm_log_20260616_132745_154.csv,32.06199,Unknown,Task4_EntryRCM_TipCone,0.0,4.6689409174995085,13.125071207045728,13.135973144223765,4.6161424255837025,12.881397977166719,12.993971679205737,6.429033981158296,16.26500387773882,52.71185232901875,0.6105945271530208,6.790208170937836
18.82536,0.03098,32.28155,Done,EntryTipCone,159.8679,1.2177,4.59299,12.78529,12.78529,1.0,12.78529,4.59299,0.0,0.0,0.0,0.60034,1.0,6,6,1,0.70745,0.91135,0.04188,0.8935,0.55845,0.0709,0.82,0.7,0.06,0.9,0.56,0.06,-2.67417,-0.07834,-0.12877,-77.51621,0.14989,64.46047,double_rcm_log_20260616_132745_154.csv,32.28155,Unknown,Task4_EntryRCM_TipCone,0.0,4.592640053592531,12.911041798940017,12.921418077233222,4.53716534725553,12.646398088601584,12.785245402416065,6.762089153557637,15.99975919559099,22.552321494082157,0.7577126052048216,3.8267400275031145
18.88636,0.03125,31.99943,Done,EntryTipCone,159.6779,1.37757,4.4968,12.52959,12.52959,1.0,12.52959,4.4968,0.0,0.0,0.0,0.60082,1.0,6,6,1,0.70718,0.91146,0.04219,0.89334,0.55855,0.07052,0.82,0.7,0.06,0.9,0.56,0.06,-2.69998,-0.07254,-0.12869,-77.4086,0.15638,64.51759,double_rcm_log_20260616_132745_154.csv,31.99943,Unknown,Task4_EntryRCM_TipCone,0.0,4.497280412481494,12.643519005182448,12.65326242585279,4.441979315603726,12.367098036570841,12.535090745582984,7.337197786936042,15.62718117036484,69.89976452679942,0.9151890668554614,2.9801068947558402
18.91639,0.03003,33.30016,Done,EntryTipCone,159.5853,1.455,4.44237,12.38663,12.38663,1.0,12.38663,4.44237,0.0,0.0,0.0,0.60105,1.0,6,6,1,0.70703,0.9115,0.04236,0.89328,0.55861,0.07031,0.82,0.7,0.06,0.9,0.56,0.06,-2.71444,-0.07072,-0.12783,-77.34583,0.15774,64.54557,double_rcm_log_20260616_132745_154.csv,33.30016,Unknown,Task4_EntryRCM_TipCone,0.0,4.442580965635291,12.490048831536258,12.499441124911739,4.384760106223843,12.200886789964862,12.384934396273595,7.630607172253442,13.742009459072552,106.93521856142875,0.9921359826880776,3.1600070306225967
18.94693,0.03055,32.73549,Done,EntryTipCone,159.4917,1.53283,4.38235,12.23044,12.23044,1.0,12.23044,4.38235,0.0,0.0,0.0,0.60129,1.0,6,6,1,0.70687,0.91154,0.04256,0.89322,0.55867,0.07009,0.82,0.7,0.06,0.9,0.56,0.06,-2.73031,-0.06851,-0.12826,-77.27567,0.15829,64.57313,double_rcm_log_20260616_132745_154.csv,32.73549,Unknown,Task4_EntryRCM_TipCone,0.0,4.382174940161349,12.3205544954886,12.329568943448733,4.324972842883934,12.027695539877971,12.228875663772214,7.767924789690733,14.333225292137538,20.13691526509264,1.0742254312475443,2.9016742968950178
18.97804,0.03111,32.14487,Done,EntryTipCone,159.3981,1.61074,4.31652,12.06042,12.06042,1.0,12.06042,4.31652,0.0,0.0,0.0,0.60153,1.0,6,6,1,0.70669,0.91157,0.04278,0.89318,0.55874,0.06986,0.82,0.7,0.06,0.9,0.56,0.06,-2.74741,-0.06495,-0.13178,-77.19643,0.15494,64.59935,double_rcm_log_20260616_132745_154.csv,32.14487,Unknown,Task4_EntryRCM_TipCone,0.0,4.315144217202431,12.13245578194295,12.14106295962601,4.258237279532167,11.835411272955449,12.05485794192536,7.939399465913985,14.258103002955377,65.23851357570044,1.1493452649920566,2.5924073861039005
19.03851,0.03056,32.72559,Done,EntryTipCone,159.2171,1.7586,4.17481,11.69863,11.69863,1.0,11.69863,4.17481,0.0,0.0,0.0,0.60198,1.0,6,6,1,0.70632,0.91161,0.04325,0.89311,0.55887,0.06939,0.82,0.7,0.06,0.9,0.56,0.06,-2.78513,-0.06799,-0.12343,-77.03069,0.15973,64.65568,double_rcm_log_20260616_132745_154.csv,32.72559,Unknown,Task4_EntryRCM_TipCone,0.0,4.174603631132208,11.73802327105847,11.745816733187459,4.121963982149418,11.444682339241881,11.701328984350495,8.646948497810683,15.096239852079613,46.75834060862884,1.2895534188724542,2.5496939722920913
19.06913,0.03063,32.65074,Done,EntryTipCone,159.1276,1.83168,4.09663,11.50046,11.50046,1.0,11.50046,4.09663,0.0,0.0,0.0,0.60221,1.0,6,6,1,0.70612,0.91163,0.04351,0.89309,0.55895,0.06913,0.82,0.7,0.06,0.9,0.56,0.06,-2.80555,-0.06628,-0.12602,-76.93616,0.15728,64.68052,double_rcm_log_20260616_132745_154.csv,32.65074,Unknown,Task4_EntryRCM_TipCone,0.0,4.0958259201656615,11.516899582340574,11.524260204883443,4.043094559858433,11.219353745271556,11.49815202543434,8.963274563731954,13.23810307707167,64.42773575222736,1.3604836610400368,2.561708285054574
19.12978,0.03077,32.50253,Done,EntryTipCone,158.9551,1.97183,3.9293,11.08048,11.08048,1.0,11.08048,3.9293,0.0,0.0,0.0,0.60264,1.0,6,6,1,0.70569,0.91164,0.04406,0.89308,0.5591,0.0686,0.82,0.7,0.06,0.9,0.56,0.06,-2.84974,-0.0679,-0.12495,-76.73645,0.15905,64.7306,double_rcm_log_20260616_132745_154.csv,32.50253,Unknown,Task4_EntryRCM_TipCone,0.0,3.929138758980964,11.048948773695685,11.05544697613939,3.8788027109617778,10.752861229244287,11.075034988658071,9.248087989066606,13.72794565390811,62.442579411324495,1.5041376292388433,2.3186807526405833
19.15996,0.03017,33.14024,Done,EntryTipCone,158.8705,2.03926,3.83977,10.85808,10.85808,1.0,10.85808,3.83977,0.0,0.0,0.0,0.60286,1.0,6,6,1,0.70546,0.91164,0.04436,0.89308,0.55918,0.06833,0.82,0.7,0.06,0.9,0.56,0.06,-2.87302,-0.06796,-0.12671,-76.62692,0.15506,64.75383,double_rcm_log_20260616_132745_154.csv,33.14024,Unknown,Task4_EntryRCM_TipCone,0.0,3.8405402682662317,10.80018263245165,10.80625116659031,3.7945156473429145,10.513900615558766,10.860372921773942,9.533197053428172,16.062860762170143,80.9632991070581,1.5546059520172089,2.143780766516085
19.1902,0.03024,33.06543,Done,EntryTipCone,158.7878,2.1053,3.74648,10.62738,10.62738,1.0,10.62738,3.74648,0.0,0.0,0.0,0.60307,1.0,6,6,1,0.70523,0.91163,0.04468,0.8931,0.55927,0.06805,0.82,0.7,0.06,0.9,0.56,0.06,-2.89796,-0.07223,-0.12221,-76.51682,0.16018,64.77905,double_rcm_log_20260616_132745_154.csv,33.06543,Unknown,Task4_EntryRCM_TipCone,0.0,3.7464408691370727,10.535942817779484,10.541576202102089,3.702908851678413,10.254943198282492,10.627577334463403,9.913764379909761,14.871760076385286,84.29485358113251,1.6084318015084271,2.241377720061525
19.22132,0.03112,32.13104,Done,EntryTipCone,158.7051,2.17125,3.64631,10.38149,10.38149,1.0,10.38149,3.64631,0.0,0.0,0.0,0.60328,1.0,6,6,1,0.70498,0.91161,0.04501,0.89312,0.55936,0.06775,0.82,0.7,0.06,0.9,0.56,0.06,-2.92421,-0.0727,-0.12526,-76.39529,0.15909,64.80099,double_rcm_log_20260616_132745_154.csv,32.13104,Unknown,Task4_EntryRCM_TipCone,0.0,3.6470678024522156,10.256863219196854,10.2620601905246,3.6061537698071096,9.981969051937938,10.382990898580243,10.20811980836666,13.510306289542754,99.04134197641226,1.6782107143301708,2.119400649423118
19.25186,0.03054,32.74248,Done,EntryTipCone,158.6252,2.23428,3.54437,10.13266,10.13266,1.0,10.13266,3.54437,0.0,0.0,0.0,0.60348,1.0,6,6,1,0.70472,0.91159,0.04536,0.89316,0.55945,0.06745,0.82,0.7,0.06,0.9,0.56,0.06,-2.95123,-0.07641,-0.12347,-76.27322,0.16201,64.82393,double_rcm_log_20260616_132745_154.csv,32.74248,Unknown,Task4_EntryRCM_TipCone,0.0,3.5433359542528815,9.965509506181379,9.970275593221492,3.505780644596951,9.699856382759222,10.128701792431297,10.40243840015738,12.32745851097825,56.044066987313855,1.7324412123375996,1.9856291326054907
19.31224,0.03079,32.47992,Done,EntryTipCone,158.4743,2.35344,3.33272,9.62169,9.62169,1.0,9.62169,3.33272,0.0,0.0,0.0,0.60386,1.0,6,6,1,0.70419,0.91153,0.04607,0.89325,0.55964,0.06685,0.82,0.7,0.06,0.9,0.56,0.06,-3.00681,-0.08283,-0.12393,-76.01683,0.16247,64.86538,double_rcm_log_20260616_132745_154.csv,32.47992,Unknown,Task4_EntryRCM_TipCone,0.0,3.332673282800737,9.37371753714578,9.377683194374052,3.3035475028760066,9.132089321979716,9.623647956985987,10.811964814309208,12.411116400024252,75.5910319796406,1.8538852058123472,2.04560439535837
19.34247,0.03023,33.07866,Done,EntryTipCone,158.4019,2.41022,3.22179,9.35676,9.35676,1.0,9.35676,3.22179,0.0,0.0,0.0,0.60404,1.0,6,6,1,0.70392,0.91149,0.04644,0.89331,0.55974,0.06654,0.82,0.7,0.06,0.9,0.56,0.06,-3.03594,-0.08634,-0.12496,-75.88191,0.16255,64.88467,double_rcm_log_20260616_132745_154.csv,33.07866,Unknown,Task4_EntryRCM_TipCone,0.0,3.222581932662391,9.064398834699233,9.067984376786667,3.1968142902522447,8.83323348758278,9.35923607993728,11.130630308578993,12.613913836564087,52.35188259526411,1.9111182984714306,2.239258743560945
19.37276,0.03029,33.01952,Done,EntryTipCone,158.331,2.46508,3.10722,9.08579,9.08579,1.0,9.08579,3.10722,0.0,0.0,0.0,0.60422,1.0,6,6,1,0.70364,0.91144,0.04683,0.89338,0.55984,0.06622,0.82,0.7,0.06,0.9,0.56,0.06,-3.06601,-0.09223,-0.12264,-75.74274,0.1629,64.90474,double_rcm_log_20260616_132745_154.csv,33.01952,Unknown,Task4_EntryRCM_TipCone,0.0,3.1072151616333574,8.74022213004811,8.743436256368676,3.085828156853118,8.523150735587135,9.085064666803477,11.367414243626554,10.17420056275082,107.73250624162331,1.978311188037756,1.9814414582926574
19.40454,0.03178,31.46388,Done,EntryTipCone,158.2609,2.52057,2.98406,8.79661,8.79661,1.0,8.79661,2.98406,0.0,0.0,0.0,0.6044,1.0,6,6,1,0.70334,0.91138,0.04724,0.89346,0.55994,0.06588,0.82,0.7,0.06,0.9,0.56,0.06,-3.09785,-0.0968,-0.12393,-75.59003,0.1571,64.92313,double_rcm_log_20260616_132745_154.csv,31.46388,Unknown,Task4_EntryRCM_TipCone,0.0,2.984704710403437,8.395933161827806,8.398781944002423,2.968087879287967,8.194910615741952,8.79486213649764,11.557351142420446,9.760957996065473,75.3933756974852,2.0220435333295295,1.8442381110858914
19.46464,0.03061,32.6683,Done,EntryTipCone,158.1321,2.61872,2.74238,8.23954,8.23954,1.0,8.23954,2.74238,0.0,0.0,0.0,0.60472,1.0,6,6,1,0.70274,0.91125,0.04806,0.89364,0.56016,0.06523,0.82,0.7,0.06,0.9,0.56,0.06,-3.16213,-0.11044,-0.12084,-75.30083,0.17052,64.95815,double_rcm_log_20260616_132745_154.csv,32.6683,Unknown,Task4_EntryRCM_TipCone,0.0,2.7416357619172413,7.712728662925356,7.714936646856923,2.7359853290475895,7.548196830012843,8.235781687247446,11.878842866075418,9.440842466093693,14.562943741802691,2.144593400146324,1.8591587175032886
19.49501,0.03037,32.92843,Done,EntryTipCone,158.0731,2.6654,2.61674,7.95396,7.95396,1.0,7.95396,2.61674,0.0,0.0,0.0,0.60487,1.0,6,6,1,0.70244,0.91117,0.04848,0.89374,0.56027,0.0649,0.82,0.7,0.06,0.9,0.56,0.06,-3.19402,-0.11344,-0.1269,-75.14082,0.15705,64.97116,double_rcm_log_20260616_132745_154.csv,32.92843,Unknown,Task4_EntryRCM_TipCone,0.0,2.6172496883613334,7.363056832866292,7.364977745536795,2.6175716599395282,7.218946865447504,7.954275579837586,12.085276981197753,10.066898057303913,44.29062746471806,2.1755971575545137,2.7804263938456435
19.52552,0.03051,32.77115,Done,EntryTipCone,158.0136,2.70964,2.4879,7.66675,7.66675,1.0,7.66675,2.4879,0.0,0.0,0.0,0.60503,1.0,6,6,1,0.70213,0.91109,0.04892,0.89385,0.56038,0.06456,0.82,0.7,0.06,0.9,0.56,0.06,-3.2281,-0.12482,-0.11949,-74.98518,0.16166,64.98933,double_rcm_log_20260616_132745_154.csv,32.77115,Unknown,Task4_EntryRCM_TipCone,0.0,2.487888360255484,6.999361870572779,7.0010118186454084,2.4953090360408385,6.8795403468993195,7.665539772253477,12.286363532947881,10.463494668901552,18.561104579782437,2.1764654864091764,1.6436178129382144
19.55636,0.03084,32.42538,Done,EntryTipCone,157.9583,2.75202,2.35526,7.37503,7.37503,1.0,7.37503,2.35526,0.0,0.0,0.0,0.60516,1.0,6,6,1,0.70181,0.911,0.04937,0.89397,0.5605,0.06422,0.82,0.7,0.06,0.9,0.56,0.06,-3.26296,-0.1307,-0.12305,-74.8231,0.16401,65.00184,double_rcm_log_20260616_132745_154.csv,32.42538,Unknown,Task4_EntryRCM_TipCone,0.0,2.355649206802108,6.6275391354605215,6.628939737519743,2.370509294823292,6.5332170188494985,7.37694381163363,12.519043832505277,10.83112859696235,61.890674965687474,2.236787687364649,1.678416956687568
19.58789,0.03153,31.71444,Done,EntryTipCone,157.9049,2.79301,2.21717,7.077,7.077,1.0,7.077,2.21717,0.0,0.0,0.0,0.6053,1.0,6,6,1,0.70147,0.9109,0.04984,0.8941,0.56062,0.06386,0.82,0.7,0.06,0.9,0.56,0.06,-3.29893,-0.13983,-0.12201,-74.65214,0.16173,65.01563,double_rcm_log_20260616_132745_154.csv,31.71444,Unknown,Task4_EntryRCM_TipCone,0.0,2.2163967124913126,6.235958551959288,6.237125175307241,2.2398670227330597,6.171231519035636,7.077711494543992,12.788447349488624,10.054884754414486,96.75184995275893,2.2622737127700057,1.248982984168451
19.61866,0.03077,32.50272,Done,EntryTipCone,157.855,2.83033,2.08093,6.78941,6.78941,1.0,6.78941,2.08093,0.0,0.0,0.0,0.60543,1.0,6,6,1,0.70114,0.91079,0.0503,0.89424,0.56074,0.06351,0.82,0.7,0.06,0.9,0.56,0.06,-3.33513,-0.14809,-0.12331,-74.4869,0.16877,65.0272,double_rcm_log_20260616_132745_154.csv,32.50272,Unknown,Task4_EntryRCM_TipCone,0.0,2.07963213182524,5.8513381601483925,5.852301883953937,2.1105093628732905,5.813215845084238,6.785668721651522,12.846812860404386,8.712498095099814,69.78718332807922,2.287107501398126,1.1424015015510247
19.68159,0.03309,30.22023,Done,EntryTipCone,157.7643,2.89931,1.79689,6.2133,6.2133,1.0,6.2133,1.79689,0.0,0.0,0.0,0.60566,1.0,6,6,1,0.70046,0.91055,0.05126,0.89454,0.56098,0.0628,0.82,0.7,0.06,0.9,0.56,0.06,-3.40924,-0.16864,-0.12173,-74.13256,0.16366,65.04949,double_rcm_log_20260616_132745_154.csv,30.22023,Unknown,Task4_EntryRCM_TipCone,0.0,1.7976170355830783,5.058129741200367,5.0587521756141625,1.849967101836302,5.093117527982882,6.213855485928214,13.111912642697224,8.11916697670366,30.891590766132964,2.37369750595581,1.0187593427957957
19.71224,0.03065,32.62117,Done,EntryTipCone,157.7251,2.92902,1.65694,5.94284,5.94284,1.0,5.94284,1.65694,0.0,0.0,0.0,0.60576,1.0,6,6,1,0.70012,0.91043,0.05174,0.8947,0.56111,0.06245,0.82,0.7,0.06,0.9,0.56,0.06,-3.44614,-0.17861,-0.12256,-73.95807,0.16447,65.05813,double_rcm_log_20260616_132745_154.csv,32.62117,Unknown,Task4_EntryRCM_TipCone,0.0,1.6570320188144774,4.662666992386371,4.663154519515858,1.7200536049443995,4.734225791632021,5.943450176454715,13.27480410230826,7.877573791744634,42.15376125961087,2.3922465696628668,0.9557307862256724
19.77424,0.03223,31.02465,Done,EntryTipCone,157.6547,2.98122,1.37145,5.42777,5.42777,1.0,5.42777,1.37145,0.0,0.0,0.0,0.60593,1.0,6,6,1,0.69943,0.91015,0.05272,0.89504,0.56136,0.06174,0.82,0.7,0.06,0.9,0.56,0.06,-3.52214,-0.20252,-0.12037,-73.60078,0.16991,65.07423,double_rcm_log_20260616_132745_154.csv,31.02465,Unknown,Task4_EntryRCM_TipCone,0.0,1.3715924615864898,3.859647569597992,3.8599240653756723,1.4636899180878897,4.027047782949017,5.429438276654459,13.460383191026223,6.676779478334875,41.88588481275338,2.447440816502069,0.9640828042013153
19.83196,0.03003,33.29899,Done,EntryTipCone,157.6032,3.02029,1.10659,5.00015,5.00015,1.0,5.00015,1.10641,0.0,0.0,0.0,0.60606,1.0,6,6,1,0.69878,0.90987,0.05364,0.89539,0.5616,0.06108,0.82,0.7,0.06,0.9,0.56,0.06,-3.5932,-0.2256,-0.11984,-73.25838,0.16639,65.08463,double_rcm_log_20260616_132745_154.csv,33.29899,Unknown,Task4_EntryRCM_TipCone,0.0,1.1068182936868605,3.1146794599253704,3.114824753914959,1.2309159045926696,3.3856550326340478,4.997849537551108,13.55026587743414,9.757296958537,51.40953024462961,2.48767814169741,1.1285218085000768
19.86293,0.03097,32.28445,Done,EntryTipCone,157.5791,3.0374,0.96652,4.80079,4.80079,1.0,4.80079,0.96652,0.0,0.0,0.0,0.60613,1.0,6,6,1,0.69843,0.90971,0.05414,0.89558,0.56173,0.06073,0.82,0.7,0.06,0.9,0.56,0.06,-3.63173,-0.23806,-0.12057,-73.07377,0.16657,65.08843,double_rcm_log_20260616_132745_154.csv,32.28445,Unknown,Task4_EntryRCM_TipCone,0.0,0.967259965333278,2.721990626751335,2.7220875997220317,1.1153870200336624,3.0674441879444165,4.8023119432206265,13.663716592948758,11.156145759193754,55.3140421383302,2.5133183728271518,0.8029271906546491
19.89418,0.03125,31.99866,Done,EntryTipCone,157.5587,3.0519,0.82898,4.62385,4.62385,1.0,4.62385,0.82874,0.0,0.0,0.0,0.60618,1.0,6,6,1,0.69807,0.90954,0.05465,0.89579,0.56187,0.06038,0.82,0.7,0.06,0.9,0.56,0.06,-3.67056,-0.25037,-0.12253,-72.88409,0.16271,65.09068,double_rcm_log_20260616_132745_154.csv,31.99866,Unknown,Task4_EntryRCM_TipCone,0.0,0.8292246001776679,2.3335712089444565,2.33363230872512,1.0014988588687606,2.7538674902483242,4.622272168533581,13.782775174099097,8.045743995508113,93.62962311982196,2.5244206492070393,0.7917305508836848
19.95419,0.03068,32.59578,Done,EntryTipCone,157.5308,3.07196,0.58718,4.36665,4.36665,1.0,4.36665,0.58718,0.0,0.0,0.0,0.60625,1.0,6,6,1,0.69739,0.90919,0.05563,0.8962,0.56212,0.05971,0.82,0.7,0.06,0.9,0.56,0.06,-3.7465,-0.27907,-0.1205,-72.52497,0.17173,65.09405,double_rcm_log_20260616_132745_154.csv,32.59578,Unknown,Task4_EntryRCM_TipCone,0.0,0.5875232457512868,1.6534135219435286,1.6534352540178587,0.8242261375542531,2.2661417567175253,4.361020522767552,13.748166788945735,4.970788861583409,21.512537494281332,2.5195471898928092,0.6923238883596516
19.98592,0.03173,31.51233,Done,EntryTipCone,157.5219,3.07853,0.48537,4.28135,4.28135,1.0,4.28135,0.48537,0.0,0.0,0.0,0.60627,1.0,6,6,1,0.69703,0.909,0.05615,0.89642,0.56226,0.05936,0.82,0.7,0.06,0.9,0.56,0.06,-3.78641,-0.29388,-0.12113,-72.33324,0.17378,65.09344,double_rcm_log_20260616_132745_154.csv,31.51233,Unknown,Task4_EntryRCM_TipCone,0.0,0.48549483992103976,1.3662918032195184,1.3663040657659336,0.759341891218684,2.087561698765829,4.2817753327328925,13.7801942016463,6.786723659813507,41.50067970476076,2.5363293373932874,0.9612340862940014
20.04722,0.03134,31.90732,Done,EntryTipCone,157.5161,3.0827,0.40926,4.22638,4.22638,1.0,4.22638,0.40926,0.0,0.0,0.0,0.60629,1.0,6,6,1,0.69633,0.90862,0.05715,0.89687,0.56252,0.05869,0.82,0.7,0.06,0.9,0.56,0.06,-3.86298,-0.32337,-0.12272,-71.95859,0.17081,65.08891,double_rcm_log_20260616_132745_154.csv,31.90732,Unknown,Task4_EntryRCM_TipCone,0.0,0.40891695753030455,1.1507884000378927,1.1507957271524465,0.7155106051578126,1.967018047705769,4.226511563926013,13.867187107206707,7.191324747416827,49.479682148462764,2.548036429556437,0.7932130524172901
20.10786,0.031,32.26123,Done,EntryTipCone,157.5233,3.07625,0.53486,4.32019,4.32019,1.0,4.32019,0.53486,0.0,0.0,0.0,0.60627,1.0,6,6,1,0.69565,0.90821,0.05813,0.89734,0.56278,0.05804,0.82,0.7,0.06,0.9,0.56,0.06,-3.93864,-0.35545,-0.12194,-71.59017,0.17247,65.08135,double_rcm_log_20260616_132745_154.csv,32.26123,Unknown,Task4_EntryRCM_TipCone,0.0,0.5351161808892252,1.5059335583832614,1.505949978293045,0.7891393761634375,2.1695586222512357,4.318055117758384,13.867325114688356,9.726143840541594,31.306988108344584,2.5418872271611654,1.4781101781601447
20.13823,0.03038,32.92129,Done,EntryTipCone,157.5326,3.06914,0.64377,4.41942,4.41942,1.0,4.41942,0.64377,0.0,0.0,0.0,0.60624,1.0,6,6,1,0.69531,0.908,0.05862,0.89758,0.56291,0.05772,0.82,0.7,0.06,0.9,0.56,0.06,-3.97627,-0.37557,-0.11529,-71.40604,0.17265,65.07861,double_rcm_log_20260616_132745_154.csv,32.92129,Unknown,Task4_EntryRCM_TipCone,0.0,0.6442903711529818,1.8131616706517963,1.813190330263713,0.8630488896584074,2.372878809832865,4.418472586765668,13.772812070943496,9.583346869709978,73.55487842414355,2.5182862484942294,2.6289721804761164
20.16904,0.03081,32.45736,Done,EntryTipCone,157.5441,3.05906,0.76872,4.55315,4.55315,1.0,4.55315,0.76872,0.0,0.0,0.0,0.60622,1.0,6,6,1,0.69497,0.90779,0.05911,0.89783,0.56305,0.05741,0.82,0.7,0.06,0.9,0.56,0.06,-4.0145,-0.38965,-0.12043,-71.22235,0.1787,65.06996,double_rcm_log_20260616_132745_154.csv,32.45736,Unknown,Task4_EntryRCM_TipCone,0.0,0.7690889332132106,2.164350345152061,2.164399092793208,0.9515967329270997,2.6164173978935343,4.551867748518181,13.714649860115502,7.110267979908175,75.15777629539187,2.4963768980762135,1.5142827578689106
20.22977,0.03083,32.44108,Done,EntryTipCone,157.5809,3.03159,1.03571,4.89686,4.89686,1.0,4.89686,1.03571,0.0,0.0,0.0,0.60612,1.0,6,6,1,0.69431,0.90735,0.06007,0.89833,0.5633,0.05679,0.82,0.7,0.06,0.9,0.56,0.06,-4.08884,-0.42377,-0.12116,-70.86094,0.18677,65.05329,double_rcm_log_20260616_132745_154.csv,32.44108,Unknown,Task4_EntryRCM_TipCone,0.0,1.0355569059780536,2.9141665291824146,2.9142855277771735,1.1691846168429212,3.215459292471049,4.897244122973653,13.546819985653944,7.366874941140233,40.55501999183639,2.5067986990191966,1.0494844248158022
20.26207,0.0323,30.96345,Done,EntryTipCone,157.605,3.01276,1.18267,5.11751,5.11751,1.0,5.11751,1.18267,0.0,0.0,0.0,0.60606,1.0,6,6,1,0.69396,0.90711,0.06057,0.8986,0.56344,0.05648,0.82,0.7,0.06,0.9,0.56,0.06,-4.12714,-0.44165,-0.12213,-70.66688,0.182,65.04281,double_rcm_log_20260616_132745_154.csv,30.96345,Unknown,Task4_EntryRCM_TipCone,0.0,1.1823450639483877,3.3271889166373314,3.3273660294412393,1.2921789717249106,3.5541040199486695,5.117030388809525,13.546452960767224,5.818752345671825,60.146556247213695,2.4964341173129907,1.0198764758696715
20.29217,0.0301,33.22029,Done,EntryTipCone,157.6315,2.99249,1.32116,5.34198,5.34198,1.0,5.34198,1.32116,0.0,0.0,0.0,0.60599,1.0,6,6,1,0.69365,0.90688,0.06104,0.89886,0.56357,0.05619,0.82,0.7,0.06,0.9,0.56,0.06,-4.16285,-0.46024,-0.1204,-70.48879,0.18171,65.03299,double_rcm_log_20260616_132745_154.csv,33.22029,Unknown,Task4_EntryRCM_TipCone,0.0,1.3209727074967719,3.717229807267203,3.717476806666743,1.4138583040476669,3.8893078284722233,5.34421182214925,13.51213623721799,7.906259552302936,82.24043496419786,2.4711366964138666,1.1968241025399695
20.32387,0.0317,31.54889,Done,EntryTipCone,157.6628,2.9682,1.4674,5.59424,5.59424,1.0,5.59424,1.4674,0.0,0.0,0.0,0.60591,1.0,6,6,1,0.69331,0.90664,0.06152,0.89913,0.5637,0.05589,0.82,0.7,0.06,0.9,0.56,0.06,-4.19987,-0.48025,-0.11811,-70.30268,0.18026,65.02185,double_rcm_log_20260616_132745_154.csv,31.54889,Unknown,Task4_EntryRCM_TipCone,0.0,1.4672265376558367,4.128704000218742,4.129042456447738,1.5445719238313556,4.249616453281382,5.5981246859997205,13.384560809561878,10.617328106775634,30.726876323526863,2.4412558098868886,1.6462148126955702
20.35497,0.0311,32.15192,Done,EntryTipCone,157.6966,2.94213,1.61058,5.85602,5.85602,1.0,5.85602,1.61058,0.0,0.0,0.0,0.60583,1.0,6,6,1,0.69299,0.90639,0.06199,0.89941,0.56383,0.05561,0.82,0.7,0.06,0.9,0.56,0.06,-4.236,-0.49849,-0.11884,-70.12319,0.18259,65.00872,double_rcm_log_20260616_132745_154.csv,32.15192,Unknown,Task4_EntryRCM_TipCone,0.0,1.611602786320531,4.534869383506808,4.535317903020537,1.673096412816188,4.604183047888253,5.855689540950746,13.328415611212668,8.588673241622729,65.2072369650908,2.411213718563099,1.2222108521848116
20.41286,0.02991,33.43211,Done,EntryTipCone,157.7707,2.88622,1.87482,6.36623,6.36623,1.0,6.36623,1.87482,0.0,0.0,0.0,0.60564,1.0,6,6,1,0.69241,0.90594,0.06284,0.89992,0.56406,0.05509,0.82,0.7,0.06,0.9,0.56,0.06,-4.30143,-0.52897,-0.12714,-69.79319,0.18358,64.97848,double_rcm_log_20260616_132745_154.csv,33.43211,Unknown,Task4_EntryRCM_TipCone,0.0,1.8753199792028121,5.276693602023756,5.277400286990216,1.9182779366023452,5.281155031007749,6.371663832940309,12.945587052261153,6.717401510912071,40.93270834172968,2.360750874678164,1.3510968541367026
20.44411,0.03126,31.99296,Done,EntryTipCone,157.8143,2.85229,2.01587,6.65313,6.65313,1.0,6.65313,2.01587,0.0,0.0,0.0,0.60553,1.0,6,6,1,0.69211,0.90569,0.06329,0.9002,0.56418,0.05483,0.82,0.7,0.06,0.9,0.56,0.06,-4.33606,-0.5522,-0.11983,-69.61912,0.18477,64.96584,double_rcm_log_20260616_132745_154.csv,31.99296,Unknown,Task4_EntryRCM_TipCone,0.0,2.0150749979851668,5.669773661228144,5.670650397267755,2.0471173112615713,5.637392878054389,6.651413383635067,12.910144282884298,5.956475994296751,33.2632730311486,2.3314257197182813,1.3688833988953175
20.47617,0.03205,31.197,Done,EntryTipCone,157.8636,2.8147,2.15876,6.95107,6.95107,1.0,6.95107,2.15876,0.0,0.0,0.0,0.6054,1.0,6,6,1,0.6918,0.90543,0.06375,0.90049,0.56431,0.05456,0.82,0.7,0.06,0.9,0.56,0.06,-4.37081,-0.57284,-0.11825,-69.44247,0.18503,64.94926,double_rcm_log_20260616_132745_154.csv,31.197,Unknown,Task4_EntryRCM_TipCone,0.0,2.159953096251317,6.077227439806258,6.078307189714629,2.1832719493373722,6.013872296615531,6.957715142200013,12.80600840080067,7.780930177587497,87.2260936926964,2.2969686341863635,1.955164794096856
20.53529,0.03112,32.13876,Done,EntryTipCone,157.9618,2.73872,2.4167,7.50769,7.50769,1.0,7.50769,2.4167,0.0,0.0,0.0,0.60516,1.0,6,6,1,0.69125,0.90495,0.06456,0.90102,0.56453,0.0541,0.82,0.7,0.06,0.9,0.56,0.06,-4.43305,-0.60736,-0.12173,-69.12502,0.18695,64.91376,double_rcm_log_20260616_132745_154.csv,32.13876,Unknown,Task4_EntryRCM_TipCone,0.0,2.417175382490283,6.800539544199991,6.802052774285415,2.423833339047481,6.68030123687431,7.508082311749072,12.358631540055443,10.439226793288448,15.216319880189774,2.2244195719520654,1.3297124043982864
20.59598,0.0309,32.36063,Done,EntryTipCone,158.0745,2.65134,2.67342,8.08059,8.08059,1.0,8.08059,2.67342,0.0,0.0,0.0,0.60487,1.0,6,6,1,0.69072,0.90446,0.06536,0.90158,0.56475,0.05366,0.82,0.7,0.06,0.9,0.56,0.06,-4.49419,-0.64536,-0.12086,-68.81009,0.18775,64.8758,double_rcm_log_20260616_132745_154.csv,32.36063,Unknown,Task4_EntryRCM_TipCone,0.0,2.673584777053153,7.521429390719748,7.5234770211058555,2.666862385060958,7.355079458860639,8.07802574890668,11.980663672693355,8.511542130125695,30.48335646973068,2.1579837220081632,1.8224715733790626
20.6261,0.03013,33.19341,Done,EntryTipCone,158.1355,2.6047,2.79694,8.3617,8.3617,1.0,8.3617,2.79694,0.0,0.0,0.0,0.60471,1.0,6,6,1,0.69047,0.90421,0.06574,0.90185,0.56485,0.05345,0.82,0.7,0.06,0.9,0.56,0.06,-4.52299,-0.66556,-0.11768,-68.65717,0.18357,64.85681,double_rcm_log_20260616_132745_154.csv,33.19341,Unknown,Task4_EntryRCM_TipCone,0.0,2.7965213367029285,7.867010514986571,7.8693537645105565,2.7841452063425716,7.681331014469167,8.357481678113281,11.891506607822256,9.557013026458149,85.40957935691648,2.1019489595655476,2.399739546739737
20.65631,0.03021,33.1027,Done,EntryTipCone,158.1987,2.5556,2.9184,8.64157,8.64157,1.0,8.64157,2.9184,0.0,0.0,0.0,0.60456,1.0,6,6,1,0.69022,0.90397,0.06611,0.90213,0.56496,0.05325,0.82,0.7,0.06,0.9,0.56,0.06,-4.5517,-0.68303,-0.11976,-68.50997,0.18716,64.83488,double_rcm_log_20260616_132745_154.csv,33.1027,Unknown,Task4_EntryRCM_TipCone,0.0,2.9186099084781434,8.21017206014519,8.212835767526052,2.9018321744220574,8.008769232246873,8.642974025183664,11.67349392971429,9.84205444755357,80.59072290105551,2.0479127096746517,1.8796018987275158
20.6878,0.03148,31.76357,Done,EntryTipCone,158.2667,2.50245,3.04227,8.93026,8.93026,1.0,8.93026,3.04227,0.0,0.0,0.0,0.60438,1.0,6,6,1,0.68997,0.90372,0.06649,0.90241,0.56506,0.05305,0.82,0.7,0.06,0.9,0.56,0.06,-4.58061,-0.7023,-0.11963,-68.35873,0.18755,64.81229,double_rcm_log_20260616_132745_154.csv,31.76357,Unknown,Task4_EntryRCM_TipCone,0.0,3.041614809519123,8.555871482940859,8.558886327577872,3.0192015715870477,8.336033552272642,8.92828090955922,11.426679696982962,10.543610515846922,102.3845112954073,1.99889334295152,1.787358138804256
20.71855,0.03075,32.51611,Done,EntryTipCone,158.3363,2.44828,3.16007,9.20774,9.20774,1.0,9.20774,3.16007,0.0,0.0,0.0,0.60421,1.0,6,6,1,0.68973,0.90347,0.06685,0.90269,0.56516,0.05286,0.82,0.7,0.06,0.9,0.56,0.06,-4.60811,-0.72047,-0.12061,-68.21631,0.19084,64.78896,double_rcm_log_20260616_132745_154.csv,32.51611,Unknown,Task4_EntryRCM_TipCone,0.0,3.1609888986696983,8.891328992072348,8.894712873087423,3.1342626475517705,8.657193451779737,9.21093372031301,11.232735418990117,13.936105730881536,41.269017515414895,1.9437088506379356,1.6996081053885335
20.74869,0.03014,33.17966,Done,EntryTipCone,158.4073,2.39298,3.27249,9.47438,9.47438,1.0,9.47438,3.27249,0.0,0.0,0.0,0.60403,1.0,6,6,1,0.68951,0.90323,0.06719,0.90296,0.56525,0.05269,0.82,0.7,0.06,0.9,0.56,0.06,-4.63406,-0.73903,-0.11988,-68.07996,0.19224,64.76602,double_rcm_log_20260616_132745_154.csv,33.17966,Unknown,Task4_EntryRCM_TipCone,0.0,3.2727418098870915,9.20533499899838,9.209090565538103,3.241154601801624,8.95622250384954,9.474185980863977,10.986466773518856,11.836642575519193,122.80604268216898,1.9077367243751902,1.7901420925749467
20.77944,0.03075,32.52338,Done,EntryTipCone,158.4808,2.33471,3.38397,9.74169,9.74169,1.0,9.74169,3.38397,0.0,0.0,0.0,0.60384,1.0,6,6,1,0.68929,0.90299,0.06752,0.90324,0.56535,0.05253,0.82,0.7,0.06,0.9,0.56,0.06,-4.65935,-0.75736,-0.11947,-67.94291,0.18924,64.74206,double_rcm_log_20260616_132745_154.csv,32.52338,Unknown,Task4_EntryRCM_TipCone,0.0,3.384218173787898,9.518529067858383,9.522681563171304,3.3486946954068304,9.257101141202984,9.742740887450498,10.7813550462649,10.09387998253157,28.643642008624244,1.8426297870763095,2.220363432942998
20.81002,0.03058,32.69928,Done,EntryTipCone,158.5571,2.27477,3.49116,10.0001,10.0001,1.0,10.0001,3.49116,0.0,0.0,0.0,0.60365,1.0,6,6,1,0.68909,0.90275,0.06784,0.90351,0.56543,0.05237,0.82,0.7,0.06,0.9,0.56,0.06,-4.68394,-0.7748,-0.12054,-67.81453,0.19364,64.71677,double_rcm_log_20260616_132745_154.csv,32.69928,Unknown,Task4_EntryRCM_TipCone,0.0,3.490792762582642,9.817917871567778,9.82247509406809,3.45261426363176,9.548952902725048,10.001094940055282,10.520013378533246,13.166291734943899,45.728665606259064,1.783198182301374,1.8537651735314564
20.84034,0.03032,32.97669,Done,EntryTipCone,158.635,2.21338,3.59429,10.25065,10.25065,1.0,10.25065,3.59429,0.0,0.0,0.0,0.60345,1.0,6,6,1,0.68889,0.90252,0.06815,0.90378,0.56552,0.05223,0.82,0.7,0.06,0.9,0.56,0.06,-4.70704,-0.79238,-0.12032,-67.68851,0.19174,64.69167,double_rcm_log_20260616_132745_154.csv,32.97669,Unknown,Task4_EntryRCM_TipCone,0.0,3.5946436841039517,10.109622693438961,10.114598797929261,3.552582597907022,9.829602151742376,10.253375054098026,10.302099390865955,12.640054321424804,133.8000104143913,1.738774650379544,2.0705941591579777
20.87091,0.03057,32.71677,Done,EntryTipCone,158.7148,2.1498,3.69449,10.49583,10.49583,1.0,10.49583,3.69449,0.0,0.0,0.0,0.60325,1.0,6,6,1,0.6887,0.90229,0.06844,0.90405,0.5656,0.0521,0.82,0.7,0.06,0.9,0.56,0.06,-4.72942,-0.80962,-0.12045,-67.56685,0.19137,64.66576,double_rcm_log_20260616_132745_154.csv,32.71677,Unknown,Task4_EntryRCM_TipCone,0.0,3.694233157780715,10.389326433325271,10.394727615823985,3.648994633853928,10.101189952750023,10.496308875028365,9.974951373087594,12.090623110060713,66.17083817320305,1.6632767323244482,2.6732254823883213
20.9014,0.03049,32.79287,Done,EntryTipCone,158.7969,2.0846,3.79086,10.73294,10.73294,1.0,10.73294,3.79086,0.0,0.0,0.0,0.60304,1.0,6,6,1,0.68852,0.90206,0.06873,0.90431,0.56567,0.05197,0.82,0.7,0.06,0.9,0.56,0.06,-4.751,-0.82692,-0.12017,-67.45181,0.19481,64.6394,double_rcm_log_20260616_132745_154.csv,32.79287,Unknown,Task4_EntryRCM_TipCone,0.0,3.7913670754033313,10.662103348431517,10.667941796696944,3.7427458867322847,10.365906394744945,10.733401138502126,9.728059777511357,13.429145155669621,160.27513625818656,1.5927132126196313,2.336828590287101
20.93151,0.03011,33.21387,Done,EntryTipCone,158.8793,2.01828,3.88202,10.95909,10.95909,1.0,10.95909,3.88202,0.0,0.0,0.0,0.60283,1.0,6,6,1,0.68836,0.90184,0.06899,0.90457,0.56574,0.05186,0.82,0.7,0.06,0.9,0.56,0.06,-4.77117,-0.84477,-0.11773,-67.34277,0.19679,64.61385,double_rcm_log_20260616_132745_154.csv,33.21387,Unknown,Task4_EntryRCM_TipCone,0.0,3.881519509131757,10.915247066754723,10.921511900259292,3.8313727545266034,10.616660709252416,10.958654114443032,9.535145307801507,14.662844018549768,91.37532001767637,1.5301681752167646,2.200411069781617
20.96203,0.03052,32.76305,Done,EntryTipCone,158.9649,1.94974,3.97059,11.17977,11.17977,1.0,11.17977,3.97059,0.0,0.0,0.0,0.60262,1.0,6,6,1,0.6882,0.90162,0.06925,0.90483,0.56581,0.05176,0.82,0.7,0.06,0.9,0.56,0.06,-4.79063,-0.86133,-0.11748,-67.23727,0.19961,64.58648,double_rcm_log_20260616_132745_154.csv,32.76305,Unknown,Task4_EntryRCM_TipCone,0.0,3.970776414036063,11.165849562782565,11.172556507379653,3.917741111161617,10.861397062710024,11.179561708761206,9.180722311139359,13.6248454418504,137.67294901067064,1.477495063528221,2.1858696876966817
20.99273,0.0307,32.57149,Done,EntryTipCone,159.0529,1.87914,4.05555,11.39266,11.39266,1.0,11.39266,4.05555,0.0,0.0,0.0,0.6024,1.0,6,6,1,0.68805,0.9014,0.06949,0.90508,0.56588,0.05167,0.82,0.7,0.06,0.9,0.56,0.06,-4.80876,-0.87633,-0.11917,-67.13416,0.19773,64.55771,double_rcm_log_20260616_132745_154.csv,32.57149,Unknown,Task4_EntryRCM_TipCone,0.0,4.055515580631027,11.403742747829481,11.410888221394655,3.9999639200623607,11.094506540834296,11.391650451097929,8.8706758534032,13.715669049812856,121.43920925135579,1.4145023814529094,2.3277259211004133
21.02334,0.0306,32.67496,Done,EntryTipCone,159.1414,1.80728,4.13617,11.59606,11.59606,1.0,11.59606,4.13617,0.0,0.0,0.0,0.60217,1.0,6,6,1,0.68791,0.90119,0.06972,0.90533,0.56594,0.05159,0.82,0.7,0.06,0.9,0.56,0.06,-4.82601,-0.89251,-0.11806,-67.03802,0.19887,64.52984,double_rcm_log_20260616_132745_154.csv,32.67496,Unknown,Task4_EntryRCM_TipCone,0.0,4.136282280956292,11.630460587491244,11.638041436243162,4.07856504794496,11.31837947084974,11.59398982231737,8.700226385168461,13.884192923900128,53.18101005084276,1.3433474081388381,2.4254034670592413
21.05405,0.03071,32.56546,Done,EntryTipCone,159.232,1.73367,4.2125,11.78989,11.78989,1.0,11.78989,4.2125,0.0,0.0,0.0,0.60194,1.0,6,6,1,0.68778,0.90099,0.06993,0.90558,0.56599,0.05152,0.82,0.7,0.06,0.9,0.56,0.06,-4.84192,-0.9064,-0.12014,-66.94603,0.1976,64.50018,double_rcm_log_20260616_132745_154.csv,32.56546,Unknown,Task4_EntryRCM_TipCone,0.0,4.212176875660658,11.843481028638307,11.851486776035635,4.153542341320671,11.533027089457205,11.78672558431728,8.449681364041233,13.991113264546778,102.93944316225436,1.279334965671451,2.511221661288738
21.11436,0.03061,32.66632,Done,EntryTipCone,159.4133,1.58559,4.34943,12.14088,12.14088,1.0,12.14088,4.34943,0.0,0.0,0.0,0.60149,1.0,6,6,1,0.68757,0.90061,0.07031,0.90605,0.56608,0.05141,0.82,0.7,0.06,0.9,0.56,0.06,-4.86978,-0.93418,-0.12073,-66.78178,0.19459,64.44234,double_rcm_log_20260616_132745_154.csv,32.66632,Unknown,Task4_EntryRCM_TipCone,0.0,4.348514093583775,12.22609897644255,12.234907336907309,4.289496537901276,11.92354838770095,12.139069157064709,7.857458011959245,11.915048457253793,26.184525592155474,1.1218278915961395,2.9111232577013477
21.14482,0.03046,32.82743,Done,EntryTipCone,159.5064,1.50881,4.41193,12.30263,12.30263,1.0,12.30263,4.41189,0.0,0.0,0.0,0.60125,1.0,6,6,1,0.68747,0.90042,0.07048,0.90628,0.56612,0.05138,0.82,0.7,0.06,0.9,0.56,0.06,-4.8825,-0.94661,-0.12286,-66.70947,0.1984,64.41195,double_rcm_log_20260616_132745_154.csv,32.82743,Unknown,Task4_EntryRCM_TipCone,0.0,4.411478290026662,12.402779005475733,12.411975457532437,4.34992413519855,12.0982005019182,12.29622706361582,7.72345069613848,11.55982651383934,107.8682782372207,1.042689861992141,2.594813998322729
21.17531,0.03049,32.79474,Done,EntryTipCone,159.6001,1.43092,4.46997,12.45418,12.45418,1.0,12.45418,4.46997,0.0,0.0,0.0,0.60102,1.0,6,6,1,0.68739,0.90025,0.07064,0.90651,0.56616,0.05135,0.82,0.7,0.06,0.9,0.56,0.06,-4.89396,-0.96114,-0.12017,-66.64251,0.20054,64.38328,double_rcm_log_20260616_132745_154.csv,32.79474,Unknown,Task4_EntryRCM_TipCone,0.0,4.470454142589275,12.568254002555419,12.577824146579403,4.410824050858203,12.274367663487245,12.455850031210213,7.480859131515289,15.414596138644937,91.98827685845413,0.9787266607208761,2.568425071471593
21.20594,0.03063,32.64535,Done,EntryTipCone,159.6952,1.35175,4.52329,12.59469,12.59469,1.0,12.59469,4.52329,0.0,0.0,0.0,0.60078,1.0,6,6,1,0.68732,0.90008,0.07078,0.90673,0.56619,0.05134,0.82,0.7,0.06,0.9,0.56,0.06,-4.904,-0.97251,-0.12197,-66.57989,0.19988,64.35247,double_rcm_log_20260616_132745_154.csv,32.64535,Unknown,Task4_EntryRCM_TipCone,0.0,4.523442406088123,12.716917614606764,12.726832022794015,4.463582497296741,12.428262394793801,12.593831823555497,7.1543906099850245,15.059652089265784,41.378478963770355,0.9082062762740352,2.725508091442929
21.23729,0.03135,31.90243,Done,EntryTipCone,159.7934,1.26981,4.57278,12.72628,12.72628,1.0,12.72628,4.57278,0.0,0.0,0.0,0.60053,1.0,6,6,1,0.68726,0.89991,0.0709,0.90695,0.56621,0.05133,0.82,0.7,0.06,0.9,0.56,0.06,-4.91308,-0.9852,-0.12093,-66.52312,0.2006,64.32188,double_rcm_log_20260616_132745_154.csv,31.90243,Unknown,Task4_EntryRCM_TipCone,0.0,4.573141319759222,12.856342760472915,12.866587471866302,4.515282388184392,12.580056622105644,12.729316556673393,6.907916775554291,15.34340012976137,78.7758778477121,0.8295379651654166,2.7837648479626917
21.29783,0.0312,32.0466,Done,EntryTipCone,159.984,1.10904,4.65417,12.947,12.947,1.0,12.947,4.65417,0.0,0.0,0.0,0.60005,1.0,6,6,1,0.68718,0.89961,0.0711,0.90735,0.56625,0.05136,0.82,0.7,0.06,0.9,0.56,0.06,-4.92679,-1.0084,-0.11769,-66.43013,0.19852,64.26309,double_rcm_log_20260616_132745_154.csv,32.0466,Unknown,Task4_EntryRCM_TipCone,0.0,4.654804791793511,13.085420103668344,13.09622334426834,4.599314586795902,12.82834991487451,12.951239322937367,6.470247440614352,13.5077736926658,63.60301841222549,0.696979151443013,2.796583746011858
21.32814,0.03031,32.9884,Done,EntryTipCone,160.0797,1.0275,4.68743,13.03918,13.03918,1.0,13.03918,4.68743,0.0,0.0,0.0,0.59981,1.0,6,6,1,0.68715,0.89948,0.07118,0.90754,0.56625,0.0514,0.82,0.7,0.06,0.9,0.56,0.06,-4.93179,-1.01683,-0.11999,-66.39301,0.19795,64.23199,double_rcm_log_20260616_132745_154.csv,32.9884,Unknown,Task4_EntryRCM_TipCone,0.0,4.687311864468976,13.176599571437354,13.187630667541844,4.630774463269365,12.92411484842905,13.033575871571067,6.426238021895865,11.655780229209347,18249.350425222245,0.6307561090204925,2.9346049089882054
21.35828,0.03014,33.17859,Done,EntryTipCone,160.1754,0.94579,4.71563,13.11937,13.11937,1.0,13.11937,4.71563,0.0,0.0,0.0,0.59957,1.0,6,6,1,0.68714,0.89935,0.07123,0.90773,0.56626,0.05144,0.82,0.7,0.06,0.9,0.56,0.06,-4.93546,-1.02624,-0.11927,-66.36214,0.19636,64.20222,double_rcm_log_20260616_132745_154.csv,33.17859,Unknown,Task4_EntryRCM_TipCone,0.0,4.7161098098158085,13.257371722461215,13.268607331161952,4.6643177613911675,13.025127490886444,13.123036996061519,6.227234795164106,1109.0339800286274,27395.902584564235,0.5627259033934374,145.42471510744937
21.38978,0.0315,31.74563,Done,EntryTipCone,160.2755,0.86024,4.73967,13.19005,13.19005,1.0,13.19005,4.73967,0.0,0.0,0.0,0.59932,1.0,6,6,1,0.68714,0.89923,0.07128,0.90791,0.56625,0.0515,0.82,0.7,0.06,0.9,0.56,0.06,-4.93802,-1.03531,-0.11862,-66.33746,0.19607,64.17109,double_rcm_log_20260616_132745_154.csv,31.74563,Unknown,Task4_EntryRCM_TipCone,0.0,4.739403969196633,13.32270446768147,13.334107339496308,4.68834173645121,13.100550135248264,13.186379336269653,68.27001829772207,1674.7054871310515,580.2202476215915,8.87895375175923,230.04564819168036
21.45293,0.03319,30.12678,Done,Target,161.0184,3.85887,1.25648,0.51996,0.51996,1.0,0.51996,1.25648,0.0,0.0,0.0,0.59908,1.0,6,6,1,0.69374,0.90299,0.06154,0.89959,0.56003,0.05968,0.82,0.7,0.06,0.9,0.56,0.06,-4.0998,-0.67536,-0.10931,-70.36681,-0.67801,64.46529,double_rcm_log_20260616_132745_154.csv,30.12678,Unknown,Task2_TargetRCM_EntryCone,0.0,1.2565306873394928,3.535919166045901,3.536131752229091,0.16642686195726858,0.4677030616172709,0.5209606511052602,100.53840889811423,659.312552153623,17279.71256094953,15.405982035780308,62.638209550064076
21.51081,0.02914,34.31351,Done,Target,161.0238,3.29837,1.01375,0.53356,0.53356,1.0,0.53356,1.01375,0.0,0.0,0.0,0.59908,1.0,6,6,1,0.69499,0.90374,0.05977,0.89956,0.56,0.0597,0.82,0.7,0.06,0.9,0.56,0.06,-4.01941,-0.64885,-0.09641,-71.07038,-0.06597,64.48105,double_rcm_log_20260616_132745_154.csv,34.31351,Unknown,Task2_TargetRCM_EntryCone,0.0,1.0133162104267281,2.8515854596406407,2.851696954608994,0.17283354692052927,0.48574130500154533,0.5325410782277675,0.28524408076533975,615.4270569132319,12857.085342943945,4.556641231143223,84.58031531706936
21.54225,0.03143,31.81641,Done,Target,161.0234,3.0611,0.91407,0.53531,0.53531,1.0,0.53531,0.91386,0.0,0.0,0.0,0.59908,1.0,6,6,1,0.69564,0.90412,0.05885,0.89956,0.56,0.0597,0.82,0.7,0.06,0.9,0.56,0.06,-3.96093,-0.62153,-0.10111,-71.32766,0.01631,64.48386,double_rcm_log_20260616_132745_154.csv,31.81641,Unknown,Task2_TargetRCM_EntryCone,0.0,0.9135702682488598,2.570914278825018,2.570995983661857,0.17283354692052927,0.48574130500154533,0.5325410782277675,1.1102230246251565e-13,4.601037642993702,9922.9634089816,3.40240271079535,33.284605470517185
21.5746,0.03235,30.91075,Done,Target,161.0229,2.88074,0.8358,0.53658,0.53658,1.0,0.53658,0.8358,0.0,0.0,0.0,0.59908,1.0,6,6,1,0.6963,0.90451,0.0579,0.89956,0.56,0.0597,0.82,0.7,0.06,0.9,0.56,0.06,-3.89694,-0.59308,-0.10427,-71.5704,0.05012,64.48755,double_rcm_log_20260616_132745_154.csv,30.91075,Unknown,Task2_TargetRCM_EntryCone,0.0,0.8363433564231743,2.353603115579422,2.3536658024883232,0.17283354692052927,0.48574130500154533,0.5325410782277675,1.7798229048217483e-12,4.1014450312717336e-11,70.38051126613325,3.168482952539612,10.231380620676918
21.60629,0.0317,31.54792,Done,Target,161.0228,2.7789,0.79056,0.5371,0.5371,1.0,0.5371,0.79056,0.0,0.0,0.0,0.59908,1.0,6,6,1,0.69696,0.90489,0.05696,0.89956,0.56,0.0597,0.82,0.7,0.06,0.9,0.56,0.06,-3.83292,-0.56565,-0.10624,-71.80193,0.06786,64.49158,double_rcm_log_20260616_132745_154.csv,31.54792,Unknown,Task2_TargetRCM_EntryCone,0.0,0.7907918437559969,2.2254222942247766,2.2254752862062674,0.17283354692052927,0.48574130500154533,0.5325410782277675,2.5146000066436358e-12,2.8750990486091637e-11,6.534375665800863e-10,3.0828771324928304,5.025906755673886
21.63821,0.03192,31.33084,Done,Target,161.0228,2.76023,0.7826,0.53729,0.53729,1.0,0.53729,0.7826,0.0,0.0,0.0,0.59908,1.0,6,6,1,0.69761,0.90526,0.05602,0.89956,0.56,0.0597,0.82,0.7,0.06,0.9,0.56,0.06,-3.76767,-0.5409,-0.10316,-72.02933,0.07333,64.49767,double_rcm_log_20260616_132745_154.csv,31.33084,Unknown,Task2_TargetRCM_EntryCone,0.0,0.7832999247001157,2.204340083865324,2.2043915839533303,0.17283354692052927,0.48574130500154533,0.5325410782277675,1.1102230246251565e-13,5.63026953846175e-13,4.4210587888517026e-10,3.032804929157973,2.734856344515813
21.67036,0.03215,31.1063,Done,Target,161.0231,2.82787,0.81301,0.53659,0.53659,1.0,0.53659,0.81301,0.0,0.0,0.0,0.59908,1.0,6,6,1,0.69827,0.90564,0.05507,0.89956,0.56,0.0597,0.82,0.7,0.06,0.9,0.56,0.06,-3.70135,-0.51229,-0.10686,-72.25608,0.0737,64.50086,double_rcm_log_20260616_132745_154.csv,31.1063,Unknown,Task2_TargetRCM_EntryCone,0.0,0.8130303221275951,2.2880009988568375,2.2880585883894455,0.17283354692052927,0.48574130500154533,0.5325410782277675,2.5146000066436358e-12,2.121740736261334e-12,6.550358443120961e-11,3.014444984087137,0.431915746737269
21.70305,0.03269,30.59389,Done,Target,161.0236,2.97926,0.87938,0.53552,0.53552,1.0,0.53552,0.87938,0.0,0.0,0.0,0.59908,1.0,6,6,1,0.69894,0.90601,0.0541,0.89956,0.56,0.0597,0.82,0.7,0.06,0.9,0.56,0.06,-3.63383,-0.48665,-0.1051,-72.48569,0.07215,64.50628,double_rcm_log_20260616_132745_154.csv,30.59389,Unknown,Task2_TargetRCM_EntryCone,0.0,0.8795203047928105,2.4751006001587608,2.4751735056106443,0.17283354692052927,0.48574130500154533,0.5325410782277675,0.0,3.726978832439022e-12,2.7563179503379088e-11,3.01635821024565,0.5239305162803124
21.73438,0.03133,31.91968,Done,Target,161.0242,3.19117,0.96975,0.53413,0.53413,1.0,0.53413,0.96975,0.0,0.0,0.0,0.59908,1.0,6,6,1,0.69958,0.90637,0.05317,0.89956,0.56,0.0597,0.82,0.7,0.06,0.9,0.56,0.06,-3.56967,-0.46067,-0.10694,-72.70729,0.07639,64.5098,double_rcm_log_20260616_132745_154.csv,31.91968,Unknown,Task2_TargetRCM_EntryCone,0.0,0.9696434756544164,2.728697483593428,2.7287951752004496,0.17283354692052927,0.48574130500154533,0.5325410782277675,2.51214793389404e-12,1.7944124364243104e-12,39.07717851657391,3.0110559772201784,0.7626881519624277
21.76562,0.03124,32.00552,Done,Target,161.0251,3.45481,1.0792,0.5318,0.5318,1.0,0.5318,1.0792,0.0,0.0,0.0,0.59908,1.0,6,6,1,0.70022,0.90671,0.05224,0.89956,0.56,0.0597,0.82,0.7,0.06,0.9,0.56,0.06,-3.50537,-0.43604,-0.10691,-72.92596,0.07593,64.51395,double_rcm_log_20260616_132745_154.csv,32.00552,Unknown,Task2_TargetRCM_EntryCone,0.0,1.0793486672212729,3.0373868891714664,3.0375216316198235,0.17283354692052927,0.48574130500154533,0.5325410782277675,1.1102230246251565e-13,2.438035270591459,55.608474526364965,2.985760600747006,1.151837705372524
21.79731,0.03169,31.55397,Done,Target,161.0263,3.76311,1.20399,0.52918,0.52918,1.0,0.52918,1.20399,0.0,0.0,0.0,0.59908,1.0,6,6,1,0.70086,0.90706,0.05131,0.89956,0.56,0.0597,0.82,0.7,0.06,0.9,0.56,0.06,-3.44036,-0.41232,-0.10539,-73.14622,0.07445,64.51866,double_rcm_log_20260616_132745_154.csv,31.55397,Unknown,Task2_TargetRCM_EntryCone,0.0,1.2027859367195473,3.3847023630297977,3.384888821386859,0.17283354692052927,0.48574130500154533,0.5325410782277675,0.1556355948475474,3.499785320154024,86.23328345820366,2.964613099607458,0.8608244492026523
21.82929,0.03198,31.26809,Done,Target,161.0276,4.10598,1.3394,0.52591,0.52591,1.0,0.52591,1.3394,0.0,0.0,0.0,0.59908,1.0,6,6,1,0.70151,0.9074,0.05036,0.89956,0.56,0.05971,0.82,0.7,0.06,0.9,0.56,0.06,-3.37492,-0.38732,-0.1065,-73.36674,0.07193,64.52216,double_rcm_log_20260616_132745_154.csv,31.26809,Unknown,Task2_TargetRCM_EntryCone,0.0,1.340663772450914,3.7726306131921232,3.7728888234846187,0.1706589528484009,0.4796296648296544,0.5269724850502117,0.22286918509385464,3.519646292695825,110.36387194572433,2.9469155076898526,0.5888394350965771
21.86078,0.03149,31.76071,Done,Target,161.0292,4.46584,1.47936,0.52204,0.52204,1.0,0.52204,1.47936,0.0,0.0,0.0,0.59908,1.0,6,6,1,0.70214,0.90773,0.04944,0.89957,0.56,0.05971,0.82,0.7,0.06,0.9,0.56,0.06,-3.31097,-0.36262,-0.10869,-73.58285,0.07078,64.52494,double_rcm_log_20260616_132745_154.csv,31.76071,Unknown,Task2_TargetRCM_EntryCone,0.0,1.4797253893540903,4.16386737313616,4.164214552627645,0.16820349169762702,0.4727432218934331,0.5186520991956312,0.16032842611579667,3.5033158400223234,87.50716486701145,2.93012960122758,1.0610397105717646
21.89289,0.03211,31.14318,Done,Target,161.0311,4.84984,1.62654,0.5177,0.5177,1.0,0.5177,1.62654,0.0,0.0,0.0,0.59908,1.0,6,6,1,0.70277,0.90806,0.0485,0.89957,0.56,0.05971,0.82,0.7,0.06,0.9,0.56,0.06,-3.2461,-0.34045,-0.10641,-73.80205,0.06966,64.52953,double_rcm_log_20260616_132745_154.csv,31.14318,Unknown,Task2_TargetRCM_EntryCone,0.0,1.6268545900317257,4.577774767587335,4.578236141588197,0.16820349169762702,0.4727432218934331,0.5186520991956312,3.5544479789666732e-12,2.5322530778776615,108.99389548799881,2.907121817943599,0.9878974995935178
21.92484,0.03195,31.29631,Done,Target,161.0331,5.24244,1.77542,0.51277,0.51277,1.0,0.51277,1.77542,0.0,0.0,0.0,0.59908,1.0,6,6,1,0.7034,0.90838,0.04758,0.89957,0.56,0.05971,0.82,0.7,0.06,0.9,0.56,0.06,-3.18226,-0.31804,-0.10581,-74.01813,0.06953,64.53317,double_rcm_log_20260616_132745_154.csv,31.29631,Unknown,Task2_TargetRCM_EntryCone,0.0,1.7749333854087304,4.994323099739101,4.994922268160562,0.16820349169762702,0.4727432218934331,0.5186520991956312,0.22823434223128733,3.4969863721152454,44.19910880277995,2.8728588277069207,1.0069160725569681
21.95614,0.0313,31.9517,Done,Target,161.0353,5.63555,1.92305,0.50768,0.50768,1.0,0.50768,1.92305,0.0,0.0,0.0,0.59908,1.0,6,6,1,0.70401,0.90869,0.04668,0.89958,0.56,0.05972,0.82,0.7,0.06,0.9,0.56,0.06,-3.11989,-0.29413,-0.10941,-74.22636,0.0659,64.53484,double_rcm_log_20260616_132745_154.csv,31.9517,Unknown,Task2_TargetRCM_EntryCone,0.0,1.9234848045384645,5.412167408914157,5.41292995215834,0.1635786990338023,0.4597591342631963,0.5047771785649361,0.22587661558655356,0.2678124430328717,58.4945341479972,2.854606625004607,1.036289253678113
21.98743,0.0313,31.95374,Done,Target,161.0378,6.03236,2.07122,0.50169,0.50169,1.0,0.50169,2.07122,0.0,0.0,0.0,0.59908,1.0,6,6,1,0.70461,0.90899,0.04579,0.89958,0.56,0.05972,0.82,0.7,0.06,0.9,0.56,0.06,-3.05873,-0.27391,-0.10776,-74.43562,0.06965,64.53851,double_rcm_log_20260616_132745_154.csv,31.95374,Unknown,Task2_TargetRCM_EntryCone,0.0,2.071191843396046,5.827600585128803,5.828552623167894,0.1635786990338023,0.4597591342631963,0.5047771785649361,0.2114758105211541,0.16542205437023313,31.932301965191048,2.8188133285170407,1.5646952559765221
22.02013,0.0327,30.5842,Done,Target,161.0404,6.44937,2.22598,0.49518,0.49518,1.0,0.49518,2.22598,0.0,0.0,0.0,0.59908,1.0,6,6,1,0.70523,0.90929,0.04487,0.89959,0.56,0.05973,0.82,0.7,0.06,0.9,0.56,0.06,-2.99492,-0.25118,-0.10951,-74.64764,0.06498,64.54075,double_rcm_log_20260616_132745_154.csv,30.5842,Unknown,Task2_TargetRCM_EntryCone,0.0,2.2264159616318038,6.264134122820904,6.265316638001071,0.15895960260579756,0.446790262272522,0.4909175083453607,0.21614136740542036,2.3006683627164635,44.02967428915577,2.765439602883358,1.3034834089832328
22.0528,0.03267,30.60532,Done,Target,161.0434,6.866,2.37998,0.48811,0.48811,1.0,0.48811,2.37998,0.0,0.0,0.0,0.59908,1.0,6,6,1,0.70584,0.90959,0.04396,0.89959,0.56,0.05973,0.82,0.7,0.06,0.9,0.56,0.06,-2.93214,-0.23058,-0.1087,-74.85764,0.06255,64.54386,double_rcm_log_20260616_132745_154.csv,30.60532,Unknown,Task2_TargetRCM_EntryCone,0.0,2.3802367877322883,6.696675866245793,6.6981207816938975,0.15895960260579756,0.446790262272522,0.4909175083453607,0.1641796985207833,2.7437837723597798,76.77183848922346,2.7357035195059667,1.2454331345442995
22.08397,0.03116,32.08804,Done,Target,161.0465,7.26229,2.52585,0.48064,0.48064,1.0,0.48064,2.52585,0.0,0.0,0.0,0.59908,1.0,6,6,1,0.70642,0.90986,0.04311,0.8996,0.56,0.05973,0.82,0.7,0.06,0.9,0.56,0.06,-2.87321,-0.21127,-0.10842,-75.05588,0.06226,64.54642,double_rcm_log_20260616_132745_154.csv,32.08804,Unknown,Task2_TargetRCM_EntryCone,0.0,2.5247436909279615,7.102983091324383,7.104707451447112,0.15650473175502838,0.43990383564527996,0.48259714048060137,0.3570931684613021,2.5983035909722783,84.36419162425845,2.7032075163236646,1.3466847717563124
22.11534,0.03137,31.87349,Done,Target,161.0497,7.65896,2.6713,0.47297,0.47297,1.0,0.47297,2.6713,0.0,0.0,0.0,0.59908,1.0,6,6,1,0.70699,0.91013,0.04226,0.89961,0.56,0.05974,0.82,0.7,0.06,0.9,0.56,0.06,-2.8148,-0.19085,-0.11092,-75.25274,0.06302,64.54765,double_rcm_log_20260616_132745_154.csv,31.87349,Unknown,Task2_TargetRCM_EntryCone,0.0,2.6709175337794524,7.513931240289377,7.515972749019889,0.15188052527941903,0.42691919610154794,0.4687216658103178,0.22838663217057045,2.545330984659679,36.62211754457329,2.6543553285896366,1.5686828012536773
22.14755,0.03221,31.0438,Done,Target,161.0532,8.06124,2.81856,0.46434,0.46434,1.0,0.46434,2.81856,0.0,0.0,0.0,0.59908,1.0,6,6,1,0.70756,0.9104,0.0414,0.89961,0.56,0.05974,0.82,0.7,0.06,0.9,0.56,0.06,-2.75579,-0.17271,-0.10954,-75.4502,0.06164,64.55039,double_rcm_log_20260616_132745_154.csv,31.0438,Unknown,Task2_TargetRCM_EntryCone,0.0,2.8181879661661675,7.927912839267285,7.930310970737646,0.15188052527941903,0.42691919610154794,0.4687216658103178,0.2294779298093512,3.5445439806116505,76.2550945367608,2.605998647452094,1.5435351468280039
22.17882,0.03126,31.98812,Done,Target,161.0568,8.44669,2.95936,0.45561,0.45561,1.0,0.45561,2.95936,0.0,0.0,0.0,0.59908,1.0,6,6,1,0.7081,0.91065,0.04058,0.89962,0.56,0.05975,0.82,0.7,0.06,0.9,0.56,0.06,-2.69982,-0.15438,-0.11069,-75.63964,0.06394,64.55181,double_rcm_log_20260616_132745_154.csv,31.98812,Unknown,Task2_TargetRCM_EntryCone,0.0,2.9596304479896367,8.325462619147096,8.328240213512405,0.14726243174796014,0.41395094469684646,0.45486261662180577,0.4468905432895877,2.4417878454531046,110.02632842076525,2.558282778141371,1.823374763212596
22.21086,0.03204,31.20658,Done,Target,161.0607,8.83656,3.10148,0.44616,0.44616,1.0,0.44616,3.10148,0.0,0.0,0.0,0.59908,1.0,6,6,1,0.70865,0.9109,0.03976,0.89963,0.56,0.05976,0.82,0.7,0.06,0.9,0.56,0.06,-2.64322,-0.13756,-0.1093,-75.82885,0.06286,64.55418,double_rcm_log_20260616_132745_154.csv,31.20658,Unknown,Task2_TargetRCM_EntryCone,0.0,3.1019605955748637,8.725456124359061,8.728653974139503,0.14265101628504012,0.4010006713978559,0.4410215414239818,0.3495445406687429,3.5030114704267743,75.71299936499814,2.4943351314039544,1.9956137117143835
22.24272,0.03186,31.38675,Done,Target,161.0647,9.21713,3.23997,0.43641,0.43641,1.0,0.43641,3.23997,0.0,0.0,0.0,0.59908,1.0,6,6,1,0.70918,0.91113,0.03896,0.89964,0.56,0.05976,0.82,0.7,0.06,0.9,0.56,0.06,-2.58813,-0.1188,-0.11262,-76.01205,0.061,64.55436,double_rcm_log_20260616_132745_154.csv,31.38675,Unknown,Task2_TargetRCM_EntryCone,0.0,3.239224685497637,9.111161402178936,9.11480277588598,0.14018450092084309,0.3940792579399091,0.43266615305569955,0.22304822020084306,2.4247845352214705,88.39156504253242,2.4360494360092093,1.7983201776966065
22.27427,0.03155,31.69636,Done,Target,161.0689,9.58658,3.37429,0.4261,0.4261,1.0,0.4261,3.37429,0.0,0.0,0.0,0.59908,1.0,6,6,1,0.7097,0.91136,0.03818,0.89964,0.56,0.05977,0.82,0.7,0.06,0.9,0.56,0.06,-2.53481,-0.10317,-0.11178,-76.18974,0.05969,64.55611,double_rcm_log_20260616_132745_154.csv,31.69636,Unknown,Task2_TargetRCM_EntryCone,0.0,3.3754535693805643,9.49390610517423,9.498026425647117,0.1380469185868461,0.3880701760487029,0.42720018726589987,0.22377020963670058,2.5120367894166997,85.73402942321344,2.3809424189326607,1.9272944090398212
22.30592,0.03165,31.59473,Done,Target,161.0732,9.94932,3.50599,0.41572,0.41572,1.0,0.41572,3.50599,0.0,0.0,0.0,0.59908,1.0,6,6,1,0.7102,0.91158,0.03742,0.89965,0.56,0.05977,0.82,0.7,0.06,0.9,0.56,0.06,-2.48268,-0.08656,-0.11374,-76.36373,0.05917,64.55651,double_rcm_log_20260616_132745_154.csv,31.59473,Unknown,Task2_TargetRCM_EntryCone,0.0,3.5061581992641404,9.861079602301482,9.86569725926109,0.13556744847378213,0.3811117340704608,0.4188078318274996,0.3523942572555414,3.4291252457294212,40.08683090505266,2.3146701971700967,2.123863765152777
22.33768,0.03176,31.48698,Done,Target,161.0778,10.30357,3.63448,0.40455,0.40455,1.0,0.40455,3.63448,0.0,0.0,0.0,0.59908,1.0,6,6,1,0.71069,0.91179,0.03668,0.89966,0.56,0.05978,0.82,0.7,0.06,0.9,0.56,0.06,-2.43178,-0.07178,-0.11347,-76.53271,0.05737,64.55765,double_rcm_log_20260616_132745_154.csv,31.48698,Unknown,Task2_TargetRCM_EntryCone,0.0,3.634975577975792,10.222901259716897,10.228046717613914,0.1309576621890846,0.3681638431250727,0.4049691346263365,0.44119190476565084,0.042262966688041886,83.58956236164784,2.2475852671894128,2.0809066500925986
22.37004,0.03236,30.90303,Done,Target,161.0826,10.65519,3.76192,0.39288,0.39288,1.0,0.39288,3.76192,0.0,0.0,0.0,0.59908,1.0,6,6,1,0.71117,0.91199,0.03595,0.89967,0.56,0.05979,0.82,0.7,0.06,0.9,0.56,0.06,-2.38141,-0.0576,-0.1128,-76.70055,0.05669,64.55881,double_rcm_log_20260616_132745_154.csv,30.90303,Unknown,Task2_TargetRCM_EntryCone,0.0,3.7618669612793907,10.579262677524017,10.584965923118896,0.12635590505840305,0.3552377318836882,0.3911521443122005,0.3482696882913298,2.3687015642768294,38.68636335003444,2.182354081852261,2.1330631933630637
22.40158,0.03154,31.70198,Done,Target,161.0876,10.98808,3.88242,0.38085,0.38085,1.0,0.38085,3.88242,0.0,0.0,0.0,0.59908,1.0,6,6,1,0.71163,0.91218,0.03525,0.89968,0.56,0.05979,0.82,0.7,0.06,0.9,0.56,0.06,-2.33381,-0.04369,-0.11345,-76.85888,0.05591,64.55919,double_rcm_log_20260616_132745_154.csv,31.70198,Unknown,Task2_TargetRCM_EntryCone,0.0,3.8823426851293674,10.917558382002436,10.92382720144632,0.12387466390351577,0.3482726606465668,0.3827531841800791,0.35238359662662583,2.3125085460191515,62.951444686403384,2.1120457089909284,2.481149894072129
22.43339,0.0318,31.44292,Done,Target,161.0927,11.31305,4.00008,0.36858,0.36858,1.0,0.36858,4.00008,0.0,0.0,0.0,0.59908,1.0,6,6,1,0.71207,0.91237,0.03457,0.89969,0.56,0.0598,0.82,0.7,0.06,0.9,0.56,0.06,-2.28739,-0.03079,-0.11321,-77.01331,0.05524,64.55981,double_rcm_log_20260616_132745_154.csv,31.44292,Unknown,Task2_TargetRCM_EntryCone,0.0,4.0004760035757725,11.249229752450447,11.256088289194025,0.11926667466062017,0.3353276239510088,0.36891733491396095,0.42369649357842926,1.5824469277313566,50.70367738394921,2.0273014029999747,2.5906215251119025
22.4687,0.03531,28.32029,Done,Target,161.0984,11.66001,4.12555,0.3545,0.3545,1.0,0.3545,4.12555,0.0,0.0,0.0,0.59908,1.0,6,6,1,0.71255,0.91256,0.03385,0.8997,0.56,0.05981,0.82,0.7,0.06,0.9,0.56,0.06,-2.23756,-0.01724,-0.1128,-77.17591,0.05007,64.56035,double_rcm_log_20260616_132745_154.csv,28.32029,Unknown,Task2_TargetRCM_EntryCone,0.0,4.126188497963043,11.602127879211801,11.60965337652802,0.11466758425745038,0.32240681420549056,0.35510561809126384,0.38387592788116004,1.5278120833083126,38.962673631136305,1.9413999410340301,2.429473910993648
22.52953,0.03097,32.28455,Done,Target,161.1088,12.22434,4.3297,0.32925,0.32925,1.0,0.32925,4.3297,0.0,0.0,0.0,0.59908,1.0,6,6,1,0.71332,0.91287,0.03267,0.89972,0.56,0.05982,0.82,0.7,0.06,0.9,0.56,0.06,-2.15734,0.00642,-0.11627,-77.44437,0.05218,64.55893,double_rcm_log_20260616_132745_154.csv,32.28455,Unknown,Task2_TargetRCM_EntryCone,0.0,4.330362789697503,12.175162947693856,12.183861492051918,0.10757812455286843,0.3024922122329163,0.3328663395419133,0.5345165111272162,1.2196220391882524,58.33536249735573,1.7962151317873913,2.562528568535639
22.56493,0.0354,28.24787,Done,Target,161.1152,12.53056,4.44034,0.31384,0.31384,1.0,0.31384,4.4403,0.0,0.0,0.0,0.59908,1.0,6,6,1,0.71373,0.91303,0.03204,0.89974,0.56,0.05983,0.82,0.7,0.06,0.9,0.56,0.06,-2.11366,0.01767,-0.11569,-77.58865,0.05059,64.55896,double_rcm_log_20260616_132745_154.csv,28.24787,Unknown,Task2_TargetRCM_EntryCone,0.0,4.439301449051275,12.480847132605895,12.490218646335947,0.10049576039922509,0.28259511673066257,0.31064449134021127,0.5323779862932273,2.826412572444732,66.04181725096923,1.7025540317590944,2.5929608574207026
22.59575,0.03082,32.44848,Done,Target,161.1208,12.78445,4.53212,0.30032,0.30032,1.0,0.30032,4.53212,0.0,0.0,0.0,0.59908,1.0,6,6,1,0.71408,0.91316,0.03151,0.89975,0.56,0.05984,0.82,0.7,0.06,0.9,0.56,0.06,-2.07753,0.02699,-0.11548,-77.70884,0.05064,64.55865,double_rcm_log_20260616_132745_154.csv,32.44848,Unknown,Task2_TargetRCM_EntryCone,0.0,4.5318023470026025,12.740371233701715,12.750340698724628,0.09589211707810971,0.2696579029351344,0.2968164415930936,0.4490495806504115,3.0431243643532566,71.47674184324285,1.624583478774235,2.691179271077669
22.62798,0.03223,31.02331,Done,Target,161.1268,13.03652,4.62317,0.28581,0.28581,1.0,0.28581,4.62317,0.0,0.0,0.0,0.59908,1.0,6,6,1,0.71442,0.91329,0.03098,0.89976,0.56,0.05985,0.82,0.7,0.06,0.9,0.56,0.06,-2.0417,0.03593,-0.11495,-77.828,0.0507,64.55834,double_rcm_log_20260616_132745_154.csv,31.02331,Unknown,Task2_TargetRCM_EntryCone,0.0,4.623727124549716,12.998246053140583,13.008834410776348,0.09129985466592909,0.25675190059967123,0.283019433961712,0.3505617452621498,2.4944636456391462,106.61652153259818,1.5330273412735038,2.907098417404813
22.65915,0.03118,32.07564,Done,Target,161.1328,13.26575,4.70607,0.27136,0.27136,1.0,0.27136,4.70607,0.0,0.0,0.0,0.59908,1.0,6,6,1,0.71473,0.91341,0.0305,0.89977,0.56,0.05985,0.82,0.7,0.06,0.9,0.56,0.06,-2.00911,0.04459,-0.11563,-77.93644,0.05106,64.55736,double_rcm_log_20260616_132745_154.csv,32.07564,Unknown,Task2_TargetRCM_EntryCone,0.0,4.705961886899944,13.228909324278439,13.240072580351123,0.08880969855689762,0.24975680478914158,0.27459060435497135,0.3519599297787745,3.5754855961709207,91.23682431908466,1.4410504564625335,2.932216383991026
22.69119,0.03203,31.21826,Done,Target,161.1389,13.48728,4.78614,0.25642,0.25642,1.0,0.25642,4.78614,0.0,0.0,0.0,0.59908,1.0,6,6,1,0.71503,0.91352,0.03004,0.89978,0.56,0.05986,0.82,0.7,0.06,0.9,0.56,0.06,-1.97758,0.05268,-0.11596,-78.04083,0.05067,64.55634,double_rcm_log_20260616_132745_154.csv,31.21826,Unknown,Task2_TargetRCM_EntryCone,0.0,4.786112285832735,13.453699868530807,13.465443111030718,0.08420881553128065,0.23682515458910786,0.26076809620810487,0.5749465344949776,3.554694972962651,93.46814086509744,1.3478261638840254,3.008410568124794
22.72231,0.03112,32.13203,Done,Target,161.1451,13.68795,4.85861,0.24154,0.24154,1.0,0.24154,4.85861,0.0,0.0,0.0,0.59908,1.0,6,6,1,0.7153,0.91362,0.02962,0.8998,0.56,0.05987,0.82,0.7,0.06,0.9,0.56,0.06,-1.94908,0.0595,-0.11556,-78.13578,0.05123,64.55553,double_rcm_log_20260616_132745_154.csv,32.13203,Unknown,Task2_TargetRCM_EntryCone,0.0,4.8584958301462065,13.65668480908903,13.668968789342378,0.07712596316478366,0.21691898523143896,0.23853720883751178,0.5753952224369222,2.5870598116831283,59.33931140504806,1.2513838260031653,3.1525217853314285
22.75425,0.03194,31.31297,Done,Target,161.1515,13.87828,4.92748,0.22626,0.22626,1.0,0.22626,4.92748,0.0,0.0,0.0,0.59908,1.0,6,6,1,0.71556,0.91371,0.02923,0.89981,0.56,0.05988,0.82,0.7,0.06,0.9,0.56,0.06,-1.92192,0.06707,-0.11725,-78.22513,0.05028,64.5536,double_rcm_log_20260616_132745_154.csv,31.31297,Unknown,Task2_TargetRCM_EntryCone,0.0,4.9268528630497865,13.848358210992252,13.861167848886614,0.07252848812286773,0.2039947208970222,0.22472205054245958,0.4418079001698684,0.005663768385403856,89.75523820776837,1.1501844804895631,3.1405942080904907
22.78633,0.03209,31.16382,Done,Target,161.1579,14.05364,4.99097,0.21046,0.21046,1.0,0.21046,4.99097,0.0,0.0,0.0,0.59908,1.0,6,6,1,0.7158,0.9138,0.02886,0.89982,0.56,0.05989,0.82,0.7,0.06,0.9,0.56,0.06,-1.89695,0.07324,-0.11757,-78.30782,0.05018,64.55215,double_rcm_log_20260616_132745_154.csv,31.16382,Unknown,Task2_TargetRCM_EntryCone,0.0,4.9914327438957935,14.029422359774527,14.042742182656763,0.0679468267948168,0.19111414229363352,0.2109502310973482,0.5770076422800989,3.618547993086237,60.773138391803805,1.0504651703605372,3.0818807532029475
22.81729,0.03095,32.30609,Done,Target,161.1644,14.20757,5.04667,0.19505,0.19505,1.0,0.19505,5.04667,0.0,0.0,0.0,0.59908,1.0,6,6,1,0.71601,0.91387,0.02854,0.89984,0.56,0.0599,0.82,0.7,0.06,0.9,0.56,0.06,-1.875,0.07886,-0.11834,-78.38021,0.04976,64.55038,double_rcm_log_20260616_132745_154.csv,32.30609,Unknown,Task2_TargetRCM_EntryCone,0.0,5.046740506605633,14.184475890497229,14.198243264552287,0.06085160847862833,0.1711679337331468,0.18867962264117147,0.5105407630699804,3.67576082080373,117.0746292359455,0.9572743157705201,3.110361952223419
22.84835,0.03106,32.196,Done,Target,161.1707,14.34621,5.09689,0.17947,0.17947,1.0,0.17947,5.09689,0.0,0.0,0.0,0.59908,1.0,6,6,1,0.7162,0.91394,0.02825,0.89985,0.56,0.0599,0.82,0.7,0.06,0.9,0.56,0.06,-1.85542,0.08349,-0.11849,-78.44673,0.05228,64.54873,double_rcm_log_20260616_132745_154.csv,32.196,Unknown,Task2_TargetRCM_EntryCone,0.0,5.09634167089768,14.323519918683132,14.337697091619093,0.05837254559865394,0.16419969080828017,0.18027756377318344,0.3561524753912908,3.642691909245208,121.16472975765478,0.8615823830222907,3.239247713433264
22.87989,0.03154,31.70685,Done,Target,161.1773,14.47067,5.14205,0.16366,0.16366,1.0,0.16366,5.14205,0.0,0.0,0.0,0.59908,1.0,6,6,1,0.71637,0.91399,0.02799,0.89986,0.56,0.05991,0.82,0.7,0.06,0.9,0.56,0.06,-1.83783,0.08747,-0.11846,-78.50643,0.05448,64.547,double_rcm_log_20260616_132745_154.csv,31.70685,Unknown,Task2_TargetRCM_EntryCone,0.0,5.14173097098852,14.450747672056695,14.465306896240826,0.053765929011752894,0.15124610611645742,0.16643316977095665,0.46018390897677863,3.9149957903485775,92.89417127113616,0.7557261555172413,3.424861592086354
22.90989,0.03001,33.32409,Done,Target,161.1837,14.57364,5.17949,0.14832,0.14832,1.0,0.14832,5.17949,0.0,0.0,0.0,0.59908,1.0,6,6,1,0.71651,0.91404,0.02777,0.89987,0.56,0.05992,0.82,0.7,0.06,0.9,0.56,0.06,-1.82326,0.09067,-0.1184,-78.55604,0.05661,64.54523,double_rcm_log_20260616_132745_154.csv,33.32409,Unknown,Task2_TargetRCM_EntryCone,0.0,5.180158926850186,14.55845545458081,14.573343447625689,0.0491790993613273,0.13834738884422942,0.15264337522479923,0.588811373536151,2.732545425500241,94.06191104220966,0.6513025178350187,3.4866503983914705
22.94075,0.03085,32.41093,Done,Target,161.1902,14.66356,5.2123,0.13229,0.13229,1.0,0.13229,5.2123,0.0,0.0,0.0,0.59908,1.0,6,6,1,0.71663,0.91408,0.02758,0.89989,0.56,0.05993,0.82,0.7,0.06,0.9,0.56,0.06,-1.81043,0.09351,-0.11853,-78.59901,0.05749,64.54319,double_rcm_log_20260616_132745_154.csv,32.41093,Unknown,Task2_TargetRCM_EntryCone,0.0,5.212681658120515,14.649606665756599,14.66477674045504,0.04209017495293197,0.11841257729459419,0.1303840481040993,0.5859497587860355,1.9109054910930758,78.54253567809684,0.5442882726840955,3.4419575445896355
22.97127,0.03052,32.7692,Done,Target,161.1968,14.73624,5.23881,0.11654,0.11654,1.0,0.11654,5.23881,0.0,0.0,0.0,0.59908,1.0,6,6,1,0.71673,0.91411,0.02743,0.8999,0.56,0.05994,0.82,0.7,0.06,0.9,0.56,0.06,-1.80014,0.09613,-0.11942,-78.63425,0.05948,64.54075,double_rcm_log_20260616_132745_154.csv,32.7692,Unknown,Task2_TargetRCM_EntryCone,0.0,5.239286782919262,14.72416913767073,14.739572599042177,0.037513030540656606,0.10553891006856844,0.1166190378968953,0.4734128788990124,2.322487133328787,12.66364560522966,0.44166007976865584,3.4383766346606293
23.03107,0.03011,33.21687,Done,Target,161.2097,14.83066,5.27374,0.08546,0.08546,1.0,0.08546,5.27374,0.0,0.0,0.0,0.59908,1.0,6,6,1,0.71687,0.91414,0.02723,0.89993,0.56,0.05995,0.82,0.7,0.06,0.9,0.56,0.06,-1.78682,0.09798,-0.11839,-78.68164,0.06476,64.5368,double_rcm_log_20260616_132745_154.csv,33.21687,Unknown,Task2_TargetRCM_EntryCone,0.0,5.273499542778978,14.820047798544188,14.835754882837394,0.027971108725269218,0.07870099207663993,0.08602325267043485,0.4955825435227639,1.4285562562627165,24.883977080863612,0.23776343346267734,3.508136942188942
23.08876,0.02831,35.32623,Done,Target,161.2222,14.86087,5.28557,0.05543,0.05543,1.0,0.05543,5.28557,0.0,0.0,0.0,0.59908,1.0,6,6,1,0.71691,0.91415,0.02717,0.89995,0.56,0.05997,0.82,0.7,0.06,0.9,0.56,0.06,-1.78273,0.09872,-0.11942,-78.69964,0.0719,64.53168,double_rcm_log_20260616_132745_154.csv,35.32623,Unknown,Task2_TargetRCM_EntryCone,0.0,5.285123866466814,14.85262288176042,14.868434027147643,0.01875363122138632,0.05276945503428225,0.05830951894844587,0.6332440286555279,0.7583777781609472,39.89059392687361,0.0776096868997031,3.5368643200713668
23.11981,0.03105,32.20835,Done,Target,161.2289,14.85182,5.28294,0.03929,0.03929,1.0,0.03929,5.28294,0.0,0.0,0.0,0.59908,1.0,6,6,1,0.71691,0.91414,0.02718,0.89997,0.56,0.05998,0.82,0.7,0.06,0.9,0.56,0.06,-1.78416,0.09809,-0.11976,-78.69804,0.0769,64.52883,double_rcm_log_20260616_132745_154.csv,32.20835,Unknown,Task2_TargetRCM_EntryCone,0.0,5.283657651386782,14.848514110515502,14.864312105086704,0.011670202009670267,0.032839938161637466,0.03605551275461822,0.6294918198307301,1.3129511421948967,37.461572504018356,0.11662647298257582,3.540984230498793
23.17959,0.03049,32.80252,Done,Target,161.2419,14.78424,5.2599,0.00817,0.00817,1.0,0.00817,5.2599,0.0,0.0,0.0,0.59908,1.0,6,6,1,0.71682,0.91409,0.02732,0.89999,0.56,0.06,0.82,0.7,0.06,0.9,0.56,0.06,-1.79429,0.09451,-0.11948,-78.67297,0.09008,64.52343,double_rcm_log_20260616_132745_154.csv,32.80252,Unknown,Task2_TargetRCM_EntryCone,0.0,5.260465808661262,14.783522369889928,14.799113319869567,0.0030852522116496355,0.008682431421294587,0.010000000000065512,0.5598882590502164,1.2592092802653705,55.83390189362132,0.3124144776579957,3.5267126674324607
23.21002,0.03043,32.86305,Done,Target,161.2484,14.7239,5.23899,0.0078,0.0078,1.0,0.0078,5.23899,0.0,0.0,0.0,0.59908,1.0,6,6,1,0.71675,0.91406,0.02744,0.90001,0.56,0.06,0.82,0.7,0.06,0.9,0.56,0.06,-1.80325,0.09145,-0.11882,-78.64933,0.09928,64.52072,double_rcm_log_20260616_132745_154.csv,32.86305,Unknown,Task2_TargetRCM_EntryCone,0.0,5.238949471082106,14.723223820675665,14.738624308192447,0.0030850624870185877,0.00868243142119475,0.00999999999995449,0.5588855968354569,1.3832636218322278,60.23736355846972,0.41851806138274283,3.5281621150788034
23.2706,0.03076,32.51288,Done,Target,161.2613,14.55223,5.17877,0.03892,0.03892,1.0,0.03892,5.17877,0.0,0.0,0.0,0.59908,1.0,6,6,1,0.71653,0.91396,0.0278,0.90003,0.56,0.06002,0.82,0.7,0.06,0.9,0.56,0.06,-1.82892,0.08255,-0.11605,-78.58118,0.1248,64.51563,double_rcm_log_20260616_132745_154.csv,32.51288,Unknown,Task2_TargetRCM_EntryCone,0.0,5.178630629542556,14.554171991737002,14.569046815982153,0.01166804769608468,0.032839938161637466,0.03605551275461822,0.5330767274840866,2.242906079624684,41.24221671310553,0.6328374317526536,3.671044102615812
23.33035,0.03014,33.17971,Done,Target,161.2739,14.31482,5.09505,0.06925,0.06925,1.0,0.06925,5.09505,0.0,0.0,0.0,0.59908,1.0,6,6,1,0.71622,0.91383,0.02829,0.90006,0.56,0.06004,0.82,0.7,0.06,0.9,0.56,0.06,-1.86504,0.06785,-0.10775,-78.48927,0.16595,64.51251,double_rcm_log_20260616_132745_154.csv,33.17971,Unknown,Task2_TargetRCM_EntryCone,0.0,5.094945410778974,14.319606011115177,14.33377153859282,0.023333940776220894,0.06567987632328053,0.07211102550924028,0.5110867302188951,3.9302012993927558,42.830819866458874,0.8509362602966906,4.335402228600825
23.36057,0.03022,33.09377,Done,Target,161.2802,14.16903,5.0436,0.08433,0.08433,1.0,0.08433,5.0436,0.0,0.0,0.0,0.59908,1.0,6,6,1,0.71603,0.91375,0.02859,0.90007,0.56,0.06005,0.82,0.7,0.06,0.9,0.56,0.06,-1.88752,0.05721,-0.0998,-78.4346,0.19502,64.51235,double_rcm_log_20260616_132745_154.csv,33.09377,Unknown,Task2_TargetRCM_EntryCone,0.0,5.043942399969056,14.176631804907647,14.190376299563964,0.02795906221538774,0.07870099207664434,0.0860232526704389,0.36941971869997803,3.646289644461564,74.73518495731825,0.9721806191066533,5.860309111497205
23.39094,0.03037,32.92572,Done,Target,161.2864,14.00517,4.98566,0.09927,0.09927,1.0,0.09927,4.98566,0.0,0.0,0.0,0.59908,1.0,6,6,1,0.71582,0.91366,0.02893,0.90008,0.56,0.06005,0.82,0.7,0.06,0.9,0.56,0.06,-1.9133,0.04319,-0.08743,-78.37586,0.23391,64.5139,double_rcm_log_20260616_132745_154.csv,32.92572,Unknown,Task2_TargetRCM_EntryCone,0.0,4.985131644856014,14.01175659941758,14.025026057687977,0.030403350058997157,0.08558396686653422,0.0943398113205405,0.4022986770707817,1.2195450329631141,81.35243432483679,1.1309486350152393,9.031238555606873
23.451,0.0302,33.11503,Done,Target,161.2985,13.62964,4.85277,0.12857,0.12857,1.0,0.12857,4.85277,0.0,0.0,0.0,0.59908,1.0,6,6,1,0.71532,0.91346,0.0297,0.90011,0.56,0.06007,0.82,0.7,0.06,0.9,0.56,0.06,-1.97455,-0.00717,-0.02773,-78.2553,0.35231,64.53138,double_rcm_log_20260616_132745_154.csv,33.11503,Unknown,Task2_TargetRCM_EntryCone,0.0,4.85270448936964,13.640444968661265,13.65268508674517,0.04206169279681632,0.11841257729451367,0.13038404810400564,0.5049063115151274,1.2390807790833862,29.463535909653746,1.7064704456017807,24.792728707075558
23.48177,0.03077,32.49526,Done,Target,161.3049,13.41118,4.77537,0.14352,0.14352,1.0,0.14352,4.77537,0.0,0.0,0.0,0.59908,1.0,6,6,1,0.71503,0.91334,0.03015,0.90012,0.56,0.06008,0.82,0.7,0.06,0.9,0.56,0.06,-2.01208,-0.05499,0.03895,-78.19716,0.44607,64.55523,double_rcm_log_20260616_132745_154.csv,32.49526,Unknown,Task2_TargetRCM_EntryCone,0.0,4.775677751428673,13.424436558852872,13.436103184080224,0.04665926131533819,0.13135975264664557,0.14422205101856908,0.4248653687556339,1.5488520293317969,31.65772610863144,2.4968627058038164,52.93405573153201
23.54217,0.03046,32.82612,Done,Target,161.3172,12.93077,4.60517,0.17172,0.17172,1.0,0.17172,4.60517,0.0,0.0,0.0,0.59908,1.0,6,6,1,0.71439,0.91307,0.03114,0.90014,0.56,0.06009,0.82,0.7,0.06,0.9,0.56,0.06,-2.10211,-0.28295,0.39964,-78.12102,0.75321,64.69723,double_rcm_log_20260616_132745_154.csv,32.82612,Unknown,Task2_TargetRCM_EntryCone,0.0,4.604688542178004,12.944840207588387,12.955298342692172,0.05371962758029918,0.15124610611645742,0.16643316977095665,0.48019188134885554,2.6278501700678003,66.68256485250667,8.009802668674407,202.17448129567663
23.603,0.03115,32.10468,Done,Target,161.3308,12.38516,4.41215,0.19889,0.19889,1.0,0.19889,4.41215,0.0,0.0,0.0,0.59908,1.0,6,6,1,0.71357,0.9127,0.03221,0.90017,0.56,0.06011,0.82,0.7,0.06,0.9,0.56,0.06,-2.22581,-1.11563,1.81274,-78.18403,1.38544,65.26354,double_rcm_log_20260616_132745_154.csv,32.10468,Unknown,Task2_TargetRCM_EntryCone,0.0,4.411767864122313,12.40359152741969,12.41278979014205,0.06537621889185652,0.18408192156253153,0.20248456731316825,0.29691890562145973,9.243574497216489,284.0183404003744,26.632080695705096,625.5378401994491
23.633,0.03,33.33199,Done,Target,161.3376,12.11331,4.31702,0.20721,0.20721,1.0,0.20721,4.31702,0.0,0.0,0.0,0.59908,1.0,6,6,1,0.71289,0.91237,0.03259,0.90017,0.55999,0.06011,0.82,0.7,0.06,0.9,0.56,0.06,-2.30782,-2.25888,3.7838,-78.34034,1.95477,66.02316,double_rcm_log_20260616_132745_154.csv,33.33199,Unknown,Task2_TargetRCM_EntryCone,0.0,4.317427952405628,12.138864575522344,12.14748542292133,0.06396860903002807,0.1801281595035705,0.20273134932713852,0.23512032278991862,19.547257749039915,223.23210269841837,49.98757006358156,860.3795760302924
23.66315,0.03015,33.16777,Done,Target,161.3364,11.9338,4.25648,0.19332,0.19332,1.0,0.19332,4.25648,0.0,0.0,0.0,0.59908,1.0,6,6,1,0.71131,0.9115,0.03231,0.90016,0.55999,0.06011,0.82,0.7,0.06,0.9,0.56,0.06,-2.40749,-4.57775,7.77005,-78.62749,2.81273,67.42645,double_rcm_log_20260616_132745_154.csv,33.16777,Unknown,Task2_TargetRCM_EntryCone,0.0,4.257056993301764,11.969440489174918,11.977704813164658,0.06155764387449911,0.17333382642920353,0.19442222095218756,0.9512577794854402,21.688929174945894,137.7512920762559,78.14145122622035,557.3005601419816
23.72295,0.0299,33.44209,Done,Target,161.2737,13.37698,4.76835,0.06062,0.06062,1.0,0.06062,4.76835,0.0,0.0,0.0,0.59908,1.0,6,6,1,0.70207,0.90597,0.02678,0.90005,0.56,0.06003,0.82,0.7,0.06,0.9,0.56,0.06,-2.57897,-11.97503,20.13529,-79.24629,4.75037,70.56606,double_rcm_log_20260616_132745_154.csv,33.44209,Unknown,Task2_TargetRCM_EntryCone,0.0,4.768390574304134,13.403999645383056,13.415612961345984,0.01874786175093261,0.05276945503428619,0.058309518948449435,1.5358368952350923,10.32358552340686,337.2138807505254,65.18624398606053,695.1236817168627
23.75441,0.03146,31.78508,Done,Target,161.2557,14.23876,5.07007,0.02317,0.02317,1.0,0.02317,5.07007,0.0,0.0,0.0,0.59908,1.0,6,6,1,0.69851,0.90375,0.02494,0.90002,0.56,0.06001,0.82,0.7,0.06,0.9,0.56,0.06,-2.63382,-13.82293,23.10775,-79.28619,5.15669,71.02321,double_rcm_log_20260616_132745_154.csv,31.78508,Unknown,Task2_TargetRCM_EntryCone,0.0,5.069611171870294,14.248589209107307,14.262544542886374,0.007119882123765445,0.02003842462718477,0.022360679775017156,0.879350439564199,17.709566182225252,95.95402150844266,35.620512364522334,756.5488505999281
23.8146,0.0304,32.8965,Done,Target,161.2473,14.65512,5.21504,0.00438,0.00438,1.0,0.00438,5.21508,0.0,0.0,0.0,0.59908,1.0,6,6,1,0.69536,0.90185,0.02455,0.9,0.56,0.06,0.82,0.7,0.06,0.9,0.56,0.06,-2.73909,-15.04553,25.01146,-79.11089,5.46082,71.23267,double_rcm_log_20260616_132745_154.csv,32.8965,Unknown,Task2_TargetRCM_EntryCone,0.0,5.215086659926872,14.65634695892926,14.671538033349306,0.0,0.0,0.0,0.1862279001003916,7.30778755153498,138.48820763916146,11.788745515370788,238.03715862977117
23.8751,0.03062,32.65383,Done,Target,161.2464,14.69084,5.22742,0.00256,0.00256,1.0,0.00256,5.22742,0.0,0.0,0.0,0.59908,1.0,6,6,1,0.69317,0.9006,0.02513,0.9,0.56,0.06,0.82,0.7,0.06,0.9,0.56,0.06,-2.85223,-15.67762,25.95489,-78.85423,5.65609,71.29857,double_rcm_log_20260616_132745_154.csv,32.65383,Unknown,Task2_TargetRCM_EntryCone,0.0,5.227381382829574,14.690803925130913,14.706102655882827,0.0,0.0,0.0,3.972054645195637e-12,1.038187638125514,57.23097223677764,7.361009990068714,38.60546969892361
23.90589,0.03079,32.47972,Done,Target,161.2464,14.69608,5.22926,0.00224,0.00224,1.0,0.00224,5.22926,0.0,0.0,0.0,0.59908,1.0,6,6,1,0.69211,0.89998,0.02552,0.9,0.56,0.06,0.82,0.7,0.06,0.9,0.56,0.06,-2.91227,-15.95866,26.36669,-78.71255,5.7492,71.31954,double_rcm_log_20260616_132745_154.csv,32.47972,Unknown,Task2_TargetRCM_EntryCone,0.0,5.2284797242949725,14.69388208400149,14.709190456824876,0.0,0.0,0.0,0.0,5.8076675521890383e-11,16.83174697902913,6.830824246107736,17.0339148216842
23.93658,0.03069,32.5788,Done,Target,161.246,14.70065,5.23087,0.00198,0.00198,1.0,0.00198,5.23087,0.0,0.0,0.0,0.59908,1.0,6,6,1,0.69106,0.89938,0.02594,0.9,0.56,0.06,0.82,0.7,0.06,0.9,0.56,0.06,-2.97364,-16.22181,26.74797,-78.56525,5.83975,71.33458,double_rcm_log_20260616_132745_154.csv,32.5788,Unknown,Task2_TargetRCM_EntryCone,0.0,5.230961617936559,14.70083769965052,14.716167875323029,0.0,0.0,0.0,2.220446049250313e-12,4.962810237443468e-11,1.5523468967978275e-09,6.444275040312293,14.476054364134248
23.99683,0.03039,32.91068,Done,Target,161.2459,14.70962,5.23394,0.00153,0.00153,1.0,0.00153,5.23394,0.0,0.0,0.0,0.59908,1.0,6,6,1,0.68904,0.89823,0.0269,0.9,0.56,0.06,0.82,0.7,0.06,0.9,0.56,0.06,-3.09827,-16.69152,27.41634,-78.25955,6.01138,71.34929,double_rcm_log_20260616_132745_154.csv,32.91068,Unknown,Task2_TargetRCM_EntryCone,0.0,5.233862430021781,14.708967317626225,14.724323002460501,0.0,0.0,0.0,3.978256139440565e-12,2.0267285421357808e-11,2.2221752707135923e-09,5.74046236213503,14.164001286927753
24.0269,0.03008,33.25018,Done,Target,161.2459,14.71363,5.2354,0.00163,0.00163,1.0,0.00163,5.2354,0.0,0.0,0.0,0.59908,1.0,6,6,1,0.68806,0.89767,0.02744,0.9,0.56,0.06,0.82,0.7,0.06,0.9,0.56,0.06,-3.16242,-16.90322,27.71131,-78.09916,6.09411,71.35014,double_rcm_log_20260616_132745_154.csv,33.25018,Unknown,Task2_TargetRCM_EntryCone,0.0,5.234803693463223,14.711605230207118,14.726969198397342,0.0,0.0,0.0,2.51214793389404e-12,1.0251536685000316e-10,1.3199459860481662e-09,5.3970025572283,13.855554077965747
24.05815,0.03125,32.00237,Done,Target,161.2458,14.71633,5.2363,0.00137,0.00137,1.0,0.00137,5.2363,0.0,0.0,0.0,0.59908,1.0,6,6,1,0.68706,0.8971,0.02804,0.9,0.56,0.06,0.82,0.7,0.06,0.9,0.56,0.06,-3.23032,-17.10609,27.9891,-77.92725,6.17778,71.34688,double_rcm_log_20260616_132745_154.csv,32.00237,Unknown,Task2_TargetRCM_EntryCone,0.0,5.235883630830087,14.71463177478273,14.730005250361573,0.0,0.0,0.0,2.5146000066436358e-12,9.228179514829368e-11,8.839929727841152e-10,5.069656656043939,13.14995371947902
24.11905,0.03119,32.05906,Done,Target,161.2456,14.72372,5.23888,0.00099,0.00099,1.0,0.00099,5.23888,0.0,0.0,0.0,0.59908,1.0,6,6,1,0.68517,0.89602,0.02932,0.9,0.56,0.06,0.82,0.7,0.06,0.9,0.56,0.06,-3.36606,-17.45904,28.45904,-77.57819,6.33545,71.33057,double_rcm_log_20260616_132745_154.csv,32.05906,Unknown,Task2_TargetRCM_EntryCone,0.0,5.238494281661022,14.721948150743007,14.73734462576367,0.0,0.0,0.0,0.0,1.3864795164269922e-11,1.6869094721054346e-09,4.516686174017085,12.698421717807317
24.14948,0.03043,32.85912,Done,Target,161.2456,14.72781,5.24023,0.00068,0.00068,1.0,0.00068,5.24023,0.0,0.0,0.0,0.59908,1.0,6,6,1,0.68426,0.89549,0.03001,0.9,0.56,0.06,0.82,0.7,0.06,0.9,0.56,0.06,-3.43541,-17.61373,28.65769,-77.39722,6.41135,71.31804,double_rcm_log_20260616_132745_154.csv,32.85912,Unknown,Task2_TargetRCM_EntryCone,0.0,5.240507674885456,14.727590685207689,14.743004913571273,0.0,0.0,0.0,1.1102230246251565e-13,6.478562867601987e-11,4.4925511000009703e-10,4.253541566013434,12.6943266684765
24.18006,0.03057,32.70694,Done,Target,161.2455,14.73112,5.24146,0.0007,0.0007,1.0,0.0007,5.24146,0.0,0.0,0.0,0.59908,1.0,6,6,1,0.68336,0.89498,0.03075,0.9,0.56,0.06,0.82,0.7,0.06,0.9,0.56,0.06,-3.50597,-17.75411,28.83241,-77.2113,6.48552,71.3028,double_rcm_log_20260616_132745_154.csv,32.70694,Unknown,Task2_TargetRCM_EntryCone,0.0,5.241240430103814,14.729644227176703,14.745064920083554,0.0,0.0,0.0,3.972054645195637e-12,4.042941935534003e-11,1.5259149690365796e-09,4.010933228485359,12.50191936049839
24.21024,0.03019,33.12804,Done,Target,161.2456,14.73476,5.24266,0.00054,0.00054,1.0,0.00054,5.24266,0.0,0.0,0.0,0.59908,1.0,6,6,1,0.6825,0.89448,0.03151,0.9,0.56,0.06,0.82,0.7,0.06,0.9,0.56,0.06,-3.57644,-17.87866,28.98173,-77.02396,6.55678,71.28549,double_rcm_log_20260616_132745_154.csv,33.12804,Unknown,Task2_TargetRCM_EntryCone,0.0,5.242658523008676,14.73361841693182,14.749051625726763,0.0,0.0,0.0,2.5146000066436358e-12,2.9776996302647644e-11,1.727101105149542e-09,3.7946387879634744,12.380091627607344
24.24067,0.03042,32.86975,Done,Target,161.2453,14.73786,5.24374,0.0003,0.0003,1.0,0.0003,5.24374,0.0,0.0,0.0,0.59908,1.0,6,6,1,0.68165,0.894,0.03231,0.9,0.56,0.06,0.82,0.7,0.06,0.9,0.56,0.06,-3.64816,-17.98962,29.10833,-76.83157,6.62647,71.26594,double_rcm_log_20260616_132745_154.csv,32.86975,Unknown,Task2_TargetRCM_EntryCone,0.0,5.24397034629434,14.73729477921269,14.752739572000262,0.0,0.0,0.0,2.5219419200973695e-12,6.546431498160753e-11,1.0799244737939007e-09,3.6007647053404965,12.254251284351794
24.27107,0.03041,32.88632,Done,Target,161.2454,14.74117,5.2449,0.00027,0.00027,1.0,0.00027,5.2449,0.0,0.0,0.0,0.59908,1.0,6,6,1,0.68083,0.89353,0.03315,0.9,0.56,0.06,0.82,0.7,0.06,0.9,0.56,0.06,-3.72048,-18.08638,29.21173,-76.63593,6.69401,71.24455,double_rcm_log_20260616_132745_154.csv,32.88632,Unknown,Task2_TargetRCM_EntryCone,0.0,5.244380292024114,14.738443643512005,14.753892057493818,0.0,0.0,0.0,1.7798229048217483e-12,8.28220685046096e-11,1.4988076162494807e-09,3.4364535281245048,12.132410236110157
24.30175,0.03068,32.59894,Done,Target,161.2454,14.74423,5.24602,0.00032,0.00032,1.0,0.00032,5.24602,0.0,0.0,0.0,0.59908,1.0,6,6,1,0.68003,0.89307,0.03402,0.9,0.56,0.06,0.82,0.7,0.06,0.9,0.56,0.06,-3.79397,-18.1695,29.29246,-76.43544,6.75988,71.22124,double_rcm_log_20260616_132745_154.csv,32.59894,Unknown,Task2_TargetRCM_EntryCone,0.0,5.245758843866083,14.742307000566202,14.757767595927666,0.0,0.0,0.0,2.5146000066436358e-12,2.917808594568771e-11,2.0160243177008263e-09,3.300726583045809,12.038346284261648
24.33231,0.03056,32.72546,Done,Target,161.2452,14.7475,5.2471,8e-05,8e-05,1.0,8e-05,5.2471,0.0,0.0,0.0,0.59908,1.0,6,6,1,0.67926,0.89263,0.03492,0.9,0.56,0.06,0.82,0.7,0.06,0.9,0.56,0.06,-3.86762,-18.23804,29.34974,-76.23283,6.8232,71.19647,double_rcm_log_20260616_132745_154.csv,32.72546,Unknown,Task2_TargetRCM_EntryCone,0.0,5.246704016664938,14.744955818761117,14.760424769706585,0.0,0.0,0.0,0.0,4.09730408860807e-11,6.68289539132475e-10,3.2012589043825326,11.993413888698344
24.36262,0.03032,32.9856,Done,Target,161.2453,14.7507,5.24822,0.00018,0.00018,1.0,0.00018,5.24822,0.0,0.0,0.0,0.59908,1.0,6,6,1,0.67852,0.89221,0.03584,0.9,0.56,0.06,0.82,0.7,0.06,0.9,0.56,0.06,-3.94102,-18.29194,29.3838,-76.02921,6.88365,71.17053,double_rcm_log_20260616_132745_154.csv,32.9856,Unknown,Task2_TargetRCM_EntryCone,0.0,5.24810047988473,14.748869357373628,14.76435065893919,0.0,0.0,0.0,0.0,2.8563879330994806e-11,1.7342280670369855e-09,3.1364728726803337,11.994687829559412
24.39345,0.03083,32.43975,Done,Target,161.2452,14.75388,5.24927,0.00029,0.00029,1.0,0.00029,5.24927,0.0,0.0,0.0,0.59908,1.0,6,6,1,0.6778,0.89179,0.03681,0.9,0.56,0.06,0.82,0.7,0.06,0.9,0.56,0.06,-4.01587,-18.33217,29.395,-75.81982,6.94255,71.14286,double_rcm_log_20260616_132745_154.csv,32.43975,Unknown,Task2_TargetRCM_EntryCone,0.0,5.249306570194293,14.752249375610514,14.767741349383456,0.0,0.0,0.0,1.7763568394002505e-12,6.721628379592219e-11,9.38358453493103e-10,3.1097722721156513,11.937078498516094
24.42362,0.03017,33.14125,Done,Target,161.2451,14.75679,5.25039,0.00013,0.00013,1.0,0.00013,5.25039,0.0,0.0,0.0,0.59908,1.0,6,6,1,0.67712,0.89141,0.03779,0.9,0.56,0.06,0.82,0.7,0.06,0.9,0.56,0.06,-4.0893,-18.35752,29.38342,-75.61268,6.99768,71.11461,double_rcm_log_20260616_132745_154.csv,33.14125,Unknown,Task2_TargetRCM_EntryCone,0.0,5.249633361097413,14.7531651924826,14.768660058740528,0.0,0.0,0.0,3.978256139440565e-12,2.995932225176209e-11,1.1553619634997864e-09,3.122219810179775,11.893643338648515
24.454,0.03038,32.9192,Done,Target,161.2452,14.76003,5.25143,0.00038,0.00038,1.0,0.00038,5.25143,0.0,0.0,0.0,0.59908,1.0,6,6,1,0.67647,0.89103,0.03879,0.9,0.56,0.06,0.82,0.7,0.06,0.9,0.56,0.06,-4.16326,-18.3689,29.34919,-75.40233,7.05048,71.0851,double_rcm_log_20260616_132745_154.csv,32.9192,Unknown,Task2_TargetRCM_EntryCone,0.0,5.251577896600321,14.758614656226532,14.77412674135893,0.0,0.0,0.0,0.0,3.041110063685693e-12,7.366333525566232e-10,3.1705582511954353,11.921782533262611
24.48494,0.03094,32.3247,Done,Target,161.245,14.76324,5.25255,0.00051,0.00051,1.0,0.00051,5.25255,0.0,0.0,0.0,0.59908,1.0,6,6,1,0.67583,0.89067,0.03984,0.9,0.56,0.06,0.82,0.7,0.06,0.9,0.56,0.06,-4.23848,-18.36596,29.29118,-75.1865,7.10135,71.05404,double_rcm_log_20260616_132745_154.csv,32.3247,Unknown,Task2_TargetRCM_EntryCone,0.0,5.2533145790114215,14.763481607678754,14.779009081919096,0.0,0.0,0.0,3.9736059261160154e-12,3.1909551577165675e-11,1.0477017147732405e-09,3.2585431549631863,11.93862132731813
24.51528,0.03034,32.95779,Done,Target,161.2451,14.76637,5.25356,0.0008,0.0008,1.0,0.0008,5.25356,0.0,0.0,0.0,0.59908,1.0,6,6,1,0.67524,0.89033,0.0409,0.9,0.56,0.06,0.82,0.7,0.06,0.9,0.56,0.06,-4.31212,-18.34858,29.21124,-74.97337,7.14828,71.02254,double_rcm_log_20260616_132745_154.csv,32.95779,Unknown,Task2_TargetRCM_EntryCone,0.0,5.2542999000741055,14.766242906620388,14.781779116519127,0.0,0.0,0.0,1.7798229048217483e-12,6.642383742591344e-11,9.815183322883906e-10,3.3779113721214027,11.890619789425246
24.54593,0.03065,32.6293,Done,Target,161.245,14.76941,5.25475,0.00061,0.00061,1.0,0.00061,5.25475,0.0,0.0,0.0,0.59908,1.0,6,6,1,0.67468,0.89001,0.04199,0.9,0.56,0.06,0.82,0.7,0.06,0.9,0.56,0.06,-4.38621,-18.31673,29.10785,-74.75702,7.19258,70.98977,double_rcm_log_20260616_132745_154.csv,32.6293,Unknown,Task2_TargetRCM_EntryCone,0.0,5.254856900493738,14.767803862560335,14.783345012161467,0.0,0.0,0.0,1.1102230246251565e-13,2.915074907407687e-11,7.047198746701597e-10,3.5274694652905585,11.971039305179161
24.57683,0.03091,32.35506,Done,Target,161.2451,14.77274,5.25587,0.00074,0.00074,1.0,0.00074,5.25587,0.0,0.0,0.0,0.59908,1.0,6,6,1,0.67415,0.8897,0.04311,0.9,0.56,0.06,0.82,0.7,0.06,0.9,0.56,0.06,-4.46053,-18.26991,28.98031,-74.53794,7.23394,70.95573,double_rcm_log_20260616_132745_154.csv,32.35506,Unknown,Task2_TargetRCM_EntryCone,0.0,5.255838575639272,14.770554937250886,14.786104795286802,0.0,0.0,0.0,0.0,2.952300272935354e-11,2.6348494152667244e-10,3.7090750566544832,12.020552418550297
24.60722,0.03039,32.91066,Done,Target,161.2448,14.77581,5.25684,0.00114,0.00114,1.0,0.00114,5.25684,0.0,0.0,0.0,0.59908,1.0,6,6,1,0.67366,0.88942,0.04423,0.9,0.56,0.06,0.82,0.7,0.06,0.9,0.56,0.06,-4.53315,-18.20904,28.83152,-74.32183,7.27113,70.92126,double_rcm_log_20260616_132745_154.csv,32.91066,Unknown,Task2_TargetRCM_EntryCone,0.0,5.256695529002438,14.772956484483139,14.78851394720517,0.0,0.0,0.0,1.7763568394002505e-12,1.4885269549005846e-11,1.6684998033725116e-09,3.907958023198327,11.992210659986446
24.6382,0.03098,32.28119,Done,Target,161.2447,14.77919,5.25807,0.00123,0.00123,1.0,0.00123,5.25807,0.0,0.0,0.0,0.59908,1.0,6,6,1,0.67319,0.88916,0.04539,0.9,0.56,0.06,0.82,0.7,0.06,0.9,0.56,0.06,-4.60654,-18.13255,28.65709,-74.10125,7.30548,70.88509,double_rcm_log_20260616_132745_154.csv,32.28119,Unknown,Task2_TargetRCM_EntryCone,0.0,5.2577270425278355,14.775847219034533,14.791413838791918,0.0,0.0,0.0,9.930136612989092e-13,7.379754735935221e-11,5.030058258716087e-10,4.1321566751656285,12.103255044811368
24.69854,0.03058,32.69909,Done,Target,161.2447,14.78519,5.26016,0.00129,0.00129,1.0,0.00129,5.26016,0.0,0.0,0.0,0.59908,1.0,6,6,1,0.67238,0.88869,0.0477,0.9,0.56,0.06,0.82,0.7,0.06,0.9,0.56,0.06,-4.74741,-17.93927,28.24766,-73.67113,7.36099,70.81112,double_rcm_log_20260616_132745_154.csv,32.69909,Unknown,Task2_TargetRCM_EntryCone,0.0,5.261070767297071,14.785217708627284,14.800814036258137,0.0,0.0,0.0,3.978256139440565e-12,6.956602345075064e-11,1.2214483933791346e-09,4.627669109043125,12.202594905885833
24.72915,0.0306,32.67679,Done,Target,161.2447,14.78854,5.26135,0.00143,0.00143,1.0,0.00143,5.26135,0.0,0.0,0.0,0.59908,1.0,6,6,1,0.67203,0.88849,0.04889,0.9,0.56,0.06,0.82,0.7,0.06,0.9,0.56,0.06,-4.81755,-17.81924,28.00548,-73.45341,7.3831,70.77168,double_rcm_log_20260616_132745_154.csv,32.67679,Unknown,Task2_TargetRCM_EntryCone,0.0,5.261386927596617,14.78610371698319,14.801702855545322,0.0,0.0,0.0,0.0,2.4163278882618344e-11,2.0881543949794953e-09,4.897460073827005,12.33510463633902
24.76017,0.03103,32.22665,Done,Target,161.2446,14.79226,5.26265,0.00162,0.00162,1.0,0.00162,5.26265,0.0,0.0,0.0,0.59908,1.0,6,6,1,0.6717,0.8883,0.05012,0.9,0.56,0.06,0.82,0.7,0.06,0.9,0.56,0.06,-4.88762,-17.68246,27.73627,-73.23325,7.40115,70.73024,double_rcm_log_20260616_132745_154.csv,32.22665,Unknown,Task2_TargetRCM_EntryCone,0.0,5.263248843960823,14.791321546581962,14.806937245997439,0.0,0.0,0.0,5.425345383112397e-12,5.847961466540303e-11,7.24698136425512e-10,5.189115151202101,12.661447568595413
24.82103,0.03098,32.27639,Done,Target,161.2444,14.79901,5.26492,0.00202,0.00202,1.0,0.00202,5.26492,0.0,0.0,0.0,0.59908,1.0,6,6,1,0.67117,0.888,0.05255,0.9,0.56,0.06,0.82,0.7,0.06,0.9,0.56,0.06,-5.02166,-17.3678,27.13545,-72.80377,7.42253,70.64369,double_rcm_log_20260616_132745_154.csv,32.27639,Unknown,Task2_TargetRCM_EntryCone,0.0,5.265743936013173,14.79831376159798,14.813951672023391,0.0,0.0,0.0,5.0292000132872716e-12,3.528160918776142e-11,1.1745895658957425e-09,5.8147652192792565,12.684463580429172
24.85123,0.0302,33.10781,Done,Target,161.2443,14.80171,5.26589,0.00212,0.00212,1.0,0.00212,5.26589,0.0,0.0,0.0,0.59908,1.0,6,6,1,0.67097,0.88788,0.05377,0.9,0.56,0.06,0.82,0.7,0.06,0.9,0.56,0.06,-5.08633,-17.18822,26.8005,-72.59203,7.42572,70.59769,double_rcm_log_20260616_132745_154.csv,33.10781,Unknown,Task2_TargetRCM_EntryCone,0.0,5.266060090401938,14.799199746732203,14.81484047302774,0.0,0.0,0.0,1.7763568394002505e-12,9.288412632499188e-11,9.050177081949109e-10,6.123690147816468,12.733234377789769
24.88211,0.03087,32.39011,Done,Target,161.2443,14.80604,5.26734,0.00245,0.00245,1.0,0.00245,5.26734,0.0,0.0,0.0,0.59908,1.0,6,6,1,0.67079,0.88778,0.05502,0.9,0.56,0.06,0.82,0.7,0.06,0.9,0.56,0.06,-5.15096,-16.99018,26.43541,-72.37731,7.42399,70.54843,double_rcm_log_20260616_132745_154.csv,32.39011,Unknown,Task2_TargetRCM_EntryCone,0.0,5.267830913060297,14.804162258633129,14.819818763236691,0.0,0.0,0.0,2.51214793389404e-12,6.487276579858299e-11,2.3887386121806433e-09,6.456457872027263,13.413586546330626
24.91276,0.03065,32.62471,Done,Target,161.2442,14.80946,5.26853,0.00265,0.00265,1.0,0.00265,5.26853,0.0,0.0,0.0,0.59908,1.0,6,6,1,0.67065,0.8877,0.05627,0.9,0.56,0.06,0.82,0.7,0.06,0.9,0.56,0.06,-5.21361,-16.77667,26.04636,-72.16547,7.41648,70.49679,double_rcm_log_20260616_132745_154.csv,32.62471,Unknown,Task2_TargetRCM_EntryCone,0.0,5.269524964506604,14.808909615454406,14.824581224245179,0.0,0.0,0.0,2.5146000066436358e-12,6.523461157881719e-11,9.591879399571822e-10,6.820233817938572,13.693053427644413
24.94314,0.03038,32.916,Done,Target,161.2441,14.81274,5.26968,0.00271,0.00271,1.0,0.00271,5.26968,0.0,0.0,0.0,0.59908,1.0,6,6,1,0.67056,0.88764,0.05752,0.9,0.56,0.06,0.82,0.7,0.06,0.9,0.56,0.06,-5.27412,-16.54869,25.63496,-71.95708,7.40318,70.44254,double_rcm_log_20260616_132745_154.csv,32.916,Unknown,Task2_TargetRCM_EntryCone,0.0,5.2698882369811155,14.809927637196411,14.82560248619344,0.0,0.0,0.0,1.7798229048217483e-12,2.8293956167356273e-11,2.132374626531508e-09,7.1739700233421395,13.863059244962134
24.97371,0.03057,32.71518,Done,Target,161.2439,14.8167,5.2711,0.00311,0.00311,1.0,0.00311,5.2711,0.0,0.0,0.0,0.59908,1.0,6,6,1,0.67049,0.88761,0.05877,0.9,0.56,0.06,0.82,0.7,0.06,0.9,0.56,0.06,-5.33327,-16.30361,25.19627,-71.7494,7.38386,70.38474,double_rcm_log_20260616_132745_154.csv,32.71518,Unknown,Task2_TargetRCM_EntryCone,0.0,5.27154970657917,14.81458367236658,14.830273346519903,0.0,0.0,0.0,3.978256139440565e-12,6.445162993232431e-11,1.9647703769323594e-09,7.555458282706699,13.74593896687219
25.00374,0.03003,33.30086,Done,Target,161.2439,14.81977,5.27214,0.00328,0.00328,1.0,0.00328,5.27214,0.0,0.0,0.0,0.59908,1.0,6,6,1,0.67047,0.88759,0.06,0.9,0.56,0.06,0.82,0.7,0.06,0.9,0.56,0.06,-5.38964,-16.04523,24.73742,-71.54702,7.35828,70.32404,double_rcm_log_20260616_132745_154.csv,33.30086,Unknown,Task2_TargetRCM_EntryCone,0.0,5.272603117139882,14.817535701042866,14.833234779529773,0.0,0.0,0.0,2.51214793389404e-12,9.382143963545632e-11,1.951474144012211e-09,7.906026097253284,13.674829988894016
25.03533,0.0316,31.64765,Done,Target,161.2436,14.82626,5.27444,0.00374,0.00374,1.0,0.00374,5.27444,0.0,0.0,0.0,0.59908,1.0,6,6,1,0.67048,0.88759,0.06129,0.9,0.56,0.06,0.82,0.7,0.06,0.9,0.56,0.06,-5.44687,-15.75965,24.23294,-71.33703,7.32527,70.25639,double_rcm_log_20260616_132745_154.csv,31.64765,Unknown,Task2_TargetRCM_EntryCone,0.0,5.274658471324379,14.823295515428027,14.839012953922483,0.0,0.0,0.0,1.9868029630580077e-12,5.152719729873504e-11,1.6504339437193782e-09,8.302909223863999,15.047827435348596
25.09622,0.03116,32.09195,Done,Target,161.2435,14.83399,5.27708,0.00434,0.00434,1.0,0.00434,5.27708,0.0,0.0,0.0,0.59908,1.0,6,6,1,0.67061,0.88767,0.06377,0.9,0.56,0.06,0.82,0.7,0.06,0.9,0.56,0.06,-5.55112,-15.14937,23.16518,-70.93755,7.23793,70.10997,double_rcm_log_20260616_132745_154.csv,32.09195,Unknown,Task2_TargetRCM_EntryCone,0.0,5.277228198229083,14.830496753516012,14.84623716691015,0.0,0.0,0.0,2.220446049250313e-13,1.131078678982702e-11,2.913259595897677e-10,9.245438405299488,16.219778556151322
25.12625,0.03002,33.30568,Done,Target,161.2431,14.83681,5.27804,0.00476,0.00476,1.0,0.00476,5.27804,0.0,0.0,0.0,0.59908,1.0,6,6,1,0.67073,0.88774,0.06498,0.9,0.56,0.06,0.82,0.7,0.06,0.9,0.56,0.06,-5.59936,-14.81965,22.59253,-70.7434,7.18272,70.02891,double_rcm_log_20260616_132745_154.csv,33.30568,Unknown,Task2_TargetRCM_EntryCone,0.0,5.27806261202819,14.83283505488746,14.848582933251224,0.0,0.0,0.0,0.0,3.7050313504069094e-12,14.397287640050475,9.684907506398575,14.68510878591993
25.15641,0.03017,33.14942,Done,Target,161.2429,14.84118,5.27957,0.00533,0.00533,1.0,0.00533,5.27957,0.0,0.0,0.0,0.59908,1.0,6,6,1,0.67088,0.88782,0.06619,0.9,0.56,0.06,0.82,0.7,0.06,0.9,0.56,0.06,-5.64554,-14.47193,21.99072,-70.55084,7.11937,69.94129,double_rcm_log_20260616_132745_154.csv,33.14942,Unknown,Task2_TargetRCM_EntryCone,0.0,5.280364696372241,14.83928623459251,14.855054720471749,0.0,0.0,0.0,0.0,0.870324140215673,19.26020762696501,10.054010870571462,15.447514673362159
25.18838,0.03197,31.28248,Done,Target,161.2425,14.84972,5.28253,0.00603,0.00603,1.0,0.00603,5.28253,0.0,0.0,0.0,0.59908,1.0,6,6,1,0.67107,0.88793,0.06745,0.9,0.56,0.06,0.82,0.7,0.06,0.9,0.56,0.06,-5.69184,-14.08902,21.32972,-70.35033,7.04434,69.8418,double_rcm_log_20260616_132745_154.csv,31.28248,Unknown,Task2_TargetRCM_EntryCone,0.0,5.282868801729348,14.8463035148586,14.862094437074216,0.0,0.0,0.0,0.057318350313195765,1.1608542378325315,20.924316174645583,10.577446212212475,18.646694228531665
25.24877,0.03043,32.86364,Done,Target,161.242,14.85689,5.28506,0.00725,0.00725,1.0,0.00725,5.28506,0.0,0.0,0.0,0.59908,1.0,6,6,1,0.67155,0.8882,0.06982,0.89999,0.56,0.06,0.82,0.7,0.06,0.9,0.56,0.06,-5.77175,-13.28689,19.95282,-69.97419,6.8679,69.624,double_rcm_log_20260616_132745_154.csv,32.86364,Unknown,Task2_TargetRCM_EntryCone,0.0,5.284706650790007,14.851453720190833,14.867261122733899,0.0030852522116496355,0.008682431421294587,0.010000000000065512,0.055324589091299003,3.6064249621030213,20.45146713350114,11.767367450152072,17.969923802999194
25.27907,0.0303,32.99929,Done,Target,161.2415,14.86226,5.28683,0.00811,0.00811,1.0,0.00811,5.28683,0.0,0.0,0.0,0.59908,1.0,6,6,1,0.67184,0.88837,0.07098,0.89999,0.56,0.06,0.82,0.7,0.06,0.9,0.56,0.06,-5.80783,-12.85423,19.21243,-69.78833,6.76368,69.50006,double_rcm_log_20260616_132745_154.csv,32.99929,Unknown,Task2_TargetRCM_EntryCone,0.0,5.285373031373161,14.85332111505431,14.869134495983037,0.0030852522116496355,0.008682431421294587,0.010000000000065512,0.15431419715083994,3.5411113583519636,57.07975976472211,12.238351761066756,18.969004062644476
25.31075,0.03168,31.56397,Done,Target,161.241,14.871,5.28991,0.00928,0.00928,1.0,0.00928,5.28991,0.0,0.0,0.0,0.59908,1.0,6,6,1,0.67216,0.88855,0.07216,0.89999,0.56,0.05999,0.82,0.7,0.06,0.9,0.56,0.06,-5.84247,-12.38525,18.41084,-69.59697,6.64437,69.36012,double_rcm_log_20260616_132745_154.csv,31.56397,Unknown,Task2_TargetRCM_EntryCone,0.0,5.288997945757464,14.863479158697531,14.879325086675706,0.004705925757591394,0.013243285671818985,0.014142135623774532,0.2069845378364632,0.09076635060207996,80.98258542766455,12.887312714880943,22.834928855878776
25.37109,0.03072,32.54893,Done,Target,161.24,14.88066,5.29328,0.0115,0.0115,1.0,0.0115,5.29328,0.0,0.0,0.0,0.59908,1.0,6,6,1,0.67287,0.88895,0.07437,0.89999,0.56,0.05999,0.82,0.7,0.06,0.9,0.56,0.06,-5.89935,-11.3991,16.72987,-69.23096,6.37077,69.04707,double_rcm_log_20260616_132745_154.csv,32.54893,Unknown,Task2_TargetRCM_EntryCone,0.0,5.2941152995265055,14.877819341734845,14.893711292879514,0.004705925757591394,0.013243285671818985,0.014142135623774532,7.327471962526033e-12,1.153246286495345,21.525439535259917,14.371019299780336,24.66347069957472
25.40165,0.03056,32.7238,Done,Target,161.2391,14.88725,5.2955,0.01313,0.01313,1.0,0.01313,5.2955,0.0,0.0,0.0,0.59908,1.0,6,6,1,0.67327,0.88918,0.07544,0.89999,0.56,0.05999,0.82,0.7,0.06,0.9,0.56,0.06,-5.92326,-10.8636,15.81794,-69.04625,6.21064,68.86545,double_rcm_log_20260616_132745_154.csv,32.7238,Unknown,Task2_TargetRCM_EntryCone,0.0,5.295574865695883,14.881909411657428,14.897814505785131,0.004705925757591394,0.013243285671818985,0.014142135623774532,1.9891280697202824e-12,0.45428926072507464,36.242743302015015,15.084292273086437,25.793864019982536
25.46287,0.03132,31.92464,Done,Target,161.2369,14.90138,5.30042,0.01774,0.01774,1.0,0.01774,5.30042,0.0,0.0,0.0,0.59908,1.0,6,6,1,0.67411,0.88966,0.07746,0.89999,0.56,0.05999,0.82,0.7,0.06,0.9,0.56,0.06,-5.96037,-9.70973,13.85346,-68.67325,5.83813,68.44507,double_rcm_log_20260616_132745_154.csv,31.92464,Unknown,Task2_TargetRCM_EntryCone,0.0,5.300513060837352,14.895747399478683,14.911697014366688,0.004705925757591394,0.013243285671818985,0.014142135623774532,0.08352577210057888,1.8384343830623175,14.618255086562389,16.79388203639959,28.079019728113607
25.52318,0.03044,32.84853,Done,Target,161.2342,14.91248,5.30423,0.02316,0.02316,1.0,0.02316,5.30423,0.0,0.0,0.0,0.59908,1.0,6,6,1,0.67499,0.89016,0.07929,0.89998,0.56,0.05999,0.82,0.7,0.06,0.9,0.56,0.06,-5.98127,-8.44393,11.69734,-68.29124,5.38567,67.93647,double_rcm_log_20260616_132745_154.csv,32.84853,Unknown,Task2_TargetRCM_EntryCone,0.0,5.304186430836711,14.90604097708734,14.922023763388816,0.007120758437718775,0.020038424627182798,0.02236067977501405,0.22071900621340665,2.2049832484145435,86.10005258950542,18.37640231876382,29.233631175818633
25.55414,0.03096,32.30002,Done,Target,161.2322,14.9192,5.30648,0.02759,0.02759,1.0,0.02759,5.30648,0.0,0.0,0.0,0.59908,1.0,6,6,1,0.67543,0.89042,0.08013,0.89998,0.56,0.05998,0.82,0.7,0.06,0.9,0.56,0.06,-5.98553,-7.76236,10.53473,-68.09032,5.12227,67.6413,double_rcm_log_20260616_132745_154.csv,32.30002,Unknown,Task2_TargetRCM_EntryCone,0.0,5.307090716582546,14.91417937082887,14.930188416043501,0.009412140941990563,0.02648657134359468,0.028284271247475467,0.23092055165958128,3.992228209768101,67.49861074725423,19.2707575711982,19.546910050866067
25.58445,0.03031,32.99296,Done,Target,161.2301,14.92303,5.30773,0.03226,0.03226,1.0,0.03226,5.3077,0.0,0.0,0.0,0.59908,1.0,6,6,1,0.67586,0.89066,0.08088,0.89997,0.56,0.05998,0.82,0.7,0.06,0.9,0.56,0.06,-5.98486,-7.05889,9.33358,-67.88448,4.83431,67.32069,double_rcm_log_20260616_132745_154.csv,32.99296,Unknown,Task2_TargetRCM_EntryCone,0.0,5.307107584910758,14.914226639170813,14.930235836983286,0.011670202009670267,0.032839938161637466,0.03605551275461822,0.17369852770166005,2.375650340805703,102.0924303870162,19.454334178024418,14.425008193321174
25.61815,0.0337,29.67624,Done,Target,161.2266,14.92928,5.30969,0.04017,0.04017,1.0,0.04017,5.30969,0.0,0.0,0.0,0.59908,1.0,6,6,1,0.67626,0.8909,0.08158,0.89997,0.56,0.05998,0.82,0.7,0.06,0.9,0.56,0.06,-5.9796,-6.31224,8.05654,-67.66183,4.50882,66.96248,double_rcm_log_20260616_132745_154.csv,29.67624,Unknown,Task2_TargetRCM_EntryCone,0.0,5.309851405172484,14.921915340886152,14.937949373323656,0.011670202009670267,0.032839938161637466,0.03605551275461822,0.08888126448183709,2.613144247999537,87.04257714633533,19.93239179521968,16.84017688714625
25.67644,0.03074,32.53461,Done,Target,161.2203,14.91847,5.30559,0.05474,0.05474,1.0,0.05474,5.30559,0.0,0.0,0.0,0.59908,1.0,6,6,1,0.67694,0.89129,0.08259,0.89996,0.56,0.05997,0.82,0.7,0.06,0.9,0.56,0.06,-5.95277,-4.87229,5.59091,-67.21786,3.80645,66.21939,double_rcm_log_20260616_132745_154.csv,32.53461,Unknown,Task2_TargetRCM_EntryCone,0.0,5.306198596077697,14.911679473529205,14.927680449637249,0.01630926721829697,0.04589285179802253,0.05000000000002919,0.3849795889893651,3.20542013402664,52.85450754876659,20.32772086545141,33.181283141727846
25.70718,0.03074,32.52638,Done,Target,161.2161,14.90711,5.30131,0.06487,0.06487,1.0,0.06487,5.30131,0.0,0.0,0.0,0.59908,1.0,6,6,1,0.6772,0.89145,0.08293,0.89995,0.56,0.05996,0.82,0.7,0.06,0.9,0.56,0.06,-5.9325,-4.18436,4.41167,-66.98788,3.4239,65.84035,double_rcm_log_20260616_132745_154.csv,32.52638,Unknown,Task2_TargetRCM_EntryCone,0.0,5.301667858898473,14.898983400130058,14.914943438173236,0.02097877782256412,0.059030630901382775,0.06403124237432316,0.4531292562921692,0.8298808969650026,65.88996421792947,18.84598278984982,55.08539310607199
25.73889,0.03171,31.53491,Done,Target,161.2111,14.88697,5.29376,0.07718,0.07718,1.0,0.07718,5.29376,0.0,0.0,0.0,0.59908,1.0,6,6,1,0.67741,0.89158,0.08316,0.89994,0.56,0.05995,0.82,0.7,0.06,0.9,0.56,0.06,-5.9079,-3.54677,3.3196,-66.75912,3.0283,65.47599,double_rcm_log_20260616_132745_154.csv,31.53491,Unknown,Task2_TargetRCM_EntryCone,0.0,5.294574066940942,14.879104923958757,14.895001005394972,0.025662278887808865,0.0722069674882615,0.07810249675910912,0.4167318729918246,1.146879028353998,9.316511709694694,17.094550939906267,66.55102399312429
25.7985,0.03038,32.91256,Done,Target,161.2012,14.81787,5.2682,0.10251,0.10251,1.0,0.10251,5.2682,0.0,0.0,0.0,0.59908,1.0,6,6,1,0.6777,0.89178,0.08332,0.89992,0.56,0.05994,0.82,0.7,0.06,0.9,0.56,0.06,-5.85097,-2.53371,1.59267,-66.3423,2.25662,64.8745,double_rcm_log_20260616_132745_154.csv,32.91256,Unknown,Task2_TargetRCM_EntryCone,0.0,5.268961557240209,14.80733074197837,14.82299732634477,0.03262254727618758,0.09178570359599489,0.09999999999997372,0.41967596103938504,3.2968281321968917,22.121769421441968,12.508170100568757,90.82008833097794
25.82991,0.03141,31.83546,Done,Target,161.1951,14.76235,5.24785,0.11754,0.11754,1.0,0.11754,5.24785,0.0,0.0,0.0,0.59908,1.0,6,6,1,0.67782,0.89187,0.08327,0.89991,0.56,0.05993,0.82,0.7,0.06,0.9,0.56,0.06,-5.81993,-2.1724,0.98501,-66.16743,1.89647,64.65692,double_rcm_log_20260616_132745_154.csv,31.83546,Unknown,Task2_TargetRCM_EntryCone,0.0,5.247830903013316,14.748113878441206,14.763592795299285,0.037288418954278986,0.10491021802549932,0.11401754250994142,0.5696051654247396,3.354814433544703,52.70583827949574,9.639547685778481,86.30457144906171
25.86165,0.03174,31.5104,Done,Target,161.189,14.69121,5.2218,0.13299,0.13299,1.0,0.13299,5.2218,0.0,0.0,0.0,0.59908,1.0,6,6,1,0.67794,0.89196,0.08318,0.89989,0.56,0.05992,0.82,0.7,0.06,0.9,0.56,0.06,-5.78826,-1.90612,0.54532,-66.02219,1.56473,64.49874,double_rcm_log_20260616_132745_154.csv,31.5104,Unknown,Task2_TargetRCM_EntryCone,0.0,5.222184608831783,14.676239623535585,14.691492787943591,0.044284349678159154,0.12458546649408042,0.1360147050873966,0.6180380460311624,0.1306331223038411,72.45668723079163,7.388338625687558,70.98005429085485
25.92142,0.03002,33.31199,Done,Target,161.1771,14.51304,5.15685,0.16252,0.16252,1.0,0.16252,5.15685,0.0,0.0,0.0,0.59908,1.0,6,6,1,0.6782,0.89217,0.08287,0.89987,0.56,0.0599,0.82,0.7,0.06,0.9,0.56,0.06,-5.72778,-1.60273,0.0687,-65.82803,1.02071,64.33012,double_rcm_log_20260616_132745_154.csv,33.31199,Unknown,Task2_TargetRCM_EntryCone,0.0,5.157078906991128,14.493766411428163,14.508456357699549,0.05360494002289836,0.1507978779692079,0.16401219466862382,0.450335098447797,1.2028057266053673,26.41716477063032,4.063045828110374,48.431765824397964
25.95371,0.03229,30.97096,Done,Target,161.1706,14.39234,5.11301,0.1785,0.1785,1.0,0.1785,5.11301,0.0,0.0,0.0,0.59908,1.0,6,6,1,0.67837,0.89231,0.08265,0.89986,0.56,0.05989,0.82,0.7,0.06,0.9,0.56,0.06,-5.6973,-1.52644,-0.03539,-65.78141,0.80685,64.29661,double_rcm_log_20260616_132745_154.csv,30.97096,Unknown,Task2_TargetRCM_EntryCone,0.0,5.1127501809931175,14.369514572687029,14.383829078550127,0.05827741422126398,0.16393713616929664,0.17804493814767072,0.4573960343115461,1.6513188642688916,18.764164535070837,2.9083161293534032,35.13861590484427
26.01364,0.03104,32.21498,Done,Target,161.1581,14.1223,5.01505,0.20833,0.20833,1.0,0.20833,5.01505,0.0,0.0,0.0,0.59908,1.0,6,6,1,0.67874,0.8926,0.08216,0.89983,0.56,0.05988,0.82,0.7,0.06,0.9,0.56,0.06,-5.64028,-1.44998,-0.11245,-65.76228,0.49209,64.27862,double_rcm_log_20260616_132745_154.csv,32.21498,Unknown,Task2_TargetRCM_EntryCone,0.0,5.0144184032912325,14.093863511090298,14.107368137770841,0.06762919191726958,0.19022658553985838,0.20808652046684814,0.4684370461193758,1.7227073999268323,58.9191789272253,1.7883566002857396,19.978084988844124
26.04465,0.031,32.2531,Done,Target,161.1518,13.96031,4.95642,0.22341,0.22341,1.0,0.22341,4.95642,0.0,0.0,0.0,0.59908,1.0,6,6,1,0.67896,0.89278,0.08187,0.89982,0.56,0.05987,0.82,0.7,0.06,0.9,0.56,0.06,-5.6115,-1.42885,-0.12036,-65.78936,0.38267,64.28126,double_rcm_log_20260616_132745_154.csv,32.2531,Unknown,Task2_TargetRCM_EntryCone,0.0,4.956652790958152,13.931911178049635,13.944954587695191,0.07227377463020446,0.20328456750238305,0.22203603311180004,0.456641356359828,3.0228547754587467,77.90627590417313,1.4268788512035306,15.449943959089566
26.07558,0.03093,32.32613,Done,Target,161.1457,13.78316,4.89229,0.23834,0.23834,1.0,0.23834,4.89229,0.0,0.0,0.0,0.59908,1.0,6,6,1,0.67921,0.89297,0.08154,0.89981,0.56,0.05986,0.82,0.7,0.06,0.9,0.56,0.06,-5.58261,-1.41283,-0.11917,-65.83675,0.301,64.28729,double_rcm_log_20260616_132745_154.csv,32.32613,Unknown,Task2_TargetRCM_EntryCone,0.0,4.891924319422439,13.750420876332134,13.762960084155054,0.07692665150914768,0.21636507609560165,0.23600847442413858,0.493663389980666,3.7352460314634133,115.6205334167753,1.2806212232364127,11.419076698891786
26.10564,0.03006,33.2667,Done,Target,161.1396,13.59668,4.82483,0.25283,0.25283,1.0,0.25283,4.82483,0.0,0.0,0.0,0.59908,1.0,6,6,1,0.67946,0.89317,0.0812,0.8998,0.56001,0.05985,0.82,0.7,0.06,0.9,0.56,0.06,-5.55385,-1.39684,-0.1182,-65.89764,0.2397,64.293,double_rcm_log_20260616_132745_154.csv,33.2667,Unknown,Task2_TargetRCM_EntryCone,0.0,4.826297391244817,13.566393502500096,13.578434942408608,0.08026412154283097,0.22573299407792602,0.25019992006391506,0.598404573768368,4.24265526216997,114.08863000504427,1.2526797853649272,9.541611460965207
26.13768,0.03204,31.21021,Done,Target,161.1333,13.38345,4.74768,0.26762,0.26762,1.0,0.26762,4.74768,0.0,0.0,0.0,0.59908,1.0,6,6,1,0.67976,0.8934,0.0808,0.89978,0.56001,0.05984,0.82,0.7,0.06,0.9,0.56,0.06,-5.52259,-1.37913,-0.11792,-65.97801,0.19375,64.29868,double_rcm_log_20260616_132745_154.csv,31.21021,Unknown,Task2_TargetRCM_EntryCone,0.0,4.747250666203107,13.344711474265981,13.356171060453269,0.08725831856749756,0.24538823243056104,0.27221315177632094,0.5843567363182349,3.713693049934338,75.37284362625824,1.3034554035365236,7.782200197020463
26.19804,0.03164,31.61025,Done,Target,161.1217,12.94104,4.58774,0.29541,0.29541,1.0,0.29541,4.58774,0.0,0.0,0.0,0.59908,1.0,6,6,1,0.68037,0.89386,0.07998,0.89976,0.56001,0.05983,0.82,0.7,0.06,0.9,0.56,0.06,-5.46062,-1.34713,-0.1124,-66.16486,0.14236,64.31146,double_rcm_log_20260616_132745_154.csv,31.61025,Unknown,Task2_TargetRCM_EntryCone,0.0,4.587396027893243,12.896331084655884,12.906671869081848,0.09427377995098526,0.26510085163663977,0.29427877939125435,0.4163679310687293,1.6618715409432727,29.449878017988556,1.4938404363469617,5.20288293514468
26.22965,0.03161,31.63829,Done,Target,161.1159,12.68879,4.49662,0.30924,0.30924,1.0,0.30924,4.49662,0.0,0.0,0.0,0.59908,1.0,6,6,1,0.68072,0.89413,0.07952,0.89975,0.56001,0.05982,0.82,0.7,0.06,0.9,0.56,0.06,-5.42604,-1.32832,-0.11137,-66.27657,0.12503,64.3175,double_rcm_log_20260616_132745_154.csv,31.63829,Unknown,Task2_TargetRCM_EntryCone,0.0,4.496778269395882,12.642110195112114,12.651850353284681,0.09892926056059295,0.2781836692657485,0.3082207001484248,0.4575614425192446,0.041546038359745054,35.2909405080589,1.6025358312729696,4.418980121960028
26.28899,0.02987,33.47514,Done,Target,161.1052,12.17958,4.31248,0.33504,0.33504,1.0,0.33504,4.31248,0.0,0.0,0.0,0.59908,1.0,6,6,1,0.68142,0.89466,0.07857,0.89973,0.56001,0.0598,0.82,0.7,0.06,0.9,0.56,0.06,-5.3574,-1.29151,-0.10908,-66.51174,0.11065,64.32912,double_rcm_log_20260616_132745_154.csv,33.47514,Unknown,Task2_TargetRCM_EntryCone,0.0,4.313591832289408,12.128099348858287,12.136697242708804,0.10825588661399231,0.30439094295634656,0.3361547262794241,0.3438906672146105,0.17935485816225052,74.38422607509561,1.7913997771449142,3.259525467374088
26.32064,0.03165,31.59748,Done,Target,161.0998,11.89041,4.20785,0.34815,0.34815,1.0,0.34815,4.20785,0.0,0.0,0.0,0.59908,1.0,6,6,1,0.68183,0.89496,0.07802,0.89972,0.56001,0.0598,0.82,0.7,0.06,0.9,0.56,0.06,-5.31848,-1.27121,-0.10717,-66.64681,0.10524,64.3357,double_rcm_log_20260616_132745_154.csv,31.59748,Unknown,Task2_TargetRCM_EntryCone,0.0,4.206727496320766,11.82818643515303,11.836161158099543,0.11060569140732346,0.3109884984270043,0.34423828956121527,0.3630838876330702,3.485146461117883,41.86020091762625,1.883094144063346,3.0383845809258734
26.3511,0.03046,32.82711,Done,Target,161.0947,11.59948,4.10265,0.36059,0.36059,1.0,0.36059,4.10265,0.0,0.0,0.0,0.59908,1.0,6,6,1,0.68223,0.89525,0.07748,0.89971,0.56001,0.05979,0.82,0.7,0.06,0.9,0.56,0.06,-5.27939,-1.24995,-0.1071,-66.78354,0.1019,64.34142,double_rcm_log_20260616_132745_154.csv,32.82711,Unknown,Task2_TargetRCM_EntryCone,0.0,4.103259685232899,11.537766593241576,11.545167357711856,0.11526355930379541,0.3240750150576671,0.35818989377145216,0.46551454106302076,2.594098357627863,102.1078564906663,1.9696797852165597,2.727142870082466
26.3814,0.0303,33.00097,Done,Target,161.0897,11.30059,3.99449,0.37256,0.37256,1.0,0.37256,3.99449,0.0,0.0,0.0,0.59908,1.0,6,6,1,0.68265,0.89556,0.07692,0.8997,0.56001,0.05978,0.82,0.7,0.06,0.9,0.56,0.06,-5.23932,-1.22911,-0.10565,-66.92559,0.10132,64.34767,double_rcm_log_20260616_132745_154.csv,33.00097,Unknown,Task2_TargetRCM_EntryCone,0.0,3.994941586862611,11.23369236837045,11.240522485117328,0.11992606691931049,0.3371737739595844,0.3721558813185389,0.4606700730940925,2.695683943036718,115.2518873319756,2.042769448271404,2.3992318379396886
26.41252,0.03112,32.13503,Done,Target,161.0848,10.98235,3.87924,0.38472,0.38472,1.0,0.38472,3.87924,0.0,0.0,0.0,0.59908,1.0,6,6,1,0.68309,0.89588,0.07631,0.89969,0.56001,0.05977,0.82,0.7,0.06,0.9,0.56,0.06,-5.19637,-1.20478,-0.10796,-67.07588,0.09858,64.35268,double_rcm_log_20260616_132745_154.csv,32.13503,Unknown,Task2_TargetRCM_EntryCone,0.0,3.87980462173956,10.910431995196255,10.916688530388882,0.1245927261210437,0.350283401745629,0.38613469152618196,0.3610197358402881,4.38653343111372,27.287638660378132,2.1140114802712073,2.2938150122232517
26.44315,0.03063,32.64842,Done,Target,161.08,10.6588,3.76203,0.39605,0.39605,1.0,0.39605,3.76203,0.0,0.0,0.0,0.59908,1.0,6,6,1,0.68354,0.89621,0.0757,0.89968,0.56001,0.05977,0.82,0.7,0.06,0.9,0.56,0.06,-5.15262,-1.18167,-0.10769,-67.22935,0.09629,64.35865,double_rcm_log_20260616_132745_154.csv,32.64842,Unknown,Task2_TargetRCM_EntryCone,0.0,3.7623177382370567,10.580528546853925,10.586233842551348,0.12694208537026708,0.35687748382539897,0.39420806688852933,0.33034761759591885,1.0975671346712448,70.94834691637737,2.1838074739813083,2.334988951118029
26.50473,0.0317,31.54569,Done,Target,161.0711,9.98221,3.51664,0.41787,0.41787,1.0,0.41787,3.51664,0.0,0.0,0.0,0.59908,1.0,6,6,1,0.68449,0.89689,0.07441,0.89966,0.56001,0.05976,0.82,0.7,0.06,0.9,0.56,0.06,-5.06078,-1.13372,-0.10725,-67.55231,0.09372,64.37074,double_rcm_log_20260616_132745_154.csv,31.54569,Unknown,Task2_TargetRCM_EntryCone,0.0,3.516524766029869,9.890199035710014,9.894857766151963,0.13397152935630335,0.3766165158354254,0.41629316592997595,0.4311287312714734,1.2462171202191035,62.786847491727514,2.3206956991635863,2.14255201695917
26.53476,0.03003,33.30421,Done,Target,161.067,9.63894,3.392,0.42771,0.42771,1.0,0.42771,3.392,0.0,0.0,0.0,0.59908,1.0,6,6,1,0.68497,0.89723,0.07375,0.89965,0.56001,0.05975,0.82,0.7,0.06,0.9,0.56,0.06,-5.01399,-1.10991,-0.10651,-67.71729,0.09347,64.37687,double_rcm_log_20260616_132745_154.csv,33.30421,Unknown,Task2_TargetRCM_EntryCone,0.0,3.392524273790644,9.541863719295428,9.546046860421997,0.13862500465803096,0.3896862643402148,0.4302324952860371,0.3699272172693857,3.318965645649271,49.6417484827387,2.380328642342715,1.8771968679580748
26.56546,0.03071,32.5669,Done,Target,161.0629,9.28171,3.26213,0.43785,0.43785,1.0,0.43785,3.26213,0.0,0.0,0.0,0.59908,1.0,6,6,1,0.68548,0.89758,0.07306,0.89964,0.56001,0.05975,0.82,0.7,0.06,0.9,0.56,0.06,-4.96506,-1.08656,-0.10337,-67.88974,0.09317,64.38414,double_rcm_log_20260616_132745_154.csv,32.5669,Unknown,Task2_TargetRCM_EntryCone,0.0,3.2618123221626467,9.17462658828452,9.178344659677181,0.14101252393156302,0.3963855931559127,0.4384062043356807,0.22951731082299517,2.7526931326580226,90.33283451326217,2.434006864989917,2.0518058712123324
26.59638,0.03092,32.34372,Done,Target,161.0591,8.91324,3.12806,0.44694,0.44694,1.0,0.44694,3.12806,0.0,0.0,0.0,0.59908,1.0,6,6,1,0.686,0.89794,0.07234,0.89964,0.56001,0.05974,0.82,0.7,0.06,0.9,0.56,0.06,-4.91425,-1.05894,-0.10654,-68.067,0.09128,64.38891,double_rcm_log_20260616_132745_154.csv,32.34372,Unknown,Task2_TargetRCM_EntryCone,0.0,3.1290347540549277,8.801537200153989,8.804819505609327,0.14328279806334676,0.4027673502924024,0.44418464629027493,0.22839518814667695,2.5606327926583297,78.4427505853521,2.4909824908468874,1.7634637515503073
26.62738,0.03101,32.25248,Done,Target,161.0554,8.53794,2.99134,0.45615,0.45615,1.0,0.45615,2.99127,0.0,0.0,0.0,0.59908,1.0,6,6,1,0.68654,0.89831,0.07161,0.89963,0.56001,0.05974,0.82,0.7,0.06,0.9,0.56,0.06,-4.86226,-1.03255,-0.10692,-68.24909,0.09049,64.39482,double_rcm_log_20260616_132745_154.csv,32.25248,Unknown,Task2_TargetRCM_EntryCone,0.0,2.991337562138504,8.414574345526594,8.417442160155428,0.1456598900091965,0.4094367613422892,0.4523273151159274,0.36041215747613636,2.443413693760124,74.48913584317617,2.54227197898835,1.790551684808804
26.65841,0.03102,32.23579,Done,Target,161.0518,8.1574,2.85232,0.46496,0.46496,1.0,0.46496,2.85232,0.0,0.0,0.0,0.59908,1.0,6,6,1,0.68708,0.89869,0.07086,0.89962,0.56001,0.05973,0.82,0.7,0.06,0.9,0.56,0.06,-4.80917,-1.00705,-0.10522,-68.43485,0.08957,64.40157,double_rcm_log_20260616_132745_154.csv,32.23579,Unknown,Task2_TargetRCM_EntryCone,0.0,2.852535011113914,8.024455980135755,8.026942858019275,0.15031179429221497,0.42249988620850176,0.4662617290750276,0.3798841364441701,2.4487738172044424,71.40396201535728,2.590761551932451,1.58254683231989
26.72026,0.03286,30.43478,Done,Target,161.0453,7.38218,2.56849,0.48062,0.48062,1.0,0.48062,2.56849,0.0,0.0,0.0,0.59908,1.0,6,6,1,0.6882,0.89944,0.06931,0.89961,0.56001,0.05972,0.82,0.7,0.06,0.9,0.56,0.06,-4.69976,-0.95321,-0.10548,-68.81576,0.08652,64.41348,double_rcm_log_20260616_132745_154.csv,30.43478,Unknown,Task2_TargetRCM_EntryCone,0.0,2.5692780535860797,7.228190497487001,7.23000771757878,0.15496785440294472,0.43557389199151075,0.4802082881417164,0.23188818764156818,1.7213368755026708,32.50559061574459,2.6899314849536786,1.5137575728124348
26.78043,0.03066,32.61148,Done,Target,161.0397,6.61754,2.28679,0.49451,0.49451,1.0,0.49451,2.28679,0.0,0.0,0.0,0.59908,1.0,6,6,1,0.68933,0.90019,0.06775,0.8996,0.56001,0.05971,0.82,0.7,0.06,0.9,0.56,0.06,-4.58999,-0.90084,-0.10478,-69.20027,0.08829,64.42533,double_rcm_log_20260616_132745_154.csv,32.61148,Unknown,Task2_TargetRCM_EntryCone,0.0,2.2869512814876978,6.434364050631318,6.435645661801416,0.15962773222554888,0.44865782747423394,0.4941659640242859,0.18530374375276223,1.5978556525353729,37.74927487571578,2.77305033246396,1.1795592419134049
26.84116,0.03086,32.40611,Done,Target,161.035,5.84417,1.99968,0.50642,0.50642,1.0,0.50642,1.99968,0.0,0.0,0.0,0.59908,1.0,6,6,1,0.69049,0.90094,0.06613,0.89959,0.56001,0.05971,0.82,0.7,0.06,0.9,0.56,0.06,-4.47581,-0.84676,-0.10546,-69.59841,0.0893,64.4365,double_rcm_log_20260616_132745_154.csv,32.40611,Unknown,Task2_TargetRCM_EntryCone,0.0,2.0006587506159255,5.629227519070039,5.630085573323581,0.16200208194684115,0.4553173027174297,0.5022947341949902,0.26706729026315656,3.4677560722322602,62.374259472050085,2.8298648766771093,1.1103452722949407
26.87243,0.03127,31.98263,Done,Target,161.0328,5.44958,1.85171,0.51185,0.51185,1.0,0.51185,1.85171,0.0,0.0,0.0,0.59908,1.0,6,6,1,0.6911,0.90133,0.06527,0.89958,0.56001,0.05971,0.82,0.7,0.06,0.9,0.56,0.06,-4.41554,-0.81913,-0.10503,-69.80554,0.08601,64.44253,double_rcm_log_20260616_132745_154.csv,31.98263,Unknown,Task2_TargetRCM_EntryCone,0.0,1.8518807492488896,5.210764431857735,5.21144494965185,0.1644004792687671,0.4620439539531028,0.5104899607239872,0.228405613091188,4.950832596294277,49.239153336727796,2.8659252532259463,1.2139428409542004
26.9031,0.03067,32.60595,Done,Target,161.0309,5.06785,1.70789,0.51657,0.51657,1.0,0.51657,1.70789,0.0,0.0,0.0,0.59908,1.0,6,6,1,0.6917,0.90172,0.06442,0.89958,0.56001,0.0597,0.82,0.7,0.06,0.9,0.56,0.06,-4.35605,-0.79244,-0.10414,-70.01261,0.08694,64.44851,double_rcm_log_20260616_132745_154.csv,32.60595,Unknown,Task2_TargetRCM_EntryCone,0.0,1.7088486034534913,4.808429367780725,4.8089640742124935,0.166656723437758,0.46838511439264874,0.5162363799655887,0.22579540251533456,2.359672997333062,94.95065470856899,2.8975127982254496,1.2220624103458793
26.96664,0.03394,29.46597,Done,Target,161.0276,4.30894,1.41734,0.52495,0.52495,1.0,0.52495,1.41734,0.0,0.0,0.0,0.59908,1.0,6,6,1,0.69297,0.90251,0.06264,0.89957,0.56001,0.0597,0.82,0.7,0.06,0.9,0.56,0.06,-4.23051,-0.73783,-0.10109,-70.44436,0.08263,64.46121,double_rcm_log_20260616_132745_154.csv,29.46597,Unknown,Task2_TargetRCM_EntryCone,0.0,1.4179576649630015,3.990092589765525,3.990398083255595,0.1690459617265886,0.47508541742112037,0.5244044240851059,0.05074863295462251,2.5561664720920985,52.660792037157655,2.9678009618595347,0.7428106750264827
26.99688,0.03024,33.06691,Done,Target,161.0262,3.97126,1.28512,0.52824,0.52824,1.0,0.52824,1.28512,0.0,0.0,0.0,0.59908,1.0,6,6,1,0.69358,0.90288,0.06177,0.89957,0.56001,0.0597,0.82,0.7,0.06,0.9,0.56,0.06,-4.17053,-0.71029,-0.10305,-70.65604,0.08937,64.46568,double_rcm_log_20260616_132745_154.csv,33.06691,Unknown,Task2_TargetRCM_EntryCone,0.0,1.286426058330224,3.620031762309159,3.6202598855819668,0.1690459617265886,0.47508541742112037,0.5244044240851059,0.153498042212874,2.834689444326221,79.32630129795456,2.9776227451601844,2.029596692793878
27.02865,0.03177,31.47768,Done,Target,161.0251,3.64108,1.15369,0.53084,0.53084,1.0,0.53084,1.15369,0.0,0.0,0.0,0.59908,1.0,6,6,1,0.69423,0.90328,0.06086,0.89956,0.56001,0.0597,0.82,0.7,0.06,0.9,0.56,0.06,-4.10616,-0.68244,-0.10279,-70.8754,0.08551,64.47126,double_rcm_log_20260616_132745_154.csv,31.47768,Unknown,Task2_TargetRCM_EntryCone,0.0,1.1532784100107074,3.2454048200502084,3.2455691891895064,0.17145786450401324,0.48184900284059057,0.5326349594234239,0.21382711956484474,3.015990858705136,90.45217639826174,2.956143512151687,0.903842433888297
27.06363,0.03498,28.59099,Done,Target,161.0242,3.31927,1.02221,0.53343,0.53343,1.0,0.53343,1.02221,0.0,0.0,0.0,0.59908,1.0,6,6,1,0.69494,0.90371,0.05984,0.89956,0.56,0.0597,0.82,0.7,0.06,0.9,0.56,0.06,-4.03466,-0.65107,-0.10401,-71.11572,0.07706,64.47669,double_rcm_log_20260616_132745_154.csv,28.59099,Unknown,Task2_TargetRCM_EntryCone,0.0,1.0218153941570152,2.8755005906406614,2.8756149146583168,0.17283354692052927,0.48574130500154533,0.5325410782277675,0.13332234307128488,3.2286467423934635,69.02365151389697,2.991653256775298,1.387518361067644
27.0942,0.03057,32.71159,Done,Target,161.0234,3.08444,0.92366,0.53541,0.53541,1.0,0.53541,0.92366,0.0,0.0,0.0,0.59908,1.0,6,6,1,0.69557,0.90408,0.05895,0.89956,0.56,0.0597,0.82,0.7,0.06,0.9,0.56,0.06,-3.97265,-0.62212,-0.10881,-71.33185,0.08173,64.47971,double_rcm_log_20260616_132745_154.csv,32.71159,Unknown,Task2_TargetRCM_EntryCone,0.0,0.9232392995122168,2.5981219399923123,2.5982062665926624,0.17283354692052927,0.48574130500154533,0.5325410782277675,1.1102230246251565e-13,2.2297626898005145,51.68970412878337,3.0069525807458453,0.8332050254606571
27.12618,0.03199,31.26088,Done,Target,161.023,2.89853,0.84349,0.53649,0.53649,1.0,0.53649,0.84349,0.0,0.0,0.0,0.59908,1.0,6,6,1,0.69622,0.90446,0.05801,0.89956,0.56,0.0597,0.82,0.7,0.06,0.9,0.56,0.06,-3.90684,-0.59418,-0.10962,-71.55441,0.07683,64.48454,double_rcm_log_20260616_132745_154.csv,31.26088,Unknown,Task2_TargetRCM_EntryCone,0.0,0.8445548404188058,2.376709870984435,2.3767744225035035,0.17283354692052927,0.48574130500154533,0.5325410782277675,3.9736059261160154e-12,8.401441939550279e-11,34.476069031252386,3.0002423870390627,1.2573452865242953
27.15746,0.03128,31.96931,Done,Target,161.0228,2.78813,0.79475,0.53707,0.53707,1.0,0.53707,0.79475,0.0,0.0,0.0,0.59908,1.0,6,6,1,0.69687,0.90484,0.05709,0.89956,0.56,0.0597,0.82,0.7,0.06,0.9,0.56,0.06,-3.8426,-0.56795,-0.10918,-71.7747,0.07678,64.48962,double_rcm_log_20260616_132745_154.csv,31.96931,Unknown,Task2_TargetRCM_EntryCone,0.0,0.7946959365902799,2.236408370418563,2.2364621511303544,0.17283354692052927,0.48574130500154533,0.5325410782277675,5.0292000132872716e-12,1.06017982611813e-10,2.1960912830215943e-09,3.022898095505592,0.6432638067856905
27.18962,0.03216,31.09605,Done,Target,161.0228,2.75778,0.78135,0.53729,0.53729,1.0,0.53729,0.78135,0.0,0.0,0.0,0.59908,1.0,6,6,1,0.69753,0.90522,0.05614,0.89956,0.56,0.0597,0.82,0.7,0.06,0.9,0.56,0.06,-3.77664,-0.54278,-0.10625,-72.00269,0.07954,64.49574,double_rcm_log_20260616_132745_154.csv,31.09605,Unknown,Task2_TargetRCM_EntryCone,0.0,0.7814758187105166,2.1992070560321206,2.199258197168338,0.17283354692052927,0.48574130500154533,0.5325410782277675,2.5146000066436358e-12,6.223011927954403e-11,1.8981431869741685e-09,3.0169850657841746,0.7811279274273419
27.22135,0.03173,31.52069,Done,Target,161.0229,2.81324,0.80624,0.53695,0.53695,1.0,0.53695,0.80624,0.0,0.0,0.0,0.59908,1.0,6,6,1,0.69818,0.90559,0.0552,0.89956,0.56,0.0597,0.82,0.7,0.06,0.9,0.56,0.06,-3.71089,-0.51584,-0.10728,-72.22501,0.07596,64.50002,double_rcm_log_20260616_132745_154.csv,31.52069,Unknown,Task2_TargetRCM_EntryCone,0.0,0.8066910407010023,2.270162402105465,2.270218655030758,0.17283354692052927,0.48574130500154533,0.5325410782277675,1.7798229048217483e-12,2.8167053068752564e-11,1.398138029792061e-09,3.0075670164246855,0.2183356899951401
27.25335,0.032,31.24602,Done,Target,161.0234,2.9498,0.8666,0.53585,0.53585,1.0,0.53585,0.8666,0.0,0.0,0.0,0.59908,1.0,6,6,1,0.69884,0.90595,0.05425,0.89956,0.56,0.0597,0.82,0.7,0.06,0.9,0.56,0.06,-3.64493,-0.49077,-0.10551,-72.45021,0.07568,64.50534,double_rcm_log_20260616_132745_154.csv,31.24602,Unknown,Task2_TargetRCM_EntryCone,0.0,0.8671130189870446,2.4401873422814804,2.4402572056790706,0.17283354692052927,0.48574130500154533,0.5325410782277675,1.7763568394002505e-12,2.9096208508501595e-11,4.262286102723842e-10,3.01145427472321,0.31008280606637323
27.28451,0.03116,32.09413,Done,Target,161.0241,3.15084,0.95285,0.53439,0.53439,1.0,0.53439,0.95285,0.0,0.0,0.0,0.59908,1.0,6,6,1,0.69947,0.90631,0.05333,0.89956,0.56,0.0597,0.82,0.7,0.06,0.9,0.56,0.06,-3.58061,-0.46497,-0.1068,-72.66933,0.07538,64.50913,double_rcm_log_20260616_132745_154.csv,32.09413,Unknown,Task2_TargetRCM_EntryCone,0.0,0.9525462380148211,2.680588200509118,2.6806808151158332,0.17283354692052927,0.48574130500154533,0.5325410782277675,2.5146000066436358e-12,1.9846801350058736e-12,39.525195794738586,3.000774052928199,0.4979955649935708
27.31614,0.03162,31.62144,Done,Target,161.025,3.40943,1.06073,0.5322,0.5322,1.0,0.5322,1.06073,0.0,0.0,0.0,0.59908,1.0,6,6,1,0.70012,0.90666,0.05239,0.89956,0.56,0.0597,0.82,0.7,0.06,0.9,0.56,0.06,-3.51556,-0.44083,-0.10528,-72.8903,0.07431,64.514,double_rcm_log_20260616_132745_154.csv,31.62144,Unknown,Task2_TargetRCM_EntryCone,0.0,1.0604783851950665,2.9842902898246786,2.9844180880894946,0.17283354692052927,0.48574130500154533,0.5325410782277675,1.7798229048217483e-12,2.5192209306828808,57.103530477998376,2.986999134194808,0.5702804775753394
27.34729,0.03116,32.09374,Done,Target,161.026,3.70701,1.18134,0.52981,0.52981,1.0,0.52981,1.18134,0.0,0.0,0.0,0.59908,1.0,6,6,1,0.70075,0.907,0.05147,0.89956,0.56,0.0597,0.82,0.7,0.06,0.9,0.56,0.06,-3.45159,-0.41474,-0.10859,-73.10724,0.07358,64.51664,double_rcm_log_20260616_132745_154.csv,32.09374,Unknown,Task2_TargetRCM_EntryCone,0.0,1.1807381604313303,3.3226676357086333,3.3228440273741064,0.17283354692052927,0.48574130500154533,0.5325410782277675,0.15575658850386365,3.58343812499534,89.13632933641807,2.9767906673566404,0.7278946737308672
27.37907,0.03178,31.47085,Done,Target,161.0275,4.04208,1.31433,0.52627,0.52627,1.0,0.52627,1.31433,0.0,0.0,0.0,0.59908,1.0,6,6,1,0.70139,0.90734,0.05053,0.89956,0.56,0.05971,0.82,0.7,0.06,0.9,0.56,0.06,-3.38686,-0.39074,-0.10828,-73.3278,0.07444,64.52068,double_rcm_log_20260616_132745_154.csv,31.47085,Unknown,Task2_TargetRCM_EntryCone,0.0,1.3156159513385715,3.7021584990241743,3.702402505791373,0.1706589528484009,0.4796296648296544,0.5269724850502117,0.22564225520316875,3.6070342347502167,114.3369613004062,2.9545107867639233,1.3089928188664992
27.41001,0.03094,32.31713,Done,Target,161.029,4.39203,1.45077,0.52296,0.52296,1.0,0.52296,1.45077,0.0,0.0,0.0,0.59908,1.0,6,6,1,0.70201,0.90767,0.04963,0.89957,0.56,0.05971,0.82,0.7,0.06,0.9,0.56,0.06,-3.32396,-0.36838,-0.1069,-73.54034,0.07293,64.52494,double_rcm_log_20260616_132745_154.csv,32.31713,Unknown,Task2_TargetRCM_EntryCone,0.0,1.4505488801404822,4.081783969031106,4.0821110147713195,0.16820349169762702,0.4727432218934331,0.5186520991956312,0.16429948380292103,3.5827953398164674,89.75926549554123,2.9246338770403564,0.8545316361692785
27.442,0.03198,31.26613,Done,Target,161.0307,4.77144,1.59643,0.51866,0.51866,1.0,0.51866,1.59643,0.0,0.0,0.0,0.59908,1.0,6,6,1,0.70265,0.908,0.04869,0.89957,0.56,0.05971,0.82,0.7,0.06,0.9,0.56,0.06,-3.25904,-0.34571,-0.10532,-73.75755,0.06861,64.52927,double_rcm_log_20260616_132745_154.csv,31.26613,Unknown,Task2_TargetRCM_EntryCone,0.0,1.5969697743379812,4.493704442061292,4.494140855174998,0.16820349169762702,0.4727432218934331,0.5186520991956312,2.5146000066436358e-12,2.469839309270019,110.53847905546591,2.9064038586911822,1.064617306232843
27.47366,0.03166,31.58589,Done,Target,161.0327,5.15892,1.74372,0.514,0.514,1.0,0.514,1.74372,0.0,0.0,0.0,0.59908,1.0,6,6,1,0.70327,0.90832,0.04778,0.89957,0.56,0.05971,0.82,0.7,0.06,0.9,0.56,0.06,-3.19568,-0.32287,-0.10569,-73.97247,0.06913,64.53252,double_rcm_log_20260616_132745_154.csv,31.58589,Unknown,Task2_TargetRCM_EntryCone,0.0,1.7427449673538356,4.9037792385713725,4.904346398042652,0.16820349169762702,0.4727432218934331,0.5186520991956312,0.219893939681855,3.488573011708689,66.32749413475989,2.8861559307117592,0.9225687581873473
27.50565,0.03199,31.25794,Done,Target,161.035,5.55898,1.89434,0.50861,0.50861,1.0,0.50861,1.89434,0.0,0.0,0.0,0.59908,1.0,6,6,1,0.70389,0.90863,0.04686,0.89958,0.56,0.05972,0.82,0.7,0.06,0.9,0.56,0.06,-3.13199,-0.29882,-0.10858,-74.18659,0.06747,64.53458,double_rcm_log_20260616_132745_154.csv,31.25794,Unknown,Task2_TargetRCM_EntryCone,0.0,1.8938972816154547,5.328946659960805,5.329674554387664,0.1635786990338023,0.4597591342631963,0.5047771785649361,0.21975422205853307,2.199946584852633,86.3959296311936,2.8491873621286303,1.1595229380772536
27.53727,0.03162,31.62733,Done,Target,161.0374,5.95951,2.04411,0.50272,0.50272,1.0,0.50272,2.04411,0.0,0.0,0.0,0.59908,1.0,6,6,1,0.7045,0.90894,0.04595,0.89958,0.56,0.05972,0.82,0.7,0.06,0.9,0.56,0.06,-3.06955,-0.2786,-0.10603,-74.39577,0.06469,64.53873,double_rcm_log_20260616_132745_154.csv,31.62733,Unknown,Task2_TargetRCM_EntryCone,0.0,2.0444863371361537,5.752492847472018,5.753408534088427,0.1635786990338023,0.4597591342631963,0.5047771785649361,0.08157067001431957,2.1818443150063325,19.876886277994338,2.8242732646176707,1.0912800598507304
27.59717,0.03048,32.80649,Done,Target,161.0424,6.72376,2.32743,0.49055,0.49055,1.0,0.49055,2.32743,0.0,0.0,0.0,0.59908,1.0,6,6,1,0.70564,0.90949,0.04427,0.89959,0.56,0.05973,0.82,0.7,0.06,0.9,0.56,0.06,-2.95406,-0.2366,-0.11101,-74.78955,0.07117,64.54193,double_rcm_log_20260616_132745_154.csv,32.80649,Unknown,Task2_TargetRCM_EntryCone,0.0,2.3280583837543323,6.549956268455639,6.551308233860123,0.15895960260579756,0.446790262272522,0.4909175083453607,0.2735804734224826,2.333312553957696,19.131850902841297,2.753561851069992,1.3459520695444231
27.62842,0.03125,32.00042,Done,Target,161.0454,7.1213,2.47393,0.48325,0.48325,1.0,0.48325,2.47393,0.0,0.0,0.0,0.59908,1.0,6,6,1,0.70621,0.90977,0.04341,0.8996,0.56,0.05973,0.82,0.7,0.06,0.9,0.56,0.06,-2.89461,-0.21817,-0.10868,-74.98848,0.06907,64.54542,double_rcm_log_20260616_132745_154.csv,32.00042,Unknown,Task2_TargetRCM_EntryCone,0.0,2.4733534800779005,6.958495286675839,6.960116487337094,0.15650473175502838,0.43990383564527996,0.48259714048060137,0.2247700110295701,2.285250969040184,66.2215731377102,2.7127536147904134,1.3601042227829991
27.6601,0.03168,31.56582,Done,Target,161.0486,7.52307,2.62145,0.47571,0.47571,1.0,0.47571,2.62145,0.0,0.0,0.0,0.59908,1.0,6,6,1,0.70679,0.91004,0.04255,0.8996,0.56,0.05974,0.82,0.7,0.06,0.9,0.56,0.06,-2.8353,-0.19954,-0.10729,-75.18868,0.06986,64.54839,double_rcm_log_20260616_132745_154.csv,31.56582,Unknown,Task2_TargetRCM_EntryCone,0.0,2.6215188060781838,7.375058682147405,7.376989009207014,0.15434668742452945,0.4338379704629689,0.47707441767511666,0.22685135625277408,2.6130716433521903,34.17199345625885,2.669296904311452,1.7471864870419394
27.69082,0.03072,32.55122,Done,Target,161.0519,7.90777,2.76244,0.46761,0.46761,1.0,0.46761,2.76244,0.0,0.0,0.0,0.59908,1.0,6,6,1,0.70734,0.9103,0.04173,0.89961,0.56,0.05974,0.82,0.7,0.06,0.9,0.56,0.06,-2.77873,-0.18019,-0.10927,-75.37796,0.0687,64.54966,double_rcm_log_20260616_132745_154.csv,32.55122,Unknown,Task2_TargetRCM_EntryCone,0.0,2.761615334216629,7.7688915218190715,7.771148125471096,0.15188052527941903,0.42691919610154794,0.4687216658103178,0.3543913296496561,0.035919750117671394,84.74439242577913,2.618025705465611,1.7313716364218454
27.72276,0.03194,31.3064,Done,Target,161.0554,8.30484,2.90758,0.45898,0.45898,1.0,0.45898,2.90758,0.0,0.0,0.0,0.59908,1.0,6,6,1,0.7079,0.91056,0.04088,0.89962,0.56,0.05975,0.82,0.7,0.06,0.9,0.56,0.06,-2.72066,-0.16118,-0.11027,-75.57173,0.0669,64.55128,double_rcm_log_20260616_132745_154.csv,31.3064,Unknown,Task2_TargetRCM_EntryCone,0.0,2.9080516197728574,8.180496705964254,8.183131612404212,0.14726243174796014,0.41395094469684646,0.45486261662180577,0.2167509091908555,2.7008629136819473,40.23463002268522,2.564135940503795,1.7868994854882596
27.75339,0.03063,32.65126,Done,Target,161.0591,8.67869,3.04401,0.44996,0.44996,1.0,0.44996,3.04401,0.0,0.0,0.0,0.59908,1.0,6,6,1,0.70843,0.9108,0.04009,0.89962,0.56,0.05975,0.82,0.7,0.06,0.9,0.56,0.06,-2.66619,-0.14413,-0.11026,-75.75294,0.06458,64.55307,double_rcm_log_20260616_132745_154.csv,32.65126,Unknown,Task2_TargetRCM_EntryCone,0.0,3.044229395369367,8.563219229728833,8.566241854857488,0.14726243174796014,0.41395094469684646,0.45486261662180577,0.20403471390147393,2.2063558349039756,89.13108258592979,2.5099283903156504,1.6881914582373148
27.78663,0.03324,30.08637,Done,Target,161.0632,9.07904,3.18973,0.44008,0.44008,1.0,0.44008,3.18967,0.0,0.0,0.0,0.59908,1.0,6,6,1,0.70899,0.91105,0.03925,0.89963,0.56,0.05976,0.82,0.7,0.06,0.9,0.56,0.06,-2.60814,-0.12622,-0.11029,-75.94595,0.06222,64.55479,double_rcm_log_20260616_132745_154.csv,30.08637,Unknown,Task2_TargetRCM_EntryCone,0.0,3.1899457997150202,8.972696081184534,8.976173800788452,0.14265101628504012,0.4010006713978559,0.4410215414239818,0.34099917776699307,2.6119007125973,57.14150483967499,2.458149568047797,1.7042838498372093
27.81847,0.03184,31.40851,Done,Target,161.0673,9.45455,3.32631,0.42987,0.42987,1.0,0.42987,3.32631,0.0,0.0,0.0,0.59908,1.0,6,6,1,0.70951,0.91128,0.03846,0.89964,0.56,0.05976,0.82,0.7,0.06,0.9,0.56,0.06,-2.55393,-0.11007,-0.10973,-76.12699,0.06138,64.5565,double_rcm_log_20260616_132745_154.csv,31.40851,Unknown,Task2_TargetRCM_EntryCone,0.0,3.3255545254601215,9.353717319932095,9.357657622431617,0.14018450092084309,0.3940792579399091,0.43266615305569955,0.3593159344607905,2.882212757193599,42.77509625482402,2.4037608964115598,1.951112344591017
27.8493,0.03083,32.4363,Done,Target,161.0716,9.81073,3.4557,0.41972,0.41972,1.0,0.41972,3.45564,0.0,0.0,0.0,0.59908,1.0,6,6,1,0.71001,0.9115,0.03771,0.89965,0.56,0.05977,0.82,0.7,0.06,0.9,0.56,0.06,-2.50274,-0.09317,-0.11256,-76.29816,0.06133,64.55653,double_rcm_log_20260616_132745_154.csv,32.4363,Unknown,Task2_TargetRCM_EntryCone,0.0,3.4561796644117386,9.720686603175619,9.725109623675372,0.13556744847378213,0.3811117340704608,0.4188078318274996,0.456225362507018,0.13162137528276618,86.51514276482442,2.339174486337,2.243299080841768
27.88047,0.03117,32.07797,Done,Target,161.0761,10.16265,3.58332,0.40897,0.40897,1.0,0.40897,3.58332,0.0,0.0,0.0,0.59908,1.0,6,6,1,0.71049,0.91171,0.03698,0.89966,0.56,0.05978,0.82,0.7,0.06,0.9,0.56,0.06,-2.45205,-0.07823,-0.11253,-76.46573,0.05847,64.55766,double_rcm_log_20260616_132745_154.csv,32.07797,Unknown,Task2_TargetRCM_EntryCone,0.0,3.583071730468198,10.077120085927035,10.08204829520783,0.1309576621890846,0.3681638431250727,0.4049691346263365,0.35293439679964944,2.4795226311956995,35.345220422795734,2.2682405993218717,2.051588744928429
27.91353,0.03306,30.25229,Done,Target,161.0808,10.52537,3.71483,0.39718,0.39718,1.0,0.39718,3.71483,0.0,0.0,0.0,0.59908,1.0,6,6,1,0.71099,0.91192,0.03622,0.89967,0.56,0.05978,0.82,0.7,0.06,0.9,0.56,0.06,-2.39993,-0.06205,-0.11438,-76.63809,0.05594,64.55783,double_rcm_log_20260616_132745_154.csv,30.25229,Unknown,Task2_TargetRCM_EntryCone,0.0,3.7138385826713782,10.444385917540886,10.449873534832893,0.12849062635120226,0.3612393197782717,0.39661064030108134,0.36201855481744777,2.770829195360738,27.342301736637573,2.2128373407582878,2.054394342998054
27.94368,0.03016,33.15981,Done,Target,161.0855,10.84729,3.83145,0.3861,0.3861,1.0,0.3861,3.83145,0.0,0.0,0.0,0.59908,1.0,6,6,1,0.71143,0.9121,0.03555,0.89968,0.56,0.05979,0.82,0.7,0.06,0.9,0.56,0.06,-2.35416,-0.04981,-0.11284,-76.79311,0.05898,64.55917,double_rcm_log_20260616_132745_154.csv,33.15981,Unknown,Task2_TargetRCM_EntryCone,0.0,3.8303200007705804,10.771484573618947,10.777504797652488,0.12387466390351577,0.3482726606465668,0.3827531841800791,0.46067306592520463,0.02861612448714304,89.09364663312147,2.150707923556116,2.4139488471555643
27.97497,0.03129,31.95801,Done,Target,161.0904,11.17184,3.94898,0.3742,0.3742,1.0,0.3742,3.94898,0.0,0.0,0.0,0.59908,1.0,6,6,1,0.71188,0.91229,0.03487,0.89969,0.56,0.0598,0.82,0.7,0.06,0.9,0.56,0.06,-2.30769,-0.03689,-0.11246,-76.94704,0.0573,64.55991,double_rcm_log_20260616_132745_154.csv,31.95801,Unknown,Task2_TargetRCM_EntryCone,0.0,3.9489843430346236,11.10466744695227,11.111264592729983,0.11926667466062017,0.3353276239510088,0.36891733491396095,0.3565044309595933,2.6955659245184607,37.570992578191166,2.0661219856849846,2.5727549053851657
28.0065,0.03152,31.72439,Done,Target,161.0956,11.48698,4.06303,0.36164,0.36164,1.0,0.36164,4.06303,0.0,0.0,0.0,0.59908,1.0,6,6,1,0.71231,0.91246,0.03421,0.8997,0.56,0.0598,0.82,0.7,0.06,0.9,0.56,0.06,-2.26266,-0.02451,-0.11219,-77.09647,0.05616,64.56041,double_rcm_log_20260616_132745_154.csv,31.72439,Unknown,Task2_TargetRCM_EntryCone,0.0,4.062274495892417,11.422716376014117,11.429897627552675,0.11679890193946811,0.32839938161655363,0.3605551275463708,0.3538881701566971,2.3974927273407265,82.09369316828446,1.9922154496517746,2.45761247933851
28.03812,0.03162,31.62077,Done,Target,161.1008,11.79275,4.17359,0.34915,0.34915,1.0,0.34915,4.17359,0.0,0.0,0.0,0.59908,1.0,6,6,1,0.71273,0.91263,0.03357,0.89971,0.56,0.05981,0.82,0.7,0.06,0.9,0.56,0.06,-2.21902,-0.01227,-0.11263,-77.24112,0.05504,64.56048,double_rcm_log_20260616_132745_154.csv,31.62077,Unknown,Task2_TargetRCM_EntryCone,0.0,4.1737658464296254,11.7356717822487,11.743460554239048,0.11218409365121501,0.3154337672768532,0.3466987164672024,0.44141116402162833,2.478575366735056,74.26806192544201,1.9133170761190617,2.4103163192080252
28.0706,0.03248,30.78611,Done,Target,161.1064,12.09375,4.28254,0.3355,0.3355,1.0,0.3355,4.28254,0.0,0.0,0.0,0.59908,1.0,6,6,1,0.71314,0.9128,0.03295,0.89972,0.56,0.05982,0.82,0.7,0.06,0.9,0.56,0.06,-2.17594,0.00065,-0.11486,-77.38276,0.05252,64.55957,double_rcm_log_20260616_132745_154.csv,30.78611,Unknown,Task2_TargetRCM_EntryCone,0.0,4.282157388566289,12.039883458521386,12.04829479575363,0.10757812455286843,0.3024922122329163,0.3328663395419133,0.4419942107164791,2.497065358331004,74.08410217235802,1.838980469374828,2.4899183990286256
28.10214,0.03154,31.70551,Done,Target,161.1119,12.37374,4.38365,0.32191,0.32191,1.0,0.32191,4.38365,0.0,0.0,0.0,0.59908,1.0,6,6,1,0.71352,0.91295,0.03236,0.89973,0.56,0.05983,0.82,0.7,0.06,0.9,0.56,0.06,-2.13629,0.01068,-0.11388,-77.51656,0.05512,64.55986,double_rcm_log_20260616_132745_154.csv,31.70551,Unknown,Task2_TargetRCM_EntryCone,0.0,4.384527555662482,12.327155998476147,12.336184969182492,0.10298214105479306,0.28957794221138244,0.3190611226708681,0.3564415025346585,2.411411766101469,81.78136423975768,1.7635561566309454,2.6830188246904028
28.13312,0.03098,32.28138,Done,Target,161.1175,12.63657,4.4786,0.30845,0.30845,1.0,0.30845,4.4786,0.0,0.0,0.0,0.59908,1.0,6,6,1,0.71388,0.91309,0.03181,0.89974,0.56,0.05983,0.82,0.7,0.06,0.9,0.56,0.06,-2.09893,0.02018,-0.11329,-77.641,0.05536,64.55982,double_rcm_log_20260616_132745_154.csv,32.28138,Unknown,Task2_TargetRCM_EntryCone,0.0,4.4791086893903485,12.59253589443731,12.602161713713441,0.10049576039922509,0.28259511673066257,0.31064449134021127,0.35863578754891173,2.5285219175752056,87.13301517961634,1.6717766573617663,3.076530885404462
28.16438,0.03126,31.98505,Done,Target,161.1233,12.88871,4.56973,0.2943,0.2943,1.0,0.2943,4.56973,0.0,0.0,0.0,0.59908,1.0,6,6,1,0.71422,0.91322,0.03129,0.89975,0.56,0.05984,0.82,0.7,0.06,0.9,0.56,0.06,-2.06301,0.03054,-0.11512,-77.75979,0.05452,64.55862,double_rcm_log_20260616_132745_154.csv,31.98505,Unknown,Task2_TargetRCM_EntryCone,0.0,4.56973935448478,12.84679920707737,12.85702107836924,0.09589211707810971,0.2696579029351344,0.2968164415930936,0.44662957115661384,3.4360973191886544,56.297316552861545,1.5783568644133803,2.9005737652310404
28.19647,0.03209,31.16319,Done,Target,161.1293,13.13317,4.65812,0.27979,0.27979,1.0,0.27979,4.65812,0.0,0.0,0.0,0.59908,1.0,6,6,1,0.71455,0.91334,0.03078,0.89976,0.56,0.05985,0.82,0.7,0.06,0.9,0.56,0.06,-2.02807,0.03958,-0.11527,-77.8744,0.05239,64.55793,double_rcm_log_20260616_132745_154.csv,31.16319,Unknown,Task2_TargetRCM_EntryCone,0.0,4.658294373812427,13.095208275355425,13.106035824171586,0.09129985466592909,0.25675190059967123,0.283019433961712,0.5687228052609749,2.459565103843392,109.91807842876115,1.4886672717855112,2.8155673059703985
28.22803,0.03155,31.69094,Done,Target,161.1353,13.35962,4.73996,0.26524,0.26524,1.0,0.26524,4.73996,0.0,0.0,0.0,0.59908,1.0,6,6,1,0.71486,0.91346,0.03031,0.89978,0.56,0.05986,0.82,0.7,0.06,0.9,0.56,0.06,-1.99587,0.04852,-0.11669,-77.98132,0.05246,64.55656,double_rcm_log_20260616_132745_154.csv,31.69094,Unknown,Task2_TargetRCM_EntryCone,0.0,4.739925662669345,13.324167627602218,13.33557426429688,0.08420881553128065,0.23682515458910786,0.26076809620810487,0.5705933215479199,3.501940811487468,88.27563380136661,1.3996169501695193,2.8437691321498844
28.25972,0.03169,31.55308,Done,Target,161.1414,13.57242,4.81686,0.25027,0.25027,1.0,0.25027,4.81686,0.0,0.0,0.0,0.59908,1.0,6,6,1,0.71515,0.91356,0.02986,0.89979,0.56,0.05987,0.82,0.7,0.06,0.9,0.56,0.06,-1.96552,0.05642,-0.11729,-78.08128,0.05135,64.55537,double_rcm_log_20260616_132745_154.csv,31.55308,Unknown,Task2_TargetRCM_EntryCone,0.0,4.817976664057895,13.543059706736495,13.55503899250674,0.07962116776131492,0.2239299340968717,0.2469817807046054,0.35330939781976284,3.5403075650030464,116.43046577806992,1.3099871955557314,2.93556807865096
28.29126,0.03154,31.70356,Done,Target,161.1478,13.76939,4.88812,0.23519,0.23519,1.0,0.23519,4.88812,0.0,0.0,0.0,0.59908,1.0,6,6,1,0.71542,0.91366,0.02945,0.8998,0.56,0.05987,0.82,0.7,0.06,0.9,0.56,0.06,-1.93765,0.06341,-0.11756,-78.17512,0.05341,64.55416,double_rcm_log_20260616_132745_154.csv,31.70356,Unknown,Task2_TargetRCM_EntryCone,0.0,4.888434930138697,13.740636577366475,13.753148979960532,0.07712596316478366,0.21691898523143896,0.23853720883751178,0.35292239121473756,3.8256163477001324,129.12920346251,1.2150712183956582,3.223012359430687
28.323,0.03173,31.51329,Done,Target,161.1542,13.95254,4.95432,0.21965,0.21965,1.0,0.21965,4.95432,0.0,0.0,0.0,0.59908,1.0,6,6,1,0.71566,0.91375,0.02907,0.89981,0.56,0.05988,0.82,0.7,0.06,0.9,0.56,0.06,-1.91154,0.06984,-0.11774,-78.26114,0.0526,64.55286,double_rcm_log_20260616_132745_154.csv,31.51329,Unknown,Task2_TargetRCM_EntryCone,0.0,4.954284541780837,13.925271224189038,13.938295952475743,0.07252848812286773,0.2039947208970222,0.22472205054245958,0.5908757606689701,4.615445822566207,68.1342243346783,1.1069641576593823,3.2771634268045218
28.35311,0.03011,33.21236,Done,Target,161.1604,14.11118,5.01173,0.2046,0.2046,1.0,0.2046,5.01173,0.0,0.0,0.0,0.59908,1.0,6,6,1,0.71588,0.91383,0.02874,0.89983,0.56,0.05989,0.82,0.7,0.06,0.9,0.56,0.06,-1.88888,0.07553,-0.11825,-78.33551,0.05159,64.55131,double_rcm_log_20260616_132745_154.csv,33.21236,Unknown,Task2_TargetRCM_EntryCone,0.0,5.011697394838566,14.086235180819243,14.099717842104624,0.0654446482003344,0.18408192156253153,0.20248456731316825,0.6455313682038771,1.6446897436971508,102.96815943905591,1.0125887944958538,3.121170251158902
28.41332,0.03054,32.74101,Done,Target,161.1727,14.38533,5.11109,0.17494,0.17494,1.0,0.17494,5.11109,0.0,0.0,0.0,0.59908,1.0,6,6,1,0.71625,0.91395,0.02817,0.89985,0.56,0.05991,0.82,0.7,0.06,0.9,0.56,0.06,-1.84992,0.08529,-0.11945,-78.46559,0.05327,64.54781,double_rcm_log_20260616_132745_154.csv,32.74101,Unknown,Task2_TargetRCM_EntryCone,0.0,5.111121490427099,14.364949246817465,14.379250081712645,0.05627819662617814,0.15830836510284474,0.17492855684534475,0.558388038185647,1.206623646168974,107.73126592109809,0.8313566422230244,3.309855670964768
28.44381,0.03049,32.79325,Done,Target,161.1791,14.50111,5.15313,0.15934,0.15934,1.0,0.15934,5.15313,0.0,0.0,0.0,0.59908,1.0,6,6,1,0.71641,0.91401,0.02792,0.89987,0.56,0.05991,0.82,0.7,0.06,0.9,0.56,0.06,-1.83361,0.08941,-0.12024,-78.52162,0.05638,64.54574,double_rcm_log_20260616_132745_154.csv,32.79325,Unknown,Task2_TargetRCM_EntryCone,0.0,5.152926683528819,14.4821282441946,14.496782748129668,0.05131666827459024,0.14436065946100723,0.15811388300848012,0.5211625409023114,5.13192916326446,44.10813969070842,0.725992159355922,3.5642829101975377
28.47381,0.03,33.33104,Done,Target,161.1855,14.59975,5.18901,0.14382,0.14382,1.0,0.14382,5.18901,0.0,0.0,0.0,0.59908,1.0,6,6,1,0.71655,0.91405,0.02772,0.89988,0.56,0.05992,0.82,0.7,0.06,0.9,0.56,0.06,-1.81955,0.0927,-0.12056,-78.56851,0.05703,64.54377,double_rcm_log_20260616_132745_154.csv,33.33104,Unknown,Task2_TargetRCM_EntryCone,0.0,5.188603981569913,14.582124797171344,14.597085698363719,0.04669373010476593,0.1313597526466318,0.14422205101856525,0.46258660126203865,2.627382318550461,116.53154043131093,0.6170131247038302,3.5236038064595445
28.505,0.03119,32.06118,Done,Target,161.1922,14.68585,5.22041,0.12782,0.12782,1.0,0.12782,5.22041,0.0,0.0,0.0,0.59908,1.0,6,6,1,0.71666,0.91409,0.02754,0.89989,0.56,0.05993,0.82,0.7,0.06,0.9,0.56,0.06,-1.80727,0.09479,-0.11963,-78.6097,0.05797,64.54217,double_rcm_log_20260616_132745_154.csv,32.06118,Unknown,Task2_TargetRCM_EntryCone,0.0,5.219857092890501,14.669716567573163,14.684949353215552,0.04209017495293197,0.11841257729459419,0.1303840481040993,0.5765154191519473,2.4623898310028394,51.60630471407291,0.5113507071474588,3.404490121646423
28.5363,0.0313,31.94719,Done,Target,161.1989,14.75553,5.24591,0.11165,0.11165,1.0,0.11165,5.24591,0.0,0.0,0.0,0.59908,1.0,6,6,1,0.71676,0.91412,0.02739,0.89991,0.56,0.05994,0.82,0.7,0.06,0.9,0.56,0.06,-1.79735,0.09696,-0.11991,-78.64328,0.05927,64.53989,double_rcm_log_20260616_132745_154.csv,31.94719,Unknown,Task2_TargetRCM_EntryCone,0.0,5.245832989939415,14.7425147928402,14.757976043564287,0.03501706742870504,0.09851981448499295,0.10816653826394702,0.5781034552748409,2.4974079053342866,64.9012409126917,0.4061311438693681,3.415388111979502
28.56718,0.03088,32.38858,Done,Target,161.2055,14.80689,5.26485,0.09567,0.09567,1.0,0.09567,5.26485,0.0,0.0,0.0,0.59908,1.0,6,6,1,0.71683,0.91414,0.02728,0.89992,0.56,0.05995,0.82,0.7,0.06,0.9,0.56,0.06,-1.79009,0.09809,-0.11951,-78.66886,0.06179,64.5378,double_rcm_log_20260616_132745_154.csv,32.38858,Unknown,Task2_TargetRCM_EntryCone,0.0,5.26526254188827,14.796964710858514,14.812598334333346,0.030418321537698117,0.08558396686653155,0.09433981132053683,0.4616923372350141,1.7763760191612987,74.21872342340812,0.3037974096211825,3.44945337979768
28.59757,0.03039,32.90615,Done,Target,161.2121,14.84091,5.27764,0.07974,0.07974,1.0,0.07974,5.27764,0.0,0.0,0.0,0.59908,1.0,6,6,1,0.71688,0.91415,0.02721,0.89993,0.56,0.05996,0.82,0.7,0.06,0.9,0.56,0.06,-1.78532,0.09902,-0.11985,-78.68671,0.06508,64.53532,double_rcm_log_20260616_132745_154.csv,32.90615,Unknown,Task2_TargetRCM_EntryCone,0.0,5.2781461662926645,14.833069201190936,14.848817827191326,0.02585920311044238,0.0727588218283375,0.08062257748299727,0.4681771793352274,2.203981280578666,64.96394027396778,0.20312771642210284,3.5021153358147568
28.65965,0.0329,30.39825,Done,Target,161.2255,14.85851,5.28506,0.04746,0.04746,1.0,0.04746,5.28506,0.0,0.0,0.0,0.59908,1.0,6,6,1,0.71691,0.91414,0.02717,0.89996,0.56,0.05997,0.82,0.7,0.06,0.9,0.56,0.06,-1.78305,0.09879,-0.1201,-78.69939,0.07335,64.53006,double_rcm_log_20260616_132745_154.csv,30.39825,Unknown,Task2_TargetRCM_EntryCone,0.0,5.284286751126272,14.850277036501941,14.866080672718576,0.01630926721829697,0.04589285179802253,0.05000000000002919,0.558656942475754,0.464179335190706,24.777322419521482,0.08253051733781729,3.5426391751203066
28.7183,0.0305,32.78899,Done,Target,161.2383,14.81016,5.26879,0.01683,0.01683,1.0,0.01683,5.26879,0.0,0.0,0.0,0.59908,1.0,6,6,1,0.71686,0.91411,0.02727,0.89999,0.56,0.05999,0.82,0.7,0.06,0.9,0.56,0.06,-1.79039,0.096,-0.11996,-78.68262,0.08509,64.5248,double_rcm_log_20260616_132745_154.csv,32.78899,Unknown,Task2_TargetRCM_EntryCone,0.0,5.2684736359400475,14.80596340666524,14.821625640652618,0.004705925757591394,0.013243285671818985,0.014142135623774532,0.5022537606846776,0.9090654164488426,22.290494858133453,0.2542379243172626,3.53065849529588
28.75008,0.03178,31.46443,Done,Target,161.245,14.75687,5.25042,0.00034,0.00034,1.0,0.00034,5.25042,0.0,0.0,0.0,0.59908,1.0,6,6,1,0.71679,0.91408,0.02738,0.9,0.56,0.06,0.82,0.7,0.06,0.9,0.56,0.06,-1.7983,0.09328,-0.11946,-78.66193,0.09356,64.52199,double_rcm_log_20260616_132745_154.csv,31.46443,Unknown,Task2_TargetRCM_EntryCone,0.0,5.250124088693192,14.754540433693208,14.770039644144923,0.0,0.0,0.0,0.4932054403307384,0.5015451144699179,30.460556667868566,0.3642981270546386,3.526588910045796
28.81095,0.0311,32.15739,Done,Target,161.2581,14.60189,5.19622,0.03112,0.03112,1.0,0.03112,5.19622,0.0,0.0,0.0,0.59908,1.0,6,6,1,0.71659,0.91399,0.0277,0.90003,0.56,0.06002,0.82,0.7,0.06,0.9,0.56,0.06,-1.82144,0.08517,-0.11696,-78.60065,0.11682,64.51687,double_rcm_log_20260616_132745_154.csv,32.15739,Unknown,Task2_TargetRCM_EntryCone,0.0,5.1957209744284825,14.602071673845742,14.617094202123969,0.01166804769608468,0.032839938161637466,0.03605551275461822,0.4814309484051217,1.3559698544451828,15.422237104943223,0.5787983675218709,3.5910332846617394
28.87068,0.03049,32.80143,Done,Target,161.2708,14.38183,5.11868,0.06158,0.06158,1.0,0.06158,5.11868,0.0,0.0,0.0,0.59908,1.0,6,6,1,0.71631,0.91387,0.02815,0.90005,0.56,0.06003,0.82,0.7,0.06,0.9,0.56,0.06,-1.85476,0.07222,-0.11047,-78.51466,0.15315,64.5131,double_rcm_log_20260616_132745_154.csv,32.80143,Unknown,Task2_TargetRCM_EntryCone,0.0,5.118540479517194,14.385745063013312,14.400108242223443,0.01874786175093261,0.05276945503428619,0.058309518948449435,0.5912917343189473,1.3232747967546767,68.87377581291518,0.7930076358572049,3.971519303268845
28.90234,0.03166,31.58385,Done,Target,161.2774,14.23766,5.06782,0.07751,0.07751,1.0,0.07751,5.06782,0.0,0.0,0.0,0.59908,1.0,6,6,1,0.71612,0.91379,0.02845,0.90007,0.56,0.06004,0.82,0.7,0.06,0.9,0.56,0.06,-1.87689,0.06299,-0.1049,-78.46,0.18068,64.51182,double_rcm_log_20260616_132745_154.csv,31.58385,Unknown,Task2_TargetRCM_EntryCone,0.0,5.0669109811073545,14.241019884386155,14.25495293851235,0.025848066154771428,0.07275882182834133,0.08062257748300071,0.5739206111814754,3.4156487173275885,44.50733985297912,0.9132010589547697,5.070175026979438
28.93312,0.03078,32.48756,Done,Target,161.2837,14.07952,5.01188,0.09283,0.09283,1.0,0.09283,5.01188,0.0,0.0,0.0,0.59908,1.0,6,6,1,0.71591,0.9137,0.02877,0.90008,0.56,0.06005,0.82,0.7,0.06,0.9,0.56,0.06,-1.90153,0.05089,-0.09541,-78.40185,0.21509,64.51214,double_rcm_log_20260616_132745_154.csv,32.48756,Unknown,Task2_TargetRCM_EntryCone,0.0,5.0119254057203495,14.086874409127766,14.100358910120846,0.030403350058997157,0.08558396686653422,0.0943398113205405,0.46315814106378855,2.257413417439195,54.622274722936496,1.054310685080256,7.371485971205062
28.99325,0.03042,32.87802,Done,Target,161.2959,13.71889,4.88435,0.12226,0.12226,1.0,0.12226,4.88435,0.0,0.0,0.0,0.59908,1.0,6,6,1,0.71544,0.91351,0.02952,0.9001,0.56,0.06007,0.82,0.7,0.06,0.9,0.56,0.06,-1.95966,0.0094,-0.04994,-78.28165,0.31964,64.52375,double_rcm_log_20260616_132745_154.csv,32.87802,Unknown,Task2_TargetRCM_EntryCone,0.0,4.884687243884565,13.730127953128962,13.742611608833906,0.039617367522163174,0.1115278509541884,0.12206555615732836,0.5521138479283844,0.08093322660592887,105.4432867984851,1.4987214472709212,16.520964156097094
29.02415,0.03091,32.35692,Done,Target,161.3022,13.507,4.80934,0.13714,0.13714,1.0,0.13714,4.80934,0.0,0.0,0.0,0.59908,1.0,6,6,1,0.71516,0.91339,0.02995,0.90012,0.56,0.06007,0.82,0.7,0.06,0.9,0.56,0.06,-1.99525,-0.02827,-0.00033,-78.22005,0.39987,64.54051,double_rcm_log_20260616_132745_154.csv,32.35692,Unknown,Task2_TargetRCM_EntryCone,0.0,4.808924541386052,13.517674535957108,13.529586447419275,0.04458513132452892,0.12552045496805453,0.13892443989450612,0.5153979961668859,5.007948132827086,60.359936066593036,1.9853204393573574,28.999514176259026
29.05434,0.03019,33.1238,Done,Target,161.3083,13.28264,4.72986,0.15162,0.15162,1.0,0.15162,4.72986,0.0,0.0,0.0,0.59908,1.0,6,6,1,0.71486,0.91327,0.03042,0.90013,0.56,0.06008,0.82,0.7,0.06,0.9,0.56,0.06,-2.03481,-0.09071,0.09129,-78.1673,0.51003,64.57478,double_rcm_log_20260616_132745_154.csv,33.1238,Unknown,Task2_TargetRCM_EntryCone,0.0,4.728750990954725,13.292826507642562,13.304152681621567,0.049139771812420824,0.13834738884414213,0.15264337522470828,0.4673591203499464,3.7545813785920115,82.63038098383794,2.9743461454670435,53.05523275733691
29.08467,0.03033,32.97112,Done,Target,161.3144,13.04046,4.64401,0.16567,0.16567,1.0,0.16567,4.64401,0.0,0.0,0.0,0.59908,1.0,6,6,1,0.71454,0.91313,0.03091,0.90014,0.56,0.06009,0.82,0.7,0.06,0.9,0.56,0.06,-2.08011,-0.20022,0.26358,-78.128,0.66356,64.64245,double_rcm_log_20260616_132745_154.csv,32.97112,Unknown,Task2_TargetRCM_EntryCone,0.0,4.644440297796673,13.056347726433444,13.06707898306765,0.05371962758029918,0.15124610611645742,0.16643316977095665,0.46245224368260635,0.1380768409132689,98.27493614934626,4.901492042545809,102.11336135351915
29.11551,0.03084,32.43058,Done,Target,161.3209,12.77705,4.55075,0.18002,0.18002,1.0,0.18002,4.55075,0.0,0.0,0.0,0.59908,1.0,6,6,1,0.71418,0.91298,0.03145,0.90015,0.56,0.0601,0.82,0.7,0.06,0.9,0.56,0.06,-2.13313,-0.40279,0.59696,-78.11201,0.88113,64.77621,double_rcm_log_20260616_132745_154.csv,32.43058,Unknown,Task2_TargetRCM_EntryCone,0.0,4.551172067692578,12.794711489863651,12.80480930196664,0.05831868814303921,0.1641996908082844,0.1802775637731873,0.4589373435112717,2.705662018125286,103.87771884194989,8.974787783926182,215.83538617850883
29.1463,0.03079,32.47645,Done,Target,161.3278,12.49849,4.45219,0.19391,0.19391,1.0,0.19391,4.45219,0.0,0.0,0.0,0.59908,1.0,6,6,1,0.71377,0.9128,0.032,0.90016,0.56,0.06011,0.82,0.7,0.06,0.9,0.56,0.06,-2.19574,-0.8,1.26969,-78.14062,1.1972,65.04678,double_rcm_log_20260616_132745_154.csv,32.47645,Unknown,Task2_TargetRCM_EntryCone,0.0,4.453155543224455,12.519718803409404,12.529178308418173,0.062932678214548,0.17719611039310212,0.1941648783894243,0.36571432595216413,6.517162285766122,239.94407444183526,17.93728367172625,444.7301535008656
29.17639,0.03009,33.22929,Done,Target,161.335,12.21856,4.35357,0.20549,0.20549,1.0,0.20549,4.35357,0.0,0.0,0.0,0.59908,1.0,6,6,1,0.71324,0.91255,0.03249,0.90017,0.56,0.06011,0.82,0.7,0.06,0.9,0.56,0.06,-2.27061,-1.60944,2.66121,-78.24722,1.66764,65.5949,double_rcm_log_20260616_132745_154.csv,33.22929,Unknown,Task2_TargetRCM_EntryCone,0.0,4.3535062224676935,12.240107629526443,12.248946353724618,0.06537621889185652,0.18408192156253153,0.20248456731316825,0.2318703255330119,15.605769138767641,373.1965116424093,35.61224758196811,816.4459315704743
29.20734,0.03095,32.30658,Done,Target,161.3394,11.96301,4.26512,0.20546,0.20546,1.0,0.20546,4.26512,0.0,0.0,0.0,0.59908,1.0,6,6,1,0.7122,0.912,0.03266,0.90017,0.55999,0.06011,0.82,0.7,0.06,0.9,0.56,0.06,-2.36441,-3.29492,5.56622,-78.46976,2.38922,66.67195,double_rcm_log_20260616_132745_154.csv,32.30658,Unknown,Task2_TargetRCM_EntryCone,0.0,4.263813143059205,11.988401502761013,11.996705227741844,0.06396860903002807,0.1801281595035705,0.20273134932713852,0.6100830211876788,26.889568346682942,134.1409313738622,67.93093542139445,862.5226408789682
29.23808,0.03073,32.53778,Done,Target,161.3262,11.96395,4.26958,0.16689,0.16689,1.0,0.16689,4.26958,0.0,0.0,0.0,0.59908,1.0,6,6,1,0.70954,0.91049,0.03153,0.90014,0.55999,0.06009,0.82,0.7,0.06,0.9,0.56,0.06,-2.47084,-6.48412,11.01062,-78.82025,3.41888,68.42878,double_rcm_log_20260616_132745_154.csv,32.53778,Unknown,Task2_TargetRCM_EntryCone,0.0,4.2686021946217405,12.001841789466448,12.010173519264638,0.05231108174762189,0.14728830963061532,0.16673332000535884,1.500727303478348,19.56613799034516,331.2672734254799,88.53755223769004,280.6864501579516
29.29884,0.03103,32.22411,Done,Target,161.2621,13.91782,4.95788,0.03682,0.03682,1.0,0.03682,4.95788,0.0,0.0,0.0,0.59908,1.0,6,6,1,0.69975,0.90453,0.02558,0.90003,0.56,0.06002,0.82,0.7,0.06,0.9,0.56,0.06,-2.61768,-13.20246,22.11404,-79.28728,5.05876,70.88176,double_rcm_log_20260616_132745_154.csv,32.22411,Unknown,Task2_TargetRCM_EntryCone,0.0,4.957513560236834,13.934324545014428,13.947374749051058,0.01166804769608468,0.032839938161637466,0.03605551275461822,1.3713990274958128,10.810634622957643,248.40022601099818,55.40851609650435,624.4617599420002
29.35916,0.03035,32.95086,Done,Target,161.2478,14.62748,5.20549,0.00576,0.00576,1.0,0.00576,5.20549,0.0,0.0,0.0,0.59908,1.0,6,6,1,0.69581,0.90212,0.02451,0.9,0.56,0.06,0.82,0.7,0.06,0.9,0.56,0.06,-2.72216,-14.89552,24.78158,-79.1636,5.4574,71.20989,double_rcm_log_20260616_132745_154.csv,32.95086,Unknown,Task2_TargetRCM_EntryCone,0.0,5.204420610206059,14.62645393574078,14.641552024904332,0.0,0.0,0.0,0.19955381543166048,10.878688525748897,165.41717853398018,13.372159468023233,343.36746384691054
29.38939,0.03023,33.07758,Done,Target,161.2467,14.67359,5.22153,0.00351,0.00351,1.0,0.00351,5.22153,0.0,0.0,0.0,0.59908,1.0,6,6,1,0.69464,0.90144,0.0247,0.9,0.56,0.06,0.82,0.7,0.06,0.9,0.56,0.06,-2.77724,-15.26112,25.33464,-79.04456,5.56383,71.25551,double_rcm_log_20260616_132745_154.csv,33.07758,Unknown,Task2_TargetRCM_EntryCone,0.0,5.221834912985438,14.675259573544395,14.690509675001442,0.0,0.0,0.0,1.7798229048217483e-12,3.359569829013461,179.24897805667126,8.531437209106462,101.19899320313219
29.42072,0.03133,31.9146,Done,Target,161.2465,14.68643,5.22592,0.00282,0.00282,1.0,0.00282,5.22592,0.0,0.0,0.0,0.59908,1.0,6,6,1,0.69352,0.9008,0.02502,0.9,0.56,0.06,0.82,0.7,0.06,0.9,0.56,0.06,-2.83614,-15.57877,25.80731,-78.90996,5.66358,71.28718,double_rcm_log_20260616_132745_154.csv,31.9146,Unknown,Task2_TargetRCM_EntryCone,0.0,5.2260210712693755,14.686991574011515,14.702278368531054,0.0,0.0,0.0,1.7763568394002505e-12,2.8171145956597966e-11,53.14107844688045,7.499047385474252,26.673821120217852
29.4515,0.03078,32.48993,Done,Target,161.2463,14.69383,5.22855,0.00248,0.00248,1.0,0.00248,5.22855,0.0,0.0,0.0,0.59908,1.0,6,6,1,0.69245,0.90018,0.02539,0.9,0.56,0.06,0.82,0.7,0.06,0.9,0.56,0.06,-2.89566,-15.86761,26.23225,-78.77061,5.75807,71.31049,double_rcm_log_20260616_132745_154.csv,32.48993,Unknown,Task2_TargetRCM_EntryCone,0.0,5.228046225572963,14.692667182014995,14.707971748775448,0.0,0.0,0.0,0.0,6.5445120423429e-11,4.446392185176626e-10,7.003058641425283,17.079015005870254
29.48167,0.03017,33.14563,Done,Target,161.2462,14.69976,5.23061,0.00222,0.00222,1.0,0.00222,5.23061,0.0,0.0,0.0,0.59908,1.0,6,6,1,0.69141,0.89959,0.02579,0.9,0.56,0.06,0.82,0.7,0.06,0.9,0.56,0.06,-2.95551,-16.133,26.61837,-78.62795,5.84826,71.32726,double_rcm_log_20260616_132745_154.csv,33.14563,Unknown,Task2_TargetRCM_EntryCone,0.0,5.230401758322335,14.699268670966127,14.714593926598425,0.0,0.0,0.0,2.51214793389404e-12,4.183767555096117e-11,1.7420522201810987e-09,6.582496509988567,15.492319923327383
29.51208,0.03041,32.8807,Done,Target,161.2461,14.70397,5.23207,0.00202,0.00202,1.0,0.00202,5.23207,0.0,0.0,0.0,0.59908,1.0,6,6,1,0.69038,0.899,0.02624,0.9,0.56,0.06,0.82,0.7,0.06,0.9,0.56,0.06,-3.01729,-16.38276,26.97741,-78.47826,5.93673,71.33861,double_rcm_log_20260616_132745_154.csv,32.8807,Unknown,Task2_TargetRCM_EntryCone,0.0,5.231962595197745,14.70364297446719,14.718981949340586,0.0,0.0,0.0,2.5146000066436358e-12,4.179815923172752e-11,1.1016383943990356e-09,6.196932025615004,14.687171115628294
29.54225,0.03016,33.15278,Done,Target,161.2459,14.70847,5.23353,0.00152,0.00152,1.0,0.00152,5.23353,0.0,0.0,0.0,0.59908,1.0,6,6,1,0.68938,0.89842,0.02673,0.9,0.56,0.06,0.82,0.7,0.06,0.9,0.56,0.06,-3.07993,-16.61532,27.30757,-78.32433,6.02251,71.34513,double_rcm_log_20260616_132745_154.csv,33.15278,Unknown,Task2_TargetRCM_EntryCone,0.0,5.232882024185658,14.706219703357505,14.721566763537329,0.0,0.0,0.0,0.0,3.0078192624892874e-11,1.3209044958010772e-09,5.83503462093652,13.956257743389951
29.57349,0.03124,32.00957,Done,Target,161.246,14.71118,5.23454,0.00156,0.00156,1.0,0.00156,5.23454,0.0,0.0,0.0,0.59908,1.0,6,6,1,0.68835,0.89784,0.02727,0.9,0.56,0.06,0.82,0.7,0.06,0.9,0.56,0.06,-3.14616,-16.83862,27.61989,-78.15933,6.10898,71.34714,double_rcm_log_20260616_132745_154.csv,32.00957,Unknown,Task2_TargetRCM_EntryCone,0.0,5.235010030839935,14.71218349495063,14.727549279359653,0.0,0.0,0.0,1.7763568394002505e-12,4.0849604076521306e-11,1.0670816029245304e-09,5.4967275434880065,13.134726884116272
29.60386,0.03037,32.93095,Done,Target,161.2458,14.7157,5.23611,0.00136,0.00136,1.0,0.00136,5.23611,0.0,0.0,0.0,0.59908,1.0,6,6,1,0.68738,0.89728,0.02784,0.9,0.56,0.06,0.82,0.7,0.06,0.9,0.56,0.06,-3.2118,-17.04233,27.90065,-77.99397,6.1914,71.34528,double_rcm_log_20260616_132745_154.csv,32.93095,Unknown,Task2_TargetRCM_EntryCone,0.0,5.235934573830712,14.71477454336127,14.730148467521207,0.0,0.0,0.0,2.5146000066436358e-12,5.848878680709346e-11,1.0979970598912639e-09,5.193128228402956,13.22205054704678
29.63427,0.03041,32.8822,Done,Target,161.2456,14.71963,5.23746,0.00103,0.00103,1.0,0.00103,5.23746,0.0,0.0,0.0,0.59908,1.0,6,6,1,0.68641,0.89673,0.02845,0.9,0.56,0.06,0.82,0.7,0.06,0.9,0.56,0.06,-3.2787,-17.23072,28.15564,-77.8235,6.2719,71.33977,double_rcm_log_20260616_132745_154.csv,32.8822,Unknown,Task2_TargetRCM_EntryCone,0.0,5.23762587918109,14.719514447201336,14.73490326918355,0.0,0.0,0.0,1.7901808365247238e-12,3.08989664084858e-11,1.0562621847805582e-09,4.878956557880008,13.147034337339733
29.66536,0.0311,32.15948,Done,Target,161.2457,14.72254,5.23851,0.00113,0.00113,1.0,0.00113,5.23851,0.0,0.0,0.0,0.59908,1.0,6,6,1,0.68545,0.89618,0.02911,0.9,0.56,0.06,0.82,0.7,0.06,0.9,0.56,0.06,-3.34824,-17.40745,28.3898,-77.64436,6.35206,71.3307,double_rcm_log_20260616_132745_154.csv,32.15948,Unknown,Task2_TargetRCM_EntryCone,0.0,5.238992820346648,14.72334530709156,14.738746176768807,0.0,0.0,0.0,1.7763568394002505e-12,3.211234307679758e-11,7.539902185511007e-10,4.594210771608871,12.648634110628585
29.69546,0.03009,33.2296,Done,Target,161.2456,14.72685,5.23996,0.00093,0.00093,1.0,0.00093,5.23996,0.0,0.0,0.0,0.59908,1.0,6,6,1,0.68454,0.89566,0.02979,0.9,0.56,0.06,0.82,0.7,0.06,0.9,0.56,0.06,-3.41652,-17.56513,28.59403,-77.46678,6.4279,71.31914,double_rcm_log_20260616_132745_154.csv,33.2296,Unknown,Task2_TargetRCM_EntryCone,0.0,5.239782220515401,14.725557601447965,14.74096543145731,0.0,0.0,0.0,2.51214793389404e-12,3.8214248850354045e-11,1.0794896796648787e-09,4.332904720662079,12.741826359431403
29.72618,0.03073,32.54236,Done,Target,161.2456,14.72989,5.24105,0.00087,0.00087,1.0,0.00087,5.24105,0.0,0.0,0.0,0.59908,1.0,6,6,1,0.68363,0.89514,0.03052,0.9,0.56,0.06,0.82,0.7,0.06,0.9,0.56,0.06,-3.48717,-17.71045,28.77664,-77.2812,6.50312,71.30455,double_rcm_log_20260616_132745_154.csv,32.54236,Unknown,Task2_TargetRCM_EntryCone,0.0,5.240905876076601,14.72870664188275,14.744124383049392,0.0,0.0,0.0,4.577566798522238e-13,4.412505836011171e-11,1.6339385897778538e-09,4.0775832077534595,12.658888188941736
29.78704,0.03097,32.29305,Done,Target,161.2455,14.73656,5.24337,0.00057,0.00057,1.0,0.00057,5.24337,0.0,0.0,0.0,0.59908,1.0,6,6,1,0.6819,0.89415,0.03207,0.9,0.56,0.06,0.82,0.7,0.06,0.9,0.56,0.06,-3.62952,-17.95554,29.0678,-76.90219,6.64608,71.26875,double_rcm_log_20260616_132745_154.csv,32.29305,Unknown,Task2_TargetRCM_EntryCone,0.0,5.242949065382951,14.734432657623417,14.749868431539541,0.0,0.0,0.0,1.7901808365247238e-12,6.051730770876549e-11,6.310841338330766e-10,3.6559912556674257,12.227565388055037
29.81784,0.0308,32.46739,Done,Target,161.2452,14.73997,5.24445,0.00025,0.00025,1.0,0.00025,5.24445,0.0,0.0,0.0,0.59908,1.0,6,6,1,0.68106,0.89367,0.0329,0.9,0.56,0.06,0.82,0.7,0.06,0.9,0.56,0.06,-3.70259,-18.0578,29.17947,-76.70507,6.71521,71.24759,double_rcm_log_20260616_132745_154.csv,32.46739,Unknown,Task2_TargetRCM_EntryCone,0.0,5.244675752647352,14.73927166523645,14.754722689475798,0.0,0.0,0.0,1.3608726004012152e-12,5.440597780361233e-11,3.591293082224245e-10,3.4802407877230275,12.147943397795602
29.8791,0.0313,31.9455,Done,Target,161.2454,14.74649,5.24669,0.00027,0.00027,1.0,0.00027,5.24669,0.0,0.0,0.0,0.59908,1.0,6,6,1,0.67947,0.89276,0.03466,0.9,0.56,0.06,0.82,0.7,0.06,0.9,0.56,0.06,-3.84951,-18.21777,29.33088,-76.3036,6.84588,71.20033,double_rcm_log_20260616_132745_154.csv,31.9455,Unknown,Task2_TargetRCM_EntryCone,0.0,5.24664162543276,14.744780969342798,14.76024936863991,0.0,0.0,0.0,3.978256139440565e-12,6.472411634072852e-11,6.837170659053229e-10,3.226565937308316,12.044819174740837
29.90913,0.03003,33.29763,Done,Target,161.2453,14.74983,5.24789,0.00013,0.00013,1.0,0.00013,5.24789,0.0,0.0,0.0,0.59908,1.0,6,6,1,0.67873,0.89233,0.03556,0.9,0.56,0.06,0.82,0.7,0.06,0.9,0.56,0.06,-3.92215,-18.2754,29.37142,-76.10263,6.90654,71.17499,double_rcm_log_20260616_132745_154.csv,33.29763,Unknown,Task2_TargetRCM_EntryCone,0.0,5.248831993202684,14.750919393988871,14.766407167836391,0.0,0.0,0.0,1.1102230246251565e-13,3.0868444050330075e-11,1.710901033803198e-09,3.1522771176208715,12.055840285071827
29.93966,0.03053,32.75754,Done,Target,161.2451,14.75302,5.24893,0.00039,0.00039,1.0,0.00039,5.24893,0.0,0.0,0.0,0.59908,1.0,6,6,1,0.67801,0.89192,0.03651,0.9,0.56,0.06,0.82,0.7,0.06,0.9,0.56,0.06,-3.99623,-18.31956,29.38941,-75.89594,6.96566,71.14793,double_rcm_log_20260616_132745_154.csv,32.75754,Unknown,Task2_TargetRCM_EntryCone,0.0,5.24936742983903,14.752419932075915,14.767912444501475,0.0,0.0,0.0,2.5146000066436358e-12,4.163470362972738e-11,4.640591126696072e-10,3.113111261030352,11.990344656526815
29.97039,0.03073,32.5405,Done,Target,161.2451,14.75599,5.25005,0.00022,0.00022,1.0,0.00022,5.25005,0.0,0.0,0.0,0.59908,1.0,6,6,1,0.67731,0.89152,0.0375,0.9,0.56,0.06,0.82,0.7,0.06,0.9,0.56,0.06,-4.07097,-18.34958,29.38436,-75.68568,7.02258,71.11948,double_rcm_log_20260616_132745_154.csv,32.5405,Unknown,Task2_TargetRCM_EntryCone,0.0,5.250088236141691,14.754439958625637,14.76993885166323,0.0,0.0,0.0,2.5219419200973695e-12,4.237542329257943e-11,1.7289702434811707e-09,3.114562594331979,11.914108737481756
30.00041,0.03002,33.30698,Done,Target,161.2451,14.75908,5.25113,0.00032,0.00032,1.0,0.00032,5.25113,0.0,0.0,0.0,0.59908,1.0,6,6,1,0.67666,0.89114,0.03849,0.9,0.56,0.06,0.82,0.7,0.06,0.9,0.56,0.06,-4.14407,-18.36496,29.35707,-75.47829,7.07558,71.09057,double_rcm_log_20260616_132745_154.csv,33.30698,Unknown,Task2_TargetRCM_EntryCone,0.0,5.25109661327271,14.757265885292469,14.772773707470988,0.0,0.0,0.0,0.0,6.607980948496068e-11,3.674226301294085e-11,3.1527231787728383,11.899453876704333
30.03071,0.0303,33.00269,Done,Target,161.2453,14.76214,5.25218,0.00041,0.00041,1.0,0.00041,5.25222,0.0,0.0,0.0,0.59908,1.0,6,6,1,0.67603,0.89078,0.03951,0.9,0.56,0.06,0.82,0.7,0.06,0.9,0.56,0.06,-4.21778,-18.36639,29.30711,-75.26737,7.12628,71.06042,double_rcm_log_20260616_132745_154.csv,33.00269,Unknown,Task2_TargetRCM_EntryCone,0.0,5.252409730557906,14.760945824205676,14.776465279125045,0.0,0.0,0.0,1.7763568394002505e-12,4.1215524593716015e-11,1.510020329944568e-09,3.2268676906291507,11.884244211328067
30.06137,0.03066,32.61337,Done,Target,161.245,14.7654,5.2533,0.00064,0.00064,1.0,0.00064,5.2533,0.0,0.0,0.0,0.59908,1.0,6,6,1,0.67542,0.89044,0.04057,0.9,0.56,0.06,0.82,0.7,0.06,0.9,0.56,0.06,-4.29225,-18.35353,29.23376,-75.05246,7.17465,71.02886,double_rcm_log_20260616_132745_154.csv,32.61337,Unknown,Task2_TargetRCM_EntryCone,0.0,5.253396528301927,14.763711265464163,14.779239466125679,0.0,0.0,0.0,2.51214793389404e-12,2.8703511369727525e-11,1.0516426959015274e-09,3.336485389861627,11.929156925045486
30.09222,0.03085,32.41603,Done,Target,161.2451,14.76861,5.25442,0.00071,0.00071,1.0,0.00071,5.25442,0.0,0.0,0.0,0.59908,1.0,6,6,1,0.67485,0.89011,0.04166,0.9,0.56,0.06,0.82,0.7,0.06,0.9,0.56,0.06,-4.36691,-18.32594,29.13674,-74.83503,7.22019,70.99616,double_rcm_log_20260616_132745_154.csv,32.41603,Unknown,Task2_TargetRCM_EntryCone,0.0,5.253756213984808,14.76471926184329,14.780250651125558,0.0,0.0,0.0,0.0,2.874777542133887e-11,8.262595504265529e-10,3.4795734972811196,11.950290725875416
30.12285,0.03062,32.65357,Done,Target,161.245,14.77178,5.25546,0.00095,0.00095,1.0,0.00095,5.25546,0.0,0.0,0.0,0.59908,1.0,6,6,1,0.67431,0.8898,0.04276,0.9,0.56,0.06,0.82,0.7,0.06,0.9,0.56,0.06,-4.4407,-18.28383,29.01711,-74.61814,7.26211,70.96271,double_rcm_log_20260616_132745_154.csv,32.65357,Unknown,Task2_TargetRCM_EntryCone,0.0,5.2551968558416915,14.768756563705583,14.78430072868078,0.0,0.0,0.0,1.7798229048217483e-12,2.2148690641871727e-11,5.462240134459346e-10,3.6491910861047727,11.963282408308258
30.15397,0.03113,32.12694,Done,Target,161.2449,14.77521,5.25669,0.00101,0.00101,1.0,0.00101,5.25669,0.0,0.0,0.0,0.59908,1.0,6,6,1,0.67379,0.8895,0.0439,0.9,0.56,0.06,0.82,0.7,0.06,0.9,0.56,0.06,-4.5152,-18.22633,28.87232,-74.39707,7.30128,70.92769,double_rcm_log_20260616_132745_154.csv,32.12694,Unknown,Task2_TargetRCM_EntryCone,0.0,5.257499878747925,14.775210611033657,14.790775213886233,0.0,0.0,0.0,1.3322676295501878e-12,1.717088413716512e-11,5.970765886813608e-10,3.846910069243153,12.04692000180812
30.21378,0.03075,32.52314,Done,Target,161.245,14.7811,5.25874,0.0011,0.0011,1.0,0.0011,5.25874,0.0,0.0,0.0,0.59908,1.0,6,6,1,0.67291,0.88899,0.04615,0.9,0.56,0.06,0.82,0.7,0.06,0.9,0.56,0.06,-4.65665,-18.07261,28.52601,-73.97104,7.36592,70.8573,double_rcm_log_20260616_132745_154.csv,32.52314,Unknown,Task2_TargetRCM_EntryCone,0.0,5.258801321716398,14.778857795861908,14.79443395611508,0.0,0.0,0.0,0.0,4.898333220133755e-11,3.960760941420592e-10,4.290894442786726,12.210183940302374
30.24452,0.03074,32.53164,Done,Target,161.2448,14.78436,5.25993,0.00117,0.00117,1.0,0.00117,5.25993,0.0,0.0,0.0,0.59908,1.0,6,6,1,0.6725,0.88876,0.04733,0.9,0.56,0.06,0.82,0.7,0.06,0.9,0.56,0.06,-4.72827,-17.97182,28.31377,-73.75196,7.39347,70.81942,double_rcm_log_20260616_132745_154.csv,32.53164,Unknown,Task2_TargetRCM_EntryCone,0.0,5.2603892398648435,14.783307793041127,14.79889806246663,0.0,0.0,0.0,2.5146000066436358e-12,2.885762267242753e-11,5.145948200807157e-10,4.547034582589592,12.32425541987715
30.27506,0.03055,32.73729,Done,Target,161.2447,14.78756,5.26098,0.00149,0.00149,1.0,0.00149,5.26098,0.0,0.0,0.0,0.59908,1.0,6,6,1,0.67214,0.88855,0.04852,0.9,0.56,0.06,0.82,0.7,0.06,0.9,0.56,0.06,-4.79857,-17.85653,28.07908,-73.53445,7.41673,70.78049,double_rcm_log_20260616_132745_154.csv,32.73729,Unknown,Task2_TargetRCM_EntryCone,0.0,5.2606720165385665,14.784100247935895,14.799693030817563,0.0,0.0,0.0,1.7798229048217483e-12,2.925556126296421e-11,6.743970634676881e-10,4.817014614581817,12.327431465662672
30.30548,0.03041,32.88203,Done,Target,161.2446,14.79061,5.26209,0.00157,0.00157,1.0,0.00157,5.26209,0.0,0.0,0.0,0.59908,1.0,6,6,1,0.67181,0.88836,0.04971,0.9,0.56,0.06,0.82,0.7,0.06,0.9,0.56,0.06,-4.86759,-17.72685,27.82205,-73.31837,7.43561,70.74027,double_rcm_log_20260616_132745_154.csv,32.88203,Unknown,Task2_TargetRCM_EntryCone,0.0,5.262176499283475,14.788316412541453,14.803922572535221,0.0,0.0,0.0,3.9736059261160154e-12,2.9421325157617213e-11,1.8365216461270396e-09,5.093652118365397,11.892103389124602
30.33624,0.03076,32.50888,Done,Target,161.2446,14.79422,5.26336,0.00166,0.00166,1.0,0.00166,5.26336,0.0,0.0,0.0,0.59908,1.0,6,6,1,0.67151,0.88819,0.05093,0.9,0.56,0.06,0.82,0.7,0.06,0.9,0.56,0.06,-4.9363,-17.58084,27.5388,-73.10059,7.45026,70.69802,double_rcm_log_20260616_132745_154.csv,32.50888,Unknown,Task2_TargetRCM_EntryCone,0.0,5.26368260509245,14.792537115411148,14.808156674605703,0.0,0.0,0.0,2.5219419200973695e-12,8.483401823358115e-11,1.6656859837898017e-09,5.363299080326526,12.754096534690103
30.36971,0.03348,29.87003,Done,Target,161.2445,14.80105,5.26563,0.00213,0.00213,1.0,0.00213,5.26563,0.0,0.0,0.0,0.59908,1.0,6,6,1,0.67122,0.88803,0.05227,0.9,0.56,0.06,0.82,0.7,0.06,0.9,0.56,0.06,-5.00964,-17.40689,27.207,-72.86515,7.46128,70.65028,double_rcm_log_20260616_132745_154.csv,29.87003,Unknown,Task2_TargetRCM_EntryCone,0.0,5.265849435543061,14.79860941155353,14.814248261586584,0.0,0.0,0.0,1.7763568394002505e-12,7.558126320075167e-11,1.4910911440223822e-09,5.742487098162567,14.264984960996355
30.39975,0.03004,33.29246,Done,Target,161.2444,14.80123,5.2657,0.00222,0.00222,1.0,0.00222,5.2657,0.0,0.0,0.0,0.59908,1.0,6,6,1,0.67101,0.88791,0.05349,0.9,0.56,0.06,0.82,0.7,0.06,0.9,0.56,0.06,-5.07432,-17.22934,26.87545,-72.65377,7.46496,70.60475,double_rcm_log_20260616_132745_154.csv,33.29246,Unknown,Task2_TargetRCM_EntryCone,0.0,5.265938990304489,14.798860378141818,14.814500025803609,0.0,0.0,0.0,2.5146000066436358e-12,3.09851673171941e-11,1.6060549287478296e-09,6.099984353084558,13.653727436520919
30.45926,0.03029,33.01871,Done,Target,161.2443,14.80754,5.2679,0.00252,0.00252,1.0,0.00252,5.2679,0.0,0.0,0.0,0.59908,1.0,6,6,1,0.67069,0.88772,0.05591,0.9,0.56,0.06,0.82,0.7,0.06,0.9,0.56,0.06,-5.19818,-16.83828,26.15697,-72.24016,7.45819,70.50832,double_rcm_log_20260616_132745_154.csv,33.01871,Unknown,Task2_TargetRCM_EntryCone,0.0,5.2686904997064765,14.806571138999452,14.822235306476971,0.0,0.0,0.0,5.551115123125783e-14,2.144423751128158e-11,2.7878456448948337e-10,6.700291462588975,12.91664364753634
30.52043,0.03189,31.36243,Done,Target,161.2441,14.81735,5.27125,0.00312,0.00312,1.0,0.00312,5.27125,0.0,0.0,0.0,0.59908,1.0,6,6,1,0.6705,0.88761,0.0584,0.9,0.56,0.06,0.82,0.7,0.06,0.9,0.56,0.06,-5.31917,-16.37582,25.32326,-71.82203,7.4292,70.39815,double_rcm_log_20260616_132745_154.csv,31.36243,Unknown,Task2_TargetRCM_EntryCone,0.0,5.272409310507949,14.816992586743062,14.83268993473752,0.0,0.0,0.0,5.551115123125783e-14,1.6517334895466706e-11,1.7292625926748833e-10,7.426125541247402,14.264481990628285
30.58096,0.03172,31.52456,Done,Target,161.2438,14.82472,5.27392,0.00341,0.00341,1.0,0.00341,5.27392,0.0,0.0,0.0,0.59908,1.0,6,6,1,0.67047,0.88759,0.06088,0.9,0.56,0.06,0.82,0.7,0.06,0.9,0.56,0.06,-5.43189,-15.84986,24.3902,-71.41525,7.37469,70.27436,double_rcm_log_20260616_132745_154.csv,31.52456,Unknown,Task2_TargetRCM_EntryCone,0.0,5.274105380275923,14.821745564599016,14.837458061051512,0.0,0.0,0.0,1.9868029630580077e-12,4.792567181390148e-13,5.284188679700676e-10,8.225793924109498,14.992790749203063
30.64172,0.03089,32.37049,Done,Target,161.2433,14.83215,5.27645,0.0042,0.0042,1.0,0.0042,5.27645,0.0,0.0,0.0,0.59908,1.0,6,6,1,0.67058,0.88765,0.06336,0.9,0.56,0.06,0.82,0.7,0.06,0.9,0.56,0.06,-5.53724,-15.25209,23.34256,-71.01498,7.29165,70.13164,double_rcm_log_20260616_132745_154.csv,32.37049,Unknown,Task2_TargetRCM_EntryCone,0.0,5.276700145081609,14.829016973631857,14.844752664088801,0.0,0.0,0.0,0.0,4.8517187478568725e-11,4.838975617736222e-10,9.061699655602633,15.416215052570022
30.67241,0.03069,32.5881,Done,Target,161.2433,14.83658,5.27797,0.00473,0.00473,1.0,0.00473,5.27797,0.0,0.0,0.0,0.59908,1.0,6,6,1,0.67069,0.88771,0.0646,0.9,0.56,0.06,0.82,0.7,0.06,0.9,0.56,0.06,-5.58719,-14.92347,22.77075,-70.81622,7.23807,70.05124,double_rcm_log_20260616_132745_154.csv,32.5881,Unknown,Task2_TargetRCM_EntryCone,0.0,5.278104910493834,14.8329535889894,14.848701845833473,0.0,0.0,0.0,1.7763568394002505e-12,5.781433139289358e-11,14.377942403509133,9.49911433837556,15.819300449910513
30.70329,0.03088,32.38605,Done,Target,161.243,14.84158,5.27971,0.00509,0.00509,1.0,0.00509,5.27971,0.0,0.0,0.0,0.59908,1.0,6,6,1,0.67083,0.88779,0.06584,0.9,0.56,0.06,0.82,0.7,0.06,0.9,0.56,0.06,-5.63512,-14.57428,22.1656,-70.61858,7.17572,69.96385,double_rcm_log_20260616_132745_154.csv,32.38605,Unknown,Task2_TargetRCM_EntryCone,0.0,5.280427089258351,14.839461079165071,14.855230123815133,0.0,0.0,0.0,3.5596458096434966e-12,0.8907304444160706,19.104816405965515,9.958185920372154,16.94537654820989
30.73449,0.0312,32.04952,Done,Target,161.2426,14.8473,5.28168,0.00579,0.00579,1.0,0.00579,5.28168,0.0,0.0,0.0,0.59908,1.0,6,6,1,0.67101,0.8879,0.06708,0.9,0.56,0.06,0.82,0.7,0.06,0.9,0.56,0.06,-5.68107,-14.20204,21.52281,-70.42129,7.10364,69.86819,double_rcm_log_20260616_132745_154.csv,32.04952,Unknown,Task2_TargetRCM_EntryCone,0.0,5.281773948059752,14.84323539861759,14.859016508525205,0.0,0.0,0.0,0.05586956719305647,1.179761051726215,21.399801880259417,10.477142102891316,18.23384767936196
30.79523,0.031,32.25738,Done,Target,161.242,14.8564,5.28487,0.00702,0.00702,1.0,0.00702,5.28487,0.0,0.0,0.0,0.59908,1.0,6,6,1,0.67147,0.88816,0.06947,0.89999,0.56,0.06,0.82,0.7,0.06,0.9,0.56,0.06,-5.76295,-13.41193,20.16511,-70.04242,6.93275,69.65568,double_rcm_log_20260616_132745_154.csv,32.25738,Unknown,Task2_TargetRCM_EntryCone,0.0,5.283864286939119,14.849093165451114,14.864893012942472,0.0030852522116496355,0.008682431421294587,0.010000000000065512,0.05528678286026434,3.802890746961712,6.610814577087167,11.570714298851401,20.250807923213397
30.82594,0.03072,32.55731,Done,Target,161.2417,14.86183,5.28672,0.00788,0.00788,1.0,0.00788,5.28672,0.0,0.0,0.0,0.59908,1.0,6,6,1,0.67175,0.88832,0.07065,0.89999,0.56,0.06,0.82,0.7,0.06,0.9,0.56,0.06,-5.80029,-12.98057,19.42649,-69.85366,6.8303,69.53349,double_rcm_log_20260616_132745_154.csv,32.55731,Unknown,Task2_TargetRCM_EntryCone,0.0,5.285578541884093,14.853897015691405,14.869712240646818,0.0030852522116496355,0.008682431421294587,0.010000000000065512,0.1668665152640969,2.876438426401208,104.63614109674198,12.180696512294293,19.57279147210348
30.85615,0.03021,33.10346,Done,Target,161.2412,14.86615,5.28824,0.00868,0.00868,1.0,0.00868,5.28824,0.0,0.0,0.0,0.59908,1.0,6,6,1,0.67206,0.88849,0.07179,0.89999,0.56,0.05999,0.82,0.7,0.06,0.9,0.56,0.06,-5.83421,-12.53122,18.65868,-69.6689,6.71693,69.40132,double_rcm_log_20260616_132745_154.csv,33.10346,Unknown,Task2_TargetRCM_EntryCone,0.0,5.287600778928395,14.859563905925238,14.875397283868613,0.004705925757591394,0.013243285671818985,0.014142135623774532,0.1692562715578383,2.576179961338269,91.77619065550495,12.703687755317137,21.006496265042518
30.88776,0.0316,31.64187,Done,Target,161.2407,14.87504,5.29132,0.01001,0.01001,1.0,0.01001,5.29132,0.0,0.0,0.0,0.59908,1.0,6,6,1,0.6724,0.88868,0.07296,0.89999,0.56,0.05999,0.82,0.7,0.06,0.9,0.56,0.06,-5.86654,-12.0458,17.8299,-69.47861,6.58784,69.25231,double_rcm_log_20260616_132745_154.csv,31.64187,Unknown,Task2_TargetRCM_EntryCone,0.0,5.291383534015258,14.870164224718955,14.886031596533504,0.004705925757591394,0.013243285671818985,0.014142135623774532,2.5219419200973695e-12,2.617513560318114,43.62021349467231,13.427653249168637,24.739019100668678
30.91799,0.03024,33.0724,Done,Target,161.24,14.87916,5.29269,0.0113,0.0113,1.0,0.0113,5.29269,0.0,0.0,0.0,0.59908,1.0,6,6,1,0.67276,0.88889,0.07406,0.89999,0.56,0.05999,0.82,0.7,0.06,0.9,0.56,0.06,-5.89434,-11.54393,16.97475,-69.29469,6.44636,69.0918,double_rcm_log_20260616_132745_154.csv,33.0724,Unknown,Task2_TargetRCM_EntryCone,0.0,5.293526986213905,14.876170737772677,14.892057393367974,0.004705925757591394,0.013243285671818985,0.014142135623774532,1.7901808365247238e-12,6.475068170731228e-11,43.79581594585113,14.176051183268166,25.481298077857897
30.94893,0.03094,32.31971,Done,Target,161.2393,14.88631,5.29524,0.01283,0.01283,1.0,0.01283,5.29524,0.0,0.0,0.0,0.59908,1.0,6,6,1,0.67315,0.88912,0.07515,0.89999,0.56,0.05999,0.82,0.7,0.06,0.9,0.56,0.06,-5.91945,-11.01193,16.06854,-69.10815,6.2888,68.91368,double_rcm_log_20260616_132745_154.csv,32.31971,Unknown,Task2_TargetRCM_EntryCone,0.0,5.295715978270544,14.882304843918208,14.898211209108847,0.004705925757591394,0.013243285671818985,0.014142135623774532,1.7763568394002505e-12,4.018774047866874e-11,14.601062923089236,14.93211193505831,26.374249780137742
30.97902,0.03009,33.23476,Done,Target,161.2384,14.89134,5.29691,0.01426,0.01426,1.0,0.01426,5.29691,0.0,0.0,0.0,0.59908,1.0,6,6,1,0.67356,0.88935,0.07618,0.89999,0.56,0.05999,0.82,0.7,0.06,0.9,0.56,0.06,-5.94041,-10.45929,15.12792,-68.92432,6.11631,68.71999,double_rcm_log_20260616_132745_154.csv,33.23476,Unknown,Task2_TargetRCM_EntryCone,0.0,5.297430085281534,14.887108187595606,14.903029997905145,0.004705925757591394,0.013243285671818985,0.014142135623774532,1.7763568394002505e-12,0.8666220221420818,30.023267859071876,15.729268331916908,25.589383237836657
31.00958,0.03056,32.72123,Done,Target,161.2375,14.89834,5.29935,0.01654,0.01654,1.0,0.01654,5.29935,0.0,0.0,0.0,0.59908,1.0,6,6,1,0.67399,0.88959,0.07719,0.89999,0.56,0.05999,0.82,0.7,0.06,0.9,0.56,0.06,-5.95808,-9.87634,14.1355,-68.7374,5.92524,68.50564,double_rcm_log_20260616_132745_154.csv,32.72123,Unknown,Task2_TargetRCM_EntryCone,0.0,5.2999605942577075,14.894199263278052,14.910143893231995,0.004705925757591394,0.013243285671818985,0.014142135623774532,0.053381612484137975,1.822929622657579,14.08352817450611,16.423400393278698,26.410571775319212
31.07149,0.03196,31.29373,Done,Target,161.2347,14.91364,5.30467,0.02262,0.02262,1.0,0.02262,5.30467,0.0,0.0,0.0,0.59908,1.0,6,6,1,0.67487,0.89009,0.07907,0.89998,0.56,0.05999,0.82,0.7,0.06,0.9,0.56,0.06,-5.98186,-8.61568,11.988,-68.35204,5.47935,68.00591,double_rcm_log_20260616_132745_154.csv,31.29373,Unknown,Task2_TargetRCM_EntryCone,0.0,5.304856455308297,14.907918524035683,14.923907365771928,0.007120758437718775,0.020038424627182798,0.02236067977501405,0.18580610978093906,0.43430956896987566,14.631268530095463,18.322177505676414,29.353675258658978
31.13099,0.03025,33.05505,Done,Target,161.2308,14.92096,5.30703,0.03091,0.03091,1.0,0.03091,5.30703,0.0,0.0,0.0,0.59908,1.0,6,6,1,0.67574,0.89059,0.08067,0.89997,0.56,0.05998,0.82,0.7,0.06,0.9,0.56,0.06,-5.98723,-7.25818,9.67252,-67.95376,4.94446,67.41109,double_rcm_log_20260616_132745_154.csv,33.05505,Unknown,Task2_TargetRCM_EntryCone,0.0,5.306675689902532,14.91301638480872,14.929021675827137,0.011670202009670267,0.032839938161637466,0.03605551275461822,0.08058302249123779,2.755374194001032,11.325758997915067,19.850112460369694,21.592796664708526
31.16151,0.03052,32.76408,Done,Target,161.2282,14.92434,5.30814,0.0367,0.0367,1.0,0.0367,5.30814,0.0,0.0,0.0,0.59908,1.0,6,6,1,0.67615,0.89083,0.08137,0.89997,0.56,0.05998,0.82,0.7,0.06,0.9,0.56,0.06,-5.98312,-6.54391,8.45177,-67.74281,4.6377,67.07367,double_rcm_log_20260616_132745_154.csv,32.76408,Unknown,Task2_TargetRCM_EntryCone,0.0,5.307658918634516,14.915771582964101,14.931785768900955,0.011670202009670267,0.032839938161637466,0.03605551275461822,0.23237115041745035,2.500430910107042,47.93400352206905,20.331090761158013,16.10991410656388
31.19197,0.03046,32.82695,Done,Target,161.2251,14.9247,5.30807,0.04346,0.04346,1.0,0.04346,5.30807,0.0,0.0,0.0,0.59908,1.0,6,6,1,0.67652,0.89104,0.08196,0.89996,0.56,0.05997,0.82,0.7,0.06,0.9,0.56,0.06,-5.97395,-5.81797,7.20958,-67.52415,4.30399,66.71338,double_rcm_log_20260616_132745_154.csv,32.82695,Unknown,Task2_TargetRCM_EntryCone,0.0,5.307744948258912,14.916012654496363,14.932027618869233,0.01630926721829697,0.04589285179802253,0.05000000000002919,0.23335576382277903,0.16399535031702678,11.606967805000314,20.53929279283801,13.633746544523051
31.22275,0.03077,32.49501,Done,Target,161.2215,14.9211,5.30659,0.05193,0.05193,1.0,0.05193,5.30659,0.0,0.0,0.0,0.59908,1.0,6,6,1,0.67685,0.89124,0.08246,0.89996,0.56,0.05997,0.82,0.7,0.06,0.9,0.56,0.06,-5.95976,-5.0935,5.9686,-67.2979,3.94453,66.33643,double_rcm_log_20260616_132745_154.csv,32.49501,Unknown,Task2_TargetRCM_EntryCone,0.0,5.306515401497362,14.9125672251033,14.92857106636232,0.01630926721829697,0.04589285179802253,0.05000000000002919,0.2222017702815667,2.9479662656981063,70.57543554004019,20.105498653095786,25.56193727409151
31.25422,0.03148,31.76603,Done,Target,161.2172,14.91156,5.30297,0.0621,0.0621,1.0,0.0621,5.30297,0.0,0.0,0.0,0.59908,1.0,6,6,1,0.67713,0.89141,0.08284,0.89995,0.56,0.05996,0.82,0.7,0.06,0.9,0.56,0.06,-5.94056,-4.38785,4.75912,-67.06592,3.56193,65.95268,double_rcm_log_20260616_132745_154.csv,31.76603,Unknown,Task2_TargetRCM_EntryCone,0.0,5.3027270080854025,14.901951366070927,14.917920967936537,0.02097877782256412,0.059030630901382775,0.06403124237432316,0.41897284468179524,4.190164005524193,9.013914662881817,19.27082457908253,40.84949710909362
31.31389,0.03032,32.98276,Done,Target,161.2081,14.8687,5.28698,0.08488,0.08488,1.0,0.08488,5.28698,0.0,0.0,0.0,0.59908,1.0,6,6,1,0.67753,0.89166,0.08325,0.89993,0.56,0.05995,0.82,0.7,0.06,0.9,0.56,0.06,-5.89056,-3.15752,2.65288,-66.61549,2.77569,65.24648,double_rcm_log_20260616_132745_154.csv,32.98276,Unknown,Task2_TargetRCM_EntryCone,0.0,5.285714126419223,14.85427696316127,14.870093404782862,0.027971108725269218,0.07870099207663993,0.08602325267043485,0.4277913072624351,1.2532140007916992,24.798558884710996,15.974237936052875,77.70850204842277
31.3445,0.03061,32.6706,Done,Target,161.2027,14.83173,5.27329,0.09857,0.09857,1.0,0.09857,5.27329,0.0,0.0,0.0,0.59908,1.0,6,6,1,0.67767,0.89175,0.08331,0.89992,0.56,0.05994,0.82,0.7,0.06,0.9,0.56,0.06,-5.86132,-2.66701,1.81772,-66.40855,2.38779,64.95399,double_rcm_log_20260616_132745_154.csv,32.6706,Unknown,Task2_TargetRCM_EntryCone,0.0,5.272705752091517,14.817823320181745,14.833523315143918,0.03262254727618758,0.09178570359599489,0.09999999999997372,0.4652462297880673,0.8985666393801345,65.0839019319868,13.437276507845462,90.11261640937151
31.37469,0.03018,33.13094,Done,Target,161.1974,14.78307,5.25542,0.11234,0.11234,1.0,0.11234,5.25542,0.0,0.0,0.0,0.59908,1.0,6,6,1,0.67778,0.89184,0.0833,0.89991,0.56,0.05993,0.82,0.7,0.06,0.9,0.56,0.06,-5.83085,-2.27678,1.1587,-66.22421,2.01942,64.7189,double_rcm_log_20260616_132745_154.csv,33.13094,Unknown,Task2_TargetRCM_EntryCone,0.0,5.256091803358029,14.771264589196958,14.78681669414185,0.037288418954278986,0.10491021802549932,0.11401754250994142,0.46406483840597856,2.6595622248161606,74.30000065255857,10.774048121128628,91.93591559369752
31.40546,0.03077,32.49785,Done,Target,161.1915,14.71938,5.23211,0.12698,0.12698,1.0,0.12698,5.23211,0.0,0.0,0.0,0.59908,1.0,6,6,1,0.6779,0.89193,0.08322,0.8999,0.56,0.05992,0.82,0.7,0.06,0.9,0.56,0.06,-5.79971,-1.98303,0.67001,-66.0688,1.67919,64.54309,double_rcm_log_20260616_132745_154.csv,32.49785,Unknown,Task2_TargetRCM_EntryCone,0.0,5.232243338967383,14.70442976818453,14.71977121157124,0.04196400700230611,0.11806126180276555,0.12806248474864632,0.36150790152151335,3.5971377720132955,48.231628351483046,8.134065614602035,81.19790517504094
31.43677,0.03131,31.9364,Done,Target,161.1853,14.63938,5.20285,0.14253,0.14253,1.0,0.14253,5.20285,0.0,0.0,0.0,0.59908,1.0,6,6,1,0.67802,0.89203,0.08309,0.89989,0.56,0.05992,0.82,0.7,0.06,0.9,0.56,0.06,-5.76838,-1.77499,0.33296,-65.94531,1.37235,64.42235,double_rcm_log_20260616_132745_154.csv,31.9364,Unknown,Task2_TargetRCM_EntryCone,0.0,5.202274714650515,14.62043971670899,14.635519144174573,0.044284349678159154,0.12458546649408042,0.1360147050873966,0.3956678560116925,1.2096860759409245,82.3548108695396,6.076616847798606,64.11891386659934
31.49734,0.03105,32.20899,Done,Target,161.173,14.43883,5.12988,0.17262,0.17262,1.0,0.17262,5.12988,0.0,0.0,0.0,0.59908,1.0,6,6,1,0.6783,0.89226,0.08274,0.89986,0.56,0.0599,0.82,0.7,0.06,0.9,0.56,0.06,-5.70837,-1.54874,-0.00721,-65.79412,0.87952,64.30506,double_rcm_log_20260616_132745_154.csv,32.20899,Unknown,Task2_TargetRCM_EntryCone,0.0,5.129545522186981,14.416592331436211,14.431048322960763,0.055954258376762565,0.15740198415328163,0.17204650534087373,0.49894352957831983,1.2276274515503678,20.719311314974906,3.3510648633061804,38.91362585770208
31.52857,0.03123,32.02141,Done,Target,161.1666,14.31176,5.08377,0.1881,0.1881,1.0,0.1881,5.08377,0.0,0.0,0.0,0.59908,1.0,6,6,1,0.67848,0.8924,0.08251,0.89985,0.56,0.05989,0.82,0.7,0.06,0.9,0.56,0.06,-5.67878,-1.49232,-0.07692,-65.76447,0.69104,64.28442,double_rcm_log_20260616_132745_154.csv,32.02141,Unknown,Task2_TargetRCM_EntryCone,0.0,5.083417328765568,14.287290900018398,14.30136052140665,0.06060320423645219,0.1704744510521603,0.1860107523773688,0.5027598529720186,0.04362481423301576,34.36902514206204,2.4873623506116207,28.748672737702304
31.58817,0.03038,32.92025,Done,Target,161.1543,14.02485,4.97981,0.21743,0.21743,1.0,0.21743,4.97981,0.0,0.0,0.0,0.59908,1.0,6,6,1,0.67888,0.89271,0.08198,0.89982,0.56,0.05987,0.82,0.7,0.06,0.9,0.56,0.06,-5.62256,-1.43582,-0.11934,-65.7757,0.42026,64.27946,double_rcm_log_20260616_132745_154.csv,32.92025,Unknown,Task2_TargetRCM_EntryCone,0.0,4.978373565289811,13.992809460182524,14.006025042411668,0.07227377463020446,0.20328456750238305,0.22203603311180004,0.49512499493243084,2.0948939468290804,10.27230427395752,1.5394347305684437,16.83244264810675
31.62035,0.03218,31.07386,Done,Target,161.1478,13.84664,4.91526,0.23298,0.23298,1.0,0.23298,4.91526,0.0,0.0,0.0,0.59908,1.0,6,6,1,0.67912,0.8929,0.08166,0.89981,0.56,0.05986,0.82,0.7,0.06,0.9,0.56,0.06,-5.59283,-1.41747,-0.1214,-65.81873,0.32828,64.28447,double_rcm_log_20260616_132745_154.csv,31.07386,Unknown,Task2_TargetRCM_EntryCone,0.0,4.915443593004187,13.816367933830863,13.829088813785154,0.07692665150914768,0.21636507609560165,0.23600847442413858,0.41618663310784326,1.9821491804130555,23.1339766289938,1.3067822303044987,12.994017122671734
31.68008,0.03051,32.77375,Done,Target,161.1357,13.4728,4.78004,0.26153,0.26153,1.0,0.26153,4.78004,0.0,0.0,0.0,0.59908,1.0,6,6,1,0.67964,0.8933,0.08097,0.89979,0.56001,0.05985,0.82,0.7,0.06,0.9,0.56,0.06,-5.53557,-1.38675,-0.11754,-65.9435,0.21105,64.29655,double_rcm_log_20260616_132745_154.csv,32.77375,Unknown,Task2_TargetRCM_EntryCone,0.0,4.779931054718255,13.436364862309812,13.448062677764609,0.08259918090472357,0.23229291853179157,0.25826343140293123,0.4305035574897518,1.7670869616345408,65.97465922779526,1.2775798748758012,8.78403034124553
31.71078,0.03069,32.5812,Done,Target,161.1298,13.26021,4.70316,0.27576,0.27576,1.0,0.27576,4.70316,0.0,0.0,0.0,0.59908,1.0,6,6,1,0.67993,0.89353,0.08058,0.89978,0.56001,0.05984,0.82,0.7,0.06,0.9,0.56,0.06,-5.50496,-1.37121,-0.11415,-66.0277,0.17375,64.30327,double_rcm_log_20260616_132745_154.csv,32.5812,Unknown,Task2_TargetRCM_EntryCone,0.0,4.703596288016737,13.22227434847973,13.23342078305836,0.08725831856749756,0.24538823243056104,0.27221315177632094,0.4635605561481732,3.0549124721565484,53.47417833401938,1.3549701761457709,7.239852218787631
31.7411,0.03032,32.9789,Done,Target,161.1239,13.03679,4.62237,0.28982,0.28982,1.0,0.28982,4.62237,0.0,0.0,0.0,0.59908,1.0,6,6,1,0.68024,0.89376,0.08016,0.89977,0.56001,0.05983,0.82,0.7,0.06,0.9,0.56,0.06,-5.47377,-1.35527,-0.11111,-66.12282,0.14943,64.3098,double_rcm_log_20260616_132745_154.csv,32.9789,Unknown,Task2_TargetRCM_EntryCone,0.0,4.622767755945879,12.99555492637084,13.006136696284761,0.09192310358464124,0.25849862371310134,0.28618176042513105,0.5948698624120593,2.6191961845835974,93.36442905745848,1.4562479756259095,5.090999585392682
31.7714,0.0303,33.00401,Done,Target,161.1183,12.80048,4.53691,0.30338,0.30338,1.0,0.30338,4.53691,0.0,0.0,0.0,0.59908,1.0,6,6,1,0.68056,0.89401,0.07972,0.89975,0.56001,0.05982,0.82,0.7,0.06,0.9,0.56,0.06,-5.44124,-1.33793,-0.1094,-66.22669,0.1312,64.31583,double_rcm_log_20260616_132745_154.csv,33.00401,Unknown,Task2_TargetRCM_EntryCone,0.0,4.537049857897946,12.755092864501338,12.765096992411078,0.09892926056059295,0.2781836692657485,0.3082207001484248,0.5729189537892978,2.6892079811001715,93.92474668087316,1.5509498532277872,4.230360693233569
31.80779,0.03639,27.48054,Done,Target,161.1117,12.50078,4.42864,0.31929,0.31929,1.0,0.31929,4.42864,0.0,0.0,0.0,0.59908,1.0,6,6,1,0.68098,0.89432,0.07917,0.89974,0.56001,0.05981,0.82,0.7,0.06,0.9,0.56,0.06,-5.40022,-1.3155,-0.10856,-66.36027,0.1124,64.3227,double_rcm_log_20260616_132745_154.csv,27.48054,Unknown,Task2_TargetRCM_EntryCone,0.0,4.42941760609862,12.453114704521457,12.462423777681249,0.10359018458220873,0.2912809904278642,0.32218007387176695,0.3909743402965867,2.821674977281485,26.629756907956022,1.67354948756436,4.111520732635315
31.86274,0.03029,33.01592,Done,Target,161.102,12.015,4.25289,0.34263,0.34263,1.0,0.34263,4.25289,0.0,0.0,0.0,0.59908,1.0,6,6,1,0.68165,0.89483,0.07826,0.89972,0.56001,0.0598,0.82,0.7,0.06,0.9,0.56,0.06,-5.33527,-1.27994,-0.108,-66.58871,0.10776,64.33288,double_rcm_log_20260616_132745_154.csv,33.01592,Unknown,Task2_TargetRCM_EntryCone,0.0,4.252992839690318,11.958034434490065,11.966275116987644,0.11060569140732346,0.3109884984270043,0.34423828956121527,0.434074089448805,1.3281528561326728,53.57307860115664,1.8474439499339148,2.978894941092449
31.89367,0.03093,32.33332,Done,Target,161.0967,11.72508,4.14803,0.35563,0.35563,1.0,0.35563,4.14803,0.0,0.0,0.0,0.59908,1.0,6,6,1,0.68206,0.89513,0.07771,0.89971,0.56001,0.05979,0.82,0.7,0.06,0.9,0.56,0.06,-5.29621,-1.25862,-0.10795,-66.72395,0.10229,64.33865,double_rcm_log_20260616_132745_154.csv,32.33332,Unknown,Task2_TargetRCM_EntryCone,0.0,4.147045153577922,11.66067099685831,11.668311164327568,0.11526355930379541,0.3240750150576671,0.35818989377145216,0.4603990042529576,1.8389359158446685,65.49223714285698,1.9294876226140918,3.0556000506722167
31.92418,0.03052,32.77014,Done,Target,161.0917,11.42784,4.04051,0.36767,0.36767,1.0,0.36767,4.04051,0.0,0.0,0.0,0.59908,1.0,6,6,1,0.68247,0.89543,0.07716,0.8997,0.56001,0.05978,0.82,0.7,0.06,0.9,0.56,0.06,-5.25629,-1.23795,-0.10621,-66.86449,0.10016,64.34506,double_rcm_log_20260616_132745_154.csv,32.77014,Unknown,Task2_TargetRCM_EntryCone,0.0,4.041152032902205,11.363420867329278,11.370490703078268,0.11992606691931049,0.3371737739595844,0.3721558813185389,0.36815937369911206,2.7272506948750763,60.933298415500225,2.0236281407331025,2.7896416597067706
31.95423,0.03005,33.2771,Done,Target,161.0869,11.12488,3.93084,0.37927,0.37927,1.0,0.37927,3.93084,0.0,0.0,0.0,0.59908,1.0,6,6,1,0.68289,0.89574,0.07658,0.89969,0.56001,0.05978,0.82,0.7,0.06,0.9,0.56,0.06,-5.2158,-1.21569,-0.10704,-67.00961,0.10227,64.35038,double_rcm_log_20260616_132745_154.csv,33.2771,Unknown,Task2_TargetRCM_EntryCone,0.0,3.9302372668688377,11.052032990864793,11.058536644062334,0.12228665533314127,0.3438000313241527,0.38026306683665495,0.3634074743492383,1.9346832186404688,87.93520227934212,2.0907260997205226,2.1247140425888795
31.98533,0.03109,32.16013,Done,Target,161.082,10.80166,3.81382,0.39103,0.39103,1.0,0.39103,3.81377,0.0,0.0,0.0,0.59908,1.0,6,6,1,0.68334,0.89606,0.07597,0.89968,0.56001,0.05977,0.82,0.7,0.06,0.9,0.56,0.06,-5.17211,-1.19276,-0.10636,-67.16261,0.09947,64.3566,double_rcm_log_20260616_132745_154.csv,32.16013,Unknown,Task2_TargetRCM_EntryCone,0.0,3.8142226014571303,10.72628309405788,10.732227748326016,0.12694208537026708,0.35687748382539897,0.39420806688852933,0.37986557385654657,2.663279216298611,14.908227718155763,2.1503544222772404,2.0840393650590903
32.04551,0.03043,32.86449,Done,Target,161.0733,10.14824,3.57692,0.41271,0.41271,1.0,0.41271,3.57687,0.0,0.0,0.0,0.59908,1.0,6,6,1,0.68426,0.89672,0.07473,0.89967,0.56001,0.05976,0.82,0.7,0.06,0.9,0.56,0.06,-5.08365,-1.14629,-0.10609,-67.47468,0.09812,64.36831,double_rcm_log_20260616_132745_154.csv,32.86449,Unknown,Task2_TargetRCM_EntryCone,0.0,3.5776835121432553,10.061985841966003,10.06689185516501,0.13160199726261104,0.3699667344713855,0.40816663263921066,0.3854724850246637,2.6764151712129003,17.66410293924524,2.2836462849172414,2.0512092653591596
32.07612,0.03061,32.66679,Done,Target,161.0688,9.80242,3.45139,0.42309,0.42309,1.0,0.42309,3.45139,0.0,0.0,0.0,0.59908,1.0,6,6,1,0.68474,0.89707,0.07406,0.89966,0.56001,0.05975,0.82,0.7,0.06,0.9,0.56,0.06,-5.03644,-1.12172,-0.10611,-67.63968,0.09565,64.37426,double_rcm_log_20260616_132745_154.csv,32.66679,Unknown,Task2_TargetRCM_EntryCone,0.0,3.452105478084811,9.709241617712797,9.713649017275564,0.13626596114306797,0.3830665738484849,0.4221374183841134,0.36687473972238027,2.0988121947486924,46.090456850816906,2.3434131279162473,1.9247368211363913
32.10629,0.03017,33.1444,Done,Target,161.0648,9.45374,3.32461,0.43303,0.43303,1.0,0.43303,3.32461,0.0,0.0,0.0,0.59908,1.0,6,6,1,0.68524,0.89741,0.07339,0.89965,0.56001,0.05975,0.82,0.7,0.06,0.9,0.56,0.06,-4.98861,-1.09719,-0.1059,-67.80644,0.09292,64.38027,double_rcm_log_20260616_132745_154.csv,33.1444,Unknown,Task2_TargetRCM_EntryCone,0.0,3.3245935691279715,9.351017492806662,9.354954380988298,0.13862500465803096,0.3896862643402148,0.4302324952860371,0.35835047117131585,0.2865082115231911,31.8337998788902,2.4004501044725823,2.034455276338589
32.13799,0.0317,31.5507,Done,Target,161.0608,9.08063,3.18899,0.44281,0.44281,1.0,0.44281,3.18899,0.0,0.0,0.0,0.59908,1.0,6,6,1,0.68576,0.89778,0.07267,0.89964,0.56001,0.05974,0.82,0.7,0.06,0.9,0.56,0.06,-4.93731,-1.07065,-0.10653,-67.98595,0.09142,64.38618,double_rcm_log_20260616_132745_154.csv,31.5507,Unknown,Task2_TargetRCM_EntryCone,0.0,3.190074302662502,8.973057161374049,8.976535301227432,0.14328279806334676,0.4027673502924024,0.44418464629027493,0.3499498633048861,1.7509491487303002,18.09739622676334,2.466157202345965,2.0689570756216544
32.17056,0.03257,30.70276,Done,Target,161.0567,8.68903,3.04633,0.45264,0.45264,1.0,0.45264,3.04633,0.0,0.0,0.0,0.59908,1.0,6,6,1,0.68632,0.89817,0.0719,0.89963,0.56001,0.05974,0.82,0.7,0.06,0.9,0.56,0.06,-4.88327,-1.0436,-0.10603,-68.17621,0.09173,64.39275,double_rcm_log_20260616_132745_154.csv,30.70276,Unknown,Task2_TargetRCM_EntryCone,0.0,3.0456955824504295,8.567339634118648,8.570366628181965,0.1456598900091965,0.4094367613422892,0.4523273151159274,0.2644013853275755,1.3557755769560318,16.33571470900158,2.5292083428598375,1.7335898527743696
32.23035,0.03109,32.16494,Done,Target,161.05,7.95327,2.7777,0.46933,0.46933,1.0,0.46933,2.7777,0.0,0.0,0.0,0.59908,1.0,6,6,1,0.68737,0.89888,0.07045,0.89962,0.56001,0.05973,0.82,0.7,0.06,0.9,0.56,0.06,-4.7807,-0.99212,-0.10674,-68.53546,0.09094,64.40413,double_rcm_log_20260616_132745_154.csv,32.16494,Unknown,Task2_TargetRCM_EntryCone,0.0,2.778621821562159,7.816696253055772,7.818994799466782,0.15031179429221497,0.42249988620850176,0.4662617290750276,0.36379885115363286,1.5561210115819737,76.98100378388777,2.609514575693677,1.5683481610290975
32.26299,0.03263,30.64279,Done,Target,161.0466,7.54442,2.62801,0.47765,0.47765,1.0,0.47765,2.62801,0.0,0.0,0.0,0.59908,1.0,6,6,1,0.68797,0.89928,0.06964,0.89961,0.56001,0.05972,0.82,0.7,0.06,0.9,0.56,0.06,-4.72279,-0.9641,-0.10605,-68.73531,0.08666,64.41077,double_rcm_log_20260616_132745_154.csv,30.64279,Unknown,Task2_TargetRCM_EntryCone,0.0,2.6285027689357046,7.394692737273412,7.396638531808292,0.15496785440294472,0.43557389199151075,0.4802082881417164,0.35045010945514293,4.468487216249458,63.538310396989125,2.664283325966777,1.7441134352899395
32.29345,0.03046,32.83124,Done,Target,161.0435,7.15854,2.48625,0.485,0.485,1.0,0.485,2.48625,0.0,0.0,0.0,0.59908,1.0,6,6,1,0.68853,0.89966,0.06886,0.8996,0.56001,0.05972,0.82,0.7,0.06,0.9,0.56,0.06,-4.66783,-0.93702,-0.10678,-68.92702,0.08615,64.41637,double_rcm_log_20260616_132745_154.csv,32.83124,Unknown,Task2_TargetRCM_EntryCone,0.0,2.4859149178355247,6.993813323493458,6.995459348672275,0.15735143937058377,0.44225993053169277,0.48836461788304253,0.16441871420980192,2.5592383968394614,137.6170823125343,2.714855487883518,1.9280422503523809
32.32401,0.03056,32.72636,Done,Target,161.0409,6.76996,2.3431,0.49183,0.49183,1.0,0.49183,2.3431,0.0,0.0,0.0,0.59908,1.0,6,6,1,0.6891,0.90004,0.06806,0.8996,0.56001,0.05972,0.82,0.7,0.06,0.9,0.56,0.06,-4.61188,-0.91014,-0.1068,-69.12173,0.0853,64.42223,double_rcm_log_20260616_132745_154.csv,32.72636,Unknown,Task2_TargetRCM_EntryCone,0.0,2.3426279755458435,6.590924816356794,6.592302322008572,0.15735143937058377,0.44225993053169277,0.48836461788304253,0.23002646769978324,3.937539475338114,70.72147977935073,2.766272018132239,1.8029992787952442
32.35469,0.03068,32.59317,Done,Target,161.0382,6.37873,2.19838,0.4984,0.4984,1.0,0.4984,2.19838,0.0,0.0,0.0,0.59908,1.0,6,6,1,0.68968,0.90042,0.06725,0.89959,0.56001,0.05971,0.82,0.7,0.06,0.9,0.56,0.06,-4.55523,-0.8834,-0.1065,-69.32262,0.09022,64.42815,double_rcm_log_20260616_132745_154.csv,32.59317,Unknown,Task2_TargetRCM_EntryCone,0.0,2.1982476432938327,6.184920271836642,6.186058472103868,0.16200208194684115,0.4553173027174297,0.5022947341949902,0.3471215020478929,1.8029605883918915,79.922093176238,2.809982155194516,1.1964118280168465
32.41459,0.03,33.33362,Done,Target,161.0338,5.61809,1.9151,0.50935,0.50935,1.0,0.50935,1.9151,0.0,0.0,0.0,0.59908,1.0,6,6,1,0.69084,0.90117,0.06564,0.89958,0.56001,0.05971,0.82,0.7,0.06,0.9,0.56,0.06,-4.44166,-0.83067,-0.10592,-69.71775,0.09033,64.43964,double_rcm_log_20260616_132745_154.csv,33.33362,Unknown,Task2_TargetRCM_EntryCone,0.0,1.9143677955761071,5.386524174273359,5.387275926333981,0.1644004792687671,0.4620439539531028,0.5104899607239872,0.1856579594457083,2.239933014764803,33.4024368172213,2.853096641746324,0.9349059412183746
32.47495,0.03037,32.93011,Done,Target,161.0299,4.86848,1.63207,0.51908,0.51908,1.0,0.51908,1.63207,0.0,0.0,0.0,0.59908,1.0,6,6,1,0.69203,0.90192,0.06397,0.89957,0.56001,0.0597,0.82,0.7,0.06,0.9,0.56,0.06,-4.32426,-0.77754,-0.10504,-70.12348,0.08808,64.4511,double_rcm_log_20260616_132745_154.csv,32.93011,Unknown,Task2_TargetRCM_EntryCone,0.0,1.6318836032030886,4.591921990002654,4.592387655764076,0.1690459617265886,0.47508541742112037,0.5244044240851059,0.07888839773201994,2.2733680145415156,22.0486562192788,2.9127616955197753,0.8569116928803505
32.50559,0.03064,32.63578,Done,Target,161.0282,4.50174,1.49174,0.52306,0.52306,1.0,0.52306,1.49174,0.0,0.0,0.0,0.59908,1.0,6,6,1,0.69264,0.9023,0.06311,0.89957,0.56001,0.0597,0.82,0.7,0.06,0.9,0.56,0.06,-4.26388,-0.75012,-0.1056,-70.33302,0.08896,64.45637,double_rcm_log_20260616_132745_154.csv,32.63578,Unknown,Task2_TargetRCM_EntryCone,0.0,1.4921994985302203,4.19896093965654,4.1993169733071065,0.1690459617265886,0.47508541742112037,0.5244044240851059,2.51214793389404e-12,1.2769666276219778,91.78426272108037,2.9348359752118145,0.7331268116512583
32.53574,0.03015,33.16913,Done,Target,161.0268,4.15515,1.35725,0.52659,0.52659,1.0,0.52659,1.35725,0.0,0.0,0.0,0.59908,1.0,6,6,1,0.69325,0.90268,0.06225,0.89957,0.56001,0.0597,0.82,0.7,0.06,0.9,0.56,0.06,-4.20382,-0.72285,-0.10674,-70.53985,0.08795,64.46123,double_rcm_log_20260616_132745_154.csv,33.16913,Unknown,Task2_TargetRCM_EntryCone,0.0,1.3571373375472264,3.818978642084109,3.819246487955622,0.1690459617265886,0.47508541742112037,0.5244044240851059,0.0,3.9010161063583335,98.74746813330351,2.9556970787232957,0.6761536196351254
32.5658,0.03006,33.26608,Done,Target,161.0258,3.82877,1.22876,0.52945,0.52945,1.0,0.52945,1.22876,0.0,0.0,0.0,0.59908,1.0,6,6,1,0.69385,0.90305,0.06139,0.89957,0.56001,0.0597,0.82,0.7,0.06,0.9,0.56,0.06,-4.14358,-0.6972,-0.1054,-70.74851,0.08885,64.46702,double_rcm_log_20260616_132745_154.csv,33.26608,Unknown,Task2_TargetRCM_EntryCone,0.0,1.2301511187423062,3.4616977112641063,3.4618971877350835,0.1690459617265886,0.47508541742112037,0.5244044240851059,0.23417904490143931,5.213593320566628,63.72830177592262,2.9724722375274153,0.6421202721696316
32.59595,0.03015,33.17039,Done,Target,161.0248,3.52777,1.10783,0.53192,0.53192,1.0,0.53192,1.10783,0.0,0.0,0.0,0.59908,1.0,6,6,1,0.69447,0.90342,0.06052,0.89956,0.56,0.0597,0.82,0.7,0.06,0.9,0.56,0.06,-4.08254,-0.66977,-0.10721,-70.95765,0.08718,64.47141,double_rcm_log_20260616_132745_154.csv,33.17039,Unknown,Task2_TargetRCM_EntryCone,0.0,1.1069638006170697,3.115088877679218,3.1152342289779935,0.17283354692052927,0.48574130500154533,0.5325410782277675,0.31344593655342523,0.044575279933479,124.16342048325151,2.9792351155446846,0.4524097442781861
32.65668,0.03104,32.21719,Done,Target,161.0234,3.03858,0.90417,0.53557,0.53557,1.0,0.53557,0.90417,0.0,0.0,0.0,0.59908,1.0,6,6,1,0.69571,0.90416,0.05875,0.89956,0.56,0.0597,0.82,0.7,0.06,0.9,0.56,0.06,-3.9586,-0.61746,-0.10661,-71.38142,0.08341,64.48174,double_rcm_log_20260616_132745_154.csv,32.21719,Unknown,Task2_TargetRCM_EntryCone,0.0,0.9041721919638882,2.544468986971022,2.5445481961421996,0.17283354692052927,0.48574130500154533,0.5325410782277675,0.0,1.7122941033530301,28.35380796720463,3.0012170570561474,0.3564983212692094
32.68683,0.03016,33.16153,Done,Target,161.023,2.8757,0.83345,0.53668,0.53668,1.0,0.53668,0.83345,0.0,0.0,0.0,0.59908,1.0,6,6,1,0.69633,0.90452,0.05786,0.89956,0.56,0.0597,0.82,0.7,0.06,0.9,0.56,0.06,-3.89693,-0.59284,-0.10469,-71.59325,0.08338,64.48736,double_rcm_log_20260616_132745_154.csv,33.16153,Unknown,Task2_TargetRCM_EntryCone,0.0,0.833925514667519,2.346799405810141,2.346861550615155,0.17283354692052927,0.48574130500154533,0.5325410782277675,0.0,2.940012047658133e-11,28.41507795254465,3.0059837049638976,0.5407097326257934
32.71702,0.03018,33.12961,Done,Target,161.0228,2.7795,0.79105,0.537,0.537,1.0,0.537,0.79105,0.0,0.0,0.0,0.59908,1.0,6,6,1,0.69695,0.90488,0.05697,0.89956,0.56,0.0597,0.82,0.7,0.06,0.9,0.56,0.06,-3.83455,-0.5665,-0.10591,-71.80486,0.08023,64.49159,double_rcm_log_20260616_132745_154.csv,33.12961,Unknown,Task2_TargetRCM_EntryCone,0.0,0.7917879111348454,2.2282252183414997,2.228278410818088,0.17283354692052927,0.48574130500154533,0.5325410782277675,1.7763568394002505e-12,1.1386033485665947e-12,1.1100918827449796e-09,3.013238609004192,0.5935954145837828
32.74757,0.03055,32.72865,Done,Target,161.0228,2.75901,0.78185,0.53722,0.53722,1.0,0.53722,0.78185,0.0,0.0,0.0,0.59908,1.0,6,6,1,0.69758,0.90524,0.05607,0.89956,0.56,0.0597,0.82,0.7,0.06,0.9,0.56,0.06,-3.77173,-0.54118,-0.10557,-72.02053,0.08097,64.49637,double_rcm_log_20260616_132745_154.csv,32.72865,Unknown,Task2_TargetRCM_EntryCone,0.0,0.7823452464623663,2.2016536229434607,2.2017049349600097,0.17283354692052927,0.48574130500154533,0.5325410782277675,5.551115123125783e-14,3.8314020759176235e-11,6.432798435908122e-10,3.020884779513932,0.5795727661555112
32.80486,0.03048,32.8101,Done,Target,161.0235,2.92852,0.85729,0.53592,0.53592,1.0,0.53592,0.85729,0.0,0.0,0.0,0.59908,1.0,6,6,1,0.69875,0.90591,0.05437,0.89956,0.56,0.0597,0.82,0.7,0.06,0.9,0.56,0.06,-3.65372,-0.49398,-0.10595,-72.42469,0.08223,64.50454,double_rcm_log_20260616_132745_154.csv,32.8101,Unknown,Task2_TargetRCM_EntryCone,0.0,0.8579616568045971,2.4144359584804365,2.4145036331810124,0.17283354692052927,0.48574130500154533,0.5325410782277675,8.881784197001252e-13,7.143508096018721e-12,7.702230535641942,3.0095324902578326,0.3740450088444306
32.86566,0.03087,32.39663,Done,Target,161.0248,3.35616,1.03873,0.53263,0.53263,1.0,0.53263,1.03873,0.0,0.0,0.0,0.59908,1.0,6,6,1,0.7,0.90659,0.05257,0.89956,0.56,0.0597,0.82,0.7,0.06,0.9,0.56,0.06,-3.52845,-0.44506,-0.10651,-72.85049,0.0804,64.51266,double_rcm_log_20260616_132745_154.csv,32.39663,Unknown,Task2_TargetRCM_EntryCone,0.0,1.038445112345633,2.9222933582705823,2.922413355305446,0.17283354692052927,0.48574130500154533,0.5325410782277675,8.899114524108742e-13,0.965282411627453,15.956395455416168,2.987124020675247,0.5342246955668719
32.9262,0.03076,32.5071,Done,Target,161.0271,3.95058,1.2784,0.52736,0.52736,1.0,0.52736,1.2784,0.0,0.0,0.0,0.59908,1.0,6,6,1,0.70122,0.90725,0.05078,0.89956,0.56,0.0597,0.82,0.7,0.06,0.9,0.56,0.06,-3.40428,-0.39838,-0.10622,-73.27124,0.07804,64.52052,double_rcm_log_20260616_132745_154.csv,32.5071,Unknown,Task2_TargetRCM_EntryCone,0.0,1.277845765676062,3.5958906433542994,3.596114232442423,0.17283354692052927,0.48574130500154533,0.5325410782277675,0.11662649421447197,1.9361074927564985,10.68792890979131,2.9529516905533355,0.6132606487203397
32.9868,0.0308,32.47198,Done,Target,161.0301,4.64229,1.54712,0.52028,0.52028,1.0,0.52028,1.54712,0.0,0.0,0.0,0.59908,1.0,6,6,1,0.70243,0.90789,0.04901,0.89957,0.56,0.05971,0.82,0.7,0.06,0.9,0.56,0.06,-3.28097,-0.35255,-0.10725,-73.68577,0.07246,64.52721,double_rcm_log_20260616_132745_154.csv,32.47198,Unknown,Task2_TargetRCM_EntryCone,0.0,1.5465673623993115,4.351912381541153,4.352308765011817,0.16820349169762702,0.4727432218934331,0.5186520991956312,0.23454122271088473,0.33266176829445987,37.626286959905,2.915195109671021,0.7303610629190768
33.0468,0.03039,32.90341,Done,Target,161.0339,5.37846,1.82649,0.51112,0.51112,1.0,0.51112,1.82649,0.0,0.0,0.0,0.59908,1.0,6,6,1,0.70361,0.90849,0.04727,0.89958,0.56,0.05972,0.82,0.7,0.06,0.9,0.56,0.06,-3.16078,-0.30895,-0.10852,-74.09234,0.07202,64.53314,double_rcm_log_20260616_132745_154.csv,32.90341,Unknown,Task2_TargetRCM_EntryCone,0.0,1.8265959587576597,5.139643146374995,5.140296169679351,0.1635786990338023,0.4597591342631963,0.5047771785649361,0.07922808885610562,2.6013984101796432,93.34450485798558,2.8685875443368,0.9085365434170456
33.07718,0.03038,32.91769,Done,Target,161.0361,5.76136,1.9701,0.50593,0.50593,1.0,0.50593,1.9701,0.0,0.0,0.0,0.59908,1.0,6,6,1,0.7042,0.90879,0.0464,0.89958,0.56,0.05972,0.82,0.7,0.06,0.9,0.56,0.06,-3.10064,-0.2883,-0.10788,-74.29484,0.07077,64.53644,double_rcm_log_20260616_132745_154.csv,32.91769,Unknown,Task2_TargetRCM_EntryCone,0.0,1.9698697111635304,5.542631202085556,5.543450249818665,0.1635786990338023,0.4597591342631963,0.5047771785649361,1.7763568394002505e-12,2.251914608647989,104.30481279001215,2.8407552461533476,1.111156569142408
33.10729,0.03011,33.21529,Done,Target,161.0384,6.14398,2.11257,0.50017,0.50017,1.0,0.50017,2.11257,0.0,0.0,0.0,0.59908,1.0,6,6,1,0.70478,0.90907,0.04554,0.89958,0.56,0.05972,0.82,0.7,0.06,0.9,0.56,0.06,-3.04176,-0.26786,-0.10819,-74.49395,0.07126,64.53914,double_rcm_log_20260616_132745_154.csv,33.21529,Unknown,Task2_TargetRCM_EntryCone,0.0,2.112984723123498,5.945138166844474,5.946149003413768,0.1635786990338023,0.4597591342631963,0.5047771785649361,0.21283376374302995,3.7378089815197972,53.037776452050586,2.803433072863773,1.3257772401197354
33.13943,0.03214,31.11749,Done,Target,161.0413,6.55367,2.2646,0.4933,0.4933,1.0,0.4933,2.2646,0.0,0.0,0.0,0.59908,1.0,6,6,1,0.70539,0.90937,0.04464,0.89959,0.56,0.05973,0.82,0.7,0.06,0.9,0.56,0.06,-2.9794,-0.24599,-0.10944,-74.70225,0.06831,64.54146,double_rcm_log_20260616_132745_154.csv,31.11749,Unknown,Task2_TargetRCM_EntryCone,0.0,2.2654770917363005,6.37397780650076,6.375223655415207,0.15895960260579756,0.446790262272522,0.4909175083453607,0.2186999889037034,1.5610591803110698,73.92160931792323,2.760885363261648,1.3281228399735874
33.17119,0.03176,31.48449,Done,Target,161.0441,6.95803,2.41387,0.48629,0.48629,1.0,0.48629,2.41387,0.0,0.0,0.0,0.59908,1.0,6,6,1,0.70598,0.90965,0.04376,0.89959,0.56,0.05973,0.82,0.7,0.06,0.9,0.56,0.06,-2.91876,-0.22683,-0.10746,-74.90615,0.06749,64.54494,double_rcm_log_20260616_132745_154.csv,31.48449,Unknown,Task2_TargetRCM_EntryCone,0.0,2.4143489889271583,6.792592410203608,6.79410033864373,0.15895960260579756,0.446790262272522,0.4909175083453607,0.13006485698788292,1.348895639145223,27.32933266687118,2.724400752651538,1.2300605086699308
33.23089,0.03058,32.69777,Done,Target,161.0502,7.71429,2.69166,0.47181,0.47181,1.0,0.47181,2.69166,0.0,0.0,0.0,0.59908,1.0,6,6,1,0.70707,0.91017,0.04214,0.89961,0.56,0.05974,0.82,0.7,0.06,0.9,0.56,0.06,-2.8067,-0.18932,-0.10901,-75.2804,0.06348,64.54877,double_rcm_log_20260616_132745_154.csv,32.69777,Unknown,Task2_TargetRCM_EntryCone,0.0,2.6914960017582934,7.571780976639657,7.573870032768466,0.15188052527941903,0.42691919610154794,0.4687216658103178,0.30163481272653386,2.130246968841624,16.197158316114205,2.6481573369229605,1.467819578578777
33.29084,0.03035,32.9528,Done,Target,161.0569,8.45757,2.96333,0.45541,0.45541,1.0,0.45541,2.96333,0.0,0.0,0.0,0.59908,1.0,6,6,1,0.70812,0.91066,0.04056,0.89962,0.56,0.05975,0.82,0.7,0.06,0.9,0.56,0.06,-2.69853,-0.15393,-0.11079,-75.64671,0.06792,64.5518,double_rcm_log_20260616_132745_154.csv,32.9528,Unknown,Task2_TargetRCM_EntryCone,0.0,2.963484130543837,8.336293394745681,8.339081852002337,0.14726243174796014,0.41395094469684646,0.45486261662180577,0.3745938061839999,0.5752526504950914,31.885906661638874,2.55151181715995,1.802744877369526
33.32243,0.03159,31.65915,Done,Target,161.0607,8.84238,3.10356,0.44609,0.44609,1.0,0.44609,3.10356,0.0,0.0,0.0,0.59908,1.0,6,6,1,0.70866,0.9109,0.03975,0.89963,0.56,0.05976,0.82,0.7,0.06,0.9,0.56,0.06,-2.64257,-0.13598,-0.11175,-75.83259,0.06531,64.55316,double_rcm_log_20260616_132745_154.csv,31.65915,Unknown,Task2_TargetRCM_EntryCone,0.0,3.10379560140155,8.730612734824417,8.733816262459355,0.14265101628504012,0.4010006713978559,0.4410215414239818,0.37502390321509593,0.5730854681756904,25.130908642731782,2.4932623415265955,1.8505581183720248
33.38164,0.02955,33.84436,Done,Target,161.0684,9.5431,3.35847,0.42752,0.42752,1.0,0.42752,3.35847,0.0,0.0,0.0,0.59908,1.0,6,6,1,0.70964,0.91133,0.03827,0.89964,0.56,0.05977,0.82,0.7,0.06,0.9,0.56,0.06,-2.54141,-0.10391,-0.114,-76.17075,0.06436,64.55499,double_rcm_log_20260616_132745_154.csv,33.84436,Unknown,Task2_TargetRCM_EntryCone,0.0,3.3598000633783323,9.449929159130308,9.453992429809956,0.1380469185868461,0.3880701760487029,0.42720018726589987,0.3010499995890476,1.0034145898764826,7.799083763472573,2.3856202072596,1.9411467506786997
33.44178,0.03045,32.84026,Done,Target,161.0768,10.22646,3.60647,0.40706,0.40706,1.0,0.40706,3.60647,0.0,0.0,0.0,0.59908,1.0,6,6,1,0.71058,0.91174,0.03684,0.89966,0.56,0.05978,0.82,0.7,0.06,0.9,0.56,0.06,-2.44317,-0.07597,-0.11194,-76.4979,0.06205,64.55807,double_rcm_log_20260616_132745_154.csv,32.84026,Unknown,Task2_TargetRCM_EntryCone,0.0,3.606948223345907,10.144182490946223,10.14920986199457,0.1309576621890846,0.3681638431250727,0.4049691346263365,0.3685600156935913,0.6754618313177818,14.627049371385143,2.2624797538837296,2.0972184456534255
33.503,0.03123,32.02221,Done,Target,161.086,10.88742,3.84598,0.38461,0.38461,1.0,0.38461,3.84598,0.0,0.0,0.0,0.59908,1.0,6,6,1,0.71149,0.91213,0.03546,0.89968,0.56,0.05979,0.82,0.7,0.06,0.9,0.56,0.06,-2.34842,-0.04742,-0.11417,-76.81216,0.0589,64.55869,double_rcm_log_20260616_132745_154.csv,32.02221,Unknown,Task2_TargetRCM_EntryCone,0.0,3.8460534376587625,10.815663225494504,10.82175792674236,0.12387466390351577,0.3482726606465668,0.3827531841800791,0.36963870004176663,0.8234758110356293,15.196710040132553,2.131306157894528,2.266443530071656
33.5628,0.03025,33.05335,Done,Target,161.0957,11.49468,4.06578,0.36138,0.36138,1.0,0.36138,4.06578,0.0,0.0,0.0,0.59908,1.0,6,6,1,0.71232,0.91247,0.03419,0.8997,0.56,0.0598,0.82,0.7,0.06,0.9,0.56,0.06,-2.26178,-0.0238,-0.113,-77.10131,0.05903,64.56007,double_rcm_log_20260616_132745_154.csv,33.05335,Unknown,Task2_TargetRCM_EntryCone,0.0,4.065654595767912,11.432204933408887,11.4394041220301,0.11679890193946811,0.32839938161655363,0.3605551275463708,0.4134126257264122,1.6164902164005293,9.98654386055032,1.9891493617077811,2.4708001395821526
33.59482,0.03202,31.23424,Done,Target,161.1011,11.80321,4.17744,0.34835,0.34835,1.0,0.34835,4.17744,0.0,0.0,0.0,0.59908,1.0,6,6,1,0.71274,0.91264,0.03355,0.89971,0.56,0.05981,0.82,0.7,0.06,0.9,0.56,0.06,-2.21765,-0.01211,-0.11225,-77.24706,0.05702,64.56062,double_rcm_log_20260616_132745_154.csv,31.23424,Unknown,Task2_TargetRCM_EntryCone,0.0,4.1771465714938945,11.745160764626595,11.752968474328977,0.11218409365121501,0.3154337672768532,0.3466987164672024,0.44249797590609763,0.9243303833709824,36.39900236023197,1.9099754313087398,2.4864925294835656
33.62672,0.0319,31.35046,Done,Target,161.1064,12.09892,4.28432,0.3352,0.3352,1.0,0.3352,4.28432,0.0,0.0,0.0,0.59908,1.0,6,6,1,0.71315,0.9128,0.03294,0.89972,0.56,0.05982,0.82,0.7,0.06,0.9,0.56,0.06,-2.17547,0.0005,-0.11438,-77.3866,0.05583,64.55976,double_rcm_log_20260616_132745_154.csv,31.35046,Unknown,Task2_TargetRCM_EntryCone,0.0,4.284037038291002,12.045158506045821,12.05358092200896,0.10757812455286843,0.3024922122329163,0.3328663395419133,0.45388905883339764,0.7275366270875421,30.538762736354894,1.8357411550731697,2.444388689479959
33.6572,0.03048,32.80719,Done,Target,161.1118,12.36969,4.38222,0.32211,0.32211,1.0,0.32211,4.38222,0.0,0.0,0.0,0.59908,1.0,6,6,1,0.71351,0.91294,0.03237,0.89973,0.56,0.05983,0.82,0.7,0.06,0.9,0.56,0.06,-2.13694,0.01162,-0.11588,-77.51488,0.05597,64.55899,double_rcm_log_20260616_132745_154.csv,32.80719,Unknown,Task2_TargetRCM_EntryCone,0.0,4.382429284954427,12.32126819488704,12.33028421217194,0.10298214105479306,0.28957794221138244,0.3190611226708681,0.42976631228169393,1.0481777381869637,12.25459188357734,1.7597517957903948,2.618475996741111
33.71653,0.02942,33.99093,Done,Target,161.1226,12.86192,4.56008,0.29596,0.29596,1.0,0.29596,4.56008,0.0,0.0,0.0,0.59908,1.0,6,6,1,0.71418,0.9132,0.03134,0.89975,0.56,0.05984,0.82,0.7,0.06,0.9,0.56,0.06,-2.067,0.02958,-0.11524,-77.74825,0.05706,64.5586,double_rcm_log_20260616_132745_154.csv,33.99093,Unknown,Task2_TargetRCM_EntryCone,0.0,4.560483006519981,12.820832089973598,12.830991987859862,0.09589211707810971,0.2696579029351344,0.2968164415930936,0.4281701508674162,2.730553043708937,43.84942728484195,1.5935442841268448,3.060095640426383
33.74716,0.03062,32.65375,Done,Target,161.1283,13.09721,4.64507,0.28214,0.28214,1.0,0.28214,4.64507,0.0,0.0,0.0,0.59908,1.0,6,6,1,0.7145,0.91332,0.03085,0.89976,0.56,0.05985,0.82,0.7,0.06,0.9,0.56,0.06,-2.0335,0.03931,-0.11725,-77.85905,0.05643,64.55718,double_rcm_log_20260616_132745_154.csv,32.65375,Unknown,Task2_TargetRCM_EntryCone,0.0,4.64586679743607,13.060349079385649,13.071090224384607,0.09129985466592909,0.25675190059967123,0.283019433961712,0.548267425259039,2.652862641026222,84.05775091087929,1.4985593526205272,3.075551076361803
33.78109,0.03393,29.47483,Done,Target,161.1348,13.34276,4.73384,0.26646,0.26646,1.0,0.26646,4.73379,0.0,0.0,0.0,0.59908,1.0,6,6,1,0.71484,0.91345,0.03034,0.89978,0.56,0.05986,0.82,0.7,0.06,0.9,0.56,0.06,-1.9983,0.04868,-0.11806,-77.97328,0.05257,64.55604,double_rcm_log_20260616_132745_154.csv,29.47483,Unknown,Task2_TargetRCM_EntryCone,0.0,4.734654543882958,13.309384011085697,13.3207526460343,0.08420881553128065,0.23682515458910786,0.26076809620810487,0.4700755443988391,3.0069897070075062,94.7866727885267,1.3984418186540948,2.848568125856457
33.8127,0.03161,31.63366,Done,Target,161.1411,13.5561,4.81096,0.25132,0.25132,1.0,0.25132,4.81096,0.0,0.0,0.0,0.59908,1.0,6,6,1,0.71513,0.91356,0.0299,0.89979,0.56,0.05986,0.82,0.7,0.06,0.9,0.56,0.06,-1.96785,0.05634,-0.11818,-78.07351,0.05134,64.55506,double_rcm_log_20260616_132745_154.csv,31.63366,Unknown,Task2_TargetRCM_EntryCone,0.0,4.81036831424818,13.521723379181172,13.533646019573307,0.08173663347212537,0.22987956713163987,0.2523885892825161,0.3572960027483498,3.498153466853708,93.25550852678722,1.31355216190009,2.8930417442254424
33.84386,0.03116,32.08897,Done,Target,161.1472,13.75208,4.88174,0.23651,0.23651,1.0,0.23651,4.88174,0.0,0.0,0.0,0.59908,1.0,6,6,1,0.71539,0.91365,0.02949,0.8998,0.56,0.05987,0.82,0.7,0.06,0.9,0.56,0.06,-1.94004,0.06343,-0.11862,-78.16618,0.05202,64.55382,double_rcm_log_20260616_132745_154.csv,32.08897,Unknown,Task2_TargetRCM_EntryCone,0.0,4.881268069115089,13.720540433664425,13.732997900773377,0.07712596316478366,0.21691898523143896,0.23853720883751178,0.4517018464729466,2.8804216531709286,88.42724304790829,1.2200129293999427,3.2222528057541044
33.87532,0.03146,31.79067,Done,Target,161.1535,13.9344,4.94776,0.22133,0.22133,1.0,0.22133,4.94776,0.0,0.0,0.0,0.59908,1.0,6,6,1,0.71564,0.91374,0.02911,0.89981,0.56,0.05988,0.82,0.7,0.06,0.9,0.56,0.06,-1.91406,0.06949,-0.11818,-78.25217,0.05174,64.5528,double_rcm_log_20260616_132745_154.csv,31.79067,Unknown,Task2_TargetRCM_EntryCone,0.0,4.947737195125766,13.906914045713778,13.919887219644913,0.07252848812286773,0.2039947208970222,0.22472205054245958,0.5267796727885206,2.507270148860468,38.819625791296446,1.1129053364006545,3.3090235363389886
33.91089,0.03557,28.1106,Done,Target,161.1607,14.12246,5.01583,0.20384,0.20384,1.0,0.20384,5.01583,0.0,0.0,0.0,0.59908,1.0,6,6,1,0.71589,0.91383,0.02872,0.89983,0.56,0.05989,0.82,0.7,0.06,0.9,0.56,0.06,-1.88699,0.07617,-0.11856,-78.33926,0.04796,64.55112,double_rcm_log_20260616_132745_154.csv,28.1106,Unknown,Task2_TargetRCM_EntryCone,0.0,5.014864887078067,14.095115222573982,14.108623455779737,0.0654446482003344,0.18408192156253153,0.20248456731316825,0.5621316567188778,1.0490913689758108,39.11851986081749,1.0012097521292722,3.1348490071833224
33.97169,0.03229,30.96702,Done,Target,161.1733,14.39651,5.11512,0.17329,0.17329,1.0,0.17329,5.11512,0.0,0.0,0.0,0.59908,1.0,6,6,1,0.71627,0.91396,0.02814,0.89985,0.56,0.05991,0.82,0.7,0.06,0.9,0.56,0.06,-1.84818,0.08513,-0.11846,-78.46999,0.05128,64.54807,double_rcm_log_20260616_132745_154.csv,30.96702,Unknown,Task2_TargetRCM_EntryCone,0.0,5.116397696119176,14.379738753328235,14.394083907432002,0.05627819662617814,0.15830836510284474,0.17492855684534475,0.6101947402869559,3.278855402403314,7.414003551420786,0.8134971442474467,3.299401463158682
34.00381,0.03211,31.1407,Done,Target,161.1801,14.51648,5.15868,0.15718,0.15718,1.0,0.15718,5.15864,0.0,0.0,0.0,0.59908,1.0,6,6,1,0.71643,0.91401,0.02789,0.89987,0.56,0.05992,0.82,0.7,0.06,0.9,0.56,0.06,-1.83111,0.08917,-0.11881,-78.52697,0.05208,64.5461,double_rcm_log_20260616_132745_154.csv,31.1407,Unknown,Task2_TargetRCM_EntryCone,0.0,5.159263005527864,14.499888138117562,14.514596750206936,0.0491790993613273,0.13834738884422942,0.15264337522479923,0.4914023138087927,2.492772136212603,89.46487989718989,0.7040845513077792,3.313596956366771
34.03653,0.03273,30.55722,Done,Target,161.1871,14.62085,5.19667,0.14015,0.14015,1.0,0.14015,5.19667,0.0,0.0,0.0,0.59908,1.0,6,6,1,0.71657,0.91406,0.02767,0.89988,0.56,0.05992,0.82,0.7,0.06,0.9,0.56,0.06,-1.81621,0.0925,-0.11892,-78.57664,0.05273,64.54404,double_rcm_log_20260616_132745_154.csv,30.55722,Unknown,Task2_TargetRCM_EntryCone,0.0,5.1964204011678135,14.60403195295395,14.619060546783395,0.04669373010476593,0.1313597526466318,0.14422205101856525,0.50638371945469,2.6265162070092427,64.61325863905871,0.5997612834279855,3.3213173719859164
34.06762,0.03109,32.16808,Done,Target,161.1937,14.70301,5.22667,0.12415,0.12415,1.0,0.12415,5.22667,0.0,0.0,0.0,0.59908,1.0,6,6,1,0.71669,0.91409,0.0275,0.8999,0.56,0.05993,0.82,0.7,0.06,0.9,0.56,0.06,-1.80466,0.09476,-0.11859,-78.61696,0.0559,64.54214,double_rcm_log_20260616_132745_154.csv,32.16808,Unknown,Task2_TargetRCM_EntryCone,0.0,5.226194111245439,14.687476528922561,14.702764841459576,0.039641754953437996,0.11152785095419779,0.12206555615732836,0.5750094951884342,2.4393174395538644,58.88838743634072,0.49566377362690656,3.571596352468247
34.09974,0.03212,31.13623,Done,Target,161.2005,14.76997,5.25121,0.10768,0.10768,1.0,0.10768,5.25121,0.0,0.0,0.0,0.59908,1.0,6,6,1,0.71678,0.91412,0.02736,0.89991,0.56,0.05994,0.82,0.7,0.06,0.9,0.56,0.06,-1.79517,0.09696,-0.11915,-78.64967,0.05811,64.53965,double_rcm_log_20260616_132745_154.csv,31.13623,Unknown,Task2_TargetRCM_EntryCone,0.0,5.250900801666112,14.756717133378977,14.772223221384966,0.03501706742870504,0.09851981448499295,0.10816653826394702,0.46877811361791,1.4203971507898283,54.869424588084705,0.37449601489811224,3.7603153006688665
34.14265,0.04291,23.30309,Done,Target,161.2098,14.83083,5.27385,0.08526,0.08526,1.0,0.08526,5.27385,0.0,0.0,0.0,0.59908,1.0,6,6,1,0.71687,0.91414,0.02723,0.89993,0.56,0.05995,0.82,0.7,0.06,0.9,0.56,0.06,-1.78631,0.09852,-0.11913,-78.67894,0.05838,64.53648,double_rcm_log_20260616_132745_154.csv,23.30309,Unknown,Task2_TargetRCM_EntryCone,0.0,5.273499542778978,14.820047798544188,14.835754882837394,0.027971108725269218,0.07870099207663993,0.08602325267043485,0.5183652918448133,1.495867424820187,37.65175989880281,0.21648456801413635,3.6249384462561474
34.26601,0.12336,8.10607,Done,Target,161.2364,14.81994,5.27221,0.02107,0.02107,1.0,0.02107,5.27221,0.0,0.0,0.0,0.59908,1.0,6,6,1,0.71687,0.91412,0.02725,0.89998,0.56,0.05999,0.82,0.7,0.06,0.9,0.56,0.06,-1.78731,0.09546,-0.11741,-78.67705,0.0618,64.52676,double_rcm_log_20260616_132745_154.csv,8.10607,Unknown,Task2_TargetRCM_EntryCone,0.0,5.27247818993438,14.817185611124362,14.83288357412604,0.007120758437718775,0.020038424627182798,0.02236067977501405,0.6288689333751942,2.517856656855041,32.26546321723647,0.22659626371295158,3.521874250417754
34.29981,0.0338,29.58996,Done,Target,161.2438,14.76798,5.2543,0.00327,0.00327,1.0,0.00327,5.2543,0.0,0.0,0.0,0.59908,1.0,6,6,1,0.7168,0.91408,0.02735,0.9,0.56,0.06,0.82,0.7,0.06,0.9,0.56,0.06,-1.79505,0.09275,-0.11692,-78.65697,0.07038,64.52373,double_rcm_log_20260616_132745_154.csv,29.58996,Unknown,Task2_TargetRCM_EntryCone,0.0,5.254564552563662,14.766984577466516,14.782523134278875,0.0,0.0,0.0,0.5194267410807825,3.6119690751586875,8.44179531266609,0.3441346480955346,3.530226531997041
34.33776,0.01936,51.64726,Done,Target,161.2519,14.68366,5.22484,0.01631,0.01631,1.0,0.01631,5.22484,0.0,0.0,0.0,0.59908,1.0,6,6,1,0.7167,0.91403,0.02753,0.90001,0.56,0.06001,0.82,0.7,0.06,0.9,0.56,0.06,-1.80751,0.08826,-0.11549,-78.62292,0.08144,64.52058,double_rcm_log_20260616_132745_154.csv,51.64726,Unknown,Task2_TargetRCM_EntryCone,0.0,5.225025542973923,14.684201543654176,14.699479606713378,0.004705636170464788,0.01324328567175877,0.014142135623700937,0.3927322250043491,2.8867706977469796,20.18976039548105,0.477291881805182,3.5385418297387137
34.50141,0.16365,6.11068,Done,Target,161.2863,14.01377,4.98869,0.09865,0.09865,1.0,0.09865,4.98869,0.0,0.0,0.0,0.59908,1.0,6,6,1,0.71583,0.91367,0.02891,0.90008,0.56,0.06005,0.82,0.7,0.06,0.9,0.56,0.06,-1.90907,0.05548,-0.10734,-78.36098,0.19296,64.50575,double_rcm_log_20260616_132745_154.csv,6.11068,Unknown,Task2_TargetRCM_EntryCone,0.0,4.988507759330633,14.021221894558662,14.034518322261988,0.030403350058997157,0.08558396686653422,0.0943398113205405,0.6081885761730058,1.038046568106671,2.239367356272412,1.0813112041742579,2.4748765616658783
34.54539,0.04398,22.73754,Done,Target,161.2952,13.74217,4.89261,0.1205,0.1205,1.0,0.1205,4.89261,0.0,0.0,0.0,0.59908,1.0,6,6,1,0.71547,0.91352,0.02947,0.9001,0.56,0.06007,0.82,0.7,0.06,0.9,0.56,0.06,-1.9516,0.0369,-0.09502,-78.26225,0.25496,64.50531,double_rcm_log_20260616_132745_154.csv,22.73754,Unknown,Task2_TargetRCM_EntryCone,0.0,4.893120227475384,13.753774208400603,13.766322611897634,0.039617367522163174,0.1115278509541884,0.12206555615732836,0.6431166722937007,1.0213133300886637,3.950053502180792,1.1704018975044626,2.1307965615032045
