time,dt,fps,phase,mode,tip_entry_error_mm,entry_rcm_error_mm,entry_axis_error_deg,target_rcm_or_tip_error_mm,final_target_tip_error_mm,insertion_progress,insertion_intermediate_error_mm,entry_cone_angle_deg,entry_cone_violation_deg,skull_violation_mm,arm_skull_violation_mm,entry_lambda,target_lambda,entry_segment,target_segment,joint_limits_ok,tool_x,tool_y,tool_z,tip_x,tip_y,tip_z,entry_x,entry_y,entry_z,target_x,target_y,target_z,q0_deg,q1_deg,q2_deg,q3_deg,q4_deg,q5_deg,source_file,fps_est,stage,task_inferred,total_skull_violation_mm,cone_t2_angle_deg_geom,cone_t2_radius_mm_geom,entry_side_distance_to_entry_mm_geom,cone_t4_angle_deg_geom,cone_t4_radius_mm_geom,tip_distance_to_target_mm_geom,tip_speed_mm_s,tip_acc_mm_s2,tip_jerk_mm_s3,joint_speed_rms_deg_s,joint_acc_rms_deg_s2
0.20178,0.18178,5.50102,ApproachEntry,Double,410.6093,306.6337,94.18493,545.8825,545.8825,0.0,410.6093,85.81507,78.81507,0.0,0.0,0.15601,1.0,6,6,1,0.55725,0.88548,0.01804,0.8715,1.09867,0.14371,0.82,0.7,0.06,0.9,0.56,0.06,-2.80351,24.1489,-64.79998,60.12848,48.68184,64.79998,double_rcm_log_20260616_133526_303.csv,5.50102,Unknown,Task3_Insertion,0.0,85.81519808669682,160.81525426893873,219.55721392563518,141.33166613437194,256.5513143722987,545.8800078771892,3770.00575853152,30545.29959952122,152280.0551287049,450.52039951919346,3034.733951669139
0.23315,0.03136,31.88647,ApproachEntry,Double,307.8717,376.6872,77.96951,453.2831,453.2831,0.0,307.8717,77.96951,70.96951,0.0,0.0,0.15601,1.0,6,6,1,0.446,0.88474,0.02051,0.81086,0.99721,0.1398,0.82,0.7,0.06,0.9,0.56,0.06,-8.66127,38.48775,-86.40002,55.15462,27.08184,63.99782,double_rcm_log_20260616_133526_303.csv,31.88647,Unknown,Task3_Insertion,0.0,77.97003112105492,157.7040045753644,202.88417638373255,148.5288448113849,160.7306691140376,453.2841974964492,2851.7295615739326,31492.649817551886,192113.44487326784,376.92948914954457,3622.2597813669972
0.30155,0.06841,14.61813,ApproachEntry,Double,274.0868,494.0802,54.68492,430.2325,430.2325,0.0,274.0868,54.68492,47.68492,0.0,0.0,0.15601,1.0,6,6,1,0.37084,1.00957,0.00769,0.75873,0.9649,0.09457,0.82,0.7,0.06,0.9,0.56,0.06,-13.55849,60.08775,-98.02733,33.55463,5.48185,42.39783,double_rcm_log_20260616_133526_303.csv,14.61813,Unknown,Task3_Insertion,0.0,54.68470859707902,131.57335999417748,148.12183571172844,161.81708508091413,85.52782926312099,430.22820432881895,624.4739946677985,12664.078057117142,448353.5184111591,294.00389777503244,9588.881719265824
0.34879,0.04724,21.16892,ApproachEntry,Double,238.4411,501.14,34.55599,390.1629,390.1629,0.0,238.4411,34.55599,27.55599,0.0,0.0,0.15601,1.0,6,6,1,0.44813,1.11468,0.01799,0.79307,0.93237,0.10618,0.82,0.7,0.06,0.9,0.56,0.06,-10.95868,60.23028,-78.99409,11.95464,-16.11815,21.37276,double_rcm_log_20260616_133526_303.csv,21.16892,Unknown,Task3_Insertion,0.0,34.55581415384069,91.45966810624837,95.78178328504573,154.44549092350474,102.85576509776303,390.1615488486788,2409.9794421059487,27591.675210763944,390874.7325909885,796.803733112458,6156.820705228799
0.38272,0.00936,106.7935,ApproachEntry,Double,134.6086,472.2034,0.04423,295.8525,295.8525,0.0,134.6086,0.04423,0.0,0.0,0.0,0.15601,1.0,6,6,1,0.55411,1.1638,0.05965,0.75276,0.81661,0.05941,0.82,0.7,0.06,0.9,0.56,0.06,-5.44081,33.39986,-24.59061,-42.26598,-61.44238,56.69931,double_rcm_log_20260616_133526_303.csv,106.7935,Unknown,Task3_Insertion,0.0,0.04683119862435602,0.13179510083977392,0.13179511186217058,179.66358078356546,0.7903660301014586,295.85242571255003,3079.9029599828946,12642.783562834637,725524.1183489475,736.9523284753521,6971.948740976557
0.43417,0.03968,25.19864,InsertToTarget,Double,1.23582,0.82324,0.15451,160.3272,160.3272,0.00556,0.82543,0.15451,0.0,0.0,0.0,0.99777,1.0,6,6,1,0.62168,1.04631,0.05983,0.82051,0.69923,0.06082,0.82,0.7,0.06,0.9,0.56,0.06,-3.62144,20.71614,-16.82759,-43.60482,-52.28197,54.9219,double_rcm_log_20260616_133526_303.csv,25.19864,Unknown,Task3_Insertion,0.0,0.1547713478879346,0.4355661068992767,0.43556650418231385,41.7399415211349,0.822249260354701,160.32568540318172,1777.0950302137462,28138.14619418155,268139.9734159308,94.94214872437344,9390.665696433092
0.53948,0.10531,9.49552,InsertToTarget,Double,3.38291,0.78602,0.14127,157.9586,157.9586,0.0203,0.79357,0.14127,0.0,0.0,0.0,0.99182,1.0,6,6,1,0.62288,1.04427,0.05987,0.82164,0.69715,0.06079,0.82,0.7,0.06,0.9,0.56,0.06,-3.58412,20.36679,-16.4597,-43.76282,-52.19374,55.04392,double_rcm_log_20260616_133526_303.csv,9.49552,Unknown,Task3_Insertion,0.0,0.14111056980944514,0.39712126944538484,0.39712157054278724,13.510621911470015,0.7900623149717131,157.95896998904493,22.67534488396507,4028.1424542466784,127409.17012817116,3.1956785826370844,206.2766334615907
0.573,0.03352,29.83247,InsertToTarget,Double,4.10428,0.69404,0.11869,157.2029,157.2029,0.02499,0.70201,0.11869,0.0,0.0,0.0,0.98993,1.0,6,6,1,0.62334,1.04366,0.05991,0.82203,0.6965,0.0607,0.82,0.7,0.06,0.9,0.56,0.06,-3.5696,20.21577,-16.27243,-43.87531,-52.17009,55.16029,double_rcm_log_20260616_133526_303.csv,29.83247,Unknown,Task3_Insertion,0.0,0.11966231800055328,0.3367604934716283,0.33676067708651497,9.822228633836753,0.7004844477491743,157.2007026065723,23.415470087930885,63.54762976667004,62094.322565472015,4.147154103187011,4.894623178188855
0.60875,0.01754,56.99775,InsertToTarget,Double,4.85287,0.30596,0.04846,156.4025,156.4025,0.03,0.31015,0.04846,0.0,0.0,0.0,0.98791,1.0,6,6,1,0.62385,1.04304,0.05996,0.82241,0.6958,0.06031,0.82,0.7,0.06,0.9,0.56,0.06,-3.55228,20.02526,-16.02114,-44.05009,-52.15382,55.37683,double_rcm_log_20260616_133526_303.csv,56.99775,Unknown,Task3_Insertion,0.0,0.052955403589827046,0.14903019236334386,0.14903020827635682,3.664449549942209,0.31012156425406473,156.40314638778847,23.25638296411565,86.33487313102252,2511.2062622443154,3.3058075058547027,37.56701751363855
0.64007,0.03131,31.93445,InsertToTarget,Double,5.55412,0.24504,0.04423,155.6968,155.6968,0.03438,0.24899,0.04423,0.0,0.0,0.0,0.98614,1.0,6,6,1,0.62421,1.04243,0.05996,0.82275,0.69518,0.06025,0.82,0.7,0.06,0.9,0.56,0.06,-3.54149,19.92328,-15.91541,-44.09322,-52.12472,55.41529,double_rcm_log_20260616_133526_303.csv,31.93445,Unknown,Task3_Insertion,0.0,0.04378995667446956,0.12323626142322035,0.12323627043671787,2.5797512128311118,0.2500276907741338,155.696041696634,22.629483637772125,118.91011654907513,449.9521249694589,1.9889701485956635,36.4164580487907
0.73752,0.09746,10.26098,InsertToTarget,Double,7.75196,0.2389,0.04423,153.4973,153.4973,0.04803,0.24458,0.04423,0.0,0.0,0.0,0.98064,1.0,6,6,1,0.62524,1.04049,0.05992,0.82381,0.69325,0.06024,0.82,0.7,0.06,0.9,0.56,0.06,-3.51054,19.64473,-15.65479,-44.16173,-52.02589,55.44226,double_rcm_log_20260616_133526_303.csv,10.26098,Unknown,Task3_Insertion,0.0,0.04935368999719623,0.13889404202627417,0.13889405491850879,1.7991327286028989,0.2434653663570599,153.4944174880637,22.5885882360147,37.7483203766117,691.8556428006872,2.2969652887368253,14.396234418574323
0.76863,0.0311,32.15038,InsertToTarget,Double,8.45789,0.28397,0.05234,152.7926,152.7926,0.05238,0.29113,0.05234,0.0,0.0,0.0,0.97889,1.0,6,6,1,0.62563,1.03989,0.05995,0.82419,0.69266,0.06029,0.82,0.7,0.06,0.9,0.56,0.06,-3.49892,19.53038,-15.527,-44.22299,-51.99168,55.48734,double_rcm_log_20260616_133526_303.csv,32.15038,Unknown,Task3_Insertion,0.0,0.05184176964851077,0.14589613949113886,0.1458961544378156,1.9653529166402355,0.29002387169653615,152.7937034042961,22.552790258770752,49.11523689373201,554.9332349165289,2.749772217752837,5.587920384305343
0.80538,0.01736,57.60607,InsertToTarget,Double,9.28067,0.16463,0.01978,151.9661,151.9661,0.05753,0.16909,0.01978,0.0,0.0,0.0,0.97681,1.0,6,6,1,0.62609,1.03921,0.05997,0.8246,0.69194,0.06017,0.82,0.7,0.06,0.9,0.56,0.06,-3.48432,19.38152,-15.35215,-44.32578,-51.95597,55.59269,double_rcm_log_20260616_133526_303.csv,57.60607,Unknown,Task3_Insertion,0.0,0.029941194072336266,0.08426226677348204,0.08426226968904166,1.049897232761973,0.1700723827804385,151.96497129272913,22.59824936412559,13.641111951228849,1131.4670812442102,2.4027842436232487,14.543370491377244
0.8394,0.03402,29.39628,InsertToTarget,Double,10.04792,0.15078,0.01978,151.1985,151.1985,0.06229,0.15536,0.01978,0.0,0.0,0.0,0.97489,1.0,6,6,1,0.62646,1.03853,0.05997,0.82497,0.69127,0.06015,0.82,0.7,0.06,0.9,0.56,0.06,-3.47318,19.27837,-15.25099,-44.36015,-51.92021,55.61415,double_rcm_log_20260616_133526_303.csv,29.39628,Unknown,Task3_Insertion,0.0,0.027449146545221584,0.07724900082823048,0.07724900306789834,0.8604019650974487,0.1508641773251661,151.1996570763307,22.52672723879888,33.48925842562089,383.6653778644878,1.899612056242313,11.48162059701558
0.9017,0.03268,30.6014,InsertToTarget,Double,11.45494,0.16414,0.03426,149.7916,149.7916,0.07101,0.16985,0.02798,0.0,0.0,0.0,0.97138,1.0,6,6,1,0.62715,1.03731,0.05996,0.82567,0.69005,0.06017,0.82,0.7,0.06,0.9,0.56,0.06,-3.45225,19.08158,-15.052,-44.43559,-51.85214,55.66172,double_rcm_log_20260616_133526_303.csv,30.6014,Unknown,Task3_Insertion,0.0,0.03191333343368189,0.08981237662964679,0.08981238014563207,0.8531934670824969,0.17054663246793358,149.79312500912718,22.613688600778712,3.4985378179397664,254.21569742628165,2.0175636554356324,1.3014689721578003
0.95965,0.02969,33.6853,InsertToTarget,Double,12.76353,0.17229,0.02798,148.483,148.483,0.07912,0.17896,0.02798,0.0,0.0,0.0,0.96811,1.0,6,6,1,0.6278,1.03617,0.05996,0.82632,0.68891,0.06018,0.82,0.7,0.06,0.9,0.56,0.06,-3.43256,18.89475,-14.86052,-44.51311,-51.78734,55.71376,double_rcm_log_20260616_133526_303.csv,33.6853,Unknown,Task3_Insertion,0.0,0.03326689651648523,0.09362165290768157,0.09362165684950022,0.8106716209516944,0.18061433625693982,148.48085028043172,22.51817074808662,2.5886901218674465,22.484833981998936,2.036000664508422,0.27330141315157674
0.99059,0.03094,32.32279,InsertToTarget,Double,13.46198,0.17586,0.02798,147.7845,147.7845,0.08346,0.18305,0.02798,0.0,0.0,0.0,0.96636,1.0,6,6,1,0.62814,1.03556,0.05996,0.82667,0.68831,0.06018,0.82,0.7,0.06,0.9,0.56,0.06,-3.42213,18.79581,-14.75976,-44.5534,-51.7523,55.7403,double_rcm_log_20260616_133526_303.csv,32.32279,Unknown,Task3_Insertion,0.0,0.03394397904388096,0.095527138079589,0.09552714230908245,0.7671154817623691,0.18020928004790282,147.78625578855423,22.558297768980907,2.2302066611554023,115.02020438546785,2.0389765192317473,0.5298242088105033
1.0214,0.0308,32.46294,InsertToTarget,Double,14.15749,0.18083,0.03426,147.0891,147.0891,0.08777,0.18859,0.02798,0.0,0.0,0.0,0.96462,1.0,6,6,1,0.62849,1.03496,0.05996,0.82701,0.6877,0.06019,0.82,0.7,0.06,0.9,0.56,0.06,-3.41171,18.69664,-14.65833,-44.59478,-51.71691,55.76777,double_rcm_log_20260616_133526_303.csv,32.46294,Unknown,Task3_Insertion,0.0,0.03462680271810018,0.09744878030850364,0.09744878476201568,0.7716620103582035,0.19068298298484568,147.08795395952714,22.592086896122613,4.498625313185225,81.44792213867541,2.061770487426353,0.9946905412503115
1.05186,0.03046,32.82479,InsertToTarget,Double,14.84541,0.18486,0.03426,146.4011,146.4011,0.09203,0.19319,0.03426,0.0,0.0,0.0,0.9629,1.0,6,6,1,0.62883,1.03436,0.05996,0.82736,0.68711,0.06019,0.82,0.7,0.06,0.9,0.56,0.06,-3.40138,18.598,-14.5571,-44.63689,-51.68144,55.7961,double_rcm_log_20260616_133526_303.csv,32.82479,Unknown,Task3_Insertion,0.0,0.035277818708267336,0.0992809074839953,0.09928091220451939,0.7336212477660305,0.1900647662893257,146.40204165243048,22.552606279100374,2.8432903956008424,71.91390071475033,2.087705579834486,0.8419397662736544
1.10989,0.02831,35.3241,InsertToTarget,Double,16.15561,0.18964,0.03426,145.0909,145.0909,0.10016,0.19893,0.03426,0.0,0.0,0.0,0.95963,1.0,6,6,1,0.62948,1.03322,0.05996,0.82801,0.68597,0.0602,0.82,0.7,0.06,0.9,0.56,0.06,-3.3816,18.40794,-14.36066,-44.72161,-51.6124,55.85479,double_rcm_log_20260616_133526_303.csv,35.3241,Unknown,Task3_Insertion,0.0,0.03661910510308298,0.1030556338573832,0.10305563912276439,0.7096072819847474,0.20009613074335125,145.089768764031,22.506971442548952,1.3716186045523402,89.79592359695354,2.1031533462876366,0.27170139122481574
1.14,0.03011,33.21318,InsertToTarget,Double,16.83526,0.19084,0.03426,144.4112,144.4112,0.10437,0.20061,0.03426,0.0,0.0,0.0,0.95793,1.0,6,6,1,0.62981,1.03263,0.05996,0.82834,0.68538,0.0602,0.82,0.7,0.06,0.9,0.56,0.06,-3.3714,18.30997,-14.25994,-44.7648,-51.57611,55.8844,double_rcm_log_20260616_133526_303.csv,33.21318,Unknown,Task3_Insertion,0.0,0.03661910509313013,0.10305563382937331,0.10305563912276439,0.682091317390304,0.20038424627162,144.41378050587826,22.5255995839559,3.7913891526345873,72.86552831385676,2.1056132989519174,0.502802381875341
1.17013,0.03012,33.19593,InsertToTarget,Double,17.51538,0.1942,0.03426,143.7311,143.7311,0.10859,0.20456,0.03426,0.0,0.0,0.0,0.95623,1.0,6,6,1,0.63015,1.03204,0.05996,0.82868,0.68479,0.0602,0.82,0.7,0.06,0.9,0.56,0.06,-3.36117,18.21145,-14.15836,-44.80901,-51.53918,55.91465,double_rcm_log_20260616_133526_303.csv,33.19593,Unknown,Task3_Insertion,0.0,0.03661910510308298,0.1030556338573832,0.10305563912276439,0.6551191597841171,0.20024600255301078,143.73283027895886,22.592566313691364,3.1289801171818916,71.11016140817883,2.1268012823342954,0.6413176168514334
1.22886,0.02908,34.38675,InsertToTarget,Double,18.8413,0.20014,0.03426,142.4052,142.4052,0.11681,0.2116,0.03426,0.0,0.0,0.0,0.95291,1.0,6,6,1,0.6308,1.03089,0.05996,0.82934,0.68364,0.06021,0.82,0.7,0.06,0.9,0.56,0.06,-3.34116,18.0177,-13.95756,-44.89891,-51.46555,55.97719,double_rcm_log_20260616_133526_303.csv,34.38675,Unknown,Task3_Insertion,0.0,0.038397703715820575,0.10806106968364071,0.10806107575154263,0.6390760575586922,0.2101318267549799,142.40691450909256,22.503180892520508,0.9889476779801779,62.85630209353839,2.1349967929483773,0.3538276635606479
1.25995,0.0311,32.15913,InsertToTarget,Double,19.5433,0.20331,0.03956,141.7032,141.7032,0.12117,0.21542,0.03956,0.0,0.0,0.0,0.95116,1.0,6,6,1,0.63115,1.03028,0.05996,0.82968,0.68303,0.06022,0.82,0.7,0.06,0.9,0.56,0.06,-3.33064,17.91587,-13.85265,-44.94555,-51.42603,56.00905,double_rcm_log_20260616_133526_303.csv,32.15913,Unknown,Task3_Insertion,0.0,0.03932096574154773,0.11065936741929668,0.1106593739389584,0.6466467323087518,0.2205029216621391,141.70861547555958,22.5330689933554,2.3925000342025085,53.9541824321662,2.1434975946807238,0.5899023380297986
1.32003,0.03077,32.50275,InsertToTarget,Double,20.89997,0.21056,0.03426,140.3466,140.3466,0.12958,0.22398,0.03426,0.0,0.0,0.0,0.94777,1.0,6,6,1,0.63182,1.0291,0.05996,0.83036,0.68185,0.06022,0.82,0.7,0.06,0.9,0.56,0.06,-3.3102,17.71663,-13.64585,-45.04076,-51.34752,56.07533,double_rcm_log_20260616_133526_303.csv,32.50275,Unknown,Task3_Insertion,0.0,0.03973691721675627,0.11182996226391294,0.111829969005316,0.6037443605438673,0.22022366253076292,140.34671531603433,22.610816477923628,0.9963432514199112,19.255346202581766,2.191515871380021,0.7465706100093178
1.37959,0.02999,33.34395,InsertToTarget,Double,22.24437,0.21705,0.03956,139.0022,139.0022,0.13791,0.23179,0.03956,0.0,0.0,0.0,0.94441,1.0,6,6,1,0.63248,1.02793,0.05996,0.83102,0.68068,0.06023,0.82,0.7,0.06,0.9,0.56,0.06,-3.2899,17.51773,-13.43869,-45.13886,-51.26725,56.14433,double_rcm_log_20260616_133526_303.csv,33.34395,Unknown,Task3_Insertion,0.0,0.04108241731941209,0.1156165469031135,0.11561655434724691,0.5941513777280479,0.23065458690764987,139.00343772727342,22.56449229320527,0.9926951605243249,24.7978101318716,2.213546717870516,0.5312168670794203
1.43992,0.03098,32.28278,InsertToTarget,Double,23.60652,0.22277,0.04423,137.6401,137.6401,0.14636,0.23886,0.04423,0.0,0.0,0.0,0.941,1.0,6,6,1,0.63315,1.02674,0.05996,0.8317,0.6795,0.06024,0.82,0.7,0.06,0.9,0.56,0.06,-3.26938,17.3159,-13.22855,-45.24002,-51.18364,56.21549,double_rcm_log_20260616_133526_303.csv,32.28278,Unknown,Task3_Insertion,0.0,0.04311184211150449,0.12132787205708481,0.12132788066967243,0.5833322298635197,0.24032029908821087,137.64155477180572,22.55698109960608,2.133633659633365,55.19123902636029,2.237794346310885,0.5115924982952769
1.47012,0.0302,33.10824,InsertToTarget,Double,24.28861,0.22743,0.03956,136.958,136.958,0.15059,0.24432,0.03956,0.0,0.0,0.0,0.9393,1.0,6,6,1,0.63349,1.02615,0.05996,0.83204,0.67891,0.06024,0.82,0.7,0.06,0.9,0.56,0.06,-3.2591,17.21425,-13.12242,-45.29221,-51.14065,56.25226,double_rcm_log_20260616_133526_303.csv,33.10824,Unknown,Task3_Insertion,0.0,0.04311184212841236,0.12132787210466793,0.12132788066967243,0.5667046268969893,0.24020504061834838,136.96060491980893,22.5541436604791,3.726099604595426,30.257579624756858,2.248196568007292,0.598416899932224
1.50069,0.03057,32.71401,InsertToTarget,Double,24.9787,0.23129,0.04423,136.2679,136.2679,0.15487,0.24895,0.04423,0.0,0.0,0.0,0.93757,1.0,6,6,1,0.63383,1.02555,0.05996,0.83238,0.67831,0.06025,0.82,0.7,0.06,0.9,0.56,0.06,-3.24871,17.11139,-13.0151,-45.34536,-51.0966,56.28973,double_rcm_log_20260616_133526_303.csv,32.71401,Unknown,Task3_Insertion,0.0,0.04444752514829702,0.125086828776167,0.12508683817900643,0.5742314884412233,0.25030750319126527,136.27099104358192,22.61291075383614,1.6806797777435782,65.44255559957033,2.263716362905757,0.6797047910518763
1.55945,0.03052,32.76155,InsertToTarget,Double,26.30514,0.23489,0.03956,134.9415,134.9415,0.1631,0.25379,0.03956,0.0,0.0,0.0,0.93426,1.0,6,6,1,0.63449,1.0244,0.05995,0.83304,0.67715,0.06025,0.82,0.7,0.06,0.9,0.56,0.06,-3.22868,16.91191,-12.80609,-45.45208,-51.00938,56.36633,double_rcm_log_20260616_133526_303.csv,32.76155,Unknown,Task3_Insertion,0.0,0.04554753232154507,0.12818253275155717,0.1281825428604107,0.5453978233566124,0.2504426849830848,134.9363798239748,22.587826396407323,0.7384532431746387,20.435221396811837,2.290563153973954,0.6448709583779574
1.62048,0.03119,32.06333,InsertToTarget,Double,27.68318,0.24277,0.04423,133.5635,133.5635,0.17164,0.26337,0.04423,0.0,0.0,0.0,0.93081,1.0,6,6,1,0.63517,1.0232,0.05995,0.83372,0.67596,0.06026,0.82,0.7,0.06,0.9,0.56,0.06,-3.20797,16.70507,-12.58991,-45.56337,-50.91633,56.44514,double_rcm_log_20260616_133526_303.csv,32.06333,Unknown,Task3_Insertion,0.0,0.04713593411233468,0.13265270509753346,0.13265271633424666,0.5390560966766528,0.2604256870232626,133.56581748336657,22.564610363908972,0.687998678595168,21.793182261589692,2.3204464784035785,0.6019874005622522
1.67936,0.02936,34.06144,InsertToTarget,Double,29.01266,0.24881,0.04846,132.2341,132.2341,0.17988,0.27092,0.04846,0.0,0.0,0.0,0.92749,1.0,6,6,1,0.63583,1.02204,0.05995,0.83438,0.6748,0.06027,0.82,0.7,0.06,0.9,0.56,0.06,-3.18791,16.50301,-12.37744,-45.6773,-50.82263,56.52723,double_rcm_log_20260616_133526_303.csv,34.06144,Unknown,Task3_Insertion,0.0,0.04848771511215833,0.13645696542444163,0.13645697764234388,0.5342683803941023,0.2705578283131669,132.23122664484353,22.5442062666076,1.8214040841783405,69.69347984670607,2.3409999898288163,0.34432573166839386
1.70965,0.03028,33.02191,InsertToTarget,Double,29.69631,0.25139,0.04423,131.5504,131.5504,0.18412,0.27427,0.04423,0.0,0.0,0.0,0.92578,1.0,6,6,1,0.63616,1.02145,0.05995,0.83472,0.67421,0.06027,0.82,0.7,0.06,0.9,0.56,0.06,-3.17766,16.39959,-12.26916,-45.73552,-50.77362,56.56886,double_rcm_log_20260616_133526_303.csv,33.02191,Unknown,Task3_Insertion,0.0,0.048906819343689685,0.13763643279404084,0.13763644535796932,0.5217322471339846,0.2704099451971704,131.55027708066595,22.57270577619029,4.360161371380617,19.51646416942993,2.332223347942336,0.387093271060523
1.74106,0.03141,31.83555,InsertToTarget,Double,30.40558,0.25631,0.04846,130.8412,130.8412,0.18852,0.28022,0.04846,0.0,0.0,0.0,0.92401,1.0,6,6,1,0.63651,1.02083,0.05995,0.83507,0.67359,0.06028,0.82,0.7,0.06,0.9,0.56,0.06,-3.16706,16.29263,-12.15747,-45.7956,-50.72219,56.61125,double_rcm_log_20260616_133526_303.csv,31.83555,Unknown,Task3_Insertion,0.0,0.050251760720548586,0.14142144455891034,0.14142145817865318,0.5287492443150037,0.28061745107201347,130.83834071097047,22.607476924166402,2.557630495586845,65.88209247988513,2.351282961448052,0.8246961780253151
1.80079,0.03004,33.29074,InsertToTarget,Double,31.75421,0.26319,0.04846,129.4926,129.4926,0.19688,0.28882,0.04846,0.0,0.0,0.0,0.92064,1.0,6,6,1,0.63718,1.01966,0.05995,0.83573,0.67242,0.06029,0.82,0.7,0.06,0.9,0.56,0.06,-3.1468,16.08632,-11.94047,-45.91717,-50.62036,56.69889,double_rcm_log_20260616_133526_303.csv,33.29074,Unknown,Task3_Insertion,0.0,0.05120442995638527,0.14410250134284763,0.14410251572737073,0.5254166941695577,0.2911674115323748,129.49507094866584,22.50557287131683,1.9886777305253827,22.831108686080274,2.391217352251449,0.9038661536426246
1.86264,0.03224,31.0196,InsertToTarget,Double,33.15065,0.27015,0.04846,128.0962,128.0962,0.20554,0.29768,0.04846,0.0,0.0,0.0,0.91715,1.0,6,6,1,0.63786,1.01844,0.05995,0.83642,0.67121,0.0603,0.82,0.7,0.06,0.9,0.56,0.06,-3.12598,15.87371,-11.7179,-46.04285,-50.51228,56.7886,double_rcm_log_20260616_133526_303.csv,31.0196,Unknown,Task3_Insertion,0.0,0.05318970396970175,0.14968957399973506,0.1496895901226308,0.5207449623807664,0.30123846929735315,128.1021877252687,22.5622503231291,1.1210809262210464,16.887271845073176,2.4334577398349784,0.7208834763967219
1.92032,0.02995,33.3937,InsertToTarget,Double,34.45276,0.27341,0.04846,126.7941,126.7941,0.21362,0.30231,0.04846,0.0,0.0,0.0,0.91389,1.0,6,6,1,0.63851,1.01731,0.05995,0.83707,0.67008,0.0603,0.82,0.7,0.06,0.9,0.56,0.06,-3.10644,15.67188,-11.50482,-46.16965,-50.40571,56.88138,double_rcm_log_20260616_133526_303.csv,33.3937,Unknown,Task3_Insertion,0.0,0.053189703962849576,0.14968957398045127,0.1496895901226308,0.5005163242020001,0.30092421739598196,126.79858555993437,22.618114901267678,1.3061965013446142,56.100884298326285,2.452353515264089,0.4638149004506838
1.9508,0.03048,32.80818,InsertToTarget,Double,35.14096,0.27653,0.05234,126.1059,126.1059,0.21788,0.30639,0.05234,0.0,0.0,0.0,0.91217,1.0,6,6,1,0.63885,1.01671,0.05995,0.83741,0.66948,0.06031,0.82,0.7,0.06,0.9,0.56,0.06,-3.09622,15.56632,-11.39421,-46.2349,-50.34889,56.92817,double_rcm_log_20260616_133526_303.csv,32.80818,Unknown,Task3_Insertion,0.0,0.054541945007574213,0.15349512863555745,0.15349514603406275,0.5072726016668196,0.311092368177787,126.10897906176221,22.659113053467347,2.8539420654276135,52.8799871030925,2.456015808756934,0.710545104964814
1.98081,0.03001,33.32575,InsertToTarget,Double,35.81846,0.28024,0.05234,125.4284,125.4284,0.22209,0.31108,0.05234,0.0,0.0,0.0,0.91048,1.0,6,6,1,0.63918,1.01613,0.05995,0.83775,0.66889,0.06031,0.82,0.7,0.06,0.9,0.56,0.06,-3.08615,15.46174,-11.28435,-46.30106,-50.29154,56.97582,double_rcm_log_20260616_133526_303.csv,33.32575,Unknown,Task3_Insertion,0.0,0.05471602587032095,0.15398503702270175,0.153985054595726,0.49731248014589136,0.3108944911306506,125.4280299614085,22.669058913747882,2.627394367973595,49.13486287626985,2.4810098711488613,0.8331572101266712
2.04018,0.03016,33.15152,InsertToTarget,Double,37.15899,0.28511,0.05595,124.0879,124.0879,0.2304,0.31766,0.05595,0.0,0.0,0.0,0.90713,1.0,6,6,1,0.63985,1.01496,0.05995,0.83841,0.66772,0.06032,0.82,0.7,0.06,0.9,0.56,0.06,-3.06626,15.25429,-11.06644,-46.43498,-50.17478,57.07275,double_rcm_log_20260616_133526_303.csv,33.15152,Unknown,Task3_Insertion,0.0,0.0556751640349314,0.1566842988450518,0.15668431732769658,0.49568542465446286,0.3214988934063969,124.08476497942843,22.428531639619617,3.551711342536872,82.24061955402796,2.4880639623233183,0.543112531763977
2.07107,0.03089,32.37614,InsertToTarget,Double,37.85625,0.28958,0.05234,123.3907,123.3907,0.23472,0.32326,0.05234,0.0,0.0,0.0,0.90539,1.0,6,6,1,0.64019,1.01435,0.05995,0.83875,0.66712,0.06032,0.82,0.7,0.06,0.9,0.56,0.06,-3.05599,15.14688,-10.9541,-46.50421,-50.11304,57.12215,double_rcm_log_20260616_133526_303.csv,32.37614,Unknown,Task3_Insertion,0.0,0.05589818022362084,0.15731192383183568,0.15731194254745198,0.4870309974809845,0.32174763163314085,123.39513483115938,22.502616367596364,5.142650765479057,82.96871093224993,2.4991528918280945,1.0745044118006617
2.1017,0.03064,32.64145,InsertToTarget,Double,38.5481,0.29441,0.05595,122.6989,122.6989,0.23901,0.32928,0.05595,0.0,0.0,0.0,0.90366,1.0,6,6,1,0.64053,1.01375,0.05995,0.8391,0.66652,0.06033,0.82,0.7,0.06,0.9,0.56,0.06,-3.0458,15.03979,-10.84192,-46.57466,-50.05027,57.17257,double_rcm_log_20260616_133526_303.csv,32.64145,Unknown,Task3_Insertion,0.0,0.05765544448748852,0.16225731792229245,0.1622573384649427,0.4921949676471796,0.3311262831377448,122.70056764334873,22.6218757404838,3.4782375228167144,89.00993106181717,2.5378874203335227,1.2751957022602884
2.15938,0.0297,33.67562,InsertToTarget,Double,39.84999,0.29568,0.05595,121.397,121.397,0.24709,0.33187,0.05595,0.0,0.0,0.0,0.9004,1.0,6,6,1,0.64118,1.01262,0.05995,0.83974,0.66539,0.06033,0.82,0.7,0.06,0.9,0.56,0.06,-3.02658,14.83606,-10.62759,-46.71449,-49.9269,57.27482,double_rcm_log_20260616_133526_303.csv,33.67562,Unknown,Task3_Insertion,0.0,0.05725812577792582,0.16113916078706364,0.16113918089815313,0.4767942993810971,0.33157201329424146,121.40192996818459,22.775498650497365,3.4529491274902737,128.92739807464943,2.562411478921033,0.595565333005034
2.18948,0.0301,33.21803,InsertToTarget,Double,40.52991,0.2986,0.05595,120.7171,120.7171,0.2513,0.33579,0.05595,0.0,0.0,0.0,0.8987,1.0,6,6,1,0.64151,1.01203,0.05995,0.84008,0.66479,0.06033,0.82,0.7,0.06,0.9,0.56,0.06,-3.01665,14.73059,-10.51735,-46.78622,-49.86177,57.32633,double_rcm_log_20260616_133526_303.csv,33.21803,Unknown,Task3_Insertion,0.0,0.0574237927288112,0.16160539023742965,0.16160541054078734,0.4690365072082773,0.33182247338923754,120.71230011891905,22.608973372211896,7.568711410204674,14.365300775534642,2.5404699735544685,0.47541264773866004
2.22103,0.03155,31.69732,InsertToTarget,Double,41.24213,0.30413,0.05935,120.0049,120.0049,0.25572,0.34268,0.05935,0.0,0.0,0.0,0.89692,1.0,6,6,1,0.64186,1.01141,0.05994,0.84043,0.66418,0.06034,0.82,0.7,0.06,0.9,0.56,0.06,-3.00631,14.62073,-10.40306,-46.86028,-49.79318,57.37867,double_rcm_log_20260616_133526_303.csv,31.69732,Unknown,Task3_Insertion,0.0,0.06036742536836924,0.16988953008766716,0.16988955366364059,0.47468496388686154,0.3416453401724306,120.00905340848243,22.40081699885994,2.7746641846360633,120.29034653589113,2.5652399771431162,0.8215477923502693
2.27948,0.02901,34.46499,InsertToTarget,Double,42.56158,0.30939,0.05935,118.6855,118.6855,0.2639,0.34985,0.05935,0.0,0.0,0.0,0.89362,1.0,6,6,1,0.64251,1.01026,0.05995,0.84108,0.66303,0.06035,0.82,0.7,0.06,0.9,0.56,0.06,-2.98705,14.41349,-10.18567,-47.00867,-49.65848,57.48628,double_rcm_log_20260616_133526_303.csv,34.46499,Unknown,Task3_Insertion,0.0,0.06036742536836924,0.16988953008766716,0.16988955366364059,0.47421887173614957,0.35224335993085837,118.68811987726484,22.698488343779264,1.523443425881942,89.28053328807893,2.570943205382826,0.5034923628931218
2.31197,0.03249,30.7803,InsertToTarget,Double,43.29523,0.31417,0.05935,117.9519,117.9519,0.26845,0.35597,0.05935,0.0,0.0,0.0,0.89179,1.0,6,6,1,0.64287,1.00962,0.05994,0.84145,0.66239,0.06035,0.82,0.7,0.06,0.9,0.56,0.06,-2.97654,14.30085,-10.06925,-47.08599,-49.58466,57.54051,double_rcm_log_20260616_133526_303.csv,30.7803,Unknown,Task3_Insertion,0.0,0.062122101910399574,0.17482764126599745,0.17482766696175148,0.46559333345895615,0.3518434966769213,117.94887494164577,22.66962145515383,5.176561720645435,59.24504774361222,2.573751824118476,1.034810965305239
2.34349,0.03153,31.71965,InsertToTarget,Double,44.00714,0.32173,0.06256,117.2401,117.2401,0.27286,0.36524,0.06256,0.0,0.0,0.0,0.89001,1.0,6,6,1,0.64322,1.009,0.05994,0.8418,0.66177,0.06036,0.82,0.7,0.06,0.9,0.56,0.06,-2.9663,14.19004,-9.95395,-47.16514,-49.51004,57.59642,double_rcm_log_20260616_133526_303.csv,31.71965,Unknown,Task3_Insertion,0.0,0.06347793326816353,0.1786432993811581,0.17864332678131672,0.4715196844331608,0.3621814250004864,117.2369502332775,22.565079282433498,3.2964251911070352,136.52030418941504,2.6196938541763455,1.5746436922347948
2.37508,0.03159,31.65386,InsertToTarget,Double,44.72034,0.32772,0.06256,116.527,116.527,0.27728,0.37274,0.06256,0.0,0.0,0.0,0.88823,1.0,6,6,1,0.64357,1.00838,0.05994,0.84215,0.66115,0.06037,0.82,0.7,0.06,0.9,0.56,0.06,-2.95608,14.07891,-9.83846,-47.24569,-49.4337,57.65352,double_rcm_log_20260616_133526_303.csv,31.65386,Unknown,Task3_Insertion,0.0,0.06483705651098261,0.18246822160702492,0.18246825083331886,0.47728131037409005,0.37253807239612013,116.52502692554935,22.54704437583697,4.1330244813587385,109.94630405815253,2.6521060469436954,1.5295275195259126
2.40588,0.0308,32.47051,InsertToTarget,Double,45.41592,0.33155,0.06256,115.8314,115.8314,0.2816,0.37781,0.06256,0.0,0.0,0.0,0.88649,1.0,6,6,1,0.64392,1.00778,0.05994,0.8425,0.66055,0.06038,0.82,0.7,0.06,0.9,0.56,0.06,-2.94612,13.96988,-9.72492,-47.32685,-49.35693,57.71163,double_rcm_log_20260616_133526_303.csv,32.47051,Unknown,Task3_Insertion,0.0,0.06619926890151163,0.18630183738571887,0.18630186849183333,0.4816880675629857,0.381817515816936,115.83046619952795,22.541382259489854,4.0889175605426145,88.10506971711007,2.6916486408619282,1.5673390121211412
2.46515,0.03004,33.28563,InsertToTarget,Double,46.75364,0.33197,0.06561,114.4937,114.4937,0.28989,0.37959,0.06561,0.0,0.0,0.0,0.88315,1.0,6,6,1,0.64458,1.00661,0.05994,0.84316,0.65939,0.06038,0.82,0.7,0.06,0.9,0.56,0.06,-2.92703,13.75909,-9.50545,-47.48849,-49.20349,57.82871,double_rcm_log_20260616_133526_303.csv,33.28563,Unknown,Task3_Insertion,0.0,0.06642158473868509,0.18692749128053668,0.1869275226914661,0.4682435416946503,0.38206725143014203,114.49586062386707,22.579397826148767,2.3158806102168508,48.73313569448613,2.7506743374203375,0.9063336367745546
2.52153,0.02908,34.38286,InsertToTarget,Double,48.02612,0.32697,0.06256,113.2211,113.2211,0.29779,0.37512,0.06256,0.0,0.0,0.0,0.87997,1.0,6,6,1,0.64521,1.00551,0.05994,0.84379,0.65828,0.06037,0.82,0.7,0.06,0.9,0.56,0.06,-2.909,13.55774,-9.29601,-47.64795,-49.05069,57.9451,double_rcm_log_20260616_133526_303.csv,34.38286,Unknown,Task3_Insertion,0.0,0.06483705651660385,0.18246822162284448,0.1824682508333361,0.44443260720740574,0.37253807239611403,113.21951863525999,22.601448956919526,1.5797508016106956,28.829658641854103,2.7578952582065983,0.6186946232670787
2.58068,0.02921,34.23597,InsertToTarget,Double,49.36163,0.33136,0.06561,111.8857,111.8857,0.30607,0.38149,0.06561,0.0,0.0,0.0,0.87663,1.0,6,6,1,0.64587,1.00435,0.05994,0.84445,0.65712,0.06038,0.82,0.7,0.06,0.9,0.56,0.06,-2.89036,13.34864,-9.08031,-47.81187,-48.8884,58.06171,double_rcm_log_20260616_133526_303.csv,34.23597,Unknown,Task3_Insertion,0.0,0.0661992689070172,0.18630183740121295,0.18630186849178698,0.44428240860808144,0.3827612230178894,111.88494670866137,22.529604467460135,0.8316689758155235,19.31089135330002,2.766118163834138,0.7018013216695367
2.63802,0.02894,34.549,InsertToTarget,Double,50.65601,0.33229,0.06256,110.5913,110.5913,0.3141,0.38384,0.06256,0.0,0.0,0.0,0.87339,1.0,6,6,1,0.64651,1.00322,0.05994,0.84509,0.656,0.06038,0.82,0.7,0.06,0.9,0.56,0.06,-2.87243,13.14512,-8.87061,-47.97676,-48.72374,58.17966,double_rcm_log_20260616_133526_303.csv,34.549,Unknown,Task3_Insertion,0.0,0.06642158473868509,0.18692749128053668,0.1869275226914661,0.43296798297283073,0.382761223017893,110.5949931054747,22.57882369001411,1.1581356058695793,10.568455006787369,2.7904143710680693,0.7719251694078476
2.69691,0.02925,34.18803,InsertToTarget,Double,51.98538,0.33749,0.06561,109.262,109.262,0.32234,0.39119,0.06561,0.0,0.0,0.0,0.87007,1.0,6,6,1,0.64717,1.00207,0.05994,0.84575,0.65484,0.06039,0.82,0.7,0.06,0.9,0.56,0.06,-2.85426,12.93722,-8.65768,-48.14596,-48.55074,58.29896,double_rcm_log_20260616_133526_303.csv,34.18803,Unknown,Task3_Insertion,0.0,0.06756438358269837,0.19014362085061523,0.19014365390317256,0.4331242989776634,0.3929885494515069,109.2604237590171,22.6347499546849,0.6387198013223324,20.972132332601678,2.80957172290829,0.839534780726786
2.75474,0.02969,33.68581,InsertToTarget,Double,53.29115,0.33988,0.06561,107.9562,107.9562,0.33044,0.39525,0.06561,0.0,0.0,0.0,0.86681,1.0,6,6,1,0.64781,1.00093,0.05994,0.84639,0.6537,0.06039,0.82,0.7,0.06,0.9,0.56,0.06,-2.8366,12.73274,-8.44887,-48.31692,-48.37374,58.41975,double_rcm_log_20260616_133526_303.csv,33.68581,Unknown,Task3_Insertion,0.0,0.06756438358269837,0.19014362085061523,0.19014365390317256,0.4239449917592075,0.3943329323534429,107.95311111774402,22.573737917990833,1.2744753929321575,11.954306113451125,2.842177901308943,0.9419991530008616
2.81296,0.02944,33.96752,InsertToTarget,Double,54.60527,0.34424,0.06561,106.6421,106.6421,0.33859,0.40166,0.06561,0.0,0.0,0.0,0.86352,1.0,6,6,1,0.64846,0.99979,0.05994,0.84704,0.65256,0.0604,0.82,0.7,0.06,0.9,0.56,0.06,-2.81906,12.52721,-8.23987,-48.49153,-48.18978,58.54218,double_rcm_log_20260616_133526_303.csv,33.96752,Unknown,Task3_Insertion,0.0,0.06893222810596526,0.19399308668426624,0.19399312179139866,0.42432634429600125,0.4044064977032546,106.64087021400377,22.52237848813029,0.7599515447269555,18.74489564878984,2.874496031329403,0.8993750306243111
2.87028,0.02913,34.33297,InsertToTarget,Double,55.89943,0.34608,0.06853,105.348,105.348,0.34661,0.40508,0.06853,0.0,0.0,0.0,0.86029,1.0,6,6,1,0.6491,0.99866,0.05994,0.84768,0.65144,0.0604,0.82,0.7,0.06,0.9,0.56,0.06,-2.80201,12.32472,-8.0347,-48.66792,-48.00138,58.66592,double_rcm_log_20260616_133526_303.csv,34.33297,Unknown,Task3_Insertion,0.0,0.06914587345614856,0.19459433956679817,0.19459437499638,0.41453396420381,0.4044064977032587,105.35091836334412,22.54938814857887,1.0696384108549664,18.6663792276179,2.899355369899007,0.7119598815992795
2.92836,0.02945,33.95082,InsertToTarget,Double,57.21053,0.35,0.06853,104.0369,104.0369,0.35474,0.41095,0.06853,0.0,0.0,0.0,0.85701,1.0,6,6,1,0.64975,0.99752,0.05994,0.84833,0.6503,0.06041,0.82,0.7,0.06,0.9,0.56,0.06,-2.78499,12.12045,-7.82898,-48.84764,-47.8055,58.79073,double_rcm_log_20260616_133526_303.csv,33.95082,Unknown,Task3_Insertion,0.0,0.07051219509224615,0.19843951947695884,0.19843955706419897,0.41511400113152513,0.4144802120172221,104.0386803068935,22.609286662648735,1.4134574301743734,16.2148905976167,2.8980257926511075,0.6501716620683267
2.98834,0.03149,31.75443,InsertToTarget,Double,58.56457,0.35701,0.06853,102.683,102.683,0.36314,0.42052,0.06853,0.0,0.0,0.0,0.85362,1.0,6,6,1,0.65041,0.99634,0.05994,0.849,0.64912,0.06042,0.82,0.7,0.06,0.9,0.56,0.06,-2.76773,11.91101,-7.6196,-49.03244,-47.59937,58.91723,double_rcm_log_20260616_133526_303.csv,31.75443,Unknown,Task3_Insertion,0.0,0.07225272128236496,0.2033378069217543,0.20333784733644725,0.415712679197826,0.4249235225308204,102.68179390719662,22.550550614695904,1.1061051353029168,51.78988527861562,2.902526769771799,1.0454856528906986
3.01936,0.03102,32.23437,InsertToTarget,Double,59.26511,0.36465,0.07133,101.9825,101.9825,0.36748,0.43031,0.07133,0.0,0.0,0.0,0.85187,1.0,6,6,1,0.65076,0.99573,0.05994,0.84934,0.64851,0.06042,0.82,0.7,0.06,0.9,0.56,0.06,-2.7589,11.80279,-7.51176,-49.12879,-47.4904,58.98228,double_rcm_log_20260616_133526_303.csv,32.23437,Unknown,Task3_Insertion,0.0,0.07188108995554907,0.20229194099602785,0.20229198079926203,0.4119677854959747,0.42611663264343974,101.98348934999234,22.545396832718204,1.3160186207016782,46.789000785024406,2.932704950193056,1.4253530244740988
3.07938,0.03021,33.10618,InsertToTarget,Double,60.62017,0.37091,0.07133,100.6275,100.6275,0.37589,0.43911,0.07133,0.0,0.0,0.0,0.84849,1.0,6,6,1,0.65143,0.99455,0.05994,0.85001,0.64733,0.06043,0.82,0.7,0.06,0.9,0.56,0.06,-2.74203,11.59252,-7.30261,-49.32291,-47.26988,59.11502,double_rcm_log_20260616_133526_303.csv,33.10618,Unknown,Task3_Insertion,0.0,0.07325241376659254,0.20615119808173138,0.206151240197831,0.4126599232866452,0.43660578945383777,100.62660632258242,22.59762711070887,0.895754906246918,34.02366222129513,3.001221824371419,1.006675232151773
3.13869,0.03011,33.20976,InsertToTarget,Double,61.95891,0.37244,0.07402,99.28881,99.28881,0.38419,0.44237,0.07402,0.0,0.0,0.0,0.84514,1.0,6,6,1,0.65209,0.99339,0.05994,0.85068,0.64617,0.06044,0.82,0.7,0.06,0.9,0.56,0.06,-2.72569,11.38511,-7.09747,-49.51856,-47.044,59.24885,double_rcm_log_20260616_133526_303.csv,33.20976,Unknown,Task3_Insertion,0.0,0.07498399427367461,0.21102430978290757,0.21102435497201866,0.4119153976116717,0.4454487797543216,99.28708324852734,22.638544879886787,2.751218092720211,45.77599099941359,3.0015126602419193,0.8270520647036619
3.1695,0.03081,32.45871,InsertToTarget,Double,62.65451,0.37559,0.07402,98.59325,98.59325,0.3885,0.4468,0.07402,0.0,0.0,0.0,0.8434,1.0,6,6,1,0.65243,0.99279,0.05994,0.85102,0.64556,0.06044,0.82,0.7,0.06,0.9,0.56,0.06,-2.71734,11.27827,-6.99257,-49.61869,-46.92599,59.31618,double_rcm_log_20260616_133526_303.csv,32.45871,Unknown,Task3_Insertion,0.0,0.07477497092445752,0.2104360644733978,0.21043610928856352,0.4084411778327435,0.44666972827117357,98.58878029471708,22.596045903829964,1.0529027013690375,60.92162839115063,3.0170252886325444,1.0576145242705761
3.22892,0.0305,32.78244,InsertToTarget,Double,63.99564,0.37754,0.07402,97.25214,97.25214,0.39682,0.45051,0.07402,0.0,0.0,0.0,0.84005,1.0,6,6,1,0.65309,0.99162,0.05994,0.85168,0.6444,0.06044,0.82,0.7,0.06,0.9,0.56,0.06,-2.70147,11.07133,-6.78974,-49.81911,-46.68854,59.4519,double_rcm_log_20260616_133526_303.csv,32.78244,Unknown,Task3_Insertion,0.0,0.07498399427367461,0.21102430978290757,0.21102435497201866,0.40031139103699315,0.4471034986013199,97.25418242934332,22.574505010475203,0.5577821943542751,79.62550574855153,3.0711599105143845,0.8126230800676246
3.25901,0.03009,33.23822,InsertToTarget,Double,64.67488,0.37963,0.07402,96.57294,96.57294,0.40103,0.45372,0.07402,0.0,0.0,0.0,0.83835,1.0,6,6,1,0.65343,0.99103,0.05994,0.85202,0.64381,0.06045,0.82,0.7,0.06,0.9,0.56,0.06,-2.69356,10.96694,-6.68796,-49.92088,-46.56612,59.52016,double_rcm_log_20260616_133526_303.csv,33.23822,Unknown,Task3_Insertion,0.0,0.076353300284769,0.2148778879919091,0.2148779357025275,0.40444179147605164,0.4565236534439837,96.57328305489045,22.59936516642297,3.378590419284726,58.18300652633966,3.07108698729042,0.7403560632422209
3.28957,0.03057,32.71388,InsertToTarget,Double,65.36505,0.38225,0.07662,95.8828,95.8828,0.40531,0.45756,0.07662,0.0,0.0,0.0,0.83662,1.0,6,6,1,0.65377,0.99043,0.05994,0.85236,0.64321,0.06045,0.82,0.7,0.06,0.9,0.56,0.06,-2.68563,10.86135,-6.58551,-50.02393,-46.44072,59.58878,double_rcm_log_20260616_133526_303.csv,32.71388,Unknown,Task3_Insertion,0.0,0.076353300284769,0.2148778879919091,0.21487793570251137,0.4005467303420362,0.4569480697645386,95.88365971321696,22.580319928813815,3.102535945111634,24.700881407497036,3.077457979156191,0.8624613637231137
3.35058,0.03146,31.7838,InsertToTarget,Double,66.74231,0.3862,0.07662,94.50561,94.50561,0.41385,0.46366,0.07662,0.0,0.0,0.0,0.83318,1.0,6,6,1,0.65445,0.98923,0.05994,0.85304,0.64201,0.06046,0.82,0.7,0.06,0.9,0.56,0.06,-2.67009,10.65106,-6.38246,-50.2322,-46.18413,59.72694,double_rcm_log_20260616_133526_303.csv,31.7838,Unknown,Task3_Insertion,0.0,0.07772488030983679,0.21873786573625897,0.21873791607669818,0.40147214724460184,0.46766852166234596,94.50446179943033,22.54600613626617,1.290740982459209,25.454428783988554,3.1200266905679994,1.1710380733155226
3.38121,0.03062,32.65434,InsertToTarget,Double,67.43363,0.38958,0.07662,93.81433,93.81433,0.41814,0.46854,0.07662,0.0,0.0,0.0,0.83145,1.0,6,6,1,0.65479,0.98863,0.05994,0.85338,0.64141,0.06046,0.82,0.7,0.06,0.9,0.56,0.06,-2.66243,10.54548,-6.28085,-50.33843,-46.05177,59.79694,double_rcm_log_20260616_133526_303.csv,32.65434,Unknown,Task3_Insertion,0.0,0.07772488031921511,0.21873786576265197,0.21873791607669818,0.39775188443776305,0.46812227199573964,93.81483944451429,22.53256679519947,1.3687939799346636,18.411857971526025,3.1445334203939974,1.2408867686974048
3.44134,0.03126,31.98584,InsertToTarget,Double,68.79089,0.38959,0.07662,92.45708,92.45708,0.42656,0.46986,0.07662,0.0,0.0,0.0,0.82806,1.0,6,6,1,0.65546,0.98745,0.05994,0.85405,0.64023,0.06046,0.82,0.7,0.06,0.9,0.56,0.06,-2.64772,10.33878,-6.0832,-50.55023,-45.78468,59.9369,double_rcm_log_20260616_133526_303.csv,31.98584,Unknown,Task3_Insertion,0.0,0.07772488031921511,0.21873786576265197,0.21873791607667067,0.390492661076676,0.4688266860349005,92.45792015830763,22.574540660595318,0.8561818654742273,14.79833601877645,3.1965100698068416,1.1618715708170992
3.50066,0.02963,33.74717,InsertToTarget,Double,70.12998,0.38962,0.07662,91.11799,91.11799,0.43487,0.47141,0.07662,0.0,0.0,0.0,0.82471,1.0,6,6,1,0.65612,0.98629,0.05994,0.85472,0.63907,0.06046,0.82,0.7,0.06,0.9,0.56,0.06,-2.63361,10.13498,-5.88941,-50.76396,-45.51118,60.07738,double_rcm_log_20260616_133526_303.csv,33.74717,Unknown,Task3_Insertion,0.0,0.0780883599346121,0.2197607905440146,0.21976084158147202,0.38208755176718984,0.46766852166233913,91.11835654795357,22.613550201313096,0.6297544931390658,27.55397814506417,3.2319924769320933,0.8983270916368246
3.55998,0.02937,34.04835,InsertToTarget,Double,71.46865,0.38857,0.07662,89.7793,89.7793,0.44317,0.47152,0.07662,0.0,0.0,0.0,0.82137,1.0,6,6,1,0.65679,0.98512,0.05994,0.85538,0.6379,0.06046,0.82,0.7,0.06,0.9,0.56,0.06,-2.61994,9.93248,-5.69854,-50.9786,-45.23124,60.21719,double_rcm_log_20260616_133526_303.csv,34.04835,Unknown,Task3_Insertion,0.0,0.07772488031921511,0.21873786576265197,0.21873791607669818,0.37602817115541615,0.46906781533655456,89.77508563070265,22.571498470503624,2.7013481762433424,11.748344293535972,3.2441384606070036,0.7282730998774278
3.61991,0.03,33.33054,InsertToTarget,Double,72.82159,0.38967,0.07662,88.4264,88.4264,0.45156,0.47418,0.07662,0.0,0.0,0.0,0.81798,1.0,6,6,1,0.65746,0.98395,0.05994,0.85605,0.63673,0.06046,0.82,0.7,0.06,0.9,0.56,0.06,-2.60655,9.72907,-5.50835,-51.19556,-44.94281,60.35663,double_rcm_log_20260616_133526_303.csv,33.33054,Unknown,Task3_Insertion,0.0,0.07772488031921511,0.21873786576265197,0.21873791607667067,0.3688764684584238,0.4688266860348957,88.42684547127077,22.568618257935118,1.1947416254821948,71.93327409974353,3.225266823000473,0.9840406973388834
3.65119,0.03128,31.96925,InsertToTarget,Double,73.52769,0.39365,0.07662,87.72034,87.72034,0.45594,0.47955,0.07662,0.0,0.0,0.0,0.81622,1.0,6,6,1,0.6578,0.98333,0.05994,0.85639,0.63611,0.06047,0.82,0.7,0.06,0.9,0.56,0.06,-2.5997,9.62384,-5.41071,-51.30679,-44.79222,60.42667,double_rcm_log_20260616_133526_303.csv,31.96925,Unknown,Task3_Insertion,0.0,0.0790986160685532,0.22260391014199277,0.22260396316176806,0.3749266381305714,0.4811428701939488,87.71992419057365,22.57666170600635,2.340326284672538,56.34056975800658,3.255965060323997,1.2309533695350727
3.71028,0.02989,33.45287,InsertToTarget,Double,74.86136,0.39314,0.07662,86.38669,86.38669,0.46421,0.48042,0.07662,0.0,0.0,0.0,0.81288,1.0,6,6,1,0.65846,0.98217,0.05994,0.85706,0.63496,0.06047,0.82,0.7,0.06,0.9,0.56,0.06,-2.58721,9.42376,-5.22555,-51.52782,-44.49197,60.56767,double_rcm_log_20260616_133526_303.csv,33.45287,Unknown,Task3_Insertion,0.0,0.07967015433921727,0.22421236523849564,0.22421241943695688,0.3665279152026726,0.47887849751749456,86.3890392353103,22.521810589843014,1.423300969161729,12.754587636473545,3.2894305379134217,1.1019237555875003
3.77428,0.03411,29.32112,InsertToTarget,Double,76.30627,0.40317,0.08156,84.94192,84.94192,0.47317,0.49351,0.08156,0.0,0.0,0.0,0.80927,1.0,6,6,1,0.65917,0.98091,0.05994,0.85776,0.6337,0.06048,0.82,0.7,0.06,0.9,0.56,0.06,-2.57406,9.21067,-5.0308,-51.75635,-44.17247,60.7084,double_rcm_log_20260616_133526_303.csv,29.32112,Unknown,Task3_Insertion,0.0,0.08067516102357593,0.22704071143238602,0.22704076769900594,0.36964806093898045,0.49225384320881216,84.94785459327389,22.614745086987863,1.2677369629434454,14.049430116602638,3.3432492425781954,1.4870495194533961
3.83367,0.03034,32.96492,InsertToTarget,Double,77.64644,0.40265,0.07913,83.60177,83.60177,0.48149,0.49484,0.07913,0.0,0.0,0.0,0.80592,1.0,6,6,1,0.65984,0.97975,0.05994,0.85843,0.63253,0.06048,0.82,0.7,0.06,0.9,0.56,0.06,-2.56253,9.01058,-4.84837,-51.98617,-43.85049,60.85266,double_rcm_log_20260616_133526_303.csv,32.96492,Unknown,Task3_Insertion,0.0,0.08047439712291214,0.2264757104054606,0.2264757662520852,0.3630278479007636,0.49198029979319824,83.59961842018178,22.599939009670006,0.8695181678634871,51.979605344460026,3.4243320671681228,0.819599510439034
3.86387,0.03021,33.10489,InsertToTarget,Double,78.32827,0.40189,0.07913,82.91993,82.91993,0.48571,0.49457,0.07913,0.0,0.0,0.0,0.80422,1.0,6,6,1,0.66017,0.97916,0.05994,0.85877,0.63194,0.06048,0.82,0.7,0.06,0.9,0.56,0.06,-2.55684,8.90975,-4.7573,-52.10135,-43.68628,60.92412,double_rcm_log_20260616_133526_303.csv,33.10489,Unknown,Task3_Insertion,0.0,0.08082544605281804,0.2274636519869697,0.22746370856691794,0.3594782821053256,0.49144214778077655,82.91867642455458,22.571943942552213,2.415596857399327,17.055350645367202,3.4125594204132432,0.779080048832771
3.89439,0.03051,32.77081,InsertToTarget,Double,79.0169,0.40207,0.07913,82.23131,82.23131,0.48999,0.49538,0.07913,0.0,0.0,0.0,0.8025,1.0,6,6,1,0.66051,0.97856,0.05994,0.85911,0.63134,0.06048,0.82,0.7,0.06,0.9,0.56,0.06,-2.55122,8.80836,-4.66619,-52.21725,-43.51936,60.99534,double_rcm_log_20260616_133526_303.csv,32.77081,Unknown,Task3_Insertion,0.0,0.08082544604830874,0.22746365197427934,0.22746370856691794,0.35673118332436793,0.49198029979319824,82.22905873229969,22.54506921236834,1.239172653718724,38.20046028970294,3.4222445293858397,0.9629935860560758
3.95485,0.03097,32.29039,InsertToTarget,Double,80.38158,0.40146,0.07913,80.86662,80.86662,0.49845,0.49579,0.07913,0.0,0.0,0.0,0.79908,1.0,6,6,1,0.66119,0.97737,0.05995,0.85978,0.63016,0.06048,0.82,0.7,0.06,0.9,0.56,0.06,-2.54048,8.60796,-4.48724,-52.44933,-43.18121,61.13711,double_rcm_log_20260616_133526_303.csv,32.29039,Unknown,Task3_Insertion,0.0,0.07930280291164858,0.22317854422466274,0.22317859766022613,0.35130006773415906,0.49280984006159384,80.8721484814148,22.577199147137716,1.076701597801698,4.926452967880336,3.472617607694066,1.2283431874619026
4.01482,0.03031,32.98991,InsertToTarget,Double,81.73499,0.40067,0.07913,79.51323,79.51323,0.50685,0.49618,0.07913,0.0,0.0,0.0,0.7957,1.0,6,6,1,0.66186,0.9762,0.05995,0.86046,0.62898,0.06048,0.82,0.7,0.06,0.9,0.56,0.06,-2.5304,8.40983,-4.31175,-52.68291,-42.83572,61.27848,double_rcm_log_20260616_133526_303.csv,32.98991,Unknown,Task3_Insertion,0.0,0.07945577796237464,0.2236090552029101,0.22360910895611463,0.34467568130358756,0.49170973301172455,79.51026600383118,22.634050390482273,1.5628884926726312,39.26050934129763,3.524251131359981,0.8278469078451314
4.07398,0.02949,33.90879,InsertToTarget,Double,83.07023,0.39803,0.07913,78.17796,78.17796,0.51513,0.49424,0.07913,0.0,0.0,0.0,0.79236,1.0,6,6,1,0.66252,0.97504,0.05995,0.86112,0.62782,0.06048,0.82,0.7,0.06,0.9,0.56,0.06,-2.52103,8.21503,-4.14072,-52.91653,-42.48485,61.41882,double_rcm_log_20260616_133526_303.csv,33.90879,Unknown,Task3_Insertion,0.0,0.07945577796237464,0.2236090552029101,0.22360910895611463,0.3395135449922755,0.4922538432088066,78.17568164077625,22.581402197293144,4.509203187750656,16.529789314895492,3.508800667884341,0.7536803226813434
4.10489,0.03091,32.35219,InsertToTarget,Double,83.76788,0.39996,0.07913,77.48035,77.48035,0.51946,0.49693,0.07913,0.0,0.0,0.0,0.79062,1.0,6,6,1,0.66286,0.97443,0.05995,0.86146,0.62721,0.06048,0.82,0.7,0.06,0.9,0.56,0.06,-2.51628,8.11432,-4.05306,-53.03525,-42.30339,61.48841,double_rcm_log_20260616_133526_303.csv,32.35219,Unknown,Task3_Insertion,0.0,0.07945577796237464,0.2236090552029101,0.22360910895611463,0.33784846375105837,0.4939573323211624,77.4773908956671,22.49980698894314,2.977772222740955,158.32176318830483,3.5060409632139997,0.8868432061692277
4.13589,0.03099,32.26385,InsertToTarget,Double,84.46762,0.40332,0.08156,76.78067,76.78067,0.5238,0.50173,0.08156,0.0,0.0,0.0,0.78887,1.0,6,6,1,0.66321,0.97382,0.05995,0.86181,0.62661,0.06049,0.82,0.7,0.06,0.9,0.56,0.06,-2.51167,8.01326,-3.96529,-53.15566,-42.11819,61.55846,double_rcm_log_20260616_133526_303.csv,32.26385,Unknown,Task3_Insertion,0.0,0.08103625792172704,0.22805693056436618,0.22805698759753576,0.34071630703459105,0.5022809511082047,76.78286462486274,22.537260204939106,5.366432426989477,125.34852590114781,3.5369951114712,1.8885375010965904
4.16708,0.0312,32.05604,InsertToTarget,Double,85.17174,0.40681,0.07913,76.07662,76.07662,0.52816,0.50673,0.07913,0.0,0.0,0.0,0.78711,1.0,6,6,1,0.66355,0.97321,0.05995,0.86215,0.62599,0.06049,0.82,0.7,0.06,0.9,0.56,0.06,-2.50719,7.91178,-3.87759,-53.27757,-41.92929,61.62897,double_rcm_log_20260616_133526_303.csv,32.05604,Unknown,Task3_Insertion,0.0,0.08082544604830874,0.22746365197427934,0.22746370856691794,0.33981938681889695,0.5051519192663384,76.07590091481009,22.630266169319363,4.817866590849383,74.9046919780435,3.602254227399651,1.978312999279148
4.22487,0.02954,33.85466,InsertToTarget,Double,86.47559,0.39857,0.07913,74.77267,74.77267,0.53625,0.49788,0.07913,0.0,0.0,0.0,0.78385,1.0,6,6,1,0.66421,0.97208,0.05995,0.8628,0.62486,0.06048,0.82,0.7,0.06,0.9,0.56,0.06,-2.4996,7.72324,-3.71595,-53.51495,-41.55937,61.76891,double_rcm_log_20260616_133526_303.csv,33.85466,Unknown,Task3_Insertion,0.0,0.0790986160685532,0.22260391014199277,0.22260396316179512,0.3276715687590824,0.4945487453613276,74.77225421237472,22.463982350343635,4.825883479176573,86.92129081515787,3.641084889587731,0.7727874835076344
4.25525,0.03038,32.91186,InsertToTarget,Double,87.16149,0.39911,0.07913,74.08678,74.08678,0.54051,0.49885,0.07913,0.0,0.0,0.0,0.78213,1.0,6,6,1,0.66454,0.97148,0.05995,0.86314,0.62427,0.06048,0.82,0.7,0.06,0.9,0.56,0.06,-2.49571,7.62523,-3.6326,-53.63514,-41.36854,61.83762,double_rcm_log_20260616_133526_303.csv,32.91186,Unknown,Task3_Insertion,0.0,0.07967015433921727,0.22421236523849564,0.22421241943695025,0.32472272682294595,0.49395733232116684,74.09131460569446,22.501950440369765,5.703464395449805,93.94363270186042,3.6228759673569826,0.8897429471646431
4.28578,0.03053,32.75285,InsertToTarget,Double,87.85049,0.4013,0.07913,73.39782,73.39782,0.54478,0.5021,0.07913,0.0,0.0,0.0,0.78041,1.0,6,6,1,0.66488,0.97088,0.05995,0.86348,0.62367,0.06049,0.82,0.7,0.06,0.9,0.56,0.06,-2.49196,7.52682,-3.54917,-53.75674,-41.17422,61.90647,double_rcm_log_20260616_133526_303.csv,32.75285,Unknown,Task3_Insertion,0.0,0.08103625792172704,0.22805693056436618,0.22805698759753576,0.3288932868339096,0.5042603112862108,73.40176700870344,22.635995885341547,2.6991078259367627,113.76441379210297,3.667475646025659,1.4645494612804275
4.34511,0.02942,33.98598,InsertToTarget,Double,89.18929,0.40019,0.07913,72.05904,72.05904,0.55309,0.50214,0.07913,0.0,0.0,0.0,0.77706,1.0,6,6,1,0.66555,0.96972,0.05995,0.86415,0.6225,0.06049,0.82,0.7,0.06,0.9,0.56,0.06,-2.48528,7.33555,-3.38817,-53.99958,-40.78295,62.04424,double_rcm_log_20260616_133526_303.csv,33.98598,Unknown,Task3_Insertion,0.0,0.08082544604830874,0.22746365197427934,0.22746370856691794,0.3237345906700527,0.5039688635070801,72.05353981588972,22.567128753819716,2.513443000484977,23.755097123359846,3.697105087729631,1.1491685950650306
4.37578,0.03067,32.60443,InsertToTarget,Double,89.88145,0.40166,0.07913,71.36691,71.36691,0.55738,0.50413,0.07913,0.0,0.0,0.0,0.77533,1.0,6,6,1,0.66589,0.96912,0.05995,0.86449,0.6219,0.06049,0.82,0.7,0.06,0.9,0.56,0.06,-2.482,7.23762,-3.30649,-54.12245,-40.58183,62.11246,double_rcm_log_20260616_133526_303.csv,32.60443,Unknown,Task3_Insertion,0.0,0.08082544604830874,0.22746365197427934,0.22746370856691794,0.321624159104376,0.5045546398710367,71.36392786275148,22.493317000025517,1.5949600940480586,35.488896706570266,3.723993242208814,1.4356111131758549
4.43447,0.02936,34.05625,InsertToTarget,Double,91.20602,0.39861,0.07913,70.04232,70.04232,0.5656,0.50169,0.07913,0.0,0.0,0.0,0.77202,1.0,6,6,1,0.66655,0.96797,0.05995,0.86514,0.62075,0.06049,0.82,0.7,0.06,0.9,0.56,0.06,-2.4764,7.04971,-3.15077,-54.36654,-40.17962,62.24861,double_rcm_log_20260616_133526_303.csv,34.05625,Unknown,Task3_Insertion,0.0,0.08047439712291214,0.2264757104054606,0.2264757662520852,0.3179174661497812,0.5060693172344575,70.04300250560364,22.53160462652794,1.1482542332563952,20.963631924261556,3.811599588500808,1.299694233350522
4.49364,0.02945,33.95385,InsertToTarget,Double,92.54131,0.39756,0.07913,68.70703,68.70703,0.57388,0.50126,0.07913,0.0,0.0,0.0,0.76868,1.0,6,6,1,0.66721,0.96681,0.05995,0.8658,0.61959,0.06049,0.82,0.7,0.06,0.9,0.56,0.06,-2.47135,6.86152,-2.9964,-54.61171,-39.76898,62.38279,double_rcm_log_20260616_133526_303.csv,33.95385,Unknown,Task3_Insertion,0.0,0.08047439712291214,0.2264757104054606,0.2264757662520852,0.31371996793915785,0.5066951746365893,68.70842888612715,22.588321804862442,1.0317238503205637,16.033618359915476,3.835971460633946,1.0751375772692509
4.55264,0.03001,33.32563,InsertToTarget,Double,93.87263,0.39654,0.07913,67.37573,67.37573,0.58214,0.50067,0.07913,0.0,0.0,0.0,0.76535,1.0,6,6,1,0.66786,0.96565,0.05995,0.86646,0.61843,0.06048,0.82,0.7,0.06,0.9,0.56,0.06,-2.46698,6.6749,-2.84491,-54.85754,-39.35107,62.51532,double_rcm_log_20260616_133526_303.csv,33.32563,Unknown,Task3_Insertion,0.0,0.07945577796237464,0.2236090552029101,0.22360910895611463,0.3037580301436962,0.49768077504174263,67.37378496121468,22.609562471254954,0.9532141977304353,29.997740043475265,3.890814274250027,1.2120675200239515
4.61071,0.02979,33.56685,InsertToTarget,Double,95.1831,0.39396,0.07662,66.06525,66.06525,0.59027,0.4983,0.07662,0.0,0.0,0.0,0.76208,1.0,6,6,1,0.66851,0.96451,0.05995,0.86711,0.61729,0.06048,0.82,0.7,0.06,0.9,0.56,0.06,-2.46343,6.49183,-2.69785,-55.10324,-38.9278,62.64634,double_rcm_log_20260616_133526_303.csv,33.56685,Unknown,Task3_Insertion,0.0,0.07945577796237464,0.2236090552029101,0.22360910895611463,0.29976840530324544,0.4980098855985048,66.06153646411799,22.5420475458836,2.751428890508225,16.41870854483609,3.9362230891769694,0.8280864568081383
4.66968,0.02954,33.8515,InsertToTarget,Double,96.51403,0.39606,0.07913,64.73438,64.73438,0.59853,0.50188,0.07913,0.0,0.0,0.0,0.75875,1.0,6,6,1,0.66917,0.96335,0.05996,0.86777,0.61614,0.06048,0.82,0.7,0.06,0.9,0.56,0.06,-2.46045,6.30685,-2.55059,-55.35258,-38.49185,62.77627,double_rcm_log_20260616_133526_303.csv,33.8515,Unknown,Task3_Insertion,0.0,0.07830642023447962,0.22037446810274197,0.22037451955516274,0.2952610349045546,0.49735454000293083,64.73563856176901,22.673049712408,1.7300678360779098,82.11755149872121,3.9220922059408903,1.2553616883528254
4.70035,0.03067,32.60585,InsertToTarget,Double,97.20628,0.40013,0.07913,64.04223,64.04223,0.60282,0.50692,0.07913,0.0,0.0,0.0,0.75702,1.0,6,6,1,0.66951,0.96275,0.05995,0.86811,0.61553,0.06049,0.82,0.7,0.06,0.9,0.56,0.06,-2.45907,6.21142,-2.47529,-55.48003,-38.26593,62.84101,double_rcm_log_20260616_133526_303.csv,32.60585,Unknown,Task3_Insertion,0.0,0.08082544604830874,0.22746365197427934,0.22746370856691794,0.2999888981538867,0.5089748369176758,64.03743514538972,22.684843971386844,1.898811871826311,79.34242101150248,3.967201141652643,1.990900600828383
4.75823,0.02958,33.80555,InsertToTarget,Double,98.51221,0.397,0.07913,62.73626,62.73626,0.61092,0.50431,0.07913,0.0,0.0,0.0,0.75375,1.0,6,6,1,0.67016,0.96162,0.05996,0.86876,0.6144,0.06049,0.82,0.7,0.06,0.9,0.56,0.06,-2.45744,6.03087,-2.33418,-55.7318,-37.81707,62.97035,double_rcm_log_20260616_133526_303.csv,33.80555,Unknown,Task3_Insertion,0.0,0.07945577796237464,0.2236090552029101,0.22360910895611463,0.29544123267151445,0.5079809202958631,62.73386406080843,22.510153797563987,2.379766829467007,33.46664190202838,4.0867168742687054,1.6515096264572644
4.81656,0.02929,34.14561,InsertToTarget,Double,99.8285,0.39622,0.07913,61.42001,61.42001,0.61909,0.50404,0.07913,0.0,0.0,0.0,0.75046,1.0,6,6,1,0.67081,0.96047,0.05996,0.86941,0.61326,0.06049,0.82,0.7,0.06,0.9,0.56,0.06,-2.45645,5.8501,-2.19447,-55.98506,-37.35873,63.09761,double_rcm_log_20260616_133526_303.csv,34.14561,Unknown,Task3_Insertion,0.0,0.07967015433921727,0.22421236523849564,0.22421241943695688,0.29174602737815675,0.5083094151581876,61.42162322830615,22.527625108088753,2.0587371902765166,20.189190878825798,4.122269385547282,0.8154216460012026
4.87512,0.02869,34.85748,InsertToTarget,Double,101.1499,0.39712,0.07913,60.09866,60.09866,0.62729,0.50607,0.07913,0.0,0.0,0.0,0.74716,1.0,6,6,1,0.67146,0.95932,0.05996,0.87006,0.61211,0.06049,0.82,0.7,0.06,0.9,0.56,0.06,-2.45625,5.66953,-2.05654,-56.2412,-36.88873,63.22373,double_rcm_log_20260616_133526_303.csv,34.85748,Unknown,Task3_Insertion,0.0,0.07967015433921727,0.22421236523849564,0.22421241943695688,0.2888901139932108,0.5099939667818231,60.10071380607724,22.566449591845252,0.886288120684954,28.749436912235623,4.064741271330169,1.3898196422842244
4.94056,0.03558,28.10639,InsertToTarget,Double,102.6265,0.41939,0.08393,58.62249,58.62249,0.63645,0.53147,0.08393,0.0,0.0,0.0,0.74347,1.0,6,6,1,0.67216,0.95802,0.05995,0.87078,0.61082,0.06051,0.82,0.7,0.06,0.9,0.56,0.06,-2.45604,5.47086,-1.9062,-56.51071,-36.3836,63.34828,double_rcm_log_20260616_133526_303.csv,28.10639,Unknown,Task3_Insertion,0.0,0.08475257504709292,0.2385155980022667,0.2385156632555085,0.2978038470116164,0.5334084882944922,58.623723013810704,22.560972002347743,1.574367516428873,17.122098031184542,4.280324535278777,2.095079374847807
4.99463,0.02946,33.9421,InsertToTarget,Double,103.8465,0.40052,0.07913,57.40224,57.40224,0.64402,0.51153,0.07913,0.0,0.0,0.0,0.74041,1.0,6,6,1,0.67279,0.95698,0.05996,0.8714,0.60977,0.06049,0.82,0.7,0.06,0.9,0.56,0.06,-2.45837,5.30431,-1.78307,-56.76948,-35.89885,63.47609,double_rcm_log_20260616_133526_303.csv,33.9421,Unknown,Task3_Insertion,0.0,0.08005512430890332,0.2252957693329254,0.22529582431630352,0.28101216396860884,0.5093117527982981,57.40429426445379,22.596921284056176,0.9409886468464996,13.865156242431778,4.311107340898229,1.6862205129476562
5.06137,0.03822,26.16448,InsertToTarget,Double,105.3521,0.42748,0.08393,55.89703,55.89703,0.65336,0.54082,0.08393,0.0,0.0,0.0,0.73665,1.0,6,6,1,0.6735,0.95565,0.05995,0.87212,0.60844,0.06051,0.82,0.7,0.06,0.9,0.56,0.06,-2.45986,5.10432,-1.63553,-57.04509,-35.36736,63.59719,double_rcm_log_20260616_133526_303.csv,26.16448,Unknown,Task3_Insertion,0.0,0.08452398951128368,0.23787229983541694,0.23787236454998142,0.29298963734273886,0.5387521193961602,55.89264799595734,22.516287260528557,2.9952392314940126,15.08666922382564,4.468682199207938,3.214896183590061
5.11279,0.03036,32.94199,InsertToTarget,Double,106.5124,0.3991,0.07913,54.73639,54.73639,0.66056,0.5099,0.07913,0.0,0.0,0.0,0.73375,1.0,6,6,1,0.67411,0.95466,0.05996,0.87271,0.60745,0.06049,0.82,0.7,0.06,0.9,0.56,0.06,-2.46423,4.94716,-1.52321,-57.30374,-34.87056,63.72223,double_rcm_log_20260616_133526_303.csv,32.94199,Unknown,Task3_Insertion,0.0,0.07967015433921727,0.22421236523849564,0.22421241943695688,0.2760750349462147,0.5132011151735629,54.74017446081078,22.529447835007602,0.6671358754149088,56.75906582730592,4.641321122644267,1.0223887059825552
5.1707,0.02962,33.76034,InsertToTarget,Double,107.8193,0.40032,0.07913,53.42955,53.42955,0.66867,0.5116,0.07913,0.0,0.0,0.0,0.73048,1.0,6,6,1,0.67475,0.95352,0.05996,0.87336,0.60631,0.06049,0.82,0.7,0.06,0.9,0.56,0.06,-2.46843,4.77337,-1.39913,-57.56841,-34.3511,63.83989,double_rcm_log_20260616_133526_303.csv,33.76034,Unknown,Task3_Insertion,0.0,0.08005512430890332,0.2252957693329254,0.22529582431630352,0.27291160399294984,0.5135712069571092,53.42794961441058,22.56424644587946,3.2719386857018353,5.9333248346288,4.492022733630394,1.2057150239288965
5.22911,0.02884,34.67589,InsertToTarget,Double,109.1369,0.40412,0.07913,52.11208,52.11208,0.67685,0.51717,0.07913,0.0,0.0,0.0,0.72719,1.0,6,6,1,0.6754,0.95237,0.05996,0.87401,0.60517,0.06049,0.82,0.7,0.06,0.9,0.56,0.06,-2.47366,4.59896,-1.27638,-57.8385,-33.81458,63.95681,double_rcm_log_20260616_133526_303.csv,34.67589,Unknown,Task3_Insertion,0.0,0.08028523159025262,0.22594335015359762,0.22594340560975953,0.2698256821924661,0.5139440256861487,52.11572795231779,22.570384970926877,0.9428096873973173,30.300711475447947,4.555969272383786,1.7473699440961004
5.28797,0.02955,33.84087,InsertToTarget,Double,110.465,0.40841,0.08156,50.78411,50.78411,0.68509,0.52234,0.08156,0.0,0.0,0.0,0.72387,1.0,6,6,1,0.67605,0.95122,0.05996,0.87467,0.60401,0.0605,0.82,0.7,0.06,0.9,0.56,0.06,-2.47988,4.42451,-1.15568,-58.11208,-33.26381,64.07226,double_rcm_log_20260616_133526_303.csv,33.84087,Unknown,Task3_Insertion,0.0,0.08181034975508844,0.23023542316277604,0.2302354818443913,0.2718991115896634,0.5242269033098717,50.781285923064246,22.62154368802688,1.2588009517999303,17.68803454099863,4.659204902961672,1.7850735459651874
5.34551,0.02829,35.34488,InsertToTarget,Double,111.7632,0.40775,0.07913,49.48595,49.48595,0.69314,0.52235,0.07913,0.0,0.0,0.0,0.72062,1.0,6,6,1,0.67669,0.95009,0.05996,0.87531,0.60288,0.0605,0.82,0.7,0.06,0.9,0.56,0.06,-2.48731,4.25467,-1.04048,-58.38741,-32.70332,64.18674,double_rcm_log_20260616_133526_303.csv,35.34488,Unknown,Task3_Insertion,0.0,0.08181034975508844,0.23023542316277604,0.2302354818443913,0.2695150273441038,0.5257390402676405,49.48272931033607,22.52166631821692,1.3021868380677215,25.545654767120357,4.727022421401179,1.5481576141177122
5.40468,0.02971,33.66121,InsertToTarget,Double,113.0977,0.414,0.08156,48.15161,48.15161,0.70143,0.52908,0.08156,0.0,0.0,0.0,0.71728,1.0,6,6,1,0.67734,0.94892,0.05996,0.87596,0.60172,0.0605,0.82,0.7,0.06,0.9,0.56,0.06,-2.49566,4.08168,-0.92491,-58.66725,-32.12556,64.29844,double_rcm_log_20260616_133526_303.csv,33.66121,Unknown,Task3_Insertion,0.0,0.08204637660513713,0.23089966313694896,0.23089972232260075,0.2681481756832798,0.529295613201033,48.1531930405451,22.506458959559133,1.962901773646223,55.27734101955352,4.7992803587322665,1.2504254233372405
5.4629,0.02901,34.47411,InsertToTarget,Double,114.4111,0.41654,0.08156,46.83835,46.83835,0.70958,0.53287,0.08156,0.0,0.0,0.0,0.714,1.0,6,6,1,0.67799,0.94778,0.05996,0.87661,0.60058,0.0605,0.82,0.7,0.06,0.9,0.56,0.06,-2.50535,3.91208,-0.81388,-58.95079,-31.53396,64.4094,double_rcm_log_20260616_133526_303.csv,34.47411,Unknown,Task3_Insertion,0.0,0.08204637660513713,0.23089966313694896,0.23089972232263284,0.26527690862228825,0.5297038359745571,46.84099166328566,22.51511607220925,5.6162524430038925,87.43013501956595,4.823611005305763,1.5124196500828369
5.49355,0.03065,32.62549,InsertToTarget,Double,115.1023,0.42345,0.08156,46.14726,46.14726,0.71387,0.54007,0.08156,0.0,0.0,0.0,0.71227,1.0,6,6,1,0.67832,0.94717,0.05996,0.87695,0.59998,0.06051,0.82,0.7,0.06,0.9,0.56,0.06,-2.51056,3.82376,-0.75676,-59.09629,-31.22673,64.46375,double_rcm_log_20260616_133526_303.csv,32.62549,Unknown,Task3_Insertion,0.0,0.08406038048493854,0.2365675854387595,0.23656764907562472,0.26879438947044587,0.5399629616927569,46.151522185080665,22.635744956762444,3.007874956371299,164.06212450462772,4.870470071215948,1.9605276582794833
5.52363,0.03008,33.24286,InsertToTarget,Double,115.7808,0.42806,0.08393,45.46891,45.46891,0.71808,0.54633,0.08393,0.0,0.0,0.0,0.71057,1.0,6,6,1,0.67866,0.94658,0.05996,0.87728,0.59938,0.06052,0.82,0.7,0.06,0.9,0.56,0.06,-2.51624,3.73692,-0.70117,-59.24354,-30.91466,64.51843,double_rcm_log_20260616_133526_303.csv,33.24286,Unknown,Task3_Insertion,0.0,0.08475257504709292,0.2385155980022667,0.2385156632555085,0.2737169558177902,0.5531226042973042,45.46705620556493,22.658123557798387,4.368892321608504,84.06140694432777,4.925033823466941,1.4779262488892824
5.55482,0.03119,32.06578,InsertToTarget,Double,116.4841,0.436,0.08393,44.76582,44.76582,0.72245,0.55556,0.08393,0.0,0.0,0.0,0.70881,1.0,6,6,1,0.67899,0.94597,0.05996,0.87763,0.59877,0.06052,0.82,0.7,0.06,0.9,0.56,0.06,-2.52225,3.64749,-0.64443,-59.39423,-30.59293,64.57278,double_rcm_log_20260616_133526_303.csv,32.06578,Unknown,Task3_Insertion,0.0,0.08558582944415677,0.24086058897856874,0.24086065615401134,0.27185707188619684,0.5527010598311319,44.7638269141502,22.55408636009166,1.9597332939169958,92.34856668765107,4.936822566348637,2.311560405707501
5.58638,0.03156,31.68098,InsertToTarget,Double,117.1959,0.44441,0.08623,44.05421,44.05421,0.72687,0.56578,0.08623,0.0,0.0,0.0,0.70703,1.0,6,6,1,0.67934,0.94534,0.05996,0.87798,0.59815,0.06053,0.82,0.7,0.06,0.9,0.56,0.06,-2.52872,3.55731,-0.58794,-59.54831,-30.26203,64.62726,double_rcm_log_20260616_133526_303.csv,31.68098,Unknown,Task3_Insertion,0.0,0.08717815552538068,0.24534180166288874,0.24534187266293123,0.27542153451459706,0.5633703522960505,44.052057840695646,22.567965562081255,1.660510038379639,44.60748913577508,5.051480556529409,3.5447134176141715
5.64647,0.03063,32.64643,InsertToTarget,Double,118.5509,0.44676,0.08623,42.69941,42.69941,0.73528,0.56932,0.08623,0.0,0.0,0.0,0.70365,1.0,6,6,1,0.68001,0.94416,0.05996,0.87865,0.59697,0.06053,0.82,0.7,0.06,0.9,0.56,0.06,-2.54297,3.38634,-0.48401,-59.85534,-29.59767,64.73634,double_rcm_log_20260616_133526_303.csv,32.64643,Unknown,Task3_Insertion,0.0,0.08717815552538068,0.24534180166288874,0.24534187266293123,0.2728841326490894,0.5646428415038443,42.69524915022742,22.413626902511833,0.34873855875395826,27.433545587914722,5.202706642378065,2.464885756603412
5.67736,0.03089,32.36808,InsertToTarget,Double,119.2477,0.4513,0.08847,42.00278,42.00278,0.7396,0.57435,0.08623,0.0,0.0,0.0,0.7019,1.0,6,6,1,0.68034,0.94355,0.05996,0.87899,0.59637,0.06054,0.82,0.7,0.06,0.9,0.56,0.06,-2.55062,3.29921,-0.43192,-60.01186,-29.25548,64.78958,double_rcm_log_20260616_133526_303.csv,32.36808,Unknown,Task3_Insertion,0.0,0.08921544396226525,0.25107525189767443,0.25107532799677473,0.2762275992907632,0.5748859418648569,42.00581626394125,22.439475525047147,1.2139730112320384,37.77632193216801,5.263555617056096,1.9501314322469898
5.73725,0.03009,33.22987,InsertToTarget,Double,120.5981,0.45323,0.08847,40.65257,40.65257,0.74799,0.57671,0.08847,0.0,0.0,0.0,0.69853,1.0,6,6,1,0.68101,0.94238,0.05996,0.87966,0.59519,0.06054,0.82,0.7,0.06,0.9,0.56,0.06,-2.56717,3.13106,-0.3341,-60.32544,-28.56473,64.89493,double_rcm_log_20260616_133526_303.csv,33.22987,Unknown,Task3_Insertion,0.0,0.0889569786937459,0.2503478646057551,0.2503479400492437,0.27373113330253696,0.5761730509277507,40.64902581858509,22.409834130336176,3.146792210283744,146.7224497028926,5.316205124409709,2.751989237087098
5.76899,0.03174,31.50229,InsertToTarget,Double,121.3135,0.46222,0.08847,39.93739,39.93739,0.75243,0.58568,0.08847,0.0,0.0,0.0,0.69674,1.0,6,6,1,0.68135,0.94175,0.05996,0.88,0.59457,0.06055,0.82,0.7,0.06,0.9,0.56,0.06,-2.576,3.04299,-0.28357,-60.48695,-28.20507,64.94577,double_rcm_log_20260616_133526_303.csv,31.50229,Unknown,Task3_Insertion,0.0,0.09055084916243958,0.2548334231854927,0.25483350276073874,0.2786319108558263,0.5899269837478585,39.94230088515182,22.559877190308708,7.668099959794476,86.62047750949434,5.421600151975286,4.765927877983035
5.7992,0.03021,33.10409,InsertToTarget,Double,121.9948,0.46452,0.09065,39.25627,39.25627,0.75666,0.58974,0.09065,0.0,0.0,0.0,0.69503,1.0,6,6,1,0.68169,0.94116,0.05996,0.88034,0.59397,0.06055,0.82,0.7,0.06,0.9,0.56,0.06,-2.58541,2.9589,-0.23634,-60.64896,-27.84327,64.99702,double_rcm_log_20260616_133526_303.csv,33.10409,Unknown,Task3_Insertion,0.0,0.09029614878130754,0.2541166312746491,0.25411671017438064,0.2774803082115188,0.5908286228158456,39.25275786489399,22.61417079991492,4.033639734875307,218.76070643217756,5.591322819035208,3.7580762631869535
5.82921,0.03001,33.31899,InsertToTarget,Double,122.6713,0.46602,0.09065,38.57977,38.57977,0.76086,0.59124,0.09065,0.0,0.0,0.0,0.69334,1.0,6,6,1,0.68202,0.94057,0.05996,0.88068,0.59339,0.06055,0.82,0.7,0.06,0.9,0.56,0.06,-2.59522,2.87615,-0.19117,-60.81122,-27.47848,65.04755,double_rcm_log_20260616_133526_303.csv,33.31899,Unknown,Task3_Insertion,0.0,0.09100368203707503,0.2561078105142058,0.25610789127179395,0.27470899774717283,0.5881509487041118,38.58052617577934,22.47996875177862,5.7694785570505,129.2315644323396,5.630360219878043,1.7220577709236284
5.85956,0.03035,32.94938,InsertToTarget,Double,123.3555,0.46916,0.09279,37.89572,37.89572,0.76511,0.59407,0.09065,0.0,0.0,0.0,0.69163,1.0,6,6,1,0.68235,0.93997,0.05995,0.88101,0.59279,0.06055,0.82,0.7,0.06,0.9,0.56,0.06,-2.60542,2.79295,-0.14635,-60.97504,-27.10799,65.097,double_rcm_log_20260616_133526_303.csv,32.94938,Unknown,Task3_Insertion,0.0,0.09233541304314727,0.2598556414963196,0.25985572586187095,0.2750639974437517,0.592197991839284,37.89599846949545,22.61271310039207,3.765826375428687,149.90754501594344,5.668061871925907,1.6943327194776234
5.88999,0.03043,32.85834,InsertToTarget,Double,124.0415,0.4735,0.09065,37.2099,37.2099,0.76937,0.59856,0.09065,0.0,0.0,0.0,0.68991,1.0,6,6,1,0.68268,0.93937,0.05995,0.88135,0.59219,0.06056,0.82,0.7,0.06,0.9,0.56,0.06,-2.61609,2.70991,-0.10241,-61.14063,-26.73145,65.14557,double_rcm_log_20260616_133526_303.csv,32.85834,Unknown,Task3_Insertion,0.0,0.09412428598651833,0.2648899863564625,0.26489007571570267,0.2782500805809022,0.6024067115777152,37.20661500324907,22.6000214176522,4.718281611497294,92.01912002851103,5.707289910799551,2.834337692432116
5.92098,0.03099,32.2728,InsertToTarget,Double,124.7398,0.48034,0.09279,36.51181,36.51181,0.77371,0.60582,0.09279,0.0,0.0,0.0,0.68817,1.0,6,6,1,0.68302,0.93876,0.05995,0.88169,0.59158,0.06056,0.82,0.7,0.06,0.9,0.56,0.06,-2.62726,2.62583,-0.05857,-61.30912,-26.34619,65.19319,double_rcm_log_20260616_133526_303.csv,32.2728,Unknown,Task3_Insertion,0.0,0.09412428598651833,0.2648899863564625,0.26489007571570267,0.27797039887857816,0.6051890995002084,36.508438750513534,22.382907064338124,2.2312688520701056,177.95049821484366,5.8247367327051665,4.129189216644967
5.95099,0.03002,33.31592,InsertToTarget,Double,125.4162,0.48315,0.09279,35.83559,35.83559,0.77791,0.60946,0.09279,0.0,0.0,0.0,0.68648,1.0,6,6,1,0.68335,0.93817,0.05995,0.88202,0.591,0.06056,0.82,0.7,0.06,0.9,0.56,0.06,-2.639,2.54472,-0.0177,-61.47824,-25.95778,65.24059,double_rcm_log_20260616_133526_303.csv,33.31592,Unknown,Task3_Insertion,0.0,0.09439289626315184,0.26564592418362376,0.2656460143030586,0.27670668403898835,0.6056604786385105,35.84123323771094,22.49758332610263,6.220837624258279,90.54696921268523,5.941638228369556,3.0792306885106826
5.98129,0.03029,33.01386,InsertToTarget,Double,126.0989,0.48711,0.09487,35.15308,35.15308,0.78215,0.61335,0.09487,0.0,0.0,0.0,0.68477,1.0,6,6,1,0.68368,0.93757,0.05995,0.88236,0.5904,0.06057,0.82,0.7,0.06,0.9,0.56,0.06,-2.65118,2.46348,0.02239,-61.64894,-25.56342,65.2869,double_rcm_log_20260616_133526_303.csv,33.01386,Unknown,Task3_Insertion,0.0,0.09619008636341535,0.27070367534582396,0.27070377071799134,0.27982466553727514,0.6158533791539786,35.151877616992216,22.685187582411363,3.3816448131841135,95.03199653250326,5.990659546099016,2.466558613156287
6.0419,0.03068,32.59853,InsertToTarget,Double,127.4647,0.49756,0.09691,33.78778,33.78778,0.79064,0.62363,0.09691,0.0,0.0,0.0,0.68135,1.0,6,6,1,0.68434,0.93638,0.05995,0.88303,0.58921,0.06057,0.82,0.7,0.06,0.9,0.56,0.06,-2.67708,2.30237,0.09899,-61.99549,-24.75663,65.37655,double_rcm_log_20260616_133526_303.csv,32.59853,Unknown,Task3_Insertion,0.0,0.09667349898257128,0.27206412166404015,0.2720642184856013,0.27832788684233084,0.6191930232165243,33.78653429992485,22.454454776881462,2.68650007371598,17.38614433885829,6.177374758509348,2.8113722046993734
6.07206,0.03016,33.16061,InsertToTarget,Double,128.144,0.50253,0.09691,33.10864,33.10864,0.79486,0.62934,0.09691,0.0,0.0,0.0,0.67965,1.0,6,6,1,0.68467,0.93578,0.05995,0.88336,0.58862,0.06058,0.82,0.7,0.06,0.9,0.56,0.06,-2.6909,2.22288,0.13521,-62.17192,-24.34296,65.42008,double_rcm_log_20260616_133526_303.csv,33.16061,Unknown,Task3_Insertion,0.0,0.09827228118798284,0.2765635021349894,0.27656360383504525,0.282059933467076,0.6308236374284425,33.110880386966436,22.602446524059467,3.0641907804365363,105.44147096587426,6.2428633333934656,2.109462129320122
6.1027,0.03064,32.63341,InsertToTarget,Double,128.8342,0.51006,0.09891,32.41881,32.41881,0.79915,0.63696,0.09691,0.0,0.0,0.0,0.67793,1.0,6,6,1,0.68501,0.93518,0.05994,0.8837,0.58801,0.06058,0.82,0.7,0.06,0.9,0.56,0.06,-2.7053,2.14277,0.17078,-62.35116,-23.92046,65.46238,double_rcm_log_20260616_133526_303.csv,32.63341,Unknown,Task3_Insertion,0.0,0.09931158215352735,0.279488359734534,0.2794884647049771,0.28184904245001213,0.6337871518468523,32.41275212011467,22.618423959973303,4.379585488283132,83.54060739863465,6.278339583037959,2.9022934815355015
6.13382,0.03112,32.13814,InsertToTarget,Double,129.5346,0.52008,0.09891,31.71879,31.71879,0.80351,0.64742,0.09891,0.0,0.0,0.0,0.67617,1.0,6,6,1,0.68534,0.93456,0.05994,0.88404,0.5874,0.06059,0.82,0.7,0.06,0.9,0.56,0.06,-2.7204,2.062,0.20569,-62.53407,-23.48717,65.50352,double_rcm_log_20260616_133526_303.csv,32.13814,Unknown,Task3_Insertion,0.0,0.10139412211373786,0.2853491572727608,0.28534926898805074,0.2857069808346663,0.6459447463867142,31.714818303121305,22.392915099171216,2.261382762276299,189.0577241280133,6.401589870445651,5.478421114606097
6.16447,0.03065,32.6275,InsertToTarget,Double,130.2249,0.5277,0.10087,31.02888,31.02888,0.8078,0.65617,0.10087,0.0,0.0,0.0,0.67445,1.0,6,6,1,0.68567,0.93396,0.05994,0.88437,0.5868,0.0606,0.82,0.7,0.06,0.9,0.56,0.06,-2.73621,1.98293,0.23832,-62.71946,-23.04619,65.54409,double_rcm_log_20260616_133526_303.csv,32.6275,Unknown,Task3_Insertion,0.0,0.10271097222318445,0.28905510847800586,0.2890552246015994,0.2902354367330855,0.6596514231016447,31.030580078367816,22.521306747296382,7.500692540834188,53.33398483978128,6.599109161655202,5.339945749678458
6.19447,0.03001,33.32757,InsertToTarget,Double,130.9005,0.53257,0.10279,30.35355,30.35355,0.812,0.66192,0.10279,0.0,0.0,0.0,0.67276,1.0,6,6,1,0.686,0.93336,0.05994,0.88471,0.58621,0.0606,0.82,0.7,0.06,0.9,0.56,0.06,-2.75264,1.90599,0.26858,-62.90607,-22.60043,65.58406,double_rcm_log_20260616_133526_303.csv,33.32757,Unknown,Task3_Insertion,0.0,0.10349156255567882,0.29125188817829517,0.2912520069601309,0.28827617040691705,0.6586244406687133,30.349764414242138,22.622290115698746,1.976465869345284,148.81809393764834,6.710792867574518,3.608156761252369
6.25564,0.03137,31.87619,InsertToTarget,Double,132.2766,0.54988,0.10653,28.97817,28.97817,0.82056,0.67806,0.10653,0.0,0.0,0.0,0.66931,1.0,6,6,1,0.68665,0.93215,0.05993,0.88538,0.58501,0.06061,0.82,0.7,0.06,0.9,0.56,0.06,-2.78739,1.75166,0.32567,-63.28693,-21.68375,65.65914,double_rcm_log_20260616_133526_303.csv,31.87619,Unknown,Task3_Insertion,0.0,0.10742368730379902,0.3023178863311092,0.302318019169189,0.29168650668197404,0.6734126635166953,28.976138459083902,22.473066137532953,2.036815399673111,65.53859082620376,6.855709169768695,4.760978642466846
6.2865,0.03086,32.40449,InsertToTarget,Double,132.9709,0.561,0.10835,28.28446,28.28446,0.82488,0.69047,0.10835,0.0,0.0,0.0,0.66758,1.0,6,6,1,0.68698,0.93154,0.05993,0.88571,0.5844,0.06062,0.82,0.7,0.06,0.9,0.56,0.06,-2.80602,1.67458,0.35236,-63.48346,-21.20798,65.69469,double_rcm_log_20260616_133526_303.csv,32.40449,Unknown,Task3_Insertion,0.0,0.1087241375914899,0.30597768356066385,0.3059778212743992,0.29704553728911925,0.6893798774149299,28.283360832828897,22.47625162707337,1.9894361425164524,75.81802424639663,7.02598735778193,5.536627934366539
6.34626,0.03042,32.86788,InsertToTarget,Double,134.3151,0.57449,0.11191,26.94103,26.94103,0.83325,0.70419,0.11191,0.0,0.0,0.0,0.66421,1.0,6,6,1,0.68763,0.93036,0.05992,0.88637,0.58323,0.06063,0.82,0.7,0.06,0.9,0.56,0.06,-2.84533,1.52754,0.39742,-63.88067,-20.2406,65.76302,double_rcm_log_20260616_133526_303.csv,32.86788,Unknown,Task3_Insertion,0.0,0.11214527396103083,0.3156056290041442,0.3156057801458562,0.29930078003551025,0.701631066762421,26.940799913885254,22.507474374143694,1.2336982663616167,25.652660751892803,7.309359948062129,4.6677832599604825
6.40725,0.03115,32.10246,InsertToTarget,Double,135.6856,0.59854,0.11703,25.5718,25.5718,0.84179,0.72795,0.11703,0.0,0.0,0.0,0.66078,1.0,6,6,1,0.68827,0.92915,0.05991,0.88704,0.58203,0.06065,0.82,0.7,0.06,0.9,0.56,0.06,-2.8878,1.38033,0.43754,-64.29166,-19.23178,65.82383,double_rcm_log_20260616_133526_303.csv,32.10246,Unknown,Task3_Insertion,0.0,0.1179330877123869,0.33189400227809374,0.3318941780397838,0.3063916222712288,0.7256031973468594,25.567655348115107,22.476586150281914,1.2856339112904416,8.578324732090088,7.550620882277669,5.0570576536544385
6.46796,0.03089,32.36945,InsertToTarget,Double,137.0486,0.62334,0.12354,24.21026,24.21026,0.85029,0.75377,0.12354,0.0,0.0,0.0,0.65737,1.0,6,6,1,0.6889,0.92794,0.05989,0.8877,0.58084,0.06067,0.82,0.7,0.06,0.9,0.56,0.06,-2.93396,1.23679,0.46965,-64.71809,-18.17828,65.87826,double_rcm_log_20260616_133526_303.csv,32.36945,Unknown,Task3_Insertion,0.0,0.12536009267642761,0.3527954696560081,0.35279568076345386,0.31407850884021177,0.7512666227522193,24.208355995399568,22.438936044329935,0.18933034778326416,7.756004087742896,7.885787612019771,6.18123802191088
6.52855,0.03096,32.30451,InsertToTarget,Double,138.4078,0.65078,0.13122,22.85285,22.85285,0.85877,0.7814,0.13122,0.0,0.0,0.0,0.65396,1.0,6,6,1,0.68953,0.92674,0.05988,0.88836,0.57965,0.06069,0.82,0.7,0.06,0.9,0.56,0.06,-2.98394,1.09703,0.49319,-65.16005,-17.07946,65.92506,double_rcm_log_20260616_133526_303.csv,32.30451,Unknown,Task3_Insertion,0.0,0.13121765862688128,0.3692801351833836,0.3692803772839697,0.3216371198330187,0.7769852983462155,22.84924944062709,22.481329473142257,1.9430671459527933,21.053966141516653,8.26402290231688,5.939132830588359
6.55861,0.03006,33.26285,InsertToTarget,Double,139.0817,0.66362,0.13417,22.17981,22.17981,0.86298,0.79515,0.13417,0.0,0.0,0.0,0.65228,1.0,6,6,1,0.68984,0.92614,0.05987,0.88869,0.57906,0.0607,0.82,0.7,0.06,0.9,0.56,0.06,-3.01047,1.02894,0.50154,-65.38746,-16.51174,65.94532,double_rcm_log_20260616_133526_303.csv,33.26285,Unknown,Task3_Insertion,0.0,0.135252233993925,0.3806344439432614,0.3806347090760327,0.3249068364082221,0.7887175569336687,22.174077207405944,22.41207214629448,2.345721072279722,10.352799967066181,8.423205699855927,5.895529255555995
6.61956,0.03097,32.29153,InsertToTarget,Double,140.4454,0.69858,0.14537,20.81856,20.81856,0.87151,0.82875,0.14537,0.0,0.0,0.0,0.64886,1.0,6,6,1,0.69046,0.92492,0.05984,0.88934,0.57787,0.06073,0.82,0.7,0.06,0.9,0.56,0.06,-3.06668,0.8942,0.51192,-65.8562,-15.33702,65.97781,double_rcm_log_20260616_133526_303.csv,32.29153,Unknown,Task3_Insertion,0.0,0.14560993801338637,0.4097836166244669,0.40978394746104835,0.3375501777710999,0.827397216484423,20.820792492121857,22.381981165524483,2.9578613439550914,87.15183901593245,8.791760841996718,6.6973585525472
6.64968,0.03013,33.19412,InsertToTarget,Double,141.1189,0.71471,0.15066,20.14629,20.14629,0.87573,0.8456,0.15066,0.0,0.0,0.0,0.64717,1.0,6,6,1,0.69076,0.92432,0.05983,0.88967,0.57728,0.06074,0.82,0.7,0.06,0.9,0.56,0.06,-3.09654,0.82915,0.51299,-66.09799,-14.7292,65.99017,double_rcm_log_20260616_133526_303.csv,33.19412,Unknown,Task3_Insertion,0.0,0.15028281825370854,0.42293426738391515,0.4229346311028985,0.3407007202191771,0.8391396693134234,20.1458407618049,22.383167464040824,3.7896548622185597,130.16157465688116,8.988215221376992,2.6662479114019493
6.67998,0.0303,33.0038,InsertToTarget,Double,141.7952,0.73285,0.15702,19.47142,19.47142,0.87997,0.8634,0.15702,0.0,0.0,0.0,0.64547,1.0,6,6,1,0.69106,0.92371,0.05981,0.89,0.57669,0.06076,0.82,0.7,0.06,0.9,0.56,0.06,-3.12749,0.76468,0.51211,-66.3446,-14.10811,65.99944,double_rcm_log_20260616_133526_303.csv,33.0038,Unknown,Task3_Insertion,0.0,0.15782586667843607,0.44416228147379233,0.4441627027471337,0.3473883287642305,0.8597101479344953,19.47135588499167,22.253230007835196,5.74609278927996,60.38188453814066,8.901008140888397,2.4385852714605374
6.71265,0.03267,30.61299,InsertToTarget,Double,142.5223,0.76525,0.16551,18.74649,18.74649,0.88454,0.89172,0.16551,0.0,0.0,0.0,0.64365,1.0,6,6,1,0.69137,0.92305,0.05978,0.89034,0.57605,0.06077,0.82,0.7,0.06,0.9,0.56,0.06,-3.15979,0.69633,0.51105,-66.60064,-13.46218,66.003,double_rcm_log_20260616_133526_303.csv,30.61299,Unknown,Task3_Insertion,0.0,0.16538406202527317,0.46543291504758916,0.4654333997916763,0.3534240398000492,0.8791158145458722,18.748626616368377,22.22686619977206,1.1529561770211718,119.89572432404208,9.08747982127731,7.830640025658565
6.77228,0.03073,32.54348,InsertToTarget,Double,143.8495,0.79707,0.18131,17.42266,17.42266,0.89289,0.92409,0.18131,0.0,0.0,0.0,0.64032,1.0,6,6,1,0.69195,0.92185,0.05973,0.89099,0.57489,0.06081,0.82,0.7,0.06,0.9,0.56,0.06,-3.22795,0.57598,0.49388,-67.12117,-12.14654,66.0049,double_rcm_log_20260616_133526_303.csv,32.54348,Unknown,Task3_Insertion,0.0,0.18240959912126023,0.5133469627547396,0.5133476131419195,0.3662766738039429,0.9195868637600627,17.42263757299681,22.235763612689837,3.321536184739293,60.857117802716786,9.721216596633303,5.168438141621475
6.80313,0.03085,32.41549,InsertToTarget,Double,144.5338,0.8207,0.1918,16.7404,16.7404,0.89721,0.9441,0.1918,0.0,0.0,0.0,0.6386,1.0,6,6,1,0.69224,0.92123,0.0597,0.89132,0.57429,0.06082,0.82,0.7,0.06,0.9,0.56,0.06,-3.26362,0.516,0.48176,-67.38959,-11.46695,65.99833,double_rcm_log_20260616_133526_303.csv,32.41549,Unknown,Task3_Insertion,0.0,0.19067149543809717,0.5365979543907544,0.5365986972116437,0.3701338102840034,0.9336940694813625,16.73974014135219,22.169291644584902,4.9661895408259,27.686697797630778,9.766081722217656,4.522754278056463
6.83429,0.03117,32.08474,InsertToTarget,Double,145.2233,0.84477,0.20271,16.05326,16.05326,0.90157,0.96442,0.20271,0.0,0.0,0.0,0.63687,1.0,6,6,1,0.69252,0.92059,0.05966,0.89166,0.57369,0.06084,0.82,0.7,0.06,0.9,0.56,0.06,-3.30036,0.4565,0.46771,-67.66348,-10.7732,65.9866,double_rcm_log_20260616_133526_303.csv,32.08474,Unknown,Task3_Insertion,0.0,0.2035138968753134,0.5727395824720515,0.5727404857293099,0.37578518465921795,0.9524737024433616,16.05233004893681,22.105588615083633,5.02468842054185,45.89866668907982,9.957982801564508,7.056174814406819
6.89487,0.03212,31.13379,InsertToTarget,Double,146.5592,0.88522,0.22814,14.72167,14.72167,0.91005,0.99499,0.22814,0.0,0.0,0.0,0.6335,1.0,6,6,1,0.69306,0.91936,0.05957,0.89232,0.57253,0.06087,0.82,0.7,0.06,0.9,0.56,0.06,-3.37617,0.34596,0.42965,-68.21835,-9.3674,65.95013,double_rcm_log_20260616_133526_303.csv,31.13379,Unknown,Task3_Insertion,0.0,0.22897898068789385,0.6444044091228884,0.6444056956411027,0.38319189634695405,0.9801734540376221,14.722099035123984,21.977382035677984,5.803630447547172,24.512304266374386,10.403710558921167,4.6154135034819905
6.95418,0.03109,32.16796,InsertToTarget,Double,147.8603,0.9161,0.2602,13.42464,13.42464,0.91836,1.01433,0.2602,0.0,0.0,0.0,0.63023,1.0,6,6,1,0.69357,0.91815,0.05945,0.89298,0.57141,0.06089,0.82,0.7,0.06,0.9,0.56,0.06,-3.45403,0.24394,0.38132,-68.78007,-7.94545,65.89254,double_rcm_log_20260616_133526_303.csv,32.16796,Unknown,Task3_Insertion,0.0,0.2600133339785114,0.7317423164787045,0.7317442001950938,0.383721181282004,0.9902330727973028,13.426116340922961,21.956752194432884,3.7244353179932834,65.37395640577749,10.411127800700118,4.585961490754542
6.98462,0.03045,32.84565,InsertToTarget,Double,148.5244,0.93159,0.27906,12.7626,12.7626,0.92262,1.02181,0.27906,0.0,0.0,0.0,0.62855,1.0,6,6,1,0.69382,0.91753,0.05938,0.89333,0.57084,0.0609,0.82,0.7,0.06,0.9,0.56,0.06,-3.49299,0.19348,0.35537,-69.06177,-7.23313,65.85312,double_rcm_log_20260616_133526_303.csv,32.84565,Unknown,Task3_Insertion,0.0,0.2788932512437391,0.7848747030584239,0.7848770276254211,0.38200119189778164,0.9902517162512384,12.759486666790323,21.83052450849979,6.109837557252191,116.64698958880086,10.259524824344675,5.109922331117871
7.01523,0.03061,32.66971,InsertToTarget,Double,149.1896,0.94816,0.30067,12.09937,12.09937,0.92691,1.02666,0.30067,0.0,0.0,0.0,0.62687,1.0,6,6,1,0.69406,0.9169,0.05929,0.89367,0.57027,0.06091,0.82,0.7,0.06,0.9,0.56,0.06,-3.53158,0.14528,0.32614,-69.34133,-6.52683,65.80665,double_rcm_log_20260616_133526_303.csv,32.66971,Unknown,Task3_Insertion,0.0,0.3005417890307793,0.8457985130335367,0.8458014220267293,0.3818516985410146,0.9942867563465762,12.098342861731137,21.63841376038023,10.188918373604087,139.84976097446693,10.182743055011633,5.3852548963971305
7.07453,0.03038,32.91245,InsertToTarget,Double,150.4712,0.96342,0.34943,10.82045,10.82045,0.93521,1.02218,0.34943,0.0,0.0,0.0,0.62363,1.0,6,6,1,0.69451,0.91568,0.05909,0.89437,0.5692,0.06091,0.82,0.7,0.06,0.9,0.56,0.06,-3.60591,0.05731,0.26269,-69.88216,-5.1632,65.69683,double_rcm_log_20260616_133526_303.csv,32.91245,Unknown,Task3_Insertion,0.0,0.34948038535138626,0.9835221711684984,0.9835267451737113,0.36779160119831655,0.9658682821490485,10.82427826693309,21.727385855874772,10.21391071695305,69.3527458359926,9.764244011402774,16.34988248427437
7.10454,0.03001,33.32332,InsertToTarget,Double,151.1156,0.96698,0.37742,10.17687,10.17687,0.93941,1.01538,0.37742,0.0,0.0,0.0,0.62199,1.0,6,6,1,0.69473,0.91506,0.05898,0.89474,0.56866,0.06091,0.82,0.7,0.06,0.9,0.56,0.06,-3.64045,0.01509,0.2302,-70.13943,-4.51557,65.63148,double_rcm_log_20260616_133526_303.csv,33.32332,Unknown,Task3_Insertion,0.0,0.37751721827476287,1.062423487862695,1.0624292533767745,0.35993080900613034,0.9493228355801099,10.173067384029286,21.527903678105716,11.617338639186835,61.5904653364993,9.156068513143422,18.985723653974475
7.13603,0.03149,31.75443,InsertToTarget,Double,151.7887,0.97823,0.40974,9.5049,9.5049,0.94382,1.01239,0.40974,0.0,0.0,0.0,0.62028,1.0,6,6,1,0.69495,0.91441,0.05884,0.89512,0.56811,0.06091,0.82,0.7,0.06,0.9,0.56,0.06,-3.67259,-0.02932,0.2004,-70.38621,-3.89626,65.55838,double_rcm_log_20260616_133526_303.csv,31.75443,Unknown,Task3_Insertion,0.0,0.4106449413481465,1.155651269427749,1.155658689818288,0.3528215199172232,0.9346731226230127,9.50865921147662,21.31543477284963,13.529635447812622,107.85889476943353,8.63461991276654,17.498609422211377
7.19448,0.03019,33.12306,InsertToTarget,Double,153.0322,0.97126,0.47806,8.26381,8.26381,0.952,1.01038,0.47806,0.0,0.0,0.0,0.61713,1.0,6,6,1,0.69536,0.91321,0.05856,0.89588,0.56711,0.06089,0.82,0.7,0.06,0.9,0.56,0.06,-3.72875,-0.1037,0.1352,-70.8288,-2.78624,65.40234,double_rcm_log_20260616_133526_303.csv,33.12306,Unknown,Task3_Insertion,0.0,0.47774755457675927,1.344489707114989,1.344501391944134,0.3337421063718706,0.8913818140738261,8.265506639039097,21.45441842685864,12.824924406041445,70.95830942023777,7.60863817852834,20.91794207530484
7.25604,0.03244,30.82376,InsertToTarget,Double,154.3326,0.9891,0.55708,6.97125,6.97125,0.96062,1.04846,0.55708,0.0,0.0,0.0,0.61382,1.0,6,6,1,0.69575,0.91193,0.05824,0.89669,0.56607,0.06087,0.82,0.7,0.06,0.9,0.56,0.06,-3.7705,-0.18166,0.08138,-71.19767,-1.8644,65.22692,double_rcm_log_20260616_133526_303.csv,30.82376,Unknown,Task3_Insertion,0.0,0.5576218100246128,1.5692673443938192,1.5692859243852453,0.3270019589759448,0.8808265349178406,6.968349876405398,21.375421418905045,9.249192464859775,111.5323047560303,6.187764879881595,24.193576158583454
7.31277,0.02727,36.67582,InsertToTarget,Double,155.5246,0.98297,0.64102,5.80294,5.80294,0.96856,1.15896,0.64133,0.0,0.0,0.0,0.61078,1.0,6,6,1,0.69612,0.91076,0.05793,0.89749,0.56516,0.06088,0.82,0.7,0.06,0.9,0.56,0.06,-3.79875,-0.24745,0.02998,-71.48229,-1.15265,65.04779,double_rcm_log_20260616_133526_303.csv,36.67582,Unknown,Task3_Insertion,0.0,0.6418243787835002,1.8062221668796694,1.8062504986700718,0.353251141273581,0.9588526797889376,5.805178722485593,21.264327694507553,3.0628979225745434,89.77193950349351,4.8481380225918,25.244421015817068
7.37319,0.03067,32.60946,InsertToTarget,Double,156.7878,1.03349,0.72954,4.58585,4.58585,0.97702,1.30384,0.72927,0.0,0.0,0.0,0.60756,1.0,6,6,1,0.69649,0.90951,0.0576,0.8983,0.56417,0.06088,0.82,0.7,0.06,0.9,0.56,0.06,-3.81179,-0.31998,-0.00672,-71.68594,-0.64274,64.86324,double_rcm_log_20260616_133526_303.csv,32.60946,Unknown,Task3_Insertion,0.0,0.7281572941323229,2.0491679523808055,2.049209323762796,0.3877704851637005,1.0610908755397688,4.588387516328503,21.166344483206746,8.255381621160613,70.16107215268141,3.3645027662742923,21.180237916698342
7.40338,0.03019,33.12468,InsertToTarget,Double,157.4172,1.063,0.77481,3.99731,3.99731,0.98125,1.3952,0.77481,0.0,0.0,0.0,0.60595,1.0,6,6,1,0.69666,0.90888,0.05743,0.89871,0.56368,0.06089,0.82,0.7,0.06,0.9,0.56,0.06,-3.81377,-0.35602,-0.0219,-71.76141,-0.45321,64.77029,double_rcm_log_20260616_133526_303.csv,33.12468,Unknown,Task3_Insertion,0.0,0.7752218049063773,2.181608266313366,2.1816581894386498,0.4134378714720395,1.1358670019653607,3.999824996171625,21.172821016000256,9.89040797043202,245.91126730322455,2.857564804472457,17.83546043335279
7.46277,0.02963,33.75167,InsertToTarget,Double,158.652,1.12373,0.86728,2.91504,2.91504,0.98956,1.60694,0.86728,0.0,0.0,0.0,0.6028,1.0,6,6,1,0.69701,0.90765,0.05711,0.89951,0.56271,0.06095,0.82,0.7,0.06,0.9,0.56,0.06,-3.8111,-0.42607,-0.04814,-71.8697,-0.17958,64.58611,double_rcm_log_20260616_133526_303.csv,33.75167,Unknown,Task3_Insertion,0.0,0.867276369000573,2.440646998849667,2.440716901737012,0.4773657219313271,1.321832061950382,2.9131941232948995,21.140401948341637,44.62079998590956,1935.9654810301138,2.0619614142971097,13.291346292237094
7.49343,0.03065,32.62291,InsertToTarget,Double,159.287,1.16148,0.91493,2.42335,2.42335,0.99385,1.72062,0.91493,0.0,0.0,0.0,0.60118,1.0,6,6,1,0.69718,0.90701,0.05695,0.89992,0.56221,0.06098,0.82,0.7,0.06,0.9,0.56,0.06,-3.80653,-0.46476,-0.05466,-71.90604,-0.08671,64.49416,double_rcm_log_20260616_133526_303.csv,32.62291,Unknown,Task3_Insertion,0.0,0.9153148343100752,2.575823314026676,2.575905487826278,0.5106047789878547,1.4195578943405571,2.418863369436089,19.25193089551486,121.09848638984035,2123.1141717387422,1.7425850853184013,14.429861999301787
7.55331,0.03058,32.70375,InsertToTarget,Double,160.1946,1.13375,0.99936,1.99889,1.99889,1.0,1.99889,0.99936,0.0,0.0,0.0,0.59886,1.0,6,6,1,0.69744,0.9061,0.05674,0.90059,0.56156,0.06111,0.82,0.7,0.06,0.9,0.56,0.06,-3.79979,-0.51034,-0.08132,-71.95745,0.04594,64.33895,double_rcm_log_20260616_133526_303.csv,32.70375,Unknown,Task3_Insertion,0.0,0.999999027495495,2.8141132440463115,2.814220400727191,0.6076809399124607,1.6989743512347897,2.0034470294968236,5.335776084717517,193.36503016943405,1860.760919939313,0.5019289811665186,17.80859661335265
7.58402,0.03071,32.56402,Done,Double,160.1946,1.13375,0.99936,1.99889,1.99889,1.0,1.99889,0.99936,0.0,0.0,0.0,0.59886,1.0,6,6,1,0.69744,0.9061,0.05674,0.90059,0.56156,0.06111,0.82,0.7,0.06,0.9,0.56,0.06,-3.79979,-0.51034,-0.08132,-71.95745,0.04594,64.33895,double_rcm_log_20260616_133526_303.csv,32.56402,Unknown,Task3_Insertion,0.0,0.999999027495495,2.8141132440463115,2.814220400727191,0.6076809399124607,1.6989743512347897,2.0034470294968236,0.0,88.15565440995167,3111.3599660589266,1.0382194088409205e-13,8.292678909220346
7.61565,0.03163,31.61529,Done,Double,160.1946,1.13375,0.99936,1.99889,1.99889,1.0,1.99889,0.99936,0.0,0.0,0.0,0.59886,1.0,6,6,1,0.69744,0.9061,0.05674,0.90059,0.56156,0.06111,0.82,0.7,0.06,0.9,0.56,0.06,-3.79979,-0.51034,-0.08132,-71.95745,0.04594,64.33895,double_rcm_log_20260616_133526_303.csv,31.61529,Unknown,Task3_Insertion,0.0,0.999999027495495,2.8141132440463115,2.814220400727191,0.6076809399124607,1.6989743512347897,2.0034470294968236,8.308148362110448e-13,1.7542668864068122e-11,2082.070298600773,4.925329570868742e-14,3.792054996322282e-12
7.70906,0.09341,10.70539,Done,Double,160.1946,1.13375,0.99936,1.99889,1.99889,1.0,1.99889,0.99936,0.0,0.0,0.0,0.59886,1.0,6,6,1,0.69744,0.9061,0.05674,0.90059,0.56156,0.06111,0.82,0.7,0.06,0.9,0.56,0.06,-3.79979,-0.51034,-0.08132,-71.95745,0.04594,64.33895,double_rcm_log_20260616_133526_303.csv,10.70539,Unknown,Task3_Insertion,0.0,0.999999027495495,2.8141132440463115,2.814220400727191,0.6076809399124607,1.6989743512347897,2.0034470294968236,2.220446049250313e-13,4.3825967367898074e-11,1.529808363389837e-09,1.3140442008566054e-13,2.0623762164417917e-12
7.7405,0.03144,31.81018,Done,Double,160.1946,1.13375,0.99936,1.99889,1.99889,1.0,1.99889,0.99936,0.0,0.0,0.0,0.59886,1.0,6,6,1,0.69744,0.9061,0.05674,0.90059,0.56156,0.06111,0.82,0.7,0.06,0.9,0.56,0.06,-3.79979,-0.51034,-0.08132,-71.95745,0.04594,64.33895,double_rcm_log_20260616_133526_303.csv,31.81018,Unknown,Task3_Insertion,0.0,0.999999027495495,2.8141132440463115,2.814220400727191,0.6076809399124607,1.6989743512347897,2.0034470294968236,1.7763568394002505e-12,3.322758499480183e-11,1.0346581699195024e-09,9.282780237079059e-14,2.023447139460875e-12
7.77427,0.02239,44.65549,Done,Double,160.1946,1.13375,0.99936,1.99889,1.99889,1.0,1.99889,0.99936,0.0,0.0,0.0,0.59886,1.0,6,6,1,0.69744,0.9061,0.05674,0.90059,0.56156,0.06111,0.82,0.7,0.06,0.9,0.56,0.06,-3.79979,-0.51034,-0.08132,-71.95745,0.04594,64.33895,double_rcm_log_20260616_133526_303.csv,44.65549,Unknown,Task3_Insertion,0.0,0.999999027495495,2.8141132440463115,2.814220400727191,0.6076809399124607,1.6989743512347897,2.0034470294968236,2.5219419200973695e-12,1.9789188912659192e-11,1.6066968003944947e-09,5.801734190283441e-15,1.530426545787603e-12
7.80456,0.03029,33.01816,Done,Double,160.1946,1.13375,0.99936,1.99889,1.99889,1.0,1.99889,0.99936,0.0,0.0,0.0,0.59886,1.0,6,6,1,0.69744,0.9061,0.05674,0.90059,0.56156,0.06111,0.82,0.7,0.06,0.9,0.56,0.06,-3.79979,-0.51034,-0.08132,-71.95745,0.04594,64.33895,double_rcm_log_20260616_133526_303.csv,33.01816,Unknown,Task3_Insertion,0.0,0.999999027495495,2.8141132440463115,2.814220400727191,0.6076809399124607,1.6989743512347897,2.0034470294968236,0.0,6.517552586389059e-11,4.3162852742947137e-10,4.6412479279271253e-14,7.822849232703195e-13
7.83566,0.0311,32.15307,Done,Double,160.1946,1.13375,0.99936,1.99889,1.99889,1.0,1.99889,0.99936,0.0,0.0,0.0,0.59886,1.0,6,6,1,0.69744,0.9061,0.05674,0.90059,0.56156,0.06111,0.82,0.7,0.06,0.9,0.56,0.06,-3.79979,-0.51034,-0.08132,-71.95745,0.04594,64.33895,double_rcm_log_20260616_133526_303.csv,32.15307,Unknown,Task3_Insertion,0.0,0.999999027495495,2.8141132440463115,2.814220400727191,0.6076809399124607,1.6989743512347897,2.0034470294968236,1.7763568394002505e-12,3.535777111790776e-11,1.4089567321755754e-09,4.641245714809236e-14,6.899589082426575e-13
7.86842,0.03276,30.52347,Done,Double,160.1946,1.13375,0.99936,1.99889,1.99889,1.0,1.99889,0.99936,0.0,0.0,0.0,0.59886,1.0,6,6,1,0.69744,0.9061,0.05674,0.90059,0.56156,0.06111,0.82,0.7,0.06,0.9,0.56,0.06,-3.79979,-0.51034,-0.08132,-71.95745,0.04594,64.33895,double_rcm_log_20260616_133526_303.csv,30.52347,Unknown,Task3_Insertion,0.0,0.999999027495495,2.8141132440463115,2.814220400727191,0.6076809399124607,1.6989743512347897,2.0034470294968236,2.51214793389404e-12,2.2762544097639478e-11,1.883941181004575e-09,9.064933036736789e-17,6.842222863183297e-13
7.89902,0.0306,32.68436,Done,Double,160.1946,1.13375,0.99936,1.99889,1.99889,1.0,1.99889,0.99936,0.0,0.0,0.0,0.59886,1.0,6,6,1,0.69744,0.9061,0.05674,0.90059,0.56156,0.06111,0.82,0.7,0.06,0.9,0.56,0.06,-3.79979,-0.51034,-0.08132,-71.95745,0.04594,64.33895,double_rcm_log_20260616_133526_303.csv,32.68436,Unknown,Task3_Insertion,0.0,0.999999027495495,2.8141132440463115,2.814220400727191,0.6076809399124607,1.6989743512347897,2.0034470294968236,1.1102230246251565e-13,8.558249038083479e-11,9.328765819474558e-10,4.5324665183683945e-17,2.0793752357596064e-12
7.93028,0.03126,31.99291,Done,Double,160.1946,1.13375,0.99936,1.99889,1.99889,1.0,1.99889,0.99936,0.0,0.0,0.0,0.59886,1.0,6,6,1,0.69744,0.9061,0.05674,0.90059,0.56156,0.06111,0.82,0.7,0.06,0.9,0.56,0.06,-3.79979,-0.51034,-0.08132,-71.95745,0.04594,64.33895,double_rcm_log_20260616_133526_303.csv,31.99291,Unknown,Task3_Insertion,0.0,0.999999027495495,2.8141132440463115,2.814220400727191,0.6076809399124607,1.6989743512347897,2.0034470294968236,3.9736059261160154e-12,7.817502165964837e-11,2.1669487049711585e-09,1.3140442790246462e-13,2.1672963206921275e-12
7.96185,0.03158,31.66967,Done,Double,160.1946,1.13375,0.99936,1.99889,1.99889,1.0,1.99889,0.99936,0.0,0.0,0.0,0.59886,1.0,6,6,1,0.69744,0.9061,0.05674,0.90059,0.56156,0.06111,0.82,0.7,0.06,0.9,0.56,0.06,-3.79979,-0.51034,-0.08132,-71.95745,0.04594,64.33895,double_rcm_log_20260616_133526_303.csv,31.66967,Unknown,Task3_Insertion,0.0,0.999999027495495,2.8141132440463115,2.814220400727191,0.6076809399124607,1.6989743512347897,2.0034470294968236,5.0292000132872716e-12,4.937665217083215e-11,3.241829106813864e-09,1.3936257765219587e-13,1.5307491014361501e-12
7.9948,0.03295,30.34893,Done,Double,160.1946,1.13375,0.99936,1.99889,1.99889,1.0,1.99889,0.99936,0.0,0.0,0.0,0.59886,1.0,6,6,1,0.69744,0.9061,0.05674,0.90059,0.56156,0.06111,0.82,0.7,0.06,0.9,0.56,0.06,-3.79979,-0.51034,-0.08132,-71.95745,0.04594,64.33895,double_rcm_log_20260616_133526_303.csv,30.34893,Unknown,Task3_Insertion,0.0,0.999999027495495,2.8141132440463115,2.814220400727191,0.6076809399124607,1.6989743512347897,2.0034470294968236,2.8135995527809737e-12,1.359342575996569e-10,2.7676546458030894e-09,5.1891149972543994e-14,3.5111784199814705e-12
8.05619,0.03174,31.50914,Done,Double,160.1946,1.13375,0.99936,1.99889,1.99889,1.0,1.99889,0.99936,0.0,0.0,0.0,0.59886,1.0,6,6,1,0.69744,0.9061,0.05674,0.90059,0.56156,0.06111,0.82,0.7,0.06,0.9,0.56,0.06,-3.79979,-0.51034,-0.08132,-71.95745,0.04594,64.33895,double_rcm_log_20260616_133526_303.csv,31.50914,Unknown,Task3_Insertion,0.0,0.999999027495495,2.8141132440463115,2.814220400727191,0.6076809399124607,1.6989743512347897,2.0034470294968236,2.220446049250313e-13,3.9030371948669244e-11,9.675649125180388e-10,9.300609147260107e-14,1.7186776722482213e-12
8.08788,0.03169,31.55691,Done,Double,160.1946,1.13375,0.99936,1.99889,1.99889,1.0,1.99889,0.99936,0.0,0.0,0.0,0.59886,1.0,6,6,1,0.69744,0.9061,0.05674,0.90059,0.56156,0.06111,0.82,0.7,0.06,0.9,0.56,0.06,-3.79979,-0.51034,-0.08132,-71.95745,0.04594,64.33895,double_rcm_log_20260616_133526_303.csv,31.55691,Unknown,Task3_Insertion,0.0,0.999999027495495,2.8141132440463115,2.814220400727191,0.6076809399124607,1.6989743512347897,2.0034470294968236,2.5146000066436358e-12,2.888069562362191e-11,1.178532182959031e-09,1.313068379520059e-13,1.4947432337460102e-12
8.12087,0.03299,30.30767,Done,Double,160.1946,1.13375,0.99936,1.99889,1.99889,1.0,1.99889,0.99936,0.0,0.0,0.0,0.59886,1.0,6,6,1,0.69744,0.9061,0.05674,0.90059,0.56156,0.06111,0.82,0.7,0.06,0.9,0.56,0.06,-3.79979,-0.51034,-0.08132,-71.95745,0.04594,64.33895,double_rcm_log_20260616_133526_303.csv,30.30767,Unknown,Task3_Insertion,0.0,0.999999027495495,2.8141132440463115,2.814220400727191,0.6076809399124607,1.6989743512347897,2.0034470294968236,1.7763568394002505e-12,3.944402480470963e-11,3.793400790559176e-10,1.313063373037905e-13,2.183179714922495e-12
8.15187,0.03099,32.26358,Done,Double,160.1946,1.13375,0.99936,1.99889,1.99889,1.0,1.99889,0.99936,0.0,0.0,0.0,0.59886,1.0,6,6,1,0.69744,0.9061,0.05674,0.90059,0.56156,0.06111,0.82,0.7,0.06,0.9,0.56,0.06,-3.79979,-0.51034,-0.08132,-71.95745,0.04594,64.33895,double_rcm_log_20260616_133526_303.csv,32.26358,Unknown,Task3_Insertion,0.0,0.999999027495495,2.8141132440463115,2.814220400727191,0.6076809399124607,1.6989743512347897,2.0034470294968236,0.0,1.8239937296225097e-12,1.2688397195839785e-09,2.9007785717557725e-15,2.1254990174468745e-12
8.18311,0.03124,32.0113,Done,Double,160.1946,1.13375,0.99936,1.99889,1.99889,1.0,1.99889,0.99936,0.0,0.0,0.0,0.59886,1.0,6,6,1,0.69744,0.9061,0.05674,0.90059,0.56156,0.06111,0.82,0.7,0.06,0.9,0.56,0.06,-3.79979,-0.51034,-0.08132,-71.95745,0.04594,64.33895,double_rcm_log_20260616_133526_303.csv,32.0113,Unknown,Task3_Insertion,0.0,0.999999027495495,2.8141132440463115,2.814220400727191,0.6076809399124607,1.6989743512347897,2.0034470294968236,1.7798229048217483e-12,3.9536533917897855e-11,5.365231652563183e-10,2.9251093597102246e-15,7.012522913617985e-13
8.21557,0.03246,30.80687,Done,Double,160.1946,1.13375,0.99936,1.99889,1.99889,1.0,1.99889,0.99936,0.0,0.0,0.0,0.59886,1.0,6,6,1,0.69744,0.9061,0.05674,0.90059,0.56156,0.06111,0.82,0.7,0.06,0.9,0.56,0.06,-3.79979,-0.51034,-0.08132,-71.95745,0.04594,64.33895,double_rcm_log_20260616_133526_303.csv,30.80687,Unknown,Task3_Insertion,0.0,0.999999027495495,2.8141132440463115,2.814220400727191,0.6076809399124607,1.6989743512347897,2.0034470294968236,2.5146000066436358e-12,3.885325241168376e-11,3.728095806120685e-10,4.65045421791224e-14,4.517500127176639e-14
8.24799,0.03242,30.84397,Done,Double,160.1946,1.13375,0.99936,1.99889,1.99889,1.0,1.99889,0.99936,0.0,0.0,0.0,0.59886,1.0,6,6,1,0.69744,0.9061,0.05674,0.90059,0.56156,0.06111,0.82,0.7,0.06,0.9,0.56,0.06,-3.79979,-0.51034,-0.08132,-71.95745,0.04594,64.33895,double_rcm_log_20260616_133526_303.csv,30.84397,Unknown,Task3_Insertion,0.0,0.999999027495495,2.8141132440463115,2.814220400727191,0.6076809399124607,1.6989743512347897,2.0034470294968236,1.7763568394002505e-12,2.980740407515378e-11,4.081577108685951e-10,7.251946429389431e-16,7.09215631115668e-13
8.27967,0.03168,31.56174,Done,Double,160.1946,1.13375,0.99936,1.99889,1.99889,1.0,1.99889,0.99936,0.0,0.0,0.0,0.59886,1.0,6,6,1,0.69744,0.9061,0.05674,0.90059,0.56156,0.06111,0.82,0.7,0.06,0.9,0.56,0.06,-3.79979,-0.51034,-0.08132,-71.95745,0.04594,64.33895,double_rcm_log_20260616_133526_303.csv,31.56174,Unknown,Task3_Insertion,0.0,0.999999027495495,2.8141132440463115,2.814220400727191,0.6076809399124607,1.6989743512347897,2.0034470294968236,3.978256139440565e-12,2.943501278531741e-11,5.01155479548786e-10,5.802442323349703e-15,1.4848307883891128e-12
8.31108,0.03141,31.83465,Done,Double,160.1946,1.13375,0.99936,1.99889,1.99889,1.0,1.99889,0.99936,0.0,0.0,0.0,0.59886,1.0,6,6,1,0.69744,0.9061,0.05674,0.90059,0.56156,0.06111,0.82,0.7,0.06,0.9,0.56,0.06,-3.79979,-0.51034,-0.08132,-71.95745,0.04594,64.33895,double_rcm_log_20260616_133526_303.csv,31.83465,Unknown,Task3_Insertion,0.0,0.999999027495495,2.8141132440463115,2.814220400727191,0.6076809399124607,1.6989743512347897,2.0034470294968236,2.5146000066436358e-12,3.2779328859438204e-12,9.812979177153463e-10,9.287093575082537e-14,2.021633852713075e-12
8.34291,0.03182,31.42409,Done,Double,160.1946,1.13375,0.99936,1.99889,1.99889,1.0,1.99889,0.99936,0.0,0.0,0.0,0.59886,1.0,6,6,1,0.69744,0.9061,0.05674,0.90059,0.56156,0.06111,0.82,0.7,0.06,0.9,0.56,0.06,-3.79979,-0.51034,-0.08132,-71.95745,0.04594,64.33895,double_rcm_log_20260616_133526_303.csv,31.42409,Unknown,Task3_Insertion,0.0,0.999999027495495,2.8141132440463115,2.814220400727191,0.6076809399124607,1.6989743512347897,2.0034470294968236,3.9736059261160154e-12,3.2858214880998676e-11,1.1893076490466894e-09,1.313068379520059e-13,1.5874850082056087e-12
8.37587,0.03296,30.33681,Done,Double,160.1946,1.13375,0.99936,1.99889,1.99889,1.0,1.99889,0.99936,0.0,0.0,0.0,0.59886,1.0,6,6,1,0.69744,0.9061,0.05674,0.90059,0.56156,0.06111,0.82,0.7,0.06,0.9,0.56,0.06,-3.79979,-0.51034,-0.08132,-71.95745,0.04594,64.33895,double_rcm_log_20260616_133526_303.csv,30.33681,Unknown,Task3_Insertion,0.0,0.999999027495495,2.8141132440463115,2.814220400727191,0.6076809399124607,1.6989743512347897,2.0034470294968236,1.7901808365247238e-12,8.486369606841082e-11,1.0346204256947405e-09,0.0,2.537311650232768e-12
8.4062,0.03033,32.96596,Done,Double,160.1946,1.13375,0.99936,1.99889,1.99889,1.0,1.99889,0.99936,0.0,0.0,0.0,0.59886,1.0,6,6,1,0.69744,0.9061,0.05674,0.90059,0.56156,0.06111,0.82,0.7,0.06,0.9,0.56,0.06,-3.79979,-0.51034,-0.08132,-71.95745,0.04594,64.33895,double_rcm_log_20260616_133526_303.csv,32.96596,Unknown,Task3_Insertion,0.0,0.999999027495495,2.8141132440463115,2.814220400727191,0.6076809399124607,1.6989743512347897,2.0034470294968236,1.7763568394002505e-12,5.763987809383951e-11,1.8882148308076338e-09,4.6508672332329746e-14,1.5999168509637855e-12
8.43762,0.03142,31.82556,Done,Double,160.1946,1.13375,0.99936,1.99889,1.99889,1.0,1.99889,0.99936,0.0,0.0,0.0,0.59886,1.0,6,6,1,0.69744,0.9061,0.05674,0.90059,0.56156,0.06111,0.82,0.7,0.06,0.9,0.56,0.06,-3.79979,-0.51034,-0.08132,-71.95745,0.04594,64.33895,double_rcm_log_20260616_133526_303.csv,31.82556,Unknown,Task3_Insertion,0.0,0.999999027495495,2.8141132440463115,2.814220400727191,0.6076809399124607,1.6989743512347897,2.0034470294968236,1.7798229048217483e-12,2.9204875682255884e-11,1.7578809780619695e-09,1.0382448348311359e-13,8.489769786222969e-13
8.47076,0.03314,30.17813,Done,Double,160.1946,1.13375,0.99936,1.99889,1.99889,1.0,1.99889,0.99936,0.0,0.0,0.0,0.59886,1.0,6,6,1,0.69744,0.9061,0.05674,0.90059,0.56156,0.06111,0.82,0.7,0.06,0.9,0.56,0.06,-3.79979,-0.51034,-0.08132,-71.95745,0.04594,64.33895,double_rcm_log_20260616_133526_303.csv,30.17813,Unknown,Task3_Insertion,0.0,0.999999027495495,2.8141132440463115,2.814220400727191,0.6076809399124607,1.6989743512347897,2.0034470294968236,1.1102230246251565e-13,6.067946410747309e-11,3.7160457132793686e-10,2.9233530645295473e-15,3.5295794827973398e-12
8.50348,0.03272,30.56541,Done,Double,160.1946,1.13375,0.99936,1.99889,1.99889,1.0,1.99889,0.99936,0.0,0.0,0.0,0.59886,1.0,6,6,1,0.69744,0.9061,0.05674,0.90059,0.56156,0.06111,0.82,0.7,0.06,0.9,0.56,0.06,-3.79979,-0.51034,-0.08132,-71.95745,0.04594,64.33895,double_rcm_log_20260616_133526_303.csv,30.56541,Unknown,Task3_Insertion,0.0,0.999999027495495,2.8141132440463115,2.814220400727191,0.6076809399124607,1.6989743512347897,2.0034470294968236,2.5219419200973695e-12,7.265376050483035e-12,1.8941017614765388e-09,1.3127631839010574e-13,6.145029938559673e-13
8.53382,0.03034,32.95658,Done,Double,160.1946,1.13375,0.99936,1.99889,1.99889,1.0,1.99889,0.99936,0.0,0.0,0.0,0.59886,1.0,6,6,1,0.69744,0.9061,0.05674,0.90059,0.56156,0.06111,0.82,0.7,0.06,0.9,0.56,0.06,-3.79979,-0.51034,-0.08132,-71.95745,0.04594,64.33895,double_rcm_log_20260616_133526_303.csv,32.95658,Unknown,Task3_Insertion,0.0,0.999999027495495,2.8141132440463115,2.814220400727191,0.6076809399124607,1.6989743512347897,2.0034470294968236,1.1102230246251565e-13,6.501202895404608e-11,5.992638415037024e-10,4.6413962044218356e-14,3.3355608318325632e-12
8.56531,0.03149,31.76052,Done,Double,160.1946,1.13375,0.99936,1.99889,1.99889,1.0,1.99889,0.99936,0.0,0.0,0.0,0.59886,1.0,6,6,1,0.69744,0.9061,0.05674,0.90059,0.56156,0.06111,0.82,0.7,0.06,0.9,0.56,0.06,-3.79979,-0.51034,-0.08132,-71.95745,0.04594,64.33895,double_rcm_log_20260616_133526_303.csv,31.76052,Unknown,Task3_Insertion,0.0,0.999999027495495,2.8141132440463115,2.814220400727191,0.6076809399124607,1.6989743512347897,2.0034470294968236,1.7798229048217483e-12,3.9746584273238246e-11,9.916651795624407e-10,9.287307032725803e-14,7.686390788573797e-13
8.59709,0.03178,31.46605,Done,Double,160.1946,1.13375,0.99936,1.99889,1.99889,1.0,1.99889,0.99936,0.0,0.0,0.0,0.59886,1.0,6,6,1,0.69744,0.9061,0.05674,0.90059,0.56156,0.06111,0.82,0.7,0.06,0.9,0.56,0.06,-3.79979,-0.51034,-0.08132,-71.95745,0.04594,64.33895,double_rcm_log_20260616_133526_303.csv,31.46605,Unknown,Task3_Insertion,0.0,0.999999027495495,2.8141132440463115,2.814220400727191,0.6076809399124607,1.6989743512347897,2.0034470294968236,2.51214793389404e-12,5.4839852478582313e-11,1.856230796026718e-09,2.9021946219117546e-15,1.229919162753127e-13
8.63017,0.03309,30.22513,Done,Double,160.1946,1.13375,0.99936,1.99889,1.99889,1.0,1.99889,0.99936,0.0,0.0,0.0,0.59886,1.0,6,6,1,0.69744,0.9061,0.05674,0.90059,0.56156,0.06111,0.82,0.7,0.06,0.9,0.56,0.06,-3.79979,-0.51034,-0.08132,-71.95745,0.04594,64.33895,double_rcm_log_20260616_133526_303.csv,30.22513,Unknown,Task3_Insertion,0.0,0.999999027495495,2.8141132440463115,2.814220400727191,0.6076809399124607,1.6989743512347897,2.0034470294968236,3.978256139440565e-12,8.559072390347913e-11,2.2806233113643753e-09,9.30175655183984e-14,2.305070904444976e-12
8.6613,0.03113,32.1206,Done,Double,160.1946,1.13375,0.99936,1.99889,1.99889,1.0,1.99889,0.99936,0.0,0.0,0.0,0.59886,1.0,6,6,1,0.69744,0.9061,0.05674,0.90059,0.56156,0.06111,0.82,0.7,0.06,0.9,0.56,0.06,-3.79979,-0.51034,-0.08132,-71.95745,0.04594,64.33895,double_rcm_log_20260616_133526_303.csv,32.1206,Unknown,Task3_Insertion,0.0,0.999999027495495,2.8141132440463115,2.814220400727191,0.6076809399124607,1.6989743512347897,2.0034470294968236,2.5146000066436358e-12,1.0404750686449523e-10,1.9438863071408654e-09,1.3140439663524552e-13,1.5789845068012044e-12
8.69311,0.03181,31.44055,Done,Double,160.1946,1.13375,0.99936,1.99889,1.99889,1.0,1.99889,0.99936,0.0,0.0,0.0,0.59886,1.0,6,6,1,0.69744,0.9061,0.05674,0.90059,0.56156,0.06111,0.82,0.7,0.06,0.9,0.56,0.06,-3.79979,-0.51034,-0.08132,-71.95745,0.04594,64.33895,double_rcm_log_20260616_133526_303.csv,31.44055,Unknown,Task3_Insertion,0.0,0.999999027495495,2.8141132440463115,2.814220400727191,0.6076809399124607,1.6989743512347897,2.0034470294968236,2.51214793389404e-12,4.018441993753523e-11,2.2555825619944292e-09,2.9914279021231404e-15,2.630971445320707e-12
8.72457,0.03146,31.78485,Done,Double,160.1946,1.13375,0.99936,1.99889,1.99889,1.0,1.99889,0.99936,0.0,0.0,0.0,0.59886,1.0,6,6,1,0.69744,0.9061,0.05674,0.90059,0.56156,0.06111,0.82,0.7,0.06,0.9,0.56,0.06,-3.79979,-0.51034,-0.08132,-71.95745,0.04594,64.33895,double_rcm_log_20260616_133526_303.csv,31.78485,Unknown,Task3_Insertion,0.0,0.999999027495495,2.8141132440463115,2.814220400727191,0.6076809399124607,1.6989743512347897,2.0034470294968236,0.0,4.082543916258494e-11,9.610909545802262e-10,4.641398417467969e-14,8.123464037516418e-14
8.75748,0.0329,30.39165,Done,Double,160.1946,1.13375,0.99936,1.99889,1.99889,1.0,1.99889,0.99936,0.0,0.0,0.0,0.59886,1.0,6,6,1,0.69744,0.9061,0.05674,0.90059,0.56156,0.06111,0.82,0.7,0.06,0.9,0.56,0.06,-3.79979,-0.51034,-0.08132,-71.95745,0.04594,64.33895,double_rcm_log_20260616_133526_303.csv,30.39165,Unknown,Task3_Insertion,0.0,0.999999027495495,2.8141132440463115,2.814220400727191,0.6076809399124607,1.6989743512347897,2.0034470294968236,0.0,2.9806362126308436e-11,5.812905596960898e-10,1.013490324081353e-16,2.239237105388225e-12
8.78827,0.0308,32.46828,Done,Double,160.1946,1.13375,0.99936,1.99889,1.99889,1.0,1.99889,0.99936,0.0,0.0,0.0,0.59886,1.0,6,6,1,0.69744,0.9061,0.05674,0.90059,0.56156,0.06111,0.82,0.7,0.06,0.9,0.56,0.06,-3.79979,-0.51034,-0.08132,-71.95745,0.04594,64.33895,double_rcm_log_20260616_133526_303.csv,32.46828,Unknown,Task3_Insertion,0.0,0.999999027495495,2.8141132440463115,2.814220400727191,0.6076809399124607,1.6989743512347897,2.0034470294968236,1.7763568394002505e-12,2.1467873401734014e-12,1.763815951711065e-09,9.282495855854251e-14,1.4282094522941357e-12
8.82025,0.03198,31.27053,Done,Double,160.1946,1.13375,0.99936,1.99889,1.99889,1.0,1.99889,0.99936,0.0,0.0,0.0,0.59886,1.0,6,6,1,0.69744,0.9061,0.05674,0.90059,0.56156,0.06111,0.82,0.7,0.06,0.9,0.56,0.06,-3.79979,-0.51034,-0.08132,-71.95745,0.04594,64.33895,double_rcm_log_20260616_133526_303.csv,31.27053,Unknown,Task3_Insertion,0.0,0.999999027495495,2.8141132440463115,2.814220400727191,0.6076809399124607,1.6989743512347897,2.0034470294968236,0.0,8.301300571523115e-11,5.296256155860222e-10,9.28256778188985e-14,3.2419471901684563e-12
8.85238,0.03213,31.12783,Done,Double,160.1946,1.13375,0.99936,1.99889,1.99889,1.0,1.99889,0.99936,0.0,0.0,0.0,0.59886,1.0,6,6,1,0.69744,0.9061,0.05674,0.90059,0.56156,0.06111,0.82,0.7,0.06,0.9,0.56,0.06,-3.79979,-0.51034,-0.08132,-71.95745,0.04594,64.33895,double_rcm_log_20260616_133526_303.csv,31.12783,Unknown,Task3_Insertion,0.0,0.999999027495495,2.8141132440463115,2.814220400727191,0.6076809399124607,1.6989743512347897,2.0034470294968236,3.5544479789666732e-12,3.6021842444753456e-11,1.6840165639862716e-09,1.3140439663524552e-13,3.0913412716355482e-12
8.88526,0.03288,30.41762,Done,Double,160.1946,1.13375,0.99936,1.99889,1.99889,1.0,1.99889,0.99936,0.0,0.0,0.0,0.59886,1.0,6,6,1,0.69744,0.9061,0.05674,0.90059,0.56156,0.06111,0.82,0.7,0.06,0.9,0.56,0.06,-3.79979,-0.51034,-0.08132,-71.95745,0.04594,64.33895,double_rcm_log_20260616_133526_303.csv,30.41762,Unknown,Task3_Insertion,0.0,0.999999027495495,2.8141132440463115,2.814220400727191,0.6076809399124607,1.6989743512347897,2.0034470294968236,2.51214793389404e-12,3.826745028384691e-11,9.550078362691378e-10,1.3130833988519902e-13,1.6838709863809377e-12
8.91619,0.03093,32.32839,Done,Double,160.1946,1.13375,0.99936,1.99889,1.99889,1.0,1.99889,0.99936,0.0,0.0,0.0,0.59886,1.0,6,6,1,0.69744,0.9061,0.05674,0.90059,0.56156,0.06111,0.82,0.7,0.06,0.9,0.56,0.06,-3.79979,-0.51034,-0.08132,-71.95745,0.04594,64.33895,double_rcm_log_20260616_133526_303.csv,32.32839,Unknown,Task3_Insertion,0.0,0.999999027495495,2.8141132440463115,2.814220400727191,0.6076809399124607,1.6989743512347897,2.0034470294968236,2.5146000066436358e-12,2.964536522197752e-11,1.5491148634165924e-09,2.9021946219117546e-15,2.135993837532948e-12
8.94751,0.03132,31.92463,Done,Double,160.1946,1.13375,0.99936,1.99889,1.99889,1.0,1.99889,0.99936,0.0,0.0,0.0,0.59886,1.0,6,6,1,0.69744,0.9061,0.05674,0.90059,0.56156,0.06111,0.82,0.7,0.06,0.9,0.56,0.06,-3.79979,-0.51034,-0.08132,-71.95745,0.04594,64.33895,double_rcm_log_20260616_133526_303.csv,31.92463,Unknown,Task3_Insertion,0.0,0.999999027495495,2.8141132440463115,2.814220400727191,0.6076809399124607,1.6989743512347897,2.0034470294968236,1.7763568394002505e-12,8.028862988249598e-11,1.0173507602673755e-09,9.064933036736789e-17,1.6378401628899336e-12
8.97908,0.03157,31.67748,Done,Double,160.1946,1.13375,0.99936,1.99889,1.99889,1.0,1.99889,0.99936,0.0,0.0,0.0,0.59886,1.0,6,6,1,0.69744,0.9061,0.05674,0.90059,0.56156,0.06111,0.82,0.7,0.06,0.9,0.56,0.06,-3.79979,-0.51034,-0.08132,-71.95745,0.04594,64.33895,double_rcm_log_20260616_133526_303.csv,31.67748,Unknown,Task3_Insertion,0.0,0.999999027495495,2.8141132440463115,2.814220400727191,0.6076809399124607,1.6989743512347897,2.0034470294968236,2.5146000066436358e-12,3.9665762919232715e-11,1.614340206828508e-09,1.0378399236642453e-13,5.273456343891867e-14
9.01091,0.03183,31.42047,Done,Double,160.1946,1.13375,0.99936,1.99889,1.99889,1.0,1.99889,0.99936,0.0,0.0,0.0,0.59886,1.0,6,6,1,0.69744,0.9061,0.05674,0.90059,0.56156,0.06111,0.82,0.7,0.06,0.9,0.56,0.06,-3.79979,-0.51034,-0.08132,-71.95745,0.04594,64.33895,double_rcm_log_20260616_133526_303.csv,31.42047,Unknown,Task3_Insertion,0.0,0.999999027495495,2.8141132440463115,2.814220400727191,0.6076809399124607,1.6989743512347897,2.0034470294968236,1.7798229048217483e-12,2.8815431380588462e-11,1.3370847969191009e-09,2.9025485265069256e-15,1.6148520279835806e-12
9.04212,0.03121,32.03712,Done,Double,160.1946,1.13375,0.99936,1.99889,1.99889,1.0,1.99889,0.99936,0.0,0.0,0.0,0.59886,1.0,6,6,1,0.69744,0.9061,0.05674,0.90059,0.56156,0.06111,0.82,0.7,0.06,0.9,0.56,0.06,-3.79979,-0.51034,-0.08132,-71.95745,0.04594,64.33895,double_rcm_log_20260616_133526_303.csv,32.03712,Unknown,Task3_Insertion,0.0,0.999999027495495,2.8141132440463115,2.814220400727191,0.6076809399124607,1.6989743512347897,2.0034470294968236,1.7763568394002505e-12,6.256147275520182e-11,1.005846158420928e-09,2.9233530645295473e-15,2.0516128807090084e-12
9.07387,0.03175,31.4952,Done,Double,160.1946,1.13375,0.99936,1.99889,1.99889,1.0,1.99889,0.99936,0.0,0.0,0.0,0.59886,1.0,6,6,1,0.69744,0.9061,0.05674,0.90059,0.56156,0.06111,0.82,0.7,0.06,0.9,0.56,0.06,-3.79979,-0.51034,-0.08132,-71.95745,0.04594,64.33895,double_rcm_log_20260616_133526_303.csv,31.4952,Unknown,Task3_Insertion,0.0,0.999999027495495,2.8141132440463115,2.814220400727191,0.6076809399124607,1.6989743512347897,2.0034470294968236,2.5146000066436358e-12,5.572318702748586e-11,1.0235599877192958e-09,1.3130833206267483e-13,1.4582016301325385e-12
9.10533,0.03145,31.79187,Done,Double,160.1946,1.13375,0.99936,1.99889,1.99889,1.0,1.99889,0.99936,0.0,0.0,0.0,0.59886,1.0,6,6,1,0.69744,0.9061,0.05674,0.90059,0.56156,0.06111,0.82,0.7,0.06,0.9,0.56,0.06,-3.79979,-0.51034,-0.08132,-71.95745,0.04594,64.33895,double_rcm_log_20260616_133526_303.csv,31.79187,Unknown,Task3_Insertion,0.0,0.999999027495495,2.8141132440463115,2.814220400727191,0.6076809399124607,1.6989743512347897,2.0034470294968236,1.7798229048217483e-12,2.8905928353555526e-12,1.8183524784841544e-09,9.287022790117615e-14,1.5096829745059437e-12
9.13829,0.03297,30.33501,Done,Double,160.1946,1.13375,0.99936,1.99889,1.99889,1.0,1.99889,0.99936,0.0,0.0,0.0,0.59886,1.0,6,6,1,0.69744,0.9061,0.05674,0.90059,0.56156,0.06111,0.82,0.7,0.06,0.9,0.56,0.06,-3.79979,-0.51034,-0.08132,-71.95745,0.04594,64.33895,double_rcm_log_20260616_133526_303.csv,30.33501,Unknown,Task3_Insertion,0.0,0.999999027495495,2.8141132440463115,2.814220400727191,0.6076809399124607,1.6989743512347897,2.0034470294968236,2.5219419200973695e-12,6.555536487847361e-11,9.324929179594411e-10,9.287041592426543e-14,3.766051199136222e-12
9.16981,0.03152,31.72496,Done,Double,160.1946,1.13375,0.99936,1.99889,1.99889,1.0,1.99889,0.99936,0.0,0.0,0.0,0.59886,1.0,6,6,1,0.69744,0.9061,0.05674,0.90059,0.56156,0.06111,0.82,0.7,0.06,0.9,0.56,0.06,-3.79979,-0.51034,-0.08132,-71.95745,0.04594,64.33895,double_rcm_log_20260616_133526_303.csv,31.72496,Unknown,Task3_Insertion,0.0,0.999999027495495,2.8141132440463115,2.814220400727191,0.6076809399124607,1.6989743512347897,2.0034470294968236,2.5146000066436358e-12,6.40399793294645e-11,1.2698859414829356e-09,1.6744342900585219e-13,1.534792598250575e-12
9.20185,0.03204,31.20832,Done,Double,160.1946,1.13375,0.99936,1.99889,1.99889,1.0,1.99889,0.99936,0.0,0.0,0.0,0.59886,1.0,6,6,1,0.69744,0.9061,0.05674,0.90059,0.56156,0.06111,0.82,0.7,0.06,0.9,0.56,0.06,-3.79979,-0.51034,-0.08132,-71.95745,0.04594,64.33895,double_rcm_log_20260616_133526_303.csv,31.20832,Unknown,Task3_Insertion,0.0,0.999999027495495,2.8141132440463115,2.814220400727191,0.6076809399124607,1.6989743512347897,2.0034470294968236,1.7763568394002505e-12,2.7068304687462385e-11,1.3538569923994108e-09,0.0,2.545326676988371e-12
9.2323,0.03045,32.84172,Done,Double,160.1946,1.13375,0.99936,1.99889,1.99889,1.0,1.99889,0.99936,0.0,0.0,0.0,0.59886,1.0,6,6,1,0.69744,0.9061,0.05674,0.90059,0.56156,0.06111,0.82,0.7,0.06,0.9,0.56,0.06,-3.79979,-0.51034,-0.08132,-71.95745,0.04594,64.33895,double_rcm_log_20260616_133526_303.csv,32.84172,Unknown,Task3_Insertion,0.0,0.999999027495495,2.8141132440463115,2.814220400727191,0.6076809399124607,1.6989743512347897,2.0034470294968236,1.7763568394002505e-12,2.53982914749926e-11,1.3541046960049354e-09,2.9011326490926733e-15,1.8791739480594494e-12
9.26567,0.03337,29.97001,Done,Double,160.1946,1.13375,0.99936,1.99889,1.99889,1.0,1.99889,0.99936,0.0,0.0,0.0,0.59886,1.0,6,6,1,0.69744,0.9061,0.05674,0.90059,0.56156,0.06111,0.82,0.7,0.06,0.9,0.56,0.06,-3.79979,-0.51034,-0.08132,-71.95745,0.04594,64.33895,double_rcm_log_20260616_133526_303.csv,29.97001,Unknown,Task3_Insertion,0.0,0.999999027495495,2.8141132440463115,2.814220400727191,0.6076809399124607,1.6989743512347897,2.0034470294968236,0.0,6.246688389942992e-11,4.0886653902263787e-10,1.3140241896852054e-13,2.506996463454515e-12
9.29581,0.03014,33.17698,Done,Double,160.1946,1.13375,0.99936,1.99889,1.99889,1.0,1.99889,0.99936,0.0,0.0,0.0,0.59886,1.0,6,6,1,0.69744,0.9061,0.05674,0.90059,0.56156,0.06111,0.82,0.7,0.06,0.9,0.56,0.06,-3.79979,-0.51034,-0.08132,-71.95745,0.04594,64.33895,double_rcm_log_20260616_133526_303.csv,33.17698,Unknown,Task3_Insertion,0.0,0.999999027495495,2.8141132440463115,2.814220400727191,0.6076809399124607,1.6989743512347897,2.0034470294968236,3.9859944391854005e-12,7.335671969501455e-12,1.5547039721859531e-09,1.6757219546710865e-13,1.9405893461565646e-12
9.32772,0.03191,31.34228,Done,Double,160.1946,1.13375,0.99936,1.99889,1.99889,1.0,1.99889,0.99936,0.0,0.0,0.0,0.59886,1.0,6,6,1,0.69744,0.9061,0.05674,0.90059,0.56156,0.06111,0.82,0.7,0.06,0.9,0.56,0.06,-3.79979,-0.51034,-0.08132,-71.95745,0.04594,64.33895,double_rcm_log_20260616_133526_303.csv,31.34228,Unknown,Task3_Insertion,0.0,0.999999027495495,2.8141132440463115,2.814220400727191,0.6076809399124607,1.6989743512347897,2.0034470294968236,0.0,3.907689112277416e-11,1.091036504858319e-10,0.0,2.611737521216678e-12
9.35929,0.03158,31.66822,Done,Double,160.1946,1.13375,0.99936,1.99889,1.99889,1.0,1.99889,0.99936,0.0,0.0,0.0,0.59886,1.0,6,6,1,0.69744,0.9061,0.05674,0.90059,0.56156,0.06111,0.82,0.7,0.06,0.9,0.56,0.06,-3.79979,-0.51034,-0.08132,-71.95745,0.04594,64.33895,double_rcm_log_20260616_133526_303.csv,31.66822,Unknown,Task3_Insertion,0.0,0.999999027495495,2.8141132440463115,2.814220400727191,0.6076809399124607,1.6989743512347897,2.0034470294968236,1.7763568394002505e-12,1.8155614895879796e-12,4.4594058151541883e-10,7.251946429389431e-16,4.6432564274448334e-14
9.39065,0.03136,31.88913,Done,Double,160.1946,1.13375,0.99936,1.99889,1.99889,1.0,1.99889,0.99936,0.0,0.0,0.0,0.59886,1.0,6,6,1,0.69744,0.9061,0.05674,0.90059,0.56156,0.06111,0.82,0.7,0.06,0.9,0.56,0.06,-3.79979,-0.51034,-0.08132,-71.95745,0.04594,64.33895,double_rcm_log_20260616_133526_303.csv,31.88913,Unknown,Task3_Insertion,0.0,0.999999027495495,2.8141132440463115,2.814220400727191,0.6076809399124607,1.6989743512347897,2.0034470294968236,1.1102230246251565e-13,2.8700864128204012e-11,1.0155186273553443e-09,2.9025485265069256e-15,1.1968884847752122e-14
9.42286,0.03221,31.0445,Done,Double,160.1946,1.13375,0.99936,1.99889,1.99889,1.0,1.99889,0.99936,0.0,0.0,0.0,0.59886,1.0,6,6,1,0.69744,0.9061,0.05674,0.90059,0.56156,0.06111,0.82,0.7,0.06,0.9,0.56,0.06,-3.79979,-0.51034,-0.08132,-71.95745,0.04594,64.33895,double_rcm_log_20260616_133526_303.csv,31.0445,Unknown,Task3_Insertion,0.0,0.999999027495495,2.8141132440463115,2.814220400727191,0.6076809399124607,1.6989743512347897,2.0034470294968236,0.0,6.502825830176235e-11,6.38251220678517e-10,0.0,2.140754564175818e-12
9.45407,0.0312,32.04946,Done,Double,160.1946,1.13375,0.99936,1.99889,1.99889,1.0,1.99889,0.99936,0.0,0.0,0.0,0.59886,1.0,6,6,1,0.69744,0.9061,0.05674,0.90059,0.56156,0.06111,0.82,0.7,0.06,0.9,0.56,0.06,-3.79979,-0.51034,-0.08132,-71.95745,0.04594,64.33895,double_rcm_log_20260616_133526_303.csv,32.04946,Unknown,Task3_Insertion,0.0,0.999999027495495,2.8141132440463115,2.814220400727191,0.6076809399124607,1.6989743512347897,2.0034470294968236,3.9859944391854005e-12,6.532666510434705e-11,2.3016152363094564e-09,1.3140304432090045e-13,2.155983003304508e-12
9.48687,0.0328,30.48663,Done,Double,160.1946,1.13375,0.99936,1.99889,1.99889,1.0,1.99889,0.99936,0.0,0.0,0.0,0.59886,1.0,6,6,1,0.69744,0.9061,0.05674,0.90059,0.56156,0.06111,0.82,0.7,0.06,0.9,0.56,0.06,-3.79979,-0.51034,-0.08132,-71.95745,0.04594,64.33895,double_rcm_log_20260616_133526_303.csv,30.48663,Unknown,Task3_Insertion,0.0,0.999999027495495,2.8141132440463115,2.814220400727191,0.6076809399124607,1.6989743512347897,2.0034470294968236,3.978256139440565e-12,9.026389454475633e-11,2.1167394870299814e-09,1.3130845722300625e-13,1.4897354468092387e-12
9.51857,0.0317,31.54812,Done,Double,160.1946,1.13375,0.99936,1.99889,1.99889,1.0,1.99889,0.99936,0.0,0.0,0.0,0.59886,1.0,6,6,1,0.69744,0.9061,0.05674,0.90059,0.56156,0.06111,0.82,0.7,0.06,0.9,0.56,0.06,-3.79979,-0.51034,-0.08132,-71.95745,0.04594,64.33895,double_rcm_log_20260616_133526_303.csv,31.54812,Unknown,Task3_Insertion,0.0,0.999999027495495,2.8141132440463115,2.814220400727191,0.6076809399124607,1.6989743512347897,2.0034470294968236,1.7763568394002505e-12,7.854520418571804e-11,1.898094248824036e-09,9.287022790117615e-14,3.35064727889931e-12
9.54964,0.03108,32.17561,Done,Double,160.1946,1.13375,0.99936,1.99889,1.99889,1.0,1.99889,0.99936,0.0,0.0,0.0,0.59886,1.0,6,6,1,0.69744,0.9061,0.05674,0.90059,0.56156,0.06111,0.82,0.7,0.06,0.9,0.56,0.06,-3.79979,-0.51034,-0.08132,-71.95745,0.04594,64.33895,double_rcm_log_20260616_133526_303.csv,32.17561,Unknown,Task3_Insertion,0.0,0.999999027495495,2.8141132440463115,2.814220400727191,0.6076809399124607,1.6989743512347897,2.0034470294968236,1.7763568394002505e-12,2.8783376914591105e-11,2.0111290126081503e-09,9.300609147260107e-14,2.1276972666989557e-12
9.58112,0.03147,31.77589,Done,Double,160.1946,1.13375,0.99936,1.99889,1.99889,1.0,1.99889,0.99936,0.0,0.0,0.0,0.59886,1.0,6,6,1,0.69744,0.9061,0.05674,0.90059,0.56156,0.06111,0.82,0.7,0.06,0.9,0.56,0.06,-3.79979,-0.51034,-0.08132,-71.95745,0.04594,64.33895,double_rcm_log_20260616_133526_303.csv,31.77589,Unknown,Task3_Insertion,0.0,0.999999027495495,2.8141132440463115,2.814220400727191,0.6076809399124607,1.6989743512347897,2.0034470294968236,0.0,5.607633966777183e-11,8.888836997599966e-10,9.282562249137667e-14,2.6629064479862086e-12
9.613,0.03189,31.36263,Done,Double,160.1946,1.13375,0.99936,1.99889,1.99889,1.0,1.99889,0.99936,0.0,0.0,0.0,0.59886,1.0,6,6,1,0.69744,0.9061,0.05674,0.90059,0.56156,0.06111,0.82,0.7,0.06,0.9,0.56,0.06,-3.79979,-0.51034,-0.08132,-71.95745,0.04594,64.33895,double_rcm_log_20260616_133526_303.csv,31.36263,Unknown,Task3_Insertion,0.0,0.999999027495495,2.8141132440463115,2.814220400727191,0.6076809399124607,1.6989743512347897,2.0034470294968236,1.7763568394002505e-12,2.7492089982184812e-11,1.8015847465978208e-09,1.0382257406632452e-13,2.8670724507483363e-12
9.64521,0.03221,31.04514,Done,Double,160.1946,1.13375,0.99936,1.99889,1.99889,1.0,1.99889,0.99936,0.0,0.0,0.0,0.59886,1.0,6,6,1,0.69744,0.9061,0.05674,0.90059,0.56156,0.06111,0.82,0.7,0.06,0.9,0.56,0.06,-3.79979,-0.51034,-0.08132,-71.95745,0.04594,64.33895,double_rcm_log_20260616_133526_303.csv,31.04514,Unknown,Task3_Insertion,0.0,0.999999027495495,2.8141132440463115,2.814220400727191,0.6076809399124607,1.6989743512347897,2.0034470294968236,1.7798229048217483e-12,6.23048981945215e-11,9.958411832882216e-10,9.282491429618472e-14,2.922780549630537e-12
9.67637,0.03116,32.09262,Done,Double,160.1946,1.13375,0.99936,1.99889,1.99889,1.0,1.99889,0.99936,0.0,0.0,0.0,0.59886,1.0,6,6,1,0.69744,0.9061,0.05674,0.90059,0.56156,0.06111,0.82,0.7,0.06,0.9,0.56,0.06,-3.79979,-0.51034,-0.08132,-71.95745,0.04594,64.33895,double_rcm_log_20260616_133526_303.csv,32.09262,Unknown,Task3_Insertion,0.0,0.999999027495495,2.8141132440463115,2.814220400727191,0.6076809399124607,1.6989743512347897,2.0034470294968236,2.51214793389404e-12,4.0063903216980887e-11,1.4069318321840892e-09,9.287022790117615e-14,1.354294440609997e-15
9.70799,0.03162,31.62924,Done,Double,160.1946,1.13375,0.99936,1.99889,1.99889,1.0,1.99889,0.99936,0.0,0.0,0.0,0.59886,1.0,6,6,1,0.69744,0.9061,0.05674,0.90059,0.56156,0.06111,0.82,0.7,0.06,0.9,0.56,0.06,-3.79979,-0.51034,-0.08132,-71.95745,0.04594,64.33895,double_rcm_log_20260616_133526_303.csv,31.62924,Unknown,Task3_Insertion,0.0,0.999999027495495,2.8141132440463115,2.814220400727191,0.6076809399124607,1.6989743512347897,2.0034470294968236,1.7763568394002505e-12,2.7920006694869053e-11,9.86255588799115e-10,9.282491429618472e-14,1.4567825822987094e-12
9.73978,0.0318,31.44946,Done,Double,160.1946,1.13375,0.99936,1.99889,1.99889,1.0,1.99889,0.99936,0.0,0.0,0.0,0.59886,1.0,6,6,1,0.69744,0.9061,0.05674,0.90059,0.56156,0.06111,0.82,0.7,0.06,0.9,0.56,0.06,-3.79979,-0.51034,-0.08132,-71.95745,0.04594,64.33895,double_rcm_log_20260616_133526_303.csv,31.44946,Unknown,Task3_Insertion,0.0,0.999999027495495,2.8141132440463115,2.814220400727191,0.6076809399124607,1.6989743512347897,2.0034470294968236,1.7798229048217483e-12,2.7805476526003452e-11,5.11680864144553e-10,4.5324665183683945e-17,4.35154974619604e-14
9.77112,0.03133,31.91395,Done,Double,160.1946,1.13375,0.99936,1.99889,1.99889,1.0,1.99889,0.99936,0.0,0.0,0.0,0.59886,1.0,6,6,1,0.69744,0.9061,0.05674,0.90059,0.56156,0.06111,0.82,0.7,0.06,0.9,0.56,0.06,-3.79979,-0.51034,-0.08132,-71.95745,0.04594,64.33895,double_rcm_log_20260616_133526_303.csv,31.91395,Unknown,Task3_Insertion,0.0,0.999999027495495,2.8141132440463115,2.814220400727191,0.6076809399124607,1.6989743512347897,2.0034470294968236,2.5146000066436358e-12,3.237184732163248e-11,1.3400682933371106e-09,9.282774704453505e-14,8.160704969923699e-13
9.80219,0.03107,32.1883,Done,Double,160.1946,1.13375,0.99936,1.99889,1.99889,1.0,1.99889,0.99936,0.0,0.0,0.0,0.59886,1.0,6,6,1,0.69744,0.9061,0.05674,0.90059,0.56156,0.06111,0.82,0.7,0.06,0.9,0.56,0.06,-3.79979,-0.51034,-0.08132,-71.95745,0.04594,64.33895,double_rcm_log_20260616_133526_303.csv,32.1883,Unknown,Task3_Insertion,0.0,0.999999027495495,2.8141132440463115,2.814220400727191,0.6076809399124607,1.6989743512347897,2.0034470294968236,8.881784197001252e-13,6.384332502869904e-11,4.841943920587465e-10,5.191099517579651e-14,1.2992979426544711e-12
9.8623,0.031,32.25965,Done,Double,160.1946,1.13375,0.99936,1.99889,1.99889,1.0,1.99889,0.99936,0.0,0.0,0.0,0.59886,1.0,6,6,1,0.69744,0.9061,0.05674,0.90059,0.56156,0.06111,0.82,0.7,0.06,0.9,0.56,0.06,-3.79979,-0.51034,-0.08132,-71.95745,0.04594,64.33895,double_rcm_log_20260616_133526_303.csv,32.25965,Unknown,Task3_Insertion,0.0,0.999999027495495,2.8141132440463115,2.814220400727191,0.6076809399124607,1.6989743512347897,2.0034470294968236,1.1102230246251565e-13,3.073568176933888e-11,4.631714192366845e-10,0.0,7.00963321096732e-13
9.9221,0.02982,33.53383,Done,Double,160.1946,1.13375,0.99936,1.99889,1.99889,1.0,1.99889,0.99936,0.0,0.0,0.0,0.59886,1.0,6,6,1,0.69744,0.9061,0.05674,0.90059,0.56156,0.06111,0.82,0.7,0.06,0.9,0.56,0.06,-3.79979,-0.51034,-0.08132,-71.95745,0.04594,64.33895,double_rcm_log_20260616_133526_303.csv,33.53383,Unknown,Task3_Insertion,0.0,0.999999027495495,2.8141132440463115,2.814220400727191,0.6076809399124607,1.6989743512347897,2.0034470294968236,3.5596458096434966e-12,7.408636183688378e-11,8.311223402720493e-10,9.282492536177615e-14,2.010863653340253e-12
9.95324,0.03114,32.11462,Done,Double,160.1946,1.13375,0.99936,1.99889,1.99889,1.0,1.99889,0.99936,0.0,0.0,0.0,0.59886,1.0,6,6,1,0.69744,0.9061,0.05674,0.90059,0.56156,0.06111,0.82,0.7,0.06,0.9,0.56,0.06,-3.79979,-0.51034,-0.08132,-71.95745,0.04594,64.33895,double_rcm_log_20260616_133526_303.csv,32.11462,Unknown,Task3_Insertion,0.0,0.999999027495495,2.8141132440463115,2.814220400727191,0.6076809399124607,1.6989743512347897,2.0034470294968236,9.945640348601412e-13,8.47557865295022e-11,3.250637027703037e-10,1.03782856665679e-13,1.9190963403152867e-12
10.01433,0.0313,31.95068,Done,Double,160.1946,1.13375,0.99936,1.99889,1.99889,1.0,1.99889,0.99936,0.0,0.0,0.0,0.59886,1.0,6,6,1,0.69744,0.9061,0.05674,0.90059,0.56156,0.06111,0.82,0.7,0.06,0.9,0.56,0.06,-3.79979,-0.51034,-0.08132,-71.95745,0.04594,64.33895,double_rcm_log_20260616_133526_303.csv,31.95068,Unknown,Task3_Insertion,0.0,0.999999027495495,2.8141132440463115,2.814220400727191,0.6076809399124607,1.6989743512347897,2.0034470294968236,1.25607396694702e-12,7.634492530202362e-12,24328.580420606384,2.9007785717557725e-15,8.404167290531451e-13
10.07413,0.03061,32.66998,Done,Double,160.1946,1.13375,0.99936,1.99889,1.99889,1.0,1.99889,0.99936,0.0,0.0,0.0,0.59886,1.0,6,6,1,0.69744,0.9061,0.05674,0.90059,0.56156,0.06111,0.82,0.7,0.06,0.9,0.56,0.06,-3.79979,-0.51034,-0.08132,-71.95745,0.04594,64.33895,double_rcm_log_20260616_133526_303.csv,32.66998,Unknown,Task3_Insertion,0.0,0.999999027495495,2.8141132440463115,2.814220400727191,0.6076809399124607,1.6989743512347897,2.0034470294968236,0.0,2878.9770634379342,16389.534945181258,7.308382661323868e-16,495.9062592468379
10.1064,0.03227,30.9873,Done,Double,160.1946,1.13375,0.99936,1.99889,1.99889,1.0,1.99889,0.99936,0.0,0.0,0.0,0.59886,1.0,6,6,1,0.69744,0.9061,0.05674,0.90059,0.56156,0.06111,0.82,0.7,0.06,0.9,0.56,0.06,-3.79979,-0.51034,-0.08132,-71.95745,0.04594,64.33895,double_rcm_log_20260616_133526_303.csv,30.9873,Unknown,Task3_Insertion,0.0,0.999999027495495,2.8141132440463115,2.814220400727191,0.6076809399124607,1.6989743512347897,2.0034470294968236,143.0388894031067,2854.5149725058754,44808.46151306147,24.638570925608953,499.1951487426005
10.14591,0.03951,25.30786,Done,EntryTipCone,159.8524,1.22101,4.58104,12.74752,12.74752,1.0,12.74752,4.58099,0.0,0.0,0.0,0.60038,1.0,6,6,1,0.68727,0.89985,0.0709,0.90705,0.56621,0.05138,0.82,0.7,0.06,0.9,0.56,0.06,-4.97709,-0.99842,-0.16575,-66.92408,1.12373,64.27206,double_rcm_log_20260616_133526_303.csv,25.30786,Unknown,Task4_EntryRCM_TipCone,0.0,4.581036628046958,12.878491341005056,12.88878919089035,4.5241798262399975,12.60887483542382,12.750333328976117,179.4890859704931,1047.9814340890966,57805.33270580739,31.613923779169294,177.18668979254224
10.19585,0.02731,36.61185,Done,EntryTipCone,160.0131,1.08497,4.66409,12.97417,12.97417,1.0,12.97417,4.66409,0.0,0.0,0.0,0.59998,1.0,6,6,1,0.68717,0.89957,0.07112,0.90741,0.56625,0.05137,0.82,0.7,0.06,0.9,0.56,0.06,-4.94139,-1.0087,-0.13498,-66.50243,0.3881,64.24514,double_rcm_log_20260616_133526_303.csv,36.61185,Unknown,Task4_EntryRCM_TipCone,0.0,4.664814046204206,13.113495628419363,13.124368690488676,4.609824939102909,12.860192246439588,12.97873260376375,6.698587419257694,1350.5385475012945,25081.340439373274,3.672293792737325,244.42564077046555
10.22605,0.03021,33.106,Done,EntryTipCone,160.1084,1.00329,4.69603,13.06361,13.06361,1.0,13.06361,4.69603,0.0,0.0,0.0,0.59974,1.0,6,6,1,0.68715,0.89944,0.07119,0.9076,0.56626,0.05141,0.82,0.7,0.06,0.9,0.56,0.06,-4.93938,-1.01943,-0.12641,-66.42475,0.2908,64.21954,double_rcm_log_20260616_133526_303.csv,33.106,Unknown,Task4_EntryRCM_TipCone,0.0,4.696216676503281,13.201576043864707,13.21267011145102,4.6430118475184585,12.96013063799299,13.066587159621989,6.337427137311395,24.357236237106545,22525.192590708095,1.349846393206241,49.93704106005958
10.25753,0.03148,31.77103,Done,EntryTipCone,160.2083,0.91781,4.72398,13.14378,13.14378,1.0,13.14378,4.72398,0.0,0.0,0.0,0.59949,1.0,6,6,1,0.68714,0.89931,0.07125,0.90779,0.56626,0.05146,0.82,0.7,0.06,0.9,0.56,0.06,-4.93974,-1.02877,-0.12317,-66.37458,0.24428,64.18989,double_rcm_log_20260616_133526_303.csv,31.77103,Unknown,Task4_EntryRCM_TipCone,0.0,4.72437462265389,13.280552158302113,13.291846923802158,4.672796127011181,13.051341752419956,13.14546689927743,6.0762444698519,17.44299035106274,158.23364796814764,0.8068000032017819,14.11707368229243
10.28797,0.03044,32.85124,Done,EntryTipCone,160.3049,0.83484,4.7457,13.20833,13.20833,1.0,13.20833,4.7457,0.0,0.0,0.0,0.59924,1.0,6,6,1,0.68715,0.89919,0.07129,0.90796,0.56625,0.05152,0.82,0.7,0.06,0.9,0.56,0.06,-4.94035,-1.03754,-0.12071,-66.34309,0.2223,64.16078,double_rcm_log_20260616_133526_303.csv,32.85124,Unknown,Task4_EntryRCM_TipCone,0.0,4.74497074050948,13.338317173907749,13.349760261915455,4.694787390112712,13.120679156905746,13.203579060239655,5.9249282238886565,14.87248045027579,82.2949824260967,0.5918599523104037,7.518157305886149
10.34765,0.03049,32.79457,Done,EntryTipCone,160.4931,0.67111,4.77323,13.29814,13.29814,1.0,13.29814,4.77323,0.0,0.0,0.0,0.59877,1.0,6,6,1,0.68719,0.89899,0.07132,0.90828,0.56623,0.05167,0.82,0.7,0.06,0.9,0.56,0.06,-4.93943,-1.05174,-0.11902,-66.31101,0.20293,64.1025,double_rcm_log_20260616_133526_303.csv,32.79457,Unknown,Task4_EntryRCM_TipCone,0.0,4.7731781579455665,13.417426464729115,13.429074785874437,4.729000190878711,13.231299081519326,13.295119405255399,5.887966664550568,15.418946536418204,74.85836454539334,0.43426861369912684,3.794214576280948
10.37909,0.03145,31.80034,Done,EntryTipCone,160.5918,0.58488,4.77975,13.32639,13.32639,1.0,13.32639,4.77975,0.0,0.0,0.0,0.59852,1.0,6,6,1,0.68723,0.8989,0.07131,0.90844,0.56621,0.05176,0.82,0.7,0.06,0.9,0.56,0.06,-4.93725,-1.05806,-0.11847,-66.30644,0.19726,64.07186,double_rcm_log_20260616_133526_303.csv,31.80034,Unknown,Task4_EntryRCM_TipCone,0.0,4.780827690336077,13.438879449403148,13.450583847129993,4.741949541108303,13.275721275494403,13.330240057853395,5.865330363129797,18.731113353273667,56.56885163216841,0.4114915315552531,3.222825980998101
10.43886,0.03011,33.21216,Done,EntryTipCone,160.7782,0.42044,4.77668,13.34184,13.34184,1.0,13.34184,4.77668,0.0,0.0,0.0,0.59806,1.0,6,6,1,0.68735,0.89876,0.07124,0.90871,0.56615,0.05198,0.82,0.7,0.06,0.9,0.56,0.06,-4.92928,-1.06892,-0.11557,-66.31797,0.18674,64.01482,double_rcm_log_20260616_133526_303.csv,33.21216,Unknown,Task4_EntryRCM_TipCone,0.0,4.7763804817410325,13.42640735697135,13.438079131618533,4.746159086105608,13.303007699244313,13.341926397638378,5.911886207443481,15.960230916898073,83.40431683624402,0.4385644018536162,2.986541322209804
10.46943,0.03056,32.7202,Done,EntryTipCone,160.8725,0.33651,4.76728,13.33062,13.33062,1.0,13.33062,4.76728,0.0,0.0,0.0,0.59782,1.0,6,6,1,0.68742,0.8987,0.07117,0.90883,0.56611,0.05211,0.82,0.7,0.06,0.9,0.56,0.06,-4.92313,-1.07326,-0.11407,-66.33321,0.17955,63.98607,double_rcm_log_20260616_133526_303.csv,32.7202,Unknown,Task4_EntryRCM_TipCone,0.0,4.76607544286373,13.39750680584424,13.409103219528951,4.739767163960875,13.292825711059892,13.324905252946435,6.006378954573366,12.943574334919258,36.827018527809386,0.4781650273173876,2.955210991431641
10.50045,0.03102,32.23293,Done,EntryTipCone,160.9672,0.25163,4.75226,13.30601,13.30601,1.0,13.30601,4.75226,0.0,0.0,0.0,0.59758,1.0,6,6,1,0.68751,0.89865,0.0711,0.90895,0.56607,0.05225,0.82,0.7,0.06,0.9,0.56,0.06,-4.91551,-1.07715,-0.11202,-66.35572,0.17197,63.95739,double_rcm_log_20260616_133526_303.csv,32.23293,Unknown,Task4_EntryRCM_TipCone,0.0,4.752514360265898,13.359473997835883,13.370971734108402,4.731949857597985,13.278604769153416,13.304506755231444,6.138670441675648,14.228687185215783,74.96894942040196,0.5302468387000759,2.8970236605512327
10.56002,0.03071,32.56208,Done,EntryTipCone,161.1464,0.08986,4.70844,13.22186,13.22186,1.0,13.22186,4.70844,0.0,0.0,0.0,0.59713,1.0,6,6,1,0.68772,0.89858,0.0709,0.90915,0.56597,0.05255,0.82,0.7,0.06,0.9,0.56,0.06,-4.89661,-1.08265,-0.10708,-66.41576,0.15059,63.90379,double_rcm_log_20260616_133526_303.csv,32.56208,Unknown,Task4_EntryRCM_TipCone,0.0,4.709244715733659,13.238116887584926,13.24930351548047,4.701477357066738,13.208008875736626,13.223687080387181,6.516685641849543,20.613645487763748,45.6572732877763,0.649255398732792,3.1722000730649857
10.59033,0.03031,32.99021,Done,EntryTipCone,161.2359,0.00836,4.67843,13.1602,13.1602,1.0,13.1602,4.67843,0.0,0.0,0.0,0.59691,1.0,6,6,1,0.68784,0.89856,0.07077,0.90924,0.56591,0.05272,0.82,0.7,0.06,0.9,0.56,0.06,-4.88468,-1.08552,-0.10201,-66.45407,0.13406,63.87816,double_rcm_log_20260616_133526_303.csv,32.99021,Unknown,Task4_EntryRCM_TipCone,0.0,4.679756282247502,13.155407207902728,13.166385060932534,4.679224566507366,13.153132648214978,13.164501509742024,6.714079796547816,20.563821281991945,51.74678377083829,0.7190577393198581,3.9630890928051867
10.62178,0.03144,31.80453,Done,EntryTipCone,161.3275,0.07546,4.64191,13.08319,13.08319,1.0,13.08319,4.64191,0.0,0.0,0.0,0.59668,1.0,6,6,1,0.68798,0.89855,0.07062,0.90931,0.56584,0.05291,0.82,0.7,0.06,0.9,0.56,0.06,-4.87048,-1.08904,-0.09388,-66.49821,0.11027,63.85322,double_rcm_log_20260616_133526_303.csv,31.80453,Unknown,Task4_EntryRCM_TipCone,0.0,4.642056876483843,13.049662175732532,13.060376924247436,4.647315686178668,13.070805636991095,13.078600842597735,6.970677123295092,17.31656873803241,92.13355223413204,0.8074950583966045,6.0906375003835915
10.68192,0.03062,32.65457,Done,EntryTipCone,161.4986,0.23353,4.55694,12.89926,12.89926,1.0,12.89926,4.55694,0.0,0.0,0.0,0.59625,1.0,6,6,1,0.68829,0.89857,0.07029,0.90944,0.56569,0.0533,0.82,0.7,0.06,0.9,0.56,0.06,-4.83732,-1.10351,-0.05841,-66.59055,0.03394,63.81515,double_rcm_log_20260616_133526_303.csv,32.65457,Unknown,Task4_EntryRCM_TipCone,0.0,4.556886982951321,12.810743964375918,12.820879853744456,4.580002946736673,12.8962699437294,12.898825527930818,7.429232132253221,13.703257934191026,44.27467813321818,1.1502922767238415,16.427924263574265
10.71225,0.03033,32.96973,Done,EntryTipCone,161.5827,0.31191,4.50654,12.78831,12.78831,1.0,12.78831,4.50654,0.0,0.0,0.0,0.59604,1.0,6,6,1,0.68846,0.89859,0.07009,0.90948,0.56561,0.05351,0.82,0.7,0.06,0.9,0.56,0.06,-4.81669,-1.12204,-0.01662,-66.63631,-0.0331,63.80645,double_rcm_log_20260616_133526_303.csv,32.96973,Unknown,Task4_EntryRCM_TipCone,0.0,4.505881647874366,12.667650436293133,12.677449853591026,4.537845912494194,12.784152750122274,12.785249313173267,7.645134476246481,14.008592905193085,145.7484113496065,1.6228434106784606,41.52205041382796
10.74283,0.03058,32.70152,Done,EntryTipCone,161.666,0.38981,4.45091,12.66498,12.66498,1.0,12.66498,4.45091,0.0,0.0,0.0,0.59584,1.0,6,6,1,0.68864,0.89862,0.06988,0.90952,0.56553,0.05373,0.82,0.7,0.06,0.9,0.56,0.06,-4.79238,-1.16571,0.07339,-66.67857,-0.13287,63.81758,double_rcm_log_20260616_133526_303.csv,32.70152,Unknown,Task4_EntryRCM_TipCone,0.0,4.451996828083351,12.516467720749098,12.525919845420576,4.4948608001372525,12.669573546341345,12.669814521136393,8.01160335500982,17.720304664691596,892.9611226834979,3.3386504862617463,121.09620035692734
10.80357,0.03149,31.75485,Done,EntryTipCone,161.8261,0.53821,4.32694,12.38781,12.38781,1.0,12.38781,4.32694,0.0,0.0,0.0,0.59544,1.0,6,6,1,0.68903,0.89871,0.0694,0.90956,0.56534,0.05421,0.82,0.7,0.06,0.9,0.56,0.06,-4.72693,-1.54226,0.78283,-66.74413,-0.51964,64.05097,double_rcm_log_20260616_133526_303.csv,31.75485,Unknown,Task4_EntryRCM_TipCone,0.0,4.326729986179324,12.164968459612243,12.173645135524811,4.3897675628174095,12.386360302302712,12.38681960795422,9.45169878696654,145.63108048681923,5053.963644829461,17.472952478379806,595.2919750734716
10.83383,0.03026,33.04591,Done,EntryTipCone,161.892,0.59463,4.26627,12.25216,12.25216,1.0,12.25216,4.26627,0.0,0.0,0.0,0.59529,1.0,6,6,1,0.68916,0.89873,0.06906,0.9096,0.56527,0.0545,0.82,0.7,0.06,0.9,0.56,0.06,-4.67976,-2.31283,2.18018,-66.80431,-0.88093,64.56201,double_rcm_log_20260616_133526_303.csv,33.04591,Unknown,Task4_EntryRCM_TipCone,0.0,4.266478549808688,11.995881873343347,12.004201177002365,4.340695570708817,12.25348201689872,12.254913300386862,13.927580617495972,339.9666884857598,2855.551655546925,40.746085669013816,725.1857497453601
10.86493,0.0311,32.15932,Done,EntryTipCone,161.8581,0.54667,4.25805,12.23384,12.23384,1.0,12.23384,4.25805,0.0,0.0,0.0,0.59542,1.0,6,6,1,0.68876,0.89855,0.06819,0.90978,0.56542,0.05504,0.82,0.7,0.06,0.9,0.56,0.06,-4.61625,-4.40685,5.90437,-67.0281,-1.3595,65.83408,double_rcm_log_20260616_133526_303.csv,32.15932,Unknown,Task4_EntryRCM_TipCone,0.0,4.256881802706617,11.968948817684783,11.977212121646332,4.333966444481001,12.231311395820903,12.232187048929559,27.228464976967846,313.890813895378,3778.944647562886,61.571384684283814,284.490854392278
10.92428,0.03025,33.0579,Done,EntryTipCone,161.3234,0.06751,4.61257,13.01841,13.01841,1.0,13.01841,4.61257,0.0,0.0,0.0,0.59674,1.0,6,6,1,0.68578,0.89731,0.06442,0.91079,0.56668,0.05708,0.82,0.7,0.06,0.9,0.56,0.06,-4.49611,-9.10632,14.08457,-67.74084,-1.81702,67.96409,double_rcm_log_20260616_133526_303.csv,33.0579,Unknown,Task4_EntryRCM_TipCone,0.0,4.61349398938155,12.969540877697295,12.980059107951105,4.627190975781716,13.014358047349603,13.022015972958949,27.60921168956604,244.2620394343058,3057.347685564102,33.25408895781929,602.7980862674154
10.95473,0.03045,32.83917,Done,EntryTipCone,161.2682,0.02009,4.65594,13.11225,13.11225,1.0,13.11225,4.65594,0.0,0.0,0.0,0.59684,1.0,6,6,1,0.68541,0.89715,0.06352,0.91094,0.56684,0.05764,0.82,0.7,0.06,0.9,0.56,0.06,-4.45843,-9.69133,15.09898,-67.91927,-1.87849,68.15051,double_rcm_log_20260616_133526_303.csv,32.83917,Unknown,Task4_EntryRCM_TipCone,0.0,4.656355515635632,13.089769842990066,13.10058388134352,4.661633140051463,13.106397498344615,13.116356201323534,17.645240789468744,238.35088171406468,2675.137291424904,13.03796007127734,399.76930273247547
10.98671,0.03198,31.26931,Done,EntryTipCone,161.2583,0.01152,4.66376,13.129,13.129,1.0,13.129,4.66376,0.0,0.0,0.0,0.59686,1.0,6,6,1,0.68527,0.89707,0.06279,0.91102,0.56689,0.05813,0.82,0.7,0.06,0.9,0.56,0.06,-4.42127,-10.05996,15.74354,-68.08198,-1.93308,68.25541,double_rcm_log_20260616_133526_303.csv,31.26931,Unknown,Task4_EntryRCM_TipCone,0.0,4.6641437113675055,13.111615380753392,13.122483757405917,4.666692893338237,13.120382557743442,13.130476000511177,15.369241077214902,70.12073555923976,3732.2866717586526,9.277822718020008,87.02661514578105
11.04521,0.02969,33.68408,Done,EntryTipCone,161.2536,0.00745,4.66728,13.13649,13.13649,1.0,13.13649,4.66728,0.0,0.0,0.0,0.59687,1.0,6,6,1,0.68513,0.897,0.06149,0.9111,0.56695,0.059,0.82,0.7,0.06,0.9,0.56,0.06,-4.35144,-10.61935,16.72683,-68.37936,-2.03171,68.40218,double_rcm_log_20260616_133526_303.csv,33.68408,Unknown,Task4_EntryRCM_TipCone,0.0,4.6663811237370405,13.11789117675966,13.12877519742922,4.668268299565417,13.123818628151415,13.134401394810444,15.05205793621897,20.538618208228733,286.61633080511643,7.712056139213411,21.250553906505242
11.07577,0.03056,32.72739,Done,EntryTipCone,161.2529,0.00684,4.66774,13.13762,13.13762,1.0,13.13762,4.66774,0.0,0.0,0.0,0.59687,1.0,6,6,1,0.68509,0.89697,0.06081,0.91113,0.56697,0.05946,0.82,0.7,0.06,0.9,0.56,0.06,-4.31372,-10.87798,17.18367,-68.53728,-2.08384,68.46584,double_rcm_log_20260616_133526_303.csv,32.72739,Unknown,Task4_EntryRCM_TipCone,0.0,4.669077657587966,13.125454752042335,13.136357646844397,4.671499920654514,13.132741292135169,13.143416602999324,14.954998465640774,22.019646321541334,51.17747468233957,7.206591712177885,16.076991631675106
11.10749,0.03173,31.51843,Done,EntryTipCone,161.2522,0.00626,4.66812,13.13847,13.13847,1.0,13.13847,4.66812,0.0,0.0,0.0,0.59688,1.0,6,6,1,0.68507,0.89697,0.06011,0.91114,0.56697,0.05993,0.82,0.7,0.06,0.9,0.56,0.06,-4.27365,-11.12783,17.62663,-68.70356,-2.13876,68.52515,double_rcm_log_20260616_133526_303.csv,31.51843,Unknown,Task4_EntryRCM_TipCone,0.0,4.668696525471311,13.124385706793793,13.135285932575194,4.6705639165545625,13.13050359336541,13.140981698488027,14.844354363294114,20.57430007383133,95.39961635636858,6.791162233203367,14.05232747969967
11.16791,0.03043,32.86537,Done,EntryTipCone,161.2506,0.00478,4.66946,13.14121,13.14121,1.0,13.14121,4.66946,0.0,0.0,0.0,0.59688,1.0,6,6,1,0.6851,0.89698,0.05878,0.91111,0.56696,0.06083,0.82,0.7,0.06,0.9,0.56,0.06,-4.19482,-11.55783,18.39362,-69.02708,-2.24562,68.62286,double_rcm_log_20260616_133526_303.csv,32.86537,Unknown,Task4_EntryRCM_TipCone,0.0,4.669138507193977,13.125625430289716,13.13652875125381,4.668998718752986,13.125577262030681,13.136308461664507,14.856236743992529,13.14716100012433,33.15852851927888,6.058540168692375,13.07675130450465
11.19901,0.0311,32.15129,Done,EntryTipCone,161.25,0.00442,4.66984,13.14202,13.14202,1.0,13.14202,4.66984,0.0,0.0,0.0,0.59688,1.0,6,6,1,0.68515,0.89701,0.05809,0.91108,0.56694,0.06129,0.82,0.7,0.06,0.9,0.56,0.06,-4.15309,-11.75496,18.74809,-69.19662,-2.30173,68.66605,double_rcm_log_20260616_133526_303.csv,32.15129,Unknown,Task4_EntryRCM_TipCone,0.0,4.668919406782855,13.125010871201507,13.13591265773972,4.6693873448045675,13.126877243040132,13.137507373927473,14.935273008084007,14.210046933812588,92.43242672136277,5.707761023887714,12.39224973090426
11.22975,0.03074,32.53069,Done,EntryTipCone,161.2496,0.00394,4.6703,13.14301,13.14301,1.0,13.14301,4.6703,0.0,0.0,0.0,0.59688,1.0,6,6,1,0.68521,0.89705,0.05742,0.91104,0.56692,0.06175,0.82,0.7,0.06,0.9,0.56,0.06,-4.11112,-11.93554,19.07477,-69.36621,-2.35795,68.705,double_rcm_log_20260616_133526_303.csv,32.53069,Unknown,Task4_EntryRCM_TipCone,0.0,4.671009824539934,13.130874317602856,13.141790749828264,4.672611439067159,13.135778563204239,13.146501435743186,14.984802479166373,17.968982227453857,108.76429489927521,5.391597213840957,11.861377774854857
11.28892,0.03041,32.88369,Done,EntryTipCone,161.2485,0.00316,4.6711,13.14471,13.14471,1.0,13.14471,4.6711,0.0,0.0,0.0,0.59688,1.0,6,6,1,0.6854,0.89715,0.05613,0.91091,0.56685,0.06262,0.82,0.7,0.06,0.9,0.56,0.06,-4.02853,-12.24355,19.63812,-69.69757,-2.46794,68.77084,double_rcm_log_20260616_133526_303.csv,32.88369,Unknown,Task4_EntryRCM_TipCone,0.0,4.671394937131102,13.131954524199795,13.142873655993943,4.6724567511680215,13.135037641596325,13.145911912073586,14.834114614449497,18.03462603976415,48.99408418376314,4.810950570915132,11.371412884533044
11.32011,0.03119,32.05759,Done,EntryTipCone,161.2484,0.00301,4.67139,13.14549,13.14549,1.0,13.14549,4.67139,0.0,0.0,0.0,0.59688,1.0,6,6,1,0.68553,0.89723,0.05546,0.91082,0.5668,0.06307,0.82,0.7,0.06,0.9,0.56,0.06,-3.98413,-12.38539,19.90117,-69.87454,-2.52677,68.80131,double_rcm_log_20260616_133526_303.csv,32.05759,Unknown,Task4_EntryRCM_TipCone,0.0,4.670352177025417,13.12902967339203,13.139941496656883,4.671427140994632,13.13202901892331,13.142956288445824,14.834041870876638,15.782600837756739,44.20333949861966,4.529453249507027,10.930558857676804
11.35137,0.03125,31.99513,Done,EntryTipCone,161.2479,0.00261,4.67165,13.14591,13.14591,1.0,13.14591,4.67165,0.0,0.0,0.0,0.59688,1.0,6,6,1,0.68567,0.89731,0.05479,0.91072,0.56674,0.06352,0.82,0.7,0.06,0.9,0.56,0.06,-3.93913,-12.51421,20.14285,-70.05335,-2.58622,68.82948,double_rcm_log_20260616_133526_303.csv,31.99513,Unknown,Task4_EntryRCM_TipCone,0.0,4.6720351969629315,13.13375039482118,13.144674015704178,4.671378981781324,13.1320957376017,13.142922049529112,14.869407179410635,15.333524258992547,40.831484737631634,4.268674086158283,10.60635496460752
11.41055,0.03035,32.95022,Done,EntryTipCone,161.2474,0.00205,4.67236,13.14752,13.14752,1.0,13.14752,4.67236,0.0,0.0,0.0,0.59688,1.0,6,6,1,0.68601,0.89751,0.05355,0.91049,0.56661,0.06436,0.82,0.7,0.06,0.9,0.56,0.06,-3.85267,-12.72243,20.5417,-70.39513,-2.70002,68.87719,double_rcm_log_20260616_133526_303.csv,32.95022,Unknown,Task4_EntryRCM_TipCone,0.0,4.671398543252827,13.131964639047986,13.142883796122401,4.671469828262364,13.132250905543678,13.143127481691662,14.782976445462804,16.58367056131372,52.13708006701202,3.8092904383528308,10.428958790798882
11.44087,0.03032,32.97745,Done,EntryTipCone,161.2471,0.00195,4.67265,13.14832,13.14832,1.0,13.14832,4.67265,0.0,0.0,0.0,0.59688,1.0,6,6,1,0.68621,0.89762,0.05292,0.91036,0.56653,0.06478,0.82,0.7,0.06,0.9,0.56,0.06,-3.80787,-12.81113,20.71647,-70.57154,-2.75873,68.89911,double_rcm_log_20260616_133526_303.csv,32.97745,Unknown,Task4_EntryRCM_TipCone,0.0,4.672577463864934,13.135271402900342,13.14619882677071,4.672436899214727,13.135387083986192,13.146060246324659,14.891422352783568,17.442273670198123,67.48693764608198,3.5913169535049443,10.239740826799391
11.47241,0.03154,31.70995,Done,EntryTipCone,161.247,0.00167,4.67286,13.14857,13.14857,1.0,13.14857,4.67286,0.0,0.0,0.0,0.59688,1.0,6,6,1,0.68644,0.89775,0.05228,0.9102,0.56645,0.06522,0.82,0.7,0.06,0.9,0.56,0.06,-3.761,-12.89059,20.87719,-70.75562,-2.81993,68.92032,double_rcm_log_20260616_133526_303.csv,31.70995,Unknown,Task4_EntryRCM_TipCone,0.0,4.672930769865557,13.136262392643808,13.147192294769315,4.673551665337955,13.137723722752884,13.148798424190675,14.967282101970428,18.27062470427682,103.6847471686707,3.385206681848139,10.007155460884853
11.53199,0.03005,33.28054,Done,EntryTipCone,161.2464,0.00116,4.67345,13.14981,13.14981,1.0,13.14981,4.67345,0.0,0.0,0.0,0.59689,1.0,6,6,1,0.68693,0.89803,0.05109,0.90988,0.56626,0.06602,0.82,0.7,0.06,0.9,0.56,0.06,-3.67182,-13.00689,21.12523,-71.10486,-2.93581,68.95673,double_rcm_log_20260616_133526_303.csv,33.28054,Unknown,Task4_EntryRCM_TipCone,0.0,4.673568577609674,13.138051381465818,13.148985758424,4.67550325163886,13.143741417934907,13.154558145372999,14.783353377442493,17.573649764243612,105.0130561220111,3.048731367067447,9.88547144596531
11.56226,0.03027,33.04103,Done,EntryTipCone,161.2462,0.001,4.6737,13.15024,13.15024,1.0,13.15024,4.67366,0.0,0.0,0.0,0.59689,1.0,6,6,1,0.6872,0.89818,0.0505,0.90969,0.56615,0.06641,0.82,0.7,0.06,0.9,0.56,0.06,-3.62637,-13.04878,21.22292,-71.28242,-2.9945,68.97349,double_rcm_log_20260616_133526_303.csv,33.04103,Unknown,Task4_EntryRCM_TipCone,0.0,4.673349499093556,13.137436887673571,13.148369727448344,4.672308728980539,13.134822419812133,13.14559622078814,14.855223468612701,13.558257729666527,87.82922736000361,2.9041518331542506,9.789880059138964
11.59398,0.03172,31.52701,Done,EntryTipCone,161.246,0.00088,4.67383,13.15067,13.15067,1.0,13.15067,4.67383,0.0,0.0,0.0,0.59689,1.0,6,6,1,0.6875,0.89836,0.0499,0.90948,0.56604,0.06682,0.82,0.7,0.06,0.9,0.56,0.06,-3.5787,-13.08043,21.30511,-71.46833,-3.05576,68.9899,double_rcm_log_20260616_133526_303.csv,31.52701,Unknown,Task4_EntryRCM_TipCone,0.0,4.673646678443341,13.138270446612566,13.149205371606659,4.673212311115825,13.136664135745521,13.147790688933181,14.92390781136516,12.93459840777106,95.08016853388361,2.778473973316065,9.652006948001727
11.65452,0.03126,31.98519,Done,EntryTipCone,161.2457,0.00051,4.67437,13.15185,13.15185,1.0,13.15185,4.67437,0.0,0.0,0.0,0.59689,1.0,6,6,1,0.68813,0.89872,0.04878,0.90906,0.56579,0.06758,0.82,0.7,0.06,0.9,0.56,0.06,-3.48783,-13.107,21.40611,-71.82219,-3.17161,69.0182,double_rcm_log_20260616_133526_303.csv,31.98519,Unknown,Task4_EntryRCM_TipCone,0.0,4.675686181899536,13.143991044305034,13.154940287042752,4.6757774594465245,13.144617149236373,13.155382928672157,14.881863991920033,19.075366645893205,42.88223673321249,2.6168643806397847,9.615442169616308
11.68455,0.03003,33.29643,Done,EntryTipCone,161.2455,0.00049,4.67466,13.15258,13.15258,1.0,13.15258,4.67466,0.0,0.0,0.0,0.59689,1.0,6,6,1,0.68847,0.89891,0.04825,0.90883,0.56566,0.06794,0.82,0.7,0.06,0.9,0.56,0.06,-3.44293,-13.10364,21.42886,-71.99682,-3.22832,69.03079,double_rcm_log_20260616_133526_303.csv,33.29643,Unknown,Task4_EntryRCM_TipCone,0.0,4.675425254202477,13.143259169846743,13.15420658012072,4.675580041145461,13.14395824938357,13.154774798528484,14.811420713269731,18.356133749084954,52.27851376791078,2.5764317556646374,9.614936620882665
11.71573,0.03118,32.07579,Done,EntryTipCone,161.2452,0.00023,4.67487,13.15287,13.15287,1.0,13.15287,4.67487,0.0,0.0,0.0,0.59689,1.0,6,6,1,0.68884,0.89912,0.04771,0.90858,0.56552,0.0683,0.82,0.7,0.06,0.9,0.56,0.06,-3.39655,-13.08854,21.43321,-72.17709,-3.28647,69.04285,double_rcm_log_20260616_133526_303.csv,32.07579,Unknown,Task4_EntryRCM_TipCone,0.0,4.674931040375865,13.141872951842142,13.152816891871973,4.674655504189849,13.14114478094837,13.152064476727608,14.814591235000176,16.145912551553483,72.62773873719729,2.564100673461421,9.580204266790512
11.75011,0.03438,29.08634,Done,EntryTipCone,161.2449,0.00024,4.67512,13.15342,13.15342,1.0,13.15342,4.67512,0.0,0.0,0.0,0.59689,1.0,6,6,1,0.68926,0.89937,0.04713,0.90829,0.56536,0.06869,0.82,0.7,0.06,0.9,0.56,0.06,-3.34574,-13.05835,21.4155,-72.37447,-3.3496,69.05485,double_rcm_log_20260616_133526_303.csv,29.08634,Unknown,Task4_EntryRCM_TipCone,0.0,4.675132755370182,13.14243874138552,13.153384097718298,4.674632875577287,13.140675196327786,13.151798356118434,14.867434505089447,15.8376042180048,32.1484094340837,2.5875452778291104,9.589004234395519
11.8103,0.0344,29.073,Done,EntryTipCone,161.2446,0.00048,4.67567,13.15464,13.15464,1.0,13.15464,4.67567,0.0,0.0,0.0,0.59689,1.0,6,6,1,0.69005,0.89982,0.04617,0.90776,0.56505,0.06934,0.82,0.7,0.06,0.9,0.56,0.06,-3.25782,-12.9713,21.32752,-72.71593,-3.45719,69.07244,double_rcm_log_20260616_133526_303.csv,29.073,Unknown,Task4_EntryRCM_TipCone,0.0,4.674714331406119,13.141265105578334,13.152207524164046,4.6743531508329905,13.140392454038567,13.151262296829147,14.823580065651559,16.445656906288658,34.755551754592084,2.7181337880956926,9.693607775134545
11.86979,0.03144,31.80943,Done,EntryTipCone,161.2442,0.00076,4.67609,13.15555,13.15555,1.0,13.15555,4.67609,0.0,0.0,0.0,0.59689,1.0,6,6,1,0.69088,0.90029,0.04528,0.9072,0.56473,0.06994,0.82,0.7,0.06,0.9,0.56,0.06,-3.17269,-12.84211,21.16835,-73.04675,-3.55886,69.08492,double_rcm_log_20260616_133526_303.csv,31.80943,Unknown,Task4_EntryRCM_TipCone,0.0,4.675836387083081,13.144412353757119,13.15536265146054,4.675172390448518,13.14270572774697,13.153573658895857,14.905157293905365,16.212808634048727,38.22172455412932,2.9477845160581393,9.741643321894353
11.92894,0.02986,33.48647,Done,EntryTipCone,161.2438,0.00114,4.67655,13.15643,13.15643,1.0,13.15643,4.67655,0.0,0.0,0.0,0.59689,1.0,6,6,1,0.69176,0.90079,0.04446,0.9066,0.56439,0.0705,0.82,0.7,0.06,0.9,0.56,0.06,-3.09023,-12.67112,20.93848,-73.36758,-3.65441,69.09161,double_rcm_log_20260616_133526_303.csv,33.48647,Unknown,Task4_EntryRCM_TipCone,0.0,4.676444878042736,13.146119104802114,13.157073676932779,4.676092191084086,13.145100052286157,13.15606704148311,14.727935422541991,18.155206507083292,47.99631402953431,3.2530699735361073,9.993257695608937
11.96137,0.03243,30.83568,Done,EntryTipCone,161.2436,0.0014,4.67693,13.15731,13.15731,1.0,13.15731,4.67693,0.0,0.0,0.0,0.59689,1.0,6,6,1,0.69226,0.90108,0.04404,0.90627,0.5642,0.07078,0.82,0.7,0.06,0.9,0.56,0.06,-3.04611,-12.55968,20.78249,-73.53947,-3.70402,69.09251,double_rcm_log_20260616_133526_303.csv,30.83568,Unknown,Task4_EntryRCM_TipCone,0.0,4.676866235329513,13.147300965353088,13.158258498016908,4.677140943079317,13.148162843296625,13.159076715332265,14.737574105872858,18.252572563171814,88.34769994857551,3.4557238573648212,10.205961461081362
11.99167,0.03029,33.01059,Done,EntryTipCone,161.2434,0.00139,4.67714,13.15778,13.15778,1.0,13.15778,4.67714,0.0,0.0,0.0,0.59689,1.0,6,6,1,0.69274,0.90135,0.04366,0.90594,0.56402,0.07103,0.82,0.7,0.06,0.9,0.56,0.06,-3.00566,-12.44322,20.61584,-73.69735,-3.7484,69.09118,double_rcm_log_20260616_133526_303.csv,33.01059,Unknown,Task4_EntryRCM_TipCone,0.0,4.677750404897828,13.149780960815331,13.160744707548117,4.6764887323576545,13.14571243351284,13.156933533312337,14.872855560715344,15.923968513308143,108.96163967254788,3.6624251940189865,10.22832542635059
12.02198,0.03032,32.98516,Done,EntryTipCone,161.2431,0.00177,4.67734,13.1582,13.1582,1.0,13.1582,4.67734,0.0,0.0,0.0,0.59689,1.0,6,6,1,0.69323,0.90163,0.04331,0.90561,0.56383,0.07127,0.82,0.7,0.06,0.9,0.56,0.06,-2.96599,-12.31557,20.43012,-73.85242,-3.79074,69.08766,double_rcm_log_20260616_133526_303.csv,32.98516,Unknown,Task4_EntryRCM_TipCone,0.0,4.677716749659938,13.149686561743533,13.160650071899727,4.677130942344716,13.147627220850978,13.158795537586261,14.85038535693113,15.686783797694906,73.29980238517868,3.877680149403356,10.32288100472607
12.08246,0.03065,32.62958,Done,EntryTipCone,161.2426,0.00209,4.67801,13.15965,13.15965,1.0,13.15965,4.67797,0.0,0.0,0.0,0.59689,1.0,6,6,1,0.69424,0.90221,0.04266,0.90493,0.56344,0.07171,0.82,0.7,0.06,0.9,0.56,0.06,-2.88951,-12.02636,20.00043,-74.15244,-3.86833,69.07307,double_rcm_log_20260616_133526_303.csv,32.62958,Unknown,Task4_EntryRCM_TipCone,0.0,4.678676730350603,13.152379195398236,13.16334945499651,4.678576883773299,13.151811457566765,13.162925206807179,14.818618251264155,17.514875417638827,38.0530016337787,4.356712509094981,10.782433645920426
12.14158,0.03023,33.08242,Done,EntryTipCone,161.2418,0.00283,4.67852,13.16061,13.16061,1.0,13.16061,4.67852,0.0,0.0,0.0,0.59689,1.0,6,6,1,0.69526,0.90279,0.04211,0.90424,0.56305,0.07208,0.82,0.7,0.06,0.9,0.56,0.06,-2.8185,-11.69776,19.50141,-74.43259,-3.93423,69.04713,double_rcm_log_20260616_133526_303.csv,33.08242,Unknown,Task4_EntryRCM_TipCone,0.0,4.678228911710788,13.151123116904701,13.162090227630527,4.677874930042953,13.1495249402344,13.160794048992651,14.814369755111226,17.012100035940296,61.92822002333988,4.874597051839588,11.157592420434609
12.17193,0.03035,32.94615,Done,EntryTipCone,161.2414,0.00318,4.67885,13.16137,13.16137,1.0,13.16137,4.67885,0.0,0.0,0.0,0.59689,1.0,6,6,1,0.69579,0.9031,0.04185,0.90388,0.56284,0.07225,0.82,0.7,0.06,0.9,0.56,0.06,-2.78361,-11.51114,19.21416,-74.57098,-3.96377,69.02855,double_rcm_log_20260616_133526_303.csv,32.94615,Unknown,Task4_EntryRCM_TipCone,0.0,4.679108587713548,13.153590503630731,13.164563800439003,4.6774982752310565,13.148765897048447,13.159882218317899,14.886815829945679,15.906985922214043,111.59772387118508,5.157360249475194,11.58648117786966
12.20288,0.03095,32.30937,Done,EntryTipCone,161.241,0.00357,4.67935,13.16245,13.16245,1.0,13.16245,4.67935,0.0,0.0,0.0,0.59689,1.0,6,6,1,0.69635,0.90341,0.04161,0.9035,0.56263,0.07241,0.82,0.7,0.06,0.9,0.56,0.06,-2.74923,-11.30805,18.89901,-74.70806,-3.99059,69.00545,double_rcm_log_20260616_133526_303.csv,32.30937,Unknown,Task4_EntryRCM_TipCone,0.0,4.679638468797947,13.155076755652672,13.166053779827626,4.677486121020162,13.148224156194544,13.159597258275015,14.77358502675945,15.668485218493432,69.33764629389063,5.469550298270712,12.146726703429184
12.23298,0.0301,33.22192,Done,EntryTipCone,161.2406,0.00382,4.67965,13.16316,13.16316,1.0,13.16316,4.67965,0.0,0.0,0.0,0.59689,1.0,6,6,1,0.69689,0.90373,0.04141,0.90314,0.56242,0.07255,0.82,0.7,0.06,0.9,0.56,0.06,-2.717,-11.09711,18.56907,-74.83731,-4.01313,68.97829,double_rcm_log_20260616_133526_303.csv,33.22192,Unknown,Task4_EntryRCM_TipCone,0.0,4.678666901641986,13.152351627037845,13.163321817518156,4.678018752507751,13.150032524089651,13.161249940640145,14.696394228873693,16.292368843782764,47.59949518675537,5.790333861698092,12.432312372613286
12.29237,0.03026,33.05061,Done,EntryTipCone,161.2394,0.00495,4.68048,13.16475,13.16475,1.0,13.16475,4.68048,0.0,0.0,0.0,0.5969,1.0,6,6,1,0.69798,0.90435,0.04105,0.9024,0.562,0.07279,0.82,0.7,0.06,0.9,0.56,0.06,-2.65709,-10.64283,17.85125,-75.08009,-4.04661,68.9099,double_rcm_log_20260616_133526_303.csv,33.05061,Unknown,Task4_EntryRCM_TipCone,0.0,4.681271153938952,13.159656231906068,13.1706447462568,4.679745354128572,13.154704627856662,13.166020659257667,14.870243783119491,17.214959481954136,58.83061506672152,6.446165693093529,13.38715833638439
12.32355,0.03118,32.07029,Done,EntryTipCone,161.2386,0.00564,4.68115,13.16621,13.16621,1.0,13.16621,4.68115,0.0,0.0,0.0,0.5969,1.0,6,6,1,0.69856,0.90468,0.0409,0.90201,0.56177,0.07289,0.82,0.7,0.06,0.9,0.56,0.06,-2.62769,-10.38345,17.43754,-75.20078,-4.0578,68.86504,double_rcm_log_20260616_133526_303.csv,32.07029,Unknown,Task4_EntryRCM_TipCone,0.0,4.681406275027992,13.160035229069363,13.17102469470635,4.6794004014826855,13.15423827575676,13.16529908509486,14.849692513131624,16.894093210599113,55.87466990767792,6.8334683797913005,14.212642919003862
12.38333,0.02983,33.51957,Done,EntryTipCone,161.2372,0.00685,4.68203,13.16819,13.16819,1.0,13.16819,4.68203,0.0,0.0,0.0,0.5969,1.0,6,6,1,0.69968,0.90532,0.04068,0.90125,0.56134,0.07304,0.82,0.7,0.06,0.9,0.56,0.06,-2.57568,-9.8398,16.56238,-75.4184,-4.06475,68.7575,double_rcm_log_20260616_133526_303.csv,33.51957,Unknown,Task4_EntryRCM_TipCone,0.0,4.682129970593802,13.162065100203044,13.173059661772868,4.680458188800958,13.156920436964532,13.168131985972783,14.774544250058218,16.58379041370947,18.13832791947551,7.65084540400671,15.9024546826339
12.44437,0.0311,32.15829,Done,EntryTipCone,161.2345,0.00923,4.68371,13.17156,13.17156,1.0,13.17156,4.68371,0.0,0.0,0.0,0.59691,1.0,6,6,1,0.70082,0.90598,0.04054,0.90047,0.5609,0.07313,0.82,0.7,0.06,0.9,0.56,0.06,-2.52877,-9.22168,15.55633,-75.62174,-4.04946,68.61436,double_rcm_log_20260616_133526_303.csv,32.15829,Unknown,Task4_EntryRCM_TipCone,0.0,4.683377857075356,13.165565253163981,13.176568605476588,4.680907365886907,13.157782487942258,13.169198912614233,14.806831631498715,15.911674257220644,37.74257914027421,8.609784941404737,17.883315126250803
12.50159,0.0295,33.90145,Done,EntryTipCone,161.2321,0.01129,4.68492,13.17416,13.17416,1.0,13.17416,4.68492,0.0,0.0,0.0,0.59691,1.0,6,6,1,0.7019,0.9066,0.04049,0.89973,0.56048,0.07316,0.82,0.7,0.06,0.9,0.56,0.06,-2.49109,-8.57118,14.48627,-75.79431,-4.00966,68.43983,double_rcm_log_20260616_133526_303.csv,33.90145,Unknown,Task4_EntryRCM_TipCone,0.0,4.684809606583162,13.169581109375892,13.180594553423704,4.68176488171491,13.16000052606967,13.171518515342111,14.753837909109498,15.66048591186346,42.570532789359866,9.627796567321314,20.836936406802234
12.56281,0.03149,31.75702,Done,EntryTipCone,161.2262,0.01618,4.68793,13.18051,13.18051,1.0,13.18051,4.68793,0.0,0.0,0.0,0.59692,1.0,6,6,1,0.70304,0.90725,0.04052,0.89895,0.56004,0.07314,0.82,0.7,0.06,0.9,0.56,0.06,-2.45795,-7.79905,13.2037,-75.95997,-3.93549,68.20275,double_rcm_log_20260616_133526_303.csv,31.75702,Unknown,Task4_EntryRCM_TipCone,0.0,4.688003816903166,13.178540390901746,13.189576371675988,4.6855314623825075,13.170228722971542,13.181945986841242,14.510691263805636,15.949014918465528,34.192856500715436,10.973580675860354,24.590748061908755
12.62177,0.02962,33.76515,Done,EntryTipCone,161.2199,0.02169,4.69048,13.18567,13.18567,1.0,13.18567,4.69048,0.0,0.0,0.0,0.59694,1.0,6,6,1,0.70413,0.90788,0.04063,0.89821,0.55963,0.07306,0.82,0.7,0.06,0.9,0.56,0.06,-2.43418,-6.95011,11.77871,-76.10179,-3.82011,67.90376,double_rcm_log_20260616_133526_303.csv,33.76515,Unknown,Task4_EntryRCM_TipCone,0.0,4.690666026044203,13.186007457509353,13.197062244943337,4.687581431817626,13.175101284094717,13.187289334810258,14.375134338218771,17.554176464632583,118.33537388216779,12.459923435403567,29.42912090797792
12.65263,0.03086,32.40218,Done,EntryTipCone,161.2137,0.02703,4.69319,13.19148,13.19148,1.0,13.19148,4.69319,0.0,0.0,0.0,0.59695,1.0,6,6,1,0.70468,0.9082,0.04071,0.89783,0.55941,0.073,0.82,0.7,0.06,0.9,0.56,0.06,-2.42509,-6.46822,10.96405,-76.1701,-3.74018,67.71732,double_rcm_log_20260616_133526_303.csv,32.40218,Unknown,Task4_EntryRCM_TipCone,0.0,4.693378120220654,13.1936144143103,13.20468838275569,4.689595196508251,13.180990099381765,13.193066360782094,14.275737944110418,18.4692909811822,144.71744576420127,13.391142240894705,34.9714582029633
12.68338,0.03076,32.51482,Done,EntryTipCone,161.2061,0.03333,4.69599,13.19746,13.19746,1.0,13.19746,4.69599,0.0,0.0,0.0,0.59697,1.0,6,6,1,0.70522,0.90852,0.04081,0.89745,0.55921,0.07292,0.82,0.7,0.06,0.9,0.56,0.06,-2.41874,-5.95032,10.08377,-76.23491,-3.64167,67.50298,double_rcm_log_20260616_133526_303.csv,32.51482,Unknown,Task4_EntryRCM_TipCone,0.0,4.695237818568509,13.19883053061782,13.209917664400542,4.689745226385175,13.18019265646519,13.192914765130578,14.075676362458823,17.001391838957005,197.9435699868021,14.551105033645968,39.43550360521029
12.7429,0.03085,32.41269,Done,EntryTipCone,161.1845,0.05264,4.7032,13.21197,13.21197,1.0,13.21197,4.7032,0.0,0.0,0.0,0.59702,1.0,6,6,1,0.70621,0.90911,0.04104,0.89674,0.55883,0.07275,0.82,0.7,0.06,0.9,0.56,0.06,-2.41517,-4.83243,8.16843,-76.3558,-3.38324,66.9922,double_rcm_log_20260616_133526_303.csv,32.41269,Unknown,Task4_EntryRCM_TipCone,0.0,4.702595947287225,13.219468609679188,13.230607936037618,4.696835835680098,13.198375482786341,13.21207780782418,13.220045084227362,22.210967915234395,217.8699893842799,16.89366595452743,40.33502011474443
12.80423,0.03158,31.66744,Done,EntryTipCone,161.1399,0.09213,4.71588,13.2374,13.2374,1.0,13.2374,4.71588,0.0,0.0,0.0,0.59713,1.0,6,6,1,0.70709,0.90965,0.04127,0.89607,0.5585,0.07255,0.82,0.7,0.06,0.9,0.56,0.06,-2.4256,-3.53151,5.91588,-76.48988,-2.99082,66.31839,double_rcm_log_20260616_133526_303.csv,31.66744,Unknown,Task4_EntryRCM_TipCone,0.0,4.715355100920615,13.255254966144232,13.266485183199185,4.7059663194471915,13.220370412592612,13.236215471198715,11.709375688658284,35.42932878410458,247.28804227073988,19.18525279193017,27.15532015821118
12.86319,0.03038,32.91455,Done,EntryTipCone,161.062,0.16261,4.73367,13.27184,13.27184,1.0,13.27184,4.73367,0.0,0.0,0.0,0.59733,1.0,6,6,1,0.70771,0.91009,0.04142,0.8955,0.55827,0.07237,0.82,0.7,0.06,0.9,0.56,0.06,-2.45378,-2.16747,3.52774,-76.66444,-2.42403,65.52258,double_rcm_log_20260616_133526_303.csv,32.91455,Unknown,Task4_EntryRCM_TipCone,0.0,4.734996480116255,13.310343024222714,13.321714121772619,4.721084573306668,13.256171218893337,13.276287131574126,9.39710273142431,49.204933632292764,103.96326913689956,19.368201397580936,50.025915332333064
12.8935,0.03031,32.98822,Done,EntryTipCone,161.0013,0.21804,4.74537,13.29318,13.29318,1.0,13.29318,4.74537,0.0,0.0,0.0,0.59748,1.0,6,6,1,0.7079,0.91026,0.04145,0.89526,0.5582,0.07229,0.82,0.7,0.06,0.9,0.56,0.06,-2.47465,-1.52961,2.40253,-76.78445,-2.06493,65.12344,double_rcm_log_20260616_133526_303.csv,32.98822,Unknown,Task4_EntryRCM_TipCone,0.0,4.745366442531956,13.33942696491769,13.350872915199776,4.728184240753216,13.271375153371979,13.294799735234854,8.083626990623625,49.556379769306474,217.15788341537075,17.544872938473983,91.07669601253762
12.92439,0.03088,32.37877,Done,EntryTipCone,160.926,0.28686,4.75736,13.3136,13.3136,1.0,13.3136,4.75736,0.0,0.0,0.0,0.59768,1.0,6,6,1,0.70801,0.91041,0.04144,0.89504,0.55817,0.07222,0.82,0.7,0.06,0.9,0.56,0.06,-2.49908,-0.9918,1.44958,-76.92869,-1.67,64.7773,double_rcm_log_20260616_133526_303.csv,32.37877,Unknown,Task4_EntryRCM_TipCone,0.0,4.757219470097607,13.372669824116391,13.384201733536615,4.735823029489413,13.28602944681139,13.31461227373899,6.904680795733366,37.058914172553614,487.4148996867883,14.435597923929622,119.24896160455789
12.95456,0.03017,33.14386,Done,EntryTipCone,160.8435,0.3621,4.76715,13.32758,13.32758,1.0,13.32758,4.76715,0.0,0.0,0.0,0.59789,1.0,6,6,1,0.70806,0.91052,0.04141,0.89486,0.55816,0.07216,0.82,0.7,0.06,0.9,0.56,0.06,-2.52515,-0.59831,0.74947,-77.08688,-1.26981,64.52258,double_rcm_log_20260616_133526_303.csv,33.14386,Unknown,Task4_EntryRCM_TipCone,0.0,4.767301293994145,13.400944736347476,13.412550097664953,4.741463581145185,13.295238939618171,13.329321062979941,6.205483217034288,23.917675265395637,437.0739359181565,10.99324749203467,120.48199432351795
13.01383,0.03017,33.14028,Done,EntryTipCone,160.668,0.52135,4.77582,13.32718,13.32718,1.0,13.32718,4.77582,0.0,0.0,0.0,0.59833,1.0,6,6,1,0.70806,0.91072,0.04136,0.89453,0.55817,0.07202,0.82,0.7,0.06,0.9,0.56,0.06,-2.57293,-0.21412,0.0648,-77.38179,-0.58025,64.29593,double_rcm_log_20260616_133526_303.csv,33.14028,Unknown,Task4_EntryRCM_TipCone,0.0,4.776376664157788,13.426396650613723,13.43806839728233,4.742818076798049,13.284750135167991,13.332299126557272,6.035659971904375,18.22467929486504,100.23964765303192,5.170930988420961,80.11114467996008
13.04514,0.03132,31.93208,Done,EntryTipCone,160.5716,0.60724,4.77311,13.30881,13.30881,1.0,13.30881,4.77311,0.0,0.0,0.0,0.59857,1.0,6,6,1,0.70804,0.91082,0.04135,0.89437,0.55819,0.07192,0.82,0.7,0.06,0.9,0.56,0.06,-2.59211,-0.14805,-0.0504,-77.49225,-0.32697,64.27774,double_rcm_log_20260616_133526_303.csv,31.93208,Unknown,Task4_EntryRCM_TipCone,0.0,4.773615279629693,13.418652371572035,13.430303892300241,4.73337216824191,13.250160231251806,13.306366897091054,5.9949310887880705,16.33867900225715,66.63841323763714,3.4176484442608355,53.07293027690899
13.1052,0.03159,31.66012,Done,EntryTipCone,160.3847,0.77239,4.7525,13.23572,13.23572,1.0,13.23572,4.7525,0.0,0.0,0.0,0.59904,1.0,6,6,1,0.70794,0.91098,0.0414,0.89409,0.55824,0.07171,0.82,0.7,0.06,0.9,0.56,0.06,-2.62003,-0.10462,-0.11851,-77.61285,-0.01807,64.30682,double_rcm_log_20260616_133526_303.csv,31.66012,Unknown,Task4_EntryRCM_TipCone,0.0,4.751559068939238,13.356794802104645,13.368285608361775,4.706549996469694,13.159725622578106,13.234417251998666,5.8969608759880705,16.058787775661003,17.256532558312973,1.6060058337806653,25.20741029774188
13.16435,0.03012,33.1965,Done,EntryTipCone,160.199,0.93401,4.71235,13.11544,13.11544,1.0,13.11544,4.71235,0.0,0.0,0.0,0.59951,1.0,6,6,1,0.70781,0.91113,0.04151,0.89385,0.5583,0.07146,0.82,0.7,0.06,0.9,0.56,0.06,-2.63954,-0.09304,-0.12598,-77.6278,0.10505,64.36073,double_rcm_log_20260616_133526_303.csv,33.1965,Unknown,Task4_EntryRCM_TipCone,0.0,4.712514277323101,13.247287196193836,13.258497133844468,4.662347736491158,13.021624913374504,13.116558237586563,6.163696251782844,16.401397407222184,28.96733635490904,0.6839835365305744,13.177476419186245
13.19458,0.03024,33.07214,Done,EntryTipCone,160.1038,1.01608,4.6845,13.03621,13.03621,1.0,13.03621,4.6845,0.0,0.0,0.0,0.59975,1.0,6,6,1,0.70772,0.9112,0.04159,0.89374,0.55834,0.07131,0.82,0.7,0.06,0.9,0.56,0.06,-2.64888,-0.08685,-0.12994,-77.61059,0.13311,64.38819,double_rcm_log_20260616_133526_303.csv,33.07214,Unknown,Task4_EntryRCM_TipCone,0.0,4.68432851334804,13.168231711361114,13.179241763719105,4.630935780821757,12.926275030102346,13.033008094833706,6.338961493965856,15.003903087049189,39.4952190448935,0.5943736465645881,8.819951948660409
13.25481,0.03024,33.06385,Done,EntryTipCone,159.9142,1.17761,4.61346,12.84077,12.84077,1.0,12.84077,4.61346,0.0,0.0,0.0,0.60023,1.0,6,6,1,0.70751,0.91133,0.04181,0.89354,0.55843,0.07099,0.82,0.7,0.06,0.9,0.56,0.06,-2.669,-0.08133,-0.12655,-77.54084,0.15291,64.44727,double_rcm_log_20260616_133526_303.csv,33.06385,Unknown,Task4_EntryRCM_TipCone,0.0,4.61450833214534,12.972386249686712,12.982911417341008,4.5593877776678235,12.711567415305124,12.844321702604638,6.618683421507089,15.662653665592014,20.904253529751724,0.7219063822031568,4.459313665717492
13.28693,0.03212,31.13557,Done,EntryTipCone,159.814,1.26289,4.56798,12.71825,12.71825,1.0,12.71825,4.56798,0.0,0.0,0.0,0.60048,1.0,6,6,1,0.70738,0.91139,0.04196,0.89345,0.55848,0.0708,0.82,0.7,0.06,0.9,0.56,0.06,-2.68113,-0.07731,-0.12745,-77.49005,0.15499,64.47723,double_rcm_log_20260616_133526_303.csv,31.13557,Unknown,Task4_EntryRCM_TipCone,0.0,4.568400075314604,12.8430421068381,12.8532549957995,4.513053774261612,12.57489862323417,12.722142115225763,6.860529726510983,16.43878562697512,17.853174778546872,0.8088320513328398,3.3529716079313654
13.34552,0.03012,33.19919,Done,EntryTipCone,159.6323,1.41574,4.47076,12.46098,12.46098,1.0,12.46098,4.47076,0.0,0.0,0.0,0.60094,1.0,6,6,1,0.70711,0.91148,0.04227,0.89331,0.55858,0.07042,0.82,0.7,0.06,0.9,0.56,0.06,-2.70673,-0.07034,-0.13039,-77.37757,0.15484,64.53049,double_rcm_log_20260616_133526_303.csv,33.19919,Unknown,Task4_EntryRCM_TipCone,0.0,4.47151024365856,12.57121709994364,12.580794026406688,4.414833544322823,12.288059307248712,12.463903882812957,7.392920714134001,16.249830400609046,35.18042167459923,0.95740357008801,2.5912909343084474
13.37676,0.03123,32.01703,Done,EntryTipCone,159.5365,1.49561,4.41171,12.30663,12.30663,1.0,12.30663,4.41171,0.0,0.0,0.0,0.60118,1.0,6,6,1,0.70695,0.91152,0.04246,0.89325,0.55864,0.0702,0.82,0.7,0.06,0.9,0.56,0.06,-2.7224,-0.06999,-0.12713,-77.3093,0.15617,64.56038,double_rcm_log_20260616_133526_303.csv,32.01703,Unknown,Task4_EntryRCM_TipCone,0.0,4.412372765028011,12.405288830359362,12.414490876208301,4.354805505805379,12.11409611219035,12.306587666774268,7.693604871987942,14.723170980135848,61.62367188839497,1.0231895479846334,2.5060276880444827
13.40773,0.03097,32.28743,Done,EntryTipCone,159.4419,1.57384,4.34821,12.14234,12.14234,1.0,12.14234,4.34821,0.0,0.0,0.0,0.60141,1.0,6,6,1,0.70678,0.91155,0.04267,0.8932,0.5587,0.06997,0.82,0.7,0.06,0.9,0.56,0.06,-2.73952,-0.06882,-0.12627,-77.23692,0.16128,64.58863,double_rcm_log_20260616_133526_303.csv,32.28743,Unknown,Task4_EntryRCM_TipCone,0.0,4.348013947979683,12.224695488678808,12.233500810934204,4.290428646656454,11.9285684872011,12.137994068214102,7.949514381044837,13.074890659462826,49.54032759549157,1.092001150473526,2.673662704652271
13.4697,0.03239,30.87379,Done,EntryTipCone,159.2565,1.72678,4.20757,11.7816,11.7816,1.0,11.7816,4.20757,0.0,0.0,0.0,0.60188,1.0,6,6,1,0.70641,0.91161,0.04314,0.89312,0.55884,0.06949,0.82,0.7,0.06,0.9,0.56,0.06,-2.77679,-0.06771,-0.12446,-77.07137,0.16371,64.64381,double_rcm_log_20260616_133526_303.csv,30.87379,Unknown,Task4_EntryRCM_TipCone,0.0,4.206986930560962,11.82891458311574,11.836890781255786,4.151918167978289,11.530392281004426,11.77879875029708,8.416215047318142,13.457517223112864,11.657437651303619,1.2511203754432387,2.80659889701796
13.53116,0.03216,31.09672,Done,EntryTipCone,159.0768,1.87299,4.0498,11.38247,11.38247,1.0,11.38247,4.0498,0.0,0.0,0.0,0.60234,1.0,6,6,1,0.706,0.91164,0.04366,0.89308,0.55899,0.06898,0.82,0.7,0.06,0.9,0.56,0.06,-2.81834,-0.06655,-0.12591,-76.88285,0.16343,64.69518,double_rcm_log_20260616_133526_303.csv,31.09672,Unknown,Task4_EntryRCM_TipCone,0.0,4.050120917893006,11.388598735692403,11.395715738285478,3.9980142079614787,11.09107499818595,11.381867157896401,8.953453400727442,13.736647039738,29.213511674314574,1.4034649852302237,2.3229928026253766
13.58877,0.03088,32.37977,Done,EntryTipCone,158.9137,2.00455,3.8866,10.97431,10.97431,1.0,10.97431,3.8866,0.0,0.0,0.0,0.60275,1.0,6,6,1,0.70558,0.91164,0.04421,0.89308,0.55914,0.06847,0.82,0.7,0.06,0.9,0.56,0.06,-2.86092,-0.06778,-0.12597,-76.68448,0.15786,64.74184,double_rcm_log_20260616_133526_303.csv,32.37977,Unknown,Task4_EntryRCM_TipCone,0.0,3.885778652395691,10.927205873572065,10.933491348728003,3.8380290896874656,10.637157587366207,10.971184986135306,9.501915096307275,11.38479126844703,50.54703567825973,1.5120724591256938,2.321237751368481
13.62024,0.03146,31.78529,Done,EntryTipCone,158.827,2.07398,3.79142,10.7383,10.7383,1.0,10.7383,3.79142,0.0,0.0,0.0,0.60297,1.0,6,6,1,0.70534,0.91163,0.04453,0.89309,0.55923,0.06818,0.82,0.7,0.06,0.9,0.56,0.06,-2.88631,-0.07066,-0.12362,-76.57207,0.16264,64.76739,double_rcm_log_20260616_133526_303.csv,31.78529,Unknown,Task4_EntryRCM_TipCone,0.0,3.790397728767372,10.659381324917673,10.66521529696043,3.745373275720329,10.374827894772707,10.735613629411212,9.661267834264184,11.50396590523152,55.51297512907968,1.5816787483671604,2.891435351941857
13.65072,0.03048,32.80636,Done,EntryTipCone,158.7448,2.13938,3.69528,10.50155,10.50155,1.0,10.50155,3.69528,0.0,0.0,0.0,0.60318,1.0,6,6,1,0.7051,0.91162,0.04485,0.89311,0.55932,0.0679,0.82,0.7,0.06,0.9,0.56,0.06,-2.91143,-0.07072,-0.1268,-76.45495,0.16036,64.78918,double_rcm_log_20260616_133526_303.csv,32.80636,Unknown,Task4_EntryRCM_TipCone,0.0,3.6956955995020118,10.393433567550892,10.398841165999347,3.653999940674995,10.116667511511007,10.504499036127374,9.874952930632178,12.189197824667911,50.81044302097426,1.6599779815147586,2.768427178353829
13.7108,0.03046,32.83027,Done,EntryTipCone,158.5894,2.26366,3.49514,10.01277,10.01277,1.0,10.01277,3.49508,0.0,0.0,0.0,0.60357,1.0,6,6,1,0.7046,0.91158,0.04552,0.89318,0.55949,0.06731,0.82,0.7,0.06,0.9,0.56,0.06,-2.96387,-0.07593,-0.12678,-76.21173,0.15813,64.83264,double_rcm_log_20260616_133526_303.csv,32.83027,Unknown,Task4_EntryRCM_TipCone,0.0,3.4953876214888355,9.83082496989815,9.83540020903544,3.459031954988202,9.568694871217389,10.01042456642078,10.453232162367856,13.088260839330665,90.91402554922756,1.7844226858895864,2.2258497930559042
13.74104,0.03024,33.06645,Done,EntryTipCone,158.513,2.32325,3.389,9.75666,9.75666,1.0,9.75666,3.389,0.0,0.0,0.0,0.60376,1.0,6,6,1,0.70433,0.91155,0.04588,0.89322,0.55959,0.06701,0.82,0.7,0.06,0.9,0.56,0.06,-2.99149,-0.07799,-0.12885,-76.08149,0.15479,64.85278,double_rcm_log_20260616_133526_303.csv,33.06645,Unknown,Task4_EntryRCM_TipCone,0.0,3.3892962357853706,9.532795089733744,9.536966302992086,3.358488226163289,9.285983233636859,9.760973312124165,10.760242749156816,14.686776377630938,95.30567907882434,1.8155768642550367,2.13800382585596
13.77286,0.03182,31.42336,Done,EntryTipCone,158.435,2.38408,3.27375,9.48058,9.48058,1.0,9.48058,3.27375,0.0,0.0,0.0,0.60396,1.0,6,6,1,0.70405,0.91151,0.04627,0.89328,0.55969,0.06668,0.82,0.7,0.06,0.9,0.56,0.06,-3.02241,-0.08434,-0.12506,-75.94566,0.16391,64.87557,double_rcm_log_20260616_133526_303.csv,31.42336,Unknown,Task4_EntryRCM_TipCone,0.0,3.273494768514265,9.207450562756058,9.211208721665297,3.246072629068101,8.971248433832349,9.480342820805634,10.967217891280264,12.742759278437093,99.6515978294204,1.8724167169611479,2.408014566926222
13.80331,0.03044,32.84698,Done,EntryTipCone,158.364,2.44026,3.16038,9.21089,9.21089,1.0,9.21089,3.16038,0.0,0.0,0.0,0.60414,1.0,6,6,1,0.70377,0.91146,0.04665,0.89335,0.55979,0.06637,0.82,0.7,0.06,0.9,0.56,0.06,-3.05189,-0.08944,-0.12372,-75.80638,0.16059,64.89553,double_rcm_log_20260616_133526_303.csv,32.84698,Unknown,Task4_EntryRCM_TipCone,0.0,3.1606838012706673,8.890471675249401,8.893854576651089,3.1374695097423944,8.667632628614113,9.211053142827948,11.120490457764,9.854912669493247,97.70785113010771,1.9463596634911349,2.5472414105194168
13.86345,0.03044,32.85573,Done,EntryTipCone,158.2281,2.54483,2.92704,8.66423,8.66423,1.0,8.66423,2.92697,0.0,0.0,0.0,0.60448,1.0,6,6,1,0.7032,0.91135,0.04744,0.8935,0.56,0.06573,0.82,0.7,0.06,0.9,0.56,0.06,-3.11335,-0.10119,-0.12094,-75.52381,0.16454,64.93292,double_rcm_log_20260616_133526_303.csv,32.85573,Unknown,Task4_EntryRCM_TipCone,0.0,2.9269920600827652,8.233730917930693,8.236417639020072,2.913600802607073,8.04256799784749,8.665038949710542,11.747096515021065,9.841364198026254,52.645066980567734,2.0321376668172193,1.8800813237799963
13.89796,0.03451,28.97679,Done,EntryTipCone,158.155,2.60133,2.78825,8.34438,8.34438,1.0,8.34438,2.78825,0.0,0.0,0.0,0.60467,1.0,6,6,1,0.70286,0.91128,0.04791,0.8936,0.56012,0.06535,0.82,0.7,0.06,0.9,0.56,0.06,-3.14974,-0.10619,-0.12403,-75.3544,0.1652,64.95085,double_rcm_log_20260616_133526_303.csv,28.97679,Unknown,Task4_EntryRCM_TipCone,0.0,2.787397196687496,7.841363303020375,7.843683693761776,2.7801120669755153,7.670848814731183,8.342475651747566,11.931086250468256,10.158686983107694,69.82309369681181,2.0956179006915536,1.7218220013243153
13.95461,0.02918,34.27015,Done,EntryTipCone,158.043,2.68757,2.55298,7.81145,7.81145,1.0,7.81145,2.55298,0.0,0.0,0.0,0.60495,1.0,6,6,1,0.70228,0.91113,0.0487,0.89379,0.56032,0.06473,0.82,0.7,0.06,0.9,0.56,0.06,-3.21093,-0.11846,-0.12423,-75.06394,0.15975,64.9799,double_rcm_log_20260616_133526_303.csv,34.27015,Unknown,Task4_EntryRCM_TipCone,0.0,2.5526906257899973,7.181555806041459,7.183338059479673,2.5581062273398674,7.053896468237674,7.812771595279141,12.242787499874852,10.418604783643016,36.637320239730784,2.16391248444142,1.4509546718621444
13.986,0.03139,31.85872,Done,EntryTipCone,157.9853,2.73204,2.41929,7.51503,7.51503,1.0,7.51503,2.41929,0.0,0.0,0.0,0.6051,1.0,6,6,1,0.70196,0.91104,0.04915,0.89391,0.56044,0.06438,0.82,0.7,0.06,0.9,0.56,0.06,-3.24616,-0.12625,-0.12424,-74.90163,0.16363,64.99459,double_rcm_log_20260616_133526_303.csv,31.85872,Unknown,Task4_EntryRCM_TipCone,0.0,2.4191291938248867,6.806033178683046,6.807550080909993,2.4303986488516967,6.699417770339368,7.514392856379055,12.374838973277214,8.77341552274232,52.64472999322948,2.1954519665579135,1.4503943755534818
14.01773,0.03173,31.51636,Done,EntryTipCone,157.9297,2.77428,2.28156,7.2149,7.2149,1.0,7.2149,2.28156,0.0,0.0,0.0,0.60524,1.0,6,6,1,0.70163,0.91094,0.04962,0.89404,0.56056,0.06403,0.82,0.7,0.06,0.9,0.56,0.06,-3.28248,-0.13464,-0.12431,-74.7338,0.16738,65.00848,double_rcm_log_20260616_133526_303.csv,31.51636,Unknown,Task4_EntryRCM_TipCone,0.0,2.2816813672043827,6.4195449331693,6.420817705517072,2.3014420292390887,6.341959051853433,7.216377207435934,12.48824458282983,8.752393733062416,29.957996534725005,2.2486251650771734,1.865186174292988
14.07701,0.02932,34.10149,Done,EntryTipCone,157.8341,2.84666,2.01868,6.66016,6.66016,1.0,6.66016,2.01868,0.0,0.0,0.0,0.60548,1.0,6,6,1,0.70099,0.91074,0.05051,0.8943,0.56079,0.06336,0.82,0.7,0.06,0.9,0.56,0.06,-3.35107,-0.15069,-0.12597,-74.40762,0.16381,65.03118,double_rcm_log_20260616_133526_303.csv,34.10149,Unknown,Task4_EntryRCM_TipCone,0.0,2.0189026791428204,5.680539072818755,5.681420814236326,2.055769111952513,5.661817593453447,6.663610132653349,13.038206005574873,8.20616908297187,60.80103336333819,2.33341044730376,1.4203704431893955
14.10726,0.03026,33.05162,Done,EntryTipCone,157.7897,2.87989,1.88222,6.38264,6.38264,1.0,6.38264,1.88222,0.0,0.0,0.0,0.60559,1.0,6,6,1,0.70066,0.91063,0.05097,0.89445,0.56091,0.06301,0.82,0.7,0.06,0.9,0.56,0.06,-3.38679,-0.16362,-0.11971,-74.23835,0.16282,65.04439,double_rcm_log_20260616_133526_303.csv,33.05162,Unknown,Task4_EntryRCM_TipCone,0.0,1.8819092450007724,5.295227534696594,5.295941694716531,1.9263352153081774,5.304063174006009,6.378926241931359,13.07807533644467,6.471619855452644,35.42135297642172,2.3377708518579614,1.7090548103227976
14.13929,0.03203,31.22338,Done,EntryTipCone,157.7465,2.91248,1.73664,6.09577,6.09577,1.0,6.09577,1.73664,0.0,0.0,0.0,0.6057,1.0,6,6,1,0.70031,0.9105,0.05147,0.89461,0.56104,0.06265,0.82,0.7,0.06,0.9,0.56,0.06,-3.42561,-0.17243,-0.12315,-74.06039,0.17082,65.05292,double_rcm_log_20260616_133526_303.csv,31.22338,Unknown,Task4_EntryRCM_TipCone,0.0,1.736390727833153,4.885905005143934,4.886465983667096,1.7929862164291472,4.935596604885192,6.095588568793001,13.157528045357784,7.402708011671117,54.48299848250845,2.3813289626769425,2.280401327315876
14.16948,0.03018,33.13055,Done,EntryTipCone,157.7089,2.94077,1.59826,5.83316,5.83316,1.0,5.83316,1.59826,0.0,0.0,0.0,0.6058,1.0,6,6,1,0.69998,0.91037,0.05194,0.89477,0.56116,0.0623,0.82,0.7,0.06,0.9,0.56,0.06,-3.46167,-0.18341,-0.12195,-73.88471,0.16494,65.06193,double_rcm_log_20260616_133526_303.csv,33.13055,Unknown,Task4_EntryRCM_TipCone,0.0,1.5978322126438917,4.496130623474542,4.496567743997617,1.6656461542821788,4.584138036584651,5.829965694581794,13.339922214102355,8.55389303270429,14.63515036915432,2.433830402655635,1.639174442676328
14.22956,0.03083,32.43325,Done,EntryTipCone,157.644,2.98932,1.32131,5.34263,5.34263,1.0,5.34263,1.32131,0.0,0.0,0.0,0.60596,1.0,6,6,1,0.6993,0.9101,0.05289,0.89511,0.56141,0.06162,0.82,0.7,0.06,0.9,0.56,0.06,-3.5352,-0.20563,-0.12206,-73.53506,0.16566,65.07574,double_rcm_log_20260616_133526_303.csv,32.43325,Unknown,Task4_EntryRCM_TipCone,0.0,1.3218045072169091,3.7195700844824438,3.719817550762048,1.4171252734399524,3.8986666359746924,5.340842630147453,13.545118126433598,6.187510093039406,45.852674990277194,2.443978218715426,0.8896950684287053
14.26145,0.03189,31.36054,Done,EntryTipCone,157.6148,3.01104,1.17487,5.10548,5.10548,1.0,5.10548,1.17487,0.0,0.0,0.0,0.60603,1.0,6,6,1,0.69895,0.90994,0.0534,0.8953,0.56154,0.06125,0.82,0.7,0.06,0.9,0.56,0.06,-3.57482,-0.21854,-0.12161,-73.34846,0.16917,65.08164,double_rcm_log_20260616_133526_303.csv,31.36054,Unknown,Task4_EntryRCM_TipCone,0.0,1.1748679290258477,3.3061507753808703,3.30632454927187,1.2885584920316255,3.5444216193033373,5.101382165648866,13.63254427924369,6.227867934905067,41.244190586161174,2.464567667616869,0.9263841063959573
14.32138,0.03117,32.08321,Done,EntryTipCone,157.5693,3.04421,0.90374,4.71795,4.71795,1.0,4.71795,0.90374,0.0,0.0,0.0,0.60615,1.0,6,6,1,0.69826,0.90963,0.05437,0.89567,0.56179,0.06057,0.82,0.7,0.06,0.9,0.56,0.06,-3.64967,-0.24322,-0.12234,-72.99107,0.17107,65.08917,double_rcm_log_20260616_133526_303.csv,32.08321,Unknown,Task4_EntryRCM_TipCone,0.0,0.9039804417276557,2.543929419348177,2.5440085781373485,1.0645381334817428,2.9274325847851626,4.719947033601154,13.622103111552532,9.215291154108234,24.161968216223013,2.5128631350348702,0.655337800003439
14.35181,0.03043,32.85969,Done,EntryTipCone,157.5522,3.05723,0.77253,4.5567,4.5567,1.0,4.5567,0.77253,0.0,0.0,0.0,0.60619,1.0,6,6,1,0.69792,0.90946,0.05487,0.89587,0.56192,0.06023,0.82,0.7,0.06,0.9,0.56,0.06,-3.68754,-0.25531,-0.12457,-72.8073,0.16932,65.09058,double_rcm_log_20260616_133526_303.csv,32.85969,Unknown,Task4_EntryRCM_TipCone,0.0,0.7719640172352958,2.17244084416748,2.172490140548699,0.961312981925925,2.6432829238249607,4.56028507880806,13.787982464388493,8.64898739568334,47.67102345982898,2.5172015358113407,1.0315096767404404
14.38371,0.0319,31.34634,Done,EntryTipCone,157.5373,3.06793,0.64316,4.41876,4.41876,1.0,4.41876,0.64285,0.0,0.0,0.0,0.60623,1.0,6,6,1,0.69756,0.90928,0.05539,0.89609,0.56206,0.05987,0.82,0.7,0.06,0.9,0.56,0.06,-3.72778,-0.27061,-0.1233,-72.61583,0.17256,65.09248,double_rcm_log_20260616_133526_303.csv,31.34634,Unknown,Task4_EntryRCM_TipCone,0.0,0.6419036734593891,1.8064453086208243,1.806473650914872,0.8643154851422717,2.3763430210822047,4.421379875106815,13.858366806063673,7.566896335743982,67.97783661431254,2.525972541193576,0.6361892233736721
14.44299,0.03061,32.6653,Done,EntryTipCone,157.5201,3.08012,0.45413,4.25721,4.25721,1.0,4.25721,0.45413,0.0,0.0,0.0,0.60627,1.0,6,6,1,0.69688,0.90892,0.05635,0.89651,0.56231,0.05922,0.82,0.7,0.06,0.9,0.56,0.06,-3.80187,-0.30118,-0.11888,-72.25401,0.16822,65.09387,double_rcm_log_20260616_133526_303.csv,32.6653,Unknown,Task4_EntryRCM_TipCone,0.0,0.4549647038397952,1.2803749919414256,1.2803850835454185,0.7417332523930089,2.0391631013350193,4.257299613604801,13.946744394505622,6.4629277701481405,55.31291387750656,2.5346872979437585,0.6092590153993007
14.47475,0.03176,31.48315,Done,EntryTipCone,157.517,3.08268,0.40974,4.22581,4.22581,1.0,4.22581,0.40926,0.0,0.0,0.0,0.60628,1.0,6,6,1,0.69652,0.90872,0.05687,0.89675,0.56245,0.05887,0.82,0.7,0.06,0.9,0.56,0.06,-3.84194,-0.31433,-0.12375,-72.06218,0.17239,65.08987,double_rcm_log_20260616_133526_303.csv,31.48315,Unknown,Task4_EntryRCM_TipCone,0.0,0.4102728743905972,1.1546042035658,1.1546116038073821,0.7143741597767177,1.9639089748607155,4.223967329419062,13.837557087224862,6.33583565567577,58.30135337669612,2.532478401748501,0.9273196010248222
14.50581,0.03105,32.20488,Done,EntryTipCone,157.5164,3.08208,0.42244,4.23535,4.23535,1.0,4.23535,0.42244,0.0,0.0,0.0,0.60628,1.0,6,6,1,0.69617,0.90852,0.05738,0.89698,0.56258,0.05854,0.82,0.7,0.06,0.9,0.56,0.06,-3.88085,-0.33262,-0.11928,-71.8738,0.17357,65.08887,double_rcm_log_20260616_133526_303.csv,32.20488,Unknown,Task4_EntryRCM_TipCone,0.0,0.4232498538305783,1.1911238166848035,1.191131941580356,0.7213510926090607,1.983107119182924,4.231831754689651,13.789376271730806,6.3482034389274675,73.46643635340268,2.534319565844779,0.6788899192501069
14.53669,0.03089,32.37481,Done,EntryTipCone,157.5203,3.07889,0.48779,4.28216,4.28216,1.0,4.28216,0.48779,0.0,0.0,0.0,0.60627,1.0,6,6,1,0.69582,0.90832,0.05788,0.89722,0.56272,0.05821,0.82,0.7,0.06,0.9,0.56,0.06,-3.91954,-0.3476,-0.12144,-71.68713,0.17688,65.08392,double_rcm_log_20260616_133526_303.csv,32.37481,Unknown,Task4_EntryRCM_TipCone,0.0,0.48909996347437457,1.376437187169021,1.3764497249219194,0.757500091981708,2.0824648856583563,4.281460031344416,13.924269253074991,5.780792956496547,39.21910680218001,2.5359761651752177,0.9033652610656694
14.59629,0.03049,32.7936,Done,EntryTipCone,157.5372,3.06497,0.69745,4.47454,4.47454,1.0,4.47454,0.69745,0.0,0.0,0.0,0.60623,1.0,6,6,1,0.69516,0.90791,0.05883,0.89769,0.56297,0.05758,0.82,0.7,0.06,0.9,0.56,0.06,-3.99299,-0.37981,-0.12086,-71.32386,0.17313,65.07354,double_rcm_log_20260616_133526_303.csv,32.7936,Unknown,Task4_EntryRCM_TipCone,0.0,0.6976232463028106,1.96324389024994,1.9632802723367677,0.9011932896647388,2.477809516488315,4.473633869685768,13.772800147445082,8.032951591681723,51.25613417500369,2.5160701185574,0.7381573552672102
14.62635,0.03006,33.26695,Done,EntryTipCone,157.5513,3.05433,0.82329,4.61682,4.61682,1.0,4.61682,0.82329,0.0,0.0,0.0,0.6062,1.0,6,6,1,0.69483,0.9077,0.05931,0.89793,0.5631,0.05727,0.82,0.7,0.06,0.9,0.56,0.06,-4.03014,-0.39704,-0.12004,-71.14459,0.17798,65.06695,double_rcm_log_20260616_133526_303.csv,33.26695,Unknown,Task4_EntryRCM_TipCone,0.0,0.8229443112420726,2.315898687194155,2.3159584092198995,0.99732507301405,2.742280353731456,4.620367950715613,13.69872070105492,9.28278919834757,19.7260302628753,2.5023040147215565,0.6405880632292833
14.68821,0.03292,30.3775,Done,EntryTipCone,157.5908,3.02379,1.09896,4.98958,4.98958,1.0,4.98958,1.09896,0.0,0.0,0.0,0.6061,1.0,6,6,1,0.69416,0.90724,0.06029,0.89845,0.56336,0.05666,0.82,0.7,0.06,0.9,0.56,0.06,-4.10499,-0.4331,-0.11832,-70.77415,0.17808,65.0503,double_rcm_log_20260616_133526_303.csv,30.3775,Unknown,Task4_EntryRCM_TipCone,0.0,1.0992792009516261,3.093466433168071,3.0936087783712236,1.2200012899742976,3.3554137656124405,4.984746733786942,13.56373728879603,7.200312264804451,30.47726496021186,2.4860837992470444,0.7277528486554194
14.74854,0.03123,32.02156,Done,EntryTipCone,157.6433,2.98371,1.37615,5.43479,5.43479,1.0,5.43479,1.37615,0.0,0.0,0.0,0.60596,1.0,6,6,1,0.69352,0.90679,0.06122,0.89896,0.56362,0.05608,0.82,0.7,0.06,0.9,0.56,0.06,-4.17695,-0.46848,-0.11838,-70.41946,0.18295,65.02933,double_rcm_log_20260616_133526_303.csv,32.02156,Unknown,Task4_EntryRCM_TipCone,0.0,1.3757038634508025,3.8712147935747465,3.871493783174394,1.4614502480761493,4.020440083067819,5.436211916399118,13.42791895372286,7.257989017666259,45.18448906390195,2.4510251595094377,0.8304433317164666
14.808,0.02963,33.75257,Done,EntryTipCone,157.7081,2.93442,1.64996,5.92873,5.92873,1.0,5.92873,1.64996,0.0,0.0,0.0,0.6058,1.0,6,6,1,0.69291,0.90633,0.06212,0.89948,0.56386,0.05553,0.82,0.7,0.06,0.9,0.56,0.06,-4.24579,-0.50322,-0.11976,-70.07383,0.18268,65.0044,double_rcm_log_20260616_133526_303.csv,33.75257,Unknown,Task4_EntryRCM_TipCone,0.0,1.6493288865181783,4.640997407434404,4.641478167176085,1.7090770209689683,4.703515052187415,5.928819444037727,13.368139382978057,10.176697646276612,65.03699609702457,2.4054498543698952,1.136458053632199
14.83893,0.03093,32.32615,Done,EntryTipCone,157.7457,2.90495,1.79166,6.20192,6.20192,1.0,6.20192,1.79166,0.0,0.0,0.0,0.6057,1.0,6,6,1,0.69259,0.90608,0.06258,0.89976,0.56398,0.05525,0.82,0.7,0.06,0.9,0.56,0.06,-4.28106,-0.52306,-0.11783,-69.89793,0.18485,64.99122,double_rcm_log_20260616_133526_303.csv,32.32615,Unknown,Task4_EntryRCM_TipCone,0.0,1.7930214987593844,5.045203059520561,5.045820732635765,1.8409352279226865,5.067756444879257,6.2016530054494226,13.065487306414278,10.296772218896114,61.21452558963474,2.372056304328701,1.2778908637821909
14.87111,0.03218,31.07725,Done,EntryTipCone,157.7889,2.87148,1.93735,6.4928,6.4928,1.0,6.4928,1.93735,0.0,0.0,0.0,0.60559,1.0,6,6,1,0.69228,0.90583,0.06304,0.90004,0.56411,0.05498,0.82,0.7,0.06,0.9,0.56,0.06,-4.31705,-0.54319,-0.11697,-69.71764,0.18706,64.97594,double_rcm_log_20260616_133526_303.csv,31.07725,Unknown,Task4_EntryRCM_TipCone,0.0,1.9358963378362817,5.447076867999024,5.447854267213301,1.9726472797887984,5.431509777358231,6.4879966091236145,12.973602403298505,8.166985097772647,70.83449300922885,2.3601101174966166,1.7360208946986126
14.90147,0.03036,32.93676,Done,EntryTipCone,157.8335,2.83739,2.07349,6.77246,6.77246,1.0,6.77246,2.07349,0.0,0.0,0.0,0.60548,1.0,6,6,1,0.69198,0.90558,0.06348,0.90032,0.56423,0.05472,0.82,0.7,0.06,0.9,0.56,0.06,-4.3499,-0.55967,-0.12046,-69.54646,0.182,64.9588,double_rcm_log_20260616_133526_303.csv,32.93676,Unknown,Task4_EntryRCM_TipCone,0.0,2.0749006777259877,5.8380313737921075,5.838988535090456,2.1023351198727283,5.790179484397552,6.7730126236409465,12.908517712621645,9.083442368162878,94.191142841085,2.331015791462406,1.78663289411436
14.93161,0.03014,33.18092,Done,EntryTipCone,157.8798,2.80113,2.20691,7.05409,7.05409,1.0,7.05409,2.20691,0.0,0.0,0.0,0.60536,1.0,6,6,1,0.6917,0.90534,0.0639,0.90059,0.56435,0.05448,0.82,0.7,0.06,0.9,0.56,0.06,-4.38237,-0.57657,-0.12333,-69.3819,0.18344,64.94128,double_rcm_log_20260616_133526_303.csv,33.18092,Unknown,Task4_EntryRCM_TipCone,0.0,2.207124142745372,6.2098825811180705,6.211034624397663,2.225915475037724,6.13203053331751,7.052729967891841,12.57625893997206,9.007913992007772,54.54854474435521,2.2760448937493574,2.338223492587406
14.96176,0.03015,33.1629,Done,EntryTipCone,157.9308,2.76276,2.33917,7.33822,7.33822,1.0,7.33822,2.33917,0.0,0.0,0.0,0.60523,1.0,6,6,1,0.69142,0.9051,0.06432,0.90086,0.56446,0.05424,0.82,0.7,0.06,0.9,0.56,0.06,-4.41441,-0.59733,-0.11986,-69.2205,0.18656,64.9252,double_rcm_log_20260616_133526_303.csv,33.1629,Unknown,Task4_EntryRCM_TipCone,0.0,2.3388775051950037,6.580378828898899,6.581749729571427,2.3499967147166947,6.475805385016986,7.335448179900063,12.50828523176305,7.280721303318647,36.51897484577408,2.2384679275600545,1.5886038244857665
14.99338,0.03162,31.62756,Done,EntryTipCone,157.9867,2.71981,2.47544,7.63708,7.63708,1.0,7.63708,2.47544,0.0,0.0,0.0,0.60509,1.0,6,6,1,0.69113,0.90484,0.06474,0.90115,0.56458,0.054,0.82,0.7,0.06,0.9,0.56,0.06,-4.44726,-0.61688,-0.12006,-69.05404,0.18953,64.90601,double_rcm_log_20260616_133526_303.csv,31.62756,Unknown,Task4_EntryRCM_TipCone,0.0,2.4754013874357073,6.96425325451859,6.965878485206402,2.479056190160158,6.833601258037068,7.635371634701167,12.380888868667267,8.573448896778267,62.00508556134916,2.1889010346037803,1.4493358310843545
15.0267,0.03331,30.01758,Done,EntryTipCone,158.0479,2.67179,2.61621,7.9516,7.9516,1.0,7.9516,2.61621,0.0,0.0,0.0,0.60494,1.0,6,6,1,0.69084,0.90457,0.06518,0.90145,0.5647,0.05375,0.82,0.7,0.06,0.9,0.56,0.06,-4.48124,-0.63936,-0.11697,-68.88403,0.19595,64.88629,double_rcm_log_20260616_133526_303.csv,30.01758,Unknown,Task4_EntryRCM_TipCone,0.0,2.6162215944876643,7.36016652751016,7.362085177578357,2.6139845853272097,7.208077733722355,7.953301201387959,12.12634663055527,10.203580326161184,31.75656945428293,2.1518462462743986,1.5014877918654985
15.08587,0.03159,31.65998,Done,EntryTipCone,158.1673,2.58023,2.85897,8.50431,8.50431,1.0,8.50431,2.85897,0.0,0.0,0.0,0.60464,1.0,6,6,1,0.69034,0.90409,0.06593,0.90199,0.56491,0.05335,0.82,0.7,0.06,0.9,0.56,0.06,-4.53789,-0.67435,-0.1191,-68.58312,0.18828,64.8456,double_rcm_log_20260616_133526_303.csv,31.65998,Unknown,Task4_EntryRCM_TipCone,0.0,2.858785920337664,8.042025811615705,8.04452907252727,2.843430625453706,7.846025353397303,8.502393780577291,11.834421275905852,9.111806413805141,59.34069010499227,2.08055867072406,1.7363878594382436
15.11623,0.03036,32.94104,Done,EntryTipCone,158.2322,2.53,2.97966,8.78397,8.78397,1.0,8.78397,2.97966,0.0,0.0,0.0,0.60447,1.0,6,6,1,0.69009,0.90384,0.0663,0.90227,0.56501,0.05315,0.82,0.7,0.06,0.9,0.56,0.06,-4.56621,-0.69143,-0.12186,-68.43624,0.1902,64.82291,double_rcm_log_20260616_133526_303.csv,32.94104,Unknown,Task4_EntryRCM_TipCone,0.0,2.9808805179120825,8.385185474878918,8.38802332218966,2.960426862947063,8.172117134594812,8.784958736385702,11.576816179368354,10.531423192739126,47.95945916475405,2.025131645360497,2.244938932315205
15.14662,0.03039,32.90197,Done,EntryTipCone,158.2989,2.47735,3.09763,9.06047,9.06047,1.0,9.06047,3.09763,0.0,0.0,0.0,0.6043,1.0,6,6,1,0.68986,0.9036,0.06666,0.90254,0.56511,0.05296,0.82,0.7,0.06,0.9,0.56,0.06,-4.59367,-0.71116,-0.11956,-68.29259,0.19083,64.80166,double_rcm_log_20260616_133526_303.csv,32.90197,Unknown,Task4_EntryRCM_TipCone,0.0,3.09778893527044,8.713733170697125,8.716918137539365,3.073489770016352,8.487341161989397,9.062301032298551,11.273813732194016,11.831409776318523,82.99143185819032,1.9693069433207124,2.313965877161924
15.18222,0.0356,28.09107,Done,EntryTipCone,158.3811,2.41326,3.23204,9.37821,9.37821,1.0,9.37821,3.23204,0.0,0.0,0.0,0.60409,1.0,6,6,1,0.68959,0.90332,0.06706,0.90286,0.56522,0.05275,0.82,0.7,0.06,0.9,0.56,0.06,-4.62502,-0.73383,-0.11765,-68.13099,0.19575,64.77544,double_rcm_log_20260616_133526_303.csv,28.09107,Unknown,Task4_EntryRCM_TipCone,0.0,3.231524363601096,9.08952524381538,9.093140713692085,3.2027715031529893,8.848617884253885,9.380325154278966,11.045308840255931,11.924310330089464,46.25243955191395,1.8902113255571518,2.2084573587863794
15.30806,0.12584,7.9463,Done,EntryTipCone,158.6952,2.16608,3.66949,10.43449,10.43449,1.0,10.43449,3.66949,0.0,0.0,0.0,0.6033,1.0,6,6,1,0.68875,0.90234,0.06837,0.90398,0.56558,0.05213,0.82,0.7,0.06,0.9,0.56,0.06,-4.72713,-0.80572,-0.12272,-67.61776,0.23878,64.6709,double_rcm_log_20260616_133526_303.csv,7.9463,Unknown,Task4_EntryRCM_TipCone,0.0,3.6698028116698245,10.320715034988037,10.32600978695606,3.625088875895052,10.033736093798725,10.436172670093136,10.129576131827653,15.221432328421809,55.12894758606625,1.771109916803911,1.9408913136462431
15.34826,0.0402,24.8757,Done,EntryTipCone,158.8038,2.07932,3.79787,10.75043,10.75043,1.0,10.75043,3.79787,0.0,0.0,0.0,0.60302,1.0,6,6,1,0.68851,0.90204,0.06875,0.90433,0.56568,0.05196,0.82,0.7,0.06,0.9,0.56,0.06,-4.75374,-0.82767,-0.12224,-67.45066,0.21199,64.63627,double_rcm_log_20260616_133526_303.csv,24.8757,Unknown,Task4_EntryRCM_TipCone,0.0,3.7987156237196897,10.682738716930913,10.688611173602371,3.7505909473811747,10.387777507169679,10.754203829200861,9.784422333031818,13.660311637338292,108.11539375847322,1.6993940089571362,2.3664511848466523
15.38033,0.03207,31.18543,Done,EntryTipCone,158.8914,2.00867,3.89496,10.99104,10.99104,1.0,10.99104,3.89496,0.0,0.0,0.0,0.6028,1.0,6,6,1,0.68833,0.90181,0.06903,0.90461,0.56575,0.05185,0.82,0.7,0.06,0.9,0.56,0.06,-4.77435,-0.84542,-0.12112,-67.32906,0.20182,64.60852,double_rcm_log_20260616_133526_303.csv,31.18543,Unknown,Task4_EntryRCM_TipCone,0.0,3.8949631866821437,10.952993969631514,10.959324111173782,3.843039513029075,10.64983596840091,10.98804350191603,9.496334146185589,11.433021036347318,27.00519022848628,1.6152459698354151,4.003458406912825
15.41496,0.01462,68.40974,Done,EntryTipCone,158.9891,1.93033,3.99474,11.24007,11.24007,1.0,11.24007,3.99479,0.0,0.0,0.0,0.60256,1.0,6,6,1,0.68816,0.90156,0.06932,0.9049,0.56583,0.05173,0.82,0.7,0.06,0.9,0.56,0.06,-4.79475,-0.86455,-0.11874,-67.201,0.18361,64.57835,double_rcm_log_20260616_133526_303.csv,68.40974,Unknown,Task4_EntryRCM_TipCone,0.0,3.9949277807122257,11.233653608696578,11.240483654645175,3.942075637877426,10.930270529412983,11.242410773495164,9.205818901052913,13.71895716500319,95.47031931631967,1.473874346829281,5.679908717035271
15.44724,0.03228,30.97776,Done,EntryTipCone,159.0816,1.85587,4.08246,11.46051,11.46051,1.0,11.46051,4.08246,0.0,0.0,0.0,0.60232,1.0,6,6,1,0.688,0.90133,0.06957,0.90517,0.5659,0.05164,0.82,0.7,0.06,0.9,0.56,0.06,-4.81424,-0.88178,-0.11834,-67.10007,0.19364,64.54887,double_rcm_log_20260616_133526_303.csv,30.97776,Unknown,Task4_EntryRCM_TipCone,0.0,4.08394891391298,11.483559732837044,11.490856521754372,4.028304644188823,11.175294248406212,11.464226969141833,8.891146311719483,15.324561595638151,44.756690811238926,1.3528093968037556,4.018520318644999
15.50686,0.03025,33.05359,Done,EntryTipCone,159.2572,1.71345,4.23244,11.84068,11.84068,1.0,11.84068,4.23249,0.0,0.0,0.0,0.60188,1.0,6,6,1,0.68775,0.90094,0.06999,0.90565,0.566,0.0515,0.82,0.7,0.06,0.9,0.56,0.06,-4.84602,-0.91045,-0.12009,-66.92195,0.19703,64.49223,double_rcm_log_20260616_133526_303.csv,33.05359,Unknown,Task4_EntryRCM_TipCone,0.0,4.232344049504951,11.900082638155657,11.908203901050955,4.17414595309197,11.592339977495673,11.839446777615835,8.354706521984196,12.793226374064549,22.327535203259323,1.2425368601872546,2.486852600223197
15.54381,0.03696,27.05927,Done,EntryTipCone,159.3675,1.62281,4.31697,12.05716,12.05716,1.0,12.05716,4.31697,0.0,0.0,0.0,0.6016,1.0,6,6,1,0.68762,0.9007,0.07022,0.90594,0.56606,0.05143,0.82,0.7,0.06,0.9,0.56,0.06,-4.86354,-0.92815,-0.11956,-66.8223,0.19902,64.45727,double_rcm_log_20260616_133526_303.csv,27.05927,Unknown,Task4_EntryRCM_TipCone,0.0,4.3169372710469185,12.137487589336397,12.146105498452465,4.259176418773922,11.836183701488562,12.060352399494752,8.044288736846177,13.886098209337897,27.8039476979426,1.1460012571553844,2.6288906574431774
15.66523,0.12141,8.2364,Done,EntryTipCone,159.7407,1.31397,4.54653,12.65645,12.65645,1.0,12.65645,4.54653,0.0,0.0,0.0,0.60066,1.0,6,6,1,0.68729,0.9,0.07084,0.90683,0.5662,0.05133,0.82,0.7,0.06,0.9,0.56,0.06,-4.91057,-0.98118,-0.11877,-66.56796,0.23302,64.33912,double_rcm_log_20260616_133526_303.csv,8.2364,Unknown,Task4_EntryRCM_TipCone,0.0,4.547475044138983,12.784339888398042,12.79441311887004,4.488519753930499,12.501194158344038,12.65929697890052,7.08723726910882,13.811693788434816,67.86120688573449,0.9429419196288397,3.2723275931893774
15.69821,0.03299,30.31543,Done,EntryTipCone,159.8449,1.22651,4.59679,12.79096,12.79096,1.0,12.79096,4.59679,0.0,0.0,0.0,0.6004,1.0,6,6,1,0.68723,0.89983,0.07096,0.90706,0.56622,0.05134,0.82,0.7,0.06,0.9,0.56,0.06,-4.91845,-0.9915,-0.12158,-66.50282,0.21687,64.3052,double_rcm_log_20260616_133526_303.csv,30.31543,Unknown,Task4_EntryRCM_TipCone,0.0,4.596368000196508,12.92149949225201,12.93190105223455,4.53761986187963,12.646193711335192,12.78779105240612,6.902137962471085,14.076529357362693,75.09603713291193,0.9189776068566046,3.163708833646556
15.73379,0.01563,63.98497,Done,EntryTipCone,159.9572,1.13147,4.6441,12.91923,12.91923,1.0,12.91923,4.6441,0.0,0.0,0.0,0.60012,1.0,6,6,1,0.68719,0.89965,0.07108,0.9073,0.56624,0.05136,0.82,0.7,0.06,0.9,0.56,0.06,-4.92478,-1.00451,-0.11917,-66.43872,0.19275,64.27095,double_rcm_log_20260616_133526_303.csv,63.98497,Unknown,Task4_EntryRCM_TipCone,0.0,4.644196309245492,13.055663334065652,13.066392900001409,4.587026242803098,12.792634659774357,12.91809583491307,6.5366041925678715,16.217111926055185,30.366905927187332,0.7442192540706797,6.588139280439498
15.76423,0.03045,32.84571,Done,EntryTipCone,160.0537,1.04995,4.67873,13.01484,13.01484,1.0,13.01484,4.67873,0.0,0.0,0.0,0.59987,1.0,6,6,1,0.68716,0.89951,0.07116,0.90749,0.56625,0.05139,0.82,0.7,0.06,0.9,0.56,0.06,-4.93053,-1.0145,-0.11952,-66.40273,0.19826,64.24043,double_rcm_log_20260616_133526_303.csv,32.84571,Unknown,Task4_EntryRCM_TipCone,0.0,4.678881267950387,13.152952898986403,13.1639245970074,4.622321382602901,12.898414571626162,13.0113296783995,6.267974442712353,16.119832944039864,51.876681764906884,0.6262088613201297,4.922110609582396
15.82442,0.03183,31.41533,Done,EntryTipCone,160.2441,0.88682,4.7328,13.16975,13.16975,1.0,13.16975,4.7328,0.0,0.0,0.0,0.5994,1.0,6,6,1,0.68714,0.89927,0.07127,0.90785,0.56626,0.05148,0.82,0.7,0.06,0.9,0.56,0.06,-4.93763,-1.03369,-0.11703,-66.34598,0.19957,64.1815,double_rcm_log_20260616_133526_303.csv,31.41533,Unknown,Task4_EntryRCM_TipCone,0.0,4.7326475359535625,13.303755036878416,13.315109224656654,4.681337254428771,13.077741571669954,13.168162362303995,6.050312094982115,15.21178035446875,12.020615147275281,0.5188042654608728,2.7525412069896578
15.88607,0.03166,31.58801,Done,EntryTipCone,160.4389,0.71821,4.76744,13.27766,13.27766,1.0,13.27766,4.76744,0.0,0.0,0.0,0.59891,1.0,6,6,1,0.68717,0.89905,0.07132,0.90819,0.56624,0.05162,0.82,0.7,0.06,0.9,0.56,0.06,-4.93937,-1.04898,-0.11686,-66.31232,0.19635,64.12038,double_rcm_log_20260616_133526_303.csv,31.58801,Unknown,Task4_EntryRCM_TipCone,0.0,4.767445657149272,13.40134960606399,13.412956021408055,4.721635052754419,13.20619324408059,13.275469859858045,5.925504723314444,16.46165358410995,12.895441180262802,0.4363883917447456,2.887344785731121
15.9471,0.03107,32.1868,Done,EntryTipCone,160.631,0.55038,4.78078,13.33366,13.33366,1.0,13.33366,4.78078,0.0,0.0,0.0,0.59842,1.0,6,6,1,0.68725,0.89887,0.0713,0.9085,0.5662,0.0518,0.82,0.7,0.06,0.9,0.56,0.06,-4.93576,-1.06058,-0.11762,-66.30513,0.19153,64.06001,double_rcm_log_20260616_133526_303.csv,32.1868,Unknown,Task4_EntryRCM_TipCone,0.0,4.781785005895618,13.441564207899367,13.453275636078146,4.745176099930091,13.287987634875892,13.339040445249388,5.851091941690519,16.102659456458223,39.912687676762125,0.4092939001781612,2.921522804299603
16.00753,0.0308,32.47144,Done,EntryTipCone,160.8188,0.38433,4.77323,13.33858,13.33858,1.0,13.33858,4.77323,0.0,0.0,0.0,0.59795,1.0,6,6,1,0.68738,0.89873,0.07121,0.90876,0.56613,0.05203,0.82,0.7,0.06,0.9,0.56,0.06,-4.92668,-1.07117,-0.11429,-66.32294,0.18188,64.00272,double_rcm_log_20260616_133526_303.csv,32.47144,Unknown,Task4_EntryRCM_TipCone,0.0,4.772375483517788,13.415175363952535,13.426817811316152,4.743748254746916,13.299718967534016,13.335493991599987,6.019554935332875,16.756785145088962,108.49741373975824,0.45453525497728303,2.9233751685589207
16.03835,0.03082,32.44298,Done,EntryTipCone,160.9132,0.29992,4.76144,13.32172,13.32172,1.0,13.32172,4.76144,0.0,0.0,0.0,0.59772,1.0,6,6,1,0.68746,0.89867,0.07114,0.90889,0.56609,0.05216,0.82,0.7,0.06,0.9,0.56,0.06,-4.91997,-1.07507,-0.11308,-66.3418,0.1757,63.97373,double_rcm_log_20260616_133526_303.csv,32.44298,Unknown,Task4_EntryRCM_TipCone,0.0,4.762135726522482,13.386457730190568,13.39802541854932,4.739949618012582,13.297247893397333,13.326132222066471,6.040964034969207,21.309971585376115,133.5488981290459,0.500705121369775,2.8934693464131547
16.07001,0.03166,31.58154,Done,EntryTipCone,161.0097,0.2135,4.74376,13.2905,13.2905,1.0,13.2905,4.74376,0.0,0.0,0.0,0.59748,1.0,6,6,1,0.68756,0.89863,0.07105,0.909,0.56605,0.05231,0.82,0.7,0.06,0.9,0.56,0.06,-4.91157,-1.07862,-0.11109,-66.36779,0.16769,63.94457,double_rcm_log_20260616_133526_303.csv,31.58154,Unknown,Task4_EntryRCM_TipCone,0.0,4.743600763909627,13.33447491490374,13.345908096995394,4.727998945928761,13.270955272554943,13.294307052268653,6.2942510581293565,21.073905114530632,122.59966592234233,0.5562034144983861,2.933824997298826
16.10007,0.03005,33.27613,Done,EntryTipCone,161.1002,0.13179,4.72174,13.24848,13.24848,1.0,13.24848,4.72174,0.0,0.0,0.0,0.59725,1.0,6,6,1,0.68766,0.89859,0.07095,0.9091,0.56599,0.05247,0.82,0.7,0.06,0.9,0.56,0.06,-4.90207,-1.08172,-0.10806,-66.39801,0.15702,63.91774,double_rcm_log_20260616_133526_303.csv,33.27613,Unknown,Task4_EntryRCM_TipCone,0.0,4.721295497675619,13.271916125801422,13.28318882774519,4.708995846849088,13.225752327008992,13.243526720628427,6.531429407672112,15.191702346648011,112.24547539855645,0.6156442253605952,3.0975583550260644
16.16023,0.03024,33.07315,Done,EntryTipCone,161.278,0.03009,4.66245,13.12679,13.12679,1.0,13.12679,4.66245,0.0,0.0,0.0,0.5968,1.0,6,6,1,0.68791,0.89856,0.0707,0.90927,0.56588,0.0528,0.82,0.7,0.06,0.9,0.56,0.06,-4.87842,-1.08755,-0.09779,-66.47368,0.12393,63.86692,double_rcm_log_20260616_133526_303.csv,33.07315,Unknown,Task4_EntryRCM_TipCone,0.0,4.661959408019307,13.105488532805788,13.116341651242047,4.66572349678474,13.118353613867153,13.128111059859295,6.799796633792169,18.6952423878774,84.57669969912183,0.7559679112092675,4.344543651863506
16.19135,0.03112,32.13529,Done,EntryTipCone,161.3678,0.11259,4.62389,13.04458,13.04458,1.0,13.04458,4.62389,0.0,0.0,0.0,0.59658,1.0,6,6,1,0.68805,0.89855,0.07055,0.90935,0.56581,0.05299,0.82,0.7,0.06,0.9,0.56,0.06,-4.86351,-1.09172,-0.08763,-66.51923,0.09699,63.84332,double_rcm_log_20260616_133526_303.csv,32.13529,Unknown,Task4_EntryRCM_TipCone,0.0,4.625343260467463,13.002779470961864,13.013378932339476,4.636621046917477,13.044316534267058,13.05062067489509,7.178750086238892,19.006429195746943,98.79965390936675,0.8517759995322977,6.561602434974277
16.22166,0.03031,32.99698,Done,EntryTipCone,161.4542,0.19242,4.58116,12.95227,12.95227,1.0,12.95227,4.58116,0.0,0.0,0.0,0.59636,1.0,6,6,1,0.6882,0.89856,0.07038,0.90941,0.56573,0.05319,0.82,0.7,0.06,0.9,0.56,0.06,-4.84694,-1.09874,-0.07038,-66.56626,0.06008,63.82386,double_rcm_log_20260616_133526_303.csv,32.99698,Unknown,Task4_EntryRCM_TipCone,0.0,4.581625110200179,12.88014219067553,12.890444008612752,4.599878518227732,12.948484081157895,12.952107936548375,7.301847261708243,17.382179785472772,53.803098730150246,1.0024299287462781,11.513858216328284
16.25176,0.0301,33.22117,Done,EntryTipCone,161.5383,0.2705,4.53384,12.84848,12.84848,1.0,12.84848,4.53384,0.0,0.0,0.0,0.59615,1.0,6,6,1,0.68837,0.89858,0.0702,0.90946,0.56566,0.05339,0.82,0.7,0.06,0.9,0.56,0.06,-4.82812,-1.11212,-0.03941,-66.61346,0.00735,63.8107,double_rcm_log_20260616_133526_303.csv,33.22117,Unknown,Task4_EntryRCM_TipCone,0.0,4.534438313396344,12.747766319669152,12.757753186774263,4.563286039171195,12.851869723297693,12.853765985111151,7.637109100682937,18.996990778362296,61.68390042441918,1.3111770976861876,22.687103129503914
16.28278,0.03102,32.23969,Done,EntryTipCone,161.6236,0.3501,4.47991,12.72928,12.72928,1.0,12.72928,4.47991,0.0,0.0,0.0,0.59594,1.0,6,6,1,0.68855,0.89861,0.06999,0.9095,0.56557,0.05362,0.82,0.7,0.06,0.9,0.56,0.06,-4.8055,-1.14091,0.02232,-66.65932,-0.07402,63.80977,double_rcm_log_20260616_133526_303.csv,32.23969,Unknown,Task4_EntryRCM_TipCone,0.0,4.47892029197713,12.592007314574529,12.601631919585758,4.516225522059164,12.72651647303614,12.727108862581426,8.083458700104813,16.101736489659473,302.72406118927194,2.1029508668027455,52.446777566096
16.31348,0.0307,32.56828,Done,EntryTipCone,161.7066,0.4276,4.42164,12.59962,12.59962,1.0,12.59962,4.42164,0.0,0.0,0.0,0.59574,1.0,6,6,1,0.68874,0.89864,0.06977,0.90953,0.56548,0.05385,0.82,0.7,0.06,0.9,0.56,0.06,-4.77899,-1.20964,0.15892,-66.69972,-0.19503,63.83972,double_rcm_log_20260616_133526_303.csv,32.56828,Unknown,Task4_EntryRCM_TipCone,0.0,4.421010018987299,12.429524114364927,12.438780291847442,4.467721298568052,12.5965437262033,12.596578900637974,8.27372712241981,22.236103870714683,2101.576787821714,4.208544489218656,178.78258737462514
16.34392,0.03044,32.85234,Done,EntryTipCone,161.7869,0.50244,4.35932,12.46028,12.46028,1.0,12.46028,4.35932,0.0,0.0,0.0,0.59554,1.0,6,6,1,0.68893,0.89869,0.06953,0.90955,0.56539,0.05409,0.82,0.7,0.06,0.9,0.56,0.06,-4.74645,-1.38118,0.48386,-66.73119,-0.38559,63.94507,double_rcm_log_20260616_133526_303.csv,32.85234,Unknown,Task4_EntryRCM_TipCone,0.0,4.358867755365318,12.25515278149741,12.264024193862644,4.416057273750218,12.457098439783612,12.457234845662894,9.114815324405651,127.35872978258952,3471.9973160507802,12.619262642634844,459.2840171134822
16.40459,0.03079,32.47974,Done,EntryTipCone,161.8981,0.59374,4.2493,12.21413,12.21413,1.0,12.21413,4.2493,0.0,0.0,0.0,0.59529,1.0,6,6,1,0.68908,0.89869,0.06875,0.90965,0.5653,0.05472,0.82,0.7,0.06,0.9,0.56,0.06,-4.65156,-3.17924,3.72729,-66.89716,-1.09594,65.1115,double_rcm_log_20260616_133526_303.csv,32.47974,Unknown,Task4_EntryRCM_TipCone,0.0,4.248473563743067,11.945351007473747,11.95356545397158,4.324982096209718,12.20886090572676,12.210278457103199,24.917163295347862,322.41096660550477,2243.7464325502774,61.56542273408934,425.1218525375116
16.4362,0.03162,31.62991,Done,EntryTipCone,161.7191,0.41235,4.33242,12.3998,12.3998,1.0,12.3998,4.33242,0.0,0.0,0.0,0.59581,1.0,6,6,1,0.68794,0.89821,0.06718,0.91006,0.56575,0.05558,0.82,0.7,0.06,0.9,0.56,0.06,-4.58146,-6.11268,8.89378,-67.26523,-1.52976,66.725,double_rcm_log_20260616_133526_303.csv,31.62991,Unknown,Task4_EntryRCM_TipCone,0.0,4.33317913697604,12.183066236784871,12.191781760006942,4.3981173703170935,12.401713529248145,12.401713591274323,34.88073234405424,162.2274835609536,5346.512352681755,68.50524026165404,103.03879352516074
16.49552,0.03027,33.03421,Done,EntryTipCone,161.2838,0.03339,4.64376,13.0859,13.0859,1.0,13.0859,4.64372,0.0,0.0,0.0,0.59681,1.0,6,6,1,0.68554,0.8972,0.06391,0.91088,0.56679,0.05739,0.82,0.7,0.06,0.9,0.56,0.06,-4.47978,-9.46579,14.70331,-67.85863,-1.79717,68.08101,double_rcm_log_20260616_133526_303.csv,33.03421,Unknown,Task4_EntryRCM_TipCone,0.0,4.64384309390528,13.054672558128829,13.065399676802343,4.651307711240957,13.078349048949308,13.087803482632198,26.502908123450208,185.27092508502517,2185.301332574484,29.006252607738894,502.176823955397
16.55622,0.03133,31.92039,Done,EntryTipCone,161.2564,0.00979,4.66518,13.13206,13.13206,1.0,13.13206,4.66518,0.0,0.0,0.0,0.59687,1.0,6,6,1,0.68523,0.89705,0.06247,0.91104,0.56691,0.05834,0.82,0.7,0.06,0.9,0.56,0.06,-4.40881,-10.20447,15.99339,-68.17263,-1.90049,68.29404,double_rcm_log_20260616_133526_303.csv,31.92039,Unknown,Task4_EntryRCM_TipCone,0.0,4.664153409835545,13.111642584367877,13.12251102879983,4.666478624368491,13.11917000188883,13.129558256087607,15.390546545020094,91.4886278348332,2024.2150945346054,8.920608860487508,134.23699363239032
16.58692,0.03069,32.58177,Done,EntryTipCone,161.2546,0.00819,4.66653,13.13498,13.13498,1.0,13.13498,4.66653,0.0,0.0,0.0,0.59687,1.0,6,6,1,0.68515,0.89701,0.06179,0.91109,0.56694,0.0588,0.82,0.7,0.06,0.9,0.56,0.06,-4.37227,-10.49543,16.50492,-68.32848,-1.95145,68.37016,double_rcm_log_20260616_133526_303.csv,32.58177,Unknown,Task4_EntryRCM_TipCone,0.0,4.6672451344408215,13.120314665169897,13.13120473102761,4.669281857932532,13.126984597209765,13.137416032081719,14.985379211341218,25.79385536728957,1253.3867008385714,7.92752288029234,25.37060123824692
16.61794,0.03102,32.2362,Done,EntryTipCone,161.2534,0.00714,4.66732,13.1366,13.1366,1.0,13.1366,4.66732,0.0,0.0,0.0,0.59687,1.0,6,6,1,0.68511,0.89698,0.06111,0.91112,0.56696,0.05926,0.82,0.7,0.06,0.9,0.56,0.06,-4.33443,-10.76731,16.98442,-68.48806,-2.00345,68.43833,double_rcm_log_20260616_133526_303.csv,32.2362,Unknown,Task4_EntryRCM_TipCone,0.0,4.667428189194373,13.120828120316704,13.131719467233594,4.670018515852805,13.128862157036362,13.139391157888555,14.917510818463212,18.958098206325378,194.6156463603205,7.435398953234158,16.33020156285614
16.64802,0.03009,33.23816,Done,EntryTipCone,161.2524,0.00641,4.66816,13.13857,13.13857,1.0,13.13857,4.66816,0.0,0.0,0.0,0.59687,1.0,6,6,1,0.68508,0.89697,0.06044,0.91113,0.56697,0.05971,0.82,0.7,0.06,0.9,0.56,0.06,-4.29682,-11.01394,17.42075,-68.64513,-2.0547,68.49789,double_rcm_log_20260616_133526_303.csv,33.23816,Unknown,Task4_EntryRCM_TipCone,0.0,4.667430936620961,13.12083582664559,13.131727192789732,4.66870132797101,13.124838812196977,13.135520545452255,14.87223491270237,14.52860507982278,59.05515704670137,7.000865989454072,15.21628812459123
16.67916,0.03113,32.11845,Done,EntryTipCone,161.2516,0.00572,4.66858,13.13943,13.13943,1.0,13.13943,4.66858,0.0,0.0,0.0,0.59688,1.0,6,6,1,0.68507,0.89697,0.05975,0.91114,0.56697,0.06017,0.82,0.7,0.06,0.9,0.56,0.06,-4.25707,-11.25021,17.8405,-68.80965,-2.10848,68.55305,double_rcm_log_20260616_133526_303.csv,32.11845,Unknown,Task4_EntryRCM_TipCone,0.0,4.669012217539548,13.125271197956943,13.136173634459132,4.670887545130337,13.13141746405855,13.141894840547053,14.813470420231114,15.612075975529763,78.01480551397724,6.581863543136326,14.153620735399844
16.74026,0.03122,32.02931,Done,EntryTipCone,161.2504,0.00465,4.66959,13.14158,13.14158,1.0,13.14158,4.66959,0.0,0.0,0.0,0.59688,1.0,6,6,1,0.68512,0.897,0.05841,0.9111,0.56695,0.06108,0.82,0.7,0.06,0.9,0.56,0.06,-4.17662,-11.66736,18.58658,-69.13918,-2.21627,68.64654,double_rcm_log_20260616_133526_303.csv,32.02931,Unknown,Task4_EntryRCM_TipCone,0.0,4.6695955463843255,13.126907387960628,13.137813910170637,4.67051284663458,13.13015671591981,13.140734378260547,14.880138346687925,18.015188170437053,60.7101715426074,5.877048645373785,12.95342409737644
16.77067,0.03041,32.88166,Done,EntryTipCone,161.2497,0.00402,4.67018,13.14267,13.14267,1.0,13.14267,4.67018,0.0,0.0,0.0,0.59688,1.0,6,6,1,0.68518,0.89703,0.05774,0.91106,0.56693,0.06153,0.82,0.7,0.06,0.9,0.56,0.06,-4.13545,-11.85306,18.92148,-69.30621,-2.2711,68.6869,double_rcm_log_20260616_133526_303.csv,32.88166,Unknown,Task4_EntryRCM_TipCone,0.0,4.669671574318437,13.127120640036958,13.138027694831333,4.670690864431753,13.130456726487202,13.141133893237638,14.859371127331555,15.96742524133876,74.02281965311194,5.533809674603256,12.35983684743932
16.8033,0.03263,30.6426,Done,EntryTipCone,161.2494,0.00381,4.6703,13.14285,13.14285,1.0,13.14285,4.67026,0.0,0.0,0.0,0.59688,1.0,6,6,1,0.68526,0.89708,0.05703,0.911,0.5669,0.06201,0.82,0.7,0.06,0.9,0.56,0.06,-4.09057,-12.03527,19.25254,-69.48726,-2.33066,68.72599,double_rcm_log_20260616_133526_303.csv,30.6426,Unknown,Task4_EntryRCM_TipCone,0.0,4.669741498502462,13.127316771577972,13.138224316214465,4.670215159711058,13.128809483785549,13.13963850339875,14.936335135022953,14.574095981718202,84.33525684156037,5.207697171916665,11.440351132972168
16.83365,0.03035,32.95295,Done,EntryTipCone,161.2488,0.00327,4.67093,13.1443,13.1443,1.0,13.1443,4.67093,0.0,0.0,0.0,0.59688,1.0,6,6,1,0.68536,0.89713,0.05636,0.91094,0.56686,0.06246,0.82,0.7,0.06,0.9,0.56,0.06,-4.04814,-12.19247,19.54021,-69.65765,-2.38682,68.75961,double_rcm_log_20260616_133526_303.csv,32.95295,Unknown,Task4_EntryRCM_TipCone,0.0,4.671132071123205,13.13121720847031,13.142134497573673,4.67209380533223,13.134519639250025,13.145143589934596,14.913090127922914,17.555434136448298,101.59475477950997,4.925577666946127,11.387756392767173
16.86395,0.0303,33.00008,Done,EntryTipCone,161.2483,0.00294,4.67131,13.14529,13.14529,1.0,13.14529,4.67131,0.0,0.0,0.0,0.59688,1.0,6,6,1,0.68548,0.8972,0.05571,0.91086,0.56682,0.0629,0.82,0.7,0.06,0.9,0.56,0.06,-4.00523,-12.33541,19.80427,-69.82915,-2.44346,68.79025,double_rcm_log_20260616_133526_303.csv,33.00008,Unknown,Task4_EntryRCM_TipCone,0.0,4.671027667332888,13.130924365064681,13.141840922355037,4.673072267573863,13.136877043709328,13.147699418529415,14.846620317362047,18.997670751373054,29.740943583174396,4.637497366476748,11.334401750571516
16.92496,0.0314,31.85125,Done,EntryTipCone,161.2479,0.00244,4.6719,13.14638,13.14638,1.0,13.14638,4.6719,0.0,0.0,0.0,0.59688,1.0,6,6,1,0.68577,0.89737,0.05441,0.91066,0.5667,0.06378,0.82,0.7,0.06,0.9,0.56,0.06,-3.91736,-12.58414,20.27153,-70.17844,-2.55902,68.84488,double_rcm_log_20260616_133526_303.csv,31.85125,Unknown,Task4_EntryRCM_TipCone,0.0,4.6714743634908755,13.132177308007298,13.143096996621084,4.672352635722353,13.135250517361506,13.145873877380657,14.841333888591208,17.70874451267332,43.49041659668125,4.124205230165992,10.592882196382897
16.98409,0.03026,33.05221,Done,EntryTipCone,161.2473,0.00182,4.67257,13.14791,13.14791,1.0,13.14791,4.67257,0.0,0.0,0.0,0.59688,1.0,6,6,1,0.68613,0.89757,0.05317,0.91042,0.56657,0.06461,0.82,0.7,0.06,0.9,0.56,0.06,-3.83059,-12.77819,20.64705,-70.52117,-2.67258,68.89063,double_rcm_log_20260616_133526_303.csv,33.05221,Unknown,Task4_EntryRCM_TipCone,0.0,4.673402466693152,13.137585456623077,13.148518668036294,4.674861150503867,13.141826883890731,13.15269554121889,14.959033878279575,15.288126099237795,106.00135189271361,3.68046108327665,10.328722091132759
17.01417,0.03008,33.24911,Done,EntryTipCone,161.2468,0.00168,4.67286,13.14861,13.14861,1.0,13.14861,4.67286,0.0,0.0,0.0,0.59688,1.0,6,6,1,0.68634,0.89769,0.05256,0.91027,0.56649,0.06503,0.82,0.7,0.06,0.9,0.56,0.06,-3.78601,-12.85925,20.80904,-70.69659,-2.73073,68.91154,double_rcm_log_20260616_133526_303.csv,33.24911,Unknown,Task4_EntryRCM_TipCone,0.0,4.672724284242139,13.135683220161058,13.146611673853174,4.673592101325646,13.13783789728678,13.148912502560814,14.930115758401453,16.44322978683535,85.26554209225584,3.4742015200839758,10.139643855567561
17.04492,0.03075,32.52011,Done,EntryTipCone,161.2469,0.00155,4.67307,13.14901,13.14901,1.0,13.14901,4.67307,0.0,0.0,0.0,0.59688,1.0,6,6,1,0.68657,0.89783,0.05194,0.91012,0.5664,0.06545,0.82,0.7,0.06,0.9,0.56,0.06,-3.74018,-12.93,20.95471,-70.87646,-2.79031,68.9315,double_rcm_log_20260616_133526_303.csv,32.52011,Unknown,Task4_EntryRCM_TipCone,0.0,4.673647447983915,13.138272605097963,13.149207535492467,4.676004139519229,13.144952877581805,13.155869412547384,14.78897306699594,18.994824784450724,140.46369980418956,3.2839353307658383,9.92194038838962
17.07506,0.03014,33.17311,Done,EntryTipCone,161.2466,0.00136,4.67336,13.14967,13.14967,1.0,13.14967,4.67336,0.0,0.0,0.0,0.59689,1.0,6,6,1,0.68682,0.89797,0.05134,0.90995,0.5663,0.06585,0.82,0.7,0.06,0.9,0.56,0.06,-3.69507,-12.98795,21.07875,-71.05321,-2.84878,68.94986,double_rcm_log_20260616_133526_303.csv,33.17311,Unknown,Task4_EntryRCM_TipCone,0.0,4.672680192139665,13.135559545996236,13.146487690412615,4.673786603714077,13.13889411105586,13.14971482580516,14.799635483380973,16.524572244830914,82.53548910102276,3.1148585746492676,9.873498590766056
17.10545,0.03039,32.90551,Done,EntryTipCone,161.2463,0.0011,4.67353,13.15001,13.15001,1.0,13.15001,4.67353,0.0,0.0,0.0,0.59689,1.0,6,6,1,0.68708,0.89812,0.05074,0.90977,0.5662,0.06625,0.82,0.7,0.06,0.9,0.56,0.06,-3.64948,-13.03477,21.18471,-71.2315,-2.90764,68.96719,double_rcm_log_20260616_133526_303.csv,32.90551,Unknown,Task4_EntryRCM_TipCone,0.0,4.674327861039047,13.140181095672869,13.151120801323794,4.674367133165872,13.14033051920099,13.151250891074916,14.942576562004149,15.809712559110313,127.72687116761803,2.96094304183694,9.808954547711311
17.13655,0.03109,32.15991,Done,EntryTipCone,161.246,0.00092,4.67374,13.15041,13.15041,1.0,13.15041,4.67374,0.0,0.0,0.0,0.59689,1.0,6,6,1,0.68738,0.89829,0.05015,0.90957,0.56609,0.06666,0.82,0.7,0.06,0.9,0.56,0.06,-3.60277,-13.07074,21.27346,-71.41389,-2.9677,68.9838,double_rcm_log_20260616_133526_303.csv,32.15991,Unknown,Task4_EntryRCM_TipCone,0.0,4.673267761380704,13.137207621341078,13.148139887632821,4.675407310388901,13.142963311802374,13.154033601903201,14.953451847724223,18.95194217216713,106.94887393863526,2.828206064573036,9.670655196513588
17.1675,0.03095,32.30882,Done,EntryTipCone,161.2459,0.00076,4.67403,13.15101,13.15101,1.0,13.15101,4.67403,0.0,0.0,0.0,0.59689,1.0,6,6,1,0.68768,0.89846,0.04956,0.90936,0.56597,0.06705,0.82,0.7,0.06,0.9,0.56,0.06,-3.55625,-13.09484,21.34248,-71.59523,-3.02722,68.99925,double_rcm_log_20260616_133526_303.csv,32.30882,Unknown,Task4_EntryRCM_TipCone,0.0,4.674805102782461,13.14151970993086,13.152462765775963,4.674388617690397,13.14008693332667,13.15115964468524,14.854013310554842,17.961999283397923,41.50301900484644,2.7208477873145354,9.617032915532086
17.22673,0.03015,33.17031,Done,EntryTipCone,161.2455,0.00031,4.67454,13.15203,13.15203,1.0,13.15203,4.67454,0.0,0.0,0.0,0.59689,1.0,6,6,1,0.68832,0.89883,0.04849,0.90893,0.56572,0.06778,0.82,0.7,0.06,0.9,0.56,0.06,-3.46748,-13.10838,21.42078,-71.94081,-3.13992,69.02598,double_rcm_log_20260616_133526_303.csv,33.17031,Unknown,Task4_EntryRCM_TipCone,0.0,4.674043403372859,13.139383220591816,13.150320929700287,4.674856275192917,13.141711690409501,13.152630915524066,14.883761041429016,16.423810466292803,27.020917009956033,2.5894034291355372,9.610308210432194
17.28771,0.03112,32.1333,Done,EntryTipCone,161.2451,0.00017,4.67504,13.1532,13.1532,1.0,13.1532,4.67504,0.0,0.0,0.0,0.59689,1.0,6,6,1,0.68904,0.89924,0.04743,0.90844,0.56544,0.06849,0.82,0.7,0.06,0.9,0.56,0.06,-3.37679,-13.07785,21.42767,-72.29333,-3.25353,69.04951,double_rcm_log_20260616_133526_303.csv,32.1333,Unknown,Task4_EntryRCM_TipCone,0.0,4.674417642056537,13.140432922309985,13.151373258163257,4.673718906030371,13.13850014856514,13.149422040530908,14.798999079342709,16.374311206419918,18.322227628900844,2.5701285526107593,9.507009393471886
17.34711,0.03034,32.96014,Done,EntryTipCone,161.2448,0.00031,4.67542,13.15407,13.15407,1.0,13.15407,4.67542,0.0,0.0,0.0,0.59689,1.0,6,6,1,0.6898,0.89967,0.04646,0.90793,0.56515,0.06914,0.82,0.7,0.06,0.9,0.56,0.06,-3.2896,-13.00496,21.36263,-72.632,-3.36095,69.06831,double_rcm_log_20260616_133526_303.csv,32.96014,Unknown,Task4_EntryRCM_TipCone,0.0,4.675224433285012,13.14269588833131,13.153641888403177,4.674271918288828,13.139960250496,13.150931525941411,14.745727438112496,16.07837949863324,8.804452147448538,2.657491048829775,9.504028946207395
17.4851,0.10831,9.2329,Done,EntryTipCone,161.2414,0.00296,4.67927,13.16251,13.16251,1.0,13.16251,4.67923,0.0,0.0,0.0,0.59689,1.0,6,6,1,0.69175,0.90079,0.04445,0.9066,0.5644,0.0705,0.82,0.7,0.06,0.9,0.56,0.06,-3.09438,-12.67901,20.9488,-73.3908,-3.59251,69.0941,double_rcm_log_20260616_133526_303.csv,9.2329,Unknown,Task4_EntryRCM_TipCone,0.0,4.678800953804082,13.152727627398798,13.163698760590895,4.677401091222147,13.148085558215406,13.159407281484937,14.81718946801829,18.289912902498138,37.252540826728854,3.2437854331574147,12.169518353014904
17.56431,0.07921,12.62525,Done,EntryTipCone,161.2404,0.00391,4.68027,13.16453,13.16453,1.0,13.16453,4.68027,0.0,0.0,0.0,0.59689,1.0,6,6,1,0.693,0.9015,0.04346,0.90576,0.56392,0.07117,0.82,0.7,0.06,0.9,0.56,0.06,-2.98792,-12.38359,20.52861,-73.80589,-3.71056,69.09248,double_rcm_log_20260616_133526_303.csv,12.62525,Unknown,Task4_EntryRCM_TipCone,0.0,4.679999165097687,13.156088464278517,13.167068026198253,4.679325332895139,13.153518686881968,13.164835737676306,15.059956430130564,16.363521423635373,85.30662617206232,3.995305857014122,9.428326313203671
17.59445,0.0079,126.57,Done,EntryTipCone,161.2445,0.00062,4.67571,13.15445,13.15445,1.0,13.15445,4.67571,0.0,0.0,0.0,0.59689,1.0,6,6,1,0.69352,0.9018,0.04313,0.90542,0.56372,0.0714,0.82,0.7,0.06,0.9,0.56,0.06,-2.94872,-12.23652,20.31034,-73.95914,-3.751,69.08497,double_rcm_log_20260616_133526_303.csv,126.57,Unknown,Task4_EntryRCM_TipCone,0.0,4.675617637975545,13.143798785909638,13.1547475472517,4.677394575429041,13.148473090643805,13.15958965925608,14.985689550194985,16.310229917192785,57.55270904515519,4.160667869722929,7.074402744871187
17.64094,0.03315,30.1699,Done,EntryTipCone,161.2423,0.00247,4.6781,13.15964,13.15964,1.0,13.15964,4.6781,0.0,0.0,0.0,0.59689,1.0,6,6,1,0.69429,0.90224,0.04263,0.9049,0.56342,0.07173,0.82,0.7,0.06,0.9,0.56,0.06,-2.89041,-12.01385,19.97917,-74.18781,-3.8102,69.07359,double_rcm_log_20260616_133526_303.csv,30.1699,Unknown,Task4_EntryRCM_TipCone,0.0,4.678887202084576,13.152969543523,13.163941283278275,4.679035125071764,13.15330838756781,13.164319200019428,14.848437674627755,17.541957334100957,30.359317513503367,4.3377733738859465,9.3296401923799
17.67404,0.0331,30.21187,Done,EntryTipCone,161.2419,0.00282,4.67856,13.16075,13.16075,1.0,13.16075,4.67856,0.0,0.0,0.0,0.59689,1.0,6,6,1,0.69485,0.90256,0.04231,0.90451,0.5632,0.07194,0.82,0.7,0.06,0.9,0.56,0.06,-2.85025,-11.83487,19.70843,-74.3459,-3.8485,69.06049,double_rcm_log_20260616_133526_303.csv,30.21187,Unknown,Task4_EntryRCM_TipCone,0.0,4.679059588324222,13.153453066243896,13.164426018415957,4.676975712154899,13.147290390623642,13.158407958411996,14.874655211670396,16.853734748840164,39.79800112236581,4.650428551806439,11.85760059594803
17.73833,0.03802,26.30402,Done,EntryTipCone,161.2404,0.00411,4.67986,13.16368,13.16368,1.0,13.16368,4.67986,0.0,0.0,0.0,0.59689,1.0,6,6,1,0.69598,0.90321,0.04176,0.90375,0.56277,0.07231,0.82,0.7,0.06,0.9,0.56,0.06,-2.77585,-11.44672,19.11236,-74.64049,-3.91317,69.02327,double_rcm_log_20260616_133526_303.csv,26.30402,Unknown,Task4_EntryRCM_TipCone,0.0,4.680387052860404,13.157176441021878,13.168158732433147,4.678750193557729,13.151996280179148,13.163263273216103,14.88897091051522,15.587818272916914,39.88369395368464,5.2837058728486355,11.637583375719446
17.79029,0.02995,33.38578,Done,EntryTipCone,161.2407,0.00381,4.67956,13.16292,13.16292,1.0,13.16292,4.67956,0.0,0.0,0.0,0.59689,1.0,6,6,1,0.69692,0.90374,0.04139,0.90311,0.5624,0.07256,0.82,0.7,0.06,0.9,0.56,0.06,-2.71955,-11.08672,18.55031,-74.86551,-3.95436,68.97821,double_rcm_log_20260616_133526_303.csv,33.38578,Unknown,Task4_EntryRCM_TipCone,0.0,4.679955747974954,13.155966684632718,13.166945941062492,4.677541370564319,13.148887580909044,13.16000379939153,14.737579869912496,16.419725203487456,5.36226545507324,5.79028740479942,12.037945561438153
17.82398,0.0337,29.67656,Done,EntryTipCone,161.2394,0.00486,4.68065,13.1652,13.1652,1.0,13.1652,4.68065,0.0,0.0,0.0,0.5969,1.0,6,6,1,0.69753,0.9041,0.04118,0.9027,0.56217,0.0727,0.82,0.7,0.06,0.9,0.56,0.06,-2.68496,-10.83683,18.15673,-75.00496,-3.97578,68.94235,double_rcm_log_20260616_133526_303.csv,29.67656,Unknown,Task4_EntryRCM_TipCone,0.0,4.681061414790981,13.15906794060183,13.170054978445462,4.678984466591934,13.152657760082006,13.163924186958813,14.679249236734742,15.78098071293493,21.82396063436262,6.156396338178547,12.34347718218875
17.88047,0.02983,33.5246,Done,EntryTipCone,161.2388,0.00538,4.6809,13.16565,13.16565,1.0,13.16565,4.6809,0.0,0.0,0.0,0.5969,1.0,6,6,1,0.69858,0.90469,0.0409,0.90199,0.56176,0.07289,0.82,0.7,0.06,0.9,0.56,0.06,-2.63073,-10.37335,17.41895,-75.22636,-3.99969,68.86448,double_rcm_log_20260616_133526_303.csv,33.5246,Unknown,Task4_EntryRCM_TipCone,0.0,4.680167692153463,13.156561161702024,13.167541909458864,4.677865919311593,13.14980397631023,13.16091942076995,14.706809331551039,15.916736734948786,24.695230336116076,6.765880319001534,14.352573594717425
17.92216,0.04169,23.98619,Done,EntryTipCone,161.2352,0.00843,4.68391,13.17224,13.17224,1.0,13.17224,4.68391,0.0,0.0,0.0,0.5969,1.0,6,6,1,0.69935,0.90514,0.04073,0.90147,0.56147,0.07301,0.82,0.7,0.06,0.9,0.56,0.06,-2.59373,-10.00994,16.83577,-75.37991,-4.00852,68.79541,double_rcm_log_20260616_133526_303.csv,23.98619,Unknown,Task4_EntryRCM_TipCone,0.0,4.683659976663402,13.166356559621745,13.17736189997615,4.682963161322595,13.16368863432809,13.175048387007923,14.759627252937365,17.536477950199934,59.293997633986585,7.375144088782631,15.708594002149908
17.97145,0.03144,31.80302,Done,EntryTipCone,161.2358,0.00788,4.68283,13.16982,13.16982,1.0,13.16982,4.68283,0.0,0.0,0.0,0.5969,1.0,6,6,1,0.70029,0.90567,0.0406,0.90083,0.56111,0.0731,0.82,0.7,0.06,0.9,0.56,0.06,-2.55396,-9.52129,16.04309,-75.54927,-4.00337,68.68784,double_rcm_log_20260616_133526_303.csv,31.80302,Unknown,Task4_EntryRCM_TipCone,0.0,4.682641183369221,13.163498983715874,13.174497145960567,4.682348945169485,13.161548015102406,13.173116563668595,14.853071054897752,14.802200095608598,63.93557466835459,8.07725801111583,11.274130130191683
18.0099,0.03846,26.00216,Done,EntryTipCone,161.2318,0.01142,4.68571,13.17601,13.17601,1.0,13.17601,4.68571,0.0,0.0,0.0,0.59691,1.0,6,6,1,0.701,0.90608,0.04052,0.90034,0.56083,0.07315,0.82,0.7,0.06,0.9,0.56,0.06,-2.52563,-9.12549,15.39721,-75.67309,-3.99078,68.59231,double_rcm_log_20260616_133526_303.csv,26.00216,Unknown,Task4_EntryRCM_TipCone,0.0,4.686122195601212,13.173262729930448,13.184285431224223,4.684985374353508,13.16899184272837,13.180553857861977,14.539942183414238,15.75386229126544,38.71754228029416,8.341201044486068,17.613242640751892
18.15297,0.14306,6.98995,Done,EntryTipCone,161.1743,0.06075,4.7202,13.24815,13.24815,1.0,13.24815,4.7202,0.0,0.0,0.0,0.59703,1.0,6,6,1,0.70344,0.90753,0.0404,0.89859,0.5599,0.07317,0.82,0.7,0.06,0.9,0.56,0.06,-2.44206,-7.55949,12.81209,-76.06999,-3.87097,68.14279,double_rcm_log_20260616_133526_303.csv,6.98995,Unknown,Task4_EntryRCM_TipCone,0.0,4.719322260940413,13.266381761735529,13.277640339507373,4.708882676286029,13.231460992649309,13.245640792351274,16.864506000264726,25.89931294173146,502.28162840075606,15.872889202428343,8.377348574330616
18.1978,0.02023,49.42475,Done,EntryTipCone,161.2269,0.01554,4.68567,13.17562,13.17562,1.0,13.17562,4.68567,0.0,0.0,0.0,0.59693,1.0,6,6,1,0.70455,0.90812,0.04072,0.89794,0.55946,0.073,0.82,0.7,0.06,0.9,0.56,0.06,-2.43286,-6.57475,11.14009,-76.16506,-3.70495,67.75624,double_rcm_log_20260616_133526_303.csv,49.42475,Unknown,Task4_EntryRCM_TipCone,0.0,4.685689285156748,13.172048480103651,13.183068127654174,4.68242299402852,13.161655495590807,13.17327597828271,15.285588063247234,49.66139737164483,83.44960474591956,14.696213185128085,36.06037320542419
18.2296,0.03181,31.44038,Done,EntryTipCone,161.211,0.02936,4.69382,13.19268,13.19268,1.0,13.19268,4.69382,0.0,0.0,0.0,0.59696,1.0,6,6,1,0.70507,0.90843,0.04079,0.89756,0.55927,0.07294,0.82,0.7,0.06,0.9,0.56,0.06,-2.42417,-6.10096,10.33794,-76.23347,-3.62273,67.56694,double_rcm_log_20260616_133526_303.csv,31.44038,Unknown,Task4_EntryRCM_TipCone,0.0,4.692670588271215,13.191629911967556,13.202698874328224,4.6880598898393835,13.175638358495057,13.18825613945984,13.642893782092255,39.94724300171053,370.84751377679015,13.351195988211245,15.599574334236088
18.29172,0.03257,30.70747,Done,EntryTipCone,161.1901,0.04768,4.70111,13.20757,13.20757,1.0,13.20757,4.70103,0.0,0.0,0.0,0.59701,1.0,6,6,1,0.70611,0.90905,0.04102,0.89681,0.55887,0.07277,0.82,0.7,0.06,0.9,0.56,0.06,-2.41851,-4.95283,8.37349,-76.35893,-3.37003,67.05013,double_rcm_log_20260616_133526_303.csv,30.70747,Unknown,Task4_EntryRCM_TipCone,0.0,4.7010563453210965,13.215150352187255,13.226278744347692,4.696391576961121,13.197121481013042,13.210825106707015,13.205927783176461,19.13030915223567,92.2008355640445,16.013745439977473,49.1619025855568
18.32582,0.0341,29.32803,Done,EntryTipCone,161.1657,0.06919,4.70915,13.22399,13.22399,1.0,13.22399,4.70915,0.0,0.0,0.0,0.59707,1.0,6,6,1,0.70661,0.90935,0.04113,0.89643,0.55868,0.07267,0.82,0.7,0.06,0.9,0.56,0.06,-2.42013,-4.2947,7.23937,-76.42816,-3.19493,66.72585,double_rcm_log_20260616_133526_303.csv,29.32803,Unknown,Task4_EntryRCM_TipCone,0.0,4.710254574690525,13.240949295869884,13.252143119923408,4.7032672588563065,13.214590654040215,13.229368843599486,12.627611787978617,28.057605399750194,333.97344476663017,17.732558774946312,28.555200975315103
18.3814,0.02957,33.82079,Done,EntryTipCone,161.1196,0.11055,4.72057,13.24666,13.24666,1.0,13.24666,4.72057,0.0,0.0,0.0,0.59718,1.0,6,6,1,0.70736,0.90983,0.04135,0.89584,0.55839,0.07247,0.82,0.7,0.06,0.9,0.56,0.06,-2.43722,-3.00213,4.99007,-76.5616,-2.76032,66.01862,double_rcm_log_20260616_133526_303.csv,33.82079,Unknown,Task4_EntryRCM_TipCone,0.0,4.7198032032833845,13.267730668754783,13.27899268796168,4.708877778871958,13.22705391932066,13.24381365015382,10.592280989687382,39.18558498696533,69.34373559718655,16.93302814766012,19.62021251162531
18.4422,0.0608,16.44709,Done,EntryTipCone,160.9957,0.2213,4.74887,13.30024,13.30024,1.0,13.30024,4.74887,0.0,0.0,0.0,0.59749,1.0,6,6,1,0.70776,0.91019,0.04137,0.89534,0.55826,0.07234,0.82,0.7,0.06,0.9,0.56,0.06,-2.45424,-2.05944,3.34547,-76.71207,-2.35213,65.47791,double_rcm_log_20260616_133526_303.csv,16.44709,Unknown,Task4_EntryRCM_TipCone,0.0,4.749657768770133,13.351462433109877,13.362939454957285,4.731852538700459,13.280691826279826,13.304841224155979,8.564044491947028,29.542194322158803,97.02720304653245,18.43027548351581,89.31642666472692
18.47392,0.03172,31.52659,Done,EntryTipCone,160.9329,0.27939,4.75732,13.31404,13.31404,1.0,13.31404,4.75732,0.0,0.0,0.0,0.59765,1.0,6,6,1,0.70796,0.91037,0.04141,0.8951,0.55819,0.07224,0.82,0.7,0.06,0.9,0.56,0.06,-2.48185,-1.32525,2.04651,-76.85314,-1.91323,65.00905,double_rcm_log_20260616_133526_303.csv,31.52659,Unknown,Task4_EntryRCM_TipCone,0.0,4.75718197781655,13.372564674615342,13.384096311462477,4.733405410640263,13.28024304689549,13.308031409641341,7.845186898969676,32.64148087559035,121.14260428130082,21.64960656803199,58.97460198135117
18.50973,0.0067,149.2858,Done,EntryTipCone,160.8468,0.35987,4.76683,13.32703,13.32703,1.0,13.32703,4.76683,0.0,0.0,0.0,0.59788,1.0,6,6,1,0.70807,0.91053,0.04142,0.89486,0.55815,0.07216,0.82,0.7,0.06,0.9,0.56,0.06,-2.53635,-0.49871,0.56681,-77.14392,-1.11764,64.44715,double_rcm_log_20260616_133526_303.csv,149.2858,Unknown,Task4_EntryRCM_TipCone,0.0,4.766843352643291,13.399660428963024,13.411262447174378,4.741920324425969,13.297245752989044,13.330705157642656,6.687885321699993,34.93335569464192,141.58443207101186,16.41144585147286,173.97922901080784
18.57187,0.03316,30.16072,Done,EntryTipCone,160.6606,0.52805,4.7759,13.3265,13.3265,1.0,13.3265,4.7759,0.0,0.0,0.0,0.59835,1.0,6,6,1,0.70806,0.91073,0.04136,0.89452,0.55817,0.07201,0.82,0.7,0.06,0.9,0.56,0.06,-2.57884,-0.19259,0.0245,-77.41642,-0.49949,64.28136,double_rcm_log_20260616_133526_303.csv,30.16072,Unknown,Task4_EntryRCM_TipCone,0.0,4.775779769351204,13.424722666929181,13.436390039622669,4.741064750030713,13.279405049230897,13.327392843313376,5.876613534576269,19.85701216801103,248.12708836787667,4.550366663751501,116.72657580466704
18.62483,0.03321,30.10833,Done,EntryTipCone,160.497,0.67369,4.7674,13.28565,13.28565,1.0,13.28565,4.7674,0.0,0.0,0.0,0.59876,1.0,6,6,1,0.70801,0.91089,0.04136,0.89426,0.55821,0.07185,0.82,0.7,0.06,0.9,0.56,0.06,-2.6087,-0.11749,-0.10378,-77.57938,-0.12076,64.27825,double_rcm_log_20260616_133526_303.csv,30.10833,Unknown,Task4_EntryRCM_TipCone,0.0,4.768439058875052,13.4041356212469,13.415749291360589,4.726539590155439,13.22499853133626,13.288122515991486,5.881212155998647,16.17975908626011,79.1221686610718,2.413104849156056,36.029996142014134
18.68555,0.03073,32.54303,Done,EntryTipCone,160.3067,0.84046,4.7381,13.19101,13.19101,1.0,13.19101,4.7381,0.0,0.0,0.0,0.59924,1.0,6,6,1,0.70789,0.91105,0.04143,0.89399,0.55826,0.07161,0.82,0.7,0.06,0.9,0.56,0.06,-2.6298,-0.09936,-0.12311,-77.63557,0.06376,64.32877,double_rcm_log_20260616_133526_303.csv,32.54303,Unknown,Task4_EntryRCM_TipCone,0.0,4.738325145583885,13.319678757408894,13.331073846357482,4.6894936403048675,13.106326951279954,13.18862388575855,6.027496832742189,15.518799526035847,37.09275840250221,0.8843541012504387,18.291443612553756
18.72268,0.03713,26.93172,Done,EntryTipCone,160.1902,0.94156,4.71006,13.10886,13.10886,1.0,13.10886,4.71006,0.0,0.0,0.0,0.59953,1.0,6,6,1,0.7078,0.91114,0.04152,0.89384,0.55831,0.07145,0.82,0.7,0.06,0.9,0.56,0.06,-2.64047,-0.09252,-0.12628,-77.62733,0.10942,64.36329,double_rcm_log_20260616_133526_303.csv,26.93172,Unknown,Task4_EntryRCM_TipCone,0.0,4.709912296787604,13.239989290221486,13.251180674889808,4.660237726386053,13.01459352478539,13.111224199135679,6.14664226165206,16.492155580016167,22.036625194044234,0.5991361957862972,10.19323261502084
18.77585,0.03103,32.22565,Done,EntryTipCone,160.0236,1.08552,4.65661,12.95852,12.95852,1.0,12.95852,4.65661,0.0,0.0,0.0,0.59995,1.0,6,6,1,0.70763,0.91126,0.04168,0.89365,0.55837,0.07118,0.82,0.7,0.06,0.9,0.56,0.06,-2.65678,-0.08449,-0.12825,-77.58366,0.14104,64.4135,double_rcm_log_20260616_133526_303.csv,32.22565,Unknown,Task4_EntryRCM_TipCone,0.0,4.656355399955071,13.089769518509513,13.100583556056957,4.603512130253156,12.843703575622616,12.960393512544268,6.422459795137992,16.91970658334005,24.456050375300133,0.6322651869460642,5.020749801514605
18.80841,0.03256,30.71666,Done,EntryTipCone,159.9205,1.1725,4.61626,12.84816,12.84816,1.0,12.84816,4.61618,0.0,0.0,0.0,0.60021,1.0,6,6,1,0.70752,0.91132,0.0418,0.89355,0.55842,0.071,0.82,0.7,0.06,0.9,0.56,0.06,-2.66813,-0.08116,-0.12719,-77.54305,0.15095,64.44511,double_rcm_log_20260616_133526_303.csv,30.71666,Unknown,Task4_EntryRCM_TipCone,0.0,4.61709778247058,12.979649998176821,12.990192889700838,4.5614200359574975,12.718345864870258,12.849081679248554,6.649224240335846,15.889693986119443,27.118427796482127,0.7099046682598489,4.217304609680562
18.86714,0.05873,17.02666,Done,EntryTipCone,159.7373,1.32735,4.52948,12.61575,12.61575,1.0,12.61575,4.52948,0.0,0.0,0.0,0.60067,1.0,6,6,1,0.70727,0.91143,0.04208,0.89339,0.55852,0.07064,0.82,0.7,0.06,0.9,0.56,0.06,-2.69166,-0.07394,-0.1293,-77.44807,0.16024,64.49944,double_rcm_log_20260616_133526_303.csv,17.02666,Unknown,Task4_EntryRCM_TipCone,0.0,4.529307174051533,12.733371112604129,12.743324123661662,4.471816515561909,12.454483344748416,12.613171686772525,7.133357193701958,14.909785440076774,69.15736631293544,0.8900299238719628,3.153401423644769
18.89717,0.03002,33.30782,Done,EntryTipCone,159.6444,1.40551,4.47781,12.47952,12.47952,1.0,12.47952,4.47781,0.0,0.0,0.0,0.60091,1.0,6,6,1,0.70713,0.91147,0.04225,0.89332,0.55857,0.07044,0.82,0.7,0.06,0.9,0.56,0.06,-2.70498,-0.07403,-0.12443,-77.38668,0.15626,64.52942,double_rcm_log_20260616_133526_303.csv,33.30782,Unknown,Task4_EntryRCM_TipCone,0.0,4.477255573292091,12.587336667172302,12.596950547122805,4.419822190013569,12.303054279949556,12.476413747547829,7.339290910034818,14.559513976783162,46.53764721666322,0.9581073182615556,2.959623032332999
18.92762,0.03045,32.83631,Done,EntryTipCone,159.5502,1.48376,4.42085,12.33054,12.33054,1.0,12.33054,4.42085,0.0,0.0,0.0,0.60114,1.0,6,6,1,0.70697,0.91151,0.04243,0.89326,0.55863,0.07023,0.82,0.7,0.06,0.9,0.56,0.06,-2.72017,-0.07007,-0.12756,-77.32111,0.15867,64.55602,double_rcm_log_20260616_133526_303.csv,32.83631,Unknown,Task4_EntryRCM_TipCone,0.0,4.42068915477924,12.428623806044365,12.437877968812462,4.3627648430464605,12.137363862818885,12.327100226736208,7.549103329186115,14.504334593643074,29.607311872502237,1.0175836833568972,2.6346378618948183
18.98684,0.02927,34.16461,Done,EntryTipCone,159.3708,1.63266,4.29678,12.0099,12.0099,1.0,12.0099,4.29678,0.0,0.0,0.0,0.6016,1.0,6,6,1,0.70664,0.91158,0.04284,0.89316,0.55876,0.0698,0.82,0.7,0.06,0.9,0.56,0.06,-2.75258,-0.06618,-0.12888,-77.17302,0.15444,64.60847,double_rcm_log_20260616_133526_303.csv,34.16461,Unknown,Task4_EntryRCM_TipCone,0.0,4.297724064863823,12.08356937552933,12.0920727567358,4.242543715007161,11.789607940241966,12.01512380294107,8.188371877375333,15.520235360964216,43.35385723615015,1.1503137261074918,2.487562200291628
19.02274,0.03591,27.84874,Done,EntryTipCone,159.2644,1.72063,4.21357,11.79695,11.79695,1.0,11.79695,4.21357,0.0,0.0,0.0,0.60186,1.0,6,6,1,0.70642,0.9116,0.04312,0.89312,0.55884,0.06951,0.82,0.7,0.06,0.9,0.56,0.06,-2.77496,-0.06579,-0.12791,-77.07709,0.16068,64.6401,double_rcm_log_20260616_133526_303.csv,27.84874,Unknown,Task4_EntryRCM_TipCone,0.0,4.2124959449378325,11.844376546549357,11.85238411296282,4.157826699415418,11.546858713686877,11.794918397343839,8.469801923976682,14.180617070833767,38.48399487633367,1.2329966476146406,2.4922287369588227
19.07679,0.03039,32.90443,Done,EntryTipCone,159.1054,1.84964,4.0765,11.44967,11.44967,1.0,11.44967,4.0765,0.0,0.0,0.0,0.60226,1.0,6,6,1,0.70607,0.91163,0.04357,0.89309,0.55897,0.06907,0.82,0.7,0.06,0.9,0.56,0.06,-2.81101,-0.06596,-0.12668,-76.91295,0.15931,64.68663,double_rcm_log_20260616_133526_303.csv,32.90443,Unknown,Task4_EntryRCM_TipCone,0.0,4.077002761708052,11.464061015618173,11.471320643603592,4.023935982077486,11.164792602021507,11.448751023583313,8.831930429273786,12.524235725743377,35.68331534499421,1.360135538405251,2.7221367627794253
19.12234,0.04554,21.95685,Done,EntryTipCone,158.9758,1.95479,3.95087,11.13443,11.13443,1.0,11.13443,3.95087,0.0,0.0,0.0,0.60259,1.0,6,6,1,0.70575,0.91164,0.04399,0.89308,0.55908,0.06867,0.82,0.7,0.06,0.9,0.56,0.06,-2.84466,-0.06869,-0.12343,-76.76592,0.16709,64.72523,double_rcm_log_20260616_133526_303.csv,21.95685,Unknown,Task4_EntryRCM_TipCone,0.0,3.9511202732867634,11.110664228196455,11.117272082452702,3.9006711973191344,10.81485651955042,11.131114050264713,9.283007241430164,12.387392871815514,35.47586756217625,1.4789179330445101,2.7104158692766744
19.16751,0.02912,34.34216,Done,EntryTipCone,158.8497,2.05587,3.8168,10.801,10.801,1.0,10.801,3.81675,0.0,0.0,0.0,0.60291,1.0,6,6,1,0.7054,0.91164,0.04444,0.89309,0.5592,0.06826,0.82,0.7,0.06,0.9,0.56,0.06,-2.87927,-0.0697,-0.12438,-76.60032,0.15746,64.76068,double_rcm_log_20260616_133526_303.csv,34.34216,Unknown,Task4_EntryRCM_TipCone,0.0,3.8166808886283397,10.733186016594914,10.739142170231032,3.7707803544239007,10.447126141450793,10.79887494140013,9.63734358167427,12.157362380880917,31.370507029863667,1.5803170700014717,2.062391831164901
19.20505,0.03754,26.63839,Done,EntryTipCone,158.7486,2.1369,3.69936,10.51146,10.51146,1.0,10.51146,3.69936,0.0,0.0,0.0,0.60316,1.0,6,6,1,0.70511,0.91162,0.04484,0.89311,0.55931,0.06791,0.82,0.7,0.06,0.9,0.56,0.06,-2.91034,-0.07157,-0.12517,-76.45979,0.16009,64.78888,double_rcm_log_20260616_133526_303.csv,26.63839,Unknown,Task4_EntryRCM_TipCone,0.0,3.699090916128205,10.402968978589014,10.408391492380217,3.657729285616197,10.127575911646137,10.512673304160126,9.955917495010805,12.532485152207677,50.826022595457964,1.6325026689665008,1.9905194010582914
19.23835,0.03329,30.03578,Done,EntryTipCone,158.6604,2.20651,3.59036,10.24467,10.24467,1.0,10.24467,3.59036,0.0,0.0,0.0,0.60339,1.0,6,6,1,0.70483,0.9116,0.0452,0.89314,0.55941,0.06759,0.82,0.7,0.06,0.9,0.56,0.06,-2.93924,-0.07367,-0.12616,-76.32932,0.1633,64.81304,double_rcm_log_20260616_133526_303.csv,30.03578,Unknown,Task4_EntryRCM_TipCone,0.0,3.59068424564351,10.098501707129818,10.1034613891303,3.552648645481772,9.831402513609932,10.247721698016578,10.233811141299732,12.77825303333328,25.80533827876045,1.695117181745134,1.9998827050325363
19.3322,0.07395,13.52309,Done,EntryTipCone,158.4269,2.39108,3.26039,9.44858,9.44858,1.0,9.44858,3.26039,0.0,0.0,0.0,0.60398,1.0,6,6,1,0.70402,0.9115,0.04631,0.89329,0.5597,0.06665,0.82,0.7,0.06,0.9,0.56,0.06,-3.02695,-0.08443,-0.12641,-75.93551,0.17808,64.87723,double_rcm_log_20260616_133526_303.csv,13.52309,Unknown,Task4_EntryRCM_TipCone,0.0,3.2616630760909238,9.174207251618078,9.177924812735005,3.2347968182237605,8.939808464649332,9.451804060601342,11.002479851710074,11.539070699039799,13.25757853061286,1.870640052012475,2.853053696518982
19.43627,0.08407,11.895,Done,EntryTipCone,158.1926,2.57337,2.85876,8.506,8.506,1.0,8.506,2.85876,0.0,0.0,0.0,0.60457,1.0,6,6,1,0.70303,0.91131,0.04767,0.89355,0.56005,0.06554,0.82,0.7,0.06,0.9,0.56,0.06,-3.13255,-0.10108,-0.12779,-75.44794,0.1827,64.93944,double_rcm_log_20260616_133526_303.csv,11.895,Unknown,Task4_EntryRCM_TipCone,0.0,2.8579595374177957,8.039703049626006,8.042204140553796,2.847829324822744,7.859787137458276,8.502740734610276,11.72588218492435,10.435095752588515,57.92981550472643,2.1961277441788636,1.5644958444566468
19.47073,0.01296,77.13983,Done,EntryTipCone,158.1204,2.62822,2.71721,8.18194,8.18194,1.0,8.18194,2.71721,0.0,0.0,0.0,0.60476,1.0,6,6,1,0.70268,0.91123,0.04814,0.89366,0.56018,0.06517,0.82,0.7,0.06,0.9,0.56,0.06,-3.16748,-0.10981,-0.12365,-75.2626,0.15366,64.96017,double_rcm_log_20260616_133526_303.csv,77.13983,Unknown,Task4_EntryRCM_TipCone,0.0,2.71798997627898,7.646258815498549,7.64841016643037,2.7139599500453913,7.486987789080904,8.182719596808889,12.036149477651186,8.945155271604428,74.5886095572388,2.2112159004589502,4.391084841688629
19.5064,0.00946,105.7041,Done,EntryTipCone,158.0505,2.68204,2.56834,7.8458,7.8458,1.0,7.8458,2.56834,0.0,0.0,0.0,0.60493,1.0,6,6,1,0.70232,0.91114,0.04865,0.89378,0.56031,0.06477,0.82,0.7,0.06,0.9,0.56,0.06,-3.20628,-0.11793,-0.12336,-75.07945,0.15162,64.97842,double_rcm_log_20260616_133526_303.csv,105.7041,Unknown,Task4_EntryRCM_TipCone,0.0,2.567656715116587,7.223632215267764,7.225445997556778,2.5714362890196187,7.090870077891629,7.844577745168949,12.197755546971,9.645202109966819,76.11746023773713,2.149727732254438,3.3532960874157287
19.53918,0.01591,62.86663,Done,EntryTipCone,157.99,2.72871,2.42898,7.53601,7.53601,1.0,7.53601,2.42898,0.0,0.0,0.0,0.60508,1.0,6,6,1,0.70198,0.91105,0.04912,0.8939,0.56043,0.06441,0.82,0.7,0.06,0.9,0.56,0.06,-3.24342,-0.1251,-0.12522,-74.91214,0.1607,64.99306,double_rcm_log_20260616_133526_303.csv,62.86663,Unknown,Task4_EntryRCM_TipCone,0.0,2.4290818724028536,6.8340175275268935,6.835553227799447,2.4411938674984826,6.7293694984117325,7.539429686654015,12.33621465361363,11.23513694977422,52.35079694293822,2.190213778387293,2.2148099369373866
19.57049,0.01582,63.20958,Done,EntryTipCone,157.9344,2.77071,2.29337,7.24049,7.24049,1.0,7.24049,2.29337,0.0,0.0,0.0,0.60523,1.0,6,6,1,0.70166,0.91095,0.04958,0.89403,0.56055,0.06406,0.82,0.7,0.06,0.9,0.56,0.06,-3.27891,-0.13496,-0.12216,-74.74558,0.16072,65.00828,double_rcm_log_20260616_133526_303.csv,63.20958,Unknown,Task4_EntryRCM_TipCone,0.0,2.293482379115848,6.4527295684708,6.454022190403996,2.3121229428921417,6.371574011546595,7.240649142169531,12.627953912958876,9.681649920614808,59.31671586405889,2.2607447157583858,2.2289604728560137
19.6013,0.01358,73.64019,Done,EntryTipCone,157.8825,2.80967,2.15795,6.95115,6.95115,1.0,6.95115,2.15795,0.0,0.0,0.0,0.60536,1.0,6,6,1,0.70133,0.91085,0.05004,0.89416,0.56067,0.06371,0.82,0.7,0.06,0.9,0.56,0.06,-3.31414,-0.14348,-0.12204,-74.57726,0.15756,65.0211,double_rcm_log_20260616_133526_303.csv,73.64019,Unknown,Task4_EntryRCM_TipCone,0.0,2.1574333905770446,6.0701413681255465,6.0712173438974375,2.1844228128562104,6.017802435594484,6.9511581768796455,12.777414376013548,8.634364039565966,87.69584091498439,2.29933071140177,1.2791821750102963
19.63145,0.01502,66.58934,Done,EntryTipCone,157.8357,2.84531,2.02352,6.67015,6.67015,1.0,6.67015,2.02352,0.0,0.0,0.0,0.60548,1.0,6,6,1,0.701,0.91075,0.05049,0.8943,0.56079,0.06337,0.82,0.7,0.06,0.9,0.56,0.06,-3.34933,-0.15388,-0.11941,-74.4111,0.15724,65.03363,double_rcm_log_20260616_133526_303.csv,66.58934,Unknown,Task4_EntryRCM_TipCone,0.0,2.023601615717473,5.693754868877859,5.6946427809962765,2.057924108163901,5.667757798418962,6.668658035916998,12.895391009180665,6.470175612570935,38.52041024935962,2.316825170930592,1.3920713997451648
19.66292,0.0157,63.70692,Done,EntryTipCone,157.7894,2.88001,1.88149,6.38146,6.38146,1.0,6.38146,1.88149,0.0,0.0,0.0,0.60559,1.0,6,6,1,0.70066,0.91063,0.05097,0.89445,0.56091,0.06301,0.82,0.7,0.06,0.9,0.56,0.06,-3.3868,-0.16331,-0.12022,-74.23653,0.16055,65.04424,double_rcm_log_20260616_133526_303.csv,63.70692,Unknown,Task4_EntryRCM_TipCone,0.0,1.8819092450007724,5.295227534696594,5.295941694716531,1.9263352153081774,5.304063174006009,6.378926241931359,12.935864553912534,8.267907490295139,100.11601394351734,2.346687396829086,1.158325789819481
19.69574,0.01689,59.21162,Done,EntryTipCone,157.7453,2.91309,1.73235,6.08735,6.08735,1.0,6.08735,1.73235,0.0,0.0,0.0,0.6057,1.0,6,6,1,0.7003,0.9105,0.05148,0.89461,0.56104,0.06264,0.82,0.7,0.06,0.9,0.56,0.06,-3.42599,-0.1732,-0.12187,-74.05053,0.16031,65.05378,double_rcm_log_20260616_133526_303.csv,59.21162,Unknown,Task4_EntryRCM_TipCone,0.0,1.7332478306587056,4.877064133033178,4.8776220710394,1.7910396188656905,4.930234664410433,6.09124781961791,13.244602541744179,10.87484098696209,96.29321386739299,2.377349916085992,1.1205320678767858
19.72661,0.0159,62.89857,Done,EntryTipCone,157.7071,2.94201,1.59053,5.8189,5.8189,1.0,5.8189,1.59053,0.0,0.0,0.0,0.6058,1.0,6,6,1,0.69996,0.91036,0.05197,0.89478,0.56117,0.06228,0.82,0.7,0.06,0.9,0.56,0.06,-3.46364,-0.18462,-0.12082,-73.87488,0.16423,65.06283,double_rcm_log_20260616_133526_303.csv,62.89857,Unknown,Task4_EntryRCM_TipCone,0.0,1.589285685309215,4.472087785471063,4.47251792942224,1.657759637597267,4.562313178472299,5.81512682578805,13.409902213572622,7.5817082048802655,122.91185665674365,2.4057389606167323,1.683149104343345
19.75822,0.01568,63.78966,Done,EntryTipCone,157.6714,2.96857,1.44496,5.55528,5.55528,1.0,5.55528,1.44496,0.0,0.0,0.0,0.60589,1.0,6,6,1,0.69961,0.91022,0.05247,0.89495,0.5613,0.06192,0.82,0.7,0.06,0.9,0.56,0.06,-3.50215,-0.19623,-0.1206,-73.69138,0.16391,65.07065,double_rcm_log_20260616_133526_303.csv,63.78966,Unknown,Task4_EntryRCM_TipCone,0.0,1.4441660488988852,4.063826760689013,4.064149508227494,1.5278064418925095,4.203731858534946,5.556878620232759,13.256836712864672,6.762104085861055,76.70048297924994,2.4552214394764373,1.043560719993915
19.79042,0.01667,59.99584,Done,EntryTipCone,157.6381,2.99294,1.29649,5.30165,5.30165,1.0,5.30165,1.29649,0.0,0.0,0.0,0.60598,1.0,6,6,1,0.69924,0.91007,0.05298,0.89514,0.56143,0.06156,0.82,0.7,0.06,0.9,0.56,0.06,-3.5413,-0.20828,-0.12062,-73.50007,0.15791,65.07753,double_rcm_log_20260616_133526_303.csv,59.99584,Unknown,Task4_EntryRCM_TipCone,0.0,1.2967225433953031,3.6490013745209766,3.649235019294806,1.3962749489575466,3.841221760766319,5.300764095863875,13.449686446726766,7.576791822745676,55.78755312517972,2.457491243263133,1.1041714906973141
19.82323,0.01624,61.56697,Done,EntryTipCone,157.609,3.0149,1.14586,5.0611,5.0611,1.0,5.0611,1.14586,0.0,0.0,0.0,0.60605,1.0,6,6,1,0.69887,0.90991,0.05351,0.89533,0.56157,0.06118,0.82,0.7,0.06,0.9,0.56,0.06,-3.58244,-0.2213,-0.12106,-73.30947,0.16578,65.08296,double_rcm_log_20260616_133526_303.csv,61.56697,Unknown,Task4_EntryRCM_TipCone,0.0,1.145032652988695,3.2222037926021283,3.2223646613066004,1.2658926742725063,3.481807885832679,5.066181994362269,13.583612851975092,10.316879844251249,58.568673296098474,2.4744210953631214,1.3731132520191482
19.8545,0.01592,62.81299,Done,EntryTipCone,157.5847,3.033,1.00425,4.85289,4.85289,1.0,4.85289,1.00425,0.0,0.0,0.0,0.60611,1.0,6,6,1,0.69852,0.90975,0.05401,0.89553,0.5617,0.06083,0.82,0.7,0.06,0.9,0.56,0.06,-3.62089,-0.233,-0.12298,-73.12116,0.16075,65.08651,double_rcm_log_20260616_133526_303.csv,62.81299,Unknown,Task4_EntryRCM_TipCone,0.0,1.004416350422367,2.8265428324694573,2.8266514154532336,1.1450127731156572,3.148964665019057,4.85384383761978,13.591134113160242,6.795319612288649,122.66478299896185,2.515698066605176,1.0030213639547099
19.88651,0.01595,62.70481,Done,EntryTipCone,157.5639,3.04855,0.86207,4.6638,4.6638,1.0,4.6638,0.86207,0.0,0.0,0.0,0.60616,1.0,6,6,1,0.69816,0.90958,0.05453,0.89574,0.56183,0.06047,0.82,0.7,0.06,0.9,0.56,0.06,-3.66078,-0.24735,-0.12189,-72.92849,0.1593,65.09023,double_rcm_log_20260616_133526_303.csv,62.70481,Unknown,Task4_EntryRCM_TipCone,0.0,0.8624812771767363,2.4271539066219687,2.427222656458149,1.029144927523529,2.8300815427230637,4.660193129045227,13.67652144108315,6.15490518803662,74.19075254686788,2.503989638657911,1.6049323611233928
19.91762,0.01559,64.14811,Done,EntryTipCone,157.5461,3.06085,0.72927,4.50908,4.50908,1.0,4.50908,0.72927,0.0,0.0,0.0,0.60621,1.0,6,6,1,0.6978,0.90941,0.05503,0.89594,0.56197,0.06012,0.82,0.7,0.06,0.9,0.56,0.06,-3.70019,-0.26288,-0.11906,-72.74346,0.1651,65.09359,double_rcm_log_20260616_133526_303.csv,64.14811,Unknown,Task4_EntryRCM_TipCone,0.0,0.730779853763349,2.056547915884267,2.0565897358892378,0.9276259437078933,2.550497990589375,4.514299502691441,13.857772837612726,9.34158502723136,128.0538635412461,2.50779605726797,1.4304181816419763
19.94856,0.01614,61.96826,Done,EntryTipCone,157.533,3.07047,0.60716,4.385,4.385,1.0,4.385,0.60716,0.0,0.0,0.0,0.60624,1.0,6,6,1,0.69745,0.90923,0.05554,0.89616,0.5621,0.05977,0.82,0.7,0.06,0.9,0.56,0.06,-3.73923,-0.27552,-0.12203,-72.55667,0.16749,65.0933,double_rcm_log_20260616_133526_303.csv,61.96826,Unknown,Task4_EntryRCM_TipCone,0.0,0.6074704809261385,1.709547152542922,1.70957117410782,0.8378877696898756,2.303672319112773,4.382750278078876,13.911097792257575,8.018553992483426,151.431035377629,2.534102668772715,1.1851174656934735
19.97993,0.01569,63.71987,Done,EntryTipCone,157.5242,3.07739,0.50241,4.29343,4.29343,1.0,4.29343,0.50241,0.0,0.0,0.0,0.60626,1.0,6,6,1,0.69709,0.90904,0.05605,0.89638,0.56223,0.05942,0.82,0.7,0.06,0.9,0.56,0.06,-3.7784,-0.28953,-0.12349,-72.36562,0.16577,65.09252,double_rcm_log_20260616_133526_303.csv,63.71987,Unknown,Task4_EntryRCM_TipCone,0.0,0.5021646854166562,1.413203320888064,1.4132168904323754,0.7702464302182156,2.1176271190615523,4.291118735248452,13.762749190635967,7.32886475613769,59.44086572768925,2.540263162854728,1.164779307161132
20.01155,0.01563,63.97832,Done,EntryTipCone,157.5178,3.08146,0.42933,4.23994,4.23994,1.0,4.23994,0.42933,0.0,0.0,0.0,0.60628,1.0,6,6,1,0.69673,0.90884,0.05657,0.89661,0.56237,0.05908,0.82,0.7,0.06,0.9,0.56,0.06,-3.81813,-0.3064,-0.12089,-72.174,0.16699,65.09245,double_rcm_log_20260616_133526_303.csv,63.97832,Unknown,Task4_EntryRCM_TipCone,0.0,0.430040229535261,1.2102331618407078,1.2102416840969499,0.7248079604694389,1.9925959102483513,4.2373812667731405,13.862856327817676,5.940493828032931,124.4610196581715,2.546190449680581,0.5890516095513144
20.04307,0.01524,65.61807,Done,EntryTipCone,157.5154,3.0826,0.40782,4.22591,4.22591,1.0,4.22591,0.40782,0.0,0.0,0.0,0.60629,1.0,6,6,1,0.69638,0.90864,0.05708,0.89684,0.56251,0.05873,0.82,0.7,0.06,0.9,0.56,0.06,-3.8576,-0.32323,-0.11901,-71.98138,0.166,65.09095,double_rcm_log_20260616_133526_303.csv,65.61807,Unknown,Task4_EntryRCM_TipCone,0.0,0.40773812799456843,1.1474709528232263,1.1474782167509823,0.7144989426200222,1.9641592446799816,4.230673705215261,13.872076875727057,9.538320632775354,27.2726632014931,2.550662737723028,1.1489543521558876
20.07423,0.01526,65.53592,Done,EntryTipCone,157.5171,3.08112,0.44455,4.2509,4.2509,1.0,4.2509,0.44455,0.0,0.0,0.0,0.60628,1.0,6,6,1,0.69603,0.90844,0.05758,0.89708,0.56264,0.0584,0.82,0.7,0.06,0.9,0.56,0.06,-3.89642,-0.33783,-0.12145,-71.79162,0.16582,65.08653,double_rcm_log_20260616_133526_303.csv,65.53592,Unknown,Task4_EntryRCM_TipCone,0.0,0.4448566907834042,1.2519293037181247,1.251938737541169,0.7331008717457549,2.0153808573071497,4.249235225308204,13.77527399607124,6.712129777315175,89.43016423905705,2.535921322813235,1.0421144559104827
20.10643,0.01604,62.33224,Done,EntryTipCone,157.5214,3.0763,0.53045,4.318,4.318,1.0,4.318,0.53045,0.0,0.0,0.0,0.60627,1.0,6,6,1,0.69566,0.90822,0.05811,0.89733,0.56278,0.05806,0.82,0.7,0.06,0.9,0.56,0.06,-3.93682,-0.3548,-0.1215,-71.59734,0.16999,65.08199,double_rcm_log_20260616_133526_303.csv,62.33224,Unknown,Task4_EntryRCM_TipCone,0.0,0.5318128979919932,1.4966376681756774,1.4966537858752589,0.7839695943275019,2.1552758167237043,4.315194086017421,13.909587036384355,4.0598018492181875,77.9729705616156,2.5249788012312293,0.6180109828097902
20.13911,0.01616,61.8848,Done,EntryTipCone,157.5332,3.06861,0.6474,4.42228,4.42228,1.0,4.42228,0.6474,0.0,0.0,0.0,0.60624,1.0,6,6,1,0.6953,0.908,0.05863,0.89759,0.56292,0.05771,0.82,0.7,0.06,0.9,0.56,0.06,-3.97731,-0.3732,-0.12035,-71.40037,0.17239,65.07625,double_rcm_log_20260616_133526_303.csv,61.8848,Unknown,Task4_EntryRCM_TipCone,0.0,0.6479982855879028,1.8235960381406828,1.823625195415473,0.8652082544358283,2.3787605046455615,4.424771180524441,13.790513340456247,8.91834936365458,83.47876243025999,2.53174992221457,0.6207573168544301
20.17051,0.0158,63.30559,Done,EntryTipCone,157.5457,3.05839,0.77506,4.55956,4.55956,1.0,4.55956,0.77506,0.0,0.0,0.0,0.60621,1.0,6,6,1,0.69496,0.90778,0.05913,0.89784,0.56305,0.05739,0.82,0.7,0.06,0.9,0.56,0.06,-4.01575,-0.38906,-0.12262,-71.20966,0.17062,65.06862,double_rcm_log_20260616_133526_303.csv,63.30559,Unknown,Task4_EntryRCM_TipCone,0.0,0.773946312551344,2.178019028673787,2.1780687057864903,0.9583273078663531,2.6350095606307438,4.558530464963485,13.634742412273754,8.531130265427267,85.95939655301663,2.5184109358059015,0.824911285331662
20.20328,0.01665,60.04529,Done,EntryTipCone,157.5624,3.04462,0.91728,4.73557,4.73557,1.0,4.73557,0.91749,0.0,0.0,0.0,0.60617,1.0,6,6,1,0.6946,0.90754,0.05965,0.89811,0.56319,0.05706,0.82,0.7,0.06,0.9,0.56,0.06,-4.05615,-0.40841,-0.12104,-71.01451,0.17592,65.0611,double_rcm_log_20260616_133526_303.csv,60.04529,Unknown,Task4_EntryRCM_TipCone,0.0,0.9165367383099621,2.5792616288038808,2.5793441321354877,1.069350891088644,2.9405779128495237,4.731997464073673,13.66952542395635,6.597018302356481,67.92057144826829,2.5094413361010894,1.0221247737591748
20.23344,0.01556,64.24936,Done,EntryTipCone,157.5831,3.02953,1.05258,4.92154,4.92154,1.0,4.92154,1.05258,0.0,0.0,0.0,0.60612,1.0,6,6,1,0.69427,0.90732,0.06013,0.89836,0.56332,0.05676,0.82,0.7,0.06,0.9,0.56,0.06,-4.09235,-0.4269,-0.11859,-70.83289,0.17292,65.05341,double_rcm_log_20260616_133526_303.csv,64.24936,Unknown,Task4_EntryRCM_TipCone,0.0,1.0523669535730258,2.9614665017161217,2.961591389867784,1.1809169531079917,3.2476831978883287,4.920325192505049,13.71507419034752,7.622395553947522,103.41540982038205,2.513222249462575,0.9699403023495466
20.26471,0.01502,66.56566,Done,EntryTipCone,157.6073,3.01099,1.19534,5.13748,5.13748,1.0,5.13748,1.19534,0.0,0.0,0.0,0.60605,1.0,6,6,1,0.69393,0.90709,0.06062,0.89863,0.56345,0.05645,0.82,0.7,0.06,0.9,0.56,0.06,-4.1297,-0.44402,-0.1202,-70.64581,0.17116,65.04276,double_rcm_log_20260616_133526_303.csv,66.56566,Unknown,Task4_EntryRCM_TipCone,0.0,1.1963536343820405,3.3666041664724062,3.3667876494062035,1.3045197440393548,3.5881998915247784,5.136331375602592,13.595674464876948,8.878690713770098,106.76355118058952,2.4946402439987767,2.008434735115192
20.29635,0.01579,63.3115,Done,EntryTipCone,157.6346,2.9893,1.34071,5.37545,5.37545,1.0,5.37545,1.34071,0.0,0.0,0.0,0.60599,1.0,6,6,1,0.6936,0.90685,0.0611,0.8989,0.56358,0.05615,0.82,0.7,0.06,0.9,0.56,0.06,-4.16685,-0.46454,-0.1163,-70.45824,0.16782,65.03335,double_rcm_log_20260616_133526_303.csv,63.3115,Unknown,Task4_EntryRCM_TipCone,0.0,1.3404142378551447,3.7719285504481683,3.772186616591233,1.4309372055603053,3.936587549955098,5.371117202221469,13.419884078797708,7.533507208647247,60.656569335410154,2.4363230456011076,1.7205748450852147
20.32861,0.01641,60.94988,Done,EntryTipCone,157.6683,2.96452,1.48938,5.63324,5.63324,1.0,5.63324,1.48938,0.0,0.0,0.0,0.6059,1.0,6,6,1,0.69326,0.9066,0.06159,0.89918,0.56372,0.05585,0.82,0.7,0.06,0.9,0.56,0.06,-4.20543,-0.48121,-0.12153,-70.27499,0.18086,65.01844,double_rcm_log_20260616_133526_303.csv,60.94988,Unknown,Task4_EntryRCM_TipCone,0.0,1.4898456799114108,4.19233892763946,4.192693279155664,1.5635501171409547,4.302060508103584,5.633231754508212,13.332961105550131,5.998042358368714,119.14312615522195,2.4257323448978707,1.4959069036593118
20.36242,0.01697,58.92379,Done,EntryTipCone,157.7048,2.9353,1.64485,5.9203,5.9203,1.0,5.9203,1.64485,0.0,0.0,0.0,0.60581,1.0,6,6,1,0.69292,0.90634,0.0621,0.89947,0.56386,0.05554,0.82,0.7,0.06,0.9,0.56,0.06,-4.24379,-0.50343,-0.11739,-70.07594,0.1722,65.0062,double_rcm_log_20260616_133526_303.csv,58.92379,Unknown,Task4_EntryRCM_TipCone,0.0,1.6442549645313291,4.626723975212986,4.627200311779216,1.7046993562808532,4.691312593097344,5.922170210319847,13.24216143943731,9.10399615155213,61.22038559136326,2.426892247209109,0.9993042578721104
20.39485,0.01638,61.05425,Done,EntryTipCone,157.7461,2.90436,1.7933,6.20523,6.20523,1.0,6.20523,1.7933,0.0,0.0,0.0,0.6057,1.0,6,6,1,0.69259,0.90608,0.06258,0.89976,0.56399,0.05525,0.82,0.7,0.06,0.9,0.56,0.06,-4.28075,-0.52181,-0.11985,-69.89143,0.17481,64.99028,double_rcm_log_20260616_133526_303.csv,61.05425,Unknown,Task4_EntryRCM_TipCone,0.0,1.7936362170725526,5.046932188654278,5.047550497248366,1.8416650652107176,5.069487760498684,6.208075386140176,13.23484219467935,9.60902516629329,139.4758205491973,2.3741879660074217,2.0363808511400228
20.42795,0.01661,60.20218,Done,EntryTipCone,157.7906,2.86994,1.9436,6.50548,6.50548,1.0,6.50548,1.9436,0.0,0.0,0.0,0.60559,1.0,6,6,1,0.69226,0.90582,0.06306,0.90006,0.56412,0.05496,0.82,0.7,0.06,0.9,0.56,0.06,-4.31789,-0.54198,-0.12004,-69.7056,0.17748,64.97409,double_rcm_log_20260616_133526_303.csv,60.20218,Unknown,Task4_EntryRCM_TipCone,0.0,1.9444306560765139,5.471080879978421,5.471868605483586,1.9824389199696384,5.458534601887174,6.509961597428909,12.896449461034768,10.567910387236221,27.37828764752755,2.335082670131528,1.2993829711960196
20.46107,0.01635,61.15652,Done,EntryTipCone,157.8402,2.83278,2.09172,6.81048,6.81048,1.0,6.81048,2.09172,0.0,0.0,0.0,0.60546,1.0,6,6,1,0.69194,0.90555,0.06353,0.90035,0.56425,0.05469,0.82,0.7,0.06,0.9,0.56,0.06,-4.35431,-0.56086,-0.12284,-69.52365,0.18185,64.9556,double_rcm_log_20260616_133526_303.csv,61.15652,Unknown,Task4_EntryRCM_TipCone,0.0,2.0916289718449153,5.8850780076708356,5.886058505332946,2.11766081704547,5.832335592328191,6.810367097300976,12.708150486176242,7.978589708973057,109.6438133001809,2.302463738538208,1.4427750406684552
20.49413,0.01583,63.1825,Done,EntryTipCone,157.8919,2.7924,2.23826,7.12062,7.12062,1.0,7.12062,2.23826,0.0,0.0,0.0,0.60533,1.0,6,6,1,0.69163,0.90528,0.064,0.90065,0.56438,0.05442,0.82,0.7,0.06,0.9,0.56,0.06,-4.38992,-0.58425,-0.11755,-69.34351,0.18322,64.93958,double_rcm_log_20260616_133526_303.csv,63.1825,Unknown,Task4_EntryRCM_TipCone,0.0,2.239048496613527,6.299658356535694,6.300861113383264,2.2560596932513506,6.215304807179875,7.123433161053686,12.607059013338654,9.684611673719393,31.219203593281893,2.2871666041160372,1.5224777717849218
20.52761,0.01685,59.36039,Done,EntryTipCone,157.9495,2.74903,2.38376,7.43492,7.43492,1.0,7.43492,2.38376,0.0,0.0,0.0,0.60519,1.0,6,6,1,0.69132,0.90501,0.06445,0.90095,0.5645,0.05416,0.82,0.7,0.06,0.9,0.56,0.06,-4.42451,-0.60352,-0.11978,-69.16192,0.17814,64.91904,double_rcm_log_20260616_133526_303.csv,59.36039,Unknown,Task4_EntryRCM_TipCone,0.0,2.3833797789921083,6.705513415657887,6.706964062083036,2.3919409466937376,6.591937383011033,7.433579218653658,12.477289017095094,9.952728780752473,109.2559057131163,2.253249702713146,2.020193943682963
20.5607,0.01669,59.91204,Done,EntryTipCone,158.0086,2.70311,2.52569,7.74836,7.74836,1.0,7.74836,2.52569,0.0,0.0,0.0,0.60504,1.0,6,6,1,0.69103,0.90474,0.0649,0.90126,0.56462,0.05391,0.82,0.7,0.06,0.9,0.56,0.06,-4.45837,-0.62415,-0.11942,-68.98704,0.17733,64.89896,double_rcm_log_20260616_133526_303.csv,59.91204,Unknown,Task4_EntryRCM_TipCone,0.0,2.525979989245528,7.106458975808362,7.108185870082642,2.527460593253813,6.968077209675518,7.747264033192583,12.252423098034885,8.331398205646588,44.950689795033114,2.1793673869300165,1.9126708220055895
20.59444,0.01734,57.66513,Done,EntryTipCone,158.0726,2.65367,2.66734,8.06635,8.06635,1.0,8.06635,2.66734,0.0,0.0,0.0,0.60487,1.0,6,6,1,0.69073,0.90447,0.06534,0.90156,0.56474,0.05367,0.82,0.7,0.06,0.9,0.56,0.06,-4.49257,-0.64658,-0.11704,-68.81702,0.18568,64.87822,double_rcm_log_20260616_133526_303.csv,57.66513,Unknown,Task4_EntryRCM_TipCone,0.0,2.666867437405379,7.502545584094785,7.504577820696001,2.6596694475144282,7.335155496228153,8.060403215720642,12.097469023583963,7.409401541128445,87.13875205198039,2.1428176192082495,1.749526250995006
20.62679,0.01642,60.90264,Done,EntryTipCone,158.1368,2.60348,2.80002,8.36893,8.36893,1.0,8.36893,2.80002,0.0,0.0,0.0,0.60471,1.0,6,6,1,0.69046,0.90421,0.06575,0.90186,0.56486,0.05344,0.82,0.7,0.06,0.9,0.56,0.06,-4.52346,-0.66455,-0.12005,-68.65162,0.1799,64.85539,double_rcm_log_20260616_133526_303.csv,60.90264,Unknown,Task4_EntryRCM_TipCone,0.0,2.8007958725988376,7.879025817492598,7.881379827481159,2.7898768480714318,7.696988022297053,8.373338641187255,11.949800855229865,11.09078079421746,90.94205487890704,2.1168539503240353,1.7032914604892397
20.66014,0.01669,59.91494,Done,EntryTipCone,158.2071,2.54931,2.93405,8.67786,8.67786,1.0,8.67786,2.93405,0.0,0.0,0.0,0.60453,1.0,6,6,1,0.69019,0.90394,0.06616,0.90216,0.56497,0.05322,0.82,0.7,0.06,0.9,0.56,0.06,-4.55489,-0.68573,-0.11884,-68.4878,0.18021,64.83253,double_rcm_log_20260616_133526_303.csv,59.91494,Unknown,Task4_EntryRCM_TipCone,0.0,2.93385353141423,8.253015623772919,8.255721281798879,2.916902155021658,8.050748651284117,8.679567961598023,11.572160884215382,13.132095878572512,53.89828943463577,2.0428215415646194,2.714763687929498
20.69335,0.01658,60.30004,Done,EntryTipCone,158.2792,2.49273,3.06401,8.98151,8.98151,1.0,8.98151,3.06401,0.0,0.0,0.0,0.60435,1.0,6,6,1,0.68992,0.90367,0.06656,0.90246,0.56508,0.05301,0.82,0.7,0.06,0.9,0.56,0.06,-4.58536,-0.70826,-0.11483,-68.3305,0.18303,64.81016,double_rcm_log_20260616_133526_303.csv,60.30004,Unknown,Task4_EntryRCM_TipCone,0.0,3.065119956679693,8.621927142086454,8.625012414633494,3.041771905378257,8.398862651940075,8.984325238992618,11.33431127641625,11.017646493553205,71.7961712796784,1.9731009466831055,1.9850733656766804
20.72666,0.01613,62.00885,Done,EntryTipCone,158.3546,2.43348,3.19083,9.28069,9.28069,1.0,9.28069,3.19083,0.0,0.0,0.0,0.60416,1.0,6,6,1,0.68967,0.90341,0.06694,0.90276,0.56519,0.05282,0.82,0.7,0.06,0.9,0.56,0.06,-4.61519,-0.72618,-0.11913,-68.17867,0.19041,64.78342,double_rcm_log_20260616_133526_303.csv,62.00885,Unknown,Task4_EntryRCM_TipCone,0.0,3.1903072589822994,8.973711744782152,8.97719064657024,3.161500886951154,8.73306043809294,9.279337260817663,11.189508106283967,9.75337542462557,60.44935013546952,1.9403345624642914,2.1353604419078227
20.75954,0.01654,60.45027,Done,EntryTipCone,158.433,2.37259,3.31245,9.5701,9.5701,1.0,9.5701,3.31245,0.0,0.0,0.0,0.60396,1.0,6,6,1,0.68943,0.90314,0.06731,0.90306,0.56529,0.05263,0.82,0.7,0.06,0.9,0.56,0.06,-4.64264,-0.74608,-0.11834,-68.02794,0.18417,64.75824,double_rcm_log_20260616_133526_303.csv,60.45027,Unknown,Task4_EntryRCM_TipCone,0.0,3.313671224296154,9.320330749479979,9.32422896859901,3.280840329784695,9.066977191137864,9.574163148808289,10.986544990114396,11.435992582076025,84.82887042102124,1.90596051233295,2.106960159992173
20.79292,0.01677,59.6326,Done,EntryTipCone,158.5144,2.30835,3.43182,9.85669,9.85669,1.0,9.85669,3.43182,0.0,0.0,0.0,0.60376,1.0,6,6,1,0.6892,0.90288,0.06766,0.90336,0.56539,0.05246,0.82,0.7,0.06,0.9,0.56,0.06,-4.66972,-0.76308,-0.12298,-67.88145,0.18225,64.72977,double_rcm_log_20260616_133526_303.csv,59.6326,Unknown,Task4_EntryRCM_TipCone,0.0,3.4318679944861152,9.65239083900884,9.65672119029754,3.3950549257403915,9.387029021269377,9.85866623839143,10.66937860731877,13.010187710423695,52.34806448435545,1.8096546342329072,3.0418619602801042
20.82659,0.01721,58.09365,Done,EntryTipCone,158.6001,2.24142,3.54823,10.13838,10.13838,1.0,10.13838,3.54823,0.0,0.0,0.0,0.60354,1.0,6,6,1,0.68898,0.90262,0.06801,0.90366,0.56548,0.05229,0.82,0.7,0.06,0.9,0.56,0.06,-4.69653,-0.78492,-0.1195,-67.74362,0.18972,64.70341,double_rcm_log_20260616_133526_303.csv,58.09365,Unknown,Task4_EntryRCM_TipCone,0.0,3.548524836469617,9.980084407310953,9.984871460132911,3.5087141454977786,9.70639606730449,10.142489832383324,10.295892799351307,13.448925412812857,78.65105700505151,1.7393418540856997,1.887620848951347
20.85908,0.01661,60.21984,Done,EntryTipCone,158.6838,2.17448,3.65629,10.40214,10.40214,1.0,10.40214,3.65629,0.0,0.0,0.0,0.60333,1.0,6,6,1,0.68877,0.90237,0.06833,0.90394,0.56557,0.05215,0.82,0.7,0.06,0.9,0.56,0.06,-4.72081,-0.80289,-0.12053,-67.61252,0.18998,64.67576,double_rcm_log_20260616_133526_303.csv,60.21984,Unknown,Task4_EntryRCM_TipCone,0.0,3.6563667801419193,10.282979815645271,10.288216634006531,3.6108247501098387,9.993445621236678,10.400528832708416,10.003787976977534,10.189823266443959,65.21846182081791,1.7005420252130081,1.9558220129005768
20.89231,0.01678,59.59525,Done,EntryTipCone,158.7722,2.104,3.7627,10.66373,10.66373,1.0,10.66373,3.7627,0.0,0.0,0.0,0.6031,1.0,6,6,1,0.68857,0.90213,0.06864,0.90423,0.56565,0.05201,0.82,0.7,0.06,0.9,0.56,0.06,-4.74429,-0.82123,-0.12091,-67.48264,0.1876,64.64707,double_rcm_log_20260616_133526_303.csv,59.59525,Unknown,Task4_EntryRCM_TipCone,0.0,3.7620473150140827,10.579769145951085,10.585473211723224,3.714059633903271,10.284783831541507,10.660933355011595,9.96916223167932,10.062193992066494,122.721973522469,1.6302843761992283,2.083339473428805
20.92523,0.01652,60.54483,Done,EntryTipCone,158.8623,2.03215,3.86356,10.91309,10.91309,1.0,10.91309,3.86356,0.0,0.0,0.0,0.60288,1.0,6,6,1,0.68839,0.90188,0.06894,0.90452,0.56573,0.05188,0.82,0.7,0.06,0.9,0.56,0.06,-4.76656,-0.84034,-0.11915,-67.36137,0.18869,64.61883,double_rcm_log_20260616_133526_303.csv,60.54483,Unknown,Task4_EntryRCM_TipCone,0.0,3.8647216131621396,10.868081408718677,10.874265272826703,3.8150780689836266,10.570299173409593,10.917769918806611,9.643793297801595,15.564375252535756,105.80894270486526,1.5730043392594069,2.3064950476073873
20.95858,0.0162,61.73455,Done,EntryTipCone,158.9554,1.95736,3.96087,11.15544,11.15544,1.0,11.15544,3.96087,0.0,0.0,0.0,0.60264,1.0,6,6,1,0.68822,0.90164,0.06922,0.9048,0.56581,0.05177,0.82,0.7,0.06,0.9,0.56,0.06,-4.78725,-0.85669,-0.12136,-67.24063,0.18135,64.58812,double_rcm_log_20260616_133526_303.csv,61.73455,Unknown,Task4_EntryRCM_TipCone,0.0,3.9613310751520805,11.139331591776726,11.14599079793599,3.9092797307573837,10.836848889144575,11.159256247617941,9.22283292500085,15.042176421141814,79.48744295728946,1.4877761532379183,3.3311640152863804
20.99209,0.01679,59.55758,Done,EntryTipCone,159.0506,1.88043,4.05405,11.38899,11.38899,1.0,11.38899,4.05405,0.0,0.0,0.0,0.6024,1.0,6,6,1,0.68805,0.90141,0.06949,0.90508,0.56588,0.05167,0.82,0.7,0.06,0.9,0.56,0.06,-4.80782,-0.87526,-0.11992,-67.13174,0.18842,64.55809,double_rcm_log_20260616_133526_303.csv,59.55758,Unknown,Task4_EntryRCM_TipCone,0.0,4.054877093994267,11.401950379815778,11.409092479738549,3.9999639200623607,11.094506540834296,11.391650451097929,8.895160192377519,13.72126017634364,58.68227864225584,1.389349645861265,2.526758997059615
21.02561,0.01689,59.21701,Done,EntryTipCone,159.1483,1.80181,4.14208,11.61099,11.61099,1.0,11.61099,4.14208,0.0,0.0,0.0,0.60215,1.0,6,6,1,0.6879,0.90118,0.06974,0.90535,0.56594,0.05158,0.82,0.7,0.06,0.9,0.56,0.06,-4.82678,-0.89121,-0.12203,-67.02776,0.19232,64.52609,double_rcm_log_20260616_133526_303.csv,59.21701,Unknown,Task4_EntryRCM_TipCone,0.0,4.14235768831377,11.647513756610989,11.655128051609681,4.085153213290651,11.337432961382628,11.610447881111172,8.620092123710544,14.309331355323124,33.72980251571473,1.329991463815885,2.318599371136946
21.05889,0.01552,64.42776,Done,EntryTipCone,159.2462,1.72186,4.22438,11.82019,11.82019,1.0,11.82019,4.22438,0.0,0.0,0.0,0.60191,1.0,6,6,1,0.68776,0.90096,0.06997,0.90562,0.566,0.05151,0.82,0.7,0.06,0.9,0.56,0.06,-4.84397,-0.90846,-0.12028,-66.92914,0.19146,64.49557,double_rcm_log_20260616_133526_303.csv,64.42776,Unknown,Task4_EntryRCM_TipCone,0.0,4.224713800406871,11.878667595358047,11.88674502324769,4.165551340598889,11.567302790458648,11.817973599564278,8.368466540947084,12.656397159855597,69.8715839287372,1.256835597769597,2.441536117839039
21.09213,0.01656,60.38756,Done,EntryTipCone,159.3453,1.64053,4.3012,12.01686,12.01686,1.0,12.01686,4.3012,0.0,0.0,0.0,0.60166,1.0,6,6,1,0.68764,0.90075,0.07018,0.90588,0.56605,0.05145,0.82,0.7,0.06,0.9,0.56,0.06,-4.85989,-0.92489,-0.11902,-66.83827,0.19265,64.46448,double_rcm_log_20260616_133526_303.csv,60.38756,Unknown,Task4_EntryRCM_TipCone,0.0,4.300381610265918,12.091027353038994,12.099546514775858,4.240447035302893,11.782380652743894,12.011636025121636,8.12438288346077,11.998574727028467,32.882936296189534,1.1790398311951151,2.906304717227878
21.12546,0.01674,59.75278,Done,EntryTipCone,159.4467,1.5575,4.37305,12.20187,12.20187,1.0,12.20187,4.37305,0.0,0.0,0.0,0.6014,1.0,6,6,1,0.68753,0.90054,0.07038,0.90614,0.5661,0.0514,0.82,0.7,0.06,0.9,0.56,0.06,-4.87439,-0.94001,-0.11911,-66.75298,0.19237,64.43231,double_rcm_log_20260616_133526_303.csv,59.75278,Unknown,Task4_EntryRCM_TipCone,0.0,4.373381642525057,12.295880079689088,12.304840384269582,4.313277964514328,11.99196166669088,12.201213054446633,7.800813493392965,13.636427483577902,63.318804087134154,1.0908355020005305,2.713027699036697
21.15957,0.01755,56.99619,Done,EntryTipCone,159.5516,1.47116,4.44069,12.37778,12.37778,1.0,12.37778,4.44069,0.0,0.0,0.0,0.60114,1.0,6,6,1,0.68743,0.90034,0.07056,0.90639,0.56614,0.05136,0.82,0.7,0.06,0.9,0.56,0.06,-4.88819,-0.95361,-0.12174,-66.67609,0.19915,64.398,double_rcm_log_20260616_133526_303.csv,56.99619,Unknown,Task4_EntryRCM_TipCone,0.0,4.440619894748895,12.484546445043913,12.493926309011853,4.380557041419157,12.186580324274704,12.376643325231566,7.5401436720889095,15.593816510224077,52.67306494170319,1.0143840842643441,2.515673545459438
21.1918,0.01669,59.91311,Done,EntryTipCone,159.6513,1.38831,4.49937,12.53156,12.53156,1.0,12.53156,4.49937,0.0,0.0,0.0,0.60089,1.0,6,6,1,0.68735,0.90015,0.07071,0.90663,0.56618,0.05134,0.82,0.7,0.06,0.9,0.56,0.06,-4.89926,-0.96811,-0.11952,-66.60603,0.19582,64.36736,double_rcm_log_20260616_133526_303.csv,59.91311,Unknown,Task4_EntryRCM_TipCone,0.0,4.500072766996496,12.651353202996175,12.661114779292706,4.441229284038625,12.362593019016932,12.535744892107525,7.284049899049083,16.79612300218745,44.5072386872719,0.9626034410980183,2.5552905566395645
21.22481,0.01694,59.02817,Done,EntryTipCone,159.7542,1.30221,4.55393,12.6758,12.6758,1.0,12.6758,4.55393,0.0,0.0,0.0,0.60063,1.0,6,6,1,0.68728,0.89998,0.07085,0.90686,0.5662,0.05133,0.82,0.7,0.06,0.9,0.56,0.06,-4.90907,-0.97965,-0.12182,-66.54064,0.19139,64.33395,double_rcm_log_20260616_133526_303.csv,59.02817,Unknown,Task4_EntryRCM_TipCone,0.0,4.553352675669916,12.80082892575135,12.810941255514168,4.494815997473772,12.519972290458378,12.675507879371123,6.972915749751149,16.743429717602726,33.448737853911275,0.869148911677874,3.2289300042259894
21.25816,0.01668,59.95203,Done,EntryTipCone,159.8586,1.21452,4.60322,12.80814,12.80814,1.0,12.80814,4.60322,0.0,0.0,0.0,0.60037,1.0,6,6,1,0.68723,0.89981,0.07098,0.90709,0.56623,0.05134,0.82,0.7,0.06,0.9,0.56,0.06,-4.91792,-0.99387,-0.11866,-66.48494,0.19272,64.30219,double_rcm_log_20260616_133526_303.csv,59.95203,Unknown,Task4_EntryRCM_TipCone,0.0,4.602865705490527,12.93972682457073,12.950172547887925,4.545524290600716,12.668808759493292,12.80923885326519,6.731630701190402,14.749321779998128,50.76970746043359,0.7798128440825327,2.869149675659304
21.29053,0.01531,65.33442,Done,EntryTipCone,159.9611,1.12824,4.64553,12.92303,12.92303,1.0,12.92303,4.64553,0.0,0.0,0.0,0.60011,1.0,6,6,1,0.68719,0.89965,0.07108,0.9073,0.56624,0.05136,0.82,0.7,0.06,0.9,0.56,0.06,-4.92495,-1.00517,-0.11867,-66.43678,0.19193,64.26995,double_rcm_log_20260616_133526_303.csv,65.33442,Unknown,Task4_EntryRCM_TipCone,0.0,4.644196309245492,13.055663334065652,13.066392900001409,4.587026242803098,12.792634659774357,12.91809583491307,6.5683115566631525,13.491889179321065,51.825295718563986,0.7132321822540374,2.808857423777295
21.32412,0.01656,60.39964,Done,EntryTipCone,160.0671,1.03811,4.68341,13.02792,13.02792,1.0,13.02792,4.68341,0.0,0.0,0.0,0.59984,1.0,6,6,1,0.68716,0.8995,0.07117,0.90752,0.56625,0.05139,0.82,0.7,0.06,0.9,0.56,0.06,-4.93073,-1.01529,-0.12008,-66.3943,0.19099,64.23597,double_rcm_log_20260616_133526_303.csv,60.39964,Unknown,Task4_EntryRCM_TipCone,0.0,4.683195706774834,13.16505434657318,13.17605641543538,4.6288156789899455,12.91782078549448,13.028622336993244,6.4253839006867866,16.185836856933285,55.944632187425974,0.6355789238736314,2.9660726822141115
21.35711,0.01635,61.15752,Done,EntryTipCone,160.1718,0.94891,4.71472,13.11679,13.11679,1.0,13.11679,4.71468,0.0,0.0,0.0,0.59958,1.0,6,6,1,0.68714,0.89936,0.07123,0.90772,0.56626,0.05144,0.82,0.7,0.06,0.9,0.56,0.06,-4.93493,-1.02587,-0.11893,-66.36046,0.19031,64.20352,double_rcm_log_20260616_133526_303.csv,61.15752,Unknown,Task4_EntryRCM_TipCone,0.0,4.714510532815108,13.252886176082455,13.264110361581558,4.662129316763025,13.018584585713725,13.117149080497574,6.21932217113959,15.923896262095761,46.780555193833926,0.5629762849247736,3.0065963474972186
21.39083,0.01699,58.85653,Done,EntryTipCone,160.2786,0.85714,4.74041,13.19229,13.19229,1.0,13.19229,4.74041,0.0,0.0,0.0,0.59931,1.0,6,6,1,0.68714,0.89922,0.07128,0.90792,0.56625,0.0515,0.82,0.7,0.06,0.9,0.56,0.06,-4.93772,-1.03498,-0.1193,-66.33406,0.19037,64.16983,double_rcm_log_20260616_133526_303.csv,58.85653,Unknown,Task4_EntryRCM_TipCone,0.0,4.741008463345207,13.327204485056868,13.338618938590109,4.690550976732599,13.107158114791792,13.192380376565806,6.03782951348497,16.357122725671378,35.64696880157067,0.5019529938851566,2.884694943741016
21.4236,0.01659,60.28667,Done,EntryTipCone,160.3824,0.76756,4.75955,13.25151,13.25151,1.0,13.25151,4.75955,0.0,0.0,0.0,0.59905,1.0,6,6,1,0.68716,0.89911,0.07131,0.9081,0.56625,0.05157,0.82,0.7,0.06,0.9,0.56,0.06,-4.93895,-1.04297,-0.11979,-66.31602,0.19053,64.13704,double_rcm_log_20260616_133526_303.csv,60.28667,Unknown,Task4_EntryRCM_TipCone,0.0,4.759962532862258,13.380362903608043,13.391914767051283,4.7144599994363965,13.181635535267054,13.256598357044679,5.840982117627774,17.732375180730646,66.82464183389047,0.4561875052234776,2.8639096050649617
21.45681,0.01657,60.33311,Done,EntryTipCone,160.4872,0.67648,4.7727,13.29629,13.29629,1.0,13.29629,4.7727,0.0,0.0,0.0,0.59879,1.0,6,6,1,0.68719,0.899,0.07132,0.90827,0.56623,0.05166,0.82,0.7,0.06,0.9,0.56,0.06,-4.93845,-1.05028,-0.11989,-66.30441,0.18772,64.10419,double_rcm_log_20260616_133526_303.csv,60.33311,Unknown,Task4_EntryRCM_TipCone,0.0,4.772405138937932,13.415258532637878,13.426901196977834,4.728988431929697,13.230855603474765,13.295164534521545,5.8939334001099795,16.83806790221424,33.50766797384031,0.42220068703091046,3.0734644331472034
21.49003,0.01663,60.11496,Done,EntryTipCone,160.5915,0.58505,4.77979,13.32644,13.32644,1.0,13.32644,4.77975,0.0,0.0,0.0,0.59852,1.0,6,6,1,0.68723,0.8989,0.07131,0.90844,0.56621,0.05176,0.82,0.7,0.06,0.9,0.56,0.06,-4.93652,-1.05695,-0.11971,-66.30143,0.18647,64.07155,double_rcm_log_20260616_133526_303.csv,60.11496,Unknown,Task4_EntryRCM_TipCone,0.0,4.780827690336077,13.438879449403148,13.450583847129993,4.741949541108303,13.275721275494403,13.330240057853395,5.911506300048052,16.067244758220966,49.50302935568108,0.405363833025149,3.0454917858608734
21.52304,0.01583,63.16776,Done,EntryTipCone,160.6947,0.49425,4.78053,13.34099,13.34099,1.0,13.34099,4.78053,0.0,0.0,0.0,0.59827,1.0,6,6,1,0.68729,0.89882,0.07127,0.90859,0.56618,0.05188,0.82,0.7,0.06,0.9,0.56,0.06,-4.93306,-1.06385,-0.11744,-66.3068,0.18539,64.0402,double_rcm_log_20260616_133526_303.csv,63.16776,Unknown,Task4_EntryRCM_TipCone,0.0,4.779400092523408,13.43487579356595,13.446569712349376,4.745026805661696,13.29271547184337,13.338474425510558,5.88566670169674,16.02503499191364,59.25160050561493,0.41619507233184017,2.8809740987675663
21.55638,0.01682,59.45728,Done,EntryTipCone,160.7982,0.40268,4.77512,13.34053,13.34053,1.0,13.34053,4.77512,0.0,0.0,0.0,0.59801,1.0,6,6,1,0.68736,0.89874,0.07122,0.90874,0.56614,0.052,0.82,0.7,0.06,0.9,0.56,0.06,-4.92783,-1.06883,-0.11691,-66.31886,0.18157,64.0081,double_rcm_log_20260616_133526_303.csv,59.45728,Unknown,Task4_EntryRCM_TipCone,0.0,4.775668501010079,13.42441061615949,13.436077173612425,4.747167530387531,13.307804303663849,13.344931622155226,5.972248710429746,18.19172104091705,29.661330937864875,0.4495720237549772,2.8759207510480547
21.58954,0.01644,60.8424,Done,EntryTipCone,160.9003,0.31178,4.76345,13.32485,13.32485,1.0,13.32485,4.76345,0.0,0.0,0.0,0.59775,1.0,6,6,1,0.68745,0.89868,0.07115,0.90887,0.5661,0.05215,0.82,0.7,0.06,0.9,0.56,0.06,-4.921,-1.07299,-0.11609,-66.3386,0.17676,63.97661,double_rcm_log_20260616_133526_303.csv,60.8424,Unknown,Task4_EntryRCM_TipCone,0.0,4.762810449997606,13.388350020847417,13.399922625392666,4.7390373270677495,13.293134491736065,13.32326536551752,6.0171036361307335,17.3626579408594,60.12460839756832,0.4967360384829594,2.8839612640294026
21.62299,0.01678,59.58533,Done,EntryTipCone,161.0019,0.2205,4.74541,13.29367,13.29367,1.0,13.29367,4.74541,0.0,0.0,0.0,0.5975,1.0,6,6,1,0.68755,0.89863,0.07106,0.90899,0.56605,0.0523,0.82,0.7,0.06,0.9,0.56,0.06,-4.91236,-1.07603,-0.11545,-66.36549,0.16929,63.9452,double_rcm_log_20260616_133526_303.csv,59.58533,Unknown,Task4_EntryRCM_TipCone,0.0,4.745218803431351,13.33901289446109,13.350457776753602,4.727692274594685,13.269680246567843,13.293329154128358,6.151292360110896,15.943795185433645,48.25447499618224,0.554915124303324,2.9212767471935073
21.65608,0.01661,60.20056,Done,EntryTipCone,161.1017,0.13048,4.72136,13.24774,13.24774,1.0,13.24774,4.72136,0.0,0.0,0.0,0.59725,1.0,6,6,1,0.68766,0.89859,0.07095,0.9091,0.56599,0.05247,0.82,0.7,0.06,0.9,0.56,0.06,-4.9021,-1.07893,-0.11324,-66.39946,0.15974,63.91516,double_rcm_log_20260616_133526_303.csv,60.20056,Unknown,Task4_EntryRCM_TipCone,0.0,4.721295497675619,13.271916125801422,13.28318882774519,4.708995846849088,13.225752327008992,13.243526720628427,6.386938258148604,15.107203711131492,1.074204356066586,0.6196171598909126,3.114900581334749
21.6896,0.01696,58.96988,Done,EntryTipCone,161.2012,0.04007,4.69068,13.18575,13.18575,1.0,13.18575,4.69068,0.0,0.0,0.0,0.597,1.0,6,6,1,0.68779,0.89857,0.07082,0.9092,0.56593,0.05265,0.82,0.7,0.06,0.9,0.56,0.06,-4.8898,-1.08172,-0.10925,-66.44008,0.14526,63.88592,double_rcm_log_20260616_133526_303.csv,58.96988,Unknown,Task4_EntryRCM_TipCone,0.0,4.6909164175159495,13.186709763676856,13.197766321050707,4.686779082065725,13.171412458572755,13.18436194891507,6.5451541066930465,15.927109752756786,59.102690061716906,0.6911037101803695,4.1072597242037485
21.72268,0.01673,59.78909,Done,EntryTipCone,161.298,0.04849,4.6543,13.1094,13.1094,1.0,13.1094,4.65425,0.0,0.0,0.0,0.59675,1.0,6,6,1,0.68794,0.89856,0.07067,0.90929,0.56586,0.05284,0.82,0.7,0.06,0.9,0.56,0.06,-4.87557,-1.08502,-0.10215,-66.48506,0.12317,63.85891,double_rcm_log_20260616_133526_303.csv,59.78909,Unknown,Task4_EntryRCM_TipCone,0.0,4.6541004720694765,13.083444502323642,13.094242841090098,4.659384019990872,13.102674360015799,13.111418687541027,6.8987118012500535,18.86220078600625,90.78268852434326,0.7801400883890091,7.242907412813044
21.75622,0.01676,59.68243,Done,EntryTipCone,161.3947,0.13738,4.61121,13.01715,13.01715,1.0,13.01715,4.61117,0.0,0.0,0.0,0.59651,1.0,6,6,1,0.6881,0.89856,0.0705,0.90937,0.56578,0.05305,0.82,0.7,0.06,0.9,0.56,0.06,-4.85853,-1.09108,-0.08744,-66.53268,0.08568,63.83519,double_rcm_log_20260616_133526_303.csv,59.68243,Unknown,Task4_EntryRCM_TipCone,0.0,4.611078396459198,12.962764788505206,12.973266510049944,4.624956921162489,13.01426826454476,13.019516120040658,7.203940199766629,18.297544571573912,61.32320972610504,0.9579827441018474,16.867703063777917
21.78928,0.01699,58.87477,Done,EntryTipCone,161.4882,0.22407,4.5627,12.91182,12.91182,1.0,12.91182,4.56266,0.0,0.0,0.0,0.59628,1.0,6,6,1,0.68827,0.89857,0.07031,0.90943,0.5657,0.05327,0.82,0.7,0.06,0.9,0.56,0.06,-4.83841,-1.10637,-0.05304,-66.57778,0.02312,63.82056,double_rcm_log_20260616_133526_303.csv,58.87477,Unknown,Task4_EntryRCM_TipCone,0.0,4.562395149113878,12.826196309737382,12.836368989285507,4.584787536786856,12.908705828000112,12.91153747622637,7.426219686949196,15.927747313015757,194.27710031337506,1.54159162773951,49.73549087479493
21.82222,0.01617,61.84914,Done,EntryTipCone,161.5799,0.30908,4.50841,12.79241,12.79241,1.0,12.79241,4.50846,0.0,0.0,0.0,0.59605,1.0,6,6,1,0.68845,0.89859,0.0701,0.90948,0.56562,0.0535,0.82,0.7,0.06,0.9,0.56,0.06,-4.81337,-1.1566,0.04836,-66.61366,-0.08935,63.8338,double_rcm_log_20260616_133526_303.csv,61.84914,Unknown,Task4_EntryRCM_TipCone,0.0,4.5090856222716065,12.676639361311134,12.686459692141918,4.541395576151294,12.793505323465368,12.794717660034483,7.745593144308807,19.32407829898664,3192.717903892874,3.812000125691685,209.8637637365175
21.85641,0.01728,57.86009,Done,EntryTipCone,161.6732,0.39537,4.44625,12.65453,12.65453,1.0,12.65453,4.44625,0.0,0.0,0.0,0.59582,1.0,6,6,1,0.68866,0.89862,0.06986,0.90952,0.56552,0.05375,0.82,0.7,0.06,0.9,0.56,0.06,-4.77858,-1.34867,0.41054,-66.63531,-0.30853,63.95053,double_rcm_log_20260616_133526_303.csv,57.86009,Unknown,Task4_EntryRCM_TipCone,0.0,4.446317387140023,12.500532468783069,12.509948474234916,4.4896026557453945,12.655373379897352,12.655563993753859,8.640214985704258,221.31344607922424,6985.948452189668,15.551299133021013,830.8501503616893
21.88901,0.01652,60.53657,Done,EntryTipCone,161.7489,0.46128,4.3887,12.52642,12.52642,1.0,12.52642,4.3887,0.0,0.0,0.0,0.59564,1.0,6,6,1,0.68878,0.89863,0.06953,0.90958,0.56545,0.05404,0.82,0.7,0.06,0.9,0.56,0.06,-4.7289,-2.24959,2.04136,-66.68714,-0.71931,64.55315,double_rcm_log_20260616_133526_303.csv,60.53657,Unknown,Task4_EntryRCM_TipCone,0.0,4.389220121860146,12.340323404583346,12.349381389152716,4.442806737259568,12.529966296228242,12.529984038297899,19.380266327133327,474.35014494043037,693.1813098008506,57.37391831334636,933.136592392052
21.92253,0.01683,59.41592,Done,EntryTipCone,161.5854,0.29679,4.45918,12.6826,12.6826,1.0,12.6826,4.45918,0.0,0.0,0.0,0.59611,1.0,6,6,1,0.68766,0.89815,0.06802,0.91,0.5659,0.0549,0.82,0.7,0.06,0.9,0.56,0.06,-4.65464,-5.76846,8.25464,-67.09383,-1.24152,66.58981,double_rcm_log_20260616_133526_303.csv,59.41592,Unknown,Task4_EntryRCM_TipCone,0.0,4.460058274697715,12.539086141249582,12.548589692214037,4.501017639021143,12.680457404999203,12.681482563170565,36.73128588671069,162.09287837761144,11929.485625803101,76.15208077826503,284.2890796305322
21.95673,0.01739,57.50918,Done,EntryTipCone,161.2901,0.03862,4.64385,13.08624,13.08624,1.0,13.08624,4.64385,0.0,0.0,0.0,0.5968,1.0,6,6,1,0.68601,0.89747,0.06595,0.91057,0.5666,0.05602,0.82,0.7,0.06,0.9,0.56,0.06,-4.59697,-8.26376,12.5871,-67.49613,-1.39441,67.68678,double_rcm_log_20260616_133526_303.csv,57.50918,Unknown,Task4_EntryRCM_TipCone,0.0,4.642533474416315,13.050999045521506,13.061717093707555,4.648896742642044,13.072447890359026,13.081486918542499,29.28301546237633,337.6754034286635,5768.514100936408,37.709318990572854,940.0828666045828
21.98903,0.01647,60.7056,Done,EntryTipCone,161.2567,0.01006,4.66657,13.13514,13.13514,1.0,13.13514,4.66657,0.0,0.0,0.0,0.59686,1.0,6,6,1,0.68568,0.89731,0.06512,0.91074,0.56674,0.05655,0.82,0.7,0.06,0.9,0.56,0.06,-4.56231,-8.85751,13.6188,-67.6703,-1.44564,67.8941,double_rcm_log_20260616_133526_303.csv,60.7056,Unknown,Task4_EntryRCM_TipCone,0.0,4.667104721042585,13.119920815803951,13.130809899084886,4.6704417274454695,13.130259883771668,13.140688718632633,16.36699013795128,255.25829185879363,4545.492864903434,13.082985766113978,432.3550465772239
22.02255,0.01686,59.29487,Done,EntryTipCone,161.2539,0.00757,4.66825,13.13873,13.13873,1.0,13.13873,4.66825,0.0,0.0,0.0,0.59687,1.0,6,6,1,0.68551,0.89721,0.0644,0.91084,0.5668,0.05704,0.82,0.7,0.06,0.9,0.56,0.06,-4.52721,-9.27791,14.3525,-67.83273,-1.49374,68.02666,double_rcm_log_20260616_133526_303.csv,59.29487,Unknown,Task4_EntryRCM_TipCone,0.0,4.668322952290352,13.1233378631946,13.134235473312293,4.668178545997689,13.123666467053313,13.13419963301906,14.931358206925443,35.73966205971635,3649.6712365251446,10.184875806532292,56.09436749598805
22.05571,0.01659,60.27869,Done,EntryTipCone,161.2523,0.00627,4.66917,13.1406,13.1406,1.0,13.1406,4.66917,0.0,0.0,0.0,0.59687,1.0,6,6,1,0.68537,0.89714,0.06367,0.91093,0.56686,0.05752,0.82,0.7,0.06,0.9,0.56,0.06,-4.49129,-9.65716,15.01542,-67.99497,-1.54186,68.13948,double_rcm_log_20260616_133526_303.csv,60.27869,Unknown,Task4_EntryRCM_TipCone,0.0,4.669358481928682,13.126242441592392,13.137147303250678,4.670549637063646,13.129753937585345,13.14058217888384,14.97872029551698,16.471140320207745,334.7671723923182,9.387342312476639,22.86862580085151
22.08928,0.01642,60.88401,Done,EntryTipCone,161.2513,0.00545,4.66988,13.14219,13.14219,1.0,13.14219,4.66988,0.0,0.0,0.0,0.59688,1.0,6,6,1,0.68526,0.89707,0.06294,0.91101,0.5669,0.05802,0.82,0.7,0.06,0.9,0.56,0.06,-4.4537,-10.01124,15.63554,-68.16148,-1.59142,68.23931,double_rcm_log_20260616_133526_303.csv,60.88401,Unknown,Task4_EntryRCM_TipCone,0.0,4.6704081582088905,13.129186695821259,13.14009891136597,4.671496552440086,13.13283313507959,13.143458448977494,15.007659411528751,18.23270771474259,127.97611291249497,8.722853671038468,19.68370643408658
22.12249,0.01649,60.6584,Done,EntryTipCone,161.2504,0.00461,4.67039,13.14314,13.14314,1.0,13.14314,4.67039,0.0,0.0,0.0,0.59688,1.0,6,6,1,0.68517,0.89702,0.06221,0.91107,0.56693,0.05851,0.82,0.7,0.06,0.9,0.56,0.06,-4.4153,-10.33565,16.205,-68.32877,-1.64149,68.32627,double_rcm_log_20260616_133526_303.csv,60.6584,Unknown,Task4_EntryRCM_TipCone,0.0,4.67134596449117,13.131817160329442,13.142735948809744,4.6719728827012394,13.134482274356499,13.144957207994267,14.915799104341566,19.220622074825123,2.9748914883070934,8.138391938826674,17.449820529630028
22.15611,0.01704,58.69501,Done,EntryTipCone,161.2497,0.00406,4.67068,13.1438,13.1438,1.0,13.1438,4.67068,0.0,0.0,0.0,0.59688,1.0,6,6,1,0.68511,0.89699,0.06147,0.91111,0.56696,0.05901,0.82,0.7,0.06,0.9,0.56,0.06,-4.37529,-10.63955,16.74003,-68.50067,-1.69325,68.40406,double_rcm_log_20260616_133526_303.csv,58.69501,Unknown,Task4_EntryRCM_TipCone,0.0,4.671204822154801,13.131421268659121,13.142339067726255,4.67292551292256,13.136665423977915,13.14738757320246,14.94855239296939,18.087461534690775,84.39078271216596,7.628353871756342,15.909787566395469
22.18956,0.0153,65.34749,Done,EntryTipCone,161.249,0.00336,4.67144,13.14563,13.14563,1.0,13.14563,4.67144,0.0,0.0,0.0,0.59688,1.0,6,6,1,0.68507,0.89697,0.06074,0.91113,0.56697,0.05951,0.82,0.7,0.06,0.9,0.56,0.06,-4.33428,-10.92192,17.23871,-68.67471,-1.74607,68.47338,double_rcm_log_20260616_133526_303.csv,65.34749,Unknown,Task4_EntryRCM_TipCone,0.0,4.670760449289306,13.130174841867998,13.141089526255861,4.670805489401641,13.130780397453615,13.141457301227984,14.946244800203015,14.965515233130095,75.82752035402036,7.147347893901832,15.215093827972545
22.22239,0.01646,60.7697,Done,EntryTipCone,161.2487,0.00312,4.67156,13.14576,13.14576,1.0,13.14576,4.67156,0.0,0.0,0.0,0.59688,1.0,6,6,1,0.68506,0.89696,0.06001,0.91114,0.56698,0.06,0.82,0.7,0.06,0.9,0.56,0.06,-4.29305,-11.17693,17.69097,-68.84779,-1.79899,68.53361,double_rcm_log_20260616_133526_303.csv,60.7697,Unknown,Task4_EntryRCM_TipCone,0.0,4.671426485578886,13.132043014766127,13.142962367728643,4.672506110936959,13.135278392997108,13.146102083887763,14.786950307274703,16.398887816607527,94.32625077326163,6.700754074663552,14.076717761229052
22.25654,0.01576,63.47036,Done,EntryTipCone,161.2481,0.00261,4.67198,13.14648,13.14648,1.0,13.14648,4.67198,0.0,0.0,0.0,0.59688,1.0,6,6,1,0.68507,0.89697,0.05926,0.91113,0.56698,0.0605,0.82,0.7,0.06,0.9,0.56,0.06,-4.24909,-11.42349,18.1302,-69.03058,-1.85537,68.59001,double_rcm_log_20260616_133526_303.csv,63.47036,Unknown,Task4_EntryRCM_TipCone,0.0,4.671623648698525,13.132596039542209,13.143516774772941,4.672946071043574,13.136115161586424,13.147140373480433,14.766061640762157,17.860575286932434,67.08055650925263,6.2945120341695695,13.265980154424426
22.2895,0.01523,65.67252,Done,EntryTipCone,161.2477,0.0023,4.67236,13.14738,13.14738,1.0,13.14738,4.67236,0.0,0.0,0.0,0.59688,1.0,6,6,1,0.6851,0.89699,0.05853,0.91111,0.56696,0.06099,0.82,0.7,0.06,0.9,0.56,0.06,-4.20572,-11.64324,18.52379,-69.20942,-1.91092,68.63892,double_rcm_log_20260616_133526_303.csv,65.67252,Unknown,Task4_EntryRCM_TipCone,0.0,4.672382920890446,13.134725728138589,13.145651787552508,4.67292551292256,13.136665423977915,13.147387573202462,14.9911331942147,16.314841943144714,113.72720540282727,5.905714257393775,12.91101715126573
22.32275,0.01674,59.73558,Done,EntryTipCone,161.2476,0.00221,4.6724,13.14752,13.14752,1.0,13.14752,4.6724,0.0,0.0,0.0,0.59688,1.0,6,6,1,0.68516,0.89702,0.0578,0.91107,0.56694,0.06149,0.82,0.7,0.06,0.9,0.56,0.06,-4.1611,-11.84665,18.89046,-69.39201,-1.96809,68.68328,double_rcm_log_20260616_133526_303.csv,59.73558,Unknown,Task4_EntryRCM_TipCone,0.0,4.673162738414202,13.136913042098215,13.147844571564216,4.6739698871487025,13.139411648226043,13.150231937118061,14.877126648488787,18.018747312038016,60.29310454836423,5.542737756098196,11.99975829964725
22.35786,0.01727,57.91912,Done,EntryTipCone,161.2473,0.00194,4.67257,13.14775,13.14775,1.0,13.14775,4.67257,0.0,0.0,0.0,0.59688,1.0,6,6,1,0.68525,0.89707,0.05704,0.91101,0.56691,0.062,0.82,0.7,0.06,0.9,0.56,0.06,-4.11306,-12.04378,19.24842,-69.58722,-2.0297,68.72572,double_rcm_log_20260616_133526_303.csv,57.91912,Unknown,Task4_EntryRCM_TipCone,0.0,4.673242791181204,13.137137582355434,13.148069673457204,4.674557604672441,13.140766925283089,13.151737527794525,14.839204464571834,18.043139848212864,57.37194615260273,5.201564734890775,11.325704420841161
22.39032,0.01629,61.39242,Done,EntryTipCone,161.2472,0.00172,4.67286,13.1486,13.1486,1.0,13.1486,4.67286,0.0,0.0,0.0,0.59688,1.0,6,6,1,0.68536,0.89713,0.05633,0.91094,0.56686,0.06248,0.82,0.7,0.06,0.9,0.56,0.06,-4.06788,-12.2107,19.55406,-69.76978,-2.08767,68.76151,double_rcm_log_20260616_133526_303.csv,61.39242,Unknown,Task4_EntryRCM_TipCone,0.0,4.672474054443401,13.134981349209434,13.145908047788309,4.673425547755374,13.13828018249895,13.148901094768284,14.947432172242118,16.89804798400556,50.32317951635693,4.898589414242645,11.334586312643564
22.42259,0.01493,66.98991,Done,EntryTipCone,161.2467,0.0013,4.67324,13.1493,13.1493,1.0,13.1493,4.67324,0.0,0.0,0.0,0.59688,1.0,6,6,1,0.68548,0.8972,0.05564,0.91085,0.56682,0.06295,0.82,0.7,0.06,0.9,0.56,0.06,-4.02231,-12.36175,19.83334,-69.95297,-2.14616,68.79406,double_rcm_log_20260616_133526_303.csv,66.98991,Unknown,Task4_EntryRCM_TipCone,0.0,4.673689075807081,13.138389367032167,13.149324589537809,4.674160484710378,13.13954419066588,13.150566527720384,14.87864391884827,16.80429969578414,81.35107825949399,4.597517043007891,11.221076528390011
22.45447,0.016,62.50249,Done,EntryTipCone,161.2467,0.00141,4.67332,13.14961,13.14961,1.0,13.14961,4.67332,0.0,0.0,0.0,0.59688,1.0,6,6,1,0.68563,0.89729,0.05495,0.91075,0.56676,0.06341,0.82,0.7,0.06,0.9,0.56,0.06,-3.97674,-12.49603,20.08461,-70.13528,-2.20466,68.82346,double_rcm_log_20260616_133526_303.csv,62.50249,Unknown,Task4_EntryRCM_TipCone,0.0,4.672969743887265,13.136371711038906,13.147301886569313,4.673461476524275,13.137773257057088,13.148695752811312,14.914547127828897,14.521694782007646,43.18784479377705,4.32085223467654,10.755345745733472
22.48508,0.016,62.48904,Done,EntryTipCone,161.2466,0.00116,4.67349,13.14976,13.14976,1.0,13.14976,4.67349,0.0,0.0,0.0,0.59689,1.0,6,6,1,0.68579,0.89738,0.05431,0.91064,0.5667,0.06385,0.82,0.7,0.06,0.9,0.56,0.06,-3.93249,-12.61235,20.30512,-70.31163,-2.26148,68.84962,double_rcm_log_20260616_133526_303.csv,62.48904,Unknown,Task4_EntryRCM_TipCone,0.0,4.6732246110383056,13.137086588817855,13.148018552369333,4.673954286158621,13.138961965789397,13.14998479086568,14.880458265873221,15.756183554088196,107.73061519132719,4.07612487697405,10.423238010442251
22.51687,0.01673,59.75769,Done,EntryTipCone,161.2464,0.0012,4.67362,13.15016,13.15016,1.0,13.15016,4.67362,0.0,0.0,0.0,0.59689,1.0,6,6,1,0.68598,0.89749,0.05364,0.91052,0.56663,0.0643,0.82,0.7,0.06,0.9,0.56,0.06,-3.88609,-12.71979,20.51218,-70.49582,-2.32105,68.87479,double_rcm_log_20260616_133526_303.csv,59.75769,Unknown,Task4_EntryRCM_TipCone,0.0,4.674098769415031,13.139538516784738,13.150476614475807,4.676566340631666,13.146438886048706,13.157404759298025,14.803012338431875,21.06199629070281,57.687231750273476,3.836873027831756,10.238920246579996
22.54789,0.01581,63.26583,Done,EntryTipCone,161.2461,0.00085,4.67378,13.15033,13.15033,1.0,13.15033,4.67378,0.0,0.0,0.0,0.59689,1.0,6,6,1,0.68618,0.8976,0.053,0.91038,0.56655,0.06473,0.82,0.7,0.06,0.9,0.56,0.06,-3.84044,-12.81225,20.69387,-70.6765,-2.37966,68.89768,double_rcm_log_20260616_133526_303.csv,63.26583,Unknown,Task4_EntryRCM_TipCone,0.0,4.674395183337564,13.140369927886894,13.151310106092831,4.675252880296687,13.142730134359956,13.153699099492817,14.831754944383675,18.76402696608023,145.59079045185965,3.6183228278353714,10.161784970145666
22.5785,0.0155,64.512,Done,EntryTipCone,161.246,0.00087,4.67395,13.15092,13.15092,1.0,13.15092,4.67395,0.0,0.0,0.0,0.59689,1.0,6,6,1,0.6864,0.89773,0.05237,0.91023,0.56646,0.06515,0.82,0.7,0.06,0.9,0.56,0.06,-3.79509,-12.89115,20.85288,-70.85542,-2.43783,68.91873,double_rcm_log_20260616_133526_303.csv,64.512,Unknown,Task4_EntryRCM_TipCone,0.0,4.673740964863811,13.138534910703749,13.149470497333354,4.673678786511803,13.138589667903343,13.14941063318041,14.882846367403674,12.861787646357085,99.20869344303273,3.414701635379207,10.072660041555466
22.6101,0.01564,63.93436,Done,EntryTipCone,161.2458,0.00074,4.67403,13.15114,13.15114,1.0,13.15114,4.67403,0.0,0.0,0.0,0.59689,1.0,6,6,1,0.68665,0.89787,0.05174,0.91006,0.56637,0.06558,0.82,0.7,0.06,0.9,0.56,0.06,-3.74803,-12.96007,20.99645,-71.0406,-2.49812,68.93906,double_rcm_log_20260616_133526_303.csv,63.93436,Unknown,Task4_EntryRCM_TipCone,0.0,4.673264816656151,13.137199361674693,13.148131607306041,4.673902098734528,13.138713202417641,13.149787070519391,14.866631950731119,15.607823139662832,136.06024289474584,3.223508554263351,9.936480750348675
22.64139,0.01583,63.18037,Done,EntryTipCone,161.2459,0.00068,4.6742,13.15145,13.15145,1.0,13.15145,4.6742,0.0,0.0,0.0,0.59689,1.0,6,6,1,0.68691,0.89802,0.05112,0.90989,0.56627,0.066,0.82,0.7,0.06,0.9,0.56,0.06,-3.70126,-13.01592,21.11819,-71.22421,-2.55794,68.95786,double_rcm_log_20260616_133526_303.csv,63.18037,Unknown,Task4_EntryRCM_TipCone,0.0,4.674900414564111,13.14178704961668,13.152730774624036,4.6766700543231075,13.146731737759561,13.157697366940734,14.795267252231096,19.90976184565456,70.46669369215333,3.0532380874607075,9.81835190553172
22.6739,0.01699,58.84489,Done,EntryTipCone,161.2459,0.00067,4.67433,13.15174,13.15174,1.0,13.15174,4.67433,0.0,0.0,0.0,0.59689,1.0,6,6,1,0.6872,0.89819,0.05049,0.90969,0.56615,0.06642,0.82,0.7,0.06,0.9,0.56,0.06,-3.65254,-13.06094,21.2233,-71.41503,-2.62012,68.97613,double_rcm_log_20260616_133526_303.csv,58.84489,Unknown,Task4_EntryRCM_TipCone,0.0,4.674024768019657,13.139330950293179,13.15026852861305,4.6740380313022065,13.139705476151269,13.150475276582194,14.821545109999958,16.793578198579905,87.56361951589511,2.900703730282348,9.679698418221289
22.7065,0.01665,60.07671,Done,EntryTipCone,161.2455,0.00031,4.67441,13.15179,13.15179,1.0,13.15179,4.67441,0.0,0.0,0.0,0.59689,1.0,6,6,1,0.68752,0.89837,0.04987,0.90948,0.56603,0.06684,0.82,0.7,0.06,0.9,0.56,0.06,-3.60363,-13.09313,21.30736,-71.60627,-2.68239,68.99329,double_rcm_log_20260616_133526_303.csv,60.07671,Unknown,Task4_EntryRCM_TipCone,0.0,4.673943104048339,13.139101891019227,13.150038896208287,4.675141586892111,13.142821614858759,13.153588863880401,14.852770759550587,16.764200493250144,32.06946177643177,2.774283052804926,9.633531020052905
22.73684,0.01609,62.14791,Done,EntryTipCone,161.2455,0.00038,4.67462,13.15237,13.15237,1.0,13.15237,4.67462,0.0,0.0,0.0,0.59689,1.0,6,6,1,0.68783,0.89854,0.04931,0.90927,0.56591,0.06722,0.82,0.7,0.06,0.9,0.56,0.06,-3.55811,-13.11143,21.36636,-71.78394,-2.74014,69.00819,double_rcm_log_20260616_133526_303.csv,62.14791,Unknown,Task4_EntryRCM_TipCone,0.0,4.67402734994016,13.13933819232159,13.150275788762446,4.674771069711392,13.14177537473533,13.152543480255053,14.91092242368153,17.05003416388743,81.94482823321134,2.6802063789229313,9.637529350085472
22.78314,0.01652,60.54358,Done,EntryTipCone,161.2453,0.00022,4.67479,13.15267,13.15267,1.0,13.15267,4.67479,0.0,0.0,0.0,0.59689,1.0,6,6,1,0.68833,0.89883,0.04847,0.90892,0.56572,0.06779,0.82,0.7,0.06,0.9,0.56,0.06,-3.48883,-13.11765,21.42052,-72.05386,-2.82759,69.02905,double_rcm_log_20260616_133526_303.csv,60.54358,Unknown,Task4_EntryRCM_TipCone,0.0,4.674698154012599,13.141219729653862,13.152162034668509,4.674620747379933,13.140640951467429,13.151764140220818,14.861751288097517,16.805017413761686,21.357411629814887,2.588164555065562,9.595597602022336
22.81614,0.01738,57.52597,Done,EntryTipCone,161.2451,0.00015,4.67487,13.15281,13.15281,1.0,13.15281,4.67491,0.0,0.0,0.0,0.59689,1.0,6,6,1,0.68871,0.89905,0.04789,0.90867,0.56557,0.06818,0.82,0.7,0.06,0.9,0.56,0.06,-3.43969,-13.10623,21.43287,-72.24506,-2.88924,69.04252,double_rcm_log_20260616_133526_303.csv,57.52597,Unknown,Task4_EntryRCM_TipCone,0.0,4.675890019310139,13.144562786387839,13.15551346079331,4.676380771642852,13.146117824139296,13.1569829368286,14.760939328171231,17.861488683177644,55.835715369577194,2.5645802090939567,9.571707532127366
22.86054,0.01572,63.6297,Done,EntryTipCone,161.2451,0.00021,4.67508,13.15331,13.15331,1.0,13.15331,4.67508,0.0,0.0,0.0,0.59689,1.0,6,6,1,0.68926,0.89936,0.04714,0.9083,0.56536,0.06868,0.82,0.7,0.06,0.9,0.56,0.06,-3.37399,-13.07014,21.41512,-72.50039,-2.97105,69.05875,double_rcm_log_20260616_133526_303.csv,63.6297,Unknown,Task4_EntryRCM_TipCone,0.0,4.674750397360582,13.141366266866314,13.152308938649726,4.674456071954734,13.14058165203675,13.151501815382106,14.929965502805523,17.863128663702252,72.6777921066816,2.58727743102164,9.590932551349566
22.89181,0.01503,66.51286,Done,EntryTipCone,161.245,0.00015,4.67521,13.15356,13.15356,1.0,13.15356,4.67521,0.0,0.0,0.0,0.59689,1.0,6,6,1,0.68966,0.89959,0.04663,0.90803,0.5652,0.06903,0.82,0.7,0.06,0.9,0.56,0.06,-3.32814,-13.0305,21.37892,-72.6784,-3.02763,69.06878,double_rcm_log_20260616_133526_303.csv,66.51286,Unknown,Task4_EntryRCM_TipCone,0.0,4.675665193954643,13.143932175360336,13.154881270694416,4.675728310956536,13.144579813046052,13.15529551169412,14.890276569343133,18.468111412134107,71.58327530437523,2.640710367508517,9.630152930249247
22.92349,0.01636,61.12023,Done,EntryTipCone,161.2449,0.00014,4.67538,13.15409,13.15409,1.0,13.15409,4.67538,0.0,0.0,0.0,0.59689,1.0,6,6,1,0.69008,0.89983,0.04613,0.90774,0.56504,0.06936,0.82,0.7,0.06,0.9,0.56,0.06,-3.2821,-12.9783,21.32216,-72.85709,-3.08394,69.07767,double_rcm_log_20260616_133526_303.csv,61.12023,Unknown,Task4_EntryRCM_TipCone,0.0,4.675546949148025,13.143600511268923,13.15454877616644,4.6738738958931885,13.138937786360254,13.149859314836755,14.840171117192844,15.103792598657762,73.15062936044555,2.7252358549196702,9.665458347085908
22.95547,0.01608,62.19954,Done,EntryTipCone,161.2449,0.00036,4.6755,13.15411,13.15411,1.0,13.15411,4.6755,0.0,0.0,0.0,0.59689,1.0,6,6,1,0.69052,0.90009,0.04565,0.90744,0.56487,0.06969,0.82,0.7,0.06,0.9,0.56,0.06,-3.23613,-12.91332,21.24429,-73.0355,-3.1396,69.08526,double_rcm_log_20260616_133526_303.csv,62.19954,Unknown,Task4_EntryRCM_TipCone,0.0,4.675165595179174,13.142530853612906,13.153476440535602,4.6745360440558805,13.140706045894747,13.151676699189325,14.79640272617935,15.33754417806915,85.0431044876669,2.838207120504174,9.73060970659747
22.98707,0.01588,62.96675,Done,EntryTipCone,161.2446,0.00049,4.67563,13.15441,13.15441,1.0,13.15441,4.67563,0.0,0.0,0.0,0.59689,1.0,6,6,1,0.69098,0.90034,0.04519,0.90714,0.5647,0.07,0.82,0.7,0.06,0.9,0.56,0.06,-3.19126,-12.83702,21.14704,-73.2096,-3.19326,69.09124,double_rcm_log_20260616_133526_303.csv,62.96675,Unknown,Task4_EntryRCM_TipCone,0.0,4.675583321833946,13.143702532785793,13.154651053125106,4.67594176256085,13.144573843927388,13.155591966916516,14.892899509995075,19.679408637764833,83.5527896573163,2.9763768526335586,9.811344189740268
23.01843,0.01521,65.72987,Done,EntryTipCone,161.2445,0.00048,4.67571,13.15478,13.15478,1.0,13.15478,4.67571,0.0,0.0,0.0,0.59689,1.0,6,6,1,0.69144,0.90061,0.04475,0.90682,0.56452,0.0703,0.82,0.7,0.06,0.9,0.56,0.06,-3.14735,-12.74919,21.03018,-73.38006,-3.24507,69.09553,double_rcm_log_20260616_133526_303.csv,65.72987,Unknown,Task4_EntryRCM_TipCone,0.0,4.675489096297883,13.143438240164272,13.154386098774475,4.6754817698112845,13.14307211482093,13.154193247782205,14.944526487796374,17.511457519746344,110.77663037484783,3.1359341999391344,9.861329649109043
23.04879,0.01579,63.33767,Done,EntryTipCone,161.2444,0.00054,4.67588,13.15505,13.15505,1.0,13.15505,4.67588,0.0,0.0,0.0,0.59689,1.0,6,6,1,0.6919,0.90087,0.04434,0.90651,0.56434,0.07057,0.82,0.7,0.06,0.9,0.56,0.06,-3.10547,-12.65285,20.89792,-73.54263,-3.29372,69.09797,double_rcm_log_20260616_133526_303.csv,63.33767,Unknown,Task4_EntryRCM_TipCone,0.0,4.67564431624225,13.143873615604281,13.154822564310482,4.6742036100339215,13.139665959926873,13.150688194919658,14.76581176825014,15.093877536225936,122.42648926025093,3.308456896268475,9.975201035307002
23.07996,0.01575,63.51035,Done,EntryTipCone,161.2443,0.00078,4.676,13.1552,13.1552,1.0,13.1552,4.676,0.0,0.0,0.0,0.59689,1.0,6,6,1,0.69238,0.90115,0.04395,0.90619,0.56415,0.07084,0.82,0.7,0.06,0.9,0.56,0.06,-3.06321,-12.5422,20.74223,-73.70682,-3.34196,69.09853,double_rcm_log_20260616_133526_303.csv,63.51035,Unknown,Task4_EntryRCM_TipCone,0.0,4.675473372315579,13.143394136060397,13.154341884246318,4.6755093798429845,13.143860163589705,13.154626562544461,14.855463520689671,15.868191105469755,43.99668497074511,3.5055804813111724,10.145923816816124
23.11172,0.01589,62.93583,Done,EntryTipCone,161.2442,0.00073,4.67613,13.15566,13.15566,1.0,13.15566,4.67613,0.0,0.0,0.0,0.59689,1.0,6,6,1,0.69289,0.90144,0.04356,0.90584,0.56396,0.0711,0.82,0.7,0.06,0.9,0.56,0.06,-3.02095,-12.417,20.56247,-73.87115,-3.38915,69.09684,double_rcm_log_20260616_133526_303.csv,62.93583,Unknown,Task4_EntryRCM_TipCone,0.0,4.675650914333431,13.143892122546356,13.154841117591953,4.675002096475085,13.141717719361644,13.152839997506211,14.919413170045644,17.723445750898755,117.57667283006515,3.7241117051574095,10.278737215910958
23.14313,0.01575,63.50478,Done,EntryTipCone,161.2441,0.0009,4.6763,13.15592,13.15592,1.0,13.15592,4.6763,0.0,0.0,0.0,0.59689,1.0,6,6,1,0.6934,0.90173,0.0432,0.9055,0.56376,0.07135,0.82,0.7,0.06,0.9,0.56,0.06,-2.98005,-12.28079,20.36352,-74.03042,-3.4337,69.09267,double_rcm_log_20260616_133526_303.csv,63.50478,Unknown,Task4_EntryRCM_TipCone,0.0,4.677100195702913,13.147957197997286,13.158916374739446,4.677798113526551,13.150018484924098,13.16093081814502,14.83427695944923,19.79306247871657,39.12569571773461,3.954642498072359,10.426179949294006
23.17463,0.0159,62.89502,Done,EntryTipCone,161.2438,0.00111,4.67646,13.15624,13.15624,1.0,13.15624,4.67646,0.0,0.0,0.0,0.59689,1.0,6,6,1,0.69393,0.90203,0.04286,0.90514,0.56356,0.07157,0.82,0.7,0.06,0.9,0.56,0.06,-2.93997,-12.13172,20.14267,-74.18671,-3.47608,69.08575,double_rcm_log_20260616_133526_303.csv,62.89502,Unknown,Task4_EntryRCM_TipCone,0.0,4.675544403275575,13.14359337036718,13.154541617385545,4.67447520651538,13.140230006182657,13.151353542506504,14.862588962853412,15.344540643983013,88.99091021058807,4.201422327566674,10.651942616232132
23.20625,0.0162,61.73844,Done,EntryTipCone,161.2437,0.00128,4.67667,13.15666,13.15666,1.0,13.15666,4.67667,0.0,0.0,0.0,0.59689,1.0,6,6,1,0.69446,0.90234,0.04254,0.90478,0.56335,0.07179,0.82,0.7,0.06,0.9,0.56,0.06,-2.90075,-11.96928,19.89898,-74.34003,-3.51612,69.07569,double_rcm_log_20260616_133526_303.csv,61.73844,Unknown,Task4_EntryRCM_TipCone,0.0,4.6765320160582675,13.146363517349021,13.157318701683446,4.675996547034373,13.14482998690418,13.155797201234138,14.842077936861802,14.66976313455298,57.050602453003584,4.46529637138771,10.964531900112208
23.23804,0.0162,61.74738,Done,EntryTipCone,161.2434,0.00151,4.67688,13.15713,13.15713,1.0,13.15713,4.67688,0.0,0.0,0.0,0.59689,1.0,6,6,1,0.69501,0.90265,0.04224,0.90441,0.56314,0.07199,0.82,0.7,0.06,0.9,0.56,0.06,-2.86239,-11.79277,19.63124,-74.49026,-3.55363,69.06211,double_rcm_log_20260616_133526_303.csv,61.74738,Unknown,Task4_EntryRCM_TipCone,0.0,4.676882204947777,13.147345758350719,13.158303403230319,4.675917513793806,13.144505374431608,13.155523554765875,14.874710666537693,17.167529254737964,115.19437724994224,4.748548261390437,11.290922334741653
23.26971,0.01558,64.18461,Done,EntryTipCone,161.2434,0.0015,4.67697,13.15738,13.15738,1.0,13.15738,4.67697,0.0,0.0,0.0,0.59689,1.0,6,6,1,0.69557,0.90297,0.04197,0.90403,0.56293,0.07218,0.82,0.7,0.06,0.9,0.56,0.06,-2.82532,-11.60329,19.34095,-74.63591,-3.58804,69.04463,double_rcm_log_20260616_133526_303.csv,64.18461,Unknown,Task4_EntryRCM_TipCone,0.0,4.6767347560851125,13.1469321807018,13.157888789510691,4.6774938016849745,13.148448811698124,13.159718841981379,14.752098620947823,19.052117663716608,58.79067403052701,5.045911046613136,11.466155776700159
23.30038,0.01491,67.0622,Done,EntryTipCone,161.2432,0.00161,4.67709,13.15768,13.15768,1.0,13.15768,4.67709,0.0,0.0,0.0,0.59689,1.0,6,6,1,0.69611,0.90328,0.04172,0.90367,0.56272,0.07234,0.82,0.7,0.06,0.9,0.56,0.06,-2.79059,-11.40678,19.03719,-74.77287,-3.6183,69.02358,double_rcm_log_20260616_133526_303.csv,67.0622,Unknown,Task4_EntryRCM_TipCone,0.0,4.677723862704533,13.149706513015973,13.160670073172325,4.6769649370331825,13.14725996606837,13.158377559562554,14.736396281276061,17.91027217556133,99.47145015977824,5.341141884447808,11.737273166040339
23.33147,0.01559,64.13169,Done,EntryTipCone,161.2429,0.00211,4.67734,13.15798,13.15798,1.0,13.15798,4.67734,0.0,0.0,0.0,0.59689,1.0,6,6,1,0.69667,0.9036,0.0415,0.90329,0.5625,0.07249,0.82,0.7,0.06,0.9,0.56,0.06,-2.75658,-11.1946,18.70665,-74.90751,-3.64576,68.99781,double_rcm_log_20260616_133526_303.csv,64.13169,Unknown,Task4_EntryRCM_TipCone,0.0,4.676786570735479,13.1470775150391,13.158034487923839,4.676003731050844,13.144748819907571,13.15576679635208,14.936000387908194,15.965046173194136,89.33062108880954,5.659857670069434,12.327643809505796
23.36285,0.01549,64.55426,Done,EntryTipCone,161.2426,0.00212,4.6776,13.15866,13.15866,1.0,13.15866,4.6776,0.0,0.0,0.0,0.59689,1.0,6,6,1,0.69724,0.90393,0.04129,0.9029,0.56228,0.07263,0.82,0.7,0.06,0.9,0.56,0.06,-2.72355,-10.96609,18.34793,-75.03895,-3.66983,68.96652,double_rcm_log_20260616_133526_303.csv,64.55426,Unknown,Task4_EntryRCM_TipCone,0.0,4.67797616669461,13.15041419657453,13.161379530369558,4.6767278779630175,13.146590608039205,13.15770876710683,14.88501111799158,16.232467720192627,58.91550504395475,6.006488218388621,12.78999502421045
23.39444,0.01509,66.25156,Done,EntryTipCone,161.2424,0.00243,4.6778,13.15908,13.15908,1.0,13.15908,4.6778,0.0,0.0,0.0,0.59689,1.0,6,6,1,0.69782,0.90426,0.04111,0.90251,0.56205,0.07275,0.82,0.7,0.06,0.9,0.56,0.06,-2.69169,-10.72113,17.96064,-75.16653,-3.69002,68.92915,double_rcm_log_20260616_133526_303.csv,66.25156,Unknown,Task4_EntryRCM_TipCone,0.0,4.677612198452174,13.149393307600604,13.160356082844082,4.675827138106841,13.144554532054476,13.155420935872787,14.860109705409743,15.365556760717203,34.90963669095087,6.366526336468989,13.273591051972755
23.42596,0.01562,64.00096,Done,EntryTipCone,161.242,0.00288,4.6781,13.15963,13.15963,1.0,13.15963,4.6781,0.0,0.0,0.0,0.59689,1.0,6,6,1,0.69841,0.90459,0.04095,0.90211,0.56183,0.07286,0.82,0.7,0.06,0.9,0.56,0.06,-2.66134,-10.46184,17.54796,-75.28901,-3.70591,68.88544,double_rcm_log_20260616_133526_303.csv,64.00096,Unknown,Task4_EntryRCM_TipCone,0.0,4.6787882335777455,13.15269194868087,13.163662992416404,4.67749054094278,13.148642573986912,13.159810029023962,14.872911401908954,17.939587773178594,58.29176409871033,6.751987609849693,14.004900947567343
23.45703,0.01549,64.54168,Done,EntryTipCone,161.2415,0.00312,4.67839,13.16032,13.16032,1.0,13.16032,4.67835,0.0,0.0,0.0,0.59689,1.0,6,6,1,0.69899,0.90493,0.04082,0.90172,0.5616,0.07295,0.82,0.7,0.06,0.9,0.56,0.06,-2.63291,-10.19015,17.11276,-75.40484,-3.71699,68.83513,double_rcm_log_20260616_133526_303.csv,64.54168,Unknown,Task4_EntryRCM_TipCone,0.0,4.678725636799338,13.15251637217293,13.163486975697072,4.6779435401887115,13.150429124323125,13.161341117074645,14.834128272558157,18.69886197999099,51.843156946528104,7.156933729013679,14.748590856061277
23.4891,0.01584,63.14798,Done,EntryTipCone,161.2409,0.00363,4.67877,13.16111,13.16111,1.0,13.16111,4.67873,0.0,0.0,0.0,0.59689,1.0,6,6,1,0.69959,0.90527,0.04071,0.90131,0.56137,0.07302,0.82,0.7,0.06,0.9,0.56,0.06,-2.60515,-9.89307,16.634,-75.51921,-3.7232,68.77501,double_rcm_log_20260616_133526_303.csv,63.14798,Unknown,Task4_EntryRCM_TipCone,0.0,4.678296496551435,13.151312684466946,13.162280270382402,4.676549702232198,13.146188976862627,13.157256552944457,14.837637166071772,15.458127855199812,92.32857176411257,7.602315124425523,15.633126769368326
23.521,0.01589,62.92461,Done,EntryTipCone,161.2403,0.00425,4.67914,13.16189,13.16189,1.0,13.16189,4.67919,0.0,0.0,0.0,0.5969,1.0,6,6,1,0.7002,0.90562,0.04062,0.9009,0.56114,0.07308,0.82,0.7,0.06,0.9,0.56,0.06,-2.57925,-9.57907,16.12489,-75.62756,-3.72362,68.70573,double_rcm_log_20260616_133526_303.csv,62.92461,Unknown,Task4_EntryRCM_TipCone,0.0,4.679387498303302,13.154372814066942,13.165348072723495,4.677715751997265,13.149176985066994,13.160395130846188,14.779902283325038,14.858712298810513,37.16697078913533,8.078748449671,16.981185237767686
23.55341,0.01648,60.69622,Done,EntryTipCone,161.2393,0.00502,4.67973,13.16314,13.16314,1.0,13.16314,4.67973,0.0,0.0,0.0,0.5969,1.0,6,6,1,0.70081,0.90597,0.04056,0.90049,0.5609,0.07312,0.82,0.7,0.06,0.9,0.56,0.06,-2.55471,-9.24079,15.57327,-75.73213,-3.71762,68.62473,double_rcm_log_20260616_133526_303.csv,60.69622,Unknown,Task4_EntryRCM_TipCone,0.0,4.679323779010085,13.154194089191511,13.165168899627735,4.677489377437061,13.148943742311078,13.159958206620566,14.728081482112955,17.297093706036986,100.41569279570498,8.62096763452388,18.639399860421772
23.58535,0.01572,63.62604,Done,EntryTipCone,161.2388,0.00539,4.68007,13.16399,13.16399,1.0,13.16399,4.68007,0.0,0.0,0.0,0.5969,1.0,6,6,1,0.70141,0.90631,0.04053,0.90008,0.56067,0.07315,0.82,0.7,0.06,0.9,0.56,0.06,-2.53243,-8.88486,14.98941,-75.82954,-3.70424,68.53223,double_rcm_log_20260616_133526_303.csv,63.62604,Unknown,Task4_EntryRCM_TipCone,0.0,4.679892552042817,13.155789427865505,13.166768239648889,4.680145581813984,13.156139309784681,13.167300406689298,14.838875448869377,19.724387712819993,82.43630989723584,9.206653978306079,20.03345171219623
23.61681,0.01559,64.14053,Done,EntryTipCone,161.2376,0.00651,4.68053,13.16477,13.16477,1.0,13.16477,4.68053,0.0,0.0,0.0,0.5969,1.0,6,6,1,0.70201,0.90665,0.04051,0.89967,0.56044,0.07315,0.82,0.7,0.06,0.9,0.56,0.06,-2.51237,-8.51257,14.37538,-75.92007,-3.68336,68.42787,double_rcm_log_20260616_133526_303.csv,64.14053,Unknown,Task4_EntryRCM_TipCone,0.0,4.680645700202741,13.157901914187724,13.168886025902069,4.6781417974450195,13.150176951134691,13.161496875355791,14.86794168318152,15.139760162599508,157.18261766198964,9.824018855984372,22.315051532040865
23.64952,0.01523,65.66002,Done,EntryTipCone,161.2364,0.00744,4.68124,13.16634,13.16634,1.0,13.16634,4.68124,0.0,0.0,0.0,0.5969,1.0,6,6,1,0.70263,0.90701,0.04053,0.89925,0.5602,0.07314,0.82,0.7,0.06,0.9,0.56,0.06,-2.49362,-8.09992,13.69097,-76.00849,-3.65229,68.30309,double_rcm_log_20260616_133526_303.csv,65.66002,Unknown,Task4_EntryRCM_TipCone,0.0,4.680254081370121,13.15680347266217,13.167784828327806,4.678641370051335,13.151587502889294,13.162906214054706,14.753396404883322,13.572409594954701,82.46309957654405,10.578226862125321,24.13599870378769
23.67997,0.0145,68.95197,Done,EntryTipCone,161.2354,0.00844,4.68166,13.16714,13.16714,1.0,13.16714,4.68166,0.0,0.0,0.0,0.59691,1.0,6,6,1,0.7032,0.90734,0.04056,0.89886,0.55998,0.07312,0.82,0.7,0.06,0.9,0.56,0.06,-2.47826,-7.6876,13.00328,-76.08557,-3.61302,68.16876,double_rcm_log_20260616_133526_303.csv,68.95197,Unknown,Task4_EntryRCM_TipCone,0.0,4.682332608409729,13.162633472320074,13.17362946105443,4.680996191909454,13.158033287691602,13.169449494948536,14.622621386074446,18.100992527825788,86.01876392682807,11.2862846918771,26.25139184260094
23.71185,0.016,62.48826,Done,EntryTipCone,161.2325,0.01085,4.6832,13.17057,13.17057,1.0,13.17057,4.6832,0.0,0.0,0.0,0.59691,1.0,6,6,1,0.7038,0.90768,0.04062,0.89846,0.55975,0.07308,0.82,0.7,0.06,0.9,0.56,0.06,-2.46432,-7.23212,12.23985,-76.1614,-3.5611,68.01006,double_rcm_log_20260616_133526_303.csv,62.48826,Unknown,Task4_EntryRCM_TipCone,0.0,4.683401260269154,13.16563089590059,13.176634413121862,4.682137109997849,13.161356254639518,13.172718018693038,14.499142251514227,17.419439042108415,77.38203559756671,12.160497436669742,31.73146164994195
23.74365,0.01584,63.1384,Done,EntryTipCone,161.2296,0.01338,4.68437,13.17286,13.17286,1.0,13.17286,4.68437,0.0,0.0,0.0,0.59692,1.0,6,6,1,0.70438,0.90802,0.0407,0.89806,0.55953,0.07302,0.82,0.7,0.06,0.9,0.56,0.06,-2.45298,-6.73901,11.40858,-76.23196,-3.49414,67.8251,double_rcm_log_20260616_133526_303.csv,63.1384,Unknown,Task4_EntryRCM_TipCone,0.0,4.684172258539224,13.167793438673998,13.17880238959101,4.682032781167108,13.16045217834334,13.172125872462669,14.594726003057284,14.973135007133857,104.7386000366924,13.246061091862027,37.21519477005666
23.77537,0.01604,62.36138,Done,EntryTipCone,161.2255,0.01682,4.68601,13.17631,13.17631,1.0,13.17631,4.68601,0.0,0.0,0.0,0.59693,1.0,6,6,1,0.70496,0.90835,0.0408,0.89766,0.5593,0.07295,0.82,0.7,0.06,0.9,0.56,0.06,-2.44438,-6.20812,10.50863,-76.29817,-3.40968,67.61131,double_rcm_log_20260616_133526_303.csv,62.36138,Unknown,Task4_EntryRCM_TipCone,0.0,4.68637898601112,13.173982988729716,13.185007501685801,4.684210818112063,13.16670328459693,13.17831931621025,14.552757450832514,16.771501613142572,180.8183504182022,14.463016462640402,42.801824548933055
23.80735,0.0159,62.91015,Done,EntryTipCone,161.2201,0.02163,4.6881,13.18087,13.18087,1.0,13.18087,4.6881,0.0,0.0,0.0,0.59694,1.0,6,6,1,0.70553,0.90868,0.04092,0.89726,0.55909,0.07286,0.82,0.7,0.06,0.9,0.56,0.06,-2.43881,-5.62537,9.51508,-76.36164,-3.30198,67.35919,double_rcm_log_20260616_133526_303.csv,62.91015,Unknown,Task4_EntryRCM_TipCone,0.0,4.6882692978711,13.17928502341045,13.19032287866578,4.685070217725897,13.167808298445719,13.180110014715373,14.238805591028411,17.082412136027745,159.35842704104155,15.909244075924306,50.74436161648048
23.83933,0.01616,61.88586,Done,EntryTipCone,161.2118,0.02884,4.6911,13.18681,13.18681,1.0,13.18681,4.6911,0.0,0.0,0.0,0.59696,1.0,6,6,1,0.70608,0.90901,0.04106,0.89688,0.55887,0.07276,0.82,0.7,0.06,0.9,0.56,0.06,-2.43677,-4.98862,8.42309,-76.4236,-3.16558,67.06315,double_rcm_log_20260616_133526_303.csv,61.88586,Unknown,Task4_EntryRCM_TipCone,0.0,4.690194641999035,13.184685303480046,13.195736759358146,4.686563742822747,13.17222812762345,13.18441883436659,13.950419053298473,17.15793095630417,305.7695576329853,17.6354781439519,59.91316817395959
23.87139,0.01598,62.57561,Done,EntryTipCone,161.1997,0.0397,4.69507,13.19489,13.19489,1.0,13.19489,4.69507,0.0,0.0,0.0,0.59699,1.0,6,6,1,0.7066,0.90932,0.0412,0.8965,0.55867,0.07265,0.82,0.7,0.06,0.9,0.56,0.06,-2.43902,-4.2844,7.2079,-76.48733,-2.98961,66.71084,double_rcm_log_20260616_133526_303.csv,62.57561,Unknown,Task4_EntryRCM_TipCone,0.0,4.694496825552821,13.196752181374332,13.207834068205914,4.689622725414187,13.179643335900227,13.19247512789017,13.463319841658265,27.399731648978673,430.3930999553556,19.656084808584854,65.95789581163125
23.90323,0.01589,62.91689,Done,EntryTipCone,161.1808,0.05646,4.70074,13.20644,13.20644,1.0,13.20644,4.70074,0.0,0.0,0.0,0.59704,1.0,6,6,1,0.70708,0.90961,0.04134,0.89614,0.55849,0.07254,0.82,0.7,0.06,0.9,0.56,0.06,-2.4464,-3.51426,5.87045,-76.55775,-2.7624,66.29622,double_rcm_log_20260616_133526_303.csv,62.91689,Unknown,Task4_EntryRCM_TipCone,0.0,4.700624863299657,13.213940134774917,13.225065463848873,4.6951536720256595,13.193423536572466,13.207244224288416,12.474966053616532,40.539508401804675,484.34132970594266,21.712420848988007,62.26792615281166
23.9352,0.01529,65.41498,Done,EntryTipCone,161.1508,0.08352,4.70927,13.22363,13.22363,1.0,13.22363,4.70923,0.0,0.0,0.0,0.59711,1.0,6,6,1,0.70749,0.90987,0.04146,0.89581,0.55834,0.07243,0.82,0.7,0.06,0.9,0.56,0.06,-2.46025,-2.67847,4.40928,-76.64562,-2.46264,65.81251,double_rcm_log_20260616_133526_303.csv,65.41498,Unknown,Task4_EntryRCM_TipCone,0.0,4.708211507265639,13.23521898535496,13.246398253897123,4.700741868608085,13.20644329921517,13.221822869786166,11.05521510876314,54.86879611003968,400.72479234641537,23.330665863391808,38.138008814080486
23.96567,0.0159,62.87571,Done,EntryTipCone,161.1068,0.12357,4.72045,13.24576,13.24576,1.0,13.24576,4.72045,0.0,0.0,0.0,0.59722,1.0,6,6,1,0.70779,0.91009,0.04152,0.89553,0.55823,0.07234,0.82,0.7,0.06,0.9,0.56,0.06,-2.48091,-1.85546,2.96061,-76.76003,-2.08844,65.30312,double_rcm_log_20260616_133526_303.csv,62.87571,Unknown,Task4_EntryRCM_TipCone,0.0,4.720654357950204,13.270117914168608,13.281386025623224,4.7089204237336375,13.225948213789678,13.243466313620464,9.365727887310324,63.19586283433558,14.21149918987427,22.70976231661244,89.34999939544085
23.99726,0.01579,63.34375,Done,EntryTipCone,161.0402,0.18458,4.73566,13.27498,13.27498,1.0,13.27498,4.73566,0.0,0.0,0.0,0.59739,1.0,6,6,1,0.70797,0.91026,0.04153,0.89528,0.55817,0.07227,0.82,0.7,0.06,0.9,0.56,0.06,-2.50834,-1.11101,1.64215,-76.91883,-1.63011,64.81872,double_rcm_log_20260616_133526_303.csv,63.34375,Unknown,Task4_EntryRCM_TipCone,0.0,4.735082550641864,13.31058442227064,13.321956139750824,4.720230574938769,13.251918932162845,13.273288966944124,7.714162809904383,54.16816145389059,521.8256993636836,18.721818130870357,166.2646601660787
24.02993,0.01693,59.05282,Done,EntryTipCone,160.9541,0.26368,4.75221,13.30467,13.30467,1.0,13.30467,4.75221,0.0,0.0,0.0,0.59761,1.0,6,6,1,0.70806,0.9104,0.04148,0.89506,0.55815,0.07221,0.82,0.7,0.06,0.9,0.56,0.06,-2.53967,-0.57184,0.68205,-77.11719,-1.1304,64.4607,double_rcm_log_20260616_133526_303.csv,59.05282,Unknown,Task4_EntryRCM_TipCone,0.0,4.752326427217629,13.358946923919966,13.370443296641042,4.73072184234389,13.273911312739067,13.300759376817572,6.543536959564648,31.17718361473516,643.2633484204149,13.129587743951163,186.45835090518077
24.06044,0.01576,63.43415,Done,EntryTipCone,160.8657,0.34456,4.76494,13.32503,13.32503,1.0,13.32503,4.76494,0.0,0.0,0.0,0.59784,1.0,6,6,1,0.70808,0.91051,0.04143,0.89488,0.55815,0.07216,0.82,0.7,0.06,0.9,0.56,0.06,-2.56952,-0.28275,0.16457,-77.31721,-0.67273,64.27499,double_rcm_log_20260616_133526_303.csv,63.43415,Unknown,Task4_EntryRCM_TipCone,0.0,4.764660634800662,13.393538933220224,13.405125025769172,4.73913735470685,13.290228683568193,13.323006417472008,6.040879298711273,19.49825111118742,415.2603853222964,8.243281559268853,155.42016056172184
24.09228,0.01593,62.7669,Done,EntryTipCone,160.7696,0.43154,4.77356,13.33403,13.33403,1.0,13.33403,4.77356,0.0,0.0,0.0,0.59808,1.0,6,6,1,0.70808,0.91062,0.04139,0.8947,0.55815,0.0721,0.82,0.7,0.06,0.9,0.56,0.06,-2.59302,-0.16559,-0.04365,-77.48295,-0.31891,64.2179,double_rcm_log_20260616_133526_303.csv,62.7669,Unknown,Task4_EntryRCM_TipCone,0.0,4.77347748579941,13.418265929149378,13.429916441210148,4.745042039309957,13.299450538100603,13.338759312619738,5.815039320859628,19.815657645011992,186.63775800688205,4.637108441825905,97.48816365278957
24.12375,0.01617,61.85884,Done,EntryTipCone,160.6729,0.51796,4.77664,13.32966,13.32966,1.0,13.32966,4.77664,0.0,0.0,0.0,0.59832,1.0,6,6,1,0.70807,0.91072,0.04136,0.89454,0.55817,0.07202,0.82,0.7,0.06,0.9,0.56,0.06,-2.60898,-0.12755,-0.10735,-77.59357,-0.08834,64.22115,double_rcm_log_20260616_133526_303.csv,61.85884,Unknown,Task4_EntryRCM_TipCone,0.0,4.776376664157788,13.426396650613723,13.43806839728233,4.741358676953016,13.281055101737397,13.328199428279886,5.8769285396727495,15.948479740672834,121.61999750413537,2.6657581874391294,54.174913118184136
24.15578,0.01582,63.21072,Done,EntryTipCone,160.5737,0.60626,4.77393,13.31114,13.31114,1.0,13.31114,4.77393,0.0,0.0,0.0,0.59857,1.0,6,6,1,0.70804,0.91082,0.04135,0.89437,0.55819,0.07193,0.82,0.7,0.06,0.9,0.56,0.06,-2.61911,-0.11428,-0.12383,-77.65428,0.04205,64.24506,double_rcm_log_20260616_133526_303.csv,63.21072,Unknown,Task4_EntryRCM_TipCone,0.0,4.77492619161247,13.422328816784407,13.43398993645824,4.736571501960818,13.259157067998208,13.31532575643572,5.873271295516141,17.75389695473177,73.76282905204718,1.403623944752055,32.744326630118074
24.18839,0.01648,60.67232,Done,EntryTipCone,160.4721,0.69594,4.76514,13.27718,13.27718,1.0,13.27718,4.76514,0.0,0.0,0.0,0.59882,1.0,6,6,1,0.70799,0.91091,0.04137,0.89422,0.55821,0.07182,0.82,0.7,0.06,0.9,0.56,0.06,-2.62596,-0.10641,-0.12879,-77.67786,0.10566,64.2746,double_rcm_log_20260616_133526_303.csv,60.67232,Unknown,Task4_EntryRCM_TipCone,0.0,4.7646728294859555,13.3935731336242,13.405159315108149,4.72307190815087,13.213612095690756,13.278738644916551,5.82826233195655,18.904035038517865,68.01732127242916,0.7034771166366894,18.356211885163027
24.2199,0.01613,61.98014,Done,EntryTipCone,160.3734,0.78263,4.75098,13.23064,13.23064,1.0,13.23064,4.75098,0.0,0.0,0.0,0.59907,1.0,6,6,1,0.70794,0.91099,0.0414,0.89408,0.55824,0.0717,0.82,0.7,0.06,0.9,0.56,0.06,-2.63145,-0.1015,-0.12819,-77.67744,0.13109,64.30558,double_rcm_log_20260616_133526_303.csv,61.98014,Unknown,Task4_EntryRCM_TipCone,0.0,4.750996436550731,13.35521685000642,13.36670357603496,4.704939735416484,13.154794621675496,13.230041572119145,5.9656994508021555,15.178387246636955,133.58628730574608,0.48733894118632887,9.634198762825132
24.25118,0.01537,65.06233,Done,EntryTipCone,160.2749,0.86809,4.73127,13.17063,13.17063,1.0,13.17063,4.73127,0.0,0.0,0.0,0.59932,1.0,6,6,1,0.70787,0.91107,0.04145,0.89395,0.55828,0.07157,0.82,0.7,0.06,0.9,0.56,0.06,-2.63738,-0.09703,-0.12706,-77.66375,0.14258,64.33656,double_rcm_log_20260616_133526_303.csv,65.06233,Unknown,Task4_EntryRCM_TipCone,0.0,4.731632168695738,13.300907271056213,13.312254154515669,4.682080037758864,13.082467069149642,13.169122977632188,5.9939889168291876,14.793502638190082,37.768492143186236,0.49001309046056263,5.387902075567861
24.28239,0.01586,63.05413,Done,EntryTipCone,160.1767,0.95317,4.7064,13.09818,13.09818,1.0,13.09818,4.7064,0.0,0.0,0.0,0.59957,1.0,6,6,1,0.70779,0.91115,0.04153,0.89383,0.55831,0.07143,0.82,0.7,0.06,0.9,0.56,0.06,-2.6441,-0.09177,-0.12775,-77.6396,0.14578,64.36659,double_rcm_log_20260616_133526_303.csv,63.05413,Unknown,Task4_EntryRCM_TipCone,0.0,4.706199752734455,13.22957648349772,13.240741431941528,4.655584342448739,13.001136636700432,13.09846937622867,6.2176079686124925,16.874302206057255,94.18557316166483,0.5506006985162569,3.8885349333084407
24.31396,0.01567,63.82012,Done,EntryTipCone,160.0774,1.0387,4.67575,13.01175,13.01175,1.0,13.01175,4.67575,0.0,0.0,0.0,0.59982,1.0,6,6,1,0.70769,0.91122,0.04162,0.89371,0.55835,0.07127,0.82,0.7,0.06,0.9,0.56,0.06,-2.65232,-0.08802,-0.12635,-77.60803,0.14852,64.39767,double_rcm_log_20260616_133526_303.csv,63.82012,Unknown,Task4_EntryRCM_TipCone,0.0,4.6754313546569195,13.143276280976199,13.154223734090406,4.622792997024589,12.901541589461932,13.011514131721965,6.397293063889642,16.35399934782901,67.20460695322272,0.6239599953518573,3.2256316293259655
24.34597,0.0159,62.88005,Done,EntryTipCone,159.9771,1.12469,4.63912,12.91054,12.91054,1.0,12.91054,4.63912,0.0,0.0,0.0,0.60007,1.0,6,6,1,0.70758,0.91129,0.04173,0.89361,0.5584,0.0711,0.82,0.7,0.06,0.9,0.56,0.06,-2.66172,-0.08249,-0.12856,-77.56636,0.14574,64.42741,double_rcm_log_20260616_133526_303.csv,62.88005,Unknown,Task4_EntryRCM_TipCone,0.0,4.638923575189192,13.040873160364088,13.05156623267828,4.583503173158925,12.783960443281456,12.907443588875381,6.485426089017295,12.8301227756658,42.71207692373733,0.6961357891352576,2.8345339860088266
24.37766,0.01582,63.2132,Done,EntryTipCone,159.8772,1.20904,4.5976,12.79789,12.79789,1.0,12.79789,4.5976,0.0,0.0,0.0,0.60032,1.0,6,6,1,0.70746,0.91135,0.04186,0.89351,0.55844,0.07092,0.82,0.7,0.06,0.9,0.56,0.06,-2.67282,-0.0798,-0.12664,-77.52083,0.14815,64.45847,double_rcm_log_20260616_133526_303.csv,63.2132,Unknown,Task4_EntryRCM_TipCone,0.0,4.598015273381183,12.926120430973166,12.936533175276587,4.542265174917516,12.66175640993837,12.79844131134725,6.751746940489041,17.468625423106637,104.66558707848564,0.7698869372450798,2.7894513790069806
24.40933,0.01598,62.59314,Done,EntryTipCone,159.7789,1.29252,4.55058,12.67191,12.67191,1.0,12.67191,4.55058,0.0,0.0,0.0,0.60057,1.0,6,6,1,0.70733,0.9114,0.04201,0.89342,0.5585,0.07073,0.82,0.7,0.06,0.9,0.56,0.06,-2.68513,-0.07678,-0.12611,-77.46655,0.1469,64.48845,double_rcm_log_20260616_133526_303.csv,62.59314,Unknown,Task4_EntryRCM_TipCone,0.0,4.551522849660906,12.795695568135496,12.805795714673579,4.495459302637407,12.523136802918673,12.675933890644927,7.070261742223936,18.939222419798515,105.30387187658685,0.8433368515629287,2.697672123301447
24.44057,0.01528,65.42966,Done,EntryTipCone,159.6816,1.37416,4.49889,12.53514,12.53514,1.0,12.53514,4.49889,0.0,0.0,0.0,0.60081,1.0,6,6,1,0.70719,0.91145,0.04218,0.89335,0.55855,0.07052,0.82,0.7,0.06,0.9,0.56,0.06,-2.69895,-0.07413,-0.12579,-77.40838,0.14998,64.51771,double_rcm_log_20260616_133526_303.csv,65.42966,Unknown,Task4_EntryRCM_TipCone,0.0,4.498363877755292,12.646558766499524,12.656309229084934,4.440209296953264,12.362535525343718,12.529780524813706,7.256410099581122,11.762844411160994,132.96993652914907,0.9124395616855845,2.816802511680797
24.47347,0.01645,60.77716,Done,EntryTipCone,159.5801,1.45912,4.43933,12.37874,12.37874,1.0,12.37874,4.43933,0.0,0.0,0.0,0.60107,1.0,6,6,1,0.70702,0.9115,0.04237,0.89328,0.55861,0.0703,0.82,0.7,0.06,0.9,0.56,0.06,-2.71473,-0.07187,-0.1253,-77.3394,0.15091,64.54816,double_rcm_log_20260616_133526_303.csv,60.77716,Unknown,Task4_EntryRCM_TipCone,0.0,4.439414342774759,12.481163891572418,12.490536120108969,4.3817355183485045,12.192437757132048,12.376611006248877,7.415433187101744,12.581532299050993,91.88760570363405,1.000076596966097,2.783365016512425
24.5046,0.01584,63.12846,Done,EntryTipCone,159.4857,1.53818,4.37802,12.21912,12.21912,1.0,12.21912,4.37802,0.0,0.0,0.0,0.6013,1.0,6,6,1,0.70686,0.91154,0.04257,0.89322,0.55867,0.07008,0.82,0.7,0.06,0.9,0.56,0.06,-2.73075,-0.06892,-0.12702,-77.26662,0.14903,64.57558,double_rcm_log_20260616_133526_303.csv,63.12846,Unknown,Task4_EntryRCM_TipCone,0.0,4.379009175917201,12.311671242264284,12.320666172472624,4.321968173971592,12.019307800368562,12.220626006878714,7.750659753037587,16.851470694703668,94.17002995188815,1.0728263980214385,2.751920401006643
24.53671,0.01599,62.54038,Done,EntryTipCone,159.3881,1.61863,4.30939,12.04226,12.04226,1.0,12.04226,4.30939,0.0,0.0,0.0,0.60155,1.0,6,6,1,0.70668,0.91157,0.0428,0.89317,0.55874,0.06984,0.82,0.7,0.06,0.9,0.56,0.06,-2.74911,-0.06961,-0.12311,-77.1873,0.15243,64.60596,double_rcm_log_20260616_133526_303.csv,62.54038,Unknown,Task4_EntryRCM_TipCone,0.0,4.310004303070695,12.118031688628951,12.126608153271546,4.254123477681796,11.82356610268728,12.044172864916883,8.124278690929419,16.483248443675492,84.99152126490951,1.1599856328041562,2.7462959443753308
24.56832,0.01575,63.49669,Done,EntryTipCone,159.2932,1.69643,4.23702,11.85698,11.85698,1.0,11.85698,4.23702,0.0,0.0,0.0,0.60179,1.0,6,6,1,0.70648,0.9116,0.04304,0.89313,0.55881,0.06959,0.82,0.7,0.06,0.9,0.56,0.06,-2.76782,-0.06776,-0.1243,-77.09922,0.14734,64.63322,double_rcm_log_20260616_133526_303.csv,63.49669,Unknown,Task4_EntryRCM_TipCone,0.0,4.236673663189205,11.912234029966662,11.92038023640794,4.181941530333589,11.616333990748371,11.85669009462593,8.301570334718692,15.221361102567272,77.72229161220093,1.2307702112370542,2.5300908283057875
24.59852,0.01502,66.59311,Done,EntryTipCone,159.2035,1.76944,4.16354,11.66986,11.66986,1.0,11.66986,4.16354,0.0,0.0,0.0,0.60202,1.0,6,6,1,0.70629,0.91162,0.04328,0.89311,0.55888,0.06935,0.82,0.7,0.06,0.9,0.56,0.06,-2.78741,-0.06784,-0.1232,-77.01317,0.15033,64.65972,double_rcm_log_20260616_133526_303.csv,66.59311,Unknown,Task4_EntryRCM_TipCone,0.0,4.163832075965445,11.707789546953363,11.715522850400419,4.10939580365549,11.409042702374995,11.668290363202349,8.573860613258356,12.817078345234728,79.23792605161566,1.2963352331407774,2.647571405128886
24.63039,0.0159,62.88153,Done,EntryTipCone,159.1113,1.84512,4.08159,11.46247,11.46247,1.0,11.46247,4.08154,0.0,0.0,0.0,0.60225,1.0,6,6,1,0.70608,0.91163,0.04356,0.89309,0.55896,0.06908,0.82,0.7,0.06,0.9,0.56,0.06,-2.80866,-0.06565,-0.12673,-76.91307,0.14566,64.68504,double_rcm_log_20260616_133526_303.csv,62.88153,Unknown,Task4_EntryRCM_TipCone,0.0,4.080390153866818,11.47356986975728,11.480847604015205,4.0276739970599245,11.175809659190765,11.45757827815284,8.876477446065788,12.442683824525156,43.50133438190891,1.3787025692131123,2.3294341909332577
24.66206,0.01559,64.15817,Done,EntryTipCone,159.02,1.91885,3.99528,11.24544,11.24544,1.0,11.24544,3.99528,0.0,0.0,0.0,0.60248,1.0,6,6,1,0.70586,0.91164,0.04384,0.89308,0.55904,0.06881,0.82,0.7,0.06,0.9,0.56,0.06,-2.83138,-0.06572,-0.12721,-76.80964,0.14551,64.71103,double_rcm_log_20260616_133526_303.csv,64.15817,Unknown,Task4_EntryRCM_TipCone,0.0,3.9957634871302483,11.235999787108826,11.242834119454958,3.9445042508508017,10.93916386904625,11.24384720636138,9.168810462615538,13.007953953686604,64.96638813283944,1.4327866756434045,2.3444607908833355
24.6942,0.0164,60.96307,Done,EntryTipCone,158.9299,1.99188,3.9033,11.01581,11.01581,1.0,11.01581,3.9033,0.0,0.0,0.0,0.60271,1.0,6,6,1,0.70562,0.91164,0.04415,0.89308,0.55913,0.06852,0.82,0.7,0.06,0.9,0.56,0.06,-2.85581,-0.06716,-0.12637,-76.7004,0.14834,64.73719,double_rcm_log_20260616_133526_303.csv,60.96307,Unknown,Task4_EntryRCM_TipCone,0.0,3.902487142138828,10.974119326029589,10.98048621544079,3.8532320242253686,10.680004609621625,11.010617603023029,9.399562912604551,12.714960626683988,15.631521353129864,1.498759191038459,2.4581427229837725
24.72534,0.01577,63.41158,Done,EntryTipCone,158.8431,2.06085,3.80987,10.78396,10.78396,1.0,10.78396,3.80987,0.0,0.0,0.0,0.60293,1.0,6,6,1,0.70539,0.91164,0.04447,0.89309,0.55921,0.06824,0.82,0.7,0.06,0.9,0.56,0.06,-2.88055,-0.06966,-0.12431,-76.58882,0.15016,64.7626,double_rcm_log_20260616_133526_303.csv,63.41158,Unknown,Task4_EntryRCM_TipCone,0.0,3.809452441850027,10.71288832834702,10.718810711009494,3.764202763953546,10.428278787102816,10.782847490343155,9.662056032998345,13.450434704663957,56.370587389269396,1.578221202706924,2.869985708532033
24.75681,0.01555,64.30724,Done,EntryTipCone,158.7578,2.12889,3.7112,10.54058,10.54058,1.0,10.54058,3.7112,0.0,0.0,0.0,0.60314,1.0,6,6,1,0.70514,0.91162,0.0448,0.89311,0.5593,0.06794,0.82,0.7,0.06,0.9,0.56,0.06,-2.90637,-0.07249,-0.12255,-76.4691,0.14836,64.78737,double_rcm_log_20260616_133526_303.csv,64.30724,Unknown,Task4_EntryRCM_TipCone,0.0,3.7100795718172908,10.433829280993788,10.439300254959766,3.667088161817477,10.154116179393275,10.5359242594089,10.00179324049942,11.672642034734828,83.25483644755018,1.6513343582705402,2.2315132408998193
24.78912,0.01588,62.97472,Done,EntryTipCone,158.6738,2.19683,3.60598,10.28252,10.28252,1.0,10.28252,3.60598,0.0,0.0,0.0,0.60335,1.0,6,6,1,0.70487,0.9116,0.04515,0.89314,0.55939,0.06763,0.82,0.7,0.06,0.9,0.56,0.06,-2.93383,-0.07253,-0.12692,-76.34067,0.14589,64.8092,double_rcm_log_20260616_133526_303.csv,62.97472,Unknown,Task4_EntryRCM_TipCone,0.0,3.6050689729803937,10.138904264850321,10.143923783379536,3.56566780404831,9.868606089709221,10.278550481463796,10.113945245523087,11.540362201813279,63.10893343858258,1.6968210044725258,2.1324505096971302
24.8213,0.01536,65.11848,Done,EntryTipCone,158.5898,2.26244,3.49676,10.01715,10.01715,1.0,10.01715,3.49676,0.0,0.0,0.0,0.60357,1.0,6,6,1,0.7046,0.91158,0.04552,0.89318,0.55949,0.06732,0.82,0.7,0.06,0.9,0.56,0.06,-2.963,-0.07672,-0.12495,-76.21123,0.15208,64.8332,double_rcm_log_20260616_133526_303.csv,65.11848,Unknown,Task4_EntryRCM_TipCone,0.0,3.4966651040144825,9.834413445913299,9.838993702534463,3.4617876622522497,9.576336540580751,10.017729283625146,10.412031935367828,12.120141397352155,77.29630588700468,1.7577680093565455,2.4320211237541076
24.8532,0.01583,63.1791,Done,EntryTipCone,158.5104,2.32533,3.38495,9.74706,9.74706,1.0,9.74706,3.38495,0.0,0.0,0.0,0.60377,1.0,6,6,1,0.70432,0.91154,0.04589,0.89323,0.55959,0.067,0.82,0.7,0.06,0.9,0.56,0.06,-2.99232,-0.08162,-0.12252,-76.07548,0.15154,64.8562,double_rcm_log_20260616_133526_303.csv,63.1791,Unknown,Task4_EntryRCM_TipCone,0.0,3.385297374681294,9.521560920433446,9.52571738903054,3.3536045204545286,9.272739948572207,9.746845643591614,10.779293642542177,12.804719233358187,120.21942837087984,1.8360521333951318,2.2254416980135416
24.88507,0.01589,62.94052,Done,EntryTipCone,158.4321,2.38605,3.26944,9.47049,9.47049,1.0,9.47049,3.26944,0.0,0.0,0.0,0.60397,1.0,6,6,1,0.70404,0.9115,0.04628,0.89328,0.55969,0.06667,0.82,0.7,0.06,0.9,0.56,0.06,-3.02251,-0.08649,-0.12094,-75.93452,0.14981,64.87819,double_rcm_log_20260616_133526_303.csv,62.94052,Unknown,Task4_EntryRCM_TipCone,0.0,3.2700935832484075,9.197894348737412,9.201640807136648,3.2433850863162603,8.963804909832614,9.473299319666868,11.105491065404756,14.982394255009408,134.72366633330162,1.8854649010692648,1.9989925415133105
24.91569,0.01629,61.37357,Done,EntryTipCone,158.3599,2.44246,3.15505,9.19861,9.19861,1.0,9.19861,3.15505,0.0,0.0,0.0,0.60415,1.0,6,6,1,0.70376,0.91146,0.04667,0.89335,0.5598,0.06635,0.82,0.7,0.06,0.9,0.56,0.06,-3.05272,-0.09083,-0.1212,-75.79658,0.1526,64.89761,double_rcm_log_20260616_133526_303.csv,61.37357,Unknown,Task4_EntryRCM_TipCone,0.0,3.1547241757321993,8.873725211123313,8.877089015110919,3.131117819787421,8.649575356406523,9.19701038381499,11.285336023401237,10.240140789518053,124.87005937236606,1.931376203292716,1.871084414365083
24.94704,0.0161,62.12927,Done,EntryTipCone,158.289,2.49796,3.03499,8.9158,8.9158,1.0,8.9158,3.03499,0.0,0.0,0.0,0.60433,1.0,6,6,1,0.70346,0.9114,0.04707,0.89343,0.5599,0.06602,0.82,0.7,0.06,0.9,0.56,0.06,-3.08423,-0.09452,-0.12371,-75.65041,0.15318,64.91564,double_rcm_log_20260616_133526_303.csv,62.12927,Unknown,Task4_EntryRCM_TipCone,0.0,3.034768795107659,8.536632106667202,8.539626642179316,3.015672945682114,8.327579849743113,8.911526244140282,11.328139648895425,7.633086106199517,73.34020178963806,1.9895606025927755,1.8748106879792654
24.97844,0.01578,63.37239,Done,EntryTipCone,158.2198,2.55142,2.91121,8.62772,8.62772,1.0,8.62772,2.91121,0.0,0.0,0.0,0.6045,1.0,6,6,1,0.70316,0.91134,0.04749,0.89351,0.56001,0.06569,0.82,0.7,0.06,0.9,0.56,0.06,-3.11672,-0.1004,-0.12327,-75.49995,0.15413,64.93419,double_rcm_log_20260616_133526_303.csv,63.37239,Unknown,Task4_EntryRCM_TipCone,0.0,2.9120126119647085,8.191629588747034,8.194275275539617,2.899907587438693,8.004516609630235,8.631123912909601,11.61442378482306,11.337406611808703,43.90878438714521,2.0423042917739602,1.7089056539502612
25.01047,0.01616,61.87536,Done,EntryTipCone,158.1524,2.60335,2.78214,8.33005,8.33005,1.0,8.33005,2.78214,0.0,0.0,0.0,0.60468,1.0,6,6,1,0.70284,0.91127,0.04793,0.89361,0.56012,0.06534,0.82,0.7,0.06,0.9,0.56,0.06,-3.15057,-0.10516,-0.12601,-75.34222,0.1546,64.9508,double_rcm_log_20260616_133526_303.csv,61.87536,Unknown,Task4_EntryRCM_TipCone,0.0,2.781541742560776,7.824903995176597,7.827209794790516,2.775249760623436,7.65765228131567,8.32839120118646,11.852120003200517,9.880715458854795,61.75508054387772,2.0896671382811944,1.5944759825592394
25.04183,0.01518,65.87359,Done,EntryTipCone,158.0896,2.65216,2.65292,8.03597,8.03597,1.0,8.03597,2.65292,0.0,0.0,0.0,0.60483,1.0,6,6,1,0.70253,0.91119,0.04836,0.89371,0.56023,0.065,0.82,0.7,0.06,0.9,0.56,0.06,-3.18447,-0.11419,-0.12199,-75.18492,0.1559,64.9689,double_rcm_log_20260616_133526_303.csv,65.87359,Unknown,Task4_EntryRCM_TipCone,0.0,2.653995797026016,7.466360499738053,7.468363454965747,2.6540625529959416,7.320647407267947,8.038470003676087,12.11839921447069,9.601900837811058,85.66265058722843,2.1300826272810367,1.5583728615487078
25.07367,0.01627,61.44859,Done,EntryTipCone,158.0279,2.69906,2.51894,7.73557,7.73557,1.0,7.73557,2.51894,0.0,0.0,0.0,0.60499,1.0,6,6,1,0.7022,0.91111,0.04881,0.89382,0.56035,0.06464,0.82,0.7,0.06,0.9,0.56,0.06,-3.21974,-0.1208,-0.12343,-75.0219,0.15878,64.98409,double_rcm_log_20260616_133526_303.csv,61.44859,Unknown,Task4_EntryRCM_TipCone,0.0,2.51935784592771,7.087840611164143,7.089553960355148,2.525469638210781,6.963292324755648,7.735922698683133,12.312900900251087,11.849711934833731,93.84802869946621,2.1769989479697767,1.9491943591170195
25.1055,0.01618,61.8088,Done,EntryTipCone,157.9693,2.74335,2.38261,7.4348,7.4348,1.0,7.4348,2.38261,0.0,0.0,0.0,0.60514,1.0,6,6,1,0.70187,0.91102,0.04928,0.89394,0.56047,0.06429,0.82,0.7,0.06,0.9,0.56,0.06,-3.2555,-0.13298,-0.11588,-74.85519,0.15967,65.00211,double_rcm_log_20260616_133526_303.csv,61.8088,Unknown,Task4_EntryRCM_TipCone,0.0,2.382664958899025,6.7035034665989786,6.704952808282185,2.398071094962477,6.60973419691343,7.439663970906266,12.492147332423194,12.428047825241688,86.85582381980574,2.236047791270607,1.9538090214451531
25.1381,0.01654,60.44305,Done,EntryTipCone,157.9139,2.78609,2.24053,7.12683,7.12683,1.0,7.12683,2.24053,0.0,0.0,0.0,0.60528,1.0,6,6,1,0.70153,0.91091,0.04976,0.89408,0.5606,0.06392,0.82,0.7,0.06,0.9,0.56,0.06,-3.29235,-0.13778,-0.12277,-74.67809,0.15529,65.01314,double_rcm_log_20260616_133526_303.csv,60.44305,Unknown,Task4_EntryRCM_TipCone,0.0,2.2397372375521605,6.301595171521642,6.302799038559642,2.261113006741237,6.23012235958374,7.125503490982262,12.714467436844025,7.326212884970343,123.81249356516552,2.266937255174941,1.491112977310027
25.16935,0.01585,63.10088,Done,EntryTipCone,157.8633,2.82464,2.10227,6.83365,6.83365,1.0,6.83365,2.10227,0.0,0.0,0.0,0.60541,1.0,6,6,1,0.70119,0.91081,0.05022,0.89422,0.56072,0.06357,0.82,0.7,0.06,0.9,0.56,0.06,-3.32886,-0.14908,-0.11872,-74.50959,0.1596,65.02725,double_rcm_log_20260616_133526_303.csv,63.10088,Unknown,Task4_EntryRCM_TipCone,0.0,2.102654309893684,5.916085380859702,5.917081464637012,2.131469726825532,5.871279378335002,6.831668902984104,12.716709488872853,5.60971364416647,52.85440780226154,2.2824498197979883,1.2566735242310463
25.20032,0.01488,67.18365,Done,EntryTipCone,157.8152,2.86017,1.96364,6.54752,6.54752,1.0,6.54752,1.96364,0.0,0.0,0.0,0.60553,1.0,6,6,1,0.70086,0.9107,0.0507,0.89436,0.56084,0.06322,0.82,0.7,0.06,0.9,0.56,0.06,-3.36549,-0.15693,-0.12146,-74.33955,0.16354,65.03756,double_rcm_log_20260616_133526_303.csv,67.18365,Unknown,Task4_EntryRCM_TipCone,0.0,1.9634443439835707,5.524559206867943,5.525370266338494,2.0034926905707033,5.517246247345335,6.54855709297855,12.969802423892324,9.703932582309228,116.6035665326901,2.3312633027275638,2.2043917315316746
25.23131,0.0157,63.67817,Done,EntryTipCone,157.7731,2.89337,1.8236,6.265,6.265,1.0,6.265,1.8236,0.0,0.0,0.0,0.60563,1.0,6,6,1,0.70052,0.91058,0.05117,0.89451,0.56096,0.06286,0.82,0.7,0.06,0.9,0.56,0.06,-3.40204,-0.16543,-0.12401,-74.16439,0.16099,65.04656,double_rcm_log_20260616_133526_303.csv,63.67817,Unknown,Task4_EntryRCM_TipCone,0.0,1.8231674155000344,5.129999231776862,5.130648584934949,1.8728490009315113,5.1562390885665526,6.264287669001152,13.110308605752863,9.358493406942461,75.75707627041618,2.3789628671655727,1.5943149800697505
25.26338,0.01502,66.59088,Done,EntryTipCone,157.7296,2.92485,1.67713,5.98161,5.98161,1.0,5.98161,1.67713,0.0,0.0,0.0,0.60574,1.0,6,6,1,0.70017,0.91045,0.05167,0.89468,0.56109,0.0625,0.82,0.7,0.06,0.9,0.56,0.06,-3.44041,-0.17718,-0.12201,-73.98086,0.15868,65.05728,double_rcm_log_20260616_133526_303.csv,66.59088,Unknown,Task4_EntryRCM_TipCone,0.0,1.6773058026855239,4.719698515966173,4.720204156959882,1.73787640958183,4.783536509577594,5.9783358888573455,13.16344554822684,5.8897412202375845,77.39254362828213,2.39647666368056,0.9857064399474685
25.29465,0.01593,62.77312,Done,EntryTipCone,157.692,2.95293,1.53289,5.71341,5.71341,1.0,5.71341,1.53289,0.0,0.0,0.0,0.60584,1.0,6,6,1,0.69982,0.91031,0.05216,0.89484,0.56122,0.06214,0.82,0.7,0.06,0.9,0.56,0.06,-3.47878,-0.18955,-0.11994,-73.80196,0.16293,65.06647,double_rcm_log_20260616_133526_303.csv,62.77312,Unknown,Task4_EntryRCM_TipCone,0.0,1.5335699816429755,4.3153476006228555,4.315734074497308,1.6085811255654958,4.426513821890206,5.717831756881323,13.30759720885651,9.260916682314832,87.37535113157801,2.4237521160928543,1.3529273969336817
25.32632,0.01574,63.5139,Done,EntryTipCone,157.6584,2.97859,1.38762,5.45503,5.45503,1.0,5.45503,1.38762,0.0,0.0,0.0,0.60593,1.0,6,6,1,0.69947,0.91017,0.05266,0.89502,0.56135,0.06178,0.82,0.7,0.06,0.9,0.56,0.06,-3.517,-0.19974,-0.12242,-73.61609,0.15826,65.0727,double_rcm_log_20260616_133526_303.csv,63.5139,Unknown,Task4_EntryRCM_TipCone,0.0,1.388319016312584,3.9067067719551747,3.9069935069306947,1.4773267864415418,4.064551446536083,5.458140709069322,13.439140780727806,9.528986157770204,64.04793278047175,2.444706971527746,0.9909919233874269
25.35854,0.01649,60.64761,Done,EntryTipCone,157.6272,3.00188,1.23907,5.20732,5.20732,1.0,5.20732,1.23907,0.0,0.0,0.0,0.606,1.0,6,6,1,0.6991,0.91001,0.05318,0.89521,0.56148,0.06141,0.82,0.7,0.06,0.9,0.56,0.06,-3.55701,-0.21232,-0.12244,-73.42838,0.16248,65.07896,double_rcm_log_20260616_133526_303.csv,60.64761,Unknown,Task4_EntryRCM_TipCone,0.0,1.2384803147175203,3.485132785682018,3.4853363414595258,1.3463095774711082,3.7035089390386506,5.207936251530013,13.478574530269375,8.910041083769954,69.5103731339282,2.4554538983107324,1.0233432448026465
25.38972,0.01616,61.86622,Done,EntryTipCone,157.5999,3.02148,1.09629,4.98591,4.98591,1.0,4.98591,1.09611,0.0,0.0,0.0,0.60607,1.0,6,6,1,0.69875,0.90986,0.05368,0.8954,0.56161,0.06106,0.82,0.7,0.06,0.9,0.56,0.06,-3.59593,-0.22501,-0.12233,-73.2442,0.16504,65.08409,double_rcm_log_20260616_133526_303.csv,61.86622,Unknown,Task4_EntryRCM_TipCone,0.0,1.096818640416404,3.0865430504960942,3.08668444199958,1.2239376320477404,3.3663758188661044,4.987554510980352,13.685589227492864,9.011297246716376,114.72005613483174,2.483841267375741,0.8777347976063453
25.42184,0.01613,61.97713,Done,EntryTipCone,157.5759,3.03906,0.951,4.78035,4.78035,1.0,4.78035,0.951,0.0,0.0,0.0,0.60614,1.0,6,6,1,0.69839,0.90969,0.0542,0.89561,0.56175,0.06069,0.82,0.7,0.06,0.9,0.56,0.06,-3.63607,-0.23979,-0.12004,-73.05256,0.16592,65.08914,double_rcm_log_20260616_133526_303.csv,61.97713,Unknown,Task4_EntryRCM_TipCone,0.0,0.9507999356886528,2.6756743316335645,2.6757664378090205,1.0992983706650061,3.023139987598261,4.776054857306369,13.75743135134823,4.778064368880795,96.27934099911029,2.492041463428746,0.9341791913773458
25.45424,0.01589,62.94785,Done,EntryTipCone,157.5559,3.05358,0.80915,4.60025,4.60025,1.0,4.60025,0.80915,0.0,0.0,0.0,0.60619,1.0,6,6,1,0.69802,0.90951,0.05473,0.89582,0.56189,0.06033,0.82,0.7,0.06,0.9,0.56,0.06,-3.67686,-0.25498,-0.1183,-72.86009,0.1705,65.09272,double_rcm_log_20260616_133526_303.csv,62.94785,Unknown,Task4_EntryRCM_TipCone,0.0,0.808952411497207,2.276525852362532,2.276582579687482,0.9861853816164029,2.7117082325467843,4.599282552746722,13.554770955774472,6.1025524805354205,118.46689997635275,2.5150944755704807,1.4993715282165718
25.48648,0.01535,65.14541,Done,EntryTipCone,157.5407,3.06545,0.67522,4.4514,4.4514,1.0,4.4514,0.67522,0.0,0.0,0.0,0.60622,1.0,6,6,1,0.69765,0.90933,0.05525,0.89603,0.56202,0.05997,0.82,0.7,0.06,0.9,0.56,0.06,-3.71699,-0.2676,-0.12161,-72.66368,0.167,65.09298,double_rcm_log_20260616_133526_303.csv,65.14541,Unknown,Task4_EntryRCM_TipCone,0.0,0.6761820128443975,1.9029070457794612,1.9029401753532025,0.8892220041277049,2.444908681635942,4.454458440708575,13.84292237338984,9.304720632026996,94.3151178033992,2.537365482125848,0.7910062929997523
25.51826,0.01555,64.31812,Done,EntryTipCone,157.5284,3.07391,0.55673,4.33949,4.33949,1.0,4.33949,0.55673,0.0,0.0,0.0,0.60625,1.0,6,6,1,0.69729,0.90914,0.05577,0.89626,0.56216,0.05961,0.82,0.7,0.06,0.9,0.56,0.06,-3.75698,-0.28252,-0.12142,-72.47132,0.16805,65.09364,double_rcm_log_20260616_133526_303.csv,64.31812,Unknown,Task4_EntryRCM_TipCone,0.0,0.5568138092360729,1.5669935285525176,1.5670120278906463,0.8039252859245594,2.2102492027963585,4.336507811592215,13.848040720366157,7.850858510347626,80.78652689154889,2.5260972191467723,0.8197770405945034
25.54865,0.01564,63.92341,Done,EntryTipCone,157.5205,3.0795,0.46646,4.26701,4.26701,1.0,4.26701,0.46646,0.0,0.0,0.0,0.60628,1.0,6,6,1,0.69694,0.90896,0.05627,0.89647,0.56229,0.05928,0.82,0.7,0.06,0.9,0.56,0.06,-3.79536,-0.29843,-0.11921,-72.28833,0.17172,65.094,double_rcm_log_20260616_133526_303.csv,63.92341,Unknown,Task4_EntryRCM_TipCone,0.0,0.4665287025411521,1.312918025404305,1.312928906237703,0.7488676967349068,2.0587468182218895,4.268887442882488,13.733508291856813,6.544642371898034,91.48324917121721,2.5373329900678705,1.1706243897030921
25.58076,0.01594,62.75422,Done,EntryTipCone,157.5166,3.08232,0.41259,4.22873,4.22873,1.0,4.22873,0.41259,0.0,0.0,0.0,0.60628,1.0,6,6,1,0.69658,0.90876,0.05679,0.89671,0.56243,0.05893,0.82,0.7,0.06,0.9,0.56,0.06,-3.83548,-0.31378,-0.12004,-72.09204,0.17004,65.09188,double_rcm_log_20260616_133526_303.csv,62.75422,Unknown,Task4_EntryRCM_TipCone,0.0,0.41313818789202944,1.1626677292877112,1.1626752856607137,0.7156288825471204,1.9673277463449268,4.227753540593368,13.886964627548355,4.809738086977869,53.74200928773892,2.5559847338018655,0.573697309554069
25.61183,0.01585,63.09777,Done,EntryTipCone,157.5158,3.08233,0.41684,4.23172,4.23172,1.0,4.23172,0.41684,0.0,0.0,0.0,0.60629,1.0,6,6,1,0.69623,0.90856,0.05729,0.89694,0.56256,0.05859,0.82,0.7,0.06,0.9,0.56,0.06,-3.87425,-0.32975,-0.11952,-71.90203,0.16843,65.0894,double_rcm_log_20260616_133526_303.csv,63.09777,Unknown,Task4_EntryRCM_TipCone,0.0,0.4165110969893187,1.172159719804442,1.1721674627674474,0.7193739802169113,1.977640007685999,4.231465467187442,13.864620129992478,7.247559983159492,95.40954378838974,2.5455888795963277,0.535337814443581
25.64348,0.0158,63.30298,Done,EntryTipCone,157.519,3.07943,0.47642,4.27395,4.27395,1.0,4.27395,0.47642,0.0,0.0,0.0,0.60628,1.0,6,6,1,0.69587,0.90835,0.05781,0.89718,0.5627,0.05825,0.82,0.7,0.06,0.9,0.56,0.06,-3.91376,-0.34604,-0.11978,-71.71032,0.17012,65.08536,double_rcm_log_20260616_133526_303.csv,63.30298,Unknown,Task4_EntryRCM_TipCone,0.0,0.4762547893077785,1.3402888248204088,1.3403004004627956,0.753610093986663,2.071736915284847,4.278422606522154,13.759459208850867,9.14634808563128,58.3454855564458,2.5490643733574916,0.5131173607957665
25.67527,0.01602,62.43013,Done,EntryTipCone,157.5271,3.07384,0.57539,4.35467,4.35467,1.0,4.35467,0.57539,0.0,0.0,0.0,0.60625,1.0,6,6,1,0.69552,0.90813,0.05832,0.89743,0.56283,0.05792,0.82,0.7,0.06,0.9,0.56,0.06,-3.95296,-0.36336,-0.11895,-71.51537,0.16645,65.08051,double_rcm_log_20260616_133526_303.csv,62.43013,Unknown,Task4_EntryRCM_TipCone,0.0,0.5744281316100875,1.6165623756361578,1.6165826867248796,0.8142028166222207,2.2384915937712866,4.352034007220114,13.790964588839957,7.69549452511675,34.42727049349721,2.54314295998752,1.4575391039828798
25.70664,0.01542,64.8705,Done,EntryTipCone,157.537,3.06528,0.69493,4.47162,4.47162,1.0,4.47162,0.69493,0.0,0.0,0.0,0.60623,1.0,6,6,1,0.69517,0.90791,0.05882,0.89768,0.56297,0.05759,0.82,0.7,0.06,0.9,0.56,0.06,-3.99187,-0.38,-0.11967,-71.32632,0.16913,65.0742,double_rcm_log_20260616_133526_303.csv,64.8705,Unknown,Task4_EntryRCM_TipCone,0.0,0.6945047192381747,1.954468195474885,1.954504091835024,0.89835631304574,2.4699302388155417,4.473410332173814,13.866763320304878,7.569113915544621,95.26441508964513,2.510298183145667,0.8465167016111866
25.73915,0.01612,62.02878,Done,EntryTipCone,157.5523,3.05328,0.83134,4.62595,4.62595,1.0,4.62595,0.8311,0.0,0.0,0.0,0.60619,1.0,6,6,1,0.69481,0.90768,0.05934,0.89795,0.56311,0.05726,0.82,0.7,0.06,0.9,0.56,0.06,-4.03213,-0.39683,-0.12205,-71.13257,0.17532,65.06566,double_rcm_log_20260616_133526_303.csv,62.02878,Unknown,Task4_EntryRCM_TipCone,0.0,0.831639078683708,2.340365462769965,2.3404270978192017,1.000205103208888,2.7502226483295167,4.6240890994875565,13.664128009953869,5.9420135690106,68.8835192321232,2.5176916556559825,1.182992605164271
25.77111,0.0159,62.88742,Done,EntryTipCone,157.5711,3.03891,0.97156,4.80741,4.80741,1.0,4.80741,0.97156,0.0,0.0,0.0,0.60615,1.0,6,6,1,0.69446,0.90745,0.05985,0.89821,0.56324,0.05694,0.82,0.7,0.06,0.9,0.56,0.06,-4.07039,-0.41398,-0.12315,-70.93851,0.16927,65.05676,double_rcm_log_20260616_133526_303.csv,62.88742,Unknown,Task4_EntryRCM_TipCone,0.0,0.9718227835475385,2.7348297399024473,2.734928091680001,1.1128935931481825,3.06046477113928,4.802634693582228,13.688813118417258,5.181340110865599,33.04007301810773,2.5001429062520013,1.1599991981568338
25.80298,0.01581,63.25772,Done,EntryTipCone,157.5941,3.02165,1.1161,5.01489,5.01489,1.0,5.01489,1.1161,0.0,0.0,0.0,0.60609,1.0,6,6,1,0.69412,0.90721,0.06035,0.89848,0.56338,0.05662,0.82,0.7,0.06,0.9,0.56,0.06,-4.10947,-0.43591,-0.11721,-70.75176,0.1778,65.04951,double_rcm_log_20260616_133526_303.csv,63.25772,Unknown,Task4_EntryRCM_TipCone,0.0,1.1168972584756895,3.143038935221703,3.1431882346523365,1.2357995716664558,3.398824231090231,5.015894735737565,13.718068653446224,7.1272362800348965,140.47553480912518,2.489489775676992,1.4353036730727378
25.83372,0.01453,68.82348,Done,EntryTipCone,157.619,3.00214,1.25726,5.2363,5.2363,1.0,5.2363,1.25726,0.0,0.0,0.0,0.60602,1.0,6,6,1,0.69379,0.90698,0.06082,0.89874,0.56351,0.05632,0.82,0.7,0.06,0.9,0.56,0.06,-4.14578,-0.45295,-0.11838,-70.56689,0.17251,65.03886,double_rcm_log_20260616_133526_303.csv,68.82348,Unknown,Task4_EntryRCM_TipCone,0.0,1.2575688569421195,3.538840140900615,3.5390532544370923,1.3584027526027056,3.7365232708824414,5.239284302268715,13.5191207647631,10.779286547430937,40.91802622786843,2.478032236442831,1.056992862649044
25.86525,0.01583,63.15951,Done,EntryTipCone,157.6475,2.97942,1.40249,5.48121,5.48121,1.0,5.48121,1.40249,0.0,0.0,0.0,0.60595,1.0,6,6,1,0.69346,0.90674,0.06131,0.89901,0.56364,0.05602,0.82,0.7,0.06,0.9,0.56,0.06,-4.18327,-0.46983,-0.12153,-70.38354,0.17764,65.02608,double_rcm_log_20260616_133526_303.csv,63.15951,Unknown,Task4_EntryRCM_TipCone,0.0,1.402999361231977,3.948008806173041,3.9483047334069115,1.48700702550548,4.090971109086997,5.483621066412221,13.339167500292234,9.555023324844367,98.76472724836637,2.438774445630621,1.5521158767296557
25.89726,0.01564,63.92086,Done,EntryTipCone,157.6824,2.95361,1.55003,5.74296,5.74296,1.0,5.74296,1.55003,0.0,0.0,0.0,0.60586,1.0,6,6,1,0.69313,0.9065,0.06179,0.89929,0.56377,0.05573,0.82,0.7,0.06,0.9,0.56,0.06,-4.22042,-0.49212,-0.11588,-70.19758,0.17749,65.01543,double_rcm_log_20260616_133526_303.csv,63.92086,Unknown,Task4_EntryRCM_TipCone,0.0,1.5490257712728819,4.358828456168267,4.359226732850462,1.6172930982300455,4.450325139375072,5.740200344935663,13.316248344284647,5.419106934331419,68.15325685999423,2.443292774801846,1.6166463429697209
25.92887,0.01557,64.20554,Done,EntryTipCone,157.7197,2.9254,1.69512,6.01454,6.01454,1.0,6.01454,1.69512,0.0,0.0,0.0,0.60577,1.0,6,6,1,0.69281,0.90625,0.06226,0.89957,0.5639,0.05544,0.82,0.7,0.06,0.9,0.56,0.06,-4.25621,-0.51146,-0.11501,-70.01305,0.17173,65.00211,double_rcm_log_20260616_133526_303.csv,64.20554,Unknown,Task4_EntryRCM_TipCone,0.0,1.6945991920131367,4.76834552162632,4.768866963653171,1.751258918313647,4.819977816737941,6.015687824347207,13.258796560581477,7.262366849231457,102.60172592287189,2.4265083349183376,2.379303299664844
25.96064,0.01599,62.53969,Done,EntryTipCone,157.7608,2.89424,1.83984,6.29633,6.29633,1.0,6.29633,1.83984,0.0,0.0,0.0,0.60566,1.0,6,6,1,0.69249,0.906,0.06273,0.89985,0.56403,0.05516,0.82,0.7,0.06,0.9,0.56,0.06,-4.29177,-0.52947,-0.11708,-69.83085,0.16852,64.98643,double_rcm_log_20260616_133526_303.csv,62.53969,Unknown,Task4_EntryRCM_TipCone,0.0,1.839877449181146,5.177001567440282,5.177668938683944,1.8847156171985513,5.188402599881928,6.2999206344207055,13.00078808665967,10.922999301575825,72.08423963650024,2.357454877921982,2.5554471898383135
25.99223,0.01583,63.16887,Done,EntryTipCone,157.8032,2.86049,1.98238,6.58452,6.58452,1.0,6.58452,1.98238,0.0,0.0,0.0,0.60556,1.0,6,6,1,0.69218,0.90575,0.06319,0.90013,0.56415,0.05489,0.82,0.7,0.06,0.9,0.56,0.06,-4.32734,-0.54732,-0.11992,-69.65746,0.17733,64.9697,double_rcm_log_20260616_133526_303.csv,63.16887,Unknown,Task4_EntryRCM_TipCone,0.0,1.982251489491328,5.577456009457015,5.578290598270126,2.016386308129682,5.552389090777444,6.584185598842111,12.854098398511127,9.064976774464752,86.23216384031826,2.320512898722581,1.23097935707558
26.02424,0.01661,60.22004,Done,EntryTipCone,157.8514,2.8237,2.12578,6.882,6.882,1.0,6.882,2.12578,0.0,0.0,0.0,0.60543,1.0,6,6,1,0.69187,0.90549,0.06364,0.90042,0.56428,0.05463,0.82,0.7,0.06,0.9,0.56,0.06,-4.36227,-0.56914,-0.11618,-69.48007,0.17734,64.9543,double_rcm_log_20260616_133526_303.csv,60.22004,Unknown,Task4_EntryRCM_TipCone,0.0,2.1253492969862733,5.979911479827261,5.980940164780404,2.148770813368702,5.918422476926128,6.879803776271498,12.87414449821845,6.052415876020817,97.8576897419773,2.3074477102098805,1.3652884044883833
26.05578,0.01611,62.05745,Done,EntryTipCone,157.9024,2.78472,2.26486,7.17737,7.17737,1.0,7.17737,2.26486,0.0,0.0,0.0,0.6053,1.0,6,6,1,0.69158,0.90523,0.06408,0.90071,0.5644,0.05437,0.82,0.7,0.06,0.9,0.56,0.06,-4.39597,-0.58732,-0.1185,-69.30877,0.1786,64.93569,double_rcm_log_20260616_133526_303.csv,62.05745,Unknown,Task4_EntryRCM_TipCone,0.0,2.2652199168509513,6.373254615429738,6.374500040136308,2.2820944718783314,6.2875987834417595,7.180598860819311,12.719744639521602,8.81993086717879,137.42185965546196,2.2608904983900078,1.4432897208380864
26.08784,0.01615,61.90638,Done,EntryTipCone,157.9569,2.74253,2.40404,7.47982,7.47982,1.0,7.47982,2.40404,0.0,0.0,0.0,0.60517,1.0,6,6,1,0.69128,0.90498,0.06452,0.901,0.56452,0.05412,0.82,0.7,0.06,0.9,0.56,0.06,-4.42966,-0.60618,-0.12033,-69.1386,0.18204,64.91609,double_rcm_log_20260616_133526_303.csv,61.90638,Unknown,Task4_EntryRCM_TipCone,0.0,2.4046890734086728,6.7654309432430155,6.76692084546282,2.41365896443706,6.652174196340733,7.4836354801660185,12.440048689650938,13.149563730954934,49.81963550569504,2.225553651237594,1.2647721532487737
26.11979,0.01626,61.50837,Done,EntryTipCone,158.0146,2.69802,2.54045,7.78153,7.78153,1.0,7.78153,2.54045,0.0,0.0,0.0,0.60502,1.0,6,6,1,0.691,0.90472,0.06494,0.90129,0.56464,0.05388,0.82,0.7,0.06,0.9,0.56,0.06,-4.46215,-0.62656,-0.11913,-68.97063,0.18118,64.89691,double_rcm_log_20260616_133526_303.csv,61.50837,Unknown,Task4_EntryRCM_TipCone,0.0,2.540305812604777,7.14673615453387,7.1484925950155525,2.543337704655772,7.011796763038263,7.787689002521854,12.075044153415266,11.838491763557153,139.88785303542033,2.197377742807886,1.3727554173173933
26.14998,0.01393,71.80251,Done,EntryTipCone,158.072,2.65357,2.66719,8.06622,8.06622,1.0,8.06622,2.66719,0.0,0.0,0.0,0.60488,1.0,6,6,1,0.69073,0.90447,0.06534,0.90156,0.56474,0.05367,0.82,0.7,0.06,0.9,0.56,0.06,-4.4922,-0.64255,-0.12382,-68.81445,0.18066,64.87556,double_rcm_log_20260616_133526_303.csv,71.80251,Unknown,Task4_EntryRCM_TipCone,0.0,2.666867437405379,7.502545584094785,7.504577820696001,2.6596694475144282,7.335155496228153,8.060403215720642,11.927057521443059,7.323081309364139,98.12867035519214,2.1645850981153996,2.1760510683592367
26.18176,0.01578,63.35155,Done,EntryTipCone,158.1356,2.60443,2.79785,8.36381,8.36381,1.0,8.36381,2.79785,0.0,0.0,0.0,0.60471,1.0,6,6,1,0.69046,0.90421,0.06574,0.90185,0.56486,0.05345,0.82,0.7,0.06,0.9,0.56,0.06,-4.5227,-0.66366,-0.12082,-68.65268,0.1763,64.85551,double_rcm_log_20260616_133526_303.csv,63.35155,Unknown,Task4_EntryRCM_TipCone,0.0,2.7980639405070757,7.871346628521436,7.873693757516459,2.7852363858713165,7.6839238774109555,8.363288826771429,11.990851911757318,7.109579982484309,144.58742605887898,2.0886260027619366,2.736840396734032
26.21292,0.01561,64.05159,Done,EntryTipCone,158.2002,2.55384,2.92315,8.653,8.653,1.0,8.653,2.92315,0.0,0.0,0.0,0.60455,1.0,6,6,1,0.69021,0.90396,0.06613,0.90214,0.56496,0.05324,0.82,0.7,0.06,0.9,0.56,0.06,-4.55276,-0.68414,-0.1189,-68.50353,0.18576,64.83456,double_rcm_log_20260616_133526_303.csv,64.05159,Unknown,Task4_EntryRCM_TipCone,0.0,2.923787580690853,8.22472443562728,8.227402343040223,2.90647993088742,8.021870489720342,8.653253723311234,11.69063047993124,12.282460081974977,128.31329394171465,2.032628363872868,1.7205742579135244
26.24566,0.0141,70.9,Done,EntryTipCone,158.2719,2.49826,3.05153,8.95205,8.95205,1.0,8.95205,3.05153,0.0,0.0,0.0,0.60437,1.0,6,6,1,0.68995,0.9037,0.06652,0.90243,0.56507,0.05303,0.82,0.7,0.06,0.9,0.56,0.06,-4.58254,-0.70631,-0.11487,-68.34629,0.1842,64.81252,double_rcm_log_20260616_133526_303.csv,70.9,Unknown,Task4_EntryRCM_TipCone,0.0,3.051683459004213,8.58416721889319,8.587212099290761,3.029663880193708,8.36503951896494,8.954926018678139,11.33193028570368,13.40726415505925,113.5777064194646,2.0078406318948496,2.426774536448751
26.27659,0.01593,62.7634,Done,EntryTipCone,158.3424,2.44359,3.1696,9.23011,9.23011,1.0,9.23011,3.1696,0.0,0.0,0.0,0.60419,1.0,6,6,1,0.68971,0.90345,0.06688,0.90271,0.56517,0.05285,0.82,0.7,0.06,0.9,0.56,0.06,-4.60977,-0.72299,-0.1184,-68.20145,0.18313,64.78793,double_rcm_log_20260616_133526_303.csv,62.7634,Unknown,Task4_EntryRCM_TipCone,0.0,3.1701523641709457,8.917078006234705,8.920491397712006,3.141783204275144,8.678075823591277,9.230140843995763,11.188434957023835,11.132645775343205,102.19843762516396,1.9565824806170418,2.0178603164589997
26.30852,0.01605,62.30475,Done,EntryTipCone,158.4174,2.38492,3.28825,9.51226,9.51226,1.0,9.51226,3.28825,0.0,0.0,0.0,0.604,1.0,6,6,1,0.68948,0.9032,0.06723,0.903,0.56527,0.05267,0.82,0.7,0.06,0.9,0.56,0.06,-4.63702,-0.73976,-0.12254,-68.05656,0.18304,64.76168,double_rcm_log_20260616_133526_303.csv,62.30475,Unknown,Task4_EntryRCM_TipCone,0.0,3.287716382624635,9.247408277722132,9.251215624650733,3.2563272361251903,8.99838011063017,9.51324340064943,11.072092453438023,10.537744496077469,143.6078375636298,1.894141597977049,2.54891094256926
26.34013,0.01625,61.55632,Done,EntryTipCone,158.4942,2.32465,3.40237,9.78571,9.78571,1.0,9.78571,3.40237,0.0,0.0,0.0,0.6038,1.0,6,6,1,0.68926,0.90295,0.06758,0.90329,0.56536,0.0525,0.82,0.7,0.06,0.9,0.56,0.06,-4.66316,-0.7592,-0.12138,-67.91829,0.18431,64.73705,double_rcm_log_20260616_133526_303.csv,61.55632,Unknown,Task4_EntryRCM_TipCone,0.0,3.4028340720473738,9.570827159582453,9.575048548484606,3.367409696603525,9.309904486000987,9.787936452593021,10.715325239982109,12.506538641766191,81.27351882546819,1.8231649946973767,2.178351804550169
26.37227,0.01527,65.49887,Done,EntryTipCone,158.5741,2.26116,3.51441,10.05656,10.05656,1.0,10.05656,3.51441,0.0,0.0,0.0,0.6036,1.0,6,6,1,0.68904,0.9027,0.06791,0.90357,0.56545,0.05234,0.82,0.7,0.06,0.9,0.56,0.06,-4.68887,-0.77854,-0.12051,-67.78411,0.18874,64.71132,double_rcm_log_20260616_133526_303.csv,65.49887,Unknown,Task4_EntryRCM_TipCone,0.0,3.5143098326395696,9.883977368960753,9.888627303221028,3.4744572654711536,9.610265424974529,10.055993237865627,10.374318210124308,13.337441020394694,85.51552836208697,1.7689396422829367,1.87257832439512
26.40422,0.0161,62.12446,Done,EntryTipCone,158.6569,2.19604,3.62234,10.31894,10.31894,1.0,10.31894,3.62234,0.0,0.0,0.0,0.60339,1.0,6,6,1,0.68884,0.90245,0.06823,0.90385,0.56554,0.05219,0.82,0.7,0.06,0.9,0.56,0.06,-4.71303,-0.79828,-0.11813,-67.65289,0.18756,64.68554,double_rcm_log_20260616_133526_303.csv,62.12446,Unknown,Task4_EntryRCM_TipCone,0.0,3.622142213056002,10.186857251227275,10.191948411861166,3.5792170945756454,9.904574389955078,10.32037790005773,10.120975104580735,12.29935740032869,77.77132381053745,1.717756995189841,2.0257410935889317
26.43638,0.01625,61.52365,Done,EntryTipCone,158.7414,2.12863,3.72652,10.5745,10.5745,1.0,10.5745,3.72652,0.0,0.0,0.0,0.60318,1.0,6,6,1,0.68864,0.90221,0.06854,0.90413,0.56562,0.05206,0.82,0.7,0.06,0.9,0.56,0.06,-4.73631,-0.81561,-0.11957,-67.52676,0.18817,64.65756,double_rcm_log_20260616_133526_303.csv,61.52365,Unknown,Task4_EntryRCM_TipCone,0.0,3.726002084892652,10.478545040269493,10.484086743658462,3.677593558785139,10.182009851467635,10.568107683024392,9.925280910146977,8.981374953324687,28.543726870792952,1.6506332558177819,2.3223188654958378
26.4676,0.01574,63.54175,Done,EntryTipCone,158.8262,2.06114,3.82377,10.81438,10.81438,1.0,10.81438,3.82377,0.0,0.0,0.0,0.60297,1.0,6,6,1,0.68846,0.90198,0.06882,0.9044,0.5657,0.05193,0.82,0.7,0.06,0.9,0.56,0.06,-4.75773,-0.8341,-0.11741,-67.40896,0.1873,64.63118,double_rcm_log_20260616_133526_303.csv,63.54175,Unknown,Task4_EntryRCM_TipCone,0.0,3.823775712640908,10.753108322116335,10.759097747016828,3.7746769229662114,10.455825391397072,10.81549351624783,9.711696027672614,12.919089065757714,107.9006448883812,1.580383249470665,2.3747472689762743
26.49822,0.01553,64.40128,Done,EntryTipCone,158.9108,1.99328,3.91502,11.04102,11.04102,1.0,11.04102,3.91502,0.0,0.0,0.0,0.60275,1.0,6,6,1,0.6883,0.90176,0.06909,0.90466,0.56577,0.05182,0.82,0.7,0.06,0.9,0.56,0.06,-4.77789,-0.84951,-0.11965,-67.2998,0.18995,64.60304,double_rcm_log_20260616_133526_303.csv,64.40128,Unknown,Task4_EntryRCM_TipCone,0.0,3.9148361925981945,11.008791913615532,11.01521942493109,3.8634774797224902,10.707147864142671,11.041779747848592,9.42793728465032,15.552611090637262,36.44965084690346,1.5156446157810446,2.129808027149773
26.52988,0.01588,62.9598,Done,EntryTipCone,159.0001,1.92154,4.00541,11.26689,11.26689,1.0,11.26689,4.00541,0.0,0.0,0.0,0.60253,1.0,6,6,1,0.68814,0.90153,0.06935,0.90493,0.56584,0.05172,0.82,0.7,0.06,0.9,0.56,0.06,-4.79745,-0.86666,-0.11894,-67.19086,0.18965,64.57472,double_rcm_log_20260616_133526_303.csv,62.9598,Unknown,Task4_EntryRCM_TipCone,0.0,4.005645652679966,11.263742989011336,11.27062814371065,3.951935760681539,10.958125120377376,11.268047745727708,9.135330669057083,13.090607613345153,68.9852930502995,1.4593729784851668,2.230697248078872
26.56147,0.01567,63.7973,Done,EntryTipCone,159.091,1.84844,4.09084,11.48165,11.48165,1.0,11.48165,4.09084,0.0,0.0,0.0,0.6023,1.0,6,6,1,0.68799,0.90131,0.06959,0.90519,0.5659,0.05163,0.82,0.7,0.06,0.9,0.56,0.06,-4.81554,-0.88259,-0.11934,-67.08696,0.18685,64.54556,double_rcm_log_20260616_133526_303.csv,63.7973,Unknown,Task4_EntryRCM_TipCone,0.0,4.090665654747562,11.502414303165327,11.509747146050954,4.034881596268618,11.194300335438548,11.480548767371666,8.853916336351979,13.983982697935435,29.74054199928462,1.3847087872868016,2.7901298846149385
26.59314,0.01541,64.87286,Done,EntryTipCone,159.183,1.77322,4.17232,11.68777,11.68777,1.0,11.68777,4.17232,0.0,0.0,0.0,0.60207,1.0,6,6,1,0.68785,0.9011,0.06982,0.90545,0.56596,0.05155,0.82,0.7,0.06,0.9,0.56,0.06,-4.83293,-0.89787,-0.12048,-66.99011,0.18887,64.5156,double_rcm_log_20260616_133526_303.csv,64.87286,Unknown,Task4_EntryRCM_TipCone,0.0,4.172349945821875,11.731697635665594,11.739478485349537,4.115627129999915,11.424617549565738,11.688738169708442,8.541577604973158,14.557041228781765,92.79767526199745,1.2998221782398358,2.6130787042361745
26.62497,0.01584,63.11592,Done,EntryTipCone,159.2776,1.69625,4.2493,11.88373,11.88373,1.0,11.88373,4.2493,0.0,0.0,0.0,0.60183,1.0,6,6,1,0.68772,0.90089,0.07004,0.9057,0.56602,0.05149,0.82,0.7,0.06,0.9,0.56,0.06,-4.84911,-0.9145,-0.11847,-66.89937,0.19104,64.48632,double_rcm_log_20260616_133526_303.csv,63.11592,Unknown,Task4_EntryRCM_TipCone,0.0,4.249538546799462,11.948339907750722,11.95656053183199,4.189609476840622,11.635983248262454,11.880677590103945,8.255606830064185,13.701017064008957,37.18896270987035,1.2304229160355515,2.4321535543579724
26.65659,0.01627,61.47062,Done,EntryTipCone,159.3728,1.61858,4.32092,12.06735,12.06735,1.0,12.06735,4.32092,0.0,0.0,0.0,0.60159,1.0,6,6,1,0.68761,0.90069,0.07023,0.90595,0.56606,0.05143,0.82,0.7,0.06,0.9,0.56,0.06,-4.86374,-0.92872,-0.11945,-66.81379,0.19034,64.4557,double_rcm_log_20260616_133526_303.csv,61.47062,Unknown,Task4_EntryRCM_TipCone,0.0,4.320307074807159,12.146944163020159,12.155582264541447,4.26119153562126,11.842174046763796,12.065280767557777,8.014732125954996,14.098713729614113,63.97479125319244,1.1586124303607124,2.425855456115348
26.68965,0.01704,58.69137,Done,EntryTipCone,159.473,1.53565,4.3907,12.2475,12.2475,1.0,12.2475,4.3907,0.0,0.0,0.0,0.60134,1.0,6,6,1,0.6875,0.90049,0.07042,0.9062,0.56611,0.05139,0.82,0.7,0.06,0.9,0.56,0.06,-4.87785,-0.94451,-0.11783,-66.73196,0.19172,64.42447,double_rcm_log_20260616_133526_303.csv,58.69137,Unknown,Task4_EntryRCM_TipCone,0.0,4.389973041881563,12.342436100946035,12.351498746552506,4.329540661546118,12.03894456145743,12.243537070634416,7.688381752719336,13.163652269633522,83.12083023709225,1.0919150443634056,2.653219869428
26.7207,0.0163,61.36359,Done,EntryTipCone,159.5689,1.4569,4.45131,12.40538,12.40538,1.0,12.40538,4.45131,0.0,0.0,0.0,0.60109,1.0,6,6,1,0.68742,0.90031,0.07059,0.90643,0.56615,0.05136,0.82,0.7,0.06,0.9,0.56,0.06,-4.88944,-0.95635,-0.12032,-66.65845,0.18725,64.39323,double_rcm_log_20260616_133526_303.csv,61.36359,Unknown,Task4_EntryRCM_TipCone,0.0,4.450474917793042,12.512197589988453,12.521640026813596,4.3902842162463545,12.214604184524946,12.402298174128816,7.5946185039480865,12.519236265240519,106.55796890980548,1.0056393202524263,3.5507073992596374
26.75256,0.01603,62.39218,Done,EntryTipCone,159.6671,1.3748,4.50833,12.55516,12.55516,1.0,12.55516,4.50833,0.0,0.0,0.0,0.60085,1.0,6,6,1,0.68734,0.90013,0.07074,0.90667,0.56618,0.05134,0.82,0.7,0.06,0.9,0.56,0.06,-4.90072,-0.97107,-0.11774,-66.59438,0.19261,64.36303,double_rcm_log_20260616_133526_303.csv,62.39218,Unknown,Task4_EntryRCM_TipCone,0.0,4.508625654305569,12.675348898517415,12.685166225139362,4.449553475092211,12.387401850888006,12.556946284825738,7.306372321024866,17.401521053339206,123.73483735934121,0.9088821480563408,2.651480737245137
26.78284,0.01447,69.12267,Done,EntryTipCone,159.7622,1.29584,4.55776,12.68626,12.68626,1.0,12.68626,4.55776,0.0,0.0,0.0,0.60061,1.0,6,6,1,0.68728,0.89996,0.07086,0.90688,0.56621,0.05133,0.82,0.7,0.06,0.9,0.56,0.06,-4.91015,-0.98163,-0.12038,-66.53892,0.19714,64.33199,double_rcm_log_20260616_133526_303.csv,69.12267,Unknown,Task4_EntryRCM_TipCone,0.0,4.558046203849825,12.813995996967858,12.824139621633003,4.5005432507191925,12.536088520133179,12.691233194611119,6.859576945144377,19.657883965762334,106.6424729856739,0.8645894174738099,2.7245159239959396
26.81427,0.01477,67.69358,Done,EntryTipCone,159.8612,1.21299,4.60394,12.80999,12.80999,1.0,12.80999,4.60394,0.0,0.0,0.0,0.60036,1.0,6,6,1,0.68723,0.8998,0.07098,0.90709,0.56623,0.05134,0.82,0.7,0.06,0.9,0.56,0.06,-4.91787,-0.99279,-0.12086,-66.48306,0.19064,64.30067,double_rcm_log_20260616_133526_303.csv,67.69358,Unknown,Task4_EntryRCM_TipCone,0.0,4.603525850015944,12.94157864957873,12.952028866718775,4.545524290600716,12.668808759493292,12.80923885326519,6.690168715987866,15.842148661114042,130.79949337044891,0.7978940282745405,3.154024955811766
26.84594,0.0157,63.67754,Done,EntryTipCone,159.9608,1.12871,4.64528,12.92249,12.92249,1.0,12.92249,4.64528,0.0,0.0,0.0,0.60011,1.0,6,6,1,0.68719,0.89965,0.07108,0.9073,0.56624,0.05136,0.82,0.7,0.06,0.9,0.56,0.06,-4.92478,-1.00464,-0.11943,-66.43629,0.1903,64.26979,double_rcm_log_20260616_133526_303.csv,63.67754,Unknown,Task4_EntryRCM_TipCone,0.0,4.644196309245492,13.055663334065652,13.066392900001409,4.587026242803098,12.792634659774357,12.91809583491307,6.5576349923052515,11.952655727130283,96.21279902177362,0.699404633053698,3.307946385895024
26.87732,0.01585,63.09997,Done,EntryTipCone,160.0599,1.04444,4.6809,13.021,13.021,1.0,13.021,4.6809,0.0,0.0,0.0,0.59986,1.0,6,6,1,0.68716,0.89951,0.07116,0.9075,0.56625,0.05139,0.82,0.7,0.06,0.9,0.56,0.06,-4.93063,-1.01428,-0.12084,-66.39879,0.19504,64.23794,double_rcm_log_20260616_133526_303.csv,63.09997,Unknown,Task4_EntryRCM_TipCone,0.0,4.679809426066197,13.155556269766091,13.166534496693206,4.6244853686164005,12.904880710562384,13.017088768230744,6.351784810205157,14.982121489896187,118.55329594734394,0.6344097816677514,2.711447976979032
26.90999,0.01662,60.17179,Done,EntryTipCone,160.1634,0.95608,4.71239,13.11021,13.11021,1.0,13.11021,4.71239,0.0,0.0,0.0,0.5996,1.0,6,6,1,0.68714,0.89937,0.07123,0.9077,0.56626,0.05143,0.82,0.7,0.06,0.9,0.56,0.06,-4.93472,-1.02517,-0.11887,-66.36338,0.19141,64.20623,double_rcm_log_20260616_133526_303.csv,60.17179,Unknown,Task4_EntryRCM_TipCone,0.0,4.712840367731542,13.248201796474232,13.259414060701774,4.660102251877467,13.012090295035307,13.111922055900047,6.2181661509663115,18.958248347067077,115.27444336508097,0.5713039416479759,2.8902121590947183
26.94052,0.01573,63.57868,Done,EntryTipCone,160.2601,0.87311,4.7364,13.18036,13.18036,1.0,13.18036,4.73644,0.0,0.0,0.0,0.59936,1.0,6,6,1,0.68714,0.89925,0.07127,0.90788,0.56626,0.05149,0.82,0.7,0.06,0.9,0.56,0.06,-4.93746,-1.03375,-0.11885,-66.33884,0.19204,64.1758,double_rcm_log_20260616_133526_303.csv,63.57868,Unknown,Task4_EntryRCM_TipCone,0.0,4.735931898908014,13.31296654871132,13.324344384900076,4.685631216357916,13.091010714931866,13.179609250656828,6.105685533635109,17.708624413304925,99.45186244560345,0.5153419385115886,2.9012558303893745
26.97276,0.01607,62.22489,Done,EntryTipCone,160.3623,0.78504,4.75621,13.24109,13.24109,1.0,13.24109,4.75621,0.0,0.0,0.0,0.5991,1.0,6,6,1,0.68715,0.89913,0.0713,0.90806,0.56625,0.05156,0.82,0.7,0.06,0.9,0.56,0.06,-4.93879,-1.04082,-0.12084,-66.31886,0.19034,64.14296,double_rcm_log_20260616_133526_303.csv,62.22489,Unknown,Task4_EntryRCM_TipCone,0.0,4.755806153045557,13.368706082057294,13.380227719473625,4.707824889412971,13.161365606022176,13.238568653747992,5.9566864587437705,14.885792133678306,115.5368069451536,0.4725343069993398,2.9264549853754755
27.00464,0.01593,62.76622,Done,EntryTipCone,160.4628,0.69758,4.77024,13.28744,13.28744,1.0,13.28744,4.77024,0.0,0.0,0.0,0.59885,1.0,6,6,1,0.68718,0.89902,0.07132,0.90823,0.56623,0.05164,0.82,0.7,0.06,0.9,0.56,0.06,-4.93856,-1.04793,-0.12103,-66.30537,0.18631,64.11135,double_rcm_log_20260616_133526_303.csv,62.76622,Unknown,Task4_EntryRCM_TipCone,0.0,4.769922389208342,13.408295643593819,13.419920152028498,4.724483539211352,13.216554246619841,13.282898780010289,5.8503887913723425,15.81203829859383,99.97377338249484,0.42719914654772445,3.365429066545313
27.03658,0.01551,64.49419,Done,EntryTipCone,160.5634,0.60997,4.77844,13.31975,13.31975,1.0,13.31975,4.77844,0.0,0.0,0.0,0.59859,1.0,6,6,1,0.68722,0.89893,0.07131,0.90839,0.56621,0.05173,0.82,0.7,0.06,0.9,0.56,0.06,-4.93723,-1.0548,-0.12058,-66.30177,0.18757,64.08002,double_rcm_log_20260616_133526_303.csv,64.49419,Unknown,Task4_EntryRCM_TipCone,0.0,4.777534589166994,13.429644032014268,13.441324266937677,4.737232775643175,13.26039992435544,13.317248214252048,5.847517306203585,16.20336748510362,90.44751315908076,0.40481054512354525,2.915827267590749
27.06811,0.01569,63.72119,Done,EntryTipCone,160.6622,0.52309,4.78094,13.33796,13.33796,1.0,13.33796,4.78094,0.0,0.0,0.0,0.59835,1.0,6,6,1,0.68727,0.89884,0.07129,0.90854,0.56619,0.05184,0.82,0.7,0.06,0.9,0.56,0.06,-4.93431,-1.06192,-0.11787,-66.30426,0.18566,64.05022,double_rcm_log_20260616_133526_303.csv,63.72119,Unknown,Task4_EntryRCM_TipCone,0.0,4.78086650068421,13.438988291759996,13.45069297445222,4.7439199960853795,13.28682146396886,13.335415254126843,5.906486658585091,16.163465411431883,127.15918334636625,0.4108335043191322,2.8521957647153
27.09878,0.01624,61.58288,Done,EntryTipCone,160.7576,0.43884,4.77799,13.34262,13.34262,1.0,13.34262,4.77799,0.0,0.0,0.0,0.59811,1.0,6,6,1,0.68733,0.89877,0.07125,0.90868,0.56616,0.05195,0.82,0.7,0.06,0.9,0.56,0.06,-4.92994,-1.06624,-0.11832,-66.31209,0.18104,64.02024,double_rcm_log_20260616_133526_303.csv,61.58288,Unknown,Task4_EntryRCM_TipCone,0.0,4.778733258018578,13.433005673064136,13.444694699249812,4.747320611261456,13.304321160377231,13.345055264029428,5.904502049630501,19.01752637802382,57.91765366237182,0.4360621743127696,2.9948156335991416
27.13042,0.01621,61.69072,Done,EntryTipCone,160.8553,0.35205,4.76937,13.33372,13.33372,1.0,13.33372,4.76937,0.0,0.0,0.0,0.59786,1.0,6,6,1,0.68741,0.89871,0.07119,0.90881,0.56612,0.05208,0.82,0.7,0.06,0.9,0.56,0.06,-4.92408,-1.07045,-0.11778,-66.32787,0.17694,63.98999,double_rcm_log_20260616_133526_303.csv,61.69072,Unknown,Task4_EntryRCM_TipCone,0.0,4.769216811798746,13.406316842201146,13.417936194319587,4.743105506417827,13.300687373793254,13.334050397384829,5.988236650093114,18.65080899140056,97.18826035060394,0.47380927292952596,3.040188025520905
27.16204,0.01611,62.07222,Done,EntryTipCone,160.9521,0.26538,4.7551,13.31096,13.31096,1.0,13.31096,4.7551,0.0,0.0,0.0,0.59762,1.0,6,6,1,0.6875,0.89865,0.07111,0.90893,0.56607,0.05222,0.82,0.7,0.06,0.9,0.56,0.06,-4.91676,-1.07447,-0.11604,-66.35081,0.17216,63.96053,double_rcm_log_20260616_133526_303.csv,62.07222,Unknown,Task4_EntryRCM_TipCone,0.0,4.754804650943127,13.365897297602444,13.377411659782716,4.733466507369934,13.282058517471503,13.30857618229684,6.1917667448236,15.826278874974186,47.469836058140025,0.5251004930146674,2.891632064314532
27.19566,0.01762,56.76297,Done,EntryTipCone,161.0537,0.17378,4.73375,13.27163,13.27163,1.0,13.27163,4.73371,0.0,0.0,0.0,0.59737,1.0,6,6,1,0.68761,0.89861,0.07101,0.90905,0.56602,0.05239,0.82,0.7,0.06,0.9,0.56,0.06,-4.90728,-1.07801,-0.11371,-66.38234,0.16486,63.92982,double_rcm_log_20260616_133526_303.csv,56.76297,Unknown,Task4_EntryRCM_TipCone,0.0,4.733229583126336,13.305387482793817,13.316745859098269,4.7184048229690445,13.248100821801385,13.268571889996263,6.309603375618491,16.09307274251148,33.69550843842475,0.588252134843983,2.9447289714887415
27.22724,0.01694,59.0443,Done,EntryTipCone,161.1481,0.08826,4.70782,13.22051,13.22051,1.0,13.22051,4.70782,0.0,0.0,0.0,0.59713,1.0,6,6,1,0.68772,0.89858,0.07089,0.90915,0.56596,0.05255,0.82,0.7,0.06,0.9,0.56,0.06,-4.89665,-1.08054,-0.11112,-66.4179,0.15415,63.90158,double_rcm_log_20260616_133526_303.csv,59.0443,Unknown,Task4_EntryRCM_TipCone,0.0,4.7077576268028904,13.23394595803114,13.24512199468674,4.699772767343764,13.203912357269752,13.219175465966075,6.534464024371321,17.66098129442673,38.960175315855004,0.6521429086071436,3.420177362462323
27.25809,0.0148,67.54483,Done,EntryTipCone,161.2393,0.00538,4.67718,13.15771,13.15771,1.0,13.15771,4.67718,0.0,0.0,0.0,0.5969,1.0,6,6,1,0.68785,0.89856,0.07076,0.90924,0.5659,0.05273,0.82,0.7,0.06,0.9,0.56,0.06,-4.88453,-1.08316,-0.10651,-66.45747,0.13829,63.87527,double_rcm_log_20260616_133526_303.csv,67.54483,Unknown,Task4_EntryRCM_TipCone,0.0,4.67651101045196,13.146304598937082,13.157259635690847,4.675549725133793,13.143466876682922,13.15448592686158,6.787455999296753,15.656221292716834,61.721665427858106,0.7217005936600264,5.03119899753385
27.29022,0.01656,60.3978,Done,EntryTipCone,161.3328,0.08028,4.63963,13.07816,13.07816,1.0,13.07816,4.63963,0.0,0.0,0.0,0.59667,1.0,6,6,1,0.68799,0.89855,0.07061,0.90932,0.56583,0.05292,0.82,0.7,0.06,0.9,0.56,0.06,-4.86986,-1.08708,-0.09745,-66.5023,0.11252,63.85013,double_rcm_log_20260616_133526_303.csv,60.3978,Unknown,Task4_EntryRCM_TipCone,0.0,4.639801616722597,13.043336100290022,13.054035243951823,4.646111082968568,13.068511539045051,13.075844141010547,6.880975584871486,15.045211845856088,51.15250319342255,0.8269649648757359,9.611980391261687
27.32214,0.01599,62.53418,Done,EntryTipCone,161.4242,0.16455,4.59662,12.98577,12.98577,1.0,12.98577,4.59662,0.0,0.0,0.0,0.59644,1.0,6,6,1,0.68815,0.89856,0.07044,0.90939,0.56576,0.05312,0.82,0.7,0.06,0.9,0.56,0.06,-4.85269,-1.09558,-0.07763,-66.54787,0.07045,63.83013,double_rcm_log_20260616_133526_303.csv,62.53418,Unknown,Task4_EntryRCM_TipCone,0.0,4.596682184988937,12.922380845778838,12.93278453833148,4.613231278642746,12.983331858727402,12.987844316898782,7.180585609250629,18.592478553922234,86.43967435714137,1.073538887683271,23.297105360580055
27.35487,0.01663,60.1302,Done,EntryTipCone,161.5163,0.25005,4.54674,12.8769,12.8769,1.0,12.8769,4.54679,0.0,0.0,0.0,0.59621,1.0,6,6,1,0.68832,0.89857,0.07025,0.90945,0.56568,0.05334,0.82,0.7,0.06,0.9,0.56,0.06,-4.83149,-1.11813,-0.02913,-66.59084,-0.0033,63.8217,double_rcm_log_20260616_133526_303.csv,60.1302,Unknown,Task4_EntryRCM_TipCone,0.0,4.548107161902911,12.786113230488741,12.79619066110287,4.5734103223803215,12.878718820656676,12.881013158909441,7.51047938693468,19.748098060197062,569.8910276030091,1.9712446398145373,76.27438340437166
27.38756,0.01685,59.34082,Done,EntryTipCone,161.6068,0.33412,4.49118,12.75422,12.75422,1.0,12.75422,4.49118,0.0,0.0,0.0,0.59598,1.0,6,6,1,0.68851,0.8986,0.07003,0.90949,0.56559,0.05357,0.82,0.7,0.06,0.9,0.56,0.06,-4.80449,-1.19267,0.11743,-66.62186,-0.13901,63.85346,double_rcm_log_20260616_133526_303.csv,59.34082,Unknown,Task4_EntryRCM_TipCone,0.0,4.490765582415549,12.625240955906902,12.634942105292374,4.526112668794805,12.75272676724471,12.75355244627942,7.966436526478889,39.08236858057636,4974.989991895985,5.642897742398855,338.4929882091588
27.4215,0.01713,58.37421,Done,EntryTipCone,161.6983,0.4183,4.42837,12.61467,12.61467,1.0,12.61467,4.42837,0.0,0.0,0.0,0.59576,1.0,6,6,1,0.68871,0.89863,0.06978,0.90953,0.56549,0.05383,0.82,0.7,0.06,0.9,0.56,0.06,-4.76645,-1.50184,0.69049,-66.64501,-0.39969,64.05336,double_rcm_log_20260616_133526_303.csv,58.37421,Unknown,Task4_EntryRCM_TipCone,0.0,4.4276489931858976,12.448152230185325,12.45745015956886,4.472943109510159,12.610647149867457,12.610705769305637,9.673780557931849,339.2364113324459,6352.547760218746,24.664168424108578,976.7087184654348
27.45453,0.01672,59.80465,Done,EntryTipCone,161.7498,0.45758,4.382,12.51149,12.51149,1.0,12.51149,4.382,0.0,0.0,0.0,0.59565,1.0,6,6,1,0.6887,0.89859,0.06932,0.90963,0.56548,0.05419,0.82,0.7,0.06,0.9,0.56,0.06,-4.71017,-2.99684,3.37261,-66.76601,-0.87075,65.03168,double_rcm_log_20260616_133526_303.csv,59.80465,Unknown,Task4_EntryRCM_TipCone,0.0,4.38169267311558,12.319201238495063,12.32821271133407,4.436112769728016,12.510915480245467,12.510931220336866,26.91871066402286,465.5165688253699,5829.5372383062895,69.90271884834898,686.6910194358311
27.48853,0.01609,62.13803,Done,EntryTipCone,161.4463,0.17345,4.54196,12.86485,12.86485,1.0,12.86485,4.54196,0.0,0.0,0.0,0.59645,1.0,6,6,1,0.6869,0.89784,0.06715,0.91026,0.56622,0.05535,0.82,0.7,0.06,0.9,0.56,0.06,-4.63507,-6.99439,10.38521,-67.28673,-1.27547,67.16602,double_rcm_log_20260616_133526_303.csv,62.13803,Unknown,Task4_EntryRCM_TipCone,0.0,4.542680829908166,12.770890157378009,12.78093157039141,4.570096708226466,12.863994175754419,12.867730957709572,37.7595541568126,73.45652377039009,12305.242480878187,68.85591464915912,684.923460902583
27.5216,0.01646,60.75206,Done,EntryTipCone,161.269,0.02053,4.65821,13.11724,13.11724,1.0,13.11724,4.65821,0.0,0.0,0.0,0.59684,1.0,6,6,1,0.68586,0.8974,0.06566,0.91064,0.56667,0.0562,0.82,0.7,0.06,0.9,0.56,0.06,-4.5899,-8.49895,12.99145,-67.57259,-1.35984,67.77173,double_rcm_log_20260616_133526_303.csv,60.75206,Unknown,Task4_EntryRCM_TipCone,0.0,4.658102624994088,13.094670426998666,13.105496639158705,4.662998472836533,13.110152026343748,13.12015624906956,23.358850857887283,366.64757134487763,1350.677245481258,25.386324249661243,870.904806825123
27.55527,0.01688,59.23478,Done,EntryTipCone,161.2554,0.00899,4.66728,13.13662,13.13662,1.0,13.13662,4.66728,0.0,0.0,0.0,0.59687,1.0,6,6,1,0.68562,0.89728,0.06489,0.91077,0.56676,0.05671,0.82,0.7,0.06,0.9,0.56,0.06,-4.55495,-8.99761,13.85979,-67.74128,-1.4082,67.93835,double_rcm_log_20260616_133526_303.csv,59.23478,Unknown,Task4_EntryRCM_TipCone,0.0,4.666965041562862,13.119529024947855,13.13041713084603,4.668278387344391,13.123948397432093,13.134481337304441,15.401010400091849,150.97663081524962,5164.1450688937175,11.400743118325584,232.29186376791415
27.58909,0.01675,59.69144,Done,EntryTipCone,161.2533,0.00719,4.66854,13.13936,13.13936,1.0,13.13936,4.66854,0.0,0.0,0.0,0.59687,1.0,6,6,1,0.68546,0.89719,0.06416,0.91088,0.56682,0.0572,0.82,0.7,0.06,0.9,0.56,0.06,-4.51923,-9.40795,14.57624,-67.90572,-1.45581,68.06521,double_rcm_log_20260616_133526_303.csv,59.69144,Unknown,Task4_EntryRCM_TipCone,0.0,4.669295456490752,13.126065660366761,13.13697008058264,4.671103800568646,13.132129477559374,13.14255682886702,14.874925722709179,23.965716676839303,2130.1748320803626,9.859842778851567,34.528780961310886
27.62411,0.0187,53.47868,Done,EntryTipCone,161.2527,0.00658,4.66883,13.13988,13.13988,1.0,13.13988,4.66883,0.0,0.0,0.0,0.59687,1.0,6,6,1,0.68533,0.89711,0.0634,0.91096,0.56687,0.05771,0.82,0.7,0.06,0.9,0.56,0.06,-4.48097,-9.79381,15.25122,-68.07771,-1.50575,68.17764,double_rcm_log_20260616_133526_303.csv,53.47868,Unknown,Task4_EntryRCM_TipCone,0.0,4.668736081437612,13.124496658157568,13.135397160924224,4.668944207229767,13.125727232599868,13.136308461664504,14.93660003085547,16.693703938517157,128.2060698872353,9.117329359552055,20.32022243667176
27.65709,0.01724,57.99563,Done,EntryTipCone,161.2513,0.00522,4.66988,13.14201,13.14201,1.0,13.14201,4.66988,0.0,0.0,0.0,0.59688,1.0,6,6,1,0.68523,0.89705,0.06267,0.91103,0.56691,0.0582,0.82,0.7,0.06,0.9,0.56,0.06,-4.44362,-10.13402,15.8474,-68.24274,-1.55395,68.27187,double_rcm_log_20260616_133526_303.csv,57.99563,Unknown,Task4_EntryRCM_TipCone,0.0,4.669396095994667,13.126347945979626,13.137253071099915,4.670109610500366,13.129018066276492,13.139596645255105,14.979053661008594,15.741166397391659,49.034629061576375,8.535255651479561,18.755665740199056
27.69019,0.01698,58.87924,Done,EntryTipCone,161.2502,0.00445,4.67043,13.14326,13.14326,1.0,13.14326,4.67043,0.0,0.0,0.0,0.59688,1.0,6,6,1,0.68515,0.89701,0.06195,0.91108,0.56694,0.05869,0.82,0.7,0.06,0.9,0.56,0.06,-4.40499,-10.44895,16.40071,-68.41068,-1.60339,68.3549,double_rcm_log_20260616_133526_303.csv,58.87924,Unknown,Task4_EntryRCM_TipCone,0.0,4.669769090876236,13.127394165894227,13.138301903828102,4.6700887234725235,13.128857762724254,13.139486291328089,14.951526388965455,15.741183755249594,65.1659027261895,7.945183527020395,17.62137930187608
27.72432,0.01786,55.97583,Done,EntryTipCone,161.2498,0.00412,4.67068,13.14395,13.14395,1.0,13.14395,4.67068,0.0,0.0,0.0,0.59688,1.0,6,6,1,0.68509,0.89698,0.0612,0.91112,0.56696,0.0592,0.82,0.7,0.06,0.9,0.56,0.06,-4.36399,-10.7488,16.92923,-68.5864,-1.65562,68.43042,double_rcm_log_20260616_133526_303.csv,55.97583,Unknown,Task4_EntryRCM_TipCone,0.0,4.671053206748641,13.130996000872965,13.141912737177393,4.671264527963846,13.132380650074895,13.142906832204204,14.956192987176653,16.98102254426774,76.44339210358757,7.426833654867989,15.10787368915571
27.75856,0.0177,56.48284,Done,EntryTipCone,161.2492,0.00365,4.6711,13.14486,13.14486,1.0,13.14486,4.6711,0.0,0.0,0.0,0.59688,1.0,6,6,1,0.68506,0.89696,0.06044,0.91114,0.56698,0.05971,0.82,0.7,0.06,0.9,0.56,0.06,-4.32167,-11.02832,17.42365,-68.76557,-1.70943,68.49799,double_rcm_log_20260616_133526_303.csv,56.48284,Unknown,Task4_EntryRCM_TipCone,0.0,4.672593815870336,13.135317268731958,13.146244807294876,4.673639702150683,13.138479305518455,13.149300361616135,14.828611854535536,19.060854864157324,64.83425443347458,6.991614785913121,14.315415958592448
27.79041,0.01439,69.50293,Done,EntryTipCone,161.2482,0.00248,4.67202,13.14666,13.14666,1.0,13.14666,4.67202,0.0,0.0,0.0,0.59688,1.0,6,6,1,0.68506,0.89696,0.05974,0.91114,0.56698,0.06018,0.82,0.7,0.06,0.9,0.56,0.06,-4.28127,-11.27156,17.85553,-68.93504,-1.76072,68.55482,double_rcm_log_20260616_133526_303.csv,69.50293,Unknown,Task4_EntryRCM_TipCone,0.0,4.671850465874795,13.133232241081434,13.144154566623099,4.672942866497636,13.136511654984236,13.147334330578126,14.803455073859483,19.14265526634387,74.36042383133928,6.565078934523528,14.542951606246676
27.82408,0.01648,60.67843,Done,EntryTipCone,161.248,0.0026,4.67198,13.14659,13.14659,1.0,13.14659,4.67198,0.0,0.0,0.0,0.59688,1.0,6,6,1,0.68508,0.89697,0.059,0.91113,0.56697,0.06068,0.82,0.7,0.06,0.9,0.56,0.06,-4.23765,-11.50619,18.27441,-69.11607,-1.81611,68.60788,double_rcm_log_20260616_133526_303.csv,60.67843,Unknown,Task4_EntryRCM_TipCone,0.0,4.67244928338476,13.134911868715912,13.145838393560659,4.673802253619066,13.13924251416923,13.149912547237657,14.875238453390773,16.86539852656122,97.40660785191221,6.129616964261545,13.260706611094095
27.85775,0.01712,58.41599,Done,EntryTipCone,161.2478,0.00227,4.67219,13.14683,13.14683,1.0,13.14683,4.67215,0.0,0.0,0.0,0.59688,1.0,6,6,1,0.68512,0.897,0.05825,0.91109,0.56695,0.06118,0.82,0.7,0.06,0.9,0.56,0.06,-4.19306,-11.7235,18.66453,-69.29971,-1.87278,68.65588,double_rcm_log_20260616_133526_303.csv,58.41599,Unknown,Task4_EntryRCM_TipCone,0.0,4.671609337264677,13.132555897265691,13.143476532158369,4.670640811113305,13.130112718480273,13.140890380792206,14.896047820605212,13.45252797573696,53.03679624114679,5.771097505227148,12.12274572978212
27.89148,0.01668,59.93843,Done,EntryTipCone,161.2475,0.00213,4.67248,13.14765,13.14765,1.0,13.14765,4.67248,0.0,0.0,0.0,0.59688,1.0,6,6,1,0.68519,0.89704,0.05752,0.91105,0.56693,0.06168,0.82,0.7,0.06,0.9,0.56,0.06,-4.14747,-11.92412,19.02705,-69.48608,-1.93076,68.69942,double_rcm_log_20260616_133526_303.csv,59.93843,Unknown,Task4_EntryRCM_TipCone,0.0,4.672968024617339,13.13636688865169,13.147297052121571,4.674273644473198,13.14016795349869,13.151037981847669,14.803481339607627,17.059914115586817,84.08479599857142,5.418596847186871,11.8247410461646
27.92441,0.01722,58.07623,Done,EntryTipCone,161.2474,0.00207,4.67265,13.14819,13.14819,1.0,13.14819,4.67265,0.0,0.0,0.0,0.59688,1.0,6,6,1,0.68528,0.89709,0.0568,0.91099,0.56689,0.06216,0.82,0.7,0.06,0.9,0.56,0.06,-4.10218,-12.10325,19.35325,-69.66999,-1.98843,68.73791,double_rcm_log_20260616_133526_303.csv,58.07623,Unknown,Task4_EntryRCM_TipCone,0.0,4.673251889976917,13.137163103594443,13.14809525853254,4.673769910332243,13.139151184385993,13.14982129156127,14.934973250246498,18.094340288100277,66.96363667351609,5.096782254957082,11.37834063517382
27.95732,0.01534,65.18019,Done,EntryTipCone,161.2469,0.00154,4.67307,13.14896,13.14896,1.0,13.14896,4.67307,0.0,0.0,0.0,0.59688,1.0,6,6,1,0.6854,0.89715,0.05608,0.91091,0.56685,0.06265,0.82,0.7,0.06,0.9,0.56,0.06,-4.05617,-12.26733,19.65464,-69.85581,-2.04711,68.77318,double_rcm_log_20260616_133526_303.csv,65.18019,Unknown,Task4_EntryRCM_TipCone,0.0,4.673683819351174,13.138374623192684,13.14930980881232,4.67458761920148,13.141054518042012,13.151923813647883,14.970835214166616,18.42061315417864,112.39651621827615,4.7928326177501495,11.288200940663803
27.9898,0.01466,68.21448,Done,EntryTipCone,161.2467,0.00139,4.67332,13.14955,13.14955,1.0,13.14955,4.67332,0.0,0.0,0.0,0.59688,1.0,6,6,1,0.68553,0.89723,0.05539,0.91082,0.5668,0.06312,0.82,0.7,0.06,0.9,0.56,0.06,-4.01011,-12.41396,19.92683,-70.04082,-2.10593,68.80493,double_rcm_log_20260616_133526_303.csv,68.21448,Unknown,Task4_EntryRCM_TipCone,0.0,4.674384960810765,13.140341254737992,13.151281361188206,4.675598647446457,13.143807901587875,13.154725386719313,14.802859716584662,20.187483203384282,70.29828188102022,4.494553705654122,11.13840316027943
28.0242,0.0159,62.90051,Done,EntryTipCone,161.2465,0.00118,4.67336,13.14944,13.14944,1.0,13.14944,4.67336,0.0,0.0,0.0,0.59688,1.0,6,6,1,0.6857,0.89733,0.05465,0.9107,0.56673,0.06361,0.82,0.7,0.06,0.9,0.56,0.06,-3.96074,-12.5528,20.188,-70.2382,-2.16902,68.83568,double_rcm_log_20260616_133526_303.csv,62.90051,Unknown,Task4_EntryRCM_TipCone,0.0,4.672923983185186,13.13624335665527,13.147173211172099,4.6724567511680215,13.135037641596286,13.14591191207355,14.828659260981707,14.138419600354185,102.71550105969843,4.20303122919382,10.559275065712
28.05801,0.01688,59.22991,Done,EntryTipCone,161.2464,0.00114,4.67345,13.14974,13.14974,1.0,13.14974,4.67345,0.0,0.0,0.0,0.59689,1.0,6,6,1,0.68589,0.89744,0.05394,0.91057,0.56666,0.06409,0.82,0.7,0.06,0.9,0.56,0.06,-3.91165,-12.674,20.4196,-70.43361,-2.23179,68.8635,double_rcm_log_20260616_133526_303.csv,59.22991,Unknown,Task4_EntryRCM_TipCone,0.0,4.672667421345229,13.13552372512784,13.146451779966739,4.672424354115896,13.13464204074328,13.145668488137044,14.936704518069995,13.220172857627102,105.58960879086386,3.9460088759489365,10.257680600651952
28.09028,0.01525,65.57874,Done,EntryTipCone,161.2463,0.00106,4.67374,13.15048,13.15048,1.0,13.15048,4.67374,0.0,0.0,0.0,0.59689,1.0,6,6,1,0.68609,0.89755,0.05327,0.91044,0.56658,0.06455,0.82,0.7,0.06,0.9,0.56,0.06,-3.86433,-12.7761,20.61837,-70.62131,-2.29233,68.88815,double_rcm_log_20260616_133526_303.csv,65.57874,Unknown,Task4_EntryRCM_TipCone,0.0,4.674360258723668,13.140271967892081,13.151211900950253,4.674830951845546,13.141843038993331,13.152661327655292,14.85401232859581,18.64533879071816,100.56673590419477,3.710213982909528,10.268108451888269
28.12463,0.01584,63.14628,Done,EntryTipCone,161.2461,0.00087,4.67387,13.15063,13.15063,1.0,13.15063,4.67387,0.0,0.0,0.0,0.59689,1.0,6,6,1,0.68633,0.89769,0.05257,0.91028,0.56649,0.06502,0.82,0.7,0.06,0.9,0.56,0.06,-3.8136,-12.86951,20.80483,-70.82182,-2.3572,68.91241,double_rcm_log_20260616_133526_303.csv,63.14628,Unknown,Task4_EntryRCM_TipCone,0.0,4.673807534532959,13.138721632025264,13.149657685809887,4.6749352571655445,13.142036137758595,13.152904622173727,14.820447030544125,18.591656620779734,51.328488946281226,3.4734763170187093,10.09648294628449
28.15749,0.01625,61.53766,Done,EntryTipCone,161.246,0.00085,4.67399,13.15102,13.15102,1.0,13.15102,4.67399,0.0,0.0,0.0,0.59689,1.0,6,6,1,0.68658,0.89783,0.0519,0.91011,0.56639,0.06547,0.82,0.7,0.06,0.9,0.56,0.06,-3.76476,-12.94484,20.96013,-71.01427,-2.41961,68.93398,double_rcm_log_20260616_133526_303.csv,61.53766,Unknown,Task4_EntryRCM_TipCone,0.0,4.674320853666269,13.14016144070244,13.15110109716739,4.674443642380583,13.140850809593646,13.151619672116349,14.937524784067257,15.798696350619943,84.37992894999836,3.271459444641078,9.883582294632099
28.19089,0.01602,62.43151,Done,EntryTipCone,161.2457,0.00078,4.67416,13.1514,13.1514,1.0,13.1514,4.67416,0.0,0.0,0.0,0.59689,1.0,6,6,1,0.68686,0.89799,0.05124,0.90992,0.56629,0.06592,0.82,0.7,0.06,0.9,0.56,0.06,-3.71489,-13.00751,21.09517,-71.21029,-2.48328,68.95443,double_rcm_log_20260616_133526_303.csv,62.43151,Unknown,Task4_EntryRCM_TipCone,0.0,4.6739926259287135,13.13924079494516,13.150178147684512,4.6752496703424695,13.142518199164963,13.153588863880364,14.827318096998845,17.225918356255693,78.19947260796457,3.0874547856730845,9.82919825513294
28.22305,0.01534,65.20657,Done,EntryTipCone,161.2457,0.0006,4.67433,13.1517,13.1517,1.0,13.1517,4.67433,0.0,0.0,0.0,0.59689,1.0,6,6,1,0.68714,0.89815,0.05061,0.90973,0.56618,0.06634,0.82,0.7,0.06,0.9,0.56,0.06,-3.6667,-13.05476,21.20363,-71.39923,-2.54469,68.97282,double_rcm_log_20260616_133526_303.csv,65.20657,Unknown,Task4_EntryRCM_TipCone,0.0,4.67546041615721,13.143357795408576,13.154305452608666,4.6758245590008025,13.144242904726825,13.15526130489242,14.896237732036456,17.991631148614804,77.92056589784319,2.9298477845729365,9.770187901294149
28.25681,0.01684,59.3723,Done,EntryTipCone,161.2457,0.00056,4.67445,13.15203,13.15203,1.0,13.15203,4.67445,0.0,0.0,0.0,0.59689,1.0,6,6,1,0.68746,0.89834,0.04997,0.90951,0.56605,0.06678,0.82,0.7,0.06,0.9,0.56,0.06,-3.61608,-13.0904,21.2945,-71.59725,-2.60904,68.99083,double_rcm_log_20260616_133526_303.csv,59.3723,Unknown,Task4_EntryRCM_TipCone,0.0,4.674663532934556,13.141122621088295,13.15206468305448,4.675098287612617,13.142496484540311,13.153364588575824,14.900653757213401,17.222976359851707,98.71624337992412,2.791998803439378,9.658113707069317
28.28959,0.01643,60.85851,Done,EntryTipCone,161.2455,0.00036,4.67458,13.1522,13.1522,1.0,13.1522,4.67458,0.0,0.0,0.0,0.59689,1.0,6,6,1,0.6878,0.89853,0.04936,0.90929,0.56592,0.06719,0.82,0.7,0.06,0.9,0.56,0.06,-3.5669,-13.11181,21.36098,-71.78928,-2.67138,69.00716,double_rcm_log_20260616_133526_303.csv,60.85851,Unknown,Task4_EntryRCM_TipCone,0.0,4.674046899785831,13.139393027679743,13.150330761327627,4.67552354901716,13.144001615244044,13.154717784886133,14.826070470281268,16.907182166686386,75.63492261919784,2.6880167356524716,9.61956671770129
28.32292,0.01685,59.33099,Done,EntryTipCone,161.2454,0.00032,4.67471,13.15249,13.15249,1.0,13.15249,4.67466,0.0,0.0,0.0,0.59689,1.0,6,6,1,0.68815,0.89873,0.04875,0.90904,0.56579,0.0676,0.82,0.7,0.06,0.9,0.56,0.06,-3.517,-13.12006,21.40624,-71.98385,-2.73441,69.02256,double_rcm_log_20260616_133526_303.csv,59.33099,Unknown,Task4_EntryRCM_TipCone,0.0,4.67531128106278,13.14293948721767,13.153886097135944,4.6751344563094674,13.141990014395075,13.15316311766863,14.875914089726548,17.152603802024785,50.474518744769874,2.612143496967953,9.596053972349985
28.35629,0.01692,59.10585,Done,EntryTipCone,161.2453,0.00012,4.67483,13.15268,13.15268,1.0,13.15268,4.67483,0.0,0.0,0.0,0.59689,1.0,6,6,1,0.68853,0.89895,0.04816,0.90879,0.56564,0.068,0.82,0.7,0.06,0.9,0.56,0.06,-3.46721,-13.11486,21.42927,-72.17769,-2.797,69.03679,double_rcm_log_20260616_133526_303.csv,59.10585,Unknown,Task4_EntryRCM_TipCone,0.0,4.67514042443369,13.142460252306442,13.153405662488185,4.675961032427692,13.14483115729698,13.155747793265087,14.78981631883813,17.304131646210642,36.15290368376887,2.5712399753440103,9.567196583292539
28.38947,0.017,58.80742,Done,EntryTipCone,161.2451,0.00017,4.67496,13.1531,13.1531,1.0,13.1531,4.67496,0.0,0.0,0.0,0.59689,1.0,6,6,1,0.68893,0.89917,0.04759,0.90852,0.56549,0.06838,0.82,0.7,0.06,0.9,0.56,0.06,-3.41794,-13.09636,21.43009,-72.36932,-2.8586,69.04975,double_rcm_log_20260616_133526_303.csv,58.80742,Unknown,Task4_EntryRCM_TipCone,0.0,4.6743643696532,13.14028349863214,13.151223460545781,4.6744142225236995,13.14015923097525,13.151231881462644,14.868448261960934,16.011804226748886,43.73597714514993,2.5662150210522525,9.57569025314865
28.42274,0.01681,59.48447,Done,EntryTipCone,161.2451,0.00011,4.67512,13.15353,13.15353,1.0,13.15353,4.67512,0.0,0.0,0.0,0.59689,1.0,6,6,1,0.68934,0.89941,0.04703,0.90824,0.56533,0.06876,0.82,0.7,0.06,0.9,0.56,0.06,-3.36884,-13.06447,21.40875,-72.56005,-2.91959,69.0615,double_rcm_log_20260616_133526_303.csv,59.48447,Unknown,Task4_EntryRCM_TipCone,0.0,4.675530067461088,13.143553159930123,13.154501306270097,4.675616141436601,13.143552967724695,13.154622761599812,14.905885127902362,16.013575912872536,57.126211948513756,2.5959213625360187,9.598882282102633
28.45593,0.01659,60.28857,Done,EntryTipCone,161.2449,0.0003,4.67525,13.15353,13.15353,1.0,13.15353,4.67525,0.0,0.0,0.0,0.59689,1.0,6,6,1,0.68977,0.89966,0.0465,0.90795,0.56516,0.06912,0.82,0.7,0.06,0.9,0.56,0.06,-3.32028,-13.0194,21.36537,-72.74858,-2.97944,69.07193,double_rcm_log_20260616_133526_303.csv,60.28857,Unknown,Task4_EntryRCM_TipCone,0.0,4.6746628870094264,13.141120809334648,13.152062866766567,4.675001794997832,13.14212258936302,13.153041473362716,14.79367031340601,16.60408637580954,35.36849565395454,2.6602684908094294,9.64067746140668
28.48924,0.01626,61.49274,Done,EntryTipCone,161.245,0.00023,4.67542,13.15404,13.15404,1.0,13.15404,4.67542,0.0,0.0,0.0,0.59689,1.0,6,6,1,0.69022,0.89991,0.04598,0.90765,0.56499,0.06947,0.82,0.7,0.06,0.9,0.56,0.06,-3.27201,-12.96078,21.29948,-72.93588,-3.03836,69.08092,double_rcm_log_20260616_133526_303.csv,61.49274,Unknown,Task4_EntryRCM_TipCone,0.0,4.675841154145816,13.144425724856037,13.15537605604158,4.676380458287983,13.145914018607217,13.156880329318136,14.889204782453673,17.364158071797725,53.94455601013831,2.757854620268321,9.674293406908701
28.52252,0.0161,62.12756,Done,EntryTipCone,161.2448,0.00035,4.67554,13.15425,13.15425,1.0,13.15425,4.67554,0.0,0.0,0.0,0.59689,1.0,6,6,1,0.69069,0.90018,0.04548,0.90733,0.56481,0.06981,0.82,0.7,0.06,0.9,0.56,0.06,-3.22436,-12.88885,21.21126,-73.12076,-3.09591,69.08835,double_rcm_log_20260616_133526_303.csv,62.12756,Unknown,Task4_EntryRCM_TipCone,0.0,4.675577543848231,13.143686326150531,13.154634805911503,4.676384019140464,13.145721152351577,13.156789121970416,14.902163939908672,17.621528710234927,68.07849055559181,2.8845250423978177,9.741564018510692
28.55574,0.01656,60.39198,Done,EntryTipCone,161.2446,0.00044,4.67571,13.15459,13.15459,1.0,13.15459,4.67571,0.0,0.0,0.0,0.59689,1.0,6,6,1,0.69117,0.90045,0.045,0.90701,0.56462,0.07013,0.82,0.7,0.06,0.9,0.56,0.06,-3.17743,-12.80375,21.10085,-73.30281,-3.15187,69.09405,double_rcm_log_20260616_133526_303.csv,60.39198,Unknown,Task4_EntryRCM_TipCone,0.0,4.676332389228698,13.145803586009453,13.156757367863415,4.676298028281085,13.145985640549641,13.156800522923461,14.855963451995034,18.095735409985682,48.50762539005175,3.0390818955011736,9.824632805318982
28.58905,0.01622,61.65189,Done,EntryTipCone,161.2445,0.00047,4.67584,13.155,13.155,1.0,13.155,4.67584,0.0,0.0,0.0,0.59689,1.0,6,6,1,0.69167,0.90074,0.04455,0.90667,0.56443,0.07044,0.82,0.7,0.06,0.9,0.56,0.06,-3.13108,-12.70484,20.96726,-73.48262,-3.20633,69.09783,double_rcm_log_20260616_133526_303.csv,61.65189,Unknown,Task4_EntryRCM_TipCone,0.0,4.6752308088280445,13.142713771060286,13.15365981590068,4.676432991016974,13.146062352834562,13.15702853990972,14.836053288272927,16.87002107784503,72.26949309819192,3.2175042931355384,9.913731282625541
28.62275,0.01691,59.15394,Done,EntryTipCone,161.2442,0.00074,4.676,13.15521,13.15521,1.0,13.15521,4.676,0.0,0.0,0.0,0.59689,1.0,6,6,1,0.69218,0.90103,0.04411,0.90632,0.56423,0.07073,0.82,0.7,0.06,0.9,0.56,0.06,-3.08502,-12.59115,20.80907,-73.66143,-3.25953,69.09953,double_rcm_log_20260616_133526_303.csv,59.15394,Unknown,Task4_EntryRCM_TipCone,0.0,4.675430891837446,13.143274982816534,13.154222432680719,4.674557604672363,13.140766925283124,13.151737527794554,14.750286255984753,13.859415761333066,33.849468907877224,3.42077175195057,10.071618777217175
28.65599,0.01675,59.69965,Done,EntryTipCone,161.2441,0.0009,4.67617,13.15562,13.15562,1.0,13.15562,4.67617,0.0,0.0,0.0,0.59689,1.0,6,6,1,0.69271,0.90133,0.04369,0.90597,0.56403,0.07101,0.82,0.7,0.06,0.9,0.56,0.06,-3.04045,-12.46516,20.62953,-73.83459,-3.30992,69.09875,double_rcm_log_20260616_133526_303.csv,59.69965,Unknown,Task4_EntryRCM_TipCone,0.0,4.67693510228323,13.147494129468045,13.158452146054124,4.6763589062255875,13.145853163055472,13.156819524489963,14.915650882612315,16.880033112574147,102.82395702288989,3.6425216997002807,10.235977250100605
28.68942,0.01683,59.4124,Done,EntryTipCone,161.244,0.00104,4.67634,13.15596,13.15596,1.0,13.15596,4.67634,0.0,0.0,0.0,0.59689,1.0,6,6,1,0.69325,0.90164,0.0433,0.9056,0.56382,0.07128,0.82,0.7,0.06,0.9,0.56,0.06,-2.9966,-12.32463,20.42542,-74.00517,-3.35833,69.09529,double_rcm_log_20260616_133526_303.csv,59.4124,Unknown,Task4_EntryRCM_TipCone,0.0,4.677493828504643,13.149061293425168,13.160023236660738,4.677574218534026,13.149183303097587,13.160197566906005,14.882830668685003,19.168454306481333,58.1257226109532,3.883389334328082,10.356448827099262
28.72264,0.01689,59.19049,Done,EntryTipCone,161.2437,0.00117,4.67651,13.15629,13.15629,1.0,13.15629,4.67651,0.0,0.0,0.0,0.59689,1.0,6,6,1,0.6938,0.90196,0.04294,0.90523,0.56361,0.07152,0.82,0.7,0.06,0.9,0.56,0.06,-2.95404,-12.17096,20.19861,-74.17095,-3.40394,69.08886,double_rcm_log_20260616_133526_303.csv,59.19049,Unknown,Task4_EntryRCM_TipCone,0.0,4.676271975528076,13.145634132180678,13.15658748962112,4.676307237145135,13.145504349981563,13.156572501985446,14.784174415502877,17.84332989003675,52.28181777711204,4.1375102395851115,10.62576384329374
28.7571,0.01793,55.75869,Done,EntryTipCone,161.2435,0.00134,4.67676,13.15698,13.15698,1.0,13.15698,4.67676,0.0,0.0,0.0,0.59689,1.0,6,6,1,0.69438,0.90229,0.04259,0.90484,0.56338,0.07176,0.82,0.7,0.06,0.9,0.56,0.06,-2.91105,-11.99698,19.93832,-74.33871,-3.44846,69.07871,double_rcm_log_20260616_133526_303.csv,55.75869,Unknown,Task4_EntryRCM_TipCone,0.0,4.676539895509156,13.146385618340389,13.157340858034333,4.676920282838039,13.147742713543558,13.158556151797175,14.87213331160825,17.069951608587523,61.35528273177679,4.425214569726152,10.992364470945821
28.78921,0.01659,60.27308,Done,EntryTipCone,161.2434,0.0015,4.67688,13.15702,13.15702,1.0,13.15702,4.67688,0.0,0.0,0.0,0.59689,1.0,6,6,1,0.69493,0.90261,0.04228,0.90446,0.56317,0.07196,0.82,0.7,0.06,0.9,0.56,0.06,-2.87212,-11.82029,19.6707,-74.49094,-3.48709,69.06548,double_rcm_log_20260616_133526_303.csv,60.27308,Unknown,Task4_EntryRCM_TipCone,0.0,4.676417114169672,13.14604123018628,13.156995607261383,4.674780760276716,13.141194185285602,13.15226596446405,14.86527471436539,14.334239184143025,47.035995773290466,4.709685669716761,11.13668037520274
28.82255,0.01646,60.73792,Done,EntryTipCone,161.2432,0.00162,4.67705,13.15753,13.15753,1.0,13.15753,4.67705,0.0,0.0,0.0,0.59689,1.0,6,6,1,0.69552,0.90294,0.04199,0.90407,0.56294,0.07216,0.82,0.7,0.06,0.9,0.56,0.06,-2.83293,-11.62266,19.36831,-74.64465,-3.5241,69.04769,double_rcm_log_20260616_133526_303.csv,60.73792,Unknown,Task4_EntryRCM_TipCone,0.0,4.676623951735997,13.1466213867776,13.157577217047507,4.6759302927904365,13.144947259747314,13.155762995736884,14.83125016324832,16.472960728609706,50.941063412952445,5.013314979913202,11.38390236025743
28.85565,0.01634,61.1894,Done,EntryTipCone,161.243,0.00188,4.67726,13.15791,13.15791,1.0,13.15791,4.67726,0.0,0.0,0.0,0.59689,1.0,6,6,1,0.69611,0.90328,0.04172,0.90367,0.56272,0.07234,0.82,0.7,0.06,0.9,0.56,0.06,-2.79535,-11.41159,19.04229,-74.79259,-3.55737,69.02534,double_rcm_log_20260616_133526_303.csv,61.1894,Unknown,Task4_EntryRCM_TipCone,0.0,4.677723862704533,13.149706513015973,13.160670073172325,4.6769649370331825,13.14725996606837,13.158377559562554,14.830978163371736,17.645923898799463,11.644152961802433,5.335267696307804,11.842722926242216
28.88941,0.01655,60.41838,Done,EntryTipCone,161.2427,0.00202,4.67751,13.15856,13.15856,1.0,13.15856,4.67751,0.0,0.0,0.0,0.59689,1.0,6,6,1,0.69671,0.90362,0.04148,0.90326,0.56248,0.0725,0.82,0.7,0.06,0.9,0.56,0.06,-2.75843,-11.18059,18.68238,-74.93855,-3.5875,68.99718,double_rcm_log_20260616_133526_303.csv,60.41838,Unknown,Task4_EntryRCM_TipCone,0.0,4.677285557626841,13.148477117278013,13.159437596705747,4.675345365134377,13.143092716474511,13.154010795190914,14.898319024316516,16.63588203684595,45.00577151201076,5.684405026898109,12.313044901625329
28.92242,0.01648,60.69014,Done,EntryTipCone,161.2423,0.00242,4.67776,13.15899,13.15899,1.0,13.15899,4.67776,0.0,0.0,0.0,0.59689,1.0,6,6,1,0.69732,0.90397,0.04127,0.90285,0.56225,0.07265,0.82,0.7,0.06,0.9,0.56,0.06,-2.7238,-10.93879,18.30258,-75.07617,-3.61294,68.9638,double_rcm_log_20260616_133526_303.csv,60.69014,Unknown,Task4_EntryRCM_TipCone,0.0,4.677706575586301,13.149658024636146,13.16062146327502,4.6778170475971645,13.149767473814313,13.16083204056644,14.925093507335108,18.68320960179443,64.0896411255052,6.045325079635258,12.827706791102983
28.95583,0.01655,60.42156,Done,EntryTipCone,161.242,0.00264,4.67806,13.15967,13.15967,1.0,13.15967,4.67806,0.0,0.0,0.0,0.59689,1.0,6,6,1,0.69793,0.90432,0.04108,0.90243,0.56201,0.07277,0.82,0.7,0.06,0.9,0.56,0.06,-2.69029,-10.6776,17.88928,-75.2102,-3.63424,68.92336,double_rcm_log_20260616_133526_303.csv,60.42156,Unknown,Task4_EntryRCM_TipCone,0.0,4.677275265347665,13.14844824859989,13.159408655692584,4.675263144062228,13.14255624356937,13.153626876264948,14.886726138074224,16.226041036806684,101.13217174278064,6.433595413066476,13.426461079809327
28.98922,0.01651,60.57726,Done,EntryTipCone,161.2417,0.00305,4.67835,13.16029,13.16029,1.0,13.16029,4.67835,0.0,0.0,0.0,0.59689,1.0,6,6,1,0.69855,0.90468,0.04092,0.90201,0.56177,0.07288,0.82,0.7,0.06,0.9,0.56,0.06,-2.65843,-10.39916,17.44553,-75.33867,-3.65069,68.87547,double_rcm_log_20260616_133526_303.csv,60.57726,Unknown,Task4_EntryRCM_TipCone,0.0,4.677399331158558,13.148796239128327,13.159757518183989,4.67593004379653,13.144439303956037,13.155508352017405,14.82471240386709,13.466236646369598,29.951984286828747,6.84576741515264,14.141293740556744
29.02247,0.01684,59.36972,Done,EntryTipCone,161.2411,0.00349,4.67873,13.16104,13.16104,1.0,13.16104,4.67873,0.0,0.0,0.0,0.59689,1.0,6,6,1,0.69917,0.90503,0.04078,0.90159,0.56153,0.07297,0.82,0.7,0.06,0.9,0.56,0.06,-2.62839,-10.10406,16.97212,-75.46098,-3.66186,68.81952,double_rcm_log_20260616_133526_303.csv,59.36972,Unknown,Task4_EntryRCM_TipCone,0.0,4.678729688031243,13.152527735396383,13.163498367410572,4.676233148038271,13.145295151322555,13.15636347932055,14.70150963508193,15.953672720055847,88.0288105566683,7.285801887087242,15.146883553478482
29.05604,0.01689,59.2077,Done,EntryTipCone,161.2405,0.00399,4.67914,13.16183,13.16183,1.0,13.16183,4.67914,0.0,0.0,0.0,0.5969,1.0,6,6,1,0.69981,0.90539,0.04068,0.90117,0.56129,0.07305,0.82,0.7,0.06,0.9,0.56,0.06,-2.59988,-9.78675,16.45978,-75.57866,-3.66714,68.75347,double_rcm_log_20260616_133526_303.csv,59.2077,Unknown,Task4_EntryRCM_TipCone,0.0,4.6790718139761,13.153487357726172,13.164460395886536,4.679540399732233,13.154633579670117,13.1656940569041,14.79426715607758,18.239421894082515,51.07461802641367,7.77326564104699,16.201128988708916
29.08905,0.01647,60.70197,Done,EntryTipCone,161.2399,0.00462,4.67948,13.16265,13.16265,1.0,13.16265,4.67948,0.0,0.0,0.0,0.5969,1.0,6,6,1,0.70043,0.90575,0.0406,0.90074,0.56105,0.0731,0.82,0.7,0.06,0.9,0.56,0.06,-2.57368,-9.45419,15.91944,-75.68856,-3.66586,68.67781,double_rcm_log_20260616_133526_303.csv,60.70197,Unknown,Task4_EntryRCM_TipCone,0.0,4.678983433104767,13.153239460004407,13.164211876554894,4.678596697854616,13.151562878754984,13.162830242770738,14.791965582824325,18.014654023408454,30.210481128653733,8.28421989193911,17.140713698926206
29.12232,0.01661,60.18948,Done,EntryTipCone,161.239,0.00518,4.68002,13.1639,13.1639,1.0,13.1639,4.68002,0.0,0.0,0.0,0.5969,1.0,6,6,1,0.70106,0.90611,0.04054,0.90032,0.56081,0.07314,0.82,0.7,0.06,0.9,0.56,0.06,-2.54921,-9.09801,15.33733,-75.79333,-3.65768,68.58971,double_rcm_log_20260616_133526_303.csv,60.18948,Unknown,Task4_EntryRCM_TipCone,0.0,4.681086393296171,13.159138002101926,13.170125215780233,4.6807236378772785,13.15756839822032,13.168830623863302,14.72496866607293,18.156329461321498,41.815127994948,8.834639033799906,18.780076962542964
29.15634,0.01704,58.69133,Done,EntryTipCone,161.2379,0.00625,4.68074,13.16548,13.16548,1.0,13.16548,4.68074,0.0,0.0,0.0,0.5969,1.0,6,6,1,0.7017,0.90648,0.04051,0.89988,0.56056,0.07315,0.82,0.7,0.06,0.9,0.56,0.06,-2.52628,-8.71014,14.69967,-75.89426,-3.64106,68.48556,double_rcm_log_20260616_133526_303.csv,58.69133,Unknown,Task4_EntryRCM_TipCone,0.0,4.680954318246202,13.158767548515366,13.169753832478396,4.67848517528625,13.151146484096133,13.162465574503894,14.867961863983648,15.711465409871801,81.794669277315,9.47721410487935,21.096513329375167
29.18948,0.01685,59.36323,Done,EntryTipCone,161.2365,0.00742,4.68132,13.16652,13.16652,1.0,13.16652,4.68132,0.0,0.0,0.0,0.5969,1.0,6,6,1,0.70233,0.90684,0.04051,0.89945,0.56032,0.07315,0.82,0.7,0.06,0.9,0.56,0.06,-2.50614,-8.3055,14.03048,-75.98643,-3.61558,68.36776,double_rcm_log_20260616_133526_303.csv,59.36323,Unknown,Task4_EntryRCM_TipCone,0.0,4.681890999103153,13.161394816750281,13.172387695417978,4.679591139351331,13.153863076912202,13.165386435650126,14.759573228014759,16.044453444477472,37.28075543502439,10.180362439425878,23.106822094888567
29.22249,0.01662,60.16328,Done,EntryTipCone,161.2349,0.00878,4.68207,13.16802,13.16802,1.0,13.16802,4.68207,0.0,0.0,0.0,0.59691,1.0,6,6,1,0.70295,0.9072,0.04054,0.89903,0.56008,0.07313,0.82,0.7,0.06,0.9,0.56,0.06,-2.48832,-7.87453,13.31368,-76.07233,-3.5798,68.23223,double_rcm_log_20260616_133526_303.csv,60.16328,Unknown,Task4_EntryRCM_TipCone,0.0,4.6819174594548345,13.161469034551457,13.172462099551824,4.679817310288725,13.154501657081275,13.166024456911817,14.744236362309683,16.18297353937926,97.41377292879783,10.940060650399209,26.61550449788611
29.25614,0.01692,59.09931,Done,EntryTipCone,161.2327,0.01071,4.6832,13.17047,13.17047,1.0,13.17047,4.6832,0.0,0.0,0.0,0.59691,1.0,6,6,1,0.70358,0.90756,0.04059,0.8986,0.55983,0.07309,0.82,0.7,0.06,0.9,0.56,0.06,-2.47259,-7.40429,12.52717,-76.15398,-3.53127,68.07277,double_rcm_log_20260616_133526_303.csv,59.09931,Unknown,Task4_EntryRCM_TipCone,0.0,4.682895833288874,13.164213242316208,13.17521319845464,4.679667488954767,13.154383241396715,13.165751023014233,14.76152538103779,16.029559844985148,93.97337240031575,11.894128727555353,30.826099869683667
29.2883,0.01573,63.56385,Done,EntryTipCone,161.2307,0.01243,4.68391,13.172,13.172,1.0,13.172,4.68391,0.0,0.0,0.0,0.59692,1.0,6,6,1,0.70418,0.9079,0.04067,0.89819,0.5596,0.07304,0.82,0.7,0.06,0.9,0.56,0.06,-2.46017,-6.91531,11.7044,-76.22664,-3.46977,67.89374,double_rcm_log_20260616_133526_303.csv,63.56385,Unknown,Task4_EntryRCM_TipCone,0.0,4.683686478884405,13.166430894672857,13.177436421795676,4.681614166169872,13.159574987291718,13.171093348693566,14.504549643765717,16.947614745661063,50.58666747705212,12.90219283883616,35.20401543379844
29.32056,0.01599,62.52631,Done,EntryTipCone,161.2269,0.01563,4.6855,13.17524,13.17524,1.0,13.17524,4.6855,0.0,0.0,0.0,0.59693,1.0,6,6,1,0.70477,0.90824,0.04077,0.89779,0.55938,0.07297,0.82,0.7,0.06,0.9,0.56,0.06,-2.45034,-6.39005,10.81577,-76.29492,-3.3921,67.68726,double_rcm_log_20260616_133526_303.csv,62.52631,Unknown,Task4_EntryRCM_TipCone,0.0,4.684244601672063,13.167996350964291,13.179005811819314,4.681876424720214,13.159705982219428,13.171537495676052,14.487146256659603,14.886914207167754,112.59779244077819,14.100994508939886,42.380565246954056
29.3516,0.0152,65.80297,Done,EntryTipCone,161.223,0.01905,4.68692,13.17834,13.17834,1.0,13.17834,4.68692,0.0,0.0,0.0,0.59693,1.0,6,6,1,0.70533,0.90857,0.04088,0.8974,0.55916,0.07289,0.82,0.7,0.06,0.9,0.56,0.06,-2.44383,-5.83585,9.87269,-76.35692,-3.29635,67.45294,double_rcm_log_20260616_133526_303.csv,65.80297,Unknown,Task4_EntryRCM_TipCone,0.0,4.686505882728357,13.174338914997106,13.185364323285542,4.683637339803967,13.164474397173876,13.176406945749676,14.400664452518452,16.2464834467515,201.5273852053135,15.5124739615356,46.8370154144743
29.38198,0.01491,67.07314,Done,EntryTipCone,161.2171,0.0243,4.68906,13.18256,13.18256,1.0,13.18256,4.68906,0.0,0.0,0.0,0.59695,1.0,6,6,1,0.70587,0.90888,0.04101,0.89703,0.55896,0.0728,0.82,0.7,0.06,0.9,0.56,0.06,-2.44054,-5.24568,8.86275,-76.41547,-3.17864,67.18543,double_rcm_log_20260616_133526_303.csv,67.07314,Unknown,Task4_EntryRCM_TipCone,0.0,4.688366930243608,13.179558866843161,13.190597411504555,4.6854530364211,13.168787398179907,13.18114183217829,13.937876708901971,17.668745913866978,115.77995253442535,16.910080319090305,52.37386398581428
29.41351,0.01589,62.91523,Done,EntryTipCone,161.206,0.03396,4.69294,13.19054,13.19054,1.0,13.19054,4.69294,0.0,0.0,0.0,0.59698,1.0,6,6,1,0.70639,0.90919,0.04114,0.89666,0.55876,0.0727,0.82,0.7,0.06,0.9,0.56,0.06,-2.4406,-4.58596,7.7275,-76.47633,-3.02676,66.86528,double_rcm_log_20260616_133526_303.csv,62.91523,Unknown,Task4_EntryRCM_TipCone,0.0,4.693036121363009,13.192655168078346,13.203726716550118,4.6888238618329146,13.177489897548783,13.190269140544487,13.64220213633977,18.299750168465902,302.04032923239265,18.683987463160594,63.23901070251975
29.4452,0.01585,63.07197,Done,EntryTipCone,161.1904,0.04777,4.69795,13.20105,13.20105,1.0,13.20105,4.69795,0.0,0.0,0.0,0.59701,1.0,6,6,1,0.70689,0.90949,0.04128,0.89629,0.55857,0.07259,0.82,0.7,0.06,0.9,0.56,0.06,-2.44538,-3.85111,6.45497,-76.54162,-2.82824,66.48166,double_rcm_log_20260616_133526_303.csv,63.07197,Unknown,Task4_EntryRCM_TipCone,0.0,4.698723495758646,13.20860718498203,13.21971902296009,4.693555983464294,13.189321204904903,13.202920131546664,13.040265214437666,32.17991492167779,576.5980847418275,20.798907995425314,64.54835738188369
29.47684,0.01592,62.81215,Done,EntryTipCone,161.1658,0.06995,4.70511,13.21551,13.21551,1.0,13.21551,4.70511,0.0,0.0,0.0,0.59708,1.0,6,6,1,0.70733,0.90976,0.04141,0.89595,0.5584,0.07248,0.82,0.7,0.06,0.9,0.56,0.06,-2.45586,-3.04982,5.05837,-76.61849,-2.56895,66.03201,double_rcm_log_20260616_133526_303.csv,62.81215,Unknown,Task4_EntryRCM_TipCone,0.0,4.705599910745114,13.227894063581527,13.239054744588888,4.699137732824672,13.203343690724141,13.217900741040548,11.775086578505029,50.65516107813839,509.62789528957387,22.57652294345636,45.23473312193329
29.50857,0.01597,62.60433,Done,EntryTipCone,161.1267,0.10536,4.71551,13.23609,13.23609,1.0,13.23609,4.71551,0.0,0.0,0.0,0.59717,1.0,6,6,1,0.70768,0.91001,0.0415,0.89564,0.55827,0.07238,0.82,0.7,0.06,0.9,0.56,0.06,-2.47317,-2.20641,3.5786,-76.71908,-2.23086,65.52481,double_rcm_log_20260616_133526_303.csv,62.60433,Unknown,Task4_EntryRCM_TipCone,0.0,4.716188665866802,13.257592892431482,13.268829064579538,4.707056539017303,13.222323547697671,13.238840583676515,10.129565385258482,61.60467500997835,156.85532051306137,23.008011132908866,53.09486190524971
29.54027,0.01637,61.09747,Done,EntryTipCone,161.0684,0.15863,4.72957,13.2634,13.2634,1.0,13.2634,4.72957,0.0,0.0,0.0,0.59732,1.0,6,6,1,0.70791,0.9102,0.04153,0.89537,0.55819,0.0723,0.82,0.7,0.06,0.9,0.56,0.06,-2.49776,-1.40412,2.16165,-76.8581,-1.80616,65.01268,double_rcm_log_20260616_133526_303.csv,61.09747,Unknown,Task4_EntryRCM_TipCone,0.0,4.7302166462908435,13.296937196807738,13.308273902550773,4.717600800330249,13.246754319455041,13.266612227694027,8.347489810068028,58.94614807055481,337.42179445252424,20.668523924699,132.48700784715135
29.57253,0.01623,61.6028,Done,EntryTipCone,160.9896,0.23099,4.74586,13.29362,13.29362,1.0,13.29362,4.74586,0.0,0.0,0.0,0.59752,1.0,6,6,1,0.70803,0.91035,0.04151,0.89514,0.55815,0.07224,0.82,0.7,0.06,0.9,0.56,0.06,-2.5279,-0.76197,1.02071,-77.04108,-1.31758,64.5872,double_rcm_log_20260616_133526_303.csv,61.6028,Unknown,Task4_EntryRCM_TipCone,0.0,4.745792592143618,13.340622148918479,13.352071182248647,4.729756916775975,13.274475449581367,13.298860853471618,6.841264932963032,42.05154765356571,610.2777388553759,15.547224113038679,187.18308112837394
29.60448,0.01594,62.7241,Done,EntryTipCone,160.8996,0.31347,4.76066,13.31869,13.31869,1.0,13.31869,4.76066,0.0,0.0,0.0,0.59775,1.0,6,6,1,0.70808,0.91047,0.04145,0.89495,0.55814,0.07218,0.82,0.7,0.06,0.9,0.56,0.06,-2.55882,-0.37191,0.3242,-77.24463,-0.8356,64.33072,double_rcm_log_20260616_133526_303.csv,62.7241,Unknown,Task4_EntryRCM_TipCone,0.0,4.760461765042701,13.381763026073779,13.393318523583847,4.736407502389132,13.286135109724217,13.315949083711617,6.200772659029907,22.370512817380643,508.3765839552087,9.847752177647688,173.34538179067297
29.6368,0.01625,61.5214,Done,EntryTipCone,160.8032,0.40125,4.77118,13.33239,13.33239,1.0,13.33239,4.77118,0.0,0.0,0.0,0.59799,1.0,6,6,1,0.70809,0.91058,0.0414,0.89476,0.55815,0.07212,0.82,0.7,0.06,0.9,0.56,0.06,-2.58492,-0.19696,0.01204,-77.42672,-0.4386,64.23085,double_rcm_log_20260616_133526_303.csv,61.5214,Unknown,Task4_EntryRCM_TipCone,0.0,4.771437247635349,13.41254407768091,13.424179661759032,4.742990184630587,13.296143107625687,13.333210416100108,5.98327399462965,18.29190310753126,286.73628381894537,5.676367835960496,114.72880731864035
29.6685,0.01581,63.2565,Done,EntryTipCone,160.7063,0.48835,4.77619,13.33269,13.33269,1.0,13.33269,4.77619,0.0,0.0,0.0,0.59824,1.0,6,6,1,0.70808,0.91068,0.04137,0.89459,0.55816,0.07205,0.82,0.7,0.06,0.9,0.56,0.06,-2.6039,-0.13639,-0.09322,-77.55946,-0.15983,64.21676,double_rcm_log_20260616_133526_303.csv,63.2565,Unknown,Task4_EntryRCM_TipCone,0.0,4.776317907774956,13.426231869170584,13.437903185230933,4.744238528385189,13.291938216018847,13.336273842419427,5.794728491946815,19.905118119485437,123.13609870544552,3.361279083528555,65.88063664433929
29.69876,0.01546,64.70005,Done,EntryTipCone,160.6128,0.57168,4.77574,13.32017,13.32017,1.0,13.32017,4.77574,0.0,0.0,0.0,0.59847,1.0,6,6,1,0.70805,0.91078,0.04135,0.89444,0.55818,0.07196,0.82,0.7,0.06,0.9,0.56,0.06,-2.61601,-0.11796,-0.12054,-77.63786,0.00556,64.23425,double_rcm_log_20260616_133526_303.csv,64.70005,Unknown,Task4_EntryRCM_TipCone,0.0,4.7750435791975825,13.422658029257601,13.434320008740167,4.736283235369454,13.261943238512927,13.314187921161404,5.871145455296453,13.086088154381299,95.15622388140338,1.8734916109287423,42.33283169857599
29.73077,0.01588,62.97321,Done,EntryTipCone,160.5134,0.65978,4.7695,13.2927,13.2927,1.0,13.2927,4.7695,0.0,0.0,0.0,0.59872,1.0,6,6,1,0.70801,0.91087,0.04136,0.89428,0.5582,0.07186,0.82,0.7,0.06,0.9,0.56,0.06,-2.62355,-0.10934,-0.12743,-77.67274,0.08764,64.26234,double_rcm_log_20260616_133526_303.csv,62.97321,Unknown,Task4_EntryRCM_TipCone,0.0,4.768462815628321,13.40420224749143,13.415816091136993,4.727224053568234,13.228460925653412,13.289770502156937,5.899687134923902,15.127530133633474,123.41681547910486,0.8977634058839363,24.351015080860748
29.76279,0.01609,62.1651,Done,EntryTipCone,160.4131,0.74785,4.75732,13.25087,13.25087,1.0,13.25087,4.75732,0.0,0.0,0.0,0.59897,1.0,6,6,1,0.70796,0.91096,0.04138,0.89413,0.55823,0.07175,0.82,0.7,0.06,0.9,0.56,0.06,-2.62931,-0.10458,-0.12651,-77.68007,0.12424,64.29395,double_rcm_log_20260616_133526_303.csv,62.1651,Unknown,Task4_EntryRCM_TipCone,0.0,4.758096146598307,13.375128517821516,13.386666802001704,4.713576201359863,13.181812295151833,13.25338824602979,5.821809771949996,19.657807384604222,52.221260225647505,0.5249920950577711,12.246608447105139
29.79495,0.01523,65.65697,Done,EntryTipCone,160.312,0.83585,4.7395,13.19526,13.19526,1.0,13.19526,4.7395,0.0,0.0,0.0,0.59923,1.0,6,6,1,0.7079,0.91105,0.04143,0.894,0.55826,0.07162,0.82,0.7,0.06,0.9,0.56,0.06,-2.63503,-0.09792,-0.12883,-77.67041,0.1395,64.32433,double_rcm_log_20260616_133526_303.csv,65.65697,Unknown,Task4_EntryRCM_TipCone,0.0,4.739628990702189,13.32333557107097,13.334740066685963,4.691071028319664,13.11116236119205,13.19287686594552,5.959715139827786,15.273061858338782,79.28352237869512,0.4701700152291936,6.525129951382914
29.82679,0.01593,62.79008,Done,EntryTipCone,160.2121,0.92282,4.71592,13.12562,13.12562,1.0,13.12562,4.71592,0.0,0.0,0.0,0.59948,1.0,6,6,1,0.70782,0.91112,0.0415,0.89387,0.5583,0.07148,0.82,0.7,0.06,0.9,0.56,0.06,-2.64151,-0.09286,-0.12885,-77.64888,0.1444,64.35525,double_rcm_log_20260616_133526_303.csv,62.79008,Unknown,Task4_EntryRCM_TipCone,0.0,4.715660978118999,13.256112870039656,13.267345272075554,4.665402592035638,13.031004507003226,13.124682853311155,6.140527148867664,15.693506365318404,73.00328479204116,0.5268726443615948,3.9419497646810076
29.85865,0.01601,62.47186,Done,EntryTipCone,160.1116,1.00935,4.68697,13.04319,13.04319,1.0,13.04319,4.68697,0.0,0.0,0.0,0.59973,1.0,6,6,1,0.70773,0.9112,0.04158,0.89375,0.55834,0.07133,0.82,0.7,0.06,0.9,0.56,0.06,-2.64929,-0.08813,-0.12884,-77.61963,0.14744,64.38612,double_rcm_log_20260616_133526_303.csv,62.47186,Unknown,Task4_EntryRCM_TipCone,0.0,4.688225443007492,13.1791620174105,13.190199563005246,4.635538791370249,12.93958185033577,13.045573962076189,6.309149118587907,17.203392562999866,79.08018294675556,0.5927674756585102,3.2431837373860124
29.89173,0.01694,59.0176,Done,EntryTipCone,160.0082,1.09829,4.6511,12.94327,12.94327,1.0,12.94327,4.6511,0.0,0.0,0.0,0.59999,1.0,6,6,1,0.70762,0.91127,0.04169,0.89364,0.55838,0.07115,0.82,0.7,0.06,0.9,0.56,0.06,-2.65878,-0.08329,-0.1295,-77.58075,0.14842,64.41757,double_rcm_log_20260616_133526_303.csv,59.0176,Unknown,Task4_EntryRCM_TipCone,0.0,4.651168097181227,13.07521923396951,13.085997180303062,4.595241903315172,12.819433864854782,12.938179933823797,6.476632447268733,13.554918704733254,42.242380123661775,0.6720579652890432,3.075057278912292
29.92318,0.01588,62.9656,Done,EntryTipCone,159.9093,1.18243,4.61129,12.83476,12.83476,1.0,12.83476,4.61129,0.0,0.0,0.0,0.60024,1.0,6,6,1,0.7075,0.91133,0.04182,0.89354,0.55843,0.07098,0.82,0.7,0.06,0.9,0.56,0.06,-2.66926,-0.0801,-0.12828,-77.53654,0.14881,64.44814,double_rcm_log_20260616_133526_303.csv,62.9656,Unknown,Task4_EntryRCM_TipCone,0.0,4.611339208795529,12.963496406120822,12.973999909284332,4.556300163813335,12.702922740607654,12.83576643601778,6.58893404037232,15.918622214747861,92.00417457933912,0.7491703219541107,2.949009072240637
29.95532,0.01605,62.30042,Done,EntryTipCone,159.8084,1.2676,4.56523,12.71105,12.71105,1.0,12.71105,4.56523,0.0,0.0,0.0,0.60049,1.0,6,6,1,0.70737,0.91139,0.04197,0.89345,0.55848,0.07079,0.82,0.7,0.06,0.9,0.56,0.06,-2.68142,-0.07741,-0.12676,-77.48434,0.14915,64.47919,double_rcm_log_20260616_133526_303.csv,62.30042,Unknown,Task4_EntryRCM_TipCone,0.0,4.565231655822266,12.834153663480496,12.844345323306793,4.509984494376778,12.566311128752808,12.713654077408318,6.919933377180759,17.440922608424906,53.920900968080694,0.827413114579874,2.8486742027522514
29.98794,0.01584,63.1447,Done,EntryTipCone,159.7069,1.35284,4.51297,12.57215,12.57215,1.0,12.57215,4.51297,0.0,0.0,0.0,0.60075,1.0,6,6,1,0.70722,0.91144,0.04213,0.89337,0.55854,0.07058,0.82,0.7,0.06,0.9,0.56,0.06,-2.6951,-0.07444,-0.12642,-77.42368,0.14789,64.50987,double_rcm_log_20260616_133526_303.csv,63.1447,Unknown,Task4_EntryRCM_TipCone,0.0,4.513144612689647,12.688027023512163,12.697873891564623,4.4556501554198995,12.407149613769551,12.570795519775212,7.291272689271628,13.171837300377474,127.10090494048096,0.9026480845371004,2.6334009325118646
30.02037,0.0157,63.6761,Done,EntryTipCone,159.6073,1.43685,4.45558,12.42115,12.42115,1.0,12.42115,4.45558,0.0,0.0,0.0,0.601,1.0,6,6,1,0.70707,0.91149,0.04232,0.89329,0.5586,0.07036,0.82,0.7,0.06,0.9,0.56,0.06,-2.71027,-0.07202,-0.12611,-77.35731,0.14858,64.53984,double_rcm_log_20260616_133526_303.csv,63.6761,Unknown,Task4_EntryRCM_TipCone,0.0,4.455946424692644,12.527549340586527,12.537026637639336,4.398809863037968,12.241184520361543,12.422306549107548,7.459325779182001,16.57962259588726,78.96293927136745,0.9731728136967156,2.7623228607326697
30.0519,0.01563,63.96479,Done,EntryTipCone,159.5105,1.51725,4.39472,12.26262,12.26262,1.0,12.26262,4.39472,0.0,0.0,0.0,0.60124,1.0,6,6,1,0.7069,0.91153,0.04252,0.89323,0.55866,0.07014,0.82,0.7,0.06,0.9,0.56,0.06,-2.72644,-0.06969,-0.12652,-77.2867,0.15009,64.56839,double_rcm_log_20260616_133526_303.csv,63.96479,Unknown,Task4_EntryRCM_TipCone,0.0,4.394940109065846,12.35637365639526,12.365467091255839,4.338915394068115,12.06765320375732,12.265728677905797,7.6254665279040355,16.58844886013378,157.11349722483496,1.0608896601159672,2.8126979751017545
30.08286,0.01602,62.42369,Done,EntryTipCone,159.4164,1.59529,4.33002,12.0953,12.0953,1.0,12.0953,4.33002,0.0,0.0,0.0,0.60148,1.0,6,6,1,0.70673,0.91156,0.04273,0.89319,0.55872,0.06991,0.82,0.7,0.06,0.9,0.56,0.06,-2.74325,-0.06898,-0.12475,-77.20912,0.14679,64.59694,double_rcm_log_20260616_133526_303.csv,62.42369,Unknown,Task4_EntryRCM_TipCone,0.0,4.329995891729865,12.17413334923915,12.18282968331015,4.272827402235558,11.877781844202294,12.092253718806928,7.963899600211625,12.897772622272766,62.22924293457576,1.1333809284845724,2.414633236740925
30.11529,0.01629,61.38439,Done,EntryTipCone,159.3185,1.67533,4.25722,11.90851,11.90851,1.0,11.90851,4.25722,0.0,0.0,0.0,0.60173,1.0,6,6,1,0.70654,0.91159,0.04297,0.89314,0.55879,0.06966,0.82,0.7,0.06,0.9,0.56,0.06,-2.76265,-0.06821,-0.12398,-77.12423,0.14959,64.6259,double_rcm_log_20260616_133526_303.csv,61.38439,Unknown,Task4_EntryRCM_TipCone,0.0,4.25784697225818,11.971657559599382,11.979926484197598,4.202357002540257,11.674886657331562,11.909630556822483,8.245139095344422,14.474380605028285,144.64002442181578,1.1918225428127218,2.5150961916525456
30.14693,0.01607,62.24325,Done,EntryTipCone,159.2247,1.75239,4.18142,11.71533,11.71533,1.0,11.71533,4.18142,0.0,0.0,0.0,0.60196,1.0,6,6,1,0.70634,0.91161,0.04322,0.89311,0.55887,0.06941,0.82,0.7,0.06,0.9,0.56,0.06,-2.78286,-0.06746,-0.12415,-77.03543,0.15263,64.65315,double_rcm_log_20260616_133526_303.csv,62.24325,Unknown,Task4_EntryRCM_TipCone,0.0,4.182212636376537,11.759380063934582,11.767216209477306,4.127855679925026,11.461097410202703,11.717384520446577,8.536751270694428,16.0178576909375,23.853566551226912,1.274560233757731,2.92256441245643
30.17894,0.01612,62.04236,Done,EntryTipCone,159.1314,1.82866,4.09993,11.50867,11.50867,1.0,11.50867,4.09988,0.0,0.0,0.0,0.6022,1.0,6,6,1,0.70613,0.91163,0.0435,0.89309,0.55894,0.06914,0.82,0.7,0.06,0.9,0.56,0.06,-2.80425,-0.06653,-0.12535,-76.93746,0.15125,64.67977,double_rcm_log_20260616_133526_303.csv,62.04236,Unknown,Task4_EntryRCM_TipCone,0.0,4.099212951195753,11.526407199499978,11.533786093782329,4.046832480842872,11.230375087920466,11.507010906399612,8.803085365170228,13.623668824581546,113.02300587809042,1.3540181622408811,2.6226006594407076
30.21069,0.01559,64.12805,Done,EntryTipCone,159.0403,1.9028,4.01459,11.29392,11.29392,1.0,11.29392,4.01459,0.0,0.0,0.0,0.60243,1.0,6,6,1,0.70591,0.91164,0.04378,0.89308,0.55902,0.06887,0.82,0.7,0.06,0.9,0.56,0.06,-2.82672,-0.06553,-0.12761,-76.83527,0.15127,64.70509,double_rcm_log_20260616_133526_303.csv,64.12805,Unknown,Task4_EntryRCM_TipCone,0.0,4.014585238735148,11.28883970361853,11.295771049572947,3.9635671861934925,10.993402287106335,11.292639195511416,9.076051750070507,12.394661519012644,87.66080806523057,1.4299742174717869,2.4849289509553425
30.24238,0.01529,65.42362,Done,EntryTipCone,158.9503,1.97533,3.92476,11.06915,11.06915,1.0,11.06915,3.92476,0.0,0.0,0.0,0.60265,1.0,6,6,1,0.70568,0.91164,0.04408,0.89308,0.55911,0.06859,0.82,0.7,0.06,0.9,0.56,0.06,-2.85019,-0.06783,-0.12474,-76.72646,0.14873,64.73204,double_rcm_log_20260616_133526_303.csv,65.42362,Unknown,Task4_EntryRCM_TipCone,0.0,3.924468468711341,11.035836224041919,11.042311286674241,3.875067013436296,10.741885309385909,11.06646284952878,9.39852151630114,10.784748226452368,91.9633506370503,1.491776190153988,2.20785941185933
30.27398,0.01569,63.7384,Done,EntryTipCone,158.8624,2.04574,3.83094,10.836,10.836,1.0,10.836,3.83094,0.0,0.0,0.0,0.60288,1.0,6,6,1,0.70544,0.91164,0.04439,0.89308,0.55919,0.0683,0.82,0.7,0.06,0.9,0.56,0.06,-2.8752,-0.07044,-0.12248,-76.61553,0.15297,64.75793,double_rcm_log_20260616_133526_303.csv,63.7384,Unknown,Task4_EntryRCM_TipCone,0.0,3.8314312729794406,10.77460499342574,10.780630457858376,3.785083339832648,10.487114731164924,10.836627704226103,9.55329219341055,13.59529335516838,91.33430158390988,1.5525252155337639,2.4683203920070267
30.30568,0.01593,62.78351,Done,EntryTipCone,158.776,2.11455,3.73245,10.59287,10.59287,1.0,10.59287,3.73245,0.0,0.0,0.0,0.6031,1.0,6,6,1,0.70519,0.91163,0.04472,0.8931,0.55928,0.06801,0.82,0.7,0.06,0.9,0.56,0.06,-2.90105,-0.06972,-0.12687,-76.49622,0.15213,64.78043,double_rcm_log_20260616_133526_303.csv,62.78351,Unknown,Task4_EntryRCM_TipCone,0.0,3.733571937861247,10.499803443749553,10.505378985863185,3.6907049246819836,10.220491407725227,10.596626821776843,9.81674452251699,14.787266611788453,73.16808113218548,1.6231702327132391,2.225483693110923
30.33918,0.01714,58.35815,Done,EntryTipCone,158.6873,2.18535,3.62401,10.32688,10.32688,1.0,10.32688,3.62401,0.0,0.0,0.0,0.60332,1.0,6,6,1,0.70492,0.91161,0.04509,0.89313,0.55938,0.06769,0.82,0.7,0.06,0.9,0.56,0.06,-2.92978,-0.07361,-0.12445,-76.36658,0.15505,64.80633,double_rcm_log_20260616_133526_303.csv,58.35815,Unknown,Task4_EntryRCM_TipCone,0.0,3.62448960092943,10.193450203252509,10.198551266877372,3.585433457581374,9.923686814888956,10.330411414846976,10.172146831446812,13.862378474133486,64.7804045961518,1.6876934812279287,2.110294385981886
30.37078,0.01588,62.95604,Done,EntryTipCone,158.6055,2.25015,3.51758,10.06767,10.06767,1.0,10.06767,3.51758,0.0,0.0,0.0,0.60353,1.0,6,6,1,0.70465,0.91158,0.04545,0.89317,0.55947,0.06738,0.82,0.7,0.06,0.9,0.56,0.06,-2.9578,-0.07652,-0.12439,-76.23818,0.15591,64.82912,double_rcm_log_20260616_133526_303.csv,62.95604,Unknown,Task4_EntryRCM_TipCone,0.0,3.517362169472176,9.892551267451362,9.897213326366545,3.482391021662734,9.63422656669759,10.06946870495162,10.491526403506693,11.573777223240388,91.06465641894883,1.7526167734743665,2.846839840738901
30.40248,0.0152,65.79546,Done,EntryTipCone,158.5258,2.31313,3.40732,9.8007,9.8007,1.0,9.8007,3.40732,0.0,0.0,0.0,0.60373,1.0,6,6,1,0.70438,0.91155,0.04582,0.89322,0.55957,0.06706,0.82,0.7,0.06,0.9,0.56,0.06,-2.98681,-0.07878,-0.12643,-76.10459,0.15652,64.85027,double_rcm_log_20260616_133526_303.csv,65.79546,Unknown,Task4_EntryRCM_TipCone,0.0,3.4068375465240606,9.582074085118464,9.58631038890021,3.3740993286467442,9.330270339887527,9.797800773643038,10.726396283969285,10.906151361413364,63.70830746126939,1.8394150148383237,2.5645559441280237
30.43311,0.01576,63.47005,Done,EntryTipCone,158.4507,2.37198,3.29693,9.53589,9.53589,1.0,9.53589,3.29693,0.0,0.0,0.0,0.60392,1.0,6,6,1,0.70411,0.91151,0.04619,0.89327,0.55967,0.06675,0.82,0.7,0.06,0.9,0.56,0.06,-3.0152,-0.08252,-0.12622,-75.96696,0.14836,64.87093,double_rcm_log_20260616_133526_303.csv,63.47005,Unknown,Task4_EntryRCM_TipCone,0.0,3.2973438594997493,9.274457765692942,9.27829865338514,3.2691409442478023,9.035849455619314,9.537520642179514,11.000236142323423,10.829062050426826,103.58114747259071,1.8956566167677869,2.283698261545354
30.46545,0.01536,65.09354,Done,EntryTipCone,158.3741,2.43209,3.177,9.25051,9.25051,1.0,9.25051,3.177,0.0,0.0,0.0,0.60411,1.0,6,6,1,0.70381,0.91147,0.04659,0.89334,0.55978,0.06641,0.82,0.7,0.06,0.9,0.56,0.06,-3.04673,-0.08828,-0.12414,-75.82181,0.14953,64.89263,double_rcm_log_20260616_133526_303.csv,65.09354,Unknown,Task4_EntryRCM_TipCone,0.0,3.1769464586136023,8.93616902426134,8.9396044061586,3.151363547430449,8.706298780856217,9.246193811509684,11.171289985287991,10.472655263275527,40.264819266438806,1.9028126979888,1.9339869701804024
30.49719,0.01576,63.47142,Done,EntryTipCone,158.3007,2.4886,3.05563,8.96459,8.96459,1.0,8.96459,3.05563,0.0,0.0,0.0,0.6043,1.0,6,6,1,0.70351,0.91141,0.047,0.89341,0.55988,0.06608,0.82,0.7,0.06,0.9,0.56,0.06,-3.07932,-0.09278,-0.12548,-75.67855,0.16007,64.91164,double_rcm_log_20260616_133526_303.csv,63.47142,Unknown,Task4_EntryRCM_TipCone,0.0,3.0563055383138193,8.597156472571081,8.600215207615767,3.038033126300104,8.389836433722373,8.967100980807556,11.33687752314081,11.616553028310046,63.62554876866469,1.9681464636860824,2.4730549314125856
30.52897,0.01532,65.26924,Done,EntryTipCone,158.2308,2.54305,2.93125,8.67402,8.67402,1.0,8.67402,2.93125,0.0,0.0,0.0,0.60448,1.0,6,6,1,0.70321,0.91135,0.04742,0.8935,0.55999,0.06574,0.82,0.7,0.06,0.9,0.56,0.06,-3.11163,-0.09894,-0.12428,-75.52525,0.15628,64.93088,double_rcm_log_20260616_133526_303.csv,65.26924,Unknown,Task4_EntryRCM_TipCone,0.0,2.931676610977407,8.246897230155524,8.249596870507533,2.9172767135209265,8.053174815896256,8.6716607405964,11.630649866774325,9.813534946046994,38.37391626016755,2.034015745151286,2.1551800057293207
30.56056,0.01587,63.00751,Done,EntryTipCone,158.1632,2.59479,2.80449,8.38152,8.38152,1.0,8.38152,2.80449,0.0,0.0,0.0,0.60465,1.0,6,6,1,0.7029,0.91128,0.04785,0.89359,0.5601,0.0654,0.82,0.7,0.06,0.9,0.56,0.06,-3.14515,-0.10494,-0.12461,-75.37221,0.1605,64.94845,double_rcm_log_20260616_133526_303.csv,63.00751,Unknown,Task4_EntryRCM_TipCone,0.0,2.804938712582059,7.890670893816133,7.8930353641279,2.7973482434081838,7.719088128688631,8.38201049868111,11.788901405378496,9.288971185039973,23.41636474597452,2.088959283796833,2.0081626177192966
30.59171,0.01557,64.21712,Done,EntryTipCone,158.1011,2.64348,2.67642,8.08899,8.08899,1.0,8.08899,2.67642,0.0,0.0,0.0,0.6048,1.0,6,6,1,0.70258,0.91121,0.04828,0.89369,0.56021,0.06506,0.82,0.7,0.06,0.9,0.56,0.06,-3.17832,-0.1131,-0.12174,-75.21364,0.1558,64.96606,double_rcm_log_20260616_133526_303.csv,64.21712,Unknown,Task4_EntryRCM_TipCone,0.0,2.6770589353490917,7.5311959150479115,7.533251537390772,2.6760033227570084,7.381601764887168,8.090970275560313,12.035091072568884,11.074573358644244,54.52312580913767,2.1462982139948106,1.4170679133546247
30.62345,0.01623,61.61856,Done,EntryTipCone,158.0394,2.69082,2.54361,7.79029,7.79029,1.0,7.79029,2.54361,0.0,0.0,0.0,0.60496,1.0,6,6,1,0.70226,0.91113,0.04873,0.8938,0.56033,0.06471,0.82,0.7,0.06,0.9,0.56,0.06,-3.21302,-0.11839,-0.12517,-75.05051,0.15519,64.98049,double_rcm_log_20260616_133526_303.csv,61.61856,Unknown,Task4_EntryRCM_TipCone,0.0,2.544277346653616,7.157902078547255,7.15966676933556,2.5496441188182764,7.030365894843931,7.7931380072471335,12.294372856036654,11.610924742789681,56.27860367941946,2.1623145019751853,1.4325991523472281
30.65547,0.01596,62.64794,Done,EntryTipCone,157.9792,2.73588,2.4068,7.48798,7.48798,1.0,7.48798,2.4068,0.0,0.0,0.0,0.60511,1.0,6,6,1,0.70193,0.91103,0.04919,0.89392,0.56045,0.06435,0.82,0.7,0.06,0.9,0.56,0.06,-3.24929,-0.12977,-0.11909,-74.88551,0.16136,64.99822,double_rcm_log_20260616_133526_303.csv,62.64794,Unknown,Task4_EntryRCM_TipCone,0.0,2.4073196970912405,6.772827672798088,6.774322469670553,2.4196130196190433,6.669494387479118,7.4894192031158,12.52842382742369,9.184112385216451,98.27952370740746,2.215006443541893,1.7238119618070626
30.68819,0.01593,62.76567,Done,EntryTipCone,157.9232,2.7792,2.26477,7.17866,7.17866,1.0,7.17866,2.26477,0.0,0.0,0.0,0.60525,1.0,6,6,1,0.70159,0.91093,0.04967,0.89406,0.56057,0.06398,0.82,0.7,0.06,0.9,0.56,0.06,-3.28613,-0.13604,-0.12323,-74.70858,0.15689,65.01064,double_rcm_log_20260616_133526_303.csv,62.76567,Unknown,Task4_EntryRCM_TipCone,0.0,2.2648820485721597,6.372304509542607,6.373549377086529,2.2836743117624163,6.292994884423892,7.172788857899039,12.629255177149526,7.158696376578446,51.40482914309065,2.255685375238082,1.2528319927647291
30.7202,0.01633,61.21936,Done,EntryTipCone,157.8703,2.81903,2.12339,6.87817,6.87817,1.0,6.87817,2.12339,0.0,0.0,0.0,0.60539,1.0,6,6,1,0.70124,0.91082,0.05015,0.89419,0.5607,0.06362,0.82,0.7,0.06,0.9,0.56,0.06,-3.32361,-0.14642,-0.1211,-74.53704,0.16324,65.02446,double_rcm_log_20260616_133526_303.csv,61.21936,Unknown,Task4_EntryRCM_TipCone,0.0,2.1233699962215664,5.9743450434280225,5.975370857232632,2.152829648534828,5.930265138708798,6.881169958662529,12.779201831481242,10.7570626635805,57.19455906438873,2.28525828605502,1.4948391562206829
30.75174,0.01576,63.43749,Done,EntryTipCone,157.822,2.85559,1.98238,6.58563,6.58563,1.0,6.58563,1.98238,0.0,0.0,0.0,0.60551,1.0,6,6,1,0.7009,0.91071,0.05063,0.89434,0.56082,0.06326,0.82,0.7,0.06,0.9,0.56,0.06,-3.36046,-0.15579,-0.12123,-74.36232,0.1623,65.03609,double_rcm_log_20260616_133526_303.csv,63.43749,Unknown,Task4_EntryRCM_TipCone,0.0,1.981749515848771,5.576044170837669,5.576878125803829,2.0199164606074684,5.562774072764029,6.582978049484888,12.875934100551405,8.303548235343017,84.23690452655583,2.338586561106854,1.1430865202937477
30.78411,0.01654,60.46962,Done,EntryTipCone,157.7757,2.89046,1.836,6.29045,6.29045,1.0,6.29045,1.836,0.0,0.0,0.0,0.60563,1.0,6,6,1,0.70055,0.91059,0.05113,0.8945,0.56095,0.0629,0.82,0.7,0.06,0.9,0.56,0.06,-3.39875,-0.16617,-0.12094,-74.17993,0.16067,65.04717,double_rcm_log_20260616_133526_303.csv,60.46962,Unknown,Task4_EntryRCM_TipCone,0.0,1.8362265264071886,5.166732212207613,5.167395618646573,1.885001077294463,5.189842149667218,6.2898728127045995,12.956526287011291,6.577318850944961,67.52277746108946,2.3445580016644483,1.0610065907333655
30.81461,0.01586,63.05419,Done,EntryTipCone,157.7348,2.92065,1.69662,6.01899,6.01899,1.0,6.01899,1.69662,0.0,0.0,0.0,0.60573,1.0,6,6,1,0.70021,0.91046,0.0516,0.89465,0.56107,0.06255,0.82,0.7,0.06,0.9,0.56,0.06,-3.43617,-0.17709,-0.12013,-74.01053,0.17083,65.05679,double_rcm_log_20260616_133526_303.csv,63.05419,Unknown,Task4_EntryRCM_TipCone,0.0,1.697354864440381,4.776097299933859,4.776621289834734,1.7584921025228208,4.84039318174124,6.022449667701724,13.167331365452783,10.185152916391742,67.05327124805385,2.3924702926783956,2.5686937807877115
30.84716,0.0155,64.51056,Done,EntryTipCone,157.6963,2.95025,1.54738,5.73911,5.73911,1.0,5.73911,1.54738,0.0,0.0,0.0,0.60583,1.0,6,6,1,0.69985,0.91032,0.05211,0.89483,0.5612,0.06218,0.82,0.7,0.06,0.9,0.56,0.06,-3.47476,-0.18807,-0.1205,-73.8188,0.16009,65.06538,double_rcm_log_20260616_133526_303.csv,64.51056,Unknown,Task4_EntryRCM_TipCone,0.0,1.5481313513294666,4.356312246248227,4.356709833444744,1.6214201035806362,4.462214179599135,5.737708601872357,13.412182459302572,9.603027308516118,98.55653260957186,2.443324183098064,1.064078830080406
30.87982,0.01701,58.80377,Done,EntryTipCone,157.66,2.9769,1.39662,5.47103,5.47103,1.0,5.47103,1.39662,0.0,0.0,0.0,0.60592,1.0,6,6,1,0.69949,0.91018,0.05263,0.89501,0.56134,0.0618,0.82,0.7,0.06,0.9,0.56,0.06,-3.51492,-0.198,-0.12437,-73.62926,0.16251,65.07143,double_rcm_log_20260616_133526_303.csv,58.80377,Unknown,Task4_EntryRCM_TipCone,0.0,1.396792621219118,3.930546646541691,3.930838663757327,1.4849364509539553,4.08559363919322,5.471352666388836,13.570847268889624,7.801668811099103,117.42040430842506,2.447301014882332,1.4607296209440088
30.91129,0.01533,65.22083,Done,EntryTipCone,157.6296,2.99991,1.2518,5.228,5.228,1.0,5.228,1.2518,0.0,0.0,0.0,0.606,1.0,6,6,1,0.69913,0.91003,0.05313,0.8952,0.56147,0.06144,0.82,0.7,0.06,0.9,0.56,0.06,-3.55342,-0.21099,-0.12273,-73.44355,0.15991,65.07836,double_rcm_log_20260616_133526_303.csv,65.22083,Unknown,Task4_EntryRCM_TipCone,0.0,1.2515471693193814,3.521897615473877,3.5221076823153696,1.3550374489374037,3.727615034597074,5.222499401627556,13.495961613089786,6.637742742677165,74.58040282086985,2.479733449154683,1.0511819650939993
30.94315,0.01613,62.00393,Done,EntryTipCone,157.6016,3.02039,1.10553,4.99982,4.99982,1.0,4.99982,1.10535,0.0,0.0,0.0,0.60607,1.0,6,6,1,0.69877,0.90987,0.05365,0.89539,0.5616,0.06108,0.82,0.7,0.06,0.9,0.56,0.06,-3.59298,-0.22612,-0.11859,-73.25394,0.15907,65.0854,double_rcm_log_20260616_133526_303.csv,62.00393,Unknown,Task4_EntryRCM_TipCone,0.0,1.105090360905365,3.1098175156830634,3.1099621302576215,1.2309159045926696,3.3856550326340478,4.997849537551108,13.501114907211804,6.3998434910243125,72.00803800968491,2.4859594063063315,1.7005941741032815
30.97515,0.01585,63.09312,Done,EntryTipCone,157.5779,3.03798,0.96083,4.79343,4.79343,1.0,4.79343,0.96083,0.0,0.0,0.0,0.60613,1.0,6,6,1,0.69841,0.9097,0.05417,0.89559,0.56174,0.06072,0.82,0.7,0.06,0.9,0.56,0.06,-3.63297,-0.23943,-0.11884,-73.06416,0.16163,65.08936,double_rcm_log_20260616_133526_303.csv,63.09312,Unknown,Task4_EntryRCM_TipCone,0.0,0.9605592035727668,2.703135617178419,2.703230588739077,1.1097331405286113,3.0518193816904975,4.7952163663384475,13.637720556732797,7.353315194803612,95.95965673998994,2.4834487989019043,1.100062169812798
31.00788,0.01672,59.82257,Done,EntryTipCone,157.5575,3.05295,0.81757,4.60979,4.60979,1.0,4.60979,0.81757,0.0,0.0,0.0,0.60618,1.0,6,6,1,0.69804,0.90952,0.0547,0.8958,0.56188,0.06035,0.82,0.7,0.06,0.9,0.56,0.06,-3.67413,-0.25168,-0.1225,-72.86959,0.16618,65.09077,double_rcm_log_20260616_133526_303.csv,59.82257,Unknown,Task4_EntryRCM_TipCone,0.0,0.8169027495726693,2.2988979096773905,2.298956326018935,0.9951552727085994,2.736356083440995,4.614856444137761,13.71777939554006,9.495930623860817,70.08444897540247,2.5243089811182955,1.5142322444182446
31.03903,0.01627,61.44971,Done,EntryTipCone,157.5419,3.06456,0.68728,4.46376,4.46376,1.0,4.46376,0.68728,0.0,0.0,0.0,0.60622,1.0,6,6,1,0.69768,0.90935,0.0552,0.89601,0.56201,0.06,0.82,0.7,0.06,0.9,0.56,0.06,-3.71277,-0.26694,-0.12001,-72.67863,0.15985,65.09359,double_rcm_log_20260616_133526_303.csv,61.44971,Unknown,Task4_EntryRCM_TipCone,0.0,0.6878126641450997,1.935636390414158,1.9356712590852923,0.8972809507809728,2.467050870979412,4.467683963755742,13.819370649124435,9.936727376157826,102.36714953923267,2.534320242756975,1.2993860067914897
31.07139,0.01627,61.48074,Done,EntryTipCone,157.5296,3.07337,0.5651,4.34644,4.34644,1.0,4.34644,0.5651,0.0,0.0,0.0,0.60625,1.0,6,6,1,0.69732,0.90916,0.05573,0.89624,0.56215,0.05964,0.82,0.7,0.06,0.9,0.56,0.06,-3.75369,-0.28297,-0.11846,-72.48493,0.1649,65.09485,double_rcm_log_20260616_133526_303.csv,61.48074,Unknown,Task4_EntryRCM_TipCone,0.0,0.5655040797889617,1.5914490264232541,1.5914684055130792,0.8100901510114233,2.2271831122259744,4.346228249873656,13.854053469640853,4.978659932732628,94.40637293305372,2.512528113563624,0.8612128852943078
31.10335,0.01636,61.10754,Done,EntryTipCone,157.5206,3.07931,0.46855,4.26866,4.26866,1.0,4.26866,0.46855,0.0,0.0,0.0,0.60627,1.0,6,6,1,0.69695,0.90896,0.05625,0.89647,0.56229,0.05929,0.82,0.7,0.06,0.9,0.56,0.06,-3.79415,-0.29687,-0.12113,-72.29253,0.16966,65.09327,double_rcm_log_20260616_133526_303.csv,61.10754,Unknown,Task4_EntryRCM_TipCone,0.0,0.47003898379017717,1.3227965355496916,1.3228076638449802,0.7476034766096693,2.0552708973609173,4.26721220470693,13.742944172138529,4.96493344631766,82.41912635215535,2.535870703005519,1.7222989644547972
31.13446,0.01457,68.62605,Done,EntryTipCone,157.5162,3.08218,0.41401,4.23034,4.23034,1.0,4.23034,0.41401,0.0,0.0,0.0,0.60629,1.0,6,6,1,0.6966,0.90877,0.05676,0.89669,0.56242,0.05895,0.82,0.7,0.06,0.9,0.56,0.06,-3.83304,-0.31367,-0.11844,-72.10261,0.16817,65.09278,double_rcm_log_20260616_133526_303.csv,68.62605,Unknown,Task4_EntryRCM_TipCone,0.0,0.41427655774575595,1.1658713132175786,1.1658789322279808,0.7185695292171126,1.975397136313089,4.232611487013675,13.844267726573282,7.7280023949725125,50.61532566400599,2.557606389167864,1.1747393821000907
31.1667,0.01555,64.29866,Done,EntryTipCone,157.5155,3.08236,0.4159,4.23143,4.23143,1.0,4.23143,0.4159,0.0,0.0,0.0,0.60629,1.0,6,6,1,0.69624,0.90856,0.05728,0.89694,0.56256,0.0586,0.82,0.7,0.06,0.9,0.56,0.06,-3.87309,-0.32889,-0.12019,-71.90493,0.16498,65.08925,double_rcm_log_20260616_133526_303.csv,64.29866,Unknown,Task4_EntryRCM_TipCone,0.0,0.4166962489913765,1.1726807716920884,1.1726885249866585,0.7167853300717087,1.9705227732762414,4.22814380077119,13.966351203637577,6.254700898306763,109.20049439179031,2.5520384726441887,1.6273088407022755
31.19884,0.01605,62.31223,Done,EntryTipCone,157.5193,3.07948,0.47601,4.27325,4.27325,1.0,4.27325,0.47601,0.0,0.0,0.0,0.60628,1.0,6,6,1,0.69587,0.90835,0.0578,0.89718,0.5627,0.05825,0.82,0.7,0.06,0.9,0.56,0.06,-3.91324,-0.34297,-0.12493,-71.70949,0.16625,65.08321,double_rcm_log_20260616_133526_303.csv,62.31223,Unknown,Task4_EntryRCM_TipCone,0.0,0.4764464570352806,1.3408282087783023,1.3408397984005156,0.753610093986663,2.071736915284847,4.278422606522154,13.905992948119803,8.294644596141271,63.25398501055651,2.521610001441467,1.7033946214661786
31.2312,0.01698,58.90918,Done,EntryTipCone,157.5259,3.07354,0.57641,4.35692,4.35692,1.0,4.35692,0.57641,0.0,0.0,0.0,0.60626,1.0,6,6,1,0.69551,0.90813,0.05833,0.89744,0.56284,0.05791,0.82,0.7,0.06,0.9,0.56,0.06,-3.95403,-0.36341,-0.11951,-71.51662,0.17465,65.08031,double_rcm_log_20260616_133526_303.csv,58.90918,Unknown,Task4_EntryRCM_TipCone,0.0,0.5778995108878778,1.626331241567706,1.6263519231136372,0.8157892512278246,2.24280079022088,4.357441910111912,13.758030692269292,6.420015407424971,50.0832219637534,2.5312245533714197,2.1569790664733324
31.26211,0.01632,61.28775,Done,EntryTipCone,157.5369,3.06506,0.69464,4.47117,4.47117,1.0,4.47117,0.69464,0.0,0.0,0.0,0.60623,1.0,6,6,1,0.69517,0.90791,0.05882,0.89768,0.56297,0.05759,0.82,0.7,0.06,0.9,0.56,0.06,-3.99186,-0.38073,-0.11834,-71.3274,0.17033,65.07477,double_rcm_log_20260616_133526_303.csv,61.28775,Unknown,Task4_EntryRCM_TipCone,0.0,0.6945047192381747,1.954468195474885,1.954504091835024,0.89835631304574,2.4699302388155417,4.473410332173814,13.72195373850886,7.3636432511773195,75.82166988858074,2.557649113203882,1.1261418683759585
31.2941,0.01673,59.76715,Done,EntryTipCone,157.5524,3.05357,0.82851,4.62237,4.62237,1.0,4.62237,0.82851,0.0,0.0,0.0,0.60619,1.0,6,6,1,0.69482,0.90769,0.05933,0.89794,0.56311,0.05726,0.82,0.7,0.06,0.9,0.56,0.06,-4.03064,-0.39774,-0.11931,-71.13197,0.16497,65.06698,double_rcm_log_20260616_133526_303.csv,59.76715,Unknown,Task4_EntryRCM_TipCone,0.0,0.8281431255981413,2.3305279778587296,2.3305888388912877,1.0005134995589215,2.7509841595606987,4.628531084480249,13.764777697270588,9.343937542115789,57.91388963198895,2.504010125893859,2.6784337583459443
31.32612,0.01598,62.58207,Done,EntryTipCone,157.5711,3.03906,0.96955,4.80408,4.80408,1.0,4.80408,0.96955,0.0,0.0,0.0,0.60614,1.0,6,6,1,0.69447,0.90745,0.05984,0.89821,0.56324,0.05694,0.82,0.7,0.06,0.9,0.56,0.06,-4.07035,-0.41664,-0.11838,-70.94479,0.17661,65.05878,double_rcm_log_20260616_133526_303.csv,62.58207,Unknown,Task4_EntryRCM_TipCone,0.0,0.9700975321477234,2.729975133031892,2.7300729619402366,1.1128935931481825,3.06046477113928,4.802634693582228,13.706896302921773,7.152295713541259,111.25187130960363,2.476458143470453,1.6556394580911695
31.35709,0.01516,65.97815,Done,EntryTipCone,157.592,3.02226,1.10942,5.00569,5.00569,1.0,5.00569,1.10942,0.0,0.0,0.0,0.60609,1.0,6,6,1,0.69414,0.90723,0.06032,0.89847,0.56337,0.05663,0.82,0.7,0.06,0.9,0.56,0.06,-4.10771,-0.43644,-0.11463,-70.7604,0.17736,65.05119,double_rcm_log_20260616_133526_303.csv,65.97815,Unknown,Task4_EntryRCM_TipCone,0.0,1.1089803475650946,3.1207629017249454,3.1209090488150135,1.2316429613402162,3.387468762274359,5.005467011178874,13.600554897956561,6.977467157978031,34.94954967351796,2.5111691081828265,2.351928480299117
31.38978,0.01488,67.21005,Done,EntryTipCone,157.6201,3.0017,1.25912,5.23874,5.23874,1.0,5.23874,1.25912,0.0,0.0,0.0,0.60602,1.0,6,6,1,0.69379,0.90698,0.06083,0.89875,0.56351,0.05632,0.82,0.7,0.06,0.9,0.56,0.06,-4.14596,-0.45096,-0.12219,-70.56268,0.16877,65.03706,double_rcm_log_20260616_133526_303.csv,67.21005,Unknown,Task4_EntryRCM_TipCone,0.0,1.2593550575391197,3.5438657592510134,3.54407978215356,1.358910281733766,3.7380375353097457,5.23688838911039,13.453284872733034,6.183929956652338,59.7704889198816,2.4900071837121556,1.311171599302624
31.42188,0.01608,62.17701,Done,EntryTipCone,157.6496,2.97863,1.4075,5.48897,5.48897,1.0,5.48897,1.4075,0.0,0.0,0.0,0.60595,1.0,6,6,1,0.69345,0.90674,0.06132,0.89902,0.56364,0.05601,0.82,0.7,0.06,0.9,0.56,0.06,-4.18409,-0.47165,-0.11918,-70.37502,0.1719,65.02656,double_rcm_log_20260616_133526_303.csv,62.17701,Unknown,Task4_EntryRCM_TipCone,0.0,1.4066044891934573,3.958151520043164,3.9584497343178704,1.4912261724194,4.102712986080536,5.489089177632278,13.390316139154494,9.083569619557915,53.80198737549353,2.4548163881210616,1.3680573093774135
31.45483,0.0163,61.35001,Done,EntryTipCone,157.6853,2.95189,1.55909,5.75944,5.75944,1.0,5.75944,1.55909,0.0,0.0,0.0,0.60586,1.0,6,6,1,0.69311,0.90648,0.06182,0.89931,0.56378,0.05571,0.82,0.7,0.06,0.9,0.56,0.06,-4.22206,-0.48982,-0.12165,-70.18178,0.16846,65.01223,double_rcm_log_20260616_133526_303.csv,61.35001,Unknown,Task4_EntryRCM_TipCone,0.0,1.5589469668569256,4.38673899985736,4.3871449780621266,1.6265453613801233,4.475833570838626,5.759218697010829,13.286325923929951,9.289284178167932,35.47008519099887,2.423146349841312,1.3497804776672264
31.50035,0.01552,64.42726,Done,EntryTipCone,157.7396,2.91003,1.76791,6.15517,6.15517,1.0,6.15517,1.76791,0.0,0.0,0.0,0.60572,1.0,6,6,1,0.69265,0.90612,0.0625,0.89971,0.56396,0.0553,0.82,0.7,0.06,0.9,0.56,0.06,-4.27472,-0.51815,-0.12065,-69.92437,0.17812,64.99244,double_rcm_log_20260616_133526_303.csv,64.42726,Unknown,Task4_EntryRCM_TipCone,0.0,1.767600408295089,4.973696064544283,4.9742878376660995,1.8172984995611194,5.002408804381516,6.152698594925618,13.136622506335991,5.886823326093075,46.38101322585141,2.366750949636048,1.048441413866912
31.53165,0.0157,63.69027,Done,EntryTipCone,157.7807,2.87801,1.90988,6.43719,6.43719,1.0,6.43719,1.90988,0.0,0.0,0.0,0.60561,1.0,6,6,1,0.69234,0.90588,0.06296,0.89999,0.56409,0.05503,0.82,0.7,0.06,0.9,0.56,0.06,-4.30984,-0.53856,-0.11824,-69.7487,0.1803,64.97846,double_rcm_log_20260616_133526_303.csv,63.69027,Unknown,Task4_EntryRCM_TipCone,0.0,1.9098050217986038,5.373690497536796,5.374436887386465,1.948609247924662,5.365018603451825,6.436544103787323,13.064279356344711,7.739485404162269,99.81704494794296,2.350135420131123,1.5694121296678027
31.56417,0.01659,60.27308,Done,EntryTipCone,157.8275,2.84186,2.05624,6.73671,6.73671,1.0,6.73671,2.05624,0.0,0.0,0.0,0.6055,1.0,6,6,1,0.69202,0.90562,0.06342,0.90028,0.56422,0.05475,0.82,0.7,0.06,0.9,0.56,0.06,-4.34562,-0.55924,-0.1169,-69.56759,0.18083,64.96235,double_rcm_log_20260616_133526_303.csv,60.27308,Unknown,Task4_EntryRCM_TipCone,0.0,2.0563444801019255,5.785843364317583,5.786775075774294,2.0866669630765986,5.746581726423222,6.741609600088094,12.827461624395077,11.707958461077364,41.751821292115764,2.3382602337429583,1.3615057337353018
31.59534,0.01604,62.32486,Done,EntryTipCone,157.8763,2.80488,2.19455,7.02725,7.02725,1.0,7.02725,2.19455,0.0,0.0,0.0,0.60537,1.0,6,6,1,0.69172,0.90536,0.06386,0.90056,0.56434,0.0545,0.82,0.7,0.06,0.9,0.56,0.06,-4.37882,-0.57722,-0.11878,-69.39421,0.17584,64.94464,double_rcm_log_20260616_133526_303.csv,62.32486,Unknown,Task4_EntryRCM_TipCone,0.0,2.195264008673981,6.176529722529658,6.177663294802285,2.2145874981593567,6.100552812277288,7.028456445052435,12.61831514182873,9.750701652727043,64.15867498039358,2.2895215283526578,1.8016093468572996
31.6272,0.01606,62.26203,Done,EntryTipCone,157.9288,2.76448,2.33406,7.32712,7.32712,1.0,7.32712,2.33406,0.0,0.0,0.0,0.60524,1.0,6,6,1,0.69143,0.90511,0.0643,0.90085,0.56446,0.05425,0.82,0.7,0.06,0.9,0.56,0.06,-4.41283,-0.59708,-0.11872,-69.22467,0.18148,64.92641,double_rcm_log_20260616_133526_303.csv,62.26203,Unknown,Task4_EntryRCM_TipCone,0.0,2.3337205324454664,6.565877836361385,6.567239689573696,2.3454081957145614,6.462943601796304,7.326431600717991,12.583770342474104,7.745995030923759,85.21308616283049,2.2436666708607187,1.3408696924596217
31.65969,0.01592,62.81322,Done,EntryTipCone,157.9866,2.7204,2.47386,7.63341,7.63341,1.0,7.63341,2.47386,0.0,0.0,0.0,0.60509,1.0,6,6,1,0.69113,0.90484,0.06474,0.90115,0.56458,0.054,0.82,0.7,0.06,0.9,0.56,0.06,-4.44612,-0.61681,-0.1192,-69.0514,0.17888,64.90656,double_rcm_log_20260616_133526_303.csv,62.81322,Unknown,Task4_EntryRCM_TipCone,0.0,2.4754013874357073,6.96425325451859,6.965878485206402,2.479056190160158,6.833601258037068,7.635371634701167,12.357644504223032,9.823884948471727,63.51382744484911,2.210817139563172,1.535499901952204
31.69285,0.01685,59.33855,Done,EntryTipCone,158.0482,2.67261,2.61434,7.94661,7.94661,1.0,7.94661,2.61434,0.0,0.0,0.0,0.60493,1.0,6,6,1,0.69084,0.90457,0.06517,0.90145,0.5647,0.05376,0.82,0.7,0.06,0.9,0.56,0.06,-4.47978,-0.63739,-0.1193,-68.88038,0.18235,64.88554,double_rcm_log_20260616_133526_303.csv,59.33855,Unknown,Task4_EntryRCM_TipCone,0.0,2.6144309988873977,7.355132576814625,7.3570472904301205,2.6108451172876386,7.199408629560067,7.945445236108491,12.0616114102343,9.65244356382435,36.91186203283189,2.1518220353268656,1.4833786232875286
31.73949,0.01673,59.7626,Done,EntryTipCone,158.1403,2.60094,2.80652,8.3836,8.3836,1.0,8.3836,2.80652,0.0,0.0,0.0,0.6047,1.0,6,6,1,0.69045,0.9042,0.06577,0.90187,0.56486,0.05343,0.82,0.7,0.06,0.9,0.56,0.06,-4.52547,-0.66553,-0.1205,-68.64672,0.18692,64.85402,double_rcm_log_20260616_133526_303.csv,59.7626,Unknown,Task4_EntryRCM_TipCone,0.0,2.8059717253045595,7.893574574729286,7.895941658127943,2.7945172033223726,7.710052778428516,8.383400264808994,11.781247808680888,9.743860178554918,61.95213439616429,2.113631441031287,1.5357502645149532
31.7716,0.0163,61.3629,Done,EntryTipCone,158.2079,2.54872,2.93532,8.68084,8.68084,1.0,8.68084,2.93532,0.0,0.0,0.0,0.60453,1.0,6,6,1,0.69018,0.90394,0.06616,0.90216,0.56497,0.05322,0.82,0.7,0.06,0.9,0.56,0.06,-4.55515,-0.68561,-0.11938,-68.48608,0.17984,64.83207,double_rcm_log_20260616_133526_303.csv,61.3629,Unknown,Task4_EntryRCM_TipCone,0.0,2.9347797438841337,8.25561880784185,8.258327028911225,2.916902155021658,8.050748651284117,8.679567961598023,11.667591296735267,11.126604494627333,103.79058638402137,2.0545716978038167,2.242468264855146
31.80322,0.015,66.66884,Done,EntryTipCone,158.2765,2.49481,3.05915,8.96993,8.96993,1.0,8.96993,3.05909,0.0,0.0,0.0,0.60436,1.0,6,6,1,0.68993,0.90368,0.06654,0.90245,0.56508,0.05302,0.82,0.7,0.06,0.9,0.56,0.06,-4.58433,-0.70437,-0.1205,-68.337,0.185,64.80872,double_rcm_log_20260616_133526_303.csv,66.66884,Unknown,Task4_EntryRCM_TipCone,0.0,3.0599403945111163,8.607371331391418,8.610440991357656,3.0371186308517553,8.385726792959174,8.973811899076084,11.512127736766933,12.872889791790689,136.83123030760188,1.991716478041664,1.8159235081114284
31.83571,0.01628,61.41994,Done,EntryTipCone,158.3509,2.43742,3.18297,9.26174,9.26174,1.0,9.26174,3.18297,0.0,0.0,0.0,0.60417,1.0,6,6,1,0.68969,0.90342,0.06692,0.90275,0.56518,0.05283,0.82,0.7,0.06,0.9,0.56,0.06,-4.6128,-0.72358,-0.12115,-68.18487,0.18274,64.7841,double_rcm_log_20260616_133526_303.csv,61.41994,Unknown,Task4_EntryRCM_TipCone,0.0,3.183588963902103,8.954833963931463,8.95829093669601,3.15565106579728,8.717073785658544,9.263034060177029,11.142497446644818,11.010228711524784,104.14443947484396,1.9460895528437465,1.8330252119656716
31.866,0.01543,64.79533,Done,EntryTipCone,158.4219,2.38134,3.29557,9.5296,9.5296,1.0,9.5296,3.29557,0.0,0.0,0.0,0.60399,1.0,6,6,1,0.68947,0.90318,0.06726,0.90302,0.56527,0.05266,0.82,0.7,0.06,0.9,0.56,0.06,-4.63884,-0.74292,-0.11914,-68.04871,0.18495,64.76154,double_rcm_log_20260616_133526_303.csv,64.79533,Unknown,Task4_EntryRCM_TipCone,0.0,3.295342501195747,9.268834744131803,9.272668643226949,3.26270291247496,9.01660212309238,9.527271382720244,10.873920668112437,9.152283524851695,89.78549564770914,1.8852171039040118,2.481685117851561
31.89894,0.01699,58.85692,Done,EntryTipCone,158.5018,2.3183,3.41375,9.81326,9.81326,1.0,9.81326,3.41375,0.0,0.0,0.0,0.60379,1.0,6,6,1,0.68924,0.90292,0.06761,0.90331,0.56537,0.05248,0.82,0.7,0.06,0.9,0.56,0.06,-4.66582,-0.76196,-0.11983,-67.90494,0.18517,64.73513,double_rcm_log_20260616_133526_303.csv,58.85692,Unknown,Task4_EntryRCM_TipCone,0.0,3.4135291160125205,9.600872547787416,9.605133859247125,3.377971610647316,9.339245975163873,9.81546738571319,10.676720769265943,11.973474001871372,85.33895448192969,1.8053904056666947,2.6769633124798107
31.94928,0.05035,19.86158,Done,EntryTipCone,158.629,2.21813,3.5867,10.23239,10.23239,1.0,10.23239,3.5867,0.0,0.0,0.0,0.60346,1.0,6,6,1,0.6889,0.90253,0.06813,0.90376,0.56551,0.05224,0.82,0.7,0.06,0.9,0.56,0.06,-4.70606,-0.7934,-0.11685,-67.70251,0.20212,64.69491,double_rcm_log_20260616_133526_303.csv,19.86158,Unknown,Task4_EntryRCM_TipCone,0.0,3.5879256620988356,10.090753567333543,10.095701828985385,3.5448334335469274,9.808029363740674,10.23304939888393,10.254315093275938,12.066948893118418,22.13485327702728,1.69677034293037,2.1093288354187223
32.00486,0.05557,17.9951,Done,EntryTipCone,158.7758,2.10126,3.76666,10.67316,10.67316,1.0,10.67316,3.76666,0.0,0.0,0.0,0.6031,1.0,6,6,1,0.68857,0.90212,0.06865,0.90424,0.56565,0.052,0.82,0.7,0.06,0.9,0.56,0.06,-4.74663,-0.82506,-0.11671,-67.48749,0.20878,64.64746,double_rcm_log_20260616_133526_303.csv,17.9951,Unknown,Task4_EntryRCM_TipCone,0.0,3.7654023751093684,10.589190789278387,10.594910126873451,3.7187098055207404,10.29801952580427,10.672398980547879,9.913050752030017,12.754792249035647,54.490802625997475,1.6934921907976819,2.31418011607672
32.03919,0.00627,159.4283,Done,EntryTipCone,158.8703,2.02578,3.87222,10.93457,10.93457,1.0,10.93457,3.87222,0.0,0.0,0.0,0.60286,1.0,6,6,1,0.68837,0.90186,0.06896,0.90454,0.56574,0.05187,0.82,0.7,0.06,0.9,0.56,0.06,-4.76835,-0.84243,-0.11814,-67.3503,0.1871,64.61666,double_rcm_log_20260616_133526_303.csv,159.4283,Unknown,Task4_EntryRCM_TipCone,0.0,3.872985102036568,10.891284008397575,10.897507616536508,3.8229582578170724,10.59228028039578,10.9387430722181,9.585907975306196,14.437048513197807,27.65302646139954,1.6246883575681492,3.320459526206366
32.08217,0.01349,74.1321,Done,EntryTipCone,158.9907,1.92886,3.99631,11.24403,11.24403,1.0,11.24403,3.99631,0.0,0.0,0.0,0.60255,1.0,6,6,1,0.68815,0.90155,0.06932,0.9049,0.56583,0.05173,0.82,0.7,0.06,0.9,0.56,0.06,-4.79526,-0.86407,-0.1203,-67.20019,0.18623,64.57717,double_rcm_log_20260616_133526_303.csv,74.1321,Unknown,Task4_EntryRCM_TipCone,0.0,3.996477241761628,11.238003593816545,11.244841588480844,3.942075637877426,10.930270529412983,11.242410773495164,9.105019850039039,13.54660651396115,37.82760648617426,1.4554459285525452,3.6675612502696167
32.11365,0.00859,116.4131,Done,EntryTipCone,159.0813,1.8561,4.08212,11.45958,11.45958,1.0,11.45958,4.08212,0.0,0.0,0.0,0.60232,1.0,6,6,1,0.688,0.90134,0.06957,0.90516,0.5659,0.05164,0.82,0.7,0.06,0.9,0.56,0.06,-4.81376,-0.88106,-0.11915,-67.09787,0.18786,64.5487,double_rcm_log_20260616_133526_303.csv,116.4131,Unknown,Task4_EntryRCM_TipCone,0.0,4.082396335407711,11.479201465601397,11.486489937468198,4.026360715960053,11.169534388753052,11.459720764486292,8.928002218784904,13.205537599136997,27.95435944901695,1.3784931377065854,2.529573480945953
32.15566,0.02639,37.89322,Done,EntryTipCone,159.204,1.75673,4.18928,11.73068,11.73068,1.0,11.73068,4.18928,0.0,0.0,0.0,0.60201,1.0,6,6,1,0.68782,0.90105,0.06987,0.90551,0.56597,0.05154,0.82,0.7,0.06,0.9,0.56,0.06,-4.83658,-0.90054,-0.1219,-66.97062,0.1907,64.50845,double_rcm_log_20260616_133526_303.csv,37.89322,Unknown,Task4_EntryRCM_TipCone,0.0,4.1898092017264545,11.780701733896747,11.788580648199456,4.131540540513711,11.470468101238852,11.729134665438842,8.57604392309885,14.111320018018267,49.991708300150975,1.2853000399613823,2.4669359311457963
32.20663,0.03055,32.73179,Done,EntryTipCone,159.3562,1.6322,4.30862,12.03577,12.03577,1.0,12.03577,4.30862,0.0,0.0,0.0,0.60163,1.0,6,6,1,0.68763,0.90072,0.0702,0.90591,0.56606,0.05144,0.82,0.7,0.06,0.9,0.56,0.06,-4.86128,-0.92574,-0.12025,-66.82876,0.19126,64.46067,double_rcm_log_20260616_133526_303.csv,32.73179,Unknown,Task4_EntryRCM_TipCone,0.0,4.3093063553409365,12.116073036871137,12.124645336637986,4.250538060115853,11.810983219672433,12.038492430532948,7.981142582959403,13.097450847377697,10.5987026413569,1.1629170392677823,2.3592188184298064
32.25585,0.03375,29.62574,Done,EntryTipCone,159.5054,1.50906,4.41193,12.30278,12.30278,1.0,12.30278,4.41193,0.0,0.0,0.0,0.60125,1.0,6,6,1,0.68747,0.90043,0.07048,0.90628,0.56612,0.05138,0.82,0.7,0.06,0.9,0.56,0.06,-4.88246,-0.94816,-0.11993,-66.70926,0.19741,64.41332,double_rcm_log_20260616_133526_303.csv,29.62574,Unknown,Task4_EntryRCM_TipCone,0.0,4.410827164922606,12.400951998922643,12.41014438045379,4.34992413519855,12.0982005019182,12.29622706361582,7.73792758848083,14.645120141328121,85.10675893051145,1.0811390498798654,2.5716116495066
32.2862,0.01702,58.74087,Done,EntryTipCone,159.5995,1.43141,4.46953,12.45316,12.45316,1.0,12.45316,4.46953,0.0,0.0,0.0,0.60102,1.0,6,6,1,0.68739,0.90025,0.07064,0.90651,0.56616,0.05135,0.82,0.7,0.06,0.9,0.56,0.06,-4.89301,-0.96054,-0.12027,-66.63738,0.18796,64.38351,double_rcm_log_20260616_133526_303.csv,58.74087,Unknown,Task4_EntryRCM_TipCone,0.0,4.470454142589275,12.568254002555419,12.577824146579403,4.410824050858203,12.274367663487245,12.455850031210213,7.429822725092669,17.751445481059204,47.320117693395225,0.9985711840500293,3.6111138010763106
32.32185,0.02059,48.56553,Done,EntryTipCone,159.7101,1.33912,4.53129,12.61584,12.61584,1.0,12.61584,4.53129,0.0,0.0,0.0,0.60074,1.0,6,6,1,0.68731,0.90005,0.0708,0.90676,0.56619,0.05134,0.82,0.7,0.06,0.9,0.56,0.06,-4.90507,-0.97521,-0.12015,-66.56806,0.19382,64.34849,double_rcm_log_20260616_133526_303.csv,48.56553,Unknown,Task4_EntryRCM_TipCone,0.0,4.530852394440302,12.7377061776122,12.747669376209942,4.469853775098757,12.446958479267716,12.609888976513586,7.008595535852407,16.072504513221357,51.14741368691774,0.881952153239788,3.5067268519276436
32.37271,0.02471,40.47475,Done,EntryTipCone,159.8699,1.20551,4.60785,12.8205,12.8205,1.0,12.8205,4.60785,0.0,0.0,0.0,0.60033,1.0,6,6,1,0.68722,0.89979,0.07099,0.90711,0.56623,0.05134,0.82,0.7,0.06,0.9,0.56,0.06,-4.91886,-0.99395,-0.12088,-66.48065,0.19523,64.29783,double_rcm_log_20260616_133526_303.csv,40.47475,Unknown,Task4_EntryRCM_TipCone,0.0,4.607830468985291,12.95365384362213,12.964133395324792,4.549772591279352,12.681488689606375,12.820319808803475,6.753347877830123,13.457767337188471,21.9476253662356,0.763559342653411,2.607797368414211
32.46146,0.07804,12.81317,Done,EntryTipCone,160.1497,0.96779,4.70848,13.09905,13.09905,1.0,13.09905,4.70848,0.0,0.0,0.0,0.59963,1.0,6,6,1,0.68714,0.89938,0.07122,0.90768,0.56626,0.05143,0.82,0.7,0.06,0.9,0.56,0.06,-4.93536,-1.02617,-0.11594,-66.37526,0.20808,64.21153,double_rcm_log_20260616_133526_303.csv,12.81317,Unknown,Task4_EntryRCM_TipCone,0.0,4.709451127628787,13.238695822985367,13.24988392150156,4.65573311149513,12.99902866193647,13.100187021565741,6.264898122398173,16.45617636092672,75.44405640467428,0.6671619533553546,3.3813666806166287
32.49162,0.00664,150.5694,Done,EntryTipCone,160.2461,0.88535,4.73321,13.17076,13.17076,1.0,13.17076,4.73321,0.0,0.0,0.0,0.59939,1.0,6,6,1,0.68714,0.89926,0.07127,0.90786,0.56626,0.05148,0.82,0.7,0.06,0.9,0.56,0.06,-4.93692,-1.03199,-0.11964,-66.34052,0.18874,64.17992,double_rcm_log_20260616_133526_303.csv,150.5694,Unknown,Task4_EntryRCM_TipCone,0.0,4.734250313692035,13.308250284282877,13.319616008451204,4.683540247776876,13.084329793835263,13.17412615697902,6.057567645463415,18.54764782844845,67.20392642077537,0.5755346022047285,5.520464320573375
32.52206,0.01602,62.41798,Done,EntryTipCone,160.3424,0.80194,4.75292,13.23068,13.23068,1.0,13.23068,4.75292,0.0,0.0,0.0,0.59915,1.0,6,6,1,0.68715,0.89915,0.0713,0.90803,0.56625,0.05154,0.82,0.7,0.06,0.9,0.56,0.06,-4.93864,-1.03927,-0.12085,-66.32178,0.19015,64.14919,double_rcm_log_20260616_133526_303.csv,62.41798,Unknown,Task4_EntryRCM_TipCone,0.0,4.753353127469045,13.361826388695583,13.373330211973485,4.70572507312596,13.154243597234467,13.233102432914185,5.8763639268583265,16.506081933864753,110.32058626340302,0.46406895383328356,4.373301074047149
32.55272,0.03065,32.6232,Done,EntryTipCone,160.4392,0.7184,4.7674,13.27766,13.27766,1.0,13.27766,4.7674,0.0,0.0,0.0,0.59891,1.0,6,6,1,0.68717,0.89905,0.07131,0.90819,0.56624,0.05162,0.82,0.7,0.06,0.9,0.56,0.06,-4.93899,-1.04798,-0.11829,-66.30978,0.1909,64.11985,double_rcm_log_20260616_133526_303.csv,32.6232,Unknown,Task4_EntryRCM_TipCone,0.0,4.766599931131899,13.398977747210008,13.410577988633943,4.721635052754419,13.20619324408059,13.275469859858045,5.931983266604406,13.16970028179947,48.88437452921323,0.4280800229143106,2.80857167363176
32.58625,0.01731,57.75455,Done,EntryTipCone,160.5449,0.62601,4.77729,13.31476,13.31476,1.0,13.31476,4.77729,0.0,0.0,0.0,0.59864,1.0,6,6,1,0.68721,0.89894,0.07131,0.90837,0.56622,0.05171,0.82,0.7,0.06,0.9,0.56,0.06,-4.93758,-1.05565,-0.11699,-66.30213,0.18721,64.08727,double_rcm_log_20260616_133526_303.csv,57.75455,Unknown,Task4_EntryRCM_TipCone,0.0,4.7782698933716246,13.431706177560674,13.44339180482068,4.738776305878774,13.263198013241757,13.321764147439275,5.923550762477282,17.34667284237724,98.0273345703929,0.4119481401605262,2.9575680035935266
32.63348,0.01758,56.87497,Done,EntryTipCone,160.6926,0.49616,4.78057,13.34072,13.34072,1.0,13.34072,4.78057,0.0,0.0,0.0,0.59827,1.0,6,6,1,0.68729,0.89882,0.07128,0.90859,0.56618,0.05187,0.82,0.7,0.06,0.9,0.56,0.06,-4.93324,-1.06314,-0.11863,-66.3071,0.18674,64.04036,double_rcm_log_20260616_133526_303.csv,56.87497,Unknown,Task4_EntryRCM_TipCone,0.0,4.781061592769216,13.439535421062637,13.451241536291061,4.747198235833326,13.298826437523882,13.344564436503699,5.915015159808961,17.811781728896584,71.30124652848383,0.41987324698620937,2.911287799086865
32.66601,0.00964,103.7337,Done,EntryTipCone,160.7937,0.40671,4.77545,13.34084,13.34084,1.0,13.34084,4.77545,0.0,0.0,0.0,0.59802,1.0,6,6,1,0.68736,0.89875,0.07123,0.90873,0.56614,0.052,0.82,0.7,0.06,0.9,0.56,0.06,-4.92812,-1.06814,-0.11783,-66.31823,0.18206,64.00912,double_rcm_log_20260616_133526_303.csv,103.7337,Unknown,Task4_EntryRCM_TipCone,0.0,4.774858060795388,13.422137744467832,13.433798365134555,4.74485034406479,13.30086688904146,13.338384459896158,5.928083587197866,14.276895332918963,49.67411306335042,0.445751095238641,2.922901416441154
32.70686,0.02401,41.64688,Done,EntryTipCone,160.9191,0.29481,4.76057,13.3202,13.3202,1.0,13.3202,4.76057,0.0,0.0,0.0,0.5977,1.0,6,6,1,0.68746,0.89867,0.07114,0.90889,0.56609,0.05217,0.82,0.7,0.06,0.9,0.56,0.06,-4.91952,-1.07365,-0.11591,-66.34296,0.17535,63.97081,double_rcm_log_20260616_133526_303.csv,41.64688,Unknown,Task4_EntryRCM_TipCone,0.0,4.761320010559378,13.384170017631227,13.395731764358985,4.737858380086762,13.2913543906729,13.320251499127117,6.018242260242526,15.715367791398805,71.04306909835698,0.5043220391327682,2.9053937089657906
32.74824,0.03289,30.40824,Done,EntryTipCone,161.0446,0.18207,4.7359,13.27581,13.27581,1.0,13.27581,4.7359,0.0,0.0,0.0,0.59739,1.0,6,6,1,0.6876,0.89861,0.07102,0.90904,0.56603,0.05237,0.82,0.7,0.06,0.9,0.56,0.06,-4.90823,-1.07812,-0.11324,-66.37943,0.16594,63.93286,double_rcm_log_20260616_133526_303.csv,30.40824,Unknown,Task4_EntryRCM_TipCone,0.0,4.736334015504811,13.314094344868675,13.325475078672305,4.721802243545866,13.256556287942333,13.277778428637774,6.307246138907953,18.629209884494202,51.850245494074564,0.5818738688591302,2.891162497781848
32.78251,0.01757,56.90357,Done,EntryTipCone,161.1474,0.08892,4.70815,13.22121,13.22121,1.0,13.22121,4.70815,0.0,0.0,0.0,0.59713,1.0,6,6,1,0.68772,0.89858,0.07089,0.90915,0.56597,0.05255,0.82,0.7,0.06,0.9,0.56,0.06,-4.89677,-1.08079,-0.11068,-66.41764,0.15446,63.90202,double_rcm_log_20260616_133526_303.csv,56.90357,Unknown,Task4_EntryRCM_TipCone,0.0,4.7084471678065105,13.235879957094486,13.247060903919087,4.701477357066738,13.208008875736626,13.223687080387181,6.556559792554423,18.148550465882206,84.00302744598024,0.6531735675856579,3.378935292851534
32.81423,0.01591,62.85762,Done,EntryTipCone,161.241,0.00373,4.67655,13.15617,13.15617,1.0,13.15617,4.67655,0.0,0.0,0.0,0.5969,1.0,6,6,1,0.68785,0.89856,0.07076,0.90924,0.5659,0.05273,0.82,0.7,0.06,0.9,0.56,0.06,-4.88443,-1.08312,-0.1067,-66.45914,0.13992,63.87464,double_rcm_log_20260616_133526_303.csv,62.85762,Unknown,Task4_EntryRCM_TipCone,0.0,4.67651101045196,13.146304598937082,13.157259635690847,4.675549725133793,13.143466876682922,13.15448592686158,6.780677081468333,15.443880930501253,93.13904548513739,0.7238467997765153,4.9760625933112514
32.84601,0.00682,146.5404,Done,EntryTipCone,161.3336,0.08099,4.63925,13.07748,13.07748,1.0,13.07748,4.63925,0.0,0.0,0.0,0.59667,1.0,6,6,1,0.68799,0.89855,0.07061,0.90932,0.56583,0.05292,0.82,0.7,0.06,0.9,0.56,0.06,-4.86979,-1.08748,-0.09678,-66.50325,0.11332,63.85014,double_rcm_log_20260616_133526_303.csv,146.5404,Unknown,Task4_EntryRCM_TipCone,0.0,4.639801616722597,13.043336100290022,13.054035243951823,4.646111082968568,13.068511539045051,13.075844141010547,6.941738621874617,15.249321422309325,24.043217690731545,0.8222897790680235,9.62933711937988
32.88865,0.02538,39.40767,Done,EntryTipCone,161.455,0.19319,4.58065,12.95101,12.95101,1.0,12.95101,4.58065,0.0,0.0,0.0,0.59636,1.0,6,6,1,0.68821,0.89856,0.07038,0.90941,0.56573,0.05319,0.82,0.7,0.06,0.9,0.56,0.06,-4.84667,-1.09752,-0.07238,-66.56612,0.05851,63.82279,double_rcm_log_20260616_133526_303.csv,39.40767,Unknown,Task4_EntryRCM_TipCone,0.0,4.580636929052974,12.87737007776058,12.887665233112743,4.599878518227732,12.948484081157895,12.952107936548375,7.308239738643995,16.822312706306644,784.138119309849,1.2198634370186439,46.86572581426431
32.93889,0.02635,37.95704,Done,EntryTipCone,161.5951,0.32333,4.4988,12.77117,12.77117,1.0,12.77117,4.4988,0.0,0.0,0.0,0.59601,1.0,6,6,1,0.68849,0.89859,0.07006,0.90949,0.5656,0.05354,0.82,0.7,0.06,0.9,0.56,0.06,-4.81056,-1.15744,0.05055,-66.62921,-0.08602,63.82997,double_rcm_log_20260616_133526_303.csv,37.95704,Unknown,Task4_EntryRCM_TipCone,0.0,4.498670282505149,12.647418412341253,12.657170867000323,4.533223991621682,12.772158964536253,12.773084983667777,7.895573046881561,87.14879822084146,2904.2046863097994,5.1626294697248305,358.2570623965736
32.98992,0.02727,36.66802,Done,EntryTipCone,161.7317,0.44895,4.40349,12.55911,12.55911,1.0,12.55911,4.40349,0.0,0.0,0.0,0.59568,1.0,6,6,1,0.68878,0.89865,0.06968,0.90955,0.56546,0.05393,0.82,0.7,0.06,0.9,0.56,0.06,-4.75395,-1.63144,0.92763,-66.67316,-0.46441,64.13583,double_rcm_log_20260616_133526_303.csv,36.66802,Unknown,Task4_EntryRCM_TipCone,0.0,4.404391227004696,12.382893170061164,12.392045381725872,4.4555430323879355,12.564194914364862,12.564195159261018,14.59149091222147,297.2243055188123,115.4582204807528,37.41329118639457,583.2187264232889
33.0439,0.03218,31.07965,Done,EntryTipCone,161.6027,0.31144,4.44365,12.64835,12.64835,1.0,12.64835,4.44365,0.0,0.0,0.0,0.59607,1.0,6,6,1,0.68769,0.89815,0.06788,0.91002,0.56588,0.055,0.82,0.7,0.06,0.9,0.56,0.06,-4.65112,-5.85147,8.39799,-67.161,-1.18264,66.6238,double_rcm_log_20260616_133526_303.csv,31.07965,Unknown,Task4_EntryRCM_TipCone,0.0,4.4431562405716445,12.491662939225249,12.501058880815583,4.488576249168844,12.64740508502104,12.64811448398537,36.5307818019529,53.06584767004324,9256.726290784974,65.68987193163619,298.3844728004898
33.07723,0.01637,61.09455,Done,EntryTipCone,161.2874,0.03632,4.64528,13.08943,13.08943,1.0,13.08943,4.64528,0.0,0.0,0.0,0.5968,1.0,6,6,1,0.68594,0.89743,0.06574,0.91061,0.56663,0.05616,0.82,0.7,0.06,0.9,0.56,0.06,-4.59351,-8.40992,12.83624,-67.57441,-1.32215,67.7367,double_rcm_log_20260616_133526_303.csv,61.09455,Unknown,Task4_EntryRCM_TipCone,0.0,4.645283534612047,13.058713019366461,13.069450120507568,4.651014670299072,13.077925088307525,13.087192212235557,30.68010353942676,354.66913306313637,4840.718310751654,39.07151153402669,827.1059978542114
33.10871,0.01661,60.18912,Done,EntryTipCone,161.2543,0.00806,4.66825,13.13872,13.13872,1.0,13.13872,4.66825,0.0,0.0,0.0,0.59687,1.0,6,6,1,0.68563,0.89728,0.06493,0.91077,0.56676,0.05668,0.82,0.7,0.06,0.9,0.56,0.06,-4.5596,-8.97775,13.82259,-67.74519,-1.36893,67.93167,double_rcm_log_20260616_133526_303.csv,60.18912,Unknown,Task4_EntryRCM_TipCone,0.0,4.668345585608207,13.123401347899557,13.134299116478052,4.670953056650526,13.131501115198537,13.142028001796323,15.995266540760388,289.5200577519185,5049.541802082864,12.304421913459818,470.3715069630859
33.13995,0.03124,32.01009,Done,EntryTipCone,161.26,0.01292,4.6635,13.12848,13.12848,1.0,13.12848,4.6635,0.0,0.0,0.0,0.59686,1.0,6,6,1,0.68551,0.89721,0.06429,0.91085,0.5668,0.05712,0.82,0.7,0.06,0.9,0.56,0.06,-4.52733,-9.32556,14.43096,-67.89236,-1.41145,68.03849,double_rcm_log_20260616_133526_303.csv,32.01009,Unknown,Task4_EntryRCM_TipCone,0.0,4.663416889623903,13.109576688786998,13.120439986718743,4.664726962447287,13.114324816192967,13.12466761483884,14.589069773418197,41.32385418329947,5186.611624803295,9.502435781736823,59.95821362407117
33.18988,0.03203,31.22368,Done,EntryTipCone,161.2568,0.01025,4.66527,13.13251,13.13251,1.0,13.13251,4.66527,0.0,0.0,0.0,0.59687,1.0,6,6,1,0.68532,0.8971,0.0632,0.91098,0.56688,0.05785,0.82,0.7,0.06,0.9,0.56,0.06,-4.47256,-9.88324,15.40629,-68.13948,-1.48207,68.20145,double_rcm_log_20260616_133526_303.csv,31.22368,Unknown,Task4_EntryRCM_TipCone,0.0,4.665593273673896,13.115681310915075,13.126559821216128,4.66831481540265,13.12405126241366,13.134584119796095,14.926405433005561,14.719591701078981,281.797910352116,9.022320504573303,14.888395446079375
33.23925,0.03319,30.12938,Done,EntryTipCone,161.2548,0.00851,4.6664,13.13476,13.13476,1.0,13.13476,4.6664,0.0,0.0,0.0,0.59687,1.0,6,6,1,0.68518,0.89703,0.06211,0.91107,0.56693,0.05858,0.82,0.7,0.06,0.9,0.56,0.06,-4.41576,-10.3721,16.26408,-68.38885,-1.55421,68.33367,double_rcm_log_20260616_133526_303.csv,30.12938,Unknown,Task4_EntryRCM_TipCone,0.0,4.666672275094294,13.118707835887593,13.12959389339395,4.669226009579939,13.126725586199516,13.137206704623338,15.005464620289379,17.9747114391139,81.40774774586436,8.124250048882244,17.62703111541753
33.2904,0.03307,30.23483,Done,EntryTipCone,161.2531,0.00708,4.66762,13.13727,13.13727,1.0,13.13727,4.66762,0.0,0.0,0.0,0.59687,1.0,6,6,1,0.6851,0.89698,0.06098,0.91112,0.56696,0.05935,0.82,0.7,0.06,0.9,0.56,0.06,-4.35421,-10.82462,17.06157,-68.65321,-1.63203,68.44794,double_rcm_log_20260616_133526_303.csv,30.23483,Unknown,Task4_EntryRCM_TipCone,0.0,4.666929004309357,13.119427943040925,13.13031579678459,4.668331005557935,13.124096979924428,13.134629800645312,14.984201774186397,17.08987598088431,27.93240121030131,7.3633598348013365,16.35326094876595
33.34759,0.02791,35.83106,Done,EntryTipCone,161.2506,0.00502,4.66946,13.14118,13.14118,1.0,13.14118,4.66946,0.0,0.0,0.0,0.59688,1.0,6,6,1,0.68507,0.89696,0.05971,0.91114,0.56697,0.0602,0.82,0.7,0.06,0.9,0.56,0.06,-4.28229,-11.27457,17.8592,-68.95641,-1.72274,68.55469,double_rcm_log_20260616_133526_303.csv,35.83106,Unknown,Task4_EntryRCM_TipCone,0.0,4.669961322131199,13.127933358510697,13.138842443179875,4.671037215628464,13.131840107745067,13.142317147291694,14.811160385684776,16.694941615639394,43.875764076912034,6.480424052632549,11.757697694701864
33.395,0.04741,21.09073,Done,EntryTipCone,161.2532,0.00722,4.66661,13.13521,13.13521,1.0,13.13521,4.66661,0.0,0.0,0.0,0.59687,1.0,6,6,1,0.68512,0.89699,0.05868,0.91111,0.56695,0.0609,0.82,0.7,0.06,0.9,0.56,0.06,-4.22082,-11.5898,18.42362,-69.21085,-1.8004,68.62547,double_rcm_log_20260616_133526_303.csv,21.09073,Unknown,Task4_EntryRCM_TipCone,0.0,4.666756238087636,13.118943346129571,13.129829991071555,4.668628128579617,13.125239865939935,13.135623319812334,15.07684371553366,14.768927095126529,140.06874644194562,6.178821252549295,9.59361563980276
33.4304,0.00966,103.5177,Done,EntryTipCone,161.2467,0.00129,4.67349,13.14976,13.14976,1.0,13.14976,4.67349,0.0,0.0,0.0,0.59688,1.0,6,6,1,0.68515,0.89701,0.05787,0.91107,0.56694,0.06144,0.82,0.7,0.06,0.9,0.56,0.06,-4.17288,-11.83182,18.85696,-69.40882,-1.86104,68.67912,double_rcm_log_20260616_133526_303.csv,103.5177,Unknown,Task4_EntryRCM_TipCone,0.0,4.673233630243615,13.137111886814163,13.148043913643214,4.671995162036474,13.133835634023223,13.144660512923101,15.094988565325213,17.852700700224283,154.43769243991093,5.838809144567079,15.175747600257404
33.46761,0.00811,123.2515,Done,EntryTipCone,161.2462,0.00098,4.67391,13.15075,13.15075,1.0,13.15075,4.67391,0.0,0.0,0.0,0.59689,1.0,6,6,1,0.68524,0.89707,0.05706,0.91101,0.56691,0.06199,0.82,0.7,0.06,0.9,0.56,0.06,-4.12209,-12.04281,19.23978,-69.61591,-1.92534,68.72462,double_rcm_log_20260616_133526_303.csv,123.2515,Unknown,Task4_EntryRCM_TipCone,0.0,4.673760229199782,13.138588945257894,13.149524667074353,4.674019906585016,13.139248661343386,13.150220530470158,14.740665832225462,19.213629415392063,107.16849886721143,5.192832049812487,15.247523321152944
33.49955,0.01163,85.99315,Done,EntryTipCone,161.2466,0.0012,4.67357,13.14994,13.14994,1.0,13.14994,4.67353,0.0,0.0,0.0,0.59688,1.0,6,6,1,0.68535,0.89713,0.05637,0.91094,0.56687,0.06245,0.82,0.7,0.06,0.9,0.56,0.06,-4.0778,-12.20551,19.53786,-69.79522,-1.98154,68.75949,double_rcm_log_20260616_133526_303.csv,85.99315,Unknown,Task4_EntryRCM_TipCone,0.0,4.672555260150688,13.135209123576075,13.146136391711607,4.673409361003296,13.137524705385452,13.148498013081113,14.778635109178019,17.076466049865072,109.66585122412346,4.884343850082363,11.047265728736479
33.53229,0.01093,91.44972,Done,EntryTipCone,161.2462,0.0009,4.6737,13.15019,13.15019,1.0,13.15019,4.6737,0.0,0.0,0.0,0.59689,1.0,6,6,1,0.68547,0.8972,0.05566,0.91086,0.56682,0.06293,0.82,0.7,0.06,0.9,0.56,0.06,-4.03166,-12.35907,19.82174,-69.98109,-2.04018,68.79264,double_rcm_log_20260616_133526_303.csv,91.44972,Unknown,Task4_EntryRCM_TipCone,0.0,4.674712372049564,13.141259609784832,13.152202014614833,4.675429155283987,13.143532191216224,13.154349090699956,14.955291541839605,19.083392238556115,126.0793930796397,4.607153372254373,10.6622234453009
33.56397,0.01102,90.72616,Done,EntryTipCone,161.2461,0.00098,4.67378,13.15056,13.15056,1.0,13.15056,4.67378,0.0,0.0,0.0,0.59689,1.0,6,6,1,0.68562,0.89728,0.05499,0.91076,0.56676,0.06339,0.82,0.7,0.06,0.9,0.56,0.06,-3.98644,-12.49334,20.07281,-70.1624,-2.09773,68.82207,double_rcm_log_20260616_133526_303.csv,90.72616,Unknown,Task4_EntryRCM_TipCone,0.0,4.6738184847721405,13.138752346358745,13.149688476988151,4.6744551363725195,13.140984683863609,13.151703311738737,14.891269824938698,18.918493908183457,113.744058343839,4.336735377299583,10.74277504533481
33.59633,0.01008,99.17654,Done,EntryTipCone,161.246,0.00077,4.67403,13.15099,13.15099,1.0,13.15099,4.67403,0.0,0.0,0.0,0.59689,1.0,6,6,1,0.68579,0.89738,0.0543,0.91064,0.5667,0.06385,0.82,0.7,0.06,0.9,0.56,0.06,-3.93971,-12.6167,20.30659,-70.34893,-2.15726,68.84985,double_rcm_log_20260616_133526_303.csv,99.17654,Unknown,Task4_EntryRCM_TipCone,0.0,4.673642736114526,13.13825938876908,13.14919428609959,4.673954286158621,13.138961965789397,13.14998479086568,14.831049224959708,15.479081268856872,77.27607198002642,4.073523599177815,10.560160582036396
33.62894,0.011,90.93656,Done,EntryTipCone,161.2459,0.00065,4.67408,13.15102,13.15102,1.0,13.15102,4.67408,0.0,0.0,0.0,0.59689,1.0,6,6,1,0.68598,0.89749,0.05362,0.91051,0.56662,0.06431,0.82,0.7,0.06,0.9,0.56,0.06,-3.89217,-12.72649,20.5183,-70.53795,-2.21787,68.87566,double_rcm_log_20260616_133526_303.csv,90.93656,Unknown,Task4_EntryRCM_TipCone,0.0,4.6736176623483265,13.138189059326523,13.149123780711848,4.6730533968108094,13.136823758486612,13.147646177167985,14.783960602377118,14.5672228984892,66.60000137949834,3.8247607228276292,10.301287132722294
33.66144,0.01065,93.93546,Done,EntryTipCone,161.2458,0.00053,4.67416,13.15119,13.15119,1.0,13.15119,4.6742,0.0,0.0,0.0,0.59689,1.0,6,6,1,0.6862,0.89761,0.05295,0.91037,0.56654,0.06476,0.82,0.7,0.06,0.9,0.56,0.06,-3.84437,-12.82236,20.70702,-70.72733,-2.27885,68.89957,double_rcm_log_20260616_133526_303.csv,93.93546,Unknown,Task4_EntryRCM_TipCone,0.0,4.673701687401617,13.13842474130837,13.149360052313192,4.674475226376883,13.140838575278897,13.151657690192506,14.754479310687547,17.164868929648005,65.66549282704263,3.5969920332406216,10.154143673856211
33.69426,0.01143,87.4783,Done,EntryTipCone,161.2457,0.00046,4.67424,13.15141,13.15141,1.0,13.15141,4.67424,0.0,0.0,0.0,0.59689,1.0,6,6,1,0.68643,0.89775,0.05228,0.91021,0.56645,0.06521,0.82,0.7,0.06,0.9,0.56,0.06,-3.79576,-12.90528,20.87478,-70.91928,-2.34085,68.922,double_rcm_log_20260616_133526_303.csv,87.4783,Unknown,Task4_EntryRCM_TipCone,0.0,4.674523844330953,13.140730808863605,13.15167189021722,4.67482477043239,13.141724158045331,13.152592900261086,14.864244154074017,17.371456928385218,30.842542439127644,3.3803952393570054,9.99607256127733
33.72961,0.01349,74.1129,Done,EntryTipCone,161.2459,0.00061,4.67429,13.15147,13.15147,1.0,13.15147,4.67424,0.0,0.0,0.0,0.59689,1.0,6,6,1,0.68671,0.89791,0.05157,0.91002,0.56634,0.06569,0.82,0.7,0.06,0.9,0.56,0.06,-3.74314,-12.9791,21.03,-71.12646,-2.40794,68.94444,double_rcm_log_20260616_133526_303.csv,74.1129,Unknown,Task4_EntryRCM_TipCone,0.0,4.674603756427162,13.140954954117571,13.151896596446196,4.67455607549366,13.141066869228613,13.151885796341121,14.977709389117093,18.55156280709764,101.78866255064975,3.1750364267257014,9.75273276456391
33.76075,0.01235,80.97194,Done,EntryTipCone,161.2457,0.0006,4.67445,13.15193,13.15193,1.0,13.15193,4.67441,0.0,0.0,0.0,0.59689,1.0,6,6,1,0.68698,0.89806,0.05096,0.90984,0.56624,0.06611,0.82,0.7,0.06,0.9,0.56,0.06,-3.69656,-13.0316,21.14615,-71.30939,-2.46727,68.96294,double_rcm_log_20260616_133526_303.csv,80.97194,Unknown,Task4_EntryRCM_TipCone,0.0,4.675035310747346,13.142165419391073,13.153110091519947,4.6762519974472845,13.145652747347475,13.156568701602945,14.946404727884534,18.77095372298731,93.84752059275402,3.0149585726653823,9.749313440603869
33.79331,0.01177,84.9887,Done,EntryTipCone,161.2455,0.00042,4.6745,13.15208,13.15208,1.0,13.15208,4.6745,0.0,0.0,0.0,0.59689,1.0,6,6,1,0.68728,0.89823,0.05033,0.90963,0.56612,0.06653,0.82,0.7,0.06,0.9,0.56,0.06,-3.64776,-13.07349,21.24619,-71.50059,-2.52931,68.98104,double_rcm_log_20260616_133526_303.csv,84.9887,Unknown,Task4_EntryRCM_TipCone,0.0,4.673711981056517,13.138453613992517,13.149388997231508,4.672706626183442,13.135641824967884,13.14656609156929,14.86026641655793,13.603749399411896,55.12156001835151,2.8662849230801903,9.75024584731929
33.82598,0.01202,83.17429,Done,EntryTipCone,161.2455,0.00036,4.67466,13.15241,13.15241,1.0,13.15241,4.67466,0.0,0.0,0.0,0.59689,1.0,6,6,1,0.6876,0.89841,0.04971,0.90942,0.566,0.06695,0.82,0.7,0.06,0.9,0.56,0.06,-3.59875,-13.10234,21.32486,-71.6922,-2.59148,68.99799,double_rcm_log_20260616_133526_303.csv,83.17429,Unknown,Task4_EntryRCM_TipCone,0.0,4.675276946593407,13.142843182644262,13.153789551462806,4.6754922166866715,13.14350737641382,13.15442511096545,14.861744802884573,15.381437885983308,89.0737922158609,2.7447229978745216,9.649122229422312
33.85872,0.01181,84.66944,Done,EntryTipCone,161.2454,0.00022,4.67471,13.1525,13.1525,1.0,13.1525,4.67471,0.0,0.0,0.0,0.59689,1.0,6,6,1,0.68794,0.89861,0.04911,0.90919,0.56587,0.06736,0.82,0.7,0.06,0.9,0.56,0.06,-3.54968,-13.11816,21.38209,-71.88371,-2.65355,69.01382,double_rcm_log_20260616_133526_303.csv,84.66944,Unknown,Task4_EntryRCM_TipCone,0.0,4.674855987827903,13.14166243722288,13.152605850316702,4.676098926505353,13.145119070765968,13.156086044109008,14.805091903460635,19.362782550614057,77.73785261150671,2.6527055170614204,9.603701160536504
33.89016,0.0105,95.27365,Done,EntryTipCone,161.2453,0.00012,4.67483,13.15269,13.15269,1.0,13.15269,4.67483,0.0,0.0,0.0,0.59689,1.0,6,6,1,0.68828,0.8988,0.04854,0.90896,0.56574,0.06774,0.82,0.7,0.06,0.9,0.56,0.06,-3.50266,-13.12114,21.41685,-72.06696,-2.7128,69.02796,double_rcm_log_20260616_133526_303.csv,95.27365,Unknown,Task4_EntryRCM_TipCone,0.0,4.6764229316154315,13.146057547483212,13.157011965428708,4.676846958299558,13.147129783281999,13.15814576602642,14.838429359670931,19.956265611635654,63.25384192851807,2.594209121764836,9.604100390957948
33.92216,0.0105,95.26645,Done,EntryTipCone,161.2451,9e-05,4.67496,13.15297,13.15297,1.0,13.15297,4.67496,0.0,0.0,0.0,0.59689,1.0,6,6,1,0.68865,0.89902,0.04798,0.90871,0.56559,0.06812,0.82,0.7,0.06,0.9,0.56,0.06,-3.45497,-13.11179,21.43176,-72.25256,-2.77264,69.04128,double_rcm_log_20260616_133526_303.csv,95.26645,Unknown,Task4_EntryRCM_TipCone,0.0,4.6750448986541135,13.142192312470325,13.153137051918705,4.675541711881085,13.143951460652914,13.154717784886142,14.936169009276236,17.600601212316935,131.3021184634848,2.5661223007028373,9.587439758584422
33.95448,0.01067,93.72821,Done,EntryTipCone,161.2452,0.0001,4.67504,13.15327,13.15327,1.0,13.15327,4.67504,0.0,0.0,0.0,0.59689,1.0,6,6,1,0.68904,0.89924,0.04743,0.90844,0.56544,0.06849,0.82,0.7,0.06,0.9,0.56,0.06,-3.40707,-13.08981,21.426,-72.43882,-2.83242,69.05357,double_rcm_log_20260616_133526_303.csv,93.72821,Unknown,Task4_EntryRCM_TipCone,0.0,4.674417642056537,13.140432922309985,13.151373258163257,4.673718906030371,13.13850014856514,13.149422040530908,14.92126761694145,12.891802392030042,99.22031336774864,2.5708245116292687,9.578198442237891
33.98735,0.01112,89.89354,Done,EntryTipCone,161.2451,0.00015,4.67508,13.15343,13.15343,1.0,13.15343,4.67508,0.0,0.0,0.0,0.59689,1.0,6,6,1,0.68946,0.89948,0.04688,0.90816,0.56528,0.06886,0.82,0.7,0.06,0.9,0.56,0.06,-3.35868,-13.05457,21.3987,-72.62674,-2.8924,69.06483,double_rcm_log_20260616_133526_303.csv,89.89354,Unknown,Task4_EntryRCM_TipCone,0.0,4.674695295169582,13.141211710893213,13.152153995838011,4.674477632613848,13.14064253200143,13.151562644796195,14.856186623884396,14.43820416676635,102.3718488973764,2.6100627630717455,9.593220557928863
34.01954,0.01077,92.88128,Done,EntryTipCone,161.245,0.00026,4.67521,13.15351,13.15351,1.0,13.15351,4.67521,0.0,0.0,0.0,0.59689,1.0,6,6,1,0.68988,0.89972,0.04637,0.90788,0.56512,0.06921,0.82,0.7,0.06,0.9,0.56,0.06,-3.3117,-13.00743,21.35093,-72.8091,-2.95019,69.0746,double_rcm_log_20260616_133526_303.csv,92.88128,Unknown,Task4_EntryRCM_TipCone,0.0,4.675516769807823,13.1435158614243,13.154463914377956,4.676758448159581,13.147082800144108,13.157997568019189,14.763424640215332,19.466824986511376,80.05651299501551,2.6810288477902207,9.651637997938126
34.05237,0.01171,85.43108,Done,EntryTipCone,161.2449,0.00019,4.67529,13.15376,13.15376,1.0,13.15376,4.67529,0.0,0.0,0.0,0.59689,1.0,6,6,1,0.69033,0.89997,0.04586,0.90758,0.56495,0.06955,0.82,0.7,0.06,0.9,0.56,0.06,-3.26426,-12.94655,21.28082,-72.99315,-3.00803,69.08318,double_rcm_log_20260616_133526_303.csv,85.43108,Unknown,Task4_EntryRCM_TipCone,0.0,4.676232494627483,13.145523392560738,13.156476472649066,4.677160305540377,13.148116039365295,13.159080514990382,14.825567726284985,18.420279920579972,53.02877233727425,2.7854149393792205,9.729150862149684
34.08348,0.0106,94.33439,Done,EntryTipCone,161.2447,0.00022,4.67533,13.15394,13.15394,1.0,13.15394,4.67533,0.0,0.0,0.0,0.59689,1.0,6,6,1,0.69077,0.90022,0.0454,0.90728,0.56478,0.06986,0.82,0.7,0.06,0.9,0.56,0.06,-3.21981,-12.87668,21.19398,-73.16555,-3.06166,69.0898,double_rcm_log_20260616_133526_303.csv,94.33439,Unknown,Task4_EntryRCM_TipCone,0.0,4.675526399347369,13.143542871260596,13.154490991840385,4.675898653553075,13.14445212013267,13.155470345069327,14.879987815816095,17.068941453640402,56.95692987604419,2.910268526015533,9.760920497956544
34.11538,0.01033,96.77068,Done,EntryTipCone,161.2448,0.00034,4.67546,13.1541,13.1541,1.0,13.1541,4.67546,0.0,0.0,0.0,0.59689,1.0,6,6,1,0.69123,0.90049,0.04495,0.90697,0.5646,0.07017,0.82,0.7,0.06,0.9,0.56,0.06,-3.17483,-12.79297,21.08463,-73.33997,-3.11526,69.09503,double_rcm_log_20260616_133526_303.csv,96.77068,Unknown,Task4_EntryRCM_TipCone,0.0,4.675643959348318,13.143872614554859,13.154821560754911,4.6772554160023425,13.148486078398758,13.159399682356328,14.837335210155166,17.958467609204522,65.3746801359274,3.0611843378285,9.848092850269179
34.14765,0.0101,99.04896,Done,EntryTipCone,161.2447,0.00041,4.67554,13.15423,13.15423,1.0,13.15423,4.67554,0.0,0.0,0.0,0.59689,1.0,6,6,1,0.69171,0.90076,0.04451,0.90664,0.56441,0.07046,0.82,0.7,0.06,0.9,0.56,0.06,-3.13002,-12.69567,20.95273,-73.51379,-3.16792,69.09851,double_rcm_log_20260616_133526_303.csv,99.04896,Unknown,Task4_EntryRCM_TipCone,0.0,4.675059374611822,13.142232916022344,13.153177757112001,4.6742669065828,13.14014892785287,13.15101897192757,14.879395161078195,15.370825820665381,59.884063217603,3.2384093032431647,9.954123844655655
34.18018,0.00983,101.6987,Done,EntryTipCone,161.2447,0.00038,4.67563,13.15448,13.15448,1.0,13.15448,4.67563,0.0,0.0,0.0,0.59689,1.0,6,6,1,0.69221,0.90105,0.04408,0.9063,0.56422,0.07075,0.82,0.7,0.06,0.9,0.56,0.06,-3.0856,-12.5846,20.79783,-73.6862,-3.21923,69.09995,double_rcm_log_20260616_133526_303.csv,101.6987,Unknown,Task4_EntryRCM_TipCone,0.0,4.676451682065515,13.146138189338547,13.157092809271052,4.6758245590008025,13.144242904726811,13.15526130489241,14.804500710871473,14.567904404868061,46.89565401478342,3.4363319023994943,10.045059139705767
34.21321,0.01027,97.3829,Done,EntryTipCone,161.2445,0.0007,4.67575,13.15447,13.15447,1.0,13.15447,4.67571,0.0,0.0,0.0,0.59689,1.0,6,6,1,0.69274,0.90135,0.04368,0.90595,0.56402,0.07102,0.82,0.7,0.06,0.9,0.56,0.06,-3.04136,-12.45861,20.6181,-73.858,-3.26934,69.09908,double_rcm_log_20260616_133526_303.csv,97.3829,Unknown,Task4_EntryRCM_TipCone,0.0,4.674774447679506,13.14143372553116,13.15237656615945,4.675048515159194,13.142051648751847,13.153071884544671,14.872910168655922,16.590746278129625,83.78264989243964,3.6558968995791767,10.191625546603534
34.24508,0.01053,94.95421,Done,EntryTipCone,161.2444,0.00068,4.67584,13.1549,13.1549,1.0,13.1549,4.67584,0.0,0.0,0.0,0.59689,1.0,6,6,1,0.69325,0.90165,0.0433,0.9056,0.56382,0.07128,0.82,0.7,0.06,0.9,0.56,0.06,-2.99957,-12.32413,20.42267,-74.02047,-3.31558,69.09569,double_rcm_log_20260616_133526_303.csv,94.95421,Unknown,Task4_EntryRCM_TipCone,0.0,4.6770283950756015,13.147755805302548,13.158714477471802,4.677574218534026,13.149183303097587,13.160197566906005,14.944262476106017,19.697993982977025,77.81354310910868,3.885136908198324,10.38069933082499
34.27798,0.01134,88.20396,Done,EntryTipCone,161.2442,0.00071,4.676,13.15532,13.15532,1.0,13.15532,4.676,0.0,0.0,0.0,0.59689,1.0,6,6,1,0.6938,0.90196,0.04294,0.90523,0.56361,0.07152,0.82,0.7,0.06,0.9,0.56,0.06,-2.95741,-12.17199,20.19818,-74.18459,-3.36097,69.08937,double_rcm_log_20260616_133526_303.csv,88.20396,Unknown,Task4_EntryRCM_TipCone,0.0,4.676271975528076,13.145634132180678,13.15658748962112,4.676307237145135,13.145504349981563,13.156572501985446,14.879538453631062,17.961685998845258,76.74586766795784,4.139208788780111,10.681358884909791
34.31009,0.01141,87.64793,Done,EntryTipCone,161.2441,0.00076,4.67617,13.15571,13.15571,1.0,13.15571,4.67617,0.0,0.0,0.0,0.59689,1.0,6,6,1,0.69434,0.90227,0.04261,0.90486,0.5634,0.07174,0.82,0.7,0.06,0.9,0.56,0.06,-2.9173,-12.01005,19.95597,-74.34097,-3.40275,69.07996,double_rcm_log_20260616_133526_303.csv,87.64793,Unknown,Task4_EntryRCM_TipCone,0.0,4.676097734463713,13.145145404952789,13.156097538390027,4.675136841235414,13.142098181621689,13.153220138049827,14.866216933565042,15.688857798950128,89.6624680636755,4.407374819782882,10.91115395060588
34.34241,0.01085,92.18246,Done,EntryTipCone,161.2442,0.00089,4.67625,13.15579,13.15579,1.0,13.15579,4.67625,0.0,0.0,0.0,0.59689,1.0,6,6,1,0.6949,0.90258,0.0423,0.90449,0.56318,0.07195,0.82,0.7,0.06,0.9,0.56,0.06,-2.87801,-11.83323,19.68841,-74.49445,-3.44209,69.06697,double_rcm_log_20260616_133526_303.csv,92.18246,Unknown,Task4_EntryRCM_TipCone,0.0,4.6768462952006224,13.147245035514675,13.158202428063102,4.675942416407637,13.144981493388958,13.155797201234128,14.872969728501921,16.092697443787436,57.70981540750318,4.688396195736861,11.135368042830208
34.37497,0.0111,90.08986,Done,EntryTipCone,161.2438,0.00124,4.67638,13.15591,13.15591,1.0,13.15591,4.67638,0.0,0.0,0.0,0.59689,1.0,6,6,1,0.69547,0.90291,0.04202,0.9041,0.56296,0.07214,0.82,0.7,0.06,0.9,0.56,0.06,-2.83964,-11.64141,19.39517,-74.64481,-3.47871,69.04995,double_rcm_log_20260616_133526_303.csv,90.08986,Unknown,Task4_EntryRCM_TipCone,0.0,4.67519928117642,13.142625339305306,13.153571162763145,4.6743105348580825,13.140170704897479,13.151091209477626,14.839634328901306,14.179155572329263,93.29364924482084,4.989271251062313,11.49137476650201
34.40685,0.01074,93.06939,Done,EntryTipCone,161.2437,0.00122,4.67646,13.15612,13.15612,1.0,13.15612,4.67646,0.0,0.0,0.0,0.59689,1.0,6,6,1,0.69603,0.90323,0.04176,0.90372,0.56275,0.07232,0.82,0.7,0.06,0.9,0.56,0.06,-2.80327,-11.43924,19.0832,-74.78777,-3.51137,69.02885,double_rcm_log_20260616_133526_303.csv,93.06939,Unknown,Task4_EntryRCM_TipCone,0.0,4.677309927324709,13.148545471520462,13.159506122220822,4.677526903279253,13.148745245781464,13.159912613691594,14.818765548859526,18.20665623245706,77.69674682778992,5.300537476550206,11.818100589411005
34.43906,0.01087,92.00738,Done,EntryTipCone,161.2435,0.00141,4.67663,13.15644,13.15644,1.0,13.15644,4.67663,0.0,0.0,0.0,0.59689,1.0,6,6,1,0.69661,0.90356,0.04152,0.90333,0.56252,0.07248,0.82,0.7,0.06,0.9,0.56,0.06,-2.76782,-11.22091,18.74343,-74.92764,-3.54101,69.00276,double_rcm_log_20260616_133526_303.csv,92.00738,Unknown,Task4_EntryRCM_TipCone,0.0,4.677964562658515,13.150381648598797,13.161346900816014,4.677523406164201,13.149242797737282,13.160155774154028,14.845719406084209,18.770679836798724,41.762163352540995,5.629418287351515,12.21238220660428
34.47134,0.01055,94.784,Done,EntryTipCone,161.2434,0.00153,4.67676,13.1568,13.1568,1.0,13.1568,4.67676,0.0,0.0,0.0,0.59689,1.0,6,6,1,0.6972,0.9039,0.04131,0.90293,0.5623,0.07262,0.82,0.7,0.06,0.9,0.56,0.06,-2.73367,-10.98701,18.37655,-75.06303,-3.56691,68.9711,double_rcm_log_20260616_133526_303.csv,94.784,Unknown,Task4_EntryRCM_TipCone,0.0,4.677373174258492,13.148722871995398,13.159683967210624,4.676952102095701,13.147020779804654,13.158240763871131,14.826326029510975,15.671839720724606,33.972568444046374,5.978922136667549,12.753374247028034
34.50391,0.01104,90.56935,Done,EntryTipCone,161.2431,0.00179,4.67697,13.15738,13.15738,1.0,13.15738,4.67697,0.0,0.0,0.0,0.59689,1.0,6,6,1,0.6978,0.90424,0.04112,0.90253,0.56206,0.07275,0.82,0.7,0.06,0.9,0.56,0.06,-2.70065,-10.73556,17.97927,-75.19471,-3.58897,68.93305,double_rcm_log_20260616_133526_303.csv,90.56935,Unknown,Task4_EntryRCM_TipCone,0.0,4.6780289038402225,13.15056211814618,13.161527822695264,4.677720200615718,13.150001462415828,13.160813044793239,14.870774771728218,17.94574574398258,100.6493693864372,6.354786713364178,13.343919066372365
34.53635,0.01074,93.14753,Done,EntryTipCone,161.2429,0.00191,4.67718,13.15773,13.15773,1.0,13.15773,4.67718,0.0,0.0,0.0,0.59689,1.0,6,6,1,0.6984,0.90459,0.04096,0.90212,0.56183,0.07286,0.82,0.7,0.06,0.9,0.56,0.06,-2.6693,-10.46852,17.55436,-75.32064,-3.60643,68.88814,double_rcm_log_20260616_133526_303.csv,93.14753,Unknown,Task4_EntryRCM_TipCone,0.0,4.677793886114888,13.149902920621958,13.1608669730075,4.67798849578795,13.150454569505014,13.161417096954262,14.933119942596619,19.160941917391813,99.27615612018504,6.7510447569541645,14.09695378515734
34.56917,0.01138,87.86781,Done,EntryTipCone,161.2425,0.00231,4.67747,13.1584,13.1584,1.0,13.1584,4.67747,0.0,0.0,0.0,0.59689,1.0,6,6,1,0.69901,0.90494,0.04082,0.9017,0.56159,0.07295,0.82,0.7,0.06,0.9,0.56,0.06,-2.63919,-10.18146,17.09463,-75.44273,-3.6192,68.83498,double_rcm_log_20260616_133526_303.csv,87.86781,Unknown,Task4_EntryRCM_TipCone,0.0,4.677649231095745,13.149497179922186,13.16046021547243,4.676610789643157,13.146564394723631,13.157530163370318,14.809391274986895,15.872790330968469,117.31489444382915,7.185547751147361,15.107554478125804
34.60072,0.01092,91.56941,Done,EntryTipCone,161.2422,0.00251,4.6776,13.15868,13.15868,1.0,13.15868,4.6776,0.0,0.0,0.0,0.59689,1.0,6,6,1,0.69961,0.90528,0.04071,0.9013,0.56137,0.07302,0.82,0.7,0.06,0.9,0.56,0.06,-2.61186,-9.88749,16.62078,-75.55475,-3.62627,68.77522,double_rcm_log_20260616_133526_303.csv,91.56941,Unknown,Task4_EntryRCM_TipCone,0.0,4.67775770820522,13.14980144575206,13.160765243823176,4.676269398141835,13.144991675685691,13.156264667450253,14.739576371627926,15.201779950306193,55.05029848660588,7.6387750820924385,15.911118789037268
34.63297,0.01063,94.09612,Done,EntryTipCone,161.2419,0.00282,4.67785,13.15901,13.15901,1.0,13.15901,4.6778,0.0,0.0,0.0,0.59689,1.0,6,6,1,0.70022,0.90563,0.04063,0.90089,0.56113,0.07308,0.82,0.7,0.06,0.9,0.56,0.06,-2.58562,-9.56847,16.10347,-75.66383,-3.62768,68.70457,double_rcm_log_20260616_133526_303.csv,94.09612,Unknown,Task4_EntryRCM_TipCone,0.0,4.677414453767706,13.148838656327618,13.159800041671746,4.677115404349906,13.147786300947574,13.158852533560824,14.892321732663824,17.46832686423678,112.73736561353408,8.123287650173863,17.3150508533806
34.66545,0.01089,91.83924,Done,EntryTipCone,161.2412,0.00332,4.67818,13.15989,13.15989,1.0,13.15989,4.67818,0.0,0.0,0.0,0.59689,1.0,6,6,1,0.70084,0.90598,0.04057,0.90047,0.56089,0.07312,0.82,0.7,0.06,0.9,0.56,0.06,-2.56101,-9.22743,15.54721,-75.76806,-3.62268,68.62252,double_rcm_log_20260616_133526_303.csv,91.83924,Unknown,Task4_EntryRCM_TipCone,0.0,4.677486413736679,13.149040495846526,13.160002386965946,4.677007656934735,13.147482063702718,13.158548552177024,14.813290652844378,16.906939651324468,72.99764741814512,8.685499763028295,18.761533528351478
34.69748,0.00945,105.785,Done,EntryTipCone,161.2411,0.00345,4.67818,13.1598,13.1598,1.0,13.1598,4.67818,0.0,0.0,0.0,0.59689,1.0,6,6,1,0.70145,0.90633,0.04053,0.90006,0.56066,0.07314,0.82,0.7,0.06,0.9,0.56,0.06,-2.53865,-8.8673,14.95628,-75.86514,-3.61021,68.5284,double_rcm_log_20260616_133526_303.csv,105.785,Unknown,Task4_EntryRCM_TipCone,0.0,4.678223347075613,13.15110750875397,13.16207458035544,4.676406560171325,13.145480416653296,13.156701714335549,14.726095835173611,14.320062660535044,57.644943324835,9.262582620004878,19.796308707630924
34.73025,0.01021,97.90604,Done,EntryTipCone,161.2402,0.00436,4.67877,13.16116,13.16116,1.0,13.16116,4.67877,0.0,0.0,0.0,0.5969,1.0,6,6,1,0.70207,0.90668,0.04052,0.89964,0.56042,0.07315,0.82,0.7,0.06,0.9,0.56,0.06,-2.51775,-8.47778,14.31368,-75.95867,-3.58968,68.41856,double_rcm_log_20260616_133526_303.csv,97.90604,Unknown,Task4_EntryRCM_TipCone,0.0,4.679323915289144,13.154194471437732,13.165169282832743,4.678153412989576,13.150412745789222,13.161629838283716,14.745818217955494,16.47110541150385,75.01557014708244,9.901586697022996,22.479603076426972
34.76309,0.01035,96.66316,Done,EntryTipCone,161.2391,0.0052,4.67931,13.16226,13.16226,1.0,13.16226,4.67931,0.0,0.0,0.0,0.5969,1.0,6,6,1,0.70269,0.90704,0.04054,0.89922,0.56018,0.07314,0.82,0.7,0.06,0.9,0.56,0.06,-2.49898,-8.0595,13.61962,-76.04654,-3.55924,68.29105,double_rcm_log_20260616_133526_303.csv,96.66316,Unknown,Task4_EntryRCM_TipCone,0.0,4.679474319226949,13.154616336182633,13.16559220558215,4.679121505717659,13.153146216195399,13.164360979553848,14.77661237264769,18.891796977203914,35.36658474953896,10.671940785121027,25.465124681920646
34.79578,0.01019,98.15262,Done,EntryTipCone,161.2379,0.00622,4.6799,13.1634,13.1634,1.0,13.1634,4.6799,0.0,0.0,0.0,0.5969,1.0,6,6,1,0.70331,0.9074,0.04058,0.8988,0.55994,0.07311,0.82,0.7,0.06,0.9,0.56,0.06,-2.48262,-7.61243,12.87355,-76.12817,-3.5177,68.14393,double_rcm_log_20260616_133526_303.csv,98.15262,Unknown,Task4_EntryRCM_TipCone,0.0,4.680239194496346,13.156761716843178,13.167742967750154,4.679327485236384,13.153727813232845,13.164942081148702,14.713479158927596,16.68470383617703,75.07641080372599,11.50638306490879,28.546918459884164
34.82814,0.01085,92.15477,Done,EntryTipCone,161.236,0.00778,4.68082,13.16549,13.16549,1.0,13.16549,4.68082,0.0,0.0,0.0,0.59691,1.0,6,6,1,0.70391,0.90774,0.04065,0.89839,0.55971,0.07306,0.82,0.7,0.06,0.9,0.56,0.06,-2.46881,-7.13837,12.07803,-76.20357,-3.46388,67.97601,double_rcm_log_20260616_133526_303.csv,92.15477,Unknown,Task4_EntryRCM_TipCone,0.0,4.6796810081524445,13.15519607332157,13.166173396769633,4.678358792421675,13.150688136426114,13.162059109425092,14.807348230909371,14.539050902336026,123.78101108704027,12.465497857629954,33.8095966072736
34.86062,0.01118,89.45783,Done,EntryTipCone,161.2335,0.00998,4.68195,13.16766,13.16766,1.0,13.16766,4.68195,0.0,0.0,0.0,0.59691,1.0,6,6,1,0.70451,0.90809,0.04073,0.89797,0.55947,0.073,0.82,0.7,0.06,0.9,0.56,0.06,-2.4576,-6.62318,11.20852,-76.27417,-3.394,67.77952,double_rcm_log_20260616_133526_303.csv,89.45783,Unknown,Task4_EntryRCM_TipCone,0.0,4.682505039336341,13.163117118001303,13.174114321252622,4.680539746399142,13.156846068170683,13.168211723692776,14.633293889552045,16.282633385362363,39.09814626049477,13.638042878876119,40.31177102240351
34.8931,0.01132,88.33476,Done,EntryTipCone,161.2303,0.0127,4.68325,13.17054,13.17054,1.0,13.17054,4.68325,0.0,0.0,0.0,0.59692,1.0,6,6,1,0.70511,0.90843,0.04085,0.89757,0.55925,0.07292,0.82,0.7,0.06,0.9,0.56,0.06,-2.44936,-6.06162,10.25519,-76.34035,-3.30423,67.54882,double_rcm_log_20260616_133526_303.csv,88.33476,Unknown,Task4_EntryRCM_TipCone,0.0,4.682384385121964,13.162778699083699,13.173775052498064,4.680537536095623,13.156230521637335,13.167907958366063,14.407386298339675,14.747019287014117,17.475285644872464,15.021563945642276,48.7928017787044
34.926,0.01155,86.58821,Done,EntryTipCone,161.2254,0.01705,4.68521,13.17446,13.17446,1.0,13.17446,4.68517,0.0,0.0,0.0,0.59693,1.0,6,6,1,0.7057,0.90877,0.04098,0.89716,0.55902,0.07283,0.82,0.7,0.06,0.9,0.56,0.06,-2.44441,-5.43802,9.19018,-76.40419,-3.18775,67.2728,double_rcm_log_20260616_133526_303.csv,86.58821,Unknown,Task4_EntryRCM_TipCone,0.0,4.6854511119087405,13.171380439016499,13.182398406737002,4.6838340663482345,13.165233060544823,13.177059611309375,14.45199722701768,17.044946128359804,212.52522779945917,16.765295902585226,60.8361678486104
34.95869,0.0117,85.45984,Done,EntryTipCone,161.2182,0.02332,4.68772,13.17973,13.17973,1.0,13.17973,4.68772,0.0,0.0,0.0,0.59695,1.0,6,6,1,0.70626,0.9091,0.04113,0.89676,0.5588,0.07272,0.82,0.7,0.06,0.9,0.56,0.06,-2.44362,-4.74779,8.00382,-76.46681,-3.03642,66.94287,double_rcm_log_20260616_133526_303.csv,85.45984,Unknown,Task4_EntryRCM_TipCone,0.0,4.687320581695016,13.176624021918933,13.187655179551298,4.685297398030533,13.168754628344288,13.180895265496975,14.02974349589032,21.395379697093734,384.07420195599093,18.931586800313106,76.13164179000673
34.99123,0.01158,86.33727,Done,EntryTipCone,161.2068,0.03338,4.69144,13.18746,13.18746,1.0,13.18746,4.69144,0.0,0.0,0.0,0.59698,1.0,6,6,1,0.7068,0.90942,0.04128,0.89638,0.5586,0.0726,0.82,0.7,0.06,0.9,0.56,0.06,-2.44789,-3.97784,6.67162,-76.53291,-2.8366,66.54509,double_rcm_log_20260616_133526_303.csv,86.33727,Unknown,Task4_EntryRCM_TipCone,0.0,4.691479927807072,13.18829031480142,13.199350856146124,4.686688954816644,13.171463092610507,13.184248177275816,13.455368449935165,28.69901057458078,620.1623202841581,21.627828476113756,82.88334271140138
35.02335,0.01059,94.38998,Done,EntryTipCone,161.1884,0.05005,4.69715,13.19895,13.19895,1.0,13.19895,4.69711,0.0,0.0,0.0,0.59702,1.0,6,6,1,0.70728,0.90972,0.04143,0.89602,0.55841,0.07248,0.82,0.7,0.06,0.9,0.56,0.06,-2.4588,-3.11588,5.16953,-76.61082,-2.56618,66.06287,double_rcm_log_20260616_133526_303.csv,94.38998,Unknown,Task4_EntryRCM_TipCone,0.0,4.696812770897482,13.203247975152992,13.214346266627912,4.690828676211384,13.18202995923444,13.195412081477421,12.315175626300181,52.08998461038487,623.093510122272,24.115819113056336,62.99602676446862
35.05592,0.01097,91.17062,Done,EntryTipCone,161.1533,0.08184,4.70723,13.21935,13.21935,1.0,13.21935,4.70723,0.0,0.0,0.0,0.59711,1.0,6,6,1,0.70767,0.90998,0.04154,0.89569,0.55827,0.07238,0.82,0.7,0.06,0.9,0.56,0.06,-2.47798,-2.18285,3.53177,-76.71867,-2.19596,65.49964,double_rcm_log_20260616_133526_303.csv,91.17062,Unknown,Task4_EntryRCM_TipCone,0.0,4.707498559142099,13.23321933415778,13.244393526383634,4.700952300993993,13.207139153328587,13.222458167829474,10.386295372864295,67.66759380225879,189.52017206484288,25.08863317071929,60.262740136995305
35.08846,0.0109,91.76066,Done,EntryTipCone,161.0955,0.13475,4.72236,13.24931,13.24931,1.0,13.24931,4.72236,0.0,0.0,0.0,0.59726,1.0,6,6,1,0.70793,0.91018,0.04157,0.89541,0.55818,0.0723,0.82,0.7,0.06,0.9,0.56,0.06,-2.50706,-1.27745,1.93028,-76.87961,-1.70339,64.91447,double_rcm_log_20260616_133526_303.csv,91.76066,Unknown,Task4_EntryRCM_TipCone,0.0,4.723727145522562,13.27873618013117,13.290026303728714,4.712859073419394,13.235731417411218,13.25407484511839,8.355606102291222,63.84513318994496,366.4151099345014,22.41156863102374,167.40243862240243
35.12113,0.01089,91.80113,Done,EntryTipCone,161.0141,0.20953,4.74086,13.28446,13.28446,1.0,13.28446,4.74086,0.0,0.0,0.0,0.59746,1.0,6,6,1,0.70804,0.91033,0.04153,0.89518,0.55814,0.07224,0.82,0.7,0.06,0.9,0.56,0.06,-2.54324,-0.598,0.71953,-77.10169,-1.12607,64.45699,double_rcm_log_20260616_133526_303.csv,91.80113,Unknown,Task4_EntryRCM_TipCone,0.0,4.741426160612762,13.32837597091899,13.339793440800909,4.7248442773559685,13.262982841207132,13.285691551439871,6.846292304186767,44.670437195979886,688.69030045124,15.640711526898366,234.76393135835195
35.15351,0.01059,94.462,Done,EntryTipCone,160.921,0.29494,4.75773,13.31416,13.31416,1.0,13.31416,4.75773,0.0,0.0,0.0,0.5977,1.0,6,6,1,0.70808,0.91045,0.04147,0.89498,0.55814,0.07219,0.82,0.7,0.06,0.9,0.56,0.06,-2.57764,-0.26101,0.1153,-77.33794,-0.59071,64.23665,double_rcm_log_20260616_133526_303.csv,94.462,Unknown,Task4_EntryRCM_TipCone,0.0,4.757229617141848,13.372698282150207,13.384230265341264,4.735541090528323,13.284926623230408,13.313756044032079,6.140527007533197,22.775522198248094,616.0743874650018,8.691786666498006,192.25360257275113
35.18724,0.01179,84.78649,Done,EntryTipCone,160.8195,0.387,4.77024,13.3321,13.3321,1.0,13.3321,4.77024,0.0,0.0,0.0,0.59795,1.0,6,6,1,0.70809,0.91057,0.04141,0.89479,0.55815,0.07213,0.82,0.7,0.06,0.9,0.56,0.06,-2.60197,-0.15185,-0.07848,-77.52148,-0.2114,64.18709,double_rcm_log_20260616_133526_303.csv,84.78649,Unknown,Task4_EntryRCM_TipCone,0.0,4.76966505042441,13.407573933727676,13.419196561369661,4.741995614804069,13.2945769163451,13.330547625660419,5.836873765520833,16.459384553591565,251.22294289753472,4.386328730132561,105.09644001445248
35.21913,0.01082,92.41493,Done,EntryTipCone,160.7217,0.47484,4.77615,13.33441,13.33441,1.0,13.33441,4.77615,0.0,0.0,0.0,0.5982,1.0,6,6,1,0.70808,0.91067,0.04137,0.89462,0.55816,0.07206,0.82,0.7,0.06,0.9,0.56,0.06,-2.61598,-0.12567,-0.12001,-77.62987,0.00308,64.19999,double_rcm_log_20260616_133526_303.csv,92.41493,Unknown,Task4_EntryRCM_TipCone,0.0,4.775838361463469,13.424886987806811,13.43655478980822,4.743125063379609,13.290039300746464,13.333176665746269,5.900662491636723,17.696725013057343,31.707223736258893,2.2532305547822533,55.8174247356461
35.25112,0.01099,90.95509,Done,EntryTipCone,160.6228,0.56289,4.77631,13.32263,13.32263,1.0,13.32263,4.77631,0.0,0.0,0.0,0.59845,1.0,6,6,1,0.70806,0.91077,0.04135,0.89445,0.55818,0.07197,0.82,0.7,0.06,0.9,0.56,0.06,-2.62251,-0.11694,-0.12669,-77.67758,0.09517,64.2281,double_rcm_log_20260616_133526_303.csv,90.95509,Unknown,Task4_EntryRCM_TipCone,0.0,4.7761806975372885,13.425847064948183,13.437517375476064,4.73801136267759,13.267215463459062,13.319001464073835,5.839201201535133,16.419427650858974,61.054390778662004,0.9833593568469436,30.218909439329675
35.28324,0.01069,93.55019,Done,EntryTipCone,160.5228,0.65136,4.77044,13.29617,13.29617,1.0,13.29617,4.77044,0.0,0.0,0.0,0.5987,1.0,6,6,1,0.70802,0.91086,0.04136,0.8943,0.5582,0.07187,0.82,0.7,0.06,0.9,0.56,0.06,-2.62644,-0.10986,-0.12905,-77.69199,0.12979,64.25843,double_rcm_log_20260616_133526_303.csv,93.55019,Unknown,Task4_EntryRCM_TipCone,0.0,4.7690412074848645,13.405824357210717,13.417442426260513,4.727390707558988,13.22974998310192,13.290105341945212,5.738571189187762,14.718422751300531,81.45927790845533,0.5092647445728918,13.686739695027637
35.31552,0.01067,93.71645,Done,EntryTipCone,160.4218,0.74016,4.75881,13.25551,13.25551,1.0,13.25551,4.75881,0.0,0.0,0.0,0.59895,1.0,6,6,1,0.70797,0.91095,0.04138,0.89415,0.55823,0.07176,0.82,0.7,0.06,0.9,0.56,0.06,-2.63029,-0.10392,-0.12921,-77.68934,0.14249,64.28997,double_rcm_log_20260616_133526_303.csv,93.71645,Unknown,Task4_EntryRCM_TipCone,0.0,4.7586631856925585,13.376718812517996,13.38826122117809,4.713661652412718,13.18287052900908,13.253414654344766,5.871989746929915,15.483305275774986,45.00651219174347,0.4362062926286546,6.660300099639672
35.34815,0.01042,96.00418,Done,EntryTipCone,160.3194,0.82955,4.74099,13.19976,13.19976,1.0,13.19976,4.74099,0.0,0.0,0.0,0.59921,1.0,6,6,1,0.7079,0.91104,0.04143,0.89401,0.55826,0.07163,0.82,0.7,0.06,0.9,0.56,0.06,-2.63502,-0.09875,-0.12827,-77.67414,0.14463,64.32227,double_rcm_log_20260616_133526_303.csv,96.00418,Unknown,Task4_EntryRCM_TipCone,0.0,4.740184778282321,13.324894351982305,13.336302858931756,4.692652439107431,13.116009360261321,13.197143630346716,6.075650545652524,16.523441685247853,109.5856933404408,0.47733154167910935,3.711368811377375
35.38058,0.01016,98.42253,Done,EntryTipCone,160.2173,0.91811,4.71746,13.13015,13.13015,1.0,13.13015,4.71746,0.0,0.0,0.0,0.59946,1.0,6,6,1,0.70782,0.91112,0.04149,0.89387,0.5583,0.07149,0.82,0.7,0.06,0.9,0.56,0.06,-2.64111,-0.09296,-0.12912,-77.65052,0.14448,64.35349,double_rcm_log_20260616_133526_303.csv,98.42253,Unknown,Task4_EntryRCM_TipCone,0.0,4.71826411840806,13.263413968417519,13.274664977002763,4.668543059011875,13.039815123748431,13.133430625697146,6.226390435347399,18.384586737572715,104.77912966334323,0.5304173385017665,2.889638758373466
35.41319,0.00958,104.3904,Done,EntryTipCone,160.1147,1.00662,4.68797,13.04603,13.04603,1.0,13.04603,4.68797,0.0,0.0,0.0,0.59972,1.0,6,6,1,0.70773,0.9112,0.04158,0.89375,0.55834,0.07133,0.82,0.7,0.06,0.9,0.56,0.06,-2.649,-0.0882,-0.12896,-77.62044,0.1469,64.38511,double_rcm_log_20260616_133526_303.csv,104.3904,Unknown,Task4_EntryRCM_TipCone,0.0,4.688225443007492,13.1791620174105,13.190199563005246,4.635538791370249,12.93958185033577,13.045573962076189,6.260363879843086,16.50285803780564,64.65281790032445,0.5973298058445028,3.204260806764888
35.44609,0.00926,108.0428,Done,EntryTipCone,160.0112,1.09519,4.65227,12.94668,12.94668,1.0,12.94668,4.65227,0.0,0.0,0.0,0.59998,1.0,6,6,1,0.70762,0.91127,0.04169,0.89364,0.55838,0.07116,0.82,0.7,0.06,0.9,0.56,0.06,-2.65848,-0.08514,-0.12643,-77.58221,0.14845,64.41788,double_rcm_log_20260616_133526_303.csv,108.0428,Unknown,Task4_EntryRCM_TipCone,0.0,4.65246481461415,13.078856511487384,13.089643472334787,4.598346656518883,12.828132545908057,12.946798832143823,6.337385751771254,15.366633956177367,127.6262281617917,0.678819123749113,3.2693670868844857
35.47914,0.01003,99.66468,Done,EntryTipCone,159.9079,1.1835,4.61078,12.83345,12.83345,1.0,12.83345,4.61078,0.0,0.0,0.0,0.60024,1.0,6,6,1,0.7075,0.91133,0.04182,0.89354,0.55843,0.07098,0.82,0.7,0.06,0.9,0.56,0.06,-2.66897,-0.07865,-0.13052,-77.53317,0.14283,64.44762,double_rcm_log_20260616_133526_303.csv,99.66468,Unknown,Task4_EntryRCM_TipCone,0.0,4.611339208795529,12.963496406120822,12.973999909284332,4.556300163813335,12.702922740607654,12.83576643601778,6.632005093702785,17.38641526125801,48.62722928274027,0.7522771182409759,2.7387952660185264
35.51192,0.01109,90.16664,Done,EntryTipCone,159.8054,1.27032,4.56373,12.70685,12.70685,1.0,12.70685,4.56373,0.0,0.0,0.0,0.6005,1.0,6,6,1,0.70737,0.91139,0.04197,0.89345,0.55848,0.07078,0.82,0.7,0.06,0.9,0.56,0.06,-2.68152,-0.07612,-0.12873,-77.48072,0.14505,64.47934,double_rcm_log_20260616_133526_303.csv,90.16664,Unknown,Task4_EntryRCM_TipCone,0.0,4.563939192497577,12.830527873778534,12.840710882256658,4.506915935820449,12.557725725011533,12.705168239736178,7.108366650807315,13.546292188206635,153.29729921181317,0.8264076138041999,2.804218384554474
35.54405,0.01114,89.73948,Done,EntryTipCone,159.7052,1.35429,4.51197,12.56968,12.56968,1.0,12.56968,4.51197,0.0,0.0,0.0,0.60075,1.0,6,6,1,0.70722,0.91144,0.04214,0.89336,0.55854,0.07057,0.82,0.7,0.06,0.9,0.56,0.06,-2.69508,-0.07369,-0.12754,-77.4208,0.14407,64.50993,double_rcm_log_20260616_133526_303.csv,89.73948,Unknown,Task4_EntryRCM_TipCone,0.0,4.511150036619403,12.682431167425142,12.692264989200352,4.454362817120469,12.403163926378435,12.567660880211548,7.182636953355274,14.777139972891092,107.48704606590113,0.9066692347204611,2.5682453409159094
35.57671,0.01129,88.59453,Done,EntryTipCone,159.6041,1.43891,4.45399,12.41702,12.41702,1.0,12.41702,4.45399,0.0,0.0,0.0,0.60101,1.0,6,6,1,0.70706,0.91149,0.04233,0.89329,0.5586,0.07036,0.82,0.7,0.06,0.9,0.56,0.06,-2.71049,-0.07298,-0.12414,-77.35426,0.14572,64.54153,double_rcm_log_20260616_133526_303.csv,88.59453,Unknown,Task4_EntryRCM_TipCone,0.0,4.454068138717449,12.522279328512948,12.531744648923533,4.398809863037968,12.241184520361543,12.422306549107548,7.361759425774518,17.830450673690475,71.86784488993005,0.9643702043561929,2.7552288278195785
35.6097,0.01149,87.0368,Done,EntryTipCone,159.5031,1.52307,4.39008,12.25066,12.25066,1.0,12.25066,4.39008,0.0,0.0,0.0,0.60126,1.0,6,6,1,0.70689,0.91153,0.04254,0.89323,0.55866,0.07012,0.82,0.7,0.06,0.9,0.56,0.06,-2.72779,-0.06936,-0.12688,-77.28201,0.15186,64.57034,double_rcm_log_20260616_133526_303.csv,87.0368,Unknown,Task4_EntryRCM_TipCone,0.0,4.389200526606811,12.340268420201621,12.349326283485569,4.3328978512103,12.050852826507942,12.249199973875879,7.776698738638191,14.62721770283393,105.77625860748547,1.0519796135401978,3.2654286197643563
35.64221,0.01144,87.42053,Done,EntryTipCone,159.4047,1.60478,4.32187,12.07426,12.07426,1.0,12.07426,4.32187,0.0,0.0,0.0,0.60151,1.0,6,6,1,0.70671,0.91157,0.04276,0.89318,0.55873,0.06988,0.82,0.7,0.06,0.9,0.56,0.06,-2.74548,-0.06739,-0.12729,-77.19987,0.14786,64.59924,double_rcm_log_20260616_133526_303.csv,87.42053,Unknown,Task4_EntryRCM_TipCone,0.0,4.321689785142641,12.150824407134882,12.159470803193285,4.26496226457087,11.854819467852973,12.072269877699096,7.951453427625864,12.605599040543696,4.927384072602137,1.1471189002634326,2.641844961667505
35.67478,0.01128,88.66181,Done,EntryTipCone,159.3072,1.68502,4.24792,11.88469,11.88469,1.0,11.88469,4.24792,0.0,0.0,0.0,0.60175,1.0,6,6,1,0.70651,0.91159,0.043,0.89314,0.5588,0.06963,0.82,0.7,0.06,0.9,0.56,0.06,-2.76503,-0.06675,-0.12639,-77.11264,0.14861,64.62824,double_rcm_log_20260616_133526_303.csv,88.66181,Unknown,Task4_EntryRCM_TipCone,0.0,4.248136033071589,11.944403718755199,11.952616208004851,4.192685532526871,11.647284860231805,11.88429636116501,8.191139804129147,14.949182161741971,79.00341615857803,1.2095984687327084,2.362390257983627
35.70766,0.01163,85.9658,Done,EntryTipCone,159.21,1.76493,4.16857,11.68265,11.68265,1.0,11.68265,4.16857,0.0,0.0,0.0,0.602,1.0,6,6,1,0.70631,0.91162,0.04327,0.89311,0.55888,0.06937,0.82,0.7,0.06,0.9,0.56,0.06,-2.78608,-0.06624,-0.12618,-77.01912,0.1505,64.65665,double_rcm_log_20260616_133526_303.csv,85.9658,Unknown,Task4_EntryRCM_TipCone,0.0,4.168875795183548,11.721946367259287,11.729707800988393,4.11528125598658,11.425438958071425,11.684322830185794,8.61822226159699,15.479433416032084,89.25639096796822,1.2878374578182523,2.83315698557595
35.73936,0.01007,99.33601,Done,EntryTipCone,159.117,1.84023,4.08715,11.47646,11.47646,1.0,11.47646,4.08715,0.0,0.0,0.0,0.60224,1.0,6,6,1,0.70609,0.91163,0.04354,0.89309,0.55896,0.0691,0.82,0.7,0.06,0.9,0.56,0.06,-2.8075,-0.06659,-0.12515,-76.92164,0.14986,64.68398,double_rcm_log_20260616_133526_303.csv,99.33601,Unknown,Task4_EntryRCM_TipCone,0.0,4.086114531131562,11.489638856481738,11.496947257014115,4.03351301324421,11.192065115002746,11.473434533739217,8.936340777806961,12.8342419485893,74.82864152535761,1.3759347113206266,2.445902116754862
35.77184,0.0106,94.32858,Done,EntryTipCone,159.0238,1.91582,3.99871,11.25419,11.25419,1.0,11.25419,3.99871,0.0,0.0,0.0,0.60247,1.0,6,6,1,0.70587,0.91164,0.04383,0.89308,0.55904,0.06882,0.82,0.7,0.06,0.9,0.56,0.06,-2.83057,-0.06683,-0.12527,-76.81433,0.14668,64.71076,double_rcm_log_20260616_133526_303.csv,94.32858,Unknown,Task4_EntryRCM_TipCone,0.0,3.9989244908903325,11.244874028769756,11.251724590346123,3.947399673639092,10.947219105957782,11.251684318358777,9.10208994692101,12.370180486963775,104.46122810401299,1.4325978418734255,2.15647473983699
35.80441,0.01072,93.30427,Done,EntryTipCone,158.932,1.98982,3.9057,11.02191,11.02191,1.0,11.02191,3.9057,0.0,0.0,0.0,0.6027,1.0,6,6,1,0.70563,0.91164,0.04414,0.89308,0.55912,0.06853,0.82,0.7,0.06,0.9,0.56,0.06,-2.85543,-0.06799,-0.12496,-76.70488,0.15173,64.7371,double_rcm_log_20260616_133526_303.csv,93.30427,Unknown,Task4_EntryRCM_TipCone,0.0,3.9058784488950065,10.983641192411202,10.990024691735313,3.856967162658884,10.690973978800319,11.019151509984814,9.437696970990398,13.848957281843596,31.339033380548173,1.4955818228537574,2.3530236440969254
35.83817,0.01165,85.83456,Done,EntryTipCone,158.8392,2.06467,3.80431,10.77016,10.77016,1.0,10.77016,3.80431,0.0,0.0,0.0,0.60294,1.0,6,6,1,0.70537,0.91163,0.04448,0.89309,0.55922,0.06822,0.82,0.7,0.06,0.9,0.56,0.06,-2.88206,-0.0693,-0.12529,-76.5825,0.15106,64.76337,double_rcm_log_20260616_133526_303.csv,85.83456,Unknown,Task4_EntryRCM_TipCone,0.0,3.803944335131159,10.697421290406833,10.703318025294612,3.7576267529843927,10.409438099074386,10.766842619821267,9.735323843396698,11.439303548027032,96.65808274449111,1.5799069700953863,2.3616620285985346
35.87014,0.01116,89.57344,Done,EntryTipCone,158.7523,2.13366,3.70396,10.5227,10.5227,1.0,10.5227,3.70396,0.0,0.0,0.0,0.60316,1.0,6,6,1,0.70512,0.91162,0.04482,0.89311,0.55931,0.06792,0.82,0.7,0.06,0.9,0.56,0.06,-2.90855,-0.07376,-0.12078,-76.46214,0.15223,64.78971,double_rcm_log_20260616_133526_303.csv,89.57344,Unknown,Task4_EntryRCM_TipCone,0.0,3.703526602100917,10.415426109029124,10.420868149693849,3.6605431425757815,10.135388194151965,10.520199617878024,9.886587767782482,10.947833459388912,54.76025274696406,1.642772669994648,2.273833669747254
35.90269,0.01092,91.58083,Done,EntryTipCone,158.6663,2.20192,3.59755,10.26213,10.26213,1.0,10.26213,3.5975,0.0,0.0,0.0,0.60337,1.0,6,6,1,0.70485,0.9116,0.04518,0.89314,0.5594,0.06761,0.82,0.7,0.06,0.9,0.56,0.06,-2.93655,-0.07439,-0.12414,-76.33338,0.15242,64.81231,double_rcm_log_20260616_133526_303.csv,91.58083,Unknown,Task4_EntryRCM_TipCone,0.0,3.5972378055183007,10.116908849136689,10.121895732843877,3.5591571898974292,9.850000312377976,10.263123306284486,10.13437069801321,12.64496979159846,89.35440117251146,1.7141488039036232,2.3777292872476523
35.93543,0.01106,90.40289,Done,EntryTipCone,158.5818,2.26842,3.48627,9.99181,9.99181,1.0,9.99181,3.48627,0.0,0.0,0.0,0.60359,1.0,6,6,1,0.70458,0.91158,0.04555,0.89318,0.5595,0.06729,0.82,0.7,0.06,0.9,0.56,0.06,-2.96569,-0.08,-0.11959,-76.19839,0.15121,64.83768,double_rcm_log_20260616_133526_303.csv,90.40289,Unknown,Task4_EntryRCM_TipCone,0.0,3.4875561399303376,9.808826062250322,9.813370622242685,3.4525580142853367,9.550218765114197,9.995323906707617,10.466853205690557,13.82146185882391,35.96869136662577,1.7843609381749876,2.1437340918641734
35.96735,0.01087,92.01584,Done,EntryTipCone,158.503,2.33145,3.374,9.72058,9.72058,1.0,9.72058,3.374,0.0,0.0,0.0,0.60378,1.0,6,6,1,0.7043,0.91154,0.04593,0.89323,0.5596,0.06697,0.82,0.7,0.06,0.9,0.56,0.06,-2.99496,-0.08067,-0.12478,-76.06079,0.14854,64.85731,double_rcm_log_20260616_133526_303.csv,92.01584,Unknown,Task4_EntryRCM_TipCone,0.0,3.374909543331552,9.492377730736015,9.496496059586475,3.3444464586434752,9.246852770204963,9.724906169213194,10.799274435968032,12.188628312492419,100.90476696892382,1.8372529133712825,1.8785657682137777
35.99949,0.01044,95.77744,Done,EntryTipCone,158.4248,2.39229,3.25708,9.44079,9.44079,1.0,9.44079,3.25708,0.0,0.0,0.0,0.60399,1.0,6,6,1,0.70401,0.9115,0.04632,0.89329,0.55971,0.06664,0.82,0.7,0.06,0.9,0.56,0.06,-3.02577,-0.08559,-0.12345,-75.91956,0.15023,64.87917,double_rcm_log_20260616_133526_303.csv,95.77744,Unknown,Task4_EntryRCM_TipCone,0.0,3.258261893205718,9.164650931682576,9.168356876740862,3.2310908053440075,8.929054476603554,9.44445869279971,11.04105661178532,11.721698029907607,33.474239387204015,1.891931419401315,1.9005391301916914
36.03202,0.01048,95.46152,Done,EntryTipCone,158.3481,2.45188,3.13513,9.15159,9.15159,1.0,9.15159,3.13513,0.0,0.0,0.0,0.60418,1.0,6,6,1,0.70371,0.91145,0.04673,0.89336,0.55981,0.0663,0.82,0.7,0.06,0.9,0.56,0.06,-3.05774,-0.09102,-0.12223,-75.77106,0.14987,64.90041,double_rcm_log_20260616_133526_303.csv,95.46152,Unknown,Task4_EntryRCM_TipCone,0.0,3.136587506473737,8.822760835133808,8.826066963162802,3.1145944495945423,8.603637513374117,9.155091479608478,11.335808013573589,11.810160385131326,114.45094285734353,1.9368024042883898,1.9634916358936052
36.06448,0.00933,107.2017,Done,EntryTipCone,158.2746,2.50892,3.00986,8.85727,8.85727,1.0,8.85727,3.00986,0.0,0.0,0.0,0.60436,1.0,6,6,1,0.7034,0.91139,0.04716,0.89344,0.55992,0.06595,0.82,0.7,0.06,0.9,0.56,0.06,-3.09106,-0.09713,-0.12116,-75.62138,0.15648,64.92052,double_rcm_log_20260616_133526_303.csv,107.2017,Unknown,Task4_EntryRCM_TipCone,0.0,3.009392473292393,8.465315887027202,8.468235937767085,2.9929957753862153,8.264195339861294,8.856777066179328,11.60816867818069,10.694245054898671,95.97288179558979,1.99863568242826,2.5159203411767748
36.09716,0.01031,96.99756,Done,EntryTipCone,158.2037,2.56394,2.88072,8.55695,8.55695,1.0,8.55695,2.88072,0.0,0.0,0.0,0.60454,1.0,6,6,1,0.70308,0.91133,0.04759,0.89353,0.56004,0.0656,0.82,0.7,0.06,0.9,0.56,0.06,-3.12453,-0.10015,-0.12622,-75.46152,0.15174,64.93723,double_rcm_log_20260616_133526_303.csv,96.99756,Unknown,Task4_EntryRCM_TipCone,0.0,2.880773768106226,8.10382770368112,8.106389163998557,2.8688948006260584,7.917960984612544,8.55701466634245,11.690618058108031,9.06198423885919,47.984894137589514,2.070949742235488,2.135208636046235
36.12957,0.0102,98.01218,Done,EntryTipCone,158.1359,2.61604,2.74951,8.25557,8.25557,1.0,8.25557,2.74951,0.0,0.0,0.0,0.60471,1.0,6,6,1,0.70276,0.91125,0.04804,0.89363,0.56015,0.06525,0.82,0.7,0.06,0.9,0.56,0.06,-3.15877,-0.10949,-0.12106,-75.30063,0.15004,64.95722,double_rcm_log_20260616_133526_303.csv,98.01218,Unknown,Task4_EntryRCM_TipCone,0.0,2.7487720020917408,7.732788842500783,7.735014111261583,2.7444971358088286,7.571893981134336,8.256022044544205,11.873474377366987,10.230369272982552,80.81055814807155,2.114183343506038,1.5787509588464037
36.1632,0.0109,91.72916,Done,EntryTipCone,158.0687,2.66733,2.60992,7.93938,7.93938,1.0,7.93938,2.60985,0.0,0.0,0.0,0.60489,1.0,6,6,1,0.70242,0.91117,0.04851,0.89374,0.56027,0.06488,0.82,0.7,0.06,0.9,0.56,0.06,-3.19524,-0.11681,-0.12109,-75.12933,0.14906,64.97462,double_rcm_log_20260616_133526_303.csv,91.72916,Unknown,Task4_EntryRCM_TipCone,0.0,2.6096649601536592,7.341733645947975,7.3436379081266345,2.6126615063317256,7.205386446690718,7.941970788160864,12.136234731326901,12.1726479780922,22.71310442585838,2.1513542091990057,1.8385144561631268
36.19495,0.0108,92.60717,Done,EntryTipCone,158.009,2.71352,2.47552,7.63927,7.63927,1.0,7.63927,2.47552,0.0,0.0,0.0,0.60504,1.0,6,6,1,0.7021,0.91108,0.04896,0.89386,0.56039,0.06453,0.82,0.7,0.06,0.9,0.56,0.06,-3.23061,-0.12395,-0.12199,-74.96566,0.15187,64.98953,double_rcm_log_20260616_133526_303.csv,92.60717,Unknown,Task4_EntryRCM_TipCone,0.0,2.476074771250145,6.96614656202331,6.967773119303069,2.484467901610445,6.849452420561719,7.64019633255589,12.405382430919873,9.308985869962124,94.80669397293667,2.1726158685107397,1.3400480454222106
36.22759,0.01105,90.47499,Done,EntryTipCone,157.9505,2.75809,2.33507,7.33105,7.33105,1.0,7.33105,2.33507,0.0,0.0,0.0,0.60518,1.0,6,6,1,0.70176,0.91098,0.04944,0.89399,0.56051,0.06416,0.82,0.7,0.06,0.9,0.56,0.06,-3.26789,-0.132,-0.12277,-74.7962,0.15923,65.00394,double_rcm_log_20260616_133526_303.csv,90.47499,Unknown,Task4_EntryRCM_TipCone,0.0,2.334146654318236,6.567076058807374,6.56843865810006,2.3502949062644523,6.4774934610899155,7.32705943745516,12.544085913367795,8.005620757122042,68.10797941514141,2.2310381150034373,2.1442352264312414
36.2589,0.01116,89.61121,Done,EntryTipCone,157.8974,2.7985,2.19793,7.03605,7.03605,1.0,7.03605,2.19793,0.0,0.0,0.0,0.60532,1.0,6,6,1,0.70142,0.91088,0.0499,0.89412,0.56063,0.06381,0.82,0.7,0.06,0.9,0.56,0.06,-3.30352,-0.14117,-0.1215,-74.62582,0.15562,65.01772,double_rcm_log_20260616_133526_303.csv,89.61121,Unknown,Task4_EntryRCM_TipCone,0.0,2.1975047754335955,6.182831187371506,6.183968234180565,2.222212327124859,6.122588818968182,7.034728139736453,12.571130024725061,8.719185446258843,83.24018957042884,2.2830499918293925,1.254635856932095
36.28955,0.01074,93.10297,Done,EntryTipCone,157.8487,2.83532,2.06175,6.74936,6.74936,1.0,6.74936,2.06175,0.0,0.0,0.0,0.60544,1.0,6,6,1,0.7011,0.91078,0.05036,0.89426,0.56075,0.06347,0.82,0.7,0.06,0.9,0.56,0.06,-3.33938,-0.15016,-0.12148,-74.45863,0.15805,65.02959,double_rcm_log_20260616_133526_303.csv,93.10297,Unknown,Task4_EntryRCM_TipCone,0.0,2.0628624860071225,5.804174870002513,5.805115468842609,2.0952874411239324,5.771296214889696,6.7491480943893585,12.83618187861751,8.841994740404886,119.72052996465723,2.3004575856393177,1.2972618867065144
36.32076,0.01066,93.83634,Done,EntryTipCone,157.8018,2.87052,1.92153,6.46189,6.46189,1.0,6.46189,1.92153,0.0,0.0,0.0,0.60556,1.0,6,6,1,0.70076,0.91066,0.05084,0.8944,0.56088,0.06311,0.82,0.7,0.06,0.9,0.56,0.06,-3.37633,-0.16007,-0.12099,-74.28625,0.16086,65.04095,double_rcm_log_20260616_133526_303.csv,93.83634,Unknown,Task4_EntryRCM_TipCone,0.0,1.921371122319331,5.406222308027068,5.406982340316407,1.9644145028927107,5.409036456210645,6.465794614739981,13.012631946369439,10.460259626076065,90.84374103475683,2.3477643331481697,1.7844019335749968
36.35182,0.01052,95.08345,Done,EntryTipCone,157.7594,2.90279,1.78048,6.18105,6.18105,1.0,6.18105,1.78048,0.0,0.0,0.0,0.60567,1.0,6,6,1,0.70042,0.91054,0.05132,0.89456,0.561,0.06276,0.82,0.7,0.06,0.9,0.56,0.06,-3.41308,-0.16839,-0.12399,-74.10928,0.15729,65.0497,double_rcm_log_20260616_133526_303.csv,95.08345,Unknown,Task4_EntryRCM_TipCone,0.0,1.7806709002324117,5.010462179430862,5.011067176898894,1.833809940104094,5.048366681793833,6.181520848464397,13.098050167363326,7.898873806190598,101.56774608457856,2.383586884606706,1.0667214195612624
36.39249,0.0107,93.44817,Done,EntryTipCone,157.7089,2.94137,1.59434,5.8252,5.8252,1.0,5.8252,1.59434,0.0,0.0,0.0,0.6058,1.0,6,6,1,0.69997,0.91037,0.05195,0.89477,0.56116,0.06229,0.82,0.7,0.06,0.9,0.56,0.06,-3.46227,-0.18238,-0.12416,-73.87736,0.15938,65.06111,double_rcm_log_20260616_133526_303.csv,93.44817,Unknown,Task4_EntryRCM_TipCone,0.0,1.5946919479843413,4.487296535379803,4.487731083791643,1.663827110752659,4.579128906076151,5.826027806318861,13.173682262110697,9.381146367519499,77.8524902907983,2.4066177582999595,1.0802794028191756
36.42377,0.01113,89.81144,Done,EntryTipCone,157.6723,2.96773,1.4505,5.5652,5.5652,1.0,5.5652,1.4505,0.0,0.0,0.0,0.60589,1.0,6,6,1,0.69962,0.91023,0.05245,0.89494,0.56129,0.06194,0.82,0.7,0.06,0.9,0.56,0.06,-3.50039,-0.19488,-0.12198,-73.6964,0.15967,65.06989,double_rcm_log_20260616_133526_303.csv,89.81144,Unknown,Task4_EntryRCM_TipCone,0.0,1.4508700479779746,4.082687528755682,4.08301479177328,1.5355034789361823,4.225019981746194,5.570574476658617,13.363873389690463,11.418992647206927,95.18328213926888,2.4414032357937265,1.2493775070503355
36.45423,0.01032,96.93785,Done,EntryTipCone,157.6413,2.99092,1.3097,5.32322,5.32322,1.0,5.32322,1.3097,0.0,0.0,0.0,0.60597,1.0,6,6,1,0.69928,0.91009,0.05293,0.89512,0.56142,0.06159,0.82,0.7,0.06,0.9,0.56,0.06,-3.5378,-0.20652,-0.12184,-73.51717,0.15858,65.0764,double_rcm_log_20260616_133526_303.csv,96.93785,Unknown,Task4_EntryRCM_TipCone,0.0,1.3106617063102743,3.6882196326577703,3.6884608932667,1.4081419213263278,3.873850995903381,5.325307502858394,13.63146712063754,6.908569081295426,142.11930087847668,2.4624236814310327,1.0519029973467366
36.48552,0.00972,102.9316,Done,EntryTipCone,157.6122,3.01213,1.166,5.09224,5.09224,1.0,5.09224,1.166,0.0,0.0,0.0,0.60604,1.0,6,6,1,0.69892,0.90993,0.05343,0.89531,0.56155,0.06123,0.82,0.7,0.06,0.9,0.56,0.06,-3.57658,-0.21763,-0.12409,-73.3327,0.15978,65.08109,double_rcm_log_20260616_133526_303.csv,102.9316,Unknown,Task4_EntryRCM_TipCone,0.0,1.1661620499766547,3.281655290763626,3.281825230234091,1.2813954523405116,3.524628512885606,5.09033397725528,13.567703734348445,5.173133738945413,62.70598456029591,2.464828700412709,0.8699901093445617
36.52644,0.01115,89.66832,Done,EntryTipCone,157.5801,3.03566,0.97979,4.81997,4.81997,1.0,4.81997,0.97979,0.0,0.0,0.0,0.60612,1.0,6,6,1,0.69846,0.90972,0.0541,0.89556,0.56172,0.06077,0.82,0.7,0.06,0.9,0.56,0.06,-3.62808,-0.237,-0.12012,-73.09196,0.16724,65.08839,double_rcm_log_20260616_133526_303.csv,89.66832,Unknown,Task4_EntryRCM_TipCone,0.0,0.9801379788142707,2.758227456863083,2.758328354849243,1.1268054292901182,3.0988298039495934,4.823370191059339,13.64300781844745,9.476038650689611,21.749405807791913,2.4911615022489735,1.0992949809559052
36.55716,0.01094,91.44695,Done,EntryTipCone,157.561,3.05034,0.84418,4.64256,4.64256,1.0,4.64256,0.84418,0.0,0.0,0.0,0.60617,1.0,6,6,1,0.69811,0.90956,0.05459,0.89576,0.56185,0.06042,0.82,0.7,0.06,0.9,0.56,0.06,-3.66638,-0.24872,-0.12291,-72.90731,0.16671,65.09014,double_rcm_log_20260616_133526_303.csv,91.44695,Unknown,Task4_EntryRCM_TipCone,0.0,0.845096285200755,2.3782334711161215,2.3782981468642737,1.016521224348761,2.795227801367675,4.645051129966154,13.767568215664078,7.84020614176675,97.64696470747195,2.514160215004833,1.2981546549140819
36.58772,0.00935,106.9891,Done,EntryTipCone,157.5446,3.06214,0.71518,4.49355,4.49355,1.0,4.49355,0.71518,0.0,0.0,0.0,0.60621,1.0,6,6,1,0.69776,0.90939,0.05509,0.89597,0.56198,0.06008,0.82,0.7,0.06,0.9,0.56,0.06,-3.70467,-0.26468,-0.11876,-72.72351,0.16725,65.09384,double_rcm_log_20260616_133526_303.csv,106.9891,Unknown,Task4_EntryRCM_TipCone,0.0,0.7158094859075435,2.01442078263151,2.014460084835099,0.9157489927590567,2.517935967903358,4.490846245419648,13.688680428929715,3.9237060970134205,53.06058584325537,2.5373093468657872,1.088416364701577
36.61916,0.01063,94.10089,Done,EntryTipCone,157.5328,3.07154,0.59314,4.37073,4.37073,1.0,4.37073,0.59314,0.0,0.0,0.0,0.60624,1.0,6,6,1,0.69741,0.9092,0.0556,0.89618,0.56211,0.05973,0.82,0.7,0.06,0.9,0.56,0.06,-3.7437,-0.27652,-0.12334,-72.53078,0.16216,65.09268,double_rcm_log_20260616_133526_303.csv,94.10089,Unknown,Task4_EntryRCM_TipCone,0.0,0.5940375290437793,1.6717454268377765,1.671767889826835,0.8313953491960371,2.2858376683732753,4.37234490862742,13.773824706678548,7.149812335404717,56.82957641903893,2.5456327919825,0.5292414813730388
36.65959,0.01079,92.64961,Done,EntryTipCone,157.5214,3.07943,0.4673,4.26652,4.26652,1.0,4.26652,0.4673,0.0,0.0,0.0,0.60627,1.0,6,6,1,0.69695,0.90896,0.05626,0.89647,0.56229,0.05928,0.82,0.7,0.06,0.9,0.56,0.06,-3.79455,-0.29746,-0.12046,-72.28638,0.16435,65.09342,double_rcm_log_20260616_133526_303.csv,92.64961,Unknown,Task4_EntryRCM_TipCone,0.0,0.4673862825270402,1.3153313973229435,1.3153423382715714,0.7488676967349068,2.0587468182218895,4.268887442882488,13.963960395241084,6.734592158677025,69.10524750585758,2.5554643417466845,1.0513317865616016
36.69043,0.00964,103.7244,Done,EntryTipCone,157.5159,3.08229,0.41354,4.23035,4.23035,1.0,4.23035,0.41354,0.0,0.0,0.0,0.60629,1.0,6,6,1,0.6966,0.90877,0.05677,0.8967,0.56242,0.05894,0.82,0.7,0.06,0.9,0.56,0.06,-3.83293,-0.31259,-0.12024,-72.09629,0.15949,65.09209,double_rcm_log_20260616_133526_303.csv,103.7244,Unknown,Task4_EntryRCM_TipCone,0.0,0.41292409147604153,1.1620652222080738,1.1620727668408404,0.7178210978444893,1.973401592721003,4.227292277569614,13.908629597692475,5.877319946035274,60.98471496515722,2.541800618372094,1.2788430938086959
36.72173,0.01084,92.21992,Done,EntryTipCone,157.5162,3.08224,0.41543,4.23035,4.23035,1.0,4.23035,0.41543,0.0,0.0,0.0,0.60629,1.0,6,6,1,0.69624,0.90856,0.05727,0.89693,0.56256,0.0586,0.82,0.7,0.06,0.9,0.56,0.06,-3.87264,-0.32977,-0.11835,-71.90894,0.16716,65.08996,double_rcm_log_20260616_133526_303.csv,92.21992,Unknown,Task4_EntryRCM_TipCone,0.0,0.4162471873865832,1.1714170294793997,1.1714247577344488,0.7190338010471311,1.9766424523963702,4.235386641146185,13.900909175685916,8.080215271556138,52.868600707061326,2.5330779599387503,1.5078748569027642
36.75243,0.01008,99.193,Done,EntryTipCone,157.5181,3.07979,0.47105,4.27057,4.27057,1.0,4.27057,0.47105,0.0,0.0,0.0,0.60628,1.0,6,6,1,0.6959,0.90836,0.05777,0.89717,0.56269,0.05827,0.82,0.7,0.06,0.9,0.56,0.06,-3.91081,-0.34464,-0.12002,-71.7211,0.1654,65.08566,double_rcm_log_20260616_133526_303.csv,99.193,Unknown,Task4_EntryRCM_TipCone,0.0,0.47114857669548244,1.3259191118834666,1.325930319176072,0.7501474217838431,2.0622653712697723,4.270585439960172,13.780745175307919,8.133855116784508,30.28531680571928,2.5497832662448836,0.8961925896079529
36.78512,0.01211,82.58867,Done,EntryTipCone,157.5264,3.07391,0.57096,4.35074,4.35074,1.0,4.35074,0.57096,0.0,0.0,0.0,0.60626,1.0,6,6,1,0.69553,0.90814,0.0583,0.89742,0.56283,0.05793,0.82,0.7,0.06,0.9,0.56,0.06,-3.9513,-0.35856,-0.12616,-71.52234,0.16548,65.07777,double_rcm_log_20260616_133526_303.csv,82.58867,Unknown,Task4_EntryRCM_TipCone,0.0,0.5708331155271402,1.606445575068696,1.60646550719427,0.8120273704993018,2.2324395073206746,4.353182743694561,13.674196759275139,7.1884443433925185,55.60280165288651,2.5388299025960355,1.3561382691082413
36.82487,0.01138,87.84872,Done,EntryTipCone,157.5396,3.06285,0.72362,4.50289,4.50289,1.0,4.50289,0.72362,0.0,0.0,0.0,0.60623,1.0,6,6,1,0.69509,0.90786,0.05894,0.89774,0.563,0.05752,0.82,0.7,0.06,0.9,0.56,0.06,-4.00031,-0.38496,-0.11751,-71.28166,0.16491,65.07365,double_rcm_log_20260616_133526_303.csv,87.84872,Unknown,Task4_EntryRCM_TipCone,0.0,0.7240375412475902,2.0375748323262584,2.0376155054689096,0.9183087339441965,2.524856126898823,4.500888801114677,13.789029785936354,5.9955408542681,22.60374059306547,2.532566554324555,1.4300869842097914
36.85521,0.01038,96.30141,Done,EntryTipCone,157.5557,3.05134,0.85272,4.65161,4.65161,1.0,4.65161,0.85272,0.0,0.0,0.0,0.60618,1.0,6,6,1,0.69476,0.90765,0.05942,0.89799,0.56313,0.05721,0.82,0.7,0.06,0.9,0.56,0.06,-4.03736,-0.40077,-0.11945,-71.09824,0.16432,65.06546,double_rcm_log_20260616_133526_303.csv,96.30141,Unknown,Task4_EntryRCM_TipCone,0.0,0.8521590011449798,2.3981076018515792,2.398173912717718,1.017058010949362,2.79661608707051,4.649849459928791,13.715656776572958,5.936691434754648,21.060685345742318,2.5051670207232766,0.992616914281393
36.88817,0.01145,87.30933,Done,EntryTipCone,157.5746,3.03586,0.99878,4.84525,4.84525,1.0,4.84525,0.99878,0.0,0.0,0.0,0.60614,1.0,6,6,1,0.6944,0.90741,0.05994,0.89826,0.56327,0.05688,0.82,0.7,0.06,0.9,0.56,0.06,-4.07792,-0.41834,-0.12162,-70.90336,0.17173,65.05572,double_rcm_log_20260616_133526_303.csv,87.30933,Unknown,Task4_EntryRCM_TipCone,0.0,0.9979669503383638,2.80839532213786,2.8085018269018893,1.135271815423718,3.1219964026983615,4.843025913620555,13.732286956230743,6.868655631527371,49.39499718696464,2.497490583160158,1.4607253559571227
36.91835,0.01054,94.86497,Done,EntryTipCone,157.5971,3.01888,1.13574,5.04472,5.04472,1.0,5.04472,1.13574,0.0,0.0,0.0,0.60608,1.0,6,6,1,0.69407,0.90718,0.06041,0.89852,0.5634,0.05658,0.82,0.7,0.06,0.9,0.56,0.06,-4.11393,-0.43782,-0.11766,-70.72214,0.1683,65.04807,double_rcm_log_20260616_133526_303.csv,94.86497,Unknown,Task4_EntryRCM_TipCone,0.0,1.1367054562781966,3.198773551158431,3.1989309356514655,1.2520297132554339,3.443530388781474,5.044482133975679,13.668841781186616,6.146249822726069,55.15629561398727,2.492183329938666,0.8290070519587396
36.95888,0.0111,90.11022,Done,EntryTipCone,157.6313,2.9921,1.32219,5.34361,5.34361,1.0,5.34361,1.32219,0.0,0.0,0.0,0.60599,1.0,6,6,1,0.69364,0.90688,0.06104,0.89886,0.56357,0.05619,0.82,0.7,0.06,0.9,0.56,0.06,-4.1625,-0.46284,-0.11548,-70.48441,0.17341,65.03506,double_rcm_log_20260616_133526_303.csv,90.11022,Unknown,Task4_EntryRCM_TipCone,0.0,1.3220139522949643,3.7201593602773224,3.7204069442093926,1.4138583040476669,3.8893078284722233,5.34421182214925,13.452693010787502,7.970991777152001,83.56432307367685,2.452713072862552,1.0751523353469807
36.99037,0.01149,87.01818,Done,EntryTipCone,157.6631,2.9683,1.46727,5.59381,5.59381,1.0,5.59381,1.46727,0.0,0.0,0.0,0.60591,1.0,6,6,1,0.69331,0.90664,0.06152,0.89913,0.5637,0.05589,0.82,0.7,0.06,0.9,0.56,0.06,-4.19948,-0.47858,-0.12079,-70.3006,0.17534,65.02074,double_rcm_log_20260616_133526_303.csv,87.01818,Unknown,Task4_EntryRCM_TipCone,0.0,1.4672265376558367,4.128704000218742,4.129042456447738,1.5445719238313556,4.249616453281382,5.5981246859997205,13.436329642583129,11.113861876822943,86.82380116232136,2.448890227669023,1.3190520075119085
37.02072,0.01072,93.24718,Done,EntryTipCone,157.6969,2.94288,1.60669,5.84747,5.84747,1.0,5.84747,1.60669,0.0,0.0,0.0,0.60583,1.0,6,6,1,0.693,0.9064,0.06198,0.8994,0.56382,0.05561,0.82,0.7,0.06,0.9,0.56,0.06,-4.23409,-0.49864,-0.11707,-70.12312,0.17032,65.00972,double_rcm_log_20260616_133526_303.csv,93.24718,Unknown,Task4_EntryRCM_TipCone,0.0,1.6075431317032163,4.523448972408171,4.523894111079739,1.6715699033172666,4.600088460687864,5.850170937673491,13.19998248416184,8.935401291212749,101.66767668668938,2.414863855313191,1.2217500420806469
37.05178,0.01039,96.28453,Done,EntryTipCone,157.7336,2.91406,1.74932,6.11934,6.11934,1.0,6.11934,1.74932,0.0,0.0,0.0,0.60573,1.0,6,6,1,0.69269,0.90616,0.06244,0.89967,0.56395,0.05534,0.82,0.7,0.06,0.9,0.56,0.06,-4.27003,-0.51756,-0.11711,-69.94743,0.17695,64.99593,double_rcm_log_20260616_133526_303.csv,96.28453,Unknown,Task4_EntryRCM_TipCone,0.0,1.7482731519011552,4.919329761809616,4.919902335492494,1.798868142733603,4.951292139043456,6.1177610283500945,13.159383075651998,6.073351865701015,63.104823678923964,2.3891852243896934,1.293964067064781
37.08181,0.01017,98.36148,Done,EntryTipCone,157.7738,2.88364,1.88554,6.38791,6.38791,1.0,6.38791,1.88554,0.0,0.0,0.0,0.60563,1.0,6,6,1,0.69239,0.90592,0.06288,0.89994,0.56407,0.05507,0.82,0.7,0.06,0.9,0.56,0.06,-4.30327,-0.53512,-0.11809,-69.7755,0.17216,64.98117,double_rcm_log_20260616_133526_303.csv,98.36148,Unknown,Task4_EntryRCM_TipCone,0.0,1.88616082393817,5.307186110258189,5.307905121258455,1.928002120194552,5.307988319504819,6.393230795145692,13.196883447600388,9.570738024279738,177.83975932903698,2.3750024003501338,1.081763155758105
37.11246,0.00973,102.735,Done,EntryTipCone,157.8171,2.85024,2.02381,6.66942,6.66942,1.0,6.66942,2.02381,0.0,0.0,0.0,0.60552,1.0,6,6,1,0.69209,0.90567,0.06332,0.90022,0.56419,0.05481,0.82,0.7,0.06,0.9,0.56,0.06,-4.33715,-0.55363,-0.11855,-69.6042,0.17289,64.9655,double_rcm_log_20260616_133526_303.csv,102.735,Unknown,Task4_EntryRCM_TipCone,0.0,2.025085835173558,5.697929239812688,5.69881910699189,2.056990411619102,5.66464949014091,6.6738744369368606,12.814977762322327,12.55342767184542,40.26811574044581,2.330765775761326,1.538397904861337
37.14327,0.0091,109.8458,Done,EntryTipCone,157.8638,2.81416,2.16103,6.95614,6.95614,1.0,6.95614,2.16103,0.0,0.0,0.0,0.6054,1.0,6,6,1,0.6918,0.90543,0.06375,0.90049,0.56431,0.05456,0.82,0.7,0.06,0.9,0.56,0.06,-4.37054,-0.57216,-0.11928,-69.43468,0.17354,64.94872,double_rcm_log_20260616_133526_303.csv,109.8458,Unknown,Task4_EntryRCM_TipCone,0.0,2.159953096251317,6.077227439806258,6.078307189714629,2.1832719493373722,6.013872296615531,6.957715142200013,12.585606382090285,7.308066979176721,131.72307471160588,2.2950953324126497,1.2578204771380717
37.17508,0.01053,94.94617,Done,EntryTipCone,157.9159,2.77424,2.30053,7.25431,7.25431,1.0,7.25431,2.30053,0.0,0.0,0.0,0.60527,1.0,6,6,1,0.6915,0.90517,0.06419,0.90078,0.56443,0.05431,0.82,0.7,0.06,0.9,0.56,0.06,-4.40424,-0.5907,-0.12118,-69.26256,0.17397,64.92992,double_rcm_log_20260616_133526_303.csv,94.94617,Unknown,Task4_EntryRCM_TipCone,0.0,2.2999421837296428,6.4708945271004925,6.472198101456691,2.3137072046425065,6.375142713334696,7.2532337615714155,12.550809557010375,6.335736345903469,106.94710011711835,2.2600944934325087,1.233719153497206
37.20531,0.00909,110.0318,Done,EntryTipCone,157.9683,2.73389,2.43132,7.53965,7.53965,1.0,7.53965,2.43132,0.0,0.0,0.0,0.60514,1.0,6,6,1,0.69122,0.90492,0.0646,0.90105,0.56454,0.05407,0.82,0.7,0.06,0.9,0.56,0.06,-4.43559,-0.60979,-0.12041,-69.10141,0.17367,64.91225,double_rcm_log_20260616_133526_303.csv,110.0318,Unknown,Task4_EntryRCM_TipCone,0.0,2.431494885585216,6.840802263247685,6.84234254434803,2.4386148361802618,6.721353572469892,7.541816757254174,12.459038143442166,12.28358782579439,120.26544574075666,2.2338004939254645,1.4538683784711843
37.2366,0.01041,96.03731,Done,EntryTipCone,158.0261,2.68976,2.56468,7.8351,7.8351,1.0,7.8351,2.56468,0.0,0.0,0.0,0.60499,1.0,6,6,1,0.69095,0.90467,0.06502,0.90134,0.56466,0.05384,0.82,0.7,0.06,0.9,0.56,0.06,-4.46717,-0.62896,-0.12064,-68.9363,0.17084,64.8926,double_rcm_log_20260616_133526_303.csv,96.03731,Unknown,Task4_EntryRCM_TipCone,0.0,2.5646852838643177,7.215278224514051,7.217085717591587,2.5653115610023303,7.072791201825164,7.839438755421205,12.254815562860886,12.915317724644726,137.43881595288914,2.1788716190042776,2.1705862662687063
37.26809,0.01096,91.2793,Done,EntryTipCone,158.0862,2.64315,2.69639,8.1323,8.1323,1.0,8.1323,2.69639,0.0,0.0,0.0,0.60484,1.0,6,6,1,0.69067,0.90441,0.06543,0.90163,0.56477,0.05362,0.82,0.7,0.06,0.9,0.56,0.06,-4.4988,-0.64956,-0.11888,-68.77721,0.1765,64.87292,double_rcm_log_20260616_133526_303.csv,91.2793,Unknown,Task4_EntryRCM_TipCone,0.0,2.69707736099656,7.587471002841496,7.589573080972133,2.689024469252825,7.416640437867762,8.131063891029234,11.989842920031025,9.518823315416748,129.26710894304347,2.120942502225361,1.5393217542982711
37.29866,0.011,90.92525,Done,EntryTipCone,158.148,2.59509,2.82119,8.4172,8.4172,1.0,8.4172,2.82119,0.0,0.0,0.0,0.60468,1.0,6,6,1,0.69042,0.90417,0.06581,0.90191,0.56487,0.05341,0.82,0.7,0.06,0.9,0.56,0.06,-4.52829,-0.66825,-0.11913,-68.62481,0.1778,64.85211,double_rcm_log_20260616_133526_303.csv,90.92525,Unknown,Task4_EntryRCM_TipCone,0.0,2.820336955113904,7.9339533305264744,7.9363569516606205,2.8080156365434825,7.747901949262402,8.413863559625815,11.755751510922515,7.750493428220518,72.42257861933088,2.0922271968870727,1.5560278001893824
37.33894,0.01052,95.05129,Done,EntryTipCone,158.2332,2.52885,2.98209,8.78974,8.78974,1.0,8.78974,2.98209,0.0,0.0,0.0,0.60447,1.0,6,6,1,0.69009,0.90384,0.06631,0.90227,0.56501,0.05315,0.82,0.7,0.06,0.9,0.56,0.06,-4.56577,-0.69333,-0.11822,-68.42722,0.17569,64.82412,double_rcm_log_20260616_133526_303.csv,95.05129,Unknown,Task4_EntryRCM_TipCone,0.0,2.9817850327870272,8.387727568574114,8.39056799971659,2.960426862947063,8.172117134594812,8.784958736385702,11.541685975954717,11.312792346677384,119.80601526854842,2.025790326646184,1.9982439429908323
37.37002,0.01021,97.94585,Done,EntryTipCone,158.3021,2.47511,3.10255,9.07188,9.07188,1.0,9.07188,3.10255,0.0,0.0,0.0,0.60429,1.0,6,6,1,0.68985,0.90359,0.06667,0.90255,0.56511,0.05295,0.82,0.7,0.06,0.9,0.56,0.06,-4.594,-0.71137,-0.1199,-68.28144,0.17921,64.80062,double_rcm_log_20260616_133526_303.csv,97.94585,Unknown,Task4_EntryRCM_TipCone,0.0,3.1020624408836035,8.725742323458704,8.728940488192164,3.0781441393405493,8.50048559698884,9.072877162179548,11.382979545237363,14.682598191277867,58.03762202629577,1.965622746907907,1.9869961598860073
37.40237,0.01184,84.477,Done,EntryTipCone,158.3766,2.41685,3.22464,9.36076,9.36076,1.0,9.36076,3.22464,0.0,0.0,0.0,0.6041,1.0,6,6,1,0.6896,0.90333,0.06704,0.90285,0.56521,0.05277,0.82,0.7,0.06,0.9,0.56,0.06,-4.62231,-0.73153,-0.11878,-68.13357,0.18133,64.77659,double_rcm_log_20260616_133526_303.csv,84.477,Unknown,Task4_EntryRCM_TipCone,0.0,3.2248186783893047,9.070683655235838,9.074276667532425,3.193952216414152,8.824408979991452,9.356254592517214,11.0751259787305,10.162577745863647,97.12750891148171,1.9096742198765397,1.7144625915617244
37.44199,0.01087,92.00024,Done,EntryTipCone,158.471,2.3423,3.36947,9.70669,9.70669,1.0,9.70669,3.36947,0.0,0.0,0.0,0.60387,1.0,6,6,1,0.68932,0.90302,0.06748,0.9032,0.56533,0.05255,0.82,0.7,0.06,0.9,0.56,0.06,-4.65584,-0.75556,-0.11825,-67.95947,0.18648,64.74577,double_rcm_log_20260616_133526_303.csv,92.00024,Unknown,Task4_EntryRCM_TipCone,0.0,3.3692431828829448,9.476458735409272,9.480556358439365,3.3334147552856845,9.214621241016049,9.703164432286988,10.92003573607024,9.690332314502836,102.84094096379239,1.8592591447541642,1.8647509668689473
37.47252,0.01053,94.96609,Done,EntryTipCone,158.5475,2.28285,3.47722,9.96625,9.96625,1.0,9.96625,3.47722,0.0,0.0,0.0,0.60367,1.0,6,6,1,0.68911,0.90278,0.0678,0.90348,0.56542,0.05239,0.82,0.7,0.06,0.9,0.56,0.06,-4.68004,-0.77141,-0.12178,-67.8267,0.18297,64.71961,double_rcm_log_20260616_133526_303.csv,94.96609,Unknown,Task4_EntryRCM_TipCone,0.0,3.4782722287029193,9.782746991129144,9.787255360199405,3.4402623620547033,9.51433582305382,9.969899698592723,10.679423861798389,15.430180945287804,115.46236530586069,1.7951269904863296,2.2221546980481537
37.50432,0.01122,89.11899,Done,EntryTipCone,158.6272,2.21875,3.58556,10.2296,10.2296,1.0,10.2296,3.58556,0.0,0.0,0.0,0.60347,1.0,6,6,1,0.68891,0.90254,0.06812,0.90376,0.56551,0.05224,0.82,0.7,0.06,0.9,0.56,0.06,-4.70482,-0.79291,-0.11635,-67.69752,0.18752,64.69566,double_rcm_log_20260616_133526_303.csv,89.11899,Unknown,Task4_EntryRCM_TipCone,0.0,3.585477712181215,10.083877896574728,10.088816038569504,3.5448334335469274,9.808029363740674,10.23304939888393,10.240891243368639,15.895474352646731,93.46842904782883,1.731944472359351,2.11991359114989
37.535,0.01123,89.01476,Done,EntryTipCone,158.7083,2.1549,3.68642,10.47617,10.47617,1.0,10.47617,3.68642,0.0,0.0,0.0,0.60326,1.0,6,6,1,0.68872,0.9023,0.06842,0.90403,0.56559,0.05211,0.82,0.7,0.06,0.9,0.56,0.06,-4.72715,-0.80826,-0.11996,-67.57363,0.18453,64.66813,double_rcm_log_20260616_133526_303.csv,89.01476,Unknown,Task4_EntryRCM_TipCone,0.0,3.686601362158297,10.367893121438618,10.373260904420176,3.6411952196790445,10.07946228724528,10.475738637442214,9.89926281561763,10.918036137268295,118.88981780766629,1.6822964908336457,2.1698426900168335
37.57541,0.01085,92.15657,Done,EntryTipCone,158.8169,2.06833,3.81357,10.78932,10.78932,1.0,10.78932,3.81357,0.0,0.0,0.0,0.60299,1.0,6,6,1,0.68848,0.902,0.06879,0.90437,0.56569,0.05195,0.82,0.7,0.06,0.9,0.56,0.06,-4.75547,-0.83109,-0.11946,-67.42104,0.18706,64.63328,double_rcm_log_20260616_133526_303.csv,92.15657,Unknown,Task4_EntryRCM_TipCone,0.0,3.8127902234806075,10.722260937202108,10.728198897924807,3.762171744606012,10.420678406972263,10.783111795766539,9.713279133570241,9.4191192327265,84.9099255992504,1.585800440732638,2.1166789038163136
37.60644,0.01094,91.37399,Done,EntryTipCone,158.9029,1.99987,3.90666,11.02023,11.02023,1.0,11.02023,3.90666,0.0,0.0,0.0,0.60277,1.0,6,6,1,0.68831,0.90178,0.06906,0.90464,0.56576,0.05183,0.82,0.7,0.06,0.9,0.56,0.06,-4.77595,-0.84767,-0.12009,-67.30909,0.18825,64.60544,double_rcm_log_20260616_133526_303.csv,91.37399,Unknown,Task4_EntryRCM_TipCone,0.0,3.906581176339143,10.985614255005787,10.992001199750861,3.8555786899272864,10.685107464993568,11.020712318176152,9.555992256609578,14.104597826457397,112.59830140824116,1.5333156625106852,2.205644912743256
37.63721,0.01075,93.00168,Done,EntryTipCone,158.9895,1.93012,3.99488,11.24047,11.24047,1.0,11.24047,3.99488,0.0,0.0,0.0,0.60256,1.0,6,6,1,0.68816,0.90156,0.06932,0.9049,0.56583,0.05173,0.82,0.7,0.06,0.9,0.56,0.06,-4.79489,-0.8635,-0.12081,-67.20159,0.18557,64.5774,double_rcm_log_20260616_133526_303.csv,93.00168,Unknown,Task4_EntryRCM_TipCone,0.0,3.9949277807122257,11.233653608696578,11.240483654645175,3.942075637877426,10.930270529412983,11.242410773495164,9.226215787812867,15.574336796227852,58.26896089796179,1.4580674893621324,2.615668880287687
37.66808,0.01084,92.257,Done,EntryTipCone,159.0783,1.85884,4.0791,11.45206,11.45206,1.0,11.45206,4.0791,0.0,0.0,0.0,0.60233,1.0,6,6,1,0.68801,0.90134,0.06956,0.90516,0.56589,0.05164,0.82,0.7,0.06,0.9,0.56,0.06,-4.81322,-0.8799,-0.12031,-67.10205,0.18937,64.54923,double_rcm_log_20260616_133526_303.csv,92.257,Unknown,Task4_EntryRCM_TipCone,0.0,4.079944359538466,11.472318468890332,11.479593818572445,4.024959266072301,11.166244737531972,11.454575505011036,8.906211553612048,13.875250066069155,43.7375222586672,1.3836256565537424,2.4295571818722017
37.70913,0.01155,86.56989,Done,EntryTipCone,159.1976,1.76156,4.18442,11.71848,11.71848,1.0,11.71848,4.18442,0.0,0.0,0.0,0.60203,1.0,6,6,1,0.68783,0.90107,0.06986,0.90549,0.56597,0.05154,0.82,0.7,0.06,0.9,0.56,0.06,-4.83532,-0.90072,-0.11956,-66.97491,0.18693,64.51139,double_rcm_log_20260616_133526_303.csv,86.56989,Unknown,Task4_EntryRCM_TipCone,0.0,4.1848856471167135,11.766882563997628,11.774733740935428,4.127591009336496,11.458748824168534,11.7197525571148,8.539355777262223,14.120591101396013,55.2999156930997,1.2965558500349885,2.3589605359744814
37.74897,0.01002,99.82252,Done,EntryTipCone,159.3162,1.66463,4.27906,11.95993,11.95993,1.0,11.95993,4.27906,0.0,0.0,0.0,0.60173,1.0,6,6,1,0.68768,0.90081,0.07012,0.90581,0.56604,0.05146,0.82,0.7,0.06,0.9,0.56,0.06,-4.85513,-0.9198,-0.11977,-66.86312,0.18947,64.47353,double_rcm_log_20260616_133526_303.csv,99.82252,Unknown,Task4_EntryRCM_TipCone,0.0,4.279543352725219,12.032547408832059,12.040943354983284,4.222340205109957,11.729963538535994,11.965337437782479,8.086965841032544,17.338972285983424,83.5519033351573,1.210113665565588,2.411412619549141
37.77957,0.0095,105.2557,Done,EntryTipCone,159.409,1.58885,4.34663,12.1336,12.1336,1.0,12.1336,4.34663,0.0,0.0,0.0,0.6015,1.0,6,6,1,0.68757,0.90062,0.0703,0.90604,0.56608,0.05141,0.82,0.7,0.06,0.9,0.56,0.06,-4.86864,-0.93367,-0.12,-66.78154,0.18633,64.44405,double_rcm_log_20260616_133526_303.csv,105.2557,Unknown,Task4_EntryRCM_TipCone,0.0,4.346059589324082,12.219211239885508,12.228004696791679,4.287472259400156,11.917528460858971,12.134088346472467,7.759657541674221,14.34352115095529,122.71621508195899,1.141887991254069,2.793204447065889
37.81128,0.00982,101.8764,Done,EntryTipCone,159.5055,1.50902,4.4118,12.30243,12.30243,1.0,12.30243,4.4118,0.0,0.0,0.0,0.60125,1.0,6,6,1,0.68747,0.90043,0.07048,0.90628,0.56612,0.05138,0.82,0.7,0.06,0.9,0.56,0.06,-4.88163,-0.9482,-0.11909,-66.70439,0.18595,64.41376,double_rcm_log_20260616_133526_303.csv,101.8764,Unknown,Task4_EntryRCM_TipCone,0.0,4.410827164922606,12.400951998922643,12.41014438045379,4.34992413519855,12.0982005019182,12.29622706361582,7.70979892348683,11.016401184284522,97.7983867718343,1.0531075065617228,3.005777179048116
37.84189,0.01089,91.83978,Done,EntryTipCone,159.6002,1.43103,4.46993,12.45408,12.45408,1.0,12.45408,4.46993,0.0,0.0,0.0,0.60102,1.0,6,6,1,0.68739,0.90025,0.07064,0.90651,0.56616,0.05135,0.82,0.7,0.06,0.9,0.56,0.06,-4.89312,-0.95981,-0.12177,-66.63709,0.18858,64.38274,double_rcm_log_20260616_133526_303.csv,91.83978,Unknown,Task4_EntryRCM_TipCone,0.0,4.470454142589275,12.568254002555419,12.577824146579403,4.410824050858203,12.274367663487245,12.455850031210213,7.472187120472314,14.443856483031704,123.56691704878668,0.9775668406780424,2.719526583678729
37.87246,0.01052,95.05566,Done,EntryTipCone,159.695,1.35182,4.52333,12.59479,12.59479,1.0,12.59479,4.52333,0.0,0.0,0.0,0.60078,1.0,6,6,1,0.68732,0.90008,0.07078,0.90673,0.56619,0.05134,0.82,0.7,0.06,0.9,0.56,0.06,-4.90326,-0.97314,-0.12011,-66.57509,0.18887,64.35338,double_rcm_log_20260616_133526_303.csv,95.05566,Unknown,Task4_EntryRCM_TipCone,0.0,4.523442406088123,12.716917614606764,12.726832022794015,4.463582497296741,12.428262394793801,12.593831823555497,7.20401925105138,15.483037158479467,88.32959288914712,0.9057355644994025,2.6322531410797576
37.90343,0.01014,98.62311,Done,EntryTipCone,159.7921,1.2709,4.57239,12.72519,12.72519,1.0,12.72519,4.57239,0.0,0.0,0.0,0.60053,1.0,6,6,1,0.68726,0.89991,0.0709,0.90695,0.56621,0.05133,0.82,0.7,0.06,0.9,0.56,0.06,-4.91222,-0.98621,-0.11812,-66.51859,0.18887,64.32355,double_rcm_log_20260616_133526_303.csv,98.62311,Unknown,Task4_EntryRCM_TipCone,0.0,4.573141319759222,12.856342760472915,12.866587471866302,4.515282388184392,12.580056622105644,12.729316556673393,6.901546045308036,16.581967970762534,112.61656876611457,0.8366717465112091,2.772014581280847
37.93508,0.01156,86.48357,Done,EntryTipCone,159.8913,1.18732,4.61715,12.84584,12.84584,1.0,12.84584,4.61715,0.0,0.0,0.0,0.60028,1.0,6,6,1,0.68721,0.89975,0.07101,0.90716,0.56623,0.05134,0.82,0.7,0.06,0.9,0.56,0.06,-4.9199,-0.9967,-0.11978,-66.46653,0.18711,64.29155,double_rcm_log_20260616_133526_303.csv,86.48357,Unknown,Task4_EntryRCM_TipCone,0.0,4.617762614077505,12.981514933935571,12.992062379202702,4.560408111865926,12.713236953905657,12.848116593493332,6.6177282284975725,17.490370449706695,53.64070684888487,0.7651672929131158,2.967478591533536
37.97511,0.01096,91.2025,Done,EntryTipCone,160.0178,1.08033,4.66648,12.98085,12.98085,1.0,12.98085,4.66648,0.0,0.0,0.0,0.59996,1.0,6,6,1,0.68717,0.89957,0.07113,0.90742,0.56625,0.05137,0.82,0.7,0.06,0.9,0.56,0.06,-4.92787,-1.01091,-0.11867,-66.41096,0.18637,64.25214,double_rcm_log_20260616_133526_303.csv,91.2025,Unknown,Task4_EntryRCM_TipCone,0.0,4.666607964300615,13.118527448652955,13.129413056232318,4.6119800558065185,12.86663072268127,12.984444539524956,6.413914564681332,15.739768853133544,104.46127567035985,0.6610524903027986,3.084038117960552
38.00589,0.01079,92.6616,Done,EntryTipCone,160.1152,0.99727,4.69849,13.07031,13.07031,1.0,13.07031,4.69849,0.0,0.0,0.0,0.59972,1.0,6,6,1,0.68715,0.89943,0.0712,0.90761,0.56626,0.05141,0.82,0.7,0.06,0.9,0.56,0.06,-4.93277,-1.02012,-0.11969,-66.37746,0.18976,64.22105,double_rcm_log_20260616_133526_303.csv,92.6616,Unknown,Task4_EntryRCM_TipCone,0.0,4.69867494785726,13.208471017788046,13.219582511438915,4.645187458902956,12.966633273966611,13.072406052444945,6.337386462934804,15.74559545918443,67.95543801785438,0.593352438281477,2.7094111812215615
38.03675,0.01065,93.89677,Done,EntryTipCone,160.213,0.91356,4.72543,13.14793,13.14793,1.0,13.14793,4.72543,0.0,0.0,0.0,0.59947,1.0,6,6,1,0.68714,0.8993,0.07125,0.9078,0.56626,0.05146,0.82,0.7,0.06,0.9,0.56,0.06,-4.93618,-1.02996,-0.11822,-66.3491,0.18989,64.19088,double_rcm_log_20260616_133526_303.csv,93.89677,Unknown,Task4_EntryRCM_TipCone,0.0,4.7259758116121215,13.285043003366969,13.296349253596345,4.674992251448012,13.05790865573574,13.151395363230458,6.202852976434356,16.068847905748157,113.90745427929761,0.5453572315739078,2.7587429361033826
38.06817,0.01112,89.89611,Done,EntryTipCone,160.3126,0.82803,4.74735,13.21339,13.21339,1.0,13.21339,4.74735,0.0,0.0,0.0,0.59922,1.0,6,6,1,0.68715,0.89918,0.07129,0.90798,0.56625,0.05152,0.82,0.7,0.06,0.9,0.56,0.06,-4.93792,-1.03789,-0.11875,-66.32498,0.18512,64.15945,double_rcm_log_20260616_133526_303.csv,89.89611,Unknown,Task4_EntryRCM_TipCone,0.0,4.747512027271349,13.345444488547775,13.356905967028565,4.699218641471566,13.133934673204346,13.21564603036868,6.011234972670853,17.938746860679743,58.79846663795762,0.49081113479712724,3.1976853063771844
38.10859,0.01122,89.11651,Done,EntryTipCone,160.4404,0.71717,4.76761,13.27825,13.27825,1.0,13.27825,4.76761,0.0,0.0,0.0,0.5989,1.0,6,6,1,0.68717,0.89904,0.07132,0.9082,0.56624,0.05162,0.82,0.7,0.06,0.9,0.56,0.06,-4.93874,-1.04738,-0.11926,-66.30782,0.18713,64.11913,double_rcm_log_20260616_133526_303.csv,89.11651,Unknown,Task4_EntryRCM_TipCone,0.0,4.769058903038831,13.40587398466881,13.417492183008342,4.723877901258111,13.21290488063144,13.281641464818971,5.866472640069805,16.88877430251392,72.87870845443977,0.43295375758780924,3.0135607779863642
38.13894,0.01045,95.73566,Done,EntryTipCone,160.5359,0.63378,4.77676,13.31233,13.31233,1.0,13.31233,4.77676,0.0,0.0,0.0,0.59866,1.0,6,6,1,0.68721,0.89895,0.07131,0.90835,0.56622,0.05171,0.82,0.7,0.06,0.9,0.56,0.06,-4.93771,-1.05354,-0.11972,-66.3019,0.18677,64.08896,double_rcm_log_20260616_133526_303.csv,95.73566,Unknown,Task4_EntryRCM_TipCone,0.0,4.775707839157788,13.424520939543397,13.436187785214525,4.734249181282955,13.249647542481961,13.309207339282011,5.797461193544318,13.966565013111433,58.77699727074233,0.41557123313201777,2.952827871931166
38.17023,0.01036,96.54683,Done,EntryTipCone,160.6342,0.54772,4.78082,13.33423,13.33423,1.0,13.33423,4.78082,0.0,0.0,0.0,0.59842,1.0,6,6,1,0.68725,0.89886,0.07129,0.9085,0.5662,0.05181,0.82,0.7,0.06,0.9,0.56,0.06,-4.93523,-1.0588,-0.1207,-66.30222,0.18536,64.05785,double_rcm_log_20260616_133526_303.csv,96.54683,Unknown,Task4_EntryRCM_TipCone,0.0,4.780794404071774,13.438786099154505,13.450490252480307,4.7429833083153685,13.281818978762454,13.332895409474977,5.7927480542032,14.796521114751817,56.99032539144461,0.4117099977140974,3.0138654940626903
38.20135,0.01021,97.90842,Done,EntryTipCone,160.731,0.4623,4.77934,13.34255,13.34255,1.0,13.34255,4.77934,0.0,0.0,0.0,0.59817,1.0,6,6,1,0.68731,0.89879,0.07126,0.90864,0.56617,0.05192,0.82,0.7,0.06,0.9,0.56,0.06,-4.93152,-1.06432,-0.11982,-66.31061,0.18568,64.02789,double_rcm_log_20260616_133526_303.csv,97.90842,Unknown,Task4_EntryRCM_TipCone,0.0,4.779461485367813,13.435047968153725,13.44674233744821,4.746214458158158,13.298838352971295,13.34184769812631,5.853459088482673,16.984847710417274,55.030334349348344,0.42678795427109295,2.895854611493077
38.24157,0.01066,93.79954,Done,EntryTipCone,160.8554,0.35192,4.76937,13.33363,13.33363,1.0,13.33363,4.76937,0.0,0.0,0.0,0.59786,1.0,6,6,1,0.68741,0.89871,0.07119,0.90881,0.56612,0.05208,0.82,0.7,0.06,0.9,0.56,0.06,-4.92424,-1.07021,-0.11838,-66.32899,0.17945,63.98967,double_rcm_log_20260616_133526_303.csv,93.79954,Unknown,Task4_EntryRCM_TipCone,0.0,4.769216811798746,13.406316842201146,13.417936194319587,4.743105506417827,13.300687373793254,13.334050397384829,6.046951769796751,17.048111187515882,51.73090319762914,0.47670685174476635,2.949736089857146
38.27227,0.01049,95.30518,Done,EntryTipCone,160.9493,0.26777,4.75555,13.31175,13.31175,1.0,13.31175,4.75555,0.0,0.0,0.0,0.59763,1.0,6,6,1,0.68749,0.89866,0.07111,0.90893,0.56608,0.05222,0.82,0.7,0.06,0.9,0.56,0.06,-4.91726,-1.07307,-0.11866,-66.35172,0.17636,63.9603,double_rcm_log_20260616_133526_303.csv,95.30518,Unknown,Task4_EntryRCM_TipCone,0.0,4.755764362731168,13.368588878205843,13.38011021198257,4.735148305993348,13.286079991421882,13.313140125454982,6.1389396017699065,17.51012642091837,66.4231458543044,0.5293001176849812,2.919900359471707
38.30362,0.0107,93.42076,Done,EntryTipCone,161.0443,0.18225,4.73599,13.27593,13.27593,1.0,13.27593,4.73599,0.0,0.0,0.0,0.59739,1.0,6,6,1,0.6876,0.89861,0.07102,0.90904,0.56603,0.05237,0.82,0.7,0.06,0.9,0.56,0.06,-4.9086,-1.07604,-0.11726,-66.38114,0.17079,63.93127,double_rcm_log_20260616_133526_303.csv,93.42076,Unknown,Task4_EntryRCM_TipCone,0.0,4.736334015504811,13.314094344868675,13.325475078672305,4.721802243545866,13.256556287942333,13.277778428637774,6.306783116193556,19.45380323919144,91.35035679851194,0.5850637954156837,3.0005723397404513
38.33419,0.00972,102.8556,Done,EntryTipCone,161.1358,0.09953,4.71156,13.22793,13.22793,1.0,13.22793,4.71156,0.0,0.0,0.0,0.59716,1.0,6,6,1,0.68771,0.89858,0.07091,0.90914,0.56597,0.05253,0.82,0.7,0.06,0.9,0.56,0.06,-4.89856,-1.07846,-0.11507,-66.41541,0.16192,63.90375,double_rcm_log_20260616_133526_303.csv,102.8556,Unknown,Task4_EntryRCM_TipCone,0.0,4.711639141797854,13.244832662519476,13.256036357878845,4.70308513404538,13.212137834349283,13.22805352272199,6.512173468208922,17.49584808172233,125.00159518877632,0.644745553377354,3.441168572511743
38.36422,0.0098,102.0696,Done,EntryTipCone,161.2247,0.01861,4.68245,13.1687,13.1687,1.0,13.1687,4.68245,0.0,0.0,0.0,0.59694,1.0,6,6,1,0.68783,0.89856,0.07079,0.90922,0.56591,0.0527,0.82,0.7,0.06,0.9,0.56,0.06,-4.88707,-1.08092,-0.11107,-66.45362,0.14813,63.87787,double_rcm_log_20260616_133526_303.csv,102.0696,Unknown,Task4_EntryRCM_TipCone,0.0,4.681943233346206,13.161541326919187,13.172534573420103,4.678319776026302,13.149765952874768,13.16155385963222,6.593423342244217,14.307013410393125,100.98928553318157,0.7096068870126374,5.418835935600587
38.39532,0.00956,104.614,Done,EntryTipCone,161.3155,0.06447,4.64701,13.09426,13.09426,1.0,13.09426,4.64701,0.0,0.0,0.0,0.59671,1.0,6,6,1,0.68797,0.89855,0.07064,0.9093,0.56585,0.05288,0.82,0.7,0.06,0.9,0.56,0.06,-4.87319,-1.08433,-0.10332,-66.49628,0.12447,63.85303,double_rcm_log_20260616_133526_303.csv,104.614,Unknown,Task4_EntryRCM_TipCone,0.0,4.646659273062334,13.062571981943407,13.073318622933506,4.652372594978249,13.083980810370834,13.092245796653774,6.904618993656716,16.429078059621403,109.89391012174558,0.8133530191656352,12.914195331783448
38.42632,0.01072,93.32667,Done,EntryTipCone,161.4045,0.14647,4.60641,13.00686,13.00686,1.0,13.00686,4.60641,0.0,0.0,0.0,0.59649,1.0,6,6,1,0.68811,0.89856,0.07048,0.90937,0.56578,0.05308,0.82,0.7,0.06,0.9,0.56,0.06,-4.85669,-1.09258,-0.08426,-66.53822,0.08186,63.83347,double_rcm_log_20260616_133526_303.csv,93.32667,Unknown,Task4_EntryRCM_TipCone,0.0,4.606223567112543,12.94914621698666,12.959614811771395,4.61929689830265,12.998272133692879,13.003526444776377,7.223430258289511,15.70863350158573,165.59036521060253,1.170316468476423,43.83567630037865
38.45714,0.01061,94.26702,Done,EntryTipCone,161.4918,0.22716,4.56072,12.90748,12.90748,1.0,12.90748,4.56072,0.0,0.0,0.0,0.59627,1.0,6,6,1,0.68828,0.89857,0.0703,0.90943,0.5657,0.05328,0.82,0.7,0.06,0.9,0.56,0.06,-4.83612,-1.1225,-0.02262,-66.57218,-0.00105,63.8319,double_rcm_log_20260616_133526_303.csv,94.26702,Unknown,Task4_EntryRCM_TipCone,0.0,4.559875701666481,12.819128387319914,12.829284227934943,4.582944731740299,12.903495113876861,12.9063279053338,7.37204644482699,18.897712518776757,4471.047622413419,3.041863072409748,224.2923330343871
38.48786,0.01058,94.4842,Done,EntryTipCone,161.5774,0.30622,4.51019,12.79636,12.79636,1.0,12.79636,4.51019,0.0,0.0,0.0,0.59606,1.0,6,6,1,0.68845,0.89859,0.07011,0.90948,0.56562,0.05349,0.82,0.7,0.06,0.9,0.56,0.06,-4.80781,-1.26014,0.23793,-66.58804,-0.17658,63.9108,double_rcm_log_20260616_133526_303.csv,94.4842,Unknown,Task4_EntryRCM_TipCone,0.0,4.510593853236134,12.680870771868548,12.690700957771423,4.543192582727719,12.798588924625115,12.79980077969959,8.158878147868283,271.1044877302586,6163.550817706641,14.474468974794014,904.6032509458057
38.51902,0.01034,96.74307,Done,EntryTipCone,161.6541,0.37399,4.45931,12.68387,12.68387,1.0,12.68387,4.45931,0.0,0.0,0.0,0.59587,1.0,6,6,1,0.68857,0.89859,0.06983,0.90954,0.56555,0.05375,0.82,0.7,0.06,0.9,0.56,0.06,-4.76332,-2.10648,1.76874,-66.63387,-0.55114,64.47989,double_rcm_log_20260616_133526_303.csv,96.74307,Unknown,Task4_EntryRCM_TipCone,0.0,4.459369454620864,12.537153492587718,12.546652642102998,4.499961809640655,12.683425222888914,12.683713967131206,21.772876045828664,389.03269451660924,3536.4176457415983,59.033768110472195,819.6684593775179
38.55958,0.01065,93.87448,Done,EntryTipCone,161.3312,0.0743,4.62241,13.04032,13.04032,1.0,13.04032,4.62241,0.0,0.0,0.0,0.5967,1.0,6,6,1,0.68661,0.89777,0.06746,0.91025,0.56636,0.05504,0.82,0.7,0.06,0.9,0.56,0.06,-4.67884,-7.02981,10.42048,-67.26209,-1.02913,67.20325,double_rcm_log_20260616_133526_303.csv,93.87448,Unknown,Task4_EntryRCM_TipCone,0.0,4.62260992519664,12.995112194674684,13.005692881070187,4.634374387435265,13.035454670303494,13.04276427756013,30.15436151746416,142.6463766941702,8040.795107819744,59.420671124568756,740.8547735818175
38.59048,0.01084,92.21317,Done,EntryTipCone,161.2565,0.00982,4.66758,13.13723,13.13723,1.0,13.13723,4.66758,0.0,0.0,0.0,0.59686,1.0,6,6,1,0.68605,0.89752,0.06649,0.91049,0.5666,0.05562,0.82,0.7,0.06,0.9,0.56,0.06,-4.64584,-7.96413,12.04252,-67.46638,-1.07552,67.58209,double_rcm_log_20260616_133526_303.csv,92.21317,Unknown,Task4_EntryRCM_TipCone,0.0,4.66826752630689,13.123182397591833,13.134079619666599,4.671918414117069,13.13422710091693,13.144751804427466,18.259546405219698,272.0650407256204,1238.8470063799075,18.9951023079104,767.1718934636813
38.6211,0.01051,95.10492,Done,EntryTipCone,161.2529,0.0067,4.66963,13.14157,13.14157,1.0,13.14157,4.66963,0.0,0.0,0.0,0.59687,1.0,6,6,1,0.68585,0.89741,0.06584,0.91061,0.56667,0.05606,0.82,0.7,0.06,0.9,0.56,0.06,-4.61666,-8.42397,12.84352,-67.61423,-1.112,67.7454,double_rcm_log_20260616_133526_303.csv,95.10492,Unknown,Task4_EntryRCM_TipCone,0.0,4.668586626532922,13.124077448911859,13.13497690516539,4.669240981526151,13.126565254651155,13.137145808736369,15.048298085878573,70.16244593409975,4303.282431589222,12.037194464841786,133.17081126281343
38.65244,0.0103,97.05333,Done,EntryTipCone,161.2516,0.00554,4.67039,13.14331,13.14331,1.0,13.14331,4.67039,0.0,0.0,0.0,0.59687,1.0,6,6,1,0.68567,0.89731,0.06517,0.91073,0.56674,0.05651,0.82,0.7,0.06,0.9,0.56,0.06,-4.58574,-8.8459,13.57905,-67.76491,-1.14971,67.8863,double_rcm_log_20260616_133526_303.csv,97.05333,Unknown,Task4_EntryRCM_TipCone,0.0,4.6705044726537555,13.129456849567969,13.140369740044008,4.671363069949944,13.13245621176199,13.143081830377529,15.031914233174703,14.311566343819132,1073.1907906522822,10.944852755873505,31.608675100910208
38.69358,0.01139,87.76277,Done,EntryTipCone,161.2506,0.00493,4.67076,13.14414,13.14414,1.0,13.14414,4.67076,0.0,0.0,0.0,0.59688,1.0,6,6,1,0.68548,0.8972,0.06429,0.91086,0.56682,0.05711,0.82,0.7,0.06,0.9,0.56,0.06,-4.54341,-9.34865,14.45642,-67.96459,-1.20047,68.04369,double_rcm_log_20260616_133526_303.csv,87.76277,Unknown,Task4_EntryRCM_TipCone,0.0,4.670712751737374,13.130041054384392,13.140955404487782,4.672291761990287,13.134673138739961,13.145497327982639,14.902513261217933,19.07500552825357,72.12151079289835,9.898083560699694,23.291404538510996
38.72611,0.01221,81.90394,Done,EntryTipCone,161.2501,0.00446,4.67093,13.14435,13.14435,1.0,13.14435,4.67093,0.0,0.0,0.0,0.59688,1.0,6,6,1,0.68535,0.89713,0.06358,0.91095,0.56687,0.05758,0.82,0.7,0.06,0.9,0.56,0.06,-4.50853,-9.71231,15.09212,-68.12469,-1.24201,68.15075,double_rcm_log_20260616_133526_303.csv,81.90394,Unknown,Task4_EntryRCM_TipCone,0.0,4.671598154739973,13.132524531295537,13.14344508778732,4.67431832450953,13.140496946462857,13.151266098744994,14.9165000177519,19.478205608470365,70.48814364173197,9.247149360972669,20.221749296037917
38.7564,0.01131,88.38616,Done,EntryTipCone,161.2491,0.00343,4.67165,13.14584,13.14584,1.0,13.14584,4.67165,0.0,0.0,0.0,0.59688,1.0,6,6,1,0.68525,0.89707,0.06292,0.91101,0.56691,0.05803,0.82,0.7,0.06,0.9,0.56,0.06,-4.4749,-10.03023,15.64875,-68.27623,-1.28192,68.23997,double_rcm_log_20260616_133526_303.csv,88.38616,Unknown,Task4_EntryRCM_TipCone,0.0,4.671732279626437,13.13290073943534,13.143822236304192,4.67295240954125,13.136234444642573,13.14720882925341,15.031526732224595,16.70446721152538,107.7771585942245,8.683335046739547,19.043591418437472
38.78867,0.01169,85.5336,Done,EntryTipCone,161.2488,0.00321,4.67181,13.14626,13.14626,1.0,13.14626,4.67181,0.0,0.0,0.0,0.59688,1.0,6,6,1,0.68517,0.89702,0.06222,0.91107,0.56694,0.05851,0.82,0.7,0.06,0.9,0.56,0.06,-4.43801,-10.34327,16.19817,-68.43958,-1.32578,68.32375,double_rcm_log_20260616_133526_303.csv,85.5336,Unknown,Task4_EntryRCM_TipCone,0.0,4.672313321279792,13.134530507734377,13.14545607902888,4.6739698871487025,13.13941164822604,13.15023193711806,14.821139192522805,17.337537700935663,84.79597896892997,8.120282687633976,17.181665626601106
38.82094,0.0108,92.56496,Done,EntryTipCone,161.2482,0.00267,4.67232,13.14734,13.14734,1.0,13.14734,4.67232,0.0,0.0,0.0,0.59688,1.0,6,6,1,0.68511,0.89699,0.06151,0.91111,0.56696,0.05898,0.82,0.7,0.06,0.9,0.56,0.06,-4.39994,-10.63609,16.71346,-68.60561,-1.37118,68.3988,double_rcm_log_20260616_133526_303.csv,92.56496,Unknown,Task4_EntryRCM_TipCone,0.0,4.671970172013381,13.133568005824017,13.14449117073802,4.673738230936393,13.138960326507453,13.149680604486122,14.866463400997453,18.647206789408607,58.50282655777179,7.642754584286845,16.048508735028978
38.85342,0.00955,104.7472,Done,EntryTipCone,161.2475,0.00202,4.67274,13.14818,13.14818,1.0,13.14818,4.67274,0.0,0.0,0.0,0.59688,1.0,6,6,1,0.68507,0.89697,0.06079,0.91113,0.56698,0.05947,0.82,0.7,0.06,0.9,0.56,0.06,-4.36054,-10.91051,17.19791,-68.77518,-1.41839,68.46633,double_rcm_log_20260616_133526_303.csv,104.7472,Unknown,Task4_EntryRCM_TipCone,0.0,4.672072370875644,13.133854664216434,13.144778545776632,4.673362593161321,13.137291255752105,13.148315481459942,14.965355021111458,15.225493855089624,90.69839883058835,7.154374041849509,15.480811470736056
38.88648,0.01136,88.01319,Done,EntryTipCone,161.2474,0.00214,4.67265,13.14807,13.14807,1.0,13.14807,4.67265,0.0,0.0,0.0,0.59688,1.0,6,6,1,0.68505,0.89696,0.06006,0.91114,0.56698,0.05996,0.82,0.7,0.06,0.9,0.56,0.06,-4.31943,-11.16763,17.65376,-68.94986,-1.46792,68.52724,double_rcm_log_20260616_133526_303.csv,88.01319,Unknown,Task4_EntryRCM_TipCone,0.0,4.6726298171259595,13.135418248851892,13.146346039929252,4.672527680088113,13.135339297541451,13.146162938287285,14.831982268994233,16.137983441950087,82.74634479038771,6.709234032676662,13.852802307724202
38.91815,0.01134,88.15862,Done,EntryTipCone,161.2472,0.00183,4.67286,13.14848,13.14848,1.0,13.14848,4.67286,0.0,0.0,0.0,0.59688,1.0,6,6,1,0.68506,0.89696,0.05937,0.91114,0.56698,0.06043,0.82,0.7,0.06,0.9,0.56,0.06,-4.27904,-11.39769,18.06334,-69.1198,-1.51682,68.58009,double_rcm_log_20260616_133526_303.csv,88.15862,Unknown,Task4_EntryRCM_TipCone,0.0,4.67388765446139,13.138946360457028,13.149882976503159,4.674998025511396,13.142314806058206,13.153132706697601,14.847019866516181,18.270032977203087,59.0617931042765,6.339753480558286,13.00594175975259
38.9505,0.01106,90.40491,Done,EntryTipCone,161.2471,0.00172,4.67307,13.14915,13.14915,1.0,13.14915,4.67307,0.0,0.0,0.0,0.59688,1.0,6,6,1,0.68509,0.89698,0.05865,0.91111,0.56697,0.06091,0.82,0.7,0.06,0.9,0.56,0.06,-4.23687,-11.61573,18.4535,-69.29562,-1.5682,68.62892,double_rcm_log_20260616_133526_303.csv,90.40491,Unknown,Task4_EntryRCM_TipCone,0.0,4.6731089111539825,13.13676206183279,13.14769321366696,4.672880375921498,13.135828280522801,13.146904578645037,14.823796803980459,15.425645849973263,56.59425357590198,5.966106562490088,12.650951993765691
38.98307,0.01112,89.89325,Done,EntryTipCone,161.2467,0.00145,4.6732,13.14929,13.14929,1.0,13.14929,4.6732,0.0,0.0,0.0,0.59688,1.0,6,6,1,0.68515,0.89701,0.05794,0.91108,0.56695,0.06139,0.82,0.7,0.06,0.9,0.56,0.06,-4.19354,-11.81834,18.81824,-69.47474,-1.62125,68.67339,double_rcm_log_20260616_133526_303.csv,89.89325,Unknown,Task4_EntryRCM_TipCone,0.0,4.673368420985153,13.137489961734826,13.148422934270855,4.6749995750080515,13.142014890594723,13.152984452206963,14.920553378443024,17.23653140410219,101.63632014565225,5.616678285583521,12.16380244268046
39.01516,0.01017,98.29249,Done,EntryTipCone,161.2464,0.00124,4.67353,13.14987,13.14987,1.0,13.14987,4.67353,0.0,0.0,0.0,0.59688,1.0,6,6,1,0.68522,0.89705,0.05724,0.91103,0.56692,0.06187,0.82,0.7,0.06,0.9,0.56,0.06,-4.15003,-12.0027,19.15232,-69.65331,-1.6748,68.71329,double_rcm_log_20260616_133526_303.csv,98.29249,Unknown,Task4_EntryRCM_TipCone,0.0,4.674558323396861,13.140827519119018,13.151768842509703,4.675563619873606,13.143708995327183,13.154626562544397,14.977656996809419,19.859990143518424,96.3913982291563,5.285785343514195,11.756720016799125
39.04784,0.01125,88.86387,Done,EntryTipCone,161.2465,0.00131,4.67353,13.15006,13.15006,1.0,13.15006,4.67353,0.0,0.0,0.0,0.59689,1.0,6,6,1,0.68532,0.89711,0.05653,0.91096,0.56688,0.06235,0.82,0.7,0.06,0.9,0.56,0.06,-4.10496,-12.17409,19.46552,-69.83699,-1.73052,68.75021,double_rcm_log_20260616_133526_303.csv,88.86387,Unknown,Task4_EntryRCM_TipCone,0.0,4.673975446966978,13.139192609675224,13.15012984184982,4.674678411392121,13.141209463129545,13.152129105205718,14.815020567608478,16.70872865614025,82.29133080731718,4.9715857347727095,11.34474826909856
39.07969,0.00959,104.3099,Done,EntryTipCone,161.2462,0.00095,4.67387,13.15064,13.15064,1.0,13.15064,4.67387,0.0,0.0,0.0,0.59689,1.0,6,6,1,0.68544,0.89718,0.05584,0.91088,0.56683,0.06281,0.82,0.7,0.06,0.9,0.56,0.06,-4.06035,-12.32734,19.74806,-70.01779,-1.78593,68.78335,double_rcm_log_20260616_133526_303.csv,104.3099,Unknown,Task4_EntryRCM_TipCone,0.0,4.673493042409893,13.137839512646222,13.14877335958919,4.673827800169269,13.139111842129916,13.149882128749237,14.828590241310224,15.008323335171903,44.08144059363666,4.678962269695108,11.16929676494599
39.11272,0.01131,88.39956,Done,EntryTipCone,161.2463,0.00094,4.67378,13.1504,13.1504,1.0,13.1504,4.67378,0.0,0.0,0.0,0.59689,1.0,6,6,1,0.68559,0.89726,0.05513,0.91078,0.56678,0.06329,0.82,0.7,0.06,0.9,0.56,0.06,-4.01348,-12.47033,20.01478,-70.20668,-1.84434,68.81469,double_rcm_log_20260616_133526_303.csv,88.39956,Unknown,Task4_EntryRCM_TipCone,0.0,4.673964696622258,13.139162456032619,13.150099612759648,4.675016177153926,13.141960338490625,13.152980650787823,14.918694229940773,17.011079346929144,93.00213197326379,4.386512336185521,10.861580178618059
39.1454,0.01186,84.34234,Done,EntryTipCone,161.2462,0.00093,4.67387,13.15065,13.15065,1.0,13.15065,4.67387,0.0,0.0,0.0,0.59689,1.0,6,6,1,0.68575,0.89736,0.05444,0.91067,0.56671,0.06376,0.82,0.7,0.06,0.9,0.56,0.06,-3.96652,-12.5976,20.25534,-70.39503,-1.90308,68.84333,double_rcm_log_20260616_133526_303.csv,84.34234,Unknown,Task4_EntryRCM_TipCone,0.0,4.674375810297995,13.140315588479158,13.151255630698705,4.67505670741348,13.14258193811243,13.15334938333195,14.796298485467887,18.956744430023132,60.44576366576209,4.120606011153824,10.378702081046978
39.18123,0.01415,70.68242,Done,EntryTipCone,161.2462,0.00095,4.67378,13.1505,13.1505,1.0,13.1505,4.67378,0.0,0.0,0.0,0.59689,1.0,6,6,1,0.68596,0.89748,0.05369,0.91053,0.56663,0.06426,0.82,0.7,0.06,0.9,0.56,0.06,-3.91447,-12.7204,20.49155,-70.60275,-1.96837,68.87215,double_rcm_log_20260616_133526_303.csv,70.68242,Unknown,Task4_EntryRCM_TipCone,0.0,4.674027628665861,13.139338974119262,13.150276572515867,4.674717173813268,13.141623187414773,13.152391417533064,14.806859022055463,17.650874330124015,128.70220381544115,3.855273903125272,10.066719656638636
39.21124,0.01173,85.23293,Done,EntryTipCone,161.2459,0.00069,4.67408,13.15108,13.15108,1.0,13.15108,4.67408,0.0,0.0,0.0,0.59689,1.0,6,6,1,0.68616,0.89759,0.05307,0.91039,0.56656,0.06468,0.82,0.7,0.06,0.9,0.56,0.06,-3.87044,-12.81133,20.66987,-70.77785,-2.02375,68.89476,double_rcm_log_20260616_133526_303.csv,85.23293,Unknown,Task4_EntryRCM_TipCone,0.0,4.673084703052131,13.136694160441724,13.1476251424444,4.673531774251557,13.137566160266662,13.148691950152262,14.959202193004412,16.016793176233588,93.52536464184699,3.64606528743508,10.17246679695985
39.24502,0.01101,90.84303,Done,EntryTipCone,161.2458,0.00058,4.67424,13.1514,13.1514,1.0,13.1514,4.67424,0.0,0.0,0.0,0.59689,1.0,6,6,1,0.6864,0.89773,0.05238,0.91023,0.56646,0.06515,0.82,0.7,0.06,0.9,0.56,0.06,-3.82055,-12.89927,20.84688,-70.97552,-2.08662,68.91837,double_rcm_log_20260616_133526_303.csv,90.84303,Unknown,Task4_EntryRCM_TipCone,0.0,4.6731813682495025,13.136965296983963,13.14789695715175,4.673678786511803,13.138589667903343,13.14941063318041,14.870935824810775,15.699223009743537,133.75471365043148,3.4154432226167604,10.141367963560912
39.27769,0.0119,84.06555,Done,EntryTipCone,161.2458,0.00058,4.67433,13.15166,13.15166,1.0,13.15166,4.67433,0.0,0.0,0.0,0.59689,1.0,6,6,1,0.68665,0.89787,0.05172,0.91006,0.56636,0.06559,0.82,0.7,0.06,0.9,0.56,0.06,-3.77201,-12.97031,20.99505,-71.16718,-2.14787,68.93961,double_rcm_log_20260616_133526_303.csv,84.06555,Unknown,Task4_EntryRCM_TipCone,0.0,4.6743429752502825,13.140223489502846,13.15116330124353,4.6735657257057595,13.138473216532299,13.149193891642108,14.869859567174844,16.590509766999386,33.650380373061765,3.2190927508402676,9.871028398096357
39.31036,0.0113,88.47128,Done,EntryTipCone,161.2456,0.00033,4.67441,13.15177,13.15177,1.0,13.15177,4.67441,0.0,0.0,0.0,0.59689,1.0,6,6,1,0.68693,0.89803,0.05107,0.90987,0.56626,0.06603,0.82,0.7,0.06,0.9,0.56,0.06,-3.72325,-13.02816,21.12154,-71.35913,-2.20942,68.9595,double_rcm_log_20260616_133526_303.csv,88.47128,Unknown,Task4_EntryRCM_TipCone,0.0,4.674488688483144,13.140632200299239,13.151573034867901,4.67453781756378,13.140609633440132,13.151631077550721,14.820699286768946,16.094498247984934,98.22185352893399,3.044232635572358,9.799253386841404
39.34207,0.01179,84.8185,Done,EntryTipCone,161.2457,0.00033,4.67454,13.15197,13.15197,1.0,13.15197,4.67454,0.0,0.0,0.0,0.59689,1.0,6,6,1,0.68722,0.89819,0.05046,0.90968,0.56615,0.06644,0.82,0.7,0.06,0.9,0.56,0.06,-3.6758,-13.07148,21.22323,-71.54545,-2.26932,68.97757,double_rcm_log_20260616_133526_303.csv,84.8185,Unknown,Task4_EntryRCM_TipCone,0.0,4.674449774721857,13.140523051165411,13.151463612574357,4.674965889741828,13.141919775459577,13.15288941639822,14.834882919433245,18.387015966052193,80.29841258455828,2.894992290821991,9.716346727713937
39.37436,0.01173,85.22547,Done,EntryTipCone,161.2456,0.00034,4.67462,13.15224,13.15224,1.0,13.15224,4.67462,0.0,0.0,0.0,0.59689,1.0,6,6,1,0.68753,0.89837,0.04985,0.90947,0.56603,0.06686,0.82,0.7,0.06,0.9,0.56,0.06,-3.62744,-13.10287,21.30579,-71.73492,-2.33034,68.99477,double_rcm_log_20260616_133526_303.csv,85.22547,Unknown,Task4_EntryRCM_TipCone,0.0,4.674919577973774,13.141840800993595,13.152784660545818,4.676352171185199,13.14583414563772,13.156800522923476,14.88886380043013,20.490185655474296,99.48634046140596,2.7701296374080644,9.62588740562019
39.4059,0.01085,92.17836,Done,EntryTipCone,161.2454,0.00028,4.67475,13.15264,13.15264,1.0,13.15264,4.67475,0.0,0.0,0.0,0.59689,1.0,6,6,1,0.68785,0.89856,0.04926,0.90925,0.5659,0.06725,0.82,0.7,0.06,0.9,0.56,0.06,-3.58018,-13.1213,21.36631,-71.91967,-2.38988,69.01054,double_rcm_log_20260616_133526_303.csv,92.17836,Unknown,Task4_EntryRCM_TipCone,0.0,4.674332024215047,13.140192772959505,13.151132507832646,4.674056135645561,13.139655188076173,13.150475276582158,14.828923135429372,15.048448822798411,122.08466060579016,2.674333109859808,9.629335747475556
39.43789,0.01051,95.15295,Done,EntryTipCone,161.2452,0.0001,4.67483,13.15268,13.15268,1.0,13.15268,4.67483,0.0,0.0,0.0,0.59689,1.0,6,6,1,0.6882,0.89876,0.04868,0.90901,0.56577,0.06764,0.82,0.7,0.06,0.9,0.56,0.06,-3.53235,-13.12755,21.40712,-72.10632,-2.45002,69.02542,double_rcm_log_20260616_133526_303.csv,95.15295,Unknown,Task4_EntryRCM_TipCone,0.0,4.673412360554345,13.137613207937266,13.148546488770162,4.672900596915808,13.135885376151219,13.146961626170466,14.82723879100814,12.858413024696711,74.29074035557205,2.605932001879301,9.61421538181622
39.4703,0.01076,92.91246,Done,EntryTipCone,161.2452,0.00021,4.67491,13.15304,13.15304,1.0,13.15304,4.67491,0.0,0.0,0.0,0.59689,1.0,6,6,1,0.68857,0.89897,0.04811,0.90877,0.56563,0.06803,0.82,0.7,0.06,0.9,0.56,0.06,-3.48402,-13.1212,21.42748,-72.29456,-2.51062,69.03939,double_rcm_log_20260616_133526_303.csv,92.91246,Unknown,Task4_EntryRCM_TipCone,0.0,4.674570020067861,13.140860327084457,13.151801732584543,4.676208038956622,13.145427166304382,13.15639388282359,14.896854267396098,18.09922465465193,97.07028157513624,2.56936961072999,9.570834767443582
39.50287,0.01064,94.00592,Done,EntryTipCone,161.2452,0.00012,4.67496,13.15302,13.15302,1.0,13.15302,4.67496,0.0,0.0,0.0,0.59689,1.0,6,6,1,0.68895,0.89919,0.04755,0.9085,0.56548,0.06841,0.82,0.7,0.06,0.9,0.56,0.06,-3.43571,-13.10204,21.42677,-72.48251,-2.57096,69.05227,double_rcm_log_20260616_133526_303.csv,94.00592,Unknown,Task4_EntryRCM_TipCone,0.0,4.675226430000545,13.142701488908804,13.153647503001313,4.6751543577638,13.142147640906453,13.153269555513505,14.973536346162463,18.47639933323904,98.36363495927431,2.566349034741258,9.565224379496145
39.5354,0.01104,90.55598,Done,EntryTipCone,161.2451,7e-05,4.67512,13.15338,13.15338,1.0,13.15338,4.67508,0.0,0.0,0.0,0.59689,1.0,6,6,1,0.68936,0.89942,0.04701,0.90823,0.56532,0.06878,0.82,0.7,0.06,0.9,0.56,0.06,-3.38774,-13.07018,21.40491,-72.66885,-2.63059,69.06396,double_rcm_log_20260616_133526_303.csv,90.55598,Unknown,Task4_EntryRCM_TipCone,0.0,4.675484791523716,13.143426165729068,13.154373994108253,4.676634534526572,13.146732907983086,13.15764796610698,14.865672552554333,17.917910423100835,56.93630139486319,2.5971207322727774,9.589686679177905
39.567,0.01054,94.90446,Done,EntryTipCone,161.245,0.0001,4.67517,13.15357,13.15357,1.0,13.15357,4.67517,0.0,0.0,0.0,0.59689,1.0,6,6,1,0.68977,0.89966,0.0465,0.90795,0.56516,0.06912,0.82,0.7,0.06,0.9,0.56,0.06,-3.34153,-13.02701,21.36333,-72.84819,-2.68772,69.07409,double_rcm_log_20260616_133526_303.csv,94.90446,Unknown,Task4_EntryRCM_TipCone,0.0,4.6746628870094264,13.141120809334648,13.152062866766567,4.675001794997832,13.14212258936302,13.153041473362716,14.797249885353738,17.76832155193269,57.92280551807461,2.6585972206770614,9.630627334555783
39.59938,0.0106,94.31616,Done,EntryTipCone,161.2449,0.0003,4.67529,13.15354,13.15354,1.0,13.15354,4.67529,0.0,0.0,0.0,0.59689,1.0,6,6,1,0.69021,0.89991,0.04599,0.90766,0.56499,0.06946,0.82,0.7,0.06,0.9,0.56,0.06,-3.2946,-12.97032,21.29993,-73.03014,-2.74529,69.08315,double_rcm_log_20260616_133526_303.csv,94.31616,Unknown,Task4_EntryRCM_TipCone,0.0,4.675389306198197,13.143158339494008,13.154105497325597,4.67582056626462,13.144738871502907,13.155504551327528,14.825541431262769,16.048872602103373,66.14269779459259,2.752982865236066,9.68695871924842
39.63139,0.01036,96.52576,Done,EntryTipCone,161.2448,0.00028,4.67533,13.15377,13.15377,1.0,13.15377,4.67533,0.0,0.0,0.0,0.59689,1.0,6,6,1,0.69066,0.90016,0.04551,0.90735,0.56482,0.06978,0.82,0.7,0.06,0.9,0.56,0.06,-3.24873,-12.90179,21.21634,-73.20794,-2.80112,69.09062,double_rcm_log_20260616_133526_303.csv,96.52576,Unknown,Task4_EntryRCM_TipCone,0.0,4.674756011794824,13.141382014775692,13.152324725974715,4.6737009053249565,13.138246516885747,13.149269941711548,14.838784903782773,15.24206200519031,47.79745767165536,2.874225785836247,9.766687864368576
39.6639,0.01027,97.37209,Done,EntryTipCone,161.2448,0.00026,4.67538,13.15396,13.15396,1.0,13.15396,4.67538,0.0,0.0,0.0,0.59689,1.0,6,6,1,0.69113,0.90043,0.04504,0.90704,0.56464,0.0701,0.82,0.7,0.06,0.9,0.56,0.06,-3.20272,-12.81952,21.11017,-73.38614,-2.85656,69.0966,double_rcm_log_20260616_133526_303.csv,97.37209,Unknown,Task4_EntryRCM_TipCone,0.0,4.6759917856612025,13.144848230029675,13.15579961924574,4.676331470799642,13.145877154220065,13.156792922289187,14.920893244581016,18.12209294443763,86.85784379217198,3.023717400555981,9.819671841823574
39.69606,0.00914,109.4193,Done,EntryTipCone,161.2448,0.00029,4.67546,13.15412,13.15412,1.0,13.15412,4.67546,0.0,0.0,0.0,0.59689,1.0,6,6,1,0.69161,0.9007,0.0446,0.90671,0.56445,0.0704,0.82,0.7,0.06,0.9,0.56,0.06,-3.15787,-12.72537,20.98363,-73.55981,-2.90995,69.10069,double_rcm_log_20260616_133526_303.csv,109.4193,Unknown,Task4_EntryRCM_TipCone,0.0,4.675220897150895,13.142685969846225,13.153631945087895,4.674769526069229,13.141568165411371,13.152437036534318,14.936670607250322,17.889719349813134,69.29178212184436,3.193127007480248,9.865952164344307
39.72887,0.01009,99.06231,Done,EntryTipCone,161.2446,0.00049,4.67563,13.15454,13.15454,1.0,13.15454,4.67563,0.0,0.0,0.0,0.59689,1.0,6,6,1,0.69211,0.90099,0.04417,0.90637,0.56426,0.07069,0.82,0.7,0.06,0.9,0.56,0.06,-3.11287,-12.61655,20.83295,-73.7341,-2.96279,69.10288,double_rcm_log_20260616_133526_303.csv,99.06231,Unknown,Task4_EntryRCM_TipCone,0.0,4.675304971058289,13.14292178831946,13.15386835392803,4.675012134887223,13.141948924663382,13.152969246523742,14.798485521832081,16.58044373413535,33.00654342686883,3.386998776234067,10.01194560159058
39.76116,0.01055,94.77941,Done,EntryTipCone,161.2446,0.0004,4.67575,13.15485,13.15485,1.0,13.15485,4.67575,0.0,0.0,0.0,0.59689,1.0,6,6,1,0.69262,0.90128,0.04377,0.90603,0.56406,0.07096,0.82,0.7,0.06,0.9,0.56,0.06,-3.06938,-12.49643,20.66256,-73.90255,-3.01299,69.10278,double_rcm_log_20260616_133526_303.csv,94.77941,Unknown,Task4_EntryRCM_TipCone,0.0,4.6746808182652915,13.141171104665025,13.152113287978388,4.67447522637696,13.140838575278888,13.151657690192492,14.845278531919114,15.995151304385159,12.931575866458106,3.5984127103560626,10.219647874878374
39.79386,0.01121,89.22119,Done,EntryTipCone,161.2444,0.00073,4.67588,13.15487,13.15487,1.0,13.15487,4.67588,0.0,0.0,0.0,0.59689,1.0,6,6,1,0.69314,0.90158,0.04338,0.90567,0.56386,0.07122,0.82,0.7,0.06,0.9,0.56,0.06,-3.02624,-12.36165,20.46767,-74.06977,-3.06183,69.1002,double_rcm_log_20260616_133526_303.csv,89.22119,Unknown,Task4_EntryRCM_TipCone,0.0,4.675564220160272,13.143648954622687,13.15459734081215,4.6741537463418545,13.13952516411689,13.150547517118799,14.763233952157092,16.64211108437916,62.42464459593169,3.832354962985496,10.371768264570072
39.82591,0.01082,92.42988,Done,EntryTipCone,161.2444,0.00077,4.67592,13.15509,13.15509,1.0,13.15509,4.67592,0.0,0.0,0.0,0.59689,1.0,6,6,1,0.69367,0.90188,0.04302,0.90532,0.56366,0.07146,0.82,0.7,0.06,0.9,0.56,0.06,-2.98487,-12.21625,20.25394,-74.23021,-3.10758,69.09487,double_rcm_log_20260616_133526_303.csv,92.42988,Unknown,Task4_EntryRCM_TipCone,0.0,4.676550979634763,13.146416708090745,13.15737202566002,4.675402870886256,13.143052215465834,13.154071613002563,14.885381330709489,16.569147236726604,70.68967135554172,4.075394762218406,10.54033543754542
39.85863,0.01174,85.18411,Done,EntryTipCone,161.244,0.00084,4.67613,13.1556,13.1556,1.0,13.1556,4.67613,0.0,0.0,0.0,0.59689,1.0,6,6,1,0.69422,0.9022,0.04268,0.90494,0.56344,0.07169,0.82,0.7,0.06,0.9,0.56,0.06,-2.94368,-12.05465,20.01319,-74.39018,-3.1519,69.08636,double_rcm_log_20260616_133526_303.csv,85.18411,Unknown,Task4_EntryRCM_TipCone,0.0,4.675539756723844,13.143580337283167,13.154528551669406,4.673530215658135,13.137967352442526,13.148889686965953,14.978470081563158,14.119799612615623,110.2449537034892,4.340842147154173,10.87547466409102
39.89097,0.01145,87.33781,Done,EntryTipCone,161.244,0.00102,4.67625,13.15564,13.15564,1.0,13.15564,4.67621,0.0,0.0,0.0,0.59689,1.0,6,6,1,0.69477,0.90251,0.04237,0.90457,0.56323,0.07191,0.82,0.7,0.06,0.9,0.56,0.06,-2.90404,-11.88093,19.75115,-74.54434,-3.19315,69.0744,double_rcm_log_20260616_133526_303.csv,87.33781,Unknown,Task4_EntryRCM_TipCone,0.0,4.677107613370356,13.147978003720109,13.158937232589832,4.677220909888038,13.148287165430133,13.159251498470551,14.773425559026947,18.576027945135905,111.47504920070932,4.623453986074994,11.128790783844671
39.92256,0.01082,92.46186,Done,EntryTipCone,161.2442,0.00101,4.67634,13.15597,13.15597,1.0,13.15597,4.67634,0.0,0.0,0.0,0.59689,1.0,6,6,1,0.69533,0.90283,0.04209,0.9042,0.56302,0.0721,0.82,0.7,0.06,0.9,0.56,0.06,-2.86644,-11.69785,19.47206,-74.69081,-3.23076,69.05895,double_rcm_log_20260616_133526_303.csv,92.46186,Unknown,Task4_EntryRCM_TipCone,0.0,4.676097904978958,13.145145883229558,13.156098017864432,4.677299489305933,13.14840756663943,13.15942247972909,14.867065937251855,20.38261219955114,45.25680092662735,4.909823986827776,11.33153101312022
39.95475,0.01081,92.50374,Done,EntryTipCone,161.2438,0.00118,4.67642,13.15612,13.15612,1.0,13.15612,4.67642,0.0,0.0,0.0,0.59689,1.0,6,6,1,0.6959,0.90316,0.04182,0.90381,0.5628,0.07228,0.82,0.7,0.06,0.9,0.56,0.06,-2.8293,-11.49754,19.16385,-74.83582,-3.26618,69.03906,double_rcm_log_20260616_133526_303.csv,92.50374,Unknown,Task4_EntryRCM_TipCone,0.0,4.6765370276125,13.146377574206358,13.157332793751312,4.67712117382486,13.147701115228625,13.158818336005682,14.871479311585317,17.72366511857017,84.17866051417961,5.217305155986566,11.660476853814535
39.98729,0.01064,93.975,Done,EntryTipCone,161.2436,0.0013,4.67659,13.15652,13.15652,1.0,13.15652,4.67659,0.0,0.0,0.0,0.59689,1.0,6,6,1,0.69648,0.90349,0.04158,0.90342,0.56257,0.07244,0.82,0.7,0.06,0.9,0.56,0.06,-2.79306,-11.28048,18.82692,-74.97778,-3.29868,69.01409,double_rcm_log_20260616_133526_303.csv,93.975,Unknown,Task4_EntryRCM_TipCone,0.0,4.675788226998805,13.144277269888763,13.155227229332569,4.67568972966895,13.144166532958783,13.155033257274564,14.863479301155024,15.983149448196448,70.82228404171519,5.544409985736354,12.163573763202566
40.02024,0.01132,88.31403,Done,EntryTipCone,161.2434,0.00164,4.67684,13.15701,13.15701,1.0,13.15701,4.67684,0.0,0.0,0.0,0.59689,1.0,6,6,1,0.69708,0.90383,0.04135,0.90301,0.56234,0.07259,0.82,0.7,0.06,0.9,0.56,0.06,-2.75773,-11.04553,18.45927,-75.11667,-3.32799,68.98339,double_rcm_log_20260616_133526_303.csv,88.31403,Unknown,Task4_EntryRCM_TipCone,0.0,4.676994224005581,13.147659959282093,13.158618391322825,4.675594184668007,13.143592413737617,13.154611358759308,14.949852432598245,15.268444853177494,101.70855259704092,5.901265870895615,12.756639196952117
40.05235,0.01062,94.20203,Done,EntryTipCone,161.2433,0.00171,4.67688,13.15702,13.15702,1.0,13.15702,4.67688,0.0,0.0,0.0,0.59689,1.0,6,6,1,0.69767,0.90417,0.04116,0.90261,0.56211,0.07272,0.82,0.7,0.06,0.9,0.56,0.06,-2.72474,-10.80064,18.0731,-75.247,-3.35261,68.9473,double_rcm_log_20260616_133526_303.csv,94.20203,Unknown,Task4_EntryRCM_TipCone,0.0,4.676931676458351,13.147484520412261,13.158442512925046,4.675829501946631,13.14435831011219,13.15532591766544,14.749768963886085,15.528000121779035,73.56322792897795,6.269333132837499,13.262365316702452
40.08398,0.01069,93.52149,Done,EntryTipCone,161.2429,0.00191,4.67705,13.1574,13.1574,1.0,13.1574,4.67705,0.0,0.0,0.0,0.59689,1.0,6,6,1,0.69825,0.9045,0.041,0.90222,0.56189,0.07283,0.82,0.7,0.06,0.9,0.56,0.06,-2.69366,-10.54423,17.66596,-75.37048,-3.37289,68.90536,double_rcm_log_20260616_133526_303.csv,93.52149,Unknown,Task4_EntryRCM_TipCone,0.0,4.6769926919854035,13.14765566213714,13.158614083412283,4.6764958222075235,13.146036840636977,13.157104544693714,14.684482700046669,18.280091077377918,110.53123246462579,6.65138238055847,13.983601079723718
40.11589,0.01037,96.45227,Done,EntryTipCone,161.2426,0.00208,4.67722,13.15776,13.15776,1.0,13.15776,4.67722,0.0,0.0,0.0,0.59689,1.0,6,6,1,0.69885,0.90484,0.04086,0.90182,0.56166,0.07293,0.82,0.7,0.06,0.9,0.56,0.06,-2.6638,-10.26907,17.22619,-75.48995,-3.38897,68.85577,double_rcm_log_20260616_133526_303.csv,96.45227,Unknown,Task4_EntryRCM_TipCone,0.0,4.677631475260303,13.149447376839126,13.160410287580554,4.678410425552534,13.15154445449131,13.162556742517756,14.850264472989409,19.017360049532325,98.09542380104865,7.069676165379919,14.638038711511307
40.14807,0.00976,102.4695,Done,EntryTipCone,161.2425,0.00218,4.67734,13.15808,13.15808,1.0,13.15808,4.67734,0.0,0.0,0.0,0.59689,1.0,6,6,1,0.69946,0.90519,0.04074,0.90141,0.56142,0.073,0.82,0.7,0.06,0.9,0.56,0.06,-2.63529,-9.97394,16.75145,-75.60506,-3.40023,68.79733,double_rcm_log_20260616_133526_303.csv,102.4695,Unknown,Task4_EntryRCM_TipCone,0.0,4.676595938825594,13.146542813659446,13.157498447109235,4.674992636133024,13.142299588030186,13.153117501185791,14.871219457972256,15.67348209707665,70.23579125528758,7.505668346414223,15.50107623624517
40.18072,0.01039,96.20098,Done,EntryTipCone,161.242,0.00282,4.67772,13.15878,13.15878,1.0,13.15878,4.67772,0.0,0.0,0.0,0.59689,1.0,6,6,1,0.70007,0.90554,0.04065,0.90099,0.56119,0.07307,0.82,0.7,0.06,0.9,0.56,0.06,-2.60805,-9.65675,16.23818,-75.71625,-3.40632,68.72882,double_rcm_log_20260616_133526_303.csv,96.20098,Unknown,Task4_EntryRCM_TipCone,0.0,4.6776373521402705,13.149463860813908,13.16042681286504,4.678035945785417,13.150182566735005,13.161348715082342,14.910356761028428,16.850449650575065,109.12980283122705,7.9952215969900395,16.83374351292415
40.21305,0.00981,101.9465,Done,EntryTipCone,161.2418,0.003,4.67785,13.1591,13.1591,1.0,13.1591,4.67785,0.0,0.0,0.0,0.59689,1.0,6,6,1,0.70069,0.90589,0.04058,0.90057,0.56095,0.07311,0.82,0.7,0.06,0.9,0.56,0.06,-2.58288,-9.32151,15.69233,-75.8206,-3.40609,68.64982,double_rcm_log_20260616_133526_303.csv,101.9465,Unknown,Task4_EntryRCM_TipCone,0.0,4.677594324719594,13.149343173826937,13.160305823435513,4.676398189948151,13.145558243698185,13.156728316720676,14.897220728219136,16.745568209690244,46.503165780185995,8.523109939994196,17.840557038226354
40.24584,0.01019,98.11133,Done,EntryTipCone,161.241,0.00355,4.67827,13.15992,13.15992,1.0,13.15992,4.67827,0.0,0.0,0.0,0.5969,1.0,6,6,1,0.70131,0.90625,0.04054,0.90015,0.56071,0.07314,0.82,0.7,0.06,0.9,0.56,0.06,-2.55923,-8.96072,15.10153,-75.92059,-3.39912,68.55762,double_rcm_log_20260616_133526_303.csv,98.11133,Unknown,Task4_EntryRCM_TipCone,0.0,4.67802316604496,13.150546024297057,13.16151168850767,4.677565958801876,13.148855522001202,13.160022796332838,14.765133805319252,16.47841305529137,45.77881823491142,9.085203456423896,19.52115868297856
40.27863,0.01087,91.98663,Done,EntryTipCone,161.24,0.0044,4.67885,13.16139,13.16139,1.0,13.16139,4.67885,0.0,0.0,0.0,0.5969,1.0,6,6,1,0.70193,0.90661,0.04052,0.89973,0.56047,0.07315,0.82,0.7,0.06,0.9,0.56,0.06,-2.53757,-8.57683,14.46928,-76.01459,-3.38452,68.4514,double_rcm_log_20260616_133526_303.csv,91.98663,Unknown,Task4_EntryRCM_TipCone,0.0,4.6790665865165915,13.1534726953314,13.164445696724528,4.677971308592297,13.150000058496648,13.161166361686956,14.81633264463538,16.466656914569498,43.65494804691017,9.734189856886145,22.06672574915715
40.31114,0.01106,90.4241,Done,EntryTipCone,161.2391,0.00524,4.6794,13.16235,13.16235,1.0,13.16235,4.6794,0.0,0.0,0.0,0.5969,1.0,6,6,1,0.70255,0.90696,0.04053,0.89931,0.56023,0.07314,0.82,0.7,0.06,0.9,0.56,0.06,-2.51816,-8.16941,13.79441,-76.10185,-3.36116,68.32951,double_rcm_log_20260616_133526_303.csv,90.4241,Unknown,Task4_EntryRCM_TipCone,0.0,4.679357304148494,13.154288123133394,13.16526316939401,4.677598280362611,13.148946784380165,13.160113981269307,14.666168889603206,14.350617120422589,17.724078043358503,10.459612262671506,24.84040343372468
40.3437,0.01137,87.9488,Done,EntryTipCone,161.2377,0.00641,4.68007,13.1637,13.1637,1.0,13.1637,4.68007,0.0,0.0,0.0,0.5969,1.0,6,6,1,0.70316,0.90731,0.04057,0.8989,0.56,0.07312,0.82,0.7,0.06,0.9,0.56,0.06,-2.50093,-7.73293,13.06735,-76.18334,-3.32777,68.18863,double_rcm_log_20260616_133526_303.csv,87.9488,Unknown,Task4_EntryRCM_TipCone,0.0,4.679958355520494,13.15597399847485,13.166953273251709,4.679749392607895,13.15471603061632,13.1660320522168,14.711381008545969,16.437847449884593,71.91739255064762,11.287406559188966,28.134357853910522
40.37611,0.01127,88.72737,Done,EntryTipCone,161.2362,0.00778,4.68078,13.1653,13.1653,1.0,13.1653,4.68078,0.0,0.0,0.0,0.59691,1.0,6,6,1,0.70377,0.90766,0.04063,0.89848,0.55976,0.07308,0.82,0.7,0.06,0.9,0.56,0.06,-2.48612,-7.26494,12.28333,-76.25883,-3.28242,68.02576,double_rcm_log_20260616_133526_303.csv,88.72737,Unknown,Task4_EntryRCM_TipCone,0.0,4.681084206629623,13.159131868783103,13.170119067068393,4.6812299293817485,13.158896376450205,13.170208806241474,14.691184817830875,18.94537283173968,23.619464274074236,12.225214546511273,32.50633262391686
40.409,0.01161,86.16426,Done,EntryTipCone,161.2339,0.00959,4.68187,13.16765,13.16765,1.0,13.16765,4.68187,0.0,0.0,0.0,0.59691,1.0,6,6,1,0.70438,0.90801,0.04071,0.89807,0.55953,0.07302,0.82,0.7,0.06,0.9,0.56,0.06,-2.47367,-6.75329,11.42131,-76.32987,-3.22204,67.83401,double_rcm_log_20260616_133526_303.csv,86.16426,Unknown,Task4_EntryRCM_TipCone,0.0,4.682521050710456,13.163162027757634,13.174159343789388,4.681441798730966,13.159189886217868,13.170656779371336,14.6373042230274,16.81986112222165,123.38824549318709,13.35111561446872,39.69311485033836
40.44165,0.01153,86.75899,Done,EntryTipCone,161.231,0.01219,4.68299,13.17001,13.17001,1.0,13.17001,4.68299,0.0,0.0,0.0,0.59692,1.0,6,6,1,0.70498,0.90836,0.04082,0.89765,0.5593,0.07294,0.82,0.7,0.06,0.9,0.56,0.06,-2.46417,-6.19918,10.48222,-76.39545,-3.14384,67.61015,double_rcm_log_20260616_133526_303.csv,86.75899,Unknown,Task4_EntryRCM_TipCone,0.0,4.683035797834682,13.164605823835661,13.175606766044183,4.681428269977977,13.15844069555592,13.170273345682714,14.722451684764629,13.951509874973082,189.03089557753813,14.762675001502402,48.15692116809226
40.47389,0.01096,91.24773,Done,EntryTipCone,161.2273,0.01531,4.68437,13.1729,13.1729,1.0,13.1729,4.68433,0.0,0.0,0.0,0.59693,1.0,6,6,1,0.70556,0.9087,0.04095,0.89725,0.55907,0.07285,0.82,0.7,0.06,0.9,0.56,0.06,-2.45803,-5.5957,9.45323,-76.45637,-3.04304,67.34718,double_rcm_log_20260616_133526_303.csv,91.24773,Unknown,Task4_EntryRCM_TipCone,0.0,4.684187284015589,13.167835583018972,13.178844639847437,4.682673152495618,13.162057005475438,13.173833914240772,14.424421169661855,17.836200574776953,243.92833747065154,16.40869221735453,56.425235117051365
40.50604,0.01063,94.03937,Done,EntryTipCone,161.2212,0.02071,4.68651,13.1772,13.1772,1.0,13.1772,4.68651,0.0,0.0,0.0,0.59694,1.0,6,6,1,0.70613,0.90902,0.04109,0.89686,0.55885,0.07275,0.82,0.7,0.06,0.9,0.56,0.06,-2.45552,-4.93257,8.31564,-76.51514,-2.91305,67.03583,double_rcm_log_20260616_133526_303.csv,94.03937,Unknown,Task4_EntryRCM_TipCone,0.0,4.687437838982304,13.176952910589616,13.187984895872862,4.685326848407446,13.16934604999868,13.181221491197254,14.080777924888936,22.226332673254483,234.42882212643218,18.322494296489772,69.19213275176827
40.53873,0.01078,92.77039,Done,EntryTipCone,161.2108,0.02997,4.69014,13.18464,13.18464,1.0,13.18464,4.69014,0.0,0.0,0.0,0.59697,1.0,6,6,1,0.70667,0.90935,0.04125,0.89647,0.55865,0.07263,0.82,0.7,0.06,0.9,0.56,0.06,-2.45746,-4.18371,7.02276,-76.57648,-2.73932,66.65639,double_rcm_log_20260616_133526_303.csv,92.77039,Unknown,Task4_EntryRCM_TipCone,0.0,4.689430265883053,13.182541353411848,13.193587408404223,4.686348194469719,13.170602813141812,13.183334176148328,13.508790280894715,24.991287382311448,457.57614421153835,20.81204482337852,78.99712354925902
40.57107,0.01037,96.38883,Done,EntryTipCone,161.1942,0.04477,4.6954,13.19551,13.19551,1.0,13.19551,4.6954,0.0,0.0,0.0,0.59701,1.0,6,6,1,0.70717,0.90965,0.0414,0.89611,0.55846,0.07251,0.82,0.7,0.06,0.9,0.56,0.06,-2.46536,-3.34524,5.565,-76.64568,-2.50466,66.19643,double_rcm_log_20260616_133526_303.csv,96.38883,Unknown,Task4_EntryRCM_TipCone,0.0,4.694519880302027,13.196816845742568,13.20789889579952,4.6892655285123945,13.17771930775,13.191049996114826,12.617169964855385,40.722847212989336,666.4081400464335,23.31439913066948,70.21374868637216
40.60412,0.01114,89.79836,Done,EntryTipCone,161.1624,0.07363,4.7047,13.21444,13.21444,1.0,13.21444,4.7047,0.0,0.0,0.0,0.59709,1.0,6,6,1,0.70759,0.90992,0.04152,0.89576,0.5583,0.0724,0.82,0.7,0.06,0.9,0.56,0.06,-2.48087,-2.41783,3.94112,-76.73852,-2.17966,65.64693,double_rcm_log_20260616_133526_303.csv,89.79836,Unknown,Task4_EntryRCM_TipCone,0.0,4.70441979773566,13.22458411162053,13.235736400161375,4.698085147838597,13.19976130320314,13.214673662258956,11.002237095528063,66.12222198930226,467.3334022454962,25.007811521914007,46.81974560192905
40.63667,0.0109,91.78411,Done,EntryTipCone,161.1108,0.12073,4.71846,13.2416,13.2416,1.0,13.2416,4.71846,0.0,0.0,0.0,0.59722,1.0,6,6,1,0.70788,0.91014,0.04157,0.89547,0.55819,0.07231,0.82,0.7,0.06,0.9,0.56,0.06,-2.50598,-1.483,2.29159,-76.87565,-1.73882,65.05096,double_rcm_log_20260616_133526_303.csv,91.78411,Unknown,Task4_EntryRCM_TipCone,0.0,4.71877113412825,13.26483600601441,13.276090641000133,4.708111381104053,13.224074200545727,13.24134056657409,8.69085002158976,71.49717356072821,311.1915758755035,23.69752957872647,138.56367876729567
40.66856,0.01056,94.74085,Done,EntryTipCone,161.0363,0.18919,4.73615,13.27565,13.27565,1.0,13.27565,4.73615,0.0,0.0,0.0,0.59741,1.0,6,6,1,0.70803,0.9103,0.04155,0.89524,0.55815,0.07225,0.82,0.7,0.06,0.9,0.56,0.06,-2.53907,-0.73156,0.95569,-77.07219,-1.20256,64.54672,double_rcm_log_20260616_133526_303.csv,94.74085,Unknown,Task4_EntryRCM_TipCone,0.0,4.73584652975319,13.312727118059946,13.324104339149931,4.719750074967885,13.25035900819875,13.271872512950079,7.0791031587616065,46.72872473487679,780.5453434844298,17.577798830275196,235.04733226533145
40.70123,0.01062,94.19743,Done,EntryTipCone,160.9442,0.27386,4.75403,13.30801,13.30801,1.0,13.30801,4.75403,0.0,0.0,0.0,0.59764,1.0,6,6,1,0.70808,0.91042,0.04148,0.89503,0.55814,0.0722,0.82,0.7,0.06,0.9,0.56,0.06,-2.5728,-0.31447,0.20987,-77.30036,-0.67093,64.26898,double_rcm_log_20260616_133526_303.csv,94.19743,Unknown,Task4_EntryRCM_TipCone,0.0,4.754109907927904,13.363948838603482,13.375458155744345,4.731970057516454,13.276916289328897,13.304153486787525,6.323520736622857,23.86122606353022,589.4241781439505,9.932685141349294,213.14721019529182
40.73377,0.01084,92.26255,Done,EntryTipCone,160.8469,0.3624,4.76752,13.32875,13.32875,1.0,13.32875,4.76748,0.0,0.0,0.0,0.59788,1.0,6,6,1,0.70809,0.91054,0.04142,0.89484,0.55814,0.07215,0.82,0.7,0.06,0.9,0.56,0.06,-2.59866,-0.16625,-0.05458,-77.49232,-0.26699,64.18855,double_rcm_log_20260616_133526_303.csv,92.26255,Unknown,Task4_EntryRCM_TipCone,0.0,4.767982841757949,13.402856151637588,13.414466489642358,4.7419255727718115,13.297157648853485,13.330705157642676,6.0408140054678245,20.376871252297494,271.98591626563086,5.102710894139255,125.21005515448404
40.76571,0.01048,95.43569,Done,EntryTipCone,160.7492,0.45019,4.77508,13.33526,13.33526,1.0,13.33526,4.77508,0.0,0.0,0.0,0.59813,1.0,6,6,1,0.70808,0.91064,0.04138,0.89466,0.55816,0.07208,0.82,0.7,0.06,0.9,0.56,0.06,-2.61396,-0.12919,-0.11612,-77.61244,-0.02898,64.19298,double_rcm_log_20260616_133526_303.csv,95.43569,Unknown,Task4_EntryRCM_TipCone,0.0,4.774483016139999,13.421085934474275,13.43274380847644,4.743824819239754,13.293655861118372,13.335201535784924,5.803405949321287,18.01764047166872,131.72339942400254,2.5787800865146573,65.01488929461382
40.79805,0.00974,102.6875,Done,EntryTipCone,160.6495,0.53926,4.77684,13.32718,13.32718,1.0,13.32718,4.77684,0.0,0.0,0.0,0.59838,1.0,6,6,1,0.70806,0.91074,0.04135,0.8945,0.55817,0.072,0.82,0.7,0.06,0.9,0.56,0.06,-2.62154,-0.11884,-0.12607,-77.67107,0.08306,64.21997,double_rcm_log_20260616_133526_303.csv,102.6875,Unknown,Task4_EntryRCM_TipCone,0.0,4.7770419615700925,13.428262466794855,13.43993908997245,4.740781461907068,13.277785033077462,13.326623728461781,5.770005099802925,15.4853205716077,41.85263211343563,1.152102075250774,34.29370924628652
40.83116,0.01062,94.20415,Done,EntryTipCone,160.5469,0.63048,4.77241,13.30388,13.30388,1.0,13.30388,4.77241,0.0,0.0,0.0,0.59864,1.0,6,6,1,0.70803,0.91084,0.04135,0.89433,0.5582,0.0719,0.82,0.7,0.06,0.9,0.56,0.06,-2.62552,-0.11115,-0.12923,-77.69035,0.12394,64.25089,double_rcm_log_20260616_133526_303.csv,94.20415,Unknown,Task4_EntryRCM_TipCone,0.0,4.772821971026268,13.41642753868632,13.428073253096253,4.732453497617166,13.245215159271124,13.304093355054338,5.889582823895745,17.001691308233223,43.84442279659296,0.5352579700797849,15.627942147207351
40.86356,0.01021,97.95245,Done,EntryTipCone,160.4453,0.71952,4.76202,13.2662,13.2662,1.0,13.2662,4.76202,0.0,0.0,0.0,0.59889,1.0,6,6,1,0.70798,0.91093,0.04137,0.89418,0.55822,0.07179,0.82,0.7,0.06,0.9,0.56,0.06,-2.62908,-0.10536,-0.12893,-77.68954,0.13717,64.28272,double_rcm_log_20260616_133526_303.csv,97.95245,Unknown,Task4_EntryRCM_TipCone,0.0,4.762596758812438,13.387750715039166,13.39932176243178,4.719117387963351,13.200143414139369,13.268191285928944,5.802930181052609,17.494222825013015,88.64810841090554,0.4321375834790813,6.771717944190458
40.89659,0.01058,94.47572,Done,EntryTipCone,160.3419,0.81015,4.74541,13.21321,13.21321,1.0,13.21321,4.74541,0.0,0.0,0.0,0.59915,1.0,6,6,1,0.70792,0.91102,0.04141,0.89404,0.55825,0.07166,0.82,0.7,0.06,0.9,0.56,0.06,-2.63366,-0.09944,-0.12912,-77.67699,0.14164,64.31493,double_rcm_log_20260616_133526_303.csv,94.47572,Unknown,Task4_EntryRCM_TipCone,0.0,4.745960201427809,13.341092227602571,13.352542473680682,4.697979433380522,13.132901958293715,13.21134739532653,6.049036572633392,15.725873711910245,60.28778836705408,0.4630025537632842,3.879095872793238
40.92894,0.0102,98.07546,Done,EntryTipCone,160.24,0.89852,4.72323,13.14691,13.14691,1.0,13.14691,4.72323,0.0,0.0,0.0,0.59941,1.0,6,6,1,0.70784,0.9111,0.04148,0.8939,0.55829,0.07152,0.82,0.7,0.06,0.9,0.56,0.06,-2.63952,-0.09425,-0.12882,-77.65585,0.14318,64.34661,double_rcm_log_20260616_133526_303.csv,98.07546,Unknown,Task4_EntryRCM_TipCone,0.0,4.722716507479495,13.275901641688838,13.287184522345871,4.6737394078441294,13.056320367487242,13.147033886013997,6.136383638302309,16.904578333839428,94.19431851015298,0.5214510789427568,3.075554085833601
40.96139,0.01099,91.00899,Done,EntryTipCone,160.138,0.98666,4.69511,13.0662,13.0662,1.0,13.0662,4.69511,0.0,0.0,0.0,0.59966,1.0,6,6,1,0.70775,0.91118,0.04156,0.89378,0.55833,0.07137,0.82,0.7,0.06,0.9,0.56,0.06,-2.64694,-0.09027,-0.12709,-77.62698,0.14428,64.37881,double_rcm_log_20260616_133526_303.csv,91.00899,Unknown,Task4_EntryRCM_TipCone,0.0,4.6952588285031815,13.198889459591593,13.209976742169179,4.643735348463715,12.964476256886938,13.06729505291743,6.186993259813204,17.128265771843378,74.34792803513477,0.5811325574649422,3.0264812138208406
40.99393,0.01131,88.40892,Done,EntryTipCone,160.0355,1.07443,4.66119,12.97133,12.97133,1.0,12.97133,4.66119,0.0,0.0,0.0,0.59992,1.0,6,6,1,0.70765,0.91125,0.04166,0.89367,0.55837,0.0712,0.82,0.7,0.06,0.9,0.56,0.06,-2.65599,-0.08558,-0.12738,-77.59124,0.14662,64.41006,double_rcm_log_20260616_133526_303.csv,88.40892,Unknown,Task4_EntryRCM_TipCone,0.0,4.661349260021519,13.103777098610582,13.114625957476008,4.60639809206784,12.852589622329068,12.967875693420291,6.500982114721512,14.415527734997323,71.24766302783254,0.6544085250573289,2.9489480809891373
41.02647,0.01137,87.96152,Done,EntryTipCone,159.9333,1.16167,4.62152,12.86255,12.86255,1.0,12.86255,4.62152,0.0,0.0,0.0,0.60018,1.0,6,6,1,0.70753,0.91132,0.04179,0.89356,0.55842,0.07102,0.82,0.7,0.06,0.9,0.56,0.06,-2.66627,-0.08161,-0.12704,-77.5462,0.14457,64.44133,double_rcm_log_20260616_133526_303.csv,87.96152,Unknown,Task4_EntryRCM_TipCone,0.0,4.620982512889344,12.990547127841204,13.001116646251253,4.565904027183506,12.731297595356832,12.861197455913667,6.632763061453042,13.477762636258328,49.33177071257048,0.722820475440036,2.750309011565192
41.05911,0.01134,88.20094,Done,EntryTipCone,159.8313,1.2483,4.5762,12.74035,12.74035,1.0,12.74035,4.5762,0.0,0.0,0.0,0.60043,1.0,6,6,1,0.7074,0.91138,0.04193,0.89347,0.55847,0.07083,0.82,0.7,0.06,0.9,0.56,0.06,-2.67851,-0.07715,-0.12856,-77.49662,0.14875,64.47157,double_rcm_log_20260616_133526_303.csv,88.20094,Unknown,Task4_EntryRCM_TipCone,0.0,4.576156555679864,12.864801381827089,12.875066365308577,4.519475879277886,12.594337799796596,12.738551723017837,6.764487276196866,15.224353847807324,95.3516076131024,0.7974867255094077,3.0230599468341284
41.09167,0.0115,86.98161,Done,EntryTipCone,159.7304,1.33383,4.52528,12.60466,12.60466,1.0,12.60466,4.52528,0.0,0.0,0.0,0.60069,1.0,6,6,1,0.70726,0.91143,0.04209,0.89338,0.55852,0.07063,0.82,0.7,0.06,0.9,0.56,0.06,-2.69179,-0.07404,-0.12835,-77.43755,0.14722,64.50211,double_rcm_log_20260616_133526_303.csv,86.98161,Unknown,Task4_EntryRCM_TipCone,0.0,4.526725243025172,12.726127569315043,12.736063573358617,4.470516287510386,12.45045942927413,12.609984139561835,7.095132613300887,18.45795614987433,45.153320853318604,0.8907246560284414,2.901632928617721
41.12432,0.01075,93.03754,Done,EntryTipCone,159.6288,1.41829,4.46866,12.45553,12.45553,1.0,12.45553,4.46866,0.0,0.0,0.0,0.60094,1.0,6,6,1,0.7071,0.91148,0.04228,0.89331,0.55858,0.07041,0.82,0.7,0.06,0.9,0.56,0.06,-2.7067,-0.07277,-0.12563,-77.3718,0.14685,64.53355,double_rcm_log_20260616_133526_303.csv,93.03754,Unknown,Task4_EntryRCM_TipCone,0.0,4.46834322858327,12.562331409089598,12.57188800610233,4.411799385740877,12.279580674374097,12.455544949940967,7.357561063214151,14.770106837935344,137.94448306547397,0.9638056163985999,2.7034859408552165
41.15649,0.01095,91.36559,Done,EntryTipCone,159.5302,1.50078,4.40744,12.29572,12.29572,1.0,12.29572,4.40744,0.0,0.0,0.0,0.60119,1.0,6,6,1,0.70694,0.91152,0.04248,0.89325,0.55865,0.07019,0.82,0.7,0.06,0.9,0.56,0.06,-2.72291,-0.06979,-0.12699,-77.30051,0.14767,64.56232,double_rcm_log_20260616_133526_303.csv,91.36559,Unknown,Task4_EntryRCM_TipCone,0.0,4.407708023495337,12.392199907731268,12.401372806519232,4.351068407509819,12.102999628191391,12.297198868034977,7.628728235645185,13.047243398248442,45.378101809971746,1.0432819086335903,2.546463590174123
41.18891,0.01069,93.53042,Done,EntryTipCone,159.4317,1.5826,4.34077,12.12307,12.12307,1.0,12.12307,4.34077,0.0,0.0,0.0,0.60144,1.0,6,6,1,0.70676,0.91156,0.0427,0.89319,0.55871,0.06995,0.82,0.7,0.06,0.9,0.56,0.06,-2.74032,-0.069,-0.12509,-77.22125,0.14549,64.5923,double_rcm_log_20260616_133526_303.csv,93.53042,Unknown,Task4_EntryRCM_TipCone,0.0,4.3409917816131545,12.204990079582444,12.21375281834332,4.285540052169761,11.91390357781774,12.12611644344552,7.898752407991736,16.725841553232044,121.95199154386658,1.1120477665943747,2.500047779788653
41.2219,0.01143,87.52127,Done,EntryTipCone,159.3325,1.66452,4.26747,11.93462,11.93462,1.0,11.93462,4.26747,0.0,0.0,0.0,0.60169,1.0,6,6,1,0.70656,0.91159,0.04294,0.89315,0.55878,0.0697,0.82,0.7,0.06,0.9,0.56,0.06,-2.75999,-0.06792,-0.12485,-77.13657,0.15015,64.62151,double_rcm_log_20260616_133526_303.csv,87.52127,Unknown,Task4_EntryRCM_TipCone,0.0,4.267649002476015,11.999166699511278,12.00749285034221,4.213127299465724,11.705921512701964,11.93737408310556,8.227422166659704,15.601882481064997,84.18178144943882,1.1881383037993751,2.6630048238571478
41.25413,0.0111,90.1142,Done,EntryTipCone,159.2364,1.74288,4.19106,11.73961,11.73961,1.0,11.73961,4.19106,0.0,0.0,0.0,0.60193,1.0,6,6,1,0.70636,0.91161,0.04319,0.89312,0.55886,0.06944,0.82,0.7,0.06,0.9,0.56,0.06,-2.77997,-0.06561,-0.12739,-77.04459,0.14775,64.64844,double_rcm_log_20260616_133526_303.csv,90.1142,Unknown,Task4_EntryRCM_TipCone,0.0,4.190728165074205,11.783281021469069,11.791165120070325,4.1355860101188044,11.48362204988546,11.736592350422677,8.571208397344765,12.273564739420882,38634.225678441486,1.2665074285702518,2.724928683775884
41.28686,0.01129,88.56083,Done,EntryTipCone,159.1411,1.82122,4.10837,11.5299,11.5299,1.0,11.5299,4.10837,0.0,0.0,0.0,0.60217,1.0,6,6,1,0.70615,0.91163,0.04347,0.89309,0.55894,0.06917,0.82,0.7,0.06,0.9,0.56,0.06,-2.80195,-0.0658,-0.12665,-76.94724,0.15055,64.6765,double_rcm_log_20260616_133526_303.csv,88.56083,Unknown,Task4_EntryRCM_TipCone,0.0,4.108099966364269,11.551353439515175,11.55878041950857,4.055606208792014,11.254804512535287,11.530854261502038,8.83070051111873,2563.0063110475166,37697.5944682221,1.3509942491118982,756.4880495252834
41.31917,0.01047,95.53448,Done,EntryTipCone,159.0473,1.89685,4.0218,11.31215,11.31215,1.0,11.31215,4.0218,0.0,0.0,0.0,0.60241,1.0,6,6,1,0.70593,0.91164,0.04376,0.89308,0.55902,0.06889,0.82,0.7,0.06,0.9,0.56,0.06,-2.82443,-0.06685,-0.12494,-76.84166,0.1459,64.70417,double_rcm_log_20260616_133526_303.csv,95.53448,Unknown,Task4_EntryRCM_TipCone,0.0,4.020907664179456,11.306588917417356,11.313553056015587,3.969368905504296,11.00954557854932,11.308355318082327,170.4425410836586,2497.5724398487805,78662.44036031763,49.2729358994344,3213.2684059766584
41.35253,0.01021,97.98647,Done,Target,161.395,6.07311,2.04765,0.35528,0.35528,1.0,0.35528,2.04765,0.0,0.0,0.0,0.60249,1.0,6,6,1,0.69045,0.90049,0.06556,0.90029,0.55999,0.06021,0.82,0.7,0.06,0.9,0.56,0.06,-4.89793,-1.76565,1.16043,-72.46049,6.30029,64.55229,double_rcm_log_20260616_133526_303.csv,97.98647,Unknown,Task2_TargetRCM_EntryCone,0.0,2.048128812598307,5.762737179262233,5.763657768527625,0.11504565194490458,0.3240750150576349,0.3581898937714593,164.86524391080948,2766.372498585211,74757.11945452107,215.81947323472806,2817.221686530759
41.38413,0.01077,92.88213,Done,Target,161.2677,12.54113,4.43191,0.06029,0.06029,1.0,0.06029,4.43191,0.0,0.0,0.0,0.60249,1.0,6,6,1,0.6761,0.89136,0.05275,0.90005,0.56,0.06004,0.82,0.7,0.06,0.9,0.56,0.06,-5.79068,-14.21314,21.75758,-77.82404,19.93968,68.30227,double_rcm_log_20260616_133526_303.csv,92.88213,Unknown,Task2_TargetRCM_EntryCone,0.0,4.43247947579009,12.461705843959264,12.471034230557148,0.020972323829978514,0.059030630901387486,0.0640312423743275,5.690046422994048,2643.731651227799,42272.20940760289,209.93135065191083,2969.0582957202123
41.41659,0.01083,92.3359,Done,Target,161.2451,14.83504,5.24927,0.00013,0.00013,1.0,0.00013,5.24927,0.0,0.0,0.0,0.60249,1.0,6,6,1,0.67187,0.88841,0.04979,0.9,0.56,0.06,0.82,0.7,0.06,0.9,0.56,0.06,-5.88479,-16.22162,24.91832,-78.16228,21.11182,68.42972,double_rcm_log_20260616_133526_303.csv,92.3359,Unknown,Task2_TargetRCM_EntryCone,0.0,5.248273963029589,14.749355537118346,14.764838373464265,0.0,0.0,0.0,0.978808918467098,87.44192911077211,40411.205979009115,22.425944041612293,3295.251999556403
41.44856,0.00962,103.9903,Done,Target,161.2449,14.85256,5.25542,0.00067,0.00067,1.0,0.00067,5.25542,0.0,0.0,0.0,0.60249,1.0,6,6,1,0.67153,0.88821,0.05103,0.9,0.56,0.06,0.82,0.7,0.06,0.9,0.56,0.06,-5.95113,-16.07339,24.61891,-77.93424,21.07775,68.37908,double_rcm_log_20260616_133526_303.csv,103.9903,Unknown,Task2_TargetRCM_EntryCone,0.0,5.256303729253794,14.771858495618147,14.787412481164086,0.0,0.0,0.0,1.1102230246251565e-13,15.606377091967016,1375.5746139699456,5.606636943691957,443.1238363894173
41.4818,0.01061,94.26173,Done,Target,161.2448,14.85543,5.25643,0.00086,0.00086,1.0,0.00086,5.25643,0.0,0.0,0.0,0.60249,1.0,6,6,1,0.67126,0.88805,0.05236,0.9,0.56,0.06,0.82,0.7,0.06,0.9,0.56,0.06,-6.01809,-15.88768,24.25754,-77.69239,21.02301,68.32463,double_rcm_log_20260616_133526_303.csv,94.26173,Unknown,Task2_TargetRCM_EntryCone,0.0,5.256964752133528,14.773710961340953,14.789270813685933,0.0,0.0,0.0,0.0,9.93314835106388e-14,231.31336080251347,6.1512944778431855,16.631725411536134
41.51408,0.01042,95.96579,Done,Target,161.245,14.85686,5.25688,0.00102,0.00102,1.0,0.00102,5.25688,0.0,0.0,0.0,0.60249,1.0,6,6,1,0.67104,0.88793,0.05367,0.9,0.56,0.06,0.82,0.7,0.06,0.9,0.56,0.06,-6.08112,-15.68793,23.87597,-77.45601,20.95643,68.27036,double_rcm_log_20260616_133526_303.csv,95.96579,Unknown,Task2_TargetRCM_EntryCone,0.0,5.256361142416396,14.772019391663596,14.78757388671201,0.0,0.0,0.0,1.1102230246251565e-13,2.5939539101775833e-11,5.871126523936143e-10,6.539401999865409,14.333452504137577
41.54765,0.0109,91.76656,Done,Target,161.2449,14.85919,5.25773,0.00111,0.00111,1.0,0.00111,5.25773,0.0,0.0,0.0,0.60249,1.0,6,6,1,0.67085,0.88782,0.05504,0.9,0.56,0.06,0.82,0.7,0.06,0.9,0.56,0.06,-6.14445,-15.46242,23.45114,-77.20952,20.87395,68.21235,double_rcm_log_20260616_133526_303.csv,91.76656,Unknown,Task2_TargetRCM_EntryCone,0.0,5.257212673727354,14.774405742011052,14.789967795123367,0.0,0.0,0.0,1.7763568394002505e-12,3.876498068930982e-11,1.382692048370509e-09,6.964476222343241,14.924434888384452
41.57935,0.0103,97.07796,Done,Target,161.2448,14.85957,5.25796,0.00101,0.00101,1.0,0.00101,5.25796,0.0,0.0,0.0,0.60249,1.0,6,6,1,0.67071,0.88774,0.05634,0.9,0.56,0.06,0.82,0.7,0.06,0.9,0.56,0.06,-6.202,-15.22948,23.0184,-76.97532,20.78122,68.1556,double_rcm_log_20260616_133526_303.csv,97.07796,Unknown,Task2_TargetRCM_EntryCone,0.0,5.258245447253959,14.777300005208783,14.792871228346813,0.0,0.0,0.0,2.5146000066436358e-12,6.008239910875452e-11,4.777070455405829e-10,7.391463276354556,14.59308016719317
41.61176,0.00969,103.1932,Done,Target,161.2448,14.8606,5.25822,0.0012,0.0012,1.0,0.0012,5.25822,0.0,0.0,0.0,0.60249,1.0,6,6,1,0.67061,0.88768,0.05767,0.9,0.56,0.06,0.82,0.7,0.06,0.9,0.56,0.06,-6.25843,-14.97313,22.54727,-76.7351,20.67184,68.09544,double_rcm_log_20260616_133526_303.csv,103.1932,Unknown,Task2_TargetRCM_EntryCone,0.0,5.259352410203346,14.780402172854773,14.795983228744998,0.0,0.0,0.0,2.5146000066436358e-12,2.7731750605617716e-11,2.105083117600364e-09,7.790467141437615,14.259023330797206
41.6441,0.01073,93.2016,Done,Target,161.2446,14.86381,5.25934,0.00142,0.00142,1.0,0.00142,5.25934,0.0,0.0,0.0,0.60249,1.0,6,6,1,0.67056,0.88765,0.059,0.9,0.56,0.06,0.82,0.7,0.06,0.9,0.56,0.06,-6.31219,-14.70089,22.05126,-76.49528,20.54839,68.03314,double_rcm_log_20260616_133526_303.csv,93.2016,Unknown,Task2_TargetRCM_EntryCone,0.0,5.2590590193711835,14.779579971034106,14.795158420436742,0.0,0.0,0.0,3.9736059261160154e-12,8.71733402581146e-11,1.3124965182550705e-09,8.212909507587426,15.538396219439875
41.67675,0.01155,86.58949,Done,Target,161.2446,14.86639,5.26038,0.00152,0.00152,1.0,0.00152,5.26038,0.0,0.0,0.0,0.60249,1.0,6,6,1,0.67054,0.88764,0.06034,0.9,0.56,0.06,0.82,0.7,0.06,0.9,0.56,0.06,-6.36367,-14.40604,21.51888,-76.25215,20.40657,67.96719,double_rcm_log_20260616_133526_303.csv,86.58949,Unknown,Task2_TargetRCM_EntryCone,0.0,5.260506504572608,14.783636416342283,14.79922772804065,0.0,0.0,0.0,3.5544479789666732e-12,6.089132032211224e-11,2.26191659442286e-09,8.7035798569166,16.73920671843216
41.70933,0.0115,86.95164,Done,Target,161.2445,14.86855,5.26112,0.00146,0.00146,1.0,0.00146,5.26112,0.0,0.0,0.0,0.60249,1.0,6,6,1,0.67057,0.88766,0.06168,0.9,0.56,0.06,0.82,0.7,0.06,0.9,0.56,0.06,-6.4121,-14.09056,20.95391,-76.0081,20.24614,67.89775,double_rcm_log_20260616_133526_303.csv,86.95164,Unknown,Task2_TargetRCM_EntryCone,0.0,5.260609849866232,14.783926031744715,14.799518262035583,0.0,0.0,0.0,0.0,6.095289265530719e-11,8.293562213500311e-10,9.211998314436066,17.495109532659352
41.74188,0.01145,87.34917,Done,Target,161.2444,14.87087,5.26183,0.00196,0.00196,1.0,0.00196,5.26183,0.0,0.0,0.0,0.60249,1.0,6,6,1,0.67064,0.8877,0.06302,0.9,0.56,0.06,0.82,0.7,0.06,0.9,0.56,0.06,-6.45735,-13.75463,20.35649,-75.76304,20.06625,67.82429,double_rcm_log_20260616_133526_303.csv,87.34917,Unknown,Task2_TargetRCM_EntryCone,0.0,5.261381993734592,14.786089890320278,14.801688985013438,0.0,0.0,0.0,1.7798229048217483e-12,2.7090402795448022e-11,9.418434907490434e-10,9.755156021171196,18.298853496202298
41.77463,0.01086,92.0596,Done,Target,161.2445,14.87206,5.26235,0.00179,0.00179,1.0,0.00179,5.26235,0.0,0.0,0.0,0.60249,1.0,6,6,1,0.67075,0.88776,0.06436,0.9,0.56,0.06,0.82,0.7,0.06,0.9,0.56,0.06,-6.49952,-13.39317,19.71798,-75.51431,19.86272,67.74532,double_rcm_log_20260616_133526_303.csv,92.0596,Unknown,Task2_TargetRCM_EntryCone,0.0,5.262864649725352,14.790244882929944,14.805857164163097,0.0,0.0,0.0,1.7798229048217483e-12,3.567949057738267e-12,5.129629139168846e-10,10.322969607749314,16.387416140267355
41.80688,0.01085,92.14748,Done,Target,161.2442,14.874,5.26302,0.00229,0.00229,1.0,0.00229,5.26299,0.0,0.0,0.0,0.60249,1.0,6,6,1,0.67091,0.88785,0.06567,0.9,0.56,0.06,0.82,0.7,0.06,0.9,0.56,0.06,-6.53754,-13.01589,19.05517,-75.26756,19.63984,67.66225,double_rcm_log_20260616_133526_303.csv,92.14748,Unknown,Task2_TargetRCM_EntryCone,0.0,5.262488087084035,14.789189605366891,14.804798536800094,0.0,0.0,0.0,1.7798229048217483e-12,8.602855806760531e-12,3.12361492197733e-10,10.740118542492922,19.21283262247215
41.84307,0.01391,71.90012,Done,Target,161.2439,14.88453,5.26663,0.00328,0.00328,1.0,0.00328,5.26663,0.0,0.0,0.0,0.60249,1.0,6,6,1,0.6711,0.88796,0.06711,0.9,0.56,0.06,0.82,0.7,0.06,0.9,0.56,0.06,-6.57611,-12.57949,18.29101,-74.9921,19.37003,67.56393,double_rcm_log_20260616_133526_303.csv,71.90012,Unknown,Task2_TargetRCM_EntryCone,0.0,5.267399423175636,14.802953062799507,14.818605721783642,0.0,0.0,0.0,1.7763568394002505e-12,2.430022064705852e-11,7.837259004426868e-10,11.596930501958575,26.432738853698357
41.87379,0.0114,87.6951,Done,Target,161.2439,14.88077,5.26537,0.00298,0.00298,1.0,0.00298,5.26541,0.0,0.0,0.0,0.60249,1.0,6,6,1,0.67134,0.8881,0.06835,0.9,0.56,0.06,0.82,0.7,0.06,0.9,0.56,0.06,-6.60445,-12.1627,17.56709,-74.74779,19.09816,67.46963,double_rcm_log_20260616_133526_303.csv,87.6951,Unknown,Task2_TargetRCM_EntryCone,0.0,5.265867702784405,14.798660603331914,14.814299616061975,0.0,0.0,0.0,2.5219419200973695e-12,3.828351967604603e-11,1.3582690437188611e-09,12.416665592825831,23.281490285479197
41.90532,0.01079,92.63684,Done,Target,161.2439,14.88186,5.2657,0.00321,0.00321,1.0,0.00321,5.2657,0.0,0.0,0.0,0.60249,1.0,6,6,1,0.67162,0.88825,0.0696,0.9,0.56,0.06,0.82,0.7,0.06,0.9,0.56,0.06,-6.62968,-11.71873,16.79813,-74.49542,18.79571,67.36623,double_rcm_log_20260616_133526_303.csv,92.63684,Unknown,Task2_TargetRCM_EntryCone,0.0,5.265662183031424,14.798084658500686,14.813721840837548,0.0,0.0,0.0,1.7763568394002505e-12,6.403284711832015e-11,1.255685092785081e-09,12.965607904657825,20.97165392944895
41.93781,0.01065,93.85699,Done,Target,161.2437,14.88515,5.26693,0.00361,0.00361,1.0,0.00361,5.26693,0.0,0.0,0.0,0.60249,1.0,6,6,1,0.67193,0.88843,0.07087,0.9,0.56,0.06,0.82,0.7,0.06,0.9,0.56,0.06,-6.65124,-11.23864,15.9692,-74.23108,18.45325,67.2509,double_rcm_log_20260616_133526_303.csv,93.85699,Unknown,Task2_TargetRCM_EntryCone,0.0,5.267035221408179,14.801932432751412,14.817581846305975,0.0,0.0,0.0,1.7763568394002505e-12,5.365574671568074e-11,1.921636000446483e-09,13.679738337379613,26.477853789040044
41.97072,0.01118,89.41152,Done,Target,161.2435,14.88975,5.26853,0.00414,0.00414,1.0,0.00414,5.26853,0.0,0.0,0.0,0.60249,1.0,6,6,1,0.67228,0.88863,0.07213,0.9,0.56,0.06,0.82,0.7,0.06,0.9,0.56,0.06,-6.66806,-10.72449,15.08423,-73.95641,18.06842,67.12318,double_rcm_log_20260616_133526_303.csv,89.41152,Unknown,Task2_TargetRCM_EntryCone,0.0,5.268715953818662,14.806642470804904,14.822306865233864,0.0,0.0,0.0,1.7798229048217483e-12,6.035659471112447e-11,35.643593703000036,14.618195039520673,30.51099734791497
42.00312,0.01093,91.49621,Done,Target,161.2432,14.8924,5.26942,0.00476,0.00476,1.0,0.00476,5.26942,0.0,0.0,0.0,0.60249,1.0,6,6,1,0.67267,0.88885,0.07336,0.9,0.56,0.06,0.82,0.7,0.06,0.9,0.56,0.06,-6.67893,-10.18113,14.15211,-73.67444,17.64072,66.98327,double_rcm_log_20260616_133526_303.csv,91.49621,Unknown,Task2_TargetRCM_EntryCone,0.0,5.26972895204213,14.809481262874616,14.825154691075777,0.0,0.0,0.0,2.5219419200973695e-12,2.2918083437754793,35.20842108904976,15.587361979582205,30.96902558079242
42.03568,0.01092,91.56377,Done,Target,161.2428,14.89707,5.27113,0.00566,0.00566,1.0,0.00566,5.27113,0.0,0.0,0.0,0.60249,1.0,6,6,1,0.67308,0.88909,0.07456,0.9,0.56,0.06,0.82,0.7,0.06,0.9,0.56,0.06,-6.68402,-9.60668,13.16888,-73.38058,17.1646,66.82905,double_rcm_log_20260616_133526_303.csv,91.56377,Unknown,Task2_TargetRCM_EntryCone,0.0,5.272021229551591,14.815905046995097,14.83159893021041,0.0,0.0,0.0,0.1496110594931821,2.2757425142842194,81.1453004296088,16.531480638738053,39.19391533258586
42.06881,0.0118,84.76999,Done,Target,161.2422,14.90347,5.2734,0.00689,0.00689,1.0,0.00689,5.2734,0.0,0.0,0.0,0.60249,1.0,6,6,1,0.67353,0.88934,0.07574,0.89999,0.56,0.06,0.82,0.7,0.06,0.9,0.56,0.06,-6.68255,-8.98927,12.11436,-73.0668,16.62388,66.65585,double_rcm_log_20260616_133526_303.csv,84.76999,Unknown,Task2_TargetRCM_EntryCone,0.0,5.27352514923033,14.820119556704466,14.835826869723872,0.0030852522116496355,0.008682431421294587,0.010000000000065512,0.146826505114106,3.599676967770665,77.0232111044238,18.064986087068558,50.1779232080916
42.10019,0.00975,102.5889,Done,Target,161.2417,14.90433,5.2737,0.00775,0.00775,1.0,0.00775,5.2737,0.0,0.0,0.0,0.60249,1.0,6,6,1,0.67401,0.88962,0.07686,0.89999,0.56,0.06,0.82,0.7,0.06,0.9,0.56,0.06,-6.6727,-8.34196,11.012,-72.73961,16.02188,66.46617,double_rcm_log_20260616_133526_303.csv,102.5889,Unknown,Task2_TargetRCM_EntryCone,0.0,5.273260613738825,14.819378236339874,14.835083186537826,0.0030852522116496355,0.008682431421294587,0.010000000000065512,0.16149219197092446,3.4519773169500887,93.41507241740885,19.645312615604272,49.25321800572035
42.13129,0.00975,102.5997,Done,Target,161.2413,14.90807,5.275,0.00884,0.00884,1.0,0.00884,5.275,0.0,0.0,0.0,0.60249,1.0,6,6,1,0.67449,0.88989,0.07791,0.89999,0.56,0.05999,0.82,0.7,0.06,0.9,0.56,0.06,-6.65516,-7.6675,9.86509,-72.39173,15.35338,66.2588,double_rcm_log_20260616_133526_303.csv,102.5997,Unknown,Task2_TargetRCM_EntryCone,0.0,5.275614374461654,14.825974280638457,14.841700262868256,0.004705925757591394,0.013243285671818985,0.014142135623774532,0.1606423625033493,2.6025665171246755,91.05069550232544,20.97660959546184,47.01697656738909
42.16234,0.00957,104.4484,Done,Target,161.2405,14.9139,5.27708,0.01089,0.01089,1.0,0.01089,5.27708,0.0,0.0,0.0,0.60249,1.0,6,6,1,0.67498,0.89017,0.07892,0.89999,0.56,0.05999,0.82,0.7,0.06,0.9,0.56,0.06,-6.62871,-6.95753,8.65971,-72.01279,14.59846,66.02985,double_rcm_log_20260616_133526_303.csv,104.4484,Unknown,Task2_TargetRCM_EntryCone,0.0,5.278106266224294,14.832957388188365,14.848705657163377,0.004705925757591394,0.013243285671818985,0.014142135623774532,2.5219419200973695e-12,2.6193283429503977,58.84751119323767,22.29217299605164,55.78851729454838
42.19418,0.01014,98.66592,Done,Target,161.2392,14.92303,5.28027,0.01404,0.01404,1.0,0.01404,5.28027,0.0,0.0,0.0,0.60249,1.0,6,6,1,0.67547,0.89045,0.07986,0.89999,0.56,0.05999,0.82,0.7,0.06,0.9,0.56,0.06,-6.5918,-6.20486,7.38391,-71.58869,13.73145,65.77525,double_rcm_log_20260616_133526_303.csv,98.66592,Unknown,Task2_TargetRCM_EntryCone,0.0,5.280384826650773,14.83934264599267,14.855111312150742,0.004705925757591394,0.013243285671818985,0.014142135623774532,2.51214793389404e-12,2.762931291452097,94.087949452906,24.104610250509612,71.90982468062087
42.22474,0.01077,92.86147,Done,Target,161.2378,14.93027,5.28287,0.01741,0.01741,1.0,0.01741,5.28287,0.0,0.0,0.0,0.60249,1.0,6,6,1,0.67594,0.89072,0.08072,0.89999,0.56,0.05999,0.82,0.7,0.06,0.9,0.56,0.06,-6.54299,-5.42993,6.07392,-71.11919,12.75052,65.5013,double_rcm_log_20260616_133526_303.csv,92.86147,Unknown,Task2_TargetRCM_EntryCone,0.0,5.2834980363485595,14.84806682106335,14.863863384451014,0.004705925757591394,0.013243285671818985,0.014142135623774532,0.1654759814258,3.7868362792571277,64.79165945482728,26.21505601233109,72.32575504655092
42.25507,0.01044,95.78959,Done,Target,161.2361,14.93781,5.2855,0.02195,0.02195,1.0,0.02195,5.2855,0.0,0.0,0.0,0.60249,1.0,6,6,1,0.67638,0.89097,0.08147,0.89998,0.56,0.05999,0.82,0.7,0.06,0.9,0.56,0.06,-6.48047,-4.63418,4.7334,-70.58474,11.62293,65.20872,double_rcm_log_20260616_133526_303.csv,95.78959,Unknown,Task2_TargetRCM_EntryCone,0.0,5.2846984771414585,14.851430815205285,14.867238144428244,0.007120758437718775,0.020038424627182798,0.02236067977501405,0.23063229324976253,2.702431542495103,57.07774089309635,27.489622210986465,69.09440518842997
42.28609,0.01037,96.40167,Done,Target,161.2334,14.94677,5.28865,0.02858,0.02858,1.0,0.02858,5.28865,0.0,0.0,0.0,0.60249,1.0,6,6,1,0.67676,0.89119,0.08212,0.89998,0.56,0.05998,0.82,0.7,0.06,0.9,0.56,0.06,-6.40355,-3.84647,3.41369,-69.97654,10.33878,64.91053,double_rcm_log_20260616_133526_303.csv,96.40167,Unknown,Task2_TargetRCM_EntryCone,0.0,5.2898830936013574,14.865959586294318,14.881813468531572,0.009412140941990563,0.02648657134359468,0.028284271247475467,0.22670164888961428,2.0769843205759493,48.970346444512835,27.93271924649158,84.60267573784569
42.31746,0.01123,89.02835,Done,Target,161.2299,14.9545,5.29124,0.03724,0.03724,1.0,0.03724,5.29124,0.0,0.0,0.0,0.60249,1.0,6,6,1,0.67708,0.89137,0.08263,0.89997,0.56,0.05998,0.82,0.7,0.06,0.9,0.56,0.06,-6.31216,-3.10974,2.19176,-69.2942,8.90065,64.62926,double_rcm_log_20260616_133526_303.csv,89.02835,Unknown,Task2_TargetRCM_EntryCone,0.0,5.291558588734435,14.87065477455699,14.886523720683622,0.011670202009670267,0.032839938161637466,0.03605551275461822,0.30670412255228463,2.589046681278357,50.59116044062472,27.81614482814521,106.38190614738807
42.35803,0.01114,89.78185,Done,Target,161.2243,14.95732,5.29206,0.05132,0.05132,1.0,0.05132,5.29206,0.0,0.0,0.0,0.60249,1.0,6,6,1,0.67738,0.89155,0.08308,0.89996,0.56,0.05997,0.82,0.7,0.06,0.9,0.56,0.06,-6.17558,-2.31517,0.90405,-68.32206,6.85085,64.33801,double_rcm_log_20260616_133526_303.csv,89.78185,Unknown,Task2_TargetRCM_EntryCone,0.0,5.292112317954442,14.872206470052326,14.88808039669289,0.01630926721829697,0.04589285179802253,0.05000000000002919,0.41495922352815634,2.6387856048042315,31.460332195762657,25.973301975341283,139.04610217376248
42.38846,0.01059,94.47332,Done,Target,161.2193,14.9517,5.28976,0.0636,0.0636,1.0,0.0636,5.28976,0.0,0.0,0.0,0.60249,1.0,6,6,1,0.67753,0.89164,0.08328,0.89995,0.56,0.05996,0.82,0.7,0.06,0.9,0.56,0.06,-6.07053,-1.90782,0.27567,-67.60299,5.32111,64.20994,double_rcm_log_20260616_133526_303.csv,94.47332,Unknown,Task2_TargetRCM_EntryCone,0.0,5.29063130301088,14.86805627198485,14.883916879977262,0.02097877782256412,0.059030630901382775,0.06403124237432316,0.4595061652635159,0.6704801552032388,51.80187290068944,22.94403763658551,153.83051383119113
42.4196,0.01083,92.3045,Done,Target,161.2137,14.93607,5.28383,0.07728,0.07728,1.0,0.07728,5.28383,0.0,0.0,0.0,0.60249,1.0,6,6,1,0.67764,0.89172,0.08338,0.89994,0.56,0.05995,0.82,0.7,0.06,0.9,0.56,0.06,-5.97201,-1.66278,-0.06802,-66.9549,3.91583,64.15863,double_rcm_log_20260616_133526_303.csv,92.3045,Unknown,Task2_TargetRCM_EntryCone,0.0,5.284581175822706,14.851102102113824,14.866908379135674,0.025662278887808865,0.0722069674882615,0.07810249675910912,0.45510086485976314,1.2803653092146838,22.0178900010847,19.15545819704908,144.71570044468015
42.45061,0.01075,93.02963,Done,Target,161.2074,14.90772,5.27329,0.09215,0.09215,1.0,0.09215,5.27329,0.0,0.0,0.0,0.60249,1.0,6,6,1,0.67773,0.89178,0.0834,0.89993,0.56,0.05994,0.82,0.7,0.06,0.9,0.56,0.06,-5.88665,-1.54143,-0.20169,-66.4234,2.72861,64.1601,double_rcm_log_20260616_133526_303.csv,93.02963,Unknown,Task2_TargetRCM_EntryCone,0.0,5.274454695806007,14.822724466690874,14.838440084266656,0.030353429516576696,0.08540401719970554,0.09219544457293828,0.49021057045124544,1.485195164109399,14.881060953942008,15.36795304578069,131.810475838971
42.49128,0.0107,93.49243,Done,Target,161.1987,14.84857,5.25139,0.11247,0.11247,1.0,0.11247,5.25139,0.0,0.0,0.0,0.60249,1.0,6,6,1,0.67784,0.89187,0.08333,0.89991,0.56,0.05993,0.82,0.7,0.06,0.9,0.56,0.06,-5.79824,-1.48542,-0.21369,-65.92291,1.55563,64.19508,double_rcm_log_20260616_133526_303.csv,93.49243,Unknown,Task2_TargetRCM_EntryCone,0.0,5.251519608123396,14.758451305924781,14.773962874726982,0.037288418954278986,0.10491021802549932,0.11401754250994142,0.4936730482106508,1.7745303410231583,37.76411575648216,10.283797712908145,120.31614034416576
42.52184,0.01067,93.71638,Done,Target,161.192,14.78631,5.2284,0.12786,0.12786,1.0,0.12786,5.2284,0.0,0.0,0.0,0.60249,1.0,6,6,1,0.67794,0.89195,0.08323,0.8999,0.56,0.05992,0.82,0.7,0.06,0.9,0.56,0.06,-5.75022,-1.47463,-0.18414,-65.69497,0.97573,64.22221,double_rcm_log_20260616_133526_303.csv,93.71638,Unknown,Task2_TargetRCM_EntryCone,0.0,5.228288750368352,14.693346870064037,14.708653566083337,0.04196400700230611,0.11806126180276555,0.12806248474864632,0.5839618701082169,2.485423849907813,86.20172198442904,6.803335924211932,101.91493293677448
42.55283,0.0102,98.00544,Done,Target,161.1853,14.70677,5.1992,0.14359,0.14359,1.0,0.14359,5.1992,0.0,0.0,0.0,0.60249,1.0,6,6,1,0.67805,0.89204,0.08309,0.89988,0.56,0.05991,0.82,0.7,0.06,0.9,0.56,0.06,-5.7142,-1.47029,-0.15475,-65.56872,0.60339,64.24329,double_rcm_log_20260616_133526_303.csv,98.00544,Unknown,Task2_TargetRCM_EntryCone,0.0,5.198977093481954,14.611197560579033,14.62624834037621,0.04893983916122151,0.13767855539402193,0.15000000000000707,0.5092199189156137,3.5771051040465895,91.44000913854553,4.074023036918064,73.96887028106336
42.58447,0.01086,92.11224,Done,Target,161.1784,14.60816,5.163,0.15964,0.15964,1.0,0.15964,5.163,0.0,0.0,0.0,0.60249,1.0,6,6,1,0.67818,0.89216,0.08291,0.89987,0.56,0.05991,0.82,0.7,0.06,0.9,0.56,0.06,-5.68629,-1.46472,-0.13558,-65.52032,0.38603,64.25749,double_rcm_log_20260616_133526_303.csv,92.11224,Unknown,Task2_TargetRCM_EntryCone,0.0,5.162247515120055,14.50825327243183,14.52298741638342,0.05131666827459024,0.14436065946100723,0.15811388300848012,0.36047843861926215,3.2752414459985033,74.54323261163131,2.2777734344298786,48.326288923395246
42.62469,0.01095,91.31741,Done,Target,161.1699,14.4583,5.10807,0.17996,0.17996,1.0,0.17996,5.10803,0.0,0.0,0.0,0.60249,1.0,6,6,1,0.67839,0.89232,0.08263,0.89986,0.56,0.05989,0.82,0.7,0.06,0.9,0.56,0.06,-5.65659,-1.4547,-0.12226,-65.52853,0.24157,64.26954,double_rcm_log_20260616_133526_303.csv,91.31741,Unknown,Task2_TargetRCM_EntryCone,0.0,5.108492707538102,14.357580572461423,14.371859360132175,0.05827741422126398,0.16393713616929664,0.17804493814767072,0.6231636795909142,3.277203519785494,97.31818271331157,1.1001249342078754,26.786711419133894
42.65535,0.01058,94.50293,Done,Target,161.1632,14.32603,5.05958,0.19552,0.19552,1.0,0.19552,5.05958,0.0,0.0,0.0,0.60249,1.0,6,6,1,0.67857,0.89247,0.08239,0.89984,0.56,0.05988,0.82,0.7,0.06,0.9,0.56,0.06,-5.63597,-1.44687,-0.11455,-65.57198,0.19591,64.27727,double_rcm_log_20260616_133526_303.csv,94.50293,Unknown,Task2_TargetRCM_EntryCone,0.0,5.059908096485426,14.221388861915456,14.235264244728304,0.06526114164429311,0.18357140719206402,0.2000000000000363,0.5144395417628985,4.565885848606448,116.89606357655896,0.887573086443176,15.292053016300791
42.68684,0.01098,91.04082,Done,Target,161.1568,14.17431,5.00406,0.21101,0.21101,1.0,0.21101,5.00406,0.0,0.0,0.0,0.60249,1.0,6,6,1,0.67878,0.89264,0.08211,0.89983,0.56,0.05988,0.82,0.7,0.06,0.9,0.56,0.06,-5.61435,-1.43439,-0.11416,-65.63452,0.17364,64.28213,double_rcm_log_20260616_133526_303.csv,91.04082,Unknown,Task2_TargetRCM_EntryCone,0.0,5.003684376323469,14.06377054878693,14.07718866312766,0.06762919191726958,0.19022658553985838,0.20808652046684814,0.3627141331144693,4.428654542867801,118.51600635718397,0.979236008076294,7.787244600776754
42.7174,0.00922,108.4061,Done,Target,161.1506,14.01224,4.94471,0.22616,0.22616,1.0,0.22616,4.94471,0.0,0.0,0.0,0.60249,1.0,6,6,1,0.67901,0.89281,0.08181,0.89982,0.56,0.05987,0.82,0.7,0.06,0.9,0.56,0.06,-5.59215,-1.42232,-0.11255,-65.70757,0.16344,64.2874,double_rcm_log_20260616_133526_303.csv,108.4061,Unknown,Task2_TargetRCM_EntryCone,0.0,4.944771376741344,13.8985985475963,13.91154841324329,0.07227377463020446,0.20328456750238305,0.22203603311180004,0.5709172771134505,3.3690598650760832,93.35021007970664,1.0994519901369488,5.031403319081792
42.75823,0.01105,90.46334,Done,Target,161.1423,13.77325,4.85724,0.24595,0.24595,1.0,0.24595,4.85724,0.0,0.0,0.0,0.60249,1.0,6,6,1,0.67934,0.89307,0.08136,0.8998,0.56001,0.05985,0.82,0.7,0.06,0.9,0.56,0.06,-5.55991,-1.40388,-0.11211,-65.81866,0.15641,64.29394,double_rcm_log_20260616_133526_303.csv,90.46334,Unknown,Task2_TargetRCM_EntryCone,0.0,4.858085482418578,13.655534133401643,13.667815002341772,0.08026412154283097,0.22573299407792602,0.25019992006391506,0.46077555821057525,3.7315663172550075,55.44030276038213,1.2498167754600646,3.838494012935227
42.78886,0.01039,96.27947,Done,Target,161.1362,13.57758,4.78561,0.26037,0.26037,1.0,0.26037,4.78561,0.0,0.0,0.0,0.60249,1.0,6,6,1,0.67961,0.89329,0.081,0.89979,0.56001,0.05985,0.82,0.7,0.06,0.9,0.56,0.06,-5.53376,-1.38866,-0.11243,-65.91177,0.15533,64.29871,double_rcm_log_20260616_133526_303.csv,96.27947,Unknown,Task2_TargetRCM_EntryCone,0.0,4.785994666560916,13.453370011623422,13.465112388621472,0.08259918090472357,0.23229291853179157,0.25826343140293123,0.36238390661955727,2.7626537288170585,95.82257159549752,1.3542760389769246,3.286757562154761
42.81981,0.0096,104.193,Done,Target,161.1302,13.36634,4.70836,0.275,0.275,1.0,0.275,4.70836,0.0,0.0,0.0,0.60249,1.0,6,6,1,0.67991,0.89351,0.0806,0.89978,0.56001,0.05984,0.82,0.7,0.06,0.9,0.56,0.06,-5.50558,-1.37321,-0.11128,-66.01298,0.15539,64.30424,double_rcm_log_20260616_133526_303.csv,104.193,Unknown,Task2_TargetRCM_EntryCone,0.0,4.708507009731435,13.23604779941831,13.247229172440456,0.08725831856749756,0.24538823243056104,0.27221315177632094,0.45460892918925894,2.3669715095330446,62.68194246749719,1.4470652721926767,2.8937357897535962
42.85108,0.0108,92.57437,Done,Target,161.1243,13.13936,4.62521,0.28916,0.28916,1.0,0.28916,4.62521,0.0,0.0,0.0,0.60249,1.0,6,6,1,0.68023,0.89375,0.08018,0.89977,0.56001,0.05983,0.82,0.7,0.06,0.9,0.56,0.06,-5.4752,-1.35633,-0.11065,-66.1217,0.15518,64.30975,double_rcm_log_20260616_133526_303.csv,92.57437,Unknown,Task2_TargetRCM_EntryCone,0.0,4.6261234160347025,13.00496787920764,13.015572703458835,0.09192310358464124,0.25849862371310134,0.28618176042513105,0.48962866701676255,1.4854587037650158,42.746954043570724,1.5337697091935785,2.78963709823338
42.89154,0.01097,91.13288,Done,Target,161.1168,12.82531,4.51006,0.30748,0.30748,1.0,0.30748,4.51006,0.0,0.0,0.0,0.60249,1.0,6,6,1,0.68067,0.89409,0.07958,0.89975,0.56001,0.05982,0.82,0.7,0.06,0.9,0.56,0.06,-5.43289,-1.33153,-0.11241,-66.2711,0.1526,64.31606,double_rcm_log_20260616_133526_303.csv,91.13288,Unknown,Task2_TargetRCM_EntryCone,0.0,4.509300521847731,12.677242272381154,12.68706400700484,0.09892926056059295,0.2781836692657485,0.3082207001484248,0.49569809246198504,1.508729671643676,47.67146719664278,1.6426035016561884,2.852983041854334
42.92201,0.00943,106.0432,Done,Target,161.1111,12.57461,4.41819,0.32071,0.32071,1.0,0.32071,4.41819,0.0,0.0,0.0,0.60249,1.0,6,6,1,0.68102,0.89435,0.07911,0.89974,0.56001,0.05981,0.82,0.7,0.06,0.9,0.56,0.06,-5.399,-1.31283,-0.11206,-66.3905,0.15021,64.3216,double_rcm_log_20260616_133526_303.csv,106.0432,Unknown,Task2_TargetRCM_EntryCone,0.0,4.418457949246988,12.422363287378756,12.431603448434347,0.10359018458220873,0.2912809904278642,0.32218007387176695,0.4587676131092303,2.4643500749405174,56.397027935429804,1.7315377732951418,2.974158672936491
42.95321,0.01034,96.66521,Done,Target,161.1056,12.30628,4.31969,0.33427,0.33427,1.0,0.33427,4.31969,0.0,0.0,0.0,0.60249,1.0,6,6,1,0.6814,0.89464,0.0786,0.89973,0.56001,0.0598,0.82,0.7,0.06,0.9,0.56,0.06,-5.36287,-1.29363,-0.11061,-66.52015,0.15114,64.32778,double_rcm_log_20260616_133526_303.csv,96.66521,Unknown,Task2_TargetRCM_EntryCone,0.0,4.319391505338432,12.144374833541239,12.153007445707182,0.10825588661399231,0.30439094295634656,0.3361547262794241,0.35726506773840894,2.5275913942788435,80.8535118399772,1.8197416471024725,2.5182424291601695
42.98473,0.01024,97.65739,Done,Target,161.1001,12.02298,4.21566,0.3474,0.3474,1.0,0.3474,4.21566,0.0,0.0,0.0,0.60249,1.0,6,6,1,0.6818,0.89493,0.07806,0.89972,0.56001,0.0598,0.82,0.7,0.06,0.9,0.56,0.06,-5.32457,-1.27307,-0.10973,-66.6568,0.15136,64.33388,double_rcm_log_20260616_133526_303.csv,97.65739,Unknown,Task2_TargetRCM_EntryCone,0.0,4.214976562754712,11.851338776529497,11.859360494359134,0.11060569140732346,0.3109884984270043,0.34423828956121527,0.3641848677012915,2.829112191115123,35.7742818928744,1.888159693277619,2.486220053539293
43.01511,0.01035,96.63509,Done,Target,161.095,11.73937,4.11137,0.35976,0.35976,1.0,0.35976,4.11137,0.0,0.0,0.0,0.60249,1.0,6,6,1,0.6822,0.89523,0.07752,0.89971,0.56001,0.05979,0.82,0.7,0.06,0.9,0.56,0.06,-5.28583,-1.25148,-0.11053,-66.79221,0.14794,64.33921,double_rcm_log_20260616_133526_303.csv,96.63509,Unknown,Task2_TargetRCM_EntryCone,0.0,4.1108575729839485,11.559094105359538,11.566536048505364,0.11526355930379541,0.3240750150576671,0.35818989377145216,0.4666658591345371,0.02983679851045647,91.99083827073187,1.9705462529284694,2.568574924398854
43.04534,0.00924,108.2751,Done,Target,161.0902,11.446,4.0034,0.37173,0.37173,1.0,0.37173,4.0034,0.0,0.0,0.0,0.60249,1.0,6,6,1,0.68261,0.89553,0.07696,0.8997,0.56001,0.05978,0.82,0.7,0.06,0.9,0.56,0.06,-5.24602,-1.23018,-0.11011,-66.93506,0.14994,64.34503,double_rcm_log_20260616_133526_303.csv,108.2751,Unknown,Task2_TargetRCM_EntryCone,0.0,4.004108890459408,11.259428703126748,11.266305938028372,0.11992606691931049,0.3371737739595844,0.3721558813185389,0.3660369879774266,2.747423570947103,38.44473142883217,2.0423963083148577,2.309098965542304
43.07669,0.01111,90.01125,Done,Target,161.0851,11.13251,3.88791,0.38383,0.38383,1.0,0.38383,3.88791,0.0,0.0,0.0,0.60249,1.0,6,6,1,0.68306,0.89586,0.07636,0.89969,0.56001,0.05978,0.82,0.7,0.06,0.9,0.56,0.06,-5.20292,-1.20789,-0.10861,-67.08553,0.14623,64.35161,double_rcm_log_20260616_133526_303.csv,90.01125,Unknown,Task2_TargetRCM_EntryCone,0.0,3.8873912910824266,10.931733818799371,10.938027121314438,0.12228665533314127,0.3438000313241527,0.38026306683665495,0.3643698532915272,2.648214531542585,40.56065058621261,2.1114228426365407,2.3316751194072154
43.10711,0.01055,94.81577,Done,Target,161.0805,10.81869,3.77211,0.39513,0.39513,1.0,0.39513,3.77211,0.0,0.0,0.0,0.60249,1.0,6,6,1,0.6835,0.89618,0.07575,0.89968,0.56001,0.05977,0.82,0.7,0.06,0.9,0.56,0.06,-5.15998,-1.18509,-0.10848,-67.2389,0.14791,64.35744,double_rcm_log_20260616_133526_303.csv,94.81577,Unknown,Task2_TargetRCM_EntryCone,0.0,3.77234962401959,10.60869986275758,10.614450909967529,0.12694208537026708,0.35687748382539897,0.39420806688852933,0.4624888798627627,0.0010084156184087055,88.83051728655207,2.185211361743648,2.198794740265962
43.13785,0.0103,97.06134,Done,Target,161.076,10.49165,3.65125,0.40614,0.40614,1.0,0.40614,3.65125,0.0,0.0,0.0,0.60249,1.0,6,6,1,0.68397,0.89652,0.07512,0.89967,0.56001,0.05976,0.82,0.7,0.06,0.9,0.56,0.06,-5.11471,-1.16112,-0.10864,-67.39712,0.14509,64.36333,double_rcm_log_20260616_133526_303.csv,97.06134,Unknown,Task2_TargetRCM_EntryCone,0.0,3.6515716358243178,10.269512471265433,10.274728716631131,0.13160199726261104,0.3699667344713855,0.40816663263921066,0.36273149456186254,2.786470295565083,3.08261842814594,2.24358699192905,2.1333907311779754
43.16887,0.00916,109.1497,Done,Target,161.0715,10.15439,3.52631,0.41707,0.41707,1.0,0.41707,3.52631,0.0,0.0,0.0,0.60249,1.0,6,6,1,0.68445,0.89686,0.07446,0.89966,0.56001,0.05976,0.82,0.7,0.06,0.9,0.56,0.06,-5.0679,-1.13622,-0.10935,-67.56172,0.14399,64.36906,double_rcm_log_20260616_133526_303.csv,109.1497,Unknown,Task2_TargetRCM_EntryCone,0.0,3.526537981420849,9.918325606329148,9.92302424074121,0.13397152935630335,0.3766165158354254,0.41629316592997595,0.35560264165194794,0.14214158133428395,59.60108609949448,2.3166012384178103,2.278933832803721
43.2005,0.01091,91.63155,Done,Target,161.067,9.80161,3.39535,0.42784,0.42784,1.0,0.42784,3.39535,0.0,0.0,0.0,0.60249,1.0,6,6,1,0.68496,0.89722,0.07377,0.89965,0.56001,0.05975,0.82,0.7,0.06,0.9,0.56,0.06,-5.0189,-1.11095,-0.1091,-67.73569,0.14547,64.3753,double_rcm_log_20260616_133526_303.csv,91.63155,Unknown,Task2_TargetRCM_EntryCone,0.0,3.3958205350073922,9.551123979234378,9.555319323757734,0.13862500465803096,0.3896862643402148,0.4302324952860371,0.3584677507141513,2.569072598954313,42.21633737054464,2.3819920083515136,1.8907442023754926
43.23077,0.0095,105.2201,Done,Target,161.0631,9.45683,3.26711,0.43739,0.43739,1.0,0.43739,3.26711,0.0,0.0,0.0,0.60249,1.0,6,6,1,0.68546,0.89757,0.07308,0.89964,0.56001,0.05975,0.82,0.7,0.06,0.9,0.56,0.06,-4.97052,-1.08633,-0.1087,-67.90552,0.14446,64.38137,double_rcm_log_20260616_133526_303.csv,105.2201,Unknown,Task2_TargetRCM_EntryCone,0.0,3.266064846963213,9.186574880442448,9.190307510920546,0.14101252393156302,0.3963855931559127,0.4384062043356807,0.23054211314084017,2.7174106473328052,78.98352126157734,2.4322250488014054,1.7508077101820458
43.26189,0.01006,99.40821,Done,Target,161.0593,9.09603,3.1325,0.44687,0.44687,1.0,0.44687,3.1325,0.0,0.0,0.0,0.60249,1.0,6,6,1,0.68598,0.89793,0.07237,0.89964,0.56001,0.05974,0.82,0.7,0.06,0.9,0.56,0.06,-4.91955,-1.0605,-0.10851,-68.08394,0.14313,64.38754,double_rcm_log_20260616_133526_303.csv,99.40821,Unknown,Task2_TargetRCM_EntryCone,0.0,3.1341095080623087,8.81579754501717,8.819095844389414,0.14328279806334676,0.4027673502924024,0.44418464629027493,0.22732918789288525,2.424325091454518,82.8162477871681,2.4878034408368785,1.686756000139733
43.29298,0.01083,92.34187,Done,Target,161.0555,8.72987,2.99539,0.45618,0.45618,1.0,0.45618,2.99539,0.0,0.0,0.0,0.60249,1.0,6,6,1,0.68652,0.8983,0.07163,0.89963,0.56001,0.05974,0.82,0.7,0.06,0.9,0.56,0.06,-4.86744,-1.03444,-0.10815,-68.2664,0.14209,64.39378,double_rcm_log_20260616_133526_303.csv,92.34187,Unknown,Task2_TargetRCM_EntryCone,0.0,2.995582247345125,8.426503688658448,8.429383727446645,0.1456598900091965,0.4094367613422892,0.4523273151159274,0.3540516269270766,2.8732913408101686,77.46724872702117,2.5359298451208203,1.769532763866184
43.32478,0.01147,87.20914,Done,Target,161.0518,8.35049,2.8528,0.46513,0.46513,1.0,0.46513,2.8528,0.0,0.0,0.0,0.60249,1.0,6,6,1,0.68708,0.89868,0.07086,0.89962,0.56001,0.05973,0.82,0.7,0.06,0.9,0.56,0.06,-4.81283,-1.00795,-0.10681,-68.45586,0.13881,64.40054,double_rcm_log_20260616_133526_303.csv,87.20914,Unknown,Task2_TargetRCM_EntryCone,0.0,2.8531854162836496,8.026284120117976,8.028772699309059,0.15031179429221497,0.42249988620850176,0.4662617290750276,0.407119994373936,2.541907216393962,101.74807789546433,2.598148730579393,1.8447581750386464
43.36398,0.00975,102.6162,Done,Target,161.0478,7.87673,2.67386,0.4751,0.4751,1.0,0.4751,2.67386,0.0,0.0,0.0,0.60249,1.0,6,6,1,0.68778,0.89916,0.06989,0.89961,0.56001,0.05972,0.82,0.7,0.06,0.9,0.56,0.06,-4.74447,-0.9737,-0.10778,-68.69852,0.14355,64.40774,double_rcm_log_20260616_133526_303.csv,102.6162,Unknown,Task2_TargetRCM_EntryCone,0.0,2.6749649133370745,7.525309221445347,7.52736002421398,0.15496785440294472,0.43557389199151075,0.4802082881417164,0.1596290187373866,4.178803814318399,86.68408931928161,2.658920902757053,1.4888734435699713
43.39509,0.00934,107.1017,Done,Target,161.0447,7.49758,2.52964,0.48276,0.48276,1.0,0.48276,2.52964,0.0,0.0,0.0,0.60249,1.0,6,6,1,0.68836,0.89954,0.0691,0.89961,0.56001,0.05972,0.82,0.7,0.06,0.9,0.56,0.06,-4.68848,-0.94636,-0.1079,-68.89175,0.1398,64.41373,double_rcm_log_20260616_133526_303.csv,107.1017,Unknown,Task2_TargetRCM_EntryCone,0.0,2.5303862854104304,7.1188473637644085,7.120583310211225,0.15496785440294472,0.43557389199151075,0.4802082881417164,0.15528754851601434,2.6785623199783752,100.82682547098632,2.685458201370554,1.2655712902161633
43.42692,0.0102,98.01225,Done,Target,161.0416,7.10831,2.38072,0.49005,0.49005,1.0,0.49005,2.38072,0.0,0.0,0.0,0.60249,1.0,6,6,1,0.68895,0.89994,0.06827,0.8996,0.56001,0.05972,0.82,0.7,0.06,0.9,0.56,0.06,-4.63018,-0.91741,-0.10941,-69.09227,0.1355,64.41926,double_rcm_log_20260616_133526_303.csv,98.01225,Unknown,Task2_TargetRCM_EntryCone,0.0,2.3802052092299233,6.696587072840579,6.698031930784336,0.15735143937058377,0.44225993053169277,0.48836461788304253,0.3019815519954556,2.0918364484899006,55.30081635386391,2.736291874158874,1.8267557711560254
43.46817,0.01132,88.37488,Done,Target,161.038,6.60534,2.18642,0.4991,0.4991,1.0,0.4991,2.18642,0.0,0.0,0.0,0.60249,1.0,6,6,1,0.68973,0.90045,0.06719,0.89959,0.56001,0.05971,0.82,0.7,0.06,0.9,0.56,0.06,-4.55382,-0.88175,-0.10822,-69.35976,0.13722,64.42761,double_rcm_log_20260616_133526_303.csv,88.37488,Unknown,Task2_TargetRCM_EntryCone,0.0,2.186755778500579,6.152602865494867,6.153723309350701,0.16200208194684115,0.4553173027174297,0.5022947341949902,0.1692313084466718,1.7356261219068738,2.7196642444718546,2.798037754577612,1.1271896303515918
43.50838,0.01103,90.63403,Done,Target,161.035,6.11908,1.99616,0.50671,0.50671,1.0,0.50671,1.99616,0.0,0.0,0.0,0.60249,1.0,6,6,1,0.6905,0.90095,0.06611,0.89959,0.56001,0.05971,0.82,0.7,0.06,0.9,0.56,0.06,-4.47776,-0.84685,-0.1069,-69.62434,0.13696,64.43573,double_rcm_log_20260616_133526_303.csv,90.63403,Unknown,Task2_TargetRCM_EntryCone,0.0,1.9975900590162892,5.6205966828265534,5.621450794976911,0.16200208194684115,0.4553173027174297,0.5022947341949902,0.18706021543124507,1.7087979905967046,50.93990082568486,2.827602714803344,1.051363233603554
43.53881,0.00949,105.4296,Done,Target,161.0328,5.75658,1.85224,0.51206,0.51206,1.0,0.51206,1.85224,0.0,0.0,0.0,0.60249,1.0,6,6,1,0.6911,0.90133,0.06528,0.89958,0.56001,0.05971,0.82,0.7,0.06,0.9,0.56,0.06,-4.41906,-0.81899,-0.10814,-69.82528,0.13275,64.44091,double_rcm_log_20260616_133526_303.csv,105.4296,Unknown,Task2_TargetRCM_EntryCone,0.0,1.8524970171420818,5.21249786310333,5.213179060480213,0.1644004792687671,0.4620439539531028,0.5104899607239872,0.22954459849245265,2.7132756010638595,65.84158950326331,2.8615608297493007,1.2096610358173474
43.57003,0.01047,95.55557,Done,Target,161.0309,5.39282,1.70571,0.5168,0.5168,1.0,0.5168,1.70571,0.0,0.0,0.0,0.60249,1.0,6,6,1,0.69171,0.90172,0.06441,0.89958,0.56001,0.0597,0.82,0.7,0.06,0.9,0.56,0.06,-4.35841,-0.79128,-0.1081,-70.03587,0.13304,64.44666,double_rcm_log_20260616_133526_303.csv,95.55557,Unknown,Task2_TargetRCM_EntryCone,0.0,1.7071617890597641,4.80368434455803,4.8042174691747705,0.166656723437758,0.46838511439264874,0.5162363799655887,0.2257075160507099,2.510849923033344,90.2203201130659,2.896728254482412,0.917748130180513
43.60147,0.01099,91.0006,Done,Target,161.0291,5.03856,1.56022,0.52135,0.52135,1.0,0.52135,1.56022,0.0,0.0,0.0,0.60249,1.0,6,6,1,0.69234,0.90212,0.06353,0.89957,0.56001,0.0597,0.82,0.7,0.06,0.9,0.56,0.06,-4.29662,-0.76276,-0.10918,-70.24884,0.1316,64.45192,double_rcm_log_20260616_133526_303.csv,91.0006,Unknown,Task2_TargetRCM_EntryCone,0.0,1.5597654518371393,4.3890415754341285,4.389448193400971,0.1690459617265886,0.47508541742112037,0.5244044240851059,0.15564939635304142,3.667457998752529,61.15078198362357,2.91520945654471,0.7604678930382672
43.6316,0.01073,93.18776,Done,Target,161.0276,4.7148,1.42423,0.52504,0.52504,1.0,0.52504,1.42423,0.0,0.0,0.0,0.60249,1.0,6,6,1,0.69294,0.90249,0.06268,0.89957,0.56001,0.0597,0.82,0.7,0.06,0.9,0.56,0.06,-4.23705,-0.73649,-0.10861,-70.45466,0.13122,64.45753,double_rcm_log_20260616_133526_303.csv,93.18776,Unknown,Task2_TargetRCM_EntryCone,0.0,1.4245915688654454,4.008756368870142,4.00906617008738,0.1690459617265886,0.47508541742112037,0.5244044240851059,2.51214793389404e-12,2.5717399611018172,106.86865054941147,2.941880332540711,1.2169055458567493
43.66179,0.0095,105.2564,Done,Target,161.0264,4.40817,1.29165,0.5281,0.5281,1.0,0.5281,1.29165,0.0,0.0,0.0,0.60249,1.0,6,6,1,0.69355,0.90287,0.06182,0.89957,0.56001,0.0597,0.82,0.7,0.06,0.9,0.56,0.06,-4.17653,-0.70923,-0.10961,-70.66302,0.13029,64.46241,double_rcm_log_20260616_133526_303.csv,105.2564,Unknown,Task2_TargetRCM_EntryCone,0.0,1.2923912095084429,3.6368149910151706,3.6370463023771684,0.1690459617265886,0.47508541742112037,0.5244044240851059,0.21981690318879019,3.729380980930771,88.27711341895957,2.9779226634585303,0.7610207577637987
43.69328,0.01081,92.5135,Done,Target,161.0252,4.11586,1.1613,0.53107,0.53107,1.0,0.53107,1.1613,0.0,0.0,0.0,0.60249,1.0,6,6,1,0.69419,0.90325,0.06091,0.89956,0.56,0.0597,0.82,0.7,0.06,0.9,0.56,0.06,-4.11349,-0.6823,-0.10866,-70.88386,0.13512,64.4682,double_rcm_log_20260616_133526_303.csv,92.5135,Unknown,Task2_TargetRCM_EntryCone,0.0,1.1606473656029592,3.2661387407358906,3.266306280740215,0.17283354692052927,0.48574130500154533,0.5325410782277675,0.22059488500315896,3.6799696240323847,114.94649992303484,2.9818860363588544,0.9669015294440068
43.72368,0.01053,94.92661,Done,Target,161.0244,3.8667,1.04511,0.53337,0.53337,1.0,0.53337,1.0453,0.0,0.0,0.0,0.60249,1.0,6,6,1,0.69481,0.90363,0.06003,0.89956,0.56,0.0597,0.82,0.7,0.06,0.9,0.56,0.06,-4.05164,-0.65572,-0.10861,-71.09412,0.13109,64.47339,double_rcm_log_20260616_133526_303.csv,94.92661,Unknown,Task2_TargetRCM_EntryCone,0.0,1.0445504730507995,2.939472585098114,2.939594711077998,0.17283354692052927,0.48574130500154533,0.5325410782277675,0.0,3.6424708972635105,59.82527134691987,2.981288957150759,0.5577834712643466
43.75432,0.01037,96.38995,Done,Target,161.0237,3.65602,0.94295,0.53504,0.53504,1.0,0.53504,0.94274,0.0,0.0,0.0,0.60249,1.0,6,6,1,0.69544,0.904,0.05914,0.89956,0.56,0.0597,0.82,0.7,0.06,0.9,0.56,0.06,-3.98925,-0.63054,-0.10628,-71.30865,0.13073,64.47941,double_rcm_log_20260616_133526_303.csv,96.38995,Unknown,Task2_TargetRCM_EntryCone,0.0,0.9422500409188145,2.651615997822226,2.6517056415573705,0.17283354692052927,0.48574130500154533,0.5325410782277675,0.0,5.3369949279835365e-11,61.071775950289634,2.996828103473931,0.9179327222886257
43.78669,0.0102,98.08508,Done,Target,161.0232,3.48653,0.85638,0.53652,0.53652,1.0,0.53652,0.85638,0.0,0.0,0.0,0.60249,1.0,6,6,1,0.6961,0.90439,0.05819,0.89956,0.56,0.0597,0.82,0.7,0.06,0.9,0.56,0.06,-3.92267,-0.60081,-0.10954,-71.53478,0.12731,64.48332,double_rcm_log_20260616_133526_303.csv,98.08508,Unknown,Task2_TargetRCM_EntryCone,0.0,0.8567690039226661,2.411079900318011,2.4111472931910445,0.17283354692052927,0.48574130500154533,0.5325410782277675,3.552713678800501e-12,2.1079817663160922e-12,2.215128120215378e-09,3.0035817734190937,1.0577202417273035
43.81845,0.01128,88.63843,Done,Target,161.0229,3.38199,0.80089,0.5372,0.5372,1.0,0.5372,0.80089,0.0,0.0,0.0,0.60249,1.0,6,6,1,0.69675,0.90477,0.05725,0.89956,0.56,0.0597,0.82,0.7,0.06,0.9,0.56,0.06,-3.85737,-0.573,-0.11096,-71.75785,0.12607,64.48775,double_rcm_log_20260616_133526_303.csv,88.63843,Unknown,Task2_TargetRCM_EntryCone,0.0,0.8020207931655154,2.257020411761804,2.257075693332043,0.17283354692052927,0.48574130500154533,0.5325410782277675,0.0,9.000461036390207e-11,6.548913674386256e-10,3.029874106366806,0.9261609536627692
43.84853,0.00736,135.9226,Done,Target,161.0227,3.34536,0.7811,0.53769,0.53769,1.0,0.53769,0.7811,0.0,0.0,0.0,0.60249,1.0,6,6,1,0.69737,0.90513,0.05636,0.89956,0.56,0.0597,0.82,0.7,0.06,0.9,0.56,0.06,-3.79586,-0.54871,-0.10953,-71.97248,0.13164,64.49291,double_rcm_log_20260616_133526_303.csv,135.9226,Unknown,Task2_TargetRCM_EntryCone,0.0,0.7819129361234379,2.2004371030965397,2.200488330097013,0.17283354692052927,0.48574130500154533,0.5325410782277675,2.51214793389404e-12,2.772012416247963e-11,1.7750184583802483e-09,3.018420833564511,1.2943565605769223
43.87917,0.00785,127.4309,Done,Target,161.023,3.37223,0.79574,0.53728,0.53728,1.0,0.53728,0.79574,0.0,0.0,0.0,0.60249,1.0,6,6,1,0.698,0.90549,0.05546,0.89956,0.56,0.0597,0.82,0.7,0.06,0.9,0.56,0.06,-3.73229,-0.52307,-0.10961,-72.18591,0.12572,64.4975,double_rcm_log_20260616_133526_303.csv,127.4309,Unknown,Task2_TargetRCM_EntryCone,0.0,0.7959898082558001,2.240049309395113,2.240103353221113,0.17283354692052927,0.48574130500154533,0.5325410782277675,1.7798229048217483e-12,2.945365519212114e-11,9.970499824944797e-10,3.0005581293361265,0.3578609494491688
43.91048,0.01103,90.6646,Done,Target,161.0233,3.46509,0.8458,0.53658,0.53658,1.0,0.53658,0.8458,0.0,0.0,0.0,0.60249,1.0,6,6,1,0.69864,0.90585,0.05453,0.89956,0.56,0.0597,0.82,0.7,0.06,0.9,0.56,0.06,-3.66778,-0.49788,-0.10886,-72.40635,0.1257,64.50233,double_rcm_log_20260616_133526_303.csv,90.6646,Unknown,Task2_TargetRCM_EntryCone,0.0,0.8461624802928498,2.3812336933006106,2.3812986141461256,0.17283354692052927,0.48574130500154533,0.5325410782277675,1.7798229048217483e-12,4.0275109239765683e-11,5.835271697196572e-10,3.007523599413767,0.6668777780230069
43.94197,0.01144,87.39953,Done,Target,161.024,3.61971,0.92535,0.53489,0.53489,1.0,0.53489,0.92535,0.0,0.0,0.0,0.60249,1.0,6,6,1,0.69929,0.9062,0.05359,0.89956,0.56,0.0597,0.82,0.7,0.06,0.9,0.56,0.06,-3.60271,-0.47193,-0.10969,-72.62698,0.12372,64.50639,double_rcm_log_20260616_133526_303.csv,87.39953,Unknown,Task2_TargetRCM_EntryCone,0.0,0.9264076096732122,2.6070372234089154,2.6071224211427038,0.17283354692052927,0.48574130500154533,0.5325410782277675,1.7763568394002505e-12,2.7717304899192605e-11,1.0258971591930155e-09,3.004156279664176,0.45350373577368025
43.97197,0.01062,94.19963,Done,Target,161.0248,3.81695,1.02259,0.5332,0.5332,1.0,0.5332,1.0224,0.0,0.0,0.0,0.60249,1.0,6,6,1,0.6999,0.90654,0.0527,0.89956,0.56,0.0597,0.82,0.7,0.06,0.9,0.56,0.06,-3.54104,-0.44718,-0.11133,-72.83766,0.12456,64.50977,double_rcm_log_20260616_133526_303.csv,94.19963,Unknown,Task2_TargetRCM_EntryCone,0.0,1.023184213631407,2.8793521895614207,2.8794669736346763,0.17283354692052927,0.48574130500154533,0.5325410782277675,0.0,2.999549926180043e-11,38.545326919914444,2.9956926129849317,0.968348846114904
44.00277,0.01037,96.44437,Done,Target,161.0257,4.06144,1.13729,0.53088,0.53088,1.0,0.53088,1.13729,0.0,0.0,0.0,0.60249,1.0,6,6,1,0.70053,0.90688,0.05179,0.89956,0.56,0.0597,0.82,0.7,0.06,0.9,0.56,0.06,-3.47779,-0.42499,-0.10794,-73.05256,0.12366,64.51523,double_rcm_log_20260616_133526_303.csv,96.44437,Unknown,Task2_TargetRCM_EntryCone,0.0,1.1375953251303845,3.2012773792422107,3.201435133644991,0.17283354692052927,0.48574130500154533,0.5325410782277675,0.0,2.4060507000883598,44.110745476958755,2.979313057337169,0.7170095254742027
44.03436,0.01121,89.18815,Done,Target,161.027,4.34846,1.26641,0.52796,0.52796,1.0,0.52796,1.26641,0.0,0.0,0.0,0.60249,1.0,6,6,1,0.70117,0.90722,0.05086,0.89956,0.56,0.0597,0.82,0.7,0.06,0.9,0.56,0.06,-3.41321,-0.40084,-0.10776,-73.27205,0.12358,64.51928,double_rcm_log_20260616_133526_303.csv,89.18815,Unknown,Task2_TargetRCM_EntryCone,0.0,1.2663486999899276,3.563542898881496,3.5637605071823675,0.17283354692052927,0.48574130500154533,0.5325410782277675,0.15396381705875253,2.697648012707168,55.331130989892976,2.959992521042728,0.9464304835657422
44.0747,0.0111,90.06738,Done,Target,161.0289,4.75607,1.44293,0.52333,0.52333,1.0,0.52333,1.44293,0.0,0.0,0.0,0.60249,1.0,6,6,1,0.70198,0.90765,0.04968,0.89957,0.56,0.05971,0.82,0.7,0.06,0.9,0.56,0.06,-3.33091,-0.36919,-0.10997,-73.54908,0.12024,64.52319,double_rcm_log_20260616_133526_303.csv,90.06738,Unknown,Task2_TargetRCM_EntryCone,0.0,1.4429479442883488,4.060399786973441,4.060721718542762,0.16820349169762702,0.4727432218934331,0.5186520991956312,0.15068467296912427,2.860223327030133,14.176652009910805,2.955498683554902,0.7416014464243734
44.10511,0.01017,98.34338,Done,Target,161.0305,5.08615,1.58128,0.51939,0.51939,1.0,0.51939,1.58115,0.0,0.0,0.0,0.60249,1.0,6,6,1,0.70258,0.90796,0.04879,0.89957,0.56,0.05971,0.82,0.7,0.06,0.9,0.56,0.06,-3.26998,-0.34663,-0.11071,-73.76014,0.12683,64.5263,double_rcm_log_20260616_133526_303.csv,98.34338,Unknown,Task2_TargetRCM_EntryCone,0.0,1.5811007100455265,4.449061961776886,4.4494854942568836,0.16820349169762702,0.4727432218934331,0.5186520991956312,1.7798229048217483e-12,1.0542966608107533,114.43302328405994,2.919699753305611,1.9973995403610616
44.13634,0.01056,94.72896,Done,Target,161.0325,5.43992,1.72612,0.51476,0.51476,1.0,0.51476,1.72612,0.0,0.0,0.0,0.60249,1.0,6,6,1,0.7032,0.90828,0.04788,0.89957,0.56,0.05971,0.82,0.7,0.06,0.9,0.56,0.06,-3.20693,-0.32383,-0.1111,-73.96944,0.12067,64.52956,double_rcm_log_20260616_133526_303.csv,94.72896,Unknown,Task2_TargetRCM_EntryCone,0.0,1.7264677689981323,4.85799198027875,4.858543396540227,0.16820349169762702,0.4727432218934331,0.5186520991956312,0.2256598088020433,4.169673771303656,19.381514615417984,2.872158899436882,1.0548456780441056
44.16764,0.01118,89.45403,Done,Target,161.0348,5.80618,1.87336,0.5095,0.5095,1.0,0.5095,1.87336,0.0,0.0,0.0,0.60249,1.0,6,6,1,0.70381,0.90859,0.04698,0.89958,0.56,0.05972,0.82,0.7,0.06,0.9,0.56,0.06,-3.14451,-0.30133,-0.11193,-74.17922,0.11873,64.53246,double_rcm_log_20260616_133526_303.csv,89.45403,Unknown,Task2_TargetRCM_EntryCone,0.0,1.8742193233945457,5.273597729715947,5.274303171173322,0.1635786990338023,0.4597591342631963,0.5047771785649361,0.260301372381477,0.1743273804357004,77.87561342353874,2.8580379304721673,1.0515167960067293
44.21018,0.01289,77.55649,Done,Target,161.0378,6.31545,2.07462,0.50193,0.50193,1.0,0.50193,2.07462,0.0,0.0,0.0,0.60249,1.0,6,6,1,0.70463,0.909,0.04577,0.89958,0.56,0.05972,0.82,0.7,0.06,0.9,0.56,0.06,-3.06089,-0.27277,-0.11111,-74.4618,0.1187,64.53693,double_rcm_log_20260616_133526_303.csv,77.55649,Unknown,Task2_TargetRCM_EntryCone,0.0,2.0748128754074653,5.83778443734272,5.838741477142235,0.1635786990338023,0.4597591342631963,0.5047771785649361,0.17881774070280812,1.0958064312683455,9.824524596923274,2.8121454753960817,1.161921548238136
44.25069,0.01092,91.59283,Done,Target,161.0414,6.80777,2.26615,0.4934,0.4934,1.0,0.4934,2.26615,0.0,0.0,0.0,0.60249,1.0,6,6,1,0.70539,0.90937,0.04463,0.89959,0.56,0.05973,0.82,0.7,0.06,0.9,0.56,0.06,-2.98223,-0.24611,-0.11094,-74.72524,0.11585,64.54062,double_rcm_log_20260616_133526_303.csv,91.59283,Unknown,Task2_TargetRCM_EntryCone,0.0,2.266843054427281,6.377818972664729,6.37906707633371,0.15895960260579756,0.446790262272522,0.4909175083453607,0.2753265728738394,0.6162283594768343,22.54082084240811,2.7631694514642375,1.3213851544426398
44.29153,0.01113,89.88088,Done,Target,161.0451,7.30691,2.45814,0.48444,0.48444,1.0,0.48444,2.45814,0.0,0.0,0.0,0.60249,1.0,6,6,1,0.70615,0.90974,0.0435,0.8996,0.56,0.05973,0.82,0.7,0.06,0.9,0.56,0.06,-2.90434,-0.22044,-0.11037,-74.98698,0.11478,64.54421,double_rcm_log_20260616_133526_303.csv,89.88088,Unknown,Task2_TargetRCM_EntryCone,0.0,2.4580355934016658,6.915426700155659,6.917017968174645,0.15650473175502838,0.43990383564527996,0.48259714048060137,0.2048593380004551,0.7566286148241504,62.25811637815968,2.7080959828038877,1.2654019833383376
44.32366,0.01006,99.42978,Done,Target,161.0482,7.69951,2.6079,0.47657,0.47657,1.0,0.47657,2.6079,0.0,0.0,0.0,0.60249,1.0,6,6,1,0.70674,0.91002,0.04263,0.8996,0.56,0.05974,0.82,0.7,0.06,0.9,0.56,0.06,-2.84376,-0.19959,-0.1121,-75.18801,0.11073,64.54594,double_rcm_log_20260616_133526_303.csv,99.42978,Unknown,Task2_TargetRCM_EntryCone,0.0,2.608104171373551,7.337345734984745,7.339246582796573,0.15434668742452945,0.4338379704629689,0.47707441767511666,0.21842970553687416,3.1182880705414777,13.140108571449137,2.671063292586155,1.4572496803515325
44.35629,0.01053,95.0074,Done,Target,161.0517,8.09561,2.75797,0.46824,0.46824,1.0,0.46824,2.75797,0.0,0.0,0.0,0.60249,1.0,6,6,1,0.70732,0.91029,0.04175,0.89961,0.56,0.05974,0.82,0.7,0.06,0.9,0.56,0.06,-2.78377,-0.18052,-0.11156,-75.39115,0.11281,64.54843,double_rcm_log_20260616_133526_303.csv,95.0074,Unknown,Task2_TargetRCM_EntryCone,0.0,2.7577964065787115,7.758156535304948,7.760403791097165,0.15188052527941903,0.42691919610154794,0.4687216658103178,0.3496922716199553,0.06877036408416266,87.8506261075195,2.633446409576528,1.4576430497327801
44.388,0.00952,105.0219,Done,Target,161.0554,8.47797,2.90192,0.45958,0.45958,1.0,0.45958,2.90192,0.0,0.0,0.0,0.60249,1.0,6,6,1,0.70788,0.91055,0.04092,0.89962,0.56,0.05975,0.82,0.7,0.06,0.9,0.56,0.06,-2.72628,-0.16304,-0.11014,-75.58447,0.11302,64.55105,double_rcm_log_20260616_133526_303.csv,105.0219,Unknown,Task2_TargetRCM_EntryCone,0.0,2.901546874478069,8.162214190051689,8.164831456576955,0.14726243174796014,0.41395094469684646,0.45486261662180577,0.22807690522958649,2.5573693157521693,29.229030224156105,2.580308210049272,1.8415839547977784
44.42119,0.01015,98.51976,Done,Target,161.0592,8.87222,3.04999,0.45009,0.45009,1.0,0.45009,3.04999,0.0,0.0,0.0,0.60249,1.0,6,6,1,0.70845,0.91081,0.04006,0.89962,0.56,0.05975,0.82,0.7,0.06,0.9,0.56,0.06,-2.66743,-0.14335,-0.11236,-75.78252,0.11397,64.55201,double_rcm_log_20260616_133526_303.csv,98.51976,Unknown,Task2_TargetRCM_EntryCone,0.0,3.0494200890488457,8.577806536016539,8.580844647263463,0.14726243174796014,0.41395094469684646,0.45486261662180577,0.21459742187018177,2.2255445763494546,75.08714892935424,2.519221136135214,1.9288879294418513
44.45422,0.01117,89.51952,Done,Target,161.0634,9.25907,3.19451,0.43998,0.43998,1.0,0.43998,3.19451,0.0,0.0,0.0,0.60249,1.0,6,6,1,0.70901,0.91106,0.03922,0.89963,0.56,0.05976,0.82,0.7,0.06,0.9,0.56,0.06,-2.60994,-0.12562,-0.11237,-75.97441,0.11272,64.55373,double_rcm_log_20260616_133526_303.csv,89.51952,Unknown,Task2_TargetRCM_EntryCone,0.0,3.1951499378427304,8.987319142965852,8.990813908995666,0.14265101628504012,0.4010006713978559,0.4410215414239818,0.3416289774621325,2.4367796200632967,55.56354108817504,2.456122640489956,1.8123849922231474
44.48629,0.01097,91.13529,Done,Target,161.0677,9.62815,3.33202,0.42963,0.42963,1.0,0.42963,3.33202,0.0,0.0,0.0,0.60249,1.0,6,6,1,0.70953,0.91129,0.03843,0.89964,0.56,0.05976,0.82,0.7,0.06,0.9,0.56,0.06,-2.55532,-0.10769,-0.11475,-76.15621,0.11115,64.5542,double_rcm_log_20260616_133526_303.csv,91.13529,Unknown,Task2_TargetRCM_EntryCone,0.0,3.330769477166156,9.368368791067198,9.37232765693109,0.14018450092084309,0.3940792579399091,0.43266615305569955,0.3527559945313227,2.6305344578389187,49.47043016655776,2.402287220444755,1.91141047535997
44.51783,0.01061,94.21568,Done,Target,161.0719,9.98374,3.46413,0.41926,0.41926,1.0,0.41926,3.46413,0.0,0.0,0.0,0.60249,1.0,6,6,1,0.71004,0.91151,0.03766,0.89965,0.56,0.05977,0.82,0.7,0.06,0.9,0.56,0.06,-2.5031,-0.09317,-0.11277,-76.33173,0.11207,64.55629,double_rcm_log_20260616_133526_303.csv,94.21568,Unknown,Task2_TargetRCM_EntryCone,0.0,3.464563989921502,9.744239245478031,9.74869452854329,0.13556744847378213,0.3811117340704608,0.4188078318274996,0.4439732972633624,1.9781610486075616,54.34241930945407,2.3358198467216735,3.1268079738090417
44.55001,0.01098,91.06373,Done,Target,161.0766,10.33845,3.59565,0.40795,0.40795,1.0,0.40795,3.59559,0.0,0.0,0.0,0.60249,1.0,6,6,1,0.71054,0.91173,0.03691,0.89966,0.56,0.05978,0.82,0.7,0.06,0.9,0.56,0.06,-2.45092,-0.07625,-0.11551,-76.50395,0.1089,64.55624,double_rcm_log_20260616_133526_303.csv,91.06373,Unknown,Task2_TargetRCM_EntryCone,0.0,3.5953931332831193,10.111727687022007,10.116706904062406,0.1309576621890846,0.3681638431250727,0.4049691346263365,0.4129098763058483,0.9160335885536239,64.52060077401802,2.2338482456519735,2.490836619434192
44.66021,0.08148,12.27269,Done,Target,161.0933,11.4757,4.01537,0.36667,0.36667,1.0,0.36667,4.01537,0.0,0.0,0.0,0.60249,1.0,6,6,1,0.71213,0.91239,0.03449,0.89969,0.56,0.0598,0.82,0.7,0.06,0.9,0.56,0.06,-2.27901,-0.02876,-0.11263,-77.01947,0.02341,64.5602,double_rcm_log_20260616_133526_303.csv,12.27269,Unknown,Task2_TargetRCM_EntryCone,0.0,4.014723004878886,11.289226461837853,11.29615852124751,0.11926667466062017,0.3353276239510088,0.36891733491396095,0.3679481743125394,3.759122825135039,49.27500610109003,2.416086196939078,4.756791982237267
44.69711,0.00701,142.6364,Done,Target,161.0996,11.83713,4.14832,0.35209,0.35209,1.0,0.35209,4.14832,0.0,0.0,0.0,0.60249,1.0,6,6,1,0.71263,0.91259,0.03372,0.8997,0.56,0.05981,0.82,0.7,0.06,0.9,0.56,0.06,-2.23327,-0.01316,-0.11803,-77.23336,0.1134,64.55788,double_rcm_log_20260616_133526_303.csv,142.6364,Unknown,Task2_TargetRCM_EntryCone,0.0,4.148285686679699,11.664153034576062,11.67180005896015,0.11466758425745038,0.32240681420549056,0.35510561809126384,0.5408582690276579,2.970531473766455,100.83865223127903,2.1723696853097407,13.082834175071616
44.72948,0.01021,97.92051,Done,Target,161.105,12.1343,4.25745,0.33873,0.33873,1.0,0.33873,4.25745,0.0,0.0,0.0,0.60249,1.0,6,6,1,0.71304,0.91276,0.03309,0.89972,0.56,0.05982,0.82,0.7,0.06,0.9,0.56,0.06,-2.18996,-0.00124,-0.11829,-77.37467,0.10908,64.55785,double_rcm_log_20260616_133526_303.csv,97.92051,Unknown,Task2_TargetRCM_EntryCone,0.0,4.257357986581509,11.970285224980916,11.97855130166721,0.10757812455286843,0.3024922122329163,0.3328663395419133,0.48774580886248015,3.113940661750283,95.88818312007258,1.8403951125428577,9.024458387503627
44.76235,0.01076,92.91589,Done,Target,161.1108,12.42486,4.36417,0.32469,0.32469,1.0,0.32469,4.36417,0.0,0.0,0.0,0.60249,1.0,6,6,1,0.71345,0.91292,0.03247,0.89973,0.56,0.05982,0.82,0.7,0.06,0.9,0.56,0.06,-2.14783,0.00962,-0.11752,-77.51371,0.10727,64.55811,double_rcm_log_20260616_133526_303.csv,92.91589,Unknown,Task2_TargetRCM_EntryCone,0.0,4.364289649899724,12.270367206864519,12.279271757238778,0.10510932806538811,0.2955594434549162,0.32449961479175254,0.3420435689529046,3.3116183354202553,78.97285520702418,1.7702940240276737,2.4457525595864884
44.79496,0.01033,96.82108,Done,Target,161.1167,12.70018,4.46506,0.31057,0.31057,1.0,0.31057,4.46506,0.0,0.0,0.0,0.60249,1.0,6,6,1,0.71383,0.91307,0.03189,0.89974,0.56,0.05983,0.82,0.7,0.06,0.9,0.56,0.06,-2.1081,0.0205,-0.11819,-77.64573,0.10706,64.55757,double_rcm_log_20260616_133526_303.csv,96.82108,Unknown,Task2_TargetRCM_EntryCone,0.0,4.4654116337979595,12.554106202485912,12.563644006889403,0.10049576039922509,0.28259511673066257,0.31064449134021127,0.4402774791074915,2.4588676075221834,80.73260667308043,1.684875284297306,2.827089739540819
44.82662,0.01184,84.48058,Done,Target,161.1225,12.95343,4.55784,0.29642,0.29642,1.0,0.29642,4.55784,0.0,0.0,0.0,0.60249,1.0,6,6,1,0.71418,0.9132,0.03136,0.89975,0.56,0.05984,0.82,0.7,0.06,0.9,0.56,0.06,-2.07157,0.03012,-0.11838,-77.76715,0.10702,64.55706,double_rcm_log_20260616_133526_303.csv,84.48058,Unknown,Task2_TargetRCM_EntryCone,0.0,4.557924150872528,12.813653594605846,12.82379640464598,0.09589211707810971,0.2696579029351344,0.2968164415930936,0.44697050964379353,2.2576942262322865,85.7645512168788,1.589188436117006,3.0868418885277795
44.85824,0.01131,88.44327,Done,Target,161.1284,13.19281,4.64558,0.28207,0.28207,1.0,0.28207,4.64558,0.0,0.0,0.0,0.60249,1.0,6,6,1,0.7145,0.91332,0.03085,0.89976,0.56,0.05985,0.82,0.7,0.06,0.9,0.56,0.06,-2.03689,0.03914,-0.11856,-77.8808,0.10468,64.5564,double_rcm_log_20260616_133526_303.csv,88.44327,Unknown,Task2_TargetRCM_EntryCone,0.0,4.64586679743607,13.060349079385649,13.071090224384607,0.09129985466592909,0.25675190059967123,0.283019433961712,0.5487100865541809,3.4233229167519736,76.62060053743652,1.4930214732232203,2.723613822933746
44.89161,0.01249,80.06136,Done,Target,161.1349,13.43097,4.73272,0.2667,0.2667,1.0,0.2667,4.73272,0.0,0.0,0.0,0.60249,1.0,6,6,1,0.71483,0.91345,0.03035,0.89978,0.56,0.05986,0.82,0.7,0.06,0.9,0.56,0.06,-2.00236,0.04762,-0.11807,-77.99336,0.10154,64.55585,double_rcm_log_20260616_133526_303.csv,80.06136,Unknown,Task2_TargetRCM_EntryCone,0.0,4.7327644966576505,13.304083072296747,13.315438101664265,0.08420881553128065,0.23682515458910786,0.26076809620810487,0.4796424535405192,3.2858039465637465,109.80761207915599,1.414391922090736,2.71299408218997
44.922,0.01071,93.33382,Done,Target,161.1407,13.6348,4.80726,0.25238,0.25238,1.0,0.25238,4.80726,0.0,0.0,0.0,0.60249,1.0,6,6,1,0.71511,0.91355,0.02992,0.89979,0.56,0.05986,0.82,0.7,0.06,0.9,0.56,0.06,-1.97327,0.05559,-0.11933,-78.09212,0.10485,64.5544,double_rcm_log_20260616_133526_303.csv,93.33382,Unknown,Task2_TargetRCM_EntryCone,0.0,4.8063708134602114,13.51051297015777,13.522405920176846,0.08173663347212537,0.22987956713163987,0.2523885892825161,0.3501293772453906,3.51795938736862,105.95882037486544,1.3350532915220157,2.9806407223681233
44.95473,0.01103,90.69211,Done,Target,161.1472,13.83817,4.8817,0.23664,0.23664,1.0,0.23664,4.8817,0.0,0.0,0.0,0.60249,1.0,6,6,1,0.71539,0.91365,0.02949,0.8998,0.56,0.05987,0.82,0.7,0.06,0.9,0.56,0.06,-1.9441,0.06221,-0.11832,-78.19011,0.10655,64.55373,double_rcm_log_20260616_133526_303.csv,90.69211,Unknown,Task2_TargetRCM_EntryCone,0.0,4.881268069115089,13.720540433664425,13.732997900773377,0.07712596316478366,0.21691898523143896,0.23853720883751178,0.43546217396044795,3.378273914629804,84.31371483975495,1.2260704989440885,3.3707165449192296
44.98696,0.01088,91.93809,Done,Target,161.1537,14.02301,4.9493,0.22107,0.22107,1.0,0.22107,4.9493,0.0,0.0,0.0,0.60249,1.0,6,6,1,0.71564,0.91374,0.0291,0.89981,0.56,0.05988,0.82,0.7,0.06,0.9,0.56,0.06,-1.91759,0.06864,-0.11831,-78.27874,0.10761,64.55249,double_rcm_log_20260616_133526_303.csv,91.93809,Unknown,Task2_TargetRCM_EntryCone,0.0,4.949010069323042,13.910482891721713,13.923466077702862,0.07252848812286773,0.2039947208970222,0.22472205054245958,0.5587142937158016,2.474916970643413,81.08059113693072,1.11917062020487,3.331145829888211
45.01924,0.011,90.8982,Done,Target,161.1602,14.1928,5.01141,0.20503,0.20503,1.0,0.20503,5.01141,0.0,0.0,0.0,0.60249,1.0,6,6,1,0.71588,0.91382,0.02874,0.89983,0.56,0.05989,0.82,0.7,0.06,0.9,0.56,0.06,-1.89302,0.0747,-0.11864,-78.35892,0.10586,64.55096,double_rcm_log_20260616_133526_303.csv,90.8982,Unknown,Task2_TargetRCM_EntryCone,0.0,5.011485258077604,14.085640455394294,14.099121405202444,0.0654446482003344,0.18408192156253153,0.20248456731316825,0.563277168879105,2.382216536268688,35.370417955671535,1.0142921131476152,3.1217241012794026
45.05055,0.01072,93.30581,Done,Target,161.1666,14.34081,5.06558,0.18966,0.18966,1.0,0.18966,5.06558,0.0,0.0,0.0,0.60249,1.0,6,6,1,0.71608,0.9139,0.02843,0.89984,0.56,0.0599,0.82,0.7,0.06,0.9,0.56,0.06,-1.87175,0.08058,-0.1202,-78.42964,0.10632,64.54879,double_rcm_log_20260616_133526_303.csv,93.30581,Unknown,Task2_TargetRCM_EntryCone,0.0,5.065734822023881,14.237722800026877,14.251646156914271,0.06085160847862833,0.1711679337331468,0.18867962264117147,0.45004023584735664,0.006737332732787073,86.46123115827133,0.9235934072321016,3.1789270186441905
45.08209,0.01049,95.31676,Done,Target,161.1731,14.47441,5.11451,0.17389,0.17389,1.0,0.17389,5.11451,0.0,0.0,0.0,0.60249,1.0,6,6,1,0.71626,0.91396,0.02815,0.89985,0.56,0.05991,0.82,0.7,0.06,0.9,0.56,0.06,-1.85273,0.08523,-0.12067,-78.4947,0.10944,64.54693,double_rcm_log_20260616_133526_303.csv,95.31676,Unknown,Task2_TargetRCM_EntryCone,0.0,5.1145004161667345,14.374420583074764,14.388749789835321,0.05627819662617814,0.15830836510284474,0.17492855684534475,0.5654834215218577,3.455923966280449,39.42993534152158,0.8161941340232906,3.496740978492338
45.1141,0.00916,109.1245,Done,Target,161.1799,14.59319,5.15799,0.15738,0.15738,1.0,0.15738,5.15799,0.0,0.0,0.0,0.60249,1.0,6,6,1,0.71643,0.91401,0.0279,0.89987,0.56,0.05992,0.82,0.7,0.06,0.9,0.56,0.06,-1.83557,0.08929,-0.12099,-78.55088,0.10865,64.54497,double_rcm_log_20260616_133526_303.csv,109.1245,Unknown,Task2_TargetRCM_EntryCone,0.0,5.157992702200826,14.496327655816918,14.511025409674609,0.0491790993613273,0.13834738884422942,0.15264337522479923,0.4933623292822831,2.465375654397349,83.89125446404121,0.7025120550661063,3.418080526516114
45.14651,0.0101,98.99692,Done,Target,161.1868,14.69638,5.19584,0.14082,0.14082,1.0,0.14082,5.19584,0.0,0.0,0.0,0.60249,1.0,6,6,1,0.71657,0.91406,0.02768,0.89988,0.56,0.05992,0.82,0.7,0.06,0.9,0.56,0.06,-1.82075,0.09276,-0.12137,-78.60039,0.10947,64.54282,double_rcm_log_20260616_133526_303.csv,98.99692,Unknown,Task2_TargetRCM_EntryCone,0.0,5.1951505829030715,14.600473039343278,14.615490622294347,0.04669373010476593,0.1313597526466318,0.14422205101856525,0.494767126772426,2.3958594275732916,83.44625812840498,0.5964085886598611,3.422700412046227
45.17842,0.00966,103.5546,Done,Target,161.1936,14.7805,5.22671,0.12434,0.12434,1.0,0.12434,5.22667,0.0,0.0,0.0,0.60249,1.0,6,6,1,0.71669,0.91409,0.0275,0.8999,0.56,0.05993,0.82,0.7,0.06,0.9,0.56,0.06,-1.80867,0.09523,-0.12121,-78.64075,0.11016,64.54079,double_rcm_log_20260616_133526_303.csv,103.5546,Unknown,Task2_TargetRCM_EntryCone,0.0,5.226194111245439,14.687476528922561,14.702764841459576,0.039641754953437996,0.11152785095419779,0.12206555615732836,0.5606843426082411,3.3942839018307533,35.22828867427747,0.4830476949038771,3.4964309166055427
45.21128,0.01149,87.03691,Done,Target,161.2007,14.84844,5.25173,0.10735,0.10735,1.0,0.10735,5.25173,0.0,0.0,0.0,0.60249,1.0,6,6,1,0.71678,0.91412,0.02736,0.89991,0.56,0.05994,0.82,0.7,0.06,0.9,0.56,0.06,-1.79885,0.09763,-0.12198,-78.67323,0.11038,64.53818,double_rcm_log_20260616_133526_303.csv,87.03691,Unknown,Task2_TargetRCM_EntryCone,0.0,5.250900801666112,14.756717133378977,14.772223221384966,0.03501706742870504,0.09851981448499295,0.10816653826394702,0.43651926503030736,0.12567449907784933,83.14223575081354,0.37172443507236086,3.437117861175813
45.24324,0.01052,95.06827,Done,Target,161.2075,14.89682,5.26961,0.09071,0.09071,1.0,0.09071,5.26961,0.0,0.0,0.0,0.60249,1.0,6,6,1,0.71685,0.91414,0.02726,0.89992,0.56,0.05995,0.82,0.7,0.06,0.9,0.56,0.06,-1.79196,0.09937,-0.12286,-78.69712,0.11233,64.53542,double_rcm_log_20260616_133526_303.csv,95.06827,Unknown,Task2_TargetRCM_EntryCone,0.0,5.269061285341422,14.807610216741962,14.823277690397735,0.030418321537698117,0.08558396686653155,0.09433981132053683,0.5612613343315449,2.489903014205138,1.31533140539111,0.2651570257971705,3.4635852310675843
45.27542,0.01117,89.49483,Done,Target,161.2145,14.92695,5.28101,0.07395,0.07395,1.0,0.07395,5.28098,0.0,0.0,0.0,0.60249,1.0,6,6,1,0.7169,0.91415,0.02719,0.89994,0.56,0.05996,0.82,0.7,0.06,0.9,0.56,0.06,-1.78767,0.10083,-0.1244,-78.71245,0.11436,64.53224,double_rcm_log_20260616_133526_303.csv,89.49483,Unknown,Task2_TargetRCM_EntryCone,0.0,5.281315069778059,14.84194947912659,14.857726477678963,0.02334255795278483,0.06567987632335548,0.07211102550932881,0.562335034830116,0.016135569546750012,38.77757248247331,0.15893901251502032,3.5212566243035663
45.30716,0.01089,91.78823,Done,Target,161.2214,14.93851,5.28554,0.05731,0.05731,1.0,0.05731,5.28554,0.0,0.0,0.0,0.60249,1.0,6,6,1,0.71691,0.91415,0.02717,0.89995,0.56,0.05997,0.82,0.7,0.06,0.9,0.56,0.06,-1.78621,0.10066,-0.1243,-78.71986,0.11845,64.52967,double_rcm_log_20260616_133526_303.csv,91.78823,Unknown,Task2_TargetRCM_EntryCone,0.0,5.285123866466814,14.85262288176042,14.868434027147643,0.01875363122138632,0.05276945503428225,0.05830951894844587,0.5620833309009553,0.04149927288622867,37.87364522013273,0.07308975292234927,3.545104842579322
45.33936,0.0108,92.59077,Done,Target,161.2285,14.93177,5.2835,0.04035,0.04035,1.0,0.04035,5.2835,0.0,0.0,0.0,0.60249,1.0,6,6,1,0.71691,0.91414,0.02718,0.89997,0.56,0.05998,0.82,0.7,0.06,0.9,0.56,0.06,-1.78733,0.10004,-0.12457,-78.71847,0.12226,64.52676,double_rcm_log_20260616_133526_303.csv,92.59077,Unknown,Task2_TargetRCM_EntryCone,0.0,5.283657651386782,14.848514110515502,14.864312105086704,0.011670202009670267,0.032839938161637466,0.03605551275461822,0.5599150508871377,2.450712909031064,1.667644058471841,0.10504296378143782,3.5279578868742956
45.37155,0.01045,95.66186,Done,Target,161.2353,14.90619,5.27452,0.02374,0.02374,1.0,0.02374,5.27452,0.0,0.0,0.0,0.60249,1.0,6,6,1,0.71688,0.91412,0.02723,0.89998,0.56,0.05999,0.82,0.7,0.06,0.9,0.56,0.06,-1.79132,0.09841,-0.12428,-78.70899,0.12809,64.524,double_rcm_log_20260616_133526_303.csv,95.66186,Unknown,Task2_TargetRCM_EntryCone,0.0,5.275647344517397,14.826066673857495,14.841792950824312,0.007120758437718775,0.020038424627182798,0.02236067977501405,0.4373806835713386,0.13875069635759282,82.44289747927546,0.20886398821222005,3.5078334202516253
45.40403,0.01109,90.2089,Done,Target,161.2423,14.86087,5.25852,0.00688,0.00688,1.0,0.00688,5.25852,0.0,0.0,0.0,0.60249,1.0,6,6,1,0.71682,0.91409,0.02733,0.89999,0.56,0.06,0.82,0.7,0.06,0.9,0.56,0.06,-1.79821,0.09608,-0.12407,-78.691,0.1356,64.52102,double_rcm_log_20260616_133526_303.csv,90.2089,Unknown,Task2_TargetRCM_EntryCone,0.0,5.259194794327151,14.7799604683704,14.795540123963164,0.0030852522116496355,0.008682431421294587,0.010000000000065512,0.5534271177158449,3.361400636657325,33.62602254891213,0.32087991700757174,3.5074972976722165
45.43664,0.0103,97.08537,Done,Target,161.2494,14.79592,5.23529,0.01009,0.01009,1.0,0.01009,5.23529,0.0,0.0,0.0,0.60249,1.0,6,6,1,0.71674,0.91405,0.02747,0.90001,0.56,0.06001,0.82,0.7,0.06,0.9,0.56,0.06,-1.80819,0.09268,-0.12332,-78.66501,0.14636,64.51811,double_rcm_log_20260616_133526_303.csv,97.08537,Unknown,Task2_TargetRCM_EntryCone,0.0,5.235573158792527,14.713761671652835,14.729132413543475,0.004705636170464788,0.01324328567175877,0.014142135623700937,0.4857668535214749,2.203130031652509,84.84798118195329,0.4351352330434898,3.6683012475946652
45.46868,0.01104,90.60663,Done,Target,161.2561,14.71265,5.20556,0.02649,0.02649,1.0,0.02649,5.20556,0.0,0.0,0.0,0.60249,1.0,6,6,1,0.71663,0.914,0.02764,0.90002,0.56,0.06001,0.82,0.7,0.06,0.9,0.56,0.06,-1.82109,0.08804,-0.12167,-78.63252,0.16172,64.51551,double_rcm_log_20260616_133526_303.csv,90.60663,Unknown,Task2_TargetRCM_EntryCone,0.0,5.2054110946642735,14.629229921559022,14.644336629620735,0.007119882123765445,0.02003842462718477,0.022360679775017156,0.5074827551295132,2.608343304400131,84.52431068175213,0.5514738426656103,4.3676782592149195
45.49975,0.01031,97.0265,Done,Target,161.2628,14.61391,5.1701,0.04263,0.04263,1.0,0.04263,5.17006,0.0,0.0,0.0,0.60249,1.0,6,6,1,0.7165,0.91395,0.02785,0.90004,0.56,0.06002,0.82,0.7,0.06,0.9,0.56,0.06,-1.83677,0.08144,-0.11778,-78.59573,0.18414,64.51382,double_rcm_log_20260616_133526_303.csv,97.0265,Unknown,Task2_TargetRCM_EntryCone,0.0,5.169566500370057,14.528767127487829,14.543564008815164,0.01423888793135404,0.04007684925427061,0.04472135954993191,0.5705490585485885,3.480419268380961,36.90775278111707,0.6803501643769971,7.039387998308409
45.53303,0.01165,85.83169,Done,Target,161.2699,14.48814,5.12484,0.05956,0.05956,1.0,0.05956,5.12484,0.0,0.0,0.0,0.60249,1.0,6,6,1,0.71633,0.91388,0.02811,0.90005,0.56,0.06003,0.82,0.7,0.06,0.9,0.56,0.06,-1.85731,0.07008,-0.10767,-78.55241,0.22024,64.5144,double_rcm_log_20260616_133526_303.csv,85.83169,Unknown,Task2_TargetRCM_EntryCone,0.0,5.125085724576007,14.404091528533643,14.418509859826194,0.01874786175093261,0.05276945503428619,0.058309518948449435,0.4427142258625772,0.2706011699427051,85.58647517657901,0.9073595700736727,15.264909115539778
45.56383,0.00976,102.4662,Done,Target,161.2763,14.35304,5.07621,0.07494,0.07494,1.0,0.07494,5.07621,0.0,0.0,0.0,0.60249,1.0,6,6,1,0.71615,0.9138,0.0284,0.90006,0.56,0.06004,0.82,0.7,0.06,0.9,0.56,0.06,-1.88083,0.04915,-0.0819,-78.51498,0.27844,64.52166,double_rcm_log_20260616_133526_303.csv,102.4662,Unknown,Task2_TargetRCM_EntryCone,0.0,5.0759670272807424,14.266406171068539,14.280414041580217,0.023333940776220894,0.06567987632328053,0.07211102550924028,0.5666475985846665,2.5092518757370974,37.128649554312744,1.4097999826393426,36.761225590998976
45.59606,0.01002,99.82273,Done,Target,161.2832,14.19263,5.01849,0.09127,0.09127,1.0,0.09127,5.01849,0.0,0.0,0.0,0.60249,1.0,6,6,1,0.71594,0.91371,0.02873,0.90008,0.56,0.06005,0.82,0.7,0.06,0.9,0.56,0.06,-1.91114,-0.00012,-0.00892,-78.48631,0.37969,64.54852,double_rcm_log_20260616_133526_303.csv,99.82273,Unknown,Task2_TargetRCM_EntryCone,0.0,5.019084940136865,14.106946044096299,14.120488396981306,0.030403350058997157,0.08558396686653422,0.0943398113205405,0.5557865911805132,2.4021881571633608,89.9951346440532,2.972918814558065,121.7148859607092
45.62909,0.01031,96.97809,Done,Target,161.2901,14.0081,4.95195,0.10758,0.10758,1.0,0.10758,4.95195,0.0,0.0,0.0,0.60249,1.0,6,6,1,0.71569,0.91361,0.02912,0.90009,0.56,0.06006,0.82,0.7,0.06,0.9,0.56,0.06,-1.95113,-0.14091,0.2221,-78.48856,0.56462,64.64153,double_rcm_log_20260616_133526_303.csv,96.97809,Unknown,Task2_TargetRCM_EntryCone,0.0,4.952513253419785,13.920304977421205,13.933315744989411,0.03499767872947602,0.0985198144849289,0.1081665382638585,0.4371804690230722,4.091239537334686,270.96982797469167,9.12039989954949,471.12145853439205
45.66081,0.01145,87.30739,Done,Target,161.2977,13.8127,4.88158,0.12338,0.12338,1.0,0.12338,4.88158,0.0,0.0,0.0,0.60249,1.0,6,6,1,0.71539,0.91348,0.02951,0.9001,0.56,0.06007,0.82,0.7,0.06,0.9,0.56,0.06,-2.00559,-0.62146,1.04856,-78.57953,0.92221,64.9808,double_rcm_log_20260616_133526_303.csv,87.30739,Unknown,Task2_TargetRCM_EntryCone,0.0,4.88231040572822,13.723463197473897,13.735928644302325,0.039617367522163174,0.1115278509541884,0.12206555615732836,0.38275390295204553,18.834668655096664,488.22024356259726,32.41635255273471,1372.2793384167103
45.6931,0.01134,88.16682,Done,Target,161.305,13.62596,4.81507,0.13273,0.13273,1.0,0.13273,4.81507,0.0,0.0,0.0,0.60249,1.0,6,6,1,0.71465,0.91309,0.02963,0.90011,0.55999,0.06007,0.82,0.7,0.06,0.9,0.56,0.06,-2.09176,-2.49856,4.31261,-78.89545,1.69669,66.25734,double_rcm_log_20260616_133526_303.csv,88.16682,Unknown,Task2_TargetRCM_EntryCone,0.0,4.814655613692123,13.533746413194933,13.545700951210808,0.04065141680668522,0.11444851042475926,0.13076696830617798,0.7942410875482048,33.87649383362778,239.68425751459557,97.34880086503718,1248.5780242485191
45.72528,0.01112,89.91152,Done,Target,161.2808,13.94472,4.93249,0.07187,0.07187,1.0,0.07187,4.93249,0.0,0.0,0.0,0.60249,1.0,6,6,1,0.71023,0.91051,0.02687,0.90006,0.55999,0.06004,0.82,0.7,0.06,0.9,0.56,0.06,-2.20033,-7.94939,13.63077,-79.5051,3.08068,69.22449,double_rcm_log_20260616_133526_303.csv,89.91152,Unknown,Task2_TargetRCM_EntryCone,0.0,4.932447558315481,13.86404489059934,13.876898202577543,0.021960969265097555,0.061818593170104054,0.07280109889277506,1.8189163999368907,7.224702601345719,913.197296402618,112.60494372722546,740.3979378903784
45.75745,0.00916,109.1423,Done,Target,161.2501,14.69198,5.19874,0.01018,0.01018,1.0,0.01018,5.19874,0.0,0.0,0.0,0.60249,1.0,6,6,1,0.70562,0.90773,0.02396,0.90001,0.56,0.06001,0.82,0.7,0.06,0.9,0.56,0.06,-2.25349,-11.20717,19.03488,-79.71819,3.73389,70.45891,double_rcm_log_20260616_133526_303.csv,109.1423,Unknown,Task2_TargetRCM_EntryCone,0.0,5.198642489619209,14.610259772426975,14.625307647423499,0.004705636170464788,0.01324328567175877,0.014142135623700937,1.1325494844441593,24.9055767514505,372.20041568168136,50.38318763790994,1510.154651651674
45.78986,0.0109,91.74234,Done,Target,161.2467,14.78944,5.23323,0.00315,0.00315,1.0,0.00315,5.23323,0.0,0.0,0.0,0.60249,1.0,6,6,1,0.7041,0.90683,0.02357,0.9,0.56,0.06,0.82,0.7,0.06,0.9,0.56,0.06,-2.29529,-11.96705,20.26123,-79.67561,3.89746,70.67948,double_rcm_log_20260616_133526_303.csv,91.74234,Unknown,Task2_TargetRCM_EntryCone,0.0,5.233324856045574,14.707460752334299,14.722811707717016,0.0,0.0,0.0,0.21705907577034278,17.44972804749276,336.6083724033805,15.454631420859386,593.8662535672738
45.82194,0.01079,92.7047,Done,Target,161.2465,14.79812,5.23622,0.00247,0.00247,1.0,0.00247,5.23622,0.0,0.0,0.0,0.60249,1.0,6,6,1,0.70291,0.90615,0.0235,0.9,0.56,0.06,0.82,0.7,0.06,0.9,0.56,0.06,-2.3384,-12.47666,21.07177,-79.60358,4.01654,70.81013,double_rcm_log_20260616_133526_303.csv,92.7047,Unknown,Task2_TargetRCM_EntryCone,0.0,5.236328241174585,14.715877802031338,14.731255192941868,0.0,0.0,0.0,1.7798229048217483e-12,3.435521225174371,273.0130797028862,11.889414407150038,71.22174778171257
45.85503,0.01133,88.23419,Done,Target,161.2462,14.79933,5.23671,0.00219,0.00219,1.0,0.00219,5.23671,0.0,0.0,0.0,0.60249,1.0,6,6,1,0.70171,0.90547,0.0235,0.9,0.56,0.06,0.82,0.7,0.06,0.9,0.56,0.06,-2.38509,-12.95777,21.83066,-79.51798,4.13225,70.92262,double_rcm_log_20260616_133526_303.csv,88.23419,Unknown,Task2_TargetRCM_EntryCone,0.0,5.236657765571491,14.716801298590735,14.73218159179085,0.0,0.0,0.0,2.5219419200973695e-12,5.386077103880777e-11,51.888231575692146,10.977742579569412,23.91375101494693
45.88809,0.01212,82.50422,Done,Target,161.2462,14.80033,5.23712,0.00219,0.00219,1.0,0.00219,5.23712,0.0,0.0,0.0,0.60249,1.0,6,6,1,0.70051,0.90478,0.02355,0.9,0.56,0.06,0.82,0.7,0.06,0.9,0.56,0.06,-2.43398,-13.41073,22.53962,-79.42288,4.24391,71.01901,double_rcm_log_20260616_133526_303.csv,82.50422,Unknown,Task2_TargetRCM_EntryCone,0.0,5.237449504228254,14.719020154847186,14.734407422785758,0.0,0.0,0.0,1.7798229048217483e-12,3.550303315096687e-11,2.2141975586128086e-09,10.385907792416125,18.823351371390615
45.91972,0.01109,90.18884,Done,Target,161.246,14.80513,5.23869,0.0016,0.0016,1.0,0.0016,5.23869,0.0,0.0,0.0,0.60249,1.0,6,6,1,0.69936,0.90413,0.02364,0.9,0.56,0.06,0.82,0.7,0.06,0.9,0.56,0.06,-2.48283,-13.82615,23.18513,-79.32381,4.34843,71.09938,double_rcm_log_20260616_133526_303.csv,90.18884,Unknown,Task2_TargetRCM_EntryCone,0.0,5.23905657187478,14.723523970883864,14.738925402595678,0.0,0.0,0.0,1.1102230246251565e-13,8.68663535184744e-11,4.211154152908887e-10,9.841123357170673,19.211407688190484
45.95217,0.01024,97.65786,Done,Target,161.2457,14.80836,5.23989,0.00142,0.00142,1.0,0.00142,5.23989,0.0,0.0,0.0,0.60249,1.0,6,6,1,0.69819,0.90346,0.02379,0.9,0.56,0.06,0.82,0.7,0.06,0.9,0.56,0.06,-2.53503,-14.227,23.8029,-79.21357,4.45233,71.16912,double_rcm_log_20260616_133526_303.csv,97.65786,Unknown,Task2_TargetRCM_EntryCone,0.0,5.2396270055004335,14.725122611513877,14.740529072789345,0.0,0.0,0.0,3.9736059261160154e-12,3.185921268449938e-11,2.3268105829689157e-09,9.23892344070606,19.220538344764332
45.98373,0.01048,95.38551,Done,Target,161.2457,14.81083,5.24075,0.00126,0.00126,1.0,0.00126,5.24075,0.0,0.0,0.0,0.60249,1.0,6,6,1,0.69706,0.90281,0.02398,0.9,0.56,0.06,0.82,0.7,0.06,0.9,0.56,0.06,-2.58779,-14.59484,24.36508,-79.09844,4.55058,71.22622,double_rcm_log_20260616_133526_303.csv,95.38551,Unknown,Task2_TargetRCM_EntryCone,0.0,5.240715658766461,14.728173558993136,14.743589622057106,0.0,0.0,0.0,1.7798229048217483e-12,6.466470914780532e-11,1.3847507202286268e-09,8.699954182086948,17.702069812798484
46.01596,0.0107,93.4889,Done,Target,161.2455,14.81208,5.2412,0.00103,0.00103,1.0,0.00103,5.2412,0.0,0.0,0.0,0.60249,1.0,6,6,1,0.69592,0.90216,0.02423,0.9,0.56,0.06,0.82,0.7,0.06,0.9,0.56,0.06,-2.64364,-14.94858,24.90096,-78.97311,4.64832,71.2746,double_rcm_log_20260616_133526_303.csv,93.4889,Unknown,Task2_TargetRCM_EntryCone,0.0,5.2403805873493186,14.727234522928283,14.742647630278595,0.0,0.0,0.0,0.0,6.164452258945407e-11,9.99974172332338e-10,8.20671864456686,15.935933101897048
46.04819,0.01064,93.97894,Done,Target,161.2456,14.81395,5.24183,0.00099,0.00099,1.0,0.00099,5.24183,0.0,0.0,0.0,0.60249,1.0,6,6,1,0.69478,0.90151,0.02452,0.9,0.56,0.06,0.82,0.7,0.06,0.9,0.56,0.06,-2.70146,-15.28375,25.40418,-78.84032,4.74403,71.31444,double_rcm_log_20260616_133526_303.csv,93.97894,Unknown,Task2_TargetRCM_EntryCone,0.0,5.2414688915505065,14.730284488475892,14.745707197294264,0.0,0.0,0.0,2.51214793389404e-12,2.182637144339353e-13,9.620963040105274e-10,7.775260915080847,15.43871736778737
46.08033,0.00953,104.9832,Done,Target,161.2456,14.81698,5.24299,0.00099,0.00099,1.0,0.00099,5.24296,0.0,0.0,0.0,0.60249,1.0,6,6,1,0.69366,0.90086,0.02485,0.9,0.56,0.06,0.82,0.7,0.06,0.9,0.56,0.06,-2.76099,-15.60049,25.87529,-78.70091,4.83766,71.34649,double_rcm_log_20260616_133526_303.csv,104.9832,Unknown,Task2_TargetRCM_EntryCone,0.0,5.243564525920622,14.736157475393998,14.751598683985671,0.0,0.0,0.0,0.0,1.7840416357881555e-12,9.330978155804863e-10,7.322258477522746,15.585838744098368
46.11268,0.01024,97.69518,Done,Target,161.2455,14.81779,5.24318,0.00067,0.00067,1.0,0.00067,5.24318,0.0,0.0,0.0,0.60249,1.0,6,6,1,0.69255,0.90023,0.02524,0.9,0.56,0.06,0.82,0.7,0.06,0.9,0.56,0.06,-2.82272,-15.89789,26.31279,-78.55348,4.92947,71.37112,double_rcm_log_20260616_133526_303.csv,97.69518,Unknown,Task2_TargetRCM_EntryCone,0.0,5.243498130111158,14.735971402340262,14.751412024578222,0.0,0.0,0.0,2.5146000066436358e-12,6.077290372551395e-11,1.5327126353877798e-09,6.889305235795802,14.913202377881902
46.14517,0.0099,100.9745,Done,Target,161.2456,14.81948,5.24378,0.00062,0.00062,1.0,0.00062,5.24378,0.0,0.0,0.0,0.60249,1.0,6,6,1,0.69144,0.89959,0.02568,0.9,0.56,0.06,0.82,0.7,0.06,0.9,0.56,0.06,-2.88653,-16.17992,26.72324,-78.39867,5.02003,71.38953,double_rcm_log_20260616_133526_303.csv,100.9745,Unknown,Task2_TargetRCM_EntryCone,0.0,5.244038287747399,14.737485183760352,14.752930576659569,0.0,0.0,0.0,3.978256139440565e-12,9.974578075203855e-11,1.8072620904939178e-09,6.484942795442967,14.17137540518726
46.17864,0.01122,89.13283,Done,Target,161.2453,14.81927,5.2437,0.00054,0.00054,1.0,0.00054,5.2437,0.0,0.0,0.0,0.60249,1.0,6,6,1,0.69032,0.89895,0.02618,0.9,0.56,0.06,0.82,0.7,0.06,0.9,0.56,0.06,-2.95402,-16.44972,27.11077,-78.23232,5.11103,71.402,double_rcm_log_20260616_133526_303.csv,89.13283,Unknown,Task2_TargetRCM_EntryCone,0.0,5.244220103736036,14.737994719288237,14.753441718203193,0.0,0.0,0.0,3.978256139440565e-12,6.383279475700129e-11,2.203295766716524e-09,6.097199473870841,13.526961062435527
46.2101,0.01108,90.21789,Done,Target,161.2456,14.82103,5.24441,0.00083,0.00083,1.0,0.00083,5.24441,0.0,0.0,0.0,0.60249,1.0,6,6,1,0.68927,0.89836,0.0267,0.9,0.56,0.06,0.82,0.7,0.06,0.9,0.56,0.06,-3.01905,-16.68874,27.44983,-78.07008,5.19523,71.40881,double_rcm_log_20260616_133526_303.csv,90.21789,Unknown,Task2_TargetRCM_EntryCone,0.0,5.244103170165413,14.73766701540485,14.753112981410153,0.0,0.0,0.0,0.0,5.7785449674976884e-11,4.603086704545114e-10,5.756185210813805,13.50190032362603
46.24297,0.01184,84.43019,Done,Target,161.2455,14.82153,5.2446,0.00077,0.00077,1.0,0.00077,5.2446,0.0,0.0,0.0,0.60249,1.0,6,6,1,0.68821,0.89775,0.02728,0.9,0.56,0.06,0.82,0.7,0.06,0.9,0.56,0.06,-3.08851,-16.91987,27.77265,-77.89456,5.2812,71.4109,double_rcm_log_20260616_133526_303.csv,84.43019,Unknown,Task2_TargetRCM_EntryCone,0.0,5.244379909367422,14.73844257112501,14.753890981726041,0.0,0.0,0.0,1.7798229048217483e-12,5.2964514378583614e-11,9.179969675332224e-10,5.39367985158857,12.910675761105086
46.27613,0.01284,77.90212,Done,Target,161.2454,14.82225,5.24479,0.00051,0.00051,1.0,0.00051,5.24479,0.0,0.0,0.0,0.60249,1.0,6,6,1,0.68715,0.89714,0.02792,0.9,0.56,0.06,0.82,0.7,0.06,0.9,0.56,0.06,-3.16009,-17.13566,28.06891,-77.71159,5.36614,71.40851,double_rcm_log_20260616_133526_303.csv,77.90212,Unknown,Task2_TargetRCM_EntryCone,0.0,5.244287912365611,14.738184751524766,14.753632349435248,0.0,0.0,0.0,3.5596458096434966e-12,1.8389926817741826e-11,1.8018766761447143e-09,5.088250229157015,12.442268380685132
46.30712,0.01086,92.09619,Done,Target,161.2455,14.82556,5.24598,0.00057,0.00057,1.0,0.00057,5.24598,0.0,0.0,0.0,0.60249,1.0,6,6,1,0.68617,0.89658,0.02855,0.9,0.56,0.06,0.82,0.7,0.06,0.9,0.56,0.06,-3.22827,-17.32409,28.32324,-77.53571,5.44426,71.40276,double_rcm_log_20260616_133526_303.csv,92.09619,Unknown,Task2_TargetRCM_EntryCone,0.0,5.245924909589998,14.74277239502761,14.758234458237352,0.0,0.0,0.0,1.1102230246251565e-13,5.945096091890133e-11,4.366822514439571e-10,4.792858647477731,13.003516830318047
46.34035,0.01154,86.63473,Done,Target,161.2453,14.82633,5.24621,0.00025,0.00025,1.0,0.00025,5.24621,0.0,0.0,0.0,0.60249,1.0,6,6,1,0.68516,0.896,0.02927,0.9,0.56,0.06,0.82,0.7,0.06,0.9,0.56,0.06,-3.30263,-17.5068,28.56388,-77.34174,5.52576,71.3928,double_rcm_log_20260616_133526_303.csv,86.63473,Unknown,Task2_TargetRCM_EntryCone,0.0,5.246087914555475,14.743229211680228,14.75869271577426,0.0,0.0,0.0,0.0,1.6237439279267207e-12,9.713844634223525e-10,4.479869227332734,12.792480039265241
46.37177,0.01062,94.14232,Done,Target,161.2454,14.82814,5.2468,0.00027,0.00027,1.0,0.00027,5.2468,0.0,0.0,0.0,0.60249,1.0,6,6,1,0.68422,0.89547,0.02999,0.9,0.56,0.06,0.82,0.7,0.06,0.9,0.56,0.06,-3.37406,-17.66474,28.76662,-77.15372,5.60121,71.38034,double_rcm_log_20260616_133526_303.csv,94.14232,Unknown,Task2_TargetRCM_EntryCone,0.0,5.246455783931364,14.744260154418193,14.759726910627604,0.0,0.0,0.0,0.0,2.6496728041350258e-11,5.717867544594082e-10,4.220319672943735,12.4503736773652
46.40457,0.01098,91.03553,Done,Target,161.2454,14.82904,5.2471,0.00027,0.00027,1.0,0.00027,5.2471,0.0,0.0,0.0,0.60249,1.0,6,6,1,0.68326,0.89492,0.03079,0.9,0.56,0.06,0.82,0.7,0.06,0.9,0.56,0.06,-3.44967,-17.81259,28.95015,-76.95286,5.67796,71.36443,double_rcm_log_20260616_133526_303.csv,91.03553,Unknown,Task2_TargetRCM_EntryCone,0.0,5.246699819623662,14.744944056688691,14.760412970524772,0.0,0.0,0.0,1.7763568394002505e-12,3.988210370631899e-11,1.2500753935806401e-09,3.965742496879818,12.375235474555268
46.43685,0.01092,91.58772,Done,Target,161.2452,14.83018,5.24759,0.0003,0.0003,1.0,0.0003,5.24759,0.0,0.0,0.0,0.60249,1.0,6,6,1,0.68235,0.8944,0.03161,0.9,0.56,0.06,0.82,0.7,0.06,0.9,0.56,0.06,-3.52502,-17.94223,29.1046,-76.75093,5.75159,71.34623,double_rcm_log_20260616_133526_303.csv,91.58772,Unknown,Task2_TargetRCM_EntryCone,0.0,5.246731991250592,14.745034216630568,14.760503414924544,0.0,0.0,0.0,2.5146000066436358e-12,5.530370646365362e-11,6.173796399174353e-10,3.743580008070237,12.244850903777316
46.46945,0.01139,87.83061,Done,Target,161.2452,14.83133,5.24796,0.00013,0.00013,1.0,0.00013,5.24796,0.0,0.0,0.0,0.60249,1.0,6,6,1,0.68145,0.89388,0.03248,0.9,0.56,0.06,0.82,0.7,0.06,0.9,0.56,0.06,-3.60192,-18.05663,29.23349,-76.54305,5.82383,71.32551,double_rcm_log_20260616_133526_303.csv,87.83061,Unknown,Task2_TargetRCM_EntryCone,0.0,5.247547928817015,14.747320853663954,14.76279726756389,0.0,0.0,0.0,1.7763568394002505e-12,7.922001638594845e-13,9.361063045289218e-10,3.5456934125635664,12.056231342653419
46.50253,0.01211,82.58528,Done,Target,161.2453,14.83241,5.24826,0.00013,0.00013,1.0,0.00013,5.24826,0.0,0.0,0.0,0.60249,1.0,6,6,1,0.68057,0.89338,0.0334,0.9,0.56,0.06,0.82,0.7,0.06,0.9,0.56,0.06,-3.68069,-18.15611,29.33718,-76.3283,5.89493,71.30235,double_rcm_log_20260616_133526_303.csv,82.58528,Unknown,Task2_TargetRCM_EntryCone,0.0,5.247565673594687,14.747370582761292,14.76284715360917,0.0,0.0,0.0,2.5146000066436358e-12,2.6076177344299353e-11,1.122545209591938e-09,3.3840455679566204,11.879828686682576
46.53364,0.01069,93.56291,Done,Target,161.2451,14.834,5.24882,0.00018,0.00018,1.0,0.00018,5.24882,0.0,0.0,0.0,0.60249,1.0,6,6,1,0.67977,0.89292,0.03429,0.9,0.56,0.06,0.82,0.7,0.06,0.9,0.56,0.06,-3.75538,-18.23496,29.4107,-76.12306,5.95981,71.27882,double_rcm_log_20260616_133526_303.csv,93.56291,Unknown,Task2_TargetRCM_EntryCone,0.0,5.248865835517136,14.75101423565409,14.76650230897519,0.0,0.0,0.0,2.5146000066436358e-12,6.568941154968301e-11,9.827056716217014e-10,3.2631949834464233,12.028869066970987
46.56417,0.00954,104.7713,Done,Target,161.2451,14.83528,5.2493,0.00017,0.00017,1.0,0.00017,5.2493,0.0,0.0,0.0,0.60249,1.0,6,6,1,0.67901,0.89249,0.03521,0.9,0.56,0.06,0.82,0.7,0.06,0.9,0.56,0.06,-3.8291,-18.29774,29.45924,-75.91889,6.02136,71.25421,double_rcm_log_20260616_133526_303.csv,104.7713,Unknown,Task2_TargetRCM_EntryCone,0.0,5.248381558618342,14.749657069489855,14.765140857769682,0.0,0.0,0.0,1.7763568394002505e-12,4.144458012735055e-11,1.9587365870759195e-09,3.1755923392497665,12.101499887920921
46.59483,0.0093,107.4872,Done,Target,161.2452,14.83624,5.24968,0.00012,0.00012,1.0,0.00012,5.24968,0.0,0.0,0.0,0.60249,1.0,6,6,1,0.67827,0.89207,0.03615,0.9,0.56,0.06,0.82,0.7,0.06,0.9,0.56,0.06,-3.90347,-18.34618,29.48445,-75.7113,6.08094,71.22813,double_rcm_log_20260616_133526_303.csv,107.4872,Unknown,Task2_TargetRCM_EntryCone,0.0,5.249907669356954,14.753933928725766,14.76943122321314,0.0,0.0,0.0,0.0,5.7731629626634377e-11,1.0702921263854962e-09,3.1254060298114696,11.971904492075408
46.62571,0.0106,94.36776,Done,Target,161.2451,14.83718,5.25005,0.00021,0.00021,1.0,0.00021,5.25005,0.0,0.0,0.0,0.60249,1.0,6,6,1,0.67756,0.89166,0.03714,0.9,0.56,0.06,0.82,0.7,0.06,0.9,0.56,0.06,-3.97856,-18.3804,29.48646,-75.50006,6.13859,71.20061,double_rcm_log_20260616_133526_303.csv,94.36776,Unknown,Task2_TargetRCM_EntryCone,0.0,5.2498645904553305,14.753813202113633,14.76931011524127,0.0,0.0,0.0,1.7763568394002505e-12,2.8670653312558765e-11,1.8600261885943356e-09,3.115196025649826,11.882982921838261
46.65627,0.01055,94.76121,Done,Target,161.2452,14.83821,5.25039,6e-05,6e-05,1.0,6e-05,5.25039,0.0,0.0,0.0,0.60249,1.0,6,6,1,0.67689,0.89128,0.03814,0.9,0.56,0.06,0.82,0.7,0.06,0.9,0.56,0.06,-4.05303,-18.39994,29.46546,-75.2889,6.19328,71.17219,double_rcm_log_20260616_133526_303.csv,94.76121,Unknown,Task2_TargetRCM_EntryCone,0.0,5.249647073386875,14.753203620549284,14.768698608185154,0.0,0.0,0.0,1.7798229048217483e-12,5.6015589255400464e-11,1.399322373325633e-09,3.143635708718709,11.902838732451833
46.68763,0.01115,89.65937,Done,Target,161.2451,14.83927,5.25084,8e-05,8e-05,1.0,8e-05,5.25084,0.0,0.0,0.0,0.60249,1.0,6,6,1,0.67623,0.8909,0.03919,0.9,0.56,0.06,0.82,0.7,0.06,0.9,0.56,0.06,-4.12945,-18.40511,29.42017,-75.07051,6.24675,71.14193,double_rcm_log_20260616_133526_303.csv,89.65937,Unknown,Task2_TargetRCM_EntryCone,0.0,5.2506248873175805,14.755943897376124,14.771447542012897,0.0,0.0,0.0,1.7901808365247238e-12,5.5765465977855895e-11,1.430097012534888e-09,3.2120776886948548,11.931624175876069
46.71801,0.01001,99.88483,Done,Target,161.2451,14.84032,5.2511,0.00027,0.00027,1.0,0.00027,5.2511,0.0,0.0,0.0,0.60249,1.0,6,6,1,0.67562,0.89055,0.04023,0.9,0.56,0.06,0.82,0.7,0.06,0.9,0.56,0.06,-4.20344,-18.39554,29.35309,-74.85729,6.29591,71.11157,double_rcm_log_20260616_133526_303.csv,99.88483,Unknown,Task2_TargetRCM_EntryCone,0.0,5.2519052993056485,14.759532184303884,14.775047169842805,0.0,0.0,0.0,1.7763568394002505e-12,2.957749706456674e-11,1.0327296114703869e-09,3.313843724538007,11.994809855536223
46.74831,0.01043,95.85368,Done,Target,161.245,14.84144,5.25151,0.0004,0.0004,1.0,0.0004,5.25147,0.0,0.0,0.0,0.60249,1.0,6,6,1,0.67505,0.89022,0.0413,0.9,0.56,0.06,0.82,0.7,0.06,0.9,0.56,0.06,-4.27703,-18.3719,29.26379,-74.6435,6.3422,71.08028,double_rcm_log_20260616_133526_303.csv,95.85368,Unknown,Task2_TargetRCM_EntryCone,0.0,5.2516919502903265,14.758934285475505,14.774447380949413,0.0,0.0,0.0,0.0,2.9459132432496906e-11,5.313543329967056e-10,3.448303560999275,11.902504442512472
46.77851,0.0094,106.3354,Done,Target,161.2451,14.84197,5.25173,0.00018,0.00018,1.0,0.00018,5.25173,0.0,0.0,0.0,0.60249,1.0,6,6,1,0.67451,0.88992,0.04238,0.9,0.56,0.06,0.82,0.7,0.06,0.9,0.56,0.06,-4.35012,-18.33375,29.15168,-74.42932,6.38544,71.0481,double_rcm_log_20260616_133526_303.csv,106.3354,Unknown,Task2_TargetRCM_EntryCone,0.0,5.251674861650684,14.758886395498163,14.774399339590149,0.0,0.0,0.0,2.51214793389404e-12,3.660188411659077e-12,1.0068116619692694e-09,3.6050061760364804,11.777859404844891
46.8101,0.01108,90.27901,Done,Target,161.2452,14.844,5.2524,0.00047,0.00047,1.0,0.00047,5.2524,0.0,0.0,0.0,0.60249,1.0,6,6,1,0.67398,0.88961,0.04354,0.9,0.56,0.06,0.82,0.7,0.06,0.9,0.56,0.06,-4.42609,-18.27965,29.01199,-74.20483,6.42759,71.01347,double_rcm_log_20260616_133526_303.csv,90.27901,Unknown,Task2_TargetRCM_EntryCone,0.0,5.252250491018322,14.760499564574149,14.776017608500633,0.0,0.0,0.0,0.0,3.433221786476218e-11,3.197346739909132e-10,3.7955342140488444,12.071414742274278
46.85117,0.01122,89.16065,Done,Target,161.245,14.84553,5.25292,0.00051,0.00051,1.0,0.00051,5.25292,0.0,0.0,0.0,0.60249,1.0,6,6,1,0.67334,0.88925,0.04507,0.9,0.56,0.06,0.82,0.7,0.06,0.9,0.56,0.06,-4.52411,-18.18515,28.79225,-73.91196,6.4771,70.96667,double_rcm_log_20260616_133526_303.csv,89.16065,Unknown,Task2_TargetRCM_EntryCone,0.0,5.253249653839667,14.763299658904973,14.778826557646687,0.0,0.0,0.0,1.7763568394002505e-12,3.0726857239197347e-12,3.921023203967155e-10,4.093976112643644,12.41630597813749
46.89111,0.01079,92.66281,Done,Target,161.245,14.84648,5.25333,0.00036,0.00036,1.0,0.00036,5.25333,0.0,0.0,0.0,0.60249,1.0,6,6,1,0.67279,0.88893,0.04659,0.9,0.56,0.06,0.82,0.7,0.06,0.9,0.56,0.06,-4.61834,-18.06723,28.5376,-73.62677,6.51918,70.91914,double_rcm_log_20260616_133526_303.csv,92.66281,Unknown,Task2_TargetRCM_EntryCone,0.0,5.253093799924086,14.762862887879406,14.778388405185668,0.0,0.0,0.0,2.220446049250313e-13,1.9277262210378965e-11,1.7361626952516304e-10,4.417077873219054,12.220093736312858
46.92144,0.01004,99.61887,Done,Target,161.2449,14.84702,5.25348,0.00047,0.00047,1.0,0.00047,5.25348,0.0,0.0,0.0,0.60249,1.0,6,6,1,0.6724,0.88871,0.04777,0.9,0.56,0.06,0.82,0.7,0.06,0.9,0.56,0.06,-4.68903,-17.96034,28.31694,-73.41026,6.54687,70.88158,double_rcm_log_20260616_133526_303.csv,99.61887,Unknown,Task2_TargetRCM_EntryCone,0.0,5.253964166514489,14.765302035390997,14.780835268375668,0.0,0.0,0.0,0.0,1.9177165522044643e-12,3.9183187653077626e-10,4.670501547624634,12.047302969031144
46.95236,0.0105,95.27468,Done,Target,161.245,14.84867,5.25408,0.00051,0.00051,1.0,0.00051,5.25408,0.0,0.0,0.0,0.60249,1.0,6,6,1,0.67205,0.88851,0.04898,0.9,0.56,0.06,0.82,0.7,0.06,0.9,0.56,0.06,-4.76017,-17.83707,28.06954,-73.19011,6.57132,70.84195,double_rcm_log_20260616_133526_303.csv,95.27468,Unknown,Task2_TargetRCM_EntryCone,0.0,5.253703250947113,14.764570836316155,14.780101756052737,0.0,0.0,0.0,1.1102230246251565e-13,1.4268768856953713e-11,2.1540522261989127e-10,4.939779532708615,12.483358534638125
46.98357,0.01112,89.94115,Done,Target,161.245,14.85037,5.25471,0.00047,0.00047,1.0,0.00047,5.25471,0.0,0.0,0.0,0.60249,1.0,6,6,1,0.67173,0.88832,0.05021,0.9,0.56,0.06,0.82,0.7,0.06,0.9,0.56,0.06,-4.83094,-17.69697,27.79518,-72.96855,6.59176,70.80031,double_rcm_log_20260616_133526_303.csv,89.94115,Unknown,Task2_TargetRCM_EntryCone,0.0,5.254830003746206,14.767728486279667,14.783269397325594,0.0,0.0,0.0,8.950904182623619e-13,1.434881940375746e-11,4.751538432216654e-10,5.246257150814398,12.933208701746775
47.02345,0.01057,94.62105,Done,Target,161.245,14.85133,5.25498,0.00071,0.00071,1.0,0.00071,5.25498,0.0,0.0,0.0,0.60249,1.0,6,6,1,0.67137,0.88812,0.05181,0.9,0.56,0.06,0.82,0.7,0.06,0.9,0.56,0.06,-4.91976,-17.49325,27.40583,-72.68639,6.6111,70.74432,double_rcm_log_20260616_133526_303.csv,94.62105,Unknown,Task2_TargetRCM_EntryCone,0.0,5.255690691334207,14.770140502294119,14.785689048241284,0.0,0.0,0.0,1.7901808365247238e-12,3.23188941771684e-11,7.08716868415301e-10,5.652319345685395,12.912605971355676
47.05456,0.01084,92.23729,Done,Target,161.2449,14.85264,5.25553,0.0006,0.0006,1.0,0.0006,5.25553,0.0,0.0,0.0,0.60249,1.0,6,6,1,0.67114,0.88799,0.05307,0.9,0.56,0.06,0.82,0.7,0.06,0.9,0.56,0.06,-4.9876,-17.31656,27.07418,-72.46764,6.6209,70.6983,double_rcm_log_20260616_133526_303.csv,92.23729,Unknown,Task2_TargetRCM_EntryCone,0.0,5.255458529100814,14.769489884404203,14.785036370663741,0.0,0.0,0.0,1.7763568394002505e-12,4.034285449737046e-11,1.507309506533594e-09,5.977399172899661,13.185154923538251
47.08538,0.01055,94.78909,Done,Target,161.2449,14.85389,5.25595,0.0008,0.0008,1.0,0.0008,5.25595,0.0,0.0,0.0,0.60249,1.0,6,6,1,0.67095,0.88788,0.05432,0.9,0.56,0.06,0.82,0.7,0.06,0.9,0.56,0.06,-5.05346,-17.12506,26.71973,-72.25217,6.62563,70.65034,double_rcm_log_20260616_133526_303.csv,94.78909,Unknown,Task2_TargetRCM_EntryCone,0.0,5.255635996085688,14.769987222832638,14.785535283520304,0.0,0.0,0.0,1.7763568394002505e-12,6.07105763428235e-11,1.3262788985802724e-09,6.321951584051374,13.496201274161434
47.12557,0.01042,96.00182,Done,Target,161.2448,14.85529,5.25639,0.00093,0.00093,1.0,0.00093,5.25639,0.0,0.0,0.0,0.60249,1.0,6,6,1,0.67075,0.88777,0.05597,0.9,0.56,0.06,0.82,0.7,0.06,0.9,0.56,0.06,-5.13714,-16.8504,26.21826,-71.97337,6.62383,70.58374,double_rcm_log_20260616_133526_303.csv,96.00182,Unknown,Task2_TargetRCM_EntryCone,0.0,5.256662770636745,14.772864681692242,14.788421853667655,0.0,0.0,0.0,3.978256139440565e-12,2.804968592342777e-11,2.2165241684065274e-09,6.7829464959536985,13.625041515872319
47.15615,0.01061,94.20876,Done,Target,161.2448,14.85667,5.25691,0.0009,0.0009,1.0,0.0009,5.25691,0.0,0.0,0.0,0.60249,1.0,6,6,1,0.67065,0.88771,0.05722,0.9,0.56,0.06,0.82,0.7,0.06,0.9,0.56,0.06,-5.19903,-16.62271,25.80719,-71.76317,6.61624,70.52958,double_rcm_log_20260616_133526_303.csv,94.20876,Unknown,Task2_TargetRCM_EntryCone,0.0,5.256685466070194,14.772928283892902,14.788485657300704,0.0,0.0,0.0,1.7763568394002505e-12,8.17221507078784e-11,9.065028844766028e-10,7.14397840613465,13.885969775396484
47.18707,0.01088,91.90935,Done,Target,161.2448,14.85838,5.25751,0.00114,0.00114,1.0,0.00114,5.25751,0.0,0.0,0.0,0.60249,1.0,6,6,1,0.67058,0.88767,0.05849,0.9,0.56,0.06,0.82,0.7,0.06,0.9,0.56,0.06,-5.25988,-16.37561,25.3649,-71.55257,6.6027,70.47137,double_rcm_log_20260616_133526_303.csv,91.90935,Unknown,Task2_TargetRCM_EntryCone,0.0,5.25756189274011,14.775384400221538,14.79094955365645,0.0,0.0,0.0,1.7798229048217483e-12,2.8840614666200182e-11,1.792932916436175e-09,7.524760164000259,14.568904931896338
47.21812,0.01097,91.16715,Done,Target,161.2446,14.86038,5.25818,0.0014,0.0014,1.0,0.0014,5.25818,0.0,0.0,0.0,0.60249,1.0,6,6,1,0.67055,0.88765,0.05977,0.9,0.56,0.06,0.82,0.7,0.06,0.9,0.56,0.06,-5.3192,-16.11004,24.89311,-71.34308,6.5829,70.40896,double_rcm_log_20260616_133526_303.csv,91.16715,Unknown,Task2_TargetRCM_EntryCone,0.0,5.25838965363317,14.777704131390344,14.79327663522672,0.0,0.0,0.0,1.1102230246251565e-13,6.468294025313656e-11,1.0820525645402069e-09,7.941064911487513,15.473925576353034
47.25821,0.01088,91.93012,Done,Target,161.2445,14.86171,5.25867,0.00146,0.00146,1.0,0.00146,5.25867,0.0,0.0,0.0,0.60249,1.0,6,6,1,0.67057,0.88766,0.06143,0.9,0.56,0.06,0.82,0.7,0.06,0.9,0.56,0.06,-5.39298,-15.7385,24.23836,-71.07534,6.54712,70.32129,double_rcm_log_20260616_133526_303.csv,91.93012,Unknown,Task2_TargetRCM_EntryCone,0.0,5.259097698876287,14.779688366943383,14.795267159958504,0.0,0.0,0.0,3.978256139440565e-12,6.424685338241728e-11,1.7365481160951025e-09,8.521240680998966,15.523818963377103
47.28865,0.01028,97.23227,Done,Target,161.2446,14.86235,5.25885,0.00146,0.00146,1.0,0.00146,5.25885,0.0,0.0,0.0,0.60249,1.0,6,6,1,0.67063,0.88769,0.06268,0.9,0.56,0.06,0.82,0.7,0.06,0.9,0.56,0.06,-5.44673,-15.43457,23.70637,-70.87431,6.51173,70.24873,double_rcm_log_20260616_133526_303.csv,97.23227,Unknown,Task2_TargetRCM_EntryCone,0.0,5.259602292192787,14.78110244469181,14.796685720765945,0.0,0.0,0.0,2.51214793389404e-12,8.845787431663601e-11,2.654743371424333e-09,8.939735931500397,15.355258013532803
47.31962,0.01048,95.44273,Done,Target,161.2446,14.86489,5.25975,0.00149,0.00149,1.0,0.00149,5.25975,0.0,0.0,0.0,0.60249,1.0,6,6,1,0.67073,0.88775,0.06395,0.9,0.56,0.06,0.82,0.7,0.06,0.9,0.56,0.06,-5.49924,-15.1086,23.13832,-70.67242,6.46869,70.16944,double_rcm_log_20260616_133526_303.csv,95.44273,Unknown,Task2_TargetRCM_EntryCone,0.0,5.259387474849223,14.780500438393142,14.796081805817595,0.0,0.0,0.0,2.5146000066436358e-12,1.0380428269489605e-10,2.4958737887088245e-09,9.380175930828663,16.825002879632205
47.35051,0.01097,91.15255,Done,Target,161.2444,14.86737,5.2606,0.00182,0.00182,1.0,0.00182,5.2606,0.0,0.0,0.0,0.60249,1.0,6,6,1,0.67086,0.88782,0.06521,0.9,0.56,0.06,0.82,0.7,0.06,0.9,0.56,0.06,-5.54938,-14.76336,22.53936,-70.47323,6.41768,70.08368,double_rcm_log_20260616_133526_303.csv,91.15255,Unknown,Task2_TargetRCM_EntryCone,0.0,5.260997016596847,14.785011029429354,14.800606701402756,0.0,0.0,0.0,3.972054645195637e-12,7.52982714174748e-11,2.2818190276969008e-09,9.90008247291138,18.869090676339916
47.39087,0.01085,92.1742,Done,Target,161.2443,14.86913,5.26127,0.00216,0.00216,1.0,0.00216,5.26127,0.0,0.0,0.0,0.60249,1.0,6,6,1,0.67109,0.88796,0.06684,0.9,0.56,0.06,0.82,0.7,0.06,0.9,0.56,0.06,-5.61136,-14.27805,21.7014,-70.21566,6.33725,69.95956,double_rcm_log_20260616_133526_303.csv,92.1742,Unknown,Task2_TargetRCM_EntryCone,0.0,5.261230971219421,14.78566666452669,14.801264416463226,0.0,0.0,0.0,2.220446049250313e-13,8.842062316658365e-11,8.711487576306059e-10,10.65557033374864,18.97971312524606
47.42116,0.0102,98.03275,Done,Target,161.2442,14.86955,5.26142,0.00225,0.00225,1.0,0.00225,5.26142,0.0,0.0,0.0,0.60249,1.0,6,6,1,0.67131,0.88808,0.06806,0.9,0.56,0.06,0.82,0.7,0.06,0.9,0.56,0.06,-5.65513,-13.88685,21.02864,-70.02413,6.26574,69.85607,double_rcm_log_20260616_133526_303.csv,98.03275,Unknown,Task2_TargetRCM_EntryCone,0.0,5.261652368746057,14.786847589527667,14.802449088345766,0.0,0.0,0.0,2.5146000066436358e-12,4.2282708466889464e-11,1.6939716400573244e-09,11.176667846538303,18.98627063063561
47.45243,0.0106,94.3501,Done,Target,161.244,14.87294,5.26265,0.00233,0.00233,1.0,0.00233,5.26265,0.0,0.0,0.0,0.60249,1.0,6,6,1,0.67157,0.88823,0.0693,0.9,0.56,0.06,0.82,0.7,0.06,0.9,0.56,0.06,-5.69764,-13.46449,20.30377,-69.82911,6.18279,69.7402,double_rcm_log_20260616_133526_303.csv,94.3501,Unknown,Task2_TargetRCM_EntryCone,0.0,5.261895818252908,14.78752983239179,14.803133496129627,0.0,0.0,0.0,2.51214793389404e-12,1.9317606820865352e-11,1.260595585751055e-09,11.759251351838275,21.986457064588123
47.49279,0.01102,90.77168,Done,Target,161.2438,14.87624,5.26381,0.00295,0.00295,1.0,0.00295,5.26381,0.0,0.0,0.0,0.60249,1.0,6,6,1,0.67195,0.88845,0.07089,0.9,0.56,0.06,0.82,0.7,0.06,0.9,0.56,0.06,-5.74835,-12.87866,19.30128,-69.57903,6.05787,69.57249,double_rcm_log_20260616_133526_303.csv,90.77168,Unknown,Task2_TargetRCM_EntryCone,0.0,5.264065621459823,14.793610476801945,14.8092334447566,0.0,0.0,0.0,1.7763568394002505e-12,3.861659708899605e-11,9.464980136287502e-10,12.727966848653043,25.30051009847401
47.52299,0.01056,94.70175,Done,Target,161.2437,14.87753,5.26425,0.00315,0.00315,1.0,0.00315,5.26425,0.0,0.0,0.0,0.60249,1.0,6,6,1,0.67228,0.88864,0.07206,0.9,0.56,0.06,0.82,0.7,0.06,0.9,0.56,0.06,-5.78309,-12.40627,18.4948,-69.3922,5.94937,69.43091,double_rcm_log_20260616_133526_303.csv,94.70175,Unknown,Task2_TargetRCM_EntryCone,0.0,5.264644689993344,14.795233251645671,14.810861374122535,0.0,0.0,0.0,1.1102230246251565e-13,4.124889904735155e-11,1.6083450396666522e-09,13.472422616515598,24.405793596836016
47.55371,0.01048,95.43544,Done,Target,161.2435,14.87994,5.26511,0.00361,0.00361,1.0,0.00361,5.26511,0.0,0.0,0.0,0.60249,1.0,6,6,1,0.67265,0.88885,0.07323,0.9,0.56,0.06,0.82,0.7,0.06,0.9,0.56,0.06,-5.8154,-11.89881,17.62944,-69.20277,5.82578,69.27203,double_rcm_log_20260616_133526_303.csv,95.43544,Unknown,Task2_TargetRCM_EntryCone,0.0,5.265194157920966,14.796773072702424,14.812406087262366,0.0,0.0,0.0,1.7763568394002505e-12,6.401225668852501e-11,6.755075469648317e-10,14.15739028742025,27.210432585907828
47.58489,0.01114,89.78951,Done,Target,161.2431,14.88529,5.26704,0.00448,0.00448,1.0,0.00448,5.26704,0.0,0.0,0.0,0.60249,1.0,6,6,1,0.67305,0.88907,0.07438,0.9,0.56,0.06,0.82,0.7,0.06,0.9,0.56,0.06,-5.84492,-11.35949,16.7102,-69.0115,5.68692,69.09502,double_rcm_log_20260616_133526_303.csv,89.78951,Unknown,Task2_TargetRCM_EntryCone,0.0,5.2666566653894975,14.800871576069921,14.816517616758338,0.0,0.0,0.0,3.972054645195637e-12,9.35137087342304e-12,31.387118045294315,15.105175938091483,34.84588735189796
47.62516,0.01063,94.06727,Done,Target,161.2428,14.88817,5.26808,0.00497,0.00497,1.0,0.00497,5.26808,0.0,0.0,0.0,0.60249,1.0,6,6,1,0.67362,0.8894,0.07586,0.9,0.56,0.06,0.82,0.7,0.06,0.9,0.56,0.06,-5.87781,-10.59434,15.40755,-68.75895,5.47615,68.82962,double_rcm_log_20260616_133526_303.csv,94.06727,Unknown,Task2_TargetRCM_EntryCone,0.0,5.267943754948324,14.804478483615341,14.820135994017111,0.0,0.0,0.0,1.7901808365247238e-12,2.8964043606266987,54.93869525872509,16.664759389739256,35.543697184537955
47.65532,0.01036,96.49383,Done,Target,161.2424,14.89059,5.26898,0.00594,0.00594,1.0,0.00594,5.26898,0.0,0.0,0.0,0.60249,1.0,6,6,1,0.67408,0.88966,0.07693,0.9,0.56,0.06,0.82,0.7,0.06,0.9,0.56,0.06,-5.89824,-9.97443,14.35223,-68.56553,5.29437,68.60162,double_rcm_log_20260616_133526_303.csv,96.49383,Unknown,Task2_TargetRCM_EntryCone,0.0,5.268673639794311,14.80652389130891,14.822187908463103,0.0,0.0,0.0,0.1527800291807324,3.66368223484558,97.11546732689004,17.620379044748145,37.45180827758519
47.68716,0.01142,87.57906,Done,Target,161.2416,14.8977,5.27147,0.0075,0.0075,1.0,0.0075,5.27147,0.0,0.0,0.0,0.60249,1.0,6,6,1,0.67456,0.88994,0.07801,0.89999,0.56,0.06,0.82,0.7,0.06,0.9,0.56,0.06,-5.91566,-9.29167,13.18885,-68.35934,5.08319,68.33636,double_rcm_log_20260616_133526_303.csv,87.57906,Unknown,Task2_TargetRCM_EntryCone,0.0,5.271122784310296,14.813387283864799,14.829073147734315,0.0030852522116496355,0.008682431421294587,0.010000000000065512,0.227662446577709,3.8701580797220654,110.86677480969648,18.94700228980946,51.60538839801224
47.71757,0.01117,89.561,Done,Target,161.2409,14.90259,5.2731,0.00918,0.00918,1.0,0.00918,5.2731,0.0,0.0,0.0,0.60249,1.0,6,6,1,0.67506,0.89022,0.07901,0.89999,0.56,0.05999,0.82,0.7,0.06,0.9,0.56,0.06,-5.92776,-8.57682,11.97017,-68.15164,4.84892,68.04284,double_rcm_log_20260616_133526_303.csv,89.561,Unknown,Task2_TargetRCM_EntryCone,0.0,5.273162258397868,14.819102610418705,14.834806682170305,0.004705925757591394,0.013243285671818985,0.014142135623774532,0.18677356330931705,3.3173845504950448,105.99659278453763,20.753828528419028,59.925755276242164
47.75755,0.01075,93.03117,Done,Target,161.2397,14.9085,5.27533,0.01184,0.01184,1.0,0.01184,5.27533,0.0,0.0,0.0,0.60249,1.0,6,6,1,0.67573,0.8906,0.08025,0.89999,0.56,0.05999,0.82,0.7,0.06,0.9,0.56,0.06,-5.93591,-7.54031,10.20057,-67.85754,4.48429,67.58751,double_rcm_log_20260616_133526_303.csv,93.03117,Unknown,Task2_TargetRCM_EntryCone,0.0,5.274819689157573,14.823747302834654,14.839466182055835,0.004705925757591394,0.013243285671818985,0.014142135623774532,2.220446049250313e-13,3.5959361853636813,100.39965754503906,23.089035308005755,53.501906282114945
47.78783,0.01037,96.46355,Done,Target,161.2382,14.91525,5.27775,0.01477,0.01477,1.0,0.01477,5.27775,0.0,0.0,0.0,0.60249,1.0,6,6,1,0.67622,0.89088,0.08111,0.89999,0.56,0.05999,0.82,0.7,0.06,0.9,0.56,0.06,-5.93553,-6.69158,8.74839,-67.6165,4.16222,67.18776,double_rcm_log_20260616_133526_303.csv,96.46355,Unknown,Task2_TargetRCM_EntryCone,0.0,5.277275312694888,14.830628783798879,14.846369618633455,0.004705925757591394,0.013243285671818985,0.014142135623774532,0.15854707211815366,3.711514586647151,102.10736461084508,24.514652778340178,48.099568162253405
47.81894,0.01052,95.02499,Done,Target,161.2361,14.92492,5.28116,0.01954,0.01954,1.0,0.01954,5.28116,0.0,0.0,0.0,0.60249,1.0,6,6,1,0.67667,0.89114,0.08188,0.89998,0.56,0.05999,0.82,0.7,0.06,0.9,0.56,0.06,-5.92876,-5.78379,7.19156,-67.35206,3.79024,66.73293,double_rcm_log_20260616_133526_303.csv,95.02499,Unknown,Task2_TargetRCM_EntryCone,0.0,5.280335442935513,14.839204257217565,14.854972481116747,0.007120758437718775,0.020038424627182798,0.02236067977501405,0.22780965392516306,3.036798801098933,44.3969203931075,25.879584037346564,42.532206095735454
47.84991,0.01085,92.13828,Done,Target,161.2333,14.93442,5.28446,0.02615,0.02615,1.0,0.02615,5.28446,0.0,0.0,0.0,0.60249,1.0,6,6,1,0.67707,0.89137,0.08252,0.89998,0.56,0.05998,0.82,0.7,0.06,0.9,0.56,0.06,-5.91435,-4.83469,5.56033,-67.06165,3.36211,66.22719,double_rcm_log_20260616_133526_303.csv,92.13828,Unknown,Task2_TargetRCM_EntryCone,0.0,5.283767774048171,14.848822707341393,14.864621689374566,0.009412140941990563,0.02648657134359468,0.028284271247475467,0.2121070084347309,1.0827297683660526,55.35269585007417,26.8315518139471,27.179627355515777
47.89007,0.0106,94.31283,Done,Target,161.2283,14.94502,5.28817,0.03807,0.03807,1.0,0.03807,5.28817,0.0,0.0,0.0,0.60249,1.0,6,6,1,0.67744,0.89158,0.08312,0.89997,0.56,0.05998,0.82,0.7,0.06,0.9,0.56,0.06,-5.88347,-3.60285,3.43904,-66.64446,2.71879,65.52489,double_rcm_log_20260616_133526_303.csv,94.31283,Unknown,Task2_TargetRCM_EntryCone,0.0,5.28830176706391,14.861528272117722,14.877367945850738,0.011670202009670267,0.032839938161637466,0.03605551275461822,0.34186430248087113,3.663332171964786,9.580304454027997,24.96250842307453,102.85326526081055
47.92117,0.01104,90.59912,Done,Target,161.2235,14.94996,5.28976,0.04985,0.04985,1.0,0.04985,5.28976,0.0,0.0,0.0,0.60249,1.0,6,6,1,0.6776,0.89168,0.08337,0.89996,0.56,0.05997,0.82,0.7,0.06,0.9,0.56,0.06,-5.85329,-2.7996,2.0562,-66.32528,2.2031,65.0407,double_rcm_log_20260616_133526_303.csv,90.59912,Unknown,Task2_TargetRCM_EntryCone,0.0,5.2898529915032855,14.865875231998354,14.88172884368347,0.01630926721829697,0.04589285179802253,0.05000000000002919,0.4587838183387224,2.5104187334581236,55.1808924536728,20.869683584901974,162.64518881299207
47.95173,0.01053,94.93295,Done,Target,161.2178,14.94707,5.28835,0.06414,0.06414,1.0,0.06414,5.28835,0.0,0.0,0.0,0.60249,1.0,6,6,1,0.67768,0.89173,0.08348,0.89995,0.56,0.05996,0.82,0.7,0.06,0.9,0.56,0.06,-5.8205,-2.19513,1.02086,-66.03366,1.70317,64.66566,double_rcm_log_20260616_133526_303.csv,94.93295,Unknown,Task2_TargetRCM_EntryCone,0.0,5.289428952452191,14.864686958388436,14.880536759216632,0.02097877782256412,0.059030630901382775,0.06403124237432316,0.49530729076047425,1.5186867290522,47.95236280170206,15.505854179096115,184.18150940689242
47.99214,0.01053,94.93141,Done,Target,161.21,14.92478,5.27986,0.08384,0.08384,1.0,0.08384,5.27986,0.0,0.0,0.0,0.60249,1.0,6,6,1,0.67775,0.89178,0.08348,0.89993,0.56,0.05995,0.82,0.7,0.06,0.9,0.56,0.06,-5.77875,-1.72964,0.23777,-65.73035,1.12844,64.3776,double_rcm_log_20260616_133526_303.csv,94.93141,Unknown,Task2_TargetRCM_EntryCone,0.0,5.279056437667755,14.835620076459875,14.851376849027202,0.027971108725269218,0.07870099207663993,0.08602325267043485,0.4962508507556515,1.506808512514178,23.610373066477763,8.590220906789629,152.48088951043994
48.02258,0.01054,94.86644,Done,Target,161.2036,14.89099,5.26708,0.09928,0.09928,1.0,0.09928,5.26708,0.0,0.0,0.0,0.60249,1.0,6,6,1,0.6778,0.89183,0.08343,0.89992,0.56,0.05994,0.82,0.7,0.06,0.9,0.56,0.06,-5.7515,-1.57422,-0.01023,-65.57848,0.79551,64.2884,double_rcm_log_20260616_133526_303.csv,94.86644,Unknown,Task2_TargetRCM_EntryCone,0.0,5.266795737945252,14.801261309877143,14.8169085896206,0.03262254727618758,0.09178570359599489,0.09999999999997372,0.4616706921459039,1.4235054350485767,64.63344314508008,5.051606297838415,101.6981131027804
48.05341,0.01056,94.67081,Done,Target,161.1971,14.84024,5.24826,0.11518,0.11518,1.0,0.11518,5.24826,0.0,0.0,0.0,0.60249,1.0,6,6,1,0.67787,0.89189,0.08334,0.89991,0.56,0.05993,0.82,0.7,0.06,0.9,0.56,0.06,-5.72811,-1.51011,-0.09978,-65.48646,0.55153,64.25952,double_rcm_log_20260616_133526_303.csv,94.67081,Unknown,Task2_TargetRCM_EntryCone,0.0,5.248454652161147,14.74986191121587,14.765346346200976,0.037288418954278986,0.10491021802549932,0.11401754250994142,0.5828186622508273,2.4530216589132494,58.687454868847006,3.020542073360664,57.25038383502381
48.08438,0.01108,90.2644,Done,Target,161.1902,14.77241,5.22334,0.13117,0.13117,1.0,0.13117,5.22334,0.0,0.0,0.0,0.60249,1.0,6,6,1,0.67796,0.89197,0.08321,0.89989,0.56,0.05992,0.82,0.7,0.06,0.9,0.56,0.06,-5.70793,-1.48544,-0.12231,-65.44344,0.38688,64.256,double_rcm_log_20260616_133526_303.csv,90.2644,Unknown,Task2_TargetRCM_EntryCone,0.0,5.22248749077229,14.677088473448235,14.692344291100076,0.044284349678159154,0.12458546649408042,0.1360147050873966,0.5551681191239246,2.230226194706468,44.16893470351916,1.860107250623361,34.03158244660873
48.12458,0.0105,95.2478,Done,Target,161.1815,14.65969,5.18191,0.15173,0.15173,1.0,0.15173,5.18191,0.0,0.0,0.0,0.60249,1.0,6,6,1,0.67811,0.8921,0.08301,0.89988,0.56,0.05991,0.82,0.7,0.06,0.9,0.56,0.06,-5.68438,-1.47176,-0.12163,-65.44052,0.25966,64.26242,double_rcm_log_20260616_133526_303.csv,95.2478,Unknown,Task2_TargetRCM_EntryCone,0.0,5.1824119938995565,14.564770259998234,14.579677681093155,0.04893983916122151,0.13767855539402193,0.15000000000000707,0.4151246403707523,1.696324920488292,69.3194602586329,1.0025178779358768,20.304508269505163
48.15511,0.01046,95.58961,Done,Target,161.1751,14.55601,5.14384,0.16728,0.16728,1.0,0.16728,5.14384,0.0,0.0,0.0,0.60249,1.0,6,6,1,0.67826,0.89222,0.08282,0.89987,0.56,0.0599,0.82,0.7,0.06,0.9,0.56,0.06,-5.66721,-1.46332,-0.1184,-65.46765,0.20878,64.26805,double_rcm_log_20260616_133526_303.csv,95.58961,Unknown,Task2_TargetRCM_EntryCone,0.0,5.143906702169697,14.456846093487785,14.471423801554916,0.05360494002289836,0.1507978779692079,0.16401219466862382,0.5810325601651939,3.1469760594892406,47.99876068110546,0.76395885768123,13.603611812872925
48.18633,0.01059,94.44608,Done,Target,161.1685,14.43356,5.09897,0.18314,0.18314,1.0,0.18314,5.09897,0.0,0.0,0.0,0.60249,1.0,6,6,1,0.67843,0.89235,0.08259,0.89985,0.56,0.05989,0.82,0.7,0.06,0.9,0.56,0.06,-5.64912,-1.45384,-0.11609,-65.51368,0.18053,64.27338,double_rcm_log_20260616_133526_303.csv,94.44608,Unknown,Task2_TargetRCM_EntryCone,0.0,5.098432001646811,14.329379385001577,14.343574004189223,0.06060320423645219,0.1704744510521603,0.1860107523773688,0.5791725089824062,1.3974998118004114,81.13786311809697,0.7982687043608315,8.884962951288733
48.21721,0.01114,89.79556,Done,Target,161.162,14.29688,5.04896,0.19853,0.19853,1.0,0.19853,5.04896,0.0,0.0,0.0,0.60249,1.0,6,6,1,0.67861,0.8925,0.08234,0.89984,0.56,0.05988,0.82,0.7,0.06,0.9,0.56,0.06,-5.63012,-1.44307,-0.11525,-65.57288,0.1669,64.27814,double_rcm_log_20260616_133526_303.csv,89.79556,Unknown,Task2_TargetRCM_EntryCone,0.0,5.049827287433838,14.193129193013657,14.20692183630655,0.06526114164429311,0.18357140719206402,0.2000000000000363,0.4974557766538934,2.5268479124618946,34.647964027379714,0.9174607207942236,5.936223044348215
48.25692,0.01038,96.29681,Done,Target,161.1539,14.09908,4.97654,0.21809,0.21809,1.0,0.21809,4.97654,0.0,0.0,0.0,0.60249,1.0,6,6,1,0.67889,0.89272,0.08197,0.89982,0.56,0.05987,0.82,0.7,0.06,0.9,0.56,0.06,-5.60358,-1.42832,-0.11376,-65.66534,0.16206,64.28451,double_rcm_log_20260616_133526_303.csv,96.29681,Unknown,Task2_TargetRCM_EntryCone,0.0,4.975917479792415,13.985923462543514,13.999119500802532,0.07227377463020446,0.20328456750238305,0.22203603311180004,0.5297627290875779,2.248511963785587,91.16050887429252,1.067558291210726,3.825702526973818
48.2878,0.01065,93.88284,Done,Target,161.1475,13.92821,4.91402,0.23345,0.23345,1.0,0.23345,4.91398,0.0,0.0,0.0,0.60249,1.0,6,6,1,0.67913,0.89291,0.08165,0.89981,0.56001,0.05986,0.82,0.7,0.06,0.9,0.56,0.06,-5.58064,-1.41513,-0.11344,-65.74535,0.15834,64.28935,double_rcm_log_20260616_133526_303.csv,93.88284,Unknown,Task2_TargetRCM_EntryCone,0.0,4.913640614737321,13.811312540580877,13.824019431950349,0.07559441031136084,0.21260653438113294,0.23622023622037203,0.4859351312853693,2.954225251897122,89.41359155628524,1.1716035750547493,3.3261841181194276
48.31865,0.01053,94.98764,Done,Target,161.1413,13.74296,4.84618,0.24823,0.24823,1.0,0.24823,4.84618,0.0,0.0,0.0,0.60249,1.0,6,6,1,0.67938,0.89311,0.08131,0.8998,0.56001,0.05985,0.82,0.7,0.06,0.9,0.56,0.06,-5.55593,-1.4011,-0.11297,-65.83341,0.15713,64.29436,double_rcm_log_20260616_133526_303.csv,94.98764,Unknown,Task2_TargetRCM_EntryCone,0.0,4.847356201893755,13.625447396358808,13.637647100655878,0.08026412154283097,0.22573299407792602,0.25019992006391506,0.4930737987793066,3.3307378229150233,43.185229151748565,1.2700145944562937,3.0629436386521474
48.35906,0.01054,94.84763,Done,Target,161.1333,13.47935,4.74966,0.26759,0.26759,1.0,0.26759,4.74966,0.0,0.0,0.0,0.60249,1.0,6,6,1,0.67975,0.89339,0.08081,0.89978,0.56001,0.05984,0.82,0.7,0.06,0.9,0.56,0.06,-5.52055,-1.38112,-0.1124,-65.95811,0.15379,64.30113,double_rcm_log_20260616_133526_303.csv,94.84763,Unknown,Task2_TargetRCM_EntryCone,0.0,4.749706145723241,13.351598110850631,13.363075483294224,0.08725831856749756,0.24538823243056104,0.27221315177632094,0.49601388325126977,2.7368975804799054,45.90119404362267,1.386655552605531,3.05970912861915
48.38953,0.01057,94.62447,Done,Target,161.1274,13.26514,4.67118,0.28144,0.28144,1.0,0.28144,4.67118,0.0,0.0,0.0,0.60249,1.0,6,6,1,0.68005,0.89362,0.08041,0.89977,0.56001,0.05983,0.82,0.7,0.06,0.9,0.56,0.06,-5.49174,-1.36484,-0.11218,-66.05953,0.15112,64.3063,double_rcm_log_20260616_133526_303.csv,94.62447,Unknown,Task2_TargetRCM_EntryCone,0.0,4.6715727093475214,13.132453159269788,13.143373537364788,0.09192310358464124,0.25849862371310134,0.28618176042513105,0.3654552567348698,2.6307481756742375,69.21520150939108,1.4827940722777082,3.124633889709607
48.42042,0.00999,100.1354,Done,Target,161.1216,13.03463,4.5868,0.29557,0.29557,1.0,0.29557,4.5868,0.0,0.0,0.0,0.60249,1.0,6,6,1,0.68037,0.89387,0.07998,0.89976,0.56001,0.05983,0.82,0.7,0.06,0.9,0.56,0.06,-5.46088,-1.34867,-0.10991,-66.17015,0.15104,64.31245,double_rcm_log_20260616_133526_303.csv,100.1354,Unknown,Task2_TargetRCM_EntryCone,0.0,4.5867463698898465,12.894508635020687,12.90484502791681,0.09427377995098526,0.26510085163663977,0.29427877939125435,0.35546976515115397,1.971026007048418,87.50084355685213,1.5753146412821082,3.017480992546444
48.45213,0.01006,99.39863,Done,Target,161.1158,12.78497,4.49532,0.30983,0.30983,1.0,0.30983,4.49532,0.0,0.0,0.0,0.60249,1.0,6,6,1,0.68072,0.89413,0.07951,0.89975,0.56001,0.05982,0.82,0.7,0.06,0.9,0.56,0.06,-5.42731,-1.3284,-0.11244,-66.28939,0.15024,64.31695,double_rcm_log_20260616_133526_303.csv,99.39863,Unknown,Task2_TargetRCM_EntryCone,0.0,4.495881387702596,12.639593906008928,12.649328238819702,0.09892926056059295,0.2781836692657485,0.3082207001484248,0.4040573879731051,2.7823509780994082,46.71426166445542,1.6666753310289861,2.8554796234432187
48.49245,0.01055,94.7565,Done,Target,161.1086,12.4487,4.37197,0.3272,0.3272,1.0,0.3272,4.37197,0.0,0.0,0.0,0.60249,1.0,6,6,1,0.6812,0.89449,0.07887,0.89974,0.56001,0.05981,0.82,0.7,0.06,0.9,0.56,0.06,-5.3822,-1.3041,-0.111,-66.45219,0.15263,64.32465,double_rcm_log_20260616_133526_303.csv,94.7565,Unknown,Task2_TargetRCM_EntryCone,0.0,4.371507134390267,12.290620082299144,12.299568872979386,0.10359018458220873,0.2912809904278642,0.32218007387176695,0.5577641044353407,2.358323287448029,104.7969650259312,1.77894927499893,2.589054524922985
48.52325,0.0108,92.61259,Done,Target,161.1031,12.17813,4.27265,0.34039,0.34039,1.0,0.34039,4.27265,0.0,0.0,0.0,0.60249,1.0,6,6,1,0.68158,0.89477,0.07836,0.89972,0.56001,0.0598,0.82,0.7,0.06,0.9,0.56,0.06,-5.34566,-1.28484,-0.10937,-66.58269,0.15274,64.3309,double_rcm_log_20260616_133526_303.csv,92.61259,Unknown,Task2_TargetRCM_EntryCone,0.0,4.272192492154006,12.011917764681595,12.020270530605448,0.11060569140732346,0.3109884984270043,0.34423828956121527,0.5859874652081128,3.244801117414877,113.1022876485974,1.853155457439801,2.4293296321134945
48.55392,0.0102,97.99286,Done,Target,161.0978,11.89733,4.16951,0.35305,0.35305,1.0,0.35305,4.16951,0.0,0.0,0.0,0.60249,1.0,6,6,1,0.68197,0.89506,0.07783,0.89971,0.56001,0.05979,0.82,0.7,0.06,0.9,0.56,0.06,-5.30757,-1.26373,-0.1098,-66.71772,0.15195,64.33636,double_rcm_log_20260616_133526_303.csv,97.99286,Unknown,Task2_TargetRCM_EntryCone,0.0,4.170492910491012,11.726485302292,11.73425576955743,0.11526355930379541,0.3240750150576671,0.35818989377145216,0.3626146679055032,4.835592192339507,55.262342857291216,1.9189856747297618,2.372732576574285
48.58515,0.01056,94.67132,Done,Target,161.0926,11.60044,4.06023,0.36578,0.36578,1.0,0.36578,4.06023,0.0,0.0,0.0,0.60249,1.0,6,6,1,0.68239,0.89537,0.07726,0.8997,0.56001,0.05979,0.82,0.7,0.06,0.9,0.56,0.06,-5.26689,-1.24197,-0.10919,-66.85928,0.14744,64.34247,double_rcm_log_20260616_133526_303.csv,94.67132,Unknown,Task2_TargetRCM_EntryCone,0.0,4.060368855069125,11.417366876818011,11.424538028887072,0.1176362045892963,0.3307357764835061,0.3663331816802528,0.3067461595582483,1.096952302061315,116.28467787504857,1.9978912863318121,2.6810905728403136
48.62592,0.011,90.89076,Done,Target,161.0861,11.19669,3.91151,0.38141,0.38141,1.0,0.38141,3.91151,0.0,0.0,0.0,0.60249,1.0,6,6,1,0.68297,0.89579,0.07648,0.89969,0.56001,0.05978,0.82,0.7,0.06,0.9,0.56,0.06,-5.21183,-1.21213,-0.10954,-67.05537,0.14838,64.35,double_rcm_log_20260616_133526_303.csv,90.89076,Unknown,Task2_TargetRCM_EntryCone,0.0,3.9107994247207065,10.997457884781724,11.003865537337909,0.12228665533314127,0.3438000313241527,0.38026306683665495,0.41263709124984577,2.627483402131238,70.17995876672809,2.108721422628421,2.3929690203507503
48.65653,0.0102,98.0307,Done,Target,161.0814,10.8825,3.79571,0.39305,0.39305,1.0,0.39305,3.79571,0.0,0.0,0.0,0.60249,1.0,6,6,1,0.68341,0.89611,0.07588,0.89968,0.56001,0.05977,0.82,0.7,0.06,0.9,0.56,0.06,-5.16886,-1.18781,-0.11204,-67.20821,0.14944,64.35482,double_rcm_log_20260616_133526_303.csv,98.0307,Unknown,Task2_TargetRCM_EntryCone,0.0,3.796605698992353,10.676813881122282,10.682676559781804,0.12694208537026708,0.35687748382539897,0.39420806688852933,0.45796918284857846,2.150301247176571,83.97751030677063,2.1718455346833756,2.2362150559848692
48.68769,0.01094,91.41637,Done,Target,161.0767,10.55358,3.67413,0.40415,0.40415,1.0,0.40415,3.67413,0.0,0.0,0.0,0.60249,1.0,6,6,1,0.68388,0.89645,0.07524,0.89967,0.56001,0.05976,0.82,0.7,0.06,0.9,0.56,0.06,-5.12348,-1.16612,-0.10793,-67.36835,0.14827,64.36247,double_rcm_log_20260616_133526_303.csv,91.41637,Unknown,Task2_TargetRCM_EntryCone,0.0,3.674935945305317,10.335131338760082,10.340448336093415,0.13160199726261104,0.3699667344713855,0.40816663263921066,0.36029690087450994,2.53101142458203,62.42594027117843,2.231908119283427,2.093910992125042
48.71843,0.01034,96.66839,Done,Target,161.0722,10.21935,3.55038,0.41502,0.41502,1.0,0.41502,3.55038,0.0,0.0,0.0,0.60249,1.0,6,6,1,0.68436,0.89679,0.07459,0.89966,0.56001,0.05976,0.82,0.7,0.06,0.9,0.56,0.06,-5.07698,-1.14083,-0.10956,-67.53013,0.14468,64.36781,double_rcm_log_20260616_133526_303.csv,96.66839,Unknown,Task2_TargetRCM_EntryCone,0.0,3.5507289290055235,9.986275394302403,9.991071371372819,0.13397152935630335,0.3766165158354254,0.41629316592997595,0.3660569897629281,2.632085774827711,60.00020055574179,2.2966587799502793,2.281447615579987
48.74889,0.01031,97.00582,Done,Target,161.0681,9.88175,3.42514,0.42543,0.42543,1.0,0.42543,3.42514,0.0,0.0,0.0,0.60249,1.0,6,6,1,0.68485,0.89714,0.07392,0.89965,0.56001,0.05975,0.82,0.7,0.06,0.9,0.56,0.06,-5.02998,-1.11665,-0.10917,-67.69571,0.14419,64.37389,double_rcm_log_20260616_133526_303.csv,97.00582,Unknown,Task2_TargetRCM_EntryCone,0.0,3.424227620279147,9.630927322263975,9.635228820176108,0.13862500465803096,0.3896862643402148,0.4302324952860371,0.2314164561718016,2.746339176626691,84.8536153852395,2.3653339403787585,2.1597832620258575
48.77916,0.00955,104.7245,Done,Target,161.0641,9.53879,3.29764,0.43518,0.43518,1.0,0.43518,3.29764,0.0,0.0,0.0,0.60249,1.0,6,6,1,0.68534,0.89748,0.07325,0.89965,0.56001,0.05975,0.82,0.7,0.06,0.9,0.56,0.06,-4.98209,-1.09175,-0.10959,-67.86514,0.14512,64.3796,double_rcm_log_20260616_133526_303.csv,104.7245,Unknown,Task2_TargetRCM_EntryCone,0.0,3.2986746470901003,9.278196743747682,9.282042283150068,0.13862500465803096,0.3896862643402148,0.4302324952860371,0.22505318766264096,2.4877079837966165,90.42516133618977,2.421604891819496,1.7919417971110272
48.81019,0.00917,109.0892,Done,Target,161.0601,9.181,3.16422,0.44495,0.44495,1.0,0.44495,3.16422,0.0,0.0,0.0,0.60249,1.0,6,6,1,0.68586,0.89785,0.07253,0.89964,0.56001,0.05974,0.82,0.7,0.06,0.9,0.56,0.06,-4.9316,-1.06755,-0.10684,-68.04214,0.14375,64.3868,double_rcm_log_20260616_133526_303.csv,109.0892,Unknown,Task2_TargetRCM_EntryCone,0.0,3.164210221213579,8.90038082051411,8.903775056165879,0.14328279806334676,0.4027673502924024,0.44418464629027493,0.35891818100908385,2.6700785682150565,79.85619884600867,2.4635388994402083,1.8588226552571863
48.84163,0.01121,89.21837,Done,Target,161.0563,8.81156,3.02608,0.45421,0.45421,1.0,0.45421,3.02608,0.0,0.0,0.0,0.60249,1.0,6,6,1,0.6864,0.89822,0.07179,0.89963,0.56001,0.05974,0.82,0.7,0.06,0.9,0.56,0.06,-4.87884,-1.04018,-0.10811,-68.22375,0.13829,64.39247,double_rcm_log_20260616_133526_303.csv,89.21837,Unknown,Task2_TargetRCM_EntryCone,0.0,3.0256107763242492,8.510895106570132,8.513862617125206,0.1456598900091965,0.4094367613422892,0.4523273151159274,0.36434685576435133,2.571690588587176,84.73591430033436,2.530047536141125,2.2274663180790863
48.87202,0.01035,96.62048,Done,Target,161.0529,8.44951,2.89015,0.46279,0.46279,1.0,0.46279,2.89015,0.0,0.0,0.0,0.60249,1.0,6,6,1,0.68693,0.89858,0.07106,0.89962,0.56001,0.05973,0.82,0.7,0.06,0.9,0.56,0.06,-4.8272,-1.01364,-0.10941,-68.40642,0.14052,64.39785,double_rcm_log_20260616_133526_303.csv,96.62048,Unknown,Task2_TargetRCM_EntryCone,0.0,2.8906181775707447,8.131497289395035,8.134085096430288,0.15031179429221497,0.42249988620850176,0.4662617290750276,0.23584929804672133,2.7379486152249215,70.84349248411648,2.589371577652004,1.5115146295898723
48.90325,0.01046,95.63503,Done,Target,161.0494,8.07402,2.74851,0.47104,0.47104,1.0,0.47104,2.74851,0.0,0.0,0.0,0.60249,1.0,6,6,1,0.68749,0.89896,0.07029,0.89962,0.56001,0.05973,0.82,0.7,0.06,0.9,0.56,0.06,-4.77291,-0.98733,-0.10838,-68.59609,0.13947,64.40437,double_rcm_log_20260616_133526_303.csv,95.63503,Unknown,Task2_TargetRCM_EntryCone,0.0,2.748754904883852,7.732740781893241,7.7349660091353485,0.15031179429221497,0.42249988620850176,0.4662617290750276,0.22522771714719436,1.9340313131507283,50.56852529934062,2.618847307624337,1.4546754800210477
48.93459,0.01132,88.3435,Done,Target,161.0461,7.69338,2.60429,0.47907,0.47907,1.0,0.47907,2.60429,0.0,0.0,0.0,0.60249,1.0,6,6,1,0.68806,0.89935,0.06951,0.89961,0.56001,0.05972,0.82,0.7,0.06,0.9,0.56,0.06,-4.71698,-0.95898,-0.11009,-68.78825,0.13445,64.40978,double_rcm_log_20260616_133526_303.csv,88.3435,Unknown,Task2_TargetRCM_EntryCone,0.0,2.6047613488586365,7.327947899522786,7.3298414483437755,0.15496785440294472,0.43557389199151075,0.4802082881417164,0.3392034193228348,0.5690605495842984,42.24525928882825,2.6766739226424963,2.00844064993298
48.97511,0.0111,90.09267,Done,Target,161.0423,7.19871,2.41541,0.48867,0.48867,1.0,0.48867,2.41541,0.0,0.0,0.0,0.60249,1.0,6,6,1,0.68881,0.89985,0.06847,0.8996,0.56001,0.05972,0.82,0.7,0.06,0.9,0.56,0.06,-4.64402,-0.92369,-0.11004,-69.04688,0.13976,64.41758,double_rcm_log_20260616_133526_303.csv,90.09267,Unknown,Task2_TargetRCM_EntryCone,0.0,2.4154143938513983,6.795588072694798,6.79709799812562,0.15735143937058377,0.44225993053169277,0.48836461788304253,0.21473646856909565,0.987404529246778,61.52239984613705,2.746929761788979,1.361745396412579
49.00565,0.01061,94.21208,Done,Target,161.0395,6.82517,2.27168,0.4954,0.4954,1.0,0.4954,2.27168,0.0,0.0,0.0,0.60249,1.0,6,6,1,0.68939,0.90023,0.06767,0.8996,0.56001,0.05971,0.82,0.7,0.06,0.9,0.56,0.06,-4.58766,-0.89675,-0.11007,-69.24344,0.13974,64.42342,double_rcm_log_20260616_133526_303.csv,94.21208,Unknown,Task2_TargetRCM_EntryCone,0.0,2.2722655579674527,6.393067330754862,6.394324412023706,0.15962773222554888,0.44865782747423394,0.4941659640242859,0.2295068891034079,3.1265579000956625,41.94505467356028,2.767699961100984,1.2091459468538186
49.03675,0.01053,94.99218,Done,Target,161.037,6.44731,2.12495,0.5017,0.5017,1.0,0.5017,2.12486,0.0,0.0,0.0,0.60249,1.0,6,6,1,0.68998,0.90061,0.06684,0.89959,0.56001,0.05971,0.82,0.7,0.06,0.9,0.56,0.06,-4.52935,-0.87102,-0.10681,-69.44505,0.1372,64.43066,double_rcm_log_20260616_133526_303.csv,94.99218,Unknown,Task2_TargetRCM_EntryCone,0.0,2.125258374217614,5.9796557756368784,5.9806843285812405,0.16200208194684115,0.4553173027174297,0.5022947341949902,0.16202833418255125,2.6769333814787295,86.16634320732904,2.79883180524057,1.2941770276652604
49.06834,0.01074,93.0705,Done,Target,161.0347,6.06603,1.97526,0.50734,0.50734,1.0,0.50734,1.97526,0.0,0.0,0.0,0.60249,1.0,6,6,1,0.69059,0.90101,0.06599,0.89959,0.56001,0.05971,0.82,0.7,0.06,0.9,0.56,0.06,-4.46922,-0.84113,-0.11001,-69.65268,0.13532,64.43529,double_rcm_log_20260616_133526_303.csv,93.0705,Unknown,Task2_TargetRCM_EntryCone,0.0,1.9759607407546445,5.559762774655615,5.560589443254692,0.16200208194684115,0.4553173027174297,0.5022947341949902,0.1576784619210514,2.400268037344107,82.62530622831801,2.8385746714983986,1.229035809622919
49.10001,0.01057,94.63132,Done,Target,161.0324,5.69038,1.82574,0.51291,0.51291,1.0,0.51291,1.82574,0.0,0.0,0.0,0.60249,1.0,6,6,1,0.69121,0.9014,0.06512,0.89958,0.56001,0.05971,0.82,0.7,0.06,0.9,0.56,0.06,-4.40829,-0.81371,-0.10872,-69.86386,0.13454,64.44171,double_rcm_log_20260616_133526_303.csv,94.63132,Unknown,Task2_TargetRCM_EntryCone,0.0,1.8258176607817194,5.137453926897194,5.1381061158483075,0.1644004792687671,0.4620439539531028,0.5104899607239872,0.22068787618341776,2.5454974374899852,69.00147704069695,2.871564221420929,1.0006923018401543
49.13246,0.01062,94.19379,Done,Target,161.0305,5.31478,1.67386,0.51793,0.51793,1.0,0.51793,1.67386,0.0,0.0,0.0,0.60249,1.0,6,6,1,0.69185,0.90181,0.06422,0.89958,0.56001,0.0597,0.82,0.7,0.06,0.9,0.56,0.06,-4.34515,-0.7851,-0.10839,-70.08253,0.13407,64.44778,double_rcm_log_20260616_133526_303.csv,94.19379,Unknown,Task2_TargetRCM_EntryCone,0.0,1.674585926746845,4.712047355379845,4.7125505406443295,0.166656723437758,0.46838511439264874,0.5162363799655887,0.21205068112874162,2.1579186626818654,88.18067355330666,2.8924992134411354,1.0012536371588878
49.16695,0.0119,84.04272,Done,Target,161.0286,4.92954,1.51478,0.52254,0.52254,1.0,0.52254,1.51478,0.0,0.0,0.0,0.60249,1.0,6,6,1,0.69254,0.90224,0.06325,0.89957,0.56001,0.0597,0.82,0.7,0.06,0.9,0.56,0.06,-4.27674,-0.75494,-0.10724,-70.31556,0.12839,64.45454,double_rcm_log_20260616_133526_303.csv,84.04272,Unknown,Task2_TargetRCM_EntryCone,0.0,1.5146068898484293,4.261999431420814,4.2623717456256465,0.1690459617265886,0.47508541742112037,0.5244044240851059,0.13654135239526966,4.1287747252254965,52.49024956865515,2.933731880712612,1.5919576418937695
49.19765,0.01038,96.32318,Done,Target,161.0271,4.60517,1.37729,0.52633,0.52633,1.0,0.52633,1.37729,0.0,0.0,0.0,0.60249,1.0,6,6,1,0.69315,0.90262,0.06238,0.89957,0.56001,0.0597,0.82,0.7,0.06,0.9,0.56,0.06,-4.2161,-0.72635,-0.11014,-70.52822,0.13306,64.45874,double_rcm_log_20260616_133526_303.csv,96.32318,Unknown,Task2_TargetRCM_EntryCone,0.0,1.3783019830920007,3.878524463258496,3.8788050364846507,0.1690459617265886,0.47508541742112037,0.5244044240851059,0.14849443092579406,2.5637032133916278,110.05562038808235,2.9646687027226033,0.8682979914998924
49.23029,0.01023,97.71574,Done,Target,161.0259,4.28442,1.23717,0.52932,0.52932,1.0,0.52932,1.23717,0.0,0.0,0.0,0.60249,1.0,6,6,1,0.69381,0.90303,0.06145,0.89957,0.56,0.0597,0.82,0.7,0.06,0.9,0.56,0.06,-4.15079,-0.69841,-0.10884,-70.75415,0.13361,64.46495,double_rcm_log_20260616_133526_303.csv,97.71574,Unknown,Task2_TargetRCM_EntryCone,0.0,1.2374019841442276,3.4820987926260534,3.4823018171744815,0.17040928847405062,0.47894274589577135,0.5243090691567641,0.21650576908773628,3.261274834325723,83.1546414429827,2.950591980325573,0.8998417941869242
49.26297,0.01051,95.11562,Done,Target,161.0248,3.99573,1.10588,0.53245,0.53245,1.0,0.53245,1.10588,0.0,0.0,0.0,0.60249,1.0,6,6,1,0.69448,0.90343,0.0605,0.89956,0.56,0.0597,0.82,0.7,0.06,0.9,0.56,0.06,-4.0842,-0.66918,-0.10951,-70.97767,0.12486,64.47032,double_rcm_log_20260616_133526_303.csv,95.11562,Unknown,Task2_TargetRCM_EntryCone,0.0,1.1047098066482797,3.108746736625039,3.108891201853611,0.17283354692052927,0.48574130500154533,0.5325410782277675,0.15274084704053337,3.318094367101802,79.84592423911616,2.9817546650440248,1.4307460552241134
49.29554,0.01016,98.39666,Done,Target,161.0239,3.74904,0.98873,0.53462,0.53462,1.0,0.53462,0.98873,0.0,0.0,0.0,0.60249,1.0,6,6,1,0.69514,0.90383,0.05956,0.89956,0.56,0.0597,0.82,0.7,0.06,0.9,0.56,0.06,-4.01847,-0.64182,-0.10821,-71.2083,0.13113,64.47626,double_rcm_log_20260616_133526_303.csv,98.39666,Unknown,Task2_TargetRCM_EntryCone,0.0,0.9884140376998806,2.7815149922117697,2.781618467686007,0.17283354692052927,0.48574130500154533,0.5325410782277675,0.0,2.3598304828798944,50.6147559264193,3.0082503658991944,0.45015512021372145
49.32853,0.01043,95.89576,Done,Target,161.0233,3.55104,0.88977,0.53599,0.53599,1.0,0.53599,0.88977,0.0,0.0,0.0,0.60249,1.0,6,6,1,0.69582,0.90423,0.05859,0.89956,0.56,0.0597,0.82,0.7,0.06,0.9,0.56,0.06,-3.95087,-0.61289,-0.10898,-71.43839,0.12788,64.48135,double_rcm_log_20260616_133526_303.csv,95.89576,Unknown,Task2_TargetRCM_EntryCone,0.0,0.8895316391456166,2.503271729171793,2.5033471526320916,0.17283354692052927,0.48574130500154533,0.5325410782277675,2.5219419200973695e-12,2.942357055929545e-11,35.3157534744671,2.997716840851874,0.3206972280305183
49.3607,0.01119,89.35406,Done,Target,161.0229,3.4179,0.81996,0.53711,0.53711,1.0,0.53711,0.8202,0.0,0.0,0.0,0.60249,1.0,6,6,1,0.69648,0.90461,0.05764,0.89956,0.56,0.0597,0.82,0.7,0.06,0.9,0.56,0.06,-3.88465,-0.58508,-0.10946,-71.66397,0.12545,64.4863,double_rcm_log_20260616_133526_303.csv,89.35406,Unknown,Task2_TargetRCM_EntryCone,0.0,0.8209835820812043,2.310381255599069,2.3104405517693105,0.17283354692052927,0.48574130500154533,0.5325410782277675,1.7798229048217483e-12,6.21644604533653e-11,8.779070354392969e-10,3.019819912801621,0.8682267205748905
49.39309,0.01086,92.10857,Done,Target,161.0227,3.35157,0.78435,0.53773,0.53773,1.0,0.53773,0.78435,0.0,0.0,0.0,0.60249,1.0,6,6,1,0.69715,0.905,0.05669,0.89956,0.56,0.0597,0.82,0.7,0.06,0.9,0.56,0.06,-3.81823,-0.55799,-0.10919,-71.89376,0.12849,64.49141,double_rcm_log_20260616_133526_303.csv,92.10857,Unknown,Task2_TargetRCM_EntryCone,0.0,0.7842284035417875,2.2069528191994694,2.2070045026386595,0.17283354692052927,0.48574130500154533,0.5325410782277675,1.7901808365247238e-12,2.768592234131035e-11,1.2840428428312456e-09,3.0204038114089986,0.4021879998482265
49.42561,0.01121,89.21555,Done,Target,161.0229,3.35737,0.78783,0.53725,0.53725,1.0,0.53725,0.78783,0.0,0.0,0.0,0.60249,1.0,6,6,1,0.69781,0.90538,0.05573,0.89956,0.56,0.0597,0.82,0.7,0.06,0.9,0.56,0.06,-3.75126,-0.53098,-0.10908,-72.122,0.12711,64.49635,double_rcm_log_20260616_133526_303.csv,89.21555,Unknown,Task2_TargetRCM_EntryCone,0.0,0.7883356142105615,2.218510484806637,2.2185629845387895,0.17283354692052927,0.48574130500154533,0.5325410782277675,1.1102230246251565e-13,3.8951107374108185e-11,3.5487019353392395e-11,3.009588738956424,0.9166158415278898
49.45815,0.01131,88.42471,Done,Target,161.0232,3.43571,0.83016,0.53665,0.53665,1.0,0.53665,0.83016,0.0,0.0,0.0,0.60249,1.0,6,6,1,0.69848,0.90576,0.05476,0.89956,0.56,0.0597,0.82,0.7,0.06,0.9,0.56,0.06,-3.68399,-0.50405,-0.10927,-72.35093,0.1256,64.50103,double_rcm_log_20260616_133526_303.csv,88.42471,Unknown,Task2_TargetRCM_EntryCone,0.0,0.8309625309665513,2.33846168276396,2.33852316751343,0.17283354692052927,0.48574130500154533,0.5325410782277675,1.7798229048217483e-12,2.6075310835503664e-11,9.015350276920199e-10,3.0003629755462704,0.2367230766046875
49.49113,0.01173,85.27821,Done,Target,161.0239,3.58383,0.90741,0.53525,0.53525,1.0,0.53525,0.90741,0.0,0.0,0.0,0.60249,1.0,6,6,1,0.69916,0.90613,0.05378,0.89956,0.56,0.0597,0.82,0.7,0.06,0.9,0.56,0.06,-3.61559,-0.47649,-0.1105,-72.58063,0.12026,64.50521,double_rcm_log_20260616_133526_303.csv,85.27821,Unknown,Task2_TargetRCM_EntryCone,0.0,0.9080789806808527,2.555462326801339,2.555542567156361,0.17283354692052927,0.48574130500154533,0.5325410782277675,1.7901808365247238e-12,2.3871130607194452e-11,9.880008428446552e-10,2.998695415912198,1.2814888959540527
49.52267,0.01075,93.01136,Done,Target,161.0246,3.78174,1.00542,0.53349,0.53349,1.0,0.53349,1.00542,0.0,0.0,0.0,0.60249,1.0,6,6,1,0.6998,0.90649,0.05285,0.89956,0.56,0.0597,0.82,0.7,0.06,0.9,0.56,0.06,-3.55093,-0.45226,-0.10905,-72.80264,0.12243,64.51009,double_rcm_log_20260616_133526_303.csv,93.01136,Unknown,Task2_TargetRCM_EntryCone,0.0,1.0054952213865043,2.8295785876098405,2.8296875208611243,0.17283354692052927,0.48574130500154533,0.5325410782277675,1.1102230246251565e-13,3.9554581906732805e-11,50.079501886431494,3.0094012966307955,0.6609669894902045
49.55492,0.01062,94.20126,Done,Target,161.0255,4.03237,1.12396,0.53117,0.53117,1.0,0.53117,1.12396,0.0,0.0,0.0,0.60249,1.0,6,6,1,0.70046,0.90684,0.0519,0.89956,0.56,0.0597,0.82,0.7,0.06,0.9,0.56,0.06,-3.48492,-0.42656,-0.10995,-73.02945,0.12554,64.51394,double_rcm_log_20260616_133526_303.csv,94.20126,Unknown,Task2_TargetRCM_EntryCone,0.0,1.1230046276373948,3.1602233695449566,3.1603751315306674,0.17283354692052927,0.48574130500154533,0.5325410782277675,1.7763568394002505e-12,3.2664847326272834,51.24828560456771,2.9878197098274564,1.1554460616690492
49.5877,0.01071,93.3909,Done,Target,161.027,4.32755,1.25726,0.52796,0.52796,1.0,0.52796,1.25726,0.0,0.0,0.0,0.60249,1.0,6,6,1,0.70112,0.9072,0.05093,0.89956,0.56,0.0597,0.82,0.7,0.06,0.9,0.56,0.06,-3.41763,-0.39932,-0.11339,-73.25632,0.123,64.51663,double_rcm_log_20260616_133526_303.csv,93.3909,Unknown,Task2_TargetRCM_EntryCone,0.0,1.2563079724312973,3.535292539334808,3.5355050124997867,0.17283354692052927,0.48574130500154533,0.5325410782277675,0.21591042731455173,3.2791998310227974,100.73535943049723,2.9581716399833327,1.0567436278032236
49.62046,0.01105,90.51614,Done,Target,161.0283,4.65304,1.399,0.52458,0.52458,1.0,0.52458,1.399,0.0,0.0,0.0,0.60249,1.0,6,6,1,0.70178,0.90754,0.04997,0.89957,0.56,0.05971,0.82,0.7,0.06,0.9,0.56,0.06,-3.35104,-0.37668,-0.10978,-73.48227,0.12239,64.52209,double_rcm_log_20260616_133526_303.csv,90.51614,Unknown,Task2_TargetRCM_EntryCone,0.0,1.3988731924617699,3.9364001701386075,3.936693494175099,0.16820349169762702,0.4727432218934331,0.5186520991956312,0.21505101462300275,3.3316670283561973,49.116466995420595,2.9421844915449733,0.7156616637392913
49.65298,0.01093,91.4869,Done,Target,161.0302,5.00094,1.54573,0.52051,0.52051,1.0,0.52051,1.54573,0.0,0.0,0.0,0.60249,1.0,6,6,1,0.70243,0.90788,0.04901,0.89957,0.56,0.05971,0.82,0.7,0.06,0.9,0.56,0.06,-3.28515,-0.35171,-0.11144,-73.70515,0.1217,64.52515,double_rcm_log_20260616_133526_303.csv,91.4869,Unknown,Task2_TargetRCM_EntryCone,0.0,1.5465065740668693,4.351741369754703,4.352137706488592,0.16820349169762702,0.4727432218934331,0.5186520991956312,1.7798229048217483e-12,0.0001412992329381253,98.70710318367259,2.9191341077234125,0.8223772792950397
49.6872,0.01061,94.28756,Done,Target,161.0322,5.3865,1.70433,0.51555,0.51555,1.0,0.51555,1.70433,0.0,0.0,0.0,0.60249,1.0,6,6,1,0.7031,0.90823,0.04802,0.89957,0.56,0.05971,0.82,0.7,0.06,0.9,0.56,0.06,-3.21611,-0.32598,-0.11307,-73.93699,0.11884,64.52826,double_rcm_log_20260616_133526_303.csv,94.28756,Unknown,Task2_TargetRCM_EntryCone,0.0,1.7037577624055056,4.794108775980368,4.794638717969065,0.16820349169762702,0.4727432218934331,0.5186520991956312,0.2381125761740887,3.243002470796585,49.59147194199489,2.8942683873698396,1.1856736867064244
49.71831,0.00945,105.8419,Done,Target,161.0343,5.74893,1.85044,0.51046,0.51046,1.0,0.51046,1.85044,0.0,0.0,0.0,0.60249,1.0,6,6,1,0.70371,0.90854,0.04712,0.89958,0.56,0.05972,0.82,0.7,0.06,0.9,0.56,0.06,-3.15416,-0.3042,-0.11285,-74.14692,0.1193,64.53157,double_rcm_log_20260616_133526_303.csv,105.8419,Unknown,Task2_TargetRCM_EntryCone,0.0,1.8510729883460946,5.208492370363182,5.209171998090317,0.1635786990338023,0.4597591342631963,0.5047771785649361,0.23392431502226457,2.492662113778147,60.97870566603842,2.872093452978408,1.0939216191837609
49.75129,0.01112,89.89892,Done,Target,161.0367,6.14176,2.00633,0.5046,0.5046,1.0,0.5046,2.00633,0.0,0.0,0.0,0.60249,1.0,6,6,1,0.70435,0.90886,0.04618,0.89958,0.56,0.05972,0.82,0.7,0.06,0.9,0.56,0.06,-3.08921,-0.28309,-0.11012,-74.36729,0.12028,64.53596,double_rcm_log_20260616_133526_303.csv,89.89892,Unknown,Task2_TargetRCM_EntryCone,0.0,2.006361349191383,5.6452662969038965,5.64613170900597,0.1635786990338023,0.4597591342631963,0.5047771785649361,0.1542629523800798,0.258253127673869,72.67026010954217,2.825536652385063,1.6053640838578758
49.78389,0.01023,97.77139,Done,Target,161.0394,6.53619,2.16085,0.49802,0.49802,1.0,0.49802,2.16085,0.0,0.0,0.0,0.60249,1.0,6,6,1,0.70497,0.90917,0.04526,0.89959,0.56,0.05972,0.82,0.7,0.06,0.9,0.56,0.06,-3.02523,-0.25965,-0.11276,-74.57982,0.11545,64.5379,double_rcm_log_20260616_133526_303.csv,97.77139,Unknown,Task2_TargetRCM_EntryCone,0.0,2.1597032235807316,6.076524732997814,6.077604108240962,0.16113455019791106,0.4529034537973262,0.49648766349227164,0.21454816568243038,2.271093872366989,6.605612248652814,2.7823266675956257,1.2627914365441593
49.81724,0.0115,86.95641,Done,Target,161.0423,6.9425,2.31816,0.49092,0.49092,1.0,0.49092,2.31816,0.0,0.0,0.0,0.60249,1.0,6,6,1,0.7056,0.90947,0.04433,0.89959,0.56,0.05973,0.82,0.7,0.06,0.9,0.56,0.06,-2.96092,-0.23954,-0.10989,-74.79571,0.1138,64.54201,double_rcm_log_20260616_133526_303.csv,86.95641,Unknown,Task2_TargetRCM_EntryCone,0.0,2.3179093365548455,6.521417694350981,6.522752056457743,0.15895960260579756,0.446790262272522,0.4909175083453607,0.21792315313064275,0.08719529010675402,31.856579699454052,2.743577277690022,1.2023230167536478
49.84895,0.01101,90.84186,Done,Target,161.0453,7.32994,2.46696,0.48397,0.48397,1.0,0.48397,2.46696,0.0,0.0,0.0,0.60249,1.0,6,6,1,0.70619,0.90975,0.04345,0.8996,0.56,0.05973,0.82,0.7,0.06,0.9,0.56,0.06,-2.90047,-0.21829,-0.11191,-74.99696,0.11044,64.54375,double_rcm_log_20260616_133526_303.csv,90.84186,Unknown,Task2_TargetRCM_EntryCone,0.0,2.4667158260509736,6.939832565754546,6.941440750133903,0.15650473175502838,0.43990383564527996,0.48259714048060137,0.220257990743296,0.09960523348736082,34.97016291097616,2.717959956962825,1.3109638281176086
49.88149,0.01052,95.02154,Done,Target,161.0485,7.72737,2.61838,0.47591,0.47591,1.0,0.47591,2.61838,0.0,0.0,0.0,0.60249,1.0,6,6,1,0.70678,0.91004,0.04257,0.8996,0.56,0.05974,0.82,0.7,0.06,0.9,0.56,0.06,-2.83978,-0.19922,-0.11047,-75.20393,0.11428,64.54677,double_rcm_log_20260616_133526_303.csv,95.02154,Unknown,Task2_TargetRCM_EntryCone,0.0,2.6183721570978324,7.366212453866539,7.368135838866789,0.15434668742452945,0.4338379704629689,0.47707441767511666,0.21995685736081333,2.3733887048078572,1.942159411055515,2.6825117234771105,1.566401511456665
49.91328,0.00978,102.2299,Done,Target,161.0519,8.11374,2.76478,0.46771,0.46771,1.0,0.46771,2.76478,0.0,0.0,0.0,0.60249,1.0,6,6,1,0.70735,0.9103,0.04171,0.89961,0.56,0.05974,0.82,0.7,0.06,0.9,0.56,0.06,-2.7811,-0.17799,-0.11454,-75.40054,0.11362,64.54725,double_rcm_log_20260616_133526_303.csv,102.2299,Unknown,Task2_TargetRCM_EntryCone,0.0,2.764765809662591,7.777747466581736,7.780011801357908,0.15188052527941903,0.42691919610154794,0.4687216658103178,0.3426875466320439,0.05076337828579746,72.54077268069629,2.619982853891277,1.9461036789288617
49.9463,0.01095,91.32272,Done,Target,161.0556,8.51053,2.9143,0.45882,0.45882,1.0,0.45882,2.9143,0.0,0.0,0.0,0.60249,1.0,6,6,1,0.70793,0.91057,0.04084,0.89962,0.56,0.05975,0.82,0.7,0.06,0.9,0.56,0.06,-2.72131,-0.1602,-0.11239,-75.6005,0.1122,64.55028,double_rcm_log_20260616_133526_303.csv,91.32272,Unknown,Task2_TargetRCM_EntryCone,0.0,2.9150502980788104,8.200167373409895,8.202821347547534,0.14726243174796014,0.41395094469684646,0.45486261662180577,0.21198323993799198,2.3258634831862213,54.46023438347566,2.567660986134805,1.6322298477509902
49.97866,0.01074,93.09683,Done,Target,161.0595,8.89498,3.05845,0.4493,0.4493,1.0,0.4493,3.05845,0.0,0.0,0.0,0.60249,1.0,6,6,1,0.70848,0.91082,0.04001,0.89962,0.56,0.05975,0.82,0.7,0.06,0.9,0.56,0.06,-2.66393,-0.14251,-0.11193,-75.79313,0.11227,64.5523,double_rcm_log_20260616_133526_303.csv,93.09683,Unknown,Task2_TargetRCM_EntryCone,0.0,3.0577672456746456,8.60126424152925,8.604327366760138,0.14726243174796014,0.41395094469684646,0.45486261662180577,0.21720199954279804,3.4300959829341813,72.57298412695985,2.514013774248912,1.7601268703669033
50.01115,0.01112,89.91249,Done,Target,161.0636,9.27506,3.20045,0.43938,0.43938,1.0,0.43938,3.20045,0.0,0.0,0.0,0.60249,1.0,6,6,1,0.70903,0.91107,0.03919,0.89963,0.56,0.05976,0.82,0.7,0.06,0.9,0.56,0.06,-2.60745,-0.12419,-0.11355,-75.98154,0.11103,64.55328,double_rcm_log_20260616_133526_303.csv,89.91249,Unknown,Task2_TargetRCM_EntryCone,0.0,3.2003545639195634,9.001943501675557,9.005455371339039,0.14265101628504012,0.4010006713978559,0.4410215414239818,0.4352765658278276,2.36223197587847,82.14704417853612,2.4573007866919436,1.7699459017452248
50.04364,0.01034,96.73949,Done,Target,161.0679,9.64894,3.33977,0.4291,0.4291,1.0,0.4291,3.33977,0.0,0.0,0.0,0.60249,1.0,6,6,1,0.70956,0.9113,0.03838,0.89964,0.56,0.05977,0.82,0.7,0.06,0.9,0.56,0.06,-2.55223,-0.1076,-0.11326,-76.16632,0.11072,64.55492,double_rcm_log_20260616_133526_303.csv,96.73949,Unknown,Task2_TargetRCM_EntryCone,0.0,3.3404562933894235,9.39558381465205,9.399577316645505,0.1380469185868461,0.3880701760487029,0.42720018726589987,0.3436443181980958,2.3353545600488235,35.241684320916306,2.400649680768576,1.916849692720243
50.07628,0.01173,85.27641,Done,Target,161.0724,10.01539,3.47598,0.41807,0.41807,1.0,0.41807,3.47598,0.0,0.0,0.0,0.60249,1.0,6,6,1,0.71008,0.91153,0.0376,0.89965,0.56,0.05977,0.82,0.7,0.06,0.9,0.56,0.06,-2.49844,-0.09148,-0.11332,-76.34719,0.11191,64.55616,double_rcm_log_20260616_133526_303.csv,85.27641,Unknown,Task2_TargetRCM_EntryCone,0.0,3.475013375129076,9.77359261235553,9.77808832332681,0.13556744847378213,0.3811117340704608,0.4188078318274996,0.34590877107187545,0.07837660516161894,35.86442043981733,2.3329469735615014,2.2922060191734737
50.10847,0.01117,89.50549,Done,Target,161.077,10.36995,3.60728,0.40693,0.40693,1.0,0.40693,3.60728,0.0,0.0,0.0,0.60249,1.0,6,6,1,0.71058,0.91174,0.03684,0.89966,0.56,0.05978,0.82,0.7,0.06,0.9,0.56,0.06,-2.4464,-0.07492,-0.11552,-76.51992,0.1102,64.55632,double_rcm_log_20260616_133526_303.csv,89.50549,Unknown,Task2_TargetRCM_EntryCone,0.0,3.606948223345907,10.144182490946223,10.14920986199457,0.1309576621890846,0.3681638431250727,0.4049691346263365,0.3483137057833085,0.09020500506016649,38.3216592105225,2.259304462205596,2.0998194570730964
50.14036,0.01091,91.68709,Done,Target,161.0817,10.71218,3.73376,0.39579,0.39579,1.0,0.39579,3.73376,0.0,0.0,0.0,0.60249,1.0,6,6,1,0.71106,0.91195,0.03611,0.89967,0.56,0.05978,0.82,0.7,0.06,0.9,0.56,0.06,-2.3962,-0.06024,-0.11572,-76.68533,0.10677,64.55716,double_rcm_log_20260616_133526_303.csv,91.68709,Unknown,Task2_TargetRCM_EntryCone,0.0,3.7327179792647054,10.497405282635976,10.502977000514822,0.12849062635120226,0.3612393197782717,0.39661064030108134,0.3515193878082528,2.434795164402397,37.20058076136779,2.2019493553753504,2.1563021552103248
50.17213,0.01014,98.62035,Done,Target,161.0865,11.04278,3.8559,0.38382,0.38382,1.0,0.38382,3.8559,0.0,0.0,0.0,0.60249,1.0,6,6,1,0.71153,0.91214,0.0354,0.89968,0.56,0.05979,0.82,0.7,0.06,0.9,0.56,0.06,-2.3483,-0.04745,-0.1141,-76.84782,0.11033,64.55855,double_rcm_log_20260616_133526_303.csv,98.62035,Unknown,Task2_TargetRCM_EntryCone,0.0,3.856328201561203,10.844513774680198,10.850657443415443,0.12387466390351577,0.3482726606465668,0.3827531841800791,0.4370029172096872,2.3918708775320088,72.14602587833713,2.1240603153043627,2.690985772452634
50.20513,0.01104,90.54361,Done,Target,161.0917,11.37651,3.97882,0.37103,0.37103,1.0,0.37103,3.97882,0.0,0.0,0.0,0.60249,1.0,6,6,1,0.71199,0.91233,0.0347,0.89969,0.56,0.0598,0.82,0.7,0.06,0.9,0.56,0.06,-2.29933,-0.03252,-0.1161,-77.00651,0.10361,64.55827,double_rcm_log_20260616_133526_303.csv,90.54361,Unknown,Task2_TargetRCM_EntryCone,0.0,3.9781806098808805,11.186636773223507,11.193381299023121,0.11926667466062017,0.3353276239510088,0.36891733491396095,0.43338164109239774,2.4155859607897363,71.09697348066953,2.0379755534208597,2.2052856955746396
50.23741,0.01064,93.97024,Done,Target,161.097,11.69134,4.09472,0.35834,0.35834,1.0,0.35834,4.09472,0.0,0.0,0.0,0.60249,1.0,6,6,1,0.71243,0.91251,0.03403,0.8997,0.56,0.05981,0.82,0.7,0.06,0.9,0.56,0.06,-2.25362,-0.0194,-0.11688,-77.15837,0.10285,64.55829,double_rcm_log_20260616_133526_303.csv,93.97024,Unknown,Task2_TargetRCM_EntryCone,0.0,4.094872857562648,11.514224266154182,11.521579752729405,0.11466758425745038,0.32240681420549056,0.35510561809126384,0.34667900884692865,2.355971381395358,76.05730636281714,1.9876702528519234,2.4465073180125465
50.26959,0.01006,99.35775,Done,Target,161.1024,11.9936,4.20584,0.34508,0.34508,1.0,0.34508,4.2058,0.0,0.0,0.0,0.60249,1.0,6,6,1,0.71285,0.91268,0.03339,0.89971,0.56,0.05981,0.82,0.7,0.06,0.9,0.56,0.06,-2.21021,-0.00819,-0.11568,-77.30643,0.10773,64.55897,double_rcm_log_20260616_133526_303.csv,99.35775,Unknown,Task2_TargetRCM_EntryCone,0.0,4.205097062051762,11.823610328196636,11.83157578433894,0.11218409365121501,0.3154337672768532,0.3466987164672024,0.3461564638583798,2.473160981221393,75.02772863701911,1.9145090809771568,2.734001971391238
50.30194,0.01039,96.22301,Done,Target,161.1079,12.28547,4.31298,0.33173,0.33173,1.0,0.33173,4.31298,0.0,0.0,0.0,0.60249,1.0,6,6,1,0.71325,0.91284,0.03277,0.89972,0.56,0.05982,0.82,0.7,0.06,0.9,0.56,0.06,-2.16814,0.00263,-0.11472,-77.4477,0.10941,64.55937,double_rcm_log_20260616_133526_303.csv,96.22301,Unknown,Task2_TargetRCM_EntryCone,0.0,4.312696347480293,12.125586360035303,12.134178901593478,0.10757812455286843,0.3024922122329163,0.3328663395419133,0.44551336311379536,2.4623413394142575,87.43655255798227,1.8137357784289527,3.107718252056914
50.33312,0.01054,94.89522,Done,Target,161.1136,12.55454,4.41166,0.31824,0.31824,1.0,0.31824,4.41166,0.0,0.0,0.0,0.60249,1.0,6,6,1,0.71363,0.91299,0.0322,0.89973,0.56,0.05983,0.82,0.7,0.06,0.9,0.56,0.06,-2.12915,0.01416,-0.11677,-77.57616,0.10764,64.55833,double_rcm_log_20260616_133526_303.csv,94.89522,Unknown,Task2_TargetRCM_EntryCone,0.0,4.41251357236577,12.405683924144228,12.414886850768633,0.10298214105479306,0.28957794221138244,0.3190611226708681,0.4472257898371563,3.3026564702495107,88.78164939249834,1.7281782880730796,2.78960006715704
50.36521,0.01006,99.39582,Done,Target,161.1194,12.81925,4.50867,0.30402,0.30402,1.0,0.30402,4.50867,0.0,0.0,0.0,0.60249,1.0,6,6,1,0.71399,0.91313,0.03164,0.89974,0.56,0.05984,0.82,0.7,0.06,0.9,0.56,0.06,-2.09095,0.02454,-0.11741,-77.70303,0.10741,64.55771,double_rcm_log_20260616_133526_303.csv,99.39582,Unknown,Task2_TargetRCM_EntryCone,0.0,4.509670451793827,12.67828012817354,12.68810427961142,0.09839750092492913,0.276694777688373,0.30528675044950754,0.4870571653883405,3.4116809231121836,100.08728680919263,1.6392611182299288,2.8324247019461644
50.39784,0.01059,94.40121,Done,Target,161.1255,13.07414,4.60211,0.28925,0.28925,1.0,0.28925,4.60207,0.0,0.0,0.0,0.60249,1.0,6,6,1,0.71434,0.91326,0.0311,0.89976,0.56,0.05984,0.82,0.7,0.06,0.9,0.56,0.06,-2.05397,0.03551,-0.11989,-77.82381,0.10445,64.55614,double_rcm_log_20260616_133526_303.csv,94.40121,Unknown,Task2_TargetRCM_EntryCone,0.0,4.601588957735101,12.936145310904266,12.946582346630448,0.09342190511822639,0.26271950529327737,0.28844410203713433,0.48447700411408234,3.2908279280604167,103.32651184283806,1.5454536415602744,2.791663718298265
50.43049,0.01023,97.76827,Done,Target,161.1316,13.31425,4.68998,0.27453,0.27453,1.0,0.27453,4.68998,0.0,0.0,0.0,0.60249,1.0,6,6,1,0.71467,0.91339,0.0306,0.89977,0.56,0.05985,0.82,0.7,0.06,0.9,0.56,0.06,-2.01938,0.04349,-0.11837,-77.93877,0.10438,64.55611,double_rcm_log_20260616_133526_303.csv,97.76827,Unknown,Task2_TargetRCM_EntryCone,0.0,4.689088354456263,13.181582346985577,13.192625986689055,0.08880969855689762,0.24975680478914158,0.27459060435497135,0.43189414244619145,3.330504865128379,81.60360932722214,1.4594838845953524,2.730936256853019
50.46333,0.01107,90.36446,Done,Target,161.138,13.54113,4.77299,0.25922,0.25922,1.0,0.25922,4.77299,0.0,0.0,0.0,0.60249,1.0,6,6,1,0.71498,0.9135,0.03012,0.89978,0.56,0.05986,0.82,0.7,0.06,0.9,0.56,0.06,-1.98675,0.0528,-0.12033,-78.04736,0.10487,64.5544,double_rcm_log_20260616_133526_303.csv,90.36446,Unknown,Task2_TargetRCM_EntryCone,0.0,4.772401760252419,13.415249057107753,13.426891696727283,0.08420881553128065,0.23682515458910786,0.26076809620810487,0.43932285235744845,2.5353083519779185,79.2108038457668,1.37123171271935,2.8523815441901945
50.49492,0.00902,110.8839,Done,Target,161.1441,13.74474,4.84747,0.24411,0.24411,1.0,0.24411,4.84747,0.0,0.0,0.0,0.60249,1.0,6,6,1,0.71526,0.91361,0.02969,0.89979,0.56,0.05987,0.82,0.7,0.06,0.9,0.56,0.06,-1.95762,0.05985,-0.12003,-78.14576,0.1074,64.55354,double_rcm_log_20260616_133526_303.csv,110.8839,Unknown,Task2_TargetRCM_EntryCone,0.0,4.84750727314374,13.625871029292243,13.638071873921618,0.07962116776131492,0.2239299340968717,0.2469817807046054,0.5580257329789431,2.4178945807583503,83.77932164118735,1.2778439282473228,3.2667933354832797
50.52751,0.01114,89.79481,Done,Target,161.1506,13.93915,4.91861,0.22848,0.22848,1.0,0.22848,4.91861,0.0,0.0,0.0,0.60249,1.0,6,6,1,0.71553,0.9137,0.02928,0.89981,0.56,0.05988,0.82,0.7,0.06,0.9,0.56,0.06,-1.92975,0.06691,-0.12047,-78.23915,0.10881,64.55215,double_rcm_log_20260616_133526_303.csv,89.79481,Unknown,Task2_TargetRCM_EntryCone,0.0,4.918411671383975,13.824690136017274,13.837434066445002,0.07252848812286773,0.2039947208970222,0.22472205054245958,0.5544698108355683,3.4124189723820293,50.14277045160057,1.1628655345457557,3.5228803019842028
50.55982,0.01152,86.77457,Done,Target,161.1572,14.11592,4.98323,0.21257,0.21257,1.0,0.21257,4.98323,0.0,0.0,0.0,0.60249,1.0,6,6,1,0.71577,0.91379,0.0289,0.89982,0.56,0.05989,0.82,0.7,0.06,0.9,0.56,0.06,-1.90411,0.07314,-0.12055,-78.32227,0.1061,64.5508,double_rcm_log_20260616_133526_303.csv,86.77457,Unknown,Task2_TargetRCM_EntryCone,0.0,4.98426288931289,14.00932094320459,14.022583467492284,0.0679468267948168,0.19111414229363352,0.2109502310973482,0.3456825152868786,2.3604364925742822,105.69046693904947,1.0551856258768375,3.1539086333478945
50.59224,0.01155,86.58789,Done,Target,161.1638,14.27695,5.04224,0.19654,0.19654,1.0,0.19654,5.04224,0.0,0.0,0.0,0.60249,1.0,6,6,1,0.71599,0.91387,0.02856,0.89983,0.56,0.05989,0.82,0.7,0.06,0.9,0.56,0.06,-1.88082,0.07907,-0.12129,-78.39857,0.1049,64.54901,double_rcm_log_20260616_133526_303.csv,86.58789,Unknown,Task2_TargetRCM_EntryCone,0.0,5.042301291459008,14.172031179804524,14.185762267333326,0.0654446482003344,0.18408192156253153,0.20248456731316825,0.4909856481618988,3.440147775012487,72.89529343692907,0.9590092605418329,3.104302993758736
50.62442,0.01139,87.79084,Done,Target,161.1705,14.42037,5.09466,0.18036,0.18036,1.0,0.18036,5.09466,0.0,0.0,0.0,0.60249,1.0,6,6,1,0.71619,0.91393,0.02826,0.89985,0.56,0.0599,0.82,0.7,0.06,0.9,0.56,0.06,-1.86026,0.08394,-0.12144,-78.46716,0.10566,64.54733,double_rcm_log_20260616_133526_303.csv,87.79084,Unknown,Task2_TargetRCM_EntryCone,0.0,5.094233499713776,14.317610424018579,14.331770016281059,0.05837254559865394,0.16419969080828017,0.18027756377318344,0.5611171480490068,2.383587244694288,54.91784468542264,0.8576684886837941,3.198874662912579
50.65641,0.01101,90.84869,Done,Target,161.1773,14.54634,5.14076,0.16406,0.16406,1.0,0.16406,5.14076,0.0,0.0,0.0,0.60249,1.0,6,6,1,0.71636,0.91399,0.028,0.89986,0.56,0.05991,0.82,0.7,0.06,0.9,0.56,0.06,-1.84218,0.08794,-0.12123,-78.52742,0.10633,64.54564,double_rcm_log_20260616_133526_303.csv,90.84869,Unknown,Task2_TargetRCM_EntryCone,0.0,5.13983325190851,14.445428481971703,14.459971596875722,0.053765929011752894,0.15124610611645742,0.16643316977095665,0.5561345716627274,0.08896604428855306,51.30462868572411,0.7552951151287935,3.2881186029891882
50.68899,0.01103,90.69957,Done,Target,161.184,14.6572,5.18142,0.14772,0.14772,1.0,0.14772,5.18138,0.0,0.0,0.0,0.60249,1.0,6,6,1,0.71652,0.91404,0.02776,0.89988,0.56,0.05992,0.82,0.7,0.06,0.9,0.56,0.06,-1.82636,0.09156,-0.1214,-78.58121,0.10851,64.54366,double_rcm_log_20260616_133526_303.csv,90.69957,Unknown,Task2_TargetRCM_EntryCone,0.0,5.181428898113886,14.562014881565924,14.576913823413939,0.04669373010476593,0.1313597526466318,0.14422205101856525,0.5555011658621406,2.368822320976116,0.791222552530129,0.6465398993891748,3.4299291783669568
50.72111,0.01083,92.32026,Done,Target,161.1908,14.74852,5.21496,0.13109,0.13109,1.0,0.13109,5.21496,0.0,0.0,0.0,0.60249,1.0,6,6,1,0.71664,0.91408,0.02757,0.89989,0.56,0.05993,0.82,0.7,0.06,0.9,0.56,0.06,-1.81329,0.09443,-0.1215,-78.62549,0.11013,64.54153,double_rcm_log_20260616_133526_303.csv,92.32026,Unknown,Task2_TargetRCM_EntryCone,0.0,5.214580354885374,14.654927983174057,14.670114635088607,0.04209017495293197,0.11841257729459419,0.1303840481040993,0.43947277662170253,0.1005785762104431,72.26101281560942,0.5340472073838316,3.526773284776883
50.75335,0.01055,94.8194,Done,Target,161.1978,14.82276,5.24225,0.11439,0.11439,1.0,0.11439,5.24225,0.0,0.0,0.0,0.60249,1.0,6,6,1,0.71675,0.91411,0.02741,0.8999,0.56,0.05994,0.82,0.7,0.06,0.9,0.56,0.06,-1.80267,0.09646,-0.12124,-78.66164,0.1118,64.53944,double_rcm_log_20260616_133526_303.csv,94.8194,Unknown,Task2_TargetRCM_EntryCone,0.0,5.243085013899017,14.734813651191786,14.750250625458577,0.037513030540656606,0.10553891006856844,0.1166190378968953,0.5500794457118642,2.2826453561208733,6.862827526288416,0.4204185286418959,3.531651290928322
50.78633,0.01102,90.71246,Done,Target,161.2048,14.88027,5.26347,0.09752,0.09752,1.0,0.09752,5.26347,0.0,0.0,0.0,0.60249,1.0,6,6,1,0.71683,0.91413,0.02729,0.89992,0.56,0.05995,0.82,0.7,0.06,0.9,0.56,0.06,-1.7944,0.09883,-0.12265,-78.68931,0.11259,64.53645,double_rcm_log_20260616_133526_303.csv,90.71246,Unknown,Task2_TargetRCM_EntryCone,0.0,5.263784532690414,14.792822756397683,14.80844322267682,0.030418321537698117,0.08558396686653155,0.09433981132053683,0.5492591105056673,0.2527885241457157,46.85223591344806,0.30618999470400765,3.507677543138854
50.81874,0.01128,88.66048,Done,Target,161.2118,14.91752,5.27741,0.0803,0.0803,1.0,0.0803,5.27741,0.0,0.0,0.0,0.60249,1.0,6,6,1,0.71688,0.91415,0.02721,0.89993,0.56,0.05996,0.82,0.7,0.06,0.9,0.56,0.06,-1.78912,0.0999,-0.12307,-78.70831,0.11514,64.53378,double_rcm_log_20260616_133526_303.csv,88.66048,Unknown,Task2_TargetRCM_EntryCone,0.0,5.2781461662926645,14.833069201190936,14.848817827191326,0.02585920311044238,0.0727588218283375,0.08062257748299727,0.5658170108666313,2.3862001348610136,59.652416678838534,0.19676515143296622,3.5277812760450598
50.85041,0.01079,92.66348,Done,Target,161.2187,14.93622,5.28457,0.0638,0.0638,1.0,0.0638,5.28454,0.0,0.0,0.0,0.60249,1.0,6,6,1,0.71691,0.91415,0.02717,0.89995,0.56,0.05997,0.82,0.7,0.06,0.9,0.56,0.06,-1.78651,0.10095,-0.12463,-78.71825,0.11742,64.53056,double_rcm_log_20260616_133526_303.csv,92.66348,Unknown,Task2_TargetRCM_EntryCone,0.0,5.285123866466814,14.85262288176042,14.868434027147643,0.01875363122138632,0.05276945503428225,0.05830951894844587,0.49934969626990455,3.579363408518133,74.13812501701375,0.09456750894376174,3.5375729622533028
50.88202,0.01031,96.97816,Done,Target,161.2256,14.93692,5.28513,0.04736,0.04736,1.0,0.04736,5.28513,0.0,0.0,0.0,0.60249,1.0,6,6,1,0.71691,0.91414,0.02717,0.89996,0.56,0.05997,0.82,0.7,0.06,0.9,0.56,0.06,-1.78655,0.1005,-0.12469,-78.72012,0.12071,64.52785,double_rcm_log_20260616_133526_303.csv,96.97816,Unknown,Task2_TargetRCM_EntryCone,0.0,5.284286751126272,14.850277036501941,14.866080672718576,0.01630926721829697,0.04589285179802253,0.05000000000002919,0.34700506973623674,2.297349502686379,109.18895376468491,0.0723354124171992,3.5208597771670984
50.91452,0.01022,97.84284,Done,Target,161.2327,14.91851,5.27886,0.03026,0.03026,1.0,0.03026,5.27886,0.0,0.0,0.0,0.60249,1.0,6,6,1,0.71689,0.91413,0.02721,0.89997,0.56,0.05998,0.82,0.7,0.06,0.9,0.56,0.06,-1.78943,0.09908,-0.12432,-78.71379,0.12583,64.52512,double_rcm_log_20260616_133526_303.csv,97.84284,Unknown,Task2_TargetRCM_EntryCone,0.0,5.278382056733871,14.833730242981648,14.84948097983832,0.011670202009670267,0.032839938161637466,0.03605551275461822,0.5558269611914738,3.332648036684729,35.22019945916591,0.1670379619981999,3.5078140332222336
50.94693,0.01016,98.38226,Done,Target,161.2396,14.88085,5.26555,0.01343,0.01343,1.0,0.01343,5.26555,0.0,0.0,0.0,0.60249,1.0,6,6,1,0.71685,0.9141,0.02729,0.89999,0.56,0.05999,0.82,0.7,0.06,0.9,0.56,0.06,-1.79519,0.09714,-0.12427,-78.69904,0.13258,64.52213,double_rcm_log_20260616_133526_303.csv,98.38226,Unknown,Task2_TargetRCM_EntryCone,0.0,5.265097138206725,14.79650118614264,14.812133336831739,0.004705925757591394,0.013243285671818985,0.014142135623774532,0.5556901009319455,0.07631249532236653,50.1398969941543,0.277037347937351,3.4914153355089312
50.97946,0.01033,96.83422,Done,Target,161.2466,14.8235,5.2452,0.0036,0.0036,1.0,0.0036,5.2452,0.0,0.0,0.0,0.60249,1.0,6,6,1,0.71677,0.91407,0.02741,0.9,0.56,0.06,0.82,0.7,0.06,0.9,0.56,0.06,-1.80394,0.09423,-0.12385,-78.67616,0.14193,64.51917,double_rcm_log_20260616_133526_303.csv,96.83422,Unknown,Task2_TargetRCM_EntryCone,0.0,5.244849804580423,14.739759441664935,14.75521200371006,0.0,0.0,0.0,0.5606755529720572,0.09255655607442073,3.8034292089220796,0.3901639484189704,3.5723034110529697
51.01148,0.00963,103.8008,Done,Target,161.2535,14.74805,5.21823,0.02001,0.02001,1.0,0.02001,5.21823,0.0,0.0,0.0,0.60249,1.0,6,6,1,0.71667,0.91402,0.02757,0.90002,0.56,0.06001,0.82,0.7,0.06,0.9,0.56,0.06,-1.81561,0.0901,-0.12256,-78.64646,0.15543,64.51647,double_rcm_log_20260616_133526_303.csv,103.8008,Unknown,Task2_TargetRCM_EntryCone,0.0,5.217229812728614,14.66235336850028,14.67756317257215,0.007119882123765445,0.02003842462718477,0.022360679775017156,0.5617126115207096,0.1649855026970818,3.9567637404919243,0.5042239410230817,3.9777781321342496
51.04378,0.01113,89.82522,Done,Target,161.2604,14.6528,5.18402,0.03651,0.03651,1.0,0.03651,5.18402,0.0,0.0,0.0,0.60249,1.0,6,6,1,0.71655,0.91397,0.02777,0.90003,0.56,0.06002,0.82,0.7,0.06,0.9,0.56,0.06,-1.83063,0.08443,-0.12004,-78.61032,0.1757,64.51413,double_rcm_log_20260616_133526_303.csv,89.82522,Unknown,Task2_TargetRCM_EntryCone,0.0,5.183903063643168,14.56894935772887,14.583869645505127,0.01166804769608468,0.032839938161637466,0.03605551275461822,0.5503857695247716,0.16148190183292904,32.734514607884165,0.6293195181639305,5.6195640098321045
51.07671,0.01194,83.74139,Done,Target,161.2674,14.53533,5.14186,0.05354,0.05354,1.0,0.05354,5.14186,0.0,0.0,0.0,0.60249,1.0,6,6,1,0.71639,0.9139,0.02801,0.90005,0.56,0.06003,0.82,0.7,0.06,0.9,0.56,0.06,-1.84957,0.07508,-0.11278,-78.56854,0.20641,64.51357,double_rcm_log_20260616_133526_303.csv,83.74139,Unknown,Task2_TargetRCM_EntryCone,0.0,5.141965730821783,14.451405688356274,14.465966906186278,0.01874786175093261,0.05276945503428619,0.058309518948449435,0.5519600427773892,2.33267121754078,4.4162264516604655,0.804590274951687,10.686334850484815
51.10869,0.01117,89.52519,Done,Target,161.2741,14.40206,5.09385,0.06955,0.06955,1.0,0.06955,5.09385,0.0,0.0,0.0,0.60249,1.0,6,6,1,0.71622,0.91383,0.02829,0.90006,0.56,0.06004,0.82,0.7,0.06,0.9,0.56,0.06,-1.87211,0.05843,-0.09418,-78.52738,0.25492,64.51775,double_rcm_log_20260616_133526_303.csv,89.52519,Unknown,Task2_TargetRCM_EntryCone,0.0,5.094945410778974,14.319606011115177,14.33377153859282,0.023333940776220894,0.06567987632328053,0.07211102550924028,0.43851160257040583,0.003735186465512027,81.25763750577683,1.1473333151603111,25.34850771404894
51.14122,0.01136,88.03153,Done,Target,161.2808,14.24647,5.03789,0.08568,0.08568,1.0,0.08568,5.03789,0.0,0.0,0.0,0.60249,1.0,6,6,1,0.71601,0.91374,0.02862,0.90007,0.56,0.06005,0.82,0.7,0.06,0.9,0.56,0.06,-1.90035,0.02383,-0.04631,-78.49191,0.33755,64.53404,double_rcm_log_20260616_133526_303.csv,88.03153,Unknown,Task2_TargetRCM_EntryCone,0.0,5.038673841197813,14.161862073788225,14.175563557584901,0.02795906221538774,0.07870099207664434,0.0860232526704389,0.5559418135967127,3.3340853323403707,51.011174899771085,2.1767282221017434,76.11183610768332
51.17361,0.01088,91.91904,Done,Target,161.2877,14.07196,4.97504,0.10205,0.10205,1.0,0.10205,4.97504,0.0,0.0,0.0,0.60249,1.0,6,6,1,0.71578,0.91364,0.02899,0.90009,0.56,0.06006,0.82,0.7,0.06,0.9,0.56,0.06,-1.93607,-0.06919,0.10188,-78.47942,0.48457,64.59241,double_rcm_log_20260616_133526_303.csv,91.91904,Unknown,Task2_TargetRCM_EntryCone,0.0,4.975262254936212,13.984086438757215,13.997277266408982,0.03499767872947602,0.0985198144849289,0.1081665382638585,0.487352016186017,3.3012036112531034,183.8781191929375,5.740792782461376,281.15697903988263
51.20657,0.01148,87.08375,Done,Target,161.2951,13.87436,4.90373,0.11849,0.11849,1.0,0.11849,4.90373,0.0,0.0,0.0,0.60249,1.0,6,6,1,0.7155,0.91353,0.02939,0.9001,0.56,0.06006,0.82,0.7,0.06,0.9,0.56,0.06,-1.98527,-0.37135,0.61489,-78.52756,0.76766,64.80274,double_rcm_log_20260616_133526_303.csv,87.08375,Unknown,Task2_TargetRCM_EntryCone,0.0,4.904113259438872,13.784598443271156,13.797231585881315,0.03748995272481228,0.10553891006856247,0.11661903789689887,0.3459618996339393,10.08234767311637,431.6395807345104,20.394329944313917,1027.817327205665
51.23863,0.0108,92.62802,Done,Target,161.3033,13.67315,4.83144,0.13258,0.13258,1.0,0.13258,4.83144,0.0,0.0,0.0,0.60249,1.0,6,6,1,0.71504,0.91331,0.02971,0.90011,0.56,0.06007,0.82,0.7,0.06,0.9,0.56,0.06,-2.05849,-1.51584,2.60308,-78.74234,1.35846,65.60279,double_rcm_log_20260616_133526_303.csv,92.62802,Unknown,Task2_TargetRCM_EntryCone,0.0,4.831499154724117,13.580980650330309,13.59306105530522,0.04206169279681632,0.11841257729451367,0.13038404810400564,0.2116960858503015,30.842945632305376,266.04058335342927,71.19740672773527,1510.085450565537
51.27122,0.01096,91.28025,Done,Target,161.2967,13.6738,4.8344,0.1061,0.1061,1.0,0.1061,4.8344,0.0,0.0,0.0,0.60249,1.0,6,6,1,0.71248,0.91185,0.02844,0.90009,0.55999,0.06006,0.82,0.7,0.06,0.9,0.56,0.06,-2.1699,-5.72638,9.8657,-79.29544,2.60693,68.14839,double_rcm_log_20260616_133526_303.csv,91.28025,Unknown,Task2_TargetRCM_EntryCone,0.0,4.834060872428313,13.588164356596,13.60026398157551,0.033615099595024574,0.09463289393953446,0.10862780491194726,1.6673154926843246,24.22331095679402,785.3085891251407,117.54865535242782,152.81886342334087
51.30367,0.01056,94.68402,Done,Target,161.2559,14.53279,5.1424,0.0219,0.0219,1.0,0.0219,5.1424,0.0,0.0,0.0,0.60249,1.0,6,6,1,0.70657,0.9083,0.02449,0.90002,0.56,0.06001,0.82,0.7,0.06,0.9,0.56,0.06,-2.24322,-10.62587,18.0811,-79.70524,3.65256,70.26739,double_rcm_log_20260616_133526_303.csv,94.68402,Unknown,Task2_TargetRCM_EntryCone,0.0,5.141890203590313,14.451193990543812,14.46575456695535,0.007119882123765445,0.02003842462718477,0.022360679775017156,1.6761870869182451,20.092129396002935,766.563741926253,76.5126594743869,1481.3197508403844
51.33661,0.01099,90.97069,Done,Target,161.2471,14.7772,5.22888,0.00398,0.00398,1.0,0.00398,5.22888,0.0,0.0,0.0,0.60249,1.0,6,6,1,0.70446,0.90704,0.02363,0.9,0.56,0.06,0.82,0.7,0.06,0.9,0.56,0.06,-2.28632,-11.79877,19.99044,-79.7021,3.89342,70.63158,double_rcm_log_20260616_133526_303.csv,90.97069,Unknown,Task2_TargetRCM_EntryCone,0.0,5.228312201815949,14.693412593922307,14.708719495845207,0.0,0.0,0.0,0.33687188841898413,25.404949088858093,233.60307340574303,20.677804057756013,972.19413171494
51.36906,0.01093,91.52457,Done,Target,161.2464,14.79581,5.23548,0.00259,0.00259,1.0,0.00259,5.23548,0.0,0.0,0.0,0.60249,1.0,6,6,1,0.70322,0.90633,0.02351,0.9,0.56,0.06,0.82,0.7,0.06,0.9,0.56,0.06,-2.32944,-12.34469,20.86138,-79.63409,4.01977,70.77558,double_rcm_log_20260616_133526_303.csv,91.52457,Unknown,Task2_TargetRCM_EntryCone,0.0,5.235984264257437,14.714913801570104,14.730288163289732,0.0,0.0,0.0,1.7763568394002505e-12,5.2825482468622145,392.782909534349,12.377812868714289,148.49283282813684
51.40268,0.01155,86.59454,Done,Target,161.2464,14.79782,5.23622,0.00246,0.00246,1.0,0.00246,5.23622,0.0,0.0,0.0,0.60249,1.0,6,6,1,0.702,0.90563,0.0235,0.9,0.56,0.06,0.82,0.7,0.06,0.9,0.56,0.06,-2.37634,-12.84189,21.6472,-79.54984,4.13919,70.89453,double_rcm_log_20260616_133526_303.csv,86.59454,Unknown,Task2_TargetRCM_EntryCone,0.0,5.235949788140038,14.714817181705586,14.730191239837234,0.0,0.0,0.0,0.0,3.775375642352142e-11,77.84334222707433,11.22128626879998,27.80577793341549
51.43569,0.01074,93.09039,Done,Target,161.2462,14.80195,5.23765,0.00212,0.00212,1.0,0.00212,5.23765,0.0,0.0,0.0,0.60249,1.0,6,6,1,0.7008,0.90495,0.02353,0.9,0.56,0.06,0.82,0.7,0.06,0.9,0.56,0.06,-2.42467,-13.3058,22.3749,-79.45763,4.25294,70.9957,double_rcm_log_20260616_133526_303.csv,93.09039,Unknown,Task2_TargetRCM_EntryCone,0.0,5.237650861063337,14.719584459134435,14.734973501240942,0.0,0.0,0.0,1.7798229048217483e-12,1.117033130683264e-12,3.001820284405932e-10,10.593498411206467,21.223024126189497
51.46803,0.01011,98.86985,Done,Target,161.2459,14.80664,5.23925,0.00143,0.00143,1.0,0.00143,5.23925,0.0,0.0,0.0,0.60249,1.0,6,6,1,0.69962,0.90427,0.02361,0.9,0.56,0.06,0.82,0.7,0.06,0.9,0.56,0.06,-2.47415,-13.73552,23.04379,-79.35842,4.36093,71.08071,double_rcm_log_20260616_133526_303.csv,98.86985,Unknown,Task2_TargetRCM_EntryCone,0.0,5.239587602093278,14.725012183485024,14.740418297302034,0.0,0.0,0.0,0.0,1.7280387779421257e-11,4.919793784196831e-10,9.916878065861336,25.806071814051702
51.50146,0.011,90.94923,Done,Target,161.2459,14.80711,5.23948,0.00147,0.00147,1.0,0.00147,5.23944,0.0,0.0,0.0,0.60249,1.0,6,6,1,0.69842,0.90359,0.02376,0.9,0.56,0.06,0.82,0.7,0.06,0.9,0.56,0.06,-2.52752,-14.14908,23.68194,-79.24635,4.4683,71.15407,double_rcm_log_20260616_133526_303.csv,90.94923,Unknown,Task2_TargetRCM_EntryCone,0.0,5.2390544228364515,14.723517948199705,14.738919360965626,0.0,0.0,0.0,2.809215289030219e-12,3.129261160299885e-11,4.1468349774065205e-10,8.97715077027993,20.848943080008937
51.5743,0.04874,20.51748,Done,Target,161.2473,14.73747,5.21485,0.00461,0.00461,1.0,0.00461,5.21485,0.0,0.0,0.0,0.60249,1.0,6,6,1,0.696,0.90222,0.02439,0.9,0.56,0.06,0.82,0.7,0.06,0.9,0.56,0.06,-2.6513,-14.882,24.79097,-78.96505,4.67799,71.25847,double_rcm_log_20260616_133526_303.csv,20.51748,Unknown,Task2_TargetRCM_EntryCone,0.0,5.215001754601735,14.656109002465184,14.671299335188882,0.0,0.0,0.0,3.552713678800501e-12,4.454394058674323e-11,1.0076607221388801e-09,8.928049772613166,4.192468349515814
51.60821,0.01976,50.61286,Done,Target,161.2461,14.793,5.23447,0.00209,0.00209,1.0,0.00209,5.23447,0.0,0.0,0.0,0.60249,1.0,6,6,1,0.69468,0.90145,0.0246,0.9,0.56,0.06,0.82,0.7,0.06,0.9,0.56,0.06,-2.71247,-15.30203,25.42768,-78.83048,4.79057,71.31256,double_rcm_log_20260616_133526_303.csv,50.61286,Unknown,Task2_TargetRCM_EntryCone,0.0,5.234435608041076,14.710573662764636,14.725934391355606,0.0,0.0,0.0,0.0,8.603087262882269e-11,8.301933449614601e-10,8.840687946643378,23.838420921760285
51.63862,0.00689,145.1003,Done,Target,161.2455,14.82244,5.24486,0.0007,0.0007,1.0,0.0007,5.24486,0.0,0.0,0.0,0.60249,1.0,6,6,1,0.69355,0.9008,0.02488,0.9,0.56,0.06,0.82,0.7,0.06,0.9,0.56,0.06,-2.76901,-15.63091,25.91952,-78.70065,4.88442,71.34732,double_rcm_log_20260616_133526_303.csv,145.1003,Unknown,Task2_TargetRCM_EntryCone,0.0,5.244357183139181,14.738378881367305,14.753827091204768,0.0,0.0,0.0,2.51214793389404e-12,5.293174301285389e-12,1.4741730267682994e-09,7.641171022462288,35.74198241491339
51.671,0.00972,102.8886,Done,Target,161.2455,14.82053,5.24415,0.00067,0.00067,1.0,0.00067,5.24415,0.0,0.0,0.0,0.60249,1.0,6,6,1,0.69245,0.90017,0.02528,0.9,0.56,0.06,0.82,0.7,0.06,0.9,0.56,0.06,-2.83098,-15.92397,26.34986,-78.55222,4.97585,71.37084,double_rcm_log_20260616_133526_303.csv,102.8886,Unknown,Task2_TargetRCM_EntryCone,0.0,5.243282908400321,14.735368247256813,14.75080696893473,0.0,0.0,0.0,1.1102230246251565e-13,2.3775018518197184e-12,8.211852847285999e-10,6.7819924256095865,21.13403270242267
51.70414,0.01037,96.45894,Done,Target,161.2455,14.81901,5.24363,0.00073,0.00073,1.0,0.00073,5.24363,0.0,0.0,0.0,0.60249,1.0,6,6,1,0.69132,0.89953,0.02573,0.9,0.56,0.06,0.82,0.7,0.06,0.9,0.56,0.06,-2.89624,-16.20635,26.75988,-78.39349,5.06771,71.38845,double_rcm_log_20260616_133526_303.csv,96.45894,Unknown,Task2_TargetRCM_EntryCone,0.0,5.243869382890704,14.737011831278325,14.752455732307933,0.0,0.0,0.0,2.5146000066436358e-12,5.99684280005972e-11,1.1240306754842906e-09,6.418058093720292,12.770509390949982
51.73738,0.01087,91.9726,Done,Target,161.2454,14.81979,5.24396,0.00073,0.00073,1.0,0.00073,5.24396,0.0,0.0,0.0,0.60249,1.0,6,6,1,0.69021,0.89889,0.02623,0.9,0.56,0.06,0.82,0.7,0.06,0.9,0.56,0.06,-2.96348,-16.47361,27.1434,-78.22772,5.15834,71.40034,double_rcm_log_20260616_133526_303.csv,91.9726,Unknown,Task2_TargetRCM_EntryCone,0.0,5.244413063604557,14.738535485145462,14.7539841886341,0.0,0.0,0.0,3.9736059261160154e-12,7.686113259482797e-11,2.6288127294246542e-09,6.073494423593511,15.601530177392007
51.76938,0.01035,96.64456,Done,Target,161.2453,14.8217,5.24467,0.00068,0.00068,1.0,0.00068,5.24467,0.0,0.0,0.0,0.60249,1.0,6,6,1,0.68915,0.89829,0.02676,0.9,0.56,0.06,0.82,0.7,0.06,0.9,0.56,0.06,-3.0298,-16.71501,27.4853,-78.06213,5.24403,71.40674,double_rcm_log_20260616_133526_303.csv,96.64456,Unknown,Task2_TargetRCM_EntryCone,0.0,5.244548230721154,14.738914287966093,14.754364185571948,0.0,0.0,0.0,2.2266822963392198e-12,1.1509004118369468e-10,2.7429618909540243e-10,5.573280842957746,14.850744552667152
51.83131,0.0515,19.41626,Done,Target,161.2459,14.78017,5.22986,0.00172,0.00172,1.0,0.00172,5.22986,0.0,0.0,0.0,0.60249,1.0,6,6,1,0.68725,0.89721,0.02797,0.9,0.56,0.06,0.82,0.7,0.06,0.9,0.56,0.06,-3.16197,-17.09242,28.00056,-77.72281,5.39781,71.40189,double_rcm_log_20260616_133526_303.csv,19.41626,Unknown,Task2_TargetRCM_EntryCone,0.0,5.2295803134289,14.696966536663346,14.712284575351037,0.0,0.0,0.0,0.0,1.27446158634669e-11,5.850250950251722e-10,5.23413034127389,8.291573965031361
51.86869,0.02269,44.07712,Done,Target,161.2456,14.81279,5.24142,0.00087,0.00087,1.0,0.00087,5.24142,0.0,0.0,0.0,0.60249,1.0,6,6,1,0.68601,0.8965,0.02869,0.9,0.56,0.06,0.82,0.7,0.06,0.9,0.56,0.06,-3.24456,-17.34524,28.34696,-77.51202,5.49678,71.39738,double_rcm_log_20260616_133526_303.csv,44.07712,Unknown,Task2_TargetRCM_EntryCone,0.0,5.241724256093142,14.73100014519992,14.746425107526408,0.0,0.0,0.0,8.950904182623619e-13,6.2070909488637e-12,4.526102079538794e-10,5.004304083012905,11.594149913160061
51.91915,0.02549,39.22469,Done,Target,161.2455,14.81379,5.24183,0.00083,0.00083,1.0,0.00083,5.24183,0.0,0.0,0.0,0.60249,1.0,6,6,1,0.68449,0.89562,0.02982,0.9,0.56,0.06,0.82,0.7,0.06,0.9,0.56,0.06,-3.35827,-17.6116,28.69388,-77.21428,5.61956,71.38005,double_rcm_log_20260616_133526_303.csv,39.22469,Unknown,Task2_TargetRCM_EntryCone,0.0,5.241455432040493,14.730246768317812,14.745669358366394,0.0,0.0,0.0,0.0,3.950426770647305e-11,3.1015247255211084e-10,4.42797290373531,14.340329672459129
51.95313,0.00698,143.32,Done,Target,161.2453,14.83167,5.24811,0.0003,0.0003,1.0,0.0003,5.24815,0.0,0.0,0.0,0.60249,1.0,6,6,1,0.68346,0.89503,0.03061,0.9,0.56,0.06,0.82,0.7,0.06,0.9,0.56,0.06,-3.43653,-17.78338,28.91324,-77.00815,5.70225,71.36535,double_rcm_log_20260616_133526_303.csv,143.32,Unknown,Task2_TargetRCM_EntryCone,0.0,5.247822515972812,14.748090374073845,14.763569216743198,0.0,0.0,0.0,2.5146000066436358e-12,5.782061340803491e-12,8.121414793194806e-10,4.126202169299616,15.206559151360281
51.98999,0.009,111.148,Done,Target,161.2452,14.83137,5.24804,0.00027,0.00027,1.0,0.00027,5.24804,0.0,0.0,0.0,0.60249,1.0,6,6,1,0.68241,0.89443,0.03154,0.9,0.56,0.06,0.82,0.7,0.06,0.9,0.56,0.06,-3.52242,-17.93255,29.09157,-76.77821,5.78649,71.3448,double_rcm_log_20260616_133526_303.csv,111.148,Unknown,Task2_TargetRCM_EntryCone,0.0,5.248524256179067,14.750056973665851,14.765542024498325,0.0,0.0,0.0,0.0,2.348573806549538e-11,5.272000712375109e-10,3.7437389909031973,14.246852620829173
52.02255,0.01051,95.10325,Done,Target,161.2452,14.83158,5.24807,0.00012,0.00012,1.0,0.00012,5.24807,0.0,0.0,0.0,0.60249,1.0,6,6,1,0.68151,0.89392,0.03241,0.9,0.56,0.06,0.82,0.7,0.06,0.9,0.56,0.06,-3.59916,-18.04726,29.2211,-76.57089,5.85875,71.32417,double_rcm_log_20260616_133526_303.csv,95.10325,Unknown,Task2_TargetRCM_EntryCone,0.0,5.248252601724304,14.749295672901033,14.764778320261135,0.0,0.0,0.0,1.7798229048217483e-12,2.768538562692875e-11,6.266007951451767e-10,3.555251964225197,11.756870114650415
52.05499,0.01058,94.52452,Done,Target,161.2453,14.83263,5.24845,0.00025,0.00025,1.0,0.00025,5.24845,0.0,0.0,0.0,0.60249,1.0,6,6,1,0.68065,0.89342,0.03331,0.9,0.56,0.06,0.82,0.7,0.06,0.9,0.56,0.06,-3.67638,-18.14631,29.32516,-76.36059,5.92876,71.30159,double_rcm_log_20260616_133526_303.csv,94.52452,Unknown,Task2_TargetRCM_EntryCone,0.0,5.248250860727103,14.749290793824809,14.764773425782126,0.0,0.0,0.0,1.7798229048217483e-12,2.768538562692875e-11,8.427133399585823e-10,3.395692713381311,11.894581879407436
52.08755,0.01072,93.2648,Done,Target,161.2452,14.83379,5.24889,0.00013,0.00013,1.0,0.00013,5.24889,0.0,0.0,0.0,0.60249,1.0,6,6,1,0.67981,0.89294,0.03425,0.9,0.56,0.06,0.82,0.7,0.06,0.9,0.56,0.06,-3.75448,-18.22952,29.40326,-76.14609,5.99679,71.27704,double_rcm_log_20260616_133526_303.csv,93.2648,Unknown,Task2_TargetRCM_EntryCone,0.0,5.248381851031068,14.749657888964855,14.765141679832084,0.0,0.0,0.0,0.0,2.7293606749421807e-11,2.650112223503124e-11,3.264604434901733,11.981871724681543
52.12002,0.01092,91.54939,Done,Target,161.2452,14.83502,5.24923,0.00013,0.00013,1.0,0.00013,5.24923,0.0,0.0,0.0,0.60249,1.0,6,6,1,0.679,0.89248,0.03522,0.9,0.56,0.06,0.82,0.7,0.06,0.9,0.56,0.06,-3.83285,-18.29638,29.45504,-75.9291,6.06225,71.25089,double_rcm_log_20260616_133526_303.csv,91.54939,Unknown,Task2_TargetRCM_EntryCone,0.0,5.248895850453741,14.751098351249299,14.766586690178569,0.0,0.0,0.0,0.0,2.751886160140136e-11,4.367990031729865e-10,3.1734734827606554,11.935757105186125
52.15236,0.01059,94.46776,Done,Target,161.2452,14.83614,5.24972,6e-05,6e-05,1.0,6e-05,5.24972,0.0,0.0,0.0,0.60249,1.0,6,6,1,0.67823,0.89204,0.03622,0.9,0.56,0.06,0.82,0.7,0.06,0.9,0.56,0.06,-3.91129,-18.34701,29.48085,-75.71011,6.12504,71.22328,double_rcm_log_20260616_133526_303.csv,94.46776,Unknown,Task2_TargetRCM_EntryCone,0.0,5.248864861003375,14.751011504620266,14.766499569317377,0.0,0.0,0.0,1.7763568394002505e-12,1.3421210348043427e-12,1.252073796784778e-09,3.1234516490058,11.925455852979194
52.18551,0.01194,83.72277,Done,Target,161.2452,14.83738,5.25005,0.0003,0.0003,1.0,0.0003,5.25005,0.0,0.0,0.0,0.60249,1.0,6,6,1,0.67747,0.89161,0.03727,0.9,0.56,0.06,0.82,0.7,0.06,0.9,0.56,0.06,-3.99192,-18.38224,29.48057,-75.48312,6.1867,71.19359,double_rcm_log_20260616_133526_303.csv,83.72277,Unknown,Task2_TargetRCM_EntryCone,0.0,5.249787890665825,14.753598254511015,14.769094488663109,0.0,0.0,0.0,0.0,5.521584306751002e-11,5.220342312383034e-11,3.1166282001618764,11.919959698365533
52.21684,0.01078,92.7524,Done,Target,161.2451,14.83843,5.2505,8e-05,8e-05,1.0,8e-05,5.2505,0.0,0.0,0.0,0.60249,1.0,6,6,1,0.67678,0.89121,0.0383,0.9,0.56,0.06,0.82,0.7,0.06,0.9,0.56,0.06,-4.06828,-18.40007,29.4555,-75.26639,6.24236,71.16425,double_rcm_log_20260616_133526_303.csv,92.7524,Unknown,Task2_TargetRCM_EntryCone,0.0,5.251078587634675,14.757215369380132,14.772723031912237,0.0,0.0,0.0,1.7798229048217483e-12,1.517727737243308e-12,9.775283126717751e-10,3.1524517480620666,11.961382539178448
52.24903,0.0107,93.49368,Done,Target,161.2451,14.8397,5.25087,0.00027,0.00027,1.0,0.00027,5.25087,0.0,0.0,0.0,0.60249,1.0,6,6,1,0.67611,0.89083,0.03939,0.9,0.56,0.06,0.82,0.7,0.06,0.9,0.56,0.06,-4.14675,-18.40265,29.40461,-75.04182,6.29678,71.13293,double_rcm_log_20260616_133526_303.csv,93.49368,Unknown,Task2_TargetRCM_EntryCone,0.0,5.250840292669133,14.756547560005474,14.772053112150283,0.0,0.0,0.0,0.0,2.892638407256367e-11,5.7273663493725504e-11,3.2303147300595825,12.00151310280084
52.2804,0.00954,104.7896,Done,Target,161.2451,14.84042,5.25113,0.00027,0.00027,1.0,0.00027,5.25113,0.0,0.0,0.0,0.60249,1.0,6,6,1,0.67549,0.89048,0.04047,0.9,0.56,0.06,0.82,0.7,0.06,0.9,0.56,0.06,-4.22312,-18.38955,29.3302,-74.82135,6.34692,71.10133,double_rcm_log_20260616_133526_303.csv,104.7896,Unknown,Task2_TargetRCM_EntryCone,0.0,5.251247276921452,14.757688112268706,14.77319726886263,0.0,0.0,0.0,2.5146000066436358e-12,1.456970378797544e-12,1.923785977703916e-09,3.3429404177310573,11.84740943007364
52.31121,0.00923,108.3816,Done,Target,161.2453,14.84133,5.25143,0.00032,0.00032,1.0,0.00032,5.25143,0.0,0.0,0.0,0.60249,1.0,6,6,1,0.67492,0.89015,0.04156,0.9,0.56,0.06,0.82,0.7,0.06,0.9,0.56,0.06,-4.2979,-18.36191,29.23366,-74.60367,6.39324,71.06923,double_rcm_log_20260616_133526_303.csv,108.3816,Unknown,Task2_TargetRCM_EntryCone,0.0,5.250975500555506,14.756926473178513,14.772433222727969,0.0,0.0,0.0,0.0,9.109373506247063e-11,6.399293509500974e-10,3.48068495321238,11.840718841153386
52.34209,0.01066,93.79218,Done,Target,161.2449,14.84281,5.25195,0.00043,0.00043,1.0,0.00043,5.25195,0.0,0.0,0.0,0.60249,1.0,6,6,1,0.67437,0.88984,0.04267,0.9,0.56,0.06,0.82,0.7,0.06,0.9,0.56,0.06,-4.37247,-18.31995,29.11438,-74.38475,6.43672,71.03612,double_rcm_log_20260616_133526_303.csv,93.79218,Unknown,Task2_TargetRCM_EntryCone,0.0,5.252143313395168,14.760199205398509,14.775716299691357,0.0,0.0,0.0,5.0292000132872716e-12,3.917876533273969e-11,2.546195355444299e-09,3.6517849253426076,12.041769311808595
52.37251,0.01045,95.65519,Done,Target,161.245,14.84381,5.25233,0.00047,0.00047,1.0,0.00047,5.25233,0.0,0.0,0.0,0.60249,1.0,6,6,1,0.67387,0.88955,0.04379,0.9,0.56,0.06,0.82,0.7,0.06,0.9,0.56,0.06,-4.44556,-18.26354,28.97302,-74.16819,6.47636,71.00243,double_rcm_log_20260616_133526_303.csv,95.65519,Unknown,Task2_TargetRCM_EntryCone,0.0,5.252302063497652,14.760644093487448,14.776162594378906,0.0,0.0,0.0,2.5146000066436358e-12,6.475723899459018e-11,1.7041790718479771e-09,3.847250424961281,12.077371487858837
52.40385,0.01107,90.32639,Done,Target,161.245,14.84509,5.25285,0.0003,0.0003,1.0,0.0003,5.25285,0.0,0.0,0.0,0.60249,1.0,6,6,1,0.67339,0.88927,0.04496,0.9,0.56,0.06,0.82,0.7,0.06,0.9,0.56,0.06,-4.52029,-18.19062,28.80404,-73.94475,6.51387,70.96662,double_rcm_log_20260616_133526_303.csv,90.32639,Unknown,Task2_TargetRCM_EntryCone,0.0,5.252825850901163,14.762111976945281,14.7776351194347,0.0,0.0,0.0,1.7798229048217483e-12,6.415041771350429e-11,8.120121795485476e-10,4.068791421546618,12.212887383775861
52.43467,0.01089,91.85221,Done,Target,161.245,14.84629,5.25322,0.00043,0.00043,1.0,0.00043,5.25322,0.0,0.0,0.0,0.60249,1.0,6,6,1,0.67295,0.88902,0.04613,0.9,0.56,0.06,0.82,0.7,0.06,0.9,0.56,0.06,-4.59316,-18.10352,28.61363,-73.72474,6.54717,70.93024,double_rcm_log_20260616_133526_303.csv,91.85221,Unknown,Task2_TargetRCM_EntryCone,0.0,5.25324795536755,14.763294899041778,14.778821782728551,0.0,0.0,0.0,1.7763568394002505e-12,5.3583002030066734e-11,1.196775395041268e-09,4.312128029833588,12.401009965958071
52.47463,0.01065,93.93834,Done,Target,161.245,14.84752,5.25363,0.00047,0.00047,1.0,0.00047,5.25363,0.0,0.0,0.0,0.60249,1.0,6,6,1,0.67243,0.88873,0.04767,0.9,0.56,0.06,0.82,0.7,0.06,0.9,0.56,0.06,-4.68649,-17.96776,28.33086,-73.43958,6.58474,70.88116,double_rcm_log_20260616_133526_303.csv,93.93834,Unknown,Task2_TargetRCM_EntryCone,0.0,5.253879965311788,14.76506606697637,14.780598553417658,0.0,0.0,0.0,1.7763568394002505e-12,2.391415487936996e-11,1.1328041592055658e-09,4.653527702592262,12.357928868233085
52.50495,0.01037,96.47391,Done,Target,161.2451,14.84832,5.25393,0.00048,0.00048,1.0,0.00048,5.25393,0.0,0.0,0.0,0.60249,1.0,6,6,1,0.67208,0.88853,0.04886,0.9,0.56,0.06,0.82,0.7,0.06,0.9,0.56,0.06,-4.75635,-17.84747,28.08914,-73.22349,6.60881,70.84233,double_rcm_log_20260616_133526_303.csv,96.47391,Unknown,Task2_TargetRCM_EntryCone,0.0,5.253958237706234,14.765285420291068,14.780818600709113,0.0,0.0,0.0,1.1102230246251565e-13,4.1041413457716957e-11,8.769541900722143e-10,4.9240162766737,12.311634812437196
52.53592,0.01041,96.09197,Done,Target,161.2451,14.84979,5.25445,0.00056,0.00056,1.0,0.00056,5.25445,0.0,0.0,0.0,0.60249,1.0,6,6,1,0.67176,0.88834,0.05009,0.9,0.56,0.06,0.82,0.7,0.06,0.9,0.56,0.06,-4.82669,-17.70966,27.81877,-73.00344,6.62935,70.80114,double_rcm_log_20260616_133526_303.csv,96.09197,Unknown,Task2_TargetRCM_EntryCone,0.0,5.254458115404119,14.766686294505767,14.782223907414956,0.0,0.0,0.0,1.7798229048217483e-12,3.185886788828573e-11,1.325588045812082e-09,5.2111813184221365,12.6054917275575
52.56697,0.01084,92.21595,Done,Target,161.2449,14.85125,5.25501,0.0006,0.0006,1.0,0.0006,5.25501,0.0,0.0,0.0,0.60249,1.0,6,6,1,0.67147,0.88818,0.05133,0.9,0.56,0.06,0.82,0.7,0.06,0.9,0.56,0.06,-4.8961,-17.55583,27.52313,-72.78368,6.64555,70.75808,double_rcm_log_20260616_133526_303.csv,92.21595,Unknown,Task2_TargetRCM_EntryCone,0.0,5.255227131868414,14.768841410133016,14.784385843672784,0.0,0.0,0.0,1.9860273225978185e-12,4.576825316115562e-11,7.865556875981838e-10,5.523318141269147,13.084879939434938
52.60703,0.01076,92.91075,Done,Target,161.2449,14.85263,5.25542,0.00077,0.00077,1.0,0.00077,5.25542,0.0,0.0,0.0,0.60249,1.0,6,6,1,0.67116,0.888,0.05294,0.9,0.56,0.06,0.82,0.7,0.06,0.9,0.56,0.06,-4.98383,-17.33294,27.10333,-72.5016,6.65937,70.69948,double_rcm_log_20260616_133526_303.csv,92.91075,Unknown,Task2_TargetRCM_EntryCone,0.0,5.255888835083703,14.770695785648272,14.78624608962264,0.0,0.0,0.0,2.220446049250313e-13,4.6746520506872725e-11,3.2923660079038823e-10,5.955533062526954,13.200690609917688
52.63757,0.0104,96.17999,Done,Target,161.2449,14.85334,5.25568,0.00077,0.00077,1.0,0.00077,5.25568,0.0,0.0,0.0,0.60249,1.0,6,6,1,0.67097,0.88789,0.05418,0.9,0.56,0.06,0.82,0.7,0.06,0.9,0.56,0.06,-5.04923,-17.1443,26.75384,-72.2878,6.66425,70.65212,double_rcm_log_20260616_133526_303.csv,96.17999,Unknown,Task2_TargetRCM_EntryCone,0.0,5.255640998702384,14.770001242303152,14.785549347373923,0.0,0.0,0.0,1.7763568394002505e-12,2.8736982539661658e-11,1.6637655209342402e-09,6.286372309555009,13.418686725271176
52.66853,0.01027,97.36456,Done,Target,161.2448,14.85487,5.25621,0.00099,0.00099,1.0,0.00099,5.25621,0.0,0.0,0.0,0.60249,1.0,6,6,1,0.67081,0.8878,0.05545,0.9,0.56,0.06,0.82,0.7,0.06,0.9,0.56,0.06,-5.11407,-16.93746,26.37499,-72.07265,6.66414,70.6016,double_rcm_log_20260616_133526_303.csv,97.36456,Unknown,Task2_TargetRCM_EntryCone,0.0,5.255907130879582,14.770747058268093,14.786297524578522,0.0,0.0,0.0,1.7763568394002505e-12,5.82727813694853e-11,4.721422764819968e-10,6.646314843198015,14.048140676681985
52.69859,0.00965,103.5821,Done,Target,161.2449,14.85507,5.25632,0.00094,0.00094,1.0,0.00094,5.25632,0.0,0.0,0.0,0.60249,1.0,6,6,1,0.67069,0.88773,0.05669,0.9,0.56,0.06,0.82,0.7,0.06,0.9,0.56,0.06,-5.17556,-16.71925,25.97971,-71.86507,6.65852,70.54948,double_rcm_log_20260616_133526_303.csv,103.5821,Unknown,Task2_TargetRCM_EntryCone,0.0,5.256652480006264,14.772835842993763,14.788392923635595,0.0,0.0,0.0,1.7763568394002505e-12,2.030704451164595e-12,1.4579167215006505e-09,7.017931075788284,13.961689170729661
52.72898,0.00906,110.4003,Done,Target,161.2448,14.85547,5.25647,0.0009,0.0009,1.0,0.0009,5.25647,0.0,0.0,0.0,0.60249,1.0,6,6,1,0.67061,0.88768,0.05794,0.9,0.56,0.06,0.82,0.7,0.06,0.9,0.56,0.06,-5.23614,-16.48228,25.55427,-71.65691,6.64724,70.49361,double_rcm_log_20260616_133526_303.csv,110.4003,Unknown,Task2_TargetRCM_EntryCone,0.0,5.257046363207609,14.77393966995578,14.789500246728583,0.0,0.0,0.0,1.7798229048217483e-12,2.9555240735133865e-11,6.21722867615057e-10,7.375922005591865,13.313481985125495
52.76001,0.00926,107.99,Done,Target,161.2448,14.85713,5.25703,0.00103,0.00103,1.0,0.00103,5.25703,0.0,0.0,0.0,0.60249,1.0,6,6,1,0.67056,0.88766,0.05922,0.9,0.56,0.06,0.82,0.7,0.06,0.9,0.56,0.06,-5.29619,-16.22429,25.09451,-71.44659,6.62986,70.43295,double_rcm_log_20260616_133526_303.csv,107.99,Unknown,Task2_TargetRCM_EntryCone,0.0,5.257475731309628,14.775142939789902,14.790707328256238,0.0,0.0,0.0,0.0,4.0624081234714665e-11,4.6010680348243606e-10,7.728928659394732,14.291302472530653
52.79106,0.01089,91.82114,Done,Target,161.2447,14.86073,5.25833,0.00119,0.00119,1.0,0.00119,5.25833,0.0,0.0,0.0,0.60249,1.0,6,6,1,0.67055,0.88765,0.06049,0.9,0.56,0.06,0.82,0.7,0.06,0.9,0.56,0.06,-5.35437,-15.95051,24.60968,-71.23859,6.6065,70.36832,double_rcm_log_20260616_133526_303.csv,91.82114,Unknown,Task2_TargetRCM_EntryCone,0.0,5.2587538252997925,14.77872469126972,14.794300429632736,0.0,0.0,0.0,1.7798229048217483e-12,1.052799789905361e-12,1.3278816114565868e-09,8.162055862615704,15.921294913026008
52.82155,0.01041,96.06705,Done,Target,161.2447,14.86157,5.25852,0.00146,0.00146,1.0,0.00146,5.25852,0.0,0.0,0.0,0.60249,1.0,6,6,1,0.67058,0.88767,0.06175,0.9,0.56,0.06,0.82,0.7,0.06,0.9,0.56,0.06,-5.40967,-15.65994,24.09896,-71.03564,6.57599,70.29958,double_rcm_log_20260616_133526_303.csv,96.06705,Unknown,Task2_TargetRCM_EntryCone,0.0,5.259083998230277,14.779649972089361,14.795228643393187,0.0,0.0,0.0,0.0,4.1100663724306616e-11,5.317250577542066e-10,8.613122195357946,15.668225389430003
52.85243,0.01044,95.77646,Done,Target,161.2446,14.86357,5.2593,0.00159,0.00159,1.0,0.00159,5.25926,0.0,0.0,0.0,0.60249,1.0,6,6,1,0.67065,0.88771,0.06302,0.9,0.56,0.06,0.82,0.7,0.06,0.9,0.56,0.06,-5.46358,-15.34868,23.55459,-70.8326,6.53828,70.22485,double_rcm_log_20260616_133526_303.csv,95.77646,Unknown,Task2_TargetRCM_EntryCone,0.0,5.259393655750882,14.780517759817435,14.796099182156887,0.0,0.0,0.0,1.7798229048217483e-12,3.224623665220118e-11,9.653858405603015e-10,9.03460367303439,16.407737879019113
52.88366,0.01101,90.84911,Done,Target,161.2445,14.86609,5.26027,0.00157,0.00157,1.0,0.00157,5.26027,0.0,0.0,0.0,0.60249,1.0,6,6,1,0.67076,0.88777,0.06429,0.9,0.56,0.06,0.82,0.7,0.06,0.9,0.56,0.06,-5.5159,-15.01485,22.97353,-70.6296,6.49245,70.14321,double_rcm_log_20260616_133526_303.csv,90.84911,Unknown,Task2_TargetRCM_EntryCone,0.0,5.2597059578856165,14.7813929584047,14.796977155602773,0.0,0.0,0.0,1.9891280697202824e-12,2.0650672518380646e-11,9.304194185607758e-10,9.54897790948438,17.986264698912553
52.92336,0.01034,96.71053,Done,Target,161.2444,14.86675,5.26042,0.00185,0.00185,1.0,0.00185,5.26042,0.0,0.0,0.0,0.60249,1.0,6,6,1,0.67095,0.88788,0.06591,0.9,0.56,0.06,0.82,0.7,0.06,0.9,0.56,0.06,-5.57911,-14.5557,22.17877,-70.37384,6.42077,70.02821,double_rcm_log_20260616_133526_303.csv,96.71053,Unknown,Task2_TargetRCM_EntryCone,0.0,5.260822059440615,14.78452072883779,14.80011484548332,0.0,0.0,0.0,0.0,2.2126571165968966e-11,3.0867106050009944e-10,10.224323222453409,18.458268694829336
52.95424,0.01063,94.03329,Done,Target,161.2442,14.86878,5.26112,0.00212,0.00212,1.0,0.00212,5.26112,0.0,0.0,0.0,0.60249,1.0,6,6,1,0.67115,0.88799,0.06716,0.9,0.56,0.06,0.82,0.7,0.06,0.9,0.56,0.06,-5.6255,-14.17636,21.5246,-70.17766,6.35523,69.93002,double_rcm_log_20260616_133526_303.csv,94.03329,Unknown,Task2_TargetRCM_EntryCone,0.0,5.260613310911823,14.783935730996518,14.799527992051944,0.0,0.0,0.0,1.1102230246251565e-13,3.237313060984338e-11,7.16285023954719e-10,10.764453355523282,19.176203357032875
52.98511,0.00963,103.7932,Done,Target,161.2443,14.87019,5.26161,0.00232,0.00232,1.0,0.00232,5.26161,0.0,0.0,0.0,0.60249,1.0,6,6,1,0.67138,0.88812,0.0684,0.9,0.56,0.06,0.82,0.7,0.06,0.9,0.56,0.06,-5.66938,-13.77308,20.83143,-69.98312,6.27959,69.82233,double_rcm_log_20260616_133526_303.csv,103.7932,Unknown,Task2_TargetRCM_EntryCone,0.0,5.2613270882606695,14.78593602312404,14.80153462963803,0.0,0.0,0.0,1.9984014443252818e-12,2.5324088575830494e-11,1.4139908533235173e-09,11.339692373386532,20.40429087893556
53.02556,0.01075,93.06614,Done,Target,161.2439,14.87407,5.26299,0.00272,0.00272,1.0,0.00272,5.26299,0.0,0.0,0.0,0.60249,1.0,6,6,1,0.67173,0.88832,0.07,0.9,0.56,0.06,0.82,0.7,0.06,0.9,0.56,0.06,-5.72281,-13.21198,19.86958,-69.73138,6.16526,69.6661,double_rcm_log_20260616_133526_303.csv,93.06614,Unknown,Task2_TargetRCM_EntryCone,0.0,5.262914410129561,14.79038433122973,14.805997055154023,0.0,0.0,0.0,3.552713678800501e-12,7.928883647780105e-11,2.115708606219667e-09,12.160167551830035,23.06186606022064
53.05624,0.01074,93.12036,Done,Target,161.2438,14.87629,5.26384,0.00292,0.00292,1.0,0.00292,5.26384,0.0,0.0,0.0,0.60249,1.0,6,6,1,0.67204,0.88849,0.07119,0.9,0.56,0.06,0.82,0.7,0.06,0.9,0.56,0.06,-5.76016,-12.75517,19.08853,-69.54149,6.0646,69.53321,double_rcm_log_20260616_133526_303.csv,93.12036,Unknown,Task2_TargetRCM_EntryCone,0.0,5.263740220965294,14.79269857762231,14.808318649553524,0.0,0.0,0.0,3.978256139440565e-12,8.65174020538958e-11,2.9535267071190886e-09,12.87982891071091,24.07947255681546
53.08707,0.01082,92.46282,Done,Target,161.2437,14.87864,5.26462,0.00338,0.00338,1.0,0.00338,5.26462,0.0,0.0,0.0,0.60249,1.0,6,6,1,0.67238,0.88869,0.07238,0.9,0.56,0.06,0.82,0.7,0.06,0.9,0.56,0.06,-5.79476,-12.2679,18.25682,-69.35126,5.9503,69.38548,double_rcm_log_20260616_133526_303.csv,92.46282,Unknown,Task2_TargetRCM_EntryCone,0.0,5.264908487731106,14.795972514820507,14.811602985843056,0.0,0.0,0.0,1.7798229048217483e-12,1.0396260741501922e-10,1.7192714060576387e-09,13.583748117396595,26.25243429829503
53.1181,0.01118,89.48251,Done,Target,161.2433,14.88311,5.26626,0.00398,0.00398,1.0,0.00398,5.26626,0.0,0.0,0.0,0.60249,1.0,6,6,1,0.67275,0.8889,0.07355,0.9,0.56,0.06,0.82,0.7,0.06,0.9,0.56,0.06,-5.82644,-11.75233,17.37761,-69.16082,5.82223,69.22193,double_rcm_log_20260616_133526_303.csv,89.48251,Unknown,Task2_TargetRCM_EntryCone,0.0,5.267097007135204,14.802105579590673,14.817755543690907,0.0,0.0,0.0,2.51214793389404e-12,2.3351357987002557e-11,32.32007312776139,14.449074379915164,31.548952501976842
53.15858,0.01082,92.45211,Done,Target,161.2431,14.88619,5.26734,0.00481,0.00481,1.0,0.00481,5.26734,0.0,0.0,0.0,0.60249,1.0,6,6,1,0.6733,0.88921,0.07505,0.9,0.56,0.06,0.82,0.7,0.06,0.9,0.56,0.06,-5.86276,-11.02005,16.13047,-68.90913,5.62748,68.97683,double_rcm_log_20260616_133526_303.csv,92.45211,Unknown,Task2_TargetRCM_EntryCone,0.0,5.267545751994898,14.803363130904172,14.819017093961808,0.0,0.0,0.0,0.0,3.0150730653330156,25.711223971838066,15.841214110850206,34.52130550268421
53.18898,0.01073,93.20542,Done,Target,161.2426,14.88861,5.26823,0.00532,0.00532,1.0,0.00532,5.26823,0.0,0.0,0.0,0.60249,1.0,6,6,1,0.67374,0.88947,0.07615,0.9,0.56,0.06,0.82,0.7,0.06,0.9,0.56,0.06,-5.88598,-10.42603,15.11928,-68.71709,5.45914,68.76637,double_rcm_log_20260616_133526_303.csv,93.20542,Unknown,Task2_TargetRCM_EntryCone,0.0,5.268119488662701,14.80497095479578,14.820630031657782,0.0,0.0,0.0,0.16049245843952065,2.6832320085594388,94.43557059402701,16.84984446493521,35.68608023739042
53.21988,0.01043,95.83467,Done,Target,161.2421,14.89348,5.26991,0.00653,0.00653,1.0,0.00653,5.26991,0.0,0.0,0.0,0.60249,1.0,6,6,1,0.67421,0.88973,0.07723,0.89999,0.56,0.06,0.82,0.7,0.06,0.9,0.56,0.06,-5.90577,-9.78753,14.03195,-68.51914,5.26831,68.52801,double_rcm_log_20260616_133526_303.csv,95.83467,Unknown,Task2_TargetRCM_EntryCone,0.0,5.268950687683993,14.807300281487425,14.82296676893031,0.0030852522116496355,0.008682431421294587,0.010000000000065512,0.1618646472341112,3.124709374111206,96.68455825048183,17.977152254929525,43.35749945025856
53.2508,0.01091,91.61881,Done,Target,161.2413,14.89871,5.27184,0.00794,0.00794,1.0,0.00794,5.2718,0.0,0.0,0.0,0.60249,1.0,6,6,1,0.6747,0.89001,0.07828,0.89999,0.56,0.06,0.82,0.7,0.06,0.9,0.56,0.06,-5.92135,-9.10349,12.86647,-68.31506,5.05205,68.2584,double_rcm_log_20260616_133526_303.csv,91.61881,Unknown,Task2_TargetRCM_EntryCone,0.0,5.270869396109873,14.812677199342108,14.828360802011899,0.0030852522116496355,0.008682431421294587,0.010000000000065512,0.10772896062472004,3.5480866690709205,46.528548998402975,19.47650860016116,54.251730636912065
53.2911,0.01094,91.41969,Done,Target,161.2404,14.90491,5.27399,0.01002,0.01002,1.0,0.01002,5.27399,0.0,0.0,0.0,0.60249,1.0,6,6,1,0.67536,0.89039,0.07958,0.89999,0.56,0.05999,0.82,0.7,0.06,0.9,0.56,0.06,-5.93447,-8.12085,11.19053,-68.03227,4.71982,67.84481,double_rcm_log_20260616_133526_303.csv,91.41969,Unknown,Task2_TargetRCM_EntryCone,0.0,5.274015574931928,14.821493899091402,14.837205593203006,0.004705925757591394,0.013243285671818985,0.014142135623774532,0.10601274974364472,2.0381799255795006,88.39838060244388,21.88386039930181,54.39803070761051
53.32116,0.01019,98.15234,Done,Target,161.2394,14.90972,5.27574,0.01234,0.01234,1.0,0.01234,5.27574,0.0,0.0,0.0,0.60249,1.0,6,6,1,0.67586,0.89068,0.08049,0.89999,0.56,0.05999,0.82,0.7,0.06,0.9,0.56,0.06,-5.93813,-7.31293,9.8103,-67.80352,4.42634,67.48087,double_rcm_log_20260616_133526_303.csv,98.15234,Unknown,Task2_TargetRCM_EntryCone,0.0,5.275611047973774,14.825964958696915,14.841690911189847,0.004705925757591394,0.013243285671818985,0.014142135623774532,0.0,3.1174103631482897,77.4195069933718,23.33735074726112,49.29543522342113
53.35233,0.01058,94.49338,Done,Target,161.2376,14.91888,5.27901,0.01615,0.01615,1.0,0.01615,5.27901,0.0,0.0,0.0,0.60249,1.0,6,6,1,0.67634,0.89095,0.08134,0.89999,0.56,0.05999,0.82,0.7,0.06,0.9,0.56,0.06,-5.93616,-6.44419,8.32283,-67.55437,4.08825,67.0648,double_rcm_log_20260616_133526_303.csv,94.49338,Unknown,Task2_TargetRCM_EntryCone,0.0,5.280006411626066,14.83828220723524,14.854047484685145,0.004705925757591394,0.013243285671818985,0.014142135623774532,0.16180957613620706,3.4035066820925035,69.2791578235276,24.786391582713765,52.61817532198121
53.38332,0.01108,90.26094,Done,Target,161.2354,14.92797,5.28224,0.02139,0.02139,1.0,0.02139,5.28224,0.0,0.0,0.0,0.60249,1.0,6,6,1,0.67679,0.89121,0.08208,0.89998,0.56,0.05999,0.82,0.7,0.06,0.9,0.56,0.06,-5.92709,-5.52077,6.73841,-67.282,3.69807,66.59435,double_rcm_log_20260616_133526_303.csv,90.26094,Unknown,Task2_TargetRCM_EntryCone,0.0,5.281466688978716,14.84237436333105,14.858152720248547,0.007120758437718775,0.020038424627182798,0.02236067977501405,0.21194105237593697,2.004206978258301,22.184397442768393,26.42985479325915,39.33038612391436
53.42357,0.01085,92.14513,Done,Target,161.2313,14.93925,5.28617,0.03095,0.03095,1.0,0.03095,5.28617,0.0,0.0,0.0,0.60249,1.0,6,6,1,0.67726,0.89148,0.08283,0.89998,0.56,0.05998,0.82,0.7,0.06,0.9,0.56,0.06,-5.90309,-4.26104,4.5717,-66.88277,3.0967,65.9053,double_rcm_log_20260616_133526_303.csv,92.14513,Unknown,Task2_TargetRCM_EntryCone,0.0,5.286319145014292,14.855972400968726,14.871794272476095,0.009412140941990563,0.02648657134359468,0.028284271247475467,0.2152873296666554,2.8562367788285994,42.663398550663565,26.666356496568014,54.15331224893419
53.45404,0.0105,95.24278,Done,Target,161.2271,14.94675,5.28872,0.04091,0.04091,1.0,0.04091,5.28872,0.0,0.0,0.0,0.60249,1.0,6,6,1,0.6775,0.89162,0.08321,0.89997,0.56,0.05998,0.82,0.7,0.06,0.9,0.56,0.06,-5.87667,-3.36579,3.02966,-66.56211,2.59302,65.3831,double_rcm_log_20260616_133526_303.csv,95.24278,Unknown,Task2_TargetRCM_EntryCone,0.0,5.288331154602244,14.861610624228696,14.87745056193665,0.011670202009670267,0.032839938161637466,0.03605551275461822,0.3650944589290044,4.322128494413609,28.639546776115676,24.22515218000657,122.95931865067658
53.48473,0.01029,97.21445,Done,Target,161.2221,14.95016,5.28972,0.05348,0.05348,1.0,0.05348,5.28972,0.0,0.0,0.0,0.60249,1.0,6,6,1,0.67763,0.8917,0.08341,0.89996,0.56,0.05997,0.82,0.7,0.06,0.9,0.56,0.06,-5.84532,-2.61416,1.73691,-66.2475,2.07632,64.92568,double_rcm_log_20260616_133526_303.csv,97.21445,Unknown,Task2_TargetRCM_EntryCone,0.0,5.289480595260386,14.864831675730917,14.880681940642214,0.01630926721829697,0.04589285179802253,0.05000000000002919,0.46616550071614854,3.9627141816357776,61.34686181139296,19.65870230329372,177.11518559154686
53.51473,0.01007,99.26326,Done,Target,161.2165,14.94483,5.28739,0.06744,0.06744,1.0,0.06744,5.28739,0.0,0.0,0.0,0.60249,1.0,6,6,1,0.6777,0.89174,0.08349,0.89995,0.56,0.05996,0.82,0.7,0.06,0.9,0.56,0.06,-5.81245,-2.07248,0.81172,-65.96807,1.58706,64.58855,double_rcm_log_20260616_133526_303.csv,99.26326,Unknown,Task2_TargetRCM_EntryCone,0.0,5.287903462338936,14.860412110366724,14.876248206598286,0.02097877782256412,0.059030630901382775,0.06403124237432316,0.5978802472098098,2.76459312282023,105.06025712732914,14.100139795760834,191.5582826228573
53.54494,0.0093,107.5224,Done,Target,161.2105,14.92732,5.28075,0.08254,0.08254,1.0,0.08254,5.28075,0.0,0.0,0.0,0.60249,1.0,6,6,1,0.67774,0.89178,0.08349,0.89993,0.56,0.05995,0.82,0.7,0.06,0.9,0.56,0.06,-5.7813,-1.74529,0.26296,-65.74567,1.16104,64.38663,double_rcm_log_20260616_133526_303.csv,107.5224,Unknown,Task2_TargetRCM_EntryCone,0.0,5.280855199509878,14.840660778826203,14.856433657851719,0.027971108725269218,0.07870099207663993,0.08602325267043485,0.593531813945042,2.7964787539202867,92.32512757428947,8.826543662264305,159.06303956940363
53.57578,0.00931,107.4063,Done,Target,161.2041,14.89407,5.26827,0.09807,0.09807,1.0,0.09807,5.26827,0.0,0.0,0.0,0.60249,1.0,6,6,1,0.67779,0.89183,0.08343,0.89992,0.56,0.05994,0.82,0.7,0.06,0.9,0.56,0.06,-5.75355,-1.58157,0.00069,-65.58849,0.81939,64.29211,double_rcm_log_20260616_133526_303.csv,107.4063,Unknown,Task2_TargetRCM_EntryCone,0.0,5.267682375341455,14.80374600055558,14.819401181257508,0.03262254727618758,0.09178570359599489,0.09999999999997372,0.45701926874156973,2.755611118681818,88.78789733985691,5.188461361786283,102.58187770358784
53.60683,0.01005,99.46827,Done,Target,161.1975,14.84425,5.24983,0.11409,0.11409,1.0,0.11409,5.24983,0.0,0.0,0.0,0.60249,1.0,6,6,1,0.67786,0.89189,0.08335,0.89991,0.56,0.05993,0.82,0.7,0.06,0.9,0.56,0.06,-5.72984,-1.51299,-0.09646,-65.49251,0.56886,64.2604,double_rcm_log_20260616_133526_303.csv,99.46827,Unknown,Task2_TargetRCM_EntryCone,0.0,5.250254023834417,14.754904570687996,14.770404931533873,0.037288418954278986,0.10491021802549932,0.11401754250994142,0.4603840730424903,2.7361573772635643,83.76261125653298,3.1409469604326574,58.38593297251552
53.63723,0.01049,95.36784,Done,Target,161.1909,14.77921,5.22577,0.12981,0.12981,1.0,0.12981,5.22577,0.0,0.0,0.0,0.60249,1.0,6,6,1,0.67795,0.89196,0.08323,0.8999,0.56,0.05992,0.82,0.7,0.06,0.9,0.56,0.06,-5.70953,-1.48692,-0.1214,-65.44502,0.39747,64.25594,double_rcm_log_20260616_133526_303.csv,95.36784,Unknown,Task2_TargetRCM_EntryCone,0.0,5.226744136603019,14.689018007085426,14.704311145463489,0.04196400700230611,0.11806126180276555,0.12806248474864632,0.5871417260491438,2.5455615326186196,48.28221778028293,1.9485080581764331,35.571349346361956
53.66805,0.01032,96.86021,Done,Target,161.1842,14.69662,5.19539,0.14573,0.14573,1.0,0.14573,5.19539,0.0,0.0,0.0,0.60249,1.0,6,6,1,0.67806,0.89206,0.08308,0.89988,0.56,0.05991,0.82,0.7,0.06,0.9,0.56,0.06,-5.69128,-1.47507,-0.12308,-65.4362,0.28962,64.26006,double_rcm_log_20260616_133526_303.csv,96.86021,Unknown,Task2_TargetRCM_EntryCone,0.0,5.195863556985759,14.602471289296536,14.617495053943276,0.04893983916122151,0.13767855539402193,0.15000000000000707,0.5572517644474684,0.6525314904446541,46.26115208312403,1.1802724724791378,23.720860212766272
53.70851,0.01064,93.98902,Done,Target,161.1756,14.56381,5.1467,0.16623,0.16623,1.0,0.16623,5.1467,0.0,0.0,0.0,0.60249,1.0,6,6,1,0.67825,0.89221,0.08283,0.89987,0.56,0.0599,0.82,0.7,0.06,0.9,0.56,0.06,-5.66856,-1.46389,-0.11881,-65.46576,0.21313,64.26759,double_rcm_log_20260616_133526_303.csv,93.98902,Unknown,Task2_TargetRCM_EntryCone,0.0,5.146363285399349,14.463731698394518,14.478330295104769,0.05360494002289836,0.1507978779692079,0.16401219466862382,0.5635671609374014,0.5163233845776474,22.504238231731755,0.7708846252794155,13.842178367662317
53.73895,0.01053,94.94891,Done,Target,161.1691,14.4458,5.10346,0.18165,0.18165,1.0,0.18165,5.10346,0.0,0.0,0.0,0.60249,1.0,6,6,1,0.67841,0.89234,0.08261,0.89985,0.56,0.05989,0.82,0.7,0.06,0.9,0.56,0.06,-5.651,-1.45527,-0.11554,-65.50951,0.18425,64.27316,double_rcm_log_20260616_133526_303.csv,94.94891,Unknown,Task2_TargetRCM_EntryCone,0.0,5.102689656071126,14.341314079731037,14.355544278249884,0.06060320423645219,0.1704744510521603,0.1860107523773688,0.582181103826595,1.219083334727301,43.73784217970538,0.7898405668006013,9.074556380493178
53.7716,0.01241,80.55567,Done,Target,161.1622,14.3023,5.0509,0.19796,0.19796,1.0,0.19796,5.0509,0.0,0.0,0.0,0.60249,1.0,6,6,1,0.67861,0.8925,0.08235,0.89984,0.56,0.05988,0.82,0.7,0.06,0.9,0.56,0.06,-5.63096,-1.44356,-0.11525,-65.57114,0.16873,64.27794,double_rcm_log_20260616_133526_303.csv,80.55567,Unknown,Task2_TargetRCM_EntryCone,0.0,5.050737576623897,14.195681037119845,14.209481138187074,0.06526114164429311,0.18357140719206402,0.2000000000000363,0.48803848425006896,2.5665918825834213,31.349268849105773,0.9092949660068725,5.913154603124646
53.81095,0.00945,105.8531,Done,Target,161.1541,14.10723,4.97953,0.21733,0.21733,1.0,0.21733,4.97953,0.0,0.0,0.0,0.60249,1.0,6,6,1,0.67888,0.89271,0.08198,0.89982,0.56,0.05987,0.82,0.7,0.06,0.9,0.56,0.06,-5.60461,-1.42875,-0.11406,-65.66103,0.16122,64.28417,double_rcm_log_20260616_133526_303.csv,105.8531,Unknown,Task2_TargetRCM_EntryCone,0.0,4.978373565289811,13.992809460182524,14.006025042411668,0.07227377463020446,0.20328456750238305,0.22203603311180004,0.5302780633174032,2.3252961516223687,93.19324371632645,1.0610946206512837,3.8808201940372915
53.84199,0.01044,95.82276,Done,Target,161.1479,13.93596,4.91681,0.23251,0.23251,1.0,0.23251,4.91681,0.0,0.0,0.0,0.60249,1.0,6,6,1,0.67912,0.8929,0.08167,0.89981,0.56001,0.05986,0.82,0.7,0.06,0.9,0.56,0.06,-5.58166,-1.41604,-0.11289,-65.74168,0.15827,64.28935,double_rcm_log_20260616_133526_303.csv,95.82276,Unknown,Task2_TargetRCM_EntryCone,0.0,4.917004308451931,13.820744032293517,13.833477029495581,0.07559441031136084,0.21260653438113294,0.23622023622037203,0.4793980420545239,3.785520588206387,88.53674910979652,1.1637168145153958,3.423845197793054
53.87369,0.01182,84.63091,Done,Target,161.1414,13.74632,4.84739,0.24797,0.24797,1.0,0.24797,4.84739,0.0,0.0,0.0,0.60249,1.0,6,6,1,0.67938,0.8931,0.08131,0.8998,0.56001,0.05985,0.82,0.7,0.06,0.9,0.56,0.06,-5.55622,-1.40136,-0.1128,-65.83073,0.15474,64.29436,double_rcm_log_20260616_133526_303.csv,84.63091,Unknown,Task2_TargetRCM_EntryCone,0.0,4.848008420060359,13.627276341261997,13.6394809692112,0.08026412154283097,0.22573299407792602,0.25019992006391506,0.3551766924813885,3.5568648432044645,110.58252993267124,1.270111942305674,3.250619576867536
53.90468,0.01009,99.06808,Done,Target,161.1353,13.54648,4.77426,0.26263,0.26263,1.0,0.26263,4.77426,0.0,0.0,0.0,0.60249,1.0,6,6,1,0.67966,0.89332,0.08094,0.89979,0.56001,0.05985,0.82,0.7,0.06,0.9,0.56,0.06,-5.52964,-1.38638,-0.11229,-65.92678,0.15563,64.29951,double_rcm_log_20260616_133526_303.csv,99.06808,Unknown,Task2_TargetRCM_EntryCone,0.0,4.774115515604599,13.420055281352248,13.431710464357815,0.08259918090472357,0.23229291853179157,0.25826343140293123,0.3582830433669762,3.7020675367362683,93.33171215502318,1.3653056657075533,3.026436995718832
53.93598,0.01041,96.08641,Done,Target,161.1292,13.33032,4.69515,0.27725,0.27725,1.0,0.27725,4.69511,0.0,0.0,0.0,0.60249,1.0,6,6,1,0.67996,0.89355,0.08053,0.89978,0.56001,0.05984,0.82,0.7,0.06,0.9,0.56,0.06,-5.50054,-1.37054,-0.11092,-66.02882,0.15211,64.30525,double_rcm_log_20260616_133526_303.csv,96.08641,Unknown,Task2_TargetRCM_EntryCone,0.0,4.695076166912291,13.198377127615634,13.209463116606207,0.08725831856749756,0.24538823243056104,0.27221315177632094,0.5801920165533017,3.1853355502371588,92.13562817809262,1.4579660536200731,3.113577115827691
53.96697,0.01032,96.87543,Done,Target,161.1233,13.10374,4.61206,0.29153,0.29153,1.0,0.29153,4.61206,0.0,0.0,0.0,0.60249,1.0,6,6,1,0.68028,0.89379,0.08011,0.89976,0.56001,0.05983,0.82,0.7,0.06,0.9,0.56,0.06,-5.47031,-1.35399,-0.1099,-66.1383,0.15379,64.31088,double_rcm_log_20260616_133526_303.csv,96.87543,Unknown,Task2_TargetRCM_EntryCone,0.0,4.611791828458822,12.96476607134145,12.975272666844191,0.09427377995098526,0.26510085163663977,0.29427877939125435,0.5550304219938592,2.197509116846653,81.95386251754083,1.5563869011712792,2.916751818721106
54.00704,0.01037,96.40062,Done,Target,161.116,12.79001,4.49719,0.30957,0.30957,1.0,0.30957,4.49719,0.0,0.0,0.0,0.60249,1.0,6,6,1,0.68072,0.89413,0.07952,0.89975,0.56001,0.05982,0.82,0.7,0.06,0.9,0.56,0.06,-5.42824,-1.33003,-0.11045,-66.28871,0.15381,64.31761,double_rcm_log_20260616_133526_303.csv,96.40062,Unknown,Task2_TargetRCM_EntryCone,0.0,4.496778269395882,12.642110195112114,12.651850353284681,0.09892926056059295,0.2781836692657485,0.3082207001484248,0.4158149488576446,1.4812524240531437,64.85273398489721,1.6570839766229233,2.6038715558195085
54.03754,0.01021,97.94545,Done,Target,161.1105,12.5383,4.40478,0.32279,0.32279,1.0,0.32279,4.40478,0.0,0.0,0.0,0.60249,1.0,6,6,1,0.68107,0.89439,0.07904,0.89974,0.56001,0.05981,0.82,0.7,0.06,0.9,0.56,0.06,-5.39419,-1.31084,-0.11084,-66.40879,0.15167,64.32288,double_rcm_log_20260616_133526_303.csv,97.94545,Unknown,Task2_TargetRCM_EntryCone,0.0,4.405044897552779,12.384727334811345,12.393883621008289,0.10359018458220873,0.2912809904278642,0.32218007387176695,0.4598953079016093,1.6798630108480102,68.70341887139058,1.7352391350024088,2.714121777736545
54.06855,0.0105,95.24896,Done,Target,161.1049,12.26911,4.30603,0.33619,0.33619,1.0,0.33619,4.30603,0.0,0.0,0.0,0.60249,1.0,6,6,1,0.68145,0.89468,0.07853,0.89973,0.56001,0.0598,0.82,0.7,0.06,0.9,0.56,0.06,-5.35772,-1.29104,-0.11015,-66.53725,0.14928,64.32877,double_rcm_log_20260616_133526_303.csv,95.24896,Unknown,Task2_TargetRCM_EntryCone,0.0,4.305985637909892,12.106754077956827,12.1153065804101,0.10825588661399231,0.30439094295634656,0.3361547262794241,0.4925157819531586,2.9474405997655158,45.33174938771621,1.823553166073084,2.796956288305504
54.10886,0.01047,95.4946,Done,Target,161.0981,11.90268,4.17148,0.35266,0.35266,1.0,0.35266,4.17148,0.0,0.0,0.0,0.60249,1.0,6,6,1,0.68197,0.89506,0.07784,0.89971,0.56001,0.05979,0.82,0.7,0.06,0.9,0.56,0.06,-5.30813,-1.26389,-0.11008,-66.71405,0.14958,64.33615,double_rcm_log_20260616_133526_303.csv,95.4946,Unknown,Task2_TargetRCM_EntryCone,0.0,4.1713790346250885,11.728972480201122,11.736747900507048,0.11526355930379541,0.3240750150576671,0.35818989377145216,0.4146154974005172,1.6414929761055743,104.88819116716671,1.9300289001396636,2.426606620910254
54.1393,0.01031,96.94731,Done,Target,161.0929,11.61358,4.0651,0.36509,0.36509,1.0,0.36509,4.0651,0.0,0.0,0.0,0.60249,1.0,6,6,1,0.68237,0.89536,0.07728,0.8997,0.56001,0.05979,0.82,0.7,0.06,0.9,0.56,0.06,-5.26881,-1.24179,-0.11135,-66.85349,0.14919,64.34132,double_rcm_log_20260616_133526_303.csv,96.94731,Unknown,Task2_TargetRCM_EntryCone,0.0,4.0646297793759,11.429328090915483,11.43652183802162,0.1176362045892963,0.3307357764835061,0.3663331816802528,0.36462957207036634,3.741508917261287,51.971707835553666,1.9985909554125645,2.3355312332878886
54.17006,0.01062,94.19441,Done,Target,161.0879,11.3117,3.95394,0.37705,0.37705,1.0,0.37705,3.95394,0.0,0.0,0.0,0.60249,1.0,6,6,1,0.6828,0.89567,0.0767,0.89969,0.56001,0.05978,0.82,0.7,0.06,0.9,0.56,0.06,-5.22752,-1.2196,-0.11122,-66.99902,0.14758,64.34716,double_rcm_log_20260616_133526_303.csv,94.19441,Unknown,Task2_TargetRCM_EntryCone,0.0,3.953652222378176,11.117772841451247,11.124393404623477,0.12228665533314127,0.3438000313241527,0.38026306683665495,0.45675360441727175,2.1855990901539935,98.61734361838555,2.069419891850759,2.4263758015219956
54.20123,0.01032,96.92288,Done,Target,161.0831,10.99527,3.83732,0.38902,0.38902,1.0,0.38902,3.83732,0.0,0.0,0.0,0.60249,1.0,6,6,1,0.68325,0.896,0.07609,0.89968,0.56001,0.05977,0.82,0.7,0.06,0.9,0.56,0.06,-5.18415,-1.19749,-0.10927,-67.15232,0.14664,64.35388,double_rcm_log_20260616_133526_303.csv,96.92288,Unknown,Task2_TargetRCM_EntryCone,0.0,3.83697275863155,10.790165262271117,10.796216903935376,0.12694208537026708,0.35687748382539897,0.39420806688852933,0.4090717804160596,2.6465153314752667,69.69692782149083,2.1472905952629833,2.3977199504941926
54.24147,0.01096,91.25552,Done,Target,161.077,10.5722,3.68105,0.4037,0.4037,1.0,0.4037,3.68105,0.0,0.0,0.0,0.60249,1.0,6,6,1,0.68386,0.89643,0.07527,0.89967,0.56001,0.05976,0.82,0.7,0.06,0.9,0.56,0.06,-5.12597,-1.16577,-0.11089,-67.35841,0.14696,64.36095,double_rcm_log_20260616_133526_303.csv,91.25552,Unknown,Task2_TargetRCM_EntryCone,0.0,3.680703175293223,10.35132839056922,10.356670455449166,0.13160199726261104,0.3699667344713855,0.40816663263921066,0.31379075942503054,2.537990000271552,55.02996872670331,2.2370387141814074,2.1333506803882742
54.27176,0.01052,95.09844,Done,Target,161.0726,10.24439,3.55975,0.41434,0.41434,1.0,0.41434,3.55975,0.0,0.0,0.0,0.60249,1.0,6,6,1,0.68432,0.89677,0.07464,0.89966,0.56001,0.05976,0.82,0.7,0.06,0.9,0.56,0.06,-5.08058,-1.1433,-0.10852,-67.51865,0.14638,64.36779,double_rcm_log_20260616_133526_303.csv,95.09844,Unknown,Task2_TargetRCM_EntryCone,0.0,3.5601001410461572,10.012597650285722,10.017431694678924,0.13397152935630335,0.3766165158354254,0.41629316592997595,0.2306609069600598,2.3904177583233115,69.80709965472519,2.2992754759700453,1.942014795607072
54.30282,0.01063,94.07957,Done,Target,161.0684,9.89983,3.43194,0.42464,0.42464,1.0,0.42464,3.43194,0.0,0.0,0.0,0.60249,1.0,6,6,1,0.68482,0.89712,0.07396,0.89966,0.56001,0.05975,0.82,0.7,0.06,0.9,0.56,0.06,-5.03264,-1.11756,-0.10999,-67.68748,0.14595,64.37321,double_rcm_log_20260616_133526_303.csv,94.07957,Unknown,Task2_TargetRCM_EntryCone,0.0,3.4327390230827097,9.654837741888572,9.659171390727998,0.13626596114306797,0.3830665738484849,0.4221374183841134,0.2282899371233627,2.179989835358909,79.46496753326275,2.351432795524129,1.8462361887266046
54.33371,0.01043,95.87771,Done,Target,161.0642,9.55014,3.30186,0.43478,0.43478,1.0,0.43478,3.30186,0.0,0.0,0.0,0.60249,1.0,6,6,1,0.68533,0.89747,0.07327,0.89965,0.56001,0.05975,0.82,0.7,0.06,0.9,0.56,0.06,-4.98342,-1.09303,-0.10853,-67.85802,0.14147,64.37988,double_rcm_log_20260616_133526_303.csv,95.87771,Unknown,Task2_TargetRCM_EntryCone,0.0,3.301963342510896,9.287436634110614,9.29129368510694,0.13862500465803096,0.3896862643402148,0.4302324952860371,0.3120893418324259,2.555498797438291,22.498668896852024,2.4109524229061416,2.085118616283748
54.37349,0.0105,95.25835,Done,Target,161.0591,9.08967,3.13007,0.44727,0.44727,1.0,0.44727,3.13007,0.0,0.0,0.0,0.60249,1.0,6,6,1,0.68599,0.89794,0.07235,0.89964,0.56001,0.05974,0.82,0.7,0.06,0.9,0.56,0.06,-4.91856,-1.05933,-0.10969,-68.08655,0.14196,64.38718,double_rcm_log_20260616_133526_303.csv,95.25835,Unknown,Task2_TargetRCM_EntryCone,0.0,3.1308355349522197,8.80659750390836,8.809885478887757,0.14328279806334676,0.4027673502924024,0.44418464629027493,0.3132814057381523,1.109243612221146,27.277296577219463,2.4969038543017517,1.9420321886876
54.40416,0.01049,95.28678,Done,Target,161.0555,8.72839,2.9948,0.45602,0.45602,1.0,0.45602,2.9948,0.0,0.0,0.0,0.60249,1.0,6,6,1,0.68652,0.8983,0.07163,0.89963,0.56001,0.05974,0.82,0.7,0.06,0.9,0.56,0.06,-4.86723,-1.03447,-0.10792,-68.26716,0.1421,64.39387,double_rcm_log_20260616_133526_303.csv,95.28678,Unknown,Task2_TargetRCM_EntryCone,0.0,2.995582247345125,8.426503688658448,8.429383727446645,0.1456598900091965,0.4094367613422892,0.4523273151159274,0.36223803596630155,0.988672506786067,54.00120979013616,2.5478336769999195,1.5972057368987485
54.43511,0.00967,103.3842,Done,Target,161.052,8.35961,2.85629,0.46487,0.46487,1.0,0.46487,2.85629,0.0,0.0,0.0,0.60249,1.0,6,6,1,0.68707,0.89867,0.07088,0.89962,0.56001,0.05973,0.82,0.7,0.06,0.9,0.56,0.06,-4.81444,-1.00811,-0.10795,-68.453,0.14296,64.3999,double_rcm_log_20260616_133526_303.csv,103.3842,Unknown,Task2_TargetRCM_EntryCone,0.0,2.856430211097776,8.035404479791278,8.037901558196399,0.15031179429221497,0.42249988620850176,0.4662617290750276,0.36408042870894747,2.5806493709124525,58.26093666888431,2.594399924990455,1.6013771079889902
54.46529,0.01016,98.41965,Done,Target,161.0487,7.99532,2.71873,0.47286,0.47286,1.0,0.47286,2.71873,0.0,0.0,0.0,0.60249,1.0,6,6,1,0.68761,0.89904,0.07013,0.89961,0.56001,0.05973,0.82,0.7,0.06,0.9,0.56,0.06,-4.76158,-0.98217,-0.10766,-68.63704,0.14125,64.4059,double_rcm_log_20260616_133526_303.csv,98.41965,Unknown,Task2_TargetRCM_EntryCone,0.0,2.717904761843889,7.646019269795401,7.6481704184051456,0.15270513437090075,0.42921395059414647,0.47444704657105824,0.22738897921007886,2.97125132671468,33.30161474871052,2.634934893502212,1.4759966682335257
54.49759,0.00981,101.972,Done,Target,161.0454,7.60251,2.56956,0.48091,0.48091,1.0,0.48091,2.56956,0.0,0.0,0.0,0.60249,1.0,6,6,1,0.6882,0.89944,0.06932,0.89961,0.56001,0.05972,0.82,0.7,0.06,0.9,0.56,0.06,-4.70386,-0.95295,-0.10946,-68.83688,0.13836,64.41145,double_rcm_log_20260616_133526_303.csv,101.972,Unknown,Task2_TargetRCM_EntryCone,0.0,2.570043660605695,7.230342947249047,7.232161792203595,0.15496785440294472,0.43557389199151075,0.4802082881417164,0.2173197332909903,0.32361145259379837,47.23617471159493,2.6853974840056964,1.6235229040701873
54.53038,0.01063,94.06564,Done,Target,161.0423,7.20226,2.41679,0.48857,0.48857,1.0,0.48857,2.41679,0.0,0.0,0.0,0.60249,1.0,6,6,1,0.6888,0.89984,0.06847,0.8996,0.56001,0.05972,0.82,0.7,0.06,0.9,0.56,0.06,-4.6445,-0.92455,-0.10893,-69.04471,0.13895,64.41798,double_rcm_log_20260616_133526_303.csv,94.06564,Unknown,Task2_TargetRCM_EntryCone,0.0,2.4171060549706054,6.800344612207379,6.801857712102412,0.15735143937058377,0.44225993053169277,0.48836461788304253,0.217143331360888,0.0746283775772511,58.200439487182344,2.7327222620136724,1.423291741597406
54.56273,0.01011,98.89161,Done,Target,161.0395,6.80764,2.26486,0.49556,0.49556,1.0,0.49556,2.26486,0.0,0.0,0.0,0.60249,1.0,6,6,1,0.68941,0.90024,0.06763,0.8996,0.56001,0.05971,0.82,0.7,0.06,0.9,0.56,0.06,-4.58487,-0.89657,-0.10804,-69.25231,0.13829,64.42451,double_rcm_log_20260616_133526_303.csv,98.89161,Unknown,Task2_TargetRCM_EntryCone,0.0,2.2666377366146677,6.377241607321041,6.378489371904499,0.15962773222554888,0.44865782747423394,0.4941659640242859,0.2191620676110128,3.4598724697808265,36.59753847321387,2.7765318864720077,1.2546177332058355
54.59491,0.00963,103.8503,Done,Target,161.0368,6.41537,2.11239,0.50219,0.50219,1.0,0.50219,2.11239,0.0,0.0,0.0,0.60249,1.0,6,6,1,0.69003,0.90064,0.06677,0.89959,0.56001,0.05971,0.82,0.7,0.06,0.9,0.56,0.06,-4.52448,-0.86726,-0.10943,-69.46275,0.13854,64.43007,double_rcm_log_20260616_133526_303.csv,103.8503,Unknown,Task2_TargetRCM_EntryCone,0.0,2.1131233340967435,5.945527988751792,5.946539024255212,0.16200208194684115,0.4553173027174297,0.5022947341949902,0.30998521370051435,2.401154026265353,134.33414470453366,2.8100330537469667,1.039299473963726
54.62725,0.01091,91.63827,Done,Target,161.0344,6.02594,1.95935,0.50823,0.50823,1.0,0.50823,1.95935,0.0,0.0,0.0,0.60249,1.0,6,6,1,0.69065,0.90105,0.0659,0.89958,0.56001,0.05971,0.82,0.7,0.06,0.9,0.56,0.06,-4.46281,-0.83879,-0.10888,-69.67521,0.13559,64.43637,double_rcm_log_20260616_133526_303.csv,91.63827,Unknown,Task2_TargetRCM_EntryCone,0.0,1.9598284581269134,5.514389131528506,5.515195718514003,0.1644004792687671,0.4620439539531028,0.5104899607239872,0.15532108923466126,5.332489894065301,74.06269351397994,2.8321546289164123,0.977484216498169
54.65989,0.01167,85.68816,Done,Target,161.0322,5.63998,1.80569,0.51348,0.51348,1.0,0.51348,1.80569,0.0,0.0,0.0,0.60249,1.0,6,6,1,0.69129,0.90146,0.065,0.89958,0.56001,0.05971,0.82,0.7,0.06,0.9,0.56,0.06,-4.39987,-0.81024,-0.10804,-69.892,0.1329,64.44278,double_rcm_log_20260616_133526_303.csv,85.68816,Unknown,Task2_TargetRCM_EntryCone,0.0,1.8056306541590688,5.080670989904113,5.081301785408648,0.1644004792687671,0.4620439539531028,0.5104899607239872,0.15626058463202863,2.3671039911829395,133.02806743705045,2.8650619731986007,1.2313671995305349
54.6921,0.01123,89.07674,Done,Target,161.0303,5.26819,1.65481,0.51845,0.51845,1.0,0.51845,1.65481,0.0,0.0,0.0,0.60249,1.0,6,6,1,0.69193,0.90186,0.06411,0.89958,0.56001,0.0597,0.82,0.7,0.06,0.9,0.56,0.06,-4.33679,-0.78213,-0.10694,-70.10857,0.12967,64.44915,double_rcm_log_20260616_133526_303.csv,89.07674,Unknown,Task2_TargetRCM_EntryCone,0.0,1.6560593445586442,4.659930779264709,4.660417448395461,0.166656723437758,0.46838511439264874,0.5162363799655887,0.21909163538113188,3.3956875403887605,82.84776012005032,2.905281599399037,1.4036277786847373
54.72444,0.01125,88.91292,Done,Target,161.0285,4.90871,1.50597,0.52293,0.52293,1.0,0.52293,1.50597,0.0,0.0,0.0,0.60249,1.0,6,6,1,0.69258,0.90226,0.0632,0.89957,0.56001,0.0597,0.82,0.7,0.06,0.9,0.56,0.06,-4.27309,-0.75189,-0.10976,-70.32952,0.13059,64.45382,double_rcm_log_20260616_133526_303.csv,88.91292,Unknown,Task2_TargetRCM_EntryCone,0.0,1.5061965676011906,4.2383388311527215,4.238704977741855,0.1690459617265886,0.47508541742112037,0.5244044240851059,0.15371778261474844,3.3973045449770227,64.58842054112893,2.937707501866516,1.266756512685004
54.75641,0.01041,96.06477,Done,Target,161.0271,4.57242,1.36301,0.52659,0.52659,1.0,0.52659,1.36301,0.0,0.0,0.0,0.60249,1.0,6,6,1,0.69322,0.90266,0.06229,0.89957,0.56001,0.0597,0.82,0.7,0.06,0.9,0.56,0.06,-4.20954,-0.72422,-0.10879,-70.54956,0.13099,64.45986,double_rcm_log_20260616_133526_303.csv,96.06477,Unknown,Task2_TargetRCM_EntryCone,0.0,1.3636546627494532,3.8373149125116734,3.837586635649046,0.1690459617265886,0.47508541742112037,0.5244044240851059,0.21698626205743154,2.414925005388692,90.89467017194549,2.9655765104327942,0.63781506222969
54.78879,0.01109,90.2044,Done,Target,161.0257,4.25717,1.22477,0.52978,0.52978,1.0,0.52978,1.22477,0.0,0.0,0.0,0.60249,1.0,6,6,1,0.69387,0.90306,0.06136,0.89956,0.56,0.0597,0.82,0.7,0.06,0.9,0.56,0.06,-4.14505,-0.69592,-0.10882,-70.77545,0.13573,64.46545,double_rcm_log_20260616_133526_303.csv,90.2044,Unknown,Task2_TargetRCM_EntryCone,0.0,1.2242517955767405,3.4450992968824092,3.445295917314616,0.17283354692052927,0.48574130500154533,0.5325410782277675,0.21698626205240726,3.4152137896641297,83.21752246628759,2.96434182300138,1.436345566009325
54.82076,0.01037,96.42618,Done,Target,161.0247,3.97711,1.09718,0.53248,0.53248,1.0,0.53248,1.09718,0.0,0.0,0.0,0.60249,1.0,6,6,1,0.69452,0.90346,0.06044,0.89956,0.56,0.0597,0.82,0.7,0.06,0.9,0.56,0.06,-4.07984,-0.66708,-0.10991,-70.9947,0.12784,64.47052,double_rcm_log_20260616_133526_303.csv,96.42618,Unknown,Task2_TargetRCM_EntryCone,0.0,1.0967622681076643,3.086384433293158,3.086525802997141,0.17283354692052927,0.48574130500154533,0.5325410782277675,1.7763568394002505e-12,3.4417278913789686,51.159091660516715,2.967652055920008,0.7952963953332641
54.85365,0.01118,89.42099,Done,Target,161.0239,3.73159,0.98019,0.53472,0.53472,1.0,0.53472,0.98019,0.0,0.0,0.0,0.60249,1.0,6,6,1,0.6952,0.90386,0.05948,0.89956,0.56,0.0597,0.82,0.7,0.06,0.9,0.56,0.06,-4.01293,-0.64036,-0.10663,-71.22447,0.12674,64.47736,double_rcm_log_20260616_133526_303.csv,89.42099,Unknown,Task2_TargetRCM_EntryCone,0.0,0.9791344957145028,2.755403808441038,2.7555043968443806,0.17283354692052927,0.48574130500154533,0.5325410782277675,2.5146000066436358e-12,2.7827927840839505e-11,51.84016160649276,3.000463974629983,0.973077947329745
54.88594,0.01097,91.14583,Done,Target,161.0233,3.54173,0.88492,0.53616,0.53616,1.0,0.53616,0.88492,0.0,0.0,0.0,0.60249,1.0,6,6,1,0.69586,0.90425,0.05854,0.89956,0.56,0.0597,0.82,0.7,0.06,0.9,0.56,0.06,-3.9471,-0.61213,-0.10752,-71.45151,0.12797,64.48224,double_rcm_log_20260616_133526_303.csv,91.14583,Unknown,Task2_TargetRCM_EntryCone,0.0,0.8845628913487995,2.4892900624743723,2.489364229091813,0.17283354692052927,0.48574130500154533,0.5325410782277675,1.1102230246251565e-13,7.760002092575465e-11,4.4809977129922663e-10,3.004540009129189,0.3075840497298503
54.91846,0.01166,85.73048,Done,Target,161.0229,3.41116,0.81661,0.53711,0.53711,1.0,0.53711,0.81661,0.0,0.0,0.0,0.60249,1.0,6,6,1,0.69653,0.90464,0.05758,0.89956,0.56,0.0597,0.82,0.7,0.06,0.9,0.56,0.06,-3.88007,-0.58362,-0.1087,-71.67892,0.12427,64.48697,double_rcm_log_20260616_133526_303.csv,85.73048,Unknown,Task2_TargetRCM_EntryCone,0.0,0.8163526619429278,2.2973499779327002,2.2974082763449952,0.17283354692052927,0.48574130500154533,0.5325410782277675,2.5146000066436358e-12,5.618926118149158e-11,1.5749971165166058e-09,3.012796577464299,0.7172284378910466
54.94943,0.01046,95.60879,Done,Target,161.0228,3.35082,0.7841,0.53753,0.53753,1.0,0.53753,0.7841,0.0,0.0,0.0,0.60249,1.0,6,6,1,0.69716,0.90501,0.05667,0.89956,0.56,0.0597,0.82,0.7,0.06,0.9,0.56,0.06,-3.81659,-0.55867,-0.10679,-71.89809,0.12643,64.49254,double_rcm_log_20260616_133526_303.csv,95.60879,Unknown,Task2_TargetRCM_EntryCone,0.0,0.7841713422290393,2.2067922489356935,2.206843921095752,0.17283354692052927,0.48574130500154533,0.5325410782277675,3.5544479789666732e-12,2.509339923601938e-11,1.8356292779424324e-09,3.0265019761330274,0.24716262256679825
54.9816,0.01067,93.6859,Done,Target,161.0228,3.35796,0.78808,0.53735,0.53735,1.0,0.53735,0.78808,0.0,0.0,0.0,0.60249,1.0,6,6,1,0.69782,0.90538,0.05571,0.89956,0.56,0.0597,0.82,0.7,0.06,0.9,0.56,0.06,-3.75029,-0.53029,-0.10961,-72.12537,0.12721,64.49619,double_rcm_log_20260616_133526_303.csv,93.6859,Unknown,Task2_TargetRCM_EntryCone,0.0,0.7895557231054038,2.2219438615526688,2.2219966054234055,0.17283354692052927,0.48574130500154533,0.5325410782277675,1.7763568394002505e-12,6.198312688535334e-11,4.195062789841137e-10,3.0174164199987974,0.4472944167581663
55.01352,0.00986,101.4095,Done,Target,161.0234,3.4351,0.82992,0.53655,0.53655,1.0,0.53655,0.82992,0.0,0.0,0.0,0.60249,1.0,6,6,1,0.69848,0.90575,0.05477,0.89956,0.56,0.0597,0.82,0.7,0.06,0.9,0.56,0.06,-3.68437,-0.50517,-0.10755,-72.34972,0.12557,64.50172,double_rcm_log_20260616_133526_303.csv,101.4095,Unknown,Task2_TargetRCM_EntryCone,0.0,0.8301345783785155,2.3361318546628667,2.3361931558114435,0.17283354692052927,0.48574130500154533,0.5325410782277675,1.7798229048217483e-12,3.980316543355027e-11,1.5468037554515709e-09,3.0124134402302007,0.3051912584541413
55.04607,0.01023,97.7328,Done,Target,161.0239,3.58011,0.90547,0.53525,0.53525,1.0,0.53525,0.90547,0.0,0.0,0.0,0.60249,1.0,6,6,1,0.69915,0.90612,0.0538,0.89956,0.56,0.0597,0.82,0.7,0.06,0.9,0.56,0.06,-3.61752,-0.47817,-0.10883,-72.57911,0.12745,64.50577,double_rcm_log_20260616_133526_303.csv,97.7328,Unknown,Task2_TargetRCM_EntryCone,0.0,0.9061158548990098,2.5499382750485093,2.550017996131735,0.17283354692052927,0.48574130500154533,0.5325410782277675,1.7798229048217483e-12,3.9724518043719866e-11,8.551440607444173e-10,3.012069502742864,0.4532873200635274
55.07809,0.00897,111.497,Done,Target,161.0247,3.78132,1.00522,0.53356,0.53356,1.0,0.53356,1.00522,0.0,0.0,0.0,0.60249,1.0,6,6,1,0.6998,0.90649,0.05285,0.89956,0.56,0.0597,0.82,0.7,0.06,0.9,0.56,0.06,-3.55141,-0.45198,-0.10987,-72.80402,0.12691,64.50971,double_rcm_log_20260616_133526_303.csv,111.497,Unknown,Task2_TargetRCM_EntryCone,0.0,1.0054952213865043,2.8295785876098405,2.8296875208611243,0.17283354692052927,0.48574130500154533,0.5325410782277675,1.7798229048217483e-12,3.96527734616416e-11,47.83680079276639,2.9927740087119346,1.0879681946066588
55.1107,0.01081,92.47161,Done,Target,161.0256,4.03427,1.12483,0.53101,0.53101,1.0,0.53101,1.12483,0.0,0.0,0.0,0.60249,1.0,6,6,1,0.70046,0.90684,0.05189,0.89956,0.56,0.0597,0.82,0.7,0.06,0.9,0.56,0.06,-3.48442,-0.42677,-0.10925,-73.03077,0.12489,64.51425,double_rcm_log_20260616_133526_303.csv,92.47161,Unknown,Task2_TargetRCM_EntryCone,0.0,1.1244295339002064,3.164232653401047,3.1643849937931883,0.17283354692052927,0.48574130500154533,0.5325410782277675,1.7763568394002505e-12,3.1486599098162174,48.75391964342888,2.9672290427280013,0.9234031416059625
55.14296,0.01116,89.59232,Done,Target,161.0269,4.32403,1.25585,0.52803,0.52803,1.0,0.52803,1.25585,0.0,0.0,0.0,0.60249,1.0,6,6,1,0.70111,0.90719,0.05094,0.89956,0.56,0.0597,0.82,0.7,0.06,0.9,0.56,0.06,-3.41828,-0.4025,-0.10816,-73.2535,0.12164,64.51879,double_rcm_log_20260616_133526_303.csv,89.59232,Unknown,Task2_TargetRCM_EntryCone,0.0,1.2548968873920057,3.5313223342830096,3.5315340923169285,0.17283354692052927,0.48574130500154533,0.5325410782277675,0.20206133440422208,3.1959479869875516,91.76961545513359,2.9471766893497335,0.7063157504158541
55.17701,0.01299,76.95642,Done,Target,161.0285,4.66376,1.40361,0.52425,0.52425,1.0,0.52425,1.40361,0.0,0.0,0.0,0.60249,1.0,6,6,1,0.7018,0.90756,0.04994,0.89957,0.56,0.05971,0.82,0.7,0.06,0.9,0.56,0.06,-3.3485,-0.3759,-0.10951,-73.48669,0.11626,64.52237,double_rcm_log_20260616_133526_303.csv,76.95642,Unknown,Task2_TargetRCM_EntryCone,0.0,1.4034160100431974,3.9491810121541704,3.9494772031043865,0.16820349169762702,0.4727432218934331,0.5186520991956312,0.20063670802033817,3.2796264823196153,33.37681167562788,2.943921370349134,0.8138366176924093
55.20883,0.01166,85.79109,Done,Target,161.0303,5.00466,1.54738,0.52012,0.52012,1.0,0.52012,1.54738,0.0,0.0,0.0,0.60249,1.0,6,6,1,0.70243,0.90789,0.049,0.89957,0.56,0.05971,0.82,0.7,0.06,0.9,0.56,0.06,-3.28423,-0.35129,-0.11159,-73.70615,0.11861,64.52515,double_rcm_log_20260616_133526_303.csv,85.79109,Unknown,Task2_TargetRCM_EntryCone,0.0,1.547986489869504,4.355904717397118,4.3563021929982,0.16820349169762702,0.4727432218934331,0.5186520991956312,1.7798229048217483e-12,0.32098272436683395,105.93842112775553,2.9201122924414173,1.0949029476826635
55.24092,0.01143,87.49582,Done,Target,161.0321,5.36475,1.69558,0.51582,0.51582,1.0,0.51582,1.69558,0.0,0.0,0.0,0.60249,1.0,6,6,1,0.70307,0.90821,0.04807,0.89957,0.56,0.05971,0.82,0.7,0.06,0.9,0.56,0.06,-3.2196,-0.32944,-0.10914,-73.9227,0.11491,64.52973,double_rcm_log_20260616_133526_303.csv,87.49582,Unknown,Task2_TargetRCM_EntryCone,0.0,1.69578871930755,4.771691694240023,4.772214235078657,0.16820349169762702,0.4727432218934331,0.5186520991956312,0.22474412264060775,3.486984234555741,43.70758104210921,2.8900366600247005,0.9032792939140534
55.27259,0.01057,94.57849,Done,Target,161.0342,5.73326,1.8443,0.51066,0.51066,1.0,0.51066,1.8443,0.0,0.0,0.0,0.60249,1.0,6,6,1,0.70369,0.90853,0.04716,0.89958,0.56,0.05972,0.82,0.7,0.06,0.9,0.56,0.06,-3.15653,-0.30682,-0.10965,-74.1367,0.1158,64.53281,double_rcm_log_20260616_133526_303.csv,94.57849,Unknown,Task2_TargetRCM_EntryCone,0.0,1.8447759932726473,5.190780212435938,5.191452928139957,0.1635786990338023,0.4597591342631963,0.5047771785649361,0.22526470462109355,2.4433571335740263,59.32175923997566,2.8845169990984227,0.9668010147649831
55.30483,0.00961,104.0634,Done,Target,161.0366,6.11741,1.99675,0.50487,0.50487,1.0,0.50487,1.99675,0.0,0.0,0.0,0.60249,1.0,6,6,1,0.70431,0.90884,0.04624,0.89958,0.56,0.05972,0.82,0.7,0.06,0.9,0.56,0.06,-3.09314,-0.28385,-0.11118,-74.3537,0.11993,64.53532,double_rcm_log_20260616_133526_303.csv,104.0634,Unknown,Task2_TargetRCM_EntryCone,0.0,1.9964163802209955,5.617295652977129,5.6181482605947,0.1635786990338023,0.4597591342631963,0.5047771785649361,0.1545112689722572,0.22789103321877438,73.75008597825807,2.8416862695819574,1.7674678356543854
55.33715,0.0096,104.174,Done,Target,161.0392,6.50721,2.14959,0.49849,0.49849,1.0,0.49849,2.14949,0.0,0.0,0.0,0.60249,1.0,6,6,1,0.70493,0.90914,0.04532,0.89959,0.56,0.05972,0.82,0.7,0.06,0.9,0.56,0.06,-3.03005,-0.26281,-0.11007,-74.5656,0.11822,64.53879,double_rcm_log_20260616_133526_303.csv,104.174,Unknown,Task2_TargetRCM_EntryCone,0.0,2.149496223929712,6.047819901945702,6.048884046547576,0.16113455019791106,0.4529034537973262,0.49648766349227164,0.21463871500630544,2.319551496668748,10.230641630882461,2.7897176714583694,1.3482065616984606
55.37083,0.01156,86.48861,Done,Target,161.0421,6.91806,2.30885,0.49151,0.49151,1.0,0.49151,2.30885,0.0,0.0,0.0,0.60249,1.0,6,6,1,0.70556,0.90945,0.04438,0.89959,0.56,0.05973,0.82,0.7,0.06,0.9,0.56,0.06,-2.96491,-0.24093,-0.1098,-74.78377,0.11599,64.54186,double_rcm_log_20260616_133526_303.csv,86.48861,Unknown,Task2_TargetRCM_EntryCone,0.0,2.309128563680437,6.496726468822127,6.498045724713584,0.15895960260579756,0.446790262272522,0.4909175083453607,0.2120404773584296,0.28764731943021415,32.05948110615371,2.7580517734518963,1.3575432550649933
55.40387,0.0116,86.1821,Done,Target,161.0452,7.32188,2.46387,0.48401,0.48401,1.0,0.48401,2.46387,0.0,0.0,0.0,0.60249,1.0,6,6,1,0.70617,0.90975,0.04347,0.8996,0.56,0.05973,0.82,0.7,0.06,0.9,0.56,0.06,-2.90218,-0.21985,-0.11014,-74.9957,0.11687,64.5444,double_rcm_log_20260616_133526_303.csv,86.1821,Unknown,Task2_TargetRCM_EntryCone,0.0,2.4631404874649028,6.929779947426732,6.931381149609354,0.15650473175502838,0.43990383564527996,0.48259714048060137,0.2191373012439627,0.1947347525493309,44.52551643240459,2.708773580979028,1.4327555335070448
55.43549,0.0108,92.61483,Done,Target,161.0484,7.70881,2.61135,0.4764,0.4764,1.0,0.4764,2.61135,0.0,0.0,0.0,0.60249,1.0,6,6,1,0.70675,0.91002,0.04261,0.8996,0.56,0.05974,0.82,0.7,0.06,0.9,0.56,0.06,-2.84241,-0.19842,-0.11339,-75.19292,0.11135,64.54544,double_rcm_log_20260616_133526_303.csv,92.61483,Unknown,Task2_TargetRCM_EntryCone,0.0,2.6112505017814147,7.346191140051664,7.348098874928999,0.15434668742452945,0.4338379704629689,0.47707441767511666,0.2246018044784285,2.5975144722679375,6.398236736887484,2.6667521568247,1.537341651261224
55.46684,0.01067,93.71401,Done,Target,161.0517,8.08892,2.75534,0.46824,0.46824,1.0,0.46824,2.75534,0.0,0.0,0.0,0.60249,1.0,6,6,1,0.70731,0.91028,0.04177,0.89961,0.56,0.05974,0.82,0.7,0.06,0.9,0.56,0.06,-2.78485,-0.18081,-0.11168,-75.38798,0.1135,64.54832,double_rcm_log_20260616_133526_303.csv,93.71401,Unknown,Task2_TargetRCM_EntryCone,0.0,2.7544538140309016,7.748760496062104,7.750999591168337,0.15188052527941903,0.42691919610154794,0.4687216658103178,0.34183198800351194,0.23988247031389934,78.09587248974543,2.6264390275906715,1.517740867398169
55.50023,0.01189,84.0896,Done,Target,161.0554,8.49113,2.90697,0.45935,0.45935,1.0,0.45935,2.90697,0.0,0.0,0.0,0.60249,1.0,6,6,1,0.7079,0.91056,0.04089,0.89962,0.56,0.05975,0.82,0.7,0.06,0.9,0.56,0.06,-2.72415,-0.16105,-0.11248,-75.59015,0.11101,64.55013,double_rcm_log_20260616_133526_303.csv,84.0896,Unknown,Task2_TargetRCM_EntryCone,0.0,2.9067214918390603,8.176758199953673,8.179389492856778,0.14726243174796014,0.41395094469684646,0.45486261662180577,0.2019499413018454,2.4588554957823625,45.36150338027686,2.5797579213835458,1.5366034231628742
55.53066,0.00929,107.6909,Done,Target,161.0591,8.85279,3.04273,0.45039,0.45039,1.0,0.45039,3.04273,0.0,0.0,0.0,0.60249,1.0,6,6,1,0.70842,0.91079,0.0401,0.89962,0.56,0.05975,0.82,0.7,0.06,0.9,0.56,0.06,-2.67036,-0.1456,-0.10999,-75.77321,0.11455,64.55293,double_rcm_log_20260616_133526_303.csv,107.6909,Unknown,Task2_TargetRCM_EntryCone,0.0,3.0421949509244204,8.557501850583865,8.560518420453318,0.14726243174796014,0.41395094469684646,0.45486261662180577,0.19574483986013777,2.2495124992074143,85.13238969465776,2.531539739317156,1.9571303286013715
55.56474,0.01052,95.09671,Done,Target,161.0634,9.25226,3.19206,0.43988,0.43988,1.0,0.43988,3.19206,0.0,0.0,0.0,0.60249,1.0,6,6,1,0.709,0.91105,0.03924,0.89963,0.56,0.05976,0.82,0.7,0.06,0.9,0.56,0.06,-2.61098,-0.12566,-0.11286,-75.97144,0.11351,64.55347,double_rcm_log_20260616_133526_303.csv,95.09671,Unknown,Task2_TargetRCM_EntryCone,0.0,3.1917856737008488,8.977865935319691,8.981349675179178,0.14265101628504012,0.4010006713978559,0.4410215414239818,0.33718068691067127,2.49785281175618,56.46809251459084,2.4614259047146905,2.002355535759768
55.59615,0.00914,109.3786,Done,Target,161.0674,9.6146,3.32696,0.43029,0.43029,1.0,0.43029,3.3269,0.0,0.0,0.0,0.60249,1.0,6,6,1,0.70951,0.91128,0.03846,0.89964,0.56,0.05976,0.82,0.7,0.06,0.9,0.56,0.06,-2.55744,-0.10866,-0.11416,-76.15012,0.11257,64.55437,double_rcm_log_20260616_133526_303.csv,109.3786,Unknown,Task2_TargetRCM_EntryCone,0.0,3.3255545254601215,9.353717319932095,9.357657622431617,0.14018450092084309,0.3940792579399091,0.43266615305569955,0.3488819138257314,2.499503542094637,42.468818349537315,2.4020436814208,2.0051678232281738
55.62849,0.01074,93.11145,Done,Target,161.0718,9.97831,3.4621,0.41945,0.41945,1.0,0.41945,3.4621,0.0,0.0,0.0,0.60249,1.0,6,6,1,0.71003,0.91151,0.03768,0.89965,0.56,0.05977,0.82,0.7,0.06,0.9,0.56,0.06,-2.50396,-0.09363,-0.11241,-76.32934,0.11276,64.55641,double_rcm_log_20260616_133526_303.csv,93.11145,Unknown,Task2_TargetRCM_EntryCone,0.0,3.461403752155148,9.735361758027267,9.739804862264617,0.13556744847378213,0.3811117340704608,0.4188078318274996,0.4300403331498355,0.1664015907942203,71.74589572868129,2.336533833775427,2.061364395771829
55.66196,0.011,90.8862,Done,Target,161.0766,10.34798,3.59913,0.40792,0.40792,1.0,0.40792,3.59913,0.0,0.0,0.0,0.60249,1.0,6,6,1,0.71055,0.91173,0.03688,0.89966,0.56,0.05978,0.82,0.7,0.06,0.9,0.56,0.06,-2.44963,-0.07612,-0.11506,-76.50934,0.11047,64.55646,double_rcm_log_20260616_133526_303.csv,90.8862,Unknown,Task2_TargetRCM_EntryCone,0.0,3.5998577700143892,10.124267569715375,10.129265355808627,0.1309576621890846,0.3681638431250727,0.4049691346263365,0.33791704737902284,2.215087206279091,40.17316688765298,2.2674887134662662,2.0653832147463542
55.69423,0.01129,88.536,Done,Target,161.0815,10.69404,3.7271,0.39622,0.39622,1.0,0.39622,3.7271,0.0,0.0,0.0,0.60249,1.0,6,6,1,0.71104,0.91194,0.03615,0.89967,0.56,0.05978,0.82,0.7,0.06,0.9,0.56,0.06,-2.39905,-0.06254,-0.11309,-76.67789,0.10965,64.55821,double_rcm_log_20260616_133526_303.csv,88.536,Unknown,Task2_TargetRCM_EntryCone,0.0,3.7261791894032226,10.479042404615711,10.484584898128821,0.12849062635120226,0.3612393197782717,0.39661064030108134,0.3440920974658041,2.454132941311531,72.10090542065338,2.201605906765884,2.1567888464905742
55.72682,0.01011,98.91698,Done,Target,161.0865,11.03409,3.85265,0.38418,0.38418,1.0,0.38418,3.8526,0.0,0.0,0.0,0.60249,1.0,6,6,1,0.71152,0.91214,0.03542,0.89968,0.56,0.05979,0.82,0.7,0.06,0.9,0.56,0.06,-2.34953,-0.04755,-0.11456,-76.84321,0.10967,64.55834,double_rcm_log_20260616_133526_303.csv,98.91698,Unknown,Task2_TargetRCM_EntryCone,0.0,3.853165441873302,10.83563308666538,10.84176165448805,0.12387466390351577,0.3482726606465668,0.3827531841800791,0.43454262404279476,2.415774230748092,74.28966422327477,2.130363552297306,2.281762362427629
55.75932,0.01095,91.35412,Done,Target,161.0915,11.36287,3.9738,0.37162,0.37162,1.0,0.37162,3.9738,0.0,0.0,0.0,0.60249,1.0,6,6,1,0.71197,0.91233,0.03472,0.89969,0.56,0.0598,0.82,0.7,0.06,0.9,0.56,0.06,-2.30166,-0.03271,-0.11694,-77.00191,0.1083,64.55787,double_rcm_log_20260616_133526_303.csv,91.35412,Unknown,Task2_TargetRCM_EntryCone,0.0,3.9744389773085085,11.176132198171139,11.18285771521286,0.11926667466062017,0.3353276239510088,0.36891733491396095,0.43884954153685896,2.3694384070572867,73.04786133571135,2.053943518325438,2.4361013417942363
55.79128,0.01186,84.34421,Done,Target,161.0968,11.67539,4.08883,0.3589,0.3589,1.0,0.3589,4.08883,0.0,0.0,0.0,0.60249,1.0,6,6,1,0.71241,0.9125,0.03406,0.8997,0.56,0.05981,0.82,0.7,0.06,0.9,0.56,0.06,-2.25627,-0.02087,-0.11555,-77.15276,0.10746,64.55883,double_rcm_log_20260616_133526_303.csv,84.34421,Unknown,Task2_TargetRCM_EntryCone,0.0,4.089618264297307,11.499474182716703,11.506801395648074,0.11466758425745038,0.32240681420549056,0.35510561809126384,0.3487939302966548,2.3728231123735135,74.76813523674636,1.9767885217692747,2.37368545717245
55.82356,0.01119,89.32771,Done,Target,161.1021,11.97906,4.20049,0.34588,0.34588,1.0,0.34588,4.20049,0.0,0.0,0.0,0.60249,1.0,6,6,1,0.71283,0.91267,0.03342,0.89971,0.56,0.05981,0.82,0.7,0.06,0.9,0.56,0.06,-2.2122,-0.0082,-0.11662,-77.29874,0.10624,64.55856,double_rcm_log_20260616_133526_303.csv,89.32771,Unknown,Task2_TargetRCM_EntryCone,0.0,4.199838599631484,11.808851442634463,11.816787060463582,0.11218409365121501,0.3154337672768532,0.3466987164672024,0.3511462670394994,2.4826488172886814,72.36183578623206,1.9034536015097956,2.4249132293231606
55.85522,0.01086,92.07606,Done,Target,161.1077,12.26524,4.30548,0.33258,0.33258,1.0,0.33258,4.30548,0.0,0.0,0.0,0.60249,1.0,6,6,1,0.71323,0.91283,0.03281,0.89972,0.56,0.05982,0.82,0.7,0.06,0.9,0.56,0.06,-2.17103,0.00253,-0.11593,-77.43757,0.10877,64.55885,double_rcm_log_20260616_133526_303.csv,92.07606,Unknown,Task2_TargetRCM_EntryCone,0.0,4.306150273960446,12.107216098530799,12.115769581785564,0.10757812455286843,0.3024922122329163,0.3328663395419133,0.4426395353698698,2.3501264444622074,83.79762126977603,1.8232246352682244,2.8227562478889348
55.88747,0.01053,94.98643,Done,Target,161.1133,12.54472,4.40807,0.31873,0.31873,1.0,0.31873,4.40807,0.0,0.0,0.0,0.60249,1.0,6,6,1,0.71361,0.91298,0.03222,0.89973,0.56,0.05983,0.82,0.7,0.06,0.9,0.56,0.06,-2.13053,0.01326,-0.11584,-77.57123,0.10709,64.55875,double_rcm_log_20260616_133526_303.csv,94.98643,Unknown,Task2_TargetRCM_EntryCone,0.0,4.408531619463364,12.394510863588437,12.403688904034992,0.10298214105479306,0.28957794221138244,0.3190611226708681,0.4335265749024784,3.3845646189169587,83.44380248536861,1.7264987563136605,2.8463572918698032
55.92048,0.01126,88.78454,Done,Target,161.1192,12.81649,4.50767,0.30422,0.30422,1.0,0.30422,4.50767,0.0,0.0,0.0,0.60249,1.0,6,6,1,0.71399,0.91313,0.03165,0.89974,0.56,0.05984,0.82,0.7,0.06,0.9,0.56,0.06,-2.09114,0.02455,-0.1175,-77.7006,0.10478,64.55769,double_rcm_log_20260616_133526_303.csv,88.78454,Unknown,Task2_TargetRCM_EntryCone,0.0,4.508390128725586,12.674688119580965,12.684503908141663,0.09839750092492913,0.276694777688373,0.30528675044950754,0.4914049358114937,3.3593599359405153,107.92166330124158,1.6411015023441837,2.676736814105239
55.95233,0.01085,92.17812,Done,Target,161.1252,13.06593,4.59896,0.2901,0.2901,1.0,0.2901,4.59896,0.0,0.0,0.0,0.60249,1.0,6,6,1,0.71433,0.91326,0.03112,0.89976,0.56,0.05984,0.82,0.7,0.06,0.9,0.56,0.06,-2.05524,0.03444,-0.11856,-77.82014,0.10515,64.55675,double_rcm_log_20260616_133526_303.csv,92.17812,Unknown,Task2_TargetRCM_EntryCone,0.0,4.598423057411642,12.927264347062025,12.937679861291667,0.09342190511822639,0.26271950529327737,0.28844410203713433,0.4916060301020041,3.3712185233920313,106.71404348519569,1.5539058442161047,2.7473569950401777
55.98529,0.01163,85.96711,Done,Target,161.1314,13.30866,4.68801,0.27487,0.27487,1.0,0.27487,4.68801,0.0,0.0,0.0,0.60249,1.0,6,6,1,0.71466,0.91338,0.03061,0.89977,0.56,0.05985,0.82,0.7,0.06,0.9,0.56,0.06,-2.02009,0.04401,-0.11962,-77.93571,0.10342,64.5556,double_rcm_log_20260616_133526_303.csv,85.96711,Unknown,Task2_TargetRCM_EntryCone,0.0,4.686984270347846,13.175680719968492,13.18670950400427,0.08880969855689762,0.24975680478914158,0.27459060435497135,0.44336211831520095,3.3267221138880934,87.5521332001341,1.4648165934039001,2.778521729098686
56.01625,0.01059,94.41517,Done,Target,161.1373,13.52357,4.76658,0.26048,0.26048,1.0,0.26048,4.76658,0.0,0.0,0.0,0.60249,1.0,6,6,1,0.71496,0.91349,0.03015,0.89978,0.56,0.05986,0.82,0.7,0.06,0.9,0.56,0.06,-1.98937,0.05151,-0.1192,-78.03951,0.10603,64.55495,double_rcm_log_20260616_133526_303.csv,94.41517,Unknown,Task2_TargetRCM_EntryCone,0.0,4.767129989284321,13.40046430832429,13.412068418992076,0.08420881553128065,0.23682515458910786,0.26076809620810487,0.45158743171452287,2.3356899724036357,85.00964246390625,1.3798775807895767,2.990569445017959
56.04794,0.00928,107.7657,Done,Target,161.1437,13.72937,4.84189,0.24511,0.24511,1.0,0.24511,4.84189,0.0,0.0,0.0,0.60249,1.0,6,6,1,0.71524,0.9136,0.02972,0.89979,0.56,0.05987,0.82,0.7,0.06,0.9,0.56,0.06,-1.95975,0.05877,-0.11903,-78.13793,0.10622,64.55405,double_rcm_log_20260616_133526_303.csv,107.7657,Unknown,Task2_TargetRCM_EntryCone,0.0,4.842234260912368,13.61108442956287,13.623245513883303,0.07962116776131492,0.2239299340968717,0.2469817807046054,0.5580001330180272,2.261878389879344,80.11919577120636,1.2773056938833776,3.2144775770455163
56.08049,0.01005,99.53274,Done,Target,161.1501,13.92424,4.91315,0.2296,0.2296,1.0,0.2296,4.91315,0.0,0.0,0.0,0.60249,1.0,6,6,1,0.71551,0.91369,0.02931,0.89981,0.56,0.05988,0.82,0.7,0.06,0.9,0.56,0.06,-1.93176,0.06552,-0.11886,-78.23132,0.107,64.55296,double_rcm_log_20260616_133526_303.csv,99.53274,Unknown,Task2_TargetRCM_EntryCone,0.0,4.913137757432334,13.80990257027224,13.822605562002554,0.07252848812286773,0.2039947208970222,0.22472205054245958,0.5521906070846676,3.3912204759142908,45.86732679459925,1.1753847569550706,3.201556150442768
56.11341,0.01076,92.89668,Done,Target,161.1567,14.10579,4.97961,0.2135,0.2135,1.0,0.2135,4.97961,0.0,0.0,0.0,0.60249,1.0,6,6,1,0.71576,0.91378,0.02893,0.89982,0.56,0.05989,0.82,0.7,0.06,0.9,0.56,0.06,-1.90561,0.07319,-0.1213,-78.31776,0.10683,64.55057,double_rcm_log_20260616_133526_303.csv,92.89668,Unknown,Task2_TargetRCM_EntryCone,0.0,4.979610599915388,13.996277659318213,14.009503092383788,0.0679468267948168,0.19111414229363352,0.2109502310973482,0.3415846885480964,2.2681016736451878,106.25630445883723,1.0693234414936441,3.1474364003880453
56.14572,0.01038,96.37804,Done,Target,161.1633,14.26716,5.03863,0.19759,0.19759,1.0,0.19759,5.03863,0.0,0.0,0.0,0.60249,1.0,6,6,1,0.71598,0.91386,0.02858,0.89983,0.56,0.05989,0.82,0.7,0.06,0.9,0.56,0.06,-1.88235,0.07863,-0.12114,-78.39446,0.10626,64.54917,double_rcm_log_20260616_133526_303.csv,96.37804,Unknown,Task2_TargetRCM_EntryCone,0.0,5.038921793337879,14.162557178607267,14.17626068459355,0.0654446482003344,0.18408192156253153,0.20248456731316825,0.48977459378981375,3.4805375714666478,82.48949271834638,0.9708840340870082,3.1901004411963734
56.178,0.01113,89.85198,Done,Target,161.1701,14.41232,5.0917,0.18139,0.18139,1.0,0.18139,5.0917,0.0,0.0,0.0,0.60249,1.0,6,6,1,0.71618,0.91393,0.02828,0.89985,0.56,0.0599,0.82,0.7,0.06,0.9,0.56,0.06,-1.86161,0.08344,-0.12111,-78.46454,0.10834,64.54756,double_rcm_log_20260616_133526_303.csv,89.85198,Unknown,Task2_TargetRCM_EntryCone,0.0,5.09106563886843,14.308730436596784,14.322863638440085,0.05837254559865394,0.16419969080828017,0.18027756377318344,0.5588551480245642,3.3957911716333973,53.81439471869257,0.8644128841286252,3.4458271568937766
56.2102,0.01136,87.99557,Done,Target,161.1768,14.53971,5.13839,0.16505,0.16505,1.0,0.16505,5.13839,0.0,0.0,0.0,0.60249,1.0,6,6,1,0.71635,0.91399,0.02801,0.89986,0.56,0.05991,0.82,0.7,0.06,0.9,0.56,0.06,-1.8432,0.08763,-0.12108,-78.52492,0.10758,64.54581,double_rcm_log_20260616_133526_303.csv,87.99557,Unknown,Task2_TargetRCM_EntryCone,0.0,5.137935609079083,14.440109489766293,14.454636507918172,0.053765929011752894,0.15124610611645742,0.16643316977095665,0.4405040735299745,0.0024037499987538077,83.31228264406033,0.7496122894406871,3.4130072213835008
56.24221,0.01121,89.18674,Done,Target,161.1835,14.64958,5.17862,0.14882,0.14882,1.0,0.14882,5.17862,0.0,0.0,0.0,0.60249,1.0,6,6,1,0.71651,0.91404,0.02778,0.89987,0.56,0.05992,0.82,0.7,0.06,0.9,0.56,0.06,-1.82736,0.09136,-0.12142,-78.57706,0.10728,64.54378,double_rcm_log_20260616_133526_303.csv,89.18674,Unknown,Task2_TargetRCM_EntryCone,0.0,5.178889032454062,14.554896235885353,14.569773286152017,0.0491790993613273,0.13834738884422942,0.15264337522479923,0.5575143460806296,2.3874162175998923,2.303955108818496,0.6459446629559268,3.2680873961678523
56.27467,0.01138,87.85856,Done,Target,161.1904,14.7435,5.21308,0.13222,0.13222,1.0,0.13222,5.21308,0.0,0.0,0.0,0.60249,1.0,6,6,1,0.71664,0.91408,0.02758,0.89989,0.56,0.05993,0.82,0.7,0.06,0.9,0.56,0.06,-1.81385,0.09479,-0.12233,-78.62212,0.10797,64.54134,double_rcm_log_20260616_133526_303.csv,87.85856,Unknown,Task2_TargetRCM_EntryCone,0.0,5.213310661327033,14.65136952181893,14.666545086906957,0.04209017495293197,0.11841257729459419,0.1303840481040993,0.5576117663234247,0.08849860861856133,35.49366296108336,0.5413710536545815,3.365935560880947
56.30666,0.01093,91.46205,Done,Target,161.1974,14.81829,5.24056,0.11548,0.11548,1.0,0.11548,5.24056,0.0,0.0,0.0,0.60249,1.0,6,6,1,0.71674,0.91411,0.02742,0.8999,0.56,0.05994,0.82,0.7,0.06,0.9,0.56,0.06,-1.80322,0.09659,-0.12165,-78.65883,0.11039,64.53944,double_rcm_log_20260616_133526_303.csv,91.46205,Unknown,Task2_TargetRCM_EntryCone,0.0,5.24118586094169,14.729491297520259,14.744911508942545,0.037513030540656606,0.10553891006856844,0.1166190378968953,0.5630294312459251,0.0668579682538876,38.483640091509216,0.4323230432020133,3.545905124061673
56.33869,0.0108,92.61921,Done,Target,161.204,14.87526,5.26165,0.09911,0.09911,1.0,0.09911,5.26165,0.0,0.0,0.0,0.60249,1.0,6,6,1,0.71682,0.91413,0.0273,0.89992,0.56,0.05995,0.82,0.7,0.06,0.9,0.56,0.06,-1.79509,0.09812,-0.1216,-78.68689,0.11227,64.53716,double_rcm_log_20260616_133526_303.csv,92.61921,Unknown,Task2_TargetRCM_EntryCone,0.0,5.26188523923052,14.787500185746469,14.803103755404111,0.030418321537698117,0.08558396686653155,0.09433981132053683,0.5613098198844931,2.429137909139911,38.55299043684112,0.3160680346967196,3.583314931803815
56.37105,0.01,99.97152,Done,Target,161.2111,14.91464,5.27634,0.08188,0.08188,1.0,0.08188,5.27634,0.0,0.0,0.0,0.60249,1.0,6,6,1,0.71688,0.91415,0.02722,0.89993,0.56,0.05996,0.82,0.7,0.06,0.9,0.56,0.06,-1.78941,0.09989,-0.12309,-78.7061,0.11327,64.53403,double_rcm_log_20260616_133526_303.csv,99.97152,Unknown,Task2_TargetRCM_EntryCone,0.0,5.276876745353907,14.829511866249694,14.845249136124169,0.02585920311044238,0.0727588218283375,0.08062257748299727,0.48871477502451127,2.450349096535466,81.4014607489117,0.20518315964832246,3.5073966646292924
56.4034,0.01069,93.58245,Done,Target,161.2182,14.9356,5.28424,0.06508,0.06508,1.0,0.06508,5.2842,0.0,0.0,0.0,0.60249,1.0,6,6,1,0.71691,0.91415,0.02717,0.89995,0.56,0.05996,0.82,0.7,0.06,0.9,0.56,0.06,-1.78655,0.0999,-0.12271,-78.71744,0.1163,64.53159,double_rcm_log_20260616_133526_303.csv,93.58245,Unknown,Task2_TargetRCM_EntryCone,0.0,5.283854192364533,14.84906487742302,14.864864634391548,0.02097877782256412,0.059030630901382775,0.06403124237432316,0.4872092254466186,3.3254404340833856,76.4603272294717,0.10210973401987467,3.5256373318114083
56.4361,0.01085,92.15717,Done,Target,161.2253,14.93732,5.28524,0.04798,0.04798,1.0,0.04798,5.2852,0.0,0.0,0.0,0.60249,1.0,6,6,1,0.71691,0.91414,0.02717,0.89996,0.56,0.05997,0.82,0.7,0.06,0.9,0.56,0.06,-1.78641,0.09961,-0.12301,-78.71976,0.11942,64.5287,double_rcm_log_20260616_133526_303.csv,92.15717,Unknown,Task2_TargetRCM_EntryCone,0.0,5.284286751126272,14.850277036501941,14.866080672718576,0.01630926721829697,0.04589285179802253,0.05000000000002919,0.4315613269248253,2.4790403995640684,82.83424396714135,0.06910688039929305,3.5136767131797355
56.46894,0.01143,87.45261,Done,Target,161.2323,14.91947,5.27919,0.03109,0.03109,1.0,0.03109,5.27919,0.0,0.0,0.0,0.60249,1.0,6,6,1,0.71689,0.91413,0.02721,0.89997,0.56,0.05998,0.82,0.7,0.06,0.9,0.56,0.06,-1.78919,0.09856,-0.12324,-78.71367,0.1244,64.5257,double_rcm_log_20260616_133526_303.csv,87.45261,Unknown,Task2_TargetRCM_EntryCone,0.0,5.278382056733871,14.833730242981648,14.84948097983832,0.011670202009670267,0.032839938161637466,0.03605551275461822,0.5719805678675078,2.60113002641782,38.846070620539074,0.1634405204564518,3.501383664362592
56.50003,0.01045,95.7102,Done,Target,161.2391,14.88444,5.26686,0.01472,0.01472,1.0,0.01472,5.26686,0.0,0.0,0.0,0.60249,1.0,6,6,1,0.71685,0.91411,0.02728,0.89999,0.56,0.05999,0.82,0.7,0.06,0.9,0.56,0.06,-1.79458,0.09686,-0.12344,-78.70005,0.13098,64.52274,double_rcm_log_20260616_133526_303.csv,95.7102,Unknown,Task2_TargetRCM_EntryCone,0.0,5.266575153381502,14.800643148608623,14.816288463103131,0.004705925757591394,0.013243285671818985,0.014142135623774532,0.5753636264716308,0.18951886652603295,46.47729783847102,0.26870155831276626,3.504775220344015
56.53207,0.01038,96.31686,Done,Target,161.246,14.82964,5.24736,0.00195,0.00195,1.0,0.00195,5.24736,0.0,0.0,0.0,0.60249,1.0,6,6,1,0.71678,0.91407,0.0274,0.9,0.56,0.06,0.82,0.7,0.06,0.9,0.56,0.06,-1.80295,0.09407,-0.12306,-78.67816,0.13996,64.51979,double_rcm_log_20260616_133526_303.csv,96.31686,Unknown,Task2_TargetRCM_EntryCone,0.0,5.246747692816835,14.74507821975943,14.760547556886705,0.0,0.0,0.0,0.5606245850652068,0.2716822475463579,34.65659487719971,0.3798195757017652,3.552429927737173
56.56427,0.01041,96.09885,Done,Target,161.2529,14.75547,5.22082,0.01859,0.01859,1.0,0.01859,5.22082,0.0,0.0,0.0,0.60249,1.0,6,6,1,0.71668,0.91403,0.02755,0.90002,0.56,0.06001,0.82,0.7,0.06,0.9,0.56,0.06,-1.81438,0.0901,-0.12193,-78.64874,0.15271,64.51705,double_rcm_log_20260616_133526_303.csv,96.09885,Unknown,Task2_TargetRCM_EntryCone,0.0,5.220606013915171,14.671815483339145,14.687054824242816,0.007119882123765445,0.02003842462718477,0.022360679775017156,0.5580409197027226,2.425062065487105,2.517961855374698,0.4939723772796076,3.941031490514113
56.59687,0.0097,103.0513,Done,Target,161.2599,14.66054,5.1869,0.03542,0.03542,1.0,0.03542,5.1869,0.0,0.0,0.0,0.60249,1.0,6,6,1,0.71656,0.91397,0.02775,0.90003,0.56,0.06002,0.82,0.7,0.06,0.9,0.56,0.06,-1.82924,0.08429,-0.11911,-78.61256,0.17213,64.51479,double_rcm_log_20260616_133526_303.csv,103.0513,Unknown,Task2_TargetRCM_EntryCone,0.0,5.187072262249983,14.577831800613023,14.59277946048978,0.01166804769608468,0.032839938161637466,0.03605551275461822,0.4344762630812684,0.0632934214628618,73.36869231861054,0.6193579099323193,5.4314655278798805
56.62937,0.01042,95.98779,Done,Target,161.2667,14.54627,5.14586,0.05212,0.05212,1.0,0.05212,5.14586,0.0,0.0,0.0,0.60249,1.0,6,6,1,0.71641,0.91391,0.02799,0.90004,0.56,0.06003,0.82,0.7,0.06,0.9,0.56,0.06,-1.84763,0.07536,-0.11232,-78.57164,0.20149,64.5141,double_rcm_log_20260616_133526_303.csv,95.98779,Unknown,Task2_TargetRCM_EntryCone,0.0,5.146583947861608,14.464350196199888,14.478950670206679,0.01630525309687281,0.04589285179796193,0.04999999999994453,0.5532109655654234,2.351661487183675,35.74077738373491,0.7848430263724225,10.20504930877085
56.66199,0.01005,99.52242,Done,Target,161.2736,14.41184,5.09743,0.06855,0.06855,1.0,0.06855,5.09743,0.0,0.0,0.0,0.60249,1.0,6,6,1,0.71623,0.91383,0.02827,0.90006,0.56,0.06004,0.82,0.7,0.06,0.9,0.56,0.06,-1.87022,0.05918,-0.0946,-78.52927,0.24849,64.51785,double_rcm_log_20260616_133526_303.csv,99.52242,Unknown,Task2_TargetRCM_EntryCone,0.0,5.098114508568841,14.328489412240074,14.342681380656147,0.023333940776220894,0.06567987632328053,0.07211102550924028,0.5525684890921606,2.3585372092792105,50.82440898515599,1.1204952666511554,24.657396628069886
56.69463,0.01059,94.44936,Done,Target,161.2805,14.25737,5.04186,0.08489,0.08489,1.0,0.08489,5.04186,0.0,0.0,0.0,0.60249,1.0,6,6,1,0.71602,0.91375,0.0286,0.90007,0.56,0.06005,0.82,0.7,0.06,0.9,0.56,0.06,-1.89808,0.02453,-0.04647,-78.49297,0.3281,64.53427,double_rcm_log_20260616_133526_303.csv,94.44936,Unknown,Task2_TargetRCM_EntryCone,0.0,5.042049860740332,14.171326326862308,14.18505536108391,0.02795906221538774,0.07870099207664434,0.0860232526704389,0.48472962136319575,2.3491211204112052,80.36362650026139,2.1146571773500527,74.38065888026337
56.72724,0.01127,88.73859,Done,Target,161.2873,14.08286,4.97894,0.10113,0.10113,1.0,0.10113,4.97894,0.0,0.0,0.0,0.60249,1.0,6,6,1,0.71579,0.91365,0.02896,0.90009,0.56,0.06005,0.82,0.7,0.06,0.9,0.56,0.06,-1.9333,-0.06733,0.09988,-78.47715,0.46791,64.59193,double_rcm_log_20260616_133526_303.csv,88.73859,Unknown,Task2_TargetRCM_EntryCone,0.0,4.978638152606554,13.993551268182618,14.006768956979906,0.03295491633823415,0.09276935833638397,0.1029563014098038,0.4846852163902786,3.3206744988824957,149.7253926404548,5.6355174470315115,263.41100853431493
56.75989,0.01144,87.40083,Done,Target,161.2946,13.88871,4.90896,0.1175,0.1175,1.0,0.1175,4.90892,0.0,0.0,0.0,0.60249,1.0,6,6,1,0.71552,0.91354,0.02937,0.9001,0.56,0.06006,0.82,0.7,0.06,0.9,0.56,0.06,-1.98078,-0.36277,0.60177,-78.51958,0.73463,64.7979,double_rcm_log_20260616_133526_303.csv,87.40083,Unknown,Task2_TargetRCM_EntryCone,0.0,4.9080977849486,13.795770845374731,13.808434796354371,0.03748995272481228,0.10553891006856247,0.11661903789689887,0.4295226449304538,10.05970709850872,479.51401424588755,18.986471313409115,982.558455987619
56.7931,0.01205,82.97115,Done,Target,161.3031,13.68025,4.834,0.13211,0.13211,1.0,0.13211,4.834,0.0,0.0,0.0,0.60249,1.0,6,6,1,0.71506,0.91332,0.0297,0.90011,0.56,0.06007,0.82,0.7,0.06,0.9,0.56,0.06,-2.0525,-1.47003,2.52511,-78.71601,1.29206,65.57315,double_rcm_log_20260616_133526_303.csv,82.97115,Unknown,Task2_TargetRCM_EntryCone,0.0,4.834182291477653,13.588504845736223,13.600605382201435,0.04206169279681632,0.11841257729451367,0.13038404810400564,0.23299739230139235,32.2416906130442,242.09587711142186,70.67124796896798,1513.2127108772993
56.82513,0.01128,88.67435,Done,Target,161.2975,13.66898,4.83258,0.1082,0.1082,1.0,0.1082,4.83258,0.0,0.0,0.0,0.60249,1.0,6,6,1,0.71263,0.91194,0.02851,0.90009,0.55999,0.06006,0.82,0.7,0.06,0.9,0.56,0.06,-2.15958,-5.56787,9.59851,-79.24955,2.48085,68.06858,double_rcm_log_20260616_133526_303.csv,88.67435,Unknown,Task2_TargetRCM_EntryCone,0.0,4.833368539384674,13.586222881797568,13.598317310346694,0.033615099595024574,0.09463289393953446,0.10862780491194726,1.6455757869552718,24.173519993227803,800.7143752774866,117.46904146180653,183.97177643160046
56.85793,0.0117,85.46237,Done,Target,161.2565,14.51597,5.13633,0.02329,0.02329,1.0,0.02329,5.13633,0.0,0.0,0.0,0.60249,1.0,6,6,1,0.70669,0.90838,0.02455,0.90002,0.56,0.06001,0.82,0.7,0.06,0.9,0.56,0.06,-2.23276,-10.55816,17.97341,-79.66553,3.52279,70.25012,double_rcm_log_20260616_133526_303.csv,85.46237,Unknown,Task2_TargetRCM_EntryCone,0.0,5.1361001359437,14.43496474084588,14.449476200898863,0.007119882123765445,0.02003842462718477,0.022360679775017156,1.6524390728454983,20.50086422512997,755.694861565237,76.97535993329457,1486.4219510875787
56.88996,0.01082,92.44229,Done,Target,161.2472,14.77702,5.22881,0.00408,0.00408,1.0,0.00408,5.22881,0.0,0.0,0.0,0.60249,1.0,6,6,1,0.70454,0.90709,0.02363,0.9,0.56,0.06,0.82,0.7,0.06,0.9,0.56,0.06,-2.27433,-11.76704,19.94346,-79.66844,3.76405,70.62904,double_rcm_log_20260616_133526_303.csv,92.44229,Unknown,Task2_TargetRCM_EntryCone,0.0,5.229167725314588,14.695810239759313,14.711124654437986,0.0,0.0,0.0,0.351062905101985,25.81961678892958,230.98429180690766,21.68569639299894,1011.4117607812314
56.92236,0.01119,89.40297,Done,Target,161.2464,14.79612,5.23559,0.00262,0.00262,1.0,0.00262,5.23559,0.0,0.0,0.0,0.60249,1.0,6,6,1,0.7033,0.90638,0.02352,0.9,0.56,0.06,0.82,0.7,0.06,0.9,0.56,0.06,-2.31706,-12.31578,20.81946,-79.60102,3.88851,70.7748,double_rcm_log_20260616_133526_303.csv,89.40297,Unknown,Task2_TargetRCM_EntryCone,0.0,5.234886290324662,14.711836709633586,14.727201404839018,0.0,0.0,0.0,2.5146000066436358e-12,5.416801240240844,398.4403841153399,12.485991511775682,161.93195576434314
56.95475,0.0106,94.36435,Done,Target,161.2462,14.80011,5.23701,0.00228,0.00228,1.0,0.00228,5.23701,0.0,0.0,0.0,0.60249,1.0,6,6,1,0.70212,0.9057,0.02349,0.9,0.56,0.06,0.82,0.7,0.06,0.9,0.56,0.06,-2.36192,-12.8011,21.5872,-79.52062,4.00256,70.89201,double_rcm_log_20260616_133526_303.csv,94.36435,Unknown,Task2_TargetRCM_EntryCone,0.0,5.237163338044572,14.718218171307738,14.733602918051977,0.0,0.0,0.0,1.7798229048217483e-12,3.869984959029021e-11,84.11882166263142,11.286662222131,30.537294653224702
56.98753,0.01105,90.46972,Done,Target,161.2462,14.8019,5.23757,0.00193,0.00193,1.0,0.00193,5.23757,0.0,0.0,0.0,0.60249,1.0,6,6,1,0.70093,0.90502,0.02352,0.9,0.56,0.06,0.82,0.7,0.06,0.9,0.56,0.06,-2.40951,-13.26023,22.30783,-79.42941,4.11332,70.99312,double_rcm_log_20260616_133526_303.csv,90.46972,Unknown,Task2_TargetRCM_EntryCone,0.0,5.238122761889437,14.720906964604811,14.73630016519382,0.0,0.0,0.0,1.1102230246251565e-13,2.7347142644345382e-11,5.977938641153395e-10,10.57738036286247,21.53528149872771
57.02015,0.01093,91.5149,Done,Target,161.246,14.80471,5.23851,0.00174,0.00174,1.0,0.00174,5.23851,0.0,0.0,0.0,0.60249,1.0,6,6,1,0.69975,0.90435,0.02361,0.9,0.56,0.06,0.82,0.7,0.06,0.9,0.56,0.06,-2.45903,-13.69343,22.98261,-79.32981,4.22044,71.0798,double_rcm_log_20260616_133526_303.csv,91.5149,Unknown,Task2_TargetRCM_EntryCone,0.0,5.23767761962744,14.719659450230123,14.73504872811861,0.0,0.0,0.0,2.51214793389404e-12,7.720465322276936e-13,9.210447939548343e-10,9.95853665133493,19.526551663993764
57.0531,0.01142,87.57629,Done,Target,161.2459,14.80591,5.23903,0.00156,0.00156,1.0,0.00156,5.23899,0.0,0.0,0.0,0.60249,1.0,6,6,1,0.69856,0.90367,0.02374,0.9,0.56,0.06,0.82,0.7,0.06,0.9,0.56,0.06,-2.51128,-14.10506,23.61854,-79.22015,4.3253,71.15397,double_rcm_log_20260616_133526_303.csv,87.57629,Unknown,Task2_TargetRCM_EntryCone,0.0,5.239070044012771,14.723561726576719,14.738963277061044,0.0,0.0,0.0,1.1102230246251565e-13,3.7870815015195146e-11,5.794124018332533e-10,9.383392800093283,18.38356444093787
57.08555,0.01098,91.05162,Done,Target,161.2459,14.80861,5.24,0.00159,0.00159,1.0,0.00159,5.24004,0.0,0.0,0.0,0.60249,1.0,6,6,1,0.6974,0.903,0.02392,0.9,0.56,0.06,0.82,0.7,0.06,0.9,0.56,0.06,-2.56482,-14.49022,24.20879,-79.10406,4.42615,71.21606,double_rcm_log_20260616_133526_303.csv,91.05162,Unknown,Task2_TargetRCM_EntryCone,0.0,5.240199548509058,14.726727162223451,14.742138672761337,0.0,0.0,0.0,1.1102230246251565e-13,3.770584925546019e-11,1.274437654148194e-09,8.846361841875447,17.01496752127942
57.11859,0.01174,85.18149,Done,Target,161.2457,14.80956,5.24026,0.00123,0.00123,1.0,0.00123,5.24026,0.0,0.0,0.0,0.60249,1.0,6,6,1,0.69623,0.90233,0.02416,0.9,0.56,0.06,0.82,0.7,0.06,0.9,0.56,0.06,-2.62143,-14.8581,24.76748,-78.97749,4.52595,71.26835,double_rcm_log_20260616_133526_303.csv,85.18149,Unknown,Task2_TargetRCM_EntryCone,0.0,5.240233582980906,14.72682254372077,14.742234354443386,0.0,0.0,0.0,2.5219419200973695e-12,4.7104749173748996e-11,1.2150507338508053e-09,8.36632083588882,15.907282154371185
57.14953,0.01038,96.37942,Done,Target,161.2456,14.81389,5.24176,0.00083,0.00083,1.0,0.00083,5.24176,0.0,0.0,0.0,0.60249,1.0,6,6,1,0.69513,0.9017,0.02442,0.9,0.56,0.06,0.82,0.7,0.06,0.9,0.56,0.06,-2.67636,-15.18829,25.26484,-78.85213,4.61813,71.30956,double_rcm_log_20260616_133526_303.csv,96.37942,Unknown,Task2_TargetRCM_EntryCone,0.0,5.242170529240491,14.73225082078687,14.74767972185391,0.0,0.0,0.0,2.51214793389404e-12,4.5520998462038936e-11,1.9595051030072537e-09,7.9276025611773,16.234534347976997
57.18199,0.01053,94.92904,Done,Target,161.2457,14.81511,5.24232,0.00116,0.00116,1.0,0.00116,5.24232,0.0,0.0,0.0,0.60249,1.0,6,6,1,0.69399,0.90105,0.02475,0.9,0.56,0.06,0.82,0.7,0.06,0.9,0.56,0.06,-2.73585,-15.51182,25.74732,-78.71316,4.71212,71.34401,double_rcm_log_20260616_133526_303.csv,94.92904,Unknown,Task2_TargetRCM_EntryCone,0.0,5.24264934288998,14.733592689779254,14.749025817530018,0.0,0.0,0.0,0.0,8.637131048746828e-11,5.117334892811226e-10,7.4421006662472635,15.764622635959917
57.21457,0.0103,97.1256,Done,Target,161.2456,14.81701,5.24299,0.00093,0.00093,1.0,0.00093,5.24299,0.0,0.0,0.0,0.60249,1.0,6,6,1,0.69286,0.90041,0.02513,0.9,0.56,0.06,0.82,0.7,0.06,0.9,0.56,0.06,-2.79744,-15.8182,26.19965,-78.56657,4.80463,71.37118,double_rcm_log_20260616_133526_303.csv,97.1256,Unknown,Task2_TargetRCM_EntryCone,0.0,5.2428322108143295,14.734105174474792,14.749539916678831,0.0,0.0,0.0,3.5596458096434966e-12,2.731465477013775e-11,2.1404704162155937e-09,7.019972784261412,14.727132103313338
57.24715,0.01033,96.80891,Done,Target,161.2455,14.81859,5.24352,0.00073,0.00073,1.0,0.00073,5.24352,0.0,0.0,0.0,0.60249,1.0,6,6,1,0.69175,0.89977,0.02555,0.9,0.56,0.06,0.82,0.7,0.06,0.9,0.56,0.06,-2.86087,-16.10587,26.6197,-78.41309,4.89525,71.3915,double_rcm_log_20260616_133526_303.csv,96.80891,Unknown,Task2_TargetRCM_EntryCone,0.0,5.244079095790778,14.73759954746637,14.753045300821087,0.0,0.0,0.0,1.7798229048217483e-12,5.48545993744773e-11,8.376048345617878e-10,6.608877844800779,14.333945837146448
57.27984,0.01049,95.35838,Done,Target,161.2454,14.81983,5.24393,0.0006,0.0006,1.0,0.0006,5.24393,0.0,0.0,0.0,0.60249,1.0,6,6,1,0.69065,0.89914,0.02603,0.9,0.56,0.06,0.82,0.7,0.06,0.9,0.56,0.06,-2.92628,-16.37617,27.00965,-78.2524,4.98431,71.40567,double_rcm_log_20260616_133526_303.csv,95.35838,Unknown,Task2_TargetRCM_EntryCone,0.0,5.243691925811396,14.736514511225542,14.751956844950207,0.0,0.0,0.0,1.1102230246251565e-13,2.7385098908167355e-11,4.352531376600753e-10,6.221589417564944,13.756919235876506
57.31254,0.0104,96.18819,Done,Target,161.2455,14.82142,5.24449,0.00054,0.00054,1.0,0.00054,5.24449,0.0,0.0,0.0,0.60249,1.0,6,6,1,0.68956,0.89852,0.02655,0.9,0.56,0.06,0.82,0.7,0.06,0.9,0.56,0.06,-2.99334,-16.6291,27.36982,-78.08538,5.0717,71.41426,double_rcm_log_20260616_133526_303.csv,96.18819,Unknown,Task2_TargetRCM_EntryCone,0.0,5.244414923302491,14.738540696907878,14.753989416825512,0.0,0.0,0.0,1.1102230246251565e-13,2.7066812270014908e-11,8.007078785695769e-11,5.857656098000684,13.553463083776704
57.34536,0.01003,99.69199,Done,Target,161.2453,14.82317,5.24509,0.0004,0.0004,1.0,0.0004,5.24509,0.0,0.0,0.0,0.60249,1.0,6,6,1,0.68848,0.89791,0.02712,0.9,0.56,0.06,0.82,0.7,0.06,0.9,0.56,0.06,-3.06227,-16.86566,27.70186,-77.91163,5.15771,71.41785,double_rcm_log_20260616_133526_303.csv,99.69199,Unknown,Task2_TargetRCM_EntryCone,0.0,5.245008108834604,14.740203085477432,14.755657046280596,0.0,0.0,0.0,1.7763568394002505e-12,2.8190401722520785e-11,9.879077624100758e-10,5.497302390075106,13.444264264093688
57.37736,0.01087,91.97248,Done,Target,161.2452,14.82375,5.24527,0.00039,0.00039,1.0,0.00039,5.24527,0.0,0.0,0.0,0.60249,1.0,6,6,1,0.68746,0.89732,0.02772,0.9,0.56,0.06,0.82,0.7,0.06,0.9,0.56,0.06,-3.13092,-17.07873,27.99596,-77.7365,5.23974,71.4168,double_rcm_log_20260616_133526_303.csv,91.97248,Unknown,Task2_TargetRCM_EntryCone,0.0,5.245089615757938,14.740431506598854,14.755886187620877,0.0,0.0,0.0,1.7763568394002505e-12,4.1846420414802557e-11,9.705672636724947e-10,5.1653964907991075,12.938333382980721
57.4081,0.01103,90.6642,Done,Target,161.2453,14.82491,5.24576,0.00043,0.00043,1.0,0.00043,5.24576,0.0,0.0,0.0,0.60249,1.0,6,6,1,0.68649,0.89677,0.02833,0.9,0.56,0.06,0.82,0.7,0.06,0.9,0.56,0.06,-3.19811,-17.26854,28.25338,-77.56335,5.317,71.41214,double_rcm_log_20260616_133526_303.csv,90.6642,Unknown,Task2_TargetRCM_EntryCone,0.0,5.24610397492135,14.743274220379842,14.758737866444694,0.0,0.0,0.0,1.7798229048217483e-12,4.095573753312169e-11,9.821410463297153e-10,4.8747804064931035,12.61914569555569
57.43898,0.01085,92.15205,Done,Target,161.2453,14.82637,5.24617,0.00025,0.00025,1.0,0.00025,5.24617,0.0,0.0,0.0,0.60249,1.0,6,6,1,0.68554,0.89622,0.02899,0.9,0.56,0.06,0.82,0.7,0.06,0.9,0.56,0.06,-3.26681,-17.44454,28.48733,-77.38461,5.39312,71.40414,double_rcm_log_20260616_133526_303.csv,92.15205,Unknown,Task2_TargetRCM_EntryCone,0.0,5.246182904037945,14.743495416874154,14.758959760670429,0.0,0.0,0.0,1.7763568394002505e-12,4.082804149056113e-11,1.3823616369889483e-09,4.594227103892511,12.638800881373385
57.46985,0.01038,96.34119,Done,Target,161.2453,14.82793,5.24669,0.00018,0.00018,1.0,0.00018,5.24669,0.0,0.0,0.0,0.60249,1.0,6,6,1,0.6846,0.89569,0.02969,0.9,0.56,0.06,0.82,0.7,0.06,0.9,0.56,0.06,-3.33655,-17.60556,28.69633,-77.20153,5.46758,71.39315,double_rcm_log_20260616_133526_303.csv,96.34119,Unknown,Task2_TargetRCM_EntryCone,0.0,5.246280056147117,14.74376768272305,14.759232885370489,0.0,0.0,0.0,1.7798229048217483e-12,6.331630800726423e-11,1.6639777288823364e-09,4.3258038001315855,12.572263862862034
57.50105,0.01033,96.78508,Done,Target,161.2453,14.82878,5.2471,0.00039,0.00039,1.0,0.00039,5.2471,0.0,0.0,0.0,0.60249,1.0,6,6,1,0.68368,0.89516,0.03043,0.9,0.56,0.06,0.82,0.7,0.06,0.9,0.56,0.06,-3.40802,-17.75305,28.8823,-77.01225,5.54108,71.37925,double_rcm_log_20260616_133526_303.csv,96.78508,Unknown,Task2_TargetRCM_EntryCone,0.0,5.246884657493477,14.745462058765376,14.760932606967007,0.0,0.0,0.0,2.51214793389404e-12,6.27232784166834e-11,1.3391902647780617e-09,4.075764674498712,12.383236153340347
57.53135,0.0104,96.17822,Done,Target,161.2452,14.83008,5.24751,0.00013,0.00013,1.0,0.00013,5.24751,0.0,0.0,0.0,0.60249,1.0,6,6,1,0.68281,0.89466,0.03118,0.9,0.56,0.06,0.82,0.7,0.06,0.9,0.56,0.06,-3.47831,-17.88196,29.03922,-76.82451,5.61081,71.36336,double_rcm_log_20260616_133526_303.csv,96.17822,Unknown,Task2_TargetRCM_EntryCone,0.0,5.247750482584661,14.74788850318438,14.763366708681886,0.0,0.0,0.0,2.5146000066436358e-12,2.823596591503202e-11,2.0891878882258864e-09,3.8565377974420816,12.25394870652704
57.56245,0.01031,96.95505,Done,Target,161.2453,14.83125,5.24792,0.00018,0.00018,1.0,0.00018,5.24792,0.0,0.0,0.0,0.60249,1.0,6,6,1,0.68194,0.89416,0.03199,0.9,0.56,0.06,0.82,0.7,0.06,0.9,0.56,0.06,-3.55128,-17.99961,29.17616,-76.62804,5.68062,71.34484,double_rcm_log_20260616_133526_303.csv,96.95505,Unknown,Task2_TargetRCM_EntryCone,0.0,5.248175638460596,14.749079986366652,14.764561952836704,0.0,0.0,0.0,1.7798229048217483e-12,6.492126016923982e-11,9.260714085831147e-10,3.65430467879662,12.21425150903033
57.5931,0.01033,96.78323,Done,Target,161.2453,14.83218,5.24826,0.00027,0.00027,1.0,0.00027,5.24826,0.0,0.0,0.0,0.60249,1.0,6,6,1,0.68111,0.89369,0.03282,0.9,0.56,0.06,0.82,0.7,0.06,0.9,0.56,0.06,-3.62388,-18.10098,29.28727,-76.43099,5.74755,71.32461,double_rcm_log_20260616_133526_303.csv,96.78323,Unknown,Task2_TargetRCM_EntryCone,0.0,5.248140440005382,14.748981344064626,14.764462999142223,0.0,0.0,0.0,1.7763568394002505e-12,2.8220409427912154e-11,8.99037784483611e-10,3.480852742507773,12.082636153273342
57.62442,0.01117,89.52202,Done,Target,161.2451,14.833,5.2486,0.00013,0.00013,1.0,0.00013,5.2486,0.0,0.0,0.0,0.60249,1.0,6,6,1,0.68029,0.89322,0.0337,0.9,0.56,0.06,0.82,0.7,0.06,0.9,0.56,0.06,-3.69869,-18.18957,29.37637,-76.2263,5.81397,71.3021,double_rcm_log_20260616_133526_303.csv,89.52202,Unknown,Task2_TargetRCM_EntryCone,0.0,5.248410126232504,14.749737129087151,14.765221170120531,0.0,0.0,0.0,2.51214793389404e-12,3.222214797053575e-11,7.091091737535882e-10,3.337222910155935,11.968321247313119
57.65466,0.01026,97.47997,Done,Target,161.2453,14.83446,5.24908,0.00018,0.00018,1.0,0.00018,5.24908,0.0,0.0,0.0,0.60249,1.0,6,6,1,0.67952,0.89278,0.03459,0.9,0.56,0.06,0.82,0.7,0.06,0.9,0.56,0.06,-3.77142,-18.26125,29.43987,-76.02581,5.87619,71.27879,double_rcm_log_20260616_133526_303.csv,97.47997,Unknown,Task2_TargetRCM_EntryCone,0.0,5.2481847965051305,14.749105651429428,14.764587698919359,0.0,0.0,0.0,2.5146000066436358e-12,3.3165320457624264e-11,1.298316496470522e-09,3.2289836909817367,11.999707244348748
57.68633,0.01098,91.11012,Done,Target,161.2453,14.83545,5.24938,0.00017,0.00017,1.0,0.00017,5.24938,0.0,0.0,0.0,0.60249,1.0,6,6,1,0.67874,0.89233,0.03554,0.9,0.56,0.06,0.82,0.7,0.06,0.9,0.56,0.06,-3.84798,-18.32097,29.48162,-75.8131,5.93909,71.25286,double_rcm_log_20260616_133526_303.csv,91.11012,Unknown,Task2_TargetRCM_EntryCone,0.0,5.249881474062706,14.753860517636662,14.769357580227311,0.0,0.0,0.0,1.7798229048217483e-12,6.261533301350357e-11,1.3924665907284938e-09,3.1526872900447107,11.938648012466086
57.71725,0.01091,91.64339,Done,Target,161.2452,14.83652,5.24979,0.00027,0.00027,1.0,0.00027,5.24979,0.0,0.0,0.0,0.60249,1.0,6,6,1,0.67801,0.89192,0.03651,0.9,0.56,0.06,0.82,0.7,0.06,0.9,0.56,0.06,-3.92306,-18.36466,29.49879,-75.60286,5.99829,71.22619,double_rcm_log_20260616_133526_303.csv,91.64339,Unknown,Task2_TargetRCM_EntryCone,0.0,5.24936742983903,14.752419932075915,14.767912444501475,0.0,0.0,0.0,1.7763568394002505e-12,6.099374740293948e-11,1.6704724918372912e-09,3.1181288122185062,11.888998106150959
57.75777,0.01106,90.44369,Done,Target,161.2451,14.83787,5.25031,0.00017,0.00017,1.0,0.00017,5.25031,0.0,0.0,0.0,0.60249,1.0,6,6,1,0.6771,0.89139,0.03782,0.9,0.56,0.06,0.82,0.7,0.06,0.9,0.56,0.06,-4.02174,-18.39976,29.48575,-75.32407,6.07231,71.18936,double_rcm_log_20260616_133526_303.csv,90.44369,Unknown,Task2_TargetRCM_EntryCone,0.0,5.250230848680274,14.754839623436764,14.770339779095117,0.0,0.0,0.0,3.5596458096434966e-12,7.995353968109844e-11,6.120218275164092e-10,3.1316862644751007,11.916486303072688
57.78847,0.01054,94.87244,Done,Target,161.245,14.8388,5.25069,0.00018,0.00018,1.0,0.00018,5.25069,0.0,0.0,0.0,0.60249,1.0,6,6,1,0.67644,0.89102,0.03884,0.9,0.56,0.06,0.82,0.7,0.06,0.9,0.56,0.06,-4.0966,-18.40949,29.44891,-75.11063,6.12555,71.16013,double_rcm_log_20260616_133526_303.csv,94.87244,Unknown,Task2_TargetRCM_EntryCone,0.0,5.250976744686117,14.756929959790417,14.772436720357739,0.0,0.0,0.0,1.7798229048217483e-12,3.169505244047264e-11,1.7330072704700103e-09,3.1861260603337422,11.891061589064552
57.81982,0.01076,92.93743,Done,Target,161.2451,14.83999,5.25102,0.00019,0.00019,1.0,0.00019,5.25102,0.0,0.0,0.0,0.60249,1.0,6,6,1,0.67581,0.89066,0.03991,0.9,0.56,0.06,0.82,0.7,0.06,0.9,0.56,0.06,-4.17298,-18.40452,29.38754,-74.89111,6.17724,71.12923,double_rcm_log_20260616_133526_303.csv,92.93743,Unknown,Task2_TargetRCM_EntryCone,0.0,5.250470576813779,14.755511449846807,14.77101372809313,0.0,0.0,0.0,1.7798229048217483e-12,2.7793350208706613e-11,4.074967831162534e-11,3.2781515302556143,11.937179017269527
57.85091,0.01073,93.17336,Done,Target,161.245,14.8412,5.25143,0.0003,0.0003,1.0,0.0003,5.25143,0.0,0.0,0.0,0.60249,1.0,6,6,1,0.67521,0.89031,0.041,0.9,0.56,0.06,0.82,0.7,0.06,0.9,0.56,0.06,-4.24856,-18.38461,29.30289,-74.67207,6.22568,71.09753,double_rcm_log_20260616_133526_303.csv,93.17336,Unknown,Task2_TargetRCM_EntryCone,0.0,5.25129406008368,14.757819219607226,14.773328790571183,0.0,0.0,0.0,0.0,2.8189106706364602e-11,7.58253221332098e-11,3.405822528544358,12.088202174883902
57.88107,0.01035,96.5968,Done,Target,161.2451,14.84196,5.25173,0.00017,0.00017,1.0,0.00017,5.25173,0.0,0.0,0.0,0.60249,1.0,6,6,1,0.67466,0.89,0.04207,0.9,0.56,0.06,0.82,0.7,0.06,0.9,0.56,0.06,-4.32165,-18.35081,29.1978,-74.45847,6.26983,71.06576,double_rcm_log_20260616_133526_303.csv,96.5968,Unknown,Task2_TargetRCM_EntryCone,0.0,5.252016641056471,14.759844213327913,14.775360185307035,0.0,0.0,0.0,0.0,2.8999594557716852e-11,5.011021131090735e-10,3.562534067800239,11.956187178999839
57.91158,0.00922,108.4377,Done,Target,161.2451,14.84269,5.25199,0.00027,0.00027,1.0,0.00027,5.25199,0.0,0.0,0.0,0.60249,1.0,6,6,1,0.67414,0.8897,0.04318,0.9,0.56,0.06,0.82,0.7,0.06,0.9,0.56,0.06,-4.39525,-18.30187,29.06815,-74.24148,6.31148,71.03259,double_rcm_log_20260616_133526_303.csv,108.4377,Unknown,Task2_TargetRCM_EntryCone,0.0,5.2522784534121625,14.76057792757946,14.776096219269427,0.0,0.0,0.0,1.7798229048217483e-12,2.115752930251059e-12,9.294735545038497e-10,3.7384796166377985,11.790367448178527
57.94278,0.01083,92.31397,Done,Target,161.2449,14.84439,5.25255,0.00037,0.00037,1.0,0.00037,5.25255,0.0,0.0,0.0,0.60249,1.0,6,6,1,0.67364,0.88942,0.04434,0.9,0.56,0.06,0.82,0.7,0.06,0.9,0.56,0.06,-4.46996,-18.23778,28.91344,-74.01934,6.35096,70.99771,double_rcm_log_20260616_133526_303.csv,92.31397,Unknown,Task2_TargetRCM_EntryCone,0.0,5.252071517626403,14.759998001822776,14.775514460000648,0.0,0.0,0.0,1.1102230246251565e-13,2.838287756442555e-11,4.816528289908986e-10,3.9432533730445383,12.217966841974912
57.97368,0.01111,89.98589,Done,Target,161.2451,14.84574,5.253,0.0004,0.0004,1.0,0.0004,5.253,0.0,0.0,0.0,0.60249,1.0,6,6,1,0.67318,0.88915,0.0455,0.9,0.56,0.06,0.82,0.7,0.06,0.9,0.56,0.06,-4.54341,-18.15871,28.73562,-73.79884,6.38659,70.96195,double_rcm_log_20260616_133526_303.csv,89.98589,Unknown,Task2_TargetRCM_EntryCone,0.0,5.2533288814381285,14.76352168934147,14.779049290360776,0.0,0.0,0.0,0.0,2.997168707796608e-11,4.664516696844856e-10,4.182331914564543,12.369901954439104
58.00407,0.01037,96.43784,Done,Target,161.2451,14.84625,5.25322,0.0004,0.0004,1.0,0.0004,5.25322,0.0,0.0,0.0,0.60249,1.0,6,6,1,0.67276,0.88892,0.04666,0.9,0.56,0.06,0.82,0.7,0.06,0.9,0.56,0.06,-4.61498,-18.06558,28.53655,-73.58182,6.41805,70.92558,double_rcm_log_20260616_133526_303.csv,96.43784,Unknown,Task2_TargetRCM_EntryCone,0.0,5.253483570104482,14.763955194664515,14.779484166913338,0.0,0.0,0.0,1.7901808365247238e-12,3.8608279124775806e-11,9.49720553177366e-10,4.425095001530208,12.220425307862529
58.03529,0.01057,94.58299,Done,Target,161.245,14.84785,5.25375,0.00064,0.00064,1.0,0.00064,5.25375,0.0,0.0,0.0,0.60249,1.0,6,6,1,0.67237,0.88869,0.04787,0.9,0.56,0.06,0.82,0.7,0.06,0.9,0.56,0.06,-4.68768,-17.95533,28.30913,-73.35917,6.44672,70.88696,double_rcm_log_20260616_133526_303.csv,94.58299,Unknown,Task2_TargetRCM_EntryCone,0.0,5.2540923479528185,14.765661255504977,14.781195625015897,0.0,0.0,0.0,2.51214793389404e-12,2.708237618043747e-11,1.6791585709471427e-09,4.692349192527449,12.510919842135818
58.06581,0.01032,96.94458,Done,Target,161.245,14.84868,5.25404,0.00057,0.00057,1.0,0.00057,5.25404,0.0,0.0,0.0,0.60249,1.0,6,6,1,0.67202,0.88849,0.04907,0.9,0.56,0.06,0.82,0.7,0.06,0.9,0.56,0.06,-4.75789,-17.83173,28.06193,-73.14175,6.47075,70.84769,double_rcm_log_20260616_133526_303.csv,96.94458,Unknown,Task2_TargetRCM_EntryCone,0.0,5.254784480225543,14.767600909744031,14.78314141703402,0.0,0.0,0.0,0.0,6.49034478941805e-11,9.267599595151977e-10,4.977001370559125,12.822494877787314
58.0966,0.01005,99.49947,Done,Target,161.245,14.84942,5.25434,0.00057,0.00057,1.0,0.00057,5.25434,0.0,0.0,0.0,0.60249,1.0,6,6,1,0.67171,0.88831,0.05029,0.9,0.56,0.06,0.82,0.7,0.06,0.9,0.56,0.06,-4.82771,-17.69163,27.78837,-72.92307,6.49088,70.80649,double_rcm_log_20260616_133526_303.csv,99.49947,Unknown,Task2_TargetRCM_EntryCone,0.0,5.254846438219901,14.767774542759572,14.783315599567324,0.0,0.0,0.0,1.7763568394002505e-12,2.8791308920904073e-11,1.40270407529683e-09,5.280033165567991,12.400336252520072
58.12715,0.00903,110.7986,Done,Target,161.245,14.84958,5.25442,0.00047,0.00047,1.0,0.00047,5.25442,0.0,0.0,0.0,0.60249,1.0,6,6,1,0.67144,0.88816,0.05152,0.9,0.56,0.06,0.82,0.7,0.06,0.9,0.56,0.06,-4.89593,-17.5365,27.49159,-72.70671,6.50642,70.76374,double_rcm_log_20260616_133526_303.csv,110.7986,Unknown,Task2_TargetRCM_EntryCone,0.0,5.253903938363274,14.765133249903037,14.78066594889118,0.0,0.0,0.0,1.7798229048217483e-12,3.941578345270612e-11,1.4688285491565383e-09,5.56217066663713,12.260598871608737
58.15857,0.01118,89.45919,Done,Target,161.245,14.85292,5.25553,0.00068,0.00068,1.0,0.00068,5.25553,0.0,0.0,0.0,0.60249,1.0,6,6,1,0.67119,0.88802,0.05278,0.9,0.56,0.06,0.82,0.7,0.06,0.9,0.56,0.06,-4.96473,-17.3637,27.16562,-72.48597,6.51827,70.71803,double_rcm_log_20260616_133526_303.csv,89.45919,Unknown,Task2_TargetRCM_EntryCone,0.0,5.25527131929606,14.768965242272007,14.784510067783403,0.0,0.0,0.0,1.7763568394002505e-12,6.454184579373543e-11,1.0346879910573476e-09,5.880423785719378,13.449646811362054
58.18945,0.011,90.8948,Done,Target,161.2449,14.85397,5.25595,0.00067,0.00067,1.0,0.00067,5.25595,0.0,0.0,0.0,0.60249,1.0,6,6,1,0.67099,0.8879,0.05403,0.9,0.56,0.06,0.82,0.7,0.06,0.9,0.56,0.06,-5.03108,-17.17553,26.81636,-72.26983,6.52463,70.67058,double_rcm_log_20260616_133526_303.csv,90.8948,Unknown,Task2_TargetRCM_EntryCone,0.0,5.25595644967091,14.770885270539214,14.786436174453454,0.0,0.0,0.0,2.5146000066436358e-12,2.914854292846282e-11,1.3505493956675579e-09,6.246529873248908,13.806907065464836
58.22023,0.0106,94.32027,Done,Target,161.2449,14.85478,5.25621,0.00086,0.00086,1.0,0.00086,5.25621,0.0,0.0,0.0,0.60249,1.0,6,6,1,0.67083,0.88781,0.05529,0.9,0.56,0.06,0.82,0.7,0.06,0.9,0.56,0.06,-5.09581,-16.97115,26.44175,-72.05571,6.52578,70.62064,double_rcm_log_20260616_133526_303.csv,94.32027,Unknown,Task2_TargetRCM_EntryCone,0.0,5.2556482006390155,14.770021425208093,14.785569594174198,0.0,0.0,0.0,2.5146000066436358e-12,2.970477528356073e-11,1.8840009142095278e-09,6.592673349059962,13.384374477721025
58.25134,0.01042,96.00405,Done,Target,161.2448,14.8561,5.25669,0.00086,0.00086,1.0,0.00086,5.25669,0.0,0.0,0.0,0.60249,1.0,6,6,1,0.6707,0.88773,0.05657,0.9,0.56,0.06,0.82,0.7,0.06,0.9,0.56,0.06,-5.15967,-16.74854,26.03785,-71.84109,6.52168,70.56727,double_rcm_log_20260616_133526_303.csv,96.00405,Unknown,Task2_TargetRCM_EntryCone,0.0,5.257058354747956,14.773973275301712,14.789533958520353,0.0,0.0,0.0,1.7763568394002505e-12,8.970681120746188e-11,9.36631285315167e-10,6.948600929063899,13.911286947244534
58.29213,0.01085,92.14236,Done,Target,161.2448,14.8583,5.25747,0.00103,0.00103,1.0,0.00103,5.25747,0.0,0.0,0.0,0.60249,1.0,6,6,1,0.67059,0.88767,0.05825,0.9,0.56,0.06,0.82,0.7,0.06,0.9,0.56,0.06,-5.24085,-16.43074,25.46736,-71.56248,6.50751,70.49222,double_rcm_log_20260616_133526_303.csv,92.14236,Unknown,Task2_TargetRCM_EntryCone,0.0,5.257912116728556,14.776365874244341,14.791934137337568,0.0,0.0,0.0,3.552713678800501e-12,1.4635146145521584e-11,1.869298325124577e-09,7.4689798260481615,14.552735111375304
58.32266,0.01039,96.20445,Done,Target,161.2448,14.85905,5.25766,0.0012,0.0012,1.0,0.0012,5.25766,0.0,0.0,0.0,0.60249,1.0,6,6,1,0.67056,0.88765,0.05951,0.9,0.56,0.06,0.82,0.7,0.06,0.9,0.56,0.06,-5.29966,-16.17159,25.00659,-71.35584,6.48974,70.43143,double_rcm_log_20260616_133526_303.csv,96.20445,Unknown,Task2_TargetRCM_EntryCone,0.0,5.257580629946489,14.775436909720666,14.79100222951366,0.0,0.0,0.0,1.7763568394002505e-12,5.770088301371921e-11,3.0603522866192334e-10,7.861806362985524,14.487246869389631
58.35371,0.01068,93.64927,Done,Target,161.2446,14.86071,5.25829,0.00132,0.00132,1.0,0.00132,5.25829,0.0,0.0,0.0,0.60249,1.0,6,6,1,0.67056,0.88765,0.06078,0.9,0.56,0.06,0.82,0.7,0.06,0.9,0.56,0.06,-5.35753,-15.89143,24.51166,-71.14806,6.46538,70.36546,double_rcm_log_20260616_133526_303.csv,93.64927,Unknown,Task2_TargetRCM_EntryCone,0.0,5.258297212600271,14.77744507322457,14.79301675608331,0.0,0.0,0.0,0.0,1.4280165613058587e-11,1.2112217784296435e-09,8.26196089807429,15.218725050323137
58.38496,0.01066,93.82479,Done,Target,161.2446,14.8626,5.25908,0.00127,0.00127,1.0,0.00127,5.25904,0.0,0.0,0.0,0.60249,1.0,6,6,1,0.6706,0.88767,0.06207,0.9,0.56,0.06,0.82,0.7,0.06,0.9,0.56,0.06,-5.41378,-15.59088,23.9839,-70.9411,6.43399,70.294,double_rcm_log_20260616_133526_303.csv,93.82479,Unknown,Task2_TargetRCM_EntryCone,0.0,5.25911859807736,14.779746935112467,14.795325913789078,0.0,0.0,0.0,1.9891280697202824e-12,2.8858146604671112e-11,2.4741332992937845e-10,8.71605496368392,16.154151077661187
58.4254,0.0105,95.20661,Done,Target,161.2445,14.86431,5.25956,0.00152,0.00152,1.0,0.00152,5.25956,0.0,0.0,0.0,0.60249,1.0,6,6,1,0.67071,0.88774,0.06373,0.9,0.56,0.06,0.82,0.7,0.06,0.9,0.56,0.06,-5.48341,-15.17128,23.25187,-70.67634,6.38179,70.19266,double_rcm_log_20260616_133526_303.csv,95.20661,Unknown,Task2_TargetRCM_EntryCone,0.0,5.259251754400934,14.78012009392756,14.795700255557382,0.0,0.0,0.0,1.7901808365247238e-12,1.6431185240233203e-11,1.6206466607059418e-09,9.322276179126874,17.073740514075876
58.45641,0.01092,91.58249,Done,Target,161.2443,14.86668,5.26034,0.00195,0.00195,1.0,0.00195,5.26034,0.0,0.0,0.0,0.60249,1.0,6,6,1,0.67083,0.88781,0.065,0.9,0.56,0.06,0.82,0.7,0.06,0.9,0.56,0.06,-5.53424,-14.82772,22.65546,-70.47604,6.33289,70.10766,double_rcm_log_20260616_133526_303.csv,91.58249,Unknown,Task2_TargetRCM_EntryCone,0.0,5.261126340480092,14.785373447076742,14.800970268775487,0.0,0.0,0.0,2.5146000066436358e-12,6.582458286459874e-11,9.47049570033924e-10,9.829614384133103,17.686068366682093
58.48703,0.01058,94.5173,Done,Target,161.2444,14.86739,5.26068,0.00172,0.00172,1.0,0.00172,5.26068,0.0,0.0,0.0,0.60249,1.0,6,6,1,0.671,0.8879,0.06624,0.9,0.56,0.06,0.82,0.7,0.06,0.9,0.56,0.06,-5.58215,-14.46577,22.02986,-70.28001,6.27568,70.01594,double_rcm_log_20260616_133526_303.csv,94.5173,Unknown,Task2_TargetRCM_EntryCone,0.0,5.261213824337532,14.785618612064662,14.801216211550916,0.0,0.0,0.0,2.5146000066436358e-12,4.336088263324968e-11,1.2060765336591923e-09,10.336326399522225,18.17368616737883
58.51835,0.01063,94.04608,Done,Target,161.2442,14.8704,5.26172,0.00215,0.00215,1.0,0.00215,5.26172,0.0,0.0,0.0,0.60249,1.0,6,6,1,0.6712,0.88802,0.0675,0.9,0.56,0.06,0.82,0.7,0.06,0.9,0.56,0.06,-5.62865,-14.07652,21.35907,-70.08211,6.20865,69.91424,double_rcm_log_20260616_133526_303.csv,94.04608,Unknown,Task2_TargetRCM_EntryCone,0.0,5.262140996800315,14.788216920449099,14.803822764684597,0.0,0.0,0.0,0.0,1.4305880766598047e-11,6.302861204636747e-10,10.883742609229115,19.873600378684753
58.55883,0.01089,91.82508,Done,Target,161.2442,14.87289,5.26265,0.00218,0.00218,1.0,0.00218,5.26265,0.0,0.0,0.0,0.60249,1.0,6,6,1,0.67152,0.8882,0.06912,0.9,0.56,0.06,0.82,0.7,0.06,0.9,0.56,0.06,-5.68488,-13.5359,20.43084,-69.82873,6.10634,69.76759,double_rcm_log_20260616_133526_303.csv,91.82508,Unknown,Task2_TargetRCM_EntryCone,0.0,5.2635159675782335,14.79207013183474,14.807688208147127,0.0,0.0,0.0,3.978256139440565e-12,1.977424091713883e-11,2.009314969475338e-09,11.711774384180071,22.33752668187266
58.58968,0.01083,92.33179,Done,Target,161.2439,14.87476,5.26325,0.00275,0.00275,1.0,0.00275,5.26325,0.0,0.0,0.0,0.60249,1.0,6,6,1,0.67181,0.88837,0.07033,0.9,0.56,0.06,0.82,0.7,0.06,0.9,0.56,0.06,-5.72463,-13.0948,19.67563,-69.63723,6.01553,69.64282,double_rcm_log_20260616_133526_303.csv,92.33179,Unknown,Task2_TargetRCM_EntryCone,0.0,5.262986596316784,14.790586625408197,14.80619999154815,0.0,0.0,0.0,2.51214793389404e-12,1.0404186452889251e-10,8.716576114175815e-10,12.390266574359188,21.933013303342886
58.62048,0.01057,94.59504,Done,Target,161.2437,14.87633,5.26384,0.00312,0.00312,1.0,0.00312,5.26384,0.0,0.0,0.0,0.60249,1.0,6,6,1,0.67213,0.88855,0.07153,0.9,0.56,0.06,0.82,0.7,0.06,0.9,0.56,0.06,-5.76149,-12.62703,18.87634,-69.44693,5.91264,69.50512,double_rcm_log_20260616_133526_303.csv,94.59504,Unknown,Task2_TargetRCM_EntryCone,0.0,5.264019341075778,14.793480781133123,14.809103337176511,0.0,0.0,0.0,2.51214793389404e-12,3.9072767875289135e-11,2.848516898134162e-09,13.003864215447704,23.18201882439318
58.65254,0.01136,88.0546,Done,Target,161.2435,14.88225,5.26589,0.00381,0.00381,1.0,0.00381,5.26589,0.0,0.0,0.0,0.60249,1.0,6,6,1,0.67249,0.88875,0.07275,0.9,0.56,0.06,0.82,0.7,0.06,0.9,0.56,0.06,-5.7967,-12.11949,18.00986,-69.25123,5.79425,69.34887,double_rcm_log_20260616_133526_303.csv,88.0546,Unknown,Task2_TargetRCM_EntryCone,0.0,5.266216308937526,14.799637530462407,14.815279648263346,0.0,0.0,0.0,3.5596458096434966e-12,7.425829224487465e-11,8.400889208432404e-10,13.793953570184891,29.990373339304583
58.69326,0.01164,85.90923,Done,Target,161.2431,14.88551,5.26715,0.00452,0.00452,1.0,0.00452,5.26712,0.0,0.0,0.0,0.60249,1.0,6,6,1,0.67301,0.88905,0.07428,0.9,0.56,0.06,0.82,0.7,0.06,0.9,0.56,0.06,-5.83651,-11.41601,16.8111,-69.00036,5.61775,69.12078,double_rcm_log_20260616_133526_303.csv,85.90923,Unknown,Task2_TargetRCM_EntryCone,0.0,5.266921252846858,14.801613049943967,14.817261448008209,0.0,0.0,0.0,1.7901808365247238e-12,4.021513805733633e-11,48.86960293660369,15.212417509021101,35.02349362094765
58.72327,0.0104,96.11187,Done,Target,161.243,14.88606,5.26738,0.00455,0.00455,1.0,0.00455,5.26738,0.0,0.0,0.0,0.60249,1.0,6,6,1,0.67343,0.88929,0.07539,0.9,0.56,0.06,0.82,0.7,0.06,0.9,0.56,0.06,-5.86207,-10.85036,15.84819,-68.81225,5.46602,68.92706,double_rcm_log_20260616_133526_303.csv,96.11187,Unknown,Task2_TargetRCM_EntryCone,0.0,5.267775968959787,14.804008284786574,14.819664299670455,0.0,0.0,0.0,1.1102230246251565e-13,2.5474208236936176,56.54603752229584,16.225924217560593,33.02489638065783
58.75385,0.01026,97.49101,Done,Target,161.2425,14.88899,5.26831,0.0057,0.0057,1.0,0.0057,5.26831,0.0,0.0,0.0,0.60249,1.0,6,6,1,0.67388,0.88955,0.07649,0.9,0.56,0.06,0.82,0.7,0.06,0.9,0.56,0.06,-5.88456,-10.24102,14.81081,-68.61872,5.29372,68.70757,double_rcm_log_20260616_133526_303.csv,97.49101,Unknown,Task2_TargetRCM_EntryCone,0.0,5.269063107534482,14.807615323195677,14.823282813100722,0.0,0.0,0.0,0.15727986682101402,3.4059670052698183,71.0264615433556,17.15938291646751,36.07121175609636
58.78523,0.01076,92.96639,Done,Target,161.2419,14.89468,5.27035,0.0068,0.0068,1.0,0.0068,5.27035,0.0,0.0,0.0,0.60249,1.0,6,6,1,0.67436,0.88982,0.07757,0.89999,0.56,0.06,0.82,0.7,0.06,0.9,0.56,0.06,-5.90366,-9.58171,13.6877,-68.41746,5.09696,68.45695,double_rcm_log_20260616_133526_303.csv,92.96639,Unknown,Task2_TargetRCM_EntryCone,0.0,5.269903055383347,14.809969163742242,14.825644144921457,0.0030852522116496355,0.008682431421294587,0.010000000000065512,0.20934997359696694,2.446178191973594,92.64485944243746,18.41231221017808,45.61041795770111
58.82589,0.01091,91.64035,Done,Target,161.241,14.90121,5.2727,0.00882,0.00882,1.0,0.00882,5.2727,0.0,0.0,0.0,0.60249,1.0,6,6,1,0.67502,0.89019,0.07892,0.89999,0.56,0.05999,0.82,0.7,0.06,0.9,0.56,0.06,-5.92169,-8.64457,12.09025,-68.14388,4.79803,68.0771,double_rcm_log_20260616_133526_303.csv,91.64035,Unknown,Task2_TargetRCM_EntryCone,0.0,5.272678480691156,14.817746896155748,14.833446647595327,0.004705925757591394,0.013243285671818985,0.014142135623774532,0.10612092861506106,2.7399252199215245,47.93395562272342,20.484545863724943,57.00245250189769
58.85675,0.01079,92.64602,Done,Target,161.2401,14.90691,5.27474,0.01085,0.01085,1.0,0.01085,5.27474,0.0,0.0,0.0,0.60249,1.0,6,6,1,0.67553,0.89048,0.07989,0.89999,0.56,0.05999,0.82,0.7,0.06,0.9,0.56,0.06,-5.92968,-7.86809,10.7648,-67.92341,4.53293,67.74062,double_rcm_log_20260616_133526_303.csv,92.64602,Unknown,Task2_TargetRCM_EntryCone,0.0,5.27470867348789,14.823436199041241,14.839154086159096,0.004705925757591394,0.013243285671818985,0.014142135623774532,1.7763568394002505e-12,1.712119172096813,79.12861354896617,22.33395322246885,54.52968258769799
58.88735,0.00998,100.2355,Done,Target,161.2389,14.9126,5.27674,0.01346,0.01346,1.0,0.01346,5.27674,0.0,0.0,0.0,0.60249,1.0,6,6,1,0.67603,0.89077,0.08079,0.89999,0.56,0.05999,0.82,0.7,0.06,0.9,0.56,0.06,-5.93187,-7.02823,9.32885,-67.6869,4.2266,67.3541,double_rcm_log_20260616_133526_303.csv,100.2355,Unknown,Task2_TargetRCM_EntryCone,0.0,5.277021954615144,14.829918790722985,14.845657359350094,0.004705925757591394,0.013243285671818985,0.014142135623774532,1.7798229048217483e-12,2.528649133167488,92.4427973390422,23.760594830564546,49.866317580168555
58.91912,0.0109,91.73262,Done,Target,161.2368,14.92293,5.28042,0.018,0.018,1.0,0.018,5.28042,0.0,0.0,0.0,0.60249,1.0,6,6,1,0.6765,0.89104,0.08161,0.89999,0.56,0.05999,0.82,0.7,0.06,0.9,0.56,0.06,-5.92816,-6.13269,7.79397,-67.42991,3.8757,66.91539,double_rcm_log_20260616_133526_303.csv,91.73262,Unknown,Task2_TargetRCM_EntryCone,0.0,5.281236746879917,14.8417299939407,14.857506290824395,0.004705925757591394,0.013243285671818985,0.014142135623774532,0.1637420052720273,4.917657925546593,63.3455821006844,25.317665393793714,50.68682950404171
58.95006,0.0109,91.77654,Done,Target,161.2343,14.93156,5.2835,0.02367,0.02367,1.0,0.02367,5.2835,0.0,0.0,0.0,0.60249,1.0,6,6,1,0.67693,0.89129,0.08231,0.89998,0.56,0.05999,0.82,0.7,0.06,0.9,0.56,0.06,-5.91683,-5.18766,6.17087,-67.14915,3.47093,66.42268,double_rcm_log_20260616_133526_303.csv,91.77654,Unknown,Task2_TargetRCM_EntryCone,0.0,5.282901138789655,14.846394133150735,14.862185345239888,0.007120758437718775,0.020038424627182798,0.02236067977501405,0.30824711213931155,4.607733116771004,59.295867175003934,26.728822077189125,31.3506350526237
58.99085,0.01121,89.19514,Done,Target,161.2299,14.94271,5.28746,0.03417,0.03417,1.0,0.03417,5.28746,0.0,0.0,0.0,0.60249,1.0,6,6,1,0.67736,0.89154,0.08299,0.89997,0.56,0.05998,0.82,0.7,0.06,0.9,0.56,0.06,-5.88992,-3.92688,4.0003,-66.74075,2.85385,65.71751,double_rcm_log_20260616_133526_303.csv,89.19514,Unknown,Task2_TargetRCM_EntryCone,0.0,5.286562106613538,14.856653249462376,14.8724773018368,0.011670202009670267,0.032839938161637466,0.03605551275461822,0.41775596803485243,0.8010961603477199,84.0651913952983,26.17737987831518,77.86668746486359
59.02093,0.01035,96.63649,Done,Target,161.2255,14.94874,5.28939,0.04524,0.04524,1.0,0.04524,5.28939,0.0,0.0,0.0,0.60249,1.0,6,6,1,0.67756,0.89165,0.0833,0.89996,0.56,0.05997,0.82,0.7,0.06,0.9,0.56,0.06,-5.86196,-3.07022,2.52432,-66.42231,2.35037,65.20823,double_rcm_log_20260616_133526_303.csv,96.63649,Unknown,Task2_TargetRCM_EntryCone,0.0,5.289083305927676,14.863718361515605,14.879565056455256,0.01630926721829697,0.04589285179802253,0.05000000000002919,0.36813153507460034,2.331541721263276,61.79208977364817,22.86609178306344,153.1379412863239
59.05204,0.0103,97.04078,Done,Target,161.22,14.94941,5.28932,0.05874,0.05874,1.0,0.05874,5.28932,0.0,0.0,0.0,0.60249,1.0,6,6,1,0.67766,0.89172,0.08345,0.89995,0.56,0.05997,0.82,0.7,0.06,0.9,0.56,0.06,-5.83026,-2.38732,1.35106,-66.12038,1.84794,64.78721,double_rcm_log_20260616_133526_303.csv,97.04078,Unknown,Task2_TargetRCM_EntryCone,0.0,5.288230103458428,14.861327450612832,14.877166480636486,0.01875363122138632,0.05276945503428225,0.05830951894844587,0.3577788178075959,3.730274409064861,107.14305508853253,17.202100917645147,188.96496261909522
59.08335,0.011,90.89978,Done,Target,161.2139,14.93923,5.2852,0.07393,0.07393,1.0,0.07393,5.2852,0.0,0.0,0.0,0.60249,1.0,6,6,1,0.67772,0.89176,0.08349,0.89994,0.56,0.05996,0.82,0.7,0.06,0.9,0.56,0.06,-5.79804,-1.92516,0.5651,-65.86279,1.3849,64.49869,double_rcm_log_20260616_133526_303.csv,90.89978,Unknown,Task2_TargetRCM_EntryCone,0.0,5.283922367214269,14.849255923807176,14.86505629213512,0.02334255795278483,0.06567987632335548,0.07211102550932881,0.5569200505203071,4.5117865597803695,82.28140647519538,11.649152240079523,170.57807887058456
59.12411,0.01105,90.51567,Done,Target,161.2056,14.90338,5.27177,0.09456,0.09456,1.0,0.09456,5.27177,0.0,0.0,0.0,0.60249,1.0,6,6,1,0.67778,0.89181,0.08345,0.89992,0.56,0.05994,0.82,0.7,0.06,0.9,0.56,0.06,-5.75943,-1.61489,0.05382,-65.61864,0.88731,64.31133,double_rcm_log_20260616_133526_303.csv,90.51567,Unknown,Task2_TargetRCM_EntryCone,0.0,5.2717101104072155,14.815033180904216,14.830724286822086,0.03262254727618758,0.09178570359599489,0.09999999999997372,0.5644547917583962,4.532295733368609,87.11367351188622,6.108071128015415,116.8915377798696
59.15429,0.01049,95.35148,Done,Target,161.1992,14.85885,5.25516,0.10985,0.10985,1.0,0.10985,5.25516,0.0,0.0,0.0,0.60249,1.0,6,6,1,0.67784,0.89187,0.08337,0.89991,0.56,0.05993,0.82,0.7,0.06,0.9,0.56,0.06,-5.73502,-1.52554,-0.0796,-65.5083,0.61662,64.2656,double_rcm_log_20260616_133526_303.csv,95.35148,Unknown,Task2_TargetRCM_EntryCone,0.0,5.255168100772771,14.768675979651194,14.78421988955637,0.037288418954278986,0.10491021802549932,0.11401754250994142,0.36610888598125396,4.149606873084404,133.4668163464249,3.592336391768867,72.78693949617949
59.18576,0.01076,92.91949,Done,Target,161.1924,14.79551,5.23177,0.1261,0.1261,1.0,0.1261,5.23177,0.0,0.0,0.0,0.60249,1.0,6,6,1,0.67793,0.89194,0.08326,0.8999,0.56,0.05993,0.82,0.7,0.06,0.9,0.56,0.06,-5.71387,-1.49102,-0.1187,-65.45177,0.42953,64.25584,double_rcm_log_20260616_133526_303.csv,92.91949,Unknown,Task2_TargetRCM_EntryCone,0.0,5.231658061701935,14.702789508854776,14.718125806337106,0.039641754953437996,0.11152785095419779,0.12206555615732836,0.3625194631439954,4.014291647869843,137.15608866304513,2.129270118659206,40.008894929979675
59.21635,0.01062,94.19328,Done,Target,161.1858,14.71742,5.20311,0.14166,0.14166,1.0,0.14166,5.20311,0.0,0.0,0.0,0.60249,1.0,6,6,1,0.67803,0.89203,0.08311,0.89989,0.56,0.05992,0.82,0.7,0.06,0.9,0.56,0.06,-5.69533,-1.47718,-0.12366,-65.43465,0.30868,64.25875,double_rcm_log_20260616_133526_303.csv,94.19328,Unknown,Task2_TargetRCM_EntryCone,0.0,5.203209692065,14.623060144509953,14.638147701080067,0.044284349678159154,0.12458546649408042,0.1360147050873966,0.564689824348877,4.574471988763796,83.07910024538259,1.3285389627424395,25.153467598558922
59.25676,0.01059,94.43292,Done,Target,161.1771,14.58974,5.15625,0.16265,0.16265,1.0,0.16265,5.15621,0.0,0.0,0.0,0.60249,1.0,6,6,1,0.67821,0.89218,0.08288,0.89987,0.56,0.0599,0.82,0.7,0.06,0.9,0.56,0.06,-5.67257,-1.46579,-0.11969,-65.45721,0.22187,64.2662,double_rcm_log_20260616_133526_303.csv,94.43292,Unknown,Task2_TargetRCM_EntryCone,0.0,5.156445499385925,14.49199105341103,14.506675589386258,0.05360494002289836,0.1507978779692079,0.16401219466862382,0.5646898243476994,4.614392454147455,70.1453051856457,0.7988757597131415,15.513876653677897
59.28735,0.0103,97.05272,Done,Target,161.1705,14.47469,5.11408,0.17821,0.17821,1.0,0.17821,5.11408,0.0,0.0,0.0,0.60249,1.0,6,6,1,0.67837,0.89231,0.08267,0.89986,0.56,0.05989,0.82,0.7,0.06,0.9,0.56,0.06,-5.6551,-1.45764,-0.11566,-65.49746,0.18829,64.27214,double_rcm_log_20260616_133526_303.csv,97.05272,Unknown,Task2_TargetRCM_EntryCone,0.0,5.114572456980174,14.37462251735275,14.388952329427417,0.05827741422126398,0.16393713616929664,0.17804493814767072,0.5089837134624751,3.330113693472925,120.85730720221669,0.7693423716292287,9.979800461784404
59.31863,0.01067,93.71327,Done,Target,161.164,14.34164,5.06531,0.19376,0.19376,1.0,0.19376,5.06531,0.0,0.0,0.0,0.60249,1.0,6,6,1,0.67855,0.89245,0.08242,0.89984,0.56,0.05989,0.82,0.7,0.06,0.9,0.56,0.06,-5.63639,-1.44687,-0.11508,-65.55379,0.17194,64.27678,double_rcm_log_20260616_133526_303.csv,93.71327,Unknown,Task2_TargetRCM_EntryCone,0.0,5.064820805028777,14.235160564990997,14.249076389064594,0.06299467317664034,0.17719611039318986,0.1941648783895158,0.5141187377826242,3.3827291927976373,88.04608891286367,0.8749677829158011,6.443624180631699
59.35949,0.01128,88.62173,Done,Target,161.1556,14.14377,4.99285,0.21411,0.21411,1.0,0.21411,4.99285,0.0,0.0,0.0,0.60249,1.0,6,6,1,0.67883,0.89267,0.08205,0.89983,0.56,0.05987,0.82,0.7,0.06,0.9,0.56,0.06,-5.60939,-1.43084,-0.11532,-65.6431,0.16035,64.28266,double_rcm_log_20260616_133526_303.csv,88.62173,Unknown,Task2_TargetRCM_EntryCone,0.0,4.992711688801548,14.033007988819177,14.046338049819422,0.0699263321788437,0.19668796060296562,0.21400934559032864,0.6380911656732503,1.881421152669034,100.94859349875692,1.0361803931699882,4.5794274197289715
59.39075,0.01145,87.30437,Done,Target,161.149,13.97487,4.93098,0.2296,0.2296,1.0,0.2296,4.93098,0.0,0.0,0.0,0.60249,1.0,6,6,1,0.67906,0.89286,0.08174,0.89981,0.56001,0.05986,0.82,0.7,0.06,0.9,0.56,0.06,-5.58685,-1.41864,-0.11361,-65.7232,0.15861,64.28804,double_rcm_log_20260616_133526_303.csv,87.30437,Unknown,Task2_TargetRCM_EntryCone,0.0,4.931341943733886,13.860944924957092,13.87378959827942,0.07559441031136084,0.21260653438113294,0.23622023622037203,0.5796494980032668,3.3783714402240803,85.09365366629208,1.1538253099959506,3.541690418546175
59.43043,0.00984,101.6383,Done,Target,161.1411,13.73904,4.84472,0.24879,0.24879,1.0,0.24879,4.84472,0.0,0.0,0.0,0.60249,1.0,6,6,1,0.67939,0.89311,0.0813,0.8998,0.56001,0.05985,0.82,0.7,0.06,0.9,0.56,0.06,-5.55551,-1.40136,-0.11207,-65.83614,0.1588,64.29482,double_rcm_log_20260616_133526_303.csv,101.6383,Unknown,Task2_TargetRCM_EntryCone,0.0,4.845552656587467,13.62038990001949,13.632575996086226,0.08026412154283097,0.22573299407792602,0.25019992006391506,0.4109010385422352,3.382728185323339,95.6577581440713,1.2714103794184064,2.965674077300094
59.4616,0.00944,105.8764,Done,Target,161.135,13.53752,4.77097,0.26348,0.26348,1.0,0.26348,4.77097,0.0,0.0,0.0,0.60249,1.0,6,6,1,0.67967,0.89333,0.08092,0.89979,0.56001,0.05984,0.82,0.7,0.06,0.9,0.56,0.06,-5.52844,-1.38548,-0.11265,-65.93105,0.15559,64.29962,double_rcm_log_20260616_133526_303.csv,105.8764,Unknown,Task2_TargetRCM_EntryCone,0.0,4.771659975318834,13.413168718682504,13.42480593179078,0.08493870523093085,0.2388723508487713,0.26419689627249127,0.3578070902556431,3.736394955625093,109.61817496314153,1.362085617786117,3.0038277401938944
59.49303,0.01093,91.4796,Done,Target,161.1289,13.3199,4.69127,0.27807,0.27807,1.0,0.27807,4.69127,0.0,0.0,0.0,0.60249,1.0,6,6,1,0.67997,0.89356,0.08051,0.89978,0.56001,0.05984,0.82,0.7,0.06,0.9,0.56,0.06,-5.49923,-1.3692,-0.11198,-66.03442,0.15356,64.30508,double_rcm_log_20260616_133526_303.csv,91.4796,Unknown,Task2_TargetRCM_EntryCone,0.0,4.691718787052368,13.188960274228572,13.20002250457682,0.08725831856749756,0.24538823243056104,0.27221315177632094,0.5165299888711669,3.861776163366512,120.59634205721865,1.4592494165641539,3.109640047875074
59.52356,0.01098,91.04752,Done,Target,161.1232,13.09558,4.60921,0.29191,0.29191,1.0,0.29191,4.60921,0.0,0.0,0.0,0.60249,1.0,6,6,1,0.68029,0.8938,0.08009,0.89976,0.56001,0.05983,0.82,0.7,0.06,0.9,0.56,0.06,-5.46916,-1.35252,-0.11135,-66.14136,0.1524,64.31049,double_rcm_log_20260616_133526_303.csv,91.04752,Unknown,Task2_TargetRCM_EntryCone,0.0,4.608436483218277,12.955353811549916,12.96583749744085,0.09427377995098526,0.26510085163663977,0.29427877939125435,0.5906496888622816,3.742336039656506,113.41889776210354,1.5524355597582342,2.908705976309933
59.55406,0.01028,97.24052,Done,Target,161.1174,12.85841,4.52225,0.30553,0.30553,1.0,0.30553,4.52225,0.0,0.0,0.0,0.60249,1.0,6,6,1,0.68062,0.89405,0.07965,0.89975,0.56001,0.05982,0.82,0.7,0.06,0.9,0.56,0.06,-5.43732,-1.33423,-0.11203,-66.25508,0.1523,64.31549,double_rcm_log_20260616_133526_303.csv,97.24052,Unknown,Task2_TargetRCM_EntryCone,0.0,4.522720810453859,12.714893182198571,12.72480284762936,0.09892926056059295,0.2781836692657485,0.3082207001484248,0.4588185727547455,3.398459912391664,62.36840049045609,1.6360864891307627,2.712351002672933
59.58522,0.01065,93.91446,Done,Target,161.1118,12.60411,4.42899,0.31926,0.31926,1.0,0.31926,4.42899,0.0,0.0,0.0,0.60249,1.0,6,6,1,0.68098,0.89432,0.07917,0.89974,0.56001,0.05981,0.82,0.7,0.06,0.9,0.56,0.06,-5.40298,-1.31544,-0.11135,-66.3764,0.15027,64.32125,double_rcm_log_20260616_133526_303.csv,93.91446,Unknown,Task2_TargetRCM_EntryCone,0.0,4.42941760609862,12.453114704521457,12.462423777681249,0.10359018458220873,0.2912809904278642,0.32218007387176695,0.40772562465067547,0.8711003092738022,65.08518056897523,1.719304603936472,2.6951261012261623
59.62592,0.01103,90.63683,Done,Target,161.1046,12.25343,4.30029,0.33672,0.33672,1.0,0.33672,4.30029,0.0,0.0,0.0,0.60249,1.0,6,6,1,0.68147,0.89469,0.0785,0.89973,0.56001,0.0598,0.82,0.7,0.06,0.9,0.56,0.06,-5.35569,-1.28951,-0.11089,-66.54541,0.15072,64.32875,double_rcm_log_20260616_133526_303.csv,90.63683,Unknown,Task2_TargetRCM_EntryCone,0.0,4.300833966622567,12.092296816449812,12.100818666225367,0.10825588661399231,0.30439094295634656,0.3361547262794241,0.41313102622568687,2.3977045492065874,17.768001822512666,1.8291038581154775,2.5646905635926234
59.6565,0.01075,92.98758,Done,Target,161.0993,11.97617,4.19853,0.34952,0.34952,1.0,0.34952,4.19853,0.0,0.0,0.0,0.60249,1.0,6,6,1,0.68186,0.89498,0.07798,0.89972,0.56001,0.05979,0.82,0.7,0.06,0.9,0.56,0.06,-5.31806,-1.26973,-0.10934,-66.67834,0.149,64.33498,double_rcm_log_20260616_133526_303.csv,92.98758,Unknown,Task2_TargetRCM_EntryCone,0.0,4.200012483712908,11.80933948332378,11.817276086637937,0.1129258105668298,0.31751196222171096,0.35014282800027396,0.36270071267813375,2.1742538218573944,78.60283547053966,1.9042265932519693,2.5561593871980035
59.68794,0.01122,89.10014,Done,Target,161.0942,11.68022,4.08969,0.36224,0.36224,1.0,0.36224,4.08969,0.0,0.0,0.0,0.60249,1.0,6,6,1,0.68228,0.89529,0.07741,0.89971,0.56001,0.05979,0.82,0.7,0.06,0.9,0.56,0.06,-5.27778,-1.24767,-0.10955,-66.82074,0.14771,64.34076,double_rcm_log_20260616_133526_303.csv,89.10014,Unknown,Task2_TargetRCM_EntryCone,0.0,4.089872416053868,11.500187610212832,11.507516189001057,0.11526355930379541,0.3240750150576671,0.35818989377145216,0.36108398726461094,2.653548242571641,33.1858821387314,1.986655289782553,2.6229833444175528
59.71871,0.01046,95.63943,Done,Target,161.089,11.3803,3.97917,0.37427,0.37427,1.0,0.37427,3.97917,0.0,0.0,0.0,0.60249,1.0,6,6,1,0.6827,0.8956,0.07684,0.8997,0.56001,0.05978,0.82,0.7,0.06,0.9,0.56,0.06,-5.23695,-1.22576,-0.10928,-66.96629,0.14843,64.34663,double_rcm_log_20260616_133526_303.csv,95.63943,Unknown,Task2_TargetRCM_EntryCone,0.0,3.980686096061048,11.193670859906346,11.200428134417646,0.11992606691931049,0.3371737739595844,0.3721558813185389,0.4627321453668225,0.06399270857757686,87.78193073042736,2.0644608571137315,2.2328870040704896
59.74907,0.01004,99.63631,Done,Target,161.0842,11.07433,3.86645,0.38597,0.38597,1.0,0.38597,3.86645,0.0,0.0,0.0,0.60249,1.0,6,6,1,0.68314,0.89592,0.07625,0.89969,0.56001,0.05977,0.82,0.7,0.06,0.9,0.56,0.06,-5.19513,-1.20328,-0.1094,-67.11498,0.14896,64.35235,double_rcm_log_20260616_133526_303.csv,99.63631,Unknown,Task2_TargetRCM_EntryCone,0.0,3.8673128619923065,10.875357259322056,10.88155356802519,0.1245927261210437,0.350283401745629,0.38613469152618196,0.3612331883499105,2.7113100490120456,23.080917632682837,2.12107863756291,2.1733835749690353
59.78168,0.0104,96.19382,Done,Target,161.0793,10.73534,3.74131,0.39814,0.39814,1.0,0.39814,3.74131,0.0,0.0,0.0,0.60249,1.0,6,6,1,0.68362,0.89627,0.07559,0.89968,0.56001,0.05977,0.82,0.7,0.06,0.9,0.56,0.06,-5.14821,-1.17846,-0.1092,-67.2776,0.14371,64.35872,double_rcm_log_20260616_133526_303.csv,96.19382,Unknown,Task2_TargetRCM_EntryCone,0.0,3.7413892459671025,10.521756582646645,10.527367213907175,0.12694208537026708,0.35687748382539897,0.39420806688852933,0.3587321992587062,2.004511659472427,66.95611195093397,2.1993724168845628,2.3530744215634667
59.81232,0.00874,114.4014,Done,Target,161.0748,10.4073,3.62001,0.40898,0.40898,1.0,0.40898,3.62001,0.0,0.0,0.0,0.60249,1.0,6,6,1,0.68409,0.8966,0.07495,0.89967,0.56001,0.05976,0.82,0.7,0.06,0.9,0.56,0.06,-5.10311,-1.15456,-0.10946,-67.43864,0.14593,64.3645,double_rcm_log_20260616_133526_303.csv,114.4014,Unknown,Task2_TargetRCM_EntryCone,0.0,3.6204271255506435,10.182040188334689,10.187124121587345,0.13160199726261104,0.3699667344713855,0.40816663263921066,0.4024523583613817,2.0674417668401626,34.916693430190094,2.21430337745439,4.724785770610383
59.85705,0.04473,22.35673,Done,Target,161.0685,9.91779,3.43855,0.42411,0.42411,1.0,0.42411,3.43855,0.0,0.0,0.0,0.60249,1.0,6,6,1,0.68479,0.8971,0.074,0.89966,0.56001,0.05975,0.82,0.7,0.06,0.9,0.56,0.06,-5.03218,-1.11828,-0.10833,-67.66003,0.10368,64.37389,double_rcm_log_20260616_133526_303.csv,22.35673,Unknown,Task2_TargetRCM_EntryCone,0.0,3.440293956522324,9.676061048301763,9.680423368941911,0.13626596114306797,0.3830665738484849,0.4221374183841134,0.3161666806103406,1.929033707825592,68.58722401024248,2.1835223234607626,5.792711091173507
