time,mode,phase,solveIK,lambda,lambda0,insertion_progress,tip_entry_error_mm,tip_target_error_mm,rcm_error_mm,weighted_error,skull_violation_mm,arm_skull_violation_mm,entry_axis_error_deg,entry_cone_violation_deg,q0_deg,q1_deg,q2_deg,q3_deg,q4_deg,q5_deg,source_file,fps_est,stage,task_inferred,total_skull_violation_mm,joint_speed_rms_deg_s,joint_acc_rms_deg_s2
0.1526,InsertionSequence,ApproachEntry,0,0.92,0.65,0.0,532.536,529.414,503.186,3.070015,0.0,0.0,58.094,0.0,0.0,-18.0,26.0,0.0,-14.0,0.0,paper_rcm_log_20260616_110935_960_8218.csv,,Unknown,Task3_Insertion,0.0,0.0,5.402468675040949e-13
0.1898,InsertionSequence,ApproachEntry,0,0.92,0.65,0.0,532.536,529.414,503.186,3.070015,0.0,0.0,58.094,0.0,0.0,-18.0,26.0,0.0,-14.0,0.0,paper_rcm_log_20260616_110935_960_8218.csv,26.88172043010754,Unknown,Task3_Insertion,0.0,2.0097183471152322e-14,1.0068397286112039e-13
0.2363,InsertionSequence,ApproachEntry,0,0.92,0.65,0.0,532.536,529.414,503.186,3.070015,0.0,0.0,58.094,0.0,0.0,-18.0,26.0,0.0,-14.0,0.0,paper_rcm_log_20260616_110935_960_8218.csv,21.505376344086017,Unknown,Task3_Insertion,0.0,1.160311428702309e-14,4.683430759901549e-13
0.274,InsertionSequence,ApproachEntry,0,0.92,0.65,0.0,532.536,529.414,503.186,3.070015,0.0,0.0,58.094,0.0,0.0,-18.0,26.0,0.0,-14.0,0.0,paper_rcm_log_20260616_110935_960_8218.csv,26.525198938992034,Unknown,Task3_Insertion,0.0,2.320622857404618e-14,1.4413691278740185e-12
0.3069,InsertionSequence,ApproachEntry,0,0.92,0.65,0.0,532.536,529.414,503.186,3.070015,0.0,0.0,58.094,0.0,0.0,-18.0,26.0,0.0,-14.0,0.0,paper_rcm_log_20260616_110935_960_8218.csv,30.395136778115514,Unknown,Task3_Insertion,0.0,8.122180000916163e-14,545.1120244263589
0.3474,InsertionSequence,ApproachEntry,0,0.92,0.65,0.0,532.536,529.414,503.186,3.070015,0.0,0.0,58.094,0.0,0.0,-18.0,26.0,0.0,-14.0,0.0,paper_rcm_log_20260616_110935_960_8218.csv,24.691358024691368,Unknown,Task3_Insertion,0.0,49.25393662651168,1165.7770374308627
0.4061,InsertionSequence,ApproachEntry,1,0.6542,0.65,0.0,490.417,477.099,371.44,2.826977,0.0,0.0,50.408,0.0,-0.009,-21.008,35.33,-0.096,-28.31,0.134,paper_rcm_log_20260616_110935_960_8218.csv,17.035775127768304,Unknown,Task3_Insertion,0.0,113.46432940785584,454.3615430423904
0.4673,InsertionSequence,ApproachEntry,1,0.65006,0.65,0.0,439.935,417.136,326.344,2.535774,0.0,0.0,42.428,0.0,-0.021,-22.517,42.591,-0.183,-42.441,0.307,paper_rcm_log_20260616_110935_960_8218.csv,16.339869281045758,Unknown,Task3_Insertion,0.0,98.91503486280776,319.87470280411947
0.5272,InsertionSequence,ApproachEntry,1,0.65,0.65,0.0,387.331,356.104,281.094,2.232404,0.0,0.0,35.023,0.0,-0.035,-22.782,47.498,-0.246,-54.999,0.474,paper_rcm_log_20260616_110935_960_8218.csv,16.694490818030047,Unknown,Task3_Insertion,0.0,83.45249630356717,363.930776162856
0.5572,InsertionSequence,ApproachEntry,1,0.65,0.65,0.0,361.673,326.688,259.132,2.084446,0.0,0.0,31.672,0.0,-0.042,-22.6,49.222,-0.27,-60.564,0.548,paper_rcm_log_20260616_110935_960_8218.csv,33.33333333333331,Unknown,Task3_Insertion,0.0,72.4396914787629,359.49589290064114
0.5904,InsertionSequence,ApproachEntry,1,0.65,0.65,0.0,336.926,298.512,238.018,1.941758,0.0,0.0,28.59,0.0,-0.049,-22.278,50.561,-0.289,-65.656,0.614,paper_rcm_log_20260616_110935_960_8218.csv,30.120481927710838,Unknown,Task3_Insertion,0.0,62.35358517573771,249.54474905258684
0.6229,InsertionSequence,ApproachEntry,1,0.65,0.65,0.0,313.316,271.824,217.946,1.805636,0.0,0.0,25.788,0.0,-0.056,-21.86,51.586,-0.306,-70.296,0.671,paper_rcm_log_20260616_110935_960_8218.csv,30.769230769230795,Unknown,Task3_Insertion,0.0,57.22185717281482,156.92157774885558
0.6552,InsertionSequence,ApproachEntry,1,0.65,0.65,0.0,290.984,246.785,199.048,1.676888,0.0,0.0,23.275,0.0,-0.063,-21.379,52.356,-0.321,-74.516,0.72,paper_rcm_log_20260616_110935_960_8218.csv,30.95975232198143,Unknown,Task3_Insertion,0.0,53.525340848927165,137.9272616770755
0.714,InsertionSequence,ApproachEntry,1,0.65,0.65,0.0,250.417,202.041,165.079,1.443048,0.0,0.0,19.116,0.0,-0.076,-20.321,53.334,-0.343,-81.82,0.797,paper_rcm_log_20260616_110935_960_8218.csv,17.006802721088444,Unknown,Task3_Insertion,0.0,45.55538169577617,150.53964560368996
0.7782,InsertionSequence,ApproachEntry,1,0.65,0.65,0.0,215.349,164.711,136.446,1.240946,0.0,0.0,16.1,0.0,-0.088,-19.242,53.815,-0.36,-87.822,0.852,paper_rcm_log_20260616_110935_960_8218.csv,15.576323987538933,Unknown,Task3_Insertion,0.0,35.762746367534774,111.15237256765991
0.8097,InsertionSequence,ApproachEntry,1,0.65,0.65,0.0,199.79,148.869,124.16,1.151295,0.0,0.0,15.001,0.0,-0.094,-18.719,53.938,-0.367,-90.408,0.873,paper_rcm_log_20260616_110935_960_8218.csv,31.746031746031775,Unknown,Task3_Insertion,0.0,33.10245903785836,66.91496286108664
0.8403,InsertionSequence,ApproachEntry,1,0.65,0.65,0.0,185.47,134.912,113.228,1.068791,0.0,0.0,14.153,0.0,-0.099,-18.213,54.011,-0.373,-92.752,0.89,paper_rcm_log_20260616_110935_960_8218.csv,32.67973856209143,Unknown,Task3_Insertion,0.0,31.836241074876646,57.37052422730824
0.8942,InsertionSequence,ApproachEntry,1,0.65,0.65,0.0,160.257,112.628,95.403,0.923557,0.0,0.0,13.115,0.0,-0.11,-17.268,54.058,-0.384,-96.807,0.918,paper_rcm_log_20260616_110935_960_8218.csv,18.552875695732858,Unknown,Task3_Insertion,0.0,27.486250666047074,121.05820983349406
0.9478,InsertionSequence,ApproachEntry,1,0.65,0.65,0.0,141.067,101.847,85.86,0.820315,0.0,0.0,12.964,0.0,-0.101,-16.533,54.305,-0.456,-99.791,0.81,paper_rcm_log_20260616_110935_960_8218.csv,18.656716417910456,Unknown,Task3_Insertion,0.0,19.874595839539158,122.3788072428668
1.0009,InsertionSequence,ApproachEntry,1,0.65,0.65,0.0,127.631,103.541,85.741,0.747938,0.0,0.0,13.453,0.0,-0.053,-16.057,55.032,-0.647,-101.742,0.441,paper_rcm_log_20260616_110935_960_8218.csv,18.832391713747672,Unknown,Task3_Insertion,0.0,16.668371660399472,45.409521971406846
1.0504,InsertionSequence,ApproachEntry,1,0.65,0.65,0.0,115.09,106.807,87.418,0.678237,0.0,0.0,13.948,0.0,-0.002,-15.586,55.671,-0.821,-103.55,0.088,paper_rcm_log_20260616_110935_960_8218.csv,20.20202020202016,Unknown,Task3_Insertion,0.0,15.698912391505962,25.44205051604719
1.1026,InsertionSequence,ApproachEntry,1,0.65,0.65,0.0,103.159,110.757,90.155,0.610574,0.0,0.0,14.403,0.0,0.045,-15.109,56.193,-0.966,-105.264,-0.219,paper_rcm_log_20260616_110935_960_8218.csv,19.157088122605355,Unknown,Task3_Insertion,0.0,14.421561215246776,31.90550819578861
1.1537,InsertionSequence,ApproachEntry,1,0.65,0.65,0.0,91.782,115.107,93.648,0.544213,0.0,0.0,14.8,0.0,0.086,-14.627,56.606,-1.079,-106.89,-0.464,paper_rcm_log_20260616_110935_960_8218.csv,19.569471624266175,Unknown,Task3_Insertion,0.0,12.832690189373956,26.511007610734172
1.213,InsertionSequence,ApproachEntry,1,0.65,0.65,0.0,80.908,119.35,97.393,0.480034,0.0,0.0,15.114,0.0,0.115,-14.145,56.897,-1.15,-108.432,-0.622,paper_rcm_log_20260616_110935_960_8218.csv,16.8634064080944,Unknown,Task3_Insertion,0.0,12.58724221434686,73.31802586730957
1.2589,InsertionSequence,ApproachEntry,1,0.65,0.65,0.0,70.634,123.321,101.148,0.418921,0.0,0.0,15.343,0.0,0.131,-13.674,57.076,-1.18,-109.868,-0.688,paper_rcm_log_20260616_110935_960_8218.csv,21.78649237472775,Unknown,Task3_Insertion,0.0,7.18729834759992,154.3944458596528
1.291,InsertionSequence,ApproachEntry,1,0.65,0.65,0.0,69.368,126.471,104.566,0.405269,0.0,0.0,15.284,0.0,0.131,-13.442,57.099,-1.17,-110.0,-0.665,paper_rcm_log_20260616_110935_960_8218.csv,31.152647975077866,Unknown,Task3_Insertion,0.0,3.235106854709638,110.01030898751117
1.3237,InsertionSequence,ApproachEntry,1,0.65,0.65,0.0,69.05,129.018,107.628,0.400212,0.0,0.0,15.123,0.0,0.12,-13.199,57.015,-1.128,-110.0,-0.569,paper_rcm_log_20260616_110935_960_8218.csv,30.58103975535152,Unknown,Task3_Insertion,0.0,4.317140328065141,52.529318672150495
1.3744,InsertionSequence,ApproachEntry,1,0.65,0.65,0.0,68.554,132.349,112.195,0.396279,0.0,0.0,14.717,0.0,0.081,-12.689,56.626,-1.003,-110.0,-0.282,paper_rcm_log_20260616_110935_960_8218.csv,19.723865877712043,Unknown,Task3_Insertion,0.0,6.129410215274903,27.62301015236466
1.4233,InsertionSequence,ApproachEntry,1,0.65,0.65,0.0,68.326,135.147,116.046,0.394901,0.0,0.0,14.373,0.0,0.045,-12.165,56.121,-0.891,-110.0,-0.025,paper_rcm_log_20260616_110935_960_8218.csv,20.449897750511273,Unknown,Task3_Insertion,0.0,6.6236284387781845,16.076539915027098
1.4722,InsertionSequence,ApproachEntry,1,0.65,0.65,0.0,68.294,137.825,119.556,0.394675,0.0,0.0,14.117,0.0,0.016,-11.632,55.554,-0.805,-110.0,0.174,paper_rcm_log_20260616_110935_960_8218.csv,20.449897750511273,Unknown,Task3_Insertion,0.0,6.925151704109454,12.85002396785331
1.5204,InsertionSequence,ApproachEntry,1,0.65,0.65,0.0,68.351,140.319,122.732,0.394965,0.0,0.0,13.932,0.0,-0.007,-11.093,54.933,-0.739,-110.0,0.328,paper_rcm_log_20260616_110935_960_8218.csv,20.74688796680497,Unknown,Task3_Insertion,0.0,7.170662316344449,10.499522340006855
1.5696,InsertionSequence,ApproachEntry,1,0.65,0.65,0.0,68.419,142.596,125.588,0.395331,0.0,0.0,13.802,0.0,-0.027,-10.549,54.264,-0.687,-110.0,0.448,paper_rcm_log_20260616_110935_960_8218.csv,20.325203252032466,Unknown,Task3_Insertion,0.0,7.4435082288819565,9.022493890553804
1.6178,InsertionSequence,ApproachEntry,1,0.65,0.65,0.0,68.444,144.642,128.141,0.395461,0.0,0.0,13.718,0.0,-0.042,-10.002,53.553,-0.647,-110.0,0.542,paper_rcm_log_20260616_110935_960_8218.csv,20.746887966805065,Unknown,Task3_Insertion,0.0,7.706589634689908,7.22959784616858
1.6667,InsertionSequence,ApproachEntry,1,0.65,0.65,0.0,68.39,146.455,130.409,0.395143,0.0,0.0,13.673,0.0,-0.056,-9.453,52.806,-0.615,-110.0,0.614,paper_rcm_log_20260616_110935_960_8218.csv,20.449897750511177,Unknown,Task3_Insertion,0.0,7.872782828979946,4.551799169565355
1.7155,InsertionSequence,ApproachEntry,1,0.65,0.65,0.0,68.233,148.038,132.411,0.394239,0.0,0.0,13.659,0.0,-0.067,-8.905,52.028,-0.59,-110.0,0.671,paper_rcm_log_20260616_110935_960_8218.csv,20.491803278688543,Unknown,Task3_Insertion,0.0,7.7995335551024105,3.9111256630738325
1.7677,InsertionSequence,ApproachEntry,1,0.65,0.65,0.0,67.956,149.403,134.166,0.392655,0.0,0.0,13.674,0.0,-0.077,-8.358,51.225,-0.57,-110.0,0.716,paper_rcm_log_20260616_110935_960_8218.csv,19.157088122605355,Unknown,Task3_Insertion,0.0,8.039728742184174,12.98111109461279
1.8155,InsertionSequence,ApproachEntry,1,0.65,0.65,0.0,67.553,150.562,135.691,0.390347,0.0,0.0,13.712,0.0,-0.085,-7.815,50.401,-0.554,-110.0,0.751,paper_rcm_log_20260616_110935_960_8218.csv,20.920502092050278,Unknown,Task3_Insertion,0.0,8.989401950526924,12.920341414142538
1.8585,InsertionSequence,ApproachEntry,1,0.65,0.65,0.0,67.02,151.531,137.004,0.387293,0.0,0.0,13.771,0.0,-0.093,-7.276,49.56,-0.54,-110.0,0.779,paper_rcm_log_20260616_110935_960_8218.csv,23.255813953488293,Unknown,Task3_Insertion,0.0,9.251557373380312,4.755234239135751
1.9041,InsertionSequence,ApproachEntry,1,0.65,0.65,0.0,66.357,152.327,138.123,0.383501,0.0,0.0,13.85,0.0,-0.099,-6.743,48.708,-0.529,-110.0,0.802,paper_rcm_log_20260616_110935_960_8218.csv,21.929824561403574,Unknown,Task3_Insertion,0.0,9.330867870004218,3.848417539886013
1.9468,InsertionSequence,ApproachEntry,1,0.65,0.65,0.0,65.568,152.965,139.064,0.378991,0.0,0.0,13.946,0.0,-0.105,-6.217,47.848,-0.519,-110.0,0.82,paper_rcm_log_20260616_110935_960_8218.csv,23.4192037470725,Unknown,Task3_Insertion,0.0,9.51333192902452,2.363353963458925
1.9906,InsertionSequence,ApproachEntry,1,0.65,0.65,0.0,64.66,153.463,139.843,0.373802,0.0,0.0,14.057,0.0,-0.111,-5.699,46.985,-0.511,-110.0,0.835,paper_rcm_log_20260616_110935_960_8218.csv,22.831050228310588,Unknown,Task3_Insertion,0.0,9.207448352999412,5.0144840958102606
2.0359,InsertionSequence,ApproachEntry,1,0.65,0.65,0.0,63.641,153.839,140.477,0.367977,0.0,0.0,14.183,0.0,-0.117,-5.191,46.122,-0.504,-110.0,0.848,paper_rcm_log_20260616_110935_960_8218.csv,22.07505518763802,Unknown,Task3_Insertion,0.0,9.10376250230805,2.274181125956403
2.0801,InsertionSequence,ApproachEntry,1,0.65,0.65,0.0,62.52,154.108,140.979,0.361574,0.0,0.0,14.321,0.0,-0.122,-4.693,45.262,-0.497,-110.0,0.858,paper_rcm_log_20260616_110935_960_8218.csv,22.624434389140262,Unknown,Task3_Insertion,0.0,9.056581279294445,1.9123168885407251
2.125,InsertionSequence,ApproachEntry,1,0.65,0.65,0.0,61.307,154.287,141.365,0.354649,0.0,0.0,14.471,0.0,-0.126,-4.206,44.409,-0.491,-110.0,0.868,paper_rcm_log_20260616_110935_960_8218.csv,22.27171492204892,Unknown,Task3_Insertion,0.0,8.980105987180599,4.570084521785652
2.1688,InsertionSequence,ApproachEntry,1,0.65,0.65,0.0,60.014,154.389,141.647,0.347265,0.0,0.0,14.63,0.0,-0.131,-3.731,43.565,-0.485,-110.0,0.876,paper_rcm_log_20260616_110935_960_8218.csv,22.83105022831047,Unknown,Task3_Insertion,0.0,8.67069683434657,10.979428372957841
2.2157,InsertionSequence,ApproachEntry,1,0.65,0.65,0.0,58.65,154.428,141.84,0.339485,0.0,0.0,14.798,0.0,-0.136,-3.268,42.733,-0.48,-110.0,0.883,paper_rcm_log_20260616_110935_960_8218.csv,21.32196162046911,Unknown,Task3_Insertion,0.0,7.963098988588773,11.42706199304518
2.2657,InsertionSequence,ApproachEntry,1,0.65,0.65,0.0,57.228,154.418,141.954,0.331375,0.0,0.0,14.973,0.0,-0.14,-2.818,41.916,-0.475,-110.0,0.89,paper_rcm_log_20260616_110935_960_8218.csv,20.00000000000007,Unknown,Task3_Insertion,0.0,7.589627666996015,6.965502969718349
2.315,InsertionSequence,ApproachEntry,1,0.65,0.65,0.0,55.758,154.369,142.001,0.322994,0.0,0.0,15.153,0.0,-0.144,-2.381,41.114,-0.47,-110.0,0.896,paper_rcm_log_20260616_110935_960_8218.csv,20.28397565922916,Unknown,Task3_Insertion,0.0,7.2739619913538816,6.057261515353191
2.3672,InsertionSequence,ApproachEntry,1,0.65,0.65,0.0,54.25,154.291,141.991,0.314404,0.0,0.0,15.338,0.0,-0.148,-1.958,40.33,-0.466,-110.0,0.902,paper_rcm_log_20260616_110935_960_8218.csv,19.157088122605355,Unknown,Task3_Insertion,0.0,6.979914238967524,6.456453538477118
2.4178,InsertionSequence,ApproachEntry,1,0.65,0.65,0.0,52.714,154.193,141.934,0.305662,0.0,0.0,15.527,0.0,-0.152,-1.549,39.566,-0.462,-110.0,0.908,paper_rcm_log_20260616_110935_960_8218.csv,19.762845849802293,Unknown,Task3_Insertion,0.0,6.6143281610347895,8.842869101751363
2.4733,InsertionSequence,ApproachEntry,1,0.65,0.65,0.0,51.16,154.084,141.839,0.296823,0.0,0.0,15.717,0.0,-0.156,-1.153,38.822,-0.457,-110.0,0.914,paper_rcm_log_20260616_110935_960_8218.csv,18.018018018018058,Unknown,Task3_Insertion,0.0,6.025827746676056,6.6561012078260084
2.5304,InsertionSequence,ApproachEntry,1,0.65,0.65,0.0,49.596,153.969,141.713,0.287934,0.0,0.0,15.908,0.0,-0.16,-0.771,38.099,-0.453,-110.0,0.919,paper_rcm_log_20260616_110935_960_8218.csv,17.513134851138307,Unknown,Task3_Insertion,0.0,5.878582687924332,0.6925243447040891
2.5851,InsertionSequence,ApproachEntry,1,0.65,0.65,0.0,48.03,153.855,141.563,0.279046,0.0,0.0,16.1,0.0,-0.164,-0.403,37.398,-0.45,-110.0,0.924,paper_rcm_log_20260616_110935_960_8218.csv,18.281535648994524,Unknown,Task3_Insertion,0.0,5.946511490007654,0.2522006441669738
2.6373,InsertionSequence,ApproachEntry,1,0.65,0.65,0.0,46.47,153.746,141.395,0.270197,0.0,0.0,16.29,0.0,-0.168,-0.049,36.72,-0.446,-110.0,0.93,paper_rcm_log_20260616_110935_960_8218.csv,19.157088122605355,Unknown,Task3_Insertion,0.0,5.887756144134707,2.417982807461082
2.6894,InsertionSequence,ApproachEntry,1,0.65,0.65,0.0,44.921,153.645,141.215,0.261423,0.0,0.0,16.479,0.0,-0.171,0.292,36.064,-0.443,-110.0,0.935,paper_rcm_log_20260616_110935_960_8218.csv,19.193857965451123,Unknown,Task3_Insertion,0.0,5.6954284658644685,4.9560768112626095
2.7414,InsertionSequence,ApproachEntry,1,0.65,0.65,0.0,43.39,153.555,141.026,0.25276,0.0,0.0,16.665,0.0,-0.175,0.62,35.431,-0.439,-110.0,0.94,paper_rcm_log_20260616_110935_960_8218.csv,19.230769230769212,Unknown,Task3_Insertion,0.0,5.372328966102293,4.231310927078853
2.7959,InsertionSequence,ApproachEntry,1,0.65,0.65,0.0,41.881,153.479,140.835,0.244233,0.0,0.0,16.849,0.0,-0.179,0.935,34.822,-0.436,-110.0,0.946,paper_rcm_log_20260616_110935_960_8218.csv,18.348623853211013,Unknown,Task3_Insertion,0.0,5.255368345163197,9.697034324932014
2.8461,InsertionSequence,ApproachEntry,1,0.65,0.65,0.0,40.399,153.418,140.642,0.235868,0.0,0.0,17.029,0.0,-0.182,1.236,34.235,-0.433,-110.0,0.951,paper_rcm_log_20260616_110935_960_8218.csv,19.92031872509968,Unknown,Task3_Insertion,0.0,4.419592055760569,14.3435320147247
2.9634,InsertionSequence,ApproachEntry,1,0.65,0.65,0.0,38.946,153.373,140.452,0.227687,0.0,0.0,17.205,0.0,-0.186,1.526,33.67,-0.43,-110.0,0.956,paper_rcm_log_20260616_110935_960_8218.csv,8.525149190110813,Unknown,Task3_Insertion,0.0,3.3691422395819397,10.163107953451961
3.0258,InsertionSequence,ApproachEntry,1,0.65,0.65,0.0,37.527,153.344,140.267,0.219706,0.0,0.0,17.376,0.0,-0.189,1.804,33.128,-0.427,-110.0,0.962,paper_rcm_log_20260616_110935_960_8218.csv,16.02564102564108,Unknown,Task3_Insertion,0.0,4.637921763967445,1.06135432420605
3.0724,InsertionSequence,ApproachEntry,1,0.65,0.65,0.0,36.143,153.331,140.087,0.211939,0.0,0.0,17.543,0.0,-0.193,2.07,32.607,-0.425,-110.0,0.967,paper_rcm_log_20260616_110935_960_8218.csv,21.45922746781107,Unknown,Task3_Insertion,0.0,4.016428349260119,13.999482683949397
3.1092,InsertionSequence,ApproachEntry,1,0.65,0.65,0.0,35.465,153.331,140.001,0.208139,0.0,0.0,17.625,0.0,-0.195,2.199,32.355,-0.424,-110.0,0.97,paper_rcm_log_20260616_110935_960_8218.csv,27.1739130434783,Unknown,Task3_Insertion,0.0,3.4820561386129913,5.426402119429743
3.1393,InsertionSequence,ApproachEntry,1,0.65,0.65,0.0,34.797,153.334,139.916,0.204397,0.0,0.0,17.706,0.0,-0.196,2.325,32.108,-0.422,-110.0,0.973,paper_rcm_log_20260616_110935_960_8218.csv,33.22259136212623,Unknown,Task3_Insertion,0.0,4.136315092027527,16.527124090630217
3.1858,InsertionSequence,ApproachEntry,1,0.65,0.65,0.0,33.489,153.353,139.753,0.197087,0.0,0.0,17.863,0.0,-0.2,2.568,31.629,-0.42,-110.0,0.978,paper_rcm_log_20260616_110935_960_8218.csv,21.505376344086027,Unknown,Task3_Insertion,0.0,4.530533916542364,2.1665145532994416
3.2343,InsertionSequence,ApproachEntry,1,0.65,0.65,0.0,32.221,153.387,139.6,0.190017,0.0,0.0,18.015,0.0,-0.203,2.802,31.17,-0.418,-110.0,0.984,paper_rcm_log_20260616_110935_960_8218.csv,20.61855670103084,Unknown,Task3_Insertion,0.0,4.316046823327324,3.0074216805872225
3.2811,InsertionSequence,ApproachEntry,1,0.65,0.65,0.0,30.993,153.435,139.458,0.183189,0.0,0.0,18.162,0.0,-0.206,3.025,30.731,-0.416,-110.0,0.99,paper_rcm_log_20260616_110935_960_8218.csv,21.36752136752149,Unknown,Task3_Insertion,0.0,4.239351191001967,3.896783496147326
3.3271,InsertionSequence,ApproachEntry,1,0.65,0.65,0.0,29.806,153.496,139.326,0.176608,0.0,0.0,18.303,0.0,-0.21,3.239,30.311,-0.414,-110.0,0.996,paper_rcm_log_20260616_110935_960_8218.csv,21.739130434782485,Unknown,Task3_Insertion,0.0,3.95808641659751,4.601816825218585
3.3767,InsertionSequence,ApproachEntry,1,0.65,0.65,0.0,28.659,153.569,139.204,0.17027,0.0,0.0,18.44,0.0,-0.213,3.444,29.909,-0.412,-110.0,1.001,paper_rcm_log_20260616_110935_960_8218.csv,20.1612903225807,Unknown,Task3_Insertion,0.0,3.810743750831552,3.6389087197173637
3.4219,InsertionSequence,ApproachEntry,1,0.65,0.65,0.0,27.554,153.654,139.093,0.164177,0.0,0.0,18.571,0.0,-0.216,3.639,29.524,-0.41,-110.0,1.007,paper_rcm_log_20260616_110935_960_8218.csv,22.12389380530978,Unknown,Task3_Insertion,0.0,3.618890792428152,5.0935679368371956
3.4728,InsertionSequence,ApproachEntry,1,0.65,0.65,0.0,26.488,153.749,138.992,0.158324,0.0,0.0,18.697,0.0,-0.219,3.826,29.157,-0.409,-110.0,1.013,paper_rcm_log_20260616_110935_960_8218.csv,19.646365422396876,Unknown,Task3_Insertion,0.0,3.3110710974073783,3.6220681313262024
3.5214,InsertionSequence,ApproachEntry,1,0.65,0.65,0.0,25.461,153.852,138.902,0.152711,0.0,0.0,18.818,0.0,-0.222,4.005,28.805,-0.407,-110.0,1.019,paper_rcm_log_20260616_110935_960_8218.csv,20.576131687242807,Unknown,Task3_Insertion,0.0,3.2477381714234923,1.6027615682034062
3.5699,InsertionSequence,ApproachEntry,1,0.65,0.65,0.0,24.474,153.964,138.822,0.147332,0.0,0.0,18.935,0.0,-0.226,4.177,28.469,-0.406,-110.0,1.025,paper_rcm_log_20260616_110935_960_8218.csv,20.61855670103084,Unknown,Task3_Insertion,0.0,3.1557550576580553,2.6361947329590474
3.6168,InsertionSequence,ApproachEntry,1,0.65,0.65,0.0,23.524,154.082,138.75,0.142182,0.0,0.0,19.046,0.0,-0.229,4.34,28.148,-0.405,-110.0,1.031,paper_rcm_log_20260616_110935_960_8218.csv,21.32196162046911,Unknown,Task3_Insertion,0.0,2.9986288892446127,4.20031261720689
3.6661,InsertionSequence,ApproachEntry,1,0.65,0.65,0.0,22.611,154.207,138.688,0.137255,0.0,0.0,19.153,0.0,-0.232,4.497,27.841,-0.403,-110.0,1.037,paper_rcm_log_20260616_110935_960_8218.csv,20.28397565922916,Unknown,Task3_Insertion,0.0,2.7475897791888717,8.738306526460647
3.7171,InsertionSequence,ApproachEntry,1,0.65,0.65,0.0,21.734,154.337,138.635,0.132547,0.0,0.0,19.255,0.0,-0.235,4.647,27.548,-0.402,-110.0,1.043,paper_rcm_log_20260616_110935_960_8218.csv,19.607843137255013,Unknown,Task3_Insertion,0.0,2.109599353148801,5.080033996792416
3.7549,InsertionSequence,ApproachEntry,1,0.65,0.65,0.0,21.309,154.404,138.611,0.130273,0.0,0.0,19.305,0.0,-0.236,4.719,27.406,-0.402,-110.0,1.046,paper_rcm_log_20260616_110935_960_8218.csv,26.45502645502626,Unknown,Task3_Insertion,0.0,2.1257520236916423,4.020426179879183
3.8026,InsertionSequence,ApproachEntry,1,0.65,0.65,0.0,20.484,154.54,138.569,0.125881,0.0,0.0,19.401,0.0,-0.239,4.86,27.132,-0.401,-110.0,1.052,paper_rcm_log_20260616_110935_960_8218.csv,20.96436058700216,Unknown,Task3_Insertion,0.0,2.5335717846638452,2.8769791925617296
3.852,InsertionSequence,ApproachEntry,1,0.65,0.65,0.0,19.692,154.679,138.535,0.121691,0.0,0.0,19.492,0.0,-0.242,4.994,26.871,-0.4,-110.0,1.059,paper_rcm_log_20260616_110935_960_8218.csv,20.24291497975713,Unknown,Task3_Insertion,0.0,2.385265353461752,2.3971135769098524
3.9009,InsertionSequence,ApproachEntry,1,0.65,0.65,0.0,18.933,154.821,138.507,0.117698,0.0,0.0,19.58,0.0,-0.245,5.122,26.621,-0.399,-110.0,1.065,paper_rcm_log_20260616_110935_960_8218.csv,20.449897750511177,Unknown,Task3_Insertion,0.0,2.29737788649952,1.4978269685367005
3.9497,InsertionSequence,ApproachEntry,1,0.65,0.65,0.0,18.204,154.965,138.485,0.113894,0.0,0.0,19.664,0.0,-0.248,5.245,26.382,-0.399,-110.0,1.071,paper_rcm_log_20260616_110935_960_8218.csv,20.491803278688543,Unknown,Task3_Insertion,0.0,2.238984953822603,0.9907867858926959
3.9969,InsertionSequence,ApproachEntry,1,0.65,0.65,0.0,17.505,155.11,138.47,0.110272,0.0,0.0,19.744,0.0,-0.251,5.363,26.153,-0.398,-110.0,1.077,paper_rcm_log_20260616_110935_960_8218.csv,21.186440677966043,Unknown,Task3_Insertion,0.0,2.2022388401871993,6.025548371931414
4.0429,InsertionSequence,ApproachEntry,1,0.65,0.65,0.0,16.835,155.256,138.459,0.106826,0.0,0.0,19.82,0.0,-0.254,5.475,25.935,-0.397,-110.0,1.084,paper_rcm_log_20260616_110935_960_8218.csv,21.739130434782485,Unknown,Task3_Insertion,0.0,1.6899227504097976,6.241181805237844
4.0807,InsertionSequence,ApproachEntry,1,0.65,0.65,0.0,16.511,155.328,138.456,0.105167,0.0,0.0,19.857,0.0,-0.256,5.53,25.829,-0.397,-110.0,1.087,paper_rcm_log_20260616_110935_960_8218.csv,26.455026455026573,Unknown,Task3_Insertion,0.0,1.6061597794177576,0.2402676322861481
4.1276,InsertionSequence,ApproachEntry,1,0.65,0.65,0.0,15.882,155.474,138.453,0.101975,0.0,0.0,19.928,0.0,-0.259,5.635,25.625,-0.397,-110.0,1.093,paper_rcm_log_20260616_110935_960_8218.csv,21.32196162046911,Unknown,Task3_Insertion,0.0,1.7598354064844592,0.7069543181324414
4.1897,InsertionSequence,ApproachEntry,1,0.65,0.65,0.0,15.279,155.62,138.454,0.09894,0.0,0.0,19.997,0.0,-0.261,5.736,25.43,-0.396,-110.0,1.1,paper_rcm_log_20260616_110935_960_8218.csv,16.10305958132044,Unknown,Task3_Insertion,0.0,1.5915306965703269,3.6804216168961084
4.24,InsertionSequence,ApproachEntry,1,0.65,0.65,0.0,14.701,155.764,138.459,0.096061,0.0,0.0,20.062,0.0,-0.264,5.833,25.243,-0.396,-110.0,1.106,paper_rcm_log_20260616_110935_960_8218.csv,19.880715705765404,Unknown,Task3_Insertion,0.0,1.3670823862843084,2.5636386523211687
4.2773,InsertionSequence,ApproachEntry,1,0.65,0.65,0.0,14.421,155.836,138.463,0.094676,0.0,0.0,20.093,0.0,-0.266,5.88,25.153,-0.396,-110.0,1.11,paper_rcm_log_20260616_110935_960_8218.csv,26.809651474530753,Unknown,Task3_Insertion,0.0,1.3241090916543723,0.8642527545206637
4.3271,InsertionSequence,ApproachEntry,1,0.65,0.65,0.0,13.879,155.979,138.473,0.092015,0.0,0.0,20.154,0.0,-0.269,5.97,24.979,-0.396,-110.0,1.116,paper_rcm_log_20260616_110935_960_8218.csv,20.080321285140805,Unknown,Task3_Insertion,0.0,1.300403489074029,0.7202760795629366
4.3634,InsertionSequence,ApproachEntry,1,0.65,0.65,0.0,13.616,156.05,138.479,0.090737,0.0,0.0,20.183,0.0,-0.27,6.014,24.894,-0.396,-110.0,1.119,paper_rcm_log_20260616_110935_960_8218.csv,27.54820936639068,Unknown,Task3_Insertion,0.0,1.267922662262097,0.7499981103829515
4.4126,InsertionSequence,ApproachEntry,1,0.65,0.65,0.0,13.107,156.19,138.493,0.088282,0.0,0.0,20.24,0.0,-0.273,6.099,24.731,-0.396,-110.0,1.126,paper_rcm_log_20260616_110935_960_8218.csv,20.32520325203256,Unknown,Task3_Insertion,0.0,1.2419872479654483,0.8329050909438942
4.4478,InsertionSequence,ApproachEntry,1,0.65,0.65,0.0,12.861,156.26,138.501,0.087102,0.0,0.0,20.267,0.0,-0.274,6.141,24.652,-0.396,-110.0,1.129,paper_rcm_log_20260616_110935_960_8218.csv,28.40909090909117,Unknown,Task3_Insertion,0.0,1.3054526155919668,3.873543462204875
4.4909,InsertionSequence,ApproachEntry,1,0.65,0.65,0.0,12.383,156.397,138.519,0.084838,0.0,0.0,20.32,0.0,-0.277,6.22,24.499,-0.396,-110.0,1.136,paper_rcm_log_20260616_110935_960_8218.csv,23.201856148491924,Unknown,Task3_Insertion,0.0,1.5815223943580161,2.8456935011650546
4.535,InsertionSequence,ApproachEntry,1,0.65,0.65,0.0,11.925,156.532,138.539,0.082697,0.0,0.0,20.37,0.0,-0.28,6.297,24.353,-0.396,-110.0,1.142,paper_rcm_log_20260616_110935_960_8218.csv,22.67573696145112,Unknown,Task3_Insertion,0.0,1.5463535514513724,0.8120909999325427
4.5763,InsertionSequence,ApproachEntry,1,0.65,0.65,0.0,11.486,156.665,138.561,0.08067,0.0,0.0,20.419,0.0,-0.282,6.37,24.213,-0.396,-110.0,1.149,paper_rcm_log_20260616_110935_960_8218.csv,24.21307506053288,Unknown,Task3_Insertion,0.0,1.5126160159053847,1.658984341042034
4.6187,InsertionSequence,ApproachEntry,1,0.65,0.65,0.0,11.065,156.796,138.584,0.078755,0.0,0.0,20.465,0.0,-0.285,6.441,24.079,-0.396,-110.0,1.155,paper_rcm_log_20260616_110935_960_8218.csv,23.584905660377487,Unknown,Task3_Insertion,0.0,1.4059244184193516,2.0744858205346457
4.6625,InsertionSequence,ApproachEntry,1,0.65,0.65,0.0,10.662,156.923,138.609,0.076945,0.0,0.0,20.508,0.0,-0.288,6.508,23.951,-0.396,-110.0,1.162,paper_rcm_log_20260616_110935_960_8218.csv,22.83105022831047,Unknown,Task3_Insertion,0.0,1.3355147433537002,2.4760239633212007
4.7055,InsertionSequence,ApproachEntry,1,0.65,0.65,0.0,10.275,157.049,138.635,0.075236,0.0,0.0,20.55,0.0,-0.291,6.573,23.828,-0.396,-110.0,1.169,paper_rcm_log_20260616_110935_960_8218.csv,23.255813953488293,Unknown,Task3_Insertion,0.0,1.5895191795490233,16.201128563364648
4.7491,InsertionSequence,InsertToTarget,1,0.99513,0.99191,0.02007,9.686,157.124,9.528,0.162571,0.0,0.0,20.602,0.0,-0.299,6.659,23.651,-0.393,-110.0,1.198,paper_rcm_log_20260616_110935_960_8218.csv,22.935779816513485,Unknown,Task3_Insertion,0.0,2.603808676501288,21.072815191384226
4.7963,InsertionSequence,InsertToTarget,1,0.97573,0.96131,0.09598,8.25,155.554,9.485,0.178429,0.0,0.0,20.75,0.0,-0.329,6.708,23.279,-0.356,-110.0,1.342,paper_rcm_log_20260616_110935_960_8218.csv,21.18644067796644,Unknown,Task3_Insertion,0.0,3.0540264081498654,14.756523790158447
4.8434,InsertionSequence,InsertToTarget,1,0.96937,0.95611,0.10887,8.385,153.393,7.891,0.169168,0.0,0.0,20.918,0.0,-0.355,6.658,23.004,-0.327,-109.997,1.466,paper_rcm_log_20260616_110935_960_8218.csv,21.23142250530769,Unknown,Task3_Insertion,0.0,2.285545600483992,21.967053416601757
4.8892,InsertionSequence,InsertToTarget,1,0.96364,0.9508,0.12205,10.068,151.244,7.234,0.166293,0.0,0.0,20.998,0.0,-0.376,6.57,22.837,-0.313,-109.918,1.56,paper_rcm_log_20260616_110935_960_8218.csv,21.834061135371254,Unknown,Task3_Insertion,0.0,2.012260252150222,15.754545506056237
4.9338,InsertionSequence,InsertToTarget,1,0.95792,0.94527,0.13577,12.22,149.027,7.137,0.165763,0.0,0.0,21.014,0.0,-0.396,6.466,22.72,-0.306,-109.78,1.644,paper_rcm_log_20260616_110935_960_8218.csv,22.421524663677143,Unknown,Task3_Insertion,0.0,2.017933855111173,7.792978745355692
4.9819,InsertionSequence,InsertToTarget,1,0.95223,0.93966,0.14968,14.468,146.786,7.261,0.165965,0.0,0.0,20.999,0.0,-0.416,6.356,22.627,-0.3,-109.618,1.726,paper_rcm_log_20260616_110935_960_8218.csv,20.79002079002049,Unknown,Task3_Insertion,0.0,2.0035766788806586,3.224563615401536
5.0296,InsertionSequence,InsertToTarget,1,0.94659,0.93405,0.16359,16.731,144.545,7.485,0.16648,0.0,0.0,20.97,0.0,-0.436,6.242,22.544,-0.295,-109.446,1.807,paper_rcm_log_20260616_110935_960_8218.csv,20.96436058700216,Unknown,Task3_Insertion,0.0,2.017059546395571,1.5553342326826987
5.0782,InsertionSequence,InsertToTarget,1,0.941,0.92847,0.17745,18.987,142.314,7.759,0.167174,0.0,0.0,20.933,0.0,-0.456,6.128,22.468,-0.29,-109.27,1.888,paper_rcm_log_20260616_110935_960_8218.csv,20.576131687242995,Unknown,Task3_Insertion,0.0,2.05471989790111,1.3741683301015446
5.1244,InsertionSequence,InsertToTarget,1,0.93545,0.92292,0.1912,21.229,140.1,8.06,0.167996,0.0,0.0,20.893,0.0,-0.476,6.014,22.395,-0.285,-109.093,1.97,paper_rcm_log_20260616_110935_960_8218.csv,21.64502164502174,Unknown,Task3_Insertion,0.0,2.1189638242936297,0.6457138179634415
5.1698,InsertionSequence,InsertToTarget,1,0.92996,0.91742,0.20486,23.454,137.904,8.377,0.168923,0.0,0.0,20.851,0.0,-0.496,5.9,22.326,-0.281,-108.917,2.054,paper_rcm_log_20260616_110935_960_8218.csv,22.0264317180613,Unknown,Task3_Insertion,0.0,2.077767617942532,1.1122932573909523
5.2175,InsertionSequence,InsertToTarget,1,0.92451,0.91196,0.2184,25.661,135.727,8.704,0.169939,0.0,0.0,20.807,0.0,-0.517,5.786,22.258,-0.277,-108.742,2.138,paper_rcm_log_20260616_110935_960_8218.csv,20.96436058700216,Unknown,Task3_Insertion,0.0,2.024635211493479,0.8366907771001945
5.265,InsertionSequence,InsertToTarget,1,0.9191,0.90655,0.23183,27.851,133.569,9.037,0.171036,0.0,0.0,20.762,0.0,-0.538,5.672,22.193,-0.273,-108.567,2.224,paper_rcm_log_20260616_110935_960_8218.csv,21.05263157894762,Unknown,Task3_Insertion,0.0,2.010261459769355,0.45484802782372524
5.3127,InsertionSequence,InsertToTarget,1,0.91374,0.90118,0.24514,30.022,131.43,9.375,0.172206,0.0,0.0,20.715,0.0,-0.559,5.559,22.13,-0.269,-108.395,2.31,paper_rcm_log_20260616_110935_960_8218.csv,20.96436058700177,Unknown,Task3_Insertion,0.0,2.0211842337237464,0.5754186496933509
5.3592,InsertionSequence,InsertToTarget,1,0.90843,0.89586,0.25835,32.175,129.31,9.715,0.173443,0.0,0.0,20.667,0.0,-0.58,5.445,22.069,-0.265,-108.223,2.398,paper_rcm_log_20260616_110935_960_8218.csv,21.505376344086027,Unknown,Task3_Insertion,0.0,2.032766245336893,1.181543880099887
5.4061,InsertionSequence,InsertToTarget,1,0.90316,0.89057,0.27145,34.311,127.208,10.058,0.17474,0.0,0.0,20.618,0.0,-0.602,5.332,22.011,-0.261,-108.053,2.488,paper_rcm_log_20260616_110935_960_8218.csv,21.32196162046911,Unknown,Task3_Insertion,0.0,1.9246829100964307,1.9435225599008439
5.4577,InsertionSequence,InsertToTarget,1,0.89793,0.88534,0.28445,36.43,125.123,10.402,0.176094,0.0,0.0,20.567,0.0,-0.625,5.218,21.955,-0.258,-107.885,2.579,paper_rcm_log_20260616_110935_960_8218.csv,19.379844961240444,Unknown,Task3_Insertion,0.0,1.8530798129227368,0.7093607208823822
5.5074,InsertionSequence,InsertToTarget,1,0.89275,0.88014,0.29734,38.532,123.056,10.746,0.177497,0.0,0.0,20.515,0.0,-0.647,5.105,21.902,-0.255,-107.718,2.671,paper_rcm_log_20260616_110935_960_8218.csv,20.120724346076607,Unknown,Task3_Insertion,0.0,1.8686445698007252,0.5058920010423791
5.5578,InsertionSequence,InsertToTarget,1,0.8876,0.87498,0.31014,40.618,121.006,11.09,0.178946,0.0,0.0,20.462,0.0,-0.67,4.991,21.851,-0.252,-107.552,2.765,paper_rcm_log_20260616_110935_960_8218.csv,19.84126984126958,Unknown,Task3_Insertion,0.0,1.8555272168120969,0.9487621775824886
5.6079,InsertionSequence,InsertToTarget,1,0.88249,0.86986,0.32284,42.688,118.972,11.434,0.180436,0.0,0.0,20.408,0.0,-0.694,4.877,21.803,-0.249,-107.388,2.86,paper_rcm_log_20260616_110935_960_8218.csv,19.960079840319526,Unknown,Task3_Insertion,0.0,1.7916561672006632,0.8146107721577066
5.6615,InsertionSequence,InsertToTarget,1,0.87742,0.86478,0.33545,44.742,116.955,11.777,0.181963,0.0,0.0,20.352,0.0,-0.718,4.763,21.758,-0.247,-107.226,2.957,paper_rcm_log_20260616_110935_960_8218.csv,18.65671641791034,Unknown,Task3_Insertion,0.0,1.7991951105668516,0.8757912964751892
5.7112,InsertionSequence,InsertToTarget,1,0.87239,0.85973,0.34797,46.781,114.953,12.119,0.183521,0.0,0.0,20.295,0.0,-0.743,4.648,21.715,-0.244,-107.064,3.056,paper_rcm_log_20260616_110935_960_8218.csv,20.120724346076607,Unknown,Task3_Insertion,0.0,1.8585527924167096,0.9271969220120836
5.7612,InsertionSequence,InsertToTarget,1,0.86739,0.85472,0.3604,48.805,112.966,12.459,0.185107,0.0,0.0,20.236,0.0,-0.768,4.533,21.675,-0.242,-106.904,3.157,paper_rcm_log_20260616_110935_960_8218.csv,20.00000000000007,Unknown,Task3_Insertion,0.0,1.8711597851673105,4.893194784851361
5.8097,InsertionSequence,InsertToTarget,1,0.86243,0.84974,0.37274,50.815,110.994,12.797,0.186718,0.0,0.0,20.177,0.0,-0.793,4.418,21.638,-0.241,-106.746,3.259,paper_rcm_log_20260616_110935_960_8218.csv,20.61855670103065,Unknown,Task3_Insertion,0.0,1.3935169030877492,6.51130994935762
5.8868,InsertionSequence,InsertToTarget,1,0.85996,0.84727,0.37888,51.814,110.013,12.966,0.187531,0.0,0.0,20.146,0.0,-0.806,4.36,21.62,-0.24,-106.667,3.311,paper_rcm_log_20260616_110935_960_8218.csv,12.970168612192005,Unknown,Task3_Insertion,0.0,1.3027461952469712,5.229970996150502
5.9386,InsertionSequence,InsertToTarget,1,0.85505,0.84234,0.3911,53.804,108.063,13.301,0.189171,0.0,0.0,20.084,0.0,-0.832,4.243,21.588,-0.238,-106.511,3.416,paper_rcm_log_20260616_110935_960_8218.csv,19.30501930501928,Unknown,Task3_Insertion,0.0,1.7953086561230058,5.79838687354346
5.9893,InsertionSequence,InsertToTarget,1,0.85017,0.83745,0.40325,55.78,106.126,13.633,0.190826,0.0,0.0,20.021,0.0,-0.859,4.126,21.558,-0.237,-106.356,3.523,paper_rcm_log_20260616_110935_960_8218.csv,19.723865877712043,Unknown,Task3_Insertion,0.0,1.9035871551952273,2.746873758521972
6.0356,InsertionSequence,InsertToTarget,1,0.84531,0.83258,0.41531,57.743,104.202,13.963,0.192493,0.0,0.0,19.956,0.0,-0.886,4.008,21.531,-0.236,-106.203,3.632,paper_rcm_log_20260616_110935_960_8218.csv,21.598272138229145,Unknown,Task3_Insertion,0.0,2.0479110315253726,1.9553945266638988
6.0793,InsertionSequence,InsertToTarget,1,0.84049,0.82775,0.42731,59.693,102.291,14.289,0.194171,0.0,0.0,19.891,0.0,-0.914,3.889,21.508,-0.236,-106.051,3.743,paper_rcm_log_20260616_110935_960_8218.csv,22.883295194507856,Unknown,Task3_Insertion,0.0,2.0721402157700424,0.9131499280290097
6.1245,InsertionSequence,InsertToTarget,1,0.8357,0.82294,0.43923,61.632,100.393,14.613,0.195854,0.0,0.0,19.823,0.0,-0.943,3.77,21.487,-0.235,-105.9,3.855,paper_rcm_log_20260616_110935_960_8218.csv,22.123893805309564,Unknown,Task3_Insertion,0.0,2.0898599513029863,1.0771882271107798
6.1676,InsertionSequence,InsertToTarget,1,0.83094,0.81816,0.45108,63.559,98.506,14.934,0.197542,0.0,0.0,19.755,0.0,-0.971,3.649,21.47,-0.235,-105.751,3.97,paper_rcm_log_20260616_110935_960_8218.csv,23.201856148491924,Unknown,Task3_Insertion,0.0,2.1245431200880525,0.8888686425495415
6.2114,InsertionSequence,InsertToTarget,1,0.8262,0.81341,0.46287,65.476,96.631,15.252,0.199231,0.0,0.0,19.685,0.0,-1.001,3.528,21.456,-0.235,-105.603,4.086,paper_rcm_log_20260616_110935_960_8218.csv,22.83105022831047,Unknown,Task3_Insertion,0.0,2.1033035662299877,0.905907105513286
6.2557,InsertionSequence,InsertToTarget,1,0.82149,0.80868,0.4746,67.381,94.768,15.566,0.200919,0.0,0.0,19.613,0.0,-1.031,3.405,21.445,-0.235,-105.456,4.205,paper_rcm_log_20260616_110935_960_8218.csv,22.573363431151353,Unknown,Task3_Insertion,0.0,2.1050785195350326,0.8853058733254593
6.2996,InsertionSequence,InsertToTarget,1,0.8168,0.80398,0.48627,69.276,92.915,15.877,0.202604,0.0,0.0,19.54,0.0,-1.061,3.282,21.438,-0.236,-105.311,4.325,paper_rcm_log_20260616_110935_960_8218.csv,22.77904328018232,Unknown,Task3_Insertion,0.0,2.1016952947572776,0.9343014576179284
6.3443,InsertionSequence,InsertToTarget,1,0.81213,0.7993,0.49788,71.161,91.073,16.185,0.204285,0.0,0.0,19.466,0.0,-1.092,3.157,21.434,-0.237,-105.166,4.447,paper_rcm_log_20260616_110935_960_8218.csv,22.37136465324398,Unknown,Task3_Insertion,0.0,2.1388044046898798,1.0601805041731864
6.3871,InsertionSequence,InsertToTarget,1,0.80749,0.79464,0.50943,73.037,89.24,16.489,0.205958,0.0,0.0,19.391,0.0,-1.123,3.031,21.433,-0.237,-105.024,4.571,paper_rcm_log_20260616_110935_960_8218.csv,23.364485981308075,Unknown,Task3_Insertion,0.0,2.1524109062529644,0.9644276606178389
6.4315,InsertionSequence,InsertToTarget,1,0.80286,0.79,0.52094,74.904,87.418,16.79,0.207622,0.0,0.0,19.314,0.0,-1.155,2.904,21.436,-0.239,-104.882,4.697,paper_rcm_log_20260616_110935_960_8218.csv,22.52252252252275,Unknown,Task3_Insertion,0.0,2.1263118174878244,0.9285622231483136
6.4759,InsertionSequence,InsertToTarget,1,0.79826,0.78539,0.53239,76.762,85.605,17.086,0.209277,0.0,0.0,19.236,0.0,-1.188,2.775,21.443,-0.24,-104.742,4.825,paper_rcm_log_20260616_110935_960_8218.csv,22.5225225225223,Unknown,Task3_Insertion,0.0,2.1365553872944676,1.0223774884691006
6.5203,InsertionSequence,InsertToTarget,1,0.79368,0.78079,0.54379,78.612,83.801,17.379,0.21092,0.0,0.0,19.157,0.0,-1.22,2.645,21.452,-0.242,-104.603,4.955,paper_rcm_log_20260616_110935_960_8218.csv,22.52252252252275,Unknown,Task3_Insertion,0.0,2.0681830175393627,1.6405367990018622
6.5683,InsertionSequence,InsertToTarget,1,0.78911,0.77621,0.55516,80.455,82.005,17.669,0.212549,0.0,0.0,19.077,0.0,-1.254,2.514,21.466,-0.243,-104.465,5.086,paper_rcm_log_20260616_110935_960_8218.csv,20.833333333333314,Unknown,Task3_Insertion,0.0,2.005283137087403,0.9006488439236525
6.6159,InsertionSequence,InsertToTarget,1,0.78456,0.77165,0.56647,82.289,80.218,17.954,0.214164,0.0,0.0,18.995,0.0,-1.287,2.381,21.483,-0.245,-104.328,5.219,paper_rcm_log_20260616_110935_960_8218.csv,21.0084033613445,Unknown,Task3_Insertion,0.0,2.0286395590985653,0.8873736957997267
6.6636,InsertionSequence,InsertToTarget,1,0.78003,0.7671,0.57775,84.117,78.439,18.236,0.215764,0.0,0.0,18.912,0.0,-1.322,2.246,21.504,-0.247,-104.192,5.354,paper_rcm_log_20260616_110935_960_8218.csv,20.96436058700216,Unknown,Task3_Insertion,0.0,2.0481230372950026,1.0706121605776282
6.7109,InsertionSequence,InsertToTarget,1,0.77552,0.76257,0.58899,85.939,76.668,18.513,0.217347,0.0,0.0,18.828,0.0,-1.356,2.11,21.528,-0.249,-104.058,5.491,paper_rcm_log_20260616_110935_960_8218.csv,21.141649048625837,Unknown,Task3_Insertion,0.0,2.093086675491286,0.9396215100618515
6.7572,InsertionSequence,InsertToTarget,1,0.77101,0.75805,0.60019,87.754,74.904,18.787,0.218912,0.0,0.0,18.742,0.0,-1.391,1.972,21.557,-0.252,-103.925,5.63,paper_rcm_log_20260616_110935_960_8218.csv,21.59827213822873,Unknown,Task3_Insertion,0.0,2.094064217665759,0.930692163880104
6.8054,InsertionSequence,InsertToTarget,1,0.76652,0.75355,0.61136,89.563,73.147,19.058,0.220458,0.0,0.0,18.656,0.0,-1.427,1.832,21.589,-0.254,-103.792,5.77,paper_rcm_log_20260616_110935_960_8218.csv,20.74688796680516,Unknown,Task3_Insertion,0.0,2.034858642981731,0.7533314870812116
6.855,InsertionSequence,InsertToTarget,1,0.76204,0.74906,0.6225,91.366,71.397,19.324,0.221984,0.0,0.0,18.568,0.0,-1.463,1.691,21.625,-0.257,-103.661,5.911,paper_rcm_log_20260616_110935_960_8218.csv,20.16129032258034,Unknown,Task3_Insertion,0.0,2.1031606878011377,1.4599715118092367
6.9009,InsertionSequence,InsertToTarget,1,0.75758,0.74458,0.63362,93.165,69.654,19.586,0.22349,0.0,0.0,18.479,0.0,-1.499,1.548,21.665,-0.259,-103.531,6.054,paper_rcm_log_20260616_110935_960_8218.csv,21.786492374727857,Unknown,Task3_Insertion,0.0,2.1528943108227927,0.9821570955769373
6.9491,InsertionSequence,InsertToTarget,1,0.75312,0.74011,0.6447,94.959,67.917,19.844,0.224975,0.0,0.0,18.389,0.0,-1.535,1.402,21.709,-0.262,-103.402,6.199,paper_rcm_log_20260616_110935_960_8218.csv,20.74688796680516,Unknown,Task3_Insertion,0.0,2.1564158854510556,0.7889720082613152
6.9957,InsertionSequence,InsertToTarget,1,0.74868,0.73565,0.65576,96.748,66.186,20.098,0.226438,0.0,0.0,18.298,0.0,-1.572,1.255,21.757,-0.265,-103.274,6.345,paper_rcm_log_20260616_110935_960_8218.csv,21.459227467810862,Unknown,Task3_Insertion,0.0,2.1691185998070166,1.2877562151356796
7.044,InsertionSequence,InsertToTarget,1,0.74424,0.7312,0.6668,98.534,64.46,20.349,0.227879,0.0,0.0,18.206,0.0,-1.609,1.106,21.809,-0.267,-103.147,6.492,paper_rcm_log_20260616_110935_960_8218.csv,20.70393374741229,Unknown,Task3_Insertion,0.0,2.2532287540012446,3.943915526954399
7.0883,InsertionSequence,InsertToTarget,1,0.73981,0.72676,0.67782,100.316,62.741,20.595,0.229296,0.0,0.0,18.113,0.0,-1.646,0.955,21.866,-0.27,-103.021,6.641,paper_rcm_log_20260616_110935_960_8218.csv,22.5733634311509,Unknown,Task3_Insertion,0.0,1.8515378443587198,6.8333255541635785
7.213,InsertionSequence,InsertToTarget,1,0.73759,0.72454,0.68333,101.206,61.883,20.717,0.229996,0.0,0.0,18.066,0.0,-1.665,0.878,21.896,-0.272,-102.958,6.716,paper_rcm_log_20260616_110935_960_8218.csv,8.019246190858071,Unknown,Task3_Insertion,0.0,1.7897614752136823,8.902178494037187
7.2591,InsertionSequence,InsertToTarget,1,0.73317,0.72011,0.69432,102.983,60.172,20.957,0.231378,0.0,0.0,17.971,0.0,-1.703,0.724,21.958,-0.275,-102.833,6.866,paper_rcm_log_20260616_110935_960_8218.csv,21.691973969631224,Unknown,Task3_Insertion,0.0,2.359588691204758,6.0495349873349245
7.3033,InsertionSequence,InsertToTarget,1,0.72876,0.71568,0.7053,104.757,58.467,21.194,0.232735,0.0,0.0,17.875,0.0,-1.741,0.567,22.025,-0.278,-102.709,7.017,paper_rcm_log_20260616_110935_960_8218.csv,22.624434389140262,Unknown,Task3_Insertion,0.0,2.3563659872578238,0.9297139824721959
7.3507,InsertionSequence,InsertToTarget,1,0.72435,0.71126,0.71627,106.529,56.766,21.427,0.234067,0.0,0.0,17.778,0.0,-1.779,0.408,22.097,-0.28,-102.586,7.17,paper_rcm_log_20260616_110935_960_8218.csv,21.09704641350226,Unknown,Task3_Insertion,0.0,2.362864228126957,1.5307525754288183
7.3956,InsertionSequence,InsertToTarget,1,0.71994,0.70684,0.72723,108.299,55.071,21.655,0.235374,0.0,0.0,17.681,0.0,-1.817,0.246,22.173,-0.283,-102.464,7.323,paper_rcm_log_20260616_110935_960_8218.csv,22.27171492204892,Unknown,Task3_Insertion,0.0,2.467396929086092,1.3107642165913869
7.4398,InsertionSequence,InsertToTarget,1,0.71554,0.70243,0.73818,110.067,53.381,21.88,0.236655,0.0,0.0,17.582,0.0,-1.856,0.082,22.253,-0.286,-102.343,7.477,paper_rcm_log_20260616_110935_960_8218.csv,22.624434389140262,Unknown,Task3_Insertion,0.0,2.4568100121455108,1.0777036358460585
7.4861,InsertionSequence,InsertToTarget,1,0.71114,0.69802,0.74912,111.834,51.697,22.101,0.23791,0.0,0.0,17.482,0.0,-1.894,-0.084,22.338,-0.289,-102.222,7.632,paper_rcm_log_20260616_110935_960_8218.csv,21.59827213822873,Unknown,Task3_Insertion,0.0,2.4059840430903128,0.9337658414113443
7.5333,InsertionSequence,InsertToTarget,1,0.70674,0.69361,0.76006,113.6,50.018,22.318,0.239139,0.0,0.0,17.382,0.0,-1.933,-0.253,22.428,-0.291,-102.102,7.788,paper_rcm_log_20260616_110935_960_8218.csv,21.18644067796644,Unknown,Task3_Insertion,0.0,2.4264014674240375,1.2842506076830689
7.5799,InsertionSequence,InsertToTarget,1,0.70234,0.6892,0.771,115.365,48.345,22.531,0.240341,0.0,0.0,17.28,0.0,-1.972,-0.425,22.522,-0.294,-101.983,7.944,paper_rcm_log_20260616_110935_960_8218.csv,21.459227467810862,Unknown,Task3_Insertion,0.0,2.492804262614284,1.7345157253031178
7.6256,InsertionSequence,InsertToTarget,1,0.69794,0.68479,0.78194,117.13,46.677,22.74,0.241516,0.0,0.0,17.178,0.0,-2.01,-0.599,22.622,-0.296,-101.865,8.101,paper_rcm_log_20260616_110935_960_8218.csv,21.881838074398214,Unknown,Task3_Insertion,0.0,2.5619798034141237,1.2482692967716906
7.6707,InsertionSequence,InsertToTarget,1,0.69354,0.68038,0.79287,118.894,45.015,22.946,0.242663,0.0,0.0,17.075,0.0,-2.049,-0.776,22.726,-0.299,-101.748,8.258,paper_rcm_log_20260616_110935_960_8218.csv,22.172949002217443,Unknown,Task3_Insertion,0.0,2.574586700178142,0.8413748344033016
7.717,InsertionSequence,InsertToTarget,1,0.68914,0.67597,0.80382,120.659,43.361,23.147,0.243782,0.0,0.0,16.971,0.0,-2.087,-0.956,22.835,-0.301,-101.631,8.415,paper_rcm_log_20260616_110935_960_8218.csv,21.598272138229145,Unknown,Task3_Insertion,0.0,2.5733233218452,1.2930736279723063
7.7633,InsertionSequence,InsertToTarget,1,0.68473,0.67156,0.81476,122.424,41.713,23.344,0.244872,0.0,0.0,16.866,0.0,-2.126,-1.138,22.949,-0.302,-101.514,8.573,paper_rcm_log_20260616_110935_960_8218.csv,21.59827213822873,Unknown,Task3_Insertion,0.0,2.485295931681261,1.6865029698115068
7.8145,InsertionSequence,InsertToTarget,1,0.68032,0.66714,0.82572,124.19,40.073,23.538,0.245935,0.0,0.0,16.76,0.0,-2.164,-1.324,23.069,-0.304,-101.399,8.73,paper_rcm_log_20260616_110935_960_8218.csv,19.531250000000117,Unknown,Task3_Insertion,0.0,2.437851872889798,1.4164986058370332
7.8635,InsertionSequence,InsertToTarget,1,0.67591,0.66272,0.83668,125.957,38.441,23.727,0.246968,0.0,0.0,16.653,0.0,-2.202,-1.512,23.193,-0.305,-101.283,8.887,paper_rcm_log_20260616_110935_960_8218.csv,20.408163265305966,Unknown,Task3_Insertion,0.0,2.5913983834246994,2.9061366166952878
7.91,InsertionSequence,InsertToTarget,1,0.6715,0.6583,0.84766,127.726,36.82,23.913,0.247971,0.0,0.0,16.545,0.0,-2.24,-1.704,23.323,-0.307,-101.169,9.044,paper_rcm_log_20260616_110935_960_8218.csv,21.505376344086027,Unknown,Task3_Insertion,0.0,2.70490867835002,2.3700896333958514
7.9561,InsertionSequence,InsertToTarget,1,0.66707,0.65387,0.85865,129.496,35.209,24.094,0.248945,0.0,0.0,16.437,0.0,-2.278,-1.899,23.458,-0.307,-101.055,9.201,paper_rcm_log_20260616_110935_960_8218.csv,21.691973969631224,Unknown,Task3_Insertion,0.0,2.7936406398841913,1.7206924176958933
8.0008,InsertionSequence,InsertToTarget,1,0.66264,0.64943,0.86965,131.269,33.611,24.272,0.249888,0.0,0.0,16.327,0.0,-2.316,-2.096,23.599,-0.308,-100.941,9.357,paper_rcm_log_20260616_110935_960_8218.csv,22.37136465324398,Unknown,Task3_Insertion,0.0,2.8364778750042743,1.7285163944419382
8.0466,InsertionSequence,InsertToTarget,1,0.65821,0.64499,0.88067,133.044,32.028,24.445,0.2508,0.0,0.0,16.217,0.0,-2.353,-2.297,23.745,-0.308,-100.828,9.513,paper_rcm_log_20260616_110935_960_8218.csv,21.834061135371254,Unknown,Task3_Insertion,0.0,2.9212604039976546,2.0712158887508045
8.0901,InsertionSequence,InsertToTarget,1,0.65377,0.64054,0.89171,134.821,30.462,24.615,0.25168,0.0,0.0,16.106,0.0,-2.39,-2.502,23.897,-0.308,-100.715,9.668,paper_rcm_log_20260616_110935_960_8218.csv,22.988505747126503,Unknown,Task3_Insertion,0.0,2.9957181257395384,1.1548929606281517
8.1348,InsertionSequence,InsertToTarget,1,0.64931,0.63608,0.90277,136.601,28.916,24.78,0.252528,0.0,0.0,15.994,0.0,-2.426,-2.71,24.055,-0.308,-100.603,9.823,paper_rcm_log_20260616_110935_960_8218.csv,22.371364653243532,Unknown,Task3_Insertion,0.0,2.9608650523266657,1.2038725732851312
8.1804,InsertionSequence,InsertToTarget,1,0.64485,0.63162,0.91385,138.385,27.393,24.941,0.253343,0.0,0.0,15.881,0.0,-2.462,-2.921,24.218,-0.307,-100.491,9.976,paper_rcm_log_20260616_110935_960_8218.csv,21.92982456140336,Unknown,Task3_Insertion,0.0,3.0539635748727356,1.1815485962678154
8.2237,InsertionSequence,InsertToTarget,1,0.64038,0.62714,0.92495,140.172,25.9,25.098,0.254125,0.0,0.0,15.767,0.0,-2.498,-3.136,24.387,-0.306,-100.379,10.129,paper_rcm_log_20260616_110935_960_8218.csv,23.094688221709774,Unknown,Task3_Insertion,0.0,3.017953062424591,1.2336929466117719
8.272,InsertionSequence,InsertToTarget,1,0.6359,0.62265,0.93608,141.963,24.44,25.251,0.254873,0.0,0.0,15.652,0.0,-2.533,-3.354,24.563,-0.304,-100.268,10.28,paper_rcm_log_20260616_110935_960_8218.csv,20.70393374741153,Unknown,Task3_Insertion,0.0,3.004519862843197,2.1834194957856106
8.3168,InsertionSequence,InsertToTarget,1,0.63141,0.61816,0.94724,143.758,23.022,25.399,0.255585,0.0,0.0,15.536,0.0,-2.568,-3.576,24.744,-0.302,-100.156,10.43,paper_rcm_log_20260616_110935_960_8218.csv,22.321428571428374,Unknown,Task3_Insertion,0.0,3.18116284828435,2.2211291823613246
8.3608,InsertionSequence,InsertToTarget,1,0.6269,0.61365,0.95842,145.558,21.655,25.542,0.25626,0.0,0.0,15.419,0.0,-2.602,-3.801,24.931,-0.3,-100.045,10.578,paper_rcm_log_20260616_110935_960_8218.csv,22.727272727273395,Unknown,Task3_Insertion,0.0,3.1807421684617925,1.3127429388844036
8.4069,InsertionSequence,InsertToTarget,1,0.62238,0.60912,0.96964,147.362,20.35,25.681,0.256898,0.0,0.0,15.301,0.0,-2.635,-4.03,25.125,-0.297,-99.934,10.725,paper_rcm_log_20260616_110935_960_8218.csv,21.691973969630805,Unknown,Task3_Insertion,0.0,3.236888567239595,2.000057414511651
8.4508,InsertionSequence,InsertToTarget,1,0.61785,0.60459,0.98089,149.171,19.12,25.816,0.257498,0.0,0.0,15.182,0.0,-2.668,-4.263,25.325,-0.293,-99.823,10.87,paper_rcm_log_20260616_110935_960_8218.csv,22.779043280182783,Unknown,Task3_Insertion,0.0,3.0373628736956295,5.782143276833391
8.5068,InsertionSequence,InsertToTarget,1,0.6133,0.60004,0.99218,150.985,17.982,25.945,0.258059,0.0,0.0,15.061,0.0,-2.7,-4.5,25.531,-0.289,-99.712,11.014,paper_rcm_log_20260616_110935_960_8218.csv,17.85714285714256,Unknown,Task3_Insertion,0.0,2.6338135748135914,3.4688422505681586
8.5644,InsertionSequence,InsertToTarget,1,0.60924,0.59689,1.0,152.787,16.969,26.025,0.256645,0.0,0.0,14.94,0.0,-2.732,-4.74,25.744,-0.285,-99.603,11.155,paper_rcm_log_20260616_110935_960_8218.csv,17.361111111111416,Unknown,Task3_Insertion,0.0,2.751277432930704,6.428601284812707
8.6165,InsertionSequence,InsertToTarget,1,0.60747,0.59689,1.0,154.282,16.26,25.899,0.252006,0.0,0.0,14.828,0.0,-2.765,-4.973,25.981,-0.286,-99.531,11.293,paper_rcm_log_20260616_110935_960_8218.csv,19.193857965450633,Unknown,Task3_Insertion,0.0,3.0177963872002747,7.048337951961148
8.6648,InsertionSequence,InsertToTarget,1,0.60609,0.59689,1.0,155.442,15.8,25.752,0.248549,0.0,0.0,14.724,0.0,-2.798,-5.197,26.242,-0.293,-99.499,11.429,paper_rcm_log_20260616_110935_960_8218.csv,20.70393374741229,Unknown,Task3_Insertion,0.0,2.31526434573296,8.36843513898582
8.7319,InsertionSequence,InsertToTarget,1,0.60552,0.59689,1.0,155.921,15.63,25.675,0.247113,0.0,0.0,14.674,0.0,-2.815,-5.306,26.381,-0.298,-99.494,11.497,paper_rcm_log_20260616_110935_960_8218.csv,14.903129657228032,Unknown,Task3_Insertion,0.0,2.513558943258969,14.342111293304106
8.7778,InsertionSequence,InsertToTarget,1,0.60456,0.59689,1.0,156.718,15.37,25.517,0.244629,0.0,0.0,14.574,0.0,-2.849,-5.522,26.671,-0.31,-99.501,11.63,paper_rcm_log_20260616_110935_960_8218.csv,21.786492374727857,Unknown,Task3_Insertion,0.0,3.498093398172605,10.837569090047003
8.8233,InsertionSequence,InsertToTarget,1,0.6038,0.59689,1.0,157.34,15.177,25.357,0.242491,0.0,0.0,14.477,0.0,-2.884,-5.733,26.976,-0.324,-99.528,11.762,paper_rcm_log_20260616_110935_960_8218.csv,21.97802197802172,Unknown,Task3_Insertion,0.0,3.4770463877063262,3.334710805078083
8.872,InsertionSequence,InsertToTarget,1,0.6032,0.59689,1.0,157.827,15.024,25.195,0.240563,0.0,0.0,14.379,0.0,-2.919,-5.942,27.293,-0.339,-99.568,11.891,paper_rcm_log_20260616_110935_960_8218.csv,20.53388090349068,Unknown,Task3_Insertion,0.0,3.554360501668794,3.835952646804865
8.9174,InsertionSequence,InsertToTarget,1,0.60273,0.59689,1.0,158.209,14.893,25.033,0.238762,0.0,0.0,14.282,0.0,-2.953,-6.148,27.62,-0.356,-99.619,12.019,paper_rcm_log_20260616_110935_960_8218.csv,22.0264317180613,Unknown,Task3_Insertion,0.0,3.743028312813686,3.3035069117098703
8.9626,InsertionSequence,InsertToTarget,1,0.60234,0.59689,1.0,158.509,14.775,24.87,0.237038,0.0,0.0,14.185,0.0,-2.987,-6.354,27.955,-0.374,-99.678,12.144,paper_rcm_log_20260616_110935_960_8218.csv,22.123893805309997,Unknown,Task3_Insertion,0.0,3.796249482742636,2.4817510270568377
9.0078,InsertionSequence,InsertToTarget,1,0.60204,0.59689,1.0,158.747,14.664,24.707,0.235359,0.0,0.0,14.088,0.0,-3.02,-6.558,28.295,-0.392,-99.744,12.267,paper_rcm_log_20260616_110935_960_8218.csv,22.123893805309997,Unknown,Task3_Insertion,0.0,3.9140556958934583,2.0471772925272127
9.0512,InsertionSequence,InsertToTarget,1,0.60179,0.59689,1.0,158.935,14.558,24.544,0.233707,0.0,0.0,13.991,0.0,-3.053,-6.762,28.641,-0.411,-99.813,12.387,paper_rcm_log_20260616_110935_960_8218.csv,23.041474654377826,Unknown,Task3_Insertion,0.0,3.9409263240883816,1.2415978477650869
9.0965,InsertionSequence,InsertToTarget,1,0.60158,0.59689,1.0,159.085,14.453,24.379,0.232069,0.0,0.0,13.893,0.0,-3.085,-6.965,28.991,-0.429,-99.886,12.504,paper_rcm_log_20260616_110935_960_8218.csv,22.075055187637478,Unknown,Task3_Insertion,0.0,3.963655041233693,1.3215733290046099
9.1399,InsertionSequence,InsertToTarget,1,0.60141,0.59689,1.0,159.206,14.349,24.214,0.230439,0.0,0.0,13.796,0.0,-3.116,-7.168,29.344,-0.448,-99.961,12.619,paper_rcm_log_20260616_110935_960_8218.csv,23.041474654377826,Unknown,Task3_Insertion,0.0,4.023018669647905,0.8099522443804972
9.1842,InsertionSequence,InsertToTarget,1,0.60127,0.59689,1.0,159.304,14.245,24.049,0.228811,0.0,0.0,13.698,0.0,-3.147,-7.37,29.7,-0.467,-100.038,12.731,paper_rcm_log_20260616_110935_960_8218.csv,22.573363431151353,Unknown,Task3_Insertion,0.0,3.9590182507006637,0.8555088040859465
9.2293,InsertionSequence,InsertToTarget,1,0.60114,0.59689,1.0,159.384,14.141,23.882,0.227183,0.0,0.0,13.6,0.0,-3.176,-7.573,30.058,-0.486,-100.115,12.84,paper_rcm_log_20260616_110935_960_8218.csv,22.172949002217443,Unknown,Task3_Insertion,0.0,3.987386858133196,0.7210977870002568
9.2732,InsertionSequence,InsertToTarget,1,0.60104,0.59689,1.0,159.45,14.036,23.716,0.225553,0.0,0.0,13.501,0.0,-3.205,-7.775,30.418,-0.505,-100.193,12.947,paper_rcm_log_20260616_110935_960_8218.csv,22.779043280182783,Unknown,Task3_Insertion,0.0,3.9900525556399127,0.757861553477197
9.3184,InsertionSequence,InsertToTarget,1,0.60094,0.59689,1.0,159.506,13.932,23.548,0.223919,0.0,0.0,13.402,0.0,-3.233,-7.978,30.779,-0.524,-100.272,13.051,paper_rcm_log_20260616_110935_960_8218.csv,22.123893805309127,Unknown,Task3_Insertion,0.0,4.024777232060693,0.8259036193067139
9.3616,InsertionSequence,InsertToTarget,1,0.60086,0.59689,1.0,159.553,13.827,23.379,0.222281,0.0,0.0,13.303,0.0,-3.261,-8.18,31.141,-0.543,-100.35,13.152,paper_rcm_log_20260616_110935_960_8218.csv,23.148148148148795,Unknown,Task3_Insertion,0.0,4.032989039074438,1.3702980324328575
9.4066,InsertionSequence,InsertToTarget,1,0.60078,0.59689,1.0,159.594,13.721,23.21,0.220637,0.0,0.0,13.204,0.0,-3.287,-8.383,31.504,-0.562,-100.428,13.25,paper_rcm_log_20260616_110935_960_8218.csv,22.222222222222257,Unknown,Task3_Insertion,0.0,3.912159159279172,1.571524788365554
9.4524,InsertionSequence,InsertToTarget,1,0.60071,0.59689,1.0,159.629,13.616,23.041,0.218989,0.0,0.0,13.104,0.0,-3.313,-8.585,31.867,-0.58,-100.505,13.346,paper_rcm_log_20260616_110935_960_8218.csv,21.83406113537041,Unknown,Task3_Insertion,0.0,3.899863543327496,0.5128810433304251
9.4976,InsertionSequence,InsertToTarget,1,0.60065,0.59689,1.0,159.661,13.51,22.87,0.217335,0.0,0.0,13.004,0.0,-3.338,-8.787,32.231,-0.599,-100.582,13.44,paper_rcm_log_20260616_110935_960_8218.csv,22.123893805309997,Unknown,Task3_Insertion,0.0,3.8975017634286413,0.8124826263687819
9.5434,InsertionSequence,InsertToTarget,1,0.60058,0.59689,1.0,159.69,13.403,22.699,0.215677,0.0,0.0,12.903,0.0,-3.362,-8.989,32.595,-0.617,-100.658,13.531,paper_rcm_log_20260616_110935_960_8218.csv,21.834061135371254,Unknown,Task3_Insertion,0.0,3.954727222891559,1.0727841685820212
9.5872,InsertionSequence,InsertToTarget,1,0.60052,0.59689,1.0,159.717,13.296,22.527,0.214012,0.0,0.0,12.803,0.0,-3.385,-9.191,32.959,-0.635,-100.733,13.62,paper_rcm_log_20260616_110935_960_8218.csv,22.831050228310932,Unknown,Task3_Insertion,0.0,3.981515745910696,0.5938329953100353
9.6322,InsertionSequence,InsertToTarget,1,0.60047,0.59689,1.0,159.742,13.189,22.355,0.212342,0.0,0.0,12.702,0.0,-3.408,-9.393,33.323,-0.653,-100.807,13.706,paper_rcm_log_20260616_110935_960_8218.csv,22.222222222222257,Unknown,Task3_Insertion,0.0,3.927578100834194,0.5945755682981626
9.6769,InsertionSequence,InsertToTarget,1,0.60041,0.59689,1.0,159.765,13.081,22.182,0.210666,0.0,0.0,12.6,0.0,-3.43,-9.594,33.686,-0.67,-100.88,13.79,paper_rcm_log_20260616_110935_960_8218.csv,22.371364653243532,Unknown,Task3_Insertion,0.0,3.950946173324447,1.0378647922761002
9.7211,InsertionSequence,InsertToTarget,1,0.60036,0.59689,1.0,159.787,12.973,22.008,0.208984,0.0,0.0,12.498,0.0,-3.452,-9.795,34.049,-0.688,-100.951,13.872,paper_rcm_log_20260616_110935_960_8218.csv,22.624434389140262,Unknown,Task3_Insertion,0.0,3.845892678236552,1.8384916842386017
9.7682,InsertionSequence,InsertToTarget,1,0.60031,0.59689,1.0,159.809,12.865,21.834,0.207297,0.0,0.0,12.396,0.0,-3.472,-9.996,34.411,-0.705,-101.022,13.952,paper_rcm_log_20260616_110935_960_8218.csv,21.23142250530769,Unknown,Task3_Insertion,0.0,3.792360883358951,0.7332385659884514
9.8133,InsertionSequence,InsertToTarget,1,0.60025,0.59689,1.0,159.83,12.757,21.659,0.205605,0.0,0.0,12.294,0.0,-3.492,-10.196,34.773,-0.722,-101.092,14.029,paper_rcm_log_20260616_110935_960_8218.csv,22.172949002217443,Unknown,Task3_Insertion,0.0,3.8921620868380393,0.49932896318147024
9.8577,InsertionSequence,InsertToTarget,1,0.6002,0.59689,1.0,159.85,12.648,21.483,0.203907,0.0,0.0,12.191,0.0,-3.512,-10.396,35.134,-0.739,-101.16,14.105,paper_rcm_log_20260616_110935_960_8218.csv,22.52252252252275,Unknown,Task3_Insertion,0.0,3.821627084641451,1.1689941195672566
9.9042,InsertionSequence,InsertToTarget,1,0.60015,0.59689,1.0,159.87,12.538,21.307,0.202204,0.0,0.0,12.088,0.0,-3.53,-10.595,35.494,-0.756,-101.227,14.179,paper_rcm_log_20260616_110935_960_8218.csv,21.505376344086027,Unknown,Task3_Insertion,0.0,3.7961874322571645,0.4583468475019751
9.9488,InsertionSequence,InsertToTarget,1,0.6001,0.59689,1.0,159.89,12.429,21.131,0.200497,0.0,0.0,11.985,0.0,-3.548,-10.794,35.853,-0.772,-101.293,14.25,paper_rcm_log_20260616_110935_960_8218.csv,22.421524663676696,Unknown,Task3_Insertion,0.0,3.8211808893565644,0.8010665623172015
9.9943,InsertionSequence,InsertToTarget,1,0.60005,0.59689,1.0,159.909,12.32,20.953,0.198786,0.0,0.0,11.882,0.0,-3.566,-10.992,36.211,-0.789,-101.357,14.32,paper_rcm_log_20260616_110935_960_8218.csv,21.97802197802172,Unknown,Task3_Insertion,0.0,3.859643299830276,0.6155735373791402
10.0376,InsertionSequence,InsertToTarget,1,0.6,0.59689,1.0,159.928,12.21,20.776,0.19707,0.0,0.0,11.778,0.0,-3.583,-11.189,36.567,-0.805,-101.42,14.388,paper_rcm_log_20260616_110935_960_8218.csv,23.094688221709774,Unknown,Task3_Insertion,0.0,3.8655618427161156,2.080978384656193
10.0825,InsertionSequence,InsertToTarget,1,0.59995,0.59689,1.0,159.947,12.1,20.597,0.19535,0.0,0.0,11.674,0.0,-3.599,-11.386,36.922,-0.821,-101.482,14.454,paper_rcm_log_20260616_110935_960_8218.csv,22.27171492204892,Unknown,Task3_Insertion,0.0,3.6725522908710366,2.7807042460203917
10.1302,InsertionSequence,InsertToTarget,1,0.5999,0.59689,1.0,159.966,11.99,20.419,0.193627,0.0,0.0,11.57,0.0,-3.615,-11.582,37.276,-0.837,-101.543,14.518,paper_rcm_log_20260616_110935_960_8218.csv,20.96436058700177,Unknown,Task3_Insertion,0.0,3.619334139110112,0.4183666348297174
10.1759,InsertionSequence,InsertToTarget,1,0.59985,0.59689,1.0,159.984,11.88,20.24,0.1919,0.0,0.0,11.466,0.0,-3.63,-11.778,37.628,-0.852,-101.602,14.581,paper_rcm_log_20260616_110935_960_8218.csv,21.881838074398214,Unknown,Task3_Insertion,0.0,3.6516120560105114,0.42938453353925077
10.2222,InsertionSequence,InsertToTarget,1,0.5998,0.59689,1.0,160.003,11.769,20.06,0.190171,0.0,0.0,11.362,0.0,-3.645,-11.972,37.979,-0.868,-101.659,14.642,paper_rcm_log_20260616_110935_960_8218.csv,21.59827213822873,Unknown,Task3_Insertion,0.0,3.6400024107030493,1.1898806430675206
10.2677,InsertionSequence,InsertToTarget,1,0.59976,0.59689,1.0,160.022,11.659,19.88,0.18844,0.0,0.0,11.257,0.0,-3.66,-12.166,38.328,-0.883,-101.716,14.701,paper_rcm_log_20260616_110935_960_8218.csv,21.978021978022575,Unknown,Task3_Insertion,0.0,3.754163393223113,0.45710562029956125
10.3108,InsertionSequence,InsertToTarget,1,0.59971,0.59689,1.0,160.04,11.549,19.7,0.186706,0.0,0.0,11.153,0.0,-3.673,-12.359,38.675,-0.898,-101.771,14.759,paper_rcm_log_20260616_110935_960_8218.csv,23.201856148491448,Unknown,Task3_Insertion,0.0,3.678063180483509,1.9695778628718101
10.3578,InsertionSequence,InsertToTarget,1,0.59966,0.59689,1.0,160.058,11.438,19.52,0.18497,0.0,0.0,11.048,0.0,-3.687,-12.551,39.02,-0.914,-101.825,14.815,paper_rcm_log_20260616_110935_960_8218.csv,21.276595744681384,Unknown,Task3_Insertion,0.0,3.577760595643156,0.9101065545948892
10.4025,InsertionSequence,InsertToTarget,1,0.59961,0.59689,1.0,160.077,11.328,19.339,0.183233,0.0,0.0,10.943,0.0,-3.7,-12.741,39.363,-0.928,-101.877,14.87,paper_rcm_log_20260616_110935_960_8218.csv,22.371364653243532,Unknown,Task3_Insertion,0.0,3.5950575255736723,0.3460005904093749
10.4484,InsertionSequence,InsertToTarget,1,0.59957,0.59689,1.0,160.095,11.218,19.158,0.181495,0.0,0.0,10.839,0.0,-3.712,-12.931,39.704,-0.943,-101.928,14.923,paper_rcm_log_20260616_110935_960_8218.csv,21.786492374727857,Unknown,Task3_Insertion,0.0,3.5696922703571055,0.389748916935557
10.4933,InsertionSequence,InsertToTarget,1,0.59952,0.59689,1.0,160.113,11.107,18.978,0.179757,0.0,0.0,10.734,0.0,-3.724,-13.12,40.044,-0.958,-101.978,14.975,paper_rcm_log_20260616_110935_960_8218.csv,22.27171492204892,Unknown,Task3_Insertion,0.0,3.613614154153843,0.40777685754738197
10.5374,InsertionSequence,InsertToTarget,1,0.59947,0.59689,1.0,160.131,10.997,18.797,0.178019,0.0,0.0,10.629,0.0,-3.736,-13.308,40.38,-0.972,-102.026,15.025,paper_rcm_log_20260616_110935_960_8218.csv,22.67573696145112,Unknown,Task3_Insertion,0.0,3.550383956695734,0.6166991697797785
10.5832,InsertionSequence,InsertToTarget,1,0.59943,0.59689,1.0,160.148,10.887,18.616,0.176281,0.0,0.0,10.525,0.0,-3.747,-13.494,40.715,-0.986,-102.073,15.074,paper_rcm_log_20260616_110935_960_8218.csv,21.834061135371254,Unknown,Task3_Insertion,0.0,3.569734832970574,0.2658056122825573
10.6264,InsertionSequence,InsertToTarget,1,0.59938,0.59689,1.0,160.166,10.777,18.435,0.174544,0.0,0.0,10.42,0.0,-3.758,-13.68,41.048,-1.0,-102.118,15.122,paper_rcm_log_20260616_110935_960_8218.csv,23.148148148147843,Unknown,Task3_Insertion,0.0,3.5482862505522714,1.2308115359372436
10.6721,InsertionSequence,InsertToTarget,1,0.59934,0.59689,1.0,160.184,10.667,18.254,0.172807,0.0,0.0,10.316,0.0,-3.768,-13.864,41.378,-1.014,-102.163,15.169,paper_rcm_log_20260616_110935_960_8218.csv,21.881838074398214,Unknown,Task3_Insertion,0.0,3.4587821464836725,0.525822053226401
10.7167,InsertionSequence,InsertToTarget,1,0.5993,0.59689,1.0,160.201,10.557,18.073,0.171073,0.0,0.0,10.211,0.0,-3.778,-14.047,41.706,-1.028,-102.206,15.214,paper_rcm_log_20260616_110935_960_8218.csv,22.42152466367759,Unknown,Task3_Insertion,0.0,3.508715620079044,0.5266083900316273
10.7604,InsertionSequence,InsertToTarget,1,0.59925,0.59689,1.0,160.218,10.448,17.892,0.169341,0.0,0.0,10.107,0.0,-3.788,-14.229,42.031,-1.042,-102.247,15.258,paper_rcm_log_20260616_110935_960_8218.csv,22.88329519450739,Unknown,Task3_Insertion,0.0,3.42344456025753,1.566379391993772
10.8066,InsertionSequence,InsertToTarget,1,0.59921,0.59689,1.0,160.236,10.339,17.712,0.167611,0.0,0.0,10.003,0.0,-3.797,-14.409,42.354,-1.055,-102.288,15.301,paper_rcm_log_20260616_110935_960_8218.csv,21.645021645022155,Unknown,Task3_Insertion,0.0,3.371314804432544,1.0864109444066978
10.8509,InsertionSequence,InsertToTarget,1,0.59917,0.59689,1.0,160.253,10.23,17.531,0.165884,0.0,0.0,9.899,0.0,-3.806,-14.589,42.674,-1.069,-102.327,15.343,paper_rcm_log_20260616_110935_960_8218.csv,22.573363431151353,Unknown,Task3_Insertion,0.0,3.327153027792723,0.762722878723551
10.8975,InsertionSequence,InsertToTarget,1,0.59912,0.59689,1.0,160.269,10.121,17.351,0.16416,0.0,0.0,9.796,0.0,-3.815,-14.766,42.991,-1.082,-102.365,15.384,paper_rcm_log_20260616_110935_960_8218.csv,21.459227467810454,Unknown,Task3_Insertion,0.0,3.308718706633273,0.4554375188078171
10.9415,InsertionSequence,InsertToTarget,1,0.59908,0.59689,1.0,160.286,10.013,17.172,0.162441,0.0,0.0,9.692,0.0,-3.823,-14.943,43.306,-1.095,-102.401,15.423,paper_rcm_log_20260616_110935_960_8218.csv,22.727272727273395,Unknown,Task3_Insertion,0.0,3.3524347864904485,0.720872471557601
10.9862,InsertionSequence,InsertToTarget,1,0.59904,0.59689,1.0,160.303,9.905,16.992,0.160725,0.0,0.0,9.589,0.0,-3.831,-15.118,43.619,-1.108,-102.436,15.462,paper_rcm_log_20260616_110935_960_8218.csv,22.371364653243532,Unknown,Task3_Insertion,0.0,3.245275765051681,0.9834123647540621
11.0323,InsertionSequence,InsertToTarget,1,0.599,0.59689,1.0,160.319,9.797,16.813,0.159014,0.0,0.0,9.486,0.0,-3.839,-15.292,43.928,-1.121,-102.47,15.5,paper_rcm_log_20260616_110935_960_8218.csv,21.69197396963164,Unknown,Task3_Insertion,0.0,3.2692844902355507,0.2448904480331641
11.0756,InsertionSequence,InsertToTarget,1,0.59896,0.59689,1.0,160.336,9.69,16.635,0.157307,0.0,0.0,9.384,0.0,-3.847,-15.465,44.235,-1.134,-102.503,15.536,paper_rcm_log_20260616_110935_960_8218.csv,23.094688221708825,Unknown,Task3_Insertion,0.0,3.248967218322189,0.568590761127862
11.1215,InsertionSequence,InsertToTarget,1,0.59892,0.59689,1.0,160.352,9.583,16.457,0.155606,0.0,0.0,9.282,0.0,-3.854,-15.636,44.539,-1.146,-102.535,15.572,paper_rcm_log_20260616_110935_960_8218.csv,21.786492374727857,Unknown,Task3_Insertion,0.0,3.2227180636865485,0.32553991152219264
11.1646,InsertionSequence,InsertToTarget,1,0.59888,0.59689,1.0,160.368,9.477,16.279,0.153911,0.0,0.0,9.18,0.0,-3.861,-15.806,44.84,-1.158,-102.566,15.606,paper_rcm_log_20260616_110935_960_8218.csv,23.201856148491448,Unknown,Task3_Insertion,0.0,3.22835280984079,1.2330630409628378
11.2095,InsertionSequence,InsertToTarget,1,0.59884,0.59689,1.0,160.383,9.371,16.103,0.152221,0.0,0.0,9.078,0.0,-3.868,-15.974,45.139,-1.171,-102.595,15.64,paper_rcm_log_20260616_110935_960_8218.csv,22.27171492204892,Unknown,Task3_Insertion,0.0,3.1122110272946513,1.4861542071281244
11.255,InsertionSequence,InsertToTarget,1,0.5988,0.59689,1.0,160.399,9.266,15.926,0.150538,0.0,0.0,8.977,0.0,-3.874,-16.141,45.435,-1.183,-102.623,15.673,paper_rcm_log_20260616_110935_960_8218.csv,21.97802197802172,Unknown,Task3_Insertion,0.0,3.097095984025514,0.8964875090091703
11.2993,InsertionSequence,InsertToTarget,1,0.59876,0.59689,1.0,160.415,9.161,15.751,0.148862,0.0,0.0,8.877,0.0,-3.88,-16.306,45.727,-1.195,-102.65,15.705,paper_rcm_log_20260616_110935_960_8218.csv,22.573363431151353,Unknown,Task3_Insertion,0.0,3.035094066433715,9.812873579508057
11.3458,InsertionSequence,InsertToTarget,1,0.59872,0.59689,1.0,160.43,9.056,15.576,0.147193,0.0,0.0,8.777,0.0,-3.886,-16.47,46.017,-1.207,-102.676,15.736,paper_rcm_log_20260616_110935_960_8218.csv,21.505376344086027,Unknown,Task3_Insertion,0.0,2.1682433145982256,11.81650675387784
11.4214,InsertionSequence,InsertToTarget,1,0.5987,0.59689,1.0,160.437,9.004,15.488,0.146361,0.0,0.0,8.727,0.0,-3.889,-16.551,46.161,-1.212,-102.689,15.751,paper_rcm_log_20260616_110935_960_8218.csv,13.227513227513287,Unknown,Task3_Insertion,0.0,2.1139756042816362,9.165541684801902
11.4684,InsertionSequence,InsertToTarget,1,0.59866,0.59689,1.0,160.452,8.901,15.314,0.144704,0.0,0.0,8.628,0.0,-3.894,-16.713,46.446,-1.224,-102.713,15.781,paper_rcm_log_20260616_110935_960_8218.csv,21.27659574468058,Unknown,Task3_Insertion,0.0,2.83350685863801,7.911498922104039
11.5162,InsertionSequence,InsertToTarget,1,0.59863,0.59689,1.0,160.467,8.797,15.141,0.143054,0.0,0.0,8.529,0.0,-3.9,-16.873,46.729,-1.235,-102.737,15.81,paper_rcm_log_20260616_110935_960_8218.csv,20.920502092050764,Unknown,Task3_Insertion,0.0,2.8519920870708124,0.9313143554478579
11.5616,InsertionSequence,InsertToTarget,1,0.59859,0.59689,1.0,160.482,8.695,14.969,0.141413,0.0,0.0,8.43,0.0,-3.905,-17.031,47.008,-1.247,-102.759,15.839,paper_rcm_log_20260616_110935_960_8218.csv,22.0264317180613,Unknown,Task3_Insertion,0.0,2.915499070359054,2.920419700186199
11.6063,InsertionSequence,InsertToTarget,1,0.59856,0.59689,1.0,160.496,8.593,14.798,0.13978,0.0,0.0,8.332,0.0,-3.91,-17.188,47.285,-1.258,-102.78,15.866,paper_rcm_log_20260616_110935_960_8218.csv,22.371364653244424,Unknown,Task3_Insertion,0.0,2.5955495435933877,1.1103710190112683
11.6666,InsertionSequence,InsertToTarget,1,0.59852,0.59689,1.0,160.51,8.492,14.627,0.138156,0.0,0.0,8.235,0.0,-3.915,-17.344,47.559,-1.269,-102.801,15.893,paper_rcm_log_20260616_110935_960_8218.csv,16.583747927031077,Unknown,Task3_Insertion,0.0,3.33256633595196,20.14060944358751
11.6988,InsertionSequence,InsertToTarget,1,0.59849,0.59689,1.0,160.524,8.391,14.458,0.136541,0.0,0.0,8.138,0.0,-3.919,-17.498,47.829,-1.28,-102.82,15.919,paper_rcm_log_20260616_110935_960_8218.csv,31.055900621118436,Unknown,Task3_Insertion,0.0,4.117157988118717,15.254137899935884
11.7426,InsertionSequence,InsertToTarget,1,0.59844,0.59689,1.0,160.545,8.242,14.205,0.134136,0.0,0.0,7.994,0.0,-3.926,-17.726,48.23,-1.296,-102.847,15.957,paper_rcm_log_20260616_110935_960_8218.csv,22.831050228310932,Unknown,Task3_Insertion,0.0,4.24218043570866,0.3845511919824094
11.7874,InsertionSequence,InsertToTarget,1,0.59839,0.59689,1.0,160.565,8.093,13.954,0.131753,0.0,0.0,7.852,0.0,-3.932,-17.951,48.624,-1.312,-102.873,15.994,paper_rcm_log_20260616_110935_960_8218.csv,22.321428571428374,Unknown,Task3_Insertion,0.0,4.103006897809466,2.028785277452782
11.8175,InsertionSequence,InsertToTarget,1,0.59836,0.59689,1.0,160.578,7.995,13.789,0.130177,0.0,0.0,7.757,0.0,-3.936,-18.099,48.883,-1.323,-102.888,16.017,paper_rcm_log_20260616_110935_960_8218.csv,33.22259136212525,Unknown,Task3_Insertion,0.0,4.067018100151252,2.2655070552850995
11.8619,InsertionSequence,InsertToTarget,1,0.59831,0.59689,1.0,160.598,7.849,13.542,0.127833,0.0,0.0,7.617,0.0,-3.941,-18.318,49.265,-1.338,-102.91,16.051,paper_rcm_log_20260616_110935_960_8218.csv,22.52252252252275,Unknown,Task3_Insertion,0.0,3.8992816381730937,2.273467624972226
11.8934,InsertionSequence,InsertToTarget,1,0.59828,0.59689,1.0,160.61,7.753,13.379,0.126283,0.0,0.0,7.524,0.0,-3.945,-18.462,49.517,-1.348,-102.924,16.073,paper_rcm_log_20260616_110935_960_8218.csv,31.746031746032333,Unknown,Task3_Insertion,0.0,3.8620133103787486,0.3778008627149591
11.9375,InsertionSequence,InsertToTarget,1,0.59823,0.59689,1.0,160.629,7.61,13.136,0.12398,0.0,0.0,7.386,0.0,-3.949,-18.675,49.888,-1.363,-102.943,16.105,paper_rcm_log_20260616_110935_960_8218.csv,22.67573696145112,Unknown,Task3_Insertion,0.0,3.943954323032621,0.6447820448003193
11.9816,InsertionSequence,InsertToTarget,1,0.59819,0.59689,1.0,160.647,7.469,12.896,0.121701,0.0,0.0,7.25,0.0,-3.954,-18.884,50.253,-1.378,-102.96,16.136,paper_rcm_log_20260616_110935_960_8218.csv,22.67573696145112,Unknown,Task3_Insertion,0.0,3.812205630551282,2.2174784199887116
12.0119,InsertionSequence,InsertToTarget,1,0.59816,0.59689,1.0,160.659,7.375,12.738,0.120196,0.0,0.0,7.16,0.0,-3.957,-19.022,50.493,-1.387,-102.971,16.156,paper_rcm_log_20260616_110935_960_8218.csv,33.00330033003252,Unknown,Task3_Insertion,0.0,3.7623686145990076,1.698153377284536
12.0561,InsertionSequence,InsertToTarget,1,0.59812,0.59689,1.0,160.677,7.237,12.502,0.117961,0.0,0.0,7.026,0.0,-3.961,-19.226,50.847,-1.401,-102.985,16.185,paper_rcm_log_20260616_110935_960_8218.csv,22.624434389140262,Unknown,Task3_Insertion,0.0,3.689100291199196,1.5499251932072386
12.1019,InsertionSequence,InsertToTarget,1,0.59808,0.59689,1.0,160.694,7.1,12.269,0.115752,0.0,0.0,6.894,0.0,-3.965,-19.427,51.194,-1.415,-102.998,16.212,paper_rcm_log_20260616_110935_960_8218.csv,21.834061135371254,Unknown,Task3_Insertion,0.0,3.6273751096674087,0.6266656372183331
12.1459,InsertionSequence,InsertToTarget,1,0.59804,0.59689,1.0,160.71,6.965,12.039,0.11357,0.0,0.0,6.764,0.0,-3.968,-19.624,51.535,-1.429,-103.009,16.239,paper_rcm_log_20260616_110935_960_8218.csv,22.727272727273395,Unknown,Task3_Insertion,0.0,3.6362791864328186,1.5295263582494532
12.1898,InsertionSequence,InsertToTarget,1,0.598,0.59689,1.0,160.727,6.832,11.812,0.111415,0.0,0.0,6.635,0.0,-3.972,-19.817,51.87,-1.442,-103.019,16.264,paper_rcm_log_20260616_110935_960_8218.csv,22.77904328018186,Unknown,Task3_Insertion,0.0,3.4949701263601956,1.782667287176489
12.2203,InsertionSequence,InsertToTarget,1,0.59797,0.59689,1.0,160.737,6.744,11.662,0.109994,0.0,0.0,6.55,0.0,-3.974,-19.945,52.09,-1.451,-103.025,16.281,paper_rcm_log_20260616_110935_960_8218.csv,32.78688524590167,Unknown,Task3_Insertion,0.0,3.472281451816758,0.9606786405889883
12.2635,InsertionSequence,InsertToTarget,1,0.59794,0.59689,1.0,160.753,6.614,11.44,0.107886,0.0,0.0,6.424,0.0,-3.977,-20.133,52.414,-1.464,-103.033,16.304,paper_rcm_log_20260616_110935_960_8218.csv,23.148148148147843,Unknown,Task3_Insertion,0.0,3.4234256896646174,1.4014903085695036
12.3091,InsertionSequence,InsertToTarget,1,0.5979,0.59689,1.0,160.768,6.485,11.22,0.105807,0.0,0.0,6.3,0.0,-3.979,-20.317,52.731,-1.476,-103.039,16.327,paper_rcm_log_20260616_110935_960_8218.csv,21.92982456140336,Unknown,Task3_Insertion,0.0,3.3498390645309346,0.4724125070763278
12.3525,InsertionSequence,InsertToTarget,1,0.59787,0.59689,1.0,160.782,6.358,11.004,0.103756,0.0,0.0,6.178,0.0,-3.982,-20.499,53.043,-1.489,-103.044,16.349,paper_rcm_log_20260616_110935_960_8218.csv,23.041474654378767,Unknown,Task3_Insertion,0.0,3.380346148732347,1.3687244863838772
12.3957,InsertionSequence,InsertToTarget,1,0.59783,0.59689,1.0,160.797,6.234,10.79,0.101734,0.0,0.0,6.057,0.0,-3.984,-20.677,53.349,-1.501,-103.049,16.371,paper_rcm_log_20260616_110935_960_8218.csv,23.148148148147843,Unknown,Task3_Insertion,0.0,3.2336032048941004,2.4731952186780712
12.4258,InsertionSequence,InsertToTarget,1,0.59781,0.59689,1.0,160.806,6.152,10.649,0.100401,0.0,0.0,5.978,0.0,-3.985,-20.794,53.549,-1.509,-103.051,16.384,paper_rcm_log_20260616_110935_960_8218.csv,33.22259136212525,Unknown,Task3_Insertion,0.0,3.1801664187848124,8.21214746949143
12.4692,InsertionSequence,InsertToTarget,1,0.59778,0.59689,1.0,160.82,6.03,10.441,0.098427,0.0,0.0,5.86,0.0,-3.987,-20.967,53.844,-1.52,-103.053,16.404,paper_rcm_log_20260616_110935_960_8218.csv,23.041474654377826,Unknown,Task3_Insertion,0.0,2.6634475274529352,18.460902809603024
12.5139,InsertionSequence,Done,1,0.59772,0.59689,1.0,160.806,7.206,9.409,0.08171,0.0,0.0,5.911,0.0,-3.989,-21.078,54.027,-1.527,-103.179,16.414,paper_rcm_log_20260616_110935_960_8218.csv,22.371364653244424,Unknown,Unknown,0.0,2.1646253985413484,7.427464944881401
12.5567,InsertionSequence,Done,1,0.59768,0.59689,1.0,160.799,8.083,8.61,0.079474,0.0,0.0,5.939,0.0,-3.99,-21.178,54.193,-1.534,-103.275,16.422,paper_rcm_log_20260616_110935_960_8218.csv,23.36448598130856,Unknown,Unknown,0.0,2.0435379854450484,8.220938675885643
12.5994,InsertionSequence,Done,1,0.59765,0.59689,1.0,160.8,8.474,8.148,0.078086,0.0,0.0,5.913,0.0,-3.991,-21.285,54.372,-1.541,-103.323,16.433,paper_rcm_log_20260616_110935_960_8218.csv,23.419203747072622,Unknown,Unknown,0.0,2.0142292762871925,6.7032762486116395
12.6436,InsertionSequence,Done,1,0.59763,0.59689,1.0,160.804,8.614,7.86,0.076936,0.0,0.0,5.86,0.0,-3.992,-21.393,54.556,-1.548,-103.345,16.445,paper_rcm_log_20260616_110935_960_8218.csv,22.624434389140262,Unknown,Unknown,0.0,1.7549948060305425,4.772216516077296
12.6814,InsertionSequence,Done,1,0.59761,0.59689,1.0,160.807,8.632,7.721,0.076212,0.0,0.0,5.817,0.0,-3.993,-21.466,54.68,-1.553,-103.352,16.453,paper_rcm_log_20260616_110935_960_8218.csv,26.45502645502595,Unknown,Unknown,0.0,1.676003053136286,2.3952380384449348
12.7142,InsertionSequence,Done,1,0.5976,0.59689,1.0,160.811,8.615,7.607,0.075504,0.0,0.0,5.771,0.0,-3.994,-21.538,54.803,-1.558,-103.355,16.46,paper_rcm_log_20260616_110935_960_8218.csv,30.487804878048834,Unknown,Unknown,0.0,1.8472831356226642,1.6759249414543143
12.7448,InsertionSequence,Done,1,0.59759,0.59689,1.0,160.815,8.576,7.509,0.074806,0.0,0.0,5.722,0.0,-3.994,-21.611,54.926,-1.563,-103.356,16.468,paper_rcm_log_20260616_110935_960_8218.csv,32.679738562091785,Unknown,Unknown,0.0,1.782872262793272,2.7895133547489652
12.7804,InsertionSequence,Done,1,0.59758,0.59689,1.0,160.82,8.522,7.423,0.074114,0.0,0.0,5.672,0.0,-3.995,-21.682,55.049,-1.568,-103.355,16.476,paper_rcm_log_20260616_110935_960_8218.csv,28.089887640449028,Unknown,Unknown,0.0,1.6615680116571339,0.5135827907538678
12.8145,InsertionSequence,Done,1,0.59757,0.59689,1.0,160.824,8.46,7.343,0.073428,0.0,0.0,5.621,0.0,-3.996,-21.754,55.17,-1.573,-103.353,16.484,paper_rcm_log_20260616_110935_960_8218.csv,29.32551319648054,Unknown,Unknown,0.0,1.794364357199898,4.0305397725315215
12.8449,InsertionSequence,Done,1,0.59756,0.59689,1.0,160.829,8.392,7.267,0.072747,0.0,0.0,5.57,0.0,-3.996,-21.825,55.291,-1.578,-103.351,16.491,paper_rcm_log_20260616_110935_960_8218.csv,32.89473684210504,Unknown,Unknown,0.0,1.920074949045957,2.4025004450529233
12.8881,InsertionSequence,Done,1,0.59755,0.59689,1.0,160.837,8.284,7.16,0.071736,0.0,0.0,5.493,0.0,-3.997,-21.93,55.47,-1.585,-103.346,16.503,paper_rcm_log_20260616_110935_960_8218.csv,23.148148148148795,Unknown,Unknown,0.0,1.915475041293922,0.43896482902576067
12.933,InsertionSequence,Done,1,0.59754,0.59689,1.0,160.845,8.173,7.057,0.070736,0.0,0.0,5.417,0.0,-3.998,-22.034,55.646,-1.592,-103.34,16.513,paper_rcm_log_20260616_110935_960_8218.csv,22.27171492204892,Unknown,Unknown,0.0,1.8873233463661347,0.31132731434149014
12.9762,InsertionSequence,Done,1,0.59752,0.59689,1.0,160.853,8.061,6.957,0.069746,0.0,0.0,5.342,0.0,-3.998,-22.136,55.82,-1.599,-103.334,16.524,paper_rcm_log_20260616_110935_960_8218.csv,23.148148148147843,Unknown,Unknown,0.0,1.8900150532659676,0.6466879792528385
13.0198,InsertionSequence,Done,1,0.59751,0.59689,1.0,160.861,7.949,6.859,0.068768,0.0,0.0,5.267,0.0,-3.999,-22.238,55.991,-1.606,-103.327,16.534,paper_rcm_log_20260616_110935_960_8218.csv,22.93577981651395,Unknown,Unknown,0.0,1.8319224354089474,0.7215942952850958
13.0645,InsertionSequence,Done,1,0.59749,0.59689,1.0,160.869,7.838,6.762,0.067801,0.0,0.0,5.193,0.0,-3.999,-22.337,56.16,-1.613,-103.32,16.545,paper_rcm_log_20260616_110935_960_8218.csv,22.371364653243532,Unknown,Unknown,0.0,1.828137519598272,0.22644343649083612
13.107,InsertionSequence,Done,1,0.59748,0.59689,1.0,160.877,7.728,6.667,0.066846,0.0,0.0,5.119,0.0,-4.0,-22.436,56.326,-1.619,-103.313,16.554,paper_rcm_log_20260616_110935_960_8218.csv,23.52941176470663,Unknown,Unknown,0.0,1.8157181635878676,0.46466839051659287
13.1511,InsertionSequence,Done,1,0.59746,0.59689,1.0,160.885,7.618,6.573,0.065902,0.0,0.0,5.047,0.0,-4.0,-22.533,56.49,-1.626,-103.305,16.564,paper_rcm_log_20260616_110935_960_8218.csv,22.67573696145112,Unknown,Unknown,0.0,1.7896466278164158,0.589508764285477
13.1937,InsertionSequence,Done,1,0.59745,0.59689,1.0,160.893,7.51,6.48,0.064968,0.0,0.0,4.975,0.0,-4.001,-22.629,56.652,-1.633,-103.297,16.573,paper_rcm_log_20260616_110935_960_8218.csv,23.47417840375576,Unknown,Unknown,0.0,1.7651265239512308,0.6882620869370308
13.2378,InsertionSequence,Done,1,0.59744,0.59689,1.0,160.9,7.404,6.388,0.064045,0.0,0.0,4.905,0.0,-4.001,-22.724,56.811,-1.639,-103.289,16.582,paper_rcm_log_20260616_110935_960_8218.csv,22.67573696145112,Unknown,Unknown,0.0,1.7303393876710595,0.8076077890263217
13.2807,InsertionSequence,Done,1,0.59742,0.59689,1.0,160.908,7.298,6.297,0.063134,0.0,0.0,4.835,0.0,-4.002,-22.817,56.968,-1.645,-103.281,16.591,paper_rcm_log_20260616_110935_960_8218.csv,23.310023310023585,Unknown,Unknown,0.0,1.695389178565628,3.2299347351730474
13.3255,InsertionSequence,Done,1,0.59741,0.59689,1.0,160.916,7.194,6.208,0.062233,0.0,0.0,4.766,0.0,-4.002,-22.909,57.123,-1.651,-103.272,16.6,paper_rcm_log_20260616_110935_960_8218.csv,22.321428571428374,Unknown,Unknown,0.0,1.4377980870680096,5.884654936487226
13.3642,InsertionSequence,Done,1,0.5974,0.59689,1.0,160.92,7.125,6.148,0.061639,0.0,0.0,4.72,0.0,-4.002,-22.97,57.225,-1.655,-103.267,16.605,paper_rcm_log_20260616_110935_960_8218.csv,25.839793281653478,Unknown,Unknown,0.0,1.2056140067560956,7.000988031443693
13.4057,InsertionSequence,Done,1,0.59739,0.59689,1.0,160.925,7.057,6.09,0.061049,0.0,0.0,4.675,0.0,-4.002,-23.03,57.325,-1.659,-103.261,16.611,paper_rcm_log_20260616_110935_960_8218.csv,24.096385542169138,Unknown,Unknown,0.0,0.8705800380431994,0.753181867074352
13.4453,InsertionSequence,Done,1,0.59739,0.59689,1.0,160.927,7.023,6.06,0.060756,0.0,0.0,4.652,0.0,-4.002,-23.06,57.375,-1.661,-103.258,16.614,paper_rcm_log_20260616_110935_960_8218.csv,25.252525252525203,Unknown,Unknown,0.0,1.1179244349315487,10.580919931627715
13.4765,InsertionSequence,Done,1,0.59738,0.59689,1.0,160.932,6.956,6.003,0.060173,0.0,0.0,4.608,0.0,-4.002,-23.119,57.475,-1.665,-103.252,16.619,paper_rcm_log_20260616_110935_960_8218.csv,32.05128205128193,Unknown,Unknown,0.0,1.5545642843354555,8.186864686109782
13.5204,InsertionSequence,Done,1,0.59737,0.59689,1.0,160.939,6.856,5.916,0.059309,0.0,0.0,4.541,0.0,-4.003,-23.207,57.622,-1.671,-103.243,16.627,paper_rcm_log_20260616_110935_960_8218.csv,22.77904328018186,Unknown,Unknown,0.0,1.5551623865041946,0.12421308479203826
13.5661,InsertionSequence,Done,1,0.59736,0.59689,1.0,160.946,6.757,5.831,0.058454,0.0,0.0,4.476,0.0,-4.003,-23.293,57.767,-1.677,-103.234,16.634,paper_rcm_log_20260616_110935_960_8218.csv,21.881838074398214,Unknown,Unknown,0.0,1.546910016137145,0.12450008540716555
13.6091,InsertionSequence,Done,1,0.59735,0.59689,1.0,160.953,6.659,5.747,0.057611,0.0,0.0,4.411,0.0,-4.003,-23.379,57.909,-1.683,-103.225,16.642,paper_rcm_log_20260616_110935_960_8218.csv,23.255813953488772,Unknown,Unknown,0.0,1.5564845695850134,0.7149021682703597
13.653,InsertionSequence,Done,1,0.59734,0.59689,1.0,160.96,6.563,5.664,0.056778,0.0,0.0,4.347,0.0,-4.003,-23.463,58.05,-1.688,-103.215,16.649,paper_rcm_log_20260616_110935_960_8218.csv,22.77904328018186,Unknown,Unknown,0.0,1.4838507332608883,0.7809201119765834
13.6835,InsertionSequence,Done,1,0.59733,0.59689,1.0,160.964,6.5,5.609,0.056228,0.0,0.0,4.305,0.0,-4.003,-23.518,58.143,-1.692,-103.209,16.654,paper_rcm_log_20260616_110935_960_8218.csv,32.78688524590167,Unknown,Unknown,0.0,1.47895628927414,0.23173792512145927
13.7267,InsertionSequence,Done,1,0.59732,0.59689,1.0,160.97,6.405,5.528,0.055413,0.0,0.0,4.243,0.0,-4.003,-23.601,58.28,-1.698,-103.2,16.661,paper_rcm_log_20260616_110935_960_8218.csv,23.148148148148795,Unknown,Unknown,0.0,1.4708439936502986,0.3382336672348895
13.7721,InsertionSequence,Done,1,0.59731,0.59689,1.0,160.976,6.312,5.448,0.054607,0.0,0.0,4.181,0.0,-4.003,-23.682,58.415,-1.703,-103.19,16.668,paper_rcm_log_20260616_110935_960_8218.csv,22.0264317180613,Unknown,Unknown,0.0,1.4523588200665207,0.22312726751217973
13.815,InsertionSequence,Done,1,0.5973,0.59689,1.0,160.982,6.22,5.369,0.053812,0.0,0.0,4.12,0.0,-4.003,-23.762,58.548,-1.708,-103.18,16.675,paper_rcm_log_20260616_110935_960_8218.csv,23.310023310023585,Unknown,Unknown,0.0,1.45208297806036,1.1192042554623547
13.8591,InsertionSequence,Done,1,0.59729,0.59689,1.0,160.988,6.129,5.291,0.053027,0.0,0.0,4.06,0.0,-4.003,-23.841,58.679,-1.713,-103.17,16.681,paper_rcm_log_20260616_110935_960_8218.csv,22.67573696145112,Unknown,Unknown,0.0,1.3528639441266244,1.0664334834906868
13.8905,InsertionSequence,Done,1,0.59728,0.59689,1.0,160.992,6.069,5.239,0.052509,0.0,0.0,4.02,0.0,-4.003,-23.892,58.765,-1.717,-103.164,16.685,paper_rcm_log_20260616_110935_960_8218.csv,31.847133757962137,Unknown,Unknown,0.0,1.3461035163844788,0.23879574123785552
13.9341,InsertionSequence,Done,1,0.59727,0.59689,1.0,160.998,5.981,5.162,0.051741,0.0,0.0,3.961,0.0,-4.003,-23.969,58.893,-1.722,-103.154,16.692,paper_rcm_log_20260616_110935_960_8218.csv,22.935779816513016,Unknown,Unknown,0.0,1.3797765545890899,0.27638109795678706
13.9786,InsertionSequence,Done,1,0.59726,0.59689,1.0,161.003,5.893,5.087,0.050982,0.0,0.0,3.903,0.0,-4.003,-24.045,59.019,-1.727,-103.144,16.698,paper_rcm_log_20260616_110935_960_8218.csv,22.471910112359897,Unknown,Unknown,0.0,1.3666184980779936,0.33198565536730207
14.0217,InsertionSequence,Done,1,0.59725,0.59689,1.0,161.009,5.806,5.012,0.050234,0.0,0.0,3.846,0.0,-4.003,-24.12,59.143,-1.732,-103.134,16.704,paper_rcm_log_20260616_110935_960_8218.csv,23.201856148492404,Unknown,Unknown,0.0,1.3521397199161402,0.8628625542431793
14.0658,InsertionSequence,Done,1,0.59724,0.59689,1.0,161.014,5.72,4.939,0.049495,0.0,0.0,3.789,0.0,-4.003,-24.194,59.265,-1.737,-103.124,16.709,paper_rcm_log_20260616_110935_960_8218.csv,22.67573696145112,Unknown,Unknown,0.0,1.2905905757624165,0.7916202592642884
14.096,InsertionSequence,Done,1,0.59724,0.59689,1.0,161.018,5.664,4.89,0.049008,0.0,0.0,3.752,0.0,-4.003,-24.242,59.345,-1.74,-103.117,16.713,paper_rcm_log_20260616_110935_960_8218.csv,33.11258278145622,Unknown,Unknown,0.0,1.2796776380984436,0.2948618647937633
14.1399,InsertionSequence,Done,1,0.59723,0.59689,1.0,161.023,5.581,4.818,0.048285,0.0,0.0,3.697,0.0,-4.003,-24.314,59.464,-1.745,-103.107,16.719,paper_rcm_log_20260616_110935_960_8218.csv,22.77904328018186,Unknown,Unknown,0.0,1.2715102087781134,0.20638099200305535
14.185,InsertionSequence,Done,1,0.59722,0.59689,1.0,161.028,5.499,4.746,0.047572,0.0,0.0,3.642,0.0,-4.003,-24.385,59.581,-1.749,-103.097,16.724,paper_rcm_log_20260616_110935_960_8218.csv,22.172949002217443,Unknown,Unknown,0.0,1.2639486473950956,0.07249102114300567
14.228,InsertionSequence,Done,1,0.59721,0.59689,1.0,161.033,5.417,4.676,0.046868,0.0,0.0,3.588,0.0,-4.003,-24.455,59.696,-1.754,-103.087,16.729,paper_rcm_log_20260616_110935_960_8218.csv,23.255813953488772,Unknown,Unknown,0.0,1.2726341947068323,0.9625025525878337
14.2713,InsertionSequence,Done,1,0.59721,0.59689,1.0,161.037,5.337,4.607,0.046174,0.0,0.0,3.535,0.0,-4.002,-24.524,59.81,-1.758,-103.077,16.735,paper_rcm_log_20260616_110935_960_8218.csv,23.094688221708825,Unknown,Unknown,0.0,1.1806355616777506,0.9635430447441375
14.3033,InsertionSequence,Done,1,0.5972,0.59689,1.0,161.04,5.284,4.562,0.045717,0.0,0.0,3.5,0.0,-4.002,-24.569,59.885,-1.761,-103.07,16.738,paper_rcm_log_20260616_110935_960_8218.csv,31.24999999999997,Unknown,Unknown,0.0,1.17796210503103,0.2627742462971176
14.3456,InsertionSequence,Done,1,0.59719,0.59689,1.0,161.045,5.205,4.494,0.045038,0.0,0.0,3.448,0.0,-4.002,-24.637,59.995,-1.766,-103.06,16.743,paper_rcm_log_20260616_110935_960_8218.csv,23.640661938534773,Unknown,Unknown,0.0,1.2020715859728828,0.16268317262701806
14.3912,InsertionSequence,Done,1,0.59719,0.59689,1.0,161.049,5.128,4.427,0.044368,0.0,0.0,3.396,0.0,-4.002,-24.703,60.104,-1.77,-103.049,16.748,paper_rcm_log_20260616_110935_960_8218.csv,21.92982456140336,Unknown,Unknown,0.0,1.1869834666728718,0.14598768927372707
14.4334,InsertionSequence,Done,1,0.59718,0.59689,1.0,161.054,5.051,4.362,0.043708,0.0,0.0,3.346,0.0,-4.002,-24.768,60.212,-1.774,-103.039,16.752,paper_rcm_log_20260616_110935_960_8218.csv,23.696682464454344,Unknown,Unknown,0.0,1.2097982233727034,0.4623504127066219
14.4756,InsertionSequence,Done,1,0.59717,0.59689,1.0,161.058,4.976,4.296,0.043056,0.0,0.0,3.296,0.0,-4.002,-24.832,60.317,-1.778,-103.029,16.757,paper_rcm_log_20260616_110935_960_8218.csv,23.696682464455343,Unknown,Unknown,0.0,1.1490287397903696,0.8732710933018318
14.5058,InsertionSequence,Done,1,0.59717,0.59689,1.0,161.061,4.927,4.254,0.042626,0.0,0.0,3.263,0.0,-4.002,-24.875,60.387,-1.781,-103.022,16.76,paper_rcm_log_20260616_110935_960_8218.csv,33.11258278145622,Unknown,Unknown,0.0,1.1353854573767248,0.27937044197945016
14.5484,InsertionSequence,Done,1,0.59716,0.59689,1.0,161.065,4.853,4.19,0.041989,0.0,0.0,3.214,0.0,-4.001,-24.938,60.49,-1.785,-103.012,16.765,paper_rcm_log_20260616_110935_960_8218.csv,23.47417840375576,Unknown,Unknown,0.0,1.1354295472476637,0.26156259213930333
14.5921,InsertionSequence,Done,1,0.59715,0.59689,1.0,161.069,4.781,4.127,0.041361,0.0,0.0,3.166,0.0,-4.001,-24.999,60.591,-1.789,-103.002,16.769,paper_rcm_log_20260616_110935_960_8218.csv,22.88329519450832,Unknown,Unknown,0.0,1.113831242274487,0.44737855833495294
14.635,InsertionSequence,Done,1,0.59715,0.59689,1.0,161.073,4.709,4.065,0.040741,0.0,0.0,3.119,0.0,-4.001,-25.06,60.691,-1.793,-102.992,16.773,paper_rcm_log_20260616_110935_960_8218.csv,23.310023310023585,Unknown,Unknown,0.0,1.0972528273637998,0.5119846395388945
14.6789,InsertionSequence,Done,1,0.59714,0.59689,1.0,161.077,4.639,4.004,0.04013,0.0,0.0,3.072,0.0,-4.001,-25.12,60.789,-1.797,-102.982,16.777,paper_rcm_log_20260616_110935_960_8218.csv,22.77904328018186,Unknown,Unknown,0.0,1.0699888312289612,0.4005243316859003
14.7228,InsertionSequence,Done,1,0.59714,0.59689,1.0,161.081,4.57,3.944,0.039527,0.0,0.0,3.026,0.0,-4.0,-25.18,60.886,-1.801,-102.972,16.781,paper_rcm_log_20260616_110935_960_8218.csv,22.779043280182783,Unknown,Unknown,0.0,1.063382012324244,0.6076282661091175
14.7659,InsertionSequence,Done,1,0.59713,0.59689,1.0,161.084,4.501,3.884,0.038933,0.0,0.0,2.98,0.0,-4.0,-25.238,60.981,-1.805,-102.961,16.785,paper_rcm_log_20260616_110935_960_8218.csv,23.201856148491448,Unknown,Unknown,0.0,1.0188373540365265,0.7853712714264589
14.7964,InsertionSequence,Done,1,0.59713,0.59689,1.0,161.086,4.456,3.845,0.038541,0.0,0.0,2.95,0.0,-4.0,-25.276,61.044,-1.807,-102.955,16.788,paper_rcm_log_20260616_110935_960_8218.csv,32.78688524590167,Unknown,Unknown,0.0,1.000843880540532,0.19639800947186176
14.8404,InsertionSequence,Done,1,0.59712,0.59689,1.0,161.09,4.388,3.788,0.037961,0.0,0.0,2.906,0.0,-4.0,-25.333,61.137,-1.811,-102.945,16.792,paper_rcm_log_20260616_110935_960_8218.csv,22.727272727272478,Unknown,Unknown,0.0,1.0198812320352235,0.18735235857414523
14.8833,InsertionSequence,Done,1,0.59711,0.59689,1.0,161.093,4.321,3.731,0.037389,0.0,0.0,2.862,0.0,-3.999,-25.389,61.228,-1.814,-102.935,16.795,paper_rcm_log_20260616_110935_960_8218.csv,23.310023310023585,Unknown,Unknown,0.0,1.0123768784910905,0.23663530242187164
14.9265,InsertionSequence,Done,1,0.59711,0.59689,1.0,161.097,4.257,3.674,0.036824,0.0,0.0,2.819,0.0,-3.999,-25.444,61.318,-1.818,-102.925,16.799,paper_rcm_log_20260616_110935_960_8218.csv,23.148148148147843,Unknown,Unknown,0.0,1.0014215820196661,0.4215613590317986
14.9691,InsertionSequence,Done,1,0.5971,0.59689,1.0,161.1,4.193,3.619,0.036268,0.0,0.0,2.776,0.0,-3.999,-25.499,61.406,-1.821,-102.915,16.803,paper_rcm_log_20260616_110935_960_8218.csv,23.474178403756742,Unknown,Unknown,0.0,0.9769664172378312,0.5744303642818871
15.013,InsertionSequence,Done,1,0.5971,0.59689,1.0,161.103,4.129,3.564,0.035719,0.0,0.0,2.734,0.0,-3.999,-25.552,61.493,-1.825,-102.905,16.806,paper_rcm_log_20260616_110935_960_8218.csv,22.77904328018186,Unknown,Unknown,0.0,0.9523459081411485,0.31112516450039884
15.0566,InsertionSequence,Done,1,0.59709,0.59689,1.0,161.106,4.066,3.51,0.035178,0.0,0.0,2.693,0.0,-3.998,-25.605,61.579,-1.828,-102.895,16.81,paper_rcm_log_20260616_110935_960_8218.csv,22.93577981651395,Unknown,Unknown,0.0,0.9502407245890551,0.19878447780848768
15.0997,InsertionSequence,Done,1,0.59709,0.59689,1.0,161.11,4.004,3.457,0.034644,0.0,0.0,2.652,0.0,-3.998,-25.657,61.664,-1.832,-102.886,16.813,paper_rcm_log_20260616_110935_960_8218.csv,23.201856148491448,Unknown,Unknown,0.0,0.9365206434326185,0.3498430780419553
15.143,InsertionSequence,Done,1,0.59708,0.59689,1.0,161.112,3.944,3.404,0.034119,0.0,0.0,2.612,0.0,-3.998,-25.708,61.747,-1.835,-102.876,16.816,paper_rcm_log_20260616_110935_960_8218.csv,23.094688221708825,Unknown,Unknown,0.0,0.9219676182988495,0.39688442079554653
15.1859,InsertionSequence,Done,1,0.59708,0.59689,1.0,161.115,3.884,3.353,0.033601,0.0,0.0,2.572,0.0,-3.998,-25.758,61.829,-1.838,-102.866,16.819,paper_rcm_log_20260616_110935_960_8218.csv,23.310023310023585,Unknown,Unknown,0.0,0.9031465781374453,0.9718322245847127
15.2296,InsertionSequence,Done,1,0.59707,0.59689,1.0,161.118,3.825,3.302,0.03309,0.0,0.0,2.533,0.0,-3.997,-25.808,61.909,-1.841,-102.857,16.822,paper_rcm_log_20260616_110935_960_8218.csv,22.88329519450832,Unknown,Unknown,0.0,0.8375829049337156,2.113292338066462
15.2784,InsertionSequence,Done,1,0.59707,0.59689,1.0,161.121,3.767,3.252,0.032586,0.0,0.0,2.494,0.0,-3.997,-25.857,61.988,-1.844,-102.847,16.826,paper_rcm_log_20260616_110935_960_8218.csv,20.491803278688543,Unknown,Unknown,0.0,0.7011945603337534,4.397642664475249
15.3179,InsertionSequence,Done,1,0.59707,0.59689,1.0,161.123,3.729,3.218,0.032254,0.0,0.0,2.469,0.0,-3.997,-25.889,62.04,-1.846,-102.841,16.828,paper_rcm_log_20260616_110935_960_8218.csv,25.316455696202333,Unknown,Unknown,0.0,0.47627606376771087,1.6460520199022353
15.3573,InsertionSequence,Done,1,0.59707,0.59689,1.0,161.124,3.71,3.202,0.03209,0.0,0.0,2.456,0.0,-3.997,-25.905,62.066,-1.847,-102.838,16.829,paper_rcm_log_20260616_110935_960_8218.csv,25.380710659898124,Unknown,Unknown,0.0,0.5708912364821632,4.209938683103639
15.4011,InsertionSequence,Done,1,0.59706,0.59689,1.0,161.126,3.653,3.153,0.0316,0.0,0.0,2.419,0.0,-3.997,-25.953,62.143,-1.851,-102.828,16.831,paper_rcm_log_20260616_110935_960_8218.csv,22.831050228310932,Unknown,Unknown,0.0,0.8432718603588559,2.717883129719194
15.4448,InsertionSequence,Done,1,0.59706,0.59689,1.0,161.129,3.597,3.105,0.031118,0.0,0.0,2.382,0.0,-3.996,-25.999,62.219,-1.853,-102.819,16.834,paper_rcm_log_20260616_110935_960_8218.csv,22.88329519450739,Unknown,Unknown,0.0,0.8091679387910357,0.4994131765771385
15.4749,InsertionSequence,Done,1,0.59705,0.59689,1.0,161.131,3.56,3.074,0.030801,0.0,0.0,2.358,0.0,-3.996,-26.03,62.268,-1.855,-102.813,16.836,paper_rcm_log_20260616_110935_960_8218.csv,33.22259136212721,Unknown,Unknown,0.0,0.8013086518532656,0.13070976808161522
15.5188,InsertionSequence,Done,1,0.59705,0.59689,1.0,161.133,3.507,3.026,0.03033,0.0,0.0,2.322,0.0,-3.996,-26.076,62.342,-1.858,-102.804,16.839,paper_rcm_log_20260616_110935_960_8218.csv,22.77904328018186,Unknown,Unknown,0.0,0.8106101449163663,0.14380748100357119
15.5626,InsertionSequence,Done,1,0.59705,0.59689,1.0,161.135,3.453,2.98,0.029866,0.0,0.0,2.286,0.0,-3.995,-26.121,62.415,-1.861,-102.794,16.842,paper_rcm_log_20260616_110935_960_8218.csv,22.831050228310932,Unknown,Unknown,0.0,0.8076969423344709,0.35037408018726823
15.605,InsertionSequence,Done,1,0.59704,0.59689,1.0,161.138,3.399,2.935,0.02941,0.0,0.0,2.251,0.0,-3.995,-26.165,62.486,-1.864,-102.785,16.844,paper_rcm_log_20260616_110935_960_8218.csv,23.584905660376993,Unknown,Unknown,0.0,0.7818386687711634,0.49121619989223503
15.6499,InsertionSequence,Done,1,0.59704,0.59689,1.0,161.14,3.348,2.89,0.028959,0.0,0.0,2.217,0.0,-3.995,-26.208,62.556,-1.867,-102.776,16.847,paper_rcm_log_20260616_110935_960_8218.csv,22.27171492204892,Unknown,Unknown,0.0,0.765921627909191,0.13611364935443904
15.6928,InsertionSequence,Done,1,0.59704,0.59689,1.0,161.142,3.296,2.845,0.028515,0.0,0.0,2.183,0.0,-3.995,-26.251,62.625,-1.869,-102.767,16.849,paper_rcm_log_20260616_110935_960_8218.csv,23.310023310023585,Unknown,Unknown,0.0,0.771257780878344,0.18303133330467639
15.7358,InsertionSequence,Done,1,0.59703,0.59689,1.0,161.144,3.245,2.802,0.028077,0.0,0.0,2.149,0.0,-3.994,-26.293,62.693,-1.872,-102.759,16.852,paper_rcm_log_20260616_110935_960_8218.csv,23.255813953488772,Unknown,Unknown,0.0,0.752371846965476,0.4165476977063149
15.7797,InsertionSequence,Done,1,0.59703,0.59689,1.0,161.147,3.196,2.759,0.027646,0.0,0.0,2.116,0.0,-3.994,-26.335,62.76,-1.875,-102.75,16.854,paper_rcm_log_20260616_110935_960_8218.csv,22.77904328018186,Unknown,Unknown,0.0,0.7361398196766352,0.5344175298229498
15.8234,InsertionSequence,Done,1,0.59703,0.59689,1.0,161.149,3.147,2.716,0.027222,0.0,0.0,2.084,0.0,-3.994,-26.376,62.826,-1.877,-102.741,16.857,paper_rcm_log_20260616_110935_960_8218.csv,22.88329519450832,Unknown,Unknown,0.0,0.7066589593837829,0.2661646451663876
15.8537,InsertionSequence,Done,1,0.59702,0.59689,1.0,161.15,3.115,2.688,0.026942,0.0,0.0,2.062,0.0,-3.994,-26.403,62.869,-1.879,-102.735,16.858,paper_rcm_log_20260616_110935_960_8218.csv,33.00330033003252,Unknown,Unknown,0.0,0.7081364875225995,0.17566726093914828
15.8964,InsertionSequence,Done,1,0.59702,0.59689,1.0,161.152,3.066,2.647,0.026528,0.0,0.0,2.03,0.0,-3.993,-26.443,62.934,-1.881,-102.727,16.861,paper_rcm_log_20260616_110935_960_8218.csv,23.419203747072622,Unknown,Unknown,0.0,0.7180209452887139,0.11192872802951943
15.9399,InsertionSequence,Done,1,0.59702,0.59689,1.0,161.154,3.02,2.606,0.026119,0.0,0.0,1.999,0.0,-3.993,-26.482,62.997,-1.884,-102.718,16.863,paper_rcm_log_20260616_110935_960_8218.csv,22.988505747126503,Unknown,Unknown,0.0,0.6990231736793971,0.2941793835637505
15.9831,InsertionSequence,Done,1,0.59702,0.59689,1.0,161.156,2.973,2.566,0.025717,0.0,0.0,1.968,0.0,-3.993,-26.521,63.059,-1.886,-102.71,16.865,paper_rcm_log_20260616_110935_960_8218.csv,23.148148148147843,Unknown,Unknown,0.0,0.693677506374118,0.44140042881264047
16.0259,InsertionSequence,Done,1,0.59701,0.59689,1.0,161.158,2.927,2.527,0.025321,0.0,0.0,1.938,0.0,-3.993,-26.559,63.12,-1.889,-102.702,16.867,paper_rcm_log_20260616_110935_960_8218.csv,23.36448598130856,Unknown,Unknown,0.0,0.6629624097552801,0.42277143749576473
16.0561,InsertionSequence,Done,1,0.59701,0.59689,1.0,161.159,2.897,2.501,0.02506,0.0,0.0,1.918,0.0,-3.992,-26.584,63.16,-1.89,-102.696,16.869,paper_rcm_log_20260616_110935_960_8218.csv,33.11258278145622,Unknown,Unknown,0.0,0.6575723129987472,0.1151367027544623
16.0989,InsertionSequence,Done,1,0.59701,0.59689,1.0,161.161,2.852,2.462,0.024673,0.0,0.0,1.888,0.0,-3.992,-26.621,63.22,-1.893,-102.688,16.871,paper_rcm_log_20260616_110935_960_8218.csv,23.36448598130856,Unknown,Unknown,0.0,0.6740215075956023,0.14939077298261633
16.1411,InsertionSequence,Done,1,0.597,0.59689,1.0,161.163,2.808,2.424,0.024292,0.0,0.0,1.859,0.0,-3.992,-26.658,63.278,-1.895,-102.68,16.873,paper_rcm_log_20260616_110935_960_8218.csv,23.696682464454344,Unknown,Unknown,0.0,0.6506839043313667,0.5432201394591888
16.1857,InsertionSequence,Done,1,0.597,0.59689,1.0,161.164,2.765,2.386,0.023917,0.0,0.0,1.831,0.0,-3.992,-26.694,63.336,-1.897,-102.672,16.875,paper_rcm_log_20260616_110935_960_8218.csv,22.42152466367759,Unknown,Unknown,0.0,0.6276280147636608,0.555271056921383
16.2297,InsertionSequence,Done,1,0.597,0.59689,1.0,161.166,2.722,2.35,0.023547,0.0,0.0,1.802,0.0,-3.991,-26.729,63.393,-1.899,-102.664,16.877,paper_rcm_log_20260616_110935_960_8218.csv,22.727272727272478,Unknown,Unknown,0.0,0.6030738522590302,0.34047852234172915
16.2603,InsertionSequence,Done,1,0.597,0.59689,1.0,161.167,2.694,2.326,0.023304,0.0,0.0,1.784,0.0,-3.991,-26.752,63.43,-1.901,-102.658,16.878,paper_rcm_log_20260616_110935_960_8218.csv,32.679738562091785,Unknown,Unknown,0.0,0.5982046661821301,0.16956944725168976
16.3045,InsertionSequence,Done,1,0.597,0.59689,1.0,161.169,2.652,2.289,0.022943,0.0,0.0,1.756,0.0,-3.991,-26.787,63.486,-1.903,-102.651,16.88,paper_rcm_log_20260616_110935_960_8218.csv,22.624434389140262,Unknown,Unknown,0.0,0.6009727621725452,0.12702571536068188
16.3492,InsertionSequence,Done,1,0.59699,0.59689,1.0,161.171,2.611,2.254,0.022588,0.0,0.0,1.729,0.0,-3.991,-26.821,63.54,-1.905,-102.643,16.882,paper_rcm_log_20260616_110935_960_8218.csv,22.371364653244424,Unknown,Unknown,0.0,0.5899424717374886,0.18174302072270912
16.3936,InsertionSequence,Done,1,0.59699,0.59689,1.0,161.172,2.57,2.219,0.022238,0.0,0.0,1.702,0.0,-3.99,-26.855,63.594,-1.907,-102.635,16.884,paper_rcm_log_20260616_110935_960_8218.csv,22.52252252252275,Unknown,Unknown,0.0,0.5857402472986168,0.13160138792193635
16.4373,InsertionSequence,Done,1,0.59699,0.59689,1.0,161.174,2.531,2.184,0.021893,0.0,0.0,1.676,0.0,-3.99,-26.888,63.646,-1.909,-102.628,16.886,paper_rcm_log_20260616_110935_960_8218.csv,22.88329519450739,Unknown,Unknown,0.0,0.5797277316484211,0.4227471202081417
16.4807,InsertionSequence,Done,1,0.59699,0.59689,1.0,161.175,2.492,2.151,0.021554,0.0,0.0,1.65,0.0,-3.99,-26.92,63.698,-1.911,-102.62,16.888,paper_rcm_log_20260616_110935_960_8218.csv,23.041474654378767,Unknown,Unknown,0.0,0.5499238721846091,0.8683077275599234
16.5286,InsertionSequence,Done,1,0.59698,0.59689,1.0,161.177,2.453,2.118,0.02122,0.0,0.0,1.624,0.0,-3.99,-26.952,63.749,-1.913,-102.613,16.889,paper_rcm_log_20260616_110935_960_8218.csv,20.87682672233731,Unknown,Unknown,0.0,0.4995279827547706,0.31258160540351076
16.5624,InsertionSequence,Done,1,0.59698,0.59689,1.0,161.178,2.428,2.095,0.020999,0.0,0.0,1.607,0.0,-3.989,-26.973,63.783,-1.915,-102.608,16.89,paper_rcm_log_20260616_110935_960_8218.csv,29.585798816568584,Unknown,Unknown,0.0,0.5089387815130045,0.38943206984889095
16.5929,InsertionSequence,Done,1,0.59698,0.59689,1.0,161.179,2.403,2.074,0.020781,0.0,0.0,1.591,0.0,-3.989,-26.994,63.816,-1.916,-102.603,16.892,paper_rcm_log_20260616_110935_960_8218.csv,32.78688524590167,Unknown,Unknown,0.0,0.5195317922274535,0.16083131401171247
16.6402,InsertionSequence,Done,1,0.59698,0.59689,1.0,161.18,2.365,2.042,0.020459,0.0,0.0,1.566,0.0,-3.989,-27.025,63.865,-1.918,-102.595,16.893,paper_rcm_log_20260616_110935_960_8218.csv,21.141649048625837,Unknown,Unknown,0.0,0.49027835076576315,0.29385235438069013
16.6725,InsertionSequence,Done,1,0.59698,0.59689,1.0,161.181,2.341,2.02,0.020246,0.0,0.0,1.55,0.0,-3.989,-27.045,63.897,-1.919,-102.591,16.894,paper_rcm_log_20260616_110935_960_8218.csv,30.959752321982066,Unknown,Unknown,0.0,0.4884891840684673,0.46947424101296004
16.7038,InsertionSequence,Done,1,0.59698,0.59689,1.0,161.182,2.317,1.999,0.020036,0.0,0.0,1.534,0.0,-3.989,-27.065,63.929,-1.92,-102.586,16.895,paper_rcm_log_20260616_110935_960_8218.csv,31.948881789135687,Unknown,Unknown,0.0,0.5181926126814319,0.6395226413898147
16.7464,InsertionSequence,Done,1,0.59697,0.59689,1.0,161.183,2.28,1.968,0.019724,0.0,0.0,1.51,0.0,-3.988,-27.095,63.977,-1.922,-102.579,16.897,paper_rcm_log_20260616_110935_960_8218.csv,23.47417840375576,Unknown,Unknown,0.0,0.5259523684723024,0.09421274963054511
16.7909,InsertionSequence,Done,1,0.59697,0.59689,1.0,161.184,2.245,1.938,0.019418,0.0,0.0,1.486,0.0,-3.988,-27.124,64.023,-1.924,-102.572,16.899,paper_rcm_log_20260616_110935_960_8218.csv,22.471910112359897,Unknown,Unknown,0.0,0.5111965905990058,0.13873607434264212
16.8341,InsertionSequence,Done,1,0.59697,0.59689,1.0,161.186,2.21,1.907,0.019115,0.0,0.0,1.463,0.0,-3.988,-27.153,64.069,-1.926,-102.565,16.9,paper_rcm_log_20260616_110935_960_8218.csv,23.148148148148795,Unknown,Unknown,0.0,0.5155929718473954,0.2752122496999504
16.8774,InsertionSequence,Done,1,0.59697,0.59689,1.0,161.187,2.175,1.878,0.018817,0.0,0.0,1.44,0.0,-3.988,-27.181,64.115,-1.928,-102.558,16.902,paper_rcm_log_20260616_110935_960_8218.csv,23.09468822170788,Unknown,Unknown,0.0,0.48785227345690485,0.3940457655628627
16.9077,InsertionSequence,Done,1,0.59697,0.59689,1.0,161.188,2.152,1.859,0.018621,0.0,0.0,1.425,0.0,-3.988,-27.2,64.144,-1.929,-102.554,16.903,paper_rcm_log_20260616_110935_960_8218.csv,33.003300330036396,Unknown,Unknown,0.0,0.48364157971916366,0.13940195353748888
16.9505,InsertionSequence,Done,1,0.59697,0.59689,1.0,161.189,2.119,1.829,0.018331,0.0,0.0,1.403,0.0,-3.987,-27.228,64.188,-1.93,-102.547,16.904,paper_rcm_log_20260616_110935_960_8218.csv,23.364485981306622,Unknown,Unknown,0.0,0.4909187296030543,0.13300244145888102
16.9942,InsertionSequence,Done,1,0.59696,0.59689,1.0,161.19,2.086,1.801,0.018046,0.0,0.0,1.381,0.0,-3.987,-27.255,64.231,-1.932,-102.54,16.906,paper_rcm_log_20260616_110935_960_8218.csv,22.88329519450925,Unknown,Unknown,0.0,0.47932320436360903,0.2430406008513085
17.0378,InsertionSequence,Done,1,0.59696,0.59689,1.0,161.191,2.053,1.773,0.017764,0.0,0.0,1.36,0.0,-3.987,-27.282,64.274,-1.934,-102.534,16.907,paper_rcm_log_20260616_110935_960_8218.csv,22.935779816513016,Unknown,Unknown,0.0,0.47111671699869384,0.22915771354961556
17.0818,InsertionSequence,Done,1,0.59696,0.59689,1.0,161.192,2.022,1.745,0.017486,0.0,0.0,1.338,0.0,-3.987,-27.308,64.316,-1.935,-102.527,16.908,paper_rcm_log_20260616_110935_960_8218.csv,22.727272727272478,Unknown,Unknown,0.0,0.46036207886077396,0.18903552636289334
17.1255,InsertionSequence,Done,1,0.59696,0.59689,1.0,161.193,1.991,1.717,0.017213,0.0,0.0,1.317,0.0,-3.986,-27.334,64.357,-1.937,-102.521,16.91,paper_rcm_log_20260616_110935_960_8218.csv,22.88329519450925,Unknown,Unknown,0.0,0.4576182278752654,0.7158525751018469
17.1692,InsertionSequence,Done,1,0.59696,0.59689,1.0,161.194,1.959,1.691,0.016944,0.0,0.0,1.297,0.0,-3.986,-27.36,64.398,-1.939,-102.515,16.911,paper_rcm_log_20260616_110935_960_8218.csv,22.88329519450739,Unknown,Unknown,0.0,0.3981818225892336,1.4130920722323999
17.2054,InsertionSequence,Done,1,0.59696,0.59689,1.0,161.195,1.939,1.673,0.016768,0.0,0.0,1.283,0.0,-3.986,-27.376,64.424,-1.94,-102.51,16.912,paper_rcm_log_20260616_110935_960_8218.csv,27.624309392264507,Unknown,Unknown,0.0,0.34575606622267274,1.9189291281177774
17.2438,InsertionSequence,Done,1,0.59695,0.59689,1.0,161.196,1.919,1.655,0.016593,0.0,0.0,1.27,0.0,-3.986,-27.393,64.451,-1.941,-102.506,16.913,paper_rcm_log_20260616_110935_960_8218.csv,26.041666666667126,Unknown,Unknown,0.0,0.2530709862551994,0.7226053889604647
17.282,InsertionSequence,Done,1,0.59695,0.59689,1.0,161.196,1.909,1.647,0.016506,0.0,0.0,1.263,0.0,-3.986,-27.401,64.464,-1.941,-102.504,16.913,paper_rcm_log_20260616_110935_960_8218.csv,26.17801047120433,Unknown,Unknown,0.0,0.29024463819277263,2.033298418584333
17.3259,InsertionSequence,Done,1,0.59695,0.59689,1.0,161.197,1.878,1.622,0.016248,0.0,0.0,1.243,0.0,-3.986,-27.426,64.503,-1.943,-102.498,16.914,paper_rcm_log_20260616_110935_960_8218.csv,22.77904328018186,Unknown,Unknown,0.0,0.43288177379195153,1.5311639250001543
17.3689,InsertionSequence,Done,1,0.59695,0.59689,1.0,161.198,1.849,1.596,0.015993,0.0,0.0,1.224,0.0,-3.986,-27.45,64.541,-1.944,-102.492,16.916,paper_rcm_log_20260616_110935_960_8218.csv,23.255813953488772,Unknown,Unknown,0.0,0.42614888743155455,0.20942882419190928
17.4129,InsertionSequence,Done,1,0.59695,0.59689,1.0,161.199,1.82,1.571,0.015743,0.0,0.0,1.205,0.0,-3.985,-27.474,64.579,-1.946,-102.486,16.917,paper_rcm_log_20260616_110935_960_8218.csv,22.727272727272478,Unknown,Unknown,0.0,0.41611736506259506,0.23441015286709885
17.4566,InsertionSequence,Done,1,0.59695,0.59689,1.0,161.2,1.791,1.546,0.015497,0.0,0.0,1.186,0.0,-3.985,-27.497,64.616,-1.947,-102.48,16.918,paper_rcm_log_20260616_110935_960_8218.csv,22.88329519450739,Unknown,Unknown,0.0,0.4071308438579694,0.2001870744363161
17.5003,InsertionSequence,Done,1,0.59695,0.59689,1.0,161.201,1.764,1.522,0.015254,0.0,0.0,1.168,0.0,-3.985,-27.52,64.652,-1.948,-102.474,16.919,paper_rcm_log_20260616_110935_960_8218.csv,22.88329519450925,Unknown,Unknown,0.0,0.40061224132377427,0.15026699553299666
17.5445,InsertionSequence,Done,1,0.59695,0.59689,1.0,161.201,1.736,1.498,0.015015,0.0,0.0,1.149,0.0,-3.985,-27.543,64.688,-1.95,-102.469,16.921,paper_rcm_log_20260616_110935_960_8218.csv,22.624434389140262,Unknown,Unknown,0.0,0.39645197159104995,0.2110983109297103
17.5877,InsertionSequence,Done,1,0.59695,0.59689,1.0,161.202,1.709,1.475,0.01478,0.0,0.0,1.131,0.0,-3.985,-27.565,64.723,-1.951,-102.463,16.922,paper_rcm_log_20260616_110935_960_8218.csv,23.14814814814689,Unknown,Unknown,0.0,0.38937268205072745,0.1337372676147824
17.618,InsertionSequence,Done,1,0.59694,0.59689,1.0,161.203,1.691,1.46,0.014625,0.0,0.0,1.119,0.0,-3.984,-27.58,64.747,-1.952,-102.459,16.922,paper_rcm_log_20260616_110935_960_8218.csv,33.003300330036396,Unknown,Unknown,0.0,0.38751244682770636,0.18829758351861967
17.6607,InsertionSequence,Done,1,0.59694,0.59689,1.0,161.204,1.665,1.436,0.014395,0.0,0.0,1.102,0.0,-3.984,-27.602,64.781,-1.953,-102.454,16.924,paper_rcm_log_20260616_110935_960_8218.csv,23.419203747072622,Unknown,Unknown,0.0,0.3843634850874997,0.30780736174735873
17.7044,InsertionSequence,Done,1,0.59694,0.59689,1.0,161.205,1.639,1.414,0.01417,0.0,0.0,1.085,0.0,-3.984,-27.623,64.815,-1.955,-102.448,16.925,paper_rcm_log_20260616_110935_960_8218.csv,22.88329519450739,Unknown,Unknown,0.0,0.36239714712295035,0.22755645560943527
17.7349,InsertionSequence,Done,1,0.59694,0.59689,1.0,161.205,1.621,1.399,0.014021,0.0,0.0,1.073,0.0,-3.984,-27.637,64.837,-1.956,-102.445,16.925,paper_rcm_log_20260616_110935_960_8218.csv,32.78688524590167,Unknown,Unknown,0.0,0.3627471512430724,0.15166556995390928
17.7776,InsertionSequence,Done,1,0.59694,0.59689,1.0,161.206,1.596,1.377,0.013801,0.0,0.0,1.056,0.0,-3.984,-27.658,64.87,-1.957,-102.439,16.926,paper_rcm_log_20260616_110935_960_8218.csv,23.419203747072622,Unknown,Unknown,0.0,0.36860994633323846,0.1351458630811089
17.8216,InsertionSequence,Done,1,0.59694,0.59689,1.0,161.207,1.571,1.355,0.013584,0.0,0.0,1.04,0.0,-3.984,-27.679,64.902,-1.958,-102.434,16.927,paper_rcm_log_20260616_110935_960_8218.csv,22.727272727272478,Unknown,Unknown,0.0,0.3610686961475012,0.12435336399320816
17.8644,InsertionSequence,Done,1,0.59694,0.59689,1.0,161.207,1.546,1.334,0.013371,0.0,0.0,1.023,0.0,-3.983,-27.699,64.934,-1.959,-102.429,16.929,paper_rcm_log_20260616_110935_960_8218.csv,23.36448598130856,Unknown,Unknown,0.0,0.3647697633377416,0.26855066468735256
17.9071,InsertionSequence,Done,1,0.59694,0.59689,1.0,161.208,1.521,1.314,0.013161,0.0,0.0,1.007,0.0,-3.983,-27.719,64.966,-1.961,-102.423,16.93,paper_rcm_log_20260616_110935_960_8218.csv,23.419203747072622,Unknown,Unknown,0.0,0.34116480660286064,0.35216189617568666
17.9374,InsertionSequence,Done,1,0.59694,0.59689,1.0,161.209,1.506,1.299,0.013023,0.0,0.0,0.997,0.0,-3.983,-27.732,64.986,-1.961,-102.42,16.93,paper_rcm_log_20260616_110935_960_8218.csv,33.00330033003252,Unknown,Unknown,0.0,0.33628754197817606,0.11587501470485681
17.9798,InsertionSequence,Done,1,0.59694,0.59689,1.0,161.209,1.482,1.279,0.012818,0.0,0.0,0.981,0.0,-3.983,-27.751,65.017,-1.963,-102.415,16.931,paper_rcm_log_20260616_110935_960_8218.csv,23.584905660376993,Unknown,Unknown,0.0,0.34087116632967107,0.08010420575922812
18.0246,InsertionSequence,Done,1,0.59693,0.59689,1.0,161.21,1.459,1.259,0.012617,0.0,0.0,0.966,0.0,-3.983,-27.77,65.047,-1.964,-102.41,16.932,paper_rcm_log_20260616_110935_960_8218.csv,22.32142857142926,Unknown,Unknown,0.0,0.3369843458986949,0.0981616891503315
18.0669,InsertionSequence,Done,1,0.59693,0.59689,1.0,161.211,1.436,1.239,0.012418,0.0,0.0,0.95,0.0,-3.983,-27.789,65.077,-1.965,-102.405,16.933,paper_rcm_log_20260616_110935_960_8218.csv,23.640661938533782,Unknown,Unknown,0.0,0.3400595219565414,0.27372924290984707
18.1098,InsertionSequence,Done,1,0.59693,0.59689,1.0,161.211,1.414,1.219,0.012223,0.0,0.0,0.935,0.0,-3.982,-27.808,65.106,-1.966,-102.4,16.934,paper_rcm_log_20260616_110935_960_8218.csv,23.310023310023585,Unknown,Unknown,0.0,0.3141335716198377,0.36264935914852975
18.1407,InsertionSequence,Done,1,0.59693,0.59689,1.0,161.212,1.399,1.206,0.012094,0.0,0.0,0.926,0.0,-3.982,-27.82,65.125,-1.967,-102.397,16.935,paper_rcm_log_20260616_110935_960_8218.csv,32.36245954692657,Unknown,Unknown,0.0,0.3089912076892891,0.11701925873510612
18.1835,InsertionSequence,Done,1,0.59693,0.59689,1.0,161.212,1.376,1.188,0.011904,0.0,0.0,0.911,0.0,-3.982,-27.838,65.153,-1.968,-102.392,16.936,paper_rcm_log_20260616_110935_960_8218.csv,23.36448598130856,Unknown,Unknown,0.0,0.31555539189118315,0.11630727307611353
18.227,InsertionSequence,Done,1,0.59693,0.59689,1.0,161.213,1.355,1.169,0.011717,0.0,0.0,0.897,0.0,-3.982,-27.855,65.181,-1.969,-102.388,16.936,paper_rcm_log_20260616_110935_960_8218.csv,22.988505747125565,Unknown,Unknown,0.0,0.3147905392041478,0.08889724287601854
18.27,InsertionSequence,Done,1,0.59693,0.59689,1.0,161.214,1.334,1.15,0.011532,0.0,0.0,0.883,0.0,-3.982,-27.873,65.209,-1.97,-102.383,16.937,paper_rcm_log_20260616_110935_960_8218.csv,23.255813953488772,Unknown,Unknown,0.0,0.314082402808264,0.31682469014194314
18.3128,InsertionSequence,Done,1,0.59693,0.59689,1.0,161.214,1.313,1.132,0.01135,0.0,0.0,0.869,0.0,-3.982,-27.89,65.236,-1.971,-102.378,16.938,paper_rcm_log_20260616_110935_960_8218.csv,23.36448598130856,Unknown,Unknown,0.0,0.2896428250110415,0.2646070216300854
18.3431,InsertionSequence,Done,1,0.59693,0.59689,1.0,161.215,1.298,1.121,0.011231,0.0,0.0,0.86,0.0,-3.982,-27.901,65.253,-1.972,-102.375,16.939,paper_rcm_log_20260616_110935_960_8218.csv,33.00330033003252,Unknown,Unknown,0.0,0.2897374364780761,0.1822901164469955
18.3857,InsertionSequence,Done,1,0.59693,0.59689,1.0,161.215,1.278,1.103,0.011054,0.0,0.0,0.846,0.0,-3.981,-27.918,65.28,-1.973,-102.371,16.94,paper_rcm_log_20260616_110935_960_8218.csv,23.47417840375576,Unknown,Unknown,0.0,0.2988844339012085,0.10797948505763988
18.4292,InsertionSequence,Done,1,0.59693,0.59689,1.0,161.216,1.258,1.085,0.01088,0.0,0.0,0.833,0.0,-3.981,-27.934,65.306,-1.974,-102.367,16.94,paper_rcm_log_20260616_110935_960_8218.csv,22.988505747125565,Unknown,Unknown,0.0,0.2910656240129873,0.18816276591161724
18.4719,InsertionSequence,Done,1,0.59692,0.59689,1.0,161.216,1.238,1.068,0.010708,0.0,0.0,0.819,0.0,-3.981,-27.951,65.331,-1.975,-102.362,16.941,paper_rcm_log_20260616_110935_960_8218.csv,23.419203747072622,Unknown,Unknown,0.0,0.28796736529289296,0.17709621950364043
18.5152,InsertionSequence,Done,1,0.59692,0.59689,1.0,161.217,1.218,1.052,0.01054,0.0,0.0,0.807,0.0,-3.981,-27.967,65.356,-1.976,-102.358,16.942,paper_rcm_log_20260616_110935_960_8218.csv,23.094688221709774,Unknown,Unknown,0.0,0.2780346405240171,0.2222352130574607
18.5592,InsertionSequence,Done,1,0.59692,0.59689,1.0,161.218,1.2,1.035,0.010373,0.0,0.0,0.794,0.0,-3.981,-27.982,65.381,-1.977,-102.354,16.943,paper_rcm_log_20260616_110935_960_8218.csv,22.727272727272478,Unknown,Unknown,0.0,0.2697683233456997,0.3521911944700622
18.6039,InsertionSequence,Done,1,0.59692,0.59689,1.0,161.218,1.181,1.018,0.010209,0.0,0.0,0.781,0.0,-3.981,-27.998,65.405,-1.978,-102.35,16.944,paper_rcm_log_20260616_110935_960_8218.csv,22.371364653244424,Unknown,Unknown,0.0,0.24779412716056481,0.48167498228985745
18.6372,InsertionSequence,Done,1,0.59692,0.59689,1.0,161.218,1.169,1.008,0.010102,0.0,0.0,0.773,0.0,-3.981,-28.008,65.421,-1.978,-102.347,16.944,paper_rcm_log_20260616_110935_960_8218.csv,30.030030030029533,Unknown,Unknown,0.0,0.23232049140236705,0.33179489751151975
18.6711,InsertionSequence,Done,1,0.59692,0.59689,1.0,161.219,1.156,0.997,0.009995,0.0,0.0,0.765,0.0,-3.981,-28.018,65.437,-1.979,-102.344,16.945,paper_rcm_log_20260616_110935_960_8218.csv,29.49852507374705,Unknown,Unknown,0.0,0.22618071674123089,0.14673815101109036
18.7047,InsertionSequence,Done,1,0.59692,0.59689,1.0,161.219,1.143,0.987,0.00989,0.0,0.0,0.757,0.0,-3.981,-28.028,65.452,-1.979,-102.341,16.945,paper_rcm_log_20260616_110935_960_8218.csv,29.761904761904894,Unknown,Unknown,0.0,0.23494864831046725,0.415107052021474
18.7361,InsertionSequence,Done,1,0.59692,0.59689,1.0,161.219,1.132,0.976,0.009786,0.0,0.0,0.749,0.0,-3.98,-28.038,65.468,-1.98,-102.339,16.946,paper_rcm_log_20260616_110935_960_8218.csv,31.847133757960336,Unknown,Unknown,0.0,0.24933228384909967,0.1343306838067813
18.7802,InsertionSequence,Done,1,0.59692,0.59689,1.0,161.22,1.114,0.961,0.009631,0.0,0.0,0.737,0.0,-3.98,-28.052,65.491,-1.981,-102.335,16.946,paper_rcm_log_20260616_110935_960_8218.csv,22.67573696145112,Unknown,Unknown,0.0,0.23234855495672893,0.37392214692654585
18.8146,InsertionSequence,Done,1,0.59692,0.59689,1.0,161.22,1.102,0.951,0.009529,0.0,0.0,0.729,0.0,-3.98,-28.062,65.506,-1.981,-102.332,16.947,paper_rcm_log_20260616_110935_960_8218.csv,29.069767441862165,Unknown,Unknown,0.0,0.22020343979849677,0.1575651206473412
18.8468,InsertionSequence,Done,1,0.59692,0.59689,1.0,161.221,1.091,0.94,0.009429,0.0,0.0,0.722,0.0,-3.98,-28.071,65.521,-1.982,-102.33,16.947,paper_rcm_log_20260616_110935_960_8218.csv,31.055900621115008,Unknown,Unknown,0.0,0.22883706206561835,0.35060901969726405
18.8773,InsertionSequence,Done,1,0.59692,0.59689,1.0,161.221,1.079,0.931,0.009329,0.0,0.0,0.714,0.0,-3.98,-28.081,65.535,-1.983,-102.327,16.948,paper_rcm_log_20260616_110935_960_8218.csv,32.78688524590167,Unknown,Unknown,0.0,0.23962772294923768,0.28393678714225884
18.9208,InsertionSequence,Done,1,0.59692,0.59689,1.0,161.221,1.062,0.916,0.009182,0.0,0.0,0.702,0.0,-3.98,-28.095,65.557,-1.983,-102.323,16.948,paper_rcm_log_20260616_110935_960_8218.csv,22.988505747127444,Unknown,Unknown,0.0,0.2434685534267929,0.12877014318467825
18.9647,InsertionSequence,Done,1,0.59692,0.59689,1.0,161.222,1.046,0.901,0.009037,0.0,0.0,0.692,0.0,-3.98,-28.108,65.579,-1.984,-102.32,16.949,paper_rcm_log_20260616_110935_960_8218.csv,22.77904328018186,Unknown,Unknown,0.0,0.24205979214593737,0.1546312178720177
19.0074,InsertionSequence,Done,1,0.59692,0.59689,1.0,161.222,1.029,0.887,0.008894,0.0,0.0,0.681,0.0,-3.98,-28.122,65.6,-1.985,-102.316,16.95,paper_rcm_log_20260616_110935_960_8218.csv,23.419203747072622,Unknown,Unknown,0.0,0.23621823511516069,0.2131502854587257
19.0508,InsertionSequence,Done,1,0.59692,0.59689,1.0,161.223,1.013,0.873,0.008753,0.0,0.0,0.67,0.0,-3.98,-28.135,65.62,-1.986,-102.312,16.95,paper_rcm_log_20260616_110935_960_8218.csv,23.041474654378767,Unknown,Unknown,0.0,0.2249205682404835,0.37278767171305205
19.0966,InsertionSequence,Done,1,0.59692,0.59689,1.0,161.223,0.996,0.86,0.008615,0.0,0.0,0.659,0.0,-3.979,-28.148,65.641,-1.987,-102.309,16.951,paper_rcm_log_20260616_110935_960_8218.csv,21.834061135371254,Unknown,Unknown,0.0,0.20377732616733724,0.6101363254259545
19.1312,InsertionSequence,Done,1,0.59692,0.59689,1.0,161.223,0.986,0.851,0.008524,0.0,0.0,0.652,0.0,-3.979,-28.157,65.654,-1.987,-102.306,16.952,paper_rcm_log_20260616_110935_960_8218.csv,28.901734104045346,Unknown,Unknown,0.0,0.17901256710302396,1.0694158779014487
19.171,InsertionSequence,Done,1,0.59691,0.59689,1.0,161.224,0.976,0.841,0.008433,0.0,0.0,0.646,0.0,-3.979,-28.165,65.668,-1.988,-102.304,16.952,paper_rcm_log_20260616_110935_960_8218.csv,25.12562814070376,Unknown,Unknown,0.0,0.12127227487346899,0.34600278419188046
19.2094,InsertionSequence,Done,1,0.59691,0.59689,1.0,161.224,0.971,0.837,0.008389,0.0,0.0,0.642,0.0,-3.979,-28.169,65.674,-1.988,-102.303,16.952,paper_rcm_log_20260616_110935_960_8218.csv,26.041666666667126,Unknown,Unknown,0.0,0.14899474286761802,1.156614077572889
19.2525,InsertionSequence,Done,1,0.59691,0.59689,1.0,161.224,0.955,0.823,0.008256,0.0,0.0,0.632,0.0,-3.979,-28.182,65.694,-1.989,-102.299,16.953,paper_rcm_log_20260616_110935_960_8218.csv,23.20185614849049,Unknown,Unknown,0.0,0.21944549257300774,0.7468277857181406
19.2967,InsertionSequence,Done,1,0.59691,0.59689,1.0,161.224,0.94,0.811,0.008126,0.0,0.0,0.622,0.0,-3.979,-28.194,65.713,-1.989,-102.296,16.953,paper_rcm_log_20260616_110935_960_8218.csv,22.624434389140262,Unknown,Unknown,0.0,0.2119625338321515,0.10709614408083085
19.3399,InsertionSequence,Done,1,0.59691,0.59689,1.0,161.225,0.925,0.798,0.007997,0.0,0.0,0.612,0.0,-3.979,-28.206,65.732,-1.99,-102.293,16.954,paper_rcm_log_20260616_110935_960_8218.csv,23.148148148148795,Unknown,Unknown,0.0,0.21315256377972205,0.11417477255724363
19.384,InsertionSequence,Done,1,0.59691,0.59689,1.0,161.225,0.91,0.785,0.00787,0.0,0.0,0.602,0.0,-3.979,-28.218,65.751,-1.991,-102.289,16.955,paper_rcm_log_20260616_110935_960_8218.csv,22.67573696145112,Unknown,Unknown,0.0,0.20520442559561808,0.19742231715008832
19.4289,InsertionSequence,Done,1,0.59691,0.59689,1.0,161.226,0.896,0.772,0.007746,0.0,0.0,0.592,0.0,-3.979,-28.23,65.769,-1.992,-102.286,16.955,paper_rcm_log_20260616_110935_960_8218.csv,22.2717149220498,Unknown,Unknown,0.0,0.19781153820581043,0.1774030946046969
19.4742,InsertionSequence,Done,1,0.59691,0.59689,1.0,161.226,0.882,0.76,0.007623,0.0,0.0,0.583,0.0,-3.979,-28.242,65.787,-1.992,-102.283,16.956,paper_rcm_log_20260616_110935_960_8218.csv,22.075055187637478,Unknown,Unknown,0.0,0.1901718620546746,0.14824406637807913
19.5051,InsertionSequence,Done,1,0.59691,0.59689,1.0,161.226,0.873,0.752,0.007542,0.0,0.0,0.577,0.0,-3.979,-28.249,65.799,-1.993,-102.281,16.956,paper_rcm_log_20260616_110935_960_8218.csv,32.36245954692657,Unknown,Unknown,0.0,0.1895549897855265,0.07856401369078944
19.5497,InsertionSequence,Done,1,0.59691,0.59689,1.0,161.227,0.858,0.741,0.007423,0.0,0.0,0.568,0.0,-3.979,-28.26,65.817,-1.993,-102.278,16.957,paper_rcm_log_20260616_110935_960_8218.csv,22.421524663675804,Unknown,Unknown,0.0,0.19333927140293383,0.0978126718899937
19.5937,InsertionSequence,Done,1,0.59691,0.59689,1.0,161.227,0.845,0.729,0.007305,0.0,0.0,0.559,0.0,-3.978,-28.271,65.834,-1.994,-102.274,16.957,paper_rcm_log_20260616_110935_960_8218.csv,22.72727272727431,Unknown,Unknown,0.0,0.19069234591719128,0.13116931328194922
19.6375,InsertionSequence,Done,1,0.59691,0.59689,1.0,161.228,0.832,0.717,0.00719,0.0,0.0,0.55,0.0,-3.978,-28.282,65.851,-1.995,-102.272,16.958,paper_rcm_log_20260616_110935_960_8218.csv,22.83105022831001,Unknown,Unknown,0.0,0.18796759968760648,0.09094631601139683
19.6824,InsertionSequence,Done,1,0.59691,0.59689,1.0,161.228,0.819,0.706,0.007076,0.0,0.0,0.541,0.0,-3.978,-28.293,65.868,-1.995,-102.269,16.958,paper_rcm_log_20260616_110935_960_8218.csv,22.271714922048037,Unknown,Unknown,0.0,0.1866587277187543,0.11357482952152502
19.7253,InsertionSequence,Done,1,0.59691,0.59689,1.0,161.228,0.806,0.694,0.006963,0.0,0.0,0.533,0.0,-3.978,-28.304,65.884,-1.996,-102.266,16.959,paper_rcm_log_20260616_110935_960_8218.csv,23.310023310023585,Unknown,Unknown,0.0,0.18205462305482734,0.13094835787233522
19.7695,InsertionSequence,Done,1,0.59691,0.59689,1.0,161.228,0.792,0.684,0.006853,0.0,0.0,0.525,0.0,-3.978,-28.314,65.9,-1.997,-102.263,16.959,paper_rcm_log_20260616_110935_960_8218.csv,22.624434389140262,Unknown,Unknown,0.0,0.17673700344568163,0.06927510817061276
19.8,InsertionSequence,Done,1,0.59691,0.59689,1.0,161.228,0.784,0.677,0.006781,0.0,0.0,0.519,0.0,-3.978,-28.321,65.911,-1.997,-102.261,16.96,paper_rcm_log_20260616_110935_960_8218.csv,32.78688524590167,Unknown,Unknown,0.0,0.17790531608748386,0.10466704067475131
19.8435,InsertionSequence,Done,1,0.59691,0.59689,1.0,161.229,0.772,0.666,0.006673,0.0,0.0,0.511,0.0,-3.978,-28.331,65.927,-1.998,-102.258,16.96,paper_rcm_log_20260616_110935_960_8218.csv,22.988505747127444,Unknown,Unknown,0.0,0.16524892802343122,0.4985308426107674
19.8762,InsertionSequence,Done,1,0.59691,0.59689,1.0,161.229,0.764,0.658,0.006602,0.0,0.0,0.505,0.0,-3.978,-28.338,65.937,-1.998,-102.256,16.961,paper_rcm_log_20260616_110935_960_8218.csv,30.58103975534986,Unknown,Unknown,0.0,0.14410384397564935,0.3572410484206139
19.9155,InsertionSequence,Done,1,0.59691,0.59689,1.0,161.229,0.756,0.651,0.006532,0.0,0.0,0.5,0.0,-3.978,-28.344,65.948,-1.998,-102.254,16.961,paper_rcm_log_20260616_110935_960_8218.csv,25.445292620864635,Unknown,Unknown,0.0,0.14494211390157338,0.2184273937258256
19.9479,InsertionSequence,Done,1,0.59691,0.59689,1.0,161.229,0.748,0.644,0.006463,0.0,0.0,0.495,0.0,-3.978,-28.351,65.958,-1.999,-102.252,16.961,paper_rcm_log_20260616_110935_960_8218.csv,30.86419753086506,Unknown,Unknown,0.0,0.15415012270019862,0.17083442298242316
19.9792,InsertionSequence,Done,1,0.59691,0.59689,1.0,161.229,0.74,0.637,0.006395,0.0,0.0,0.489,0.0,-3.978,-28.357,65.968,-1.999,-102.251,16.961,paper_rcm_log_20260616_110935_960_8218.csv,31.948881789139314,Unknown,Unknown,0.0,0.13926919200475796,0.309897564167634
20.0187,InsertionSequence,Done,1,0.59691,0.59689,1.0,161.23,0.732,0.631,0.006327,0.0,0.0,0.484,0.0,-3.978,-28.363,65.978,-2.0,-102.249,16.962,paper_rcm_log_20260616_110935_960_8218.csv,25.316455696202333,Unknown,Unknown,0.0,0.1372431925208693,0.20497282753762555
20.0524,InsertionSequence,Done,1,0.59691,0.59689,1.0,161.23,0.724,0.625,0.00626,0.0,0.0,0.479,0.0,-3.978,-28.37,65.988,-2.0,-102.247,16.962,paper_rcm_log_20260616_110935_960_8218.csv,29.673590504451376,Unknown,Unknown,0.0,0.14495015172200879,0.13776109987502422
20.0844,InsertionSequence,Done,1,0.59691,0.59689,1.0,161.23,0.716,0.618,0.006193,0.0,0.0,0.474,0.0,-3.978,-28.376,65.997,-2.0,-102.245,16.962,paper_rcm_log_20260616_110935_960_8218.csv,31.24999999999997,Unknown,Unknown,0.0,0.14298707944982075,0.20465560247104217
20.1177,InsertionSequence,Done,1,0.59691,0.59689,1.0,161.23,0.709,0.611,0.006128,0.0,0.0,0.469,0.0,-3.977,-28.382,66.007,-2.001,-102.243,16.963,paper_rcm_log_20260616_110935_960_8218.csv,30.030030030029533,Unknown,Unknown,0.0,0.14354059818109766,0.20202572504678826
20.149,InsertionSequence,Done,1,0.59691,0.59689,1.0,161.231,0.702,0.605,0.006063,0.0,0.0,0.464,0.0,-3.977,-28.388,66.016,-2.001,-102.242,16.963,paper_rcm_log_20260616_110935_960_8218.csv,31.948881789135687,Unknown,Unknown,0.0,0.14587671369898128,0.14059782728434933
20.1811,InsertionSequence,Done,1,0.59691,0.59689,1.0,161.23,0.694,0.598,0.005998,0.0,0.0,0.459,0.0,-3.977,-28.394,66.026,-2.001,-102.24,16.963,paper_rcm_log_20260616_110935_960_8218.csv,31.15264797507808,Unknown,Unknown,0.0,0.14439134868970666,0.19506964860871706
20.2137,InsertionSequence,Done,1,0.59691,0.59689,1.0,161.231,0.687,0.591,0.005935,0.0,0.0,0.454,0.0,-3.977,-28.4,66.035,-2.002,-102.238,16.964,paper_rcm_log_20260616_110935_960_8218.csv,30.67484662576816,Unknown,Unknown,0.0,0.13787783562395306,0.1671982915260027
20.2459,InsertionSequence,Done,1,0.5969,0.59689,1.0,161.231,0.68,0.585,0.005871,0.0,0.0,0.449,0.0,-3.977,-28.406,66.044,-2.002,-102.237,16.964,paper_rcm_log_20260616_110935_960_8218.csv,31.055900621118436,Unknown,Unknown,0.0,0.14372094593079746,0.18197051245880294
20.2781,InsertionSequence,Done,1,0.5969,0.59689,1.0,161.231,0.672,0.579,0.005809,0.0,0.0,0.445,0.0,-3.977,-28.412,66.054,-2.002,-102.235,16.964,paper_rcm_log_20260616_110935_960_8218.csv,31.055900621118436,Unknown,Unknown,0.0,0.14525789107954543,0.2417552231783866
20.3101,InsertionSequence,Done,1,0.5969,0.59689,1.0,161.231,0.665,0.573,0.005747,0.0,0.0,0.44,0.0,-3.977,-28.418,66.063,-2.003,-102.233,16.964,paper_rcm_log_20260616_110935_960_8218.csv,31.24999999999997,Unknown,Unknown,0.0,0.13168274523857096,0.45456000620171977
20.3466,InsertionSequence,Done,1,0.5969,0.59689,1.0,161.232,0.658,0.567,0.005687,0.0,0.0,0.435,0.0,-3.977,-28.424,66.072,-2.003,-102.232,16.965,paper_rcm_log_20260616_110935_960_8218.csv,27.397260273972453,Unknown,Unknown,0.0,0.1156037045812775,0.31076729256561475
20.3824,InsertionSequence,Done,1,0.5969,0.59689,1.0,161.232,0.65,0.562,0.005626,0.0,0.0,0.431,0.0,-3.977,-28.429,66.08,-2.003,-102.23,16.965,paper_rcm_log_20260616_110935_960_8218.csv,27.93296089385332,Unknown,Unknown,0.0,0.11060980638459493,0.171284017580629
20.4228,InsertionSequence,Done,1,0.5969,0.59689,1.0,161.232,0.644,0.555,0.005567,0.0,0.0,0.426,0.0,-3.977,-28.435,66.089,-2.004,-102.228,16.965,paper_rcm_log_20260616_110935_960_8218.csv,24.752475247525847,Unknown,Unknown,0.0,0.10442938554969754,0.10069806357372829
20.4663,InsertionSequence,Done,1,0.5969,0.59689,1.0,161.232,0.637,0.549,0.005508,0.0,0.0,0.422,0.0,-3.977,-28.44,66.098,-2.004,-102.227,16.966,paper_rcm_log_20260616_110935_960_8218.csv,22.988505747125565,Unknown,Unknown,0.0,0.10870866038890788,0.09322705150760505
20.5014,InsertionSequence,Done,1,0.5969,0.59689,1.0,161.232,0.631,0.543,0.005449,0.0,0.0,0.417,0.0,-3.977,-28.446,66.106,-2.004,-102.225,16.966,paper_rcm_log_20260616_110935_960_8218.csv,28.490028490028564,Unknown,Unknown,0.0,0.10441257524802834,0.17697047051497633
20.5511,InsertionSequence,Done,1,0.5969,0.59689,1.0,161.232,0.624,0.537,0.005391,0.0,0.0,0.412,0.0,-3.977,-28.451,66.115,-2.005,-102.224,16.966,paper_rcm_log_20260616_110935_960_8218.csv,20.12072434607589,Unknown,Unknown,0.0,0.09484496688352238,0.21211012017652142
20.5914,InsertionSequence,Done,1,0.5969,0.59689,1.0,161.232,0.618,0.532,0.005334,0.0,0.0,0.408,0.0,-3.977,-28.457,66.123,-2.005,-102.222,16.966,paper_rcm_log_20260616_110935_960_8218.csv,24.813895781638674,Unknown,Unknown,0.0,0.11422154907557944,0.3665544270561233
20.6255,InsertionSequence,Done,1,0.5969,0.59689,1.0,161.233,0.611,0.526,0.005277,0.0,0.0,0.404,0.0,-3.977,-28.462,66.132,-2.005,-102.221,16.967,paper_rcm_log_20260616_110935_960_8218.csv,29.325513196482067,Unknown,Unknown,0.0,0.12234544889917685,0.14650347500124192
20.6581,InsertionSequence,Done,1,0.5969,0.59689,1.0,161.233,0.604,0.52,0.005221,0.0,0.0,0.4,0.0,-3.977,-28.467,66.14,-2.006,-102.219,16.967,paper_rcm_log_20260616_110935_960_8218.csv,30.67484662576482,Unknown,Unknown,0.0,0.11364422902274664,0.20778538587206494
20.6948,InsertionSequence,Done,1,0.5969,0.59689,1.0,161.233,0.598,0.515,0.005166,0.0,0.0,0.396,0.0,-3.977,-28.472,66.148,-2.006,-102.218,16.967,paper_rcm_log_20260616_110935_960_8218.csv,27.247956403269953,Unknown,Unknown,0.0,0.11553161910087703,0.16340812120964235
20.7281,InsertionSequence,Done,1,0.5969,0.59689,1.0,161.233,0.591,0.51,0.005111,0.0,0.0,0.391,0.0,-3.977,-28.478,66.156,-2.006,-102.216,16.967,paper_rcm_log_20260616_110935_960_8218.csv,30.030030030029533,Unknown,Unknown,0.0,0.12126154308925463,0.17070392600199621
20.7611,InsertionSequence,Done,1,0.5969,0.59689,1.0,161.233,0.584,0.505,0.005057,0.0,0.0,0.387,0.0,-3.977,-28.483,66.164,-2.007,-102.215,16.968,paper_rcm_log_20260616_110935_960_8218.csv,30.30303030303242,Unknown,Unknown,0.0,0.1123044169390534,0.36938361139766906
20.7982,InsertionSequence,Done,1,0.5969,0.59689,1.0,161.234,0.579,0.499,0.005003,0.0,0.0,0.383,0.0,-3.977,-28.488,66.172,-2.007,-102.213,16.968,paper_rcm_log_20260616_110935_960_8218.csv,26.954177897572414,Unknown,Unknown,0.0,0.09629423231796434,0.3957000561777496
20.8396,InsertionSequence,Done,1,0.5969,0.59689,1.0,161.234,0.573,0.494,0.00495,0.0,0.0,0.378,0.0,-3.976,-28.493,66.179,-2.007,-102.212,16.968,paper_rcm_log_20260616_110935_960_8218.csv,24.154589371981004,Unknown,Unknown,0.0,0.08351150183745329,0.13091580024690724
20.8882,InsertionSequence,Done,1,0.5969,0.59689,1.0,161.234,0.567,0.488,0.004897,0.0,0.0,0.375,0.0,-3.976,-28.498,66.187,-2.008,-102.21,16.968,paper_rcm_log_20260616_110935_960_8218.csv,20.57613168724262,Unknown,Unknown,0.0,0.10920214312305594,0.5444365913518845
20.9188,InsertionSequence,Done,1,0.5969,0.59689,1.0,161.234,0.561,0.483,0.004845,0.0,0.0,0.371,0.0,-3.976,-28.503,66.195,-2.008,-102.209,16.969,paper_rcm_log_20260616_110935_960_8218.csv,32.679738562091785,Unknown,Unknown,0.0,0.12551939425905817,0.2885389908620315
20.9624,InsertionSequence,Done,1,0.5969,0.59689,1.0,161.234,0.553,0.475,0.004768,0.0,0.0,0.365,0.0,-3.976,-28.51,66.206,-2.008,-102.207,16.969,paper_rcm_log_20260616_110935_960_8218.csv,22.935779816514884,Unknown,Unknown,0.0,0.12119406674791423,0.10649212298306049
21.0078,InsertionSequence,Done,1,0.5969,0.59689,1.0,161.234,0.544,0.467,0.004692,0.0,0.0,0.359,0.0,-3.976,-28.517,66.217,-2.009,-102.205,16.969,paper_rcm_log_20260616_110935_960_8218.csv,22.0264317180613,Unknown,Unknown,0.0,0.118198159392423,0.11254491613575641
21.0379,InsertionSequence,Done,1,0.5969,0.59689,1.0,161.234,0.537,0.463,0.004642,0.0,0.0,0.355,0.0,-3.976,-28.522,66.224,-2.009,-102.204,16.97,paper_rcm_log_20260616_110935_960_8218.csv,33.22259136212525,Unknown,Unknown,0.0,0.11933277794403203,0.11515740956943295
21.0822,InsertionSequence,Done,1,0.5969,0.59689,1.0,161.234,0.528,0.456,0.004568,0.0,0.0,0.349,0.0,-3.976,-28.529,66.235,-2.009,-102.202,16.97,paper_rcm_log_20260616_110935_960_8218.csv,22.573363431151353,Unknown,Unknown,0.0,0.12006419490049743,0.09749769523187117
21.1259,InsertionSequence,Done,1,0.5969,0.59689,1.0,161.235,0.52,0.449,0.004496,0.0,0.0,0.344,0.0,-3.976,-28.535,66.246,-2.01,-102.2,16.97,paper_rcm_log_20260616_110935_960_8218.csv,22.88329519450739,Unknown,Unknown,0.0,0.11705575326638411,0.09204170060876835
21.1696,InsertionSequence,Done,1,0.5969,0.59689,1.0,161.235,0.512,0.441,0.004424,0.0,0.0,0.338,0.0,-3.976,-28.542,66.256,-2.01,-102.198,16.971,paper_rcm_log_20260616_110935_960_8218.csv,22.88329519450925,Unknown,Unknown,0.0,0.11925645030283494,0.17676466795969573
21.2135,InsertionSequence,Done,1,0.5969,0.59689,1.0,161.235,0.504,0.434,0.004354,0.0,0.0,0.333,0.0,-3.976,-28.549,66.267,-2.011,-102.196,16.971,paper_rcm_log_20260616_110935_960_8218.csv,22.77904328018186,Unknown,Unknown,0.0,0.10240636049727334,0.4302259911459704
21.2479,InsertionSequence,Done,1,0.5969,0.59689,1.0,161.235,0.499,0.429,0.004307,0.0,0.0,0.329,0.0,-3.976,-28.553,66.273,-2.011,-102.195,16.971,paper_rcm_log_20260616_110935_960_8218.csv,29.069767441859163,Unknown,Unknown,0.0,0.0871316453441886,0.5409644902833612
21.2863,InsertionSequence,Done,1,0.5969,0.59689,1.0,161.235,0.494,0.425,0.004262,0.0,0.0,0.326,0.0,-3.976,-28.557,66.28,-2.011,-102.193,16.971,paper_rcm_log_20260616_110935_960_8218.csv,26.041666666667126,Unknown,Unknown,0.0,0.06319569882180695,0.18084581526145085
21.3243,InsertionSequence,Done,1,0.5969,0.59689,1.0,161.235,0.491,0.422,0.004239,0.0,0.0,0.324,0.0,-3.976,-28.559,66.283,-2.011,-102.193,16.972,paper_rcm_log_20260616_110935_960_8218.csv,26.315789473684035,Unknown,Unknown,0.0,0.08276571928141453,0.8359917055643608
21.3545,InsertionSequence,Done,1,0.5969,0.59689,1.0,161.236,0.486,0.418,0.004194,0.0,0.0,0.321,0.0,-3.976,-28.564,66.29,-2.012,-102.192,16.972,paper_rcm_log_20260616_110935_960_8218.csv,33.11258278145622,Unknown,Unknown,0.0,0.11495551522937918,0.5817450233368752
21.3978,InsertionSequence,Done,1,0.5969,0.59689,1.0,161.236,0.478,0.411,0.004127,0.0,0.0,0.315,0.0,-3.976,-28.57,66.3,-2.012,-102.19,16.972,paper_rcm_log_20260616_110935_960_8218.csv,23.094688221709774,Unknown,Unknown,0.0,0.1064912161746741,0.136173600053776
21.4421,InsertionSequence,Done,1,0.5969,0.59689,1.0,161.236,0.47,0.405,0.004062,0.0,0.0,0.311,0.0,-3.976,-28.576,66.309,-2.012,-102.188,16.972,paper_rcm_log_20260616_110935_960_8218.csv,22.573363431151353,Unknown,Unknown,0.0,0.10602915206078987,0.1006168774581367
21.4859,InsertionSequence,Done,1,0.5969,0.59689,1.0,161.236,0.462,0.399,0.003997,0.0,0.0,0.306,0.0,-3.976,-28.582,66.319,-2.013,-102.186,16.973,paper_rcm_log_20260616_110935_960_8218.csv,22.83105022831001,Unknown,Unknown,0.0,0.10018749181849682,0.17550434631606207
21.518,InsertionSequence,Done,1,0.5969,0.59689,1.0,161.236,0.457,0.395,0.003954,0.0,0.0,0.303,0.0,-3.976,-28.586,66.325,-2.013,-102.185,16.973,paper_rcm_log_20260616_110935_960_8218.csv,31.15264797507808,Unknown,Unknown,0.0,0.095954741377853,0.12150987269543412
21.5626,InsertionSequence,Done,1,0.5969,0.59689,1.0,161.236,0.45,0.388,0.003892,0.0,0.0,0.297,0.0,-3.976,-28.592,66.334,-2.013,-102.183,16.973,paper_rcm_log_20260616_110935_960_8218.csv,22.42152466367759,Unknown,Unknown,0.0,0.09800369011611249,0.1856494357510861
21.5935,InsertionSequence,Done,1,0.5969,0.59689,1.0,161.236,0.446,0.384,0.00385,0.0,0.0,0.295,0.0,-3.976,-28.596,66.34,-2.013,-102.182,16.973,paper_rcm_log_20260616_110935_960_8218.csv,32.36245954692657,Unknown,Unknown,0.0,0.09728658825685706,0.16588017007834874
21.624,InsertionSequence,Done,1,0.5969,0.59689,1.0,161.237,0.441,0.38,0.003809,0.0,0.0,0.291,0.0,-3.976,-28.6,66.346,-2.014,-102.181,16.974,paper_rcm_log_20260616_110935_960_8218.csv,32.78688524590167,Unknown,Unknown,0.0,0.09557336698308296,0.20332956326297613
21.6561,InsertionSequence,Done,1,0.5969,0.59689,1.0,161.236,0.436,0.376,0.003769,0.0,0.0,0.288,0.0,-3.976,-28.604,66.352,-2.014,-102.18,16.974,paper_rcm_log_20260616_110935_960_8218.csv,31.15264797507808,Unknown,Unknown,0.0,0.0893826916483118,0.1947175493423621
21.6881,InsertionSequence,Done,1,0.5969,0.59689,1.0,161.237,0.432,0.371,0.003729,0.0,0.0,0.285,0.0,-3.976,-28.607,66.358,-2.014,-102.179,16.974,paper_rcm_log_20260616_110935_960_8218.csv,31.24999999999997,Unknown,Unknown,0.0,0.09383814186362019,0.1379074226805023
21.7313,InsertionSequence,Done,1,0.5969,0.59689,1.0,161.237,0.425,0.366,0.003669,0.0,0.0,0.28,0.0,-3.975,-28.613,66.367,-2.014,-102.177,16.974,paper_rcm_log_20260616_110935_960_8218.csv,23.14814814814689,Unknown,Unknown,0.0,0.09559184786983277,0.12495351230487357
21.776,InsertionSequence,Done,1,0.5969,0.59689,1.0,161.237,0.419,0.359,0.00361,0.0,0.0,0.276,0.0,-3.975,-28.618,66.375,-2.015,-102.176,16.974,paper_rcm_log_20260616_110935_960_8218.csv,22.371364653244424,Unknown,Unknown,0.0,0.09153297362041579,0.10622175015572188
21.8193,InsertionSequence,Done,1,0.5969,0.59689,1.0,161.237,0.412,0.354,0.003553,0.0,0.0,0.272,0.0,-3.975,-28.624,66.383,-2.015,-102.174,16.975,paper_rcm_log_20260616_110935_960_8218.csv,23.094688221709774,Unknown,Unknown,0.0,0.09662705484789536,0.09557021517468446
21.8633,InsertionSequence,Done,1,0.5969,0.59689,1.0,161.237,0.405,0.349,0.003497,0.0,0.0,0.267,0.0,-3.975,-28.629,66.392,-2.015,-102.172,16.975,paper_rcm_log_20260616_110935_960_8218.csv,22.727272727272478,Unknown,Unknown,0.0,0.09355313485496249,0.0902434439687517
21.9064,InsertionSequence,Done,1,0.5969,0.59689,1.0,161.237,0.398,0.343,0.003441,0.0,0.0,0.263,0.0,-3.975,-28.634,66.4,-2.016,-102.171,16.975,paper_rcm_log_20260616_110935_960_8218.csv,23.20185614849049,Unknown,Unknown,0.0,0.09149726388408366,0.09197064921673208
21.9488,InsertionSequence,Done,1,0.5969,0.59689,1.0,161.237,0.392,0.338,0.003386,0.0,0.0,0.259,0.0,-3.975,-28.639,66.408,-2.016,-102.169,16.976,paper_rcm_log_20260616_110935_960_8218.csv,23.58490566037897,Unknown,Unknown,0.0,0.09059053913486734,0.11259899882346407
21.9927,InsertionSequence,Done,1,0.5969,0.59689,1.0,161.238,0.386,0.332,0.003332,0.0,0.0,0.255,0.0,-3.975,-28.644,66.416,-2.016,-102.168,16.976,paper_rcm_log_20260616_110935_960_8218.csv,22.77904328018186,Unknown,Unknown,0.0,0.08411971285334734,0.1363092956810688
22.037,InsertionSequence,Done,1,0.5969,0.59689,1.0,161.238,0.379,0.327,0.003279,0.0,0.0,0.25,0.0,-3.975,-28.649,66.423,-2.017,-102.167,16.976,paper_rcm_log_20260616_110935_960_8218.csv,22.573363431151353,Unknown,Unknown,0.0,0.08466351143666716,0.26863856014812476
22.0671,InsertionSequence,Done,1,0.5969,0.59689,1.0,161.238,0.376,0.323,0.003244,0.0,0.0,0.248,0.0,-3.975,-28.653,66.428,-2.017,-102.166,16.976,paper_rcm_log_20260616_110935_960_8218.csv,33.22259136212525,Unknown,Unknown,0.0,0.07179273093375275,0.47136655484979
22.1388,InsertionSequence,Done,1,0.5969,0.59689,1.0,161.238,0.372,0.32,0.00321,0.0,0.0,0.245,0.0,-3.975,-28.656,66.433,-2.017,-102.165,16.976,paper_rcm_log_20260616_110935_960_8218.csv,13.947001394700164,Unknown,Unknown,0.0,0.0326783202544793,0.13070914459788055
22.1864,InsertionSequence,Done,1,0.5969,0.59689,1.0,161.238,0.37,0.318,0.003193,0.0,0.0,0.245,0.0,-3.975,-28.658,66.436,-2.017,-102.164,16.976,paper_rcm_log_20260616_110935_960_8218.csv,21.008403361344893,Unknown,Unknown,0.0,0.05660905629093722,0.5506236871825667
22.2195,InsertionSequence,Done,1,0.5969,0.59689,1.0,161.238,0.366,0.314,0.003158,0.0,0.0,0.241,0.0,-3.975,-28.661,66.441,-2.017,-102.163,16.977,paper_rcm_log_20260616_110935_960_8218.csv,30.211480362536836,Unknown,Unknown,0.0,0.07575530856301425,0.3619716935704913
22.2505,InsertionSequence,Done,1,0.5969,0.59689,1.0,161.238,0.363,0.311,0.003125,0.0,0.0,0.239,0.0,-3.975,-28.664,66.446,-2.017,-102.162,16.977,paper_rcm_log_20260616_110935_960_8218.csv,32.258064516130275,Unknown,Unknown,0.0,0.0781883847969,0.16568413258472586
22.2815,InsertionSequence,Done,1,0.5969,0.59689,1.0,161.238,0.359,0.307,0.003091,0.0,0.0,0.237,0.0,-3.975,-28.667,66.451,-2.018,-102.161,16.977,paper_rcm_log_20260616_110935_960_8218.csv,32.25806451612658,Unknown,Unknown,0.0,0.07215929971779404,0.18183988036338386
22.3131,InsertionSequence,Done,1,0.5969,0.59689,1.0,161.238,0.355,0.304,0.003058,0.0,0.0,0.233,0.0,-3.975,-28.67,66.455,-2.018,-102.16,16.977,paper_rcm_log_20260616_110935_960_8218.csv,31.64556962025576,Unknown,Unknown,0.0,0.0716293771349121,0.17928372122371197
22.3436,InsertionSequence,Done,1,0.5969,0.59689,1.0,161.239,0.351,0.301,0.003026,0.0,0.0,0.232,0.0,-3.975,-28.673,66.46,-2.018,-102.16,16.977,paper_rcm_log_20260616_110935_960_8218.csv,32.78688524590167,Unknown,Unknown,0.0,0.07564946407587435,0.11471168312515595
22.3764,InsertionSequence,Done,1,0.5969,0.59689,1.0,161.238,0.347,0.298,0.002993,0.0,0.0,0.229,0.0,-3.975,-28.676,66.465,-2.018,-102.159,16.977,paper_rcm_log_20260616_110935_960_8218.csv,30.487804878047186,Unknown,Unknown,0.0,0.0745668459303714,0.20933708507806856
22.4084,InsertionSequence,Done,1,0.5969,0.59689,1.0,161.239,0.343,0.295,0.002962,0.0,0.0,0.226,0.0,-3.975,-28.679,66.47,-2.018,-102.158,16.977,paper_rcm_log_20260616_110935_960_8218.csv,31.24999999999997,Unknown,Unknown,0.0,0.07017457009944808,0.1852008288107266
22.441,InsertionSequence,Done,1,0.59689,0.59689,1.0,161.239,0.339,0.292,0.00293,0.0,0.0,0.224,0.0,-3.975,-28.682,66.474,-2.019,-102.157,16.978,paper_rcm_log_20260616_110935_960_8218.csv,30.67484662576816,Unknown,Unknown,0.0,0.07004661521169182,0.12055628918830746
22.4841,InsertionSequence,Done,1,0.5969,0.59689,1.0,161.239,0.333,0.288,0.002883,0.0,0.0,0.221,0.0,-3.975,-28.686,66.481,-2.019,-102.156,16.978,paper_rcm_log_20260616_110935_960_8218.csv,23.20185614849049,Unknown,Unknown,0.0,0.07884068612084012,0.13935222137934783
22.5285,InsertionSequence,Done,1,0.59689,0.59689,1.0,161.239,0.328,0.283,0.002838,0.0,0.0,0.217,0.0,-3.975,-28.691,66.488,-2.019,-102.154,16.978,paper_rcm_log_20260616_110935_960_8218.csv,22.52252252252275,Unknown,Unknown,0.0,0.07490507133402496,0.10777917296093603
22.5716,InsertionSequence,Done,1,0.59689,0.59689,1.0,161.239,0.323,0.278,0.002792,0.0,0.0,0.213,0.0,-3.975,-28.695,66.494,-2.019,-102.153,16.978,paper_rcm_log_20260616_110935_960_8218.csv,23.201856148492404,Unknown,Unknown,0.0,0.07462168732726815,0.1074500421360889
22.6133,InsertionSequence,Done,1,0.59689,0.59689,1.0,161.239,0.318,0.274,0.002748,0.0,0.0,0.21,0.0,-3.975,-28.699,66.501,-2.02,-102.152,16.979,paper_rcm_log_20260616_110935_960_8218.csv,23.980815347722547,Unknown,Unknown,0.0,0.07354483294512744,0.11050673537707176
22.658,InsertionSequence,Done,1,0.59689,0.59689,1.0,161.239,0.313,0.269,0.002704,0.0,0.0,0.207,0.0,-3.975,-28.703,66.507,-2.02,-102.151,16.979,paper_rcm_log_20260616_110935_960_8218.csv,22.371364653242644,Unknown,Unknown,0.0,0.06750027186019843,0.12842923746213222
22.7014,InsertionSequence,Done,1,0.59689,0.59689,1.0,161.239,0.309,0.265,0.002661,0.0,0.0,0.204,0.0,-3.975,-28.707,66.513,-2.02,-102.15,16.979,paper_rcm_log_20260616_110935_960_8218.csv,23.041474654378767,Unknown,Unknown,0.0,0.06611551478616898,0.08315848565594373
22.7337,InsertionSequence,Done,1,0.59689,0.59689,1.0,161.24,0.306,0.262,0.002632,0.0,0.0,0.201,0.0,-3.975,-28.71,66.517,-2.02,-102.149,16.979,paper_rcm_log_20260616_110935_960_8218.csv,30.959752321982066,Unknown,Unknown,0.0,0.07094504531213816,0.16633576803395544
22.7649,InsertionSequence,Done,1,0.59689,0.59689,1.0,161.24,0.302,0.259,0.002604,0.0,0.0,0.199,0.0,-3.975,-28.713,66.522,-2.02,-102.148,16.979,paper_rcm_log_20260616_110935_960_8218.csv,32.051282051280104,Unknown,Unknown,0.0,0.06909989133809646,0.15853776711460202
22.7959,InsertionSequence,Done,1,0.59689,0.59689,1.0,161.239,0.299,0.256,0.002577,0.0,0.0,0.198,0.0,-3.975,-28.715,66.526,-2.021,-102.147,16.979,paper_rcm_log_20260616_110935_960_8218.csv,32.258064516130275,Unknown,Unknown,0.0,0.06429613359716643,0.2813105610935241
22.8265,InsertionSequence,Done,1,0.59689,0.59689,1.0,161.24,0.296,0.253,0.002549,0.0,0.0,0.195,0.0,-3.975,-28.718,66.53,-2.021,-102.146,16.979,paper_rcm_log_20260616_110935_960_8218.csv,32.679738562091785,Unknown,Unknown,0.0,0.05699302616181538,0.23181575074274774
22.8591,InsertionSequence,Done,1,0.59689,0.59689,1.0,161.24,0.293,0.251,0.002522,0.0,0.0,0.193,0.0,-3.975,-28.72,66.533,-2.021,-102.146,16.98,paper_rcm_log_20260616_110935_960_8218.csv,30.67484662576482,Unknown,Unknown,0.0,0.055979357927078116,0.18680365133926308
22.8905,InsertionSequence,Done,1,0.59689,0.59689,1.0,161.24,0.289,0.249,0.002495,0.0,0.0,0.191,0.0,-3.975,-28.723,66.537,-2.021,-102.145,16.98,paper_rcm_log_20260616_110935_960_8218.csv,31.847133757963938,Unknown,Unknown,0.0,0.06382738366450481,0.18280518796967235
22.9207,InsertionSequence,Done,1,0.59689,0.59689,1.0,161.24,0.286,0.246,0.002468,0.0,0.0,0.188,0.0,-3.975,-28.725,66.541,-2.021,-102.144,16.98,paper_rcm_log_20260616_110935_960_8218.csv,33.11258278145622,Unknown,Unknown,0.0,0.0631054491721412,0.1498994262334579
22.9528,InsertionSequence,Done,1,0.59689,0.59689,1.0,161.24,0.283,0.243,0.002442,0.0,0.0,0.187,0.0,-3.975,-28.728,66.545,-2.021,-102.143,16.98,paper_rcm_log_20260616_110935_960_8218.csv,31.15264797507808,Unknown,Unknown,0.0,0.06212043777273915,0.20168304041385046
22.9833,InsertionSequence,Done,1,0.59689,0.59689,1.0,161.24,0.279,0.241,0.002416,0.0,0.0,0.185,0.0,-3.974,-28.73,66.549,-2.021,-102.143,16.98,paper_rcm_log_20260616_110935_960_8218.csv,32.78688524590167,Unknown,Unknown,0.0,0.06051209785166402,0.10335923303291834
23.0266,InsertionSequence,Done,1,0.59689,0.59689,1.0,161.24,0.275,0.237,0.002378,0.0,0.0,0.181,0.0,-3.974,-28.734,66.554,-2.022,-102.142,16.98,paper_rcm_log_20260616_110935_960_8218.csv,23.094688221709774,Unknown,Unknown,0.0,0.061133445918477,0.173386977816918
23.057,InsertionSequence,Done,1,0.59689,0.59689,1.0,161.24,0.272,0.235,0.002352,0.0,0.0,0.179,0.0,-3.974,-28.736,66.558,-2.022,-102.141,16.98,paper_rcm_log_20260616_110935_960_8218.csv,32.89473684210504,Unknown,Unknown,0.0,0.06491491379788802,0.12914039953145978
23.0996,InsertionSequence,Done,1,0.59689,0.59689,1.0,161.24,0.268,0.231,0.002315,0.0,0.0,0.176,0.0,-3.974,-28.74,66.564,-2.022,-102.14,16.981,paper_rcm_log_20260616_110935_960_8218.csv,23.47417840375576,Unknown,Unknown,0.0,0.06304603077953422,0.15211599606486712
23.1428,InsertionSequence,Done,1,0.59689,0.59689,1.0,161.24,0.264,0.227,0.002278,0.0,0.0,0.174,0.0,-3.974,-28.743,66.569,-2.022,-102.139,16.981,paper_rcm_log_20260616_110935_960_8218.csv,23.14814814814689,Unknown,Unknown,0.0,0.05278732399948829,0.055939922526925215
23.1729,InsertionSequence,Done,1,0.59689,0.59689,1.0,161.241,0.261,0.225,0.002254,0.0,0.0,0.172,0.0,-3.974,-28.745,66.572,-2.022,-102.138,16.981,paper_rcm_log_20260616_110935_960_8218.csv,33.22259136212917,Unknown,Unknown,0.0,0.05766213036654217,0.14899083163212953
23.2166,InsertionSequence,Done,1,0.59689,0.59689,1.0,161.24,0.257,0.221,0.002217,0.0,0.0,0.169,0.0,-3.974,-28.749,66.578,-2.022,-102.137,16.981,paper_rcm_log_20260616_110935_960_8218.csv,22.88329519450739,Unknown,Unknown,0.0,0.06179195936694668,0.23533145911927356
23.2603,InsertionSequence,Done,1,0.59689,0.59689,1.0,161.241,0.253,0.217,0.002182,0.0,0.0,0.167,0.0,-3.974,-28.752,66.583,-2.023,-102.136,16.981,paper_rcm_log_20260616_110935_960_8218.csv,22.88329519450739,Unknown,Unknown,0.0,0.038582310903421214,0.4521001973446992
23.2989,InsertionSequence,Done,1,0.59689,0.59689,1.0,161.241,0.252,0.216,0.00217,0.0,0.0,0.166,0.0,-3.974,-28.753,66.585,-2.023,-102.136,16.981,paper_rcm_log_20260616_110935_960_8218.csv,25.906735751296104,Unknown,Unknown,0.0,0.024014576213440494,0.21898159195154093
23.3594,InsertionSequence,Done,1,0.59689,0.59689,1.0,161.241,0.249,0.213,0.002147,0.0,0.0,0.164,0.0,-3.974,-28.755,66.588,-2.023,-102.135,16.981,paper_rcm_log_20260616_110935_960_8218.csv,16.528925619834407,Unknown,Unknown,0.0,0.026951260777820014,0.17433281076666726
23.3917,InsertionSequence,Done,1,0.59689,0.59689,1.0,161.241,0.248,0.212,0.002136,0.0,0.0,0.162,0.0,-3.974,-28.756,66.59,-2.023,-102.135,16.981,paper_rcm_log_20260616_110935_960_8218.csv,30.959752321982066,Unknown,Unknown,0.0,0.027782408687655323,0.14384554350502976
23.4219,InsertionSequence,Done,1,0.59689,0.59689,1.0,161.241,0.247,0.211,0.002124,0.0,0.0,0.162,0.0,-3.974,-28.758,66.591,-2.023,-102.135,16.981,paper_rcm_log_20260616_110935_960_8218.csv,33.11258278145622,Unknown,Unknown,0.0,0.029355439081788278,0.20818872137325567
23.4523,InsertionSequence,Done,1,0.59689,0.59689,1.0,161.241,0.245,0.21,0.002113,0.0,0.0,0.162,0.0,-3.974,-28.759,66.593,-2.023,-102.134,16.981,paper_rcm_log_20260616_110935_960_8218.csv,32.89473684210504,Unknown,Unknown,0.0,0.029414721918549068,0.19256794498927007
23.5143,InsertionSequence,Done,1,0.59689,0.59689,1.0,161.241,0.243,0.208,0.00209,0.0,0.0,0.159,0.0,-3.974,-28.761,66.596,-2.023,-102.134,16.982,paper_rcm_log_20260616_110935_960_8218.csv,16.129032258065138,Unknown,Unknown,0.0,0.028656790780823737,0.11715871335107264
23.5457,InsertionSequence,Done,1,0.59689,0.59689,1.0,161.241,0.242,0.206,0.002079,0.0,0.0,0.158,0.0,-3.974,-28.762,66.598,-2.023,-102.133,16.982,paper_rcm_log_20260616_110935_960_8218.csv,31.847133757960336,Unknown,Unknown,0.0,0.02429093573762257,0.15483048464892643
23.5773,InsertionSequence,Done,1,0.59689,0.59689,1.0,161.241,0.241,0.205,0.002068,0.0,0.0,0.158,0.0,-3.974,-28.763,66.599,-2.023,-102.133,16.982,paper_rcm_log_20260616_110935_960_8218.csv,31.645569620252203,Unknown,Unknown,0.0,0.023853123150542534,0.14310186159682847
23.6079,InsertionSequence,Done,1,0.59689,0.59689,1.0,161.241,0.239,0.204,0.002057,0.0,0.0,0.157,0.0,-3.974,-28.764,66.601,-2.023,-102.133,16.982,paper_rcm_log_20260616_110935_960_8218.csv,32.679738562091785,Unknown,Unknown,0.0,0.028599549490296163,0.07722287035932385
23.6414,InsertionSequence,Done,1,0.59689,0.59689,1.0,161.241,0.238,0.203,0.002046,0.0,0.0,0.156,0.0,-3.974,-28.765,66.603,-2.023,-102.133,16.982,paper_rcm_log_20260616_110935_960_8218.csv,29.85074626865664,Unknown,Unknown,0.0,0.026442113178237255,0.1122427417602968
23.7015,InsertionSequence,Done,1,0.59689,0.59689,1.0,161.241,0.235,0.201,0.002024,0.0,0.0,0.155,0.0,-3.974,-28.767,66.606,-2.024,-102.132,16.982,paper_rcm_log_20260616_110935_960_8218.csv,16.638935108153497,Unknown,Unknown,0.0,0.02514096107188811,0.02110398616866476
23.7642,InsertionSequence,Done,1,0.59689,0.59689,1.0,161.241,0.232,0.199,0.002002,0.0,0.0,0.153,0.0,-3.974,-28.769,66.609,-2.024,-102.131,16.982,paper_rcm_log_20260616_110935_960_8218.csv,15.94896331738449,Unknown,Unknown,0.0,0.027856753962315843,0.10232526507341537
23.7947,InsertionSequence,Done,1,0.59689,0.59689,1.0,161.241,0.232,0.198,0.001991,0.0,0.0,0.152,0.0,-3.974,-28.77,66.611,-2.024,-102.131,16.982,paper_rcm_log_20260616_110935_960_8218.csv,32.78688524590167,Unknown,Unknown,0.0,0.024173650879207326,0.10418526633489886
23.825,InsertionSequence,Done,1,0.59689,0.59689,1.0,161.241,0.23,0.197,0.001981,0.0,0.0,0.152,0.0,-3.974,-28.771,66.612,-2.024,-102.131,16.982,paper_rcm_log_20260616_110935_960_8218.csv,33.00330033003252,Unknown,Unknown,0.0,0.02482481362911834,0.10962656182953233
23.8559,InsertionSequence,Done,1,0.59689,0.59689,1.0,161.241,0.229,0.196,0.00197,0.0,0.0,0.149,0.0,-3.974,-28.772,66.614,-2.024,-102.13,16.982,paper_rcm_log_20260616_110935_960_8218.csv,32.36245954692657,Unknown,Unknown,0.0,0.024769827337252703,0.10743441660637522
23.8865,InsertionSequence,Done,1,0.59689,0.59689,1.0,161.242,0.228,0.195,0.001959,0.0,0.0,0.149,0.0,-3.974,-28.773,66.615,-2.024,-102.13,16.982,paper_rcm_log_20260616_110935_960_8218.csv,32.67973856208799,Unknown,Unknown,0.0,0.02405163634610104,0.05709196152780096
23.9171,InsertionSequence,Done,1,0.59689,0.59689,1.0,161.241,0.226,0.194,0.001949,0.0,0.0,0.149,0.0,-3.974,-28.774,66.617,-2.024,-102.13,16.982,paper_rcm_log_20260616_110935_960_8218.csv,32.679738562091785,Unknown,Unknown,0.0,0.02300184012235828,0.09799634015504766
23.9631,InsertionSequence,Done,1,0.59689,0.59689,1.0,161.241,0.225,0.193,0.001939,0.0,0.0,0.148,0.0,-3.974,-28.775,66.618,-2.024,-102.129,16.982,paper_rcm_log_20260616_110935_960_8218.csv,21.739130434782904,Unknown,Unknown,0.0,0.03388273554596796,0.43243199169436397
23.9938,InsertionSequence,Done,1,0.59689,0.59689,1.0,161.241,0.222,0.191,0.001918,0.0,0.0,0.147,0.0,-3.974,-28.777,66.621,-2.024,-102.129,16.982,paper_rcm_log_20260616_110935_960_8218.csv,32.573289902280656,Unknown,Unknown,0.0,0.05086155595598677,0.3391026005829222
24.0376,InsertionSequence,Done,1,0.59689,0.59689,1.0,161.242,0.218,0.188,0.001887,0.0,0.0,0.143,0.0,-3.974,-28.78,66.626,-2.024,-102.128,16.983,paper_rcm_log_20260616_110935_960_8218.csv,22.83105022831001,Unknown,Unknown,0.0,0.051487443841015154,0.12167816305417894
24.0818,InsertionSequence,Done,1,0.59689,0.59689,1.0,161.242,0.215,0.185,0.001858,0.0,0.0,0.141,0.0,-3.974,-28.783,66.63,-2.025,-102.127,16.983,paper_rcm_log_20260616_110935_960_8218.csv,22.624434389140262,Unknown,Unknown,0.0,0.04473101990138073,0.11557709044847374
24.1261,InsertionSequence,Done,1,0.59689,0.59689,1.0,161.241,0.211,0.183,0.001828,0.0,0.0,0.14,0.0,-3.974,-28.785,66.634,-2.025,-102.126,16.983,paper_rcm_log_20260616_110935_960_8218.csv,22.573363431151353,Unknown,Unknown,0.0,0.04432641218296641,0.08081349865036515
24.1693,InsertionSequence,Done,1,0.59689,0.59689,1.0,161.242,0.208,0.179,0.001799,0.0,0.0,0.137,0.0,-3.974,-28.788,66.638,-2.025,-102.126,16.983,paper_rcm_log_20260616_110935_960_8218.csv,23.148148148148795,Unknown,Unknown,0.0,0.04886459472810784,0.11750959313538681
24.1994,InsertionSequence,Done,1,0.59689,0.59689,1.0,161.242,0.206,0.177,0.001779,0.0,0.0,0.136,0.0,-3.974,-28.79,66.641,-2.025,-102.125,16.983,paper_rcm_log_20260616_110935_960_8218.csv,33.22259136212525,Unknown,Unknown,0.0,0.04782316141255396,0.09523971594991837
24.242,InsertionSequence,Done,1,0.59689,0.59689,1.0,161.242,0.203,0.174,0.001751,0.0,0.0,0.134,0.0,-3.974,-28.792,66.645,-2.025,-102.124,16.983,paper_rcm_log_20260616_110935_960_8218.csv,23.47417840375576,Unknown,Unknown,0.0,0.045352408255547136,0.10042508671271907
24.2861,InsertionSequence,Done,1,0.59689,0.59689,1.0,161.242,0.199,0.172,0.001723,0.0,0.0,0.131,0.0,-3.974,-28.795,66.649,-2.025,-102.123,16.983,paper_rcm_log_20260616_110935_960_8218.csv,22.67573696145112,Unknown,Unknown,0.0,0.047392291471741184,0.0955534773653641
24.3286,InsertionSequence,Done,1,0.59689,0.59689,1.0,161.242,0.197,0.169,0.001696,0.0,0.0,0.13,0.0,-3.974,-28.798,66.653,-2.025,-102.123,16.983,paper_rcm_log_20260616_110935_960_8218.csv,23.529411764705646,Unknown,Unknown,0.0,0.045763724105342254,0.1138647681283055
24.3717,InsertionSequence,Done,1,0.59689,0.59689,1.0,161.242,0.194,0.166,0.001669,0.0,0.0,0.127,0.0,-3.974,-28.8,66.657,-2.026,-102.122,16.984,paper_rcm_log_20260616_110935_960_8218.csv,23.201856148492404,Unknown,Unknown,0.0,0.045664648046385946,0.07530570342587596
24.4157,InsertionSequence,Done,1,0.59689,0.59689,1.0,161.242,0.191,0.163,0.001642,0.0,0.0,0.125,0.0,-3.974,-28.803,66.661,-2.026,-102.121,16.984,paper_rcm_log_20260616_110935_960_8218.csv,22.727272727272478,Unknown,Unknown,0.0,0.044507584127812576,0.09399064816958626
24.4586,InsertionSequence,Done,1,0.59689,0.59689,1.0,161.242,0.187,0.161,0.001616,0.0,0.0,0.124,0.0,-3.974,-28.805,66.665,-2.026,-102.121,16.984,paper_rcm_log_20260616_110935_960_8218.csv,23.310023310023585,Unknown,Unknown,0.0,0.04407631295958688,0.0760888660426366
24.5034,InsertionSequence,Done,1,0.59689,0.59689,1.0,161.242,0.185,0.158,0.00159,0.0,0.0,0.122,0.0,-3.974,-28.808,66.669,-2.026,-102.12,16.984,paper_rcm_log_20260616_110935_960_8218.csv,22.32142857142926,Unknown,Unknown,0.0,0.04106045500167885,0.08860618820571999
24.5458,InsertionSequence,Done,1,0.59689,0.59689,1.0,161.242,0.182,0.155,0.001564,0.0,0.0,0.119,0.0,-3.974,-28.81,66.672,-2.026,-102.119,16.984,paper_rcm_log_20260616_110935_960_8218.csv,23.584905660376993,Unknown,Unknown,0.0,0.03902772571526682,0.0755495437621447
24.59,InsertionSequence,Done,1,0.59689,0.59689,1.0,161.242,0.179,0.153,0.001539,0.0,0.0,0.117,0.0,-3.974,-28.812,66.676,-2.026,-102.118,16.984,paper_rcm_log_20260616_110935_960_8218.csv,22.624434389140262,Unknown,Unknown,0.0,0.04437022311628877,0.09294471598998678
24.6332,InsertionSequence,Done,1,0.59689,0.59689,1.0,161.242,0.176,0.151,0.001515,0.0,0.0,0.115,0.0,-3.974,-28.815,66.68,-2.026,-102.118,16.984,paper_rcm_log_20260616_110935_960_8218.csv,23.148148148148795,Unknown,Unknown,0.0,0.04115744153501545,0.17880098175369807
24.6765,InsertionSequence,Done,1,0.59689,0.59689,1.0,161.243,0.174,0.148,0.00149,0.0,0.0,0.114,0.0,-3.974,-28.817,66.683,-2.027,-102.117,16.984,paper_rcm_log_20260616_110935_960_8218.csv,23.09468822170788,Unknown,Unknown,0.0,0.03285948581320099,0.11308236288934952
24.7072,InsertionSequence,Done,1,0.59689,0.59689,1.0,161.243,0.172,0.146,0.001474,0.0,0.0,0.114,0.0,-3.974,-28.818,66.685,-2.027,-102.117,16.985,paper_rcm_log_20260616_110935_960_8218.csv,32.573289902280656,Unknown,Unknown,0.0,0.03803987464692842,0.19110834581060254
24.7501,InsertionSequence,Done,1,0.59689,0.59689,1.0,161.243,0.169,0.144,0.001451,0.0,0.0,0.11,0.0,-3.974,-28.821,66.689,-2.027,-102.116,16.985,paper_rcm_log_20260616_110935_960_8218.csv,23.310023310023585,Unknown,Unknown,0.0,0.04176001499966739,0.09343524343665333
24.7938,InsertionSequence,Done,1,0.59689,0.59689,1.0,161.242,0.165,0.142,0.001427,0.0,0.0,0.108,0.0,-3.974,-28.823,66.692,-2.027,-102.115,16.985,paper_rcm_log_20260616_110935_960_8218.csv,22.88329519450739,Unknown,Unknown,0.0,0.037845700431829304,0.07911938171096417
24.8377,InsertionSequence,Done,1,0.59689,0.59689,1.0,161.243,0.163,0.14,0.001405,0.0,0.0,0.107,0.0,-3.974,-28.825,66.696,-2.027,-102.115,16.985,paper_rcm_log_20260616_110935_960_8218.csv,22.77904328018186,Unknown,Unknown,0.0,0.037881565196040384,0.07532274925442975
24.8813,InsertionSequence,Done,1,0.59689,0.59689,1.0,161.243,0.16,0.138,0.001383,0.0,0.0,0.105,0.0,-3.974,-28.827,66.699,-2.027,-102.114,16.985,paper_rcm_log_20260616_110935_960_8218.csv,22.935779816514884,Unknown,Unknown,0.0,0.03491568330290077,0.04995919091904737
24.9252,InsertionSequence,Done,1,0.59689,0.59689,1.0,161.243,0.157,0.136,0.001361,0.0,0.0,0.103,0.0,-3.974,-28.829,66.702,-2.027,-102.113,16.985,paper_rcm_log_20260616_110935_960_8218.csv,22.77904328018186,Unknown,Unknown,0.0,0.03431525086002983,0.03697962383843727
24.9679,InsertionSequence,Done,1,0.59689,0.59689,1.0,161.242,0.154,0.134,0.001339,0.0,0.0,0.101,0.0,-3.974,-28.831,66.705,-2.027,-102.113,16.985,paper_rcm_log_20260616_110935_960_8218.csv,23.419203747072622,Unknown,Unknown,0.0,0.032829928918266665,0.08838708734993023
24.9982,InsertionSequence,Done,1,0.59689,0.59689,1.0,161.242,0.153,0.132,0.001325,0.0,0.0,0.101,0.0,-3.974,-28.832,66.707,-2.027,-102.112,16.985,paper_rcm_log_20260616_110935_960_8218.csv,33.00330033003252,Unknown,Unknown,0.0,0.03310355840327738,0.1072807999752316
25.0408,InsertionSequence,Done,1,0.59689,0.59689,1.0,161.243,0.151,0.13,0.001303,0.0,0.0,0.099,0.0,-3.974,-28.834,66.71,-2.028,-102.112,16.985,paper_rcm_log_20260616_110935_960_8218.csv,23.47417840375576,Unknown,Unknown,0.0,0.03562287938255786,0.09193461592777212
25.0832,InsertionSequence,Done,1,0.59689,0.59689,1.0,161.243,0.149,0.128,0.001283,0.0,0.0,0.099,0.0,-3.974,-28.836,66.713,-2.028,-102.111,16.986,paper_rcm_log_20260616_110935_960_8218.csv,23.584905660376993,Unknown,Unknown,0.0,0.03533887358241331,0.08000530284178697
25.1257,InsertionSequence,Done,1,0.59689,0.59689,1.0,161.243,0.146,0.126,0.001262,0.0,0.0,0.095,0.0,-3.974,-28.838,66.716,-2.028,-102.111,16.986,paper_rcm_log_20260616_110935_960_8218.csv,23.529411764707614,Unknown,Unknown,0.0,0.03496579313752314,0.08661152244847334
25.1682,InsertionSequence,Done,1,0.59689,0.59689,1.0,161.243,0.144,0.124,0.001242,0.0,0.0,0.095,0.0,-3.974,-28.84,66.719,-2.028,-102.11,16.986,paper_rcm_log_20260616_110935_960_8218.csv,23.529411764705646,Unknown,Unknown,0.0,0.029762429960453408,0.09813286348324812
25.2046,InsertionSequence,Done,1,0.59689,0.59689,1.0,161.242,0.142,0.123,0.001229,0.0,0.0,0.093,0.0,-3.974,-28.841,66.721,-2.028,-102.11,16.986,paper_rcm_log_20260616_110935_960_8218.csv,27.472527472527148,Unknown,Unknown,0.0,0.027300756643911003,0.036753191794953795
25.2438,InsertionSequence,Done,1,0.59689,0.59689,1.0,161.243,0.141,0.121,0.001216,0.0,0.0,0.093,0.0,-3.974,-28.843,66.723,-2.028,-102.109,16.986,paper_rcm_log_20260616_110935_960_8218.csv,25.510204081631993,Unknown,Unknown,0.0,0.029047662367166417,0.07955846003014565
25.2756,InsertionSequence,Done,1,0.59689,0.59689,1.0,161.243,0.14,0.12,0.001203,0.0,0.0,0.091,0.0,-3.974,-28.844,66.725,-2.028,-102.109,16.986,paper_rcm_log_20260616_110935_960_8218.csv,31.446540880502656,Unknown,Unknown,0.0,0.031068246244106253,0.04246931315477504
25.3191,InsertionSequence,Done,1,0.59689,0.59689,1.0,161.243,0.138,0.117,0.001183,0.0,0.0,0.091,0.0,-3.974,-28.846,66.728,-2.028,-102.108,16.986,paper_rcm_log_20260616_110935_960_8218.csv,22.988505747127444,Unknown,Unknown,0.0,0.02787343867536454,0.03452396969833212
25.3619,InsertionSequence,Done,1,0.59689,0.59689,1.0,161.244,0.136,0.115,0.001164,0.0,0.0,0.088,0.0,-3.974,-28.847,66.73,-2.028,-102.108,16.986,paper_rcm_log_20260616_110935_960_8218.csv,23.36448598130856,Unknown,Unknown,0.0,0.02836645906023245,0.10864166174717312
25.4044,InsertionSequence,Done,1,0.59689,0.59689,1.0,161.243,0.133,0.114,0.001146,0.0,0.0,0.088,0.0,-3.974,-28.849,66.733,-2.028,-102.107,16.986,paper_rcm_log_20260616_110935_960_8218.csv,23.529411764705646,Unknown,Unknown,0.0,0.03326008967055159,0.12234586877581023
25.4345,InsertionSequence,Done,1,0.59689,0.59689,1.0,161.243,0.132,0.113,0.001133,0.0,0.0,0.086,0.0,-3.974,-28.85,66.735,-2.029,-102.107,16.986,paper_rcm_log_20260616_110935_960_8218.csv,33.22259136212525,Unknown,Unknown,0.0,0.03302078984790717,0.09776798537711597
25.477,InsertionSequence,Done,1,0.59689,0.59689,1.0,161.243,0.13,0.111,0.001115,0.0,0.0,0.084,0.0,-3.974,-28.852,66.738,-2.029,-102.107,16.986,paper_rcm_log_20260616_110935_960_8218.csv,23.529411764705646,Unknown,Unknown,0.0,0.030552291272100095,0.13280671142776151
25.5216,InsertionSequence,Done,1,0.59689,0.59689,1.0,161.243,0.128,0.109,0.001098,0.0,0.0,0.082,0.0,-3.974,-28.854,66.74,-2.029,-102.106,16.986,paper_rcm_log_20260616_110935_960_8218.csv,22.42152466367759,Unknown,Unknown,0.0,0.02843606946900065,0.09218076712513387
25.5636,InsertionSequence,Done,1,0.59689,0.59689,1.0,161.244,0.126,0.107,0.00108,0.0,0.0,0.082,0.0,-3.974,-28.855,66.743,-2.029,-102.106,16.987,paper_rcm_log_20260616_110935_960_8218.csv,23.809523809522908,Unknown,Unknown,0.0,0.029242784143815745,0.07812182437660767
25.6066,InsertionSequence,Done,1,0.59689,0.59689,1.0,161.244,0.124,0.105,0.001063,0.0,0.0,0.082,0.0,-3.973,-28.857,66.745,-2.029,-102.105,16.987,paper_rcm_log_20260616_110935_960_8218.csv,23.255813953488772,Unknown,Unknown,0.0,0.028845081115186633,0.0971989763043845
25.6371,InsertionSequence,Done,1,0.59689,0.59689,1.0,161.244,0.123,0.104,0.001051,0.0,0.0,0.079,0.0,-3.973,-28.858,66.747,-2.029,-102.105,16.987,paper_rcm_log_20260616_110935_960_8218.csv,32.78688524590167,Unknown,Unknown,0.0,0.02881070478348969,0.07670942191568145
25.6792,InsertionSequence,Done,1,0.59689,0.59689,1.0,161.243,0.121,0.102,0.001034,0.0,0.0,0.079,0.0,-3.973,-28.86,66.749,-2.029,-102.104,16.987,paper_rcm_log_20260616_110935_960_8218.csv,23.752969121139376,Unknown,Unknown,0.0,0.027743346095459958,0.04092454140766578
25.7242,InsertionSequence,Done,1,0.59689,0.59689,1.0,161.243,0.119,0.101,0.001018,0.0,0.0,0.079,0.0,-3.973,-28.861,66.752,-2.029,-102.104,16.987,paper_rcm_log_20260616_110935_960_8218.csv,22.222222222223134,Unknown,Unknown,0.0,0.02581560345103371,0.04742433264479241
25.7734,InsertionSequence,Done,1,0.59689,0.59689,1.0,161.244,0.118,0.099,0.001001,0.0,0.0,0.074,0.0,-3.973,-28.863,66.754,-2.029,-102.103,16.987,paper_rcm_log_20260616_110935_960_8218.csv,20.325203252032924,Unknown,Unknown,0.0,0.023425123054145843,0.19333651726693538
25.8124,InsertionSequence,Done,1,0.59689,0.59689,1.0,161.244,0.117,0.097,0.000991,0.0,0.0,0.077,0.0,-3.973,-28.864,66.756,-2.029,-102.103,16.987,paper_rcm_log_20260616_110935_960_8218.csv,25.64102564102467,Unknown,Unknown,0.0,0.011733405608164174,0.10112064800011278
25.8516,InsertionSequence,Done,1,0.59689,0.59689,1.0,161.244,0.116,0.097,0.000985,0.0,0.0,0.074,0.0,-3.973,-28.864,66.756,-2.029,-102.103,16.987,paper_rcm_log_20260616_110935_960_8218.csv,25.510204081631993,Unknown,Unknown,0.0,0.01591172116303284,0.18246876757700486
25.8964,InsertionSequence,Done,1,0.59689,0.59689,1.0,161.244,0.114,0.095,0.000969,0.0,0.0,0.074,0.0,-3.973,-28.866,66.759,-2.029,-102.102,16.987,paper_rcm_log_20260616_110935_960_8218.csv,22.32142857142926,Unknown,Unknown,0.0,0.02717594819882258,0.09386242330960837
25.9422,InsertionSequence,Done,1,0.59689,0.59689,1.0,161.244,0.112,0.094,0.000954,0.0,0.0,0.071,0.0,-3.973,-28.867,66.761,-2.03,-102.102,16.987,paper_rcm_log_20260616_110935_960_8218.csv,21.834061135371254,Unknown,Unknown,0.0,0.020951402322706796,0.06737631597469097
25.9856,InsertionSequence,Done,1,0.59689,0.59689,1.0,161.244,0.109,0.093,0.000938,0.0,0.0,0.069,0.0,-3.973,-28.868,66.763,-2.03,-102.102,16.987,paper_rcm_log_20260616_110935_960_8218.csv,23.04147465437688,Unknown,Unknown,0.0,0.02380459657903875,0.09220648926922416
26.0295,InsertionSequence,Done,1,0.59689,0.59689,1.0,161.243,0.107,0.092,0.000923,0.0,0.0,0.069,0.0,-3.973,-28.87,66.765,-2.03,-102.101,16.987,paper_rcm_log_20260616_110935_960_8218.csv,22.779043280183704,Unknown,Unknown,0.0,0.02361759481180282,0.0038188627605820692
26.0739,InsertionSequence,Done,1,0.59689,0.59689,1.0,161.244,0.105,0.091,0.000909,0.0,0.0,0.069,0.0,-3.973,-28.871,66.767,-2.03,-102.101,16.987,paper_rcm_log_20260616_110935_960_8218.csv,22.52252252252275,Unknown,Unknown,0.0,0.023476817192356166,0.05792294189922787
26.1182,InsertionSequence,Done,1,0.59689,0.59689,1.0,161.244,0.104,0.089,0.000894,0.0,0.0,0.066,0.0,-3.973,-28.873,66.769,-2.03,-102.1,16.987,paper_rcm_log_20260616_110935_960_8218.csv,22.57336343114954,Unknown,Unknown,0.0,0.028202995493483353,0.10590759264743024
26.1488,InsertionSequence,Done,1,0.59689,0.59689,1.0,161.244,0.102,0.088,0.000885,0.0,0.0,0.066,0.0,-3.973,-28.874,66.771,-2.03,-102.1,16.987,paper_rcm_log_20260616_110935_960_8218.csv,32.679738562091785,Unknown,Unknown,0.0,0.026784497074092306,0.12519982896849377
26.1921,InsertionSequence,Done,1,0.59689,0.59689,1.0,161.244,0.1,0.087,0.000871,0.0,0.0,0.066,0.0,-3.973,-28.875,66.773,-2.03,-102.099,16.988,paper_rcm_log_20260616_110935_960_8218.csv,23.094688221709774,Unknown,Unknown,0.0,0.020358736218118016,0.11860141917579378
26.2225,InsertionSequence,Done,1,0.59689,0.59689,1.0,161.244,0.099,0.086,0.000862,0.0,0.0,0.066,0.0,-3.973,-28.876,66.774,-2.03,-102.099,16.988,paper_rcm_log_20260616_110935_960_8218.csv,32.89473684210504,Unknown,Unknown,0.0,0.020772178341786768,0.12361169818314982
26.2611,InsertionSequence,Done,1,0.59689,0.59689,1.0,161.244,0.098,0.086,0.000852,0.0,0.0,0.063,0.0,-3.973,-28.877,66.776,-2.03,-102.099,16.988,paper_rcm_log_20260616_110935_960_8218.csv,25.906735751296104,Unknown,Unknown,0.0,0.016673108551394634,0.07971361395549048
26.301,InsertionSequence,Done,1,0.59689,0.59689,1.0,161.243,0.097,0.085,0.000843,0.0,0.0,0.063,0.0,-3.973,-28.877,66.777,-2.03,-102.099,16.988,paper_rcm_log_20260616_110935_960_8218.csv,25.0626566416044,Unknown,Unknown,0.0,0.01720457573301509,0.06108349340210461
26.3452,InsertionSequence,Done,1,0.59689,0.59689,1.0,161.244,0.095,0.083,0.00083,0.0,0.0,0.063,0.0,-3.973,-28.879,66.779,-2.03,-102.098,16.988,paper_rcm_log_20260616_110935_960_8218.csv,22.624434389140262,Unknown,Unknown,0.0,0.017579105575987408,0.08702669944737519
26.376,InsertionSequence,Done,1,0.59689,0.59689,1.0,161.244,0.095,0.082,0.000821,0.0,0.0,0.063,0.0,-3.973,-28.879,66.78,-2.03,-102.098,16.988,paper_rcm_log_20260616_110935_960_8218.csv,32.46753246752949,Unknown,Unknown,0.0,0.014956667721857431,0.06961355103146347
26.4064,InsertionSequence,Done,1,0.59689,0.59689,1.0,161.244,0.094,0.081,0.000812,0.0,0.0,0.063,0.0,-3.973,-28.88,66.781,-2.03,-102.098,16.988,paper_rcm_log_20260616_110935_960_8218.csv,32.89473684210504,Unknown,Unknown,0.0,0.01991493800317094,0.1585153529664202
26.45,InsertionSequence,Done,1,0.59689,0.59689,1.0,161.245,0.093,0.08,0.000799,0.0,0.0,0.059,0.0,-3.973,-28.881,66.783,-2.03,-102.097,16.988,paper_rcm_log_20260616_110935_960_8218.csv,22.935779816514884,Unknown,Unknown,0.0,0.023450541921782316,0.05611833038280721
26.495,InsertionSequence,Done,1,0.59689,0.59689,1.0,161.245,0.091,0.078,0.000787,0.0,0.0,0.059,0.0,-3.973,-28.883,66.785,-2.03,-102.097,16.988,paper_rcm_log_20260616_110935_960_8218.csv,22.22222222222138,Unknown,Unknown,0.0,0.02277804683080063,0.07265054602642487
26.5395,InsertionSequence,Done,1,0.59689,0.59689,1.0,161.245,0.09,0.077,0.000774,0.0,0.0,0.059,0.0,-3.973,-28.884,66.787,-2.03,-102.097,16.988,paper_rcm_log_20260616_110935_960_8218.csv,22.471910112359897,Unknown,Unknown,0.0,0.02148674176341852,0.10004029363509682
26.5841,InsertionSequence,Done,1,0.59689,0.59689,1.0,161.244,0.088,0.076,0.000762,0.0,0.0,0.056,0.0,-3.973,-28.885,66.789,-2.031,-102.096,16.988,paper_rcm_log_20260616_110935_960_8218.csv,22.42152466367759,Unknown,Unknown,0.0,0.017819110507269528,0.1929963746782717
26.6274,InsertionSequence,Done,1,0.59689,0.59689,1.0,161.244,0.087,0.075,0.00075,0.0,0.0,0.056,0.0,-3.973,-28.886,66.79,-2.031,-102.096,16.988,paper_rcm_log_20260616_110935_960_8218.csv,23.09468822170788,Unknown,Unknown,0.0,0.005478618758360047,0.22048591539871817
26.6576,InsertionSequence,Done,1,0.59689,0.59689,1.0,161.244,0.087,0.075,0.00075,0.0,0.0,0.056,0.0,-3.973,-28.886,66.79,-2.031,-102.096,16.988,paper_rcm_log_20260616_110935_960_8218.csv,33.11258278146011,Unknown,Unknown,0.0,9.573668003502033e-14,0.09290364433139991
26.6893,InsertionSequence,Done,1,0.59689,0.59689,1.0,161.244,0.087,0.075,0.00075,0.0,0.0,0.056,0.0,-3.973,-28.886,66.79,-2.031,-102.096,16.988,paper_rcm_log_20260616_110935_960_8218.csv,31.54574132492041,Unknown,Unknown,0.0,2.320622857404618e-14,2.1627148110991467e-12
26.7203,InsertionSequence,Done,1,0.59689,0.59689,1.0,161.244,0.087,0.075,0.00075,0.0,0.0,0.056,0.0,-3.973,-28.886,66.79,-2.031,-102.096,16.988,paper_rcm_log_20260616_110935_960_8218.csv,32.25806451612658,Unknown,Unknown,0.0,9.585745575600442e-14,1.627209667611115e-12
26.7506,InsertionSequence,Done,1,0.59689,0.59689,1.0,161.244,0.087,0.075,0.00075,0.0,0.0,0.056,0.0,-3.973,-28.886,66.79,-2.031,-102.096,16.988,paper_rcm_log_20260616_110935_960_8218.csv,33.003300330036396,Unknown,Unknown,0.0,9.643725506921888e-14,2.374407928673285e-12
26.7872,InsertionSequence,Done,1,0.59689,0.59689,1.0,161.244,0.087,0.075,0.00075,0.0,0.0,0.056,0.0,-3.973,-28.886,66.79,-2.031,-102.096,16.988,paper_rcm_log_20260616_110935_960_8218.csv,27.322404371584724,Unknown,Unknown,0.0,9.586842782217165e-14,1.0398128068359866e-12
26.8209,InsertionSequence,Done,1,0.59689,0.59689,1.0,161.244,0.087,0.075,0.00075,0.0,0.0,0.056,0.0,-3.973,-28.886,66.79,-2.031,-102.096,16.988,paper_rcm_log_20260616_110935_960_8218.csv,29.673590504448246,Unknown,Unknown,0.0,0.0,3.5555436111279416e-13
26.8546,InsertionSequence,Done,1,0.59689,0.59689,1.0,161.244,0.087,0.075,0.00075,0.0,0.0,0.056,0.0,-3.973,-28.886,66.79,-2.031,-102.096,16.988,paper_rcm_log_20260616_110935_960_8218.csv,29.673590504451376,Unknown,Unknown,0.0,9.845568954283847e-14,2.3902353225102475e-13
26.8858,InsertionSequence,Done,1,0.59689,0.59689,1.0,161.244,0.087,0.075,0.00075,0.0,0.0,0.056,0.0,-3.973,-28.886,66.79,-2.031,-102.096,16.988,paper_rcm_log_20260616_110935_960_8218.csv,32.051282051283756,Unknown,Unknown,0.0,2.9007785717557725e-15,1.5577205398469726e-12
26.918,InsertionSequence,Done,1,0.59689,0.59689,1.0,161.244,0.087,0.075,0.00075,0.0,0.0,0.056,0.0,-3.973,-28.886,66.79,-2.031,-102.096,16.988,paper_rcm_log_20260616_110935_960_8218.csv,31.055900621118436,Unknown,Unknown,0.0,2.320622857404618e-14,1.5631883184683892e-12
26.9498,InsertionSequence,Done,1,0.59689,0.59689,1.0,161.244,0.087,0.075,0.00075,0.0,0.0,0.056,0.0,-3.973,-28.886,66.79,-2.031,-102.096,16.988,paper_rcm_log_20260616_110935_960_8218.csv,31.446540880502656,Unknown,Unknown,0.0,9.854111748909949e-14,3.955375268112581e-13
26.9822,InsertionSequence,Done,1,0.59689,0.59689,1.0,161.244,0.087,0.075,0.00075,0.0,0.0,0.056,0.0,-3.973,-28.886,66.79,-2.031,-102.096,16.988,paper_rcm_log_20260616_110935_960_8218.csv,30.86419753086506,Unknown,Unknown,0.0,5.801557143511545e-15,2.992002181851009e-12
27.0134,InsertionSequence,Done,1,0.59689,0.59689,1.0,161.244,0.087,0.075,0.00075,0.0,0.0,0.056,0.0,-3.973,-28.886,66.79,-2.031,-102.096,16.988,paper_rcm_log_20260616_110935_960_8218.csv,32.051282051280104,Unknown,Unknown,0.0,9.354729806494551e-14,7.966102701824847e-13
27.0474,InsertionSequence,Done,1,0.59689,0.59689,1.0,161.244,0.087,0.075,0.00075,0.0,0.0,0.056,0.0,-3.973,-28.886,66.79,-2.031,-102.096,16.988,paper_rcm_log_20260616_110935_960_8218.csv,29.411764705883286,Unknown,Unknown,0.0,5.327096422738238e-14,2.62842610783851e-12
27.0845,InsertionSequence,Done,1,0.59689,0.59689,1.0,161.244,0.087,0.075,0.00075,0.0,0.0,0.056,0.0,-3.973,-28.886,66.79,-2.031,-102.096,16.988,paper_rcm_log_20260616_110935_960_8218.csv,26.954177897574997,Unknown,Unknown,0.0,9.282491429618472e-14,2.2471612414221122e-12
27.1159,InsertionSequence,Done,1,0.59689,0.59689,1.0,161.244,0.087,0.075,0.00075,0.0,0.0,0.056,0.0,-3.973,-28.886,66.79,-2.031,-102.096,16.988,paper_rcm_log_20260616_110935_960_8218.csv,31.847133757960336,Unknown,Unknown,0.0,9.291551940735602e-14,1.5391432620253105e-12
27.1479,InsertionSequence,Done,1,0.59689,0.59689,1.0,161.244,0.087,0.075,0.00075,0.0,0.0,0.056,0.0,-3.973,-28.886,66.79,-2.031,-102.096,16.988,paper_rcm_log_20260616_110935_960_8218.csv,31.24999999999997,Unknown,Unknown,0.0,1.3346734077829954e-13,2.2814800931212724e-12
27.1792,InsertionSequence,Done,1,0.59689,0.59689,1.0,161.244,0.087,0.075,0.00075,0.0,0.0,0.056,0.0,-3.973,-28.886,66.79,-2.031,-102.096,16.988,paper_rcm_log_20260616_110935_960_8218.csv,31.948881789135687,Unknown,Unknown,0.0,5.1910970442046026e-14,1.7001559313864191e-12
27.2115,InsertionSequence,Done,1,0.59689,0.59689,1.0,161.244,0.087,0.075,0.00075,0.0,0.0,0.056,0.0,-3.973,-28.886,66.79,-2.031,-102.096,16.988,paper_rcm_log_20260616_110935_960_8218.csv,30.959752321982066,Unknown,Unknown,0.0,1.063838542898817e-13,4.112595950144915e-12
27.243,InsertionSequence,Done,1,0.59689,0.59689,1.0,161.244,0.087,0.075,0.00075,0.0,0.0,0.056,0.0,-3.973,-28.886,66.79,-2.031,-102.096,16.988,paper_rcm_log_20260616_110935_960_8218.csv,31.746031746034124,Unknown,Unknown,0.0,2.139754353635658e-13,1.5938960730276208e-12
27.2748,InsertionSequence,Done,1,0.59689,0.59689,1.0,161.244,0.087,0.075,0.00075,0.0,0.0,0.056,0.0,-3.973,-28.886,66.79,-2.031,-102.096,16.988,paper_rcm_log_20260616_110935_960_8218.csv,31.446540880502656,Unknown,Unknown,0.0,1.4121757569080125e-13,1.506547413027403e-12
27.3067,InsertionSequence,Done,1,0.59689,0.59689,1.0,161.244,0.087,0.075,0.00075,0.0,0.0,0.056,0.0,-3.973,-28.886,66.79,-2.031,-102.096,16.988,paper_rcm_log_20260616_110935_960_8218.csv,31.347962382444884,Unknown,Unknown,0.0,1.3938837178302704e-13,4.2373322415964486e-12
27.3388,InsertionSequence,Done,1,0.59689,0.59689,1.0,161.244,0.087,0.075,0.00075,0.0,0.0,0.056,0.0,-3.973,-28.886,66.79,-2.031,-102.096,16.988,paper_rcm_log_20260616_110935_960_8218.csv,31.15264797507808,Unknown,Unknown,0.0,1.3343581430076555e-13,9.51107158244453e-13
27.3698,InsertionSequence,Done,1,0.59689,0.59689,1.0,161.244,0.087,0.075,0.00075,0.0,0.0,0.056,0.0,-3.973,-28.886,66.79,-2.031,-102.096,16.988,paper_rcm_log_20260616_110935_960_8218.csv,32.25806451612658,Unknown,Unknown,0.0,1.0447837718484249e-13,2.43467927572085e-12
27.4023,InsertionSequence,Done,1,0.59689,0.59689,1.0,161.244,0.087,0.075,0.00075,0.0,0.0,0.056,0.0,-3.973,-28.886,66.79,-2.031,-102.096,16.988,paper_rcm_log_20260616_110935_960_8218.csv,30.769230769231847,Unknown,Unknown,0.0,2.320622857404618e-14,1.58767172551802e-12
27.4339,InsertionSequence,Done,1,0.59689,0.59689,1.0,161.244,0.087,0.075,0.00075,0.0,0.0,0.056,0.0,-3.973,-28.886,66.79,-2.031,-102.096,16.988,paper_rcm_log_20260616_110935_960_8218.csv,31.645569620252203,Unknown,Unknown,0.0,1.4503892858778862e-15,2.1397154682805525e-12
27.4665,InsertionSequence,Done,1,0.59689,0.59689,1.0,161.244,0.087,0.075,0.00075,0.0,0.0,0.056,0.0,-3.973,-28.886,66.79,-2.031,-102.096,16.988,paper_rcm_log_20260616_110935_960_8218.csv,30.67484662576816,Unknown,Unknown,0.0,1.353765731214029e-13,1.2038284520089685e-13
27.4982,InsertionSequence,Done,1,0.59689,0.59689,1.0,161.244,0.087,0.075,0.00075,0.0,0.0,0.056,0.0,-3.973,-28.886,66.79,-2.031,-102.096,16.988,paper_rcm_log_20260616_110935_960_8218.csv,31.54574132492041,Unknown,Unknown,0.0,0.0,3.5328183423256054e-12
27.5299,InsertionSequence,Done,1,0.59689,0.59689,1.0,161.244,0.087,0.075,0.00075,0.0,0.0,0.056,0.0,-3.973,-28.886,66.79,-2.031,-102.096,16.988,paper_rcm_log_20260616_110935_960_8218.csv,31.54574132492041,Unknown,Unknown,0.0,1.0650243190903133e-13,9.002520975846769e-13
27.5615,InsertionSequence,Done,1,0.59689,0.59689,1.0,161.244,0.087,0.075,0.00075,0.0,0.0,0.056,0.0,-3.973,-28.886,66.79,-2.031,-102.096,16.988,paper_rcm_log_20260616_110935_960_8218.csv,31.64556962025576,Unknown,Unknown,0.0,5.686191956719237e-14,3.1873206032968173e-12
27.5939,InsertionSequence,Done,1,0.59689,0.59689,1.0,161.244,0.087,0.075,0.00075,0.0,0.0,0.056,0.0,-3.973,-28.886,66.79,-2.031,-102.096,16.988,paper_rcm_log_20260616_110935_960_8218.csv,30.864197530861674,Unknown,Unknown,0.0,9.854111748909949e-14,1.0040569697321283e-12
27.6256,InsertionSequence,Done,1,0.59689,0.59689,1.0,161.244,0.087,0.075,0.00075,0.0,0.0,0.056,0.0,-3.973,-28.886,66.79,-2.031,-102.096,16.988,paper_rcm_log_20260616_110935_960_8218.csv,31.54574132492395,Unknown,Unknown,0.0,3.2818563180946156e-14,4.718034823993801e-14
27.6572,InsertionSequence,Done,1,0.59689,0.59689,1.0,161.244,0.087,0.075,0.00075,0.0,0.0,0.056,0.0,-3.973,-28.886,66.79,-2.031,-102.096,16.988,paper_rcm_log_20260616_110935_960_8218.csv,31.645569620252203,Unknown,Unknown,0.0,9.866912072663656e-14,3.629626589201118e-13
27.6892,InsertionSequence,Done,1,0.59689,0.59689,1.0,161.244,0.087,0.075,0.00075,0.0,0.0,0.056,0.0,-3.973,-28.886,66.79,-2.031,-102.096,16.988,paper_rcm_log_20260616_110935_960_8218.csv,31.24999999999997,Unknown,Unknown,0.0,2.3251509063100976e-14,1.5033138882005794e-12
27.7211,InsertionSequence,Done,1,0.59689,0.59689,1.0,161.244,0.087,0.075,0.00075,0.0,0.0,0.056,0.0,-3.973,-28.886,66.79,-2.031,-102.096,16.988,paper_rcm_log_20260616_110935_960_8218.csv,31.347962382444884,Unknown,Unknown,0.0,1.4121757569080125e-13,8.257504271310745e-13
27.7529,InsertionSequence,Done,1,0.59689,0.59689,1.0,161.244,0.087,0.075,0.00075,0.0,0.0,0.056,0.0,-3.973,-28.886,66.79,-2.031,-102.096,16.988,paper_rcm_log_20260616_110935_960_8218.csv,31.446540880502656,Unknown,Unknown,0.0,4.641245714809236e-14,2.2351867310910576e-12
27.7854,InsertionSequence,Done,1,0.59689,0.59689,1.0,161.244,0.087,0.075,0.00075,0.0,0.0,0.056,0.0,-3.973,-28.886,66.79,-2.031,-102.096,16.988,paper_rcm_log_20260616_110935_960_8218.csv,30.769230769231847,Unknown,Unknown,0.0,2.320622857404618e-14,1.6903880194453577e-12
27.8169,InsertionSequence,Done,1,0.59689,0.59689,1.0,161.244,0.087,0.075,0.00075,0.0,0.0,0.056,0.0,-3.973,-28.886,66.79,-2.031,-102.096,16.988,paper_rcm_log_20260616_110935_960_8218.csv,31.746031746030543,Unknown,Unknown,0.0,9.569272379760911e-14,1.0974067809205434e-13
27.8491,InsertionSequence,Done,1,0.59689,0.59689,1.0,161.244,0.087,0.075,0.00075,0.0,0.0,0.056,0.0,-3.973,-28.886,66.79,-2.031,-102.096,16.988,paper_rcm_log_20260616_110935_960_8218.csv,31.055900621118436,Unknown,Unknown,0.0,2.3920432895754778e-14,1.7756942331905828e-12
27.8804,InsertionSequence,Done,1,0.59689,0.59689,1.0,161.244,0.087,0.075,0.00075,0.0,0.0,0.056,0.0,-3.973,-28.886,66.79,-2.031,-102.096,16.988,paper_rcm_log_20260616_110935_960_8218.csv,31.948881789135687,Unknown,Unknown,0.0,5.19717205745273e-14,1.4238093634894484e-12
27.9126,InsertionSequence,Done,1,0.59689,0.59689,1.0,161.244,0.087,0.075,0.00075,0.0,0.0,0.056,0.0,-3.973,-28.886,66.79,-2.031,-102.096,16.988,paper_rcm_log_20260616_110935_960_8218.csv,31.055900621118436,Unknown,Unknown,0.0,9.57696339732466e-14,8.026702309100921e-13
27.9446,InsertionSequence,Done,1,0.59689,0.59689,1.0,161.244,0.087,0.075,0.00075,0.0,0.0,0.056,0.0,-3.973,-28.886,66.79,-2.031,-102.096,16.988,paper_rcm_log_20260616_110935_960_8218.csv,31.24999999999997,Unknown,Unknown,0.0,0.0,3.346974113911422e-12
27.9766,InsertionSequence,Done,1,0.59689,0.59689,1.0,161.244,0.087,0.075,0.00075,0.0,0.0,0.056,0.0,-3.973,-28.886,66.79,-2.031,-102.096,16.988,paper_rcm_log_20260616_110935_960_8218.csv,31.24999999999997,Unknown,Unknown,0.0,1.3546977559242363e-13,2.2344428131130122e-12
28.0081,InsertionSequence,Done,1,0.59689,0.59689,1.0,161.244,0.087,0.075,0.00075,0.0,0.0,0.056,0.0,-3.973,-28.886,66.79,-2.031,-102.096,16.988,paper_rcm_log_20260616_110935_960_8218.csv,31.746031746034124,Unknown,Unknown,0.0,1.3546977559242363e-13,1.305580518425564e-12
28.0403,InsertionSequence,Done,1,0.59689,0.59689,1.0,161.244,0.087,0.075,0.00075,0.0,0.0,0.056,0.0,-3.973,-28.886,66.79,-2.031,-102.096,16.988,paper_rcm_log_20260616_110935_960_8218.csv,31.055900621118436,Unknown,Unknown,0.0,2.1018137570293106e-13,1.9668768095635908e-12
28.0719,InsertionSequence,Done,1,0.59689,0.59689,1.0,161.244,0.087,0.075,0.00075,0.0,0.0,0.056,0.0,-3.973,-28.886,66.79,-2.031,-102.096,16.988,paper_rcm_log_20260616_110935_960_8218.csv,31.645569620252203,Unknown,Unknown,0.0,0.0,3.3251003568665897e-12
28.1035,InsertionSequence,Done,1,0.59689,0.59689,1.0,161.244,0.087,0.075,0.00075,0.0,0.0,0.056,0.0,-3.973,-28.886,66.79,-2.031,-102.096,16.988,paper_rcm_log_20260616_110935_960_8218.csv,31.645569620252203,Unknown,Unknown,0.0,3.2431690370603295e-15,3.5863403143231973e-13
28.1356,InsertionSequence,Done,1,0.59689,0.59689,1.0,161.244,0.087,0.075,0.00075,0.0,0.0,0.056,0.0,-3.973,-28.886,66.79,-2.031,-102.096,16.988,paper_rcm_log_20260616_110935_960_8218.csv,31.15264797507808,Unknown,Unknown,0.0,2.320622857404618e-14,2.2288963592586187e-12
28.1674,InsertionSequence,Done,1,0.59689,0.59689,1.0,161.244,0.087,0.075,0.00075,0.0,0.0,0.056,0.0,-3.973,-28.886,66.79,-2.031,-102.096,16.988,paper_rcm_log_20260616_110935_960_8218.csv,31.446540880502656,Unknown,Unknown,0.0,1.4121757569080125e-13,2.1014335299503192e-12
28.1993,InsertionSequence,Done,1,0.59689,0.59689,1.0,161.244,0.087,0.075,0.00075,0.0,0.0,0.056,0.0,-3.973,-28.886,66.79,-2.031,-102.096,16.988,paper_rcm_log_20260616_110935_960_8218.csv,31.347962382444884,Unknown,Unknown,0.0,1.3938837178302704e-13,1.9449008596148813e-12
28.2314,InsertionSequence,Done,1,0.59689,0.59689,1.0,161.244,0.087,0.075,0.00075,0.0,0.0,0.056,0.0,-3.973,-28.886,66.79,-2.031,-102.096,16.988,paper_rcm_log_20260616_110935_960_8218.csv,31.15264797507808,Unknown,Unknown,0.0,9.845568954283847e-14,9.16082744140904e-13
28.2627,InsertionSequence,Done,1,0.59689,0.59689,1.0,161.244,0.087,0.075,0.00075,0.0,0.0,0.056,0.0,-3.973,-28.886,66.79,-2.031,-102.096,16.988,paper_rcm_log_20260616_110935_960_8218.csv,31.948881789139314,Unknown,Unknown,0.0,1.0885652305195079e-13,2.3553005462016446e-12
28.2953,InsertionSequence,Done,1,0.59689,0.59689,1.0,161.244,0.087,0.075,0.00075,0.0,0.0,0.056,0.0,-3.973,-28.886,66.79,-2.031,-102.096,16.988,paper_rcm_log_20260616_110935_960_8218.csv,30.67484662576482,Unknown,Unknown,0.0,9.845568954283847e-14,2.381487541961896e-12
28.3263,InsertionSequence,Done,1,0.59689,0.59689,1.0,161.244,0.087,0.075,0.00075,0.0,0.0,0.056,0.0,-3.973,-28.886,66.79,-2.031,-102.096,16.988,paper_rcm_log_20260616_110935_960_8218.csv,32.258064516130275,Unknown,Unknown,0.0,5.693586227667243e-14,1.5782475879309262e-12
28.3584,InsertionSequence,Done,1,0.59689,0.59689,1.0,161.244,0.087,0.075,0.00075,0.0,0.0,0.056,0.0,-3.973,-28.886,66.79,-2.031,-102.096,16.988,paper_rcm_log_20260616_110935_960_8218.csv,31.15264797507808,Unknown,Unknown,0.0,2.320622857404618e-14,8.058433190285167e-13
28.3902,InsertionSequence,Done,1,0.59689,0.59689,1.0,161.244,0.087,0.075,0.00075,0.0,0.0,0.056,0.0,-3.973,-28.886,66.79,-2.031,-102.096,16.988,paper_rcm_log_20260616_110935_960_8218.csv,31.446540880502656,Unknown,Unknown,0.0,2.3251509063100976e-14,3.73411238351899e-13
28.4223,InsertionSequence,Done,1,0.59689,0.59689,1.0,161.244,0.087,0.075,0.00075,0.0,0.0,0.056,0.0,-3.973,-28.886,66.79,-2.031,-102.096,16.988,paper_rcm_log_20260616_110935_960_8218.csv,31.15264797507808,Unknown,Unknown,0.0,0.0,3.629076086854638e-13
28.454,InsertionSequence,Done,1,0.59689,0.59689,1.0,161.244,0.087,0.075,0.00075,0.0,0.0,0.056,0.0,-3.973,-28.886,66.79,-2.031,-102.096,16.988,paper_rcm_log_20260616_110935_960_8218.csv,31.54574132492041,Unknown,Unknown,0.0,4.1023203976182695e-15,3.6503220951465193e-13
28.4858,InsertionSequence,Done,1,0.59689,0.59689,1.0,161.244,0.087,0.075,0.00075,0.0,0.0,0.056,0.0,-3.973,-28.886,66.79,-2.031,-102.096,16.988,paper_rcm_log_20260616_110935_960_8218.csv,31.446540880502656,Unknown,Unknown,0.0,2.3251509063100976e-14,3.2390827384698017e-12
28.5179,InsertionSequence,Done,1,0.59689,0.59689,1.0,161.244,0.087,0.075,0.00075,0.0,0.0,0.056,0.0,-3.973,-28.886,66.79,-2.031,-102.096,16.988,paper_rcm_log_20260616_110935_960_8218.csv,31.15264797507808,Unknown,Unknown,0.0,2.0894165288297852e-13,4.75584090037658e-12
28.5499,InsertionSequence,Done,1,0.59689,0.59689,1.0,161.244,0.087,0.075,0.00075,0.0,0.0,0.056,0.0,-3.973,-28.886,66.79,-2.031,-102.096,16.988,paper_rcm_log_20260616_110935_960_8218.csv,31.24999999999997,Unknown,Unknown,0.0,2.9815996536373986e-13,5.35040759592485e-12
28.5822,InsertionSequence,Done,1,0.59689,0.59689,1.0,161.244,0.087,0.075,0.00075,0.0,0.0,0.056,0.0,-3.973,-28.886,66.79,-2.031,-102.096,16.988,paper_rcm_log_20260616_110935_960_8218.csv,30.959752321982066,Unknown,Unknown,0.0,1.3330963383348915e-13,4.657759862823785e-12
28.6136,InsertionSequence,Done,1,0.59689,0.59689,1.0,161.244,0.087,0.075,0.00075,0.0,0.0,0.056,0.0,-3.973,-28.886,66.79,-2.031,-102.096,16.988,paper_rcm_log_20260616_110935_960_8218.csv,31.847133757960336,Unknown,Unknown,0.0,3.2431690370603295e-15,1.5781403977274655e-12
28.6455,InsertionSequence,Done,1,0.59689,0.59689,1.0,161.244,0.087,0.075,0.00075,0.0,0.0,0.056,0.0,-3.973,-28.886,66.79,-2.031,-102.096,16.988,paper_rcm_log_20260616_110935_960_8218.csv,31.347962382448376,Unknown,Unknown,0.0,9.568173158301911e-14,2.105143450374961e-12
28.6775,InsertionSequence,Done,1,0.59689,0.59689,1.0,161.244,0.087,0.075,0.00075,0.0,0.0,0.056,0.0,-3.973,-28.886,66.79,-2.031,-102.096,16.988,paper_rcm_log_20260616_110935_960_8218.csv,31.24999999999997,Unknown,Unknown,0.0,1.3535326247583684e-13,2.1578184341772907e-12
28.71,InsertionSequence,Done,1,0.59689,0.59689,1.0,161.244,0.087,0.075,0.00075,0.0,0.0,0.056,0.0,-3.973,-28.886,66.79,-2.031,-102.096,16.988,paper_rcm_log_20260616_110935_960_8218.csv,30.769230769228482,Unknown,Unknown,0.0,9.572569286794049e-14,2.1103792068328157e-12
28.7418,InsertionSequence,Done,1,0.59689,0.59689,1.0,161.244,0.087,0.075,0.00075,0.0,0.0,0.056,0.0,-3.973,-28.886,66.79,-2.031,-102.096,16.988,paper_rcm_log_20260616_110935_960_8218.csv,31.446540880502656,Unknown,Unknown,0.0,2.3251509063100976e-14,2.1807949793872833e-12
28.7744,InsertionSequence,Done,1,0.59689,0.59689,1.0,161.244,0.087,0.075,0.00075,0.0,0.0,0.056,0.0,-3.973,-28.886,66.79,-2.031,-102.096,16.988,paper_rcm_log_20260616_110935_960_8218.csv,30.67484662576816,Unknown,Unknown,0.0,5.19717205745273e-14,1.476942318238159e-12
28.809,InsertionSequence,Done,1,0.59689,0.59689,1.0,161.244,0.087,0.075,0.00075,0.0,0.0,0.056,0.0,-3.973,-28.886,66.79,-2.031,-102.096,16.988,paper_rcm_log_20260616_110935_960_8218.csv,28.901734104045346,Unknown,Unknown,0.0,9.572569286794049e-14,2.1184930152558107e-12
28.8396,InsertionSequence,Done,1,0.59689,0.59689,1.0,161.244,0.087,0.075,0.00075,0.0,0.0,0.056,0.0,-3.973,-28.886,66.79,-2.031,-102.096,16.988,paper_rcm_log_20260616_110935_960_8218.csv,32.679738562091785,Unknown,Unknown,0.0,9.849841277745622e-14,3.391436250881784e-12
28.8758,InsertionSequence,Done,1,0.59689,0.59689,1.0,161.244,0.087,0.075,0.00075,0.0,0.0,0.056,0.0,-3.973,-28.886,66.79,-2.031,-102.096,16.988,paper_rcm_log_20260616_110935_960_8218.csv,27.624309392264507,Unknown,Unknown,0.0,9.568173158301911e-14,2.2029676212769785e-12
28.9079,InsertionSequence,Done,1,0.59689,0.59689,1.0,161.244,0.087,0.075,0.00075,0.0,0.0,0.056,0.0,-3.973,-28.886,66.79,-2.031,-102.096,16.988,paper_rcm_log_20260616_110935_960_8218.csv,31.15264797507808,Unknown,Unknown,0.0,9.568173158301911e-14,2.1590108963229057e-12
28.9395,InsertionSequence,Done,1,0.59689,0.59689,1.0,161.244,0.087,0.075,0.00075,0.0,0.0,0.056,0.0,-3.973,-28.886,66.79,-2.031,-102.096,16.988,paper_rcm_log_20260616_110935_960_8218.csv,31.64556962025576,Unknown,Unknown,0.0,9.569272379760911e-14,1.5729986574764622e-12
28.9716,InsertionSequence,Done,1,0.59689,0.59689,1.0,161.244,0.087,0.075,0.00075,0.0,0.0,0.056,0.0,-3.973,-28.886,66.79,-2.031,-102.096,16.988,paper_rcm_log_20260616_110935_960_8218.csv,31.15264797507808,Unknown,Unknown,0.0,0.0,1.481195785302724e-12
29.0033,InsertionSequence,Done,1,0.59689,0.59689,1.0,161.244,0.087,0.075,0.00075,0.0,0.0,0.056,0.0,-3.973,-28.886,66.79,-2.031,-102.096,16.988,paper_rcm_log_20260616_110935_960_8218.csv,31.54574132492041,Unknown,Unknown,0.0,0.0,1.4886697723281713e-12
29.0353,InsertionSequence,Done,1,0.59689,0.59689,1.0,161.244,0.087,0.075,0.00075,0.0,0.0,0.056,0.0,-3.973,-28.886,66.79,-2.031,-102.096,16.988,paper_rcm_log_20260616_110935_960_8218.csv,31.24999999999997,Unknown,Unknown,0.0,9.572569286794049e-14,1.4866326631723125e-12
29.0668,InsertionSequence,Done,1,0.59689,0.59689,1.0,161.244,0.087,0.075,0.00075,0.0,0.0,0.056,0.0,-3.973,-28.886,66.79,-2.031,-102.096,16.988,paper_rcm_log_20260616_110935_960_8218.csv,31.746031746030543,Unknown,Unknown,0.0,9.288155284822162e-14,2.255467309267022e-12
29.0989,InsertionSequence,Done,1,0.59689,0.59689,1.0,161.244,0.087,0.075,0.00075,0.0,0.0,0.056,0.0,-3.973,-28.886,66.79,-2.031,-102.096,16.988,paper_rcm_log_20260616_110935_960_8218.csv,31.15264797507808,Unknown,Unknown,0.0,9.845568954283847e-14,1.7694961624686504e-12
29.1302,InsertionSequence,Done,1,0.59689,0.59689,1.0,161.244,0.087,0.075,0.00075,0.0,0.0,0.056,0.0,-3.973,-28.886,66.79,-2.031,-102.096,16.988,paper_rcm_log_20260616_110935_960_8218.csv,31.948881789139314,Unknown,Unknown,0.0,1.088855063734456e-13,1.846338878731321e-12
29.1625,InsertionSequence,Done,1,0.59689,0.59689,1.0,161.244,0.087,0.075,0.00075,0.0,0.0,0.056,0.0,-3.973,-28.886,66.79,-2.031,-102.096,16.988,paper_rcm_log_20260616_110935_960_8218.csv,30.959752321978662,Unknown,Unknown,0.0,1.353765731214029e-13,3.835982470080566e-12
29.1943,InsertionSequence,Done,1,0.59689,0.59689,1.0,161.244,0.087,0.075,0.00075,0.0,0.0,0.056,0.0,-3.973,-28.886,66.79,-2.031,-102.096,16.988,paper_rcm_log_20260616_110935_960_8218.csv,31.44654088050617,Unknown,Unknown,0.0,1.353765731214029e-13,3.355715864394619e-12
29.2266,InsertionSequence,Done,1,0.59689,0.59689,1.0,161.244,0.087,0.075,0.00075,0.0,0.0,0.056,0.0,-3.973,-28.886,66.79,-2.031,-102.096,16.988,paper_rcm_log_20260616_110935_960_8218.csv,30.959752321978662,Unknown,Unknown,0.0,9.30060362524039e-14,2.1296069015903158e-12
29.2578,InsertionSequence,Done,1,0.59689,0.59689,1.0,161.244,0.087,0.075,0.00075,0.0,0.0,0.056,0.0,-3.973,-28.886,66.79,-2.031,-102.096,16.988,paper_rcm_log_20260616_110935_960_8218.csv,32.051282051283756,Unknown,Unknown,0.0,2.9007785717557725e-15,3.7217865172880754e-13
29.29,InsertionSequence,Done,1,0.59689,0.59689,1.0,161.244,0.087,0.075,0.00075,0.0,0.0,0.056,0.0,-3.973,-28.886,66.79,-2.031,-102.096,16.988,paper_rcm_log_20260616_110935_960_8218.csv,31.055900621118436,Unknown,Unknown,0.0,9.57696339732466e-14,1.455718857937077e-12
29.322,InsertionSequence,Done,1,0.59689,0.59689,1.0,161.244,0.087,0.075,0.00075,0.0,0.0,0.056,0.0,-3.973,-28.886,66.79,-2.031,-102.096,16.988,paper_rcm_log_20260616_110935_960_8218.csv,31.24999999999997,Unknown,Unknown,0.0,9.291551940735602e-14,3.4177231266887533e-12
29.3534,InsertionSequence,Done,1,0.59689,0.59689,1.0,161.244,0.087,0.075,0.00075,0.0,0.0,0.056,0.0,-3.973,-28.886,66.79,-2.031,-102.096,16.988,paper_rcm_log_20260616_110935_960_8218.csv,31.847133757960336,Unknown,Unknown,0.0,1.3550859103564086e-13,1.5664753118740942e-12
29.3852,InsertionSequence,Done,1,0.59689,0.59689,1.0,161.244,0.087,0.075,0.00075,0.0,0.0,0.056,0.0,-3.973,-28.886,66.79,-2.031,-102.096,16.988,paper_rcm_log_20260616_110935_960_8218.csv,31.446540880502656,Unknown,Unknown,0.0,2.3251509063100976e-14,5.294324198823705e-12
29.4173,InsertionSequence,Done,1,0.59689,0.59689,1.0,161.244,0.087,0.075,0.00075,0.0,0.0,0.056,0.0,-3.973,-28.886,66.79,-2.031,-102.096,16.988,paper_rcm_log_20260616_110935_960_8218.csv,31.15264797507808,Unknown,Unknown,0.0,2.0894165288297852e-13,3.644326751777109e-13
29.4493,InsertionSequence,Done,1,0.59689,0.59689,1.0,161.244,0.087,0.075,0.00075,0.0,0.0,0.056,0.0,-3.973,-28.886,66.79,-2.031,-102.096,16.988,paper_rcm_log_20260616_110935_960_8218.csv,31.24999999999997,Unknown,Unknown,0.0,0.0,5.281685003589449e-12
29.4813,InsertionSequence,Done,1,0.59689,0.59689,1.0,161.244,0.087,0.075,0.00075,0.0,0.0,0.056,0.0,-3.973,-28.886,66.79,-2.031,-102.096,16.988,paper_rcm_log_20260616_110935_960_8218.csv,31.24999999999997,Unknown,Unknown,0.0,1.3337273898913402e-13,1.7829219768993357e-12
29.5129,InsertionSequence,Done,1,0.59689,0.59689,1.0,161.244,0.087,0.075,0.00075,0.0,0.0,0.056,0.0,-3.973,-28.886,66.79,-2.031,-102.096,16.988,paper_rcm_log_20260616_110935_960_8218.csv,31.64556962025576,Unknown,Unknown,0.0,1.0889516576635645e-13,2.324684310896953e-12
29.5452,InsertionSequence,Done,1,0.59689,0.59689,1.0,161.244,0.087,0.075,0.00075,0.0,0.0,0.056,0.0,-3.973,-28.886,66.79,-2.031,-102.096,16.988,paper_rcm_log_20260616_110935_960_8218.csv,30.959752321978662,Unknown,Unknown,0.0,3.307396441170108e-14,1.6745464344236524e-12
29.5767,InsertionSequence,Done,1,0.59689,0.59689,1.0,161.244,0.087,0.075,0.00075,0.0,0.0,0.056,0.0,-3.973,-28.886,66.79,-2.031,-102.096,16.988,paper_rcm_log_20260616_110935_960_8218.csv,31.746031746034124,Unknown,Unknown,0.0,2.9007785717557725e-15,1.9978966624266183e-12
29.6091,InsertionSequence,Done,1,0.59689,0.59689,1.0,161.244,0.087,0.075,0.00075,0.0,0.0,0.056,0.0,-3.973,-28.886,66.79,-2.031,-102.096,16.988,paper_rcm_log_20260616_110935_960_8218.csv,30.864197530861674,Unknown,Unknown,0.0,1.3546977559242363e-13,1.417128924161565e-12
29.6403,InsertionSequence,Done,1,0.59689,0.59689,1.0,161.244,0.087,0.075,0.00075,0.0,0.0,0.056,0.0,-3.973,-28.886,66.79,-2.031,-102.096,16.988,paper_rcm_log_20260616_110935_960_8218.csv,32.051282051283756,Unknown,Unknown,0.0,9.305126165563703e-14,4.1497989438866814e-12
29.6726,InsertionSequence,Done,1,0.59689,0.59689,1.0,161.244,0.087,0.075,0.00075,0.0,0.0,0.056,0.0,-3.973,-28.886,66.79,-2.031,-102.096,16.988,paper_rcm_log_20260616_110935_960_8218.csv,30.959752321982066,Unknown,Unknown,0.0,1.3330963383348915e-13,1.7323671032792309e-12
29.704,InsertionSequence,Done,1,0.59689,0.59689,1.0,161.244,0.087,0.075,0.00075,0.0,0.0,0.056,0.0,-3.973,-28.886,66.79,-2.031,-102.096,16.988,paper_rcm_log_20260616_110935_960_8218.csv,31.847133757960336,Unknown,Unknown,0.0,1.0639374080579821e-13,2.1002565645142942e-13
29.7363,InsertionSequence,Done,1,0.59689,0.59689,1.0,161.244,0.087,0.075,0.00075,0.0,0.0,0.056,0.0,-3.973,-28.886,66.79,-2.031,-102.096,16.988,paper_rcm_log_20260616_110935_960_8218.csv,30.959752321982066,Unknown,Unknown,0.0,1.3330963383348915e-13,1.5212321766180208e-12
29.7677,InsertionSequence,Done,1,0.59689,0.59689,1.0,161.244,0.087,0.075,0.00075,0.0,0.0,0.056,0.0,-3.973,-28.886,66.79,-2.031,-102.096,16.988,paper_rcm_log_20260616_110935_960_8218.csv,31.847133757960336,Unknown,Unknown,0.0,3.297842074242946e-14,3.360985154867373e-12
29.8001,InsertionSequence,Done,1,0.59689,0.59689,1.0,161.244,0.087,0.075,0.00075,0.0,0.0,0.056,0.0,-3.973,-28.886,66.79,-2.031,-102.096,16.988,paper_rcm_log_20260616_110935_960_8218.csv,30.86419753086506,Unknown,Unknown,0.0,9.573668003502033e-14,2.4697919605753616e-12
29.8321,InsertionSequence,Done,1,0.59689,0.59689,1.0,161.244,0.087,0.075,0.00075,0.0,0.0,0.056,0.0,-3.973,-28.886,66.79,-2.031,-102.096,16.988,paper_rcm_log_20260616_110935_960_8218.csv,31.24999999999997,Unknown,Unknown,0.0,1.413069256369066e-13,1.4724999822333015e-12
29.8639,InsertionSequence,Done,1,0.59689,0.59689,1.0,161.244,0.087,0.075,0.00075,0.0,0.0,0.056,0.0,-3.973,-28.886,66.79,-2.031,-102.096,16.988,paper_rcm_log_20260616_110935_960_8218.csv,31.446540880502656,Unknown,Unknown,0.0,0.0,3.4262741374342247e-12
29.8957,InsertionSequence,Done,1,0.59689,0.59689,1.0,161.244,0.087,0.075,0.00075,0.0,0.0,0.056,0.0,-3.973,-28.886,66.79,-2.031,-102.096,16.988,paper_rcm_log_20260616_110935_960_8218.csv,31.446540880502656,Unknown,Unknown,0.0,9.573668003502033e-14,1.4243400930288106e-12
29.928,InsertionSequence,Done,1,0.59689,0.59689,1.0,161.244,0.087,0.075,0.00075,0.0,0.0,0.056,0.0,-3.973,-28.886,66.79,-2.031,-102.096,16.988,paper_rcm_log_20260616_110935_960_8218.csv,30.959752321982066,Unknown,Unknown,0.0,9.57696339732466e-14,2.991708112399025e-12
29.9598,InsertionSequence,Done,1,0.59689,0.59689,1.0,161.244,0.087,0.075,0.00075,0.0,0.0,0.056,0.0,-3.973,-28.886,66.79,-2.031,-102.096,16.988,paper_rcm_log_20260616_110935_960_8218.csv,31.446540880502656,Unknown,Unknown,0.0,2.139705197216358e-13,3.2551838854649674e-12
29.9913,InsertionSequence,Done,1,0.59689,0.59689,1.0,161.244,0.087,0.075,0.00075,0.0,0.0,0.056,0.0,-3.973,-28.886,66.79,-2.031,-102.096,16.988,paper_rcm_log_20260616_110935_960_8218.csv,31.746031746034124,Unknown,Unknown,0.0,1.3127425272378462e-13,3.043502666231305e-12
30.0232,InsertionSequence,Done,1,0.59689,0.59689,1.0,161.244,0.087,0.075,0.00075,0.0,0.0,0.056,0.0,-3.973,-28.886,66.79,-2.031,-102.096,16.988,paper_rcm_log_20260616_110935_960_8218.csv,31.347962382444884,Unknown,Unknown,0.0,9.287022790117615e-14,3.240378574727947e-12
30.0554,InsertionSequence,Done,1,0.59689,0.59689,1.0,161.244,0.087,0.075,0.00075,0.0,0.0,0.056,0.0,-3.973,-28.886,66.79,-2.031,-102.096,16.988,paper_rcm_log_20260616_110935_960_8218.csv,31.055900621118436,Unknown,Unknown,0.0,9.572569286794049e-14,4.663819012928672e-12
30.0869,InsertionSequence,Done,1,0.59689,0.59689,1.0,161.244,0.087,0.075,0.00075,0.0,0.0,0.056,0.0,-3.973,-28.886,66.79,-2.031,-102.096,16.988,paper_rcm_log_20260616_110935_960_8218.csv,31.746031746030543,Unknown,Unknown,0.0,2.1404915644598175e-13,2.8771343181593637e-12
30.1188,InsertionSequence,Done,1,0.59689,0.59689,1.0,161.244,0.087,0.075,0.00075,0.0,0.0,0.056,0.0,-3.973,-28.886,66.79,-2.031,-102.096,16.988,paper_rcm_log_20260616_110935_960_8218.csv,31.347962382444884,Unknown,Unknown,0.0,9.287022790117615e-14,1.5177121462149316e-12
30.151,InsertionSequence,Done,1,0.59689,0.59689,1.0,161.244,0.087,0.075,0.00075,0.0,0.0,0.056,0.0,-3.973,-28.886,66.79,-2.031,-102.096,16.988,paper_rcm_log_20260616_110935_960_8218.csv,31.055900621118436,Unknown,Unknown,0.0,1.4118777980995672e-13,1.5734919556194379e-12
30.1827,InsertionSequence,Done,1,0.59689,0.59689,1.0,161.244,0.087,0.075,0.00075,0.0,0.0,0.056,0.0,-3.973,-28.886,66.79,-2.031,-102.096,16.988,paper_rcm_log_20260616_110935_960_8218.csv,31.54574132492041,Unknown,Unknown,0.0,1.3334907805538776e-13,5.655100388293442e-13
30.215,InsertionSequence,Done,1,0.59689,0.59689,1.0,161.244,0.087,0.075,0.00075,0.0,0.0,0.056,0.0,-3.973,-28.886,66.79,-2.031,-102.096,16.988,paper_rcm_log_20260616_110935_960_8218.csv,30.959752321982066,Unknown,Unknown,0.0,1.3330963383348915e-13,3.1504600935045496e-12
30.2464,InsertionSequence,Done,1,0.59689,0.59689,1.0,161.244,0.087,0.075,0.00075,0.0,0.0,0.056,0.0,-3.973,-28.886,66.79,-2.031,-102.096,16.988,paper_rcm_log_20260616_110935_960_8218.csv,31.847133757960336,Unknown,Unknown,0.0,9.287022790117615e-14,2.0870534845078596e-12
30.2779,InsertionSequence,Done,1,0.59689,0.59689,1.0,161.244,0.087,0.075,0.00075,0.0,0.0,0.056,0.0,-3.973,-28.886,66.79,-2.031,-102.096,16.988,paper_rcm_log_20260616_110935_960_8218.csv,31.746031746034124,Unknown,Unknown,0.0,2.320622857404618e-14,1.4881012069622348e-12
30.31,InsertionSequence,Done,1,0.59689,0.59689,1.0,161.244,0.087,0.075,0.00075,0.0,0.0,0.056,0.0,-3.973,-28.886,66.79,-2.031,-102.096,16.988,paper_rcm_log_20260616_110935_960_8218.csv,31.15264797507808,Unknown,Unknown,0.0,0.0,2.383246061259666e-12
30.3417,InsertionSequence,Done,1,0.59689,0.59689,1.0,161.244,0.087,0.075,0.00075,0.0,0.0,0.056,0.0,-3.973,-28.886,66.79,-2.031,-102.096,16.988,paper_rcm_log_20260616_110935_960_8218.csv,31.54574132492041,Unknown,Unknown,0.0,1.4118777980995672e-13,3.751477136759094e-13
30.3739,InsertionSequence,Done,1,0.59689,0.59689,1.0,161.244,0.087,0.075,0.00075,0.0,0.0,0.056,0.0,-3.973,-28.886,66.79,-2.031,-102.096,16.988,paper_rcm_log_20260616_110935_960_8218.csv,31.055900621118436,Unknown,Unknown,0.0,2.320622857404618e-14,2.1820705275512364e-12
30.4057,InsertionSequence,Done,1,0.59689,0.59689,1.0,161.244,0.087,0.075,0.00075,0.0,0.0,0.056,0.0,-3.973,-28.886,66.79,-2.031,-102.096,16.988,paper_rcm_log_20260616_110935_960_8218.csv,31.446540880502656,Unknown,Unknown,0.0,4.1023203976182695e-15,1.5116816233764535e-12
30.4374,InsertionSequence,Done,1,0.59689,0.59689,1.0,161.244,0.087,0.075,0.00075,0.0,0.0,0.056,0.0,-3.973,-28.886,66.79,-2.031,-102.096,16.988,paper_rcm_log_20260616_110935_960_8218.csv,31.54574132492041,Unknown,Unknown,0.0,9.287022790117615e-14,8.34815268788936e-13
30.4688,InsertionSequence,Done,1,0.59689,0.59689,1.0,161.244,0.087,0.075,0.00075,0.0,0.0,0.056,0.0,-3.973,-28.886,66.79,-2.031,-102.096,16.988,paper_rcm_log_20260616_110935_960_8218.csv,31.847133757960336,Unknown,Unknown,0.0,5.1910970442046026e-14,1.5326130965322402e-12
30.5022,InsertionSequence,Done,1,0.59689,0.59689,1.0,161.244,0.087,0.075,0.00075,0.0,0.0,0.056,0.0,-3.973,-28.886,66.79,-2.031,-102.096,16.988,paper_rcm_log_20260616_110935_960_8218.csv,29.94011976048194,Unknown,Unknown,0.0,5.801557143511545e-15,7.529493632730039e-13
30.5333,InsertionSequence,Done,1,0.59689,0.59689,1.0,161.244,0.087,0.075,0.00075,0.0,0.0,0.056,0.0,-3.973,-28.886,66.79,-2.031,-102.096,16.988,paper_rcm_log_20260616_110935_960_8218.csv,32.15434083601066,Unknown,Unknown,0.0,3.2431690370603295e-15,2.063967220308756e-12
30.5656,InsertionSequence,Done,1,0.59689,0.59689,1.0,161.244,0.087,0.075,0.00075,0.0,0.0,0.056,0.0,-3.973,-28.886,66.79,-2.031,-102.096,16.988,paper_rcm_log_20260616_110935_960_8218.csv,30.959752321982066,Unknown,Unknown,0.0,1.3546977559242363e-13,1.714011633242672e-13
30.5967,InsertionSequence,Done,1,0.59689,0.59689,1.0,161.244,0.087,0.075,0.00075,0.0,0.0,0.056,0.0,-3.973,-28.886,66.79,-2.031,-102.096,16.988,paper_rcm_log_20260616_110935_960_8218.csv,32.154340836014335,Unknown,Unknown,0.0,0.0,1.9612977622039083e-13
30.6292,InsertionSequence,Done,1,0.59689,0.59689,1.0,161.244,0.087,0.075,0.00075,0.0,0.0,0.056,0.0,-3.973,-28.886,66.79,-2.031,-102.096,16.988,paper_rcm_log_20260616_110935_960_8218.csv,30.769230769228482,Unknown,Unknown,0.0,1.3535326247583684e-13,1.4627022524150171e-12
30.6612,InsertionSequence,Done,1,0.59689,0.59689,1.0,161.244,0.087,0.075,0.00075,0.0,0.0,0.056,0.0,-3.973,-28.886,66.79,-2.031,-102.096,16.988,paper_rcm_log_20260616_110935_960_8218.csv,31.24999999999997,Unknown,Unknown,0.0,9.57696339732466e-14,5.352293242008831e-12
30.6934,InsertionSequence,Done,1,0.59689,0.59689,1.0,161.244,0.087,0.075,0.00075,0.0,0.0,0.056,0.0,-3.973,-28.886,66.79,-2.031,-102.096,16.988,paper_rcm_log_20260616_110935_960_8218.csv,31.055900621118436,Unknown,Unknown,0.0,2.1402949997351769e-13,1.2554855231524555e-12
30.7245,InsertionSequence,Done,1,0.59689,0.59689,1.0,161.244,0.087,0.075,0.00075,0.0,0.0,0.056,0.0,-3.973,-28.886,66.79,-2.031,-102.096,16.988,paper_rcm_log_20260616_110935_960_8218.csv,32.154340836014335,Unknown,Unknown,0.0,0.0,3.516733780834826e-12
30.757,InsertionSequence,Done,1,0.59689,0.59689,1.0,161.244,0.087,0.075,0.00075,0.0,0.0,0.056,0.0,-3.973,-28.886,66.79,-2.031,-102.096,16.988,paper_rcm_log_20260616_110935_960_8218.csv,30.769230769228482,Unknown,Unknown,0.0,0.0,1.5722799955495908e-12
30.7887,InsertionSequence,Done,1,0.59689,0.59689,1.0,161.244,0.087,0.075,0.00075,0.0,0.0,0.056,0.0,-3.973,-28.886,66.79,-2.031,-102.096,16.988,paper_rcm_log_20260616_110935_960_8218.csv,31.54574132492395,Unknown,Unknown,0.0,9.845568954283847e-14,3.6672811768805763e-13
30.8205,InsertionSequence,Done,1,0.59689,0.59689,1.0,161.244,0.087,0.075,0.00075,0.0,0.0,0.056,0.0,-3.973,-28.886,66.79,-2.031,-102.096,16.988,paper_rcm_log_20260616_110935_960_8218.csv,31.446540880502656,Unknown,Unknown,0.0,2.320622857404618e-14,3.1996869287827437e-12
30.852,InsertionSequence,Done,1,0.59689,0.59689,1.0,161.244,0.087,0.075,0.00075,0.0,0.0,0.056,0.0,-3.973,-28.886,66.79,-2.031,-102.096,16.988,paper_rcm_log_20260616_110935_960_8218.csv,31.746031746030543,Unknown,Unknown,0.0,1.088855063734456e-13,1.7134736930074736e-12
30.8844,InsertionSequence,Done,1,0.59689,0.59689,1.0,161.244,0.087,0.075,0.00075,0.0,0.0,0.056,0.0,-3.973,-28.886,66.79,-2.031,-102.096,16.988,paper_rcm_log_20260616_110935_960_8218.csv,30.86419753086506,Unknown,Unknown,0.0,9.854111748909949e-14,1.8315411627372877e-12
30.9162,InsertionSequence,Done,1,0.59689,0.59689,1.0,161.244,0.087,0.075,0.00075,0.0,0.0,0.056,0.0,-3.973,-28.886,66.79,-2.031,-102.096,16.988,paper_rcm_log_20260616_110935_960_8218.csv,31.446540880502656,Unknown,Unknown,0.0,2.3251509063100976e-14,1.5174227725068271e-12
30.9484,InsertionSequence,Done,1,0.59689,0.59689,1.0,161.244,0.087,0.075,0.00075,0.0,0.0,0.056,0.0,-3.973,-28.886,66.79,-2.031,-102.096,16.988,paper_rcm_log_20260616_110935_960_8218.csv,31.055900621118436,Unknown,Unknown,0.0,2.3920432895754778e-14,9.231210712959745e-13
30.9797,InsertionSequence,Done,1,0.59689,0.59689,1.0,161.244,0.087,0.075,0.00075,0.0,0.0,0.056,0.0,-3.973,-28.886,66.79,-2.031,-102.096,16.988,paper_rcm_log_20260616_110935_960_8218.csv,31.948881789135687,Unknown,Unknown,0.0,5.19717205745273e-14,2.3515061279684973e-12
31.0119,InsertionSequence,Done,1,0.59689,0.59689,1.0,161.244,0.087,0.075,0.00075,0.0,0.0,0.056,0.0,-3.973,-28.886,66.79,-2.031,-102.096,16.988,paper_rcm_log_20260616_110935_960_8218.csv,31.055900621118436,Unknown,Unknown,0.0,1.4118777980995672e-13,8.528260906005637e-13
31.0436,InsertionSequence,Done,1,0.59689,0.59689,1.0,161.244,0.087,0.075,0.00075,0.0,0.0,0.056,0.0,-3.973,-28.886,66.79,-2.031,-102.096,16.988,paper_rcm_log_20260616_110935_960_8218.csv,31.54574132492041,Unknown,Unknown,0.0,0.0,1.5226993488140774e-12
31.0757,InsertionSequence,Done,1,0.59689,0.59689,1.0,161.244,0.087,0.075,0.00075,0.0,0.0,0.056,0.0,-3.973,-28.886,66.79,-2.031,-102.096,16.988,paper_rcm_log_20260616_110935_960_8218.csv,31.15264797507808,Unknown,Unknown,0.0,9.849841277745622e-14,2.3000711962925416e-12
31.1069,InsertionSequence,Done,1,0.59689,0.59689,1.0,161.244,0.087,0.075,0.00075,0.0,0.0,0.056,0.0,-3.973,-28.886,66.79,-2.031,-102.096,16.988,paper_rcm_log_20260616_110935_960_8218.csv,32.051282051283756,Unknown,Unknown,0.0,1.4119522936964057e-13,1.6278593851410022e-12
31.1394,InsertionSequence,Done,1,0.59689,0.59689,1.0,161.244,0.087,0.075,0.00075,0.0,0.0,0.056,0.0,-3.973,-28.886,66.79,-2.031,-102.096,16.988,paper_rcm_log_20260616_110935_960_8218.csv,30.769230769231847,Unknown,Unknown,0.0,0.0,1.6284775388266246e-12
31.1705,InsertionSequence,Done,1,0.59689,0.59689,1.0,161.244,0.087,0.075,0.00075,0.0,0.0,0.056,0.0,-3.973,-28.886,66.79,-2.031,-102.096,16.988,paper_rcm_log_20260616_110935_960_8218.csv,32.15434083601066,Unknown,Unknown,0.0,1.3334907805538776e-13,3.069391734498049e-12
31.2027,InsertionSequence,Done,1,0.59689,0.59689,1.0,161.244,0.087,0.075,0.00075,0.0,0.0,0.056,0.0,-3.973,-28.886,66.79,-2.031,-102.096,16.988,paper_rcm_log_20260616_110935_960_8218.csv,31.055900621118436,Unknown,Unknown,0.0,2.1018137570293106e-13,1.9348691970902045e-12
31.2343,InsertionSequence,Done,1,0.59689,0.59689,1.0,161.244,0.087,0.075,0.00075,0.0,0.0,0.056,0.0,-3.973,-28.886,66.79,-2.031,-102.096,16.988,paper_rcm_log_20260616_110935_960_8218.csv,31.645569620252203,Unknown,Unknown,0.0,0.0,3.261287168930601e-12
31.2647,InsertionSequence,Done,1,0.59689,0.59689,1.0,161.244,0.087,0.075,0.00075,0.0,0.0,0.056,0.0,-3.973,-28.886,66.79,-2.031,-102.096,16.988,paper_rcm_log_20260616_110935_960_8218.csv,32.89473684210504,Unknown,Unknown,0.0,0.0,1.8949612289460075e-12
31.2982,InsertionSequence,Done,1,0.59689,0.59689,1.0,161.244,0.087,0.075,0.00075,0.0,0.0,0.056,0.0,-3.973,-28.886,66.79,-2.031,-102.096,16.988,paper_rcm_log_20260616_110935_960_8218.csv,29.85074626865664,Unknown,Unknown,0.0,1.3343581430076555e-13,1.8157759947590346e-12
31.3296,InsertionSequence,Done,1,0.59689,0.59689,1.0,161.244,0.087,0.075,0.00075,0.0,0.0,0.056,0.0,-3.973,-28.886,66.79,-2.031,-102.096,16.988,paper_rcm_log_20260616_110935_960_8218.csv,31.847133757963938,Unknown,Unknown,0.0,9.854111748909949e-14,2.2688768670504653e-12
31.3615,InsertionSequence,Done,1,0.59689,0.59689,1.0,161.244,0.087,0.075,0.00075,0.0,0.0,0.056,0.0,-3.973,-28.886,66.79,-2.031,-102.096,16.988,paper_rcm_log_20260616_110935_960_8218.csv,31.347962382444884,Unknown,Unknown,0.0,2.3251509063100976e-14,1.492842872680658e-12
31.3935,InsertionSequence,Done,1,0.59689,0.59689,1.0,161.244,0.087,0.075,0.00075,0.0,0.0,0.056,0.0,-3.973,-28.886,66.79,-2.031,-102.096,16.988,paper_rcm_log_20260616_110935_960_8218.csv,31.24999999999997,Unknown,Unknown,0.0,1.413069256369066e-13,3.677750268254177e-13
31.4253,InsertionSequence,Done,1,0.59689,0.59689,1.0,161.244,0.087,0.075,0.00075,0.0,0.0,0.056,0.0,-3.973,-28.886,66.79,-2.031,-102.096,16.988,paper_rcm_log_20260616_110935_960_8218.csv,31.446540880502656,Unknown,Unknown,0.0,0.0,2.1922342187941605e-12
31.4571,InsertionSequence,Done,1,0.59689,0.59689,1.0,161.244,0.087,0.075,0.00075,0.0,0.0,0.056,0.0,-3.973,-28.886,66.79,-2.031,-102.096,16.988,paper_rcm_log_20260616_110935_960_8218.csv,31.446540880502656,Unknown,Unknown,0.0,2.3251509063100976e-14,1.4061238395131596e-12
31.4897,InsertionSequence,Done,1,0.59689,0.59689,1.0,161.244,0.087,0.075,0.00075,0.0,0.0,0.056,0.0,-3.973,-28.886,66.79,-2.031,-102.096,16.988,paper_rcm_log_20260616_110935_960_8218.csv,30.67484662576816,Unknown,Unknown,0.0,9.282491429618472e-14,1.4437981283661752e-12
31.5212,InsertionSequence,Done,1,0.59689,0.59689,1.0,161.244,0.087,0.075,0.00075,0.0,0.0,0.056,0.0,-3.973,-28.886,66.79,-2.031,-102.096,16.988,paper_rcm_log_20260616_110935_960_8218.csv,31.746031746030543,Unknown,Unknown,0.0,9.288155284822162e-14,3.2225912571071684e-12
31.5533,InsertionSequence,Done,1,0.59689,0.59689,1.0,161.244,0.087,0.075,0.00075,0.0,0.0,0.056,0.0,-3.973,-28.886,66.79,-2.031,-102.096,16.988,paper_rcm_log_20260616_110935_960_8218.csv,31.15264797507808,Unknown,Unknown,0.0,1.3331752361148757e-13,1.5017449228875124e-12
31.5855,InsertionSequence,Done,1,0.59689,0.59689,1.0,161.244,0.087,0.075,0.00075,0.0,0.0,0.056,0.0,-3.973,-28.886,66.79,-2.031,-102.096,16.988,paper_rcm_log_20260616_110935_960_8218.csv,31.055900621118436,Unknown,Unknown,0.0,2.320622857404618e-14,2.0333266876729715e-12
31.6173,InsertionSequence,Done,1,0.59689,0.59689,1.0,161.244,0.087,0.075,0.00075,0.0,0.0,0.056,0.0,-3.973,-28.886,66.79,-2.031,-102.096,16.988,paper_rcm_log_20260616_110935_960_8218.csv,31.446540880502656,Unknown,Unknown,0.0,2.5945352296482636e-14,1.6242878294961845e-12
31.6502,InsertionSequence,Done,1,0.59689,0.59689,1.0,161.244,0.087,0.075,0.00075,0.0,0.0,0.056,0.0,-3.973,-28.886,66.79,-2.031,-102.096,16.988,paper_rcm_log_20260616_110935_960_8218.csv,30.395136778114132,Unknown,Unknown,0.0,1.063838542898817e-13,7.311823022463803e-13
31.6833,InsertionSequence,Done,1,0.59689,0.59689,1.0,161.244,0.087,0.075,0.00075,0.0,0.0,0.056,0.0,-3.973,-28.886,66.79,-2.031,-102.096,16.988,paper_rcm_log_20260616_110935_960_8218.csv,30.21148036254008,Unknown,Unknown,0.0,2.3431756016863616e-14,1.7463019836712444e-12
31.7158,InsertionSequence,Done,1,0.59689,0.59689,1.0,161.244,0.087,0.075,0.00075,0.0,0.0,0.056,0.0,-3.973,-28.886,66.79,-2.031,-102.096,16.988,paper_rcm_log_20260616_110935_960_8218.csv,30.769230769228482,Unknown,Unknown,0.0,2.1404915644598175e-13,1.2804984518674834e-12
31.746,InsertionSequence,Done,1,0.59689,0.59689,1.0,161.244,0.087,0.075,0.00075,0.0,0.0,0.056,0.0,-3.973,-28.886,66.79,-2.031,-102.096,16.988,paper_rcm_log_20260616_110935_960_8218.csv,33.11258278146011,Unknown,Unknown,0.0,5.19717205745273e-14,1.8149890759538e-12
31.7779,InsertionSequence,Done,1,0.59689,0.59689,1.0,161.244,0.087,0.075,0.00075,0.0,0.0,0.056,0.0,-3.973,-28.886,66.79,-2.031,-102.096,16.988,paper_rcm_log_20260616_110935_960_8218.csv,31.347962382444884,Unknown,Unknown,0.0,1.3938837178302704e-13,8.374232555506006e-13
31.81,InsertionSequence,Done,1,0.59689,0.59689,1.0,161.244,0.087,0.075,0.00075,0.0,0.0,0.056,0.0,-3.973,-28.886,66.79,-2.031,-102.096,16.988,paper_rcm_log_20260616_110935_960_8218.csv,31.15264797507808,Unknown,Unknown,0.0,2.9007785717557725e-15,2.147309200943242e-12
31.8414,InsertionSequence,Done,1,0.59689,0.59689,1.0,161.244,0.087,0.075,0.00075,0.0,0.0,0.056,0.0,-3.973,-28.886,66.79,-2.031,-102.096,16.988,paper_rcm_log_20260616_110935_960_8218.csv,31.847133757960336,Unknown,Unknown,0.0,0.0,1.5121254262918147e-12
31.873,InsertionSequence,Done,1,0.59689,0.59689,1.0,161.244,0.087,0.075,0.00075,0.0,0.0,0.056,0.0,-3.973,-28.886,66.79,-2.031,-102.096,16.988,paper_rcm_log_20260616_110935_960_8218.csv,31.645569620252203,Unknown,Unknown,0.0,9.573668003502033e-14,2.0284412329289205e-12
31.9049,InsertionSequence,Done,1,0.59689,0.59689,1.0,161.244,0.087,0.075,0.00075,0.0,0.0,0.056,0.0,-3.973,-28.886,66.79,-2.031,-102.096,16.988,paper_rcm_log_20260616_110935_960_8218.csv,31.347962382444884,Unknown,Unknown,0.0,1.3127425272378462e-13,1.4579515075682974e-12
31.9364,InsertionSequence,Done,1,0.59689,0.59689,1.0,161.244,0.087,0.075,0.00075,0.0,0.0,0.056,0.0,-3.973,-28.886,66.79,-2.031,-102.096,16.988,paper_rcm_log_20260616_110935_960_8218.csv,31.746031746034124,Unknown,Unknown,0.0,2.9007785717557725e-15,2.1716594889368945e-12
31.9688,InsertionSequence,Done,1,0.59689,0.59689,1.0,161.244,0.087,0.075,0.00075,0.0,0.0,0.056,0.0,-3.973,-28.886,66.79,-2.031,-102.096,16.988,paper_rcm_log_20260616_110935_960_8218.csv,30.864197530861674,Unknown,Unknown,0.0,3.294651128092491e-14,9.271184780392833e-14
32.0014,InsertionSequence,Done,1,0.59689,0.59689,1.0,161.244,0.087,0.075,0.00075,0.0,0.0,0.056,0.0,-3.973,-28.886,66.79,-2.031,-102.096,16.988,paper_rcm_log_20260616_110935_960_8218.csv,30.674846625771504,Unknown,Unknown,0.0,3.2431690370603295e-15,2.023477754002558e-12
32.0357,InsertionSequence,Done,1,0.59689,0.59689,1.0,161.244,0.087,0.075,0.00075,0.0,0.0,0.056,0.0,-3.973,-28.886,66.79,-2.031,-102.096,16.988,paper_rcm_log_20260616_110935_960_8218.csv,29.15451895043581,Unknown,Unknown,0.0,1.3334907805538776e-13,1.5223473473806253e-12
32.0753,InsertionSequence,Done,1,0.59689,0.59689,1.0,161.244,0.087,0.075,0.00075,0.0,0.0,0.056,0.0,-3.973,-28.886,66.79,-2.031,-102.096,16.988,paper_rcm_log_20260616_110935_960_8218.csv,25.252525252525203,Unknown,Unknown,0.0,9.569272379760911e-14,1.820607874565651e-12
32.11,InsertionSequence,Done,1,0.59689,0.59689,1.0,161.244,0.087,0.075,0.00075,0.0,0.0,0.056,0.0,-3.973,-28.886,66.79,-2.031,-102.096,16.988,paper_rcm_log_20260616_110935_960_8218.csv,28.818443804033883,Unknown,Unknown,0.0,0.0,1.3686943640006644e-12
32.1442,InsertionSequence,Done,1,0.59689,0.59689,1.0,161.244,0.087,0.075,0.00075,0.0,0.0,0.056,0.0,-3.973,-28.886,66.79,-2.031,-102.096,16.988,paper_rcm_log_20260616_110935_960_8218.csv,29.239766081872666,Unknown,Unknown,0.0,1.4503892858778862e-15,1.933819617507316e-12
32.1786,InsertionSequence,Done,1,0.59689,0.59689,1.0,161.244,0.087,0.075,0.00075,0.0,0.0,0.056,0.0,-3.973,-28.886,66.79,-2.031,-102.096,16.988,paper_rcm_log_20260616_110935_960_8218.csv,29.06976744185616,Unknown,Unknown,0.0,1.3343581430076555e-13,3.649712830392453e-12
32.2107,InsertionSequence,Done,1,0.59689,0.59689,1.0,161.244,0.087,0.075,0.00075,0.0,0.0,0.056,0.0,-3.973,-28.886,66.79,-2.031,-102.096,16.988,paper_rcm_log_20260616_110935_960_8218.csv,31.15264797507808,Unknown,Unknown,0.0,2.1016135747576028e-13,3.771374546129966e-13
32.2425,InsertionSequence,Done,1,0.59689,0.59689,1.0,161.244,0.087,0.075,0.00075,0.0,0.0,0.056,0.0,-3.973,-28.886,66.79,-2.031,-102.096,16.988,paper_rcm_log_20260616_110935_960_8218.csv,31.44654088050617,Unknown,Unknown,0.0,1.3127425272378462e-13,3.0643826371562885e-12
32.2738,InsertionSequence,Done,1,0.59689,0.59689,1.0,161.244,0.087,0.075,0.00075,0.0,0.0,0.056,0.0,-3.973,-28.886,66.79,-2.031,-102.096,16.988,paper_rcm_log_20260616_110935_960_8218.csv,31.948881789135687,Unknown,Unknown,0.0,5.317214951750687e-14,2.207937026644216e-12
32.3064,InsertionSequence,Done,1,0.59689,0.59689,1.0,161.244,0.087,0.075,0.00075,0.0,0.0,0.056,0.0,-3.973,-28.886,66.79,-2.031,-102.096,16.988,paper_rcm_log_20260616_110935_960_8218.csv,30.674846625771504,Unknown,Unknown,0.0,2.338682451623638e-14,7.223344210220915e-13
32.3383,InsertionSequence,Done,1,0.59689,0.59689,1.0,161.244,0.087,0.075,0.00075,0.0,0.0,0.056,0.0,-3.973,-28.886,66.79,-2.031,-102.096,16.988,paper_rcm_log_20260616_110935_960_8218.csv,31.347962382444884,Unknown,Unknown,0.0,2.320622857404618e-14,3.064373813897062e-12
32.3693,InsertionSequence,Done,1,0.59689,0.59689,1.0,161.244,0.087,0.075,0.00075,0.0,0.0,0.056,0.0,-3.973,-28.886,66.79,-2.031,-102.096,16.988,paper_rcm_log_20260616_110935_960_8218.csv,32.25806451612288,Unknown,Unknown,0.0,1.8863984077402552e-13,2.038492458844959e-12
32.4008,InsertionSequence,Done,1,0.59689,0.59689,1.0,161.244,0.087,0.075,0.00075,0.0,0.0,0.056,0.0,-3.973,-28.886,66.79,-2.031,-102.096,16.988,paper_rcm_log_20260616_110935_960_8218.csv,31.746031746037705,Unknown,Unknown,0.0,1.3127425272378462e-13,4.783581952939595e-12
32.433,InsertionSequence,Done,1,0.59689,0.59689,1.0,161.244,0.087,0.075,0.00075,0.0,0.0,0.056,0.0,-3.973,-28.886,66.79,-2.031,-102.096,16.988,paper_rcm_log_20260616_110935_960_8218.csv,31.055900621115008,Unknown,Unknown,0.0,1.3334907805538776e-13,5.140316927749707e-13
32.4649,InsertionSequence,Done,1,0.59689,0.59689,1.0,161.244,0.087,0.075,0.00075,0.0,0.0,0.056,0.0,-3.973,-28.886,66.79,-2.031,-102.096,16.988,paper_rcm_log_20260616_110935_960_8218.csv,31.347962382444884,Unknown,Unknown,0.0,1.3534549136846853e-13,2.1936834553979444e-12
32.4958,InsertionSequence,Done,1,0.59689,0.59689,1.0,161.244,0.087,0.075,0.00075,0.0,0.0,0.056,0.0,-3.973,-28.886,66.79,-2.031,-102.096,16.988,paper_rcm_log_20260616_110935_960_8218.csv,32.36245954692285,Unknown,Unknown,0.0,2.9007785717557725e-15,1.5978920568579187e-12
32.5284,InsertionSequence,Done,1,0.59689,0.59689,1.0,161.244,0.087,0.075,0.00075,0.0,0.0,0.056,0.0,-3.973,-28.886,66.79,-2.031,-102.096,16.988,paper_rcm_log_20260616_110935_960_8218.csv,30.674846625771504,Unknown,Unknown,0.0,9.572569286794049e-14,2.0844392119293588e-12
32.5598,InsertionSequence,Done,1,0.59689,0.59689,1.0,161.244,0.087,0.075,0.00075,0.0,0.0,0.056,0.0,-3.973,-28.886,66.79,-2.031,-102.096,16.988,paper_rcm_log_20260616_110935_960_8218.csv,31.847133757956733,Unknown,Unknown,0.0,1.3334119014446105e-13,1.5172429208323922e-12
32.5913,InsertionSequence,Done,1,0.59689,0.59689,1.0,161.244,0.087,0.075,0.00075,0.0,0.0,0.056,0.0,-3.973,-28.886,66.79,-2.031,-102.096,16.988,paper_rcm_log_20260616_110935_960_8218.csv,31.746031746037705,Unknown,Unknown,0.0,3.297842074242946e-14,2.1341671741022715e-12
32.6234,InsertionSequence,Done,1,0.59689,0.59689,1.0,161.244,0.087,0.075,0.00075,0.0,0.0,0.056,0.0,-3.973,-28.886,66.79,-2.031,-102.096,16.988,paper_rcm_log_20260616_110935_960_8218.csv,31.15264797507808,Unknown,Unknown,0.0,0.0,1.4912255457163805e-12
32.6555,InsertionSequence,Done,1,0.59689,0.59689,1.0,161.244,0.087,0.075,0.00075,0.0,0.0,0.056,0.0,-3.973,-28.886,66.79,-2.031,-102.096,16.988,paper_rcm_log_20260616_110935_960_8218.csv,31.152647975071183,Unknown,Unknown,0.0,9.585745575600442e-14,5.63443209846693e-13
32.6866,InsertionSequence,Done,1,0.59689,0.59689,1.0,161.244,0.087,0.075,0.00075,0.0,0.0,0.056,0.0,-3.973,-28.886,66.79,-2.031,-102.096,16.988,paper_rcm_log_20260616_110935_960_8218.csv,32.15434083601801,Unknown,Unknown,0.0,3.297842074242946e-14,1.563158242987827e-12
32.7184,InsertionSequence,Done,1,0.59689,0.59689,1.0,161.244,0.087,0.075,0.00075,0.0,0.0,0.056,0.0,-3.973,-28.886,66.79,-2.031,-102.096,16.988,paper_rcm_log_20260616_110935_960_8218.csv,31.446540880499143,Unknown,Unknown,0.0,2.9007785717557725e-15,1.8695108875191826e-12
32.7496,InsertionSequence,Done,1,0.59689,0.59689,1.0,161.244,0.087,0.075,0.00075,0.0,0.0,0.056,0.0,-3.973,-28.886,66.79,-2.031,-102.096,16.988,paper_rcm_log_20260616_110935_960_8218.csv,32.051282051283756,Unknown,Unknown,0.0,1.0634429903501374e-13,1.5201767699158774e-12
32.782,InsertionSequence,Done,1,0.59689,0.59689,1.0,161.244,0.087,0.075,0.00075,0.0,0.0,0.056,0.0,-3.973,-28.886,66.79,-2.031,-102.096,16.988,paper_rcm_log_20260616_110935_960_8218.csv,30.86419753086844,Unknown,Unknown,0.0,9.30060362524039e-14,3.154393675586072e-12
32.8132,InsertionSequence,Done,1,0.59689,0.59689,1.0,161.244,0.087,0.075,0.00075,0.0,0.0,0.056,0.0,-3.973,-28.886,66.79,-2.031,-102.096,16.988,paper_rcm_log_20260616_110935_960_8218.csv,32.05128205127646,Unknown,Unknown,0.0,9.569272379760911e-14,5.183400045904204e-13
32.8451,InsertionSequence,Done,1,0.59689,0.59689,1.0,161.244,0.087,0.075,0.00075,0.0,0.0,0.056,0.0,-3.973,-28.886,66.79,-2.031,-102.096,16.988,paper_rcm_log_20260616_110935_960_8218.csv,31.347962382444884,Unknown,Unknown,0.0,9.854111748909949e-14,1.4410134039309183e-12
32.8765,InsertionSequence,Done,1,0.59689,0.59689,1.0,161.244,0.087,0.075,0.00075,0.0,0.0,0.056,0.0,-3.973,-28.886,66.79,-2.031,-102.096,16.988,paper_rcm_log_20260616_110935_960_8218.csv,31.847133757963938,Unknown,Unknown,0.0,2.9007785717557725e-15,5.447244926680814e-13
32.909,InsertionSequence,Done,1,0.59689,0.59689,1.0,161.244,0.087,0.075,0.00075,0.0,0.0,0.056,0.0,-3.973,-28.886,66.79,-2.031,-102.096,16.988,paper_rcm_log_20260616_110935_960_8218.csv,30.769230769231847,Unknown,Unknown,0.0,9.282491429618472e-14,8.843607747915343e-13
32.9398,InsertionSequence,Done,1,0.59689,0.59689,1.0,161.244,0.087,0.075,0.00075,0.0,0.0,0.056,0.0,-3.973,-28.886,66.79,-2.031,-102.096,16.988,paper_rcm_log_20260616_110935_960_8218.csv,32.46753246753323,Unknown,Unknown,0.0,5.199195484454623e-14,2.1568047892747526e-12
32.9719,InsertionSequence,Done,1,0.59689,0.59689,1.0,161.244,0.087,0.075,0.00075,0.0,0.0,0.056,0.0,-3.973,-28.886,66.79,-2.031,-102.096,16.988,paper_rcm_log_20260616_110935_960_8218.csv,31.15264797507808,Unknown,Unknown,0.0,9.568173158301911e-14,2.7384630493881462e-12
33.0032,InsertionSequence,Done,1,0.59689,0.59689,1.0,161.244,0.087,0.075,0.00075,0.0,0.0,0.056,0.0,-3.973,-28.886,66.79,-2.031,-102.096,16.988,paper_rcm_log_20260616_110935_960_8218.csv,31.948881789135687,Unknown,Unknown,0.0,1.3330963383348915e-13,2.112969193616074e-12
33.0351,InsertionSequence,Done,1,0.59689,0.59689,1.0,161.244,0.087,0.075,0.00075,0.0,0.0,0.056,0.0,-3.973,-28.886,66.79,-2.031,-102.096,16.988,paper_rcm_log_20260616_110935_960_8218.csv,31.347962382444884,Unknown,Unknown,0.0,9.854111748909949e-14,3.3089424512386545e-12
33.0665,InsertionSequence,Done,1,0.59689,0.59689,1.0,161.244,0.087,0.075,0.00075,0.0,0.0,0.056,0.0,-3.973,-28.886,66.79,-2.031,-102.096,16.988,paper_rcm_log_20260616_110935_960_8218.csv,31.847133757963938,Unknown,Unknown,0.0,9.590133648879301e-14,1.4666067479434314e-12
33.0988,InsertionSequence,Done,1,0.59689,0.59689,1.0,161.244,0.087,0.075,0.00075,0.0,0.0,0.056,0.0,-3.973,-28.886,66.79,-2.031,-102.096,16.988,paper_rcm_log_20260616_110935_960_8218.csv,30.959752321982066,Unknown,Unknown,0.0,2.320622857404618e-14,2.1084920586189885e-12
33.1299,InsertionSequence,Done,1,0.59689,0.59689,1.0,161.244,0.087,0.075,0.00075,0.0,0.0,0.056,0.0,-3.973,-28.886,66.79,-2.031,-102.096,16.988,paper_rcm_log_20260616_110935_960_8218.csv,32.15434083601066,Unknown,Unknown,0.0,1.0386245676500369e-13,1.4841821861897452e-12
33.1618,InsertionSequence,Done,1,0.59689,0.59689,1.0,161.244,0.087,0.075,0.00075,0.0,0.0,0.056,0.0,-3.973,-28.886,66.79,-2.031,-102.096,16.988,paper_rcm_log_20260616_110935_960_8218.csv,31.347962382444884,Unknown,Unknown,0.0,9.854111748909949e-14,7.377891192046121e-13
33.1932,InsertionSequence,Done,1,0.59689,0.59689,1.0,161.244,0.087,0.075,0.00075,0.0,0.0,0.056,0.0,-3.973,-28.886,66.79,-2.031,-102.096,16.988,paper_rcm_log_20260616_110935_960_8218.csv,31.847133757963938,Unknown,Unknown,0.0,9.287022790117615e-14,3.3204080358233134e-12
33.2254,InsertionSequence,Done,1,0.59689,0.59689,1.0,161.244,0.087,0.075,0.00075,0.0,0.0,0.056,0.0,-3.973,-28.886,66.79,-2.031,-102.096,16.988,paper_rcm_log_20260616_110935_960_8218.csv,31.055900621115008,Unknown,Unknown,0.0,1.3330963383348915e-13,1.744277827036425e-12
33.2566,InsertionSequence,Done,1,0.59689,0.59689,1.0,161.244,0.087,0.075,0.00075,0.0,0.0,0.056,0.0,-3.973,-28.886,66.79,-2.031,-102.096,16.988,paper_rcm_log_20260616_110935_960_8218.csv,32.051282051283756,Unknown,Unknown,0.0,1.0635418922792376e-13,7.440571545675614e-13
33.2892,InsertionSequence,Done,1,0.59689,0.59689,1.0,161.244,0.087,0.075,0.00075,0.0,0.0,0.056,0.0,-3.973,-28.886,66.79,-2.031,-102.096,16.988,paper_rcm_log_20260616_110935_960_8218.csv,30.67484662576482,Unknown,Unknown,0.0,1.413069256369066e-13,9.074136725248996e-13
33.3201,InsertionSequence,Done,1,0.59689,0.59689,1.0,161.244,0.087,0.075,0.00075,0.0,0.0,0.056,0.0,-3.973,-28.886,66.79,-2.031,-102.096,16.988,paper_rcm_log_20260616_110935_960_8218.csv,32.362459546930296,Unknown,Unknown,0.0,1.0642339484292511e-13,2.4039369066021693e-12
33.352,InsertionSequence,Done,1,0.59689,0.59689,1.0,161.244,0.087,0.075,0.00075,0.0,0.0,0.056,0.0,-3.973,-28.886,66.79,-2.031,-102.096,16.988,paper_rcm_log_20260616_110935_960_8218.csv,31.347962382444884,Unknown,Unknown,0.0,2.9007785717557725e-15,1.7847024073191582e-12
33.3838,InsertionSequence,Done,1,0.59689,0.59689,1.0,161.244,0.087,0.075,0.00075,0.0,0.0,0.056,0.0,-3.973,-28.886,66.79,-2.031,-102.096,16.988,paper_rcm_log_20260616_110935_960_8218.csv,31.446540880499143,Unknown,Unknown,0.0,2.3566036520288945e-14,2.048066806508799e-12
33.4161,InsertionSequence,Done,1,0.59689,0.59689,1.0,161.244,0.087,0.075,0.00075,0.0,0.0,0.056,0.0,-3.973,-28.886,66.79,-2.031,-102.096,16.988,paper_rcm_log_20260616_110935_960_8218.csv,30.959752321982066,Unknown,Unknown,0.0,1.3337273898913402e-13,1.6220384805862027e-12
33.4478,InsertionSequence,Done,1,0.59689,0.59689,1.0,161.244,0.087,0.075,0.00075,0.0,0.0,0.056,0.0,-3.973,-28.886,66.79,-2.031,-102.096,16.988,paper_rcm_log_20260616_110935_960_8218.csv,31.54574132492041,Unknown,Unknown,0.0,9.569272379760911e-14,2.1239093895334257e-12
33.4797,InsertionSequence,Done,1,0.59689,0.59689,1.0,161.244,0.087,0.075,0.00075,0.0,0.0,0.056,0.0,-3.973,-28.886,66.79,-2.031,-102.096,16.988,paper_rcm_log_20260616_110935_960_8218.csv,31.347962382444884,Unknown,Unknown,0.0,0.0,1.6668385428685403e-12
33.5116,InsertionSequence,Done,1,0.59689,0.59689,1.0,161.244,0.087,0.075,0.00075,0.0,0.0,0.056,0.0,-3.973,-28.886,66.79,-2.031,-102.096,16.988,paper_rcm_log_20260616_110935_960_8218.csv,31.347962382444884,Unknown,Unknown,0.0,3.285059692520585e-14,1.4353671259827933e-12
33.5438,InsertionSequence,Done,1,0.59689,0.59689,1.0,161.244,0.087,0.075,0.00075,0.0,0.0,0.056,0.0,-3.973,-28.886,66.79,-2.031,-102.096,16.988,paper_rcm_log_20260616_110935_960_8218.csv,31.05590062112186,Unknown,Unknown,0.0,9.287022790117615e-14,2.2258785119178346e-12
33.5756,InsertionSequence,Done,1,0.59689,0.59689,1.0,161.244,0.087,0.075,0.00075,0.0,0.0,0.056,0.0,-3.973,-28.886,66.79,-2.031,-102.096,16.988,paper_rcm_log_20260616_110935_960_8218.csv,31.446540880499143,Unknown,Unknown,0.0,1.353765731214029e-13,1.494469266217313e-12
33.6073,InsertionSequence,Done,1,0.59689,0.59689,1.0,161.244,0.087,0.075,0.00075,0.0,0.0,0.056,0.0,-3.973,-28.886,66.79,-2.031,-102.096,16.988,paper_rcm_log_20260616_110935_960_8218.csv,31.54574132492041,Unknown,Unknown,0.0,2.3431756016863616e-14,1.4713484618342257e-12
33.6393,InsertionSequence,Done,1,0.59689,0.59689,1.0,161.244,0.087,0.075,0.00075,0.0,0.0,0.056,0.0,-3.973,-28.886,66.79,-2.031,-102.096,16.988,paper_rcm_log_20260616_110935_960_8218.csv,31.250000000003443,Unknown,Unknown,0.0,9.854111748909949e-14,1.6145402375004431e-12
33.6709,InsertionSequence,Done,1,0.59689,0.59689,1.0,161.244,0.087,0.075,0.00075,0.0,0.0,0.056,0.0,-3.973,-28.886,66.79,-2.031,-102.096,16.988,paper_rcm_log_20260616_110935_960_8218.csv,31.645569620248644,Unknown,Unknown,0.0,9.573668003502033e-14,3.3685884970971028e-12
33.703,InsertionSequence,Done,1,0.59689,0.59689,1.0,161.244,0.087,0.075,0.00075,0.0,0.0,0.056,0.0,-3.973,-28.886,66.79,-2.031,-102.096,16.988,paper_rcm_log_20260616_110935_960_8218.csv,31.15264797507808,Unknown,Unknown,0.0,1.3535326247583684e-13,1.4812708787062279e-12
33.735,InsertionSequence,Done,1,0.59689,0.59689,1.0,161.244,0.087,0.075,0.00075,0.0,0.0,0.056,0.0,-3.973,-28.886,66.79,-2.031,-102.096,16.988,paper_rcm_log_20260616_110935_960_8218.csv,31.250000000003443,Unknown,Unknown,0.0,3.2818563180946156e-14,3.2898692361282065e-12
33.7668,InsertionSequence,Done,1,0.59689,0.59689,1.0,161.244,0.087,0.075,0.00075,0.0,0.0,0.056,0.0,-3.973,-28.886,66.79,-2.031,-102.096,16.988,paper_rcm_log_20260616_110935_960_8218.csv,31.446540880499143,Unknown,Unknown,0.0,9.288155284822162e-14,1.490181122023034e-12
33.799,InsertionSequence,Done,1,0.59689,0.59689,1.0,161.244,0.087,0.075,0.00075,0.0,0.0,0.056,0.0,-3.973,-28.886,66.79,-2.031,-102.096,16.988,paper_rcm_log_20260616_110935_960_8218.csv,31.05590062112186,Unknown,Unknown,0.0,9.287022790117615e-14,2.0279482226030433e-12
33.8308,InsertionSequence,Done,1,0.59689,0.59689,1.0,161.244,0.087,0.075,0.00075,0.0,0.0,0.056,0.0,-3.973,-28.886,66.79,-2.031,-102.096,16.988,paper_rcm_log_20260616_110935_960_8218.csv,31.446540880499143,Unknown,Unknown,0.0,9.287022790117615e-14,1.501780694328292e-12
33.8624,InsertionSequence,Done,1,0.59689,0.59689,1.0,161.244,0.087,0.075,0.00075,0.0,0.0,0.056,0.0,-3.973,-28.886,66.79,-2.031,-102.096,16.988,paper_rcm_log_20260616_110935_960_8218.csv,31.64556962025576,Unknown,Unknown,0.0,2.3251509063100976e-14,3.566615254400982e-13
33.8944,InsertionSequence,Done,1,0.59689,0.59689,1.0,161.244,0.087,0.075,0.00075,0.0,0.0,0.056,0.0,-3.973,-28.886,66.79,-2.031,-102.096,16.988,paper_rcm_log_20260616_110935_960_8218.csv,31.250000000003443,Unknown,Unknown,0.0,9.573668003502033e-14,1.5232802754221104e-12
33.9267,InsertionSequence,Done,1,0.59689,0.59689,1.0,161.244,0.087,0.075,0.00075,0.0,0.0,0.056,0.0,-3.973,-28.886,66.79,-2.031,-102.096,16.988,paper_rcm_log_20260616_110935_960_8218.csv,30.959752321982066,Unknown,Unknown,0.0,9.585745575600442e-14,2.7813972237807078e-12
33.9577,InsertionSequence,Done,1,0.59689,0.59689,1.0,161.244,0.087,0.075,0.00075,0.0,0.0,0.056,0.0,-3.973,-28.886,66.79,-2.031,-102.096,16.988,paper_rcm_log_20260616_110935_960_8218.csv,32.25806451612288,Unknown,Unknown,0.0,1.063838542898817e-13,3.153726514707174e-12
33.99,InsertionSequence,Done,1,0.59689,0.59689,1.0,161.244,0.087,0.075,0.00075,0.0,0.0,0.056,0.0,-3.973,-28.886,66.79,-2.031,-102.096,16.988,paper_rcm_log_20260616_110935_960_8218.csv,30.959752321982066,Unknown,Unknown,0.0,9.572569286794049e-14,8.036296117705445e-13
34.0219,InsertionSequence,Done,1,0.59689,0.59689,1.0,161.244,0.087,0.075,0.00075,0.0,0.0,0.056,0.0,-3.973,-28.886,66.79,-2.031,-102.096,16.988,paper_rcm_log_20260616_110935_960_8218.csv,31.347962382444884,Unknown,Unknown,0.0,9.282491429618472e-14,1.4758841521048246e-12
34.0535,InsertionSequence,Done,1,0.59689,0.59689,1.0,161.244,0.087,0.075,0.00075,0.0,0.0,0.056,0.0,-3.973,-28.886,66.79,-2.031,-102.096,16.988,paper_rcm_log_20260616_110935_960_8218.csv,31.64556962025576,Unknown,Unknown,0.0,1.3334907805538776e-13,3.345640095129129e-12
34.0853,InsertionSequence,Done,1,0.59689,0.59689,1.0,161.244,0.087,0.075,0.00075,0.0,0.0,0.056,0.0,-3.973,-28.886,66.79,-2.031,-102.096,16.988,paper_rcm_log_20260616_110935_960_8218.csv,31.44654088050617,Unknown,Unknown,0.0,1.4127714860030229e-13,3.4927430278078998e-12
34.1174,InsertionSequence,Done,1,0.59689,0.59689,1.0,161.244,0.087,0.075,0.00075,0.0,0.0,0.056,0.0,-3.973,-28.886,66.79,-2.031,-102.096,16.988,paper_rcm_log_20260616_110935_960_8218.csv,31.152647975071183,Unknown,Unknown,0.0,1.0654192845476476e-13,3.688698201591887e-13
34.1494,InsertionSequence,Done,1,0.59689,0.59689,1.0,161.244,0.087,0.075,0.00075,0.0,0.0,0.056,0.0,-3.973,-28.886,66.79,-2.031,-102.096,16.988,paper_rcm_log_20260616_110935_960_8218.csv,31.250000000003443,Unknown,Unknown,0.0,1.353765731214029e-13,2.0735597250343423e-12
34.1818,InsertionSequence,Done,1,0.59689,0.59689,1.0,161.244,0.087,0.075,0.00075,0.0,0.0,0.056,0.0,-3.973,-28.886,66.79,-2.031,-102.096,16.988,paper_rcm_log_20260616_110935_960_8218.csv,30.864197530861674,Unknown,Unknown,0.0,9.845568954283847e-14,2.336811453300125e-12
34.2129,InsertionSequence,Done,1,0.59689,0.59689,1.0,161.244,0.087,0.075,0.00075,0.0,0.0,0.056,0.0,-3.973,-28.886,66.79,-2.031,-102.096,16.988,paper_rcm_log_20260616_110935_960_8218.csv,32.15434083601801,Unknown,Unknown,0.0,3.297842074242946e-14,3.0725390308774797e-12
34.2447,InsertionSequence,Done,1,0.59689,0.59689,1.0,161.244,0.087,0.075,0.00075,0.0,0.0,0.056,0.0,-3.973,-28.886,66.79,-2.031,-102.096,16.988,paper_rcm_log_20260616_110935_960_8218.csv,31.446540880499143,Unknown,Unknown,0.0,9.569272379760911e-14,1.7933382339845794e-12
34.2765,InsertionSequence,Done,1,0.59689,0.59689,1.0,161.244,0.087,0.075,0.00075,0.0,0.0,0.056,0.0,-3.973,-28.886,66.79,-2.031,-102.096,16.988,paper_rcm_log_20260616_110935_960_8218.csv,31.44654088050617,Unknown,Unknown,0.0,9.863713549026964e-14,4.2504359540211934e-12
34.3084,InsertionSequence,Done,1,0.59689,0.59689,1.0,161.244,0.087,0.075,0.00075,0.0,0.0,0.056,0.0,-3.973,-28.886,66.79,-2.031,-102.096,16.988,paper_rcm_log_20260616_110935_960_8218.csv,31.347962382444884,Unknown,Unknown,0.0,2.1404915644598175e-13,3.049499428163687e-12
34.3399,InsertionSequence,Done,1,0.59689,0.59689,1.0,161.244,0.087,0.075,0.00075,0.0,0.0,0.056,0.0,-3.973,-28.886,66.79,-2.031,-102.096,16.988,paper_rcm_log_20260616_110935_960_8218.csv,31.746031746030543,Unknown,Unknown,0.0,9.288155284822162e-14,5.4011197353116115e-12
34.3721,InsertionSequence,Done,1,0.59689,0.59689,1.0,161.244,0.087,0.075,0.00075,0.0,0.0,0.056,0.0,-3.973,-28.886,66.79,-2.031,-102.096,16.988,paper_rcm_log_20260616_110935_960_8218.csv,31.055900621115008,Unknown,Unknown,0.0,1.3127425272378462e-13,1.58144801482187e-12
34.4036,InsertionSequence,Done,1,0.59689,0.59689,1.0,161.244,0.087,0.075,0.00075,0.0,0.0,0.056,0.0,-3.973,-28.886,66.79,-2.031,-102.096,16.988,paper_rcm_log_20260616_110935_960_8218.csv,31.746031746037705,Unknown,Unknown,0.0,3.307396441170108e-14,7.224920086379721e-13
34.4355,InsertionSequence,Done,1,0.59689,0.59689,1.0,161.244,0.087,0.075,0.00075,0.0,0.0,0.056,0.0,-3.973,-28.886,66.79,-2.031,-102.096,16.988,paper_rcm_log_20260616_110935_960_8218.csv,31.347962382444884,Unknown,Unknown,0.0,1.3938837178302704e-13,2.046049902549109e-12
34.4676,InsertionSequence,Done,1,0.59689,0.59689,1.0,161.244,0.087,0.075,0.00075,0.0,0.0,0.056,0.0,-3.973,-28.886,66.79,-2.031,-102.096,16.988,paper_rcm_log_20260616_110935_960_8218.csv,31.15264797507808,Unknown,Unknown,0.0,1.3346734077829954e-13,3.395110736199768e-12
34.4995,InsertionSequence,Done,1,0.59689,0.59689,1.0,161.244,0.087,0.075,0.00075,0.0,0.0,0.056,0.0,-3.973,-28.886,66.79,-2.031,-102.096,16.988,paper_rcm_log_20260616_110935_960_8218.csv,31.347962382444884,Unknown,Unknown,0.0,9.573668003502033e-14,2.106979625875391e-12
34.5318,InsertionSequence,Done,1,0.59689,0.59689,1.0,161.244,0.087,0.075,0.00075,0.0,0.0,0.056,0.0,-3.973,-28.886,66.79,-2.031,-102.096,16.988,paper_rcm_log_20260616_110935_960_8218.csv,30.959752321982066,Unknown,Unknown,0.0,2.3566036520288945e-14,2.114514395774463e-12
34.5636,InsertionSequence,Done,1,0.59689,0.59689,1.0,161.244,0.087,0.075,0.00075,0.0,0.0,0.056,0.0,-3.973,-28.886,66.79,-2.031,-102.096,16.988,paper_rcm_log_20260616_110935_960_8218.csv,31.446540880499143,Unknown,Unknown,0.0,9.569272379760911e-14,1.5052937112427712e-12
34.5954,InsertionSequence,Done,1,0.59689,0.59689,1.0,161.244,0.087,0.075,0.00075,0.0,0.0,0.056,0.0,-3.973,-28.886,66.79,-2.031,-102.096,16.988,paper_rcm_log_20260616_110935_960_8218.csv,31.44654088050617,Unknown,Unknown,0.0,9.863713549026964e-14,2.1323034952248876e-12
34.6273,InsertionSequence,Done,1,0.59689,0.59689,1.0,161.244,0.087,0.075,0.00075,0.0,0.0,0.056,0.0,-3.973,-28.886,66.79,-2.031,-102.096,16.988,paper_rcm_log_20260616_110935_960_8218.csv,31.347962382444884,Unknown,Unknown,0.0,9.573668003502033e-14,1.6405724590360614e-12
34.6596,InsertionSequence,Done,1,0.59689,0.59689,1.0,161.244,0.087,0.075,0.00075,0.0,0.0,0.056,0.0,-3.973,-28.886,66.79,-2.031,-102.096,16.988,paper_rcm_log_20260616_110935_960_8218.csv,30.959752321982066,Unknown,Unknown,0.0,2.320622857404618e-14,1.4152454513547096e-12
34.6909,InsertionSequence,Done,1,0.59689,0.59689,1.0,161.244,0.087,0.075,0.00075,0.0,0.0,0.056,0.0,-3.973,-28.886,66.79,-2.031,-102.096,16.988,paper_rcm_log_20260616_110935_960_8218.csv,31.948881789135687,Unknown,Unknown,0.0,2.338682451623638e-14,1.4873714685146354e-12
34.7229,InsertionSequence,Done,1,0.59689,0.59689,1.0,161.244,0.087,0.075,0.00075,0.0,0.0,0.056,0.0,-3.973,-28.886,66.79,-2.031,-102.096,16.988,paper_rcm_log_20260616_110935_960_8218.csv,31.249999999996504,Unknown,Unknown,0.0,9.287022790117615e-14,5.164564991246953e-13
34.7546,InsertionSequence,Done,1,0.59689,0.59689,1.0,161.244,0.087,0.075,0.00075,0.0,0.0,0.056,0.0,-3.973,-28.886,66.79,-2.031,-102.096,16.988,paper_rcm_log_20260616_110935_960_8218.csv,31.54574132492041,Unknown,Unknown,0.0,2.3431756016863616e-14,1.5160303641433574e-12
34.7866,InsertionSequence,Done,1,0.59689,0.59689,1.0,161.244,0.087,0.075,0.00075,0.0,0.0,0.056,0.0,-3.973,-28.886,66.79,-2.031,-102.096,16.988,paper_rcm_log_20260616_110935_960_8218.csv,31.250000000003443,Unknown,Unknown,0.0,2.338682451623638e-14,3.2937716056408254e-12
34.8184,InsertionSequence,Done,1,0.59689,0.59689,1.0,161.244,0.087,0.075,0.00075,0.0,0.0,0.056,0.0,-3.973,-28.886,66.79,-2.031,-102.096,16.988,paper_rcm_log_20260616_110935_960_8218.csv,31.44654088050617,Unknown,Unknown,0.0,2.1016135747576028e-13,2.9157134325998647e-12
34.8505,InsertionSequence,Done,1,0.59689,0.59689,1.0,161.244,0.087,0.075,0.00075,0.0,0.0,0.056,0.0,-3.973,-28.886,66.79,-2.031,-102.096,16.988,paper_rcm_log_20260616_110935_960_8218.csv,31.15264797507808,Unknown,Unknown,0.0,1.871395653881128e-13,3.3738753286449955e-12
34.8828,InsertionSequence,Done,1,0.59689,0.59689,1.0,161.244,0.087,0.075,0.00075,0.0,0.0,0.056,0.0,-3.973,-28.886,66.79,-2.031,-102.096,16.988,paper_rcm_log_20260616_110935_960_8218.csv,30.959752321975255,Unknown,Unknown,0.0,2.320622857404618e-14,3.2055358858609414e-12
34.9142,InsertionSequence,Done,1,0.59689,0.59689,1.0,161.244,0.087,0.075,0.00075,0.0,0.0,0.056,0.0,-3.973,-28.886,66.79,-2.031,-102.096,16.988,paper_rcm_log_20260616_110935_960_8218.csv,31.847133757963938,Unknown,Unknown,0.0,9.573668003502033e-14,1.5927295282058568e-12
34.946,InsertionSequence,Done,1,0.59689,0.59689,1.0,161.244,0.087,0.075,0.00075,0.0,0.0,0.056,0.0,-3.973,-28.886,66.79,-2.031,-102.096,16.988,paper_rcm_log_20260616_110935_960_8218.csv,31.44654088050617,Unknown,Unknown,0.0,9.569272379760911e-14,1.6728575598404405e-12
34.9778,InsertionSequence,Done,1,0.59689,0.59689,1.0,161.244,0.087,0.075,0.00075,0.0,0.0,0.056,0.0,-3.973,-28.886,66.79,-2.031,-102.096,16.988,paper_rcm_log_20260616_110935_960_8218.csv,31.446540880499143,Unknown,Unknown,0.0,3.2818563180946156e-14,1.6715457536812991e-12
35.0098,InsertionSequence,Done,1,0.59689,0.59689,1.0,161.244,0.087,0.075,0.00075,0.0,0.0,0.056,0.0,-3.973,-28.886,66.79,-2.031,-102.096,16.988,paper_rcm_log_20260616_110935_960_8218.csv,31.250000000003443,Unknown,Unknown,0.0,3.2818563180946156e-14,5.052505228585525e-13
35.0416,InsertionSequence,Done,1,0.59689,0.59689,1.0,161.244,0.087,0.075,0.00075,0.0,0.0,0.056,0.0,-3.973,-28.886,66.79,-2.031,-102.096,16.988,paper_rcm_log_20260616_110935_960_8218.csv,31.446540880499143,Unknown,Unknown,0.0,1.4503892858778862e-15,5.216336525900559e-13
35.0741,InsertionSequence,Done,1,0.59689,0.59689,1.0,161.244,0.087,0.075,0.00075,0.0,0.0,0.056,0.0,-3.973,-28.886,66.79,-2.031,-102.096,16.988,paper_rcm_log_20260616_110935_960_8218.csv,30.769230769231847,Unknown,Unknown,0.0,0.0,1.87098422392355e-12
35.1052,InsertionSequence,Done,1,0.59689,0.59689,1.0,161.244,0.087,0.075,0.00075,0.0,0.0,0.056,0.0,-3.973,-28.886,66.79,-2.031,-102.096,16.988,paper_rcm_log_20260616_110935_960_8218.csv,32.15434083601066,Unknown,Unknown,0.0,1.1384401067035137e-13,1.9734855521306114e-12
35.1373,InsertionSequence,Done,1,0.59689,0.59689,1.0,161.244,0.087,0.075,0.00075,0.0,0.0,0.056,0.0,-3.973,-28.886,66.79,-2.031,-102.096,16.988,paper_rcm_log_20260616_110935_960_8218.csv,31.15264797507808,Unknown,Unknown,0.0,1.3546977559242363e-13,7.712206827718796e-13
35.169,InsertionSequence,Done,1,0.59689,0.59689,1.0,161.244,0.087,0.075,0.00075,0.0,0.0,0.056,0.0,-3.973,-28.886,66.79,-2.031,-102.096,16.988,paper_rcm_log_20260616_110935_960_8218.csv,31.545741324927484,Unknown,Unknown,0.0,9.568173158301911e-14,2.136747249093003e-12
35.2007,InsertionSequence,Done,1,0.59689,0.59689,1.0,161.244,0.087,0.075,0.00075,0.0,0.0,0.056,0.0,-3.973,-28.886,66.79,-2.031,-102.096,16.988,paper_rcm_log_20260616_110935_960_8218.csv,31.54574132492041,Unknown,Unknown,0.0,0.0,1.5173089475666401e-12
35.2328,InsertionSequence,Done,1,0.59689,0.59689,1.0,161.244,0.087,0.075,0.00075,0.0,0.0,0.056,0.0,-3.973,-28.886,66.79,-2.031,-102.096,16.988,paper_rcm_log_20260616_110935_960_8218.csv,31.15264797507808,Unknown,Unknown,0.0,3.297842074242946e-14,4.494594066114123e-14
35.265,InsertionSequence,Done,1,0.59689,0.59689,1.0,161.244,0.087,0.075,0.00075,0.0,0.0,0.056,0.0,-3.973,-28.886,66.79,-2.031,-102.096,16.988,paper_rcm_log_20260616_110935_960_8218.csv,31.055900621115008,Unknown,Unknown,0.0,2.9007785717557725e-15,5.080198272316928e-13
35.2967,InsertionSequence,Done,1,0.59689,0.59689,1.0,161.244,0.087,0.075,0.00075,0.0,0.0,0.056,0.0,-3.973,-28.886,66.79,-2.031,-102.096,16.988,paper_rcm_log_20260616_110935_960_8218.csv,31.54574132492041,Unknown,Unknown,0.0,0.0,4.575360523273984e-14
35.3284,InsertionSequence,Done,1,0.59689,0.59689,1.0,161.244,0.087,0.075,0.00075,0.0,0.0,0.056,0.0,-3.973,-28.886,66.79,-2.031,-102.096,16.988,paper_rcm_log_20260616_110935_960_8218.csv,31.54574132492041,Unknown,Unknown,0.0,0.0,2.2288158617808095e-12
35.3601,InsertionSequence,Done,1,0.59689,0.59689,1.0,161.244,0.087,0.075,0.00075,0.0,0.0,0.056,0.0,-3.973,-28.886,66.79,-2.031,-102.096,16.988,paper_rcm_log_20260616_110935_960_8218.csv,31.54574132492041,Unknown,Unknown,0.0,1.413069256369066e-13,3.5162334394404714e-13
35.3926,InsertionSequence,Done,1,0.59689,0.59689,1.0,161.244,0.087,0.075,0.00075,0.0,0.0,0.056,0.0,-3.973,-28.886,66.79,-2.031,-102.096,16.988,paper_rcm_log_20260616_110935_960_8218.csv,30.769230769231847,Unknown,Unknown,0.0,2.320622857404618e-14,1.6128585361957426e-12
35.4239,InsertionSequence,Done,1,0.59689,0.59689,1.0,161.244,0.087,0.075,0.00075,0.0,0.0,0.056,0.0,-3.973,-28.886,66.79,-2.031,-102.096,16.988,paper_rcm_log_20260616_110935_960_8218.csv,31.948881789135687,Unknown,Unknown,0.0,5.1910970442046026e-14,1.501822826382784e-12
35.4562,InsertionSequence,Done,1,0.59689,0.59689,1.0,161.244,0.087,0.075,0.00075,0.0,0.0,0.056,0.0,-3.973,-28.886,66.79,-2.031,-102.096,16.988,paper_rcm_log_20260616_110935_960_8218.csv,30.959752321982066,Unknown,Unknown,0.0,9.572569286794049e-14,7.95399745979179e-13
35.4881,InsertionSequence,Done,1,0.59689,0.59689,1.0,161.244,0.087,0.075,0.00075,0.0,0.0,0.056,0.0,-3.973,-28.886,66.79,-2.031,-102.096,16.988,paper_rcm_log_20260616_110935_960_8218.csv,31.347962382444884,Unknown,Unknown,0.0,0.0,1.5004027095288354e-12
35.52,InsertionSequence,Done,1,0.59689,0.59689,1.0,161.244,0.087,0.075,0.00075,0.0,0.0,0.056,0.0,-3.973,-28.886,66.79,-2.031,-102.096,16.988,paper_rcm_log_20260616_110935_960_8218.csv,31.347962382444884,Unknown,Unknown,0.0,0.0,2.184770717602287e-12
35.5519,InsertionSequence,Done,1,0.59689,0.59689,1.0,161.244,0.087,0.075,0.00075,0.0,0.0,0.056,0.0,-3.973,-28.886,66.79,-2.031,-102.096,16.988,paper_rcm_log_20260616_110935_960_8218.csv,31.347962382444884,Unknown,Unknown,0.0,1.3938837178302704e-13,3.2883687985863327e-12
35.584,InsertionSequence,Done,1,0.59689,0.59689,1.0,161.244,0.087,0.075,0.00075,0.0,0.0,0.056,0.0,-3.973,-28.886,66.79,-2.031,-102.096,16.988,paper_rcm_log_20260616_110935_960_8218.csv,31.15264797507808,Unknown,Unknown,0.0,2.1016135747576028e-13,2.3955057035797486e-12
35.6158,InsertionSequence,Done,1,0.59689,0.59689,1.0,161.244,0.087,0.075,0.00075,0.0,0.0,0.056,0.0,-3.973,-28.886,66.79,-2.031,-102.096,16.988,paper_rcm_log_20260616_110935_960_8218.csv,31.44654088050617,Unknown,Unknown,0.0,3.297842074242946e-14,3.343968413321685e-12
35.6483,InsertionSequence,Done,1,0.59689,0.59689,1.0,161.244,0.087,0.075,0.00075,0.0,0.0,0.056,0.0,-3.973,-28.886,66.79,-2.031,-102.096,16.988,paper_rcm_log_20260616_110935_960_8218.csv,30.769230769231847,Unknown,Unknown,0.0,0.0,2.0705498068116645e-12
35.6794,InsertionSequence,Done,1,0.59689,0.59689,1.0,161.244,0.087,0.075,0.00075,0.0,0.0,0.056,0.0,-3.973,-28.886,66.79,-2.031,-102.096,16.988,paper_rcm_log_20260616_110935_960_8218.csv,32.15434083601066,Unknown,Unknown,0.0,1.1384401067035137e-13,3.329835355708537e-12
35.7115,InsertionSequence,Done,1,0.59689,0.59689,1.0,161.244,0.087,0.075,0.00075,0.0,0.0,0.056,0.0,-3.973,-28.886,66.79,-2.031,-102.096,16.988,paper_rcm_log_20260616_110935_960_8218.csv,31.15264797507808,Unknown,Unknown,0.0,2.1016135747576028e-13,2.032595759165858e-12
35.7433,InsertionSequence,Done,1,0.59689,0.59689,1.0,161.244,0.087,0.075,0.00075,0.0,0.0,0.056,0.0,-3.973,-28.886,66.79,-2.031,-102.096,16.988,paper_rcm_log_20260616_110935_960_8218.csv,31.44654088050617,Unknown,Unknown,0.0,3.2818563180946156e-14,3.34946215020854e-12
35.7759,InsertionSequence,Done,1,0.59689,0.59689,1.0,161.244,0.087,0.075,0.00075,0.0,0.0,0.056,0.0,-3.973,-28.886,66.79,-2.031,-102.096,16.988,paper_rcm_log_20260616_110935_960_8218.csv,30.67484662576482,Unknown,Unknown,0.0,5.801557143511545e-15,3.533916100358376e-13
35.8068,InsertionSequence,Done,1,0.59689,0.59689,1.0,161.244,0.087,0.075,0.00075,0.0,0.0,0.056,0.0,-3.973,-28.886,66.79,-2.031,-102.096,16.988,paper_rcm_log_20260616_110935_960_8218.csv,32.36245954692285,Unknown,Unknown,0.0,2.338682451623638e-14,3.810098553292848e-13
35.8391,InsertionSequence,Done,1,0.59689,0.59689,1.0,161.244,0.087,0.075,0.00075,0.0,0.0,0.056,0.0,-3.973,-28.886,66.79,-2.031,-102.096,16.988,paper_rcm_log_20260616_110935_960_8218.csv,30.959752321982066,Unknown,Unknown,0.0,2.338682451623638e-14,3.5132820547179738e-12
35.8706,InsertionSequence,Done,1,0.59689,0.59689,1.0,161.244,0.087,0.075,0.00075,0.0,0.0,0.056,0.0,-3.973,-28.886,66.79,-2.031,-102.096,16.988,paper_rcm_log_20260616_110935_960_8218.csv,31.746031746030543,Unknown,Unknown,0.0,2.2023481947945694e-13,3.4226750045408177e-12
35.9028,InsertionSequence,Done,1,0.59689,0.59689,1.0,161.244,0.087,0.075,0.00075,0.0,0.0,0.056,0.0,-3.973,-28.886,66.79,-2.031,-102.096,16.988,paper_rcm_log_20260616_110935_960_8218.csv,31.05590062112186,Unknown,Unknown,0.0,2.238867430918664e-13,1.5587393215784002e-12
35.9343,InsertionSequence,Done,1,0.59689,0.59689,1.0,161.244,0.087,0.075,0.00075,0.0,0.0,0.056,0.0,-3.973,-28.886,66.79,-2.031,-102.096,16.988,paper_rcm_log_20260616_110935_960_8218.csv,31.746031746030543,Unknown,Unknown,0.0,1.0642339484292511e-13,5.6207285305916775e-12
35.9667,InsertionSequence,Done,1,0.59689,0.59689,1.0,161.244,0.087,0.075,0.00075,0.0,0.0,0.056,0.0,-3.973,-28.886,66.79,-2.031,-102.096,16.988,paper_rcm_log_20260616_110935_960_8218.csv,30.864197530861674,Unknown,Unknown,0.0,1.3334119014446105e-13,1.7008785966030404e-12
35.9985,InsertionSequence,Done,1,0.59689,0.59689,1.0,161.244,0.087,0.075,0.00075,0.0,0.0,0.056,0.0,-3.973,-28.886,66.79,-2.031,-102.096,16.988,paper_rcm_log_20260616_110935_960_8218.csv,31.44654088050617,Unknown,Unknown,0.0,0.0,1.5044297418715142e-12
36.0303,InsertionSequence,Done,1,0.59689,0.59689,1.0,161.244,0.087,0.075,0.00075,0.0,0.0,0.056,0.0,-3.973,-28.886,66.79,-2.031,-102.096,16.988,paper_rcm_log_20260616_110935_960_8218.csv,31.44654088050617,Unknown,Unknown,0.0,2.1016135747576028e-13,1.557593810936005e-12
36.0624,InsertionSequence,Done,1,0.59689,0.59689,1.0,161.244,0.087,0.075,0.00075,0.0,0.0,0.056,0.0,-3.973,-28.886,66.79,-2.031,-102.096,16.988,paper_rcm_log_20260616_110935_960_8218.csv,31.15264797507808,Unknown,Unknown,0.0,9.854111748909949e-14,3.2715191281830864e-12
36.0942,InsertionSequence,Done,1,0.59689,0.59689,1.0,161.244,0.087,0.075,0.00075,0.0,0.0,0.056,0.0,-3.973,-28.886,66.79,-2.031,-102.096,16.988,paper_rcm_log_20260616_110935_960_8218.csv,31.446540880499143,Unknown,Unknown,0.0,2.9007785717557725e-15,2.125633986094778e-12
36.1261,InsertionSequence,Done,1,0.59689,0.59689,1.0,161.244,0.087,0.075,0.00075,0.0,0.0,0.056,0.0,-3.973,-28.886,66.79,-2.031,-102.096,16.988,paper_rcm_log_20260616_110935_960_8218.csv,31.347962382444884,Unknown,Unknown,0.0,9.282491429618472e-14,1.4768197205546339e-12
36.1577,InsertionSequence,Done,1,0.59689,0.59689,1.0,161.244,0.087,0.075,0.00075,0.0,0.0,0.056,0.0,-3.973,-28.886,66.79,-2.031,-102.096,16.988,paper_rcm_log_20260616_110935_960_8218.csv,31.64556962025576,Unknown,Unknown,0.0,9.283624477096554e-14,2.1471989934505073e-12
36.1895,InsertionSequence,Done,1,0.59689,0.59689,1.0,161.244,0.087,0.075,0.00075,0.0,0.0,0.056,0.0,-3.973,-28.886,66.79,-2.031,-102.096,16.988,paper_rcm_log_20260616_110935_960_8218.csv,31.446540880499143,Unknown,Unknown,0.0,9.854111748909949e-14,1.4399602280796195e-12
36.2216,InsertionSequence,Done,1,0.59689,0.59689,1.0,161.244,0.087,0.075,0.00075,0.0,0.0,0.056,0.0,-3.973,-28.886,66.79,-2.031,-102.096,16.988,paper_rcm_log_20260616_110935_960_8218.csv,31.15264797507808,Unknown,Unknown,0.0,2.9007785717557725e-15,2.1072593972758096e-12
36.2538,InsertionSequence,Done,1,0.59689,0.59689,1.0,161.244,0.087,0.075,0.00075,0.0,0.0,0.056,0.0,-3.973,-28.886,66.79,-2.031,-102.096,16.988,paper_rcm_log_20260616_110935_960_8218.csv,31.05590062112186,Unknown,Unknown,0.0,9.287022790117615e-14,1.4705138354431404e-12
36.2856,InsertionSequence,Done,1,0.59689,0.59689,1.0,161.244,0.087,0.075,0.00075,0.0,0.0,0.056,0.0,-3.973,-28.886,66.79,-2.031,-102.096,16.988,paper_rcm_log_20260616_110935_960_8218.csv,31.446540880499143,Unknown,Unknown,0.0,9.287022790117615e-14,2.1167649020605194e-12
36.3172,InsertionSequence,Done,1,0.59689,0.59689,1.0,161.244,0.087,0.075,0.00075,0.0,0.0,0.056,0.0,-3.973,-28.886,66.79,-2.031,-102.096,16.988,paper_rcm_log_20260616_110935_960_8218.csv,31.64556962025576,Unknown,Unknown,0.0,9.569272379760911e-14,2.1274851029741956e-12
36.3493,InsertionSequence,Done,1,0.59689,0.59689,1.0,161.244,0.087,0.075,0.00075,0.0,0.0,0.056,0.0,-3.973,-28.886,66.79,-2.031,-102.096,16.988,paper_rcm_log_20260616_110935_960_8218.csv,31.15264797507808,Unknown,Unknown,0.0,9.573668003502033e-14,3.2457737212382543e-12
36.3817,InsertionSequence,Done,1,0.59689,0.59689,1.0,161.244,0.087,0.075,0.00075,0.0,0.0,0.056,0.0,-3.973,-28.886,66.79,-2.031,-102.096,16.988,paper_rcm_log_20260616_110935_960_8218.csv,30.864197530861674,Unknown,Unknown,0.0,1.3546977559242363e-13,6.373057679529645e-12
36.4129,InsertionSequence,Done,1,0.59689,0.59689,1.0,161.244,0.087,0.075,0.00075,0.0,0.0,0.056,0.0,-3.973,-28.886,66.79,-2.031,-102.096,16.988,paper_rcm_log_20260616_110935_960_8218.csv,32.051282051283756,Unknown,Unknown,0.0,2.9815996536373986e-13,2.440178941983748e-12
36.4448,InsertionSequence,Done,1,0.59689,0.59689,1.0,161.244,0.087,0.075,0.00075,0.0,0.0,0.056,0.0,-3.973,-28.886,66.79,-2.031,-102.096,16.988,paper_rcm_log_20260616_110935_960_8218.csv,31.347962382444884,Unknown,Unknown,0.0,3.285059692520585e-14,4.445658016186796e-12
36.477,InsertionSequence,Done,1,0.59689,0.59689,1.0,161.244,0.087,0.075,0.00075,0.0,0.0,0.056,0.0,-3.973,-28.886,66.79,-2.031,-102.096,16.988,paper_rcm_log_20260616_110935_960_8218.csv,31.05590062112186,Unknown,Unknown,0.0,9.572569286794049e-14,2.2565969448904417e-12
36.5082,InsertionSequence,Done,1,0.59689,0.59689,1.0,161.244,0.087,0.075,0.00075,0.0,0.0,0.056,0.0,-3.973,-28.886,66.79,-2.031,-102.096,16.988,paper_rcm_log_20260616_110935_960_8218.csv,32.05128205127646,Unknown,Unknown,0.0,1.313143083353487e-13,3.482308759487868e-12
36.5405,InsertionSequence,Done,1,0.59689,0.59689,1.0,161.244,0.087,0.075,0.00075,0.0,0.0,0.056,0.0,-3.973,-28.886,66.79,-2.031,-102.096,16.988,paper_rcm_log_20260616_110935_960_8218.csv,30.959752321982066,Unknown,Unknown,0.0,1.3546977559242363e-13,4.963041061355987e-12
36.5723,InsertionSequence,Done,1,0.59689,0.59689,1.0,161.244,0.087,0.075,0.00075,0.0,0.0,0.056,0.0,-3.973,-28.886,66.79,-2.031,-102.096,16.988,paper_rcm_log_20260616_110935_960_8218.csv,31.44654088050617,Unknown,Unknown,0.0,1.9424931098598893e-13,4.538581776966496e-12
36.6063,InsertionSequence,Done,1,0.59689,0.59689,1.0,161.244,0.087,0.075,0.00075,0.0,0.0,0.056,0.0,-3.973,-28.886,66.79,-2.031,-102.096,16.988,paper_rcm_log_20260616_110935_960_8218.csv,29.411764705883286,Unknown,Unknown,0.0,1.4128459344780832e-13,2.8914514719186696e-12
36.6395,InsertionSequence,Done,1,0.59689,0.59689,1.0,161.244,0.087,0.075,0.00075,0.0,0.0,0.056,0.0,-3.973,-28.886,66.79,-2.031,-102.096,16.988,paper_rcm_log_20260616_110935_960_8218.csv,30.12048192771013,Unknown,Unknown,0.0,1.169341225811819e-14,2.1431498632304042e-12
36.6732,InsertionSequence,Done,1,0.59689,0.59689,1.0,161.244,0.087,0.075,0.00075,0.0,0.0,0.056,0.0,-3.973,-28.886,66.79,-2.031,-102.096,16.988,paper_rcm_log_20260616_110935_960_8218.csv,29.673590504448246,Unknown,Unknown,0.0,1.4503892858778862e-15,4.947301405731469e-13
36.7064,InsertionSequence,Done,1,0.59689,0.59689,1.0,161.244,0.087,0.075,0.00075,0.0,0.0,0.056,0.0,-3.973,-28.886,66.79,-2.031,-102.096,16.988,paper_rcm_log_20260616_110935_960_8218.csv,30.12048192771013,Unknown,Unknown,0.0,2.5945352296482636e-14,1.6871943900216735e-12
36.7399,InsertionSequence,Done,1,0.59689,0.59689,1.0,161.244,0.087,0.075,0.00075,0.0,0.0,0.056,0.0,-3.973,-28.886,66.79,-2.031,-102.096,16.988,paper_rcm_log_20260616_110935_960_8218.csv,29.850746268659805,Unknown,Unknown,0.0,1.1373308760665915e-13,1.6048127609534797e-12
36.7736,InsertionSequence,Done,1,0.59689,0.59689,1.0,161.244,0.087,0.075,0.00075,0.0,0.0,0.056,0.0,-3.973,-28.886,66.79,-2.031,-102.096,16.988,paper_rcm_log_20260616_110935_960_8218.csv,29.673590504448246,Unknown,Unknown,0.0,1.0900136259317464e-13,3.595892385089455e-12
36.8067,InsertionSequence,Done,1,0.59689,0.59689,1.0,161.244,0.087,0.075,0.00075,0.0,0.0,0.056,0.0,-3.973,-28.886,66.79,-2.031,-102.096,16.988,paper_rcm_log_20260616_110935_960_8218.csv,30.21148036254008,Unknown,Unknown,0.0,1.3546977559242363e-13,3.2414314584272057e-12
36.8401,InsertionSequence,Done,1,0.59689,0.59689,1.0,161.244,0.087,0.075,0.00075,0.0,0.0,0.056,0.0,-3.973,-28.886,66.79,-2.031,-102.096,16.988,paper_rcm_log_20260616_110935_960_8218.csv,29.94011976047876,Unknown,Unknown,0.0,1.088855063734456e-13,2.644014874241516e-12
36.8737,InsertionSequence,Done,1,0.59689,0.59689,1.0,161.244,0.087,0.075,0.00075,0.0,0.0,0.056,0.0,-3.973,-28.886,66.79,-2.031,-102.096,16.988,paper_rcm_log_20260616_110935_960_8218.csv,29.761904761904894,Unknown,Unknown,0.0,5.199195484454623e-14,1.7041539263120791e-12
36.9069,InsertionSequence,Done,1,0.59689,0.59689,1.0,161.244,0.087,0.075,0.00075,0.0,0.0,0.056,0.0,-3.973,-28.886,66.79,-2.031,-102.096,16.988,paper_rcm_log_20260616_110935_960_8218.csv,30.12048192771013,Unknown,Unknown,0.0,2.5945352296482636e-14,7.878273980535904e-13
36.9404,InsertionSequence,Done,1,0.59689,0.59689,1.0,161.244,0.087,0.075,0.00075,0.0,0.0,0.056,0.0,-3.973,-28.886,66.79,-2.031,-102.096,16.988,paper_rcm_log_20260616_110935_960_8218.csv,29.850746268659805,Unknown,Unknown,0.0,3.2431690370603295e-15,8.548845966709124e-13
36.9737,InsertionSequence,Done,1,0.59689,0.59689,1.0,161.244,0.087,0.075,0.00075,0.0,0.0,0.056,0.0,-3.973,-28.886,66.79,-2.031,-102.096,16.988,paper_rcm_log_20260616_110935_960_8218.csv,30.030030030026328,Unknown,Unknown,0.0,4.7950668244396505e-14,1.9939319028673607e-12
37.0076,InsertionSequence,Done,1,0.59689,0.59689,1.0,161.244,0.087,0.075,0.00075,0.0,0.0,0.056,0.0,-3.973,-28.886,66.79,-2.031,-102.096,16.988,paper_rcm_log_20260616_110935_960_8218.csv,29.49852507375014,Unknown,Unknown,0.0,1.3535326247583684e-13,7.5265493692544e-13
37.0407,InsertionSequence,Done,1,0.59689,0.59689,1.0,161.244,0.087,0.075,0.00075,0.0,0.0,0.056,0.0,-3.973,-28.886,66.79,-2.031,-102.096,16.988,paper_rcm_log_20260616_110935_960_8218.csv,30.211480362533592,Unknown,Unknown,0.0,1.2047838252593955e-14,2.0543984677585262e-12
37.0741,InsertionSequence,Done,1,0.59689,0.59689,1.0,161.244,0.087,0.075,0.00075,0.0,0.0,0.056,0.0,-3.973,-28.886,66.79,-2.031,-102.096,16.988,paper_rcm_log_20260616_110935_960_8218.csv,29.94011976047876,Unknown,Unknown,0.0,0.0,1.111036133064387e-12
37.1076,InsertionSequence,Done,1,0.59689,0.59689,1.0,161.244,0.087,0.075,0.00075,0.0,0.0,0.056,0.0,-3.973,-28.886,66.79,-2.031,-102.096,16.988,paper_rcm_log_20260616_110935_960_8218.csv,29.850746268659805,Unknown,Unknown,0.0,7.370275567000116e-14,1.2816607335027499e-12
37.1876,InsertionSequence,Done,1,0.59689,0.59689,1.0,161.244,0.087,0.075,0.00075,0.0,0.0,0.056,0.0,-3.973,-28.886,66.79,-2.031,-102.096,16.988,paper_rcm_log_20260616_110935_960_8218.csv,12.499999999999156,Unknown,Unknown,0.0,2.320622857404618e-14,2.3385686345058088e-12
37.22,InsertionSequence,Done,1,0.59689,0.59689,1.0,161.244,0.087,0.075,0.00075,0.0,0.0,0.056,0.0,-3.973,-28.886,66.79,-2.031,-102.096,16.988,paper_rcm_log_20260616_110935_960_8218.csv,30.86419753086844,Unknown,Unknown,0.0,1.0443810024534081e-13,1.1727498641056288e-12
37.2562,InsertionSequence,Done,1,0.59689,0.59689,1.0,161.244,0.087,0.075,0.00075,0.0,0.0,0.056,0.0,-3.973,-28.886,66.79,-2.031,-102.096,16.988,paper_rcm_log_20260616_110935_960_8218.csv,27.624309392264507,Unknown,Unknown,0.0,1.0714244673693131e-13,2.6256254759817994e-12
37.2919,InsertionSequence,Done,1,0.59689,0.59689,1.0,161.244,0.087,0.075,0.00075,0.0,0.0,0.056,0.0,-3.973,-28.886,66.79,-2.031,-102.096,16.988,paper_rcm_log_20260616_110935_960_8218.csv,28.011204481793886,Unknown,Unknown,0.0,9.288155284822162e-14,2.6657036810334198e-12
37.328,InsertionSequence,Done,1,0.59689,0.59689,1.0,161.244,0.087,0.075,0.00075,0.0,0.0,0.056,0.0,-3.973,-28.886,66.79,-2.031,-102.096,16.988,paper_rcm_log_20260616_110935_960_8218.csv,27.700831024927155,Unknown,Unknown,0.0,9.282491429618472e-14,2.601532965123426e-12
37.3614,InsertionSequence,Done,1,0.59689,0.59689,1.0,161.244,0.087,0.075,0.00075,0.0,0.0,0.056,0.0,-3.973,-28.886,66.79,-2.031,-102.096,16.988,paper_rcm_log_20260616_110935_960_8218.csv,29.94011976047876,Unknown,Unknown,0.0,1.0639374080579821e-13,1.6028962917200627e-12
37.3946,InsertionSequence,Done,1,0.59689,0.59689,1.0,161.244,0.087,0.075,0.00075,0.0,0.0,0.056,0.0,-3.973,-28.886,66.79,-2.031,-102.096,16.988,paper_rcm_log_20260616_110935_960_8218.csv,30.12048192771658,Unknown,Unknown,0.0,5.1910970442046026e-14,1.604107413174926e-12
37.4281,InsertionSequence,Done,1,0.59689,0.59689,1.0,161.244,0.087,0.075,0.00075,0.0,0.0,0.056,0.0,-3.973,-28.886,66.79,-2.031,-102.096,16.988,paper_rcm_log_20260616_110935_960_8218.csv,29.850746268653474,Unknown,Unknown,0.0,0.0,1.6353924681595134e-12
37.4614,InsertionSequence,Done,1,0.59689,0.59689,1.0,161.244,0.087,0.075,0.00075,0.0,0.0,0.056,0.0,-3.973,-28.886,66.79,-2.031,-102.096,16.988,paper_rcm_log_20260616_110935_960_8218.csv,30.030030030032737,Unknown,Unknown,0.0,9.569272379760911e-14,5.086115697920237e-14
37.4953,InsertionSequence,Done,1,0.59689,0.59689,1.0,161.244,0.087,0.075,0.00075,0.0,0.0,0.056,0.0,-3.973,-28.886,66.79,-2.031,-102.096,16.988,paper_rcm_log_20260616_110935_960_8218.csv,29.49852507374396,Unknown,Unknown,0.0,0.0,1.5311497733064118e-12
37.5281,InsertionSequence,Done,1,0.59689,0.59689,1.0,161.244,0.087,0.075,0.00075,0.0,0.0,0.056,0.0,-3.973,-28.886,66.79,-2.031,-102.096,16.988,paper_rcm_log_20260616_110935_960_8218.csv,30.487804878047186,Unknown,Unknown,0.0,1.3178604512369964e-13,1.930069432367171e-12
37.562,InsertionSequence,Done,1,0.59689,0.59689,1.0,161.244,0.087,0.075,0.00075,0.0,0.0,0.056,0.0,-3.973,-28.886,66.79,-2.031,-102.096,16.988,paper_rcm_log_20260616_110935_960_8218.csv,29.49852507375014,Unknown,Unknown,0.0,1.4119522936964057e-13,3.3663921453973843e-12
37.5949,InsertionSequence,Done,1,0.59689,0.59689,1.0,161.244,0.087,0.075,0.00075,0.0,0.0,0.056,0.0,-3.973,-28.886,66.79,-2.031,-102.096,16.988,paper_rcm_log_20260616_110935_960_8218.csv,30.39513677811085,Unknown,Unknown,0.0,1.0892413880551922e-13,1.6386623655715657e-12
37.6281,InsertionSequence,Done,1,0.59689,0.59689,1.0,161.244,0.087,0.075,0.00075,0.0,0.0,0.056,0.0,-3.973,-28.886,66.79,-2.031,-102.096,16.988,paper_rcm_log_20260616_110935_960_8218.csv,30.12048192771013,Unknown,Unknown,0.0,5.199195484454623e-14,3.195504757455711e-12
37.6617,InsertionSequence,Done,1,0.59689,0.59689,1.0,161.244,0.087,0.075,0.00075,0.0,0.0,0.056,0.0,-3.973,-28.886,66.79,-2.031,-102.096,16.988,paper_rcm_log_20260616_110935_960_8218.csv,29.761904761904894,Unknown,Unknown,0.0,1.0635418922792376e-13,7.499846244603839e-13
37.6949,InsertionSequence,Done,1,0.59689,0.59689,1.0,161.244,0.087,0.075,0.00075,0.0,0.0,0.056,0.0,-3.973,-28.886,66.79,-2.031,-102.096,16.988,paper_rcm_log_20260616_110935_960_8218.csv,30.12048192771658,Unknown,Unknown,0.0,2.9007785717557725e-15,2.1843212136702953e-14
37.7281,InsertionSequence,Done,1,0.59689,0.59689,1.0,161.244,0.087,0.075,0.00075,0.0,0.0,0.056,0.0,-3.973,-28.886,66.79,-2.031,-102.096,16.988,paper_rcm_log_20260616_110935_960_8218.csv,30.12048192771013,Unknown,Unknown,0.0,1.063838542898817e-13,5.272002700594718e-14
37.7615,InsertionSequence,Done,1,0.59689,0.59689,1.0,161.244,0.087,0.075,0.00075,0.0,0.0,0.056,0.0,-3.973,-28.886,66.79,-2.031,-102.096,16.988,paper_rcm_log_20260616_110935_960_8218.csv,29.94011976047876,Unknown,Unknown,0.0,1.4503892858778862e-15,3.19411301498256e-12
37.7948,InsertionSequence,Done,1,0.59689,0.59689,1.0,161.244,0.087,0.075,0.00075,0.0,0.0,0.056,0.0,-3.973,-28.886,66.79,-2.031,-102.096,16.988,paper_rcm_log_20260616_110935_960_8218.csv,30.030030030026328,Unknown,Unknown,0.0,1.0701474998675884e-13,1.4320908646932239e-12
37.8284,InsertionSequence,Done,1,0.59689,0.59689,1.0,161.244,0.087,0.075,0.00075,0.0,0.0,0.056,0.0,-3.973,-28.886,66.79,-2.031,-102.096,16.988,paper_rcm_log_20260616_110935_960_8218.csv,29.761904761904894,Unknown,Unknown,0.0,9.572569286794049e-14,1.6339349777916808e-12
37.8613,InsertionSequence,Done,1,0.59689,0.59689,1.0,161.244,0.087,0.075,0.00075,0.0,0.0,0.056,0.0,-3.973,-28.886,66.79,-2.031,-102.096,16.988,paper_rcm_log_20260616_110935_960_8218.csv,30.39513677811741,Unknown,Unknown,0.0,1.160311428702309e-14,2.22453739119033e-12
37.8947,InsertionSequence,Done,1,0.59689,0.59689,1.0,161.244,0.087,0.075,0.00075,0.0,0.0,0.056,0.0,-3.973,-28.886,66.79,-2.031,-102.096,16.988,paper_rcm_log_20260616_110935_960_8218.csv,29.94011976047876,Unknown,Unknown,0.0,5.1910970442046026e-14,1.9039990036140266e-12
37.9292,InsertionSequence,Done,1,0.59689,0.59689,1.0,161.244,0.087,0.075,0.00075,0.0,0.0,0.056,0.0,-3.973,-28.886,66.79,-2.031,-102.096,16.988,paper_rcm_log_20260616_110935_960_8218.csv,28.985507246375715,Unknown,Unknown,0.0,1.3182594522607733e-13,7.9679499930118e-13
37.963,InsertionSequence,Done,1,0.59689,0.59689,1.0,161.244,0.087,0.075,0.00075,0.0,0.0,0.056,0.0,-3.973,-28.886,66.79,-2.031,-102.096,16.988,paper_rcm_log_20260616_110935_960_8218.csv,29.585798816568584,Unknown,Unknown,0.0,0.0,2.0305082327413953e-12
37.9988,InsertionSequence,Done,1,0.59689,0.59689,1.0,161.244,0.087,0.075,0.00075,0.0,0.0,0.056,0.0,-3.973,-28.886,66.79,-2.031,-102.096,16.988,paper_rcm_log_20260616_110935_960_8218.csv,27.93296089385332,Unknown,Unknown,0.0,2.3431756016863616e-14,6.825102409273022e-13
38.0334,InsertionSequence,Done,1,0.59689,0.59689,1.0,161.244,0.087,0.075,0.00075,0.0,0.0,0.056,0.0,-3.973,-28.886,66.79,-2.031,-102.096,16.988,paper_rcm_log_20260616_110935_960_8218.csv,28.901734104048312,Unknown,Unknown,0.0,4.641245714809236e-14,1.482926551562764e-12
38.0687,InsertionSequence,Done,1,0.59689,0.59689,1.0,161.244,0.087,0.075,0.00075,0.0,0.0,0.056,0.0,-3.973,-28.886,66.79,-2.031,-102.096,16.988,paper_rcm_log_20260616_110935_960_8218.csv,28.328611898017446,Unknown,Unknown,0.0,1.0382194088409205e-13,1.3551171095854549e-12
38.1037,InsertionSequence,Done,1,0.59689,0.59689,1.0,161.244,0.087,0.075,0.00075,0.0,0.0,0.056,0.0,-3.973,-28.886,66.79,-2.031,-102.096,16.988,paper_rcm_log_20260616_110935_960_8218.csv,28.571428571425557,Unknown,Unknown,0.0,1.0382194088409205e-13,1.5582842098244507e-12
38.139,InsertionSequence,Done,1,0.59689,0.59689,1.0,161.244,0.087,0.075,0.00075,0.0,0.0,0.056,0.0,-3.973,-28.886,66.79,-2.031,-102.096,16.988,paper_rcm_log_20260616_110935_960_8218.csv,28.328611898017446,Unknown,Unknown,0.0,2.5945352296482636e-14,3.9363410571922314e-13
38.1737,InsertionSequence,Done,1,0.59689,0.59689,1.0,161.244,0.087,0.075,0.00075,0.0,0.0,0.056,0.0,-3.973,-28.886,66.79,-2.031,-102.096,16.988,paper_rcm_log_20260616_110935_960_8218.csv,28.818443804039784,Unknown,Unknown,0.0,1.0702457822299088e-13,3.9307000264656165e-13
38.209,InsertionSequence,Done,1,0.59689,0.59689,1.0,161.244,0.087,0.075,0.00075,0.0,0.0,0.056,0.0,-3.973,-28.886,66.79,-2.031,-102.096,16.988,paper_rcm_log_20260616_110935_960_8218.csv,28.328611898011744,Unknown,Unknown,0.0,0.0,1.4000030554030325e-12
38.2446,InsertionSequence,Done,1,0.59689,0.59689,1.0,161.244,0.087,0.075,0.00075,0.0,0.0,0.056,0.0,-3.973,-28.886,66.79,-2.031,-102.096,16.988,paper_rcm_log_20260616_110935_960_8218.csv,28.08988764045323,Unknown,Unknown,0.0,4.792872787800221e-14,1.5175378252991417e-12
38.2799,InsertionSequence,Done,1,0.59689,0.59689,1.0,161.244,0.087,0.075,0.00075,0.0,0.0,0.056,0.0,-3.973,-28.886,66.79,-2.031,-102.096,16.988,paper_rcm_log_20260616_110935_960_8218.csv,28.328611898017446,Unknown,Unknown,0.0,1.0634429903501374e-13,1.6064623939480061e-12
38.315,InsertionSequence,Done,1,0.59689,0.59689,1.0,161.244,0.087,0.075,0.00075,0.0,0.0,0.056,0.0,-3.973,-28.886,66.79,-2.031,-102.096,16.988,paper_rcm_log_20260616_110935_960_8218.csv,28.490028490028564,Unknown,Unknown,0.0,1.0447837718484249e-13,3.0260862440863084e-12
38.3497,InsertionSequence,Done,1,0.59689,0.59689,1.0,161.244,0.087,0.075,0.00075,0.0,0.0,0.056,0.0,-3.973,-28.886,66.79,-2.031,-102.096,16.988,paper_rcm_log_20260616_110935_960_8218.csv,28.818443804033883,Unknown,Unknown,0.0,1.0447837718484249e-13,1.5775889619512642e-12
38.3852,InsertionSequence,Done,1,0.59689,0.59689,1.0,161.244,0.087,0.075,0.00075,0.0,0.0,0.056,0.0,-3.973,-28.886,66.79,-2.031,-102.096,16.988,paper_rcm_log_20260616_110935_960_8218.csv,28.169014084507854,Unknown,Unknown,0.0,0.0,1.8865126177191358e-12
38.4202,InsertionSequence,Done,1,0.59689,0.59689,1.0,161.244,0.087,0.075,0.00075,0.0,0.0,0.056,0.0,-3.973,-28.886,66.79,-2.031,-102.096,16.988,paper_rcm_log_20260616_110935_960_8218.csv,28.571428571425557,Unknown,Unknown,0.0,5.189070459296527e-14,1.465029962238236e-12
38.4558,InsertionSequence,Done,1,0.59689,0.59689,1.0,161.244,0.087,0.075,0.00075,0.0,0.0,0.056,0.0,-3.973,-28.886,66.79,-2.031,-102.096,16.988,paper_rcm_log_20260616_110935_960_8218.csv,28.089887640447625,Unknown,Unknown,0.0,1.0447837718484249e-13,1.3658503404622948e-12
38.4912,InsertionSequence,Done,1,0.59689,0.59689,1.0,161.244,0.087,0.075,0.00075,0.0,0.0,0.056,0.0,-3.973,-28.886,66.79,-2.031,-102.096,16.988,paper_rcm_log_20260616_110935_960_8218.csv,28.248587570624935,Unknown,Unknown,0.0,4.801642919174586e-14,7.283580573842105e-13
38.5259,InsertionSequence,Done,1,0.59689,0.59689,1.0,161.244,0.087,0.075,0.00075,0.0,0.0,0.056,0.0,-3.973,-28.886,66.79,-2.031,-102.096,16.988,paper_rcm_log_20260616_110935_960_8218.csv,28.818443804033883,Unknown,Unknown,0.0,9.568173158301911e-14,1.2977711465217204e-12
38.5612,InsertionSequence,Done,1,0.59689,0.59689,1.0,161.244,0.087,0.075,0.00075,0.0,0.0,0.056,0.0,-3.973,-28.886,66.79,-2.031,-102.096,16.988,paper_rcm_log_20260616_110935_960_8218.csv,28.328611898017446,Unknown,Unknown,0.0,1.0714244673693131e-13,1.3558462400571535e-12
38.5964,InsertionSequence,Done,1,0.59689,0.59689,1.0,161.244,0.087,0.075,0.00075,0.0,0.0,0.056,0.0,-3.973,-28.886,66.79,-2.031,-102.096,16.988,paper_rcm_log_20260616_110935_960_8218.csv,28.409090909088302,Unknown,Unknown,0.0,1.160311428702309e-14,3.028000651494256e-12
38.6319,InsertionSequence,Done,1,0.59689,0.59689,1.0,161.244,0.087,0.075,0.00075,0.0,0.0,0.056,0.0,-3.973,-28.886,66.79,-2.031,-102.096,16.988,paper_rcm_log_20260616_110935_960_8218.csv,28.169014084507854,Unknown,Unknown,0.0,1.069852598608179e-13,1.3964851354557532e-12
38.6668,InsertionSequence,Done,1,0.59689,0.59689,1.0,161.244,0.087,0.075,0.00075,0.0,0.0,0.056,0.0,-3.973,-28.886,66.79,-2.031,-102.096,16.988,paper_rcm_log_20260616_110935_960_8218.csv,28.65329512893952,Unknown,Unknown,0.0,9.282491429618472e-14,1.9287875895599016e-12
38.7019,InsertionSequence,Done,1,0.59689,0.59689,1.0,161.244,0.087,0.075,0.00075,0.0,0.0,0.056,0.0,-3.973,-28.886,66.79,-2.031,-102.096,16.988,paper_rcm_log_20260616_110935_960_8218.csv,28.490028490028564,Unknown,Unknown,0.0,4.6525630827818513e-14,8.109438668230292e-13
38.7374,InsertionSequence,Done,1,0.59689,0.59689,1.0,161.244,0.087,0.075,0.00075,0.0,0.0,0.056,0.0,-3.973,-28.886,66.79,-2.031,-102.096,16.988,paper_rcm_log_20260616_110935_960_8218.csv,28.169014084507854,Unknown,Unknown,0.0,1.0892413880551922e-13,3.648384464824168e-13
38.7718,InsertionSequence,Done,1,0.59689,0.59689,1.0,161.244,0.087,0.075,0.00075,0.0,0.0,0.056,0.0,-3.973,-28.886,66.79,-2.031,-102.096,16.988,paper_rcm_log_20260616_110935_960_8218.csv,29.069767441862165,Unknown,Unknown,0.0,5.327096422738238e-14,1.5832385695030625e-12
38.807,InsertionSequence,Done,1,0.59689,0.59689,1.0,161.244,0.087,0.075,0.00075,0.0,0.0,0.056,0.0,-3.973,-28.886,66.79,-2.031,-102.096,16.988,paper_rcm_log_20260616_110935_960_8218.csv,28.409090909088302,Unknown,Unknown,0.0,1.4503892858778862e-15,1.2751823210265743e-12
38.8439,InsertionSequence,Done,1,0.59689,0.59689,1.0,161.244,0.087,0.075,0.00075,0.0,0.0,0.056,0.0,-3.973,-28.886,66.79,-2.031,-102.096,16.988,paper_rcm_log_20260616_110935_960_8218.csv,27.100271002713175,Unknown,Unknown,0.0,1.0447837718484249e-13,3.9458448892878455e-13
38.8785,InsertionSequence,Done,1,0.59689,0.59689,1.0,161.244,0.087,0.075,0.00075,0.0,0.0,0.056,0.0,-3.973,-28.886,66.79,-2.031,-102.096,16.988,paper_rcm_log_20260616_110935_960_8218.csv,28.90173410404238,Unknown,Unknown,0.0,2.320622857404618e-14,7.685276908390004e-13
38.9134,InsertionSequence,Done,1,0.59689,0.59689,1.0,161.244,0.087,0.075,0.00075,0.0,0.0,0.056,0.0,-3.973,-28.886,66.79,-2.031,-102.096,16.988,paper_rcm_log_20260616_110935_960_8218.csv,28.65329512893952,Unknown,Unknown,0.0,9.568173158301911e-14,8.107870035350655e-13
38.9446,InsertionSequence,Done,1,0.59689,0.59689,1.0,161.244,0.087,0.075,0.00075,0.0,0.0,0.056,0.0,-3.973,-28.886,66.79,-2.031,-102.096,16.988,paper_rcm_log_20260616_110935_960_8218.csv,32.051282051283756,Unknown,Unknown,0.0,3.332740845837229e-14,3.0465624336066673e-12
38.9762,InsertionSequence,Done,1,0.59689,0.59689,1.0,161.244,0.087,0.075,0.00075,0.0,0.0,0.056,0.0,-3.973,-28.886,66.79,-2.031,-102.096,16.988,paper_rcm_log_20260616_110935_960_8218.csv,31.64556962025576,Unknown,Unknown,0.0,9.586842782217165e-14,6.779981775731874e-13
39.0113,InsertionSequence,Done,1,0.59689,0.59689,1.0,161.244,0.087,0.075,0.00075,0.0,0.0,0.056,0.0,-3.973,-28.886,66.79,-2.031,-102.096,16.988,paper_rcm_log_20260616_110935_960_8218.csv,28.490028490028564,Unknown,Unknown,0.0,0.0,1.4836997944161515e-12
39.0464,InsertionSequence,Done,1,0.59689,0.59689,1.0,161.244,0.087,0.075,0.00075,0.0,0.0,0.056,0.0,-3.973,-28.886,66.79,-2.031,-102.096,16.988,paper_rcm_log_20260616_110935_960_8218.csv,28.490028490028564,Unknown,Unknown,0.0,2.338682451623638e-14,3.319804892375696e-13
39.0818,InsertionSequence,Done,1,0.59689,0.59689,1.0,161.244,0.087,0.075,0.00075,0.0,0.0,0.056,0.0,-3.973,-28.886,66.79,-2.031,-102.096,16.988,paper_rcm_log_20260616_110935_960_8218.csv,28.248587570619264,Unknown,Unknown,0.0,2.320622857404618e-14,1.9100932173355983e-12
39.1166,InsertionSequence,Done,1,0.59689,0.59689,1.0,161.244,0.087,0.075,0.00075,0.0,0.0,0.056,0.0,-3.973,-28.886,66.79,-2.031,-102.096,16.988,paper_rcm_log_20260616_110935_960_8218.csv,28.73563218391048,Unknown,Unknown,0.0,1.338136418082128e-13,1.6758433674748599e-12
39.1512,InsertionSequence,Done,1,0.59689,0.59689,1.0,161.244,0.087,0.075,0.00075,0.0,0.0,0.056,0.0,-3.973,-28.886,66.79,-2.031,-102.096,16.988,paper_rcm_log_20260616_110935_960_8218.csv,28.90173410404238,Unknown,Unknown,0.0,1.0702457822299088e-13,2.0439490636365105e-12
39.1868,InsertionSequence,Done,1,0.59689,0.59689,1.0,161.244,0.087,0.075,0.00075,0.0,0.0,0.056,0.0,-3.973,-28.886,66.79,-2.031,-102.096,16.988,paper_rcm_log_20260616_110935_960_8218.csv,28.08988764045323,Unknown,Unknown,0.0,0.0,6.684871363254635e-13
39.2215,InsertionSequence,Done,1,0.59689,0.59689,1.0,161.244,0.087,0.075,0.00075,0.0,0.0,0.056,0.0,-3.973,-28.886,66.79,-2.031,-102.096,16.988,paper_rcm_log_20260616_110935_960_8218.csv,28.818443804033883,Unknown,Unknown,0.0,9.568173158301911e-14,1.4628878085452533e-12
39.2568,InsertionSequence,Done,1,0.59689,0.59689,1.0,161.244,0.087,0.075,0.00075,0.0,0.0,0.056,0.0,-3.973,-28.886,66.79,-2.031,-102.096,16.988,paper_rcm_log_20260616_110935_960_8218.csv,28.328611898017446,Unknown,Unknown,0.0,1.0714244673693131e-13,1.4973761930388705e-12
39.292,InsertionSequence,Done,1,0.59689,0.59689,1.0,161.244,0.087,0.075,0.00075,0.0,0.0,0.056,0.0,-3.973,-28.886,66.79,-2.031,-102.096,16.988,paper_rcm_log_20260616_110935_960_8218.csv,28.409090909088302,Unknown,Unknown,0.0,4.6435113950588074e-14,4.803002180401033e-14
39.327,InsertionSequence,Done,1,0.59689,0.59689,1.0,161.244,0.087,0.075,0.00075,0.0,0.0,0.056,0.0,-3.973,-28.886,66.79,-2.031,-102.096,16.988,paper_rcm_log_20260616_110935_960_8218.csv,28.571428571431355,Unknown,Unknown,0.0,1.0701474998675884e-13,1.5713648179233804e-12
39.3616,InsertionSequence,Done,1,0.59689,0.59689,1.0,161.244,0.087,0.075,0.00075,0.0,0.0,0.056,0.0,-3.973,-28.886,66.79,-2.031,-102.096,16.988,paper_rcm_log_20260616_110935_960_8218.csv,28.90173410404238,Unknown,Unknown,0.0,9.569272379760911e-14,2.1968500545353712e-13
39.3976,InsertionSequence,Done,1,0.59689,0.59689,1.0,161.244,0.087,0.075,0.00075,0.0,0.0,0.056,0.0,-3.973,-28.886,66.79,-2.031,-102.096,16.988,paper_rcm_log_20260616_110935_960_8218.csv,27.77777777778221,Unknown,Unknown,0.0,1.0697542801225964e-13,2.8873926874887505e-12
39.432,InsertionSequence,Done,1,0.59689,0.59689,1.0,161.244,0.087,0.075,0.00075,0.0,0.0,0.056,0.0,-3.973,-28.886,66.79,-2.031,-102.096,16.988,paper_rcm_log_20260616_110935_960_8218.csv,29.06976744185616,Unknown,Unknown,0.0,1.4145571679704585e-13,1.4849354926299522e-12
39.4672,InsertionSequence,Done,1,0.59689,0.59689,1.0,161.244,0.087,0.075,0.00075,0.0,0.0,0.056,0.0,-3.973,-28.886,66.79,-2.031,-102.096,16.988,paper_rcm_log_20260616_110935_960_8218.csv,28.409090909094036,Unknown,Unknown,0.0,0.0,2.0594682140410767e-12
39.5029,InsertionSequence,Done,1,0.59689,0.59689,1.0,161.244,0.087,0.075,0.00075,0.0,0.0,0.056,0.0,-3.973,-28.886,66.79,-2.031,-102.096,16.988,paper_rcm_log_20260616_110935_960_8218.csv,28.011204481793886,Unknown,Unknown,0.0,1.2047838252593955e-14,1.4139668732665054e-12
39.5375,InsertionSequence,Done,1,0.59689,0.59689,1.0,161.244,0.087,0.075,0.00075,0.0,0.0,0.056,0.0,-3.973,-28.886,66.79,-2.031,-102.096,16.988,paper_rcm_log_20260616_110935_960_8218.csv,28.90173410404238,Unknown,Unknown,0.0,9.642634772822723e-14,1.5493182392901906e-12
39.5727,InsertionSequence,Done,1,0.59689,0.59689,1.0,161.244,0.087,0.075,0.00075,0.0,0.0,0.056,0.0,-3.973,-28.886,66.79,-2.031,-102.096,16.988,paper_rcm_log_20260616_110935_960_8218.csv,28.409090909094036,Unknown,Unknown,0.0,1.0901101172014377e-13,6.608754378952888e-13
39.6079,InsertionSequence,Done,1,0.59689,0.59689,1.0,161.244,0.087,0.075,0.00075,0.0,0.0,0.056,0.0,-3.973,-28.886,66.79,-2.031,-102.096,16.988,paper_rcm_log_20260616_110935_960_8218.csv,28.409090909088302,Unknown,Unknown,0.0,1.0714244673693131e-13,1.7130673314144956e-13
39.6432,InsertionSequence,Done,1,0.59689,0.59689,1.0,161.244,0.087,0.075,0.00075,0.0,0.0,0.056,0.0,-3.973,-28.886,66.79,-2.031,-102.096,16.988,paper_rcm_log_20260616_110935_960_8218.csv,28.328611898017446,Unknown,Unknown,0.0,1.0701474998675884e-13,1.3600346871042093e-12
39.6786,InsertionSequence,Done,1,0.59689,0.59689,1.0,161.244,0.087,0.075,0.00075,0.0,0.0,0.056,0.0,-3.973,-28.886,66.79,-2.031,-102.096,16.988,paper_rcm_log_20260616_110935_960_8218.csv,28.248587570619264,Unknown,Unknown,0.0,4.6525630827818513e-14,1.5116240145349147e-12
39.7141,InsertionSequence,Done,1,0.59689,0.59689,1.0,161.244,0.087,0.075,0.00075,0.0,0.0,0.056,0.0,-3.973,-28.886,66.79,-2.031,-102.096,16.988,paper_rcm_log_20260616_110935_960_8218.csv,28.169014084507854,Unknown,Unknown,0.0,3.2431690370603295e-15,6.516512805668861e-13
39.7492,InsertionSequence,Done,1,0.59689,0.59689,1.0,161.244,0.087,0.075,0.00075,0.0,0.0,0.056,0.0,-3.973,-28.886,66.79,-2.031,-102.096,16.988,paper_rcm_log_20260616_110935_960_8218.csv,28.490028490028564,Unknown,Unknown,0.0,0.0,5.84376125016849e-14
39.7843,InsertionSequence,Done,1,0.59689,0.59689,1.0,161.244,0.087,0.075,0.00075,0.0,0.0,0.056,0.0,-3.973,-28.886,66.79,-2.031,-102.096,16.988,paper_rcm_log_20260616_110935_960_8218.csv,28.490028490028564,Unknown,Unknown,0.0,1.4503892858778862e-15,1.4447999314509888e-12
39.8201,InsertionSequence,Done,1,0.59689,0.59689,1.0,161.244,0.087,0.075,0.00075,0.0,0.0,0.056,0.0,-3.973,-28.886,66.79,-2.031,-102.096,16.988,paper_rcm_log_20260616_110935_960_8218.csv,27.932960893858866,Unknown,Unknown,0.0,1.0447837718484249e-13,5.277112562234503e-14
39.8555,InsertionSequence,Done,1,0.59689,0.59689,1.0,161.244,0.087,0.075,0.00075,0.0,0.0,0.056,0.0,-3.973,-28.886,66.79,-2.031,-102.096,16.988,paper_rcm_log_20260616_110935_960_8218.csv,28.248587570619264,Unknown,Unknown,0.0,1.4503892858778862e-15,1.4650469612908942e-12
39.8904,InsertionSequence,Done,1,0.59689,0.59689,1.0,161.244,0.087,0.075,0.00075,0.0,0.0,0.056,0.0,-3.973,-28.886,66.79,-2.031,-102.096,16.988,paper_rcm_log_20260616_110935_960_8218.csv,28.65329512893952,Unknown,Unknown,0.0,1.4503892858778862e-15,3.279751044365323e-13
39.9258,InsertionSequence,Done,1,0.59689,0.59689,1.0,161.244,0.087,0.075,0.00075,0.0,0.0,0.056,0.0,-3.973,-28.886,66.79,-2.031,-102.096,16.988,paper_rcm_log_20260616_110935_960_8218.csv,28.248587570619264,Unknown,Unknown,0.0,2.3431756016863616e-14,2.048572437679443e-14
39.9612,InsertionSequence,Done,1,0.59689,0.59689,1.0,161.244,0.087,0.075,0.00075,0.0,0.0,0.056,0.0,-3.973,-28.886,66.79,-2.031,-102.096,16.988,paper_rcm_log_20260616_110935_960_8218.csv,28.248587570624935,Unknown,Unknown,0.0,0.0,3.705366255846716e-13
39.9961,InsertionSequence,Done,1,0.59689,0.59689,1.0,161.244,0.087,0.075,0.00075,0.0,0.0,0.056,0.0,-3.973,-28.886,66.79,-2.031,-102.096,16.988,paper_rcm_log_20260616_110935_960_8218.csv,28.65329512893952,Unknown,Unknown,0.0,1.169341225811819e-14,1.255026285831107e-12
40.0326,InsertionSequence,Done,1,0.59689,0.59689,1.0,161.244,0.087,0.075,0.00075,0.0,0.0,0.056,0.0,-3.973,-28.886,66.79,-2.031,-102.096,16.988,paper_rcm_log_20260616_110935_960_8218.csv,27.39726027396979,Unknown,Unknown,0.0,9.357259289280748e-14,3.422337867548789e-13
40.0908,InsertionSequence,Done,1,0.59689,0.59689,1.0,161.244,0.087,0.075,0.00075,0.0,0.0,0.056,0.0,-3.973,-28.886,66.79,-2.031,-102.096,16.988,paper_rcm_log_20260616_110935_960_8218.csv,17.182130584192628,Unknown,Unknown,0.0,9.282491429618472e-14,1.1589382337648715e-12
40.1242,InsertionSequence,Done,1,0.59689,0.59689,1.0,161.244,0.087,0.075,0.00075,0.0,0.0,0.056,0.0,-3.973,-28.886,66.79,-2.031,-102.096,16.988,paper_rcm_log_20260616_110935_960_8218.csv,29.94011976047876,Unknown,Unknown,0.0,5.1910970442046026e-14,1.5804929405346804e-12
40.1587,InsertionSequence,Done,1,0.59689,0.59689,1.0,161.244,0.087,0.075,0.00075,0.0,0.0,0.056,0.0,-3.973,-28.886,66.79,-2.031,-102.096,16.988,paper_rcm_log_20260616_110935_960_8218.csv,28.985507246375715,Unknown,Unknown,0.0,5.317214951750687e-14,2.0050804705398757e-12
40.1938,InsertionSequence,Done,1,0.59689,0.59689,1.0,161.244,0.087,0.075,0.00075,0.0,0.0,0.056,0.0,-3.973,-28.886,66.79,-2.031,-102.096,16.988,paper_rcm_log_20260616_110935_960_8218.csv,28.490028490028564,Unknown,Unknown,0.0,1.0634429903501374e-13,7.515672762566127e-13
40.2291,InsertionSequence,Done,1,0.59689,0.59689,1.0,161.244,0.087,0.075,0.00075,0.0,0.0,0.056,0.0,-3.973,-28.886,66.79,-2.031,-102.096,16.988,paper_rcm_log_20260616_110935_960_8218.csv,28.328611898017446,Unknown,Unknown,0.0,0.0,1.5062931874648077e-12
40.2644,InsertionSequence,Done,1,0.59689,0.59689,1.0,161.244,0.087,0.075,0.00075,0.0,0.0,0.056,0.0,-3.973,-28.886,66.79,-2.031,-102.096,16.988,paper_rcm_log_20260616_110935_960_8218.csv,28.328611898017446,Unknown,Unknown,0.0,0.0,1.5062931874648077e-12
40.2997,InsertionSequence,Done,1,0.59689,0.59689,1.0,161.244,0.087,0.075,0.00075,0.0,0.0,0.056,0.0,-3.973,-28.886,66.79,-2.031,-102.096,16.988,paper_rcm_log_20260616_110935_960_8218.csv,28.328611898017446,Unknown,Unknown,0.0,1.0634429903501374e-13,7.527088171220788e-13
40.3348,InsertionSequence,Done,1,0.59689,0.59689,1.0,161.244,0.087,0.075,0.00075,0.0,0.0,0.056,0.0,-3.973,-28.886,66.79,-2.031,-102.096,16.988,paper_rcm_log_20260616_110935_960_8218.csv,28.490028490028564,Unknown,Unknown,0.0,5.3251215954515665e-14,2.9456954584078592e-12
40.3704,InsertionSequence,Done,1,0.59689,0.59689,1.0,161.244,0.087,0.075,0.00075,0.0,0.0,0.056,0.0,-3.973,-28.886,66.79,-2.031,-102.096,16.988,paper_rcm_log_20260616_110935_960_8218.csv,28.08988764045323,Unknown,Unknown,0.0,1.0378140918593055e-13,1.9728995384938276e-12
40.4055,InsertionSequence,Done,1,0.59689,0.59689,1.0,161.244,0.087,0.075,0.00075,0.0,0.0,0.056,0.0,-3.973,-28.886,66.79,-2.031,-102.096,16.988,paper_rcm_log_20260616_110935_960_8218.csv,28.490028490022798,Unknown,Unknown,0.0,1.069852598608179e-13,1.4727892483432897e-12
40.4407,InsertionSequence,Done,1,0.59689,0.59689,1.0,161.244,0.087,0.075,0.00075,0.0,0.0,0.056,0.0,-3.973,-28.886,66.79,-2.031,-102.096,16.988,paper_rcm_log_20260616_110935_960_8218.csv,28.409090909094036,Unknown,Unknown,0.0,3.2431690370603295e-15,3.1328207240169524e-12
40.4758,InsertionSequence,Done,1,0.59689,0.59689,1.0,161.244,0.087,0.075,0.00075,0.0,0.0,0.056,0.0,-3.973,-28.886,66.79,-2.031,-102.096,16.988,paper_rcm_log_20260616_110935_960_8218.csv,28.490028490028564,Unknown,Unknown,0.0,1.1435103132435445e-13,9.851016777623627e-14
40.5119,InsertionSequence,Done,1,0.59689,0.59689,1.0,161.244,0.087,0.075,0.00075,0.0,0.0,0.056,0.0,-3.973,-28.886,66.79,-2.031,-102.096,16.988,paper_rcm_log_20260616_110935_960_8218.csv,27.700831024932604,Unknown,Unknown,0.0,1.4503892858778862e-15,1.4251545911044042e-12
40.5469,InsertionSequence,Done,1,0.59689,0.59689,1.0,161.244,0.087,0.075,0.00075,0.0,0.0,0.056,0.0,-3.973,-28.886,66.79,-2.031,-102.096,16.988,paper_rcm_log_20260616_110935_960_8218.csv,28.571428571425557,Unknown,Unknown,0.0,4.650301812620195e-14,1.4784028018245183e-12
40.5829,InsertionSequence,Done,1,0.59689,0.59689,1.0,161.244,0.087,0.075,0.00075,0.0,0.0,0.056,0.0,-3.973,-28.886,66.79,-2.031,-102.096,16.988,paper_rcm_log_20260616_110935_960_8218.csv,27.777777777776723,Unknown,Unknown,0.0,1.0903995397784745e-13,1.4001077934042055e-12
40.6175,InsertionSequence,Done,1,0.59689,0.59689,1.0,161.244,0.087,0.075,0.00075,0.0,0.0,0.056,0.0,-3.973,-28.886,66.79,-2.031,-102.096,16.988,paper_rcm_log_20260616_110935_960_8218.csv,28.901734104048312,Unknown,Unknown,0.0,9.359226192145436e-14,3.078897213537098e-13
40.6531,InsertionSequence,Done,1,0.59689,0.59689,1.0,161.244,0.087,0.075,0.00075,0.0,0.0,0.056,0.0,-3.973,-28.886,66.79,-2.031,-102.096,16.988,paper_rcm_log_20260616_110935_960_8218.csv,28.089887640447625,Unknown,Unknown,0.0,1.161036396863451e-13,4.251904156692981e-12
40.6881,InsertionSequence,Done,1,0.59689,0.59689,1.0,161.244,0.087,0.075,0.00075,0.0,0.0,0.056,0.0,-3.973,-28.886,66.79,-2.031,-102.096,16.988,paper_rcm_log_20260616_110935_960_8218.csv,28.571428571431355,Unknown,Unknown,0.0,2.0798804872693937e-13,1.746434773424512e-12
40.7236,InsertionSequence,Done,1,0.59689,0.59689,1.0,161.244,0.087,0.075,0.00075,0.0,0.0,0.056,0.0,-3.973,-28.886,66.79,-2.031,-102.096,16.988,paper_rcm_log_20260616_110935_960_8218.csv,28.169014084507854,Unknown,Unknown,0.0,0.0,2.9294091369992302e-12
40.7591,InsertionSequence,Done,1,0.59689,0.59689,1.0,161.244,0.087,0.075,0.00075,0.0,0.0,0.056,0.0,-3.973,-28.886,66.79,-2.031,-102.096,16.988,paper_rcm_log_20260616_110935_960_8218.csv,28.169014084507854,Unknown,Unknown,0.0,0.0,8.999977656531935e-13
40.7941,InsertionSequence,Done,1,0.59689,0.59689,1.0,161.244,0.087,0.075,0.00075,0.0,0.0,0.056,0.0,-3.973,-28.886,66.79,-2.031,-102.096,16.988,paper_rcm_log_20260616_110935_960_8218.csv,28.571428571425557,Unknown,Unknown,0.0,6.255618272534192e-14,9.134214850992513e-13
40.8501,InsertionSequence,Done,1,0.59689,0.59689,1.0,161.244,0.087,0.075,0.00075,0.0,0.0,0.056,0.0,-3.973,-28.886,66.79,-2.031,-102.096,16.988,paper_rcm_log_20260616_110935_960_8218.csv,17.857142857143693,Unknown,Unknown,0.0,1.4115797763974399e-13,1.0222334726120006e-12
40.8838,InsertionSequence,Done,1,0.59689,0.59689,1.0,161.244,0.087,0.075,0.00075,0.0,0.0,0.056,0.0,-3.973,-28.886,66.79,-2.031,-102.096,16.988,paper_rcm_log_20260616_110935_960_8218.csv,29.673590504448246,Unknown,Unknown,0.0,1.069852598608179e-13,3.777440559963887e-12
40.9196,InsertionSequence,Done,1,0.59689,0.59689,1.0,161.244,0.087,0.075,0.00075,0.0,0.0,0.056,0.0,-3.973,-28.886,66.79,-2.031,-102.096,16.988,paper_rcm_log_20260616_110935_960_8218.csv,27.93296089385332,Unknown,Unknown,0.0,1.3385293750747356e-13,3.427836684666613e-13
40.9546,InsertionSequence,Done,1,0.59689,0.59689,1.0,161.244,0.087,0.075,0.00075,0.0,0.0,0.056,0.0,-3.973,-28.886,66.79,-2.031,-102.096,16.988,paper_rcm_log_20260616_110935_960_8218.csv,28.571428571431355,Unknown,Unknown,0.0,1.0447837718484249e-13,3.0273583988581333e-12
40.9893,InsertionSequence,Done,1,0.59689,0.59689,1.0,161.244,0.087,0.075,0.00075,0.0,0.0,0.056,0.0,-3.973,-28.886,66.79,-2.031,-102.096,16.988,paper_rcm_log_20260616_110935_960_8218.csv,28.818443804033883,Unknown,Unknown,0.0,9.573668003502033e-14,2.8343959082655407e-12
41.0258,InsertionSequence,Done,1,0.59689,0.59689,1.0,161.244,0.087,0.075,0.00075,0.0,0.0,0.056,0.0,-3.973,-28.886,66.79,-2.031,-102.096,16.988,paper_rcm_log_20260616_110935_960_8218.csv,27.39726027397512,Unknown,Unknown,0.0,1.0697542801225964e-13,2.5992651555605085e-12
41.0612,InsertionSequence,Done,1,0.59689,0.59689,1.0,161.244,0.087,0.075,0.00075,0.0,0.0,0.056,0.0,-3.973,-28.886,66.79,-2.031,-102.096,16.988,paper_rcm_log_20260616_110935_960_8218.csv,28.248587570619264,Unknown,Unknown,0.0,1.0382194088409205e-13,1.6031079130391019e-12
41.095,InsertionSequence,Done,1,0.59689,0.59689,1.0,161.244,0.087,0.075,0.00075,0.0,0.0,0.056,0.0,-3.973,-28.886,66.79,-2.031,-102.096,16.988,paper_rcm_log_20260616_110935_960_8218.csv,29.585798816568584,Unknown,Unknown,0.0,1.160311428702309e-14,2.759103360723181e-12
41.1311,InsertionSequence,Done,1,0.59689,0.59689,1.0,161.244,0.087,0.075,0.00075,0.0,0.0,0.056,0.0,-3.973,-28.886,66.79,-2.031,-102.096,16.988,paper_rcm_log_20260616_110935_960_8218.csv,27.700831024927155,Unknown,Unknown,0.0,9.360349951072719e-14,1.800427150568803e-13
41.1659,InsertionSequence,Done,1,0.59689,0.59689,1.0,161.244,0.087,0.075,0.00075,0.0,0.0,0.056,0.0,-3.973,-28.886,66.79,-2.031,-102.096,16.988,paper_rcm_log_20260616_110935_960_8218.csv,28.73563218391048,Unknown,Unknown,0.0,3.2431690370603295e-15,3.020452248653991e-12
41.2011,InsertionSequence,Done,1,0.59689,0.59689,1.0,161.244,0.087,0.075,0.00075,0.0,0.0,0.056,0.0,-3.973,-28.886,66.79,-2.031,-102.096,16.988,paper_rcm_log_20260616_110935_960_8218.csv,28.409090909094036,Unknown,Unknown,0.0,1.3544648098721446e-13,1.5393837313663037e-12
41.237,InsertionSequence,Done,1,0.59689,0.59689,1.0,161.244,0.087,0.075,0.00075,0.0,0.0,0.056,0.0,-3.973,-28.886,66.79,-2.031,-102.096,16.988,paper_rcm_log_20260616_110935_960_8218.csv,27.855153203338624,Unknown,Unknown,0.0,1.063838542898817e-13,1.3896405880648311e-12
41.2721,InsertionSequence,Done,1,0.59689,0.59689,1.0,161.244,0.087,0.075,0.00075,0.0,0.0,0.056,0.0,-3.973,-28.886,66.79,-2.031,-102.096,16.988,paper_rcm_log_20260616_110935_960_8218.csv,28.490028490028564,Unknown,Unknown,0.0,9.282491429618472e-14,1.6293010223677248e-12
41.307,InsertionSequence,Done,1,0.59689,0.59689,1.0,161.244,0.087,0.075,0.00075,0.0,0.0,0.056,0.0,-3.973,-28.886,66.79,-2.031,-102.096,16.988,paper_rcm_log_20260616_110935_960_8218.csv,28.65329512893952,Unknown,Unknown,0.0,2.320622857404618e-14,2.736474358563249e-12
41.343,InsertionSequence,Done,1,0.59689,0.59689,1.0,161.244,0.087,0.075,0.00075,0.0,0.0,0.056,0.0,-3.973,-28.886,66.79,-2.031,-102.096,16.988,paper_rcm_log_20260616_110935_960_8218.csv,27.777777777776723,Unknown,Unknown,0.0,1.0903995397784745e-13,1.7934468972697177e-12
41.3776,InsertionSequence,Done,1,0.59689,0.59689,1.0,161.244,0.087,0.075,0.00075,0.0,0.0,0.056,0.0,-3.973,-28.886,66.79,-2.031,-102.096,16.988,paper_rcm_log_20260616_110935_960_8218.csv,28.901734104048312,Unknown,Unknown,0.0,1.0697542801225964e-13,1.4736880099194802e-12
41.4127,InsertionSequence,Done,1,0.59689,0.59689,1.0,161.244,0.087,0.075,0.00075,0.0,0.0,0.056,0.0,-3.973,-28.886,66.79,-2.031,-102.096,16.988,paper_rcm_log_20260616_110935_960_8218.csv,28.490028490028564,Unknown,Unknown,0.0,4.6525630827818513e-14,1.5649346111263993e-12
41.4482,InsertionSequence,Done,1,0.59689,0.59689,1.0,161.244,0.087,0.075,0.00075,0.0,0.0,0.056,0.0,-3.973,-28.886,66.79,-2.031,-102.096,16.988,paper_rcm_log_20260616_110935_960_8218.csv,28.169014084507854,Unknown,Unknown,0.0,1.160311428702309e-14,1.634559758147678e-12
41.4834,InsertionSequence,Done,1,0.59689,0.59689,1.0,161.244,0.087,0.075,0.00075,0.0,0.0,0.056,0.0,-3.973,-28.886,66.79,-2.031,-102.096,16.988,paper_rcm_log_20260616_110935_960_8218.csv,28.409090909088302,Unknown,Unknown,0.0,1.3978020925908653e-13,1.3364287183279958e-12
41.519,InsertionSequence,Done,1,0.59689,0.59689,1.0,161.244,0.087,0.075,0.00075,0.0,0.0,0.056,0.0,-3.973,-28.886,66.79,-2.031,-102.096,16.988,paper_rcm_log_20260616_110935_960_8218.csv,28.08988764045323,Unknown,Unknown,0.0,9.283624477096554e-14,1.6073806310202059e-12
41.5545,InsertionSequence,Done,1,0.59689,0.59689,1.0,161.244,0.087,0.075,0.00075,0.0,0.0,0.056,0.0,-3.973,-28.886,66.79,-2.031,-102.096,16.988,paper_rcm_log_20260616_110935_960_8218.csv,28.169014084507854,Unknown,Unknown,0.0,4.6525630827818513e-14,1.53594658345456e-12
41.5899,InsertionSequence,Done,1,0.59689,0.59689,1.0,161.244,0.087,0.075,0.00075,0.0,0.0,0.056,0.0,-3.973,-28.886,66.79,-2.031,-102.096,16.988,paper_rcm_log_20260616_110935_960_8218.csv,28.248587570619264,Unknown,Unknown,0.0,5.693586227667243e-14,1.3320042800464769e-12
41.6258,InsertionSequence,Done,1,0.59689,0.59689,1.0,161.244,0.087,0.075,0.00075,0.0,0.0,0.056,0.0,-3.973,-28.886,66.79,-2.031,-102.096,16.988,paper_rcm_log_20260616_110935_960_8218.csv,27.855153203344134,Unknown,Unknown,0.0,4.7840865791509556e-14,1.955224729174138e-12
41.6608,InsertionSequence,Done,1,0.59689,0.59689,1.0,161.244,0.087,0.075,0.00075,0.0,0.0,0.056,0.0,-3.973,-28.886,66.79,-2.031,-102.096,16.988,paper_rcm_log_20260616_110935_960_8218.csv,28.571428571425557,Unknown,Unknown,0.0,1.0382194088409205e-13,3.3407863441539927e-13
41.6961,InsertionSequence,Done,1,0.59689,0.59689,1.0,161.244,0.087,0.075,0.00075,0.0,0.0,0.056,0.0,-3.973,-28.886,66.79,-2.031,-102.096,16.988,paper_rcm_log_20260616_110935_960_8218.csv,28.328611898017446,Unknown,Unknown,0.0,4.792872787800221e-14,1.4920472163671985e-12
41.7317,InsertionSequence,Done,1,0.59689,0.59689,1.0,161.244,0.087,0.075,0.00075,0.0,0.0,0.056,0.0,-3.973,-28.886,66.79,-2.031,-102.096,16.988,paper_rcm_log_20260616_110935_960_8218.csv,28.08988764045323,Unknown,Unknown,0.0,1.1960216447877389e-14,6.477666070332677e-13
41.7667,InsertionSequence,Done,1,0.59689,0.59689,1.0,161.244,0.087,0.075,0.00075,0.0,0.0,0.056,0.0,-3.973,-28.886,66.79,-2.031,-102.096,16.988,paper_rcm_log_20260616_110935_960_8218.csv,28.571428571425557,Unknown,Unknown,0.0,1.160311428702309e-14,1.4705599879336718e-12
41.8019,InsertionSequence,Done,1,0.59689,0.59689,1.0,161.244,0.087,0.075,0.00075,0.0,0.0,0.056,0.0,-3.973,-28.886,66.79,-2.031,-102.096,16.988,paper_rcm_log_20260616_110935_960_8218.csv,28.409090909088302,Unknown,Unknown,0.0,1.0442802858320781e-13,7.603795364817716e-13
41.8378,InsertionSequence,Done,1,0.59689,0.59689,1.0,161.244,0.087,0.075,0.00075,0.0,0.0,0.056,0.0,-3.973,-28.886,66.79,-2.031,-102.096,16.988,paper_rcm_log_20260616_110935_960_8218.csv,27.855153203344134,Unknown,Unknown,0.0,5.189070459296527e-14,3.049441366298569e-12
41.873,InsertionSequence,Done,1,0.59689,0.59689,1.0,161.244,0.087,0.075,0.00075,0.0,0.0,0.056,0.0,-3.973,-28.886,66.79,-2.031,-102.096,16.988,paper_rcm_log_20260616_110935_960_8218.csv,28.409090909094036,Unknown,Unknown,0.0,1.1607645868639723e-13,7.62793924907228e-13
41.9086,InsertionSequence,Done,1,0.59689,0.59689,1.0,161.244,0.087,0.075,0.00075,0.0,0.0,0.056,0.0,-3.973,-28.886,66.79,-2.031,-102.096,16.988,paper_rcm_log_20260616_110935_960_8218.csv,28.089887640447625,Unknown,Unknown,0.0,2.9007785717557725e-15,1.6112623430240364e-12
41.9434,InsertionSequence,Done,1,0.59689,0.59689,1.0,161.244,0.087,0.075,0.00075,0.0,0.0,0.056,0.0,-3.973,-28.886,66.79,-2.031,-102.096,16.988,paper_rcm_log_20260616_110935_960_8218.csv,28.73563218391048,Unknown,Unknown,0.0,2.9007785717557725e-15,1.2898145806732955e-12
41.979,InsertionSequence,Done,1,0.59689,0.59689,1.0,161.244,0.087,0.075,0.00075,0.0,0.0,0.056,0.0,-3.973,-28.886,66.79,-2.031,-102.096,16.988,paper_rcm_log_20260616_110935_960_8218.csv,28.089887640447625,Unknown,Unknown,0.0,9.283624477096554e-14,1.5076776604128308e-12
42.0142,InsertionSequence,Done,1,0.59689,0.59689,1.0,161.244,0.087,0.075,0.00075,0.0,0.0,0.056,0.0,-3.973,-28.886,66.79,-2.031,-102.096,16.988,paper_rcm_log_20260616_110935_960_8218.csv,28.409090909088302,Unknown,Unknown,0.0,1.0714244673693131e-13,1.4669457901416216e-12
42.0495,InsertionSequence,Done,1,0.59689,0.59689,1.0,161.244,0.087,0.075,0.00075,0.0,0.0,0.056,0.0,-3.973,-28.886,66.79,-2.031,-102.096,16.988,paper_rcm_log_20260616_110935_960_8218.csv,28.328611898017446,Unknown,Unknown,0.0,4.650301812620195e-14,2.044645767506999e-12
42.0868,InsertionSequence,Done,1,0.59689,0.59689,1.0,161.244,0.087,0.075,0.00075,0.0,0.0,0.056,0.0,-3.973,-28.886,66.79,-2.031,-102.096,16.988,paper_rcm_log_20260616_110935_960_8218.csv,26.809651474534583,Unknown,Unknown,0.0,5.327096422738238e-14,1.4657847331289316e-12
42.1213,InsertionSequence,Done,1,0.59689,0.59689,1.0,161.244,0.087,0.075,0.00075,0.0,0.0,0.056,0.0,-3.973,-28.886,66.79,-2.031,-102.096,16.988,paper_rcm_log_20260616_110935_960_8218.csv,28.985507246375715,Unknown,Unknown,0.0,1.0889516576635645e-13,7.828431212688855e-13
42.1556,InsertionSequence,Done,1,0.59689,0.59689,1.0,161.244,0.087,0.075,0.00075,0.0,0.0,0.056,0.0,-3.973,-28.886,66.79,-2.031,-102.096,16.988,paper_rcm_log_20260616_110935_960_8218.csv,29.15451895043581,Unknown,Unknown,0.0,2.9007785717557725e-15,1.6700724830099085e-12
42.1917,InsertionSequence,Done,1,0.59689,0.59689,1.0,161.244,0.087,0.075,0.00075,0.0,0.0,0.056,0.0,-3.973,-28.886,66.79,-2.031,-102.096,16.988,paper_rcm_log_20260616_110935_960_8218.csv,27.700831024932604,Unknown,Unknown,0.0,1.1960216447877389e-14,1.5604552340503954e-12
42.2266,InsertionSequence,Done,1,0.59689,0.59689,1.0,161.244,0.087,0.075,0.00075,0.0,0.0,0.056,0.0,-3.973,-28.886,66.79,-2.031,-102.096,16.988,paper_rcm_log_20260616_110935_960_8218.csv,28.65329512893952,Unknown,Unknown,0.0,1.069852598608179e-13,3.8362868408510424e-13
42.2621,InsertionSequence,Done,1,0.59689,0.59689,1.0,161.244,0.087,0.075,0.00075,0.0,0.0,0.056,0.0,-3.973,-28.886,66.79,-2.031,-102.096,16.988,paper_rcm_log_20260616_110935_960_8218.csv,28.169014084507854,Unknown,Unknown,0.0,2.3251509063100976e-14,1.4838113091483535e-12
42.2982,InsertionSequence,Done,1,0.59689,0.59689,1.0,161.244,0.087,0.075,0.00075,0.0,0.0,0.056,0.0,-3.973,-28.886,66.79,-2.031,-102.096,16.988,paper_rcm_log_20260616_110935_960_8218.csv,27.700831024927155,Unknown,Unknown,0.0,2.338682451623638e-14,1.7021544323309128e-13
42.3331,InsertionSequence,Done,1,0.59689,0.59689,1.0,161.244,0.087,0.075,0.00075,0.0,0.0,0.056,0.0,-3.973,-28.886,66.79,-2.031,-102.096,16.988,paper_rcm_log_20260616_110935_960_8218.csv,28.65329512893952,Unknown,Unknown,0.0,2.5945352296482636e-14,2.7584978570646063e-12
42.3679,InsertionSequence,Done,1,0.59689,0.59689,1.0,161.244,0.087,0.075,0.00075,0.0,0.0,0.056,0.0,-3.973,-28.886,66.79,-2.031,-102.096,16.988,paper_rcm_log_20260616_110935_960_8218.csv,28.73563218391048,Unknown,Unknown,0.0,1.9314154003241044e-13,1.343638221264369e-12
42.4029,InsertionSequence,Done,1,0.59689,0.59689,1.0,161.244,0.087,0.075,0.00075,0.0,0.0,0.056,0.0,-3.973,-28.886,66.79,-2.031,-102.096,16.988,paper_rcm_log_20260616_110935_960_8218.csv,28.571428571425557,Unknown,Unknown,0.0,9.282491429618472e-14,2.48579609130982e-12
42.4363,InsertionSequence,Done,1,0.59689,0.59689,1.0,161.244,0.087,0.075,0.00075,0.0,0.0,0.056,0.0,-3.973,-28.886,66.79,-2.031,-102.096,16.988,paper_rcm_log_20260616_110935_960_8218.csv,29.94011976047876,Unknown,Unknown,0.0,4.7862846433970246e-14,6.252368155115353e-13
42.4708,InsertionSequence,Done,1,0.59689,0.59689,1.0,161.244,0.087,0.075,0.00075,0.0,0.0,0.056,0.0,-3.973,-28.886,66.79,-2.031,-102.096,16.988,paper_rcm_log_20260616_110935_960_8218.csv,28.985507246381683,Unknown,Unknown,0.0,1.0382194088409205e-13,1.9173541452873946e-12
42.5044,InsertionSequence,Done,1,0.59689,0.59689,1.0,161.244,0.087,0.075,0.00075,0.0,0.0,0.056,0.0,-3.973,-28.886,66.79,-2.031,-102.096,16.988,paper_rcm_log_20260616_110935_960_8218.csv,29.761904761904894,Unknown,Unknown,0.0,1.0639374080579821e-13,1.4198572123297177e-12
42.5374,InsertionSequence,Done,1,0.59689,0.59689,1.0,161.244,0.087,0.075,0.00075,0.0,0.0,0.056,0.0,-3.973,-28.886,66.79,-2.031,-102.096,16.988,paper_rcm_log_20260616_110935_960_8218.csv,30.303030303029153,Unknown,Unknown,0.0,4.641245714809236e-14,5.20697858332199e-14
42.5706,InsertionSequence,Done,1,0.59689,0.59689,1.0,161.244,0.087,0.075,0.00075,0.0,0.0,0.056,0.0,-3.973,-28.886,66.79,-2.031,-102.096,16.988,paper_rcm_log_20260616_110935_960_8218.csv,30.12048192771013,Unknown,Unknown,0.0,1.063838542898817e-13,1.486868735160741e-12
42.604,InsertionSequence,Done,1,0.59689,0.59689,1.0,161.244,0.087,0.075,0.00075,0.0,0.0,0.056,0.0,-3.973,-28.886,66.79,-2.031,-102.096,16.988,paper_rcm_log_20260616_110935_960_8218.csv,29.94011976047876,Unknown,Unknown,0.0,1.088855063734456e-13,7.124808817128114e-13
42.6376,InsertionSequence,Done,1,0.59689,0.59689,1.0,161.244,0.087,0.075,0.00075,0.0,0.0,0.056,0.0,-3.973,-28.886,66.79,-2.031,-102.096,16.988,paper_rcm_log_20260616_110935_960_8218.csv,29.761904761904894,Unknown,Unknown,0.0,9.643725506921888e-14,1.4720797669161697e-12
42.6711,InsertionSequence,Done,1,0.59689,0.59689,1.0,161.244,0.087,0.075,0.00075,0.0,0.0,0.056,0.0,-3.973,-28.886,66.79,-2.031,-102.096,16.988,paper_rcm_log_20260616_110935_960_8218.csv,29.850746268653474,Unknown,Unknown,0.0,4.641245714809236e-14,1.601069217907168e-12
42.7043,InsertionSequence,Done,1,0.59689,0.59689,1.0,161.244,0.087,0.075,0.00075,0.0,0.0,0.056,0.0,-3.973,-28.886,66.79,-2.031,-102.096,16.988,paper_rcm_log_20260616_110935_960_8218.csv,30.12048192771013,Unknown,Unknown,0.0,4.6435113950588074e-14,4.696907419550134e-13
42.7421,InsertionSequence,Done,1,0.59689,0.59689,1.0,161.244,0.087,0.075,0.00075,0.0,0.0,0.056,0.0,-3.973,-28.886,66.79,-2.031,-102.096,16.988,paper_rcm_log_20260616_110935_960_8218.csv,26.455026455028435,Unknown,Unknown,0.0,5.327096422738238e-14,6.684894472095201e-13
42.7776,InsertionSequence,Done,1,0.59689,0.59689,1.0,161.244,0.087,0.075,0.00075,0.0,0.0,0.056,0.0,-3.973,-28.886,66.79,-2.031,-102.096,16.988,paper_rcm_log_20260616_110935_960_8218.csv,28.169014084507854,Unknown,Unknown,0.0,2.6147264698081586e-14,2.492035383618347e-12
42.8132,InsertionSequence,Done,1,0.59689,0.59689,1.0,161.244,0.087,0.075,0.00075,0.0,0.0,0.056,0.0,-3.973,-28.886,66.79,-2.031,-102.096,16.988,paper_rcm_log_20260616_110935_960_8218.csv,28.089887640447625,Unknown,Unknown,0.0,1.3546977559242363e-13,1.774925584513158e-12
42.8444,InsertionSequence,Done,1,0.59689,0.59689,1.0,161.244,0.087,0.075,0.00075,0.0,0.0,0.056,0.0,-3.973,-28.886,66.79,-2.031,-102.096,16.988,paper_rcm_log_20260616_110935_960_8218.csv,32.051282051283756,Unknown,Unknown,0.0,1.3331752361148757e-13,1.480139494896249e-12
42.8787,InsertionSequence,Done,1,0.59689,0.59689,1.0,161.244,0.087,0.075,0.00075,0.0,0.0,0.056,0.0,-3.973,-28.886,66.79,-2.031,-102.096,16.988,paper_rcm_log_20260616_110935_960_8218.csv,29.15451895043581,Unknown,Unknown,0.0,5.19717205745273e-14,3.0455430559349128e-12
42.9134,InsertionSequence,Done,1,0.59689,0.59689,1.0,161.244,0.087,0.075,0.00075,0.0,0.0,0.056,0.0,-3.973,-28.886,66.79,-2.031,-102.096,16.988,paper_rcm_log_20260616_110935_960_8218.csv,28.818443804033883,Unknown,Unknown,0.0,9.572569286794049e-14,1.5176431441055707e-12
42.9447,InsertionSequence,Done,1,0.59689,0.59689,1.0,161.244,0.087,0.075,0.00075,0.0,0.0,0.056,0.0,-3.973,-28.886,66.79,-2.031,-102.096,16.988,paper_rcm_log_20260616_110935_960_8218.csv,31.948881789142938,Unknown,Unknown,0.0,5.19717205745273e-14,3.2342928112580262e-12
42.9772,InsertionSequence,Done,1,0.59689,0.59689,1.0,161.244,0.087,0.075,0.00075,0.0,0.0,0.056,0.0,-3.973,-28.886,66.79,-2.031,-102.096,16.988,paper_rcm_log_20260616_110935_960_8218.csv,30.769230769225118,Unknown,Unknown,0.0,1.3181796617179372e-13,1.4701535429038199e-12
43.0126,InsertionSequence,Done,1,0.59689,0.59689,1.0,161.244,0.087,0.075,0.00075,0.0,0.0,0.056,0.0,-3.973,-28.886,66.79,-2.031,-102.096,16.988,paper_rcm_log_20260616_110935_960_8218.csv,28.248587570624935,Unknown,Unknown,0.0,9.638270602075164e-14,1.7807791881104905e-12
43.0465,InsertionSequence,Done,1,0.59689,0.59689,1.0,161.244,0.087,0.075,0.00075,0.0,0.0,0.056,0.0,-3.973,-28.886,66.79,-2.031,-102.096,16.988,paper_rcm_log_20260616_110935_960_8218.csv,29.49852507374396,Unknown,Unknown,0.0,2.338682451623638e-14,1.4299398079833985e-12
43.0807,InsertionSequence,Done,1,0.59689,0.59689,1.0,161.244,0.087,0.075,0.00075,0.0,0.0,0.056,0.0,-3.973,-28.886,66.79,-2.031,-102.096,16.988,paper_rcm_log_20260616_110935_960_8218.csv,29.239766081872666,Unknown,Unknown,0.0,2.9007785717557725e-15,1.5283056923048015e-12
43.1128,InsertionSequence,Done,1,0.59689,0.59689,1.0,161.244,0.087,0.075,0.00075,0.0,0.0,0.056,0.0,-3.973,-28.886,66.79,-2.031,-102.096,16.988,paper_rcm_log_20260616_110935_960_8218.csv,31.15264797507808,Unknown,Unknown,0.0,9.283624477096554e-14,7.679258942670007e-13
43.1466,InsertionSequence,Done,1,0.59689,0.59689,1.0,161.244,0.087,0.075,0.00075,0.0,0.0,0.056,0.0,-3.973,-28.886,66.79,-2.031,-102.096,16.988,paper_rcm_log_20260616_110935_960_8218.csv,29.585798816568584,Unknown,Unknown,0.0,5.205261046094712e-14,8.098846925591422e-14
43.1797,InsertionSequence,Done,1,0.59689,0.59689,1.0,161.244,0.087,0.075,0.00075,0.0,0.0,0.056,0.0,-3.973,-28.886,66.79,-2.031,-102.096,16.988,paper_rcm_log_20260616_110935_960_8218.csv,30.21148036254008,Unknown,Unknown,0.0,9.288155284822162e-14,9.960288912927016e-13
43.2136,InsertionSequence,Done,1,0.59689,0.59689,1.0,161.244,0.087,0.075,0.00075,0.0,0.0,0.056,0.0,-3.973,-28.886,66.79,-2.031,-102.096,16.988,paper_rcm_log_20260616_110935_960_8218.csv,29.49852507374396,Unknown,Unknown,0.0,2.320622857404618e-14,1.9107916681271772e-13
43.2468,InsertionSequence,Done,1,0.59689,0.59689,1.0,161.244,0.087,0.075,0.00075,0.0,0.0,0.056,0.0,-3.973,-28.886,66.79,-2.031,-102.096,16.988,paper_rcm_log_20260616_110935_960_8218.csv,30.12048192771013,Unknown,Unknown,0.0,9.355854105495846e-14,1.7397302372452163e-12
43.282,InsertionSequence,Done,1,0.59689,0.59689,1.0,161.244,0.087,0.075,0.00075,0.0,0.0,0.056,0.0,-3.973,-28.886,66.79,-2.031,-102.096,16.988,paper_rcm_log_20260616_110935_960_8218.csv,28.409090909094036,Unknown,Unknown,0.0,1.3130629819056827e-13,2.8928209779046947e-12
43.3149,InsertionSequence,Done,1,0.59689,0.59689,1.0,161.244,0.087,0.075,0.00075,0.0,0.0,0.056,0.0,-3.973,-28.886,66.79,-2.031,-102.096,16.988,paper_rcm_log_20260616_110935_960_8218.csv,30.39513677811085,Unknown,Unknown,0.0,1.3385293750747356e-13,1.3140558827398422e-12
43.3494,InsertionSequence,Done,1,0.59689,0.59689,1.0,161.244,0.087,0.075,0.00075,0.0,0.0,0.056,0.0,-3.973,-28.886,66.79,-2.031,-102.096,16.988,paper_rcm_log_20260616_110935_960_8218.csv,28.985507246375715,Unknown,Unknown,0.0,9.288155284822162e-14,1.9802106498333636e-12
43.3823,InsertionSequence,Done,1,0.59689,0.59689,1.0,161.244,0.087,0.075,0.00075,0.0,0.0,0.056,0.0,-3.973,-28.886,66.79,-2.031,-102.096,16.988,paper_rcm_log_20260616_110935_960_8218.csv,30.39513677811741,Unknown,Unknown,0.0,1.160311428702309e-14,1.6093144407115674e-12
43.4157,InsertionSequence,Done,1,0.59689,0.59689,1.0,161.244,0.087,0.075,0.00075,0.0,0.0,0.056,0.0,-3.973,-28.886,66.79,-2.031,-102.096,16.988,paper_rcm_log_20260616_110935_960_8218.csv,29.94011976047876,Unknown,Unknown,0.0,1.069852598608179e-13,7.235085056531422e-13
43.449,InsertionSequence,Done,1,0.59689,0.59689,1.0,161.244,0.087,0.075,0.00075,0.0,0.0,0.056,0.0,-3.973,-28.886,66.79,-2.031,-102.096,16.988,paper_rcm_log_20260616_110935_960_8218.csv,30.030030030032737,Unknown,Unknown,0.0,4.641245714809236e-14,1.4563684169051504e-12
43.4827,InsertionSequence,Done,1,0.59689,0.59689,1.0,161.244,0.087,0.075,0.00075,0.0,0.0,0.056,0.0,-3.973,-28.886,66.79,-2.031,-102.096,16.988,paper_rcm_log_20260616_110935_960_8218.csv,29.673590504448246,Unknown,Unknown,0.0,4.641245714809236e-14,3.963289446492697e-13
43.516,InsertionSequence,Done,1,0.59689,0.59689,1.0,161.244,0.087,0.075,0.00075,0.0,0.0,0.056,0.0,-3.973,-28.886,66.79,-2.031,-102.096,16.988,paper_rcm_log_20260616_110935_960_8218.csv,30.030030030032737,Unknown,Unknown,0.0,5.327096422738238e-14,2.0020897217267577e-12
43.5496,InsertionSequence,Done,1,0.59689,0.59689,1.0,161.244,0.087,0.075,0.00075,0.0,0.0,0.056,0.0,-3.973,-28.886,66.79,-2.031,-102.096,16.988,paper_rcm_log_20260616_110935_960_8218.csv,29.761904761904894,Unknown,Unknown,0.0,1.0706388214580792e-13,1.434033918806019e-12
43.5892,InsertionSequence,Done,1,0.59689,0.59689,1.0,161.244,0.087,0.075,0.00075,0.0,0.0,0.056,0.0,-3.973,-28.886,66.79,-2.031,-102.096,16.988,paper_rcm_log_20260616_110935_960_8218.csv,25.252525252525203,Unknown,Unknown,0.0,1.0903995397784745e-13,1.5535072296206357e-12
43.6247,InsertionSequence,Done,1,0.59689,0.59689,1.0,161.244,0.087,0.075,0.00075,0.0,0.0,0.056,0.0,-3.973,-28.886,66.79,-2.031,-102.096,16.988,paper_rcm_log_20260616_110935_960_8218.csv,28.169014084507854,Unknown,Unknown,0.0,5.693586227667243e-14,1.5012398924333808e-12
43.6585,InsertionSequence,Done,1,0.59689,0.59689,1.0,161.244,0.087,0.075,0.00075,0.0,0.0,0.056,0.0,-3.973,-28.886,66.79,-2.031,-102.096,16.988,paper_rcm_log_20260616_110935_960_8218.csv,29.585798816568584,Unknown,Unknown,0.0,2.320622857404618e-14,1.6555951897097035e-12
43.6907,InsertionSequence,Done,1,0.59689,0.59689,1.0,161.244,0.087,0.075,0.00075,0.0,0.0,0.056,0.0,-3.973,-28.886,66.79,-2.031,-102.096,16.988,paper_rcm_log_20260616_110935_960_8218.csv,31.055900621115008,Unknown,Unknown,0.0,9.572569286794049e-14,3.555909745358662e-13
43.724,InsertionSequence,Done,1,0.59689,0.59689,1.0,161.244,0.087,0.075,0.00075,0.0,0.0,0.056,0.0,-3.973,-28.886,66.79,-2.031,-102.096,16.988,paper_rcm_log_20260616_110935_960_8218.csv,30.030030030032737,Unknown,Unknown,0.0,0.0,1.569385812967771e-12
43.7575,InsertionSequence,Done,1,0.59689,0.59689,1.0,161.244,0.087,0.075,0.00075,0.0,0.0,0.056,0.0,-3.973,-28.886,66.79,-2.031,-102.096,16.988,paper_rcm_log_20260616_110935_960_8218.csv,29.850746268653474,Unknown,Unknown,0.0,5.317214951750687e-14,5.04610167103185e-14
43.7921,InsertionSequence,Done,1,0.59689,0.59689,1.0,161.244,0.087,0.075,0.00075,0.0,0.0,0.056,0.0,-3.973,-28.886,66.79,-2.031,-102.096,16.988,paper_rcm_log_20260616_110935_960_8218.csv,28.901734104048312,Unknown,Unknown,0.0,0.0,2.128705534283742e-12
43.8271,InsertionSequence,Done,1,0.59689,0.59689,1.0,161.244,0.087,0.075,0.00075,0.0,0.0,0.056,0.0,-3.973,-28.886,66.79,-2.031,-102.096,16.988,paper_rcm_log_20260616_110935_960_8218.csv,28.571428571425557,Unknown,Unknown,0.0,9.646996969278756e-14,1.3363899723566384e-12
43.8621,InsertionSequence,Done,1,0.59689,0.59689,1.0,161.244,0.087,0.075,0.00075,0.0,0.0,0.056,0.0,-3.973,-28.886,66.79,-2.031,-102.096,16.988,paper_rcm_log_20260616_110935_960_8218.csv,28.571428571431355,Unknown,Unknown,0.0,9.354729806494551e-14,1.4103989619344487e-12
43.8984,InsertionSequence,Done,1,0.59689,0.59689,1.0,161.244,0.087,0.075,0.00075,0.0,0.0,0.056,0.0,-3.973,-28.886,66.79,-2.031,-102.096,16.988,paper_rcm_log_20260616_110935_960_8218.csv,27.548209366387983,Unknown,Unknown,0.0,3.2431690370603295e-15,1.4348486136705067e-12
43.9335,InsertionSequence,Done,1,0.59689,0.59689,1.0,161.244,0.087,0.075,0.00075,0.0,0.0,0.056,0.0,-3.973,-28.886,66.79,-2.031,-102.096,16.988,paper_rcm_log_20260616_110935_960_8218.csv,28.490028490028564,Unknown,Unknown,0.0,4.650301812620195e-14,9.376811490697112e-13
43.9789,InsertionSequence,Done,1,0.59689,0.59689,1.0,161.244,0.087,0.075,0.00075,0.0,0.0,0.056,0.0,-3.973,-28.886,66.79,-2.031,-102.096,16.988,paper_rcm_log_20260616_110935_960_8218.csv,22.0264317180613,Unknown,Unknown,0.0,1.0702457822299088e-13,1.2963543210035188e-12
44.0303,InsertionSequence,Done,1,0.59689,0.59689,1.0,161.244,0.087,0.075,0.00075,0.0,0.0,0.056,0.0,-3.973,-28.886,66.79,-2.031,-102.096,16.988,paper_rcm_log_20260616_110935_960_8218.csv,19.45525291829025,Unknown,Unknown,0.0,9.568173158301911e-14,2.1557694645414554e-12
44.063,InsertionSequence,Done,1,0.59689,0.59689,1.0,161.244,0.087,0.075,0.00075,0.0,0.0,0.056,0.0,-3.973,-28.886,66.79,-2.031,-102.096,16.988,paper_rcm_log_20260616_110935_960_8218.csv,30.581039755346538,Unknown,Unknown,0.0,4.6435113950588074e-14,3.2615731253861415e-12
44.0959,InsertionSequence,Done,1,0.59689,0.59689,1.0,161.244,0.087,0.075,0.00075,0.0,0.0,0.056,0.0,-3.973,-28.886,66.79,-2.031,-102.096,16.988,paper_rcm_log_20260616_110935_960_8218.csv,30.39513677811741,Unknown,Unknown,0.0,1.3534549136846853e-13,2.0414490325642337e-12
44.1266,InsertionSequence,Done,1,0.59689,0.59689,1.0,161.244,0.087,0.075,0.00075,0.0,0.0,0.056,0.0,-3.973,-28.886,66.79,-2.031,-102.096,16.988,paper_rcm_log_20260616_110935_960_8218.csv,32.57328990227688,Unknown,Unknown,0.0,9.656804706657712e-14,1.2462612601126054e-12
44.1613,InsertionSequence,Done,1,0.59689,0.59689,1.0,161.244,0.087,0.075,0.00075,0.0,0.0,0.056,0.0,-3.973,-28.886,66.79,-2.031,-102.096,16.988,paper_rcm_log_20260616_110935_960_8218.csv,28.818443804039784,Unknown,Unknown,0.0,1.0701474998675884e-13,1.4915367138449222e-12
44.1967,InsertionSequence,Done,1,0.59689,0.59689,1.0,161.244,0.087,0.075,0.00075,0.0,0.0,0.056,0.0,-3.973,-28.886,66.79,-2.031,-102.096,16.988,paper_rcm_log_20260616_110935_960_8218.csv,28.248587570619264,Unknown,Unknown,0.0,1.1960216447877389e-14,1.3803400480196605e-12
44.2331,InsertionSequence,Done,1,0.59689,0.59689,1.0,161.244,0.087,0.075,0.00075,0.0,0.0,0.056,0.0,-3.973,-28.886,66.79,-2.031,-102.096,16.988,paper_rcm_log_20260616_110935_960_8218.csv,27.472527472527148,Unknown,Unknown,0.0,4.641245714809236e-14,2.979187609762046e-12
44.2687,InsertionSequence,Done,1,0.59689,0.59689,1.0,161.244,0.087,0.075,0.00075,0.0,0.0,0.056,0.0,-3.973,-28.886,66.79,-2.031,-102.096,16.988,paper_rcm_log_20260616_110935_960_8218.csv,28.089887640447625,Unknown,Unknown,0.0,2.079121785202369e-13,6.880521865807188e-13
44.3027,InsertionSequence,Done,1,0.59689,0.59689,1.0,161.244,0.087,0.075,0.00075,0.0,0.0,0.056,0.0,-3.973,-28.886,66.79,-2.031,-102.096,16.988,paper_rcm_log_20260616_110935_960_8218.csv,29.411764705883286,Unknown,Unknown,0.0,2.6107007145801953e-14,3.1524674970367656e-12
44.3389,InsertionSequence,Done,1,0.59689,0.59689,1.0,161.244,0.087,0.075,0.00075,0.0,0.0,0.056,0.0,-3.973,-28.886,66.79,-2.031,-102.096,16.988,paper_rcm_log_20260616_110935_960_8218.csv,27.624309392264507,Unknown,Unknown,0.0,0.0,3.2355131015531027e-12
44.3735,InsertionSequence,Done,1,0.59689,0.59689,1.0,161.244,0.087,0.075,0.00075,0.0,0.0,0.056,0.0,-3.973,-28.886,66.79,-2.031,-102.096,16.988,paper_rcm_log_20260616_110935_960_8218.csv,28.901734104048312,Unknown,Unknown,0.0,2.1512879525865559e-13,5.601996741390917e-12
44.7207,InsertionSequence,Done,1,0.59689,0.59689,1.0,161.244,0.087,0.075,0.00075,0.0,0.0,0.056,0.0,-3.973,-28.886,66.79,-2.031,-102.096,16.988,paper_rcm_log_20260616_110935_960_8218.csv,2.880184331797228,Unknown,Unknown,0.0,4.6435113950588074e-14,7.186351777508323e-13
44.7774,InsertionSequence,Done,1,0.59689,0.59689,1.0,161.244,0.087,0.075,0.00075,0.0,0.0,0.056,0.0,-3.973,-28.886,66.79,-2.031,-102.096,16.988,paper_rcm_log_20260616_110935_960_8218.csv,17.636684303351185,Unknown,Unknown,0.0,0.0,1.2618333740913134e-12
44.8112,InsertionSequence,Done,1,0.59689,0.59689,1.0,161.244,0.087,0.075,0.00075,0.0,0.0,0.056,0.0,-3.973,-28.886,66.79,-2.031,-102.096,16.988,paper_rcm_log_20260616_110935_960_8218.csv,29.585798816568584,Unknown,Unknown,0.0,5.319192714494085e-14,1.3811623270209966e-12
44.8449,InsertionSequence,Done,1,0.59689,0.59689,1.0,161.244,0.087,0.075,0.00075,0.0,0.0,0.056,0.0,-3.973,-28.886,66.79,-2.031,-102.096,16.988,paper_rcm_log_20260616_110935_960_8218.csv,29.673590504448246,Unknown,Unknown,0.0,9.295230250645042e-14,1.1779298779361365e-12
44.8956,InsertionSequence,Done,1,0.59689,0.59689,1.0,161.244,0.087,0.075,0.00075,0.0,0.0,0.056,0.0,-3.973,-28.886,66.79,-2.031,-102.096,16.988,paper_rcm_log_20260616_110935_960_8218.csv,19.723865877712388,Unknown,Unknown,0.0,2.843095978359618e-14,6.937663440698522e-13
44.9655,InsertionSequence,Done,1,0.59689,0.59689,1.0,161.244,0.087,0.075,0.00075,0.0,0.0,0.056,0.0,-3.973,-28.886,66.79,-2.031,-102.096,16.988,paper_rcm_log_20260616_110935_960_8218.csv,14.306151645208061,Unknown,Unknown,0.0,2.0758308718870271e-13,3.305934609017078e-12
44.9969,InsertionSequence,Done,1,0.59689,0.59689,1.0,161.244,0.087,0.075,0.00075,0.0,0.0,0.056,0.0,-3.973,-28.886,66.79,-2.031,-102.096,16.988,paper_rcm_log_20260616_110935_960_8218.csv,31.847133757963938,Unknown,Unknown,0.0,9.590133648879301e-14,3.733381581143609e-12
45.0276,InsertionSequence,Done,1,0.59689,0.59689,1.0,161.244,0.087,0.075,0.00075,0.0,0.0,0.056,0.0,-3.973,-28.886,66.79,-2.031,-102.096,16.988,paper_rcm_log_20260616_110935_960_8218.csv,32.57328990227688,Unknown,Unknown,0.0,5.189070459296527e-14,2.865505130667443e-12
45.0669,InsertionSequence,Done,1,0.59689,0.59689,1.0,161.244,0.087,0.075,0.00075,0.0,0.0,0.056,0.0,-3.973,-28.886,66.79,-2.031,-102.096,16.988,paper_rcm_log_20260616_110935_960_8218.csv,25.445292620866937,Unknown,Unknown,0.0,1.1443378446363117e-13,2.8294596643385335e-12
45.1039,InsertionSequence,Done,1,0.59689,0.59689,1.0,161.244,0.087,0.075,0.00075,0.0,0.0,0.056,0.0,-3.973,-28.886,66.79,-2.031,-102.096,16.988,paper_rcm_log_20260616_110935_960_8218.csv,27.02702702702254,Unknown,Unknown,0.0,1.8852829216231156e-13,2.3760570875479153e-12
45.1375,InsertionSequence,Done,1,0.59689,0.59689,1.0,161.244,0.087,0.075,0.00075,0.0,0.0,0.056,0.0,-3.973,-28.886,66.79,-2.031,-102.096,16.988,paper_rcm_log_20260616_110935_960_8218.csv,29.761904761904894,Unknown,Unknown,0.0,2.0921834027853175e-13,4.570293484437457e-12
45.1713,InsertionSequence,Done,1,0.59689,0.59689,1.0,161.244,0.087,0.075,0.00075,0.0,0.0,0.056,0.0,-3.973,-28.886,66.79,-2.031,-102.096,16.988,paper_rcm_log_20260616_110935_960_8218.csv,29.585798816568584,Unknown,Unknown,0.0,1.413069256369066e-13,6.395986210384394e-12
45.2021,InsertionSequence,Done,1,0.59689,0.59689,1.0,161.244,0.087,0.075,0.00075,0.0,0.0,0.056,0.0,-3.973,-28.886,66.79,-2.031,-102.096,16.988,paper_rcm_log_20260616_110935_960_8218.csv,32.46753246753323,Unknown,Unknown,0.0,1.810838758924356e-13,7.214608989288857e-12
45.2698,InsertionSequence,Done,1,0.59689,0.59689,1.0,161.244,0.087,0.075,0.00075,0.0,0.0,0.056,0.0,-3.973,-28.886,66.79,-2.031,-102.096,16.988,paper_rcm_log_20260616_110935_960_8218.csv,14.77104874446195,Unknown,Unknown,0.0,2.1410811503584688e-13,5.135789423998786e-12
45.3012,InsertionSequence,Done,1,0.59689,0.59689,1.0,161.244,0.087,0.075,0.00075,0.0,0.0,0.056,0.0,-3.973,-28.886,66.79,-2.031,-102.096,16.988,paper_rcm_log_20260616_110935_960_8218.csv,31.847133757956733,Unknown,Unknown,0.0,5.1910970442046026e-14,4.078193568435358e-12
45.3374,InsertionSequence,Done,1,0.59689,0.59689,1.0,161.244,0.087,0.075,0.00075,0.0,0.0,0.056,0.0,-3.973,-28.886,66.79,-2.031,-102.096,16.988,paper_rcm_log_20260616_110935_960_8218.csv,27.624309392264507,Unknown,Unknown,0.0,4.641245714809236e-14,1.4663156930103579e-12
45.3715,InsertionSequence,Done,1,0.59689,0.59689,1.0,161.244,0.087,0.075,0.00075,0.0,0.0,0.056,0.0,-3.973,-28.886,66.79,-2.031,-102.096,16.988,paper_rcm_log_20260616_110935_960_8218.csv,29.325513196485122,Unknown,Unknown,0.0,1.1435103132435445e-13,1.565609007815902e-12
45.4053,InsertionSequence,Done,1,0.59689,0.59689,1.0,161.244,0.087,0.075,0.00075,0.0,0.0,0.056,0.0,-3.973,-28.886,66.79,-2.031,-102.096,16.988,paper_rcm_log_20260616_110935_960_8218.csv,29.585798816568584,Unknown,Unknown,0.0,9.638270602075164e-14,8.977615439411424e-13
45.4408,InsertionSequence,Done,1,0.59689,0.59689,1.0,161.244,0.087,0.075,0.00075,0.0,0.0,0.056,0.0,-3.973,-28.886,66.79,-2.031,-102.096,16.988,paper_rcm_log_20260616_110935_960_8218.csv,28.169014084502216,Unknown,Unknown,0.0,1.3127425272378462e-13,1.2816584196084995e-12
45.474,InsertionSequence,Done,1,0.59689,0.59689,1.0,161.244,0.087,0.075,0.00075,0.0,0.0,0.056,0.0,-3.973,-28.886,66.79,-2.031,-102.096,16.988,paper_rcm_log_20260616_110935_960_8218.csv,30.12048192771658,Unknown,Unknown,0.0,1.3535326247583684e-13,1.8909623041593654e-12
45.5082,InsertionSequence,Done,1,0.59689,0.59689,1.0,161.244,0.087,0.075,0.00075,0.0,0.0,0.056,0.0,-3.973,-28.886,66.79,-2.031,-102.096,16.988,paper_rcm_log_20260616_110935_960_8218.csv,29.23976608186659,Unknown,Unknown,0.0,0.0,3.107402848223976e-12
45.5432,InsertionSequence,Done,1,0.59689,0.59689,1.0,161.244,0.087,0.075,0.00075,0.0,0.0,0.056,0.0,-3.973,-28.886,66.79,-2.031,-102.096,16.988,paper_rcm_log_20260616_110935_960_8218.csv,28.571428571431355,Unknown,Unknown,0.0,9.568173158301911e-14,1.4903542497355434e-12
45.5774,InsertionSequence,Done,1,0.59689,0.59689,1.0,161.244,0.087,0.075,0.00075,0.0,0.0,0.056,0.0,-3.973,-28.886,66.79,-2.031,-102.096,16.988,paper_rcm_log_20260616_110935_960_8218.csv,29.239766081872666,Unknown,Unknown,0.0,1.0447837718484249e-13,7.589323164037901e-13
45.6116,InsertionSequence,Done,1,0.59689,0.59689,1.0,161.244,0.087,0.075,0.00075,0.0,0.0,0.056,0.0,-3.973,-28.886,66.79,-2.031,-102.096,16.988,paper_rcm_log_20260616_110935_960_8218.csv,29.23976608186659,Unknown,Unknown,0.0,1.0379154359435136e-13,2.773702537399173e-12
45.6461,InsertionSequence,Done,1,0.59689,0.59689,1.0,161.244,0.087,0.075,0.00075,0.0,0.0,0.056,0.0,-3.973,-28.886,66.79,-2.031,-102.096,16.988,paper_rcm_log_20260616_110935_960_8218.csv,28.985507246381683,Unknown,Unknown,0.0,9.287022790117615e-14,2.1743370961831194e-12
45.6787,InsertionSequence,Done,1,0.59689,0.59689,1.0,161.244,0.087,0.075,0.00075,0.0,0.0,0.056,0.0,-3.973,-28.886,66.79,-2.031,-102.096,16.988,paper_rcm_log_20260616_110935_960_8218.csv,30.67484662576482,Unknown,Unknown,0.0,1.334436966184202e-13,7.701267150149528e-13
45.7151,InsertionSequence,Done,1,0.59689,0.59689,1.0,161.244,0.087,0.075,0.00075,0.0,0.0,0.056,0.0,-3.973,-28.886,66.79,-2.031,-102.096,16.988,paper_rcm_log_20260616_110935_960_8218.csv,27.472527472527148,Unknown,Unknown,0.0,1.08846860229771e-13,1.555729091185053e-12
45.7491,InsertionSequence,Done,1,0.59689,0.59689,1.0,161.244,0.087,0.075,0.00075,0.0,0.0,0.056,0.0,-3.973,-28.886,66.79,-2.031,-102.096,16.988,paper_rcm_log_20260616_110935_960_8218.csv,29.411764705883286,Unknown,Unknown,0.0,2.3431756016863616e-14,3.273635975432588e-12
45.7835,InsertionSequence,Done,1,0.59689,0.59689,1.0,161.244,0.087,0.075,0.00075,0.0,0.0,0.056,0.0,-3.973,-28.886,66.79,-2.031,-102.096,16.988,paper_rcm_log_20260616_110935_960_8218.csv,29.069767441862165,Unknown,Unknown,0.0,1.1607645868639723e-13,7.487051386065757e-13
45.8172,InsertionSequence,Done,1,0.59689,0.59689,1.0,161.244,0.087,0.075,0.00075,0.0,0.0,0.056,0.0,-3.973,-28.886,66.79,-2.031,-102.096,16.988,paper_rcm_log_20260616_110935_960_8218.csv,29.673590504448246,Unknown,Unknown,0.0,5.693586227667243e-14,3.6119211099261036e-13
45.8519,InsertionSequence,Done,1,0.59689,0.59689,1.0,161.244,0.087,0.075,0.00075,0.0,0.0,0.056,0.0,-3.973,-28.886,66.79,-2.031,-102.096,16.988,paper_rcm_log_20260616_110935_960_8218.csv,28.818443804033883,Unknown,Unknown,0.0,1.0903995397784745e-13,1.816731059119184e-12
45.8879,InsertionSequence,Done,1,0.59689,0.59689,1.0,161.244,0.087,0.075,0.00075,0.0,0.0,0.056,0.0,-3.973,-28.886,66.79,-2.031,-102.096,16.988,paper_rcm_log_20260616_110935_960_8218.csv,27.777777777776723,Unknown,Unknown,0.0,1.0447837718484249e-13,1.898424057041174e-13
45.9234,InsertionSequence,Done,1,0.59689,0.59689,1.0,161.244,0.087,0.075,0.00075,0.0,0.0,0.056,0.0,-3.973,-28.886,66.79,-2.031,-102.096,16.988,paper_rcm_log_20260616_110935_960_8218.csv,28.169014084507854,Unknown,Unknown,0.0,1.069852598608179e-13,1.4101656642615942e-12
45.9583,InsertionSequence,Done,1,0.59689,0.59689,1.0,161.244,0.087,0.075,0.00075,0.0,0.0,0.056,0.0,-3.973,-28.886,66.79,-2.031,-102.096,16.988,paper_rcm_log_20260616_110935_960_8218.csv,28.65329512893952,Unknown,Unknown,0.0,3.2431690370603295e-15,1.5397240937820126e-12
45.9935,InsertionSequence,Done,1,0.59689,0.59689,1.0,161.244,0.087,0.075,0.00075,0.0,0.0,0.056,0.0,-3.973,-28.886,66.79,-2.031,-102.096,16.988,paper_rcm_log_20260616_110935_960_8218.csv,28.409090909094036,Unknown,Unknown,0.0,3.2431690370603295e-15,3.798089673165593e-13
46.0286,InsertionSequence,Done,1,0.59689,0.59689,1.0,161.244,0.087,0.075,0.00075,0.0,0.0,0.056,0.0,-3.973,-28.886,66.79,-2.031,-102.096,16.988,paper_rcm_log_20260616_110935_960_8218.csv,28.490028490028564,Unknown,Unknown,0.0,2.6107007145801953e-14,1.3136625666226247e-12
46.0651,InsertionSequence,Done,1,0.59689,0.59689,1.0,161.244,0.087,0.075,0.00075,0.0,0.0,0.056,0.0,-3.973,-28.886,66.79,-2.031,-102.096,16.988,paper_rcm_log_20260616_110935_960_8218.csv,27.39726027396979,Unknown,Unknown,0.0,9.850909069095471e-14,4.366493357506191e-13
46.1005,InsertionSequence,Done,1,0.59689,0.59689,1.0,161.244,0.087,0.075,0.00075,0.0,0.0,0.056,0.0,-3.973,-28.886,66.79,-2.031,-102.096,16.988,paper_rcm_log_20260616_110935_960_8218.csv,28.248587570624935,Unknown,Unknown,0.0,1.2047838252593955e-14,1.32006335867595e-12
46.1358,InsertionSequence,Done,1,0.59689,0.59689,1.0,161.244,0.087,0.075,0.00075,0.0,0.0,0.056,0.0,-3.973,-28.886,66.79,-2.031,-102.096,16.988,paper_rcm_log_20260616_110935_960_8218.csv,28.328611898011744,Unknown,Unknown,0.0,2.598586028726365e-14,1.944484346921465e-12
46.1708,InsertionSequence,Done,1,0.59689,0.59689,1.0,161.244,0.087,0.075,0.00075,0.0,0.0,0.056,0.0,-3.973,-28.886,66.79,-2.031,-102.096,16.988,paper_rcm_log_20260616_110935_960_8218.csv,28.571428571431355,Unknown,Unknown,0.0,1.3385293750747356e-13,1.5633552953063284e-12
46.2066,InsertionSequence,Done,1,0.59689,0.59689,1.0,161.244,0.087,0.075,0.00075,0.0,0.0,0.056,0.0,-3.973,-28.886,66.79,-2.031,-102.096,16.988,paper_rcm_log_20260616_110935_960_8218.csv,27.93296089385332,Unknown,Unknown,0.0,1.0382194088409205e-13,7.134977942736808e-13
46.2413,InsertionSequence,Done,1,0.59689,0.59689,1.0,161.244,0.087,0.075,0.00075,0.0,0.0,0.056,0.0,-3.973,-28.886,66.79,-2.031,-102.096,16.988,paper_rcm_log_20260616_110935_960_8218.csv,28.818443804033883,Unknown,Unknown,0.0,1.0447837718484249e-13,1.4474561285033795e-12
46.2768,InsertionSequence,Done,1,0.59689,0.59689,1.0,161.244,0.087,0.075,0.00075,0.0,0.0,0.056,0.0,-3.973,-28.886,66.79,-2.031,-102.096,16.988,paper_rcm_log_20260616_110935_960_8218.csv,28.169014084507854,Unknown,Unknown,0.0,3.2431690370603295e-15,2.978285545191878e-12
46.3119,InsertionSequence,Done,1,0.59689,0.59689,1.0,161.244,0.087,0.075,0.00075,0.0,0.0,0.056,0.0,-3.973,-28.886,66.79,-2.031,-102.096,16.988,paper_rcm_log_20260616_110935_960_8218.csv,28.490028490028564,Unknown,Unknown,0.0,1.0701474998675884e-13,1.294563397957054e-12
46.3486,InsertionSequence,Done,1,0.59689,0.59689,1.0,161.244,0.087,0.075,0.00075,0.0,0.0,0.056,0.0,-3.973,-28.886,66.79,-2.031,-102.096,16.988,paper_rcm_log_20260616_110935_960_8218.csv,27.247956403272592,Unknown,Unknown,0.0,1.0701474998675884e-13,1.4318736476729743e-12
46.3837,InsertionSequence,Done,1,0.59689,0.59689,1.0,161.244,0.087,0.075,0.00075,0.0,0.0,0.056,0.0,-3.973,-28.886,66.79,-2.031,-102.096,16.988,paper_rcm_log_20260616_110935_960_8218.csv,28.490028490028564,Unknown,Unknown,0.0,2.5945352296482636e-14,1.6345189367645904e-12
46.4197,InsertionSequence,Done,1,0.59689,0.59689,1.0,161.244,0.087,0.075,0.00075,0.0,0.0,0.056,0.0,-3.973,-28.886,66.79,-2.031,-102.096,16.988,paper_rcm_log_20260616_110935_960_8218.csv,27.777777777776723,Unknown,Unknown,0.0,2.338682451623638e-14,1.5740732334747814e-12
46.4546,InsertionSequence,Done,1,0.59689,0.59689,1.0,161.244,0.087,0.075,0.00075,0.0,0.0,0.056,0.0,-3.973,-28.886,66.79,-2.031,-102.096,16.988,paper_rcm_log_20260616_110935_960_8218.csv,28.65329512893952,Unknown,Unknown,0.0,1.0447837718484249e-13,1.534521650542889e-12
46.4899,InsertionSequence,Done,1,0.59689,0.59689,1.0,161.244,0.087,0.075,0.00075,0.0,0.0,0.056,0.0,-3.973,-28.886,66.79,-2.031,-102.096,16.988,paper_rcm_log_20260616_110935_960_8218.csv,28.328611898017446,Unknown,Unknown,0.0,1.0382194088409205e-13,1.5368308378313328e-12
46.5249,InsertionSequence,Done,1,0.59689,0.59689,1.0,161.244,0.087,0.075,0.00075,0.0,0.0,0.056,0.0,-3.973,-28.886,66.79,-2.031,-102.096,16.988,paper_rcm_log_20260616_110935_960_8218.csv,28.571428571425557,Unknown,Unknown,0.0,2.338682451623638e-14,3.6234934077411873e-13
46.5603,InsertionSequence,Done,1,0.59689,0.59689,1.0,161.244,0.087,0.075,0.00075,0.0,0.0,0.056,0.0,-3.973,-28.886,66.79,-2.031,-102.096,16.988,paper_rcm_log_20260616_110935_960_8218.csv,28.248587570624935,Unknown,Unknown,0.0,1.069852598608179e-13,1.4929108530314197e-12
46.5949,InsertionSequence,Done,1,0.59689,0.59689,1.0,161.244,0.087,0.075,0.00075,0.0,0.0,0.056,0.0,-3.973,-28.886,66.79,-2.031,-102.096,16.988,paper_rcm_log_20260616_110935_960_8218.csv,28.90173410404238,Unknown,Unknown,0.0,1.0447837718484249e-13,1.3701438943443203e-12
46.6318,InsertionSequence,Done,1,0.59689,0.59689,1.0,161.244,0.087,0.075,0.00075,0.0,0.0,0.056,0.0,-3.973,-28.886,66.79,-2.031,-102.096,16.988,paper_rcm_log_20260616_110935_960_8218.csv,27.100271002713175,Unknown,Unknown,0.0,2.3251509063100976e-14,1.8100240344777994e-12
46.667,InsertionSequence,Done,1,0.59689,0.59689,1.0,161.244,0.087,0.075,0.00075,0.0,0.0,0.056,0.0,-3.973,-28.886,66.79,-2.031,-102.096,16.988,paper_rcm_log_20260616_110935_960_8218.csv,28.409090909088302,Unknown,Unknown,0.0,4.7840865791509556e-14,7283.732021361413
46.7027,InsertionSequence,Done,1,0.59689,0.59689,1.0,161.244,0.087,0.075,0.00075,0.0,0.0,0.056,0.0,-3.973,-28.886,66.79,-2.031,-102.096,16.988,paper_rcm_log_20260616_110935_960_8218.csv,28.011204481793886,Unknown,Unknown,0.0,523.7520633871167,6422.829324716682
46.7395,EntryRCM_TipCone,Done,1,0.0,0.0,1.0,515.658,503.277,205.535,2.940645,0.0,0.0,55.648,0.0,-0.05,-19.991,28.104,0.079,-16.481,0.645,paper_rcm_log_20260616_110935_960_8218.csv,27.17391304347863,Unknown,Unknown,0.0,447.2757231562366,9770.801746316523
46.7717,EntryRCM_TipCone,Done,1,0.0,0.0,1.0,485.066,454.77,170.779,2.600884,0.0,0.0,50.773,0.0,-0.173,-23.736,32.671,0.266,-22.016,1.97,paper_rcm_log_20260616_110935_960_8218.csv,31.055900621115008,Unknown,Unknown,0.0,91.95750394863812,9608.521728210026
46.8176,EntryRCM_TipCone,Done,1,0.0,0.0,1.0,457.683,410.509,141.675,2.303559,0.0,0.0,46.023,0.0,-0.32,-27.092,37.391,0.451,-27.977,3.279,paper_rcm_log_20260616_110935_960_8218.csv,21.78649237472954,Unknown,Unknown,0.0,81.55285426075655,371.2349036952337
46.856,EntryRCM_TipCone,Done,1,0.0,0.0,1.0,432.894,370.093,117.587,2.043117,0.0,0.0,41.519,0.0,-0.482,-30.009,41.961,0.605,-34.001,4.519,paper_rcm_log_20260616_110935_960_8218.csv,26.041666666664717,Unknown,Unknown,0.0,63.321947874975436,219.16362254267145
46.9107,EntryRCM_TipCone,Done,1,0.0,0.0,1.0,421.388,351.288,107.394,1.925973,0.0,0.0,39.389,0.0,-0.566,-31.299,44.131,0.666,-36.953,5.102,paper_rcm_log_20260616_110935_960_8218.csv,18.281535648995565,Unknown,Unknown,0.0,72.596756173819,518.6481498544753
46.9419,EntryRCM_TipCone,Done,1,0.02404,0.0,1.0,399.987,316.311,90.38,1.715069,0.0,0.0,35.372,0.0,-0.737,-33.538,48.168,0.748,-42.675,6.194,paper_rcm_log_20260616_110935_960_8218.csv,32.051282051283756,Unknown,Unknown,0.0,94.57803255563164,292.18565543770063
46.9725,EntryRCM_TipCone,Done,1,0.06661,0.0,1.0,380.377,284.248,75.74,1.525502,0.0,0.0,31.557,0.0,-0.907,-35.276,51.719,0.759,-48.235,7.199,paper_rcm_log_20260616_110935_960_8218.csv,32.679738562091785,Unknown,Unknown,0.0,89.16260988471574,269.96764429911104
47.0166,EntryRCM_TipCone,Done,1,0.12462,0.0,1.0,354.343,241.891,56.924,1.278204,0.0,0.0,26.361,0.0,-1.154,-37.087,56.136,0.675,-55.981,8.541,paper_rcm_log_20260616_110935_960_8218.csv,22.67573696145112,Unknown,Unknown,0.0,78.11516263536386,392.08014642535414
47.0597,EntryRCM_TipCone,Done,1,0.17615,0.0,1.0,332.214,208.103,43.599,1.09673,0.0,0.0,22.257,0.0,-1.391,-38.073,59.565,0.497,-62.508,9.673,paper_rcm_log_20260616_110935_960_8218.csv,23.20185614849049,Unknown,Unknown,0.0,57.00223757461625,465.2209645515021
47.0904,EntryRCM_TipCone,Done,1,0.20898,0.0,1.0,319.193,193.655,42.934,1.039394,0.0,0.0,20.952,0.0,-1.552,-38.216,61.377,0.307,-65.462,10.294,paper_rcm_log_20260616_110935_960_8218.csv,32.57328990227688,Unknown,Unknown,0.0,44.218349548083914,332.22302348821233
47.1332,EntryRCM_TipCone,Done,1,0.2539,0.0,1.0,301.646,176.865,44.441,0.970706,0.0,0.0,19.838,0.0,-1.777,-38.312,63.772,0.041,-68.85,11.085,paper_rcm_log_20260616_110935_960_8218.csv,23.36448598130856,Unknown,Unknown,0.0,36.60756888690211,165.22055102350447
47.1782,EntryRCM_TipCone,Done,1,0.2944,0.0,1.0,285.86,162.851,45.864,0.912556,0.0,0.0,19.112,0.0,-1.982,-38.414,65.935,-0.187,-71.618,11.771,paper_rcm_log_20260616_110935_960_8218.csv,22.22222222222489,Unknown,Unknown,0.0,30.43496685476662,111.98745353841134
47.2219,EntryRCM_TipCone,Done,1,0.33014,0.0,1.0,271.988,151.506,47.097,0.865526,0.0,0.0,18.688,0.0,-2.168,-38.553,67.89,-0.372,-73.842,12.368,paper_rcm_log_20260616_110935_960_8218.csv,22.88329519450739,Unknown,Unknown,0.0,27.067225213946564,88.67464715463265
47.2654,EntryRCM_TipCone,Done,1,0.36265,0.0,1.0,259.283,141.371,47.59,0.825238,0.0,0.0,18.344,0.0,-2.343,-38.717,69.695,-0.534,-75.819,12.916,paper_rcm_log_20260616_110935_960_8218.csv,22.988505747125565,Unknown,Unknown,0.0,23.128233681635663,88.44582433487247
47.2957,EntryRCM_TipCone,Done,1,0.38191,0.0,1.0,251.818,136.094,48.086,0.803417,0.0,0.0,18.263,0.0,-2.451,-38.851,70.809,-0.62,-76.874,13.246,paper_rcm_log_20260616_110935_960_8218.csv,33.003300330036396,Unknown,Unknown,0.0,20.778301218410576,65.38706057903198
47.3408,EntryRCM_TipCone,Done,1,0.40877,0.0,1.0,241.357,128.997,48.486,0.774375,0.0,0.0,18.179,0.0,-2.608,-39.064,72.388,-0.739,-78.317,13.717,paper_rcm_log_20260616_110935_960_8218.csv,22.172949002214825,Unknown,Unknown,0.0,19.106939688547648,43.434183789089886
47.3858,EntryRCM_TipCone,Done,1,0.43293,0.0,1.0,231.891,122.772,48.404,0.750572,0.0,0.0,18.119,0.0,-2.756,-39.296,73.841,-0.839,-79.598,14.159,paper_rcm_log_20260616_110935_960_8218.csv,22.22222222222138,Unknown,Unknown,0.0,17.23497098418592,44.38956674662843
47.4295,EntryRCM_TipCone,Done,1,0.45412,0.0,1.0,223.665,118.439,48.704,0.731609,0.0,0.0,18.227,0.0,-2.897,-39.561,75.195,-0.917,-80.575,14.57,paper_rcm_log_20260616_110935_960_8218.csv,22.88329519451111,Unknown,Unknown,0.0,15.766892173606747,37.36079221683193
47.4733,EntryRCM_TipCone,Done,1,0.47359,0.0,1.0,216.051,114.527,48.612,0.715494,0.0,0.0,18.321,0.0,-3.033,-39.832,76.459,-0.987,-81.476,14.966,paper_rcm_log_20260616_110935_960_8218.csv,22.831050228308154,Unknown,Unknown,0.0,14.167651099817773,35.40757662973842
47.5045,EntryRCM_TipCone,Done,1,0.4856,0.0,1.0,211.308,112.103,48.343,0.706259,0.0,0.0,18.373,0.0,-3.121,-40.015,77.252,-1.029,-82.038,15.221,paper_rcm_log_20260616_110935_960_8218.csv,32.051282051283756,Unknown,Unknown,0.0,13.190384425880922,34.559631199209996
47.5486,EntryRCM_TipCone,Done,1,0.50167,0.0,1.0,204.997,109.423,48.084,0.695129,0.0,0.0,18.523,0.0,-3.248,-40.309,78.366,-1.078,-82.713,15.588,paper_rcm_log_20260616_110935_960_8218.csv,22.67573696145112,Unknown,Unknown,0.0,12.157027070396325,30.45004276506218
47.5938,EntryRCM_TipCone,Done,1,0.51598,0.0,1.0,199.428,107.723,48.036,0.686088,0.0,0.0,18.75,0.0,-3.372,-40.622,79.415,-1.114,-83.227,15.942,paper_rcm_log_20260616_110935_960_8218.csv,22.123893805309127,Unknown,Unknown,0.0,11.198891954509495,19.58540063989861
47.6381,EntryRCM_TipCone,Done,1,0.52908,0.0,1.0,194.287,106.227,47.791,0.678454,0.0,0.0,18.965,0.0,-3.492,-40.937,80.399,-1.146,-83.689,16.287,paper_rcm_log_20260616_110935_960_8218.csv,22.573363431151353,Unknown,Unknown,0.0,10.715014883302793,15.254002126359625
47.6816,EntryRCM_TipCone,Done,1,0.54102,0.0,1.0,189.556,104.907,47.384,0.672071,0.0,0.0,19.17,0.0,-3.609,-41.254,81.321,-1.174,-84.099,16.622,paper_rcm_log_20260616_110935_960_8218.csv,22.988505747125565,Unknown,Unknown,0.0,10.020639899925879,18.452551917111172
47.7262,EntryRCM_TipCone,Done,1,0.55187,0.0,1.0,185.221,103.747,46.852,0.666778,0.0,0.0,19.369,0.0,-3.723,-41.57,82.182,-1.197,-84.459,16.948,paper_rcm_log_20260616_110935_960_8218.csv,22.421524663679378,Unknown,Unknown,0.0,9.240124724157848,22.09473951965923
47.7708,EntryRCM_TipCone,Done,1,0.56165,0.0,1.0,181.286,102.782,46.257,0.662446,0.0,0.0,19.57,0.0,-3.835,-41.888,82.986,-1.215,-84.76,17.264,paper_rcm_log_20260616_110935_960_8218.csv,22.421524663675804,Unknown,Unknown,0.0,8.479044066619885,23.130769004920406
47.8011,EntryRCM_TipCone,Done,1,0.56737,0.0,1.0,179.025,102.587,46.051,0.660131,0.0,0.0,19.748,0.0,-3.907,-42.111,83.495,-1.219,-84.876,17.472,paper_rcm_log_20260616_110935_960_8218.csv,33.003300330036396,Unknown,Unknown,0.0,8.228482712783089,17.123308025825313
47.8444,EntryRCM_TipCone,Done,1,0.57529,0.0,1.0,175.889,102.483,45.773,0.65705,0.0,0.0,20.027,0.0,-4.015,-42.447,84.225,-1.222,-85.006,17.78,paper_rcm_log_20260616_110935_960_8218.csv,23.09468822170788,Unknown,Unknown,0.0,7.910865496422747,12.395152027968463
47.8897,EntryRCM_TipCone,Done,1,0.58254,0.0,1.0,173.0,102.424,45.43,0.654376,0.0,0.0,20.3,0.0,-4.121,-42.782,84.915,-1.222,-85.104,18.081,paper_rcm_log_20260616_110935_960_8218.csv,22.07505518763921,Unknown,Unknown,0.0,7.335850041813916,9.491033775036245
47.9201,EntryRCM_TipCone,Done,1,0.58702,0.0,1.0,171.201,102.404,45.172,0.652789,0.0,0.0,20.48,0.0,-4.19,-43.005,85.353,-1.221,-85.153,18.278,paper_rcm_log_20260616_110935_960_8218.csv,32.89473684210504,Unknown,Unknown,0.0,7.248815188555256,7.641972000767006
47.9633,EntryRCM_TipCone,Done,1,0.59324,0.0,1.0,168.687,102.4,44.749,0.650661,0.0,0.0,20.745,0.0,-4.293,-43.337,85.979,-1.217,-85.202,18.569,paper_rcm_log_20260616_110935_960_8218.csv,23.148148148148795,Unknown,Unknown,0.0,6.992342382526428,9.412656175704917
48.0089,EntryRCM_TipCone,Done,1,0.59891,0.0,1.0,166.379,102.423,44.293,0.648792,0.0,0.0,21.006,0.0,-4.394,-43.667,86.571,-1.211,-85.223,18.855,paper_rcm_log_20260616_110935_960_8218.csv,21.92982456140336,Unknown,Unknown,0.0,6.626060492919847,8.02860560547412
48.0528,EntryRCM_TipCone,Done,1,0.60408,0.0,1.0,164.262,102.467,43.812,0.647137,0.0,0.0,21.264,0.0,-4.494,-43.993,87.128,-1.202,-85.219,19.134,paper_rcm_log_20260616_110935_960_8218.csv,22.77904328018186,Unknown,Unknown,0.0,6.539040656561792,7.868073686094237
48.0959,EntryRCM_TipCone,Done,1,0.60875,0.0,1.0,162.323,102.529,43.315,0.645662,0.0,0.0,21.52,0.0,-4.591,-44.317,87.655,-1.191,-85.19,19.407,paper_rcm_log_20260616_110935_960_8218.csv,23.20185614849049,Unknown,Unknown,0.0,6.195586626860598,11.894203272850124
48.126,EntryRCM_TipCone,Done,1,0.61163,0.0,1.0,161.122,102.579,42.978,0.644761,0.0,0.0,21.689,0.0,-4.656,-44.531,87.99,-1.183,-85.158,19.587,paper_rcm_log_20260616_110935_960_8218.csv,33.22259136212917,Unknown,Unknown,0.0,5.830998795104794,8.646704958268765
48.1571,EntryRCM_TipCone,Done,1,0.61433,0.0,1.0,159.991,102.634,42.637,0.643918,0.0,0.0,21.856,0.0,-4.719,-44.743,88.312,-1.173,-85.117,19.764,paper_rcm_log_20260616_110935_960_8218.csv,32.15434083601066,Unknown,Unknown,0.0,5.799132842382564,5.26106645561077
48.1998,EntryRCM_TipCone,Done,1,0.61808,0.0,1.0,158.414,102.728,42.122,0.642745,0.0,0.0,22.106,0.0,-4.813,-45.057,88.772,-1.157,-85.04,20.025,paper_rcm_log_20260616_110935_960_8218.csv,23.41920374707067,Unknown,Unknown,0.0,5.784973415383593,6.016002663172761
48.2444,EntryRCM_TipCone,Done,1,0.62143,0.0,1.0,156.972,102.831,41.606,0.641665,0.0,0.0,22.353,0.0,-4.905,-45.368,89.208,-1.139,-84.944,20.28,paper_rcm_log_20260616_110935_960_8218.csv,22.421524663679378,Unknown,Unknown,0.0,5.505745383924506,7.427142528101008
48.2885,EntryRCM_TipCone,Done,1,0.6245,0.0,1.0,155.653,102.941,41.092,0.640662,0.0,0.0,22.598,0.0,-4.996,-45.674,89.619,-1.119,-84.832,20.53,paper_rcm_log_20260616_110935_960_8218.csv,22.67573696145112,Unknown,Unknown,0.0,5.289685753469059,5.659650507498532
48.3187,EntryRCM_TipCone,Done,1,0.62639,0.0,1.0,154.837,103.019,40.751,0.640029,0.0,0.0,22.76,0.0,-5.056,-45.875,89.881,-1.104,-84.749,20.695,paper_rcm_log_20260616_110935_960_8218.csv,33.11258278145622,Unknown,Unknown,0.0,5.221335329509623,4.866631815020487
48.3621,EntryRCM_TipCone,Done,1,0.62898,0.0,1.0,153.7,103.14,40.245,0.639125,0.0,0.0,23.001,0.0,-5.144,-46.174,90.256,-1.081,-84.613,20.936,paper_rcm_log_20260616_110935_960_8218.csv,23.041474654378767,Unknown,Unknown,0.0,5.126376894407983,5.672614209387466
48.407,EntryRCM_TipCone,Done,1,0.63135,0.0,1.0,152.657,103.265,39.745,0.638268,0.0,0.0,23.24,0.0,-5.231,-46.467,90.612,-1.056,-84.465,21.173,paper_rcm_log_20260616_110935_960_8218.csv,22.2717149220498,Unknown,Unknown,0.0,4.851267850065133,4.833765331922602
48.4375,EntryRCM_TipCone,Done,1,0.63281,0.0,1.0,152.011,103.35,39.416,0.637719,0.0,0.0,23.398,0.0,-5.288,-46.66,90.838,-1.038,-84.361,21.329,paper_rcm_log_20260616_110935_960_8218.csv,32.78688524589785,Unknown,Unknown,0.0,4.821462116606081,3.7227823451192608
48.4812,EntryRCM_TipCone,Done,1,0.63481,0.0,1.0,151.109,103.481,38.93,0.636925,0.0,0.0,23.633,0.0,-5.373,-46.945,91.163,-1.01,-84.196,21.558,paper_rcm_log_20260616_110935_960_8218.csv,22.88329519450739,Unknown,Unknown,0.0,4.730657018747933,4.1952098159089894
48.5272,EntryRCM_TipCone,Done,1,0.63669,0.0,1.0,150.265,103.652,38.481,0.636163,0.0,0.0,23.868,0.0,-5.457,-47.225,91.474,-0.982,-84.022,21.783,paper_rcm_log_20260616_110935_960_8218.csv,21.739130434782904,Unknown,Unknown,0.0,4.518779339658844,1.5773258007619464
48.5578,EntryRCM_TipCone,Done,1,0.63793,0.0,1.0,149.712,103.775,38.195,0.635672,0.0,0.0,24.024,0.0,-5.512,-47.408,91.676,-0.962,-83.906,21.932,paper_rcm_log_20260616_110935_960_8218.csv,32.679738562091785,Unknown,Unknown,0.0,4.569313820257956,0.8942712537011589
48.6009,EntryRCM_TipCone,Done,1,0.63978,0.0,1.0,148.891,103.956,37.773,0.634961,0.0,0.0,24.252,0.0,-5.594,-47.676,91.971,-0.934,-83.734,22.151,paper_rcm_log_20260616_110935_960_8218.csv,23.20185614849049,Unknown,Unknown,0.0,4.423311786039278,5.654685450321543
48.632,EntryRCM_TipCone,Done,1,0.64098,0.0,1.0,148.351,104.074,37.496,0.634504,0.0,0.0,24.402,0.0,-5.649,-47.852,92.162,-0.916,-83.621,22.295,paper_rcm_log_20260616_110935_960_8218.csv,32.15434083601801,Unknown,Unknown,0.0,4.199994740227551,3.8230975752969605
48.6631,EntryRCM_TipCone,Done,1,0.64219,0.0,1.0,147.816,104.19,37.223,0.634059,0.0,0.0,24.549,0.0,-5.703,-48.024,92.348,-0.897,-83.509,22.438,paper_rcm_log_20260616_110935_960_8218.csv,32.15434083601066,Unknown,Unknown,0.0,4.191204879372434,6.782714763405636
48.7081,EntryRCM_TipCone,Done,1,0.64397,0.0,1.0,147.023,104.36,36.819,0.633415,0.0,0.0,24.765,0.0,-5.784,-48.278,92.621,-0.87,-83.343,22.648,paper_rcm_log_20260616_110935_960_8218.csv,22.22222222222138,Unknown,Unknown,0.0,3.4647349302051076,14.857606016549743
48.7548,EntryRCM_TipCone,Done,1,0.64515,0.0,1.0,146.502,104.471,36.554,0.633001,0.0,0.0,24.907,0.0,-5.837,-48.444,92.798,-0.853,-83.234,22.786,paper_rcm_log_20260616_110935_960_8218.csv,21.41327623126279,Unknown,Unknown,0.0,2.8338599837676077,14.11880277945367
48.7958,EntryRCM_TipCone,Done,1,0.64631,0.0,1.0,145.985,104.58,36.293,0.632599,0.0,0.0,25.046,0.0,-5.89,-48.607,92.97,-0.835,-83.126,22.923,paper_rcm_log_20260616_110935_960_8218.csv,24.39024390244092,Unknown,Unknown,0.0,2.2334296536982023,2.3116501885970693
48.836,EntryRCM_TipCone,Done,1,0.64688,0.0,1.0,145.729,104.634,36.163,0.632403,0.0,0.0,25.115,0.0,-5.916,-48.687,93.055,-0.826,-83.072,22.99,paper_rcm_log_20260616_110935_960_8218.csv,24.87562189054808,Unknown,Unknown,0.0,2.627167611766759,18.541315174723472
48.8695,EntryRCM_TipCone,Done,1,0.64803,0.0,1.0,145.222,104.74,35.906,0.632018,0.0,0.0,25.251,0.0,-5.968,-48.846,93.223,-0.809,-82.966,23.124,paper_rcm_log_20260616_110935_960_8218.csv,29.850746268653474,Unknown,Unknown,0.0,3.492321987773796,12.997415960386839
48.9039,EntryRCM_TipCone,Done,1,0.64917,0.0,1.0,144.72,104.845,35.653,0.631645,0.0,0.0,25.385,0.0,-6.02,-49.002,93.386,-0.792,-82.86,23.257,paper_rcm_log_20260616_110935_960_8218.csv,29.069767441862165,Unknown,Unknown,0.0,3.485608801306604,2.839963016424475
48.9364,EntryRCM_TipCone,Done,1,0.6503,0.0,1.0,144.223,104.947,35.403,0.631282,0.0,0.0,25.517,0.0,-6.071,-49.156,93.546,-0.774,-82.756,23.387,paper_rcm_log_20260616_110935_960_8218.csv,30.769230769231847,Unknown,Unknown,0.0,3.6685924288328233,10752.982100752859
48.9666,EntryRCM_TipCone,Done,1,0.65139,0.0,1.0,143.733,105.048,35.156,0.630931,0.0,0.0,25.647,0.0,-6.122,-49.308,93.703,-0.758,-82.652,23.516,paper_rcm_log_20260616_110935_960_8218.csv,33.11258278145622,Unknown,Unknown,0.0,624.6184948352183,11091.050177010959
48.9998,TargetRCM_EntryCone,Done,1,0.206,1.0,1.0,461.531,344.187,147.063,0.961446,0.0,0.0,27.039,20.039,0.568,-14.749,9.032,0.042,-31.0,5.268,paper_rcm_log_20260616_110935_960_8218.csv,30.12048192771013,Unknown,Task2_TargetRCM_EntryCone,0.0,641.7489408385674,10756.849421529298
49.0305,TargetRCM_EntryCone,Done,1,0.21203,1.0,1.0,475.237,315.39,10.293,0.069616,75.582,0.0,7.815,0.815,0.771,-13.836,0.573,0.308,-44.86,6.486,paper_rcm_log_20260616_110935_960_8218.csv,32.57328990227688,Unknown,Task2_TargetRCM_EntryCone,75.582,129.21451454832805,11752.413302853673
49.071,TargetRCM_EntryCone,Done,1,0.20623,1.0,1.0,478.205,317.645,0.454,0.017394,27.286,0.0,6.471,0.0,0.797,-13.752,-0.038,0.537,-46.023,6.823,paper_rcm_log_20260616_110935_960_8218.csv,24.691358024694754,Unknown,Task2_TargetRCM_EntryCone,27.286,6.5542905835664085,1414.2196370780473
49.1016,TargetRCM_EntryCone,Done,1,0.20608,1.0,1.0,478.302,317.705,0.355,0.017344,27.293,0.0,6.344,0.0,0.789,-13.749,-0.058,0.576,-46.063,6.915,paper_rcm_log_20260616_110935_960_8218.csv,32.679738562091785,Unknown,Task2_TargetRCM_EntryCone,27.293,1.280889772796967,111.59750936081396
49.1411,TargetRCM_EntryCone,Done,1,0.20615,1.0,1.0,478.295,317.675,0.378,0.01755,27.316,0.0,6.245,0.0,0.773,-13.748,-0.06,0.606,-46.069,7.015,paper_rcm_log_20260616_110935_960_8218.csv,25.316455696200055,Unknown,Task2_TargetRCM_EntryCone,27.316,1.084351193459202,5.302063212738832
49.1801,TargetRCM_EntryCone,Done,1,0.20624,1.0,1.0,478.278,317.64,0.384,0.017758,27.34,0.0,6.152,0.0,0.756,-13.748,-0.06,0.632,-46.07,7.113,paper_rcm_log_20260616_110935_960_8218.csv,25.64102564102467,Unknown,Task2_TargetRCM_EntryCone,27.34,1.0349287990599143,0.5946784431819937
49.2114,TargetRCM_EntryCone,Done,1,0.2063,1.0,1.0,478.266,317.615,0.388,0.017949,27.357,0.0,6.082,0.0,0.743,-13.748,-0.061,0.652,-46.071,7.186,paper_rcm_log_20260616_110935_960_8218.csv,31.948881789142938,Unknown,Task2_TargetRCM_EntryCone,27.357,1.041642968430622,0.7140466978591865
49.2506,TargetRCM_EntryCone,Done,1,0.20638,1.0,1.0,478.251,317.582,0.392,0.018159,27.379,0.0,5.99,0.0,0.727,-13.749,-0.062,0.679,-46.071,7.286,paper_rcm_log_20260616_110935_960_8218.csv,25.510204081631993,Unknown,Task2_TargetRCM_EntryCone,27.379,1.089069328532591,0.2802113610579991
49.2902,TargetRCM_EntryCone,Done,1,0.20646,1.0,1.0,478.238,317.55,0.396,0.018373,27.399,0.0,5.897,0.0,0.709,-13.749,-0.063,0.707,-46.07,7.386,paper_rcm_log_20260616_110935_960_8218.csv,25.252525252525203,Unknown,Task2_TargetRCM_EntryCone,27.399,1.049453940821196,0.44516834175594133
49.3221,TargetRCM_EntryCone,Done,1,0.20652,1.0,1.0,478.228,317.527,0.399,0.018569,27.413,0.0,5.827,0.0,0.696,-13.749,-0.064,0.727,-46.069,7.462,paper_rcm_log_20260616_110935_960_8218.csv,31.347962382444884,Unknown,Task2_TargetRCM_EntryCone,27.413,1.0508189944866932,0.7998210171463664
49.3523,TargetRCM_EntryCone,Done,1,0.20658,1.0,1.0,478.218,317.505,0.402,0.018731,27.427,0.0,5.757,0.0,0.683,-13.749,-0.065,0.748,-46.068,7.538,paper_rcm_log_20260616_110935_960_8218.csv,33.11258278145622,Unknown,Task2_TargetRCM_EntryCone,27.427,1.0951071347553196,0.8885225827478141
49.392,TargetRCM_EntryCone,Done,1,0.20665,1.0,1.0,478.206,317.475,0.406,0.018935,27.445,0.0,5.664,0.0,0.666,-13.75,-0.066,0.777,-46.066,7.641,paper_rcm_log_20260616_110935_960_8218.csv,25.18891687657215,Unknown,Task2_TargetRCM_EntryCone,27.445,1.098931784824105,0.23180879040840047
49.4228,TargetRCM_EntryCone,Done,1,0.20671,1.0,1.0,478.197,317.453,0.409,0.019098,27.458,0.0,5.594,0.0,0.652,-13.75,-0.068,0.798,-46.065,7.719,paper_rcm_log_20260616_110935_960_8218.csv,32.46753246753323,Unknown,Task2_TargetRCM_EntryCone,27.458,1.106972879459602,0.5388167332374383
49.4529,TargetRCM_EntryCone,Done,1,0.20676,1.0,1.0,478.188,317.432,0.412,0.019245,27.471,0.0,5.524,0.0,0.639,-13.751,-0.069,0.82,-46.063,7.798,paper_rcm_log_20260616_110935_960_8218.csv,33.22259136212917,Unknown,Task2_TargetRCM_EntryCone,27.471,1.1281667566578377,0.2528676609838262
49.4928,TargetRCM_EntryCone,Done,1,0.20683,1.0,1.0,478.175,317.403,0.415,0.019429,27.488,0.0,5.431,0.0,0.621,-13.751,-0.071,0.849,-46.06,7.903,paper_rcm_log_20260616_110935_960_8218.csv,25.062656641602167,Unknown,Task2_TargetRCM_EntryCone,27.488,1.111969463247697,0.3312920711097022
49.5241,TargetRCM_EntryCone,Done,1,0.20689,1.0,1.0,478.165,317.381,0.418,0.019584,27.501,0.0,5.361,0.0,0.607,-13.752,-0.072,0.871,-46.059,7.983,paper_rcm_log_20260616_110935_960_8218.csv,31.948881789142938,Unknown,Task2_TargetRCM_EntryCone,27.501,1.13851952742647,0.9982540012051074
49.563,TargetRCM_EntryCone,Done,1,0.20696,1.0,1.0,478.152,317.351,0.421,0.019733,27.519,0.0,5.268,0.0,0.589,-13.753,-0.074,0.9,-46.056,8.091,paper_rcm_log_20260616_110935_960_8218.csv,25.70694087403251,Unknown,Task2_TargetRCM_EntryCone,27.519,1.1839452898055363,0.13706103483617837
49.6024,TargetRCM_EntryCone,Done,1,0.20704,1.0,1.0,478.137,317.321,0.424,0.01988,27.538,0.0,5.176,0.0,0.57,-13.753,-0.077,0.93,-46.054,8.199,paper_rcm_log_20260616_110935_960_8218.csv,25.380710659898124,Unknown,Task2_TargetRCM_EntryCone,27.538,1.139723560005455,0.5551957501754401
49.6342,TargetRCM_EntryCone,Done,1,0.2071,1.0,1.0,478.125,317.297,0.426,0.02002,27.553,0.0,5.107,0.0,0.556,-13.754,-0.078,0.953,-46.052,8.281,paper_rcm_log_20260616_110935_960_8218.csv,31.44654088050617,Unknown,Task2_TargetRCM_EntryCone,27.553,1.1381779586984127,0.6909045937453066
49.6743,TargetRCM_EntryCone,Done,1,0.20718,1.0,1.0,478.108,317.265,0.429,0.020159,27.573,0.0,5.015,0.0,0.538,-13.754,-0.08,0.983,-46.049,8.391,paper_rcm_log_20260616_110935_960_8218.csv,24.937655860347594,Unknown,Task2_TargetRCM_EntryCone,27.573,1.2016809887944553,0.6607410338154703
49.7131,TargetRCM_EntryCone,Done,1,0.20726,1.0,1.0,478.089,317.232,0.431,0.020263,27.595,0.0,4.924,0.0,0.519,-13.755,-0.083,1.013,-46.047,8.502,paper_rcm_log_20260616_110935_960_8218.csv,25.77319587629209,Unknown,Task2_TargetRCM_EntryCone,27.595,1.189876640397927,0.26134389302882827
49.7442,TargetRCM_EntryCone,Done,1,0.20732,1.0,1.0,478.074,317.206,0.433,0.020368,27.612,0.0,4.856,0.0,0.504,-13.756,-0.084,1.036,-46.046,8.586,paper_rcm_log_20260616_110935_960_8218.csv,32.15434083601066,Unknown,Task2_TargetRCM_EntryCone,27.612,1.189657277615929,0.2121972093359953
49.7834,TargetRCM_EntryCone,Done,1,0.20742,1.0,1.0,478.051,317.169,0.434,0.020459,27.637,0.0,4.766,0.0,0.485,-13.756,-0.087,1.067,-46.045,8.698,paper_rcm_log_20260616_110935_960_8218.csv,25.510204081631993,Unknown,Task2_TargetRCM_EntryCone,27.637,1.1996364122533358,0.27428896085864857
49.8247,TargetRCM_EntryCone,Done,1,0.20751,1.0,1.0,478.026,317.131,0.436,0.020572,27.663,0.0,4.677,0.0,0.466,-13.757,-0.089,1.097,-46.044,8.811,paper_rcm_log_20260616_110935_960_8218.csv,24.21307506053288,Unknown,Task2_TargetRCM_EntryCone,27.663,1.2088698400190987,0.6043759628718277
49.864,TargetRCM_EntryCone,Done,1,0.20761,1.0,1.0,477.999,317.091,0.438,0.02064,27.692,0.0,4.589,0.0,0.446,-13.757,-0.091,1.128,-46.044,8.925,paper_rcm_log_20260616_110935_960_8218.csv,25.445292620866937,Unknown,Task2_TargetRCM_EntryCone,27.692,1.2449679872926385,0.22391469222742008
49.9033,TargetRCM_EntryCone,Done,1,0.20772,1.0,1.0,477.968,317.048,0.439,0.020697,27.723,0.0,4.503,0.0,0.426,-13.757,-0.094,1.159,-46.044,9.039,paper_rcm_log_20260616_110935_960_8218.csv,25.445292620862336,Unknown,Task2_TargetRCM_EntryCone,27.723,1.1984842292183642,4.930512105640914
49.9349,TargetRCM_EntryCone,Done,1,0.2078,1.0,1.0,477.944,317.014,0.439,0.020765,27.749,0.0,4.439,0.0,0.412,-13.758,-0.095,1.181,-46.045,9.125,paper_rcm_log_20260616_110935_960_8218.csv,31.64556962025576,Unknown,Task2_TargetRCM_EntryCone,27.749,0.9477758460590555,3.4237084368659647
49.9699,TargetRCM_EntryCone,Done,1,0.20786,1.0,1.0,477.927,316.99,0.442,0.021018,27.766,0.0,4.396,0.0,0.402,-13.758,-0.096,1.197,-46.045,9.183,paper_rcm_log_20260616_110935_960_8218.csv,28.571428571425557,Unknown,Task2_TargetRCM_EntryCone,27.766,1.0033048723174922,4.792487184169408
50.0,TargetRCM_EntryCone,Done,1,0.20795,1.0,1.0,477.899,316.954,0.445,0.021045,27.794,0.0,4.332,0.0,0.387,-13.758,-0.098,1.221,-46.047,9.271,paper_rcm_log_20260616_110935_960_8218.csv,33.22259136212917,Unknown,Task2_TargetRCM_EntryCone,27.794,1.2299861629862603,4.049947776137191
50.0418,TargetRCM_EntryCone,Done,1,0.20809,1.0,1.0,477.858,316.901,0.445,0.021097,27.835,0.0,4.249,0.0,0.367,-13.758,-0.1,1.251,-46.05,9.388,paper_rcm_log_20260616_110935_960_8218.csv,23.923444976075377,Unknown,Task2_TargetRCM_EntryCone,27.835,1.195794437062137,0.7405189419822313
50.0733,TargetRCM_EntryCone,Done,1,0.20819,1.0,1.0,477.825,316.86,0.446,0.021132,27.868,0.0,4.187,0.0,0.352,-13.757,-0.101,1.274,-46.053,9.476,paper_rcm_log_20260616_110935_960_8218.csv,31.746031746030543,Unknown,Task2_TargetRCM_EntryCone,27.868,1.1757597826460866,0.6268667201296672
50.1063,TargetRCM_EntryCone,Done,1,0.2083,1.0,1.0,477.789,316.816,0.447,0.02118,27.904,0.0,4.127,0.0,0.336,-13.757,-0.103,1.297,-46.056,9.565,paper_rcm_log_20260616_110935_960_8218.csv,30.30303030303568,Unknown,Task2_TargetRCM_EntryCone,27.904,1.1577441794896353,0.8056254212462517
50.1391,TargetRCM_EntryCone,Done,1,0.20841,1.0,1.0,477.751,316.77,0.447,0.02122,27.941,0.0,4.068,0.0,0.321,-13.757,-0.104,1.32,-46.06,9.654,paper_rcm_log_20260616_110935_960_8218.csv,30.487804878047186,Unknown,Task2_TargetRCM_EntryCone,27.941,1.1268497457258995,0.8080409839507754
50.174,TargetRCM_EntryCone,Done,1,0.20853,1.0,1.0,477.711,316.722,0.448,0.021283,27.981,0.0,4.009,0.0,0.306,-13.756,-0.105,1.343,-46.065,9.743,paper_rcm_log_20260616_110935_960_8218.csv,28.65329512893952,Unknown,Task2_TargetRCM_EntryCone,27.981,1.1115108735448684,0.9449156190115512
50.2076,TargetRCM_EntryCone,Done,1,0.20866,1.0,1.0,477.667,316.671,0.448,0.021319,28.023,0.0,3.952,0.0,0.291,-13.756,-0.106,1.365,-46.071,9.832,paper_rcm_log_20260616_110935_960_8218.csv,29.761904761904894,Unknown,Task2_TargetRCM_EntryCone,28.023,1.183784388140835,1.9818349319271624
50.2385,TargetRCM_EntryCone,Done,1,0.20879,1.0,1.0,477.621,316.618,0.448,0.021313,28.068,0.0,3.896,0.0,0.275,-13.755,-0.107,1.387,-46.077,9.921,paper_rcm_log_20260616_110935_960_8218.csv,32.36245954692285,Unknown,Task2_TargetRCM_EntryCone,28.068,1.2394582595190844,1.299569210220408
50.2694,TargetRCM_EntryCone,Done,1,0.20893,1.0,1.0,477.572,316.563,0.448,0.021305,28.115,0.0,3.842,0.0,0.26,-13.754,-0.108,1.41,-46.084,10.011,paper_rcm_log_20260616_110935_960_8218.csv,32.362459546930296,Unknown,Task2_TargetRCM_EntryCone,28.115,1.262208136957848,0.4862547896403023
50.3088,TargetRCM_EntryCone,Done,1,0.20913,1.0,1.0,477.503,316.485,0.447,0.021262,28.182,0.0,3.772,0.0,0.239,-13.753,-0.109,1.439,-46.094,10.129,paper_rcm_log_20260616_110935_960_8218.csv,25.380710659898124,Unknown,Task2_TargetRCM_EntryCone,28.182,1.2589147864423136,0.7285855457751501
50.3394,TargetRCM_EntryCone,Done,1,0.20928,1.0,1.0,477.448,316.424,0.446,0.021241,28.235,0.0,3.722,0.0,0.224,-13.752,-0.11,1.46,-46.102,10.218,paper_rcm_log_20260616_110935_960_8218.csv,32.679738562091785,Unknown,Task2_TargetRCM_EntryCone,28.235,1.2303538505515446,0.5563395515391173
50.3706,TargetRCM_EntryCone,Done,1,0.20944,1.0,1.0,477.39,316.36,0.445,0.021226,28.291,0.0,3.673,0.0,0.209,-13.751,-0.11,1.481,-46.112,10.307,paper_rcm_log_20260616_110935_960_8218.csv,32.05128205127646,Unknown,Task2_TargetRCM_EntryCone,28.291,1.243061539464539,0.49624259281381783
50.4103,TargetRCM_EntryCone,Done,1,0.20966,1.0,1.0,477.309,316.272,0.444,0.021176,28.369,0.0,3.61,0.0,0.188,-13.749,-0.111,1.509,-46.125,10.425,paper_rcm_log_20260616_110935_960_8218.csv,25.18891687657666,Unknown,Task2_TargetRCM_EntryCone,28.369,1.246911482201004,0.7627643341669522
50.441,TargetRCM_EntryCone,Done,1,0.20983,1.0,1.0,477.244,316.202,0.443,0.02115,28.431,0.0,3.565,0.0,0.173,-13.748,-0.111,1.529,-46.137,10.513,paper_rcm_log_20260616_110935_960_8218.csv,32.57328990227688,Unknown,Task2_TargetRCM_EntryCone,28.431,1.2117286972823589,0.469630549812744
50.4725,TargetRCM_EntryCone,Done,1,0.21001,1.0,1.0,477.177,316.13,0.442,0.021131,28.496,0.0,3.522,0.0,0.158,-13.746,-0.111,1.549,-46.149,10.601,paper_rcm_log_20260616_110935_960_8218.csv,31.746031746037705,Unknown,Task2_TargetRCM_EntryCone,28.496,1.2327313816046364,0.907647042574846
50.5114,TargetRCM_EntryCone,Done,1,0.21027,1.0,1.0,477.082,316.029,0.44,0.021067,28.586,0.0,3.467,0.0,0.138,-13.743,-0.111,1.575,-46.166,10.717,paper_rcm_log_20260616_110935_960_8218.csv,25.70694087403251,Unknown,Task2_TargetRCM_EntryCone,28.586,1.2745540916199558,2.0484772783683254
50.5506,TargetRCM_EntryCone,Done,1,0.21053,1.0,1.0,476.983,315.924,0.438,0.021007,28.682,0.0,3.415,0.0,0.118,-13.741,-0.11,1.601,-46.185,10.833,paper_rcm_log_20260616_110935_960_8218.csv,25.510204081631993,Unknown,Task2_TargetRCM_EntryCone,28.682,1.0745644023345873,2.7935147623004535
50.5944,TargetRCM_EntryCone,Done,1,0.21073,1.0,1.0,476.905,315.842,0.438,0.021139,28.757,0.0,3.378,0.0,0.103,-13.739,-0.11,1.62,-46.201,10.92,paper_rcm_log_20260616_110935_960_8218.csv,22.83105022831186,Unknown,Task2_TargetRCM_EntryCone,28.757,1.068588368243527,3.0435593109534453
50.6248,TargetRCM_EntryCone,Done,1,0.21095,1.0,1.0,476.823,315.756,0.438,0.021104,28.836,0.0,3.343,0.0,0.088,-13.736,-0.109,1.638,-46.217,11.006,paper_rcm_log_20260616_110935_960_8218.csv,32.89473684210504,Unknown,Task2_TargetRCM_EntryCone,28.836,1.226265642088886,2.4789539063604966
50.6645,TargetRCM_EntryCone,Done,1,0.21125,1.0,1.0,476.708,315.637,0.436,0.02105,28.946,0.0,3.299,0.0,0.068,-13.733,-0.108,1.661,-46.241,11.12,paper_rcm_log_20260616_110935_960_8218.csv,25.18891687657666,Unknown,Task2_TargetRCM_EntryCone,28.946,1.1798850960622616,2.128652645851502
50.697,TargetRCM_EntryCone,Done,1,0.21148,1.0,1.0,476.618,315.544,0.435,0.021043,29.033,0.0,3.268,0.0,0.054,-13.73,-0.106,1.679,-46.26,11.205,paper_rcm_log_20260616_110935_960_8218.csv,30.769230769225118,Unknown,Task2_TargetRCM_EntryCone,29.033,1.0887952525858529,4.355339685849271
50.7319,TargetRCM_EntryCone,Done,1,0.21172,1.0,1.0,476.526,315.448,0.434,0.021067,29.122,0.0,3.239,0.0,0.039,-13.727,-0.105,1.695,-46.28,11.289,paper_rcm_log_20260616_110935_960_8218.csv,28.65329512893952,Unknown,Task2_TargetRCM_EntryCone,29.122,0.8804200735784824,3.712363246195813
50.7935,TargetRCM_EntryCone,Done,1,0.21197,1.0,1.0,476.43,315.349,0.436,0.021406,29.216,0.0,3.21,0.0,0.024,-13.724,-0.104,1.711,-46.302,11.373,paper_rcm_log_20260616_110935_960_8218.csv,16.233766233766616,Unknown,Task2_TargetRCM_EntryCone,29.216,0.9029336048299864,3.8472825328697193
50.8277,TargetRCM_EntryCone,Done,1,0.21223,1.0,1.0,476.327,315.244,0.437,0.021418,29.316,0.0,3.183,0.0,0.01,-13.72,-0.102,1.727,-46.326,11.457,paper_rcm_log_20260616_110935_960_8218.csv,29.239766081872666,Unknown,Task2_TargetRCM_EntryCone,29.316,1.0996343499090218,3.270897807054995
50.86,TargetRCM_EntryCone,Done,1,0.2125,1.0,1.0,476.221,315.135,0.436,0.021412,29.419,0.0,3.158,0.0,-0.004,-13.717,-0.1,1.742,-46.35,11.54,paper_rcm_log_20260616_110935_960_8218.csv,30.959752321982066,Unknown,Task2_TargetRCM_EntryCone,29.419,1.128332403928245,0.538423040018485
50.8918,TargetRCM_EntryCone,Done,1,0.21278,1.0,1.0,476.112,315.023,0.435,0.021404,29.525,0.0,3.135,0.0,-0.019,-13.713,-0.097,1.756,-46.375,11.622,paper_rcm_log_20260616_110935_960_8218.csv,31.446540880499143,Unknown,Task2_TargetRCM_EntryCone,29.525,1.1067554687643997,0.7214241321621807
50.9249,TargetRCM_EntryCone,Done,1,0.21307,1.0,1.0,475.998,314.908,0.434,0.021415,29.634,0.0,3.114,0.0,-0.033,-13.709,-0.094,1.77,-46.401,11.703,paper_rcm_log_20260616_110935_960_8218.csv,30.21148036254008,Unknown,Task2_TargetRCM_EntryCone,29.634,1.1056546036593693,0.7630348119513888
50.9563,TargetRCM_EntryCone,Done,1,0.21336,1.0,1.0,475.882,314.789,0.433,0.021411,29.747,0.0,3.094,0.0,-0.047,-13.705,-0.092,1.783,-46.429,11.783,paper_rcm_log_20260616_110935_960_8218.csv,31.847133757963938,Unknown,Task2_TargetRCM_EntryCone,29.747,1.127526337293687,0.7382292843480811
50.9872,TargetRCM_EntryCone,Done,1,0.21367,1.0,1.0,475.763,314.668,0.431,0.021407,29.863,0.0,3.076,0.0,-0.061,-13.701,-0.088,1.795,-46.457,11.861,paper_rcm_log_20260616_110935_960_8218.csv,32.36245954692285,Unknown,Task2_TargetRCM_EntryCone,29.863,1.0888526072480407,1.0628187019912574
51.0204,TargetRCM_EntryCone,Done,1,0.21398,1.0,1.0,475.64,314.544,0.43,0.021433,29.982,0.0,3.059,0.0,-0.074,-13.696,-0.085,1.806,-46.487,11.939,paper_rcm_log_20260616_110935_960_8218.csv,30.12048192771013,Unknown,Task2_TargetRCM_EntryCone,29.982,1.07372018472837,0.5455516078647579
51.052,TargetRCM_EntryCone,Done,1,0.21429,1.0,1.0,475.514,314.416,0.429,0.021445,30.105,0.0,3.043,0.0,-0.088,-13.691,-0.081,1.817,-46.517,12.016,paper_rcm_log_20260616_110935_960_8218.csv,31.64556962025576,Unknown,Task2_TargetRCM_EntryCone,30.105,1.0887682146683444,0.6840076953956962
51.0838,TargetRCM_EntryCone,Done,1,0.21462,1.0,1.0,475.385,314.286,0.428,0.021466,30.231,0.0,3.029,0.0,-0.101,-13.686,-0.077,1.827,-46.549,12.092,paper_rcm_log_20260616_110935_960_8218.csv,31.44654088050617,Unknown,Task2_TargetRCM_EntryCone,30.231,1.0734323290483634,1.2238528811090126
51.1156,TargetRCM_EntryCone,Done,1,0.21495,1.0,1.0,475.253,314.153,0.426,0.021493,30.359,0.0,3.015,0.0,-0.114,-13.681,-0.073,1.837,-46.582,12.166,paper_rcm_log_20260616_110935_960_8218.csv,31.446540880499143,Unknown,Task2_TargetRCM_EntryCone,30.359,1.0249834296028268,1.240818839309882
51.1498,TargetRCM_EntryCone,Done,1,0.2153,1.0,1.0,475.118,314.016,0.426,0.021551,30.492,0.0,3.003,0.0,-0.127,-13.676,-0.069,1.846,-46.616,12.239,paper_rcm_log_20260616_110935_960_8218.csv,29.239766081872666,Unknown,Task2_TargetRCM_EntryCone,30.492,1.0050197089912771,0.7074369432754845
51.1823,TargetRCM_EntryCone,Done,1,0.21564,1.0,1.0,474.979,313.877,0.425,0.021595,30.627,0.0,2.991,0.0,-0.139,-13.67,-0.064,1.854,-46.651,12.311,paper_rcm_log_20260616_110935_960_8218.csv,30.769230769231847,Unknown,Task2_TargetRCM_EntryCone,30.627,1.0292455186657963,1.7206973254693234
51.2141,TargetRCM_EntryCone,Done,1,0.216,1.0,1.0,474.838,313.734,0.424,0.021638,30.766,0.0,2.981,0.0,-0.152,-13.665,-0.059,1.861,-46.687,12.381,paper_rcm_log_20260616_110935_960_8218.csv,31.446540880499143,Unknown,Task2_TargetRCM_EntryCone,30.766,0.9055655638635242,4.906270211177107
51.2593,TargetRCM_EntryCone,Done,1,0.21636,1.0,1.0,474.694,313.589,0.424,0.021832,30.908,0.0,2.971,0.0,-0.164,-13.659,-0.054,1.868,-46.725,12.45,paper_rcm_log_20260616_110935_960_8218.csv,22.123893805309127,Unknown,Task2_TargetRCM_EntryCone,30.908,0.6216824156631902,4.602865841339305
51.3312,TargetRCM_EntryCone,Done,1,0.21674,1.0,1.0,474.546,313.44,0.428,0.022311,31.056,0.0,2.959,0.0,-0.176,-13.653,-0.049,1.873,-46.765,12.518,paper_rcm_log_20260616_110935_960_8218.csv,13.908205841446568,Unknown,Task2_TargetRCM_EntryCone,31.056,0.48798257749336266,2.9677580284267266
51.3743,TargetRCM_EntryCone,Done,1,0.21699,1.0,1.0,474.444,313.336,0.432,0.022577,31.161,0.0,2.95,0.0,-0.183,-13.648,-0.046,1.876,-46.794,12.562,paper_rcm_log_20260616_110935_960_8218.csv,23.201856148494315,Unknown,Task2_TargetRCM_EntryCone,31.161,0.7373984366885485,6.094070558312489
51.4091,TargetRCM_EntryCone,Done,1,0.21739,1.0,1.0,474.284,313.176,0.433,0.022665,31.319,0.0,2.939,0.0,-0.195,-13.641,-0.039,1.879,-46.837,12.626,paper_rcm_log_20260616_110935_960_8218.csv,28.73563218390461,Unknown,Task2_TargetRCM_EntryCone,31.319,0.9572438855124096,3.294849341868881
51.4414,TargetRCM_EntryCone,Done,1,0.2178,1.0,1.0,474.122,313.013,0.432,0.022733,31.48,0.0,2.929,0.0,-0.206,-13.634,-0.033,1.882,-46.881,12.689,paper_rcm_log_20260616_110935_960_8218.csv,30.959752321982066,Unknown,Task2_TargetRCM_EntryCone,31.48,0.9707575744288731,0.7143113853125689
51.4745,TargetRCM_EntryCone,Done,1,0.21822,1.0,1.0,473.957,312.847,0.432,0.022814,31.644,0.0,2.919,0.0,-0.217,-13.627,-0.026,1.883,-46.926,12.75,paper_rcm_log_20260616_110935_960_8218.csv,30.21148036254008,Unknown,Task2_TargetRCM_EntryCone,31.644,0.9577513057615586,0.7612834288113546
51.5069,TargetRCM_EntryCone,Done,1,0.21864,1.0,1.0,473.789,312.678,0.431,0.022892,31.81,0.0,2.909,0.0,-0.227,-13.62,-0.018,1.884,-46.971,12.81,paper_rcm_log_20260616_110935_960_8218.csv,30.864197530861674,Unknown,Task2_TargetRCM_EntryCone,31.81,0.9463797857435086,1.0396359839370335
51.5403,TargetRCM_EntryCone,Done,1,0.21907,1.0,1.0,473.619,312.507,0.431,0.022984,31.979,0.0,2.898,0.0,-0.237,-13.612,-0.011,1.885,-47.018,12.868,paper_rcm_log_20260616_110935_960_8218.csv,29.94011976047876,Unknown,Task2_TargetRCM_EntryCone,31.979,0.9143006580177722,1.084972184081198
51.5745,TargetRCM_EntryCone,Done,1,0.2195,1.0,1.0,473.447,312.333,0.431,0.023087,32.151,0.0,2.888,0.0,-0.247,-13.604,-0.003,1.884,-47.066,12.924,paper_rcm_log_20260616_110935_960_8218.csv,29.239766081872666,Unknown,Task2_TargetRCM_EntryCone,32.151,0.9018819585279154,0.8337079756705136
51.6078,TargetRCM_EntryCone,Done,1,0.21994,1.0,1.0,473.272,312.157,0.431,0.023186,32.326,0.0,2.877,0.0,-0.257,-13.596,0.005,1.883,-47.114,12.978,paper_rcm_log_20260616_110935_960_8218.csv,30.030030030032737,Unknown,Task2_TargetRCM_EntryCone,32.326,0.8944054341680051,0.9130134563197604
51.6418,TargetRCM_EntryCone,Done,1,0.22039,1.0,1.0,473.095,311.979,0.43,0.023295,32.502,0.0,2.866,0.0,-0.266,-13.588,0.013,1.88,-47.164,13.03,paper_rcm_log_20260616_110935_960_8218.csv,29.41176470587714,Unknown,Task2_TargetRCM_EntryCone,32.502,0.8795780640818669,0.8022046413459267
51.6762,TargetRCM_EntryCone,Done,1,0.22084,1.0,1.0,472.915,311.799,0.431,0.02341,32.682,0.0,2.855,0.0,-0.275,-13.58,0.022,1.877,-47.215,13.081,paper_rcm_log_20260616_110935_960_8218.csv,29.069767441862165,Unknown,Task2_TargetRCM_EntryCone,32.682,0.898828390652526,1.3087301496676744
51.708,TargetRCM_EntryCone,Done,1,0.22129,1.0,1.0,472.734,311.616,0.431,0.023502,6.823,0.0,2.843,0.0,-0.284,-13.572,0.031,1.873,-47.266,13.129,paper_rcm_log_20260616_110935_960_8218.csv,31.44654088050617,Unknown,Task2_TargetRCM_EntryCone,6.823,0.9480513367985107,1.2556873923533933
51.7381,TargetRCM_EntryCone,Done,1,0.22175,1.0,1.0,472.551,311.432,0.431,0.023579,7.009,0.0,2.83,0.0,-0.292,-13.563,0.04,1.869,-47.318,13.176,paper_rcm_log_20260616_110935_960_8218.csv,33.22259136212133,Unknown,Task2_TargetRCM_EntryCone,7.009,0.9592227553497497,0.9801379883108904
51.769,TargetRCM_EntryCone,Done,1,0.22222,1.0,1.0,472.366,311.246,0.43,0.023667,7.197,0.0,2.817,0.0,-0.301,-13.554,0.049,1.863,-47.371,13.221,paper_rcm_log_20260616_110935_960_8218.csv,32.362459546930296,Unknown,Task2_TargetRCM_EntryCone,7.197,0.946853006523367,0.9756397250698305
51.7995,TargetRCM_EntryCone,Done,1,0.22269,1.0,1.0,472.179,311.058,0.43,0.023752,7.387,0.0,2.804,0.0,-0.308,-13.545,0.059,1.857,-47.425,13.264,paper_rcm_log_20260616_110935_960_8218.csv,32.78688524589785,Unknown,Task2_TargetRCM_EntryCone,7.387,0.9515511756882923,1.1372163186679658
51.8394,TargetRCM_EntryCone,Done,1,0.22332,1.0,1.0,471.928,310.805,0.43,0.023861,7.643,0.0,2.785,0.0,-0.318,-13.533,0.072,1.848,-47.497,13.319,paper_rcm_log_20260616_110935_960_8218.csv,25.06265664160663,Unknown,Task2_TargetRCM_EntryCone,7.643,0.8642338480712453,5.802718658638187
51.8757,TargetRCM_EntryCone,Done,1,0.2238,1.0,1.0,471.739,310.614,0.431,0.024,7.838,0.0,2.769,0.0,-0.325,-13.524,0.082,1.84,-47.552,13.358,paper_rcm_log_20260616_110935_960_8218.csv,27.548209366387983,Unknown,Task2_TargetRCM_EntryCone,7.838,0.5365804823988392,7.6529346824904545
51.928,TargetRCM_EntryCone,Done,1,0.22396,1.0,1.0,471.675,310.55,0.434,0.02441,7.905,0.0,2.762,0.0,-0.327,-13.521,0.085,1.837,-47.572,13.369,paper_rcm_log_20260616_110935_960_8218.csv,19.120458891015083,Unknown,Task2_TargetRCM_EntryCone,7.905,0.24413210163649876,2.073373378406153
51.9622,TargetRCM_EntryCone,Done,1,0.22412,1.0,1.0,471.612,310.485,0.437,0.02465,7.973,0.0,2.754,0.0,-0.329,-13.518,0.089,1.833,-47.592,13.38,paper_rcm_log_20260616_110935_960_8218.csv,29.23976608186659,Unknown,Task2_TargetRCM_EntryCone,7.973,0.4821444693373483,6.736079820241487
52.0021,TargetRCM_EntryCone,Done,1,0.22461,1.0,1.0,471.415,310.287,0.44,0.024808,8.177,0.0,2.732,0.0,-0.335,-13.508,0.099,1.822,-47.651,13.412,paper_rcm_log_20260616_110935_960_8218.csv,25.06265664160663,Unknown,Task2_TargetRCM_EntryCone,8.177,0.7403710280816612,2.812578240606897
52.0395,TargetRCM_EntryCone,Done,1,0.22512,1.0,1.0,471.217,310.086,0.441,0.024942,8.382,0.0,2.71,0.0,-0.341,-13.498,0.111,1.81,-47.711,13.442,paper_rcm_log_20260616_110935_960_8218.csv,26.73796791443986,Unknown,Task2_TargetRCM_EntryCone,8.382,0.7153711646624094,3.362887693945454
52.0824,TargetRCM_EntryCone,Done,1,0.22562,1.0,1.0,471.017,309.884,0.442,0.025117,8.59,0.0,2.686,0.0,-0.346,-13.488,0.122,1.798,-47.771,13.47,paper_rcm_log_20260616_110935_960_8218.csv,23.310023310021656,Unknown,Task2_TargetRCM_EntryCone,8.59,0.44141771732028395,5.762925859956784
52.1278,TargetRCM_EntryCone,Done,1,0.22579,1.0,1.0,470.951,309.817,0.445,0.025426,8.661,0.0,2.676,0.0,-0.347,-13.484,0.126,1.793,-47.792,13.478,paper_rcm_log_20260616_110935_960_8218.csv,22.0264317180613,Unknown,Task2_TargetRCM_EntryCone,8.661,0.21185991253220268,3.560434007307509
52.2669,TargetRCM_EntryCone,Done,1,0.2263,1.0,1.0,470.749,309.612,0.454,0.026312,8.877,0.0,2.643,0.0,-0.352,-13.474,0.138,1.776,-47.856,13.497,paper_rcm_log_20260616_110935_960_8218.csv,7.189072609633403,Unknown,Task2_TargetRCM_EntryCone,8.877,0.3849521015108252,2.3417343757023708
52.3122,TargetRCM_EntryCone,Done,1,0.22665,1.0,1.0,470.611,309.471,0.46,0.026514,9.026,0.0,2.617,0.0,-0.354,-13.466,0.146,1.762,-47.901,13.505,paper_rcm_log_20260616_110935_960_8218.csv,22.07505518763921,Unknown,Task2_TargetRCM_EntryCone,9.026,0.5057719065980062,0.6373567719191581
52.3472,TargetRCM_EntryCone,Done,1,0.22701,1.0,1.0,470.472,309.33,0.462,0.026633,9.173,0.0,2.592,0.0,-0.355,-13.459,0.155,1.75,-47.945,13.512,paper_rcm_log_20260616_110935_960_8218.csv,28.571428571425557,Unknown,Task2_TargetRCM_EntryCone,9.173,0.4699843087500244,1.756487711820853
52.4079,TargetRCM_EntryCone,Done,1,0.22736,1.0,1.0,470.332,309.188,0.465,0.026915,9.322,0.0,2.565,0.0,-0.357,-13.451,0.164,1.736,-47.989,13.518,paper_rcm_log_20260616_110935_960_8218.csv,16.474464579901944,Unknown,Task2_TargetRCM_EntryCone,9.322,0.28875758831513076,2.0297664511844413
52.492,TargetRCM_EntryCone,Done,1,0.22772,1.0,1.0,470.192,309.045,0.47,0.027315,9.473,0.0,2.535,0.0,-0.357,-13.444,0.173,1.721,-48.035,13.519,paper_rcm_log_20260616_110935_960_8218.csv,11.890606420927552,Unknown,Task2_TargetRCM_EntryCone,9.473,0.2373487062804453,0.6709640180751189
52.5354,TargetRCM_EntryCone,Done,1,0.2279,1.0,1.0,470.122,308.973,0.474,0.027506,9.55,0.0,2.518,0.0,-0.358,-13.44,0.177,1.713,-48.058,13.518,paper_rcm_log_20260616_110935_960_8218.csv,23.041474654374994,Unknown,Task2_TargetRCM_EntryCone,9.55,0.2097286821385011,2.36008062579021
52.5953,TargetRCM_EntryCone,Done,1,0.22808,1.0,1.0,470.051,308.901,0.477,0.027775,9.628,0.0,2.5,0.0,-0.358,-13.436,0.182,1.704,-48.081,13.516,paper_rcm_log_20260616_110935_960_8218.csv,16.694490818030342,Unknown,Task2_TargetRCM_EntryCone,9.628,0.596151284563513,7.158213276846451
52.6321,TargetRCM_EntryCone,Done,1,0.22862,1.0,1.0,469.839,308.685,0.479,0.027762,9.855,0.0,2.449,0.0,-0.357,-13.424,0.197,1.679,-48.151,13.509,paper_rcm_log_20260616_110935_960_8218.csv,27.17391304347863,Unknown,Task2_TargetRCM_EntryCone,9.855,0.8752733085499715,1.8170392243637676
52.6666,TargetRCM_EntryCone,Done,1,0.22915,1.0,1.0,469.628,308.47,0.479,0.027727,10.079,0.0,2.398,0.0,-0.356,-13.412,0.212,1.656,-48.22,13.502,paper_rcm_log_20260616_110935_960_8218.csv,28.985507246375715,Unknown,Task2_TargetRCM_EntryCone,10.079,0.7504642159401801,1.6581074409776564
52.7006,TargetRCM_EntryCone,Done,1,0.22951,1.0,1.0,469.488,308.328,0.479,0.02775,10.229,0.0,2.364,0.0,-0.355,-13.404,0.222,1.64,-48.266,13.496,paper_rcm_log_20260616_110935_960_8218.csv,29.411764705883286,Unknown,Task2_TargetRCM_EntryCone,10.229,0.7657028053354478,0.7169271838451245
52.7345,TargetRCM_EntryCone,Done,1,0.23004,1.0,1.0,469.279,308.115,0.479,0.027691,10.451,0.0,2.311,0.0,-0.353,-13.392,0.238,1.616,-48.335,13.485,paper_rcm_log_20260616_110935_960_8218.csv,29.49852507375014,Unknown,Task2_TargetRCM_EntryCone,10.451,0.7710634585609824,0.639196085347856
52.7684,TargetRCM_EntryCone,Done,1,0.23039,1.0,1.0,469.141,307.974,0.478,0.027693,10.599,0.0,2.275,0.0,-0.351,-13.384,0.248,1.599,-48.381,13.476,paper_rcm_log_20260616_110935_960_8218.csv,29.49852507374396,Unknown,Task2_TargetRCM_EntryCone,10.599,0.7680789106397561,2.4184223417949027
52.8028,TargetRCM_EntryCone,Done,1,0.23092,1.0,1.0,468.934,307.763,0.478,0.027615,10.82,0.0,2.22,0.0,-0.349,-13.372,0.263,1.574,-48.45,13.461,paper_rcm_log_20260616_110935_960_8218.csv,29.069767441862165,Unknown,Task2_TargetRCM_EntryCone,10.82,0.9337283294488293,1.9503475294709756
52.8358,TargetRCM_EntryCone,Done,1,0.23144,1.0,1.0,468.729,307.554,0.477,0.027519,11.039,0.0,2.164,0.0,-0.346,-13.36,0.278,1.549,-48.518,13.445,paper_rcm_log_20260616_110935_960_8218.csv,30.303030303029153,Unknown,Task2_TargetRCM_EntryCone,11.039,0.9028908697177863,1.0020497443186756
52.873,TargetRCM_EntryCone,Done,1,0.23196,1.0,1.0,468.525,307.346,0.475,0.027428,11.257,0.0,2.108,0.0,-0.343,-13.348,0.294,1.524,-48.586,13.426,paper_rcm_log_20260616_110935_960_8218.csv,26.88172043010856,Unknown,Task2_TargetRCM_EntryCone,11.257,0.8856007291627008,0.5825023383064847
52.9075,TargetRCM_EntryCone,Done,1,0.23248,1.0,1.0,468.323,307.141,0.474,0.027315,11.473,0.0,2.05,0.0,-0.339,-13.337,0.309,1.499,-48.654,13.406,paper_rcm_log_20260616_110935_960_8218.csv,28.985507246375715,Unknown,Task2_TargetRCM_EntryCone,11.473,0.9138239555496613,0.6524264904943258
52.9423,TargetRCM_EntryCone,Done,1,0.23299,1.0,1.0,468.123,306.937,0.472,0.027192,11.687,0.0,1.992,0.0,-0.335,-13.325,0.325,1.473,-48.721,13.385,paper_rcm_log_20260616_110935_960_8218.csv,28.73563218390461,Unknown,Task2_TargetRCM_EntryCone,11.687,0.9108476500659076,0.7273941627473017
52.9772,TargetRCM_EntryCone,Done,1,0.23349,1.0,1.0,467.924,306.734,0.471,0.027057,11.899,0.0,1.934,0.0,-0.331,-13.313,0.34,1.448,-48.788,13.361,paper_rcm_log_20260616_110935_960_8218.csv,28.65329512893952,Unknown,Task2_TargetRCM_EntryCone,11.899,0.9390008281735094,1.0495444440426762
53.0099,TargetRCM_EntryCone,Done,1,0.23399,1.0,1.0,467.728,306.534,0.469,0.026904,12.11,0.0,1.874,0.0,-0.327,-13.302,0.355,1.422,-48.854,13.337,paper_rcm_log_20260616_110935_960_8218.csv,30.58103975535318,Unknown,Task2_TargetRCM_EntryCone,12.11,0.9725700698519576,0.6340392724053497
53.0425,TargetRCM_EntryCone,Done,1,0.23449,1.0,1.0,467.533,306.336,0.467,0.026742,12.318,0.0,1.815,0.0,-0.322,-13.29,0.371,1.396,-48.92,13.311,paper_rcm_log_20260616_110935_960_8218.csv,30.674846625771504,Unknown,Task2_TargetRCM_EntryCone,12.318,0.9502611107314524,0.895752671161159
53.0771,TargetRCM_EntryCone,Done,1,0.23498,1.0,1.0,467.34,306.14,0.464,0.026572,12.524,0.0,1.755,0.0,-0.317,-13.279,0.386,1.37,-48.985,13.283,paper_rcm_log_20260616_110935_960_8218.csv,28.90173410404238,Unknown,Task2_TargetRCM_EntryCone,12.524,0.9337416064280193,0.7084036921347742
53.1108,TargetRCM_EntryCone,Done,1,0.23546,1.0,1.0,467.15,305.946,0.462,0.026389,12.729,0.0,1.694,0.0,-0.312,-13.267,0.401,1.344,-49.05,13.254,paper_rcm_log_20260616_110935_960_8218.csv,29.673590504454502,Unknown,Task2_TargetRCM_EntryCone,12.729,0.9210729235583055,2.866130405948656
53.1466,TargetRCM_EntryCone,Done,1,0.23594,1.0,1.0,466.961,305.755,0.46,0.026198,12.93,0.0,1.634,0.0,-0.306,-13.256,0.416,1.318,-49.114,13.223,paper_rcm_log_20260616_110935_960_8218.csv,27.93296089385332,Unknown,Task2_TargetRCM_EntryCone,12.93,0.7276780890104055,6.727678232346785
53.1856,TargetRCM_EntryCone,Done,1,0.23626,1.0,1.0,466.837,305.628,0.459,0.026082,13.064,0.0,1.593,0.0,-0.302,-13.248,0.426,1.3,-49.156,13.201,paper_rcm_log_20260616_110935_960_8218.csv,25.64102564102467,Unknown,Task2_TargetRCM_EntryCone,13.064,0.4107098681783801,2.846396421304071
53.2243,TargetRCM_EntryCone,Done,1,0.23641,1.0,1.0,466.775,305.566,0.459,0.026039,13.131,0.0,1.572,0.0,-0.3,-13.245,0.432,1.291,-49.176,13.189,paper_rcm_log_20260616_110935_960_8218.csv,25.839793281654664,Unknown,Task2_TargetRCM_EntryCone,13.131,0.5077226989542738,3.836739536419706
53.2669,TargetRCM_EntryCone,Done,1,0.23688,1.0,1.0,466.593,305.381,0.457,0.025812,13.326,0.0,1.509,0.0,-0.294,-13.234,0.447,1.263,-49.238,13.152,paper_rcm_log_20260616_110935_960_8218.csv,23.47417840375576,Unknown,Task2_TargetRCM_EntryCone,13.326,0.7321157463591073,3.2933320358699585
53.2977,TargetRCM_EntryCone,Done,1,0.23718,1.0,1.0,466.474,305.259,0.455,0.025653,13.454,0.0,1.468,0.0,-0.289,-13.227,0.457,1.245,-49.279,13.126,paper_rcm_log_20260616_110935_960_8218.csv,32.46753246753323,Unknown,Task2_TargetRCM_EntryCone,13.454,0.7888245972357665,2.354844318758577
53.3345,TargetRCM_EntryCone,Done,1,0.23762,1.0,1.0,466.298,305.081,0.452,0.025397,13.643,0.0,1.406,0.0,-0.282,-13.216,0.472,1.218,-49.34,13.087,paper_rcm_log_20260616_110935_960_8218.csv,27.17391304347863,Unknown,Task2_TargetRCM_EntryCone,13.643,0.8957573338892986,0.9568463820303068
53.3704,TargetRCM_EntryCone,Done,1,0.23806,1.0,1.0,466.125,304.905,0.449,0.025128,13.829,0.0,1.345,0.0,-0.275,-13.205,0.487,1.192,-49.4,13.046,paper_rcm_log_20260616_110935_960_8218.csv,27.855153203344134,Unknown,Task2_TargetRCM_EntryCone,13.829,0.7322681544962184,5.342448127909191
53.4104,TargetRCM_EntryCone,Done,1,0.23835,1.0,1.0,466.011,304.79,0.447,0.024939,13.952,0.0,1.305,0.0,-0.27,-13.198,0.496,1.174,-49.439,13.018,paper_rcm_log_20260616_110935_960_8218.csv,24.999999999996092,Unknown,Task2_TargetRCM_EntryCone,13.952,0.484640138899852,5.634618841385517
53.7437,TargetRCM_EntryCone,Done,1,0.2385,1.0,1.0,465.95,304.729,0.446,0.024516,14.012,0.0,1.285,0.0,-0.267,-13.195,0.503,1.159,-49.451,12.993,paper_rcm_log_20260616_110935_960_8218.csv,3.000300030003053,Unknown,Task2_TargetRCM_EntryCone,14.012,0.19435667605169554,1.733334760533662
53.8006,TargetRCM_EntryCone,Done,1,0.23864,1.0,1.0,465.897,304.675,0.449,0.024298,14.068,0.0,1.265,0.0,-0.264,-13.193,0.509,1.147,-49.466,12.97,paper_rcm_log_20260616_110935_960_8218.csv,17.574692442880412,Unknown,Task2_TargetRCM_EntryCone,14.068,0.31704873993902816,5.7883143539146955
53.8335,TargetRCM_EntryCone,Done,1,0.23876,1.0,1.0,465.848,304.625,0.452,0.024114,14.12,0.0,1.245,0.0,-0.26,-13.19,0.514,1.135,-49.481,12.948,paper_rcm_log_20260616_110935_960_8218.csv,30.39513677811741,Unknown,Task2_TargetRCM_EntryCone,14.12,0.5756011103016576,7.491078108465239
53.8761,TargetRCM_EntryCone,Done,1,0.2391,1.0,1.0,465.715,304.49,0.451,0.023664,14.265,0.0,1.187,0.0,-0.249,-13.181,0.529,1.106,-49.529,12.884,paper_rcm_log_20260616_110935_960_8218.csv,23.47417840375576,Unknown,Task2_TargetRCM_EntryCone,14.265,0.8714842066234751,1.4872539191339087
53.915,TargetRCM_EntryCone,Done,1,0.23942,1.0,1.0,465.589,304.363,0.446,0.023213,14.402,0.0,1.133,0.0,-0.238,-13.172,0.542,1.079,-49.577,12.821,paper_rcm_log_20260616_110935_960_8218.csv,25.70694087403721,Unknown,Task2_TargetRCM_EntryCone,14.402,0.7314188643921201,2.5013002102358133
53.9572,TargetRCM_EntryCone,Done,1,0.23962,1.0,1.0,465.508,304.28,0.442,0.022864,14.491,0.0,1.1,0.0,-0.23,-13.167,0.55,1.061,-49.608,12.779,paper_rcm_log_20260616_110935_960_8218.csv,23.696682464454344,Unknown,Task2_TargetRCM_EntryCone,14.491,0.6772949038659737,2.0725460768795223
53.9996,TargetRCM_EntryCone,Done,1,0.23992,1.0,1.0,465.391,304.162,0.436,0.022387,14.619,0.0,1.055,0.0,-0.219,-13.158,0.563,1.035,-49.653,12.716,paper_rcm_log_20260616_110935_960_8218.csv,23.584905660376993,Unknown,Task2_TargetRCM_EntryCone,14.619,0.9056186751745672,1.8868875167683645
54.0339,TargetRCM_EntryCone,Done,1,0.2402,1.0,1.0,465.279,304.049,0.43,0.021928,14.741,0.0,1.016,0.0,-0.207,-13.15,0.575,1.009,-49.696,12.653,paper_rcm_log_20260616_110935_960_8218.csv,29.15451895043581,Unknown,Task2_TargetRCM_EntryCone,14.741,0.8720352811544275,3.012785213412606
54.0806,TargetRCM_EntryCone,Done,1,0.24048,1.0,1.0,465.17,303.94,0.423,0.021425,14.86,0.0,0.982,0.0,-0.196,-13.143,0.587,0.984,-49.739,12.59,paper_rcm_log_20260616_110935_960_8218.csv,21.413276231266046,Unknown,Task2_TargetRCM_EntryCone,14.86,0.6034414234233622,5.598009889283305
54.1246,TargetRCM_EntryCone,Done,1,0.24065,1.0,1.0,465.101,303.87,0.419,0.021042,14.935,0.0,0.965,0.0,-0.188,-13.138,0.595,0.968,-49.765,12.548,paper_rcm_log_20260616_110935_960_8218.csv,22.72727272727064,Unknown,Task2_TargetRCM_EntryCone,14.935,0.3644437225101241,4.401884417090501
54.1784,TargetRCM_EntryCone,Done,1,0.24074,1.0,1.0,465.066,303.835,0.416,0.020736,14.97,0.0,0.959,0.0,-0.184,-13.136,0.599,0.96,-49.777,12.526,paper_rcm_log_20260616_110935_960_8218.csv,18.58736059479467,Unknown,Task2_TargetRCM_EntryCone,14.97,0.19695852205842132,1.8166891130753604
54.2362,TargetRCM_EntryCone,Done,1,0.24082,1.0,1.0,465.033,303.802,0.413,0.020408,15.004,0.0,0.954,0.0,-0.18,-13.134,0.604,0.952,-49.788,12.504,paper_rcm_log_20260616_110935_960_8218.csv,17.301038062285777,Unknown,Task2_TargetRCM_EntryCone,15.004,0.17436000079818342,0.18968933321855977
54.3028,TargetRCM_EntryCone,Done,1,0.2409,1.0,1.0,465.002,303.771,0.41,0.020042,15.035,0.0,0.952,0.0,-0.176,-13.132,0.608,0.944,-49.797,12.482,paper_rcm_log_20260616_110935_960_8218.csv,15.015015015014766,Unknown,Task2_TargetRCM_EntryCone,15.035,0.22347906680526322,1.395599034958263
54.3443,TargetRCM_EntryCone,Done,1,0.24097,1.0,1.0,464.973,303.742,0.408,0.019764,15.064,0.0,0.949,0.0,-0.173,-13.13,0.612,0.936,-49.807,12.459,paper_rcm_log_20260616_110935_960_8218.csv,24.096385542169138,Unknown,Task2_TargetRCM_EntryCone,15.064,0.29826734166449104,0.3397626739357218
54.3767,TargetRCM_EntryCone,Done,1,0.24103,1.0,1.0,464.946,303.716,0.406,0.01952,15.091,0.0,0.948,0.0,-0.169,-13.128,0.616,0.928,-49.816,12.437,paper_rcm_log_20260616_110935_960_8218.csv,30.864197530861674,Unknown,Task2_TargetRCM_EntryCone,15.091,0.2703286270795994,0.2391527892717245
54.4776,TargetRCM_EntryCone,Done,1,0.2411,1.0,1.0,464.92,303.69,0.402,0.019007,15.115,0.0,0.949,0.0,-0.165,-13.126,0.62,0.921,-49.823,12.415,paper_rcm_log_20260616_110935_960_8218.csv,9.910802775024495,Unknown,Task2_TargetRCM_EntryCone,15.115,0.6084052575332578,4.683421895310734
54.5156,TargetRCM_EntryCone,Done,1,0.24125,1.0,1.0,464.858,303.628,0.396,0.018508,15.181,0.0,0.95,0.0,-0.153,-13.122,0.629,0.901,-49.849,12.35,paper_rcm_log_20260616_110935_960_8218.csv,26.315789473686493,Unknown,Task2_TargetRCM_EntryCone,15.181,0.805354694548458,0.9704142050069484
54.5525,TargetRCM_EntryCone,Done,1,0.24139,1.0,1.0,464.803,303.573,0.39,0.018022,15.242,0.0,0.956,0.0,-0.141,-13.117,0.638,0.881,-49.874,12.286,paper_rcm_log_20260616_110935_960_8218.csv,27.100271002707956,Unknown,Task2_TargetRCM_EntryCone,15.242,0.6895644592988752,2.25621496883637
54.5851,TargetRCM_EntryCone,Done,1,0.24147,1.0,1.0,464.769,303.54,0.385,0.017672,15.28,0.0,0.964,0.0,-0.134,-13.114,0.643,0.869,-49.89,12.245,paper_rcm_log_20260616_110935_960_8218.csv,30.674846625771504,Unknown,Task2_TargetRCM_EntryCone,15.28,0.6422829809645677,0.3088843572157519
54.6246,TargetRCM_EntryCone,Done,1,0.24159,1.0,1.0,464.722,303.494,0.378,0.017194,15.332,0.0,0.979,0.0,-0.122,-13.11,0.65,0.851,-49.913,12.184,paper_rcm_log_20260616_110935_960_8218.csv,25.316455696200055,Unknown,Task2_TargetRCM_EntryCone,15.332,0.6992397958197891,0.6192131813179657
54.6648,TargetRCM_EntryCone,Done,1,0.24169,1.0,1.0,464.68,303.452,0.371,0.016726,15.38,0.0,1.0,0.0,-0.111,-13.106,0.658,0.834,-49.934,12.124,paper_rcm_log_20260616_110935_960_8218.csv,24.87562189054808,Unknown,Task2_TargetRCM_EntryCone,15.38,0.6819874828311784,0.5186978652556656
54.7039,TargetRCM_EntryCone,Done,1,0.24179,1.0,1.0,464.641,303.414,0.364,0.016278,15.422,0.0,1.024,0.0,-0.101,-13.102,0.664,0.818,-49.953,12.065,paper_rcm_log_20260616_110935_960_8218.csv,25.575447570333992,Unknown,Task2_TargetRCM_EntryCone,15.422,0.7253127012768716,1.1439337382667407
54.7376,TargetRCM_EntryCone,Done,1,0.24187,1.0,1.0,464.607,303.381,0.358,0.015865,15.461,0.0,1.051,0.0,-0.09,-13.099,0.671,0.803,-49.971,12.008,paper_rcm_log_20260616_110935_960_8218.csv,29.673590504448246,Unknown,Task2_TargetRCM_EntryCone,15.461,0.7631485579680539,0.21967557707689062
54.7701,TargetRCM_EntryCone,Done,1,0.24194,1.0,1.0,464.577,303.352,0.352,0.015471,15.496,0.0,1.082,0.0,-0.08,-13.096,0.677,0.788,-49.988,11.953,paper_rcm_log_20260616_110935_960_8218.csv,30.769230769231847,Unknown,Task2_TargetRCM_EntryCone,15.496,0.7341300130708028,2.3353250635936567
54.8044,TargetRCM_EntryCone,Done,1,0.24201,1.0,1.0,464.549,303.326,0.346,0.01509,15.527,0.0,1.113,0.0,-0.07,-13.093,0.682,0.774,-50.004,11.899,paper_rcm_log_20260616_110935_960_8218.csv,29.15451895043581,Unknown,Task2_TargetRCM_EntryCone,15.527,0.6034777208812798,4.650433475283399
54.8547,TargetRCM_EntryCone,Done,1,0.24207,1.0,1.0,464.525,303.303,0.34,0.014681,15.553,0.0,1.147,0.0,-0.06,-13.091,0.688,0.762,-50.017,11.847,paper_rcm_log_20260616_110935_960_8218.csv,19.880715705765404,Unknown,Task2_TargetRCM_EntryCone,15.553,0.30931882809963956,3.005385014287829
54.8919,TargetRCM_EntryCone,Done,1,0.24208,1.0,1.0,464.518,303.297,0.338,0.014497,15.559,0.0,1.159,0.0,-0.057,-13.09,0.69,0.758,-50.021,11.83,paper_rcm_log_20260616_110935_960_8218.csv,26.88172043010856,Unknown,Task2_TargetRCM_EntryCone,15.559,0.27691947367722014,0.4911213761117767
54.9308,TargetRCM_EntryCone,Done,1,0.24211,1.0,1.0,464.507,303.287,0.334,0.014244,15.57,0.0,1.183,0.0,-0.051,-13.089,0.693,0.751,-50.027,11.798,paper_rcm_log_20260616_110935_960_8218.csv,25.70694087403721,Unknown,Task2_TargetRCM_EntryCone,15.57,0.3458578641390442,0.7455162784193505
54.9723,TargetRCM_EntryCone,Done,1,0.24212,1.0,1.0,464.499,303.28,0.331,0.014004,15.577,0.0,1.206,0.0,-0.045,-13.088,0.696,0.744,-50.033,11.766,paper_rcm_log_20260616_110935_960_8218.csv,24.096385542169138,Unknown,Task2_TargetRCM_EntryCone,15.577,0.3305277603408003,0.2920255497991353
55.0117,TargetRCM_EntryCone,Done,1,0.24214,1.0,1.0,464.494,303.275,0.327,0.013789,15.582,0.0,1.229,0.0,-0.04,-13.087,0.699,0.738,-50.038,11.736,paper_rcm_log_20260616_110935_960_8218.csv,25.380710659898124,Unknown,Task2_TargetRCM_EntryCone,15.582,0.36164583762409147,0.8611811384958648
55.0447,TargetRCM_EntryCone,Done,1,0.24214,1.0,1.0,464.491,303.273,0.324,0.013605,15.585,0.0,1.252,0.0,-0.034,-13.086,0.702,0.732,-50.042,11.706,paper_rcm_log_20260616_110935_960_8218.csv,30.303030303029153,Unknown,Task2_TargetRCM_EntryCone,15.585,0.3889310148559718,0.35182590344679654
55.0766,TargetRCM_EntryCone,Done,1,0.24214,1.0,1.0,464.49,303.273,0.322,0.01344,15.586,0.0,1.274,0.0,-0.029,-13.085,0.704,0.726,-50.045,11.677,paper_rcm_log_20260616_110935_960_8218.csv,31.347962382444884,Unknown,Task2_TargetRCM_EntryCone,15.586,0.37701868246930004,0.267206854467138
55.1079,TargetRCM_EntryCone,Done,1,0.24214,1.0,1.0,464.491,303.275,0.319,0.013293,15.585,0.0,1.296,0.0,-0.024,-13.085,0.706,0.721,-50.048,11.65,paper_rcm_log_20260616_110935_960_8218.csv,31.948881789135687,Unknown,Task2_TargetRCM_EntryCone,15.585,0.39069490261751516,0.550641498696327
55.148,TargetRCM_EntryCone,Done,1,0.24212,1.0,1.0,464.496,303.282,0.316,0.013107,15.58,0.0,1.328,0.0,-0.017,-13.084,0.708,0.714,-50.051,11.61,paper_rcm_log_20260616_110935_960_8218.csv,24.937655860347594,Unknown,Task2_TargetRCM_EntryCone,15.58,0.41237488076952394,1.067055361394984
55.1867,TargetRCM_EntryCone,Done,1,0.24209,1.0,1.0,464.505,303.292,0.313,0.012952,15.571,0.0,1.359,0.0,-0.01,-13.084,0.711,0.708,-50.053,11.573,paper_rcm_log_20260616_110935_960_8218.csv,25.839793281654664,Unknown,Task2_TargetRCM_EntryCone,15.571,0.3139225842048479,1.8237547305493562
55.2344,TargetRCM_EntryCone,Done,1,0.24207,1.0,1.0,464.512,303.3,0.311,0.012876,15.562,0.0,1.378,0.0,-0.005,-13.084,0.712,0.705,-50.053,11.55,paper_rcm_log_20260616_110935_960_8218.csv,20.964360587002552,Unknown,Task2_TargetRCM_EntryCone,15.562,0.2730825880682258,0.5197076324673601
55.2758,TargetRCM_EntryCone,Done,1,0.24203,1.0,1.0,464.528,303.317,0.309,0.012788,15.545,0.0,1.406,0.0,0.001,-13.084,0.714,0.701,-50.052,11.517,paper_rcm_log_20260616_110935_960_8218.csv,24.15458937198308,Unknown,Task2_TargetRCM_EntryCone,15.545,0.33274520316210193,0.7099372063532003
55.3147,TargetRCM_EntryCone,Done,1,0.24198,1.0,1.0,464.546,303.337,0.307,0.012729,15.526,0.0,1.433,0.0,0.006,-13.085,0.715,0.698,-50.05,11.486,paper_rcm_log_20260616_110935_960_8218.csv,25.70694087403251,Unknown,Task2_TargetRCM_EntryCone,15.526,0.3290908698805556,0.5475944723530662
55.3519,TargetRCM_EntryCone,Done,1,0.24193,1.0,1.0,464.568,303.359,0.305,0.012696,15.503,0.0,1.458,0.0,0.011,-13.085,0.716,0.695,-50.047,11.457,paper_rcm_log_20260616_110935_960_8218.csv,26.88172043010856,Unknown,Task2_TargetRCM_EntryCone,15.503,0.3068594940170573,1.240557434055906
55.3903,TargetRCM_EntryCone,Done,1,0.24186,1.0,1.0,464.592,303.385,0.304,0.012692,15.477,0.0,1.48,0.0,0.016,-13.086,0.716,0.693,-50.042,11.431,paper_rcm_log_20260616_110935_960_8218.csv,26.041666666664717,Unknown,Task2_TargetRCM_EntryCone,15.477,0.2410274708587275,1.924868661304904
55.4473,TargetRCM_EntryCone,Done,1,0.24179,1.0,1.0,464.619,303.412,0.304,0.012764,15.448,0.0,1.501,0.0,0.021,-13.087,0.717,0.693,-50.037,11.408,paper_rcm_log_20260616_110935_960_8218.csv,17.54385964912433,Unknown,Task2_TargetRCM_EntryCone,15.448,0.11954925182524835,1.6237215538159124
55.4837,TargetRCM_EntryCone,Done,1,0.24177,1.0,1.0,464.628,303.422,0.305,0.012851,15.436,0.0,1.507,0.0,0.022,-13.088,0.717,0.693,-50.034,11.401,paper_rcm_log_20260616_110935_960_8218.csv,27.472527472527148,Unknown,Task2_TargetRCM_EntryCone,15.436,0.07602542473775951,0.46793572643820697
55.5207,TargetRCM_EntryCone,Done,1,0.24174,1.0,1.0,464.639,303.433,0.305,0.012953,15.423,0.0,1.512,0.0,0.023,-13.088,0.717,0.694,-50.031,11.396,paper_rcm_log_20260616_110935_960_8218.csv,27.02702702702773,Unknown,Task2_TargetRCM_EntryCone,15.423,0.1072551193183234,1.1360255078723343
55.5688,TargetRCM_EntryCone,Done,1,0.24165,1.0,1.0,464.674,303.468,0.306,0.013076,15.385,0.0,1.526,0.0,0.026,-13.09,0.716,0.697,-50.022,11.38,paper_rcm_log_20260616_110935_960_8218.csv,20.79002079001857,Unknown,Task2_TargetRCM_EntryCone,15.385,0.1780517372377642,0.8627110639847713
55.6065,TargetRCM_EntryCone,Done,1,0.24156,1.0,1.0,464.711,303.506,0.306,0.013181,15.346,0.0,1.539,0.0,0.029,-13.092,0.715,0.699,-50.012,11.366,paper_rcm_log_20260616_110935_960_8218.csv,26.52519893899637,Unknown,Task2_TargetRCM_EntryCone,15.346,0.18970931636240276,0.6675064500226623
55.6416,TargetRCM_EntryCone,Done,1,0.24146,1.0,1.0,464.75,303.545,0.307,0.013289,15.304,0.0,1.55,0.0,0.031,-13.094,0.714,0.702,-50.002,11.354,paper_rcm_log_20260616_110935_960_8218.csv,28.490028490028564,Unknown,Task2_TargetRCM_EntryCone,15.304,0.14570941231259346,1.4404110137295634
55.694,TargetRCM_EntryCone,Done,1,0.24139,1.0,1.0,464.776,303.572,0.309,0.0135,15.274,0.0,1.555,0.0,0.032,-13.095,0.713,0.706,-49.994,11.348,paper_rcm_log_20260616_110935_960_8218.csv,19.083969465646753,Unknown,Task2_TargetRCM_EntryCone,15.274,0.07068226274577116,1.094821520557017
55.7831,TargetRCM_EntryCone,Done,1,0.24132,1.0,1.0,464.805,303.6,0.313,0.013913,15.241,0.0,1.556,0.0,0.033,-13.097,0.712,0.711,-49.985,11.346,paper_rcm_log_20260616_110935_960_8218.csv,11.223344556678539,Unknown,Task2_TargetRCM_EntryCone,15.241,0.04934869419481457,0.3119048304496546
