time,dt,fps,phase,mode,tip_entry_error_mm,entry_rcm_error_mm,entry_axis_error_deg,target_rcm_or_tip_error_mm,final_target_tip_error_mm,insertion_progress,insertion_intermediate_error_mm,entry_cone_angle_deg,entry_cone_violation_deg,skull_violation_mm,arm_skull_violation_mm,entry_lambda,target_lambda,entry_segment,target_segment,joint_limits_ok,tool_x,tool_y,tool_z,tip_x,tip_y,tip_z,entry_x,entry_y,entry_z,target_x,target_y,target_z,q0_deg,q1_deg,q2_deg,q3_deg,q4_deg,q5_deg
0.07730,0.05730,17.45212,ApproachEntry,Double,416.53670,234.59110,62.21661,302.77510,302.77510,0.00000,416.53670,62.21661,55.21661,0.00000,0.00000,0.00000,1.00000,6,6,1,0.78249,0.99085,0.06678,1.02841,0.96435,0.19800,0.74000,1.22000,0.04000,0.79000,1.09000,0.06000,-0.20660,-3.00592,9.17475,-1.63453,-11.52000,3.23911
0.10872,0.00981,101.89200,ApproachEntry,Double,432.94060,250.29020,56.34489,309.06230,309.06230,0.00000,432.94060,56.34489,49.34489,0.00000,0.00000,0.00000,1.00000,6,6,1,0.76650,0.97250,0.06619,1.01306,0.91798,0.18717,0.74000,1.22000,0.04000,0.79000,1.09000,0.06000,-0.76860,-9.04340,20.69474,1.36962,-23.03999,4.79348
0.14088,0.00710,140.87390,ApproachEntry,Double,575.80300,397.90740,40.14344,435.21600,435.21600,0.00000,575.80300,40.14344,33.14344,0.00000,0.00000,0.00000,1.00000,6,6,1,0.72000,0.82273,0.05022,0.95158,0.69406,0.14086,0.74000,1.22000,0.04000,0.79000,1.09000,0.06000,-1.19663,-24.40339,36.05473,-6.42751,-38.39997,13.46281
0.18084,0.02408,41.53582,ApproachEntry,Double,634.91440,452.56450,32.70618,495.28200,495.28200,0.00000,634.91440,32.70618,25.70618,0.00000,0.00000,0.00000,1.00000,6,6,1,0.68626,0.77065,0.03627,0.90584,0.61041,0.10339,0.74000,1.22000,0.04000,0.79000,1.09000,0.06000,-1.32953,-31.07850,43.73472,-11.91358,-46.07997,21.13305
0.21869,0.02776,36.02454,ApproachEntry,Double,550.87360,374.08920,32.85943,411.07080,411.07080,0.00000,550.87360,32.85943,25.85943,0.00000,0.00000,0.00000,1.00000,6,6,1,0.66854,0.85284,0.03439,0.88995,0.69289,0.09599,0.74000,1.22000,0.04000,0.79000,1.09000,0.06000,-1.31965,-29.59402,51.41471,-18.40807,-53.75996,28.81304
0.25437,0.01181,84.69043,ApproachEntry,Double,281.81260,169.88260,40.41491,142.28980,142.28980,0.00000,281.81260,40.41491,33.41491,0.00000,0.00000,0.00000,1.00000,6,6,1,0.62479,1.09837,0.01186,0.86379,0.97028,0.08164,0.74000,1.22000,0.04000,0.79000,1.09000,0.06000,-0.61702,-17.91669,61.16552,-29.55368,-65.58698,41.03304
0.29305,0.00884,113.18520,ApproachEntry,Double,281.81260,169.88260,40.41491,142.28980,142.28980,0.00000,281.81260,40.41491,33.41491,0.00000,0.00000,0.00000,1.00000,6,6,1,0.62479,1.09837,0.01186,0.86379,0.97028,0.08164,0.74000,1.22000,0.04000,0.79000,1.09000,0.06000,-0.61702,-17.91669,61.16552,-29.55368,-65.58698,41.03304
0.32455,0.01079,92.64870,ApproachEntry,Double,281.81260,169.88260,40.41491,142.28980,142.28980,0.00000,281.81260,40.41491,33.41491,0.00000,0.00000,0.00000,1.00000,6,6,1,0.62479,1.09837,0.01186,0.86379,0.97028,0.08164,0.74000,1.22000,0.04000,0.79000,1.09000,0.06000,-0.61702,-17.91669,61.16552,-29.55368,-65.58698,41.03304
0.35795,0.02305,43.37768,ApproachEntry,Double,281.81260,169.88260,40.41491,142.28980,142.28980,0.00000,281.81260,40.41491,33.41491,0.00000,0.00000,0.00000,1.00000,6,6,1,0.62479,1.09837,0.01186,0.86379,0.97028,0.08164,0.74000,1.22000,0.04000,0.79000,1.09000,0.06000,-0.61702,-17.91669,61.16552,-29.55368,-65.58698,41.03304
0.39215,0.00920,108.64780,ApproachEntry,Double,281.81260,169.88260,40.41491,142.28980,142.28980,0.00000,281.81260,40.41491,33.41491,0.00000,0.00000,0.00000,1.00000,6,6,1,0.62479,1.09837,0.01186,0.86379,0.97028,0.08164,0.74000,1.22000,0.04000,0.79000,1.09000,0.06000,-0.61702,-17.91669,61.16552,-29.55368,-65.58698,41.03304
0.42593,0.00852,117.32760,ApproachEntry,Double,281.81260,169.88260,40.41491,142.28980,142.28980,0.00000,281.81260,40.41491,33.41491,0.00000,0.00000,0.00000,1.00000,6,6,1,0.62479,1.09837,0.01186,0.86379,0.97028,0.08164,0.74000,1.22000,0.04000,0.79000,1.09000,0.06000,-0.61702,-17.91669,61.16552,-29.55368,-65.58698,41.03304
0.45689,0.00888,112.65300,ApproachEntry,Double,281.81260,169.88260,40.41491,142.28980,142.28980,0.00000,281.81260,40.41491,33.41491,0.00000,0.00000,0.00000,1.00000,6,6,1,0.62479,1.09837,0.01186,0.86379,0.97028,0.08164,0.74000,1.22000,0.04000,0.79000,1.09000,0.06000,-0.61702,-17.91669,61.16552,-29.55368,-65.58698,41.03304
0.49266,0.00920,108.66430,ApproachEntry,Double,281.81260,169.88260,40.41491,142.28980,142.28980,0.00000,281.81260,40.41491,33.41491,0.00000,0.00000,0.00000,1.00000,6,6,1,0.62479,1.09837,0.01186,0.86379,0.97028,0.08164,0.74000,1.22000,0.04000,0.79000,1.09000,0.06000,-0.61702,-17.91669,61.16552,-29.55368,-65.58698,41.03304
0.53186,0.00933,107.19260,ApproachEntry,Double,281.81260,169.88260,40.41491,142.28980,142.28980,0.00000,281.81260,40.41491,33.41491,0.00000,0.00000,0.00000,1.00000,6,6,1,0.62479,1.09837,0.01186,0.86379,0.97028,0.08164,0.74000,1.22000,0.04000,0.79000,1.09000,0.06000,-0.61702,-17.91669,61.16552,-29.55368,-65.58698,41.03304
0.56366,0.01011,98.91988,ApproachEntry,Double,281.81260,169.88260,40.41491,142.28980,142.28980,0.00000,281.81260,40.41491,33.41491,0.00000,0.00000,0.00000,1.00000,6,6,1,0.62479,1.09837,0.01186,0.86379,0.97028,0.08164,0.74000,1.22000,0.04000,0.79000,1.09000,0.06000,-0.61702,-17.91669,61.16552,-29.55368,-65.58698,41.03304
0.60419,0.01056,94.71555,ApproachEntry,Double,281.81260,169.88260,40.41491,142.28980,142.28980,0.00000,281.81260,40.41491,33.41491,0.00000,0.00000,0.00000,1.00000,6,6,1,0.62479,1.09837,0.01186,0.86379,0.97028,0.08164,0.74000,1.22000,0.04000,0.79000,1.09000,0.06000,-0.61702,-17.91669,61.16552,-29.55368,-65.58698,41.03304
0.63489,0.01026,97.45023,ApproachEntry,Double,281.81260,169.88260,40.41491,142.28980,142.28980,0.00000,281.81260,40.41491,33.41491,0.00000,0.00000,0.00000,1.00000,6,6,1,0.62479,1.09837,0.01186,0.86379,0.97028,0.08164,0.74000,1.22000,0.04000,0.79000,1.09000,0.06000,-0.61702,-17.91669,61.16552,-29.55368,-65.58698,41.03304
0.66633,0.00930,107.48390,ApproachEntry,Double,281.81260,169.88260,40.41491,142.28980,142.28980,0.00000,281.81260,40.41491,33.41491,0.00000,0.00000,0.00000,1.00000,6,6,1,0.62479,1.09837,0.01186,0.86379,0.97028,0.08164,0.74000,1.22000,0.04000,0.79000,1.09000,0.06000,-0.61702,-17.91669,61.16552,-29.55368,-65.58698,41.03304
0.69639,0.01008,99.23737,ApproachEntry,Double,281.81260,169.88260,40.41491,142.28980,142.28980,0.00000,281.81260,40.41491,33.41491,0.00000,0.00000,0.00000,1.00000,6,6,1,0.62479,1.09837,0.01186,0.86379,0.97028,0.08164,0.74000,1.22000,0.04000,0.79000,1.09000,0.06000,-0.61702,-17.91669,61.16552,-29.55368,-65.58698,41.03304
0.73424,0.00968,103.35200,ApproachEntry,Double,281.81260,169.88260,40.41491,142.28980,142.28980,0.00000,281.81260,40.41491,33.41491,0.00000,0.00000,0.00000,1.00000,6,6,1,0.62479,1.09837,0.01186,0.86379,0.97028,0.08164,0.74000,1.22000,0.04000,0.79000,1.09000,0.06000,-0.61702,-17.91669,61.16552,-29.55368,-65.58698,41.03304
0.77476,0.01067,93.74446,ApproachEntry,Double,281.81260,169.88260,40.41491,142.28980,142.28980,0.00000,281.81260,40.41491,33.41491,0.00000,0.00000,0.00000,1.00000,6,6,1,0.62479,1.09837,0.01186,0.86379,0.97028,0.08164,0.74000,1.22000,0.04000,0.79000,1.09000,0.06000,-0.61702,-17.91669,61.16552,-29.55368,-65.58698,41.03304
0.80516,0.00969,103.21230,ApproachEntry,Double,281.81260,169.88260,40.41491,142.28980,142.28980,0.00000,281.81260,40.41491,33.41491,0.00000,0.00000,0.00000,1.00000,6,6,1,0.62479,1.09837,0.01186,0.86379,0.97028,0.08164,0.74000,1.22000,0.04000,0.79000,1.09000,0.06000,-0.61702,-17.91669,61.16552,-29.55368,-65.58698,41.03304
0.84379,0.00965,103.60280,ApproachEntry,Double,281.81260,169.88260,40.41491,142.28980,142.28980,0.00000,281.81260,40.41491,33.41491,0.00000,0.00000,0.00000,1.00000,6,6,1,0.62479,1.09837,0.01186,0.86379,0.97028,0.08164,0.74000,1.22000,0.04000,0.79000,1.09000,0.06000,-0.61702,-17.91669,61.16552,-29.55368,-65.58698,41.03304
0.87440,0.00957,104.54670,ApproachEntry,Double,281.81260,169.88260,40.41491,142.28980,142.28980,0.00000,281.81260,40.41491,33.41491,0.00000,0.00000,0.00000,1.00000,6,6,1,0.62479,1.09837,0.01186,0.86379,0.97028,0.08164,0.74000,1.22000,0.04000,0.79000,1.09000,0.06000,-0.61702,-17.91669,61.16552,-29.55368,-65.58698,41.03304
0.91467,0.01075,93.05012,ApproachEntry,Double,281.81260,169.88260,40.41491,142.28980,142.28980,0.00000,281.81260,40.41491,33.41491,0.00000,0.00000,0.00000,1.00000,6,6,1,0.62479,1.09837,0.01186,0.86379,0.97028,0.08164,0.74000,1.22000,0.04000,0.79000,1.09000,0.06000,-0.61702,-17.91669,61.16552,-29.55368,-65.58698,41.03304
0.95357,0.01000,100.04550,ApproachEntry,Double,281.81260,169.88260,40.41491,142.28980,142.28980,0.00000,281.81260,40.41491,33.41491,0.00000,0.00000,0.00000,1.00000,6,6,1,0.62479,1.09837,0.01186,0.86379,0.97028,0.08164,0.74000,1.22000,0.04000,0.79000,1.09000,0.06000,-0.61702,-17.91669,61.16552,-29.55368,-65.58698,41.03304
0.99345,0.01001,99.87608,ApproachEntry,Double,281.81260,169.88260,40.41491,142.28980,142.28980,0.00000,281.81260,40.41491,33.41491,0.00000,0.00000,0.00000,1.00000,6,6,1,0.62479,1.09837,0.01186,0.86379,0.97028,0.08164,0.74000,1.22000,0.04000,0.79000,1.09000,0.06000,-0.61702,-17.91669,61.16552,-29.55368,-65.58698,41.03304
1.03276,0.00974,102.67770,ApproachEntry,Double,281.81260,169.88260,40.41491,142.28980,142.28980,0.00000,281.81260,40.41491,33.41491,0.00000,0.00000,0.00000,1.00000,6,6,1,0.62479,1.09837,0.01186,0.86379,0.97028,0.08164,0.74000,1.22000,0.04000,0.79000,1.09000,0.06000,-0.61702,-17.91669,61.16552,-29.55368,-65.58698,41.03304
1.07155,0.00947,105.57890,ApproachEntry,Double,281.81260,169.88260,40.41491,142.28980,142.28980,0.00000,281.81260,40.41491,33.41491,0.00000,0.00000,0.00000,1.00000,6,6,1,0.62479,1.09837,0.01186,0.86379,0.97028,0.08164,0.74000,1.22000,0.04000,0.79000,1.09000,0.06000,-0.61702,-17.91669,61.16552,-29.55368,-65.58698,41.03304
1.10953,0.00925,108.10640,ApproachEntry,Double,281.81260,169.88260,40.41491,142.28980,142.28980,0.00000,281.81260,40.41491,33.41491,0.00000,0.00000,0.00000,1.00000,6,6,1,0.62479,1.09837,0.01186,0.86379,0.97028,0.08164,0.74000,1.22000,0.04000,0.79000,1.09000,0.06000,-0.61702,-17.91669,61.16552,-29.55368,-65.58698,41.03304
1.14783,0.00943,106.07470,ApproachEntry,Double,281.81260,169.88260,40.41491,142.28980,142.28980,0.00000,281.81260,40.41491,33.41491,0.00000,0.00000,0.00000,1.00000,6,6,1,0.62479,1.09837,0.01186,0.86379,0.97028,0.08164,0.74000,1.22000,0.04000,0.79000,1.09000,0.06000,-0.61702,-17.91669,61.16552,-29.55368,-65.58698,41.03304
1.17983,0.01297,77.11741,ApproachEntry,Double,281.81260,169.88260,40.41491,142.28980,142.28980,0.00000,281.81260,40.41491,33.41491,0.00000,0.00000,0.00000,1.00000,6,6,1,0.62479,1.09837,0.01186,0.86379,0.97028,0.08164,0.74000,1.22000,0.04000,0.79000,1.09000,0.06000,-0.61702,-17.91669,61.16552,-29.55368,-65.58698,41.03304
1.21403,0.00962,103.91000,ApproachEntry,Double,281.81260,169.88260,40.41491,142.28980,142.28980,0.00000,281.81260,40.41491,33.41491,0.00000,0.00000,0.00000,1.00000,6,6,1,0.62479,1.09837,0.01186,0.86379,0.97028,0.08164,0.74000,1.22000,0.04000,0.79000,1.09000,0.06000,-0.61702,-17.91669,61.16552,-29.55368,-65.58698,41.03304
1.25180,0.00953,104.95430,ApproachEntry,Double,281.81260,169.88260,40.41491,142.28980,142.28980,0.00000,281.81260,40.41491,33.41491,0.00000,0.00000,0.00000,1.00000,6,6,1,0.62479,1.09837,0.01186,0.86379,0.97028,0.08164,0.74000,1.22000,0.04000,0.79000,1.09000,0.06000,-0.61702,-17.91669,61.16552,-29.55368,-65.58698,41.03304
1.28902,0.00954,104.87600,ApproachEntry,Double,281.81260,169.88260,40.41491,142.28980,142.28980,0.00000,281.81260,40.41491,33.41491,0.00000,0.00000,0.00000,1.00000,6,6,1,0.62479,1.09837,0.01186,0.86379,0.97028,0.08164,0.74000,1.22000,0.04000,0.79000,1.09000,0.06000,-0.61702,-17.91669,61.16552,-29.55368,-65.58698,41.03304
1.31910,0.00919,108.78040,ApproachEntry,Double,281.81260,169.88260,40.41491,142.28980,142.28980,0.00000,281.81260,40.41491,33.41491,0.00000,0.00000,0.00000,1.00000,6,6,1,0.62479,1.09837,0.01186,0.86379,0.97028,0.08164,0.74000,1.22000,0.04000,0.79000,1.09000,0.06000,-0.61702,-17.91669,61.16552,-29.55368,-65.58698,41.03304
1.35764,0.00960,104.20200,ApproachEntry,Double,281.81260,169.88260,40.41491,142.28980,142.28980,0.00000,281.81260,40.41491,33.41491,0.00000,0.00000,0.00000,1.00000,6,6,1,0.62479,1.09837,0.01186,0.86379,0.97028,0.08164,0.74000,1.22000,0.04000,0.79000,1.09000,0.06000,-0.61702,-17.91669,61.16552,-29.55368,-65.58698,41.03304
1.39575,0.00970,103.12000,ApproachEntry,Double,281.81260,169.88260,40.41491,142.28980,142.28980,0.00000,281.81260,40.41491,33.41491,0.00000,0.00000,0.00000,1.00000,6,6,1,0.62479,1.09837,0.01186,0.86379,0.97028,0.08164,0.74000,1.22000,0.04000,0.79000,1.09000,0.06000,-0.61702,-17.91669,61.16552,-29.55368,-65.58698,41.03304
1.43464,0.00973,102.79800,ApproachEntry,Double,281.81260,169.88260,40.41491,142.28980,142.28980,0.00000,281.81260,40.41491,33.41491,0.00000,0.00000,0.00000,1.00000,6,6,1,0.62479,1.09837,0.01186,0.86379,0.97028,0.08164,0.74000,1.22000,0.04000,0.79000,1.09000,0.06000,-0.61702,-17.91669,61.16552,-29.55368,-65.58698,41.03304
1.47321,0.00930,107.51080,ApproachEntry,Double,281.81260,169.88260,40.41491,142.28980,142.28980,0.00000,281.81260,40.41491,33.41491,0.00000,0.00000,0.00000,1.00000,6,6,1,0.62479,1.09837,0.01186,0.86379,0.97028,0.08164,0.74000,1.22000,0.04000,0.79000,1.09000,0.06000,-0.61702,-17.91669,61.16552,-29.55368,-65.58698,41.03304
1.51175,0.01033,96.79398,ApproachEntry,Double,281.81260,169.88260,40.41491,142.28980,142.28980,0.00000,281.81260,40.41491,33.41491,0.00000,0.00000,0.00000,1.00000,6,6,1,0.62479,1.09837,0.01186,0.86379,0.97028,0.08164,0.74000,1.22000,0.04000,0.79000,1.09000,0.06000,-0.61702,-17.91669,61.16552,-29.55368,-65.58698,41.03304
1.54854,0.00904,110.65420,ApproachEntry,Double,281.81260,169.88260,40.41491,142.28980,142.28980,0.00000,281.81260,40.41491,33.41491,0.00000,0.00000,0.00000,1.00000,6,6,1,0.62479,1.09837,0.01186,0.86379,0.97028,0.08164,0.74000,1.22000,0.04000,0.79000,1.09000,0.06000,-0.61702,-17.91669,61.16552,-29.55368,-65.58698,41.03304
1.58764,0.00945,105.84790,ApproachEntry,Double,281.81260,169.88260,40.41491,142.28980,142.28980,0.00000,281.81260,40.41491,33.41491,0.00000,0.00000,0.00000,1.00000,6,6,1,0.62479,1.09837,0.01186,0.86379,0.97028,0.08164,0.74000,1.22000,0.04000,0.79000,1.09000,0.06000,-0.61702,-17.91669,61.16552,-29.55368,-65.58698,41.03304
1.62579,0.00897,111.50820,ApproachEntry,Double,281.81260,169.88260,40.41491,142.28980,142.28980,0.00000,281.81260,40.41491,33.41491,0.00000,0.00000,0.00000,1.00000,6,6,1,0.62479,1.09837,0.01186,0.86379,0.97028,0.08164,0.74000,1.22000,0.04000,0.79000,1.09000,0.06000,-0.61702,-17.91669,61.16552,-29.55368,-65.58698,41.03304
1.66282,0.00917,109.10160,ApproachEntry,Double,281.81260,169.88260,40.41491,142.28980,142.28980,0.00000,281.81260,40.41491,33.41491,0.00000,0.00000,0.00000,1.00000,6,6,1,0.62479,1.09837,0.01186,0.86379,0.97028,0.08164,0.74000,1.22000,0.04000,0.79000,1.09000,0.06000,-0.61702,-17.91669,61.16552,-29.55368,-65.58698,41.03304
1.70112,0.01001,99.85925,ApproachEntry,Double,281.81260,169.88260,40.41491,142.28980,142.28980,0.00000,281.81260,40.41491,33.41491,0.00000,0.00000,0.00000,1.00000,6,6,1,0.62479,1.09837,0.01186,0.86379,0.97028,0.08164,0.74000,1.22000,0.04000,0.79000,1.09000,0.06000,-0.61702,-17.91669,61.16552,-29.55368,-65.58698,41.03304
1.74004,0.00935,106.99100,ApproachEntry,Double,281.81260,169.88260,40.41491,142.28980,142.28980,0.00000,281.81260,40.41491,33.41491,0.00000,0.00000,0.00000,1.00000,6,6,1,0.62479,1.09837,0.01186,0.86379,0.97028,0.08164,0.74000,1.22000,0.04000,0.79000,1.09000,0.06000,-0.61702,-17.91669,61.16552,-29.55368,-65.58698,41.03304
1.77730,0.00975,102.53280,ApproachEntry,Double,281.81260,169.88260,40.41491,142.28980,142.28980,0.00000,281.81260,40.41491,33.41491,0.00000,0.00000,0.00000,1.00000,6,6,1,0.62479,1.09837,0.01186,0.86379,0.97028,0.08164,0.74000,1.22000,0.04000,0.79000,1.09000,0.06000,-0.61702,-17.91669,61.16552,-29.55368,-65.58698,41.03304
1.81553,0.00997,100.32050,ApproachEntry,Double,281.81260,169.88260,40.41491,142.28980,142.28980,0.00000,281.81260,40.41491,33.41491,0.00000,0.00000,0.00000,1.00000,6,6,1,0.62479,1.09837,0.01186,0.86379,0.97028,0.08164,0.74000,1.22000,0.04000,0.79000,1.09000,0.06000,-0.61702,-17.91669,61.16552,-29.55368,-65.58698,41.03304
1.84569,0.00920,108.68980,ApproachEntry,Double,281.81260,169.88260,40.41491,142.28980,142.28980,0.00000,281.81260,40.41491,33.41491,0.00000,0.00000,0.00000,1.00000,6,6,1,0.62479,1.09837,0.01186,0.86379,0.97028,0.08164,0.74000,1.22000,0.04000,0.79000,1.09000,0.06000,-0.61702,-17.91669,61.16552,-29.55368,-65.58698,41.03304
1.88343,0.00944,105.92530,ApproachEntry,Double,281.81260,169.88260,40.41491,142.28980,142.28980,0.00000,281.81260,40.41491,33.41491,0.00000,0.00000,0.00000,1.00000,6,6,1,0.62479,1.09837,0.01186,0.86379,0.97028,0.08164,0.74000,1.22000,0.04000,0.79000,1.09000,0.06000,-0.61702,-17.91669,61.16552,-29.55368,-65.58698,41.03304
1.92049,0.00899,111.29250,ApproachEntry,Double,281.81260,169.88260,40.41491,142.28980,142.28980,0.00000,281.81260,40.41491,33.41491,0.00000,0.00000,0.00000,1.00000,6,6,1,0.62479,1.09837,0.01186,0.86379,0.97028,0.08164,0.74000,1.22000,0.04000,0.79000,1.09000,0.06000,-0.61702,-17.91669,61.16552,-29.55368,-65.58698,41.03304
1.95961,0.00985,101.51360,ApproachEntry,Double,281.81260,169.88260,40.41491,142.28980,142.28980,0.00000,281.81260,40.41491,33.41491,0.00000,0.00000,0.00000,1.00000,6,6,1,0.62479,1.09837,0.01186,0.86379,0.97028,0.08164,0.74000,1.22000,0.04000,0.79000,1.09000,0.06000,-0.61702,-17.91669,61.16552,-29.55368,-65.58698,41.03304
1.99762,0.00963,103.87380,ApproachEntry,Double,281.81260,169.88260,40.41491,142.28980,142.28980,0.00000,281.81260,40.41491,33.41491,0.00000,0.00000,0.00000,1.00000,6,6,1,0.62479,1.09837,0.01186,0.86379,0.97028,0.08164,0.74000,1.22000,0.04000,0.79000,1.09000,0.06000,-0.61702,-17.91669,61.16552,-29.55368,-65.58698,41.03304
2.03677,0.01067,93.75748,ApproachEntry,Double,281.81260,169.88260,40.41491,142.28980,142.28980,0.00000,281.81260,40.41491,33.41491,0.00000,0.00000,0.00000,1.00000,6,6,1,0.62479,1.09837,0.01186,0.86379,0.97028,0.08164,0.74000,1.22000,0.04000,0.79000,1.09000,0.06000,-0.61702,-17.91669,61.16552,-29.55368,-65.58698,41.03304
2.07364,0.00916,109.21360,ApproachEntry,Double,281.81260,169.88260,40.41491,142.28980,142.28980,0.00000,281.81260,40.41491,33.41491,0.00000,0.00000,0.00000,1.00000,6,6,1,0.62479,1.09837,0.01186,0.86379,0.97028,0.08164,0.74000,1.22000,0.04000,0.79000,1.09000,0.06000,-0.61702,-17.91669,61.16552,-29.55368,-65.58698,41.03304
2.11247,0.00941,106.24000,ApproachEntry,Double,281.81260,169.88260,40.41491,142.28980,142.28980,0.00000,281.81260,40.41491,33.41491,0.00000,0.00000,0.00000,1.00000,6,6,1,0.62479,1.09837,0.01186,0.86379,0.97028,0.08164,0.74000,1.22000,0.04000,0.79000,1.09000,0.06000,-0.61702,-17.91669,61.16552,-29.55368,-65.58698,41.03304
2.15103,0.00903,110.71960,ApproachEntry,Double,281.81260,169.88260,40.41491,142.28980,142.28980,0.00000,281.81260,40.41491,33.41491,0.00000,0.00000,0.00000,1.00000,6,6,1,0.62479,1.09837,0.01186,0.86379,0.97028,0.08164,0.74000,1.22000,0.04000,0.79000,1.09000,0.06000,-0.61702,-17.91669,61.16552,-29.55368,-65.58698,41.03304
2.18978,0.00898,111.36160,ApproachEntry,Double,281.81260,169.88260,40.41491,142.28980,142.28980,0.00000,281.81260,40.41491,33.41491,0.00000,0.00000,0.00000,1.00000,6,6,1,0.62479,1.09837,0.01186,0.86379,0.97028,0.08164,0.74000,1.22000,0.04000,0.79000,1.09000,0.06000,-0.61702,-17.91669,61.16552,-29.55368,-65.58698,41.03304
2.22798,0.01045,95.73734,ApproachEntry,Double,281.81260,169.88260,40.41491,142.28980,142.28980,0.00000,281.81260,40.41491,33.41491,0.00000,0.00000,0.00000,1.00000,6,6,1,0.62479,1.09837,0.01186,0.86379,0.97028,0.08164,0.74000,1.22000,0.04000,0.79000,1.09000,0.06000,-0.61702,-17.91669,61.16552,-29.55368,-65.58698,41.03304
2.25846,0.00906,110.32470,ApproachEntry,Double,281.81260,169.88260,40.41491,142.28980,142.28980,0.00000,281.81260,40.41491,33.41491,0.00000,0.00000,0.00000,1.00000,6,6,1,0.62479,1.09837,0.01186,0.86379,0.97028,0.08164,0.74000,1.22000,0.04000,0.79000,1.09000,0.06000,-0.61702,-17.91669,61.16552,-29.55368,-65.58698,41.03304
2.29613,0.00918,108.96590,ApproachEntry,Double,281.81260,169.88260,40.41491,142.28980,142.28980,0.00000,281.81260,40.41491,33.41491,0.00000,0.00000,0.00000,1.00000,6,6,1,0.62479,1.09837,0.01186,0.86379,0.97028,0.08164,0.74000,1.22000,0.04000,0.79000,1.09000,0.06000,-0.61702,-17.91669,61.16552,-29.55368,-65.58698,41.03304
2.33522,0.00975,102.59420,ApproachEntry,Double,281.81260,169.88260,40.41491,142.28980,142.28980,0.00000,281.81260,40.41491,33.41491,0.00000,0.00000,0.00000,1.00000,6,6,1,0.62479,1.09837,0.01186,0.86379,0.97028,0.08164,0.74000,1.22000,0.04000,0.79000,1.09000,0.06000,-0.61702,-17.91669,61.16552,-29.55368,-65.58698,41.03304
2.36690,0.01114,89.78453,ApproachEntry,Double,281.81260,169.88260,40.41491,142.28980,142.28980,0.00000,281.81260,40.41491,33.41491,0.00000,0.00000,0.00000,1.00000,6,6,1,0.62479,1.09837,0.01186,0.86379,0.97028,0.08164,0.74000,1.22000,0.04000,0.79000,1.09000,0.06000,-0.61702,-17.91669,61.16552,-29.55368,-65.58698,41.03304
2.39706,0.01109,90.21056,ApproachEntry,Double,281.81260,169.88260,40.41491,142.28980,142.28980,0.00000,281.81260,40.41491,33.41491,0.00000,0.00000,0.00000,1.00000,6,6,1,0.62479,1.09837,0.01186,0.86379,0.97028,0.08164,0.74000,1.22000,0.04000,0.79000,1.09000,0.06000,-0.61702,-17.91669,61.16552,-29.55368,-65.58698,41.03304
2.43740,0.01050,95.26908,ApproachEntry,Double,281.81260,169.88260,40.41491,142.28980,142.28980,0.00000,281.81260,40.41491,33.41491,0.00000,0.00000,0.00000,1.00000,6,6,1,0.62479,1.09837,0.01186,0.86379,0.97028,0.08164,0.74000,1.22000,0.04000,0.79000,1.09000,0.06000,-0.61702,-17.91669,61.16552,-29.55368,-65.58698,41.03304
2.47541,0.00953,104.97600,ApproachEntry,Double,281.81260,169.88260,40.41491,142.28980,142.28980,0.00000,281.81260,40.41491,33.41491,0.00000,0.00000,0.00000,1.00000,6,6,1,0.62479,1.09837,0.01186,0.86379,0.97028,0.08164,0.74000,1.22000,0.04000,0.79000,1.09000,0.06000,-0.61702,-17.91669,61.16552,-29.55368,-65.58698,41.03304
2.51405,0.00925,108.11760,ApproachEntry,Double,281.81260,169.88260,40.41491,142.28980,142.28980,0.00000,281.81260,40.41491,33.41491,0.00000,0.00000,0.00000,1.00000,6,6,1,0.62479,1.09837,0.01186,0.86379,0.97028,0.08164,0.74000,1.22000,0.04000,0.79000,1.09000,0.06000,-0.61702,-17.91669,61.16552,-29.55368,-65.58698,41.03304
2.56852,0.05447,18.35880,ApproachEntry,Double,281.81260,169.88260,40.41491,142.28980,142.28980,0.00000,281.81260,40.41491,33.41491,0.00000,0.00000,0.00000,1.00000,6,6,1,0.62479,1.09837,0.01186,0.86379,0.97028,0.08164,0.74000,1.22000,0.04000,0.79000,1.09000,0.06000,-0.61702,-17.91669,61.16552,-29.55368,-65.58698,41.03304
2.60645,0.01279,78.18114,ApproachEntry,Double,281.81260,169.88260,40.41491,142.28980,142.28980,0.00000,281.81260,40.41491,33.41491,0.00000,0.00000,0.00000,1.00000,6,6,1,0.62479,1.09837,0.01186,0.86379,0.97028,0.08164,0.74000,1.22000,0.04000,0.79000,1.09000,0.06000,-0.61702,-17.91669,61.16552,-29.55368,-65.58698,41.03304
2.64264,0.01137,87.93406,ApproachEntry,Double,281.81260,169.88260,40.41491,142.28980,142.28980,0.00000,281.81260,40.41491,33.41491,0.00000,0.00000,0.00000,1.00000,6,6,1,0.62479,1.09837,0.01186,0.86379,0.97028,0.08164,0.74000,1.22000,0.04000,0.79000,1.09000,0.06000,-0.61702,-17.91669,61.16552,-29.55368,-65.58698,41.03304
2.67423,0.01024,97.62739,ApproachEntry,Double,281.81260,169.88260,40.41491,142.28980,142.28980,0.00000,281.81260,40.41491,33.41491,0.00000,0.00000,0.00000,1.00000,6,6,1,0.62479,1.09837,0.01186,0.86379,0.97028,0.08164,0.74000,1.22000,0.04000,0.79000,1.09000,0.06000,-0.61702,-17.91669,61.16552,-29.55368,-65.58698,41.03304
2.71319,0.00936,106.82860,ApproachEntry,Double,281.81260,169.88260,40.41491,142.28980,142.28980,0.00000,281.81260,40.41491,33.41491,0.00000,0.00000,0.00000,1.00000,6,6,1,0.62479,1.09837,0.01186,0.86379,0.97028,0.08164,0.74000,1.22000,0.04000,0.79000,1.09000,0.06000,-0.61702,-17.91669,61.16552,-29.55368,-65.58698,41.03304
2.74350,0.00948,105.53690,ApproachEntry,Double,281.81260,169.88260,40.41491,142.28980,142.28980,0.00000,281.81260,40.41491,33.41491,0.00000,0.00000,0.00000,1.00000,6,6,1,0.62479,1.09837,0.01186,0.86379,0.97028,0.08164,0.74000,1.22000,0.04000,0.79000,1.09000,0.06000,-0.61702,-17.91669,61.16552,-29.55368,-65.58698,41.03304
2.77717,0.01119,89.38734,ApproachEntry,Double,281.81260,169.88260,40.41491,142.28980,142.28980,0.00000,281.81260,40.41491,33.41491,0.00000,0.00000,0.00000,1.00000,6,6,1,0.62479,1.09837,0.01186,0.86379,0.97028,0.08164,0.74000,1.22000,0.04000,0.79000,1.09000,0.06000,-0.61702,-17.91669,61.16552,-29.55368,-65.58698,41.03304
2.80917,0.01053,95.01072,ApproachEntry,Double,281.81260,169.88260,40.41491,142.28980,142.28980,0.00000,281.81260,40.41491,33.41491,0.00000,0.00000,0.00000,1.00000,6,6,1,0.62479,1.09837,0.01186,0.86379,0.97028,0.08164,0.74000,1.22000,0.04000,0.79000,1.09000,0.06000,-0.61702,-17.91669,61.16552,-29.55368,-65.58698,41.03304
2.84008,0.01054,94.88130,ApproachEntry,Double,281.81260,169.88260,40.41491,142.28980,142.28980,0.00000,281.81260,40.41491,33.41491,0.00000,0.00000,0.00000,1.00000,6,6,1,0.62479,1.09837,0.01186,0.86379,0.97028,0.08164,0.74000,1.22000,0.04000,0.79000,1.09000,0.06000,-0.61702,-17.91669,61.16552,-29.55368,-65.58698,41.03304
2.87189,0.01043,95.83571,ApproachEntry,Double,281.81260,169.88260,40.41491,142.28980,142.28980,0.00000,281.81260,40.41491,33.41491,0.00000,0.00000,0.00000,1.00000,6,6,1,0.62479,1.09837,0.01186,0.86379,0.97028,0.08164,0.74000,1.22000,0.04000,0.79000,1.09000,0.06000,-0.61702,-17.91669,61.16552,-29.55368,-65.58698,41.03304
2.90558,0.01026,97.48381,ApproachEntry,Double,281.81260,169.88260,40.41491,142.28980,142.28980,0.00000,281.81260,40.41491,33.41491,0.00000,0.00000,0.00000,1.00000,6,6,1,0.62479,1.09837,0.01186,0.86379,0.97028,0.08164,0.74000,1.22000,0.04000,0.79000,1.09000,0.06000,-0.61702,-17.91669,61.16552,-29.55368,-65.58698,41.03304
2.93654,0.01036,96.54274,ApproachEntry,Double,281.81260,169.88260,40.41491,142.28980,142.28980,0.00000,281.81260,40.41491,33.41491,0.00000,0.00000,0.00000,1.00000,6,6,1,0.62479,1.09837,0.01186,0.86379,0.97028,0.08164,0.74000,1.22000,0.04000,0.79000,1.09000,0.06000,-0.61702,-17.91669,61.16552,-29.55368,-65.58698,41.03304
2.96823,0.01039,96.21082,ApproachEntry,Double,281.81260,169.88260,40.41491,142.28980,142.28980,0.00000,281.81260,40.41491,33.41491,0.00000,0.00000,0.00000,1.00000,6,6,1,0.62479,1.09837,0.01186,0.86379,0.97028,0.08164,0.74000,1.22000,0.04000,0.79000,1.09000,0.06000,-0.61702,-17.91669,61.16552,-29.55368,-65.58698,41.03304
3.00074,0.01068,93.66301,ApproachEntry,Double,281.81260,169.88260,40.41491,142.28980,142.28980,0.00000,281.81260,40.41491,33.41491,0.00000,0.00000,0.00000,1.00000,6,6,1,0.62479,1.09837,0.01186,0.86379,0.97028,0.08164,0.74000,1.22000,0.04000,0.79000,1.09000,0.06000,-0.61702,-17.91669,61.16552,-29.55368,-65.58698,41.03304
3.03359,0.00948,105.48850,ApproachEntry,Double,281.81260,169.88260,40.41491,142.28980,142.28980,0.00000,281.81260,40.41491,33.41491,0.00000,0.00000,0.00000,1.00000,6,6,1,0.62479,1.09837,0.01186,0.86379,0.97028,0.08164,0.74000,1.22000,0.04000,0.79000,1.09000,0.06000,-0.61702,-17.91669,61.16552,-29.55368,-65.58698,41.03304
3.06542,0.01041,96.03828,ApproachEntry,Double,281.81260,169.88260,40.41491,142.28980,142.28980,0.00000,281.81260,40.41491,33.41491,0.00000,0.00000,0.00000,1.00000,6,6,1,0.62479,1.09837,0.01186,0.86379,0.97028,0.08164,0.74000,1.22000,0.04000,0.79000,1.09000,0.06000,-0.61702,-17.91669,61.16552,-29.55368,-65.58698,41.03304
3.09741,0.01056,94.69755,ApproachEntry,Double,281.81260,169.88260,40.41491,142.28980,142.28980,0.00000,281.81260,40.41491,33.41491,0.00000,0.00000,0.00000,1.00000,6,6,1,0.62479,1.09837,0.01186,0.86379,0.97028,0.08164,0.74000,1.22000,0.04000,0.79000,1.09000,0.06000,-0.61702,-17.91669,61.16552,-29.55368,-65.58698,41.03304
3.12747,0.00972,102.90870,ApproachEntry,Double,281.81260,169.88260,40.41491,142.28980,142.28980,0.00000,281.81260,40.41491,33.41491,0.00000,0.00000,0.00000,1.00000,6,6,1,0.62479,1.09837,0.01186,0.86379,0.97028,0.08164,0.74000,1.22000,0.04000,0.79000,1.09000,0.06000,-0.61702,-17.91669,61.16552,-29.55368,-65.58698,41.03304
3.15931,0.01055,94.75351,ApproachEntry,Double,281.81260,169.88260,40.41491,142.28980,142.28980,0.00000,281.81260,40.41491,33.41491,0.00000,0.00000,0.00000,1.00000,6,6,1,0.62479,1.09837,0.01186,0.86379,0.97028,0.08164,0.74000,1.22000,0.04000,0.79000,1.09000,0.06000,-0.61702,-17.91669,61.16552,-29.55368,-65.58698,41.03304
3.19922,0.01090,91.77032,ApproachEntry,Double,281.81260,169.88260,40.41491,142.28980,142.28980,0.00000,281.81260,40.41491,33.41491,0.00000,0.00000,0.00000,1.00000,6,6,1,0.62479,1.09837,0.01186,0.86379,0.97028,0.08164,0.74000,1.22000,0.04000,0.79000,1.09000,0.06000,-0.61702,-17.91669,61.16552,-29.55368,-65.58698,41.03304
3.23520,0.01188,84.15323,ApproachEntry,Double,281.81260,169.88260,40.41491,142.28980,142.28980,0.00000,281.81260,40.41491,33.41491,0.00000,0.00000,0.00000,1.00000,6,6,1,0.62479,1.09837,0.01186,0.86379,0.97028,0.08164,0.74000,1.22000,0.04000,0.79000,1.09000,0.06000,-0.61702,-17.91669,61.16552,-29.55368,-65.58698,41.03304
3.27107,0.01147,87.16459,ApproachEntry,Double,281.81260,169.88260,40.41491,142.28980,142.28980,0.00000,281.81260,40.41491,33.41491,0.00000,0.00000,0.00000,1.00000,6,6,1,0.62479,1.09837,0.01186,0.86379,0.97028,0.08164,0.74000,1.22000,0.04000,0.79000,1.09000,0.06000,-0.61702,-17.91669,61.16552,-29.55368,-65.58698,41.03304
3.30752,0.01134,88.15019,ApproachEntry,Double,281.81260,169.88260,40.41491,142.28980,142.28980,0.00000,281.81260,40.41491,33.41491,0.00000,0.00000,0.00000,1.00000,6,6,1,0.62479,1.09837,0.01186,0.86379,0.97028,0.08164,0.74000,1.22000,0.04000,0.79000,1.09000,0.06000,-0.61702,-17.91669,61.16552,-29.55368,-65.58698,41.03304
3.34346,0.01261,79.27498,ApproachEntry,Double,281.81260,169.88260,40.41491,142.28980,142.28980,0.00000,281.81260,40.41491,33.41491,0.00000,0.00000,0.00000,1.00000,6,6,1,0.62479,1.09837,0.01186,0.86379,0.97028,0.08164,0.74000,1.22000,0.04000,0.79000,1.09000,0.06000,-0.61702,-17.91669,61.16552,-29.55368,-65.58698,41.03304
3.38448,0.01414,70.73904,ApproachEntry,Double,281.81260,169.88260,40.41491,142.28980,142.28980,0.00000,281.81260,40.41491,33.41491,0.00000,0.00000,0.00000,1.00000,6,6,1,0.62479,1.09837,0.01186,0.86379,0.97028,0.08164,0.74000,1.22000,0.04000,0.79000,1.09000,0.06000,-0.61702,-17.91669,61.16552,-29.55368,-65.58698,41.03304
3.41494,0.01603,62.39132,ApproachEntry,Double,281.81260,169.88260,40.41491,142.28980,142.28980,0.00000,281.81260,40.41491,33.41491,0.00000,0.00000,0.00000,1.00000,6,6,1,0.62479,1.09837,0.01186,0.86379,0.97028,0.08164,0.74000,1.22000,0.04000,0.79000,1.09000,0.06000,-0.61702,-17.91669,61.16552,-29.55368,-65.58698,41.03304
3.45623,0.01227,81.50192,ApproachEntry,Double,281.81260,169.88260,40.41491,142.28980,142.28980,0.00000,281.81260,40.41491,33.41491,0.00000,0.00000,0.00000,1.00000,6,6,1,0.62479,1.09837,0.01186,0.86379,0.97028,0.08164,0.74000,1.22000,0.04000,0.79000,1.09000,0.06000,-0.61702,-17.91669,61.16552,-29.55368,-65.58698,41.03304
3.49653,0.01403,71.27374,ApproachEntry,Double,281.81260,169.88260,40.41491,142.28980,142.28980,0.00000,281.81260,40.41491,33.41491,0.00000,0.00000,0.00000,1.00000,6,6,1,0.62479,1.09837,0.01186,0.86379,0.97028,0.08164,0.74000,1.22000,0.04000,0.79000,1.09000,0.06000,-0.61702,-17.91669,61.16552,-29.55368,-65.58698,41.03304
3.53634,0.01467,68.18864,ApproachEntry,Double,281.81260,169.88260,40.41491,142.28980,142.28980,0.00000,281.81260,40.41491,33.41491,0.00000,0.00000,0.00000,1.00000,6,6,1,0.62479,1.09837,0.01186,0.86379,0.97028,0.08164,0.74000,1.22000,0.04000,0.79000,1.09000,0.06000,-0.61702,-17.91669,61.16552,-29.55368,-65.58698,41.03304
3.56976,0.01391,71.89468,ApproachEntry,Double,281.81260,169.88260,40.41491,142.28980,142.28980,0.00000,281.81260,40.41491,33.41491,0.00000,0.00000,0.00000,1.00000,6,6,1,0.62479,1.09837,0.01186,0.86379,0.97028,0.08164,0.74000,1.22000,0.04000,0.79000,1.09000,0.06000,-0.61702,-17.91669,61.16552,-29.55368,-65.58698,41.03304
3.61175,0.01426,70.14237,ApproachEntry,Double,281.81260,169.88260,40.41491,142.28980,142.28980,0.00000,281.81260,40.41491,33.41491,0.00000,0.00000,0.00000,1.00000,6,6,1,0.62479,1.09837,0.01186,0.86379,0.97028,0.08164,0.74000,1.22000,0.04000,0.79000,1.09000,0.06000,-0.61702,-17.91669,61.16552,-29.55368,-65.58698,41.03304
3.64903,0.01185,84.35540,ApproachEntry,Double,281.81260,169.88260,40.41491,142.28980,142.28980,0.00000,281.81260,40.41491,33.41491,0.00000,0.00000,0.00000,1.00000,6,6,1,0.62479,1.09837,0.01186,0.86379,0.97028,0.08164,0.74000,1.22000,0.04000,0.79000,1.09000,0.06000,-0.61702,-17.91669,61.16552,-29.55368,-65.58698,41.03304
3.68503,0.01099,91.02173,ApproachEntry,Double,281.81260,169.88260,40.41491,142.28980,142.28980,0.00000,281.81260,40.41491,33.41491,0.00000,0.00000,0.00000,1.00000,6,6,1,0.62479,1.09837,0.01186,0.86379,0.97028,0.08164,0.74000,1.22000,0.04000,0.79000,1.09000,0.06000,-0.61702,-17.91669,61.16552,-29.55368,-65.58698,41.03304
3.71927,0.01140,87.71123,ApproachEntry,Double,281.81260,169.88260,40.41491,142.28980,142.28980,0.00000,281.81260,40.41491,33.41491,0.00000,0.00000,0.00000,1.00000,6,6,1,0.62479,1.09837,0.01186,0.86379,0.97028,0.08164,0.74000,1.22000,0.04000,0.79000,1.09000,0.06000,-0.61702,-17.91669,61.16552,-29.55368,-65.58698,41.03304
3.75518,0.01055,94.76528,ApproachEntry,Double,281.81260,169.88260,40.41491,142.28980,142.28980,0.00000,281.81260,40.41491,33.41491,0.00000,0.00000,0.00000,1.00000,6,6,1,0.62479,1.09837,0.01186,0.86379,0.97028,0.08164,0.74000,1.22000,0.04000,0.79000,1.09000,0.06000,-0.61702,-17.91669,61.16552,-29.55368,-65.58698,41.03304
3.78846,0.00972,102.84750,ApproachEntry,Double,281.81260,169.88260,40.41491,142.28980,142.28980,0.00000,281.81260,40.41491,33.41491,0.00000,0.00000,0.00000,1.00000,6,6,1,0.62479,1.09837,0.01186,0.86379,0.97028,0.08164,0.74000,1.22000,0.04000,0.79000,1.09000,0.06000,-0.61702,-17.91669,61.16552,-29.55368,-65.58698,41.03304
3.82217,0.01108,90.26302,ApproachEntry,Double,281.81260,169.88260,40.41491,142.28980,142.28980,0.00000,281.81260,40.41491,33.41491,0.00000,0.00000,0.00000,1.00000,6,6,1,0.62479,1.09837,0.01186,0.86379,0.97028,0.08164,0.74000,1.22000,0.04000,0.79000,1.09000,0.06000,-0.61702,-17.91669,61.16552,-29.55368,-65.58698,41.03304
3.85237,0.01000,100.04580,ApproachEntry,Double,281.81260,169.88260,40.41491,142.28980,142.28980,0.00000,281.81260,40.41491,33.41491,0.00000,0.00000,0.00000,1.00000,6,6,1,0.62479,1.09837,0.01186,0.86379,0.97028,0.08164,0.74000,1.22000,0.04000,0.79000,1.09000,0.06000,-0.61702,-17.91669,61.16552,-29.55368,-65.58698,41.03304
3.88329,0.00964,103.72140,ApproachEntry,Double,281.81260,169.88260,40.41491,142.28980,142.28980,0.00000,281.81260,40.41491,33.41491,0.00000,0.00000,0.00000,1.00000,6,6,1,0.62479,1.09837,0.01186,0.86379,0.97028,0.08164,0.74000,1.22000,0.04000,0.79000,1.09000,0.06000,-0.61702,-17.91669,61.16552,-29.55368,-65.58698,41.03304
3.91345,0.01057,94.63234,ApproachEntry,Double,281.81260,169.88260,40.41491,142.28980,142.28980,0.00000,281.81260,40.41491,33.41491,0.00000,0.00000,0.00000,1.00000,6,6,1,0.62479,1.09837,0.01186,0.86379,0.97028,0.08164,0.74000,1.22000,0.04000,0.79000,1.09000,0.06000,-0.61702,-17.91669,61.16552,-29.55368,-65.58698,41.03304
3.94525,0.01109,90.14690,ApproachEntry,Double,281.81260,169.88260,40.41491,142.28980,142.28980,0.00000,281.81260,40.41491,33.41491,0.00000,0.00000,0.00000,1.00000,6,6,1,0.62479,1.09837,0.01186,0.86379,0.97028,0.08164,0.74000,1.22000,0.04000,0.79000,1.09000,0.06000,-0.61702,-17.91669,61.16552,-29.55368,-65.58698,41.03304
3.98306,0.01451,68.91843,ApproachEntry,Double,281.81260,169.88260,40.41491,142.28980,142.28980,0.00000,281.81260,40.41491,33.41491,0.00000,0.00000,0.00000,1.00000,6,6,1,0.62479,1.09837,0.01186,0.86379,0.97028,0.08164,0.74000,1.22000,0.04000,0.79000,1.09000,0.06000,-0.61702,-17.91669,61.16552,-29.55368,-65.58698,41.03304
4.01937,0.01039,96.24113,ApproachEntry,Double,281.81260,169.88260,40.41491,142.28980,142.28980,0.00000,281.81260,40.41491,33.41491,0.00000,0.00000,0.00000,1.00000,6,6,1,0.62479,1.09837,0.01186,0.86379,0.97028,0.08164,0.74000,1.22000,0.04000,0.79000,1.09000,0.06000,-0.61702,-17.91669,61.16552,-29.55368,-65.58698,41.03304
4.05282,0.01063,94.09104,ApproachEntry,Double,281.81260,169.88260,40.41491,142.28980,142.28980,0.00000,281.81260,40.41491,33.41491,0.00000,0.00000,0.00000,1.00000,6,6,1,0.62479,1.09837,0.01186,0.86379,0.97028,0.08164,0.74000,1.22000,0.04000,0.79000,1.09000,0.06000,-0.61702,-17.91669,61.16552,-29.55368,-65.58698,41.03304
4.08745,0.01136,88.02884,ApproachEntry,Double,281.81260,169.88260,40.41491,142.28980,142.28980,0.00000,281.81260,40.41491,33.41491,0.00000,0.00000,0.00000,1.00000,6,6,1,0.62479,1.09837,0.01186,0.86379,0.97028,0.08164,0.74000,1.22000,0.04000,0.79000,1.09000,0.06000,-0.61702,-17.91669,61.16552,-29.55368,-65.58698,41.03304
4.11913,0.00959,104.22720,ApproachEntry,Double,281.81260,169.88260,40.41491,142.28980,142.28980,0.00000,281.81260,40.41491,33.41491,0.00000,0.00000,0.00000,1.00000,6,6,1,0.62479,1.09837,0.01186,0.86379,0.97028,0.08164,0.74000,1.22000,0.04000,0.79000,1.09000,0.06000,-0.61702,-17.91669,61.16552,-29.55368,-65.58698,41.03304
4.14982,0.01068,93.60579,ApproachEntry,Double,281.81260,169.88260,40.41491,142.28980,142.28980,0.00000,281.81260,40.41491,33.41491,0.00000,0.00000,0.00000,1.00000,6,6,1,0.62479,1.09837,0.01186,0.86379,0.97028,0.08164,0.74000,1.22000,0.04000,0.79000,1.09000,0.06000,-0.61702,-17.91669,61.16552,-29.55368,-65.58698,41.03304
4.18569,0.01467,68.15413,ApproachEntry,Double,281.81260,169.88260,40.41491,142.28980,142.28980,0.00000,281.81260,40.41491,33.41491,0.00000,0.00000,0.00000,1.00000,6,6,1,0.62479,1.09837,0.01186,0.86379,0.97028,0.08164,0.74000,1.22000,0.04000,0.79000,1.09000,0.06000,-0.61702,-17.91669,61.16552,-29.55368,-65.58698,41.03304
4.21783,0.01104,90.55285,ApproachEntry,Double,281.81260,169.88260,40.41491,142.28980,142.28980,0.00000,281.81260,40.41491,33.41491,0.00000,0.00000,0.00000,1.00000,6,6,1,0.62479,1.09837,0.01186,0.86379,0.97028,0.08164,0.74000,1.22000,0.04000,0.79000,1.09000,0.06000,-0.61702,-17.91669,61.16552,-29.55368,-65.58698,41.03304
4.25148,0.01094,91.44066,ApproachEntry,Double,281.81260,169.88260,40.41491,142.28980,142.28980,0.00000,281.81260,40.41491,33.41491,0.00000,0.00000,0.00000,1.00000,6,6,1,0.62479,1.09837,0.01186,0.86379,0.97028,0.08164,0.74000,1.22000,0.04000,0.79000,1.09000,0.06000,-0.61702,-17.91669,61.16552,-29.55368,-65.58698,41.03304
4.29060,0.00994,100.62880,ApproachEntry,Double,281.81260,169.88260,40.41491,142.28980,142.28980,0.00000,281.81260,40.41491,33.41491,0.00000,0.00000,0.00000,1.00000,6,6,1,0.62479,1.09837,0.01186,0.86379,0.97028,0.08164,0.74000,1.22000,0.04000,0.79000,1.09000,0.06000,-0.61702,-17.91669,61.16552,-29.55368,-65.58698,41.03304
4.33070,0.01061,94.28851,ApproachEntry,Double,281.81260,169.88260,40.41491,142.28980,142.28980,0.00000,281.81260,40.41491,33.41491,0.00000,0.00000,0.00000,1.00000,6,6,1,0.62479,1.09837,0.01186,0.86379,0.97028,0.08164,0.74000,1.22000,0.04000,0.79000,1.09000,0.06000,-0.61702,-17.91669,61.16552,-29.55368,-65.58698,41.03304
4.36201,0.01086,92.04807,ApproachEntry,Double,281.81260,169.88260,40.41491,142.28980,142.28980,0.00000,281.81260,40.41491,33.41491,0.00000,0.00000,0.00000,1.00000,6,6,1,0.62479,1.09837,0.01186,0.86379,0.97028,0.08164,0.74000,1.22000,0.04000,0.79000,1.09000,0.06000,-0.61702,-17.91669,61.16552,-29.55368,-65.58698,41.03304
4.40219,0.01048,95.39048,ApproachEntry,Double,281.81260,169.88260,40.41491,142.28980,142.28980,0.00000,281.81260,40.41491,33.41491,0.00000,0.00000,0.00000,1.00000,6,6,1,0.62479,1.09837,0.01186,0.86379,0.97028,0.08164,0.74000,1.22000,0.04000,0.79000,1.09000,0.06000,-0.61702,-17.91669,61.16552,-29.55368,-65.58698,41.03304
4.43300,0.00947,105.63450,ApproachEntry,Double,281.81260,169.88260,40.41491,142.28980,142.28980,0.00000,281.81260,40.41491,33.41491,0.00000,0.00000,0.00000,1.00000,6,6,1,0.62479,1.09837,0.01186,0.86379,0.97028,0.08164,0.74000,1.22000,0.04000,0.79000,1.09000,0.06000,-0.61702,-17.91669,61.16552,-29.55368,-65.58698,41.03304
4.47361,0.01075,93.04552,ApproachEntry,Double,281.81260,169.88260,40.41491,142.28980,142.28980,0.00000,281.81260,40.41491,33.41491,0.00000,0.00000,0.00000,1.00000,6,6,1,0.62479,1.09837,0.01186,0.86379,0.97028,0.08164,0.74000,1.22000,0.04000,0.79000,1.09000,0.06000,-0.61702,-17.91669,61.16552,-29.55368,-65.58698,41.03304
4.51230,0.00967,103.44810,ApproachEntry,Double,281.81260,169.88260,40.41491,142.28980,142.28980,0.00000,281.81260,40.41491,33.41491,0.00000,0.00000,0.00000,1.00000,6,6,1,0.62479,1.09837,0.01186,0.86379,0.97028,0.08164,0.74000,1.22000,0.04000,0.79000,1.09000,0.06000,-0.61702,-17.91669,61.16552,-29.55368,-65.58698,41.03304
4.54294,0.00951,105.13900,ApproachEntry,Double,281.81260,169.88260,40.41491,142.28980,142.28980,0.00000,281.81260,40.41491,33.41491,0.00000,0.00000,0.00000,1.00000,6,6,1,0.62479,1.09837,0.01186,0.86379,0.97028,0.08164,0.74000,1.22000,0.04000,0.79000,1.09000,0.06000,-0.61702,-17.91669,61.16552,-29.55368,-65.58698,41.03304
4.58011,0.00887,112.75090,ApproachEntry,Double,281.81260,169.88260,40.41491,142.28980,142.28980,0.00000,281.81260,40.41491,33.41491,0.00000,0.00000,0.00000,1.00000,6,6,1,0.62479,1.09837,0.01186,0.86379,0.97028,0.08164,0.74000,1.22000,0.04000,0.79000,1.09000,0.06000,-0.61702,-17.91669,61.16552,-29.55368,-65.58698,41.03304
4.61714,0.00946,105.65620,ApproachEntry,Double,281.81260,169.88260,40.41491,142.28980,142.28980,0.00000,281.81260,40.41491,33.41491,0.00000,0.00000,0.00000,1.00000,6,6,1,0.62479,1.09837,0.01186,0.86379,0.97028,0.08164,0.74000,1.22000,0.04000,0.79000,1.09000,0.06000,-0.61702,-17.91669,61.16552,-29.55368,-65.58698,41.03304
4.65418,0.00938,106.55590,ApproachEntry,Double,281.81260,169.88260,40.41491,142.28980,142.28980,0.00000,281.81260,40.41491,33.41491,0.00000,0.00000,0.00000,1.00000,6,6,1,0.62479,1.09837,0.01186,0.86379,0.97028,0.08164,0.74000,1.22000,0.04000,0.79000,1.09000,0.06000,-0.61702,-17.91669,61.16552,-29.55368,-65.58698,41.03304
4.69161,0.00919,108.84740,ApproachEntry,Double,281.81260,169.88260,40.41491,142.28980,142.28980,0.00000,281.81260,40.41491,33.41491,0.00000,0.00000,0.00000,1.00000,6,6,1,0.62479,1.09837,0.01186,0.86379,0.97028,0.08164,0.74000,1.22000,0.04000,0.79000,1.09000,0.06000,-0.61702,-17.91669,61.16552,-29.55368,-65.58698,41.03304
4.72830,0.00917,109.10420,ApproachEntry,Double,281.81260,169.88260,40.41491,142.28980,142.28980,0.00000,281.81260,40.41491,33.41491,0.00000,0.00000,0.00000,1.00000,6,6,1,0.62479,1.09837,0.01186,0.86379,0.97028,0.08164,0.74000,1.22000,0.04000,0.79000,1.09000,0.06000,-0.61702,-17.91669,61.16552,-29.55368,-65.58698,41.03304
4.76684,0.00945,105.77110,ApproachEntry,Double,281.81260,169.88260,40.41491,142.28980,142.28980,0.00000,281.81260,40.41491,33.41491,0.00000,0.00000,0.00000,1.00000,6,6,1,0.62479,1.09837,0.01186,0.86379,0.97028,0.08164,0.74000,1.22000,0.04000,0.79000,1.09000,0.06000,-0.61702,-17.91669,61.16552,-29.55368,-65.58698,41.03304
4.80391,0.00919,108.81110,ApproachEntry,Double,281.81260,169.88260,40.41491,142.28980,142.28980,0.00000,281.81260,40.41491,33.41491,0.00000,0.00000,0.00000,1.00000,6,6,1,0.62479,1.09837,0.01186,0.86379,0.97028,0.08164,0.74000,1.22000,0.04000,0.79000,1.09000,0.06000,-0.61702,-17.91669,61.16552,-29.55368,-65.58698,41.03304
4.84092,0.00897,111.44130,ApproachEntry,Double,281.81260,169.88260,40.41491,142.28980,142.28980,0.00000,281.81260,40.41491,33.41491,0.00000,0.00000,0.00000,1.00000,6,6,1,0.62479,1.09837,0.01186,0.86379,0.97028,0.08164,0.74000,1.22000,0.04000,0.79000,1.09000,0.06000,-0.61702,-17.91669,61.16552,-29.55368,-65.58698,41.03304
4.87829,0.00939,106.46120,ApproachEntry,Double,281.81260,169.88260,40.41491,142.28980,142.28980,0.00000,281.81260,40.41491,33.41491,0.00000,0.00000,0.00000,1.00000,6,6,1,0.62479,1.09837,0.01186,0.86379,0.97028,0.08164,0.74000,1.22000,0.04000,0.79000,1.09000,0.06000,-0.61702,-17.91669,61.16552,-29.55368,-65.58698,41.03304
4.91543,0.00923,108.39620,ApproachEntry,Double,281.81260,169.88260,40.41491,142.28980,142.28980,0.00000,281.81260,40.41491,33.41491,0.00000,0.00000,0.00000,1.00000,6,6,1,0.62479,1.09837,0.01186,0.86379,0.97028,0.08164,0.74000,1.22000,0.04000,0.79000,1.09000,0.06000,-0.61702,-17.91669,61.16552,-29.55368,-65.58698,41.03304
4.94694,0.00935,106.90610,ApproachEntry,Double,281.81260,169.88260,40.41491,142.28980,142.28980,0.00000,281.81260,40.41491,33.41491,0.00000,0.00000,0.00000,1.00000,6,6,1,0.62479,1.09837,0.01186,0.86379,0.97028,0.08164,0.74000,1.22000,0.04000,0.79000,1.09000,0.06000,-0.61702,-17.91669,61.16552,-29.55368,-65.58698,41.03304
4.98494,0.01025,97.54607,ApproachEntry,Double,281.81260,169.88260,40.41491,142.28980,142.28980,0.00000,281.81260,40.41491,33.41491,0.00000,0.00000,0.00000,1.00000,6,6,1,0.62479,1.09837,0.01186,0.86379,0.97028,0.08164,0.74000,1.22000,0.04000,0.79000,1.09000,0.06000,-0.61702,-17.91669,61.16552,-29.55368,-65.58698,41.03304
5.01780,0.01413,70.75858,ApproachEntry,Double,281.81260,169.88260,40.41491,142.28980,142.28980,0.00000,281.81260,40.41491,33.41491,0.00000,0.00000,0.00000,1.00000,6,6,1,0.62479,1.09837,0.01186,0.86379,0.97028,0.08164,0.74000,1.22000,0.04000,0.79000,1.09000,0.06000,-0.61702,-17.91669,61.16552,-29.55368,-65.58698,41.03304
5.05582,0.00965,103.67950,ApproachEntry,Double,281.81260,169.88260,40.41491,142.28980,142.28980,0.00000,281.81260,40.41491,33.41491,0.00000,0.00000,0.00000,1.00000,6,6,1,0.62479,1.09837,0.01186,0.86379,0.97028,0.08164,0.74000,1.22000,0.04000,0.79000,1.09000,0.06000,-0.61702,-17.91669,61.16552,-29.55368,-65.58698,41.03304
5.08678,0.01043,95.86266,ApproachEntry,Double,281.81260,169.88260,40.41491,142.28980,142.28980,0.00000,281.81260,40.41491,33.41491,0.00000,0.00000,0.00000,1.00000,6,6,1,0.62479,1.09837,0.01186,0.86379,0.97028,0.08164,0.74000,1.22000,0.04000,0.79000,1.09000,0.06000,-0.61702,-17.91669,61.16552,-29.55368,-65.58698,41.03304
5.11682,0.00935,106.95640,ApproachEntry,Double,281.81260,169.88260,40.41491,142.28980,142.28980,0.00000,281.81260,40.41491,33.41491,0.00000,0.00000,0.00000,1.00000,6,6,1,0.62479,1.09837,0.01186,0.86379,0.97028,0.08164,0.74000,1.22000,0.04000,0.79000,1.09000,0.06000,-0.61702,-17.91669,61.16552,-29.55368,-65.58698,41.03304
5.15377,0.00925,108.12510,ApproachEntry,Double,281.81260,169.88260,40.41491,142.28980,142.28980,0.00000,281.81260,40.41491,33.41491,0.00000,0.00000,0.00000,1.00000,6,6,1,0.62479,1.09837,0.01186,0.86379,0.97028,0.08164,0.74000,1.22000,0.04000,0.79000,1.09000,0.06000,-0.61702,-17.91669,61.16552,-29.55368,-65.58698,41.03304
5.18391,0.01038,96.30701,ApproachEntry,Double,281.81260,169.88260,40.41491,142.28980,142.28980,0.00000,281.81260,40.41491,33.41491,0.00000,0.00000,0.00000,1.00000,6,6,1,0.62479,1.09837,0.01186,0.86379,0.97028,0.08164,0.74000,1.22000,0.04000,0.79000,1.09000,0.06000,-0.61702,-17.91669,61.16552,-29.55368,-65.58698,41.03304
5.22159,0.00910,109.92780,ApproachEntry,Double,281.81260,169.88260,40.41491,142.28980,142.28980,0.00000,281.81260,40.41491,33.41491,0.00000,0.00000,0.00000,1.00000,6,6,1,0.62479,1.09837,0.01186,0.86379,0.97028,0.08164,0.74000,1.22000,0.04000,0.79000,1.09000,0.06000,-0.61702,-17.91669,61.16552,-29.55368,-65.58698,41.03304
5.25892,0.00921,108.61910,ApproachEntry,Double,281.81260,169.88260,40.41491,142.28980,142.28980,0.00000,281.81260,40.41491,33.41491,0.00000,0.00000,0.00000,1.00000,6,6,1,0.62479,1.09837,0.01186,0.86379,0.97028,0.08164,0.74000,1.22000,0.04000,0.79000,1.09000,0.06000,-0.61702,-17.91669,61.16552,-29.55368,-65.58698,41.03304
5.29609,0.00947,105.64410,ApproachEntry,Double,281.81260,169.88260,40.41491,142.28980,142.28980,0.00000,281.81260,40.41491,33.41491,0.00000,0.00000,0.00000,1.00000,6,6,1,0.62479,1.09837,0.01186,0.86379,0.97028,0.08164,0.74000,1.22000,0.04000,0.79000,1.09000,0.06000,-0.61702,-17.91669,61.16552,-29.55368,-65.58698,41.03304
5.33279,0.00929,107.64090,ApproachEntry,Double,281.81260,169.88260,40.41491,142.28980,142.28980,0.00000,281.81260,40.41491,33.41491,0.00000,0.00000,0.00000,1.00000,6,6,1,0.62479,1.09837,0.01186,0.86379,0.97028,0.08164,0.74000,1.22000,0.04000,0.79000,1.09000,0.06000,-0.61702,-17.91669,61.16552,-29.55368,-65.58698,41.03304
5.36895,0.00869,115.02000,ApproachEntry,Double,281.81260,169.88260,40.41491,142.28980,142.28980,0.00000,281.81260,40.41491,33.41491,0.00000,0.00000,0.00000,1.00000,6,6,1,0.62479,1.09837,0.01186,0.86379,0.97028,0.08164,0.74000,1.22000,0.04000,0.79000,1.09000,0.06000,-0.61702,-17.91669,61.16552,-29.55368,-65.58698,41.03304
5.40599,0.00942,106.18370,ApproachEntry,Double,281.81260,169.88260,40.41491,142.28980,142.28980,0.00000,281.81260,40.41491,33.41491,0.00000,0.00000,0.00000,1.00000,6,6,1,0.62479,1.09837,0.01186,0.86379,0.97028,0.08164,0.74000,1.22000,0.04000,0.79000,1.09000,0.06000,-0.61702,-17.91669,61.16552,-29.55368,-65.58698,41.03304
5.44284,0.00900,111.08480,ApproachEntry,Double,281.81260,169.88260,40.41491,142.28980,142.28980,0.00000,281.81260,40.41491,33.41491,0.00000,0.00000,0.00000,1.00000,6,6,1,0.62479,1.09837,0.01186,0.86379,0.97028,0.08164,0.74000,1.22000,0.04000,0.79000,1.09000,0.06000,-0.61702,-17.91669,61.16552,-29.55368,-65.58698,41.03304
5.47356,0.00935,106.92120,ApproachEntry,Double,281.81260,169.88260,40.41491,142.28980,142.28980,0.00000,281.81260,40.41491,33.41491,0.00000,0.00000,0.00000,1.00000,6,6,1,0.62479,1.09837,0.01186,0.86379,0.97028,0.08164,0.74000,1.22000,0.04000,0.79000,1.09000,0.06000,-0.61702,-17.91669,61.16552,-29.55368,-65.58698,41.03304
5.50998,0.00949,105.35200,ApproachEntry,Double,281.81260,169.88260,40.41491,142.28980,142.28980,0.00000,281.81260,40.41491,33.41491,0.00000,0.00000,0.00000,1.00000,6,6,1,0.62479,1.09837,0.01186,0.86379,0.97028,0.08164,0.74000,1.22000,0.04000,0.79000,1.09000,0.06000,-0.61702,-17.91669,61.16552,-29.55368,-65.58698,41.03304
5.54881,0.00951,105.14440,ApproachEntry,Double,281.81260,169.88260,40.41491,142.28980,142.28980,0.00000,281.81260,40.41491,33.41491,0.00000,0.00000,0.00000,1.00000,6,6,1,0.62479,1.09837,0.01186,0.86379,0.97028,0.08164,0.74000,1.22000,0.04000,0.79000,1.09000,0.06000,-0.61702,-17.91669,61.16552,-29.55368,-65.58698,41.03304
5.58542,0.00888,112.62050,ApproachEntry,Double,281.81260,169.88260,40.41491,142.28980,142.28980,0.00000,281.81260,40.41491,33.41491,0.00000,0.00000,0.00000,1.00000,6,6,1,0.62479,1.09837,0.01186,0.86379,0.97028,0.08164,0.74000,1.22000,0.04000,0.79000,1.09000,0.06000,-0.61702,-17.91669,61.16552,-29.55368,-65.58698,41.03304
5.61889,0.01301,76.88528,ApproachEntry,Double,281.81260,169.88260,40.41491,142.28980,142.28980,0.00000,281.81260,40.41491,33.41491,0.00000,0.00000,0.00000,1.00000,6,6,1,0.62479,1.09837,0.01186,0.86379,0.97028,0.08164,0.74000,1.22000,0.04000,0.79000,1.09000,0.06000,-0.61702,-17.91669,61.16552,-29.55368,-65.58698,41.03304
5.65642,0.00948,105.52260,ApproachEntry,Double,281.81260,169.88260,40.41491,142.28980,142.28980,0.00000,281.81260,40.41491,33.41491,0.00000,0.00000,0.00000,1.00000,6,6,1,0.62479,1.09837,0.01186,0.86379,0.97028,0.08164,0.74000,1.22000,0.04000,0.79000,1.09000,0.06000,-0.61702,-17.91669,61.16552,-29.55368,-65.58698,41.03304
5.68769,0.01202,83.18798,ApproachEntry,Double,281.81260,169.88260,40.41491,142.28980,142.28980,0.00000,281.81260,40.41491,33.41491,0.00000,0.00000,0.00000,1.00000,6,6,1,0.62479,1.09837,0.01186,0.86379,0.97028,0.08164,0.74000,1.22000,0.04000,0.79000,1.09000,0.06000,-0.61702,-17.91669,61.16552,-29.55368,-65.58698,41.03304
5.71896,0.01060,94.34744,ApproachEntry,Double,281.81260,169.88260,40.41491,142.28980,142.28980,0.00000,281.81260,40.41491,33.41491,0.00000,0.00000,0.00000,1.00000,6,6,1,0.62479,1.09837,0.01186,0.86379,0.97028,0.08164,0.74000,1.22000,0.04000,0.79000,1.09000,0.06000,-0.61702,-17.91669,61.16552,-29.55368,-65.58698,41.03304
5.75688,0.00944,105.92750,ApproachEntry,Double,281.81260,169.88260,40.41491,142.28980,142.28980,0.00000,281.81260,40.41491,33.41491,0.00000,0.00000,0.00000,1.00000,6,6,1,0.62479,1.09837,0.01186,0.86379,0.97028,0.08164,0.74000,1.22000,0.04000,0.79000,1.09000,0.06000,-0.61702,-17.91669,61.16552,-29.55368,-65.58698,41.03304
5.79411,0.00947,105.58170,ApproachEntry,Double,281.81260,169.88260,40.41491,142.28980,142.28980,0.00000,281.81260,40.41491,33.41491,0.00000,0.00000,0.00000,1.00000,6,6,1,0.62479,1.09837,0.01186,0.86379,0.97028,0.08164,0.74000,1.22000,0.04000,0.79000,1.09000,0.06000,-0.61702,-17.91669,61.16552,-29.55368,-65.58698,41.03304
5.83213,0.00994,100.56300,ApproachEntry,Double,281.81260,169.88260,40.41491,142.28980,142.28980,0.00000,281.81260,40.41491,33.41491,0.00000,0.00000,0.00000,1.00000,6,6,1,0.62479,1.09837,0.01186,0.86379,0.97028,0.08164,0.74000,1.22000,0.04000,0.79000,1.09000,0.06000,-0.61702,-17.91669,61.16552,-29.55368,-65.58698,41.03304
5.86863,0.00906,110.38850,ApproachEntry,Double,281.81260,169.88260,40.41491,142.28980,142.28980,0.00000,281.81260,40.41491,33.41491,0.00000,0.00000,0.00000,1.00000,6,6,1,0.62479,1.09837,0.01186,0.86379,0.97028,0.08164,0.74000,1.22000,0.04000,0.79000,1.09000,0.06000,-0.61702,-17.91669,61.16552,-29.55368,-65.58698,41.03304
5.90707,0.00921,108.60560,ApproachEntry,Double,281.81260,169.88260,40.41491,142.28980,142.28980,0.00000,281.81260,40.41491,33.41491,0.00000,0.00000,0.00000,1.00000,6,6,1,0.62479,1.09837,0.01186,0.86379,0.97028,0.08164,0.74000,1.22000,0.04000,0.79000,1.09000,0.06000,-0.61702,-17.91669,61.16552,-29.55368,-65.58698,41.03304
5.94445,0.00916,109.21940,ApproachEntry,Double,281.81260,169.88260,40.41491,142.28980,142.28980,0.00000,281.81260,40.41491,33.41491,0.00000,0.00000,0.00000,1.00000,6,6,1,0.62479,1.09837,0.01186,0.86379,0.97028,0.08164,0.74000,1.22000,0.04000,0.79000,1.09000,0.06000,-0.61702,-17.91669,61.16552,-29.55368,-65.58698,41.03304
5.98261,0.00926,108.01420,ApproachEntry,Double,281.81260,169.88260,40.41491,142.28980,142.28980,0.00000,281.81260,40.41491,33.41491,0.00000,0.00000,0.00000,1.00000,6,6,1,0.62479,1.09837,0.01186,0.86379,0.97028,0.08164,0.74000,1.22000,0.04000,0.79000,1.09000,0.06000,-0.61702,-17.91669,61.16552,-29.55368,-65.58698,41.03304
6.01985,0.00909,109.95800,ApproachEntry,Double,281.81260,169.88260,40.41491,142.28980,142.28980,0.00000,281.81260,40.41491,33.41491,0.00000,0.00000,0.00000,1.00000,6,6,1,0.62479,1.09837,0.01186,0.86379,0.97028,0.08164,0.74000,1.22000,0.04000,0.79000,1.09000,0.06000,-0.61702,-17.91669,61.16552,-29.55368,-65.58698,41.03304
6.05678,0.00922,108.46470,ApproachEntry,Double,281.81260,169.88260,40.41491,142.28980,142.28980,0.00000,281.81260,40.41491,33.41491,0.00000,0.00000,0.00000,1.00000,6,6,1,0.62479,1.09837,0.01186,0.86379,0.97028,0.08164,0.74000,1.22000,0.04000,0.79000,1.09000,0.06000,-0.61702,-17.91669,61.16552,-29.55368,-65.58698,41.03304
6.09369,0.00940,106.43630,ApproachEntry,Double,281.81260,169.88260,40.41491,142.28980,142.28980,0.00000,281.81260,40.41491,33.41491,0.00000,0.00000,0.00000,1.00000,6,6,1,0.62479,1.09837,0.01186,0.86379,0.97028,0.08164,0.74000,1.22000,0.04000,0.79000,1.09000,0.06000,-0.61702,-17.91669,61.16552,-29.55368,-65.58698,41.03304
6.12523,0.00948,105.48420,ApproachEntry,Double,281.81260,169.88260,40.41491,142.28980,142.28980,0.00000,281.81260,40.41491,33.41491,0.00000,0.00000,0.00000,1.00000,6,6,1,0.62479,1.09837,0.01186,0.86379,0.97028,0.08164,0.74000,1.22000,0.04000,0.79000,1.09000,0.06000,-0.61702,-17.91669,61.16552,-29.55368,-65.58698,41.03304
6.16484,0.00977,102.39520,ApproachEntry,Double,281.81260,169.88260,40.41491,142.28980,142.28980,0.00000,281.81260,40.41491,33.41491,0.00000,0.00000,0.00000,1.00000,6,6,1,0.62479,1.09837,0.01186,0.86379,0.97028,0.08164,0.74000,1.22000,0.04000,0.79000,1.09000,0.06000,-0.61702,-17.91669,61.16552,-29.55368,-65.58698,41.03304
6.19485,0.00976,102.47080,ApproachEntry,Double,281.81260,169.88260,40.41491,142.28980,142.28980,0.00000,281.81260,40.41491,33.41491,0.00000,0.00000,0.00000,1.00000,6,6,1,0.62479,1.09837,0.01186,0.86379,0.97028,0.08164,0.74000,1.22000,0.04000,0.79000,1.09000,0.06000,-0.61702,-17.91669,61.16552,-29.55368,-65.58698,41.03304
6.23356,0.01084,92.24011,ApproachEntry,Double,281.81260,169.88260,40.41491,142.28980,142.28980,0.00000,281.81260,40.41491,33.41491,0.00000,0.00000,0.00000,1.00000,6,6,1,0.62479,1.09837,0.01186,0.86379,0.97028,0.08164,0.74000,1.22000,0.04000,0.79000,1.09000,0.06000,-0.61702,-17.91669,61.16552,-29.55368,-65.58698,41.03304
6.27125,0.00956,104.61040,ApproachEntry,Double,281.81260,169.88260,40.41491,142.28980,142.28980,0.00000,281.81260,40.41491,33.41491,0.00000,0.00000,0.00000,1.00000,6,6,1,0.62479,1.09837,0.01186,0.86379,0.97028,0.08164,0.74000,1.22000,0.04000,0.79000,1.09000,0.06000,-0.61702,-17.91669,61.16552,-29.55368,-65.58698,41.03304
6.30822,0.00938,106.60870,ApproachEntry,Double,281.81260,169.88260,40.41491,142.28980,142.28980,0.00000,281.81260,40.41491,33.41491,0.00000,0.00000,0.00000,1.00000,6,6,1,0.62479,1.09837,0.01186,0.86379,0.97028,0.08164,0.74000,1.22000,0.04000,0.79000,1.09000,0.06000,-0.61702,-17.91669,61.16552,-29.55368,-65.58698,41.03304
6.34648,0.00997,100.30280,ApproachEntry,Double,281.81260,169.88260,40.41491,142.28980,142.28980,0.00000,281.81260,40.41491,33.41491,0.00000,0.00000,0.00000,1.00000,6,6,1,0.62479,1.09837,0.01186,0.86379,0.97028,0.08164,0.74000,1.22000,0.04000,0.79000,1.09000,0.06000,-0.61702,-17.91669,61.16552,-29.55368,-65.58698,41.03304
6.37919,0.00948,105.46390,ApproachEntry,Double,281.81260,169.88260,40.41491,142.28980,142.28980,0.00000,281.81260,40.41491,33.41491,0.00000,0.00000,0.00000,1.00000,6,6,1,0.62479,1.09837,0.01186,0.86379,0.97028,0.08164,0.74000,1.22000,0.04000,0.79000,1.09000,0.06000,-0.61702,-17.91669,61.16552,-29.55368,-65.58698,41.03304
6.41637,0.00909,110.07010,ApproachEntry,Double,281.81260,169.88260,40.41491,142.28980,142.28980,0.00000,281.81260,40.41491,33.41491,0.00000,0.00000,0.00000,1.00000,6,6,1,0.62479,1.09837,0.01186,0.86379,0.97028,0.08164,0.74000,1.22000,0.04000,0.79000,1.09000,0.06000,-0.61702,-17.91669,61.16552,-29.55368,-65.58698,41.03304
6.45427,0.01037,96.41676,ApproachEntry,Double,281.81260,169.88260,40.41491,142.28980,142.28980,0.00000,281.81260,40.41491,33.41491,0.00000,0.00000,0.00000,1.00000,6,6,1,0.62479,1.09837,0.01186,0.86379,0.97028,0.08164,0.74000,1.22000,0.04000,0.79000,1.09000,0.06000,-0.61702,-17.91669,61.16552,-29.55368,-65.58698,41.03304
6.48503,0.01131,88.42088,ApproachEntry,Double,281.81260,169.88260,40.41491,142.28980,142.28980,0.00000,281.81260,40.41491,33.41491,0.00000,0.00000,0.00000,1.00000,6,6,1,0.62479,1.09837,0.01186,0.86379,0.97028,0.08164,0.74000,1.22000,0.04000,0.79000,1.09000,0.06000,-0.61702,-17.91669,61.16552,-29.55368,-65.58698,41.03304
6.52338,0.00937,106.77640,ApproachEntry,Double,281.81260,169.88260,40.41491,142.28980,142.28980,0.00000,281.81260,40.41491,33.41491,0.00000,0.00000,0.00000,1.00000,6,6,1,0.62479,1.09837,0.01186,0.86379,0.97028,0.08164,0.74000,1.22000,0.04000,0.79000,1.09000,0.06000,-0.61702,-17.91669,61.16552,-29.55368,-65.58698,41.03304
6.56154,0.00942,106.16620,ApproachEntry,Double,281.81260,169.88260,40.41491,142.28980,142.28980,0.00000,281.81260,40.41491,33.41491,0.00000,0.00000,0.00000,1.00000,6,6,1,0.62479,1.09837,0.01186,0.86379,0.97028,0.08164,0.74000,1.22000,0.04000,0.79000,1.09000,0.06000,-0.61702,-17.91669,61.16552,-29.55368,-65.58698,41.03304
6.59916,0.00958,104.40400,ApproachEntry,Double,281.81260,169.88260,40.41491,142.28980,142.28980,0.00000,281.81260,40.41491,33.41491,0.00000,0.00000,0.00000,1.00000,6,6,1,0.62479,1.09837,0.01186,0.86379,0.97028,0.08164,0.74000,1.22000,0.04000,0.79000,1.09000,0.06000,-0.61702,-17.91669,61.16552,-29.55368,-65.58698,41.03304
6.62942,0.00963,103.79290,ApproachEntry,Double,281.81260,169.88260,40.41491,142.28980,142.28980,0.00000,281.81260,40.41491,33.41491,0.00000,0.00000,0.00000,1.00000,6,6,1,0.62479,1.09837,0.01186,0.86379,0.97028,0.08164,0.74000,1.22000,0.04000,0.79000,1.09000,0.06000,-0.61702,-17.91669,61.16552,-29.55368,-65.58698,41.03304
6.65960,0.01048,95.42376,ApproachEntry,Double,281.81260,169.88260,40.41491,142.28980,142.28980,0.00000,281.81260,40.41491,33.41491,0.00000,0.00000,0.00000,1.00000,6,6,1,0.62479,1.09837,0.01186,0.86379,0.97028,0.08164,0.74000,1.22000,0.04000,0.79000,1.09000,0.06000,-0.61702,-17.91669,61.16552,-29.55368,-65.58698,41.03304
6.69859,0.00997,100.34730,ApproachEntry,Double,281.81260,169.88260,40.41491,142.28980,142.28980,0.00000,281.81260,40.41491,33.41491,0.00000,0.00000,0.00000,1.00000,6,6,1,0.62479,1.09837,0.01186,0.86379,0.97028,0.08164,0.74000,1.22000,0.04000,0.79000,1.09000,0.06000,-0.61702,-17.91669,61.16552,-29.55368,-65.58698,41.03304
6.73315,0.01402,71.32745,ApproachEntry,Double,281.81260,169.88260,40.41491,142.28980,142.28980,0.00000,281.81260,40.41491,33.41491,0.00000,0.00000,0.00000,1.00000,6,6,1,0.62479,1.09837,0.01186,0.86379,0.97028,0.08164,0.74000,1.22000,0.04000,0.79000,1.09000,0.06000,-0.61702,-17.91669,61.16552,-29.55368,-65.58698,41.03304
6.77605,0.01371,72.96439,ApproachEntry,Double,281.81260,169.88260,40.41491,142.28980,142.28980,0.00000,281.81260,40.41491,33.41491,0.00000,0.00000,0.00000,1.00000,6,6,1,0.62479,1.09837,0.01186,0.86379,0.97028,0.08164,0.74000,1.22000,0.04000,0.79000,1.09000,0.06000,-0.61702,-17.91669,61.16552,-29.55368,-65.58698,41.03304
6.81539,0.01111,90.01733,ApproachEntry,Double,281.81260,169.88260,40.41491,142.28980,142.28980,0.00000,281.81260,40.41491,33.41491,0.00000,0.00000,0.00000,1.00000,6,6,1,0.62479,1.09837,0.01186,0.86379,0.97028,0.08164,0.74000,1.22000,0.04000,0.79000,1.09000,0.06000,-0.61702,-17.91669,61.16552,-29.55368,-65.58698,41.03304
6.85288,0.01179,84.83068,ApproachEntry,Double,281.81260,169.88260,40.41491,142.28980,142.28980,0.00000,281.81260,40.41491,33.41491,0.00000,0.00000,0.00000,1.00000,6,6,1,0.62479,1.09837,0.01186,0.86379,0.97028,0.08164,0.74000,1.22000,0.04000,0.79000,1.09000,0.06000,-0.61702,-17.91669,61.16552,-29.55368,-65.58698,41.03304
6.88862,0.00998,100.22710,ApproachEntry,Double,281.81260,169.88260,40.41491,142.28980,142.28980,0.00000,281.81260,40.41491,33.41491,0.00000,0.00000,0.00000,1.00000,6,6,1,0.62479,1.09837,0.01186,0.86379,0.97028,0.08164,0.74000,1.22000,0.04000,0.79000,1.09000,0.06000,-0.61702,-17.91669,61.16552,-29.55368,-65.58698,41.03304
6.91949,0.01024,97.64462,ApproachEntry,Double,281.81260,169.88260,40.41491,142.28980,142.28980,0.00000,281.81260,40.41491,33.41491,0.00000,0.00000,0.00000,1.00000,6,6,1,0.62479,1.09837,0.01186,0.86379,0.97028,0.08164,0.74000,1.22000,0.04000,0.79000,1.09000,0.06000,-0.61702,-17.91669,61.16552,-29.55368,-65.58698,41.03304
6.95968,0.01032,96.88648,ApproachEntry,Double,281.81260,169.88260,40.41491,142.28980,142.28980,0.00000,281.81260,40.41491,33.41491,0.00000,0.00000,0.00000,1.00000,6,6,1,0.62479,1.09837,0.01186,0.86379,0.97028,0.08164,0.74000,1.22000,0.04000,0.79000,1.09000,0.06000,-0.61702,-17.91669,61.16552,-29.55368,-65.58698,41.03304
6.99044,0.01020,98.04085,ApproachEntry,Double,281.81260,169.88260,40.41491,142.28980,142.28980,0.00000,281.81260,40.41491,33.41491,0.00000,0.00000,0.00000,1.00000,6,6,1,0.62479,1.09837,0.01186,0.86379,0.97028,0.08164,0.74000,1.22000,0.04000,0.79000,1.09000,0.06000,-0.61702,-17.91669,61.16552,-29.55368,-65.58698,41.03304
7.02280,0.01078,92.79510,ApproachEntry,Double,281.81260,169.88260,40.41491,142.28980,142.28980,0.00000,281.81260,40.41491,33.41491,0.00000,0.00000,0.00000,1.00000,6,6,1,0.62479,1.09837,0.01186,0.86379,0.97028,0.08164,0.74000,1.22000,0.04000,0.79000,1.09000,0.06000,-0.61702,-17.91669,61.16552,-29.55368,-65.58698,41.03304
7.05478,0.01062,94.14678,ApproachEntry,Double,281.81260,169.88260,40.41491,142.28980,142.28980,0.00000,281.81260,40.41491,33.41491,0.00000,0.00000,0.00000,1.00000,6,6,1,0.62479,1.09837,0.01186,0.86379,0.97028,0.08164,0.74000,1.22000,0.04000,0.79000,1.09000,0.06000,-0.61702,-17.91669,61.16552,-29.55368,-65.58698,41.03304
7.08630,0.01039,96.20261,ApproachEntry,Double,281.81260,169.88260,40.41491,142.28980,142.28980,0.00000,281.81260,40.41491,33.41491,0.00000,0.00000,0.00000,1.00000,6,6,1,0.62479,1.09837,0.01186,0.86379,0.97028,0.08164,0.74000,1.22000,0.04000,0.79000,1.09000,0.06000,-0.61702,-17.91669,61.16552,-29.55368,-65.58698,41.03304
7.11771,0.01033,96.84785,ApproachEntry,Double,281.81260,169.88260,40.41491,142.28980,142.28980,0.00000,281.81260,40.41491,33.41491,0.00000,0.00000,0.00000,1.00000,6,6,1,0.62479,1.09837,0.01186,0.86379,0.97028,0.08164,0.74000,1.22000,0.04000,0.79000,1.09000,0.06000,-0.61702,-17.91669,61.16552,-29.55368,-65.58698,41.03304
7.14953,0.01027,97.40219,ApproachEntry,Double,281.81260,169.88260,40.41491,142.28980,142.28980,0.00000,281.81260,40.41491,33.41491,0.00000,0.00000,0.00000,1.00000,6,6,1,0.62479,1.09837,0.01186,0.86379,0.97028,0.08164,0.74000,1.22000,0.04000,0.79000,1.09000,0.06000,-0.61702,-17.91669,61.16552,-29.55368,-65.58698,41.03304
7.18275,0.01169,85.55424,ApproachEntry,Double,281.81260,169.88260,40.41491,142.28980,142.28980,0.00000,281.81260,40.41491,33.41491,0.00000,0.00000,0.00000,1.00000,6,6,1,0.62479,1.09837,0.01186,0.86379,0.97028,0.08164,0.74000,1.22000,0.04000,0.79000,1.09000,0.06000,-0.61702,-17.91669,61.16552,-29.55368,-65.58698,41.03304
7.21488,0.01100,90.88538,ApproachEntry,Double,281.81260,169.88260,40.41491,142.28980,142.28980,0.00000,281.81260,40.41491,33.41491,0.00000,0.00000,0.00000,1.00000,6,6,1,0.62479,1.09837,0.01186,0.86379,0.97028,0.08164,0.74000,1.22000,0.04000,0.79000,1.09000,0.06000,-0.61702,-17.91669,61.16552,-29.55368,-65.58698,41.03304
7.25028,0.01060,94.33439,ApproachEntry,Double,281.81260,162.44470,40.41491,142.28980,142.28980,0.00000,281.81260,40.41491,33.41491,0.00000,0.00000,0.17756,1.00000,6,6,1,0.62479,1.09837,0.01186,0.86379,0.97028,0.08164,0.74000,1.22000,0.04000,0.79000,1.09000,0.06000,-0.61702,-17.91669,61.16552,-29.55368,-65.58698,41.03304
7.28203,0.01048,95.40434,ApproachEntry,Double,281.81260,162.44470,40.41491,142.28980,142.28980,0.00000,281.81260,40.41491,33.41491,0.00000,0.00000,0.17756,1.00000,6,6,1,0.62479,1.09837,0.01186,0.86379,0.97028,0.08164,0.74000,1.22000,0.04000,0.79000,1.09000,0.06000,-0.61702,-17.91669,61.16552,-29.55368,-65.58698,41.03304
7.31616,0.01157,86.43262,ApproachEntry,Double,281.81260,162.44470,40.41491,142.28980,142.28980,0.00000,281.81260,40.41491,33.41491,0.00000,0.00000,0.17756,1.00000,6,6,1,0.62479,1.09837,0.01186,0.86379,0.97028,0.08164,0.74000,1.22000,0.04000,0.79000,1.09000,0.06000,-0.61702,-17.91669,61.16552,-29.55368,-65.58698,41.03304
7.35167,0.01377,72.62229,ApproachEntry,Double,281.81260,162.44470,40.41491,142.28980,142.28980,0.00000,281.81260,40.41491,33.41491,0.00000,0.00000,0.17756,1.00000,6,6,1,0.62479,1.09837,0.01186,0.86379,0.97028,0.08164,0.74000,1.22000,0.04000,0.79000,1.09000,0.06000,-0.61702,-17.91669,61.16552,-29.55368,-65.58698,41.03304
7.38503,0.01036,96.52576,ApproachEntry,Double,281.81260,162.44470,40.41491,142.28980,142.28980,0.00000,281.81260,40.41491,33.41491,0.00000,0.00000,0.17756,1.00000,6,6,1,0.62479,1.09837,0.01186,0.86379,0.97028,0.08164,0.74000,1.22000,0.04000,0.79000,1.09000,0.06000,-0.61702,-17.91669,61.16552,-29.55368,-65.58698,41.03304
7.41779,0.01089,91.86221,ApproachEntry,Double,281.81260,162.44470,40.41491,142.28980,142.28980,0.00000,281.81260,40.41491,33.41491,0.00000,0.00000,0.17756,1.00000,6,6,1,0.62479,1.09837,0.01186,0.86379,0.97028,0.08164,0.74000,1.22000,0.04000,0.79000,1.09000,0.06000,-0.61702,-17.91669,61.16552,-29.55368,-65.58698,41.03304
7.45094,0.01093,91.48315,ApproachEntry,Double,281.81260,162.44470,40.41491,142.28980,142.28980,0.00000,281.81260,40.41491,33.41491,0.00000,0.00000,0.17756,1.00000,6,6,1,0.62479,1.09837,0.01186,0.86379,0.97028,0.08164,0.74000,1.22000,0.04000,0.79000,1.09000,0.06000,-0.61702,-17.91669,61.16552,-29.55368,-65.58698,41.03304
7.48299,0.01103,90.63310,ApproachEntry,Double,281.81260,162.44470,40.41491,142.28980,142.28980,0.00000,281.81260,40.41491,33.41491,0.00000,0.00000,0.17756,1.00000,6,6,1,0.62479,1.09837,0.01186,0.86379,0.97028,0.08164,0.74000,1.22000,0.04000,0.79000,1.09000,0.06000,-0.61702,-17.91669,61.16552,-29.55368,-65.58698,41.03304
7.51574,0.01126,88.84480,ApproachEntry,Double,281.81260,162.44470,40.41491,142.28980,142.28980,0.00000,281.81260,40.41491,33.41491,0.00000,0.00000,0.17756,1.00000,6,6,1,0.62479,1.09837,0.01186,0.86379,0.97028,0.08164,0.74000,1.22000,0.04000,0.79000,1.09000,0.06000,-0.61702,-17.91669,61.16552,-29.55368,-65.58698,41.03304
7.54876,0.01101,90.86782,ApproachEntry,Double,281.81260,162.44470,40.41491,142.28980,142.28980,0.00000,281.81260,40.41491,33.41491,0.00000,0.00000,0.17756,1.00000,6,6,1,0.62479,1.09837,0.01186,0.86379,0.97028,0.08164,0.74000,1.22000,0.04000,0.79000,1.09000,0.06000,-0.61702,-17.91669,61.16552,-29.55368,-65.58698,41.03304
7.58356,0.01129,88.60253,ApproachEntry,Double,281.81260,162.44470,40.41491,142.28980,142.28980,0.00000,281.81260,40.41491,33.41491,0.00000,0.00000,0.17756,1.00000,6,6,1,0.62479,1.09837,0.01186,0.86379,0.97028,0.08164,0.74000,1.22000,0.04000,0.79000,1.09000,0.06000,-0.61702,-17.91669,61.16552,-29.55368,-65.58698,41.03304
7.61940,0.01362,73.42214,ApproachEntry,Double,411.09410,236.21030,65.68362,301.39810,301.39810,0.00000,411.09410,65.68362,58.68362,0.00000,0.00000,0.00000,1.00000,6,6,1,0.78578,0.99002,0.06844,1.02765,0.97989,0.20914,0.74000,1.22000,0.04000,0.79000,1.09000,0.06000,-0.08375,0.27912,1.49475,-0.50049,-3.84000,0.73176
7.65193,0.00817,122.35920,ApproachEntry,Double,415.61820,229.93010,59.17123,298.29530,298.29530,0.00000,415.61820,59.17122,52.17122,0.00000,0.00000,0.00000,1.00000,6,6,1,0.77430,0.99394,0.06429,1.02307,0.95305,0.18611,0.74000,1.22000,0.04000,0.79000,1.09000,0.06000,-0.48344,-6.17438,16.85475,1.06565,-19.19999,4.78964
7.68409,0.00907,110.21710,ApproachEntry,Double,538.36410,361.57310,44.28580,398.99200,398.99200,0.00000,538.36410,44.28580,37.28580,0.00000,0.00000,0.00000,1.00000,6,6,1,0.73450,0.85888,0.05728,0.97044,0.74846,0.15995,0.74000,1.22000,0.04000,0.79000,1.09000,0.06000,-1.13217,-20.56339,32.21473,-4.20493,-34.55998,10.13334
7.71542,0.00751,133.06840,ApproachEntry,Double,613.79500,431.94760,31.68122,474.47480,474.47480,0.00000,613.79500,31.68122,24.68122,0.00000,0.00000,0.00000,1.00000,6,6,1,0.67554,0.79293,0.03421,0.89345,0.62835,0.09608,0.74000,1.22000,0.04000,0.79000,1.09000,0.06000,-1.34869,-31.51961,47.57472,-15.09085,-49.91996,24.97305
7.75242,0.00801,124.91510,ApproachEntry,Double,289.81780,174.05500,40.17748,150.00690,150.00690,0.00000,289.81780,40.17748,33.17748,0.00000,0.00000,0.00000,1.00000,6,6,1,0.62535,1.09118,0.01641,0.86364,0.96210,0.08683,0.74000,1.22000,0.04000,0.79000,1.09000,0.06000,-0.85525,-18.23380,60.80591,-28.86283,-65.27995,40.33303
7.78344,0.01282,78.01279,ApproachEntry,Double,281.81260,169.88260,40.41491,142.28980,142.28980,0.00000,281.81260,40.41491,33.41491,0.00000,0.00000,0.00000,1.00000,6,6,1,0.62479,1.09837,0.01186,0.86379,0.97028,0.08164,0.74000,1.22000,0.04000,0.79000,1.09000,0.06000,-0.61702,-17.91669,61.16552,-29.55368,-65.58698,41.03304
7.82116,0.01186,84.33135,ApproachEntry,Double,281.81260,169.88260,40.41491,142.28980,142.28980,0.00000,281.81260,40.41491,33.41491,0.00000,0.00000,0.00000,1.00000,6,6,1,0.62479,1.09837,0.01186,0.86379,0.97028,0.08164,0.74000,1.22000,0.04000,0.79000,1.09000,0.06000,-0.61702,-17.91669,61.16552,-29.55368,-65.58698,41.03304
7.85702,0.01169,85.56373,ApproachEntry,Double,281.81260,169.88260,40.41491,142.28980,142.28980,0.00000,281.81260,40.41491,33.41491,0.00000,0.00000,0.00000,1.00000,6,6,1,0.62479,1.09837,0.01186,0.86379,0.97028,0.08164,0.74000,1.22000,0.04000,0.79000,1.09000,0.06000,-0.61702,-17.91669,61.16552,-29.55368,-65.58698,41.03304
7.89181,0.01141,87.65511,ApproachEntry,Double,281.81260,169.88260,40.41491,142.28980,142.28980,0.00000,281.81260,40.41491,33.41491,0.00000,0.00000,0.00000,1.00000,6,6,1,0.62479,1.09837,0.01186,0.86379,0.97028,0.08164,0.74000,1.22000,0.04000,0.79000,1.09000,0.06000,-0.61702,-17.91669,61.16552,-29.55368,-65.58698,41.03304
7.92614,0.01127,88.74272,ApproachEntry,Double,281.81260,169.88260,40.41491,142.28980,142.28980,0.00000,281.81260,40.41491,33.41491,0.00000,0.00000,0.00000,1.00000,6,6,1,0.62479,1.09837,0.01186,0.86379,0.97028,0.08164,0.74000,1.22000,0.04000,0.79000,1.09000,0.06000,-0.61702,-17.91669,61.16552,-29.55368,-65.58698,41.03304
7.96208,0.01177,84.96772,ApproachEntry,Double,281.81260,169.88260,40.41491,142.28980,142.28980,0.00000,281.81260,40.41491,33.41491,0.00000,0.00000,0.00000,1.00000,6,6,1,0.62479,1.09837,0.01186,0.86379,0.97028,0.08164,0.74000,1.22000,0.04000,0.79000,1.09000,0.06000,-0.61702,-17.91669,61.16552,-29.55368,-65.58698,41.03304
7.99669,0.01160,86.18347,ApproachEntry,Double,281.81260,169.88260,40.41491,142.28980,142.28980,0.00000,281.81260,40.41491,33.41491,0.00000,0.00000,0.00000,1.00000,6,6,1,0.62479,1.09837,0.01186,0.86379,0.97028,0.08164,0.74000,1.22000,0.04000,0.79000,1.09000,0.06000,-0.61702,-17.91669,61.16552,-29.55368,-65.58698,41.03304
8.03280,0.01307,76.48640,ApproachEntry,Double,281.81260,169.88260,40.41491,142.28980,142.28980,0.00000,281.81260,40.41491,33.41491,0.00000,0.00000,0.00000,1.00000,6,6,1,0.62479,1.09837,0.01186,0.86379,0.97028,0.08164,0.74000,1.22000,0.04000,0.79000,1.09000,0.06000,-0.61702,-17.91669,61.16552,-29.55368,-65.58698,41.03304
8.06801,0.01132,88.32426,ApproachEntry,Double,281.81260,169.88260,40.41491,142.28980,142.28980,0.00000,281.81260,40.41491,33.41491,0.00000,0.00000,0.00000,1.00000,6,6,1,0.62479,1.09837,0.01186,0.86379,0.97028,0.08164,0.74000,1.22000,0.04000,0.79000,1.09000,0.06000,-0.61702,-17.91669,61.16552,-29.55368,-65.58698,41.03304
8.10351,0.01135,88.11964,ApproachEntry,Double,281.81260,169.88260,40.41491,142.28980,142.28980,0.00000,281.81260,40.41491,33.41491,0.00000,0.00000,0.00000,1.00000,6,6,1,0.62479,1.09837,0.01186,0.86379,0.97028,0.08164,0.74000,1.22000,0.04000,0.79000,1.09000,0.06000,-0.61702,-17.91669,61.16552,-29.55368,-65.58698,41.03304
8.13829,0.01159,86.27763,ApproachEntry,Double,281.81260,169.88260,40.41491,142.28980,142.28980,0.00000,281.81260,40.41491,33.41491,0.00000,0.00000,0.00000,1.00000,6,6,1,0.62479,1.09837,0.01186,0.86379,0.97028,0.08164,0.74000,1.22000,0.04000,0.79000,1.09000,0.06000,-0.61702,-17.91669,61.16552,-29.55368,-65.58698,41.03304
8.17529,0.01222,81.86152,ApproachEntry,Double,281.81260,169.88260,40.41491,142.28980,142.28980,0.00000,281.81260,40.41491,33.41491,0.00000,0.00000,0.00000,1.00000,6,6,1,0.62479,1.09837,0.01186,0.86379,0.97028,0.08164,0.74000,1.22000,0.04000,0.79000,1.09000,0.06000,-0.61702,-17.91669,61.16552,-29.55368,-65.58698,41.03304
8.21109,0.01159,86.25843,ApproachEntry,Double,281.81260,169.88260,40.41491,142.28980,142.28980,0.00000,281.81260,40.41491,33.41491,0.00000,0.00000,0.00000,1.00000,6,6,1,0.62479,1.09837,0.01186,0.86379,0.97028,0.08164,0.74000,1.22000,0.04000,0.79000,1.09000,0.06000,-0.61702,-17.91669,61.16552,-29.55368,-65.58698,41.03304
8.24628,0.01173,85.28017,ApproachEntry,Double,281.81260,169.88260,40.41491,142.28980,142.28980,0.00000,281.81260,40.41491,33.41491,0.00000,0.00000,0.00000,1.00000,6,6,1,0.62479,1.09837,0.01186,0.86379,0.97028,0.08164,0.74000,1.22000,0.04000,0.79000,1.09000,0.06000,-0.61702,-17.91669,61.16552,-29.55368,-65.58698,41.03304
8.27703,0.01851,54.03557,ApproachEntry,Double,411.09410,236.21030,65.68362,301.39810,301.39810,0.00000,411.09410,65.68362,58.68362,0.00000,0.00000,0.00000,1.00000,6,6,1,0.78578,0.99002,0.06844,1.02765,0.97989,0.20914,0.74000,1.22000,0.04000,0.79000,1.09000,0.06000,-0.08375,0.27912,1.49475,-0.50049,-3.84000,0.73176
8.31149,0.00823,121.51040,ApproachEntry,Double,415.61820,229.93010,59.17123,298.29530,298.29530,0.00000,415.61820,59.17122,52.17122,0.00000,0.00000,0.00000,1.00000,6,6,1,0.77430,0.99394,0.06429,1.02307,0.95305,0.18611,0.74000,1.22000,0.04000,0.79000,1.09000,0.06000,-0.48344,-6.17438,16.85475,1.06565,-19.19999,4.78964
8.34623,0.00880,113.65950,ApproachEntry,Double,538.36410,361.57310,44.28580,398.99200,398.99200,0.00000,538.36410,44.28580,37.28580,0.00000,0.00000,0.00000,1.00000,6,6,1,0.73450,0.85888,0.05728,0.97044,0.74846,0.15995,0.74000,1.22000,0.04000,0.79000,1.09000,0.06000,-1.13217,-20.56339,32.21473,-4.20493,-34.55998,10.13334
8.38287,0.00853,117.17890,ApproachEntry,Double,613.79500,431.94760,31.68122,474.47480,474.47480,0.00000,613.79500,31.68122,24.68122,0.00000,0.00000,0.00000,1.00000,6,6,1,0.67554,0.79293,0.03421,0.89345,0.62835,0.09608,0.74000,1.22000,0.04000,0.79000,1.09000,0.06000,-1.34869,-31.51961,47.57472,-15.09085,-49.91996,24.97305
8.41885,0.00824,121.29730,ApproachEntry,Double,289.81780,174.05500,40.17748,150.00690,150.00690,0.00000,289.81780,40.17748,33.17748,0.00000,0.00000,0.00000,1.00000,6,6,1,0.62535,1.09118,0.01641,0.86364,0.96210,0.08683,0.74000,1.22000,0.04000,0.79000,1.09000,0.06000,-0.85525,-18.23380,60.80591,-28.86283,-65.27995,40.33303
8.45122,0.01219,82.04146,ApproachEntry,Double,281.81260,169.88260,40.41491,142.28980,142.28980,0.00000,281.81260,40.41491,33.41491,0.00000,0.00000,0.00000,1.00000,6,6,1,0.62479,1.09837,0.01186,0.86379,0.97028,0.08164,0.74000,1.22000,0.04000,0.79000,1.09000,0.06000,-0.61702,-17.91669,61.16552,-29.55368,-65.58698,41.03304
8.48880,0.00961,104.02950,ApproachEntry,Double,414.30550,235.50340,63.95946,302.65290,302.65290,0.00000,414.30550,63.95946,56.95946,0.00000,0.00000,0.00000,1.00000,6,6,1,0.78451,0.99046,0.06814,1.02813,0.97215,0.20494,0.74000,1.22000,0.04000,0.79000,1.09000,0.06000,-0.14587,-1.36299,5.33475,-1.39758,-7.68000,1.81573
8.52275,0.00825,121.20060,ApproachEntry,Double,432.94060,250.29020,56.34489,309.06230,309.06230,0.00000,432.94060,56.34489,49.34489,0.00000,0.00000,0.00000,1.00000,6,6,1,0.76650,0.97250,0.06619,1.01306,0.91798,0.18717,0.74000,1.22000,0.04000,0.79000,1.09000,0.06000,-0.76860,-9.04340,20.69474,1.36962,-23.03999,4.79348
8.55789,0.00974,102.64700,ApproachEntry,Double,575.80300,397.90740,40.14344,435.21600,435.21600,0.00000,575.80300,40.14344,33.14344,0.00000,0.00000,0.00000,1.00000,6,6,1,0.72000,0.82273,0.05022,0.95158,0.69406,0.14086,0.74000,1.22000,0.04000,0.79000,1.09000,0.06000,-1.19663,-24.40339,36.05473,-6.42751,-38.39997,13.46281
8.59472,0.00897,111.51510,ApproachEntry,Double,550.87360,374.08920,32.85943,411.07080,411.07080,0.00000,550.87360,32.85943,25.85943,0.00000,0.00000,0.00000,1.00000,6,6,1,0.66854,0.85284,0.03439,0.88995,0.69289,0.09599,0.74000,1.22000,0.04000,0.79000,1.09000,0.06000,-1.31965,-29.59402,51.41471,-18.40807,-53.75996,28.81304
8.63009,0.00858,116.48990,ApproachEntry,Double,281.81260,169.88260,40.41491,142.28980,142.28980,0.00000,281.81260,40.41491,33.41491,0.00000,0.00000,0.00000,1.00000,6,6,1,0.62479,1.09837,0.01186,0.86379,0.97028,0.08164,0.74000,1.22000,0.04000,0.79000,1.09000,0.06000,-0.61702,-17.91669,61.16552,-29.55368,-65.58698,41.03304
8.66907,0.01466,68.19019,ApproachEntry,Double,411.09410,236.21030,65.68362,301.39810,301.39810,0.00000,411.09410,65.68362,58.68362,0.00000,0.00000,0.00000,1.00000,6,6,1,0.78578,0.99002,0.06844,1.02765,0.97989,0.20914,0.74000,1.22000,0.04000,0.79000,1.09000,0.06000,-0.08375,0.27912,1.49475,-0.50049,-3.84000,0.73176
8.70577,0.00875,114.24030,ApproachEntry,Double,415.61820,229.93010,59.17123,298.29530,298.29530,0.00000,415.61820,59.17122,52.17122,0.00000,0.00000,0.00000,1.00000,6,6,1,0.77430,0.99394,0.06429,1.02307,0.95305,0.18611,0.74000,1.22000,0.04000,0.79000,1.09000,0.06000,-0.48344,-6.17438,16.85475,1.06565,-19.19999,4.78964
8.74322,0.00929,107.61610,ApproachEntry,Double,538.36410,361.57310,44.28580,398.99200,398.99200,0.00000,538.36410,44.28580,37.28580,0.00000,0.00000,0.00000,1.00000,6,6,1,0.73450,0.85888,0.05728,0.97044,0.74846,0.15995,0.74000,1.22000,0.04000,0.79000,1.09000,0.06000,-1.13217,-20.56339,32.21473,-4.20493,-34.55998,10.13334
8.77957,0.01002,99.82069,ApproachEntry,Double,613.79500,431.94760,31.68122,474.47480,474.47480,0.00000,613.79500,31.68122,24.68122,0.00000,0.00000,0.00000,1.00000,6,6,1,0.67554,0.79293,0.03421,0.89345,0.62835,0.09608,0.74000,1.22000,0.04000,0.79000,1.09000,0.06000,-1.34869,-31.51961,47.57472,-15.09085,-49.91996,24.97305
8.81513,0.00941,106.24650,ApproachEntry,Double,289.81780,174.05500,40.17748,150.00690,150.00690,0.00000,289.81780,40.17748,33.17748,0.00000,0.00000,0.00000,1.00000,6,6,1,0.62535,1.09118,0.01641,0.86364,0.96210,0.08683,0.74000,1.22000,0.04000,0.79000,1.09000,0.06000,-0.85525,-18.23380,60.80591,-28.86283,-65.27995,40.33303
8.84797,0.00953,104.91620,ApproachEntry,Double,414.30550,235.50340,63.95946,302.65290,302.65290,0.00000,414.30550,63.95946,56.95946,0.00000,0.00000,0.00000,1.00000,6,6,1,0.78451,0.99046,0.06814,1.02813,0.97215,0.20494,0.74000,1.22000,0.04000,0.79000,1.09000,0.06000,-0.14587,-1.36299,5.33475,-1.39758,-7.68000,1.81573
8.88308,0.00874,114.42640,ApproachEntry,Double,432.94060,250.29020,56.34489,309.06230,309.06230,0.00000,432.94060,56.34489,49.34489,0.00000,0.00000,0.00000,1.00000,6,6,1,0.76650,0.97250,0.06619,1.01306,0.91798,0.18717,0.74000,1.22000,0.04000,0.79000,1.09000,0.06000,-0.76860,-9.04340,20.69474,1.36962,-23.03999,4.79348
8.91935,0.00846,118.17320,ApproachEntry,Double,575.80300,397.90740,40.14344,435.21600,435.21600,0.00000,575.80300,40.14344,33.14344,0.00000,0.00000,0.00000,1.00000,6,6,1,0.72000,0.82273,0.05022,0.95158,0.69406,0.14086,0.74000,1.22000,0.04000,0.79000,1.09000,0.06000,-1.19663,-24.40339,36.05473,-6.42751,-38.39997,13.46281
8.95463,0.00889,112.53650,ApproachEntry,Double,550.87360,374.08920,32.85943,411.07080,411.07080,0.00000,550.87360,32.85943,25.85943,0.00000,0.00000,0.00000,1.00000,6,6,1,0.66854,0.85284,0.03439,0.88995,0.69289,0.09599,0.74000,1.22000,0.04000,0.79000,1.09000,0.06000,-1.31965,-29.59402,51.41471,-18.40807,-53.75996,28.81304
8.99208,0.00949,105.34870,ApproachEntry,Double,281.81260,169.88260,40.41491,142.28980,142.28980,0.00000,281.81260,40.41491,33.41491,0.00000,0.00000,0.00000,1.00000,6,6,1,0.62479,1.09837,0.01186,0.86379,0.97028,0.08164,0.74000,1.22000,0.04000,0.79000,1.09000,0.06000,-0.61702,-17.91669,61.16552,-29.55368,-65.58698,41.03304
9.03084,0.01315,76.05165,ApproachEntry,Double,281.81260,169.88260,40.41491,142.28980,142.28980,0.00000,281.81260,40.41491,33.41491,0.00000,0.00000,0.00000,1.00000,6,6,1,0.62479,1.09837,0.01186,0.86379,0.97028,0.08164,0.74000,1.22000,0.04000,0.79000,1.09000,0.06000,-0.61702,-17.91669,61.16552,-29.55368,-65.58698,41.03304
9.07222,0.01467,68.16077,ApproachEntry,Double,281.81260,169.88260,40.41491,142.28980,142.28980,0.00000,281.81260,40.41491,33.41491,0.00000,0.00000,0.00000,1.00000,6,6,1,0.62479,1.09837,0.01186,0.86379,0.97028,0.08164,0.74000,1.22000,0.04000,0.79000,1.09000,0.06000,-0.61702,-17.91669,61.16552,-29.55368,-65.58698,41.03304
9.11198,0.01330,75.18953,ApproachEntry,Double,281.81260,169.88260,40.41491,142.28980,142.28980,0.00000,281.81260,40.41491,33.41491,0.00000,0.00000,0.00000,1.00000,6,6,1,0.62479,1.09837,0.01186,0.86379,0.97028,0.08164,0.74000,1.22000,0.04000,0.79000,1.09000,0.06000,-0.61702,-17.91669,61.16552,-29.55368,-65.58698,41.03304
9.15180,0.01361,73.48392,ApproachEntry,Double,281.81260,169.88260,40.41491,142.28980,142.28980,0.00000,281.81260,40.41491,33.41491,0.00000,0.00000,0.00000,1.00000,6,6,1,0.62479,1.09837,0.01186,0.86379,0.97028,0.08164,0.74000,1.22000,0.04000,0.79000,1.09000,0.06000,-0.61702,-17.91669,61.16552,-29.55368,-65.58698,41.03304
9.19371,0.01316,76.00271,ApproachEntry,Double,281.81260,169.88260,40.41491,142.28980,142.28980,0.00000,281.81260,40.41491,33.41491,0.00000,0.00000,0.00000,1.00000,6,6,1,0.62479,1.09837,0.01186,0.86379,0.97028,0.08164,0.74000,1.22000,0.04000,0.79000,1.09000,0.06000,-0.61702,-17.91669,61.16552,-29.55368,-65.58698,41.03304
9.23245,0.01316,76.01339,ApproachEntry,Double,281.81260,169.88260,40.41491,142.28980,142.28980,0.00000,281.81260,40.41491,33.41491,0.00000,0.00000,0.00000,1.00000,6,6,1,0.62479,1.09837,0.01186,0.86379,0.97028,0.08164,0.74000,1.22000,0.04000,0.79000,1.09000,0.06000,-0.61702,-17.91669,61.16552,-29.55368,-65.58698,41.03304
9.27207,0.01314,76.08445,ApproachEntry,Double,281.81260,169.88260,40.41491,142.28980,142.28980,0.00000,281.81260,40.41491,33.41491,0.00000,0.00000,0.00000,1.00000,6,6,1,0.62479,1.09837,0.01186,0.86379,0.97028,0.08164,0.74000,1.22000,0.04000,0.79000,1.09000,0.06000,-0.61702,-17.91669,61.16552,-29.55368,-65.58698,41.03304
9.31258,0.01338,74.76406,ApproachEntry,Double,281.81260,169.88260,40.41491,142.28980,142.28980,0.00000,281.81260,40.41491,33.41491,0.00000,0.00000,0.00000,1.00000,6,6,1,0.62479,1.09837,0.01186,0.86379,0.97028,0.08164,0.74000,1.22000,0.04000,0.79000,1.09000,0.06000,-0.61702,-17.91669,61.16552,-29.55368,-65.58698,41.03304
9.35108,0.01328,75.30967,ApproachEntry,Double,281.81260,169.88260,40.41491,142.28980,142.28980,0.00000,281.81260,40.41491,33.41491,0.00000,0.00000,0.00000,1.00000,6,6,1,0.62479,1.09837,0.01186,0.86379,0.97028,0.08164,0.74000,1.22000,0.04000,0.79000,1.09000,0.06000,-0.61702,-17.91669,61.16552,-29.55368,-65.58698,41.03304
9.39257,0.01544,64.78473,ApproachEntry,Double,281.81260,169.88260,40.41491,142.28980,142.28980,0.00000,281.81260,40.41491,33.41491,0.00000,0.00000,0.00000,1.00000,6,6,1,0.62479,1.09837,0.01186,0.86379,0.97028,0.08164,0.74000,1.22000,0.04000,0.79000,1.09000,0.06000,-0.61702,-17.91669,61.16552,-29.55368,-65.58698,41.03304
9.43074,0.01314,76.12337,ApproachEntry,Double,281.81260,169.88260,40.41491,142.28980,142.28980,0.00000,281.81260,40.41491,33.41491,0.00000,0.00000,0.00000,1.00000,6,6,1,0.62479,1.09837,0.01186,0.86379,0.97028,0.08164,0.74000,1.22000,0.04000,0.79000,1.09000,0.06000,-0.61702,-17.91669,61.16552,-29.55368,-65.58698,41.03304
9.46946,0.01277,78.33224,ApproachEntry,Double,281.81260,169.88260,40.41491,142.28980,142.28980,0.00000,281.81260,40.41491,33.41491,0.00000,0.00000,0.00000,1.00000,6,6,1,0.62479,1.09837,0.01186,0.86379,0.97028,0.08164,0.74000,1.22000,0.04000,0.79000,1.09000,0.06000,-0.61702,-17.91669,61.16552,-29.55368,-65.58698,41.03304
9.50957,0.01281,78.04291,ApproachEntry,Double,281.81260,169.88260,40.41491,142.28980,142.28980,0.00000,281.81260,40.41491,33.41491,0.00000,0.00000,0.00000,1.00000,6,6,1,0.62479,1.09837,0.01186,0.86379,0.97028,0.08164,0.74000,1.22000,0.04000,0.79000,1.09000,0.06000,-0.61702,-17.91669,61.16552,-29.55368,-65.58698,41.03304
9.54806,0.01285,77.81775,ApproachEntry,Double,281.81260,169.88260,40.41491,142.28980,142.28980,0.00000,281.81260,40.41491,33.41491,0.00000,0.00000,0.00000,1.00000,6,6,1,0.62479,1.09837,0.01186,0.86379,0.97028,0.08164,0.74000,1.22000,0.04000,0.79000,1.09000,0.06000,-0.61702,-17.91669,61.16552,-29.55368,-65.58698,41.03304
9.58730,0.01259,79.44238,ApproachEntry,Double,281.81260,169.88260,40.41491,142.28980,142.28980,0.00000,281.81260,40.41491,33.41491,0.00000,0.00000,0.00000,1.00000,6,6,1,0.62479,1.09837,0.01186,0.86379,0.97028,0.08164,0.74000,1.22000,0.04000,0.79000,1.09000,0.06000,-0.61702,-17.91669,61.16552,-29.55368,-65.58698,41.03304
9.62800,0.01309,76.41127,ApproachEntry,Double,281.81260,169.88260,40.41491,142.28980,142.28980,0.00000,281.81260,40.41491,33.41491,0.00000,0.00000,0.00000,1.00000,6,6,1,0.62479,1.09837,0.01186,0.86379,0.97028,0.08164,0.74000,1.22000,0.04000,0.79000,1.09000,0.06000,-0.61702,-17.91669,61.16552,-29.55368,-65.58698,41.03304
9.66679,0.01271,78.66063,ApproachEntry,Double,281.81260,169.88260,40.41491,142.28980,142.28980,0.00000,281.81260,40.41491,33.41491,0.00000,0.00000,0.00000,1.00000,6,6,1,0.62479,1.09837,0.01186,0.86379,0.97028,0.08164,0.74000,1.22000,0.04000,0.79000,1.09000,0.06000,-0.61702,-17.91669,61.16552,-29.55368,-65.58698,41.03304
9.70813,0.01392,71.85372,ApproachEntry,Double,281.81260,169.88260,40.41491,142.28980,142.28980,0.00000,281.81260,40.41491,33.41491,0.00000,0.00000,0.00000,1.00000,6,6,1,0.62479,1.09837,0.01186,0.86379,0.97028,0.08164,0.74000,1.22000,0.04000,0.79000,1.09000,0.06000,-0.61702,-17.91669,61.16552,-29.55368,-65.58698,41.03304
9.74680,0.01288,77.61079,ApproachEntry,Double,281.81260,169.88260,40.41491,142.28980,142.28980,0.00000,281.81260,40.41491,33.41491,0.00000,0.00000,0.00000,1.00000,6,6,1,0.62479,1.09837,0.01186,0.86379,0.97028,0.08164,0.74000,1.22000,0.04000,0.79000,1.09000,0.06000,-0.61702,-17.91669,61.16552,-29.55368,-65.58698,41.03304
9.78585,0.01269,78.77712,ApproachEntry,Double,281.81260,169.88260,40.41491,142.28980,142.28980,0.00000,281.81260,40.41491,33.41491,0.00000,0.00000,0.00000,1.00000,6,6,1,0.62479,1.09837,0.01186,0.86379,0.97028,0.08164,0.74000,1.22000,0.04000,0.79000,1.09000,0.06000,-0.61702,-17.91669,61.16552,-29.55368,-65.58698,41.03304
9.82683,0.01284,77.87401,ApproachEntry,Double,281.81260,169.88260,40.41491,142.28980,142.28980,0.00000,281.81260,40.41491,33.41491,0.00000,0.00000,0.00000,1.00000,6,6,1,0.62479,1.09837,0.01186,0.86379,0.97028,0.08164,0.74000,1.22000,0.04000,0.79000,1.09000,0.06000,-0.61702,-17.91669,61.16552,-29.55368,-65.58698,41.03304
9.86618,0.01327,75.34115,ApproachEntry,Double,281.81260,169.88260,40.41491,142.28980,142.28980,0.00000,281.81260,40.41491,33.41491,0.00000,0.00000,0.00000,1.00000,6,6,1,0.62479,1.09837,0.01186,0.86379,0.97028,0.08164,0.74000,1.22000,0.04000,0.79000,1.09000,0.06000,-0.61702,-17.91669,61.16552,-29.55368,-65.58698,41.03304
9.90541,0.01276,78.38933,ApproachEntry,Double,281.81260,169.88260,40.41491,142.28980,142.28980,0.00000,281.81260,40.41491,33.41491,0.00000,0.00000,0.00000,1.00000,6,6,1,0.62479,1.09837,0.01186,0.86379,0.97028,0.08164,0.74000,1.22000,0.04000,0.79000,1.09000,0.06000,-0.61702,-17.91669,61.16552,-29.55368,-65.58698,41.03304
9.94592,0.01262,79.25272,ApproachEntry,Double,281.81260,169.88260,40.41491,142.28980,142.28980,0.00000,281.81260,40.41491,33.41491,0.00000,0.00000,0.00000,1.00000,6,6,1,0.62479,1.09837,0.01186,0.86379,0.97028,0.08164,0.74000,1.22000,0.04000,0.79000,1.09000,0.06000,-0.61702,-17.91669,61.16552,-29.55368,-65.58698,41.03304
9.99111,0.01615,61.92059,ApproachEntry,Double,281.81260,169.88260,40.41491,142.28980,142.28980,0.00000,281.81260,40.41491,33.41491,0.00000,0.00000,0.00000,1.00000,6,6,1,0.62479,1.09837,0.01186,0.86379,0.97028,0.08164,0.74000,1.22000,0.04000,0.79000,1.09000,0.06000,-0.61702,-17.91669,61.16552,-29.55368,-65.58698,41.03304
10.02159,0.01545,64.71296,ApproachEntry,Double,281.81260,169.88260,40.41491,142.28980,142.28980,0.00000,281.81260,40.41491,33.41491,0.00000,0.00000,0.00000,1.00000,6,6,1,0.62479,1.09837,0.01186,0.86379,0.97028,0.08164,0.74000,1.22000,0.04000,0.79000,1.09000,0.06000,-0.61702,-17.91669,61.16552,-29.55368,-65.58698,41.03304
10.05811,0.01906,52.46988,ApproachEntry,Double,281.81260,169.88260,40.41491,142.28980,142.28980,0.00000,281.81260,40.41491,33.41491,0.00000,0.00000,0.00000,1.00000,6,6,1,0.62479,1.09837,0.01186,0.86379,0.97028,0.08164,0.74000,1.22000,0.04000,0.79000,1.09000,0.06000,-0.61702,-17.91669,61.16552,-29.55368,-65.58698,41.03304
10.08980,0.01653,60.47861,ApproachEntry,Double,281.81260,169.88260,40.41491,142.28980,142.28980,0.00000,281.81260,40.41491,33.41491,0.00000,0.00000,0.00000,1.00000,6,6,1,0.62479,1.09837,0.01186,0.86379,0.97028,0.08164,0.74000,1.22000,0.04000,0.79000,1.09000,0.06000,-0.61702,-17.91669,61.16552,-29.55368,-65.58698,41.03304
10.11999,0.01549,64.56419,ApproachEntry,Double,281.81260,169.88260,40.41491,142.28980,142.28980,0.00000,281.81260,40.41491,33.41491,0.00000,0.00000,0.00000,1.00000,6,6,1,0.62479,1.09837,0.01186,0.86379,0.97028,0.08164,0.74000,1.22000,0.04000,0.79000,1.09000,0.06000,-0.61702,-17.91669,61.16552,-29.55368,-65.58698,41.03304
10.16189,0.01377,72.63485,ApproachEntry,Double,281.81260,169.88260,40.41491,142.28980,142.28980,0.00000,281.81260,40.41491,33.41491,0.00000,0.00000,0.00000,1.00000,6,6,1,0.62479,1.09837,0.01186,0.86379,0.97028,0.08164,0.74000,1.22000,0.04000,0.79000,1.09000,0.06000,-0.61702,-17.91669,61.16552,-29.55368,-65.58698,41.03304
10.20278,0.01335,74.89809,ApproachEntry,Double,281.81260,169.88260,40.41491,142.28980,142.28980,0.00000,281.81260,40.41491,33.41491,0.00000,0.00000,0.00000,1.00000,6,6,1,0.62479,1.09837,0.01186,0.86379,0.97028,0.08164,0.74000,1.22000,0.04000,0.79000,1.09000,0.06000,-0.61702,-17.91669,61.16552,-29.55368,-65.58698,41.03304
10.24454,0.01525,65.58849,ApproachEntry,Double,281.81260,169.88260,40.41491,142.28980,142.28980,0.00000,281.81260,40.41491,33.41491,0.00000,0.00000,0.00000,1.00000,6,6,1,0.62479,1.09837,0.01186,0.86379,0.97028,0.08164,0.74000,1.22000,0.04000,0.79000,1.09000,0.06000,-0.61702,-17.91669,61.16552,-29.55368,-65.58698,41.03304
10.28303,0.01291,77.42950,ApproachEntry,Double,281.81260,169.88260,40.41491,142.28980,142.28980,0.00000,281.81260,40.41491,33.41491,0.00000,0.00000,0.00000,1.00000,6,6,1,0.62479,1.09837,0.01186,0.86379,0.97028,0.08164,0.74000,1.22000,0.04000,0.79000,1.09000,0.06000,-0.61702,-17.91669,61.16552,-29.55368,-65.58698,41.03304
10.32147,0.01284,77.90036,ApproachEntry,Double,281.81260,169.88260,40.41491,142.28980,142.28980,0.00000,281.81260,40.41491,33.41491,0.00000,0.00000,0.00000,1.00000,6,6,1,0.62479,1.09837,0.01186,0.86379,0.97028,0.08164,0.74000,1.22000,0.04000,0.79000,1.09000,0.06000,-0.61702,-17.91669,61.16552,-29.55368,-65.58698,41.03304
10.36209,0.01351,74.00737,ApproachEntry,Double,281.81260,169.88260,40.41491,142.28980,142.28980,0.00000,281.81260,40.41491,33.41491,0.00000,0.00000,0.00000,1.00000,6,6,1,0.62479,1.09837,0.01186,0.86379,0.97028,0.08164,0.74000,1.22000,0.04000,0.79000,1.09000,0.06000,-0.61702,-17.91669,61.16552,-29.55368,-65.58698,41.03304
10.40137,0.01338,74.73191,ApproachEntry,Double,281.81260,169.88260,40.41491,142.28980,142.28980,0.00000,281.81260,40.41491,33.41491,0.00000,0.00000,0.00000,1.00000,6,6,1,0.62479,1.09837,0.01186,0.86379,0.97028,0.08164,0.74000,1.22000,0.04000,0.79000,1.09000,0.06000,-0.61702,-17.91669,61.16552,-29.55368,-65.58698,41.03304
10.44127,0.01370,72.98186,ApproachEntry,Double,281.81260,169.88260,40.41491,142.28980,142.28980,0.00000,281.81260,40.41491,33.41491,0.00000,0.00000,0.00000,1.00000,6,6,1,0.62479,1.09837,0.01186,0.86379,0.97028,0.08164,0.74000,1.22000,0.04000,0.79000,1.09000,0.06000,-0.61702,-17.91669,61.16552,-29.55368,-65.58698,41.03304
10.48110,0.01320,75.76648,ApproachEntry,Double,281.81260,169.88260,40.41491,142.28980,142.28980,0.00000,281.81260,40.41491,33.41491,0.00000,0.00000,0.00000,1.00000,6,6,1,0.62479,1.09837,0.01186,0.86379,0.97028,0.08164,0.74000,1.22000,0.04000,0.79000,1.09000,0.06000,-0.61702,-17.91669,61.16552,-29.55368,-65.58698,41.03304
10.51975,0.01287,77.72166,ApproachEntry,Double,281.81260,169.88260,40.41491,142.28980,142.28980,0.00000,281.81260,40.41491,33.41491,0.00000,0.00000,0.00000,1.00000,6,6,1,0.62479,1.09837,0.01186,0.86379,0.97028,0.08164,0.74000,1.22000,0.04000,0.79000,1.09000,0.06000,-0.61702,-17.91669,61.16552,-29.55368,-65.58698,41.03304
10.55963,0.01396,71.61867,ApproachEntry,Double,281.81260,169.88260,40.41491,142.28980,142.28980,0.00000,281.81260,40.41491,33.41491,0.00000,0.00000,0.00000,1.00000,6,6,1,0.62479,1.09837,0.01186,0.86379,0.97028,0.08164,0.74000,1.22000,0.04000,0.79000,1.09000,0.06000,-0.61702,-17.91669,61.16552,-29.55368,-65.58698,41.03304
10.59815,0.01287,77.70583,ApproachEntry,Double,281.81260,169.88260,40.41491,142.28980,142.28980,0.00000,281.81260,40.41491,33.41491,0.00000,0.00000,0.00000,1.00000,6,6,1,0.62479,1.09837,0.01186,0.86379,0.97028,0.08164,0.74000,1.22000,0.04000,0.79000,1.09000,0.06000,-0.61702,-17.91669,61.16552,-29.55368,-65.58698,41.03304
10.63702,0.01246,80.27993,ApproachEntry,Double,281.81260,169.88260,40.41491,142.28980,142.28980,0.00000,281.81260,40.41491,33.41491,0.00000,0.00000,0.00000,1.00000,6,6,1,0.62479,1.09837,0.01186,0.86379,0.97028,0.08164,0.74000,1.22000,0.04000,0.79000,1.09000,0.06000,-0.61702,-17.91669,61.16552,-29.55368,-65.58698,41.03304
10.67788,0.01317,75.93744,ApproachEntry,Double,281.81260,169.88260,40.41491,142.28980,142.28980,0.00000,281.81260,40.41491,33.41491,0.00000,0.00000,0.00000,1.00000,6,6,1,0.62479,1.09837,0.01186,0.86379,0.97028,0.08164,0.74000,1.22000,0.04000,0.79000,1.09000,0.06000,-0.61702,-17.91669,61.16552,-29.55368,-65.58698,41.03304
10.71766,0.01297,77.10035,ApproachEntry,Double,281.81260,169.88260,40.41491,142.28980,142.28980,0.00000,281.81260,40.41491,33.41491,0.00000,0.00000,0.00000,1.00000,6,6,1,0.62479,1.09837,0.01186,0.86379,0.97028,0.08164,0.74000,1.22000,0.04000,0.79000,1.09000,0.06000,-0.61702,-17.91669,61.16552,-29.55368,-65.58698,41.03304
10.75627,0.01311,76.26945,ApproachEntry,Double,281.81260,169.88260,40.41491,142.28980,142.28980,0.00000,281.81260,40.41491,33.41491,0.00000,0.00000,0.00000,1.00000,6,6,1,0.62479,1.09837,0.01186,0.86379,0.97028,0.08164,0.74000,1.22000,0.04000,0.79000,1.09000,0.06000,-0.61702,-17.91669,61.16552,-29.55368,-65.58698,41.03304
10.79708,0.01263,79.16602,ApproachEntry,Double,281.81260,169.88260,40.41491,142.28980,142.28980,0.00000,281.81260,40.41491,33.41491,0.00000,0.00000,0.00000,1.00000,6,6,1,0.62479,1.09837,0.01186,0.86379,0.97028,0.08164,0.74000,1.22000,0.04000,0.79000,1.09000,0.06000,-0.61702,-17.91669,61.16552,-29.55368,-65.58698,41.03304
10.83565,0.01246,80.22521,ApproachEntry,Double,281.81260,169.88260,40.41491,142.28980,142.28980,0.00000,281.81260,40.41491,33.41491,0.00000,0.00000,0.00000,1.00000,6,6,1,0.62479,1.09837,0.01186,0.86379,0.97028,0.08164,0.74000,1.22000,0.04000,0.79000,1.09000,0.06000,-0.61702,-17.91669,61.16552,-29.55368,-65.58698,41.03304
10.87594,0.01325,75.48046,ApproachEntry,Double,281.81260,169.88260,40.41491,142.28980,142.28980,0.00000,281.81260,40.41491,33.41491,0.00000,0.00000,0.00000,1.00000,6,6,1,0.62479,1.09837,0.01186,0.86379,0.97028,0.08164,0.74000,1.22000,0.04000,0.79000,1.09000,0.06000,-0.61702,-17.91669,61.16552,-29.55368,-65.58698,41.03304
10.91514,0.01289,77.55653,ApproachEntry,Double,281.81260,169.88260,40.41491,142.28980,142.28980,0.00000,281.81260,40.41491,33.41491,0.00000,0.00000,0.00000,1.00000,6,6,1,0.62479,1.09837,0.01186,0.86379,0.97028,0.08164,0.74000,1.22000,0.04000,0.79000,1.09000,0.06000,-0.61702,-17.91669,61.16552,-29.55368,-65.58698,41.03304
10.95465,0.01322,75.61890,ApproachEntry,Double,281.81260,169.88260,40.41491,142.28980,142.28980,0.00000,281.81260,40.41491,33.41491,0.00000,0.00000,0.00000,1.00000,6,6,1,0.62479,1.09837,0.01186,0.86379,0.97028,0.08164,0.74000,1.22000,0.04000,0.79000,1.09000,0.06000,-0.61702,-17.91669,61.16552,-29.55368,-65.58698,41.03304
10.99438,0.01328,75.29560,ApproachEntry,Double,281.81260,169.88260,40.41491,142.28980,142.28980,0.00000,281.81260,40.41491,33.41491,0.00000,0.00000,0.00000,1.00000,6,6,1,0.62479,1.09837,0.01186,0.86379,0.97028,0.08164,0.74000,1.22000,0.04000,0.79000,1.09000,0.06000,-0.61702,-17.91669,61.16552,-29.55368,-65.58698,41.03304
11.03305,0.01311,76.27527,ApproachEntry,Double,281.81260,169.88260,40.41491,142.28980,142.28980,0.00000,281.81260,40.41491,33.41491,0.00000,0.00000,0.00000,1.00000,6,6,1,0.62479,1.09837,0.01186,0.86379,0.97028,0.08164,0.74000,1.22000,0.04000,0.79000,1.09000,0.06000,-0.61702,-17.91669,61.16552,-29.55368,-65.58698,41.03304
11.07294,0.01320,75.73132,ApproachEntry,Double,281.81260,169.88260,40.41491,142.28980,142.28980,0.00000,281.81260,40.41491,33.41491,0.00000,0.00000,0.00000,1.00000,6,6,1,0.62479,1.09837,0.01186,0.86379,0.97028,0.08164,0.74000,1.22000,0.04000,0.79000,1.09000,0.06000,-0.61702,-17.91669,61.16552,-29.55368,-65.58698,41.03304
11.11303,0.01322,75.64059,ApproachEntry,Double,281.81260,169.88260,40.41491,142.28980,142.28980,0.00000,281.81260,40.41491,33.41491,0.00000,0.00000,0.00000,1.00000,6,6,1,0.62479,1.09837,0.01186,0.86379,0.97028,0.08164,0.74000,1.22000,0.04000,0.79000,1.09000,0.06000,-0.61702,-17.91669,61.16552,-29.55368,-65.58698,41.03304
11.15268,0.01309,76.40353,ApproachEntry,Double,281.81260,169.88260,40.41491,142.28980,142.28980,0.00000,281.81260,40.41491,33.41491,0.00000,0.00000,0.00000,1.00000,6,6,1,0.62479,1.09837,0.01186,0.86379,0.97028,0.08164,0.74000,1.22000,0.04000,0.79000,1.09000,0.06000,-0.61702,-17.91669,61.16552,-29.55368,-65.58698,41.03304
11.18270,0.01677,59.63383,ApproachEntry,Double,281.81260,169.88260,40.41491,142.28980,142.28980,0.00000,281.81260,40.41491,33.41491,0.00000,0.00000,0.00000,1.00000,6,6,1,0.62479,1.09837,0.01186,0.86379,0.97028,0.08164,0.74000,1.22000,0.04000,0.79000,1.09000,0.06000,-0.61702,-17.91669,61.16552,-29.55368,-65.58698,41.03304
11.21714,0.01582,63.22552,ApproachEntry,Double,411.09410,236.21030,65.68362,301.39810,301.39810,0.00000,411.09410,65.68362,58.68362,0.00000,0.00000,0.00000,1.00000,6,6,1,0.78578,0.99002,0.06844,1.02765,0.97989,0.20914,0.74000,1.22000,0.04000,0.79000,1.09000,0.06000,-0.08375,0.27912,1.49475,-0.50049,-3.84000,0.73176
11.24741,0.00940,106.38660,ApproachEntry,Double,419.13330,235.40220,60.45866,302.81410,302.81410,0.00000,419.13330,60.45866,53.45866,0.00000,0.00000,0.00000,1.00000,6,6,1,0.77924,0.98927,0.06527,1.02694,0.95447,0.19110,0.74000,1.22000,0.04000,0.79000,1.09000,0.06000,-0.30655,-4.76197,13.01475,-0.72241,-15.35999,4.33672
11.28623,0.00971,103.01980,ApproachEntry,Double,501.88170,324.86030,48.36350,365.38800,365.38800,0.00000,501.88170,48.36349,41.36349,0.00000,0.00000,0.00000,1.00000,6,6,1,0.74672,0.89602,0.06288,0.98627,0.80403,0.17492,0.74000,1.22000,0.04000,0.79000,1.09000,0.06000,-1.06294,-16.72339,28.37473,-2.25075,-30.71998,7.57237
11.32334,0.00902,110.87570,ApproachEntry,Double,634.91440,452.56450,32.70618,495.28200,495.28200,0.00000,634.91440,32.70618,25.70618,0.00000,0.00000,0.00000,1.00000,6,6,1,0.68626,0.77065,0.03627,0.90584,0.61041,0.10339,0.74000,1.22000,0.04000,0.79000,1.09000,0.06000,-1.32953,-31.07850,43.73472,-11.91358,-46.07997,21.13305
11.35930,0.00871,114.77320,ApproachEntry,Double,360.41200,218.07690,38.89472,219.79910,219.79910,0.00000,360.41200,38.89472,31.89472,0.00000,0.00000,0.00000,1.00000,6,6,1,0.64184,1.02585,0.02484,0.87756,0.89118,0.09338,0.74000,1.22000,0.04000,0.79000,1.09000,0.06000,-1.09140,-22.07380,59.09471,-25.23362,-61.43995,36.49304
11.39012,0.01277,78.31620,ApproachEntry,Double,281.81260,169.88260,40.41491,142.28980,142.28980,0.00000,281.81260,40.41491,33.41491,0.00000,0.00000,0.00000,1.00000,6,6,1,0.62479,1.09837,0.01186,0.86379,0.97028,0.08164,0.74000,1.22000,0.04000,0.79000,1.09000,0.06000,-0.61702,-17.91669,61.16552,-29.55368,-65.58698,41.03304
11.42893,0.01281,78.07979,ApproachEntry,Double,281.81260,169.88260,40.41491,142.28980,142.28980,0.00000,281.81260,40.41491,33.41491,0.00000,0.00000,0.00000,1.00000,6,6,1,0.62479,1.09837,0.01186,0.86379,0.97028,0.08164,0.74000,1.22000,0.04000,0.79000,1.09000,0.06000,-0.61702,-17.91669,61.16552,-29.55368,-65.58698,41.03304
11.46925,0.01254,79.77614,ApproachEntry,Double,281.81260,169.88260,40.41491,142.28980,142.28980,0.00000,281.81260,40.41491,33.41491,0.00000,0.00000,0.00000,1.00000,6,6,1,0.62479,1.09837,0.01186,0.86379,0.97028,0.08164,0.74000,1.22000,0.04000,0.79000,1.09000,0.06000,-0.61702,-17.91669,61.16552,-29.55368,-65.58698,41.03304
11.50753,0.01291,77.47261,ApproachEntry,Double,281.81260,169.88260,40.41491,142.28980,142.28980,0.00000,281.81260,40.41491,33.41491,0.00000,0.00000,0.00000,1.00000,6,6,1,0.62479,1.09837,0.01186,0.86379,0.97028,0.08164,0.74000,1.22000,0.04000,0.79000,1.09000,0.06000,-0.61702,-17.91669,61.16552,-29.55368,-65.58698,41.03304
11.54737,0.01402,71.31404,ApproachEntry,Double,281.81260,169.88260,40.41491,142.28980,142.28980,0.00000,281.81260,40.41491,33.41491,0.00000,0.00000,0.00000,1.00000,6,6,1,0.62479,1.09837,0.01186,0.86379,0.97028,0.08164,0.74000,1.22000,0.04000,0.79000,1.09000,0.06000,-0.61702,-17.91669,61.16552,-29.55368,-65.58698,41.03304
11.58548,0.01229,81.38686,ApproachEntry,Double,281.81260,169.88260,40.41491,142.28980,142.28980,0.00000,281.81260,40.41491,33.41491,0.00000,0.00000,0.00000,1.00000,6,6,1,0.62479,1.09837,0.01186,0.86379,0.97028,0.08164,0.74000,1.22000,0.04000,0.79000,1.09000,0.06000,-0.61702,-17.91669,61.16552,-29.55368,-65.58698,41.03304
11.62420,0.01308,76.47131,ApproachEntry,Double,281.81260,169.88260,40.41491,142.28980,142.28980,0.00000,281.81260,40.41491,33.41491,0.00000,0.00000,0.00000,1.00000,6,6,1,0.62479,1.09837,0.01186,0.86379,0.97028,0.08164,0.74000,1.22000,0.04000,0.79000,1.09000,0.06000,-0.61702,-17.91669,61.16552,-29.55368,-65.58698,41.03304
11.66420,0.01286,77.75215,ApproachEntry,Double,281.81260,169.88260,40.41491,142.28980,142.28980,0.00000,281.81260,40.41491,33.41491,0.00000,0.00000,0.00000,1.00000,6,6,1,0.62479,1.09837,0.01186,0.86379,0.97028,0.08164,0.74000,1.22000,0.04000,0.79000,1.09000,0.06000,-0.61702,-17.91669,61.16552,-29.55368,-65.58698,41.03304
11.70399,0.01270,78.71108,ApproachEntry,Double,281.81260,169.88260,40.41491,142.28980,142.28980,0.00000,281.81260,40.41491,33.41491,0.00000,0.00000,0.00000,1.00000,6,6,1,0.62479,1.09837,0.01186,0.86379,0.97028,0.08164,0.74000,1.22000,0.04000,0.79000,1.09000,0.06000,-0.61702,-17.91669,61.16552,-29.55368,-65.58698,41.03304
11.74265,0.01292,77.40445,ApproachEntry,Double,281.81260,169.88260,40.41491,142.28980,142.28980,0.00000,281.81260,40.41491,33.41491,0.00000,0.00000,0.00000,1.00000,6,6,1,0.62479,1.09837,0.01186,0.86379,0.97028,0.08164,0.74000,1.22000,0.04000,0.79000,1.09000,0.06000,-0.61702,-17.91669,61.16552,-29.55368,-65.58698,41.03304
11.78292,0.01425,70.16553,ApproachEntry,Double,281.81260,169.88260,40.41491,142.28980,142.28980,0.00000,281.81260,40.41491,33.41491,0.00000,0.00000,0.00000,1.00000,6,6,1,0.62479,1.09837,0.01186,0.86379,0.97028,0.08164,0.74000,1.22000,0.04000,0.79000,1.09000,0.06000,-0.61702,-17.91669,61.16552,-29.55368,-65.58698,41.03304
11.81650,0.00828,120.77170,ApproachEntry,Double,416.53670,234.59110,62.21661,302.77510,302.77510,0.00000,416.53670,62.21661,55.21661,0.00000,0.00000,0.00000,1.00000,6,6,1,0.78249,0.99085,0.06678,1.02841,0.96435,0.19800,0.74000,1.22000,0.04000,0.79000,1.09000,0.06000,-0.20660,-3.00592,9.17475,-1.63453,-11.52000,3.23911
11.85315,0.00876,114.18530,ApproachEntry,Double,466.62930,287.77510,52.37561,335.10780,335.10780,0.00000,466.62930,52.37561,45.37561,0.00000,0.00000,0.00000,1.00000,6,6,1,0.75714,0.93394,0.06625,1.00003,0.86055,0.18465,0.74000,1.22000,0.04000,0.79000,1.09000,0.06000,-0.95851,-12.88340,24.53474,-0.44537,-26.87998,5.76970
11.89140,0.00930,107.49200,ApproachEntry,Double,613.95530,433.81770,35.96145,473.50240,473.50240,0.00000,613.95530,35.96145,28.96145,0.00000,0.00000,0.00000,1.00000,6,6,1,0.70282,0.78779,0.04244,0.92843,0.64117,0.11993,0.74000,1.22000,0.04000,0.79000,1.09000,0.06000,-1.27110,-28.24338,39.89473,-8.98831,-42.23997,17.29305
11.92728,0.00928,107.79910,ApproachEntry,Double,456.97100,292.16760,35.74225,316.41520,316.41520,0.00000,456.97100,35.74224,28.74224,0.00000,0.00000,0.00000,1.00000,6,6,1,0.65894,0.93940,0.03242,0.88760,0.79131,0.09713,0.74000,1.22000,0.04000,0.79000,1.09000,0.06000,-1.23909,-25.91380,55.25471,-21.77708,-57.59996,32.65304
11.96658,0.01195,83.69466,ApproachEntry,Double,281.81260,169.88260,40.41491,142.28980,142.28980,0.00000,281.81260,40.41491,33.41491,0.00000,0.00000,0.00000,1.00000,6,6,1,0.62479,1.09837,0.01186,0.86379,0.97028,0.08164,0.74000,1.22000,0.04000,0.79000,1.09000,0.06000,-0.61702,-17.91669,61.16552,-29.55368,-65.58698,41.03304
12.00630,0.01253,79.83219,ApproachEntry,Double,281.81260,169.88260,40.41491,142.28980,142.28980,0.00000,281.81260,40.41491,33.41491,0.00000,0.00000,0.00000,1.00000,6,6,1,0.62479,1.09837,0.01186,0.86379,0.97028,0.08164,0.74000,1.22000,0.04000,0.79000,1.09000,0.06000,-0.61702,-17.91669,61.16552,-29.55368,-65.58698,41.03304
12.04583,0.01349,74.11920,ApproachEntry,Double,281.81260,169.88260,40.41491,142.28980,142.28980,0.00000,281.81260,40.41491,33.41491,0.00000,0.00000,0.00000,1.00000,6,6,1,0.62479,1.09837,0.01186,0.86379,0.97028,0.08164,0.74000,1.22000,0.04000,0.79000,1.09000,0.06000,-0.61702,-17.91669,61.16552,-29.55368,-65.58698,41.03304
12.08388,0.01261,79.32609,ApproachEntry,Double,281.81260,169.88260,40.41491,142.28980,142.28980,0.00000,281.81260,40.41491,33.41491,0.00000,0.00000,0.00000,1.00000,6,6,1,0.62479,1.09837,0.01186,0.86379,0.97028,0.08164,0.74000,1.22000,0.04000,0.79000,1.09000,0.06000,-0.61702,-17.91669,61.16552,-29.55368,-65.58698,41.03304
12.12211,0.01310,76.33769,ApproachEntry,Double,281.81260,169.88260,40.41491,142.28980,142.28980,0.00000,281.81260,40.41491,33.41491,0.00000,0.00000,0.00000,1.00000,6,6,1,0.62479,1.09837,0.01186,0.86379,0.97028,0.08164,0.74000,1.22000,0.04000,0.79000,1.09000,0.06000,-0.61702,-17.91669,61.16552,-29.55368,-65.58698,41.03304
12.16065,0.01295,77.21915,ApproachEntry,Double,281.81260,169.88260,40.41491,142.28980,142.28980,0.00000,281.81260,40.41491,33.41491,0.00000,0.00000,0.00000,1.00000,6,6,1,0.62479,1.09837,0.01186,0.86379,0.97028,0.08164,0.74000,1.22000,0.04000,0.79000,1.09000,0.06000,-0.61702,-17.91669,61.16552,-29.55368,-65.58698,41.03304
12.20248,0.01374,72.78361,ApproachEntry,Double,281.81260,169.88260,40.41491,142.28980,142.28980,0.00000,281.81260,40.41491,33.41491,0.00000,0.00000,0.00000,1.00000,6,6,1,0.62479,1.09837,0.01186,0.86379,0.97028,0.08164,0.74000,1.22000,0.04000,0.79000,1.09000,0.06000,-0.61702,-17.91669,61.16552,-29.55368,-65.58698,41.03304
12.24216,0.01367,73.15306,ApproachEntry,Double,281.81260,169.88260,40.41491,142.28980,142.28980,0.00000,281.81260,40.41491,33.41491,0.00000,0.00000,0.00000,1.00000,6,6,1,0.62479,1.09837,0.01186,0.86379,0.97028,0.08164,0.74000,1.22000,0.04000,0.79000,1.09000,0.06000,-0.61702,-17.91669,61.16552,-29.55368,-65.58698,41.03304
12.28006,0.01286,77.75862,ApproachEntry,Double,281.81260,169.88260,40.41491,142.28980,142.28980,0.00000,281.81260,40.41491,33.41491,0.00000,0.00000,0.00000,1.00000,6,6,1,0.62479,1.09837,0.01186,0.86379,0.97028,0.08164,0.74000,1.22000,0.04000,0.79000,1.09000,0.06000,-0.61702,-17.91669,61.16552,-29.55368,-65.58698,41.03304
12.31908,0.01299,76.96133,ApproachEntry,Double,281.81260,169.88260,40.41491,142.28980,142.28980,0.00000,281.81260,40.41491,33.41491,0.00000,0.00000,0.00000,1.00000,6,6,1,0.62479,1.09837,0.01186,0.86379,0.97028,0.08164,0.74000,1.22000,0.04000,0.79000,1.09000,0.06000,-0.61702,-17.91669,61.16552,-29.55368,-65.58698,41.03304
12.35785,0.01299,76.96793,ApproachEntry,Double,281.81260,169.88260,40.41491,142.28980,142.28980,0.00000,281.81260,40.41491,33.41491,0.00000,0.00000,0.00000,1.00000,6,6,1,0.62479,1.09837,0.01186,0.86379,0.97028,0.08164,0.74000,1.22000,0.04000,0.79000,1.09000,0.06000,-0.61702,-17.91669,61.16552,-29.55368,-65.58698,41.03304
12.39309,0.00910,109.89820,ApproachEntry,Double,416.53670,234.59110,62.21661,302.77510,302.77510,0.00000,416.53670,62.21661,55.21661,0.00000,0.00000,0.00000,1.00000,6,6,1,0.78249,0.99085,0.06678,1.02841,0.96435,0.19800,0.74000,1.22000,0.04000,0.79000,1.09000,0.06000,-0.20660,-3.00592,9.17475,-1.63453,-11.52000,3.23911
12.42899,0.00899,111.28730,ApproachEntry,Double,466.62930,287.77510,52.37561,335.10780,335.10780,0.00000,466.62930,52.37561,45.37561,0.00000,0.00000,0.00000,1.00000,6,6,1,0.75714,0.93394,0.06625,1.00003,0.86055,0.18465,0.74000,1.22000,0.04000,0.79000,1.09000,0.06000,-0.95851,-12.88340,24.53474,-0.44537,-26.87998,5.76970
12.46610,0.00925,108.12210,ApproachEntry,Double,613.95530,433.81770,35.96145,473.50240,473.50240,0.00000,613.95530,35.96145,28.96145,0.00000,0.00000,0.00000,1.00000,6,6,1,0.70282,0.78779,0.04244,0.92843,0.64117,0.11993,0.74000,1.22000,0.04000,0.79000,1.09000,0.06000,-1.27110,-28.24338,39.89473,-8.98831,-42.23997,17.29305
12.50407,0.00894,111.81440,ApproachEntry,Double,456.97100,292.16760,35.74225,316.41520,316.41520,0.00000,456.97100,35.74224,28.74224,0.00000,0.00000,0.00000,1.00000,6,6,1,0.65894,0.93940,0.03242,0.88760,0.79131,0.09713,0.74000,1.22000,0.04000,0.79000,1.09000,0.06000,-1.23909,-25.91380,55.25471,-21.77708,-57.59996,32.65304
12.54331,0.01237,80.85558,ApproachEntry,Double,281.81260,169.88260,40.41491,142.28980,142.28980,0.00000,281.81260,40.41491,33.41491,0.00000,0.00000,0.00000,1.00000,6,6,1,0.62479,1.09837,0.01186,0.86379,0.97028,0.08164,0.74000,1.22000,0.04000,0.79000,1.09000,0.06000,-0.61702,-17.91669,61.16552,-29.55368,-65.58698,41.03304
12.58243,0.01316,75.97570,ApproachEntry,Double,281.81260,169.88260,40.41491,142.28980,142.28980,0.00000,281.81260,40.41491,33.41491,0.00000,0.00000,0.00000,1.00000,6,6,1,0.62479,1.09837,0.01186,0.86379,0.97028,0.08164,0.74000,1.22000,0.04000,0.79000,1.09000,0.06000,-0.61702,-17.91669,61.16552,-29.55368,-65.58698,41.03304
12.62128,0.01294,77.26629,ApproachEntry,Double,281.81260,169.88260,40.41491,142.28980,142.28980,0.00000,281.81260,40.41491,33.41491,0.00000,0.00000,0.00000,1.00000,6,6,1,0.62479,1.09837,0.01186,0.86379,0.97028,0.08164,0.74000,1.22000,0.04000,0.79000,1.09000,0.06000,-0.61702,-17.91669,61.16552,-29.55368,-65.58698,41.03304
12.66016,0.01358,73.61349,ApproachEntry,Double,281.81260,169.88260,40.41491,142.28980,142.28980,0.00000,281.81260,40.41491,33.41491,0.00000,0.00000,0.00000,1.00000,6,6,1,0.62479,1.09837,0.01186,0.86379,0.97028,0.08164,0.74000,1.22000,0.04000,0.79000,1.09000,0.06000,-0.61702,-17.91669,61.16552,-29.55368,-65.58698,41.03304
12.69860,0.01273,78.53902,ApproachEntry,Double,281.81260,169.88260,40.41491,142.28980,142.28980,0.00000,281.81260,40.41491,33.41491,0.00000,0.00000,0.00000,1.00000,6,6,1,0.62479,1.09837,0.01186,0.86379,0.97028,0.08164,0.74000,1.22000,0.04000,0.79000,1.09000,0.06000,-0.61702,-17.91669,61.16552,-29.55368,-65.58698,41.03304
12.73735,0.01259,79.44255,ApproachEntry,Double,281.81260,169.88260,40.41491,142.28980,142.28980,0.00000,281.81260,40.41491,33.41491,0.00000,0.00000,0.00000,1.00000,6,6,1,0.62479,1.09837,0.01186,0.86379,0.97028,0.08164,0.74000,1.22000,0.04000,0.79000,1.09000,0.06000,-0.61702,-17.91669,61.16552,-29.55368,-65.58698,41.03304
12.77657,0.01333,75.00108,ApproachEntry,Double,281.81260,169.88260,40.41491,142.28980,142.28980,0.00000,281.81260,40.41491,33.41491,0.00000,0.00000,0.00000,1.00000,6,6,1,0.62479,1.09837,0.01186,0.86379,0.97028,0.08164,0.74000,1.22000,0.04000,0.79000,1.09000,0.06000,-0.61702,-17.91669,61.16552,-29.55368,-65.58698,41.03304
12.81633,0.01300,76.90334,ApproachEntry,Double,281.81260,169.88260,40.41491,142.28980,142.28980,0.00000,281.81260,40.41491,33.41491,0.00000,0.00000,0.00000,1.00000,6,6,1,0.62479,1.09837,0.01186,0.86379,0.97028,0.08164,0.74000,1.22000,0.04000,0.79000,1.09000,0.06000,-0.61702,-17.91669,61.16552,-29.55368,-65.58698,41.03304
12.85467,0.01248,80.12796,ApproachEntry,Double,281.81260,169.88260,40.41491,142.28980,142.28980,0.00000,281.81260,40.41491,33.41491,0.00000,0.00000,0.00000,1.00000,6,6,1,0.62479,1.09837,0.01186,0.86379,0.97028,0.08164,0.74000,1.22000,0.04000,0.79000,1.09000,0.06000,-0.61702,-17.91669,61.16552,-29.55368,-65.58698,41.03304
12.89478,0.01328,75.27573,ApproachEntry,Double,281.81260,169.88260,40.41491,142.28980,142.28980,0.00000,281.81260,40.41491,33.41491,0.00000,0.00000,0.00000,1.00000,6,6,1,0.62479,1.09837,0.01186,0.86379,0.97028,0.08164,0.74000,1.22000,0.04000,0.79000,1.09000,0.06000,-0.61702,-17.91669,61.16552,-29.55368,-65.58698,41.03304
12.93328,0.01297,77.07899,ApproachEntry,Double,281.81260,169.88260,40.41491,142.28980,142.28980,0.00000,281.81260,40.41491,33.41491,0.00000,0.00000,0.00000,1.00000,6,6,1,0.62479,1.09837,0.01186,0.86379,0.97028,0.08164,0.74000,1.22000,0.04000,0.79000,1.09000,0.06000,-0.61702,-17.91669,61.16552,-29.55368,-65.58698,41.03304
12.97190,0.01306,76.56973,ApproachEntry,Double,281.81260,169.88260,40.41491,142.28980,142.28980,0.00000,281.81260,40.41491,33.41491,0.00000,0.00000,0.00000,1.00000,6,6,1,0.62479,1.09837,0.01186,0.86379,0.97028,0.08164,0.74000,1.22000,0.04000,0.79000,1.09000,0.06000,-0.61702,-17.91669,61.16552,-29.55368,-65.58698,41.03304
13.01129,0.01352,73.95595,ApproachEntry,Double,281.81260,169.88260,40.41491,142.28980,142.28980,0.00000,281.81260,40.41491,33.41491,0.00000,0.00000,0.00000,1.00000,6,6,1,0.62479,1.09837,0.01186,0.86379,0.97028,0.08164,0.74000,1.22000,0.04000,0.79000,1.09000,0.06000,-0.61702,-17.91669,61.16552,-29.55368,-65.58698,41.03304
13.05248,0.01553,64.38699,ApproachEntry,Double,281.81260,169.88260,40.41491,142.28980,142.28980,0.00000,281.81260,40.41491,33.41491,0.00000,0.00000,0.00000,1.00000,6,6,1,0.62479,1.09837,0.01186,0.86379,0.97028,0.08164,0.74000,1.22000,0.04000,0.79000,1.09000,0.06000,-0.61702,-17.91669,61.16552,-29.55368,-65.58698,41.03304
13.08250,0.01352,73.95358,ApproachEntry,Double,281.81260,169.88260,40.41491,142.28980,142.28980,0.00000,281.81260,40.41491,33.41491,0.00000,0.00000,0.00000,1.00000,6,6,1,0.62479,1.09837,0.01186,0.86379,0.97028,0.08164,0.74000,1.22000,0.04000,0.79000,1.09000,0.06000,-0.61702,-17.91669,61.16552,-29.55368,-65.58698,41.03304
13.12308,0.01421,70.35947,ApproachEntry,Double,281.81260,169.88260,40.41491,142.28980,142.28980,0.00000,281.81260,40.41491,33.41491,0.00000,0.00000,0.00000,1.00000,6,6,1,0.62479,1.09837,0.01186,0.86379,0.97028,0.08164,0.74000,1.22000,0.04000,0.79000,1.09000,0.06000,-0.61702,-17.91669,61.16552,-29.55368,-65.58698,41.03304
13.16050,0.01280,78.13754,ApproachEntry,Double,281.81260,169.88260,40.41491,142.28980,142.28980,0.00000,281.81260,40.41491,33.41491,0.00000,0.00000,0.00000,1.00000,6,6,1,0.62479,1.09837,0.01186,0.86379,0.97028,0.08164,0.74000,1.22000,0.04000,0.79000,1.09000,0.06000,-0.61702,-17.91669,61.16552,-29.55368,-65.58698,41.03304
13.19932,0.01245,80.31402,ApproachEntry,Double,281.81260,169.88260,40.41491,142.28980,142.28980,0.00000,281.81260,40.41491,33.41491,0.00000,0.00000,0.00000,1.00000,6,6,1,0.62479,1.09837,0.01186,0.86379,0.97028,0.08164,0.74000,1.22000,0.04000,0.79000,1.09000,0.06000,-0.61702,-17.91669,61.16552,-29.55368,-65.58698,41.03304
13.23979,0.01397,71.57069,ApproachEntry,Double,281.81260,169.88260,40.41491,142.28980,142.28980,0.00000,281.81260,40.41491,33.41491,0.00000,0.00000,0.00000,1.00000,6,6,1,0.62479,1.09837,0.01186,0.86379,0.97028,0.08164,0.74000,1.22000,0.04000,0.79000,1.09000,0.06000,-0.61702,-17.91669,61.16552,-29.55368,-65.58698,41.03304
13.27863,0.01239,80.74247,ApproachEntry,Double,281.81260,169.88260,40.41491,142.28980,142.28980,0.00000,281.81260,40.41491,33.41491,0.00000,0.00000,0.00000,1.00000,6,6,1,0.62479,1.09837,0.01186,0.86379,0.97028,0.08164,0.74000,1.22000,0.04000,0.79000,1.09000,0.06000,-0.61702,-17.91669,61.16552,-29.55368,-65.58698,41.03304
13.31669,0.01220,81.95241,ApproachEntry,Double,281.81260,169.88260,40.41491,142.28980,142.28980,0.00000,281.81260,40.41491,33.41491,0.00000,0.00000,0.00000,1.00000,6,6,1,0.62479,1.09837,0.01186,0.86379,0.97028,0.08164,0.74000,1.22000,0.04000,0.79000,1.09000,0.06000,-0.61702,-17.91669,61.16552,-29.55368,-65.58698,41.03304
13.35514,0.01198,83.44440,ApproachEntry,Double,281.81260,169.88260,40.41491,142.28980,142.28980,0.00000,281.81260,40.41491,33.41491,0.00000,0.00000,0.00000,1.00000,6,6,1,0.62479,1.09837,0.01186,0.86379,0.97028,0.08164,0.74000,1.22000,0.04000,0.79000,1.09000,0.06000,-0.61702,-17.91669,61.16552,-29.55368,-65.58698,41.03304
13.39213,0.01267,78.94415,ApproachEntry,Double,281.81260,169.88260,40.41491,142.28980,142.28980,0.00000,281.81260,40.41491,33.41491,0.00000,0.00000,0.00000,1.00000,6,6,1,0.62479,1.09837,0.01186,0.86379,0.97028,0.08164,0.74000,1.22000,0.04000,0.79000,1.09000,0.06000,-0.61702,-17.91669,61.16552,-29.55368,-65.58698,41.03304
13.43156,0.01503,66.53123,ApproachEntry,Double,281.81260,169.88260,40.41491,142.28980,142.28980,0.00000,281.81260,40.41491,33.41491,0.00000,0.00000,0.00000,1.00000,6,6,1,0.62479,1.09837,0.01186,0.86379,0.97028,0.08164,0.74000,1.22000,0.04000,0.79000,1.09000,0.06000,-0.61702,-17.91669,61.16552,-29.55368,-65.58698,41.03304
13.47049,0.01231,81.22248,ApproachEntry,Double,281.81260,169.88260,40.41491,142.28980,142.28980,0.00000,281.81260,40.41491,33.41491,0.00000,0.00000,0.00000,1.00000,6,6,1,0.62479,1.09837,0.01186,0.86379,0.97028,0.08164,0.74000,1.22000,0.04000,0.79000,1.09000,0.06000,-0.61702,-17.91669,61.16552,-29.55368,-65.58698,41.03304
13.50673,0.01202,83.17944,ApproachEntry,Double,281.81260,169.88260,40.41491,142.28980,142.28980,0.00000,281.81260,40.41491,33.41491,0.00000,0.00000,0.00000,1.00000,6,6,1,0.62479,1.09837,0.01186,0.86379,0.97028,0.08164,0.74000,1.22000,0.04000,0.79000,1.09000,0.06000,-0.61702,-17.91669,61.16552,-29.55368,-65.58698,41.03304
13.54521,0.01354,73.84140,ApproachEntry,Double,281.81260,169.88260,40.41491,142.28980,142.28980,0.00000,281.81260,40.41491,33.41491,0.00000,0.00000,0.00000,1.00000,6,6,1,0.62479,1.09837,0.01186,0.86379,0.97028,0.08164,0.74000,1.22000,0.04000,0.79000,1.09000,0.06000,-0.61702,-17.91669,61.16552,-29.55368,-65.58698,41.03304
13.58232,0.01261,79.31731,ApproachEntry,Double,281.81260,169.88260,40.41491,142.28980,142.28980,0.00000,281.81260,40.41491,33.41491,0.00000,0.00000,0.00000,1.00000,6,6,1,0.62479,1.09837,0.01186,0.86379,0.97028,0.08164,0.74000,1.22000,0.04000,0.79000,1.09000,0.06000,-0.61702,-17.91669,61.16552,-29.55368,-65.58698,41.03304
13.61915,0.01251,79.93388,ApproachEntry,Double,281.81260,169.88260,40.41491,142.28980,142.28980,0.00000,281.81260,40.41491,33.41491,0.00000,0.00000,0.00000,1.00000,6,6,1,0.62479,1.09837,0.01186,0.86379,0.97028,0.08164,0.74000,1.22000,0.04000,0.79000,1.09000,0.06000,-0.61702,-17.91669,61.16552,-29.55368,-65.58698,41.03304
13.65796,0.01211,82.59722,ApproachEntry,Double,281.81260,169.88260,40.41491,142.28980,142.28980,0.00000,281.81260,40.41491,33.41491,0.00000,0.00000,0.00000,1.00000,6,6,1,0.62479,1.09837,0.01186,0.86379,0.97028,0.08164,0.74000,1.22000,0.04000,0.79000,1.09000,0.06000,-0.61702,-17.91669,61.16552,-29.55368,-65.58698,41.03304
13.69470,0.01203,83.15675,ApproachEntry,Double,281.81260,169.88260,40.41491,142.28980,142.28980,0.00000,281.81260,40.41491,33.41491,0.00000,0.00000,0.00000,1.00000,6,6,1,0.62479,1.09837,0.01186,0.86379,0.97028,0.08164,0.74000,1.22000,0.04000,0.79000,1.09000,0.06000,-0.61702,-17.91669,61.16552,-29.55368,-65.58698,41.03304
13.73156,0.01238,80.77385,ApproachEntry,Double,281.81260,169.88260,40.41491,142.28980,142.28980,0.00000,281.81260,40.41491,33.41491,0.00000,0.00000,0.00000,1.00000,6,6,1,0.62479,1.09837,0.01186,0.86379,0.97028,0.08164,0.74000,1.22000,0.04000,0.79000,1.09000,0.06000,-0.61702,-17.91669,61.16552,-29.55368,-65.58698,41.03304
13.76893,0.01189,84.10899,ApproachEntry,Double,281.81260,169.88260,40.41491,142.28980,142.28980,0.00000,281.81260,40.41491,33.41491,0.00000,0.00000,0.00000,1.00000,6,6,1,0.62479,1.09837,0.01186,0.86379,0.97028,0.08164,0.74000,1.22000,0.04000,0.79000,1.09000,0.06000,-0.61702,-17.91669,61.16552,-29.55368,-65.58698,41.03304
13.80147,0.00807,123.85640,ApproachEntry,Double,416.53670,234.59110,62.21661,302.77510,302.77510,0.00000,416.53670,62.21661,55.21661,0.00000,0.00000,0.00000,1.00000,6,6,1,0.78249,0.99085,0.06678,1.02841,0.96435,0.19800,0.74000,1.22000,0.04000,0.79000,1.09000,0.06000,-0.20660,-3.00592,9.17475,-1.63453,-11.52000,3.23911
13.83606,0.00904,110.61960,ApproachEntry,Double,466.62930,287.77510,52.37561,335.10780,335.10780,0.00000,466.62930,52.37561,45.37561,0.00000,0.00000,0.00000,1.00000,6,6,1,0.75714,0.93394,0.06625,1.00003,0.86055,0.18465,0.74000,1.22000,0.04000,0.79000,1.09000,0.06000,-0.95851,-12.88340,24.53474,-0.44537,-26.87998,5.76970
13.87124,0.00873,114.49650,ApproachEntry,Double,613.95530,433.81770,35.96145,473.50240,473.50240,0.00000,613.95530,35.96145,28.96145,0.00000,0.00000,0.00000,1.00000,6,6,1,0.70282,0.78779,0.04244,0.92843,0.64117,0.11993,0.74000,1.22000,0.04000,0.79000,1.09000,0.06000,-1.27110,-28.24338,39.89473,-8.98831,-42.23997,17.29305
13.90538,0.00871,114.83220,ApproachEntry,Double,456.97100,292.16760,35.74225,316.41520,316.41520,0.00000,456.97100,35.74224,28.74224,0.00000,0.00000,0.00000,1.00000,6,6,1,0.65894,0.93940,0.03242,0.88760,0.79131,0.09713,0.74000,1.22000,0.04000,0.79000,1.09000,0.06000,-1.23909,-25.91380,55.25471,-21.77708,-57.59996,32.65304
13.94561,0.01150,86.93825,ApproachEntry,Double,281.81260,169.88260,40.41491,142.28980,142.28980,0.00000,281.81260,40.41491,33.41491,0.00000,0.00000,0.00000,1.00000,6,6,1,0.62479,1.09837,0.01186,0.86379,0.97028,0.08164,0.74000,1.22000,0.04000,0.79000,1.09000,0.06000,-0.61702,-17.91669,61.16552,-29.55368,-65.58698,41.03304
13.98494,0.01265,79.07066,ApproachEntry,Double,281.81260,169.88260,40.41491,142.28980,142.28980,0.00000,281.81260,40.41491,33.41491,0.00000,0.00000,0.00000,1.00000,6,6,1,0.62479,1.09837,0.01186,0.86379,0.97028,0.08164,0.74000,1.22000,0.04000,0.79000,1.09000,0.06000,-0.61702,-17.91669,61.16552,-29.55368,-65.58698,41.03304
14.02239,0.01262,79.24270,ApproachEntry,Double,281.81260,169.88260,40.41491,142.28980,142.28980,0.00000,281.81260,40.41491,33.41491,0.00000,0.00000,0.00000,1.00000,6,6,1,0.62479,1.09837,0.01186,0.86379,0.97028,0.08164,0.74000,1.22000,0.04000,0.79000,1.09000,0.06000,-0.61702,-17.91669,61.16552,-29.55368,-65.58698,41.03304
14.06191,0.01281,78.05310,ApproachEntry,Double,281.81260,169.88260,40.41491,142.28980,142.28980,0.00000,281.81260,40.41491,33.41491,0.00000,0.00000,0.00000,1.00000,6,6,1,0.62479,1.09837,0.01186,0.86379,0.97028,0.08164,0.74000,1.22000,0.04000,0.79000,1.09000,0.06000,-0.61702,-17.91669,61.16552,-29.55368,-65.58698,41.03304
14.09889,0.01256,79.60087,ApproachEntry,Double,281.81260,169.88260,40.41491,142.28980,142.28980,0.00000,281.81260,40.41491,33.41491,0.00000,0.00000,0.00000,1.00000,6,6,1,0.62479,1.09837,0.01186,0.86379,0.97028,0.08164,0.74000,1.22000,0.04000,0.79000,1.09000,0.06000,-0.61702,-17.91669,61.16552,-29.55368,-65.58698,41.03304
14.13640,0.01202,83.21844,ApproachEntry,Double,281.81260,169.88260,40.41491,142.28980,142.28980,0.00000,281.81260,40.41491,33.41491,0.00000,0.00000,0.00000,1.00000,6,6,1,0.62479,1.09837,0.01186,0.86379,0.97028,0.08164,0.74000,1.22000,0.04000,0.79000,1.09000,0.06000,-0.61702,-17.91669,61.16552,-29.55368,-65.58698,41.03304
14.17459,0.01347,74.23930,ApproachEntry,Double,281.81260,169.88260,40.41491,142.28980,142.28980,0.00000,281.81260,40.41491,33.41491,0.00000,0.00000,0.00000,1.00000,6,6,1,0.62479,1.09837,0.01186,0.86379,0.97028,0.08164,0.74000,1.22000,0.04000,0.79000,1.09000,0.06000,-0.61702,-17.91669,61.16552,-29.55368,-65.58698,41.03304
14.21310,0.01298,77.04962,ApproachEntry,Double,281.81260,169.88260,40.41491,142.28980,142.28980,0.00000,281.81260,40.41491,33.41491,0.00000,0.00000,0.00000,1.00000,6,6,1,0.62479,1.09837,0.01186,0.86379,0.97028,0.08164,0.74000,1.22000,0.04000,0.79000,1.09000,0.06000,-0.61702,-17.91669,61.16552,-29.55368,-65.58698,41.03304
14.25048,0.01303,76.72939,ApproachEntry,Double,281.81260,169.88260,40.41491,142.28980,142.28980,0.00000,281.81260,40.41491,33.41491,0.00000,0.00000,0.00000,1.00000,6,6,1,0.62479,1.09837,0.01186,0.86379,0.97028,0.08164,0.74000,1.22000,0.04000,0.79000,1.09000,0.06000,-0.61702,-17.91669,61.16552,-29.55368,-65.58698,41.03304
14.28636,0.01140,87.75781,ApproachEntry,Double,281.81260,169.88260,40.41491,142.28980,142.28980,0.00000,281.81260,40.41491,33.41491,0.00000,0.00000,0.00000,1.00000,6,6,1,0.62479,1.09837,0.01186,0.86379,0.97028,0.08164,0.74000,1.22000,0.04000,0.79000,1.09000,0.06000,-0.61702,-17.91669,61.16552,-29.55368,-65.58698,41.03304
14.32225,0.01215,82.32858,ApproachEntry,Double,281.81260,169.88260,40.41491,142.28980,142.28980,0.00000,281.81260,40.41491,33.41491,0.00000,0.00000,0.00000,1.00000,6,6,1,0.62479,1.09837,0.01186,0.86379,0.97028,0.08164,0.74000,1.22000,0.04000,0.79000,1.09000,0.06000,-0.61702,-17.91669,61.16552,-29.55368,-65.58698,41.03304
14.35787,0.01192,83.91917,ApproachEntry,Double,281.81260,169.88260,40.41491,142.28980,142.28980,0.00000,281.81260,40.41491,33.41491,0.00000,0.00000,0.00000,1.00000,6,6,1,0.62479,1.09837,0.01186,0.86379,0.97028,0.08164,0.74000,1.22000,0.04000,0.79000,1.09000,0.06000,-0.61702,-17.91669,61.16552,-29.55368,-65.58698,41.03304
14.39376,0.01181,84.65852,ApproachEntry,Double,281.81260,169.88260,40.41491,142.28980,142.28980,0.00000,281.81260,40.41491,33.41491,0.00000,0.00000,0.00000,1.00000,6,6,1,0.62479,1.09837,0.01186,0.86379,0.97028,0.08164,0.74000,1.22000,0.04000,0.79000,1.09000,0.06000,-0.61702,-17.91669,61.16552,-29.55368,-65.58698,41.03304
14.43106,0.01405,71.15270,ApproachEntry,Double,411.09410,236.21030,65.68362,301.39810,301.39810,0.00000,411.09410,65.68362,58.68362,0.00000,0.00000,0.00000,1.00000,6,6,1,0.78578,0.99002,0.06844,1.02765,0.97989,0.20914,0.74000,1.22000,0.04000,0.79000,1.09000,0.06000,-0.08375,0.27912,1.49475,-0.50049,-3.84000,0.73176
14.46556,0.00825,121.22220,ApproachEntry,Double,415.61820,229.93010,59.17123,298.29530,298.29530,0.00000,415.61820,59.17122,52.17122,0.00000,0.00000,0.00000,1.00000,6,6,1,0.77430,0.99394,0.06429,1.02307,0.95305,0.18611,0.74000,1.22000,0.04000,0.79000,1.09000,0.06000,-0.48344,-6.17438,16.85475,1.06565,-19.19999,4.78964
14.49851,0.00820,121.91870,ApproachEntry,Double,538.36410,361.57310,44.28580,398.99200,398.99200,0.00000,538.36410,44.28580,37.28580,0.00000,0.00000,0.00000,1.00000,6,6,1,0.73450,0.85888,0.05728,0.97044,0.74846,0.15995,0.74000,1.22000,0.04000,0.79000,1.09000,0.06000,-1.13217,-20.56339,32.21473,-4.20493,-34.55998,10.13334
14.53326,0.00845,118.36880,ApproachEntry,Double,613.79500,431.94760,31.68122,474.47480,474.47480,0.00000,613.79500,31.68122,24.68122,0.00000,0.00000,0.00000,1.00000,6,6,1,0.67554,0.79293,0.03421,0.89345,0.62835,0.09608,0.74000,1.22000,0.04000,0.79000,1.09000,0.06000,-1.34869,-31.51961,47.57472,-15.09085,-49.91996,24.97305
14.56617,0.00803,124.55480,ApproachEntry,Double,289.81780,174.05500,40.17748,150.00690,150.00690,0.00000,289.81780,40.17748,33.17748,0.00000,0.00000,0.00000,1.00000,6,6,1,0.62535,1.09118,0.01641,0.86364,0.96210,0.08683,0.74000,1.22000,0.04000,0.79000,1.09000,0.06000,-0.85525,-18.23380,60.80591,-28.86283,-65.27995,40.33303
14.59801,0.01190,84.00695,ApproachEntry,Double,281.81260,169.88260,40.41491,142.28980,142.28980,0.00000,281.81260,40.41491,33.41491,0.00000,0.00000,0.00000,1.00000,6,6,1,0.62479,1.09837,0.01186,0.86379,0.97028,0.08164,0.74000,1.22000,0.04000,0.79000,1.09000,0.06000,-0.61702,-17.91669,61.16552,-29.55368,-65.58698,41.03304
14.63430,0.01198,83.47140,ApproachEntry,Double,281.81260,169.88260,40.41491,142.28980,142.28980,0.00000,281.81260,40.41491,33.41491,0.00000,0.00000,0.00000,1.00000,6,6,1,0.62479,1.09837,0.01186,0.86379,0.97028,0.08164,0.74000,1.22000,0.04000,0.79000,1.09000,0.06000,-0.61702,-17.91669,61.16552,-29.55368,-65.58698,41.03304
14.66979,0.01149,87.05206,ApproachEntry,Double,281.81260,169.88260,40.41491,142.28980,142.28980,0.00000,281.81260,40.41491,33.41491,0.00000,0.00000,0.00000,1.00000,6,6,1,0.62479,1.09837,0.01186,0.86379,0.97028,0.08164,0.74000,1.22000,0.04000,0.79000,1.09000,0.06000,-0.61702,-17.91669,61.16552,-29.55368,-65.58698,41.03304
14.70612,0.01164,85.89883,ApproachEntry,Double,281.81260,169.88260,40.41491,142.28980,142.28980,0.00000,281.81260,40.41491,33.41491,0.00000,0.00000,0.00000,1.00000,6,6,1,0.62479,1.09837,0.01186,0.86379,0.97028,0.08164,0.74000,1.22000,0.04000,0.79000,1.09000,0.06000,-0.61702,-17.91669,61.16552,-29.55368,-65.58698,41.03304
14.74162,0.01204,83.05794,ApproachEntry,Double,281.81260,169.88260,40.41491,142.28980,142.28980,0.00000,281.81260,40.41491,33.41491,0.00000,0.00000,0.00000,1.00000,6,6,1,0.62479,1.09837,0.01186,0.86379,0.97028,0.08164,0.74000,1.22000,0.04000,0.79000,1.09000,0.06000,-0.61702,-17.91669,61.16552,-29.55368,-65.58698,41.03304
14.77944,0.01453,68.83661,ApproachEntry,Double,281.81260,169.88260,40.41491,142.28980,142.28980,0.00000,281.81260,40.41491,33.41491,0.00000,0.00000,0.00000,1.00000,6,6,1,0.62479,1.09837,0.01186,0.86379,0.97028,0.08164,0.74000,1.22000,0.04000,0.79000,1.09000,0.06000,-0.61702,-17.91669,61.16552,-29.55368,-65.58698,41.03304
14.81601,0.01160,86.21201,ApproachEntry,Double,281.81260,169.88260,40.41491,142.28980,142.28980,0.00000,281.81260,40.41491,33.41491,0.00000,0.00000,0.00000,1.00000,6,6,1,0.62479,1.09837,0.01186,0.86379,0.97028,0.08164,0.74000,1.22000,0.04000,0.79000,1.09000,0.06000,-0.61702,-17.91669,61.16552,-29.55368,-65.58698,41.03304
14.85177,0.01179,84.79668,ApproachEntry,Double,281.81260,169.88260,40.41491,142.28980,142.28980,0.00000,281.81260,40.41491,33.41491,0.00000,0.00000,0.00000,1.00000,6,6,1,0.62479,1.09837,0.01186,0.86379,0.97028,0.08164,0.74000,1.22000,0.04000,0.79000,1.09000,0.06000,-0.61702,-17.91669,61.16552,-29.55368,-65.58698,41.03304
14.88683,0.01170,85.47521,ApproachEntry,Double,281.81260,169.88260,40.41491,142.28980,142.28980,0.00000,281.81260,40.41491,33.41491,0.00000,0.00000,0.00000,1.00000,6,6,1,0.62479,1.09837,0.01186,0.86379,0.97028,0.08164,0.74000,1.22000,0.04000,0.79000,1.09000,0.06000,-0.61702,-17.91669,61.16552,-29.55368,-65.58698,41.03304
14.92337,0.01210,82.64012,ApproachEntry,Double,281.81260,169.88260,40.41491,142.28980,142.28980,0.00000,281.81260,40.41491,33.41491,0.00000,0.00000,0.00000,1.00000,6,6,1,0.62479,1.09837,0.01186,0.86379,0.97028,0.08164,0.74000,1.22000,0.04000,0.79000,1.09000,0.06000,-0.61702,-17.91669,61.16552,-29.55368,-65.58698,41.03304
14.96108,0.01303,76.76553,ApproachEntry,Double,281.81260,169.88260,40.41491,142.28980,142.28980,0.00000,281.81260,40.41491,33.41491,0.00000,0.00000,0.00000,1.00000,6,6,1,0.62479,1.09837,0.01186,0.86379,0.97028,0.08164,0.74000,1.22000,0.04000,0.79000,1.09000,0.06000,-0.61702,-17.91669,61.16552,-29.55368,-65.58698,41.03304
14.99633,0.01174,85.20478,ApproachEntry,Double,281.81260,169.88260,40.41491,142.28980,142.28980,0.00000,281.81260,40.41491,33.41491,0.00000,0.00000,0.00000,1.00000,6,6,1,0.62479,1.09837,0.01186,0.86379,0.97028,0.08164,0.74000,1.22000,0.04000,0.79000,1.09000,0.06000,-0.61702,-17.91669,61.16552,-29.55368,-65.58698,41.03304
15.03255,0.01235,80.99485,ApproachEntry,Double,281.81260,169.88260,40.41491,142.28980,142.28980,0.00000,281.81260,40.41491,33.41491,0.00000,0.00000,0.00000,1.00000,6,6,1,0.62479,1.09837,0.01186,0.86379,0.97028,0.08164,0.74000,1.22000,0.04000,0.79000,1.09000,0.06000,-0.61702,-17.91669,61.16552,-29.55368,-65.58698,41.03304
15.06829,0.01181,84.67270,ApproachEntry,Double,281.81260,169.88260,40.41491,142.28980,142.28980,0.00000,281.81260,40.41491,33.41491,0.00000,0.00000,0.00000,1.00000,6,6,1,0.62479,1.09837,0.01186,0.86379,0.97028,0.08164,0.74000,1.22000,0.04000,0.79000,1.09000,0.06000,-0.61702,-17.91669,61.16552,-29.55368,-65.58698,41.03304
15.10385,0.01133,88.25471,ApproachEntry,Double,281.81260,169.88260,40.41491,142.28980,142.28980,0.00000,281.81260,40.41491,33.41491,0.00000,0.00000,0.00000,1.00000,6,6,1,0.62479,1.09837,0.01186,0.86379,0.97028,0.08164,0.74000,1.22000,0.04000,0.79000,1.09000,0.06000,-0.61702,-17.91669,61.16552,-29.55368,-65.58698,41.03304
15.14008,0.01189,84.10272,ApproachEntry,Double,281.81260,169.88260,40.41491,142.28980,142.28980,0.00000,281.81260,40.41491,33.41491,0.00000,0.00000,0.00000,1.00000,6,6,1,0.62479,1.09837,0.01186,0.86379,0.97028,0.08164,0.74000,1.22000,0.04000,0.79000,1.09000,0.06000,-0.61702,-17.91669,61.16552,-29.55368,-65.58698,41.03304
15.18262,0.01681,59.50230,ApproachEntry,Double,281.81260,169.88260,40.41491,142.28980,142.28980,0.00000,281.81260,40.41491,33.41491,0.00000,0.00000,0.00000,1.00000,6,6,1,0.62479,1.09837,0.01186,0.86379,0.97028,0.08164,0.74000,1.22000,0.04000,0.79000,1.09000,0.06000,-0.61702,-17.91669,61.16552,-29.55368,-65.58698,41.03304
15.21302,0.01407,71.05937,ApproachEntry,Double,281.81260,169.88260,40.41491,142.28980,142.28980,0.00000,281.81260,40.41491,33.41491,0.00000,0.00000,0.00000,1.00000,6,6,1,0.62479,1.09837,0.01186,0.86379,0.97028,0.08164,0.74000,1.22000,0.04000,0.79000,1.09000,0.06000,-0.61702,-17.91669,61.16552,-29.55368,-65.58698,41.03304
15.25457,0.01401,71.38055,ApproachEntry,Double,281.81260,169.88260,40.41491,142.28980,142.28980,0.00000,281.81260,40.41491,33.41491,0.00000,0.00000,0.00000,1.00000,6,6,1,0.62479,1.09837,0.01186,0.86379,0.97028,0.08164,0.74000,1.22000,0.04000,0.79000,1.09000,0.06000,-0.61702,-17.91669,61.16552,-29.55368,-65.58698,41.03304
15.29584,0.01440,69.43594,ApproachEntry,Double,281.81260,169.88260,40.41491,142.28980,142.28980,0.00000,281.81260,40.41491,33.41491,0.00000,0.00000,0.00000,1.00000,6,6,1,0.62479,1.09837,0.01186,0.86379,0.97028,0.08164,0.74000,1.22000,0.04000,0.79000,1.09000,0.06000,-0.61702,-17.91669,61.16552,-29.55368,-65.58698,41.03304
15.33755,0.01343,74.45088,ApproachEntry,Double,281.81260,169.88260,40.41491,142.28980,142.28980,0.00000,281.81260,40.41491,33.41491,0.00000,0.00000,0.00000,1.00000,6,6,1,0.62479,1.09837,0.01186,0.86379,0.97028,0.08164,0.74000,1.22000,0.04000,0.79000,1.09000,0.06000,-0.61702,-17.91669,61.16552,-29.55368,-65.58698,41.03304
15.37428,0.01149,87.01454,ApproachEntry,Double,281.81260,169.88260,40.41491,142.28980,142.28980,0.00000,281.81260,40.41491,33.41491,0.00000,0.00000,0.00000,1.00000,6,6,1,0.62479,1.09837,0.01186,0.86379,0.97028,0.08164,0.74000,1.22000,0.04000,0.79000,1.09000,0.06000,-0.61702,-17.91669,61.16552,-29.55368,-65.58698,41.03304
15.40843,0.01135,88.12592,ApproachEntry,Double,281.81260,169.88260,40.41491,142.28980,142.28980,0.00000,281.81260,40.41491,33.41491,0.00000,0.00000,0.00000,1.00000,6,6,1,0.62479,1.09837,0.01186,0.86379,0.97028,0.08164,0.74000,1.22000,0.04000,0.79000,1.09000,0.06000,-0.61702,-17.91669,61.16552,-29.55368,-65.58698,41.03304
15.44308,0.01169,85.52074,ApproachEntry,Double,281.81260,169.88260,40.41491,142.28980,142.28980,0.00000,281.81260,40.41491,33.41491,0.00000,0.00000,0.00000,1.00000,6,6,1,0.62479,1.09837,0.01186,0.86379,0.97028,0.08164,0.74000,1.22000,0.04000,0.79000,1.09000,0.06000,-0.61702,-17.91669,61.16552,-29.55368,-65.58698,41.03304
15.48059,0.01363,73.39369,ApproachEntry,Double,281.81260,169.88260,40.41491,142.28980,142.28980,0.00000,281.81260,40.41491,33.41491,0.00000,0.00000,0.00000,1.00000,6,6,1,0.62479,1.09837,0.01186,0.86379,0.97028,0.08164,0.74000,1.22000,0.04000,0.79000,1.09000,0.06000,-0.61702,-17.91669,61.16552,-29.55368,-65.58698,41.03304
15.52134,0.01365,73.27194,ApproachEntry,Double,281.81260,169.88260,40.41491,142.28980,142.28980,0.00000,281.81260,40.41491,33.41491,0.00000,0.00000,0.00000,1.00000,6,6,1,0.62479,1.09837,0.01186,0.86379,0.97028,0.08164,0.74000,1.22000,0.04000,0.79000,1.09000,0.06000,-0.61702,-17.91669,61.16552,-29.55368,-65.58698,41.03304
15.56379,0.01456,68.65913,ApproachEntry,Double,281.81260,169.88260,40.41491,142.28980,142.28980,0.00000,281.81260,40.41491,33.41491,0.00000,0.00000,0.00000,1.00000,6,6,1,0.62479,1.09837,0.01186,0.86379,0.97028,0.08164,0.74000,1.22000,0.04000,0.79000,1.09000,0.06000,-0.61702,-17.91669,61.16552,-29.55368,-65.58698,41.03304
15.59753,0.01140,87.71941,ApproachEntry,Double,281.81260,169.88260,40.41491,142.28980,142.28980,0.00000,281.81260,40.41491,33.41491,0.00000,0.00000,0.00000,1.00000,6,6,1,0.62479,1.09837,0.01186,0.86379,0.97028,0.08164,0.74000,1.22000,0.04000,0.79000,1.09000,0.06000,-0.61702,-17.91669,61.16552,-29.55368,-65.58698,41.03304
15.63238,0.01181,84.67233,ApproachEntry,Double,281.81260,169.88260,40.41491,142.28980,142.28980,0.00000,281.81260,40.41491,33.41491,0.00000,0.00000,0.00000,1.00000,6,6,1,0.62479,1.09837,0.01186,0.86379,0.97028,0.08164,0.74000,1.22000,0.04000,0.79000,1.09000,0.06000,-0.61702,-17.91669,61.16552,-29.55368,-65.58698,41.03304
15.66649,0.01130,88.46917,ApproachEntry,Double,281.81260,169.88260,40.41491,142.28980,142.28980,0.00000,281.81260,40.41491,33.41491,0.00000,0.00000,0.00000,1.00000,6,6,1,0.62479,1.09837,0.01186,0.86379,0.97028,0.08164,0.74000,1.22000,0.04000,0.79000,1.09000,0.06000,-0.61702,-17.91669,61.16552,-29.55368,-65.58698,41.03304
15.70114,0.01161,86.14322,ApproachEntry,Double,281.81260,169.88260,40.41491,142.28980,142.28980,0.00000,281.81260,40.41491,33.41491,0.00000,0.00000,0.00000,1.00000,6,6,1,0.62479,1.09837,0.01186,0.86379,0.97028,0.08164,0.74000,1.22000,0.04000,0.79000,1.09000,0.06000,-0.61702,-17.91669,61.16552,-29.55368,-65.58698,41.03304
15.73584,0.01115,89.70184,ApproachEntry,Double,281.81260,169.88260,40.41491,142.28980,142.28980,0.00000,281.81260,40.41491,33.41491,0.00000,0.00000,0.00000,1.00000,6,6,1,0.62479,1.09837,0.01186,0.86379,0.97028,0.08164,0.74000,1.22000,0.04000,0.79000,1.09000,0.06000,-0.61702,-17.91669,61.16552,-29.55368,-65.58698,41.03304
15.77049,0.01177,84.92988,ApproachEntry,Double,281.81260,169.88260,40.41491,142.28980,142.28980,0.00000,281.81260,40.41491,33.41491,0.00000,0.00000,0.00000,1.00000,6,6,1,0.62479,1.09837,0.01186,0.86379,0.97028,0.08164,0.74000,1.22000,0.04000,0.79000,1.09000,0.06000,-0.61702,-17.91669,61.16552,-29.55368,-65.58698,41.03304
15.80529,0.01128,88.68349,ApproachEntry,Double,281.81260,169.88260,40.41491,142.28980,142.28980,0.00000,281.81260,40.41491,33.41491,0.00000,0.00000,0.00000,1.00000,6,6,1,0.62479,1.09837,0.01186,0.86379,0.97028,0.08164,0.74000,1.22000,0.04000,0.79000,1.09000,0.06000,-0.61702,-17.91669,61.16552,-29.55368,-65.58698,41.03304
15.83986,0.01164,85.87959,ApproachEntry,Double,281.81260,169.88260,40.41491,142.28980,142.28980,0.00000,281.81260,40.41491,33.41491,0.00000,0.00000,0.00000,1.00000,6,6,1,0.62479,1.09837,0.01186,0.86379,0.97028,0.08164,0.74000,1.22000,0.04000,0.79000,1.09000,0.06000,-0.61702,-17.91669,61.16552,-29.55368,-65.58698,41.03304
15.87455,0.01123,89.03633,ApproachEntry,Double,281.81260,169.88260,40.41491,142.28980,142.28980,0.00000,281.81260,40.41491,33.41491,0.00000,0.00000,0.00000,1.00000,6,6,1,0.62479,1.09837,0.01186,0.86379,0.97028,0.08164,0.74000,1.22000,0.04000,0.79000,1.09000,0.06000,-0.61702,-17.91669,61.16552,-29.55368,-65.58698,41.03304
15.90838,0.01128,88.69173,ApproachEntry,Double,281.81260,169.88260,40.41491,142.28980,142.28980,0.00000,281.81260,40.41491,33.41491,0.00000,0.00000,0.00000,1.00000,6,6,1,0.62479,1.09837,0.01186,0.86379,0.97028,0.08164,0.74000,1.22000,0.04000,0.79000,1.09000,0.06000,-0.61702,-17.91669,61.16552,-29.55368,-65.58698,41.03304
15.94284,0.01177,84.98772,ApproachEntry,Double,281.81260,169.88260,40.41491,142.28980,142.28980,0.00000,281.81260,40.41491,33.41491,0.00000,0.00000,0.00000,1.00000,6,6,1,0.62479,1.09837,0.01186,0.86379,0.97028,0.08164,0.74000,1.22000,0.04000,0.79000,1.09000,0.06000,-0.61702,-17.91669,61.16552,-29.55368,-65.58698,41.03304
15.97353,0.00726,137.76960,Done,Target,122.53790,131.47610,6.71218,48.22570,48.22570,0.00000,122.53790,6.71218,0.00000,0.00000,0.00000,0.17756,1.00000,6,6,1,0.61495,1.34372,0.01256,0.74269,1.09929,0.06093,0.74000,1.22000,0.04000,0.79000,1.09000,0.06000,1.18416,29.32784,-2.32234,-83.41038,-50.13213,87.04494
16.00920,0.00749,133.47720,Done,Target,140.82730,92.33466,6.67932,1.56563,1.56563,0.00000,140.82730,6.67932,0.00000,0.00000,0.00000,0.17756,1.00000,6,6,1,0.66043,1.33395,0.01374,0.78881,1.08931,0.05926,0.74000,1.22000,0.04000,0.79000,1.09000,0.06000,-1.32694,25.90414,0.01000,-83.89960,0.00020,87.41126
16.04140,0.00806,124.01550,Done,Target,140.82840,92.31060,6.64175,1.57749,1.57749,0.00000,140.82840,6.64175,0.00000,0.00000,0.00000,0.17756,1.00000,6,6,1,0.66070,1.33400,0.01326,0.78880,1.08931,0.05925,0.74000,1.22000,0.04000,0.79000,1.09000,0.06000,-1.29017,25.91283,0.00248,-84.03057,-0.00232,87.41088
16.07645,0.00646,154.78760,Done,Target,140.82930,92.28536,6.60236,1.58962,1.58962,0.00000,140.82930,6.60236,0.00000,0.00000,0.00000,0.17756,1.00000,6,6,1,0.66100,1.33406,0.01272,0.78879,1.08930,0.05925,0.74000,1.22000,0.04000,0.79000,1.09000,0.06000,-1.24912,25.91621,0.00511,-84.17587,-0.00823,87.41503
16.11164,0.01982,50.44672,Done,Target,140.83040,92.26089,6.56399,1.60134,1.60134,0.00000,140.83040,6.56399,0.00000,0.00000,0.00000,0.17756,1.00000,6,6,1,0.66131,1.33411,0.01217,0.78878,1.08930,0.05924,0.74000,1.22000,0.04000,0.79000,1.09000,0.06000,-1.20727,25.91884,0.00900,-84.32661,-0.00536,87.41963
16.14342,0.00749,133.58870,Done,Target,140.83100,92.24049,6.53165,1.61087,1.61087,0.00000,140.83100,6.53165,0.00000,0.00000,0.00000,0.17756,1.00000,6,6,1,0.66159,1.33416,0.01167,0.78877,1.08929,0.05924,0.74000,1.22000,0.04000,0.79000,1.09000,0.06000,-1.16933,25.92477,0.00605,-84.46274,-0.00431,87.42081
16.18678,0.01442,69.35329,Done,Target,140.83210,92.21381,6.48966,1.62272,1.62272,0.00000,140.83210,6.48966,0.00000,0.00000,0.00000,0.17756,1.00000,6,6,1,0.66199,1.33423,0.01097,0.78876,1.08929,0.05923,0.74000,1.22000,0.04000,0.79000,1.09000,0.06000,-1.11577,25.92932,0.00835,-84.65499,-0.00258,87.42496
16.22249,0.00658,151.96470,Done,Target,140.83290,92.19377,6.45816,1.63129,1.63129,0.00000,140.83290,6.45819,0.00000,0.00000,0.00000,0.17756,1.00000,6,6,1,0.66232,1.33429,0.01038,0.78875,1.08928,0.05923,0.74000,1.22000,0.04000,0.79000,1.09000,0.06000,-1.06997,25.93674,0.00372,-84.81517,-0.01484,87.42537
16.25306,0.00750,133.33920,Done,Target,140.83350,92.17802,6.43322,1.63838,1.63838,0.00000,140.83350,6.43322,0.00000,0.00000,0.00000,0.17756,1.00000,6,6,1,0.66260,1.33433,0.00987,0.78875,1.08928,0.05923,0.74000,1.22000,0.04000,0.79000,1.09000,0.06000,-1.03244,25.93630,0.01134,-84.95419,0.00081,87.43063
16.28736,0.01391,71.87177,Done,Target,140.83420,92.16203,6.40778,1.64524,1.64524,0.00000,140.83420,6.40778,0.00000,0.00000,0.00000,0.17756,1.00000,6,6,1,0.66293,1.33439,0.00929,0.78874,1.08928,0.05923,0.74000,1.22000,0.04000,0.79000,1.09000,0.06000,-0.98832,25.93873,0.01480,-85.11231,0.00197,87.43419
16.31754,0.01596,62.66190,Done,Target,140.83450,92.14939,6.38755,1.65055,1.65055,0.00000,140.83450,6.38752,0.00000,0.00000,0.00000,0.17756,1.00000,6,6,1,0.66323,1.33443,0.00877,0.78874,1.08927,0.05922,0.74000,1.22000,0.04000,0.79000,1.09000,0.06000,-0.94786,25.94724,0.00660,-85.25410,-0.00768,87.43229
16.35418,0.00704,142.11780,Done,Target,140.83490,92.13620,6.36646,1.65591,1.65591,0.00000,140.83490,6.36646,0.00000,0.00000,0.00000,0.17756,1.00000,6,6,1,0.66358,1.33448,0.00815,0.78873,1.08927,0.05922,0.74000,1.22000,0.04000,0.79000,1.09000,0.06000,-0.89999,25.94813,0.01294,-85.42493,-0.00876,87.43688
16.39055,0.00783,127.71340,Done,Target,140.83540,92.12514,6.34891,1.66043,1.66043,0.00000,140.83540,6.34891,0.00000,0.00000,0.00000,0.17756,1.00000,6,6,1,0.66394,1.33453,0.00751,0.78873,1.08927,0.05922,0.74000,1.22000,0.04000,0.79000,1.09000,0.06000,-0.85201,25.95513,0.00812,-85.59753,-0.00502,87.43639
16.42807,0.01616,61.88575,Done,Target,140.83580,92.11604,6.33463,1.66394,1.66394,0.00000,140.83580,6.33463,0.00000,0.00000,0.00000,0.17756,1.00000,6,6,1,0.66432,1.33458,0.00686,0.78873,1.08927,0.05922,0.74000,1.22000,0.04000,0.79000,1.09000,0.06000,-0.80142,25.95963,0.00786,-85.77733,-0.00840,87.43777
16.45848,0.00754,132.58350,Done,Target,140.83590,92.11086,6.32614,1.66583,1.66583,0.00000,140.83590,6.32614,0.00000,0.00000,0.00000,0.17756,1.00000,6,6,1,0.66462,1.33462,0.00633,0.78872,1.08927,0.05922,0.74000,1.22000,0.04000,0.79000,1.09000,0.06000,-0.76136,25.96176,0.00997,-85.92236,-0.00202,87.43972
16.49564,0.00776,128.93710,Done,Target,140.83610,92.10641,6.31926,1.66750,1.66750,0.00000,140.83610,6.31926,0.00000,0.00000,0.00000,0.17756,1.00000,6,6,1,0.66499,1.33467,0.00567,0.78872,1.08927,0.05922,0.74000,1.22000,0.04000,0.79000,1.09000,0.06000,-0.71044,25.96356,0.01394,-86.10114,-0.01241,87.44255
16.53732,0.01396,71.64404,Done,Target,140.83630,92.10443,6.31643,1.66806,1.66806,0.00000,140.83630,6.31640,0.00000,0.00000,0.00000,0.17756,1.00000,6,6,1,0.66542,1.33472,0.00493,0.78872,1.08927,0.05922,0.74000,1.22000,0.04000,0.79000,1.09000,0.06000,-0.65386,25.97032,0.00952,-86.30306,-0.01287,87.44161
16.56753,0.00672,148.91750,Done,Target,140.83620,92.10531,6.31761,1.66763,1.66763,0.00000,140.83620,6.31761,0.00000,0.00000,0.00000,0.17756,1.00000,6,6,1,0.66572,1.33476,0.00441,0.78872,1.08927,0.05922,0.74000,1.22000,0.04000,0.79000,1.09000,0.06000,-0.61361,25.97191,0.01185,-86.44739,-0.01096,87.44317
16.60445,0.00747,133.83470,Done,Target,140.83600,92.10844,6.32270,1.66621,1.66621,0.00000,140.83600,6.32270,0.00000,0.00000,0.00000,0.17756,1.00000,6,6,1,0.66609,1.33480,0.00376,0.78872,1.08927,0.05923,0.74000,1.22000,0.04000,0.79000,1.09000,0.06000,-0.56400,25.97504,0.01236,-86.62536,-0.00812,87.44386
16.64729,0.01370,73.01884,Done,Target,140.83590,92.11488,6.33370,1.66298,1.66298,0.00000,140.83590,6.33370,0.00000,0.00000,0.00000,0.17756,1.00000,6,6,1,0.66653,1.33484,0.00300,0.78872,1.08927,0.05923,0.74000,1.22000,0.04000,0.79000,1.09000,0.06000,-0.50589,25.97854,0.01282,-86.83142,-0.01250,87.44434
16.68419,0.00731,136.77490,Done,Target,140.83550,92.12319,6.34721,1.65920,1.65920,0.00000,140.83550,6.34721,0.00000,0.00000,0.00000,0.17756,1.00000,6,6,1,0.66690,1.33488,0.00236,0.78872,1.08927,0.05923,0.74000,1.22000,0.04000,0.79000,1.09000,0.06000,-0.45712,25.98168,0.01253,-87.00655,-0.00888,87.44424
16.72820,0.01499,66.70104,Done,Target,140.83500,92.13648,6.36843,1.65350,1.65350,0.00000,140.83500,6.36840,0.00000,0.00000,0.00000,0.17756,1.00000,6,6,1,0.66734,1.33492,0.00160,0.78873,1.08927,0.05924,0.74000,1.22000,0.04000,0.79000,1.09000,0.06000,-0.39829,25.98810,0.00710,-87.21553,-0.01214,87.44163
16.76478,0.00664,150.62230,Done,Target,140.83460,92.14960,6.38982,1.64751,1.64751,0.00000,140.83460,6.38979,0.00000,0.00000,0.00000,0.17756,1.00000,6,6,1,0.66770,1.33495,0.00098,0.78873,1.08927,0.05924,0.74000,1.22000,0.04000,0.79000,1.09000,0.06000,-0.35102,25.98898,0.01002,-87.38629,-0.00501,87.44246
16.79501,0.00760,131.50510,Done,Target,140.83390,92.16225,6.41017,1.64177,1.64177,0.00000,140.83390,6.41017,0.00000,0.00000,0.00000,0.17756,1.00000,6,6,1,0.66800,1.33497,0.00047,0.78874,1.08928,0.05924,0.74000,1.22000,0.04000,0.79000,1.09000,0.06000,-0.31133,25.99161,0.00889,-87.52713,-0.00756,87.44143
16.83733,0.01465,68.26473,Done,Target,140.83340,92.18223,6.44242,1.63255,1.63255,0.00000,140.83340,6.44242,0.00000,0.00000,0.00000,0.17756,1.00000,6,6,1,0.66841,1.33500,-0.00025,0.78874,1.08928,0.05925,0.74000,1.22000,0.04000,0.79000,1.09000,0.06000,-0.25606,25.99614,0.00539,-87.72199,-0.01523,87.43894
16.87412,0.00793,126.12000,Done,Target,140.83270,92.20162,6.47348,1.62352,1.62352,0.00000,140.83270,6.47351,0.00000,0.00000,0.00000,0.17756,1.00000,6,6,1,0.66876,1.33503,-0.00085,0.78875,1.08928,0.05925,0.74000,1.22000,0.04000,0.79000,1.09000,0.06000,-0.20992,25.99688,0.00762,-87.88786,-0.01078,87.43887
16.90467,0.00724,138.13340,Done,Target,140.83210,92.21901,6.50126,1.61548,1.61548,0.00000,140.83210,6.50126,0.00000,0.00000,0.00000,0.17756,1.00000,6,6,1,0.66905,1.33505,-0.00134,0.78875,1.08929,0.05926,0.74000,1.22000,0.04000,0.79000,1.09000,0.06000,-0.17094,25.99416,0.01521,-88.02350,-0.02199,87.44118
16.94257,0.00851,117.48030,Done,Target,140.83110,92.24240,6.53834,1.60437,1.60437,0.00000,140.83110,6.53834,0.00000,0.00000,0.00000,0.17756,1.00000,6,6,1,0.66940,1.33507,-0.00195,0.78876,1.08929,0.05926,0.74000,1.22000,0.04000,0.79000,1.09000,0.06000,-0.12488,25.99889,0.00983,-88.18982,-0.01506,87.43737
16.97438,0.00790,126.59200,Done,Target,140.83040,92.26321,6.57128,1.59441,1.59441,0.00000,140.83040,6.57128,0.00000,0.00000,0.00000,0.17756,1.00000,6,6,1,0.66969,1.33509,-0.00245,0.78877,1.08930,0.05927,0.74000,1.22000,0.04000,0.79000,1.09000,0.06000,-0.08712,26.00047,0.00929,-88.32628,-0.00898,87.43577
17.01703,0.01438,69.56264,Done,Target,140.82900,92.29285,6.61779,1.57980,1.57980,0.00000,140.82900,6.61779,0.00000,0.00000,0.00000,0.17756,1.00000,6,6,1,0.67008,1.33511,-0.00310,0.78878,1.08930,0.05928,0.74000,1.22000,0.04000,0.79000,1.09000,0.06000,-0.03580,26.00246,0.00856,-88.50590,-0.02016,87.43340
17.05621,0.01024,97.69477,Done,Target,140.82800,92.32119,6.66244,1.56539,1.56539,0.00000,140.82800,6.66244,0.00000,0.00000,0.00000,0.17756,1.00000,6,6,1,0.67042,1.33512,-0.00368,0.78879,1.08931,0.05928,0.74000,1.22000,0.04000,0.79000,1.09000,0.06000,0.00887,26.00520,0.00585,-88.66632,-0.01622,87.43010
17.08699,0.00859,116.35940,Done,Target,140.82690,92.34438,6.69864,1.55318,1.55318,0.00000,140.82690,6.69864,0.00000,0.00000,0.00000,0.17756,1.00000,6,6,1,0.67068,1.33513,-0.00413,0.78880,1.08932,0.05929,0.74000,1.22000,0.04000,0.79000,1.09000,0.06000,0.04358,26.00503,0.00765,-88.78909,-0.01942,87.42909
17.12326,0.00728,137.30200,Done,Target,140.82560,92.37225,6.74209,1.53842,1.53842,0.00000,140.82560,6.74203,0.00000,0.00000,0.00000,0.17756,1.00000,6,6,1,0.67098,1.33514,-0.00464,0.78881,1.08932,0.05930,0.74000,1.22000,0.04000,0.79000,1.09000,0.06000,0.08271,26.00465,0.00983,-88.92984,-0.01516,87.42781
17.16753,0.01614,61.95648,Done,Target,140.82410,92.40726,6.79642,1.51911,1.51911,0.00000,140.82410,6.79642,0.00000,0.00000,0.00000,0.17756,1.00000,6,6,1,0.67134,1.33516,-0.00525,0.78883,1.08933,0.05931,0.74000,1.22000,0.04000,0.79000,1.09000,0.06000,0.13054,26.00838,0.00476,-89.09668,-0.02735,87.42258
17.20151,0.00722,138.43630,Done,Target,140.82280,92.43404,6.83802,1.50364,1.50364,0.00000,140.82280,6.83802,0.00000,0.00000,0.00000,0.17756,1.00000,6,6,1,0.67161,1.33516,-0.00569,0.78884,1.08934,0.05932,0.74000,1.22000,0.04000,0.79000,1.09000,0.06000,0.16407,26.00830,0.00584,-89.21870,-0.01898,87.42063
17.23810,0.01565,63.87917,Done,Target,140.82150,92.46343,6.88373,1.48582,1.48582,0.00000,140.82150,6.88370,0.00000,0.00000,0.00000,0.17756,1.00000,6,6,1,0.67188,1.33517,-0.00616,0.78885,1.08934,0.05932,0.74000,1.22000,0.04000,0.79000,1.09000,0.06000,0.20070,26.00910,0.00525,-89.34721,-0.02574,87.41759
17.27639,0.01041,96.09891,Done,Target,140.81990,92.49391,6.93067,1.46682,1.46682,0.00000,140.81990,6.93067,0.00000,0.00000,0.00000,0.17756,1.00000,6,6,1,0.67216,1.33518,-0.00662,0.78886,1.08935,0.05933,0.74000,1.22000,0.04000,0.79000,1.09000,0.06000,0.23559,26.00797,0.00790,-89.47462,-0.01557,87.41570
17.30714,0.00999,100.07910,Done,Target,140.81870,92.51813,6.96821,1.45062,1.45062,0.00000,140.81870,6.96821,0.00000,0.00000,0.00000,0.17756,1.00000,6,6,1,0.67237,1.33518,-0.00698,0.78888,1.08936,0.05934,0.74000,1.22000,0.04000,0.79000,1.09000,0.06000,0.26392,26.00762,0.00891,-89.57310,-0.02388,87.41356
17.34347,0.00698,143.21890,Done,Target,140.81710,92.54639,7.01185,1.43120,1.43120,0.00000,140.81710,7.01185,0.01185,0.00000,0.00000,0.17756,1.00000,6,6,1,0.67261,1.33519,-0.00738,0.78889,1.08937,0.05935,0.74000,1.22000,0.04000,0.79000,1.09000,0.06000,0.29490,26.00897,0.00681,-89.68449,-0.02064,87.40950
17.37845,0.00646,154.70490,Done,Target,140.81560,92.57301,7.05305,1.41216,1.41216,0.00000,140.81560,7.05302,0.05302,0.00000,0.00000,0.17756,1.00000,6,6,1,0.67283,1.33519,-0.00775,0.78891,1.08938,0.05936,0.74000,1.22000,0.04000,0.79000,1.09000,0.06000,0.32366,26.00924,0.00652,-89.78661,-0.02182,87.40625
17.41651,0.01377,72.59689,Done,Target,140.81380,92.60140,7.09705,1.39028,1.39028,0.00000,140.81380,7.09705,0.09705,0.00000,0.00000,0.17756,1.00000,6,6,1,0.67306,1.33519,-0.00813,0.78892,1.08939,0.05937,0.74000,1.22000,0.04000,0.79000,1.09000,0.06000,0.35321,26.01193,0.00179,-89.89259,-0.01959,87.40062
17.44781,0.00646,154.82220,Done,Target,140.81250,92.62324,7.13135,1.37210,1.37210,0.00000,140.81250,7.13135,0.13135,0.00000,0.00000,0.17756,1.00000,6,6,1,0.67324,1.33519,-0.00842,0.78894,1.08939,0.05938,0.74000,1.22000,0.04000,0.79000,1.09000,0.06000,0.37531,26.00892,0.00711,-89.97336,-0.01287,87.39998
17.48475,0.00716,139.64340,Done,Target,140.81060,92.64841,7.17069,1.34981,1.34981,0.00000,140.81060,7.17069,0.17069,0.00000,0.00000,0.17756,1.00000,6,6,1,0.67343,1.33519,-0.00875,0.78895,1.08940,0.05939,0.74000,1.22000,0.04000,0.79000,1.09000,0.06000,0.40167,26.01027,0.00459,-90.06354,-0.02546,87.39523
17.52192,0.00776,128.90660,Done,Target,140.80880,92.67240,7.20849,1.32716,1.32716,0.00000,140.80880,7.20846,0.20846,0.00000,0.00000,0.17756,1.00000,6,6,1,0.67362,1.33519,-0.00906,0.78897,1.08941,0.05940,0.74000,1.22000,0.04000,0.79000,1.09000,0.06000,0.42529,26.00870,0.00718,-90.14832,-0.02344,87.39261
17.55631,0.01008,99.23332,Done,Target,140.80700,92.69316,7.24151,1.30569,1.30569,0.00000,140.80700,7.24151,0.24151,0.00000,0.00000,0.17756,1.00000,6,6,1,0.67378,1.33520,-0.00932,0.78899,1.08942,0.05941,0.74000,1.22000,0.04000,0.79000,1.09000,0.06000,0.44551,26.00968,0.00521,-90.22087,-0.02180,87.38821
17.59144,0.00688,145.40460,Done,Target,140.80550,92.71235,7.27281,1.28340,1.28340,0.00000,140.80550,7.27281,0.27281,0.00000,0.00000,0.17756,1.00000,6,6,1,0.67393,1.33520,-0.00956,0.78900,1.08943,0.05942,0.74000,1.22000,0.04000,0.79000,1.09000,0.06000,0.46424,26.00762,0.00860,-90.28806,-0.02031,87.38600
17.62637,0.00923,108.34490,Done,Target,140.80370,92.73032,7.30232,1.26072,1.26072,0.00000,140.80370,7.30232,0.30232,0.00000,0.00000,0.17756,1.00000,6,6,1,0.67406,1.33520,-0.00978,0.78902,1.08944,0.05943,0.74000,1.22000,0.04000,0.79000,1.09000,0.06000,0.48220,26.01017,0.00375,-90.34974,-0.02811,87.38014
17.66074,0.00697,143.41710,Done,Target,140.80190,92.74580,7.32852,1.23816,1.23816,0.00000,140.80190,7.32852,0.32852,0.00000,0.00000,0.17756,1.00000,6,6,1,0.67418,1.33520,-0.00998,0.78904,1.08945,0.05944,0.74000,1.22000,0.04000,0.79000,1.09000,0.06000,0.49731,26.00855,0.00631,-90.40350,-0.02848,87.37753
17.69559,0.00727,137.53070,Done,Target,140.80000,92.75979,7.35274,1.21484,1.21484,0.00000,140.80000,7.35274,0.35274,0.00000,0.00000,0.17756,1.00000,6,6,1,0.67429,1.33520,-0.01015,0.78906,1.08946,0.05945,0.74000,1.22000,0.04000,0.79000,1.09000,0.06000,0.50998,26.00958,0.00421,-90.45201,-0.01719,87.37280
17.72832,0.02214,45.16521,Done,Target,140.79850,92.77122,7.37355,1.19295,1.19295,0.00000,140.79850,7.37355,0.37355,0.00000,0.00000,0.17756,1.00000,6,6,1,0.67438,1.33520,-0.01029,0.78907,1.08947,0.05946,0.74000,1.22000,0.04000,0.79000,1.09000,0.06000,0.52163,26.00916,0.00464,-90.49270,-0.01991,87.36935
17.76117,0.00720,138.80260,Done,Target,140.79670,92.78058,7.39149,1.17073,1.17073,0.00000,140.79670,7.39149,0.39149,0.00000,0.00000,0.17756,1.00000,6,6,1,0.67446,1.33520,-0.01042,0.78909,1.08948,0.05947,0.74000,1.22000,0.04000,0.79000,1.09000,0.06000,0.53095,26.01038,0.00221,-90.52657,-0.01775,87.36461
17.79576,0.00662,150.94780,Done,Target,140.79490,92.78834,7.40791,1.14711,1.14711,0.00000,140.79490,7.40791,0.40791,0.00000,0.00000,0.17756,1.00000,6,6,1,0.67452,1.33520,-0.01052,0.78911,1.08949,0.05948,0.74000,1.22000,0.04000,0.79000,1.09000,0.06000,0.53930,26.00871,0.00490,-90.55629,-0.01793,87.36192
17.83154,0.00727,137.53810,Done,Target,140.79310,92.79406,7.42212,1.12238,1.12238,0.00000,140.79310,7.42212,0.42212,0.00000,0.00000,0.17756,1.00000,6,6,1,0.67458,1.33520,-0.01061,0.78913,1.08951,0.05950,0.74000,1.22000,0.04000,0.79000,1.09000,0.06000,0.54735,26.01085,0.00082,-90.58047,-0.03282,87.35603
17.86710,0.01315,76.03305,Done,Target,140.79130,92.79744,7.43305,1.09779,1.09779,0.00000,140.79130,7.43308,0.43308,0.00000,0.00000,0.17756,1.00000,6,6,1,0.67462,1.33520,-0.01067,0.78915,1.08952,0.05951,0.74000,1.22000,0.04000,0.79000,1.09000,0.06000,0.55163,26.00959,0.00285,-90.59750,-0.02696,87.35287
17.90669,0.01069,93.52726,Done,Target,140.78900,92.79870,7.44173,1.07057,1.07057,0.00000,140.78900,7.44173,0.44173,0.00000,0.00000,0.17756,1.00000,6,6,1,0.67465,1.33520,-0.01070,0.78917,1.08953,0.05952,0.74000,1.22000,0.04000,0.79000,1.09000,0.06000,0.55452,26.01063,0.00082,-90.60847,-0.02465,87.34749
17.94759,0.01134,88.20066,Done,Target,140.78690,92.79617,7.44648,1.04196,1.04196,0.00000,140.78690,7.44648,0.44648,0.00000,0.00000,0.17756,1.00000,6,6,1,0.67466,1.33520,-0.01071,0.78919,1.08954,0.05953,0.74000,1.22000,0.04000,0.79000,1.09000,0.06000,0.55455,26.00883,0.00391,-90.61021,-0.01920,87.34418
17.98266,0.00654,152.99530,Done,Target,140.78520,92.79160,7.44745,1.01758,1.01758,0.00000,140.78520,7.44745,0.44745,0.00000,0.00000,0.17756,1.00000,6,6,1,0.67465,1.33520,-0.01068,0.78921,1.08955,0.05954,0.74000,1.22000,0.04000,0.79000,1.09000,0.06000,0.55321,26.01065,0.00057,-90.60490,-0.02085,87.33873
18.01741,0.00617,162.01250,Done,Target,140.78330,92.78498,7.44556,0.99368,0.99368,0.00000,140.78330,7.44556,0.44556,0.00000,0.00000,0.17756,1.00000,6,6,1,0.67463,1.33520,-0.01064,0.78923,1.08956,0.05955,0.74000,1.22000,0.04000,0.79000,1.09000,0.06000,0.55014,26.00970,0.00221,-90.59319,-0.02350,87.33549
18.05826,0.01141,87.62926,Done,Target,140.78120,92.77419,7.43925,0.96544,0.96544,0.00000,140.78120,7.43923,0.43923,0.00000,0.00000,0.17756,1.00000,6,6,1,0.67459,1.33521,-0.01055,0.78925,1.08957,0.05957,0.74000,1.22000,0.04000,0.79000,1.09000,0.06000,0.54353,26.01116,-0.00037,-90.57009,-0.02183,87.32975
18.09088,0.00743,134.51440,Done,Target,140.77950,92.76318,7.43163,0.94297,0.94297,0.00000,140.77950,7.43165,0.43165,0.00000,0.00000,0.17756,1.00000,6,6,1,0.67454,1.33521,-0.01046,0.78927,1.08958,0.05958,0.74000,1.22000,0.04000,0.79000,1.09000,0.06000,0.53682,26.01072,0.00044,-90.54569,-0.02346,87.32644
18.12781,0.01642,60.88469,Done,Target,140.77780,92.74841,7.41960,0.91764,0.91764,0.00000,140.77780,7.41960,0.41960,0.00000,0.00000,0.17756,1.00000,6,6,1,0.67447,1.33521,-0.01033,0.78929,1.08960,0.05959,0.74000,1.22000,0.04000,0.79000,1.09000,0.06000,0.52638,26.01038,0.00113,-90.51025,-0.01749,87.32261
18.15793,0.00818,122.26660,Done,Target,140.77610,92.73466,7.40769,0.89738,0.89738,0.00000,140.77610,7.40772,0.40772,0.00000,0.00000,0.17756,1.00000,6,6,1,0.67440,1.33521,-0.01021,0.78930,1.08960,0.05960,0.74000,1.22000,0.04000,0.79000,1.09000,0.06000,0.51727,26.01089,0.00029,-90.47631,-0.02231,87.31894
18.19641,0.01008,99.22362,Done,Target,140.77420,92.71463,7.38924,0.87165,0.87165,0.00000,140.77420,7.38924,0.38924,0.00000,0.00000,0.17756,1.00000,6,6,1,0.67429,1.33522,-0.01002,0.78932,1.08962,0.05961,0.74000,1.22000,0.04000,0.79000,1.09000,0.06000,0.50231,26.00919,0.00343,-90.42535,-0.01442,87.31610
18.22875,0.00710,140.86810,Done,Target,140.77270,92.69611,7.37145,0.85030,0.85030,0.00000,140.77270,7.37145,0.37145,0.00000,0.00000,0.17756,1.00000,6,6,1,0.67419,1.33522,-0.00984,0.78934,1.08963,0.05962,0.74000,1.22000,0.04000,0.79000,1.09000,0.06000,0.48905,26.01146,-0.00052,-90.37680,-0.01867,87.31088
18.26634,0.00790,126.62250,Done,Target,140.77090,92.67268,7.34812,0.82564,0.82564,0.00000,140.77090,7.34812,0.34812,0.00000,0.00000,0.17756,1.00000,6,6,1,0.67406,1.33522,-0.00961,0.78936,1.08964,0.05963,0.74000,1.22000,0.04000,0.79000,1.09000,0.06000,0.47150,26.01132,-0.00016,-90.31346,-0.02120,87.30704
18.30139,0.00649,154.02160,Done,Target,140.76930,92.64881,7.32378,0.80343,0.80343,0.00000,140.76930,7.32378,0.32378,0.00000,0.00000,0.17756,1.00000,6,6,1,0.67393,1.33523,-0.00936,0.78938,1.08965,0.05964,0.74000,1.22000,0.04000,0.79000,1.09000,0.06000,0.45359,26.01290,-0.00289,-90.24759,-0.02801,87.30218
18.33443,0.00928,107.71700,Done,EntryTipCone,140.18910,15.43347,8.16998,11.55875,11.55875,0.00000,140.18910,8.16998,1.16998,0.00000,0.00000,0.50239,1.00000,6,6,1,0.67115,1.33551,-0.00406,0.78486,1.09069,0.07033,0.74000,1.22000,0.04000,0.79000,1.09000,0.06000,0.21737,26.02070,-0.00771,-91.26592,-0.02453,87.00581
18.36678,0.00761,131.35790,Done,EntryTipCone,140.18120,15.67619,8.08233,11.23235,11.23235,0.00000,140.18120,8.08236,1.08236,0.00000,0.00000,0.50249,1.00000,6,6,1,0.67107,1.33551,-0.00412,0.78469,1.09054,0.06988,0.74000,1.22000,0.04000,0.79000,1.09000,0.06000,0.21419,26.02226,-0.00477,-91.20451,-0.03080,87.07575
18.39723,0.01030,97.07723,Done,EntryTipCone,140.17230,15.88261,8.01621,11.12952,11.12952,0.00000,140.17230,8.01619,1.01619,0.00000,0.00000,0.50259,1.00000,6,6,1,0.67095,1.33552,-0.00409,0.78446,1.09041,0.06964,0.74000,1.22000,0.04000,0.79000,1.09000,0.06000,0.20643,26.02593,-0.00591,-91.16512,-0.02189,87.13358
18.42814,0.00713,140.25300,Done,EntryTipCone,140.16470,16.08928,7.94737,11.02371,11.02371,0.00000,140.16470,7.94737,0.94737,0.00000,0.00000,0.50272,1.00000,6,6,1,0.67083,1.33553,-0.00405,0.78424,1.09029,0.06939,0.74000,1.22000,0.04000,0.79000,1.09000,0.06000,0.19912,26.02987,-0.00764,-91.12045,-0.02849,87.19121
18.46391,0.00742,134.70610,Done,EntryTipCone,140.15410,16.32671,7.86385,10.89709,10.89709,0.00000,140.15410,7.86385,0.86385,0.00000,0.00000,0.50285,1.00000,6,6,1,0.67067,1.33554,-0.00398,0.78399,1.09015,0.06909,0.74000,1.22000,0.04000,0.79000,1.09000,0.06000,0.18849,26.03607,-0.01225,-91.06053,-0.02848,87.25636
18.49687,0.01006,99.37062,Done,EntryTipCone,140.14440,16.54285,7.78404,10.77772,10.77772,0.00000,140.14440,7.78404,0.78404,0.00000,0.00000,0.50299,1.00000,6,6,1,0.67053,1.33556,-0.00391,0.78377,1.09002,0.06879,0.74000,1.22000,0.04000,0.79000,1.09000,0.06000,0.17659,26.03807,-0.00986,-90.99879,-0.01698,87.31861
18.53369,0.00735,136.11910,Done,EntryTipCone,140.13400,16.78017,7.69207,10.64170,10.64170,0.00000,140.13400,7.69207,0.69207,0.00000,0.00000,0.50312,1.00000,6,6,1,0.67036,1.33557,-0.00382,0.78354,1.08988,0.06845,0.74000,1.22000,0.04000,0.79000,1.09000,0.06000,0.16416,26.03994,-0.00668,-90.92221,-0.03056,87.38716
18.57714,0.01456,68.67959,Done,EntryTipCone,140.12230,17.05609,7.57893,10.47654,10.47654,0.00000,140.12230,7.57893,0.57893,0.00000,0.00000,0.50329,1.00000,6,6,1,0.67014,1.33559,-0.00369,0.78329,1.08971,0.06804,0.74000,1.22000,0.04000,0.79000,1.09000,0.06000,0.14473,26.03903,0.00269,-90.82084,-0.01358,87.46940
18.60950,0.00725,137.99630,Done,EntryTipCone,140.11390,17.25610,7.49311,10.35239,10.35239,0.00000,140.11390,7.49311,0.49311,0.00000,0.00000,0.50340,1.00000,6,6,1,0.66998,1.33560,-0.00358,0.78311,1.08960,0.06772,0.74000,1.22000,0.04000,0.79000,1.09000,0.06000,0.13021,26.04505,-0.00238,-90.73940,-0.01261,87.52380
18.64821,0.00994,100.58350,Done,EntryTipCone,140.10310,17.49138,7.38703,10.20041,10.20041,0.00000,140.10310,7.38703,0.38703,0.00000,0.00000,0.50354,1.00000,6,6,1,0.66977,1.33562,-0.00343,0.78292,1.08946,0.06732,0.74000,1.22000,0.04000,0.79000,1.09000,0.06000,0.11178,26.05224,-0.00843,-90.63305,-0.01840,87.58787
18.67953,0.00833,120.01920,Done,EntryTipCone,140.09510,17.67721,7.29961,10.07650,10.07650,0.00000,140.09510,7.29961,0.29960,0.00000,0.00000,0.50365,1.00000,6,6,1,0.66960,1.33563,-0.00330,0.78277,1.08935,0.06699,0.74000,1.22000,0.04000,0.79000,1.09000,0.06000,0.09599,26.05239,-0.00338,-90.54138,-0.02448,87.64272
18.71426,0.00768,130.17900,Done,EntryTipCone,140.08610,17.87861,7.20122,9.93804,9.93804,0.00000,140.08610,7.20122,0.20122,0.00000,0.00000,0.50379,1.00000,6,6,1,0.66941,1.33565,-0.00314,0.78263,1.08924,0.06662,0.74000,1.22000,0.04000,0.79000,1.09000,0.06000,0.07651,26.05515,-0.00246,-90.43382,-0.01993,87.70021
18.75811,0.01451,68.91285,ApproachEntry,Double,140.08110,17.99310,7.14337,9.85686,9.85686,0.00000,140.08110,7.14337,0.14336,0.00000,0.00000,0.50385,1.00000,6,6,1,0.66930,1.33565,-0.00304,0.78255,1.08918,0.06640,0.74000,1.22000,0.04000,0.79000,1.09000,0.06000,0.06485,26.05654,-0.00165,-90.36824,-0.02006,87.73299
18.79593,0.01319,75.83179,ApproachEntry,Double,140.08110,17.99310,7.14337,9.85686,9.85686,0.00000,140.08110,7.14337,0.14336,0.00000,0.00000,0.50385,1.00000,6,6,1,0.66930,1.33565,-0.00304,0.78255,1.08918,0.06640,0.74000,1.22000,0.04000,0.79000,1.09000,0.06000,0.06485,26.05654,-0.00165,-90.36824,-0.02006,87.73299
18.83202,0.01228,81.41489,ApproachEntry,Double,140.08110,17.99310,7.14337,9.85686,9.85686,0.00000,140.08110,7.14337,0.14336,0.00000,0.00000,0.50385,1.00000,6,6,1,0.66930,1.33565,-0.00304,0.78255,1.08918,0.06640,0.74000,1.22000,0.04000,0.79000,1.09000,0.06000,0.06485,26.05654,-0.00165,-90.36824,-0.02006,87.73299
18.86842,0.01204,83.03111,ApproachEntry,Double,140.08110,17.99310,7.14337,9.85686,9.85686,0.00000,140.08110,7.14337,0.14336,0.00000,0.00000,0.50385,1.00000,6,6,1,0.66930,1.33565,-0.00304,0.78255,1.08918,0.06640,0.74000,1.22000,0.04000,0.79000,1.09000,0.06000,0.06485,26.05654,-0.00165,-90.36824,-0.02006,87.73299
18.90662,0.01237,80.81243,ApproachEntry,Double,140.08110,17.99310,7.14337,9.85686,9.85686,0.00000,140.08110,7.14337,0.14336,0.00000,0.00000,0.50385,1.00000,6,6,1,0.66930,1.33565,-0.00304,0.78255,1.08918,0.06640,0.74000,1.22000,0.04000,0.79000,1.09000,0.06000,0.06485,26.05654,-0.00165,-90.36824,-0.02006,87.73299
18.94235,0.01190,84.00410,ApproachEntry,Double,140.08110,17.99310,7.14337,9.85686,9.85686,0.00000,140.08110,7.14337,0.14336,0.00000,0.00000,0.50385,1.00000,6,6,1,0.66930,1.33565,-0.00304,0.78255,1.08918,0.06640,0.74000,1.22000,0.04000,0.79000,1.09000,0.06000,0.06485,26.05654,-0.00165,-90.36824,-0.02006,87.73299
18.97740,0.01184,84.46597,ApproachEntry,Double,140.08110,17.99310,7.14337,9.85686,9.85686,0.00000,140.08110,7.14337,0.14336,0.00000,0.00000,0.50385,1.00000,6,6,1,0.66930,1.33565,-0.00304,0.78255,1.08918,0.06640,0.74000,1.22000,0.04000,0.79000,1.09000,0.06000,0.06485,26.05654,-0.00165,-90.36824,-0.02006,87.73299
19.01510,0.01345,74.34698,ApproachEntry,Double,140.08110,17.99310,7.14337,9.85686,9.85686,0.00000,140.08110,7.14337,0.14336,0.00000,0.00000,0.50385,1.00000,6,6,1,0.66930,1.33565,-0.00304,0.78255,1.08918,0.06640,0.74000,1.22000,0.04000,0.79000,1.09000,0.06000,0.06485,26.05654,-0.00165,-90.36824,-0.02006,87.73299
19.05121,0.01224,81.69267,ApproachEntry,Double,140.08110,17.99310,7.14337,9.85686,9.85686,0.00000,140.08110,7.14337,0.14336,0.00000,0.00000,0.50385,1.00000,6,6,1,0.66930,1.33565,-0.00304,0.78255,1.08918,0.06640,0.74000,1.22000,0.04000,0.79000,1.09000,0.06000,0.06485,26.05654,-0.00165,-90.36824,-0.02006,87.73299
19.08667,0.01152,86.82426,ApproachEntry,Double,140.08110,17.99310,7.14337,9.85686,9.85686,0.00000,140.08110,7.14337,0.14336,0.00000,0.00000,0.50385,1.00000,6,6,1,0.66930,1.33565,-0.00304,0.78255,1.08918,0.06640,0.74000,1.22000,0.04000,0.79000,1.09000,0.06000,0.06485,26.05654,-0.00165,-90.36824,-0.02006,87.73299
19.12404,0.01298,77.05096,ApproachEntry,Double,140.08110,17.99310,7.14337,9.85686,9.85686,0.00000,140.08110,7.14337,0.14336,0.00000,0.00000,0.50385,1.00000,6,6,1,0.66930,1.33565,-0.00304,0.78255,1.08918,0.06640,0.74000,1.22000,0.04000,0.79000,1.09000,0.06000,0.06485,26.05654,-0.00165,-90.36824,-0.02006,87.73299
19.16137,0.01303,76.77267,ApproachEntry,Double,140.08110,17.99310,7.14337,9.85686,9.85686,0.00000,140.08110,7.14337,0.14336,0.00000,0.00000,0.50385,1.00000,6,6,1,0.66930,1.33565,-0.00304,0.78255,1.08918,0.06640,0.74000,1.22000,0.04000,0.79000,1.09000,0.06000,0.06485,26.05654,-0.00165,-90.36824,-0.02006,87.73299
19.20571,0.01455,68.70811,ApproachEntry,Double,140.08110,17.99310,7.14337,9.85686,9.85686,0.00000,140.08110,7.14337,0.14336,0.00000,0.00000,0.50385,1.00000,6,6,1,0.66930,1.33565,-0.00304,0.78255,1.08918,0.06640,0.74000,1.22000,0.04000,0.79000,1.09000,0.06000,0.06485,26.05654,-0.00165,-90.36824,-0.02006,87.73299
19.24412,0.01217,82.15757,ApproachEntry,Double,140.08110,17.99310,7.14337,9.85686,9.85686,0.00000,140.08110,7.14337,0.14336,0.00000,0.00000,0.50385,1.00000,6,6,1,0.66930,1.33565,-0.00304,0.78255,1.08918,0.06640,0.74000,1.22000,0.04000,0.79000,1.09000,0.06000,0.06485,26.05654,-0.00165,-90.36824,-0.02006,87.73299
19.27914,0.01179,84.81437,ApproachEntry,Double,140.08110,17.99310,7.14337,9.85686,9.85686,0.00000,140.08110,7.14337,0.14336,0.00000,0.00000,0.50385,1.00000,6,6,1,0.66930,1.33565,-0.00304,0.78255,1.08918,0.06640,0.74000,1.22000,0.04000,0.79000,1.09000,0.06000,0.06485,26.05654,-0.00165,-90.36824,-0.02006,87.73299
19.31495,0.01201,83.28671,ApproachEntry,Double,140.08110,17.99310,7.14337,9.85686,9.85686,0.00000,140.08110,7.14337,0.14336,0.00000,0.00000,0.50385,1.00000,6,6,1,0.66930,1.33565,-0.00304,0.78255,1.08918,0.06640,0.74000,1.22000,0.04000,0.79000,1.09000,0.06000,0.06485,26.05654,-0.00165,-90.36824,-0.02006,87.73299
19.35357,0.01359,73.57330,ApproachEntry,Double,140.08110,17.99310,7.14337,9.85686,9.85686,0.00000,140.08110,7.14337,0.14336,0.00000,0.00000,0.50385,1.00000,6,6,1,0.66930,1.33565,-0.00304,0.78255,1.08918,0.06640,0.74000,1.22000,0.04000,0.79000,1.09000,0.06000,0.06485,26.05654,-0.00165,-90.36824,-0.02006,87.73299
19.38965,0.01150,86.99168,ApproachEntry,Double,140.08110,17.99310,7.14337,9.85686,9.85686,0.00000,140.08110,7.14337,0.14336,0.00000,0.00000,0.50385,1.00000,6,6,1,0.66930,1.33565,-0.00304,0.78255,1.08918,0.06640,0.74000,1.22000,0.04000,0.79000,1.09000,0.06000,0.06485,26.05654,-0.00165,-90.36824,-0.02006,87.73299
19.42511,0.01141,87.66982,ApproachEntry,Double,140.08110,17.99310,7.14337,9.85686,9.85686,0.00000,140.08110,7.14337,0.14336,0.00000,0.00000,0.50385,1.00000,6,6,1,0.66930,1.33565,-0.00304,0.78255,1.08918,0.06640,0.74000,1.22000,0.04000,0.79000,1.09000,0.06000,0.06485,26.05654,-0.00165,-90.36824,-0.02006,87.73299
19.46257,0.01277,78.33046,ApproachEntry,Double,140.08110,17.99310,7.14337,9.85686,9.85686,0.00000,140.08110,7.14337,0.14336,0.00000,0.00000,0.50385,1.00000,6,6,1,0.66930,1.33565,-0.00304,0.78255,1.08918,0.06640,0.74000,1.22000,0.04000,0.79000,1.09000,0.06000,0.06485,26.05654,-0.00165,-90.36824,-0.02006,87.73299
19.49802,0.01202,83.20475,ApproachEntry,Double,140.08110,17.99310,7.14337,9.85686,9.85686,0.00000,140.08110,7.14337,0.14336,0.00000,0.00000,0.50385,1.00000,6,6,1,0.66930,1.33565,-0.00304,0.78255,1.08918,0.06640,0.74000,1.22000,0.04000,0.79000,1.09000,0.06000,0.06485,26.05654,-0.00165,-90.36824,-0.02006,87.73299
19.52877,0.00743,134.53750,Done,EntryTipCone,139.96270,20.55505,5.40138,7.52934,7.52934,0.00000,139.96270,5.40138,0.00000,0.00000,0.00000,0.50554,1.00000,6,6,1,0.66411,1.33566,0.00362,0.78346,1.08803,0.05684,0.74000,1.22000,0.04000,0.79000,1.09000,0.06000,-0.61454,26.07599,0.00170,-86.55863,-0.01715,88.45702
19.56527,0.00711,140.72480,Done,EntryTipCone,139.96110,20.56440,5.39412,7.52104,7.52104,0.00000,139.96110,5.39409,0.00000,0.00000,0.00000,0.50556,1.00000,6,6,1,0.66388,1.33564,0.00402,0.78368,1.08805,0.05643,0.74000,1.22000,0.04000,0.79000,1.09000,0.06000,-0.65367,26.07045,0.00707,-86.35201,0.00846,88.46152
19.60182,0.00745,134.28350,Done,EntryTipCone,139.96090,20.56292,5.39656,7.52346,7.52346,0.00000,139.96090,5.39656,0.00000,0.00000,0.00000,0.50556,1.00000,6,6,1,0.66365,1.33561,0.00441,0.78391,1.08808,0.05602,0.74000,1.22000,0.04000,0.79000,1.09000,0.06000,-0.68917,26.07016,0.00283,-86.14544,-0.00758,88.45870
19.63713,0.01285,77.81209,Done,EntryTipCone,139.96120,20.55149,5.40787,7.53744,7.53744,0.00000,139.96120,5.40787,0.00000,0.00000,0.00000,0.50556,1.00000,6,6,1,0.66344,1.33558,0.00479,0.78415,1.08811,0.05563,0.74000,1.22000,0.04000,0.79000,1.09000,0.06000,-0.72405,26.06738,0.00254,-85.94639,-0.01352,88.45476
19.66776,0.01183,84.52678,Done,EntryTipCone,139.96210,20.53392,5.42477,7.55872,7.55872,0.00000,139.96210,5.42477,0.00000,0.00000,0.00000,0.50554,1.00000,6,6,1,0.66326,1.33556,0.00513,0.78437,1.08814,0.05531,0.74000,1.22000,0.04000,0.79000,1.09000,0.06000,-0.75677,26.06453,0.00225,-85.77326,0.01007,88.44907
19.70499,0.00735,136.11480,Done,EntryTipCone,139.96360,20.50279,5.45388,7.59559,7.59559,0.00000,139.96360,5.45388,0.00000,0.00000,0.00000,0.50553,1.00000,6,6,1,0.66304,1.33552,0.00553,0.78465,1.08819,0.05492,0.74000,1.22000,0.04000,0.79000,1.09000,0.06000,-0.79262,26.06414,-0.00353,-85.56590,-0.00170,88.43705
19.73650,0.00970,103.13900,Done,EntryTipCone,139.96570,20.46795,5.48602,7.63608,7.63608,0.00000,139.96570,5.48602,0.00000,0.00000,0.00000,0.50549,1.00000,6,6,1,0.66287,1.33549,0.00587,0.78490,1.08824,0.05460,0.74000,1.22000,0.04000,0.79000,1.09000,0.06000,-0.82266,26.06173,-0.00520,-85.38980,-0.01742,88.42580
19.76771,0.00850,117.71330,Done,EntryTipCone,139.96690,20.42588,5.52411,7.68451,7.68451,0.00000,139.96690,5.52411,0.00000,0.00000,0.00000,0.50548,1.00000,6,6,1,0.66269,1.33546,0.00621,0.78515,1.08829,0.05429,0.74000,1.22000,0.04000,0.79000,1.09000,0.06000,-0.85484,26.05794,-0.00502,-85.21644,-0.00008,88.41338
19.80397,0.00731,136.76580,Done,EntryTipCone,139.96990,20.36789,5.57566,7.75039,7.75039,0.00000,139.96990,5.57566,0.00000,0.00000,0.00000,0.50544,1.00000,6,6,1,0.66250,1.33542,0.00660,0.78545,1.08835,0.05395,0.74000,1.22000,0.04000,0.79000,1.09000,0.06000,-0.88956,26.05407,-0.00599,-85.01798,-0.00559,88.39577
19.84713,0.01445,69.21889,Done,EntryTipCone,139.97450,20.28557,5.64740,7.84221,7.84221,0.00000,139.97450,5.64736,0.00000,0.00000,0.00000,0.50538,1.00000,6,6,1,0.66228,1.33537,0.00707,0.78583,1.08844,0.05355,0.74000,1.22000,0.04000,0.79000,1.09000,0.06000,-0.93073,26.04536,-0.00057,-84.78335,-0.01009,88.37381
19.88351,0.00740,135.20720,Done,EntryTipCone,139.97660,20.20609,5.71539,7.93020,7.93020,0.00000,139.97660,5.71539,0.00000,0.00000,0.00000,0.50532,1.00000,6,6,1,0.66210,1.33533,0.00746,0.78615,1.08851,0.05323,0.74000,1.22000,0.04000,0.79000,1.09000,0.06000,-0.96526,26.04243,-0.00416,-84.58881,-0.00947,88.34900
19.91361,0.00805,124.22720,Done,EntryTipCone,139.98060,20.13261,5.77659,8.00915,8.00915,0.00000,139.98060,5.77659,0.00000,0.00000,0.00000,0.50527,1.00000,6,6,1,0.66196,1.33529,0.00777,0.78643,1.08858,0.05297,0.74000,1.22000,0.04000,0.79000,1.09000,0.06000,-0.99387,26.03644,-0.00137,-84.43016,-0.00206,88.32867
19.94732,0.01350,74.08753,Done,EntryTipCone,139.98540,20.04234,5.85042,8.10466,8.10466,0.00000,139.98540,5.85039,0.00000,0.00000,0.00000,0.50519,1.00000,6,6,1,0.66181,1.33525,0.00813,0.78675,1.08866,0.05270,0.74000,1.22000,0.04000,0.79000,1.09000,0.06000,-1.02452,26.02856,0.00364,-84.25417,-0.00753,88.30441
19.97884,0.02184,45.79600,Done,EntryTipCone,139.98940,19.95016,5.92377,8.20002,8.20002,0.00000,139.98940,5.92377,0.00000,0.00000,0.00000,0.50514,1.00000,6,6,1,0.66167,1.33521,0.00846,0.78705,1.08875,0.05245,0.74000,1.22000,0.04000,0.79000,1.09000,0.06000,-1.05349,26.02620,-0.00091,-84.09212,-0.00268,88.27562
20.01711,0.01068,93.59977,Done,EntryTipCone,139.99440,19.83045,6.01686,8.32180,8.32180,0.00000,139.99440,6.01686,0.00000,0.00000,0.00000,0.50507,1.00000,6,6,1,0.66151,1.33516,0.00885,0.78743,1.08885,0.05217,0.74000,1.22000,0.04000,0.79000,1.09000,0.06000,-1.08732,26.02212,-0.00444,-83.90120,-0.00023,88.23926
20.04904,0.00739,135.33170,Done,EntryTipCone,139.99980,19.72230,6.09873,8.42869,8.42869,0.00000,139.99980,6.09870,0.00000,0.00000,0.00000,0.50499,1.00000,6,6,1,0.66138,1.33511,0.00917,0.78775,1.08894,0.05195,0.74000,1.22000,0.04000,0.79000,1.09000,0.06000,-1.11579,26.01735,-0.00551,-83.74387,0.00873,88.20736
20.08516,0.00713,140.33820,Done,EntryTipCone,140.00570,19.59169,6.19464,8.55519,8.55519,0.00000,140.00570,6.19464,0.00000,0.00000,0.00000,0.50490,1.00000,6,6,1,0.66125,1.33506,0.00953,0.78812,1.08905,0.05171,0.74000,1.22000,0.04000,0.79000,1.09000,0.06000,-1.14480,26.00710,0.00227,-83.57063,-0.00905,88.17291
20.12013,0.00845,118.29800,Done,EntryTipCone,140.01220,19.45710,6.29058,8.68199,8.68199,0.00000,140.01220,6.29058,0.00000,0.00000,0.00000,0.50481,1.00000,6,6,1,0.66113,1.33502,0.00987,0.78848,1.08915,0.05149,0.74000,1.22000,0.04000,0.79000,1.09000,0.06000,-1.17401,25.99918,0.00556,-83.40688,-0.00327,88.13528
20.15556,0.00801,124.79970,Done,EntryTipCone,140.01830,19.31257,6.39022,8.81430,8.81430,0.00000,140.01830,6.39022,0.00000,0.00000,0.00000,0.50472,1.00000,6,6,1,0.66101,1.33497,0.01020,0.78886,1.08927,0.05129,0.74000,1.22000,0.04000,0.79000,1.09000,0.06000,-1.20281,25.99687,-0.00139,-83.24550,0.00296,88.09049
20.19497,0.01216,82.21300,Done,EntryTipCone,140.02580,19.14270,6.50355,8.96623,8.96623,0.00000,140.02580,6.50355,0.00000,0.00000,0.00000,0.50460,1.00000,6,6,1,0.66089,1.33491,0.01057,0.78928,1.08940,0.05108,0.74000,1.22000,0.04000,0.79000,1.09000,0.06000,-1.23397,25.98739,0.00292,-83.07093,0.00991,88.04326
20.22814,0.00974,102.66630,Done,EntryTipCone,140.03250,18.99257,6.59987,9.09527,9.09527,0.00000,140.03250,6.59987,0.00000,0.00000,0.00000,0.50451,1.00000,6,6,1,0.66080,1.33487,0.01087,0.78964,1.08952,0.05092,0.74000,1.22000,0.04000,0.79000,1.09000,0.06000,-1.25833,25.98214,0.00185,-82.93001,0.00661,87.99953
20.26275,0.00735,136.09230,Done,EntryTipCone,140.04050,18.82932,6.70127,9.23220,9.23220,0.00000,140.04050,6.70127,0.00000,0.00000,0.00000,0.50439,1.00000,6,6,1,0.66071,1.33482,0.01117,0.79002,1.08964,0.05077,0.74000,1.22000,0.04000,0.79000,1.09000,0.06000,-1.28268,25.98008,-0.00548,-82.78770,0.00074,87.94929
20.29299,0.00809,123.59760,Done,EntryTipCone,140.04740,18.68108,6.79027,9.35316,9.35316,0.00000,140.04740,6.79027,0.00000,0.00000,0.00000,0.50430,1.00000,6,6,1,0.66064,1.33478,0.01143,0.79035,1.08975,0.05066,0.74000,1.22000,0.04000,0.79000,1.09000,0.06000,-1.30380,25.97021,0.00232,-82.66752,0.00287,87.90997
20.33031,0.00749,133.45250,Done,EntryTipCone,140.05590,18.49113,6.90027,9.50324,9.50324,0.00000,140.05590,6.90027,0.00000,0.00000,0.00000,0.50418,1.00000,6,6,1,0.66056,1.33473,0.01174,0.79076,1.08989,0.05053,0.74000,1.22000,0.04000,0.79000,1.09000,0.06000,-1.32805,25.97050,-0.01001,-82.52515,-0.00327,87.85001
20.36540,0.00750,133.26900,Done,EntryTipCone,140.06390,18.30609,7.00342,9.64523,9.64523,0.00000,140.06390,7.00340,0.00339,0.00000,0.00000,0.50405,1.00000,6,6,1,0.66050,1.33468,0.01202,0.79115,1.09003,0.05042,0.74000,1.22000,0.04000,0.79000,1.09000,0.06000,-1.35098,25.96499,-0.01155,-82.39689,0.00450,87.79619
20.39633,0.00714,140.09880,Done,EntryTipCone,140.07120,18.13772,7.09368,9.76995,9.76995,0.00000,140.07120,7.09368,0.09368,0.00000,0.00000,0.50395,1.00000,6,6,1,0.66045,1.33464,0.01226,0.79150,1.09015,0.05035,0.74000,1.22000,0.04000,0.79000,1.09000,0.06000,-1.36906,25.95646,-0.00600,-82.28905,-0.00315,87.75034
20.42636,0.00803,124.59120,Done,EntryTipCone,140.07980,17.96994,7.18070,9.89102,9.89102,0.00000,140.07980,7.18070,0.18070,0.00000,0.00000,0.50384,1.00000,6,6,1,0.66041,1.33460,0.01249,0.79183,1.09027,0.05028,0.74000,1.22000,0.04000,0.79000,1.09000,0.06000,-1.38738,25.94934,-0.00318,-82.18875,0.00851,87.70337
20.45734,0.00769,130.04490,Done,EntryTipCone,140.08670,17.79292,7.26928,10.01542,10.01542,0.00000,140.08670,7.26925,0.26925,0.00000,0.00000,0.50374,1.00000,6,6,1,0.66037,1.33457,0.01271,0.79218,1.09040,0.05023,0.74000,1.22000,0.04000,0.79000,1.09000,0.06000,-1.40499,25.94292,-0.00150,-82.09037,0.01589,87.65338
20.49702,0.00992,100.80830,Done,EntryTipCone,140.09700,17.55955,7.38084,10.17323,10.17323,0.00000,140.09700,7.38087,0.38087,0.00000,0.00000,0.50359,1.00000,6,6,1,0.66033,1.33452,0.01298,0.79262,1.09056,0.05019,0.74000,1.22000,0.04000,0.79000,1.09000,0.06000,-1.42433,25.93795,-0.00452,-81.97208,0.00344,87.58535
20.52849,0.00732,136.55580,Done,EntryTipCone,140.10520,17.37045,7.46748,10.29670,10.29670,0.00000,140.10520,7.46742,0.46742,0.00000,0.00000,0.50348,1.00000,6,6,1,0.66031,1.33448,0.01318,0.79297,1.09069,0.05017,0.74000,1.22000,0.04000,0.79000,1.09000,0.06000,-1.43856,25.93713,-0.01226,-81.88432,-0.00687,87.52801
20.56726,0.01013,98.76045,Done,EntryTipCone,140.11620,17.13176,7.57220,10.44749,10.44749,0.00000,140.11620,7.57220,0.57220,0.00000,0.00000,0.50333,1.00000,6,6,1,0.66029,1.33444,0.01342,0.79340,1.09086,0.05016,0.74000,1.22000,0.04000,0.79000,1.09000,0.06000,-1.45682,25.92231,0.00236,-81.78325,0.00410,87.46610
20.59735,0.00689,145.11900,Done,EntryTipCone,140.12420,16.94356,7.65094,10.56199,10.56199,0.00000,140.12420,7.65094,0.65094,0.00000,0.00000,0.50322,1.00000,6,6,1,0.66029,1.33441,0.01360,0.79373,1.09099,0.05017,0.74000,1.22000,0.04000,0.79000,1.09000,0.06000,-1.46903,25.92488,-0.01075,-81.71139,0.00367,87.40676
20.62793,0.01020,98.06790,Done,EntryTipCone,140.13250,16.74832,7.72941,10.67709,10.67709,0.00000,140.13250,7.72941,0.72941,0.00000,0.00000,0.50312,1.00000,6,6,1,0.66029,1.33438,0.01376,0.79407,1.09112,0.05019,0.74000,1.22000,0.04000,0.79000,1.09000,0.06000,-1.48034,25.91651,-0.00432,-81.64322,-0.00003,87.35394
20.66263,0.00751,133.16830,Done,EntryTipCone,140.14210,16.52443,7.81555,10.80491,10.80491,0.00000,140.14210,7.81555,0.81555,0.00000,0.00000,0.50298,1.00000,6,6,1,0.66030,1.33435,0.01394,0.79444,1.09127,0.05023,0.74000,1.22000,0.04000,0.79000,1.09000,0.06000,-1.49309,25.91213,-0.00614,-81.57266,0.00932,87.28939
20.69753,0.01336,74.87743,Done,EntryTipCone,140.15160,16.29486,7.89951,10.93099,10.93099,0.00000,140.15160,7.89951,0.89951,0.00000,0.00000,0.50286,1.00000,6,6,1,0.66032,1.33432,0.01411,0.79482,1.09143,0.05029,0.74000,1.22000,0.04000,0.79000,1.09000,0.06000,-1.50383,25.90973,-0.01095,-81.50889,0.00903,87.22204
20.72829,0.01044,95.76189,Done,EntryTipCone,140.16000,16.09090,7.97056,11.03897,11.03897,0.00000,140.16000,7.97056,0.97056,0.00000,0.00000,0.50275,1.00000,6,6,1,0.66034,1.33430,0.01424,0.79515,1.09156,0.05036,0.74000,1.22000,0.04000,0.79000,1.09000,0.06000,-1.51221,25.90246,-0.00570,-81.45908,0.00926,87.16639
20.76509,0.00755,132.46310,Done,EntryTipCone,140.17070,15.84426,8.05230,11.16492,11.16492,0.00000,140.17070,8.05230,1.05230,0.00000,0.00000,0.50261,1.00000,6,6,1,0.66037,1.33428,0.01439,0.79553,1.09172,0.05046,0.74000,1.22000,0.04000,0.79000,1.09000,0.06000,-1.52038,25.90067,-0.01119,-81.40687,0.00304,87.09400
20.79511,0.00685,145.96680,Done,EntryTipCone,140.17980,15.64104,8.11619,11.26462,11.26462,0.00000,140.17980,8.11619,1.11619,0.00000,0.00000,0.50249,1.00000,6,6,1,0.66041,1.33426,0.01449,0.79584,1.09186,0.05055,0.74000,1.22000,0.04000,0.79000,1.09000,0.06000,-1.52592,25.89910,-0.01515,-81.37044,-0.00261,87.03468
20.83830,0.01416,70.61613,Done,EntryTipCone,140.19180,15.34506,8.20401,11.40434,11.40434,0.00000,140.19180,8.20401,1.20401,0.00000,0.00000,0.50232,1.00000,6,6,1,0.66047,1.33424,0.01463,0.79628,1.09205,0.05070,0.74000,1.22000,0.04000,0.79000,1.09000,0.06000,-1.53351,25.88778,-0.00453,-81.32770,0.00478,86.95544
20.87235,0.00776,128.93450,Done,EntryTipCone,140.20130,15.11168,8.26893,11.50973,11.50973,0.00000,140.20130,8.26893,1.26893,0.00000,0.00000,0.50220,1.00000,6,6,1,0.66053,1.33422,0.01472,0.79662,1.09220,0.05084,0.74000,1.22000,0.04000,0.79000,1.09000,0.06000,-1.53748,25.88297,-0.00277,-81.30250,0.00437,86.89024
20.90943,0.00750,133.30810,Done,EntryTipCone,140.21230,14.85560,8.33567,11.62059,11.62059,0.00000,140.21230,8.33567,1.33567,0.00000,0.00000,0.50206,1.00000,6,6,1,0.66060,1.33421,0.01481,0.79698,1.09236,0.05101,0.74000,1.22000,0.04000,0.79000,1.09000,0.06000,-1.54049,25.88550,-0.01429,-81.28356,0.00652,86.81285
20.94825,0.01022,97.85491,Done,EntryTipCone,140.22340,14.58578,8.40149,11.73220,11.73220,0.00000,140.22340,8.40146,1.40146,0.00000,0.00000,0.50192,1.00000,6,6,1,0.66069,1.33420,0.01488,0.79735,1.09253,0.05121,0.74000,1.22000,0.04000,0.79000,1.09000,0.06000,-1.54237,25.87560,-0.00353,-81.27258,0.01120,86.74139
20.98429,0.00752,132.96990,Done,EntryTipCone,140.23350,14.33595,8.45810,11.83086,11.83086,0.00000,140.23350,8.45807,1.45807,0.00000,0.00000,0.50178,1.00000,6,6,1,0.66077,1.33420,0.01493,0.79768,1.09269,0.05141,0.74000,1.22000,0.04000,0.79000,1.09000,0.06000,-1.54146,25.87383,-0.00580,-81.27108,0.00237,86.67004
21.01478,0.00815,122.73630,Done,EntryTipCone,140.24220,14.12410,8.50291,11.91119,11.91119,0.00000,140.24220,8.50291,1.50291,0.00000,0.00000,0.50168,1.00000,6,6,1,0.66085,1.33420,0.01496,0.79795,1.09282,0.05159,0.74000,1.22000,0.04000,0.79000,1.09000,0.06000,-1.54037,25.87252,-0.00793,-81.27647,0.00499,86.60949
21.04485,0.00760,131.59010,Done,EntryTipCone,140.25010,13.91560,8.54433,11.98715,11.98715,0.00000,140.25010,8.54433,1.54433,0.00000,0.00000,0.50159,1.00000,6,6,1,0.66094,1.33420,0.01498,0.79821,1.09295,0.05178,0.74000,1.22000,0.04000,0.79000,1.09000,0.06000,-1.53800,25.87209,-0.01100,-81.28734,0.00337,86.54958
21.07827,0.00777,128.65020,Done,EntryTipCone,140.25910,13.68455,8.58698,12.06802,12.06802,0.00000,140.25910,8.58698,1.58698,0.00000,0.00000,0.50147,1.00000,6,6,1,0.66104,1.33420,0.01498,0.79850,1.09309,0.05200,0.74000,1.22000,0.04000,0.79000,1.09000,0.06000,-1.53479,25.87180,-0.01454,-81.30652,0.00972,86.48313
21.11704,0.00940,106.37780,Done,EntryTipCone,140.27020,13.41755,8.63233,12.15713,12.15713,0.00000,140.27020,8.63233,1.63233,0.00000,0.00000,0.50133,1.00000,6,6,1,0.66116,1.33421,0.01498,0.79881,1.09325,0.05228,0.74000,1.22000,0.04000,0.79000,1.09000,0.06000,-1.52925,25.86818,-0.01218,-81.33733,0.01269,86.40923
21.14848,0.00757,132.05980,Done,EntryTipCone,140.27860,13.20270,8.66547,12.22538,12.22538,0.00000,140.27860,8.66547,1.66547,0.00000,0.00000,0.50123,1.00000,6,6,1,0.66127,1.33422,0.01495,0.79906,1.09338,0.05252,0.74000,1.22000,0.04000,0.79000,1.09000,0.06000,-1.52302,25.86656,-0.01194,-81.36971,0.01039,86.34914
21.18316,0.00895,111.72820,Done,EntryTipCone,140.28780,12.96708,8.69893,12.29714,12.29714,0.00000,140.28780,8.69890,1.69890,0.00000,0.00000,0.50112,1.00000,6,6,1,0.66140,1.33423,0.01492,0.79932,1.09352,0.05279,0.74000,1.22000,0.04000,0.79000,1.09000,0.06000,-1.51571,25.86412,-0.01030,-81.41229,0.01600,86.28389
21.21768,0.01055,94.77610,Done,EntryTipCone,140.29680,12.73455,8.72839,12.36436,12.36436,0.00000,140.29680,8.72839,1.72839,0.00000,0.00000,0.50101,1.00000,6,6,1,0.66153,1.33424,0.01486,0.79957,1.09365,0.05308,0.74000,1.22000,0.04000,0.79000,1.09000,0.06000,-1.50594,25.86402,-0.01192,-81.46259,0.00919,86.21820
21.25258,0.00799,125.21110,Done,EntryTipCone,140.30630,12.50263,8.75504,12.42842,12.42842,0.00000,140.30630,8.75504,1.75504,0.00000,0.00000,0.50091,1.00000,6,6,1,0.66167,1.33426,0.01480,0.79981,1.09379,0.05338,0.74000,1.22000,0.04000,0.79000,1.09000,0.06000,-1.49589,25.86357,-0.01283,-81.52013,0.01309,86.15303
21.28765,0.01082,92.43951,Done,EntryTipCone,140.31470,12.27190,8.77823,12.48873,12.48873,0.00000,140.31470,8.77823,1.77823,0.00000,0.00000,0.50080,1.00000,6,6,1,0.66181,1.33428,0.01472,0.80004,1.09392,0.05370,0.74000,1.22000,0.04000,0.79000,1.09000,0.06000,-1.48449,25.86022,-0.00798,-81.58633,0.01897,86.09080
21.31836,0.00716,139.56900,Done,EntryTipCone,140.32330,12.07307,8.79558,12.53792,12.53792,0.00000,140.32330,8.79560,1.79560,0.00000,0.00000,0.50071,1.00000,6,6,1,0.66195,1.33430,0.01463,0.80023,1.09404,0.05398,0.74000,1.22000,0.04000,0.79000,1.09000,0.06000,-1.47178,25.86482,-0.01637,-81.64995,0.00447,86.03181
21.35618,0.00854,117.11710,Done,EntryTipCone,140.33200,11.83175,8.81396,12.59504,12.59504,0.00000,140.33200,8.81396,1.81396,0.00000,0.00000,0.50060,1.00000,6,6,1,0.66212,1.33433,0.01451,0.80045,1.09417,0.05435,0.74000,1.22000,0.04000,0.79000,1.09000,0.06000,-1.45737,25.86249,-0.01258,-81.73632,0.01608,85.96629
21.39367,0.00824,121.28760,Done,EntryTipCone,140.34120,11.59720,8.82853,12.64715,12.64715,0.00000,140.34120,8.82853,1.82853,0.00000,0.00000,0.50049,1.00000,6,6,1,0.66230,1.33436,0.01438,0.80066,1.09430,0.05472,0.74000,1.22000,0.04000,0.79000,1.09000,0.06000,-1.44006,25.86299,-0.01289,-81.83004,0.00925,85.90098
21.42500,0.00791,126.45290,Done,EntryTipCone,140.34800,11.40496,8.83827,12.68776,12.68776,0.00000,140.34800,8.83827,1.83827,0.00000,0.00000,0.50042,1.00000,6,6,1,0.66245,1.33439,0.01425,0.80081,1.09441,0.05504,0.74000,1.22000,0.04000,0.79000,1.09000,0.06000,-1.42511,25.85948,-0.00585,-81.91447,0.00982,85.85073
21.46169,0.00779,128.42530,Done,EntryTipCone,140.35680,11.18468,8.84676,12.73142,12.73142,0.00000,140.35680,8.84676,1.84676,0.00000,0.00000,0.50033,1.00000,6,6,1,0.66263,1.33442,0.01409,0.80098,1.09453,0.05543,0.74000,1.22000,0.04000,0.79000,1.09000,0.06000,-1.40594,25.86491,-0.01413,-82.02039,0.00572,85.78609
21.49590,0.00777,128.68610,Done,EntryTipCone,140.36400,10.98420,8.85222,12.76893,12.76893,0.00000,140.36400,8.85222,1.85222,0.00000,0.00000,0.50025,1.00000,6,6,1,0.66281,1.33446,0.01393,0.80113,1.09464,0.05579,0.74000,1.22000,0.04000,0.79000,1.09000,0.06000,-1.38776,25.86706,-0.01642,-82.12608,0.01196,85.72962
21.52745,0.00747,133.88960,Done,EntryTipCone,140.37080,10.80390,8.85510,12.80076,12.80076,0.00000,140.37080,8.85510,1.85510,0.00000,0.00000,0.50017,1.00000,6,6,1,0.66297,1.33449,0.01377,0.80125,1.09473,0.05614,0.74000,1.22000,0.04000,0.79000,1.09000,0.06000,-1.36955,25.86604,-0.01277,-82.22913,0.01232,85.68134
21.55789,0.00982,101.81270,Done,EntryTipCone,140.37700,10.63391,8.85630,12.82930,12.82930,0.00000,140.37700,8.85630,1.85630,0.00000,0.00000,0.50009,1.00000,6,6,1,0.66314,1.33452,0.01360,0.80136,1.09482,0.05648,0.74000,1.22000,0.04000,0.79000,1.09000,0.06000,-1.35069,25.86943,-0.01659,-82.33327,0.00714,85.63278
21.58964,0.00959,104.23160,Done,EntryTipCone,140.38320,10.46183,8.85557,12.85615,12.85615,0.00000,140.38320,8.85557,1.85557,0.00000,0.00000,0.50003,1.00000,6,6,1,0.66331,1.33456,0.01341,0.80145,1.09491,0.05684,0.74000,1.22000,0.04000,0.79000,1.09000,0.06000,-1.33101,25.86897,-0.01344,-82.44772,0.01346,85.58665
21.62101,0.00746,133.96200,Done,EntryTipCone,140.38950,10.29682,8.85348,12.88080,12.88080,0.00000,140.38950,8.85348,1.85348,0.00000,0.00000,0.49996,1.00000,6,6,1,0.66349,1.33460,0.01322,0.80154,1.09500,0.05721,0.74000,1.22000,0.04000,0.79000,1.09000,0.06000,-1.30933,25.87352,-0.01858,-82.56465,0.00181,85.53905
21.65270,0.00804,124.43750,Done,EntryTipCone,140.39520,10.13529,8.85004,12.90341,12.90341,0.00000,140.39520,8.85004,1.85004,0.00000,0.00000,0.49989,1.00000,6,6,1,0.66367,1.33463,0.01302,0.80161,1.09508,0.05758,0.74000,1.22000,0.04000,0.79000,1.09000,0.06000,-1.28867,25.87416,-0.01700,-82.68855,0.01513,85.49526
21.68405,0.00802,124.70010,Done,EntryTipCone,140.40110,9.98095,8.84520,12.92361,12.92361,0.00000,140.40110,8.84520,1.84520,0.00000,0.00000,0.49984,1.00000,6,6,1,0.66385,1.33467,0.01280,0.80167,1.09515,0.05795,0.74000,1.22000,0.04000,0.79000,1.09000,0.06000,-1.26622,25.87285,-0.01150,-82.81558,0.01457,85.45521
21.71658,0.00757,132.12110,Done,EntryTipCone,140.40620,9.82660,8.83914,12.94264,12.94264,0.00000,140.40620,8.83914,1.83914,0.00000,0.00000,0.49978,1.00000,6,6,1,0.66405,1.33471,0.01257,0.80172,1.09523,0.05834,0.74000,1.22000,0.04000,0.79000,1.09000,0.06000,-1.24198,25.87707,-0.01536,-82.95193,0.01217,85.41122
21.74769,0.00718,139.35290,Done,EntryTipCone,140.41140,9.68496,8.83231,12.95879,12.95879,0.00000,140.41140,8.83229,1.83229,0.00000,0.00000,0.49974,1.00000,6,6,1,0.66423,1.33475,0.01234,0.80176,1.09530,0.05872,0.74000,1.22000,0.04000,0.79000,1.09000,0.06000,-1.21791,25.87692,-0.01142,-83.08657,0.00813,85.37413
21.78798,0.01034,96.68376,Done,EntryTipCone,140.41840,9.50994,8.82225,12.97750,12.97750,0.00000,140.41840,8.82223,1.82223,0.00000,0.00000,0.49966,1.00000,6,6,1,0.66448,1.33480,0.01203,0.80178,1.09538,0.05921,0.74000,1.22000,0.04000,0.79000,1.09000,0.06000,-1.18530,25.88218,-0.01573,-83.26754,0.00015,85.32433
21.81807,0.00990,101.00060,Done,EntryTipCone,140.42190,9.38621,8.81421,12.98962,12.98962,0.00000,140.42190,8.81421,1.81421,0.00000,0.00000,0.49962,1.00000,6,6,1,0.66467,1.33484,0.01179,0.80179,1.09543,0.05958,0.74000,1.22000,0.04000,0.79000,1.09000,0.06000,-1.16235,25.88228,-0.01234,-83.40688,0.01728,85.29200
21.85037,0.00810,123.49640,Done,EntryTipCone,140.42700,9.25982,8.80509,13.00153,13.00153,0.00000,140.42700,8.80509,1.80509,0.00000,0.00000,0.49957,1.00000,6,6,1,0.66487,1.33488,0.01153,0.80179,1.09549,0.05998,0.74000,1.22000,0.04000,0.79000,1.09000,0.06000,-1.13438,25.88653,-0.01545,-83.55930,0.00438,85.25617
21.88569,0.00761,131.33710,Done,EntryTipCone,140.43140,9.12947,8.79460,13.01259,13.01259,0.00000,140.43140,8.79460,1.79460,0.00000,0.00000,0.49952,1.00000,6,6,1,0.66509,1.33492,0.01122,0.80176,1.09555,0.06042,0.74000,1.22000,0.04000,0.79000,1.09000,0.06000,-1.10451,25.89051,-0.01778,-83.73141,0.00895,85.21967
21.92096,0.00774,129.25100,Done,EntryTipCone,140.43590,9.00788,8.78391,13.02211,13.02211,0.00000,140.43590,8.78389,1.78389,0.00000,0.00000,0.49947,1.00000,6,6,1,0.66532,1.33496,0.01091,0.80173,1.09560,0.06086,0.74000,1.22000,0.04000,0.79000,1.09000,0.06000,-1.07281,25.89377,-0.01848,-83.90677,-0.00069,85.18632
21.95590,0.00820,121.97240,Done,EntryTipCone,140.43990,8.89592,8.77333,13.03019,13.03019,0.00000,140.43990,8.77335,1.77335,0.00000,0.00000,0.49944,1.00000,6,6,1,0.66554,1.33501,0.01060,0.80168,1.09564,0.06130,0.74000,1.22000,0.04000,0.79000,1.09000,0.06000,-1.04130,25.89718,-0.01952,-84.08478,-0.00299,85.15548
21.98912,0.00828,120.80880,Done,EntryTipCone,140.44330,8.79769,8.76347,13.03668,13.03668,0.00000,140.44330,8.76347,1.76347,0.00000,0.00000,0.49940,1.00000,6,6,1,0.66575,1.33505,0.01029,0.80161,1.09567,0.06172,0.74000,1.22000,0.04000,0.79000,1.09000,0.06000,-1.01168,25.90006,-0.02000,-84.25726,0.00464,85.12863
22.02555,0.00839,119.21050,Done,EntryTipCone,140.44690,8.69899,8.75300,13.04290,13.04290,0.00000,140.44690,8.75302,1.75302,0.00000,0.00000,0.49937,1.00000,6,6,1,0.66599,1.33509,0.00994,0.80153,1.09571,0.06217,0.74000,1.22000,0.04000,0.79000,1.09000,0.06000,-0.97704,25.90296,-0.01967,-84.44968,-0.00435,85.10214
22.05838,0.00830,120.52670,Done,EntryTipCone,140.44940,8.61852,8.74393,13.04738,13.04738,0.00000,140.44940,8.74393,1.74393,0.00000,0.00000,0.49934,1.00000,6,6,1,0.66620,1.33513,0.00962,0.80143,1.09573,0.06258,0.74000,1.22000,0.04000,0.79000,1.09000,0.06000,-0.94688,25.90144,-0.01227,-84.62651,0.00577,85.08369
22.09752,0.01061,94.21259,Done,EntryTipCone,140.45270,8.53302,8.73395,13.05195,13.05195,0.00000,140.45270,8.73395,1.73395,0.00000,0.00000,0.49932,1.00000,6,6,1,0.66646,1.33517,0.00924,0.80131,1.09576,0.06306,0.74000,1.22000,0.04000,0.79000,1.09000,0.06000,-0.90827,25.90803,-0.01805,-84.83941,-0.00747,85.05825
22.13492,0.00844,118.51340,Done,EntryTipCone,140.45520,8.46256,8.72526,13.05510,13.05510,0.00000,140.45520,8.72526,1.72526,0.00000,0.00000,0.49928,1.00000,6,6,1,0.66670,1.33521,0.00886,0.80117,1.09577,0.06352,0.74000,1.22000,0.04000,0.79000,1.09000,0.06000,-0.87214,25.91074,-0.01742,-85.04590,-0.00574,85.03967
22.16711,0.00745,134.22810,Done,EntryTipCone,140.45680,8.41036,8.71871,13.05751,13.05751,0.00000,140.45680,8.71871,1.71871,0.00000,0.00000,0.49927,1.00000,6,6,1,0.66691,1.33524,0.00853,0.80104,1.09578,0.06391,0.74000,1.22000,0.04000,0.79000,1.09000,0.06000,-0.84034,25.91493,-0.02012,-85.22526,-0.00881,85.02465
22.20227,0.00805,124.18960,Done,EntryTipCone,140.45870,8.36256,8.71255,13.05965,13.05965,0.00000,140.45870,8.71255,1.71255,0.00000,0.00000,0.49925,1.00000,6,6,1,0.66713,1.33528,0.00817,0.80088,1.09578,0.06434,0.74000,1.22000,0.04000,0.79000,1.09000,0.06000,-0.80614,25.91314,-0.01199,-85.42348,-0.00188,85.01556
22.23710,0.00938,106.63740,Done,EntryTipCone,140.46010,8.32454,8.70750,13.06134,13.06134,0.00000,140.46010,8.70750,1.70750,0.00000,0.00000,0.49924,1.00000,6,6,1,0.66736,1.33531,0.00780,0.80071,1.09578,0.06475,0.74000,1.22000,0.04000,0.79000,1.09000,0.06000,-0.77055,25.91928,-0.01780,-85.62084,-0.01180,85.00316
22.27229,0.00802,124.63850,Done,EntryTipCone,140.46080,8.29625,8.70355,13.06219,13.06219,0.00000,140.46080,8.70353,1.70353,0.00000,0.00000,0.49923,1.00000,6,6,1,0.66758,1.33534,0.00743,0.80052,1.09577,0.06517,0.74000,1.22000,0.04000,0.79000,1.09000,0.06000,-0.73585,25.92279,-0.01915,-85.82170,-0.00505,84.99532
22.30492,0.00766,130.57190,Done,EntryTipCone,140.46140,8.27886,8.70103,13.06254,13.06254,0.00000,140.46140,8.70105,1.70105,0.00000,0.00000,0.49923,1.00000,6,6,1,0.66779,1.33537,0.00708,0.80033,1.09576,0.06554,0.74000,1.22000,0.04000,0.79000,1.09000,0.06000,-0.70339,25.92175,-0.01285,-86.00846,-0.00118,84.99377
22.33997,0.00808,123.82030,Done,EntryTipCone,140.46190,8.26933,8.69956,13.06292,13.06292,0.00000,140.46190,8.69956,1.69956,0.00000,0.00000,0.49921,1.00000,6,6,1,0.66801,1.33539,0.00670,0.80012,1.09573,0.06594,0.74000,1.22000,0.04000,0.79000,1.09000,0.06000,-0.66818,25.92634,-0.01630,-86.20950,0.00018,84.99021
22.37572,0.00799,125.08800,Done,EntryTipCone,140.46210,8.26975,8.69938,13.06285,13.06285,0.00000,140.46210,8.69938,1.69938,0.00000,0.00000,0.49922,1.00000,6,6,1,0.66823,1.33542,0.00631,0.79989,1.09571,0.06634,0.74000,1.22000,0.04000,0.79000,1.09000,0.06000,-0.63179,25.93007,-0.01820,-86.41456,-0.00360,84.99003
22.40924,0.00817,122.41370,Done,EntryTipCone,140.46230,8.27956,8.70042,13.06218,13.06218,0.00000,140.46230,8.70042,1.70042,0.00000,0.00000,0.49921,1.00000,6,6,1,0.66844,1.33544,0.00595,0.79966,1.09568,0.06671,0.74000,1.22000,0.04000,0.79000,1.09000,0.06000,-0.59718,25.93272,-0.01855,-86.60654,-0.01297,84.99306
22.44585,0.00826,121.13210,Done,EntryTipCone,140.46140,8.30040,8.70299,13.06141,13.06141,0.00000,140.46140,8.70299,1.70299,0.00000,0.00000,0.49923,1.00000,6,6,1,0.66866,1.33546,0.00555,0.79940,1.09564,0.06710,0.74000,1.22000,0.04000,0.79000,1.09000,0.06000,-0.56117,25.93519,-0.01844,-86.81638,-0.00317,84.99940
22.47870,0.00726,137.70730,Done,EntryTipCone,140.46000,8.32818,8.70631,13.05994,13.05994,0.00000,140.46000,8.70631,1.70631,0.00000,0.00000,0.49924,1.00000,6,6,1,0.66885,1.33548,0.00519,0.79916,1.09560,0.06744,0.74000,1.22000,0.04000,0.79000,1.09000,0.06000,-0.52825,25.93797,-0.01934,-87.00325,-0.00400,85.00716
22.51720,0.00948,105.51560,Done,EntryTipCone,140.45870,8.37167,8.71161,13.05792,13.05792,0.00000,140.45870,8.71161,1.71161,0.00000,0.00000,0.49926,1.00000,6,6,1,0.66908,1.33550,0.00477,0.79886,1.09554,0.06783,0.74000,1.22000,0.04000,0.79000,1.09000,0.06000,-0.48879,25.94038,-0.01899,-87.22106,-0.01672,85.01983
22.55259,0.00826,121.00770,Done,EntryTipCone,140.45690,8.42161,8.71763,13.05570,13.05570,0.00000,140.45690,8.71763,1.71763,0.00000,0.00000,0.49927,1.00000,6,6,1,0.66928,1.33552,0.00439,0.79857,1.09549,0.06818,0.74000,1.22000,0.04000,0.79000,1.09000,0.06000,-0.45526,25.94373,-0.02105,-87.42018,-0.00051,85.03323
22.58622,0.00807,123.84720,Done,EntryTipCone,140.45550,8.47815,8.72427,13.05293,13.05293,0.00000,140.45550,8.72427,1.72427,0.00000,0.00000,0.49929,1.00000,6,6,1,0.66946,1.33553,0.00403,0.79828,1.09543,0.06850,0.74000,1.22000,0.04000,0.79000,1.09000,0.06000,-0.42176,25.94490,-0.01941,-87.60721,-0.00702,85.05000
22.61951,0.00767,130.45350,Done,EntryTipCone,140.45310,8.54294,8.73161,13.04926,13.04926,0.00000,140.45310,8.73161,1.73161,0.00000,0.00000,0.49931,1.00000,6,6,1,0.66964,1.33554,0.00368,0.79799,1.09537,0.06881,0.74000,1.22000,0.04000,0.79000,1.09000,0.06000,-0.38886,25.94658,-0.01880,-87.78984,-0.01596,85.06855
22.65819,0.01057,94.64001,Done,EntryTipCone,140.44990,8.62869,8.74116,13.04452,13.04452,0.00000,140.44990,8.74119,1.74119,0.00000,0.00000,0.49934,1.00000,6,6,1,0.66985,1.33555,0.00326,0.79764,1.09529,0.06915,0.74000,1.22000,0.04000,0.79000,1.09000,0.06000,-0.35264,25.94890,-0.01893,-88.00119,-0.00501,85.09270
22.69276,0.00866,115.43130,Done,EntryTipCone,140.44740,8.71471,8.75024,13.03935,13.03935,0.00000,140.44740,8.75024,1.75024,0.00000,0.00000,0.49937,1.00000,6,6,1,0.67002,1.33556,0.00290,0.79732,1.09521,0.06945,0.74000,1.22000,0.04000,0.79000,1.09000,0.06000,-0.31954,25.94804,-0.01396,-88.18557,-0.01253,85.11901
22.72763,0.01096,91.22018,Done,EntryTipCone,140.44350,8.81050,8.75991,13.03309,13.03309,0.00000,140.44350,8.75991,1.75991,0.00000,0.00000,0.49941,1.00000,6,6,1,0.67019,1.33556,0.00254,0.79699,1.09513,0.06973,0.74000,1.22000,0.04000,0.79000,1.09000,0.06000,-0.28677,25.95358,-0.02035,-88.36920,-0.01764,85.14314
22.75785,0.00993,100.67110,Done,EntryTipCone,140.44060,8.90053,8.76847,13.02674,13.02674,0.00000,140.44060,8.76847,1.76847,0.00000,0.00000,0.49943,1.00000,6,6,1,0.67034,1.33557,0.00223,0.79670,1.09506,0.06996,0.74000,1.22000,0.04000,0.79000,1.09000,0.06000,-0.26066,25.95365,-0.01771,-88.52601,-0.00136,85.16954
22.79288,0.00865,115.57640,Done,EntryTipCone,140.43650,9.01319,8.77857,13.01815,13.01815,0.00000,140.43650,8.77852,1.77852,0.00000,0.00000,0.49947,1.00000,6,6,1,0.67050,1.33557,0.00187,0.79635,1.09497,0.07022,0.74000,1.22000,0.04000,0.79000,1.09000,0.06000,-0.22817,25.95545,-0.01763,-88.70338,-0.01544,85.20107
22.82444,0.00817,122.35490,Done,EntryTipCone,140.43320,9.12185,8.78772,13.00949,13.00949,0.00000,140.43320,8.78772,1.78772,0.00000,0.00000,0.49951,1.00000,6,6,1,0.67064,1.33557,0.00156,0.79603,1.09488,0.07044,0.74000,1.22000,0.04000,0.79000,1.09000,0.06000,-0.20077,25.95622,-0.01621,-88.86065,-0.01227,85.23207
22.85845,0.00809,123.55160,Done,EntryTipCone,140.42820,9.24668,8.79717,12.99840,12.99840,0.00000,140.42820,8.79717,1.79717,0.00000,0.00000,0.49956,1.00000,6,6,1,0.67078,1.33557,0.00123,0.79568,1.09478,0.07067,0.74000,1.22000,0.04000,0.79000,1.09000,0.06000,-0.17200,25.95757,-0.01556,-89.02596,-0.00876,85.26727
22.89731,0.01010,98.98489,Done,EntryTipCone,140.42330,9.39885,8.80770,12.98415,12.98415,0.00000,140.42330,8.80770,1.80770,0.00000,0.00000,0.49961,1.00000,6,6,1,0.67094,1.33557,0.00085,0.79527,1.09467,0.07091,0.74000,1.22000,0.04000,0.79000,1.09000,0.06000,-0.13929,25.95917,-0.01508,-89.20996,-0.01222,85.30997
22.92760,0.00966,103.57260,Done,EntryTipCone,140.41890,9.52410,8.81543,12.97146,12.97146,0.00000,140.41890,8.81546,1.81546,0.00000,0.00000,0.49966,1.00000,6,6,1,0.67105,1.33556,0.00057,0.79495,1.09457,0.07108,0.74000,1.22000,0.04000,0.79000,1.09000,0.06000,-0.11359,25.96071,-0.01519,-89.34882,-0.02617,85.34490
22.96184,0.00803,124.50640,Done,EntryTipCone,140.41360,9.67275,8.82332,12.95510,12.95510,0.00000,140.41360,8.82332,1.82332,0.00000,0.00000,0.49972,1.00000,6,6,1,0.67117,1.33556,0.00025,0.79458,1.09447,0.07126,0.74000,1.22000,0.04000,0.79000,1.09000,0.06000,-0.08711,25.96232,-0.01515,-89.50194,-0.02075,85.38638
22.99394,0.00844,118.52670,Done,EntryTipCone,140.40820,9.81844,8.82980,12.93797,12.93797,0.00000,140.40820,8.82980,1.82980,0.00000,0.00000,0.49977,1.00000,6,6,1,0.67128,1.33556,-0.00003,0.79424,1.09436,0.07142,0.74000,1.22000,0.04000,0.79000,1.09000,0.06000,-0.06282,25.96589,-0.01876,-89.64072,-0.01938,85.42553
23.02572,0.00804,124.39330,Done,EntryTipCone,140.40270,9.96880,8.83549,12.91954,12.91954,0.00000,140.40270,8.83549,1.83549,0.00000,0.00000,0.49983,1.00000,6,6,1,0.67138,1.33555,-0.00031,0.79389,1.09425,0.07156,0.74000,1.22000,0.04000,0.79000,1.09000,0.06000,-0.04030,25.96352,-0.01185,-89.77463,-0.00717,85.47050
23.05785,0.00932,107.27430,Done,EntryTipCone,140.39740,10.12673,8.83989,12.89842,12.89842,0.00000,140.39740,8.83989,1.83989,0.00000,0.00000,0.49988,1.00000,6,6,1,0.67147,1.33555,-0.00058,0.79353,1.09414,0.07169,0.74000,1.22000,0.04000,0.79000,1.09000,0.06000,-0.01732,25.96697,-0.01531,-89.90453,-0.00834,85.51308
23.09630,0.00915,109.24490,Done,EntryTipCone,140.39050,10.32312,8.84354,12.87065,12.87065,0.00000,140.39050,8.84354,1.84354,0.00000,0.00000,0.49997,1.00000,6,6,1,0.67158,1.33554,-0.00090,0.79310,1.09400,0.07183,0.74000,1.22000,0.04000,0.79000,1.09000,0.06000,0.01001,25.97008,-0.01754,-90.05325,-0.02091,85.56690
23.13271,0.00873,114.49840,Done,EntryTipCone,140.38350,10.51606,8.84489,12.84104,12.84104,0.00000,140.38350,8.84489,1.84489,0.00000,0.00000,0.50003,1.00000,6,6,1,0.67166,1.33553,-0.00119,0.79270,1.09387,0.07194,0.74000,1.22000,0.04000,0.79000,1.09000,0.06000,0.03361,25.97088,-0.01578,-90.18765,-0.02011,85.62158
23.16740,0.00799,125.20320,Done,EntryTipCone,140.37610,10.70611,8.84429,12.81002,12.81002,0.00000,140.37610,8.84429,1.84429,0.00000,0.00000,0.50011,1.00000,6,6,1,0.67174,1.33553,-0.00145,0.79231,1.09373,0.07203,0.74000,1.22000,0.04000,0.79000,1.09000,0.06000,0.05515,25.97093,-0.01272,-90.30953,-0.02080,85.67605
23.20488,0.00860,116.32900,Done,EntryTipCone,140.36800,10.91799,8.84127,12.77321,12.77321,0.00000,140.36800,8.84129,1.84129,0.00000,0.00000,0.50021,1.00000,6,6,1,0.67181,1.33552,-0.00172,0.79189,1.09359,0.07211,0.74000,1.22000,0.04000,0.79000,1.09000,0.06000,0.07715,25.97306,-0.01305,-90.43427,-0.02087,85.73511
23.24006,0.00857,116.71920,Done,EntryTipCone,140.36030,11.12265,8.83589,12.73512,12.73512,0.00000,140.36030,8.83589,1.83589,0.00000,0.00000,0.50029,1.00000,6,6,1,0.67187,1.33551,-0.00197,0.79149,1.09345,0.07217,0.74000,1.22000,0.04000,0.79000,1.09000,0.06000,0.09542,25.97433,-0.01197,-90.54476,-0.00703,85.79279
23.27568,0.00908,110.10810,Done,EntryTipCone,140.35350,11.33486,8.82804,12.69368,12.69368,0.00000,140.35350,8.82804,1.82804,0.00000,0.00000,0.50038,1.00000,6,6,1,0.67191,1.33550,-0.00221,0.79109,1.09331,0.07221,0.74000,1.22000,0.04000,0.79000,1.09000,0.06000,0.11478,25.97552,-0.01075,-90.64920,-0.01744,85.85262
23.30999,0.00854,117.12720,Done,EntryTipCone,140.34540,11.54392,8.81773,12.65018,12.65018,0.00000,140.34540,8.81773,1.81773,0.00000,0.00000,0.50047,1.00000,6,6,1,0.67195,1.33550,-0.00242,0.79071,1.09317,0.07223,0.74000,1.22000,0.04000,0.79000,1.09000,0.06000,0.13230,25.97964,-0.01463,-90.74288,-0.02866,85.90945
23.34485,0.00898,111.35120,Done,EntryTipCone,140.33660,11.76105,8.80424,12.60208,12.60208,0.00000,140.33660,8.80424,1.80424,0.00000,0.00000,0.50056,1.00000,6,6,1,0.67198,1.33549,-0.00263,0.79032,1.09302,0.07223,0.74000,1.22000,0.04000,0.79000,1.09000,0.06000,0.14685,25.98080,-0.01297,-90.83153,-0.01638,85.97098
23.38003,0.00812,123.17910,Done,EntryTipCone,140.32860,11.98382,8.78783,12.55010,12.55010,0.00000,140.32860,8.78780,1.78780,0.00000,0.00000,0.50065,1.00000,6,6,1,0.67200,1.33549,-0.00283,0.78993,1.09288,0.07222,0.74000,1.22000,0.04000,0.79000,1.09000,0.06000,0.16118,25.98339,-0.01382,-90.91373,-0.01421,86.03298
23.41493,0.00863,115.88720,Done,EntryTipCone,140.32010,12.20916,8.76818,12.49439,12.49439,0.00000,140.32010,8.76818,1.76818,0.00000,0.00000,0.50075,1.00000,6,6,1,0.67200,1.33548,-0.00301,0.78955,1.09273,0.07219,0.74000,1.22000,0.04000,0.79000,1.09000,0.06000,0.17478,25.98536,-0.01344,-90.98746,-0.02104,86.09628
23.44860,0.00783,127.69770,Done,EntryTipCone,140.31160,12.42932,8.74647,12.43739,12.43739,0.00000,140.31160,8.74647,1.74647,0.00000,0.00000,0.50086,1.00000,6,6,1,0.67200,1.33548,-0.00317,0.78919,1.09258,0.07214,0.74000,1.22000,0.04000,0.79000,1.09000,0.06000,0.18629,25.98820,-0.01458,-91.05231,-0.02128,86.15750
23.47895,0.00999,100.09340,Done,EntryTipCone,140.30400,12.63060,8.72405,12.38278,12.38278,0.00000,140.30400,8.72405,1.72405,0.00000,0.00000,0.50095,1.00000,6,6,1,0.67200,1.33547,-0.00331,0.78886,1.09245,0.07208,0.74000,1.22000,0.04000,0.79000,1.09000,0.06000,0.19598,25.98868,-0.01180,-91.10447,-0.02670,86.21517
23.51215,0.00843,118.59180,Done,EntryTipCone,140.29500,12.85265,8.69635,12.31940,12.31940,0.00000,140.29500,8.69635,1.69635,0.00000,0.00000,0.50105,1.00000,6,6,1,0.67198,1.33547,-0.00345,0.78851,1.09231,0.07201,0.74000,1.22000,0.04000,0.79000,1.09000,0.06000,0.20370,25.98782,-0.00606,-91.15500,-0.01302,86.28005
23.54759,0.01040,96.11220,Done,EntryTipCone,140.28610,13.09273,8.66363,12.24788,12.24788,0.00000,140.28610,8.66363,1.66363,0.00000,0.00000,0.50116,1.00000,6,6,1,0.67195,1.33547,-0.00358,0.78813,1.09215,0.07191,0.74000,1.22000,0.04000,0.79000,1.09000,0.06000,0.21314,25.99511,-0.01452,-91.20161,-0.02636,86.34370
23.58345,0.00814,122.79850,Done,EntryTipCone,140.27700,13.33681,8.62653,12.17113,12.17113,0.00000,140.27700,8.62655,1.62655,0.00000,0.00000,0.50128,1.00000,6,6,1,0.67191,1.33547,-0.00370,0.78777,1.09200,0.07180,0.74000,1.22000,0.04000,0.79000,1.09000,0.06000,0.21987,25.99367,-0.00723,-91.24038,-0.02503,86.41544
23.61678,0.00881,113.45620,Done,EntryTipCone,140.26770,13.56591,8.58856,12.09579,12.09579,0.00000,140.26770,8.58856,1.58856,0.00000,0.00000,0.50139,1.00000,6,6,1,0.67187,1.33547,-0.00380,0.78743,1.09185,0.07167,0.74000,1.22000,0.04000,0.79000,1.09000,0.06000,0.22447,25.99962,-0.01313,-91.26943,-0.01857,86.47727
23.65215,0.00865,115.56240,Done,EntryTipCone,140.25780,13.80999,8.54470,12.01181,12.01181,0.00000,140.25780,8.54470,1.54470,0.00000,0.00000,0.50151,1.00000,6,6,1,0.67181,1.33547,-0.00390,0.78708,1.09170,0.07153,0.74000,1.22000,0.04000,0.79000,1.09000,0.06000,0.22935,26.00210,-0.01246,-91.29247,-0.02749,86.54623
23.68873,0.00908,110.09470,Done,EntryTipCone,140.24700,14.06341,8.49528,11.92052,11.92052,0.00000,140.24700,8.49528,1.49528,0.00000,0.00000,0.50165,1.00000,6,6,1,0.67174,1.33547,-0.00398,0.78672,1.09154,0.07136,0.74000,1.22000,0.04000,0.79000,1.09000,0.06000,0.23178,26.00270,-0.00806,-91.30801,-0.02351,86.61951
23.72362,0.00899,111.22860,Done,EntryTipCone,140.23800,14.30551,8.44436,11.82941,11.82941,0.00000,140.23800,8.44436,1.44436,0.00000,0.00000,0.50176,1.00000,6,6,1,0.67167,1.33547,-0.00404,0.78639,1.09138,0.07118,0.74000,1.22000,0.04000,0.79000,1.09000,0.06000,0.23317,26.00770,-0.01171,-91.31490,-0.02499,86.68604
23.75814,0.00993,100.72270,Done,EntryTipCone,140.22760,14.54560,8.39000,11.73485,11.73485,0.00000,140.22760,8.39000,1.39000,0.00000,0.00000,0.50189,1.00000,6,6,1,0.67158,1.33548,-0.00409,0.78607,1.09123,0.07099,0.74000,1.22000,0.04000,0.79000,1.09000,0.06000,0.23233,26.01058,-0.01130,-91.31390,-0.01713,86.75391
23.79533,0.00907,110.28630,Done,EntryTipCone,140.21780,14.80361,8.32735,11.62848,11.62848,0.00000,140.21780,8.32735,1.32735,0.00000,0.00000,0.50202,1.00000,6,6,1,0.67148,1.33548,-0.00412,0.78574,1.09107,0.07077,0.74000,1.22000,0.04000,0.79000,1.09000,0.06000,0.23135,26.01149,-0.00705,-91.30384,-0.02644,86.82844
23.82990,0.00848,117.94470,Done,EntryTipCone,140.20780,15.04257,8.26546,11.52564,11.52564,0.00000,140.20780,8.26548,1.26548,0.00000,0.00000,0.50215,1.00000,6,6,1,0.67138,1.33549,-0.00414,0.78544,1.09093,0.07055,0.74000,1.22000,0.04000,0.79000,1.09000,0.06000,0.22879,26.01567,-0.00880,-91.28680,-0.03155,86.89510
23.86571,0.00794,125.99840,Done,EntryTipCone,140.19730,15.28919,8.19745,11.41508,11.41508,0.00000,140.19730,8.19745,1.19745,0.00000,0.00000,0.50228,1.00000,6,6,1,0.67126,1.33550,-0.00414,0.78514,1.09077,0.07030,0.74000,1.22000,0.04000,0.79000,1.09000,0.06000,0.22307,26.01855,-0.00782,-91.26145,-0.01690,86.96517
23.89919,0.01619,61.74949,Done,EntryTipCone,140.18760,15.51963,8.13026,11.30778,11.30778,0.00000,140.18760,8.13026,1.13026,0.00000,0.00000,0.50241,1.00000,6,6,1,0.67115,1.33551,-0.00413,0.78487,1.09063,0.07006,0.74000,1.22000,0.04000,0.79000,1.09000,0.06000,0.21809,26.01623,0.00202,-91.23019,-0.02312,87.03454
23.93630,0.01215,82.30444,Done,EntryTipCone,140.17770,15.77141,8.05206,11.18507,11.18507,0.00000,140.17770,8.05206,1.05206,0.00000,0.00000,0.50253,1.00000,6,6,1,0.67101,1.33552,-0.00410,0.78458,1.09048,0.06977,0.74000,1.22000,0.04000,0.79000,1.09000,0.06000,0.20911,26.01988,0.00195,-91.18694,-0.00796,87.10561
23.97216,0.01195,83.70375,Done,EntryTipCone,140.16770,16.01288,7.97339,11.06353,11.06353,0.00000,140.16770,7.97339,0.97339,0.00000,0.00000,0.50267,1.00000,6,6,1,0.67087,1.33553,-0.00406,0.78432,1.09033,0.06949,0.74000,1.22000,0.04000,0.79000,1.09000,0.06000,0.20190,26.02811,-0.00648,-91.13813,-0.02420,87.17011
24.01250,0.01335,74.92438,Done,EntryTipCone,140.15560,16.28160,7.87998,10.92149,10.92149,0.00000,140.15560,7.87998,0.87998,0.00000,0.00000,0.50283,1.00000,6,6,1,0.67070,1.33554,-0.00400,0.78403,1.09017,0.06915,0.74000,1.22000,0.04000,0.79000,1.09000,0.06000,0.18954,26.03718,-0.01536,-91.07262,-0.01549,87.24226
24.05130,0.01313,76.16100,Done,EntryTipCone,140.14470,16.53604,7.78654,10.78142,10.78142,0.00000,140.14470,7.78654,0.78654,0.00000,0.00000,0.50299,1.00000,6,6,1,0.67053,1.33556,-0.00392,0.78378,1.09002,0.06880,0.74000,1.22000,0.04000,0.79000,1.09000,0.06000,0.17675,26.03706,-0.00824,-91.00064,-0.01517,87.31738
24.08974,0.01247,80.21140,Done,EntryTipCone,140.13410,16.78406,7.69044,10.63945,10.63945,0.00000,140.13410,7.69044,0.69044,0.00000,0.00000,0.50312,1.00000,6,6,1,0.67035,1.33557,-0.00382,0.78354,1.08987,0.06845,0.74000,1.22000,0.04000,0.79000,1.09000,0.06000,0.16157,26.03520,0.00192,-90.92088,-0.00251,87.39201
24.12987,0.04013,24.91956,Done,EntryTipCone,140.12370,17.04145,7.58517,10.48571,10.48571,0.00000,140.12370,7.58517,0.58517,0.00000,0.00000,0.50326,1.00000,6,6,1,0.67016,1.33559,-0.00370,0.78330,1.08972,0.06806,0.74000,1.22000,0.04000,0.79000,1.09000,0.06000,0.14744,26.04797,-0.01373,-90.82664,-0.03369,87.45800
24.16766,0.00811,123.28170,Done,EntryTipCone,140.11290,17.27213,7.48566,10.34188,10.34188,0.00000,140.11290,7.48566,0.48566,0.00000,0.00000,0.50341,1.00000,6,6,1,0.66996,1.33560,-0.00357,0.78310,1.08959,0.06769,0.74000,1.22000,0.04000,0.79000,1.09000,0.06000,0.12976,26.04784,-0.00688,-90.73181,-0.02402,87.52639
24.20765,0.01051,95.14672,Done,EntryTipCone,140.10170,17.51476,7.37613,10.18509,10.18509,0.00000,140.10170,7.37613,0.37613,0.00000,0.00000,0.50356,1.00000,6,6,1,0.66975,1.33562,-0.00341,0.78290,1.08945,0.06728,0.74000,1.22000,0.04000,0.79000,1.09000,0.06000,0.11113,26.05486,-0.01239,-90.62177,-0.03477,87.59277
24.24266,0.00891,112.20740,Done,EntryTipCone,140.09370,17.72155,7.27831,10.04629,10.04629,0.00000,140.09370,7.27831,0.27831,0.00000,0.00000,0.50368,1.00000,6,6,1,0.66956,1.33563,-0.00326,0.78274,1.08933,0.06691,0.74000,1.22000,0.04000,0.79000,1.09000,0.06000,0.09255,26.05430,-0.00558,-90.51844,-0.03213,87.65427
24.27646,0.00894,111.86050,Done,EntryTipCone,140.08510,17.91662,7.18212,9.91116,9.91116,0.00000,140.08510,7.18212,0.18212,0.00000,0.00000,0.50380,1.00000,6,6,1,0.66937,1.33565,-0.00311,0.78260,1.08922,0.06655,0.74000,1.22000,0.04000,0.79000,1.09000,0.06000,0.07352,26.05578,-0.00258,-90.41232,-0.03011,87.71086
24.31245,0.01057,94.63024,Done,EntryTipCone,140.07600,18.11890,7.07817,9.76607,9.76607,0.00000,140.07600,7.07817,0.07817,0.00000,0.00000,0.50393,1.00000,6,6,1,0.66916,1.33566,-0.00292,0.78247,1.08910,0.06615,0.74000,1.22000,0.04000,0.79000,1.09000,0.06000,0.05151,26.05797,-0.00062,-90.29234,-0.02226,87.76907
24.34756,0.00922,108.48590,Done,EntryTipCone,140.06650,18.30995,6.97581,9.62434,9.62434,0.00000,140.06650,6.97581,0.00000,0.00000,0.00000,0.50405,1.00000,6,6,1,0.66896,1.33568,-0.00273,0.78235,1.08900,0.06576,0.74000,1.22000,0.04000,0.79000,1.09000,0.06000,0.02925,26.06380,-0.00543,-90.16916,-0.01825,87.82119
24.38317,0.00866,115.46590,Done,EntryTipCone,140.05780,18.49755,6.87147,9.48090,9.48090,0.00000,140.05780,6.87147,0.00000,0.00000,0.00000,0.50417,1.00000,6,6,1,0.66874,1.33569,-0.00253,0.78225,1.08890,0.06535,0.74000,1.22000,0.04000,0.79000,1.09000,0.06000,0.00621,26.06927,-0.00978,-90.03838,-0.02119,87.87250
24.41968,0.00990,101.01360,Done,EntryTipCone,140.04990,18.68325,6.76402,9.33382,9.33382,0.00000,140.04990,6.76402,0.00000,0.00000,0.00000,0.50428,1.00000,6,6,1,0.66851,1.33570,-0.00230,0.78216,1.08879,0.06493,0.74000,1.22000,0.04000,0.79000,1.09000,0.06000,-0.01969,26.06617,0.00091,-89.89760,-0.01124,87.92979
24.45477,0.00913,109.56780,Done,EntryTipCone,140.04170,18.85479,6.66088,9.19376,9.19376,0.00000,140.04170,6.66088,0.00000,0.00000,0.00000,0.50440,1.00000,6,6,1,0.66829,1.33572,-0.00207,0.78209,1.08870,0.06451,0.74000,1.22000,0.04000,0.79000,1.09000,0.06000,-0.04450,26.07016,-0.00141,-89.75651,-0.01555,87.97743
24.48907,0.00884,113.14590,Done,EntryTipCone,140.03500,19.01566,6.56086,9.05829,9.05829,0.00000,140.03500,6.56089,0.00000,0.00000,0.00000,0.50450,1.00000,6,6,1,0.66807,1.33573,-0.00184,0.78204,1.08862,0.06410,0.74000,1.22000,0.04000,0.79000,1.09000,0.06000,-0.06981,26.07152,0.00045,-89.61379,-0.01704,88.02381
24.52539,0.01009,99.08116,Done,EntryTipCone,140.02750,19.17891,6.45607,8.91723,8.91723,0.00000,140.02750,6.45604,0.00000,0.00000,0.00000,0.50460,1.00000,6,6,1,0.66784,1.33574,-0.00158,0.78200,1.08853,0.06366,0.74000,1.22000,0.04000,0.79000,1.09000,0.06000,-0.09713,26.07651,-0.00415,-89.45751,-0.02324,88.06801
24.56192,0.00917,109.04840,Done,EntryTipCone,140.02020,19.33456,6.35212,8.77812,8.77812,0.00000,140.02020,6.35212,0.00000,0.00000,0.00000,0.50471,1.00000,6,6,1,0.66760,1.33575,-0.00130,0.78198,1.08845,0.06322,0.74000,1.22000,0.04000,0.79000,1.09000,0.06000,-0.12694,26.08119,-0.00858,-89.29436,-0.01490,88.11018
24.59752,0.00946,105.75500,Done,EntryTipCone,140.01340,19.47860,6.25307,8.64613,8.64613,0.00000,140.01340,6.25307,0.00000,0.00000,0.00000,0.50482,1.00000,6,6,1,0.66736,1.33576,-0.00102,0.78197,1.08838,0.06278,0.74000,1.22000,0.04000,0.79000,1.09000,0.06000,-0.15606,26.07841,-0.00018,-89.13061,-0.01604,88.15465
24.63462,0.00858,116.56630,Done,EntryTipCone,140.00650,19.61979,6.15281,8.51322,8.51322,0.00000,140.00650,6.15281,0.00000,0.00000,0.00000,0.50491,1.00000,6,6,1,0.66711,1.33576,-0.00072,0.78198,1.08832,0.06232,0.74000,1.22000,0.04000,0.79000,1.09000,0.06000,-0.18763,26.08087,-0.00143,-88.95566,-0.01132,88.19410
24.66824,0.00827,120.98860,Done,EntryTipCone,140.00070,19.73992,6.06495,8.39709,8.39709,0.00000,140.00070,6.06495,0.00000,0.00000,0.00000,0.50500,1.00000,6,6,1,0.66689,1.33577,-0.00044,0.78201,1.08826,0.06190,0.74000,1.22000,0.04000,0.79000,1.09000,0.06000,-0.21614,26.08929,-0.01392,-88.79308,-0.01731,88.22263
24.70370,0.00808,123.79740,Done,EntryTipCone,139.99570,19.85848,5.97580,8.27958,8.27958,0.00000,139.99570,5.97580,0.00000,0.00000,0.00000,0.50507,1.00000,6,6,1,0.66664,1.33577,-0.00013,0.78205,1.08821,0.06146,0.74000,1.22000,0.04000,0.79000,1.09000,0.06000,-0.24676,26.08396,-0.00235,-88.61726,-0.02681,88.26109
24.73945,0.00818,122.22160,Done,EntryTipCone,139.99010,19.96934,5.89019,8.16744,8.16744,0.00000,139.99010,5.89019,0.00000,0.00000,0.00000,0.50515,1.00000,6,6,1,0.66640,1.33577,0.00019,0.78211,1.08816,0.06102,0.74000,1.22000,0.04000,0.79000,1.09000,0.06000,-0.28086,26.08445,-0.00163,-88.43559,-0.00659,88.29272
24.77462,0.00936,106.85920,Done,EntryTipCone,139.98530,20.06931,5.81106,8.06365,8.06365,0.00000,139.98530,5.81106,0.00000,0.00000,0.00000,0.50523,1.00000,6,6,1,0.66616,1.33577,0.00051,0.78218,1.08812,0.06058,0.74000,1.22000,0.04000,0.79000,1.09000,0.06000,-0.31321,26.08262,0.00276,-88.25427,-0.00675,88.32285
24.81136,0.00897,111.45940,Done,EntryTipCone,139.98100,20.16458,5.73422,7.96359,7.96359,0.00000,139.98100,5.73422,0.00000,0.00000,0.00000,0.50527,1.00000,6,6,1,0.66591,1.33577,0.00085,0.78227,1.08808,0.06012,0.74000,1.22000,0.04000,0.79000,1.09000,0.06000,-0.34741,26.08551,-0.00174,-88.06203,-0.00768,88.34762
24.84688,0.00902,110.90290,Done,EntryTipCone,139.97650,20.24720,5.66594,7.87467,7.87467,0.00000,139.97650,5.66594,0.00000,0.00000,0.00000,0.50536,1.00000,6,6,1,0.66567,1.33576,0.00119,0.78238,1.08805,0.05968,0.74000,1.22000,0.04000,0.79000,1.09000,0.06000,-0.38140,26.08452,0.00017,-87.87255,-0.00584,88.37167
24.88219,0.00858,116.49340,Done,EntryTipCone,139.97330,20.32018,5.60466,7.79513,7.79513,0.00000,139.97330,5.60466,0.00000,0.00000,0.00000,0.50539,1.00000,6,6,1,0.66543,1.33575,0.00154,0.78250,1.08803,0.05925,0.74000,1.22000,0.04000,0.79000,1.09000,0.06000,-0.41433,26.08696,-0.00457,-87.68224,-0.01853,88.38999
24.91631,0.00895,111.72210,Done,EntryTipCone,139.97040,20.38173,5.55203,7.72666,7.72666,0.00000,139.97040,5.55203,0.00000,0.00000,0.00000,0.50543,1.00000,6,6,1,0.66520,1.33574,0.00188,0.78263,1.08801,0.05883,0.74000,1.22000,0.04000,0.79000,1.09000,0.06000,-0.44856,26.08428,-0.00084,-87.49532,-0.00816,88.40876
24.95262,0.00924,108.20940,Done,EntryTipCone,139.96830,20.43762,5.50388,7.66406,7.66406,0.00000,139.96830,5.50388,0.00000,0.00000,0.00000,0.50548,1.00000,6,6,1,0.66496,1.33573,0.00225,0.78278,1.08800,0.05839,0.74000,1.22000,0.04000,0.79000,1.09000,0.06000,-0.48396,26.07751,0.00959,-87.29590,-0.00966,88.42879
24.98737,0.00898,111.33970,Done,EntryTipCone,139.96600,20.48176,5.46540,7.61431,7.61431,0.00000,139.96600,5.46540,0.00000,0.00000,0.00000,0.50550,1.00000,6,6,1,0.66473,1.33572,0.00261,0.78294,1.08800,0.05797,0.74000,1.22000,0.04000,0.79000,1.09000,0.06000,-0.51922,26.07797,0.00666,-87.10211,-0.00159,88.43964
25.02434,0.00939,106.47980,Done,EntryTipCone,139.96420,20.51856,5.43336,7.57290,7.57290,0.00000,139.96420,5.43336,0.00000,0.00000,0.00000,0.50552,1.00000,6,6,1,0.66449,1.33570,0.00299,0.78312,1.08800,0.05754,0.74000,1.22000,0.04000,0.79000,1.09000,0.06000,-0.55543,26.08111,-0.00164,-86.89626,-0.00666,88.44600
25.06009,0.00910,109.86480,Done,EntryTipCone,139.96210,20.54392,5.41121,7.54397,7.54397,0.00000,139.96210,5.41117,0.00000,0.00000,0.00000,0.50555,1.00000,6,6,1,0.66426,1.33568,0.00337,0.78332,1.08802,0.05712,0.74000,1.22000,0.04000,0.79000,1.09000,0.06000,-0.59270,26.07733,0.00171,-86.69456,0.00923,88.45425
25.09527,0.00971,103.01140,Done,EntryTipCone,139.96160,20.55924,5.39819,7.52642,7.52642,0.00000,139.96160,5.39815,0.00000,0.00000,0.00000,0.50557,1.00000,6,6,1,0.66404,1.33566,0.00374,0.78352,1.08803,0.05671,0.74000,1.22000,0.04000,0.79000,1.09000,0.06000,-0.62693,26.07729,-0.00188,-86.49635,-0.00421,88.45653
25.13021,0.00915,109.23980,Done,EntryTipCone,139.96040,20.56497,5.39383,7.52065,7.52065,0.00000,139.96040,5.39383,0.00000,0.00000,0.00000,0.50557,1.00000,6,6,1,0.66382,1.33563,0.00412,0.78374,1.08805,0.05632,0.74000,1.22000,0.04000,0.79000,1.09000,0.06000,-0.66089,26.08029,-0.01128,-86.29910,-0.01893,88.45360
25.16654,0.00852,117.33680,Done,EntryTipCone,139.96190,20.56085,5.39859,7.52582,7.52582,0.00000,139.96190,5.39859,0.00000,0.00000,0.00000,0.50554,1.00000,6,6,1,0.66360,1.33560,0.00451,0.78398,1.08808,0.05592,0.74000,1.22000,0.04000,0.79000,1.09000,0.06000,-0.69788,26.07118,-0.00034,-86.09411,-0.01237,88.45652
25.20412,0.00854,117.06900,Done,EntryTipCone,139.96200,20.54599,5.41334,7.54444,7.54444,0.00000,139.96200,5.41334,0.00000,0.00000,0.00000,0.50556,1.00000,6,6,1,0.66337,1.33557,0.00492,0.78423,1.08812,0.05551,0.74000,1.22000,0.04000,0.79000,1.09000,0.06000,-0.73637,26.07042,-0.00486,-85.88184,-0.00343,88.44970
25.24121,0.01023,97.76678,Done,EntryTipCone,139.96290,20.52021,5.43769,7.57489,7.57489,0.00000,139.96290,5.43769,0.00000,0.00000,0.00000,0.50554,1.00000,6,6,1,0.66315,1.33554,0.00532,0.78451,1.08817,0.05512,0.74000,1.22000,0.04000,0.79000,1.09000,0.06000,-0.77277,26.06352,0.00118,-85.67327,-0.01198,88.44441
25.27850,0.00891,112.22600,Done,EntryTipCone,139.96500,20.48390,5.47139,7.61776,7.61776,0.00000,139.96500,5.47139,0.00000,0.00000,0.00000,0.50549,1.00000,6,6,1,0.66294,1.33550,0.00573,0.78479,1.08822,0.05474,0.74000,1.22000,0.04000,0.79000,1.09000,0.06000,-0.81042,26.06129,-0.00194,-85.46472,-0.00464,88.43201
25.31308,0.00862,116.06480,Done,EntryTipCone,139.96660,20.44052,5.51097,7.66791,7.66791,0.00000,139.96660,5.51097,0.00000,0.00000,0.00000,0.50547,1.00000,6,6,1,0.66275,1.33547,0.00610,0.78506,1.08827,0.05439,0.74000,1.22000,0.04000,0.79000,1.09000,0.06000,-0.84472,26.04968,0.01176,-85.27278,-0.00169,88.42502
25.34758,0.00887,112.77880,Done,EntryTipCone,139.96820,20.38810,5.55785,7.72789,7.72789,0.00000,139.96820,5.55785,0.00000,0.00000,0.00000,0.50544,1.00000,6,6,1,0.66257,1.33543,0.00648,0.78535,1.08833,0.05406,0.74000,1.22000,0.04000,0.79000,1.09000,0.06000,-0.87947,26.05104,0.00186,-85.08280,0.01164,88.40519
25.38392,0.00859,116.45220,Done,EntryTipCone,139.97190,20.32329,5.61486,7.80071,7.80071,0.00000,139.97190,5.61486,0.00000,0.00000,0.00000,0.50539,1.00000,6,6,1,0.66238,1.33539,0.00687,0.78566,1.08840,0.05372,0.74000,1.22000,0.04000,0.79000,1.09000,0.06000,-0.91364,26.04700,0.00089,-84.88506,0.00111,88.38557
25.41879,0.00815,122.72470,Done,EntryTipCone,139.97460,20.25178,5.67648,7.87997,7.87997,0.00000,139.97460,5.67648,0.00000,0.00000,0.00000,0.50536,1.00000,6,6,1,0.66220,1.33535,0.00724,0.78597,1.08847,0.05341,0.74000,1.22000,0.04000,0.79000,1.09000,0.06000,-0.94689,26.04274,0.00019,-84.69732,0.00132,88.36428
25.45417,0.00892,112.06900,Done,EntryTipCone,139.97930,20.16975,5.74552,7.96862,7.96862,0.00000,139.97930,5.74549,0.00000,0.00000,0.00000,0.50529,1.00000,6,6,1,0.66203,1.33531,0.00762,0.78629,1.08855,0.05310,0.74000,1.22000,0.04000,0.79000,1.09000,0.06000,-0.97927,26.04066,-0.00493,-84.50935,-0.00918,88.33799
25.48880,0.00859,116.40260,Done,EntryTipCone,139.98340,20.08113,5.81881,8.06381,8.06381,0.00000,139.98340,5.81881,0.00000,0.00000,0.00000,0.50522,1.00000,6,6,1,0.66187,1.33527,0.00798,0.78661,1.08863,0.05281,0.74000,1.22000,0.04000,0.79000,1.09000,0.06000,-1.01179,26.03086,0.00336,-84.32764,-0.00446,88.31567
25.52416,0.00894,111.83440,Done,EntryTipCone,139.98750,19.98150,5.89904,8.16790,8.16790,0.00000,139.98750,5.89897,0.00000,0.00000,0.00000,0.50516,1.00000,6,6,1,0.66171,1.33522,0.00835,0.78695,1.08872,0.05253,0.74000,1.22000,0.04000,0.79000,1.09000,0.06000,-1.04436,26.02712,0.00035,-84.14564,0.00130,88.28529
25.55995,0.00808,123.76110,Done,EntryTipCone,139.99240,19.87165,5.98504,8.28014,8.28014,0.00000,139.99240,5.98504,0.00000,0.00000,0.00000,0.50509,1.00000,6,6,1,0.66156,1.33517,0.00872,0.78730,1.08881,0.05226,0.74000,1.22000,0.04000,0.79000,1.09000,0.06000,-1.07568,26.02450,-0.00491,-83.96477,-0.00589,88.25107
25.59547,0.00871,114.75370,Done,EntryTipCone,139.99800,19.75402,6.07499,8.39787,8.39787,0.00000,139.99800,6.07499,0.00000,0.00000,0.00000,0.50500,1.00000,6,6,1,0.66142,1.33513,0.00908,0.78766,1.08891,0.05201,0.74000,1.22000,0.04000,0.79000,1.09000,0.06000,-1.10685,26.01621,-0.00051,-83.78855,-0.00447,88.21877
25.62994,0.00898,111.31470,Done,EntryTipCone,140.00380,19.63141,6.16558,8.51685,8.51685,0.00000,140.00380,6.16558,0.00000,0.00000,0.00000,0.50493,1.00000,6,6,1,0.66129,1.33508,0.00942,0.78801,1.08901,0.05178,0.74000,1.22000,0.04000,0.79000,1.09000,0.06000,-1.13621,26.01159,-0.00255,-83.62229,-0.00250,88.18231
25.66706,0.01034,96.71238,Done,EntryTipCone,140.01010,19.49075,6.26682,8.65057,8.65057,0.00000,140.01010,6.26685,0.00000,0.00000,0.00000,0.50483,1.00000,6,6,1,0.66116,1.33503,0.00978,0.78839,1.08913,0.05154,0.74000,1.22000,0.04000,0.79000,1.09000,0.06000,-1.16823,26.00504,-0.00245,-83.44645,0.01105,88.14157
25.71019,0.01337,74.78827,Done,EntryTipCone,140.01800,19.31601,6.38789,8.81126,8.81126,0.00000,140.01800,6.38789,0.00000,0.00000,0.00000,0.50472,1.00000,6,6,1,0.66101,1.33497,0.01020,0.78885,1.08927,0.05130,0.74000,1.22000,0.04000,0.79000,1.09000,0.06000,-1.20086,26.00035,-0.00699,-83.24923,-0.01311,88.08910
25.74080,0.00907,110.20510,Done,EntryTipCone,140.02470,19.18554,6.47536,8.92808,8.92808,0.00000,140.02470,6.47536,0.00000,0.00000,0.00000,0.50463,1.00000,6,6,1,0.66092,1.33492,0.01048,0.78918,1.08937,0.05113,0.74000,1.22000,0.04000,0.79000,1.09000,0.06000,-1.22557,25.99410,-0.00577,-83.11365,-0.00135,88.05186
25.77957,0.01023,97.71344,Done,EntryTipCone,140.03200,19.01157,6.58779,9.07904,9.07904,0.00000,140.03200,6.58779,0.00000,0.00000,0.00000,0.50453,1.00000,6,6,1,0.66081,1.33487,0.01083,0.78959,1.08950,0.05094,0.74000,1.22000,0.04000,0.79000,1.09000,0.06000,-1.25472,25.98244,0.00270,-82.94749,-0.00004,88.00537
25.81123,0.01034,96.68157,Done,EntryTipCone,140.03940,18.86290,6.68055,9.20394,9.20394,0.00000,140.03940,6.68058,0.00000,0.00000,0.00000,0.50441,1.00000,6,6,1,0.66073,1.33483,0.01111,0.78994,1.08962,0.05080,0.74000,1.22000,0.04000,0.79000,1.09000,0.06000,-1.27706,25.98458,-0.01111,-82.81640,-0.00662,87.95651
25.85042,0.00931,107.37320,Done,EntryTipCone,140.04710,18.67140,6.79613,9.36109,9.36109,0.00000,140.04710,6.79610,0.00000,0.00000,0.00000,0.50431,1.00000,6,6,1,0.66064,1.33477,0.01145,0.79037,1.08976,0.05065,0.74000,1.22000,0.04000,0.79000,1.09000,0.06000,-1.30633,25.97151,-0.00086,-82.65965,0.01681,87.90582
25.88863,0.01046,95.55888,Done,EntryTipCone,140.05640,18.47627,6.90870,9.51484,9.51484,0.00000,140.05640,6.90870,0.00000,0.00000,0.00000,0.50416,1.00000,6,6,1,0.66056,1.33472,0.01177,0.79079,1.08990,0.05052,0.74000,1.22000,0.04000,0.79000,1.09000,0.06000,-1.33052,25.96664,-0.00419,-82.51434,0.00367,87.84831
25.92802,0.01100,90.93433,Done,EntryTipCone,140.06520,18.26759,7.02443,9.67425,9.67425,0.00000,140.06520,7.02443,0.02443,0.00000,0.00000,0.50404,1.00000,6,6,1,0.66048,1.33467,0.01208,0.79123,1.09006,0.05040,0.74000,1.22000,0.04000,0.79000,1.09000,0.06000,-1.35537,25.96020,-0.00526,-82.37121,0.00321,87.78793
25.95945,0.01928,51.86697,Done,EntryTipCone,140.07290,18.09467,7.11637,9.80171,9.80171,0.00000,140.07290,7.11637,0.11637,0.00000,0.00000,0.50394,1.00000,6,6,1,0.66044,1.33463,0.01232,0.79158,1.09018,0.05033,0.74000,1.22000,0.04000,0.79000,1.09000,0.06000,-1.37454,25.95409,-0.00448,-82.26251,0.00750,87.73863
25.99698,0.00975,102.52330,Done,EntryTipCone,140.08280,17.88412,7.22398,9.95166,9.95166,0.00000,140.08280,7.22398,0.22398,0.00000,0.00000,0.50381,1.00000,6,6,1,0.66039,1.33458,0.01260,0.79200,1.09033,0.05026,0.74000,1.22000,0.04000,0.79000,1.09000,0.06000,-1.39612,25.94523,-0.00062,-82.14034,0.01308,87.67992
26.02872,0.01030,97.08337,Done,EntryTipCone,140.09020,17.70042,7.31419,10.07874,10.07874,0.00000,140.09020,7.31419,0.31419,0.00000,0.00000,0.50369,1.00000,6,6,1,0.66035,1.33455,0.01282,0.79236,1.09046,0.05021,0.74000,1.22000,0.04000,0.79000,1.09000,0.06000,-1.41284,25.94209,-0.00473,-82.04195,0.00977,87.62558
26.05928,0.01064,93.94122,Done,EntryTipCone,140.09910,17.51948,7.39956,10.19967,10.19967,0.00000,140.09910,7.39956,0.39956,0.00000,0.00000,0.50357,1.00000,6,6,1,0.66033,1.33451,0.01302,0.79270,1.09059,0.05018,0.74000,1.22000,0.04000,0.79000,1.09000,0.06000,-1.42714,25.93297,0.00241,-81.95274,-0.00297,87.57687
26.09686,0.01174,85.21220,Done,EntryTipCone,140.10780,17.29180,7.50297,10.34772,10.34772,0.00000,140.10780,7.50297,0.50297,0.00000,0.00000,0.50345,1.00000,6,6,1,0.66030,1.33447,0.01327,0.79312,1.09075,0.05016,0.74000,1.22000,0.04000,0.79000,1.09000,0.06000,-1.44700,25.93064,-0.00517,-81.84904,0.02116,87.50857
26.13103,0.00965,103.64560,Done,EntryTipCone,140.11710,17.08055,7.59394,10.47904,10.47904,0.00000,140.11710,7.59394,0.59394,0.00000,0.00000,0.50332,1.00000,6,6,1,0.66029,1.33443,0.01347,0.79349,1.09090,0.05016,0.74000,1.22000,0.04000,0.79000,1.09000,0.06000,-1.46073,25.92445,-0.00381,-81.76301,0.00947,87.44891
26.16747,0.00968,103.34770,Done,EntryTipCone,140.12790,16.85080,7.68873,10.61734,10.61734,0.00000,140.12790,7.68873,0.68873,0.00000,0.00000,0.50318,1.00000,6,6,1,0.66029,1.33440,0.01368,0.79389,1.09105,0.05018,0.74000,1.22000,0.04000,0.79000,1.09000,0.06000,-1.47515,25.91774,-0.00228,-81.67799,0.00854,87.38399
26.20505,0.00869,115.03340,Done,EntryTipCone,140.13790,16.60954,7.78321,10.75692,10.75692,0.00000,140.13790,7.78321,0.78321,0.00000,0.00000,0.50303,1.00000,6,6,1,0.66029,1.33436,0.01387,0.79430,1.09122,0.05022,0.74000,1.22000,0.04000,0.79000,1.09000,0.06000,-1.48816,25.91386,-0.00549,-81.59867,0.00314,87.31394
26.24291,0.00909,110.03530,Done,EntryTipCone,140.14880,16.36243,7.87552,10.89455,10.89455,0.00000,140.14880,7.87552,0.87552,0.00000,0.00000,0.50289,1.00000,6,6,1,0.66031,1.33433,0.01406,0.79471,1.09138,0.05027,0.74000,1.22000,0.04000,0.79000,1.09000,0.06000,-1.50136,25.90937,-0.00785,-81.52631,0.01411,87.24255
26.27812,0.00942,106.16920,Done,EntryTipCone,140.15920,16.12920,7.95774,11.01917,11.01917,0.00000,140.15920,7.95774,0.95774,0.00000,0.00000,0.50277,1.00000,6,6,1,0.66033,1.33430,0.01422,0.79509,1.09154,0.05035,0.74000,1.22000,0.04000,0.79000,1.09000,0.06000,-1.51039,25.90612,-0.01077,-81.46737,0.00372,87.17503
26.31323,0.00905,110.45630,Done,EntryTipCone,140.16820,15.89413,8.03622,11.13983,11.13983,0.00000,140.16820,8.03622,1.03622,0.00000,0.00000,0.50263,1.00000,6,6,1,0.66037,1.33428,0.01436,0.79545,1.09169,0.05044,0.74000,1.22000,0.04000,0.79000,1.09000,0.06000,-1.51895,25.89755,-0.00392,-81.41657,0.00493,87.11134
26.34963,0.00831,120.35020,Done,EntryTipCone,140.17880,15.64792,8.11414,11.26159,11.26159,0.00000,140.17880,8.11414,1.11414,0.00000,0.00000,0.50250,1.00000,6,6,1,0.66041,1.33426,0.01449,0.79583,1.09185,0.05054,0.74000,1.22000,0.04000,0.79000,1.09000,0.06000,-1.52651,25.89681,-0.01102,-81.37151,0.00641,87.03844
26.38544,0.00908,110.14550,Done,EntryTipCone,140.18950,15.40334,8.18732,11.37769,11.37769,0.00000,140.18950,8.18732,1.18732,0.00000,0.00000,0.50235,1.00000,6,6,1,0.66046,1.33424,0.01461,0.79620,1.09201,0.05067,0.74000,1.22000,0.04000,0.79000,1.09000,0.06000,-1.53237,25.89405,-0.01393,-81.33503,0.00530,86.96789
26.42127,0.00820,121.88820,Done,EntryTipCone,140.19940,15.15727,8.25664,11.48976,11.48976,0.00000,140.19940,8.25664,1.25664,0.00000,0.00000,0.50224,1.00000,6,6,1,0.66052,1.33423,0.01471,0.79655,1.09217,0.05081,0.74000,1.22000,0.04000,0.79000,1.09000,0.06000,-1.53758,25.88548,-0.00617,-81.30664,0.01302,86.90163
26.45782,0.00878,113.94540,Done,EntryTipCone,140.21030,14.90484,8.32320,11.59960,11.59960,0.00000,140.21030,8.32320,1.32320,0.00000,0.00000,0.50208,1.00000,6,6,1,0.66059,1.33421,0.01479,0.79691,1.09233,0.05098,0.74000,1.22000,0.04000,0.79000,1.09000,0.06000,-1.53984,25.88643,-0.01458,-81.28640,0.00357,86.82668
26.49344,0.00914,109.37220,Done,EntryTipCone,140.22030,14.65796,8.38448,11.70290,11.70290,0.00000,140.22030,8.38443,1.38443,0.00000,0.00000,0.50196,1.00000,6,6,1,0.66066,1.33420,0.01486,0.79725,1.09249,0.05115,0.74000,1.22000,0.04000,0.79000,1.09000,0.06000,-1.54223,25.87683,-0.00398,-81.27439,0.01170,86.76158
26.52763,0.00897,111.53140,Done,EntryTipCone,140.22990,14.42056,8.43936,11.79797,11.79797,0.00000,140.22990,8.43936,1.43936,0.00000,0.00000,0.50185,1.00000,6,6,1,0.66074,1.33420,0.01491,0.79757,1.09263,0.05134,0.74000,1.22000,0.04000,0.79000,1.09000,0.06000,-1.54317,25.87493,-0.00636,-81.27094,0.02073,86.69359
26.56484,0.00849,117.82660,Done,EntryTipCone,140.24020,14.16224,8.49496,11.89676,11.89676,0.00000,140.24020,8.49496,1.49496,0.00000,0.00000,0.50170,1.00000,6,6,1,0.66084,1.33420,0.01495,0.79790,1.09280,0.05156,0.74000,1.22000,0.04000,0.79000,1.09000,0.06000,-1.54117,25.87148,-0.00542,-81.27538,0.01159,86.62132
26.60034,0.00846,118.16940,Done,EntryTipCone,140.25030,13.91614,8.54410,11.98680,11.98680,0.00000,140.25030,8.54410,1.54410,0.00000,0.00000,0.50158,1.00000,6,6,1,0.66094,1.33420,0.01498,0.79821,1.09295,0.05178,0.74000,1.22000,0.04000,0.79000,1.09000,0.06000,-1.53883,25.86977,-0.00716,-81.28777,0.01435,86.55130
26.63538,0.00889,112.53900,Done,EntryTipCone,140.26040,13.67387,8.58895,12.07179,12.07179,0.00000,140.26040,8.58895,1.58895,0.00000,0.00000,0.50145,1.00000,6,6,1,0.66104,1.33420,0.01498,0.79851,1.09309,0.05202,0.74000,1.22000,0.04000,0.79000,1.09000,0.06000,-1.53554,25.86738,-0.00724,-81.30768,0.02102,86.48318
26.67322,0.00931,107.39030,Done,EntryTipCone,140.26960,13.41328,8.63286,12.15836,12.15836,0.00000,140.26960,8.63286,1.63286,0.00000,0.00000,0.50134,1.00000,6,6,1,0.66117,1.33421,0.01497,0.79882,1.09325,0.05229,0.74000,1.22000,0.04000,0.79000,1.09000,0.06000,-1.52922,25.86940,-0.01438,-81.33826,0.01468,86.40712
26.70851,0.00918,108.90830,Done,EntryTipCone,140.27970,13.17199,8.66993,12.23488,12.23488,0.00000,140.27970,8.66991,1.66991,0.00000,0.00000,0.50122,1.00000,6,6,1,0.66129,1.33422,0.01495,0.79909,1.09340,0.05255,0.74000,1.22000,0.04000,0.79000,1.09000,0.06000,-1.52246,25.86936,-0.01738,-81.37502,0.01533,86.33820
26.74412,0.00864,115.68330,Done,EntryTipCone,140.28930,12.93053,8.70367,12.30780,12.30780,0.00000,140.28930,8.70365,1.70365,0.00000,0.00000,0.50110,1.00000,6,6,1,0.66142,1.33423,0.01491,0.79936,1.09354,0.05284,0.74000,1.22000,0.04000,0.79000,1.09000,0.06000,-1.51461,25.86410,-0.01068,-81.41997,0.01972,86.27350
26.78076,0.00867,115.35970,Done,EntryTipCone,140.29940,12.68455,8.73442,12.37842,12.37842,0.00000,140.29940,8.73440,1.73440,0.00000,0.00000,0.50098,1.00000,6,6,1,0.66156,1.33425,0.01485,0.79963,1.09368,0.05314,0.74000,1.22000,0.04000,0.79000,1.09000,0.06000,-1.50430,25.86072,-0.00662,-81.47447,0.01506,86.20647
26.81623,0.00883,113.24550,Done,EntryTipCone,140.30840,12.44898,8.76058,12.44260,12.44260,0.00000,140.30840,8.76058,1.76058,0.00000,0.00000,0.50088,1.00000,6,6,1,0.66170,1.33427,0.01478,0.79987,1.09382,0.05345,0.74000,1.22000,0.04000,0.79000,1.09000,0.06000,-1.49255,25.86038,-0.00721,-81.53481,0.00520,86.14054
26.85176,0.00862,116.01260,Done,EntryTipCone,140.31730,12.21644,8.78318,12.50264,12.50264,0.00000,140.31730,8.78318,1.78318,0.00000,0.00000,0.50077,1.00000,6,6,1,0.66185,1.33429,0.01469,0.80010,1.09395,0.05377,0.74000,1.22000,0.04000,0.79000,1.09000,0.06000,-1.47979,25.86464,-0.01558,-81.60326,0.00024,86.07207
26.88266,0.01071,93.37632,Done,EntryTipCone,140.32460,12.01655,8.80027,12.55160,12.55160,0.00000,140.32460,8.80025,1.80025,0.00000,0.00000,0.50067,1.00000,6,6,1,0.66199,1.33431,0.01460,0.80028,1.09407,0.05406,0.74000,1.22000,0.04000,0.79000,1.09000,0.06000,-1.46887,25.86469,-0.01630,-81.66921,0.01038,86.01613
26.91617,0.01132,88.31857,Done,EntryTipCone,140.33270,11.80335,8.81599,12.60161,12.60161,0.00000,140.33270,8.81599,1.81599,0.00000,0.00000,0.50059,1.00000,6,6,1,0.66214,1.33434,0.01450,0.80048,1.09419,0.05439,0.74000,1.22000,0.04000,0.79000,1.09000,0.06000,-1.45462,25.86552,-0.01766,-81.74660,0.00537,85.95625
26.94897,0.01128,88.62524,Done,EntryTipCone,140.34120,11.59836,8.82853,12.64698,12.64698,0.00000,140.34120,8.82851,1.82851,0.00000,0.00000,0.50049,1.00000,6,6,1,0.66229,1.33436,0.01438,0.80065,1.09430,0.05472,0.74000,1.22000,0.04000,0.79000,1.09000,0.06000,-1.43966,25.86396,-0.01447,-81.82923,0.00298,85.90065
26.98293,0.01189,84.07832,Done,EntryTipCone,140.34870,11.39003,8.83900,12.69073,12.69073,0.00000,140.34870,8.83900,1.83900,0.00000,0.00000,0.50041,1.00000,6,6,1,0.66246,1.33439,0.01424,0.80083,1.09442,0.05506,0.74000,1.22000,0.04000,0.79000,1.09000,0.06000,-1.42392,25.86310,-0.01224,-81.92112,0.00969,85.84383
27.01491,0.01126,88.78069,Done,EntryTipCone,140.35580,11.19825,8.84647,12.72892,12.72892,0.00000,140.35580,8.84647,1.84647,0.00000,0.00000,0.50032,1.00000,6,6,1,0.66262,1.33442,0.01410,0.80097,1.09452,0.05540,0.74000,1.22000,0.04000,0.79000,1.09000,0.06000,-1.40788,25.86410,-0.01296,-82.01347,0.01361,85.79034
27.04524,0.00926,107.95340,Done,EntryTipCone,140.36220,11.01999,8.85144,12.76249,12.76249,0.00000,140.36220,8.85144,1.85144,0.00000,0.00000,0.50026,1.00000,6,6,1,0.66277,1.33445,0.01396,0.80110,1.09462,0.05573,0.74000,1.22000,0.04000,0.79000,1.09000,0.06000,-1.39092,25.86680,-0.01615,-82.10638,0.00818,85.73970
27.08281,0.00999,100.11290,Done,EntryTipCone,140.37040,10.80471,8.85508,12.80063,12.80063,0.00000,140.37040,8.85508,1.85508,0.00000,0.00000,0.50017,1.00000,6,6,1,0.66297,1.33449,0.01377,0.80125,1.09473,0.05614,0.74000,1.22000,0.04000,0.79000,1.09000,0.06000,-1.36977,25.86885,-0.01780,-82.22868,0.01399,85.67941
27.11383,0.01242,80.48386,Done,EntryTipCone,140.37680,10.63156,8.85630,12.82957,12.82957,0.00000,140.37680,8.85630,1.85630,0.00000,0.00000,0.50009,1.00000,6,6,1,0.66314,1.33452,0.01360,0.80136,1.09482,0.05649,0.74000,1.22000,0.04000,0.79000,1.09000,0.06000,-1.35152,25.86639,-0.01144,-82.33512,0.02019,85.63435
27.14722,0.01205,82.99033,Done,EntryTipCone,140.38380,10.45072,8.85550,12.85798,12.85798,0.00000,140.38380,8.85550,1.85550,0.00000,0.00000,0.50002,1.00000,6,6,1,0.66333,1.33456,0.01340,0.80146,1.09492,0.05687,0.74000,1.22000,0.04000,0.79000,1.09000,0.06000,-1.32923,25.86717,-0.00996,-82.45519,0.00832,85.58513
27.18626,0.01561,64.07619,Done,EntryTipCone,140.39060,10.24615,8.85255,12.88793,12.88793,0.00000,140.39060,8.85255,1.85255,0.00000,0.00000,0.49995,1.00000,6,6,1,0.66355,1.33461,0.01316,0.80156,1.09502,0.05732,0.74000,1.22000,0.04000,0.79000,1.09000,0.06000,-1.30290,25.87386,-0.01828,-82.60258,0.00469,85.52523
27.21658,0.00914,109.38280,Done,EntryTipCone,140.39710,10.09355,8.84880,12.90907,12.90907,0.00000,140.39710,8.84880,1.84880,0.00000,0.00000,0.49988,1.00000,6,6,1,0.66372,1.33464,0.01296,0.80163,1.09510,0.05768,0.74000,1.22000,0.04000,0.79000,1.09000,0.06000,-1.28214,25.87348,-0.01484,-82.72201,0.00832,85.48470
27.25266,0.00871,114.77890,Done,EntryTipCone,140.40370,9.91818,8.84282,12.93137,12.93137,0.00000,140.40370,8.84282,1.84282,0.00000,0.00000,0.49981,1.00000,6,6,1,0.66393,1.33469,0.01271,0.80169,1.09518,0.05811,0.74000,1.22000,0.04000,0.79000,1.09000,0.06000,-1.25612,25.87505,-0.01391,-82.86980,0.00855,85.43693
27.28759,0.00899,111.19060,Done,EntryTipCone,140.40900,9.75535,8.83573,12.95079,12.95079,0.00000,140.40900,8.83573,1.83573,0.00000,0.00000,0.49975,1.00000,6,6,1,0.66414,1.33473,0.01246,0.80174,1.09526,0.05853,0.74000,1.22000,0.04000,0.79000,1.09000,0.06000,-1.22919,25.87962,-0.01787,-83.01838,0.00024,85.39062
27.32431,0.00876,114.12760,Done,EntryTipCone,140.41540,9.59225,8.82724,12.96892,12.96892,0.00000,140.41540,8.82724,1.82724,0.00000,0.00000,0.49968,1.00000,6,6,1,0.66436,1.33477,0.01218,0.80177,1.09534,0.05898,0.74000,1.22000,0.04000,0.79000,1.09000,0.06000,-1.20131,25.88388,-0.02129,-83.18026,0.00708,85.34438
27.36054,0.00886,112.81140,Done,EntryTipCone,140.42030,9.43939,8.81773,12.98441,12.98441,0.00000,140.42030,8.81773,1.81773,0.00000,0.00000,0.49964,1.00000,6,6,1,0.66459,1.33482,0.01190,0.80179,1.09541,0.05942,0.74000,1.22000,0.04000,0.79000,1.09000,0.06000,-1.17222,25.88633,-0.02104,-83.34576,0.00775,85.30275
27.39583,0.00923,108.33430,Done,EntryTipCone,140.42560,9.29849,8.80790,12.99797,12.99797,0.00000,140.42560,8.80790,1.80790,0.00000,0.00000,0.49957,1.00000,6,6,1,0.66481,1.33486,0.01161,0.80179,1.09547,0.05986,0.74000,1.22000,0.04000,0.79000,1.09000,0.06000,-1.14302,25.88499,-0.01411,-83.51147,0.00712,85.26728
27.43251,0.00899,111.29140,Done,EntryTipCone,140.43050,9.16090,8.79717,13.00987,13.00987,0.00000,140.43050,8.79719,1.79719,0.00000,0.00000,0.49953,1.00000,6,6,1,0.66504,1.33491,0.01130,0.80177,1.09553,0.06031,0.74000,1.22000,0.04000,0.79000,1.09000,0.06000,-1.11171,25.89059,-0.01907,-83.68853,0.00522,85.22763
27.46738,0.00833,120.07830,Done,EntryTipCone,140.43470,9.03857,8.78664,13.01966,13.01966,0.00000,140.43470,8.78664,1.78664,0.00000,0.00000,0.49949,1.00000,6,6,1,0.66526,1.33495,0.01100,0.80174,1.09558,0.06075,0.74000,1.22000,0.04000,0.79000,1.09000,0.06000,-1.08166,25.89040,-0.01395,-83.86140,0.00917,85.19659
27.50333,0.00846,118.25360,Done,EntryTipCone,140.43890,8.92113,8.77579,13.02842,13.02842,0.00000,140.43890,8.77579,1.77579,0.00000,0.00000,0.49945,1.00000,6,6,1,0.66549,1.33500,0.01067,0.80169,1.09563,0.06120,0.74000,1.22000,0.04000,0.79000,1.09000,0.06000,-1.04888,25.89663,-0.01977,-84.04311,-0.00021,85.16221
27.53894,0.00836,119.58220,Done,EntryTipCone,140.44260,8.81404,8.76518,13.03571,13.03571,0.00000,140.44260,8.76518,1.76518,0.00000,0.00000,0.49941,1.00000,6,6,1,0.66572,1.33504,0.01034,0.80162,1.09567,0.06164,0.74000,1.22000,0.04000,0.79000,1.09000,0.06000,-1.01748,25.89498,-0.01188,-84.22763,0.01124,85.13662
27.57514,0.00930,107.56700,Done,EntryTipCone,140.44640,8.71440,8.75468,13.04202,13.04202,0.00000,140.44640,8.75468,1.75468,0.00000,0.00000,0.49938,1.00000,6,6,1,0.66595,1.33508,0.01000,0.80154,1.09570,0.06210,0.74000,1.22000,0.04000,0.79000,1.09000,0.06000,-0.98314,25.89995,-0.01530,-84.41811,0.00158,85.10819
27.61143,0.00993,100.71480,Done,EntryTipCone,140.44930,8.62423,8.74460,13.04717,13.04717,0.00000,140.44930,8.74462,1.74462,0.00000,0.00000,0.49934,1.00000,6,6,1,0.66619,1.33512,0.00965,0.80144,1.09573,0.06255,0.74000,1.22000,0.04000,0.79000,1.09000,0.06000,-0.94959,25.90174,-0.01325,-84.61340,0.01042,85.08481
27.64683,0.00907,110.19860,Done,EntryTipCone,140.45210,8.54593,8.73550,13.05126,13.05126,0.00000,140.45210,8.73550,1.73550,0.00000,0.00000,0.49931,1.00000,6,6,1,0.66642,1.33516,0.00930,0.80133,1.09575,0.06299,0.74000,1.22000,0.04000,0.79000,1.09000,0.06000,-0.91578,25.90629,-0.01614,-84.80574,0.01021,85.06250
27.68312,0.00905,110.43880,Done,EntryTipCone,140.45500,8.47553,8.72693,13.05472,13.05472,0.00000,140.45500,8.72693,1.72693,0.00000,0.00000,0.49929,1.00000,6,6,1,0.66665,1.33520,0.00893,0.80120,1.09577,0.06343,0.74000,1.22000,0.04000,0.79000,1.09000,0.06000,-0.88018,25.91074,-0.01869,-85.00555,0.00487,85.04255
27.71843,0.00810,123.41630,Done,EntryTipCone,140.45700,8.41674,8.71956,13.05734,13.05734,0.00000,140.45700,8.71956,1.71956,0.00000,0.00000,0.49927,1.00000,6,6,1,0.66688,1.33524,0.00857,0.80105,1.09578,0.06386,0.74000,1.22000,0.04000,0.79000,1.09000,0.06000,-0.84499,25.91315,-0.01768,-85.20190,-0.00276,85.02735
27.75422,0.00891,112.27930,Done,EntryTipCone,140.45860,8.36698,8.71310,13.05942,13.05942,0.00000,140.45860,8.71310,1.71310,0.00000,0.00000,0.49926,1.00000,6,6,1,0.66711,1.33527,0.00820,0.80089,1.09578,0.06429,0.74000,1.22000,0.04000,0.79000,1.09000,0.06000,-0.80949,25.91433,-0.01457,-85.40344,-0.00358,85.01562
27.78961,0.00917,109.04460,Done,EntryTipCone,140.45970,8.32758,8.70786,13.06099,13.06099,0.00000,140.45970,8.70786,1.70786,0.00000,0.00000,0.49924,1.00000,6,6,1,0.66734,1.33531,0.00783,0.80072,1.09578,0.06472,0.74000,1.22000,0.04000,0.79000,1.09000,0.06000,-0.77445,25.91913,-0.01806,-85.60407,-0.00115,85.00382
27.82132,0.01159,86.31055,Done,EntryTipCone,140.46080,8.30071,8.70416,13.06205,13.06205,0.00000,140.46080,8.70416,1.70416,0.00000,0.00000,0.49923,1.00000,6,6,1,0.66754,1.33533,0.00749,0.80055,1.09577,0.06509,0.74000,1.22000,0.04000,0.79000,1.09000,0.06000,-0.74275,25.91930,-0.01392,-85.78506,0.00002,84.99875
27.86047,0.00928,107.70500,Done,EntryTipCone,140.46150,8.27868,8.70103,13.06275,13.06275,0.00000,140.46150,8.70103,1.70103,0.00000,0.00000,0.49923,1.00000,6,6,1,0.66779,1.33537,0.00708,0.80033,1.09576,0.06554,0.74000,1.22000,0.04000,0.79000,1.09000,0.06000,-0.70298,25.92330,-0.01555,-86.00854,-0.00535,84.99258
27.89614,0.00902,110.80930,Done,EntryTipCone,140.46200,8.26913,8.69956,13.06303,13.06303,0.00000,140.46200,8.69956,1.69956,0.00000,0.00000,0.49922,1.00000,6,6,1,0.66801,1.33540,0.00669,0.80012,1.09573,0.06595,0.74000,1.22000,0.04000,0.79000,1.09000,0.06000,-0.66688,25.92729,-0.01782,-86.21296,-0.00733,84.98952
27.93156,0.00848,117.98020,Done,EntryTipCone,140.46210,8.26990,8.69936,13.06263,13.06263,0.00000,140.46210,8.69936,1.69936,0.00000,0.00000,0.49922,1.00000,6,6,1,0.66823,1.33542,0.00631,0.79989,1.09571,0.06635,0.74000,1.22000,0.04000,0.79000,1.09000,0.06000,-0.63200,25.92715,-0.01302,-86.41653,0.00252,84.99235
27.96578,0.00834,119.97090,Done,EntryTipCone,140.46170,8.28003,8.70051,13.06222,13.06222,0.00000,140.46170,8.70051,1.70051,0.00000,0.00000,0.49922,1.00000,6,6,1,0.66844,1.33544,0.00594,0.79966,1.09568,0.06672,0.74000,1.22000,0.04000,0.79000,1.09000,0.06000,-0.59672,25.93233,-0.01773,-86.61244,-0.00667,84.99358
28.00855,0.01379,72.51538,Done,EntryTipCone,140.46120,8.30582,8.70362,13.06111,13.06111,0.00000,140.46120,8.70362,1.70362,0.00000,0.00000,0.49923,1.00000,6,6,1,0.66870,1.33547,0.00547,0.79935,1.09563,0.06718,0.74000,1.22000,0.04000,0.79000,1.09000,0.06000,-0.55311,25.93494,-0.01702,-86.85738,-0.01264,85.00163
28.04739,0.01065,93.89184,Done,EntryTipCone,140.45950,8.34174,8.70798,13.05936,13.05936,0.00000,140.45950,8.70798,1.70798,0.00000,0.00000,0.49924,1.00000,6,6,1,0.66893,1.33549,0.00505,0.79905,1.09558,0.06758,0.74000,1.22000,0.04000,0.79000,1.09000,0.06000,-0.51475,25.93659,-0.01529,-87.07803,-0.00790,85.01288
28.09062,0.01428,70.03075,Done,EntryTipCone,140.45770,8.39572,8.71452,13.05689,13.05689,0.00000,140.45770,8.71452,1.71452,0.00000,0.00000,0.49926,1.00000,6,6,1,0.66918,1.33551,0.00458,0.79871,1.09551,0.06801,0.74000,1.22000,0.04000,0.79000,1.09000,0.06000,-0.47164,25.94123,-0.01849,-87.32243,-0.00925,85.02699
28.12443,0.01167,85.68317,Done,EntryTipCone,140.45570,8.44806,8.72074,13.05427,13.05427,0.00000,140.45570,8.72074,1.72074,0.00000,0.00000,0.49929,1.00000,6,6,1,0.66937,1.33552,0.00422,0.79843,1.09546,0.06834,0.74000,1.22000,0.04000,0.79000,1.09000,0.06000,-0.43847,25.94071,-0.01377,-87.51131,-0.00880,85.04398
28.16085,0.01110,90.11040,Done,EntryTipCone,140.45380,8.51435,8.72844,13.05092,13.05092,0.00000,140.45380,8.72841,1.72841,0.00000,0.00000,0.49929,1.00000,6,6,1,0.66957,1.33554,0.00383,0.79812,1.09539,0.06868,0.74000,1.22000,0.04000,0.79000,1.09000,0.06000,-0.40347,25.94552,-0.01844,-87.71309,-0.00333,85.06068
28.19251,0.01081,92.49737,Done,EntryTipCone,140.45170,8.58032,8.73586,13.04725,13.04725,0.00000,140.45170,8.73586,1.73586,0.00000,0.00000,0.49932,1.00000,6,6,1,0.66974,1.33554,0.00349,0.79784,1.09533,0.06897,0.74000,1.22000,0.04000,0.79000,1.09000,0.06000,-0.37275,25.94803,-0.01957,-87.88599,-0.00674,85.07877
28.22301,0.01218,82.08574,Done,EntryTipCone,140.44880,8.65099,8.74352,13.04317,13.04317,0.00000,140.44880,8.74352,1.74352,0.00000,0.00000,0.49936,1.00000,6,6,1,0.66989,1.33555,0.00317,0.79756,1.09527,0.06923,0.74000,1.22000,0.04000,0.79000,1.09000,0.06000,-0.34417,25.94701,-0.01463,-88.05124,-0.00146,85.10086
28.25937,0.01186,84.31065,Done,EntryTipCone,140.44600,8.74429,8.75329,13.03744,13.03744,0.00000,140.44600,8.75329,1.75329,0.00000,0.00000,0.49938,1.00000,6,6,1,0.67008,1.33556,0.00278,0.79722,1.09519,0.06954,0.74000,1.22000,0.04000,0.79000,1.09000,0.06000,-0.30954,25.94918,-0.01490,-88.24456,-0.00842,85.12693
28.29481,0.01055,94.77119,Done,EntryTipCone,140.44250,8.84452,8.76311,13.03056,13.03056,0.00000,140.44250,8.76311,1.76311,0.00000,0.00000,0.49942,1.00000,6,6,1,0.67025,1.33556,0.00242,0.79688,1.09510,0.06982,0.74000,1.22000,0.04000,0.79000,1.09000,0.06000,-0.27693,25.95002,-0.01297,-88.42977,-0.00883,85.15588
28.33487,0.01042,95.98733,Done,EntryTipCone,140.43850,8.96865,8.77469,13.02172,13.02172,0.00000,140.43850,8.77467,1.77467,0.00000,0.00000,0.49945,1.00000,6,6,1,0.67044,1.33557,0.00201,0.79649,1.09500,0.07012,0.74000,1.22000,0.04000,0.79000,1.09000,0.06000,-0.24076,25.95384,-0.01607,-88.63560,-0.00800,85.18927
28.36637,0.01074,93.11815,Done,EntryTipCone,140.43460,9.07429,8.78382,13.01347,13.01347,0.00000,140.43460,8.78382,1.78382,0.00000,0.00000,0.49949,1.00000,6,6,1,0.67058,1.33557,0.00169,0.79617,1.09492,0.07035,0.74000,1.22000,0.04000,0.79000,1.09000,0.06000,-0.21235,25.95828,-0.02106,-88.79360,-0.01445,85.21663
28.40071,0.01296,77.15122,Done,EntryTipCone,140.42970,9.19729,8.79357,13.00295,13.00295,0.00000,140.42970,8.79355,1.79355,0.00000,0.00000,0.49955,1.00000,6,6,1,0.67073,1.33557,0.00135,0.79582,1.09482,0.07058,0.74000,1.22000,0.04000,0.79000,1.09000,0.06000,-0.18339,25.95713,-0.01592,-88.96253,-0.00608,85.25333
28.43493,0.01149,87.02882,Done,EntryTipCone,140.42580,9.32759,8.80304,12.99108,12.99108,0.00000,140.42580,8.80304,1.80304,0.00000,0.00000,0.49959,1.00000,6,6,1,0.67087,1.33557,0.00102,0.79546,1.09472,0.07080,0.74000,1.22000,0.04000,0.79000,1.09000,0.06000,-0.15407,25.96018,-0.01841,-89.12635,-0.01119,85.28860
28.46612,0.00980,102.00900,Done,EntryTipCone,140.42110,9.45295,8.81116,12.97878,12.97878,0.00000,140.42110,8.81113,1.81113,0.00000,0.00000,0.49964,1.00000,6,6,1,0.67099,1.33557,0.00073,0.79513,1.09463,0.07099,0.74000,1.22000,0.04000,0.79000,1.09000,0.06000,-0.12822,25.96055,-0.01635,-89.27127,-0.01530,85.32455
28.49712,0.01033,96.77453,Done,EntryTipCone,140.41630,9.58390,8.81875,12.96503,12.96503,0.00000,140.41630,8.81875,1.81875,0.00000,0.00000,0.49968,1.00000,6,6,1,0.67110,1.33556,0.00044,0.79480,1.09453,0.07116,0.74000,1.22000,0.04000,0.79000,1.09000,0.06000,-0.10314,25.96216,-0.01655,-89.41223,-0.01815,85.36103
28.52845,0.01030,97.07382,Done,EntryTipCone,140.41120,9.72238,8.82566,12.94943,12.94943,0.00000,140.41120,8.82568,1.82568,0.00000,0.00000,0.49974,1.00000,6,6,1,0.67121,1.33556,0.00016,0.79446,1.09443,0.07132,0.74000,1.22000,0.04000,0.79000,1.09000,0.06000,-0.07995,25.95720,-0.00507,-89.55088,-0.00462,85.40471
28.56847,0.01063,94.11426,Done,EntryTipCone,140.40550,9.90766,8.83351,12.92755,12.92755,0.00000,140.40550,8.83351,1.83351,0.00000,0.00000,0.49980,1.00000,6,6,1,0.67134,1.33555,-0.00020,0.79403,1.09429,0.07151,0.74000,1.22000,0.04000,0.79000,1.09000,0.06000,-0.04742,25.96692,-0.01904,-89.72089,-0.03336,85.45025
28.60106,0.01015,98.49205,Done,EntryTipCone,140.39930,10.06551,8.83834,12.90679,12.90679,0.00000,140.39930,8.83834,1.83834,0.00000,0.00000,0.49986,1.00000,6,6,1,0.67144,1.33555,-0.00048,0.79367,1.09418,0.07165,0.74000,1.22000,0.04000,0.79000,1.09000,0.06000,-0.02551,25.96758,-0.01740,-89.85509,-0.01416,85.49510
28.64110,0.01012,98.83432,Done,EntryTipCone,140.39240,10.26748,8.84274,12.87880,12.87880,0.00000,140.39240,8.84274,1.84274,0.00000,0.00000,0.49994,1.00000,6,6,1,0.67155,1.33554,-0.00081,0.79322,1.09404,0.07180,0.74000,1.22000,0.04000,0.79000,1.09000,0.06000,0.00209,25.96708,-0.01313,-90.01274,-0.01209,85.55331
28.67137,0.01060,94.35022,Done,EntryTipCone,140.38690,10.42582,8.84467,12.85547,12.85547,0.00000,140.38690,8.84467,1.84467,0.00000,0.00000,0.50000,1.00000,6,6,1,0.67163,1.33554,-0.00106,0.79289,1.09393,0.07190,0.74000,1.22000,0.04000,0.79000,1.09000,0.06000,0.02337,25.97176,-0.01884,-90.12637,-0.02607,85.59500
28.70809,0.01442,69.36757,Done,EntryTipCone,140.37920,10.62451,8.84496,12.82385,12.82385,0.00000,140.37920,8.84496,1.84496,0.00000,0.00000,0.50008,1.00000,6,6,1,0.67171,1.33553,-0.00134,0.79247,1.09379,0.07200,0.74000,1.22000,0.04000,0.79000,1.09000,0.06000,0.04652,25.97182,-0.01563,-90.25848,-0.02482,85.65198
28.74467,0.01228,81.45313,Done,EntryTipCone,140.37210,10.82851,8.84289,12.78926,12.78926,0.00000,140.37210,8.84289,1.84289,0.00000,0.00000,0.50016,1.00000,6,6,1,0.67178,1.33552,-0.00161,0.79206,1.09365,0.07208,0.74000,1.22000,0.04000,0.79000,1.09000,0.06000,0.06701,25.97242,-0.01344,-90.38347,-0.00736,85.70988
28.78104,0.01378,72.56684,Done,EntryTipCone,140.36450,11.03775,8.83858,12.75154,12.75154,0.00000,140.36450,8.83858,1.83858,0.00000,0.00000,0.50025,1.00000,6,6,1,0.67185,1.33551,-0.00187,0.79166,1.09351,0.07215,0.74000,1.22000,0.04000,0.79000,1.09000,0.06000,0.08915,25.97462,-0.01401,-90.50011,-0.02494,85.76808
28.81484,0.01077,92.85512,Done,EntryTipCone,140.35660,11.23659,8.83198,12.71329,12.71329,0.00000,140.35660,8.83198,1.83198,0.00000,0.00000,0.50034,1.00000,6,6,1,0.67189,1.33551,-0.00210,0.79128,1.09337,0.07219,0.74000,1.22000,0.04000,0.79000,1.09000,0.06000,0.10632,25.97838,-0.01739,-90.60203,-0.01601,85.82229
28.84746,0.00843,118.55540,Done,EntryTipCone,140.34920,11.43312,8.82343,12.67346,12.67346,0.00000,140.34920,8.82343,1.82343,0.00000,0.00000,0.50042,1.00000,6,6,1,0.67193,1.33550,-0.00231,0.79091,1.09324,0.07222,0.74000,1.22000,0.04000,0.79000,1.09000,0.06000,0.12297,25.97650,-0.01083,-90.69422,-0.02048,85.88010
28.88516,0.00926,108.04410,Done,EntryTipCone,140.34130,11.66568,8.81062,12.62371,12.62371,0.00000,140.34130,8.81062,1.81062,0.00000,0.00000,0.50052,1.00000,6,6,1,0.67197,1.33549,-0.00254,0.79049,1.09309,0.07223,0.74000,1.22000,0.04000,0.79000,1.09000,0.06000,0.14131,25.98044,-0.01407,-90.79374,-0.02903,85.94370
28.91592,0.00914,109.40970,Done,EntryTipCone,140.33350,11.85896,8.79741,12.57951,12.57951,0.00000,140.33350,8.79739,1.79739,0.00000,0.00000,0.50059,1.00000,6,6,1,0.67199,1.33549,-0.00272,0.79015,1.09296,0.07223,0.74000,1.22000,0.04000,0.79000,1.09000,0.06000,0.15331,25.98145,-0.01254,-90.86876,-0.01507,85.99852
28.95423,0.00954,104.78250,Done,EntryTipCone,140.32350,12.10392,8.77769,12.52068,12.52068,0.00000,140.32350,8.77769,1.77769,0.00000,0.00000,0.50071,1.00000,6,6,1,0.67200,1.33548,-0.00292,0.78973,1.09280,0.07220,0.74000,1.22000,0.04000,0.79000,1.09000,0.06000,0.16818,25.98323,-0.01141,-90.95418,-0.01263,86.06772
28.98934,0.00946,105.68380,Done,EntryTipCone,140.31510,12.33220,8.75652,12.46319,12.46319,0.00000,140.31510,8.75652,1.75652,0.00000,0.00000,0.50081,1.00000,6,6,1,0.67201,1.33548,-0.00310,0.78935,1.09265,0.07216,0.74000,1.22000,0.04000,0.79000,1.09000,0.06000,0.18161,25.98789,-0.01574,-91.02493,-0.02297,86.12978
29.02571,0.00866,115.50440,Done,EntryTipCone,140.30600,12.57202,8.73075,12.39886,12.39886,0.00000,140.30600,8.73075,1.73075,0.00000,0.00000,0.50092,1.00000,6,6,1,0.67200,1.33547,-0.00327,0.78895,1.09249,0.07210,0.74000,1.22000,0.04000,0.79000,1.09000,0.06000,0.19280,25.98555,-0.00726,-91.08997,-0.01976,86.20074
29.06482,0.01216,82.25943,Done,EntryTipCone,140.29620,12.83386,8.69902,12.32493,12.32493,0.00000,140.29620,8.69902,1.69902,0.00000,0.00000,0.50104,1.00000,6,6,1,0.67198,1.33547,-0.00344,0.78854,1.09232,0.07202,0.74000,1.22000,0.04000,0.79000,1.09000,0.06000,0.20374,25.99079,-0.01178,-91.15126,-0.02072,86.27220
29.09622,0.01282,77.99827,Done,EntryTipCone,140.28790,13.04607,8.67043,12.26211,12.26211,0.00000,140.28790,8.67043,1.67043,0.00000,0.00000,0.50114,1.00000,6,6,1,0.67196,1.33547,-0.00356,0.78821,1.09218,0.07193,0.74000,1.22000,0.04000,0.79000,1.09000,0.06000,0.21152,25.99108,-0.00826,-91.19353,-0.02391,86.33331
29.13588,0.01513,66.10338,Done,EntryTipCone,140.27700,13.31645,8.62972,12.17760,12.17760,0.00000,140.27700,8.62972,1.62972,0.00000,0.00000,0.50128,1.00000,6,6,1,0.67191,1.33547,-0.00369,0.78780,1.09201,0.07181,0.74000,1.22000,0.04000,0.79000,1.09000,0.06000,0.21842,25.99271,-0.00579,-91.23758,-0.01401,86.41042
29.17537,0.01123,89.00780,Done,EntryTipCone,140.26660,13.58698,8.58497,12.08864,12.08864,0.00000,140.26660,8.58497,1.58497,0.00000,0.00000,0.50141,1.00000,6,6,1,0.67186,1.33547,-0.00381,0.78740,1.09184,0.07166,0.74000,1.22000,0.04000,0.79000,1.09000,0.06000,0.22521,26.00029,-0.01385,-91.27182,-0.02212,86.48292
29.21201,0.00935,106.93980,Done,EntryTipCone,140.25610,13.83987,8.53916,12.00147,12.00147,0.00000,140.25610,8.53916,1.53916,0.00000,0.00000,0.50154,1.00000,6,6,1,0.67180,1.33547,-0.00391,0.78703,1.09168,0.07151,0.74000,1.22000,0.04000,0.79000,1.09000,0.06000,0.22921,26.00089,-0.00962,-91.29494,-0.02070,86.55591
29.25012,0.01248,80.10941,Done,EntryTipCone,140.24570,14.10449,8.48679,11.90524,11.90524,0.00000,140.24570,8.48677,1.48677,0.00000,0.00000,0.50165,1.00000,6,6,1,0.67173,1.33547,-0.00399,0.78667,1.09151,0.07133,0.74000,1.22000,0.04000,0.79000,1.09000,0.06000,0.23140,26.00611,-0.01324,-91.30959,-0.01597,86.62878
29.28632,0.01002,99.78885,Done,EntryTipCone,140.23600,14.35553,8.43315,11.80974,11.80974,0.00000,140.23600,8.43315,1.43315,0.00000,0.00000,0.50179,1.00000,6,6,1,0.67165,1.33547,-0.00405,0.78633,1.09135,0.07114,0.74000,1.22000,0.04000,0.79000,1.09000,0.06000,0.23299,26.01135,-0.01706,-91.31492,-0.02315,86.69777
29.32184,0.00787,127.10110,Done,EntryTipCone,140.22560,14.60201,8.37656,11.71183,11.71183,0.00000,140.22560,8.37656,1.37656,0.00000,0.00000,0.50192,1.00000,6,6,1,0.67156,1.33548,-0.00410,0.78600,1.09120,0.07094,0.74000,1.22000,0.04000,0.79000,1.09000,0.06000,0.23144,26.00671,-0.00315,-91.31227,-0.01019,86.77332
29.36057,0.01160,86.22275,Done,EntryTipCone,140.21460,14.87079,8.31033,11.59984,11.59984,0.00000,140.21460,8.31033,1.31033,0.00000,0.00000,0.50205,1.00000,6,6,1,0.67145,1.33549,-0.00413,0.78566,1.09103,0.07071,0.74000,1.22000,0.04000,0.79000,1.09000,0.06000,0.23082,26.01525,-0.01212,-91.29977,-0.02860,86.84522
29.39810,0.01050,95.27828,Done,EntryTipCone,140.20410,15.13011,8.24162,11.48683,11.48683,0.00000,140.20410,8.24162,1.24162,0.00000,0.00000,0.50219,1.00000,6,6,1,0.67134,1.33549,-0.00414,0.78533,1.09087,0.07046,0.74000,1.22000,0.04000,0.79000,1.09000,0.06000,0.22540,26.01803,-0.01078,-91.27871,-0.00878,86.91897
29.43536,0.01004,99.63850,Done,EntryTipCone,140.19340,15.38619,8.16974,11.37056,11.37056,0.00000,140.19340,8.16974,1.16974,0.00000,0.00000,0.50233,1.00000,6,6,1,0.67122,1.33550,-0.00414,0.78503,1.09072,0.07020,0.74000,1.22000,0.04000,0.79000,1.09000,0.06000,0.22154,26.02015,-0.00832,-91.24940,-0.02365,86.99231
29.46616,0.00817,122.37670,Done,EntryTipCone,140.18460,15.59640,8.10675,11.27069,11.27069,0.00000,140.18460,8.10675,1.10675,0.00000,0.00000,0.50244,1.00000,6,6,1,0.67111,1.33551,-0.00412,0.78478,1.09059,0.06997,0.74000,1.22000,0.04000,0.79000,1.09000,0.06000,0.21517,26.02065,-0.00386,-91.21783,-0.01473,87.05367
29.50417,0.00959,104.24660,Done,EntryTipCone,140.17380,15.85415,8.02576,11.14402,11.14402,0.00000,140.17380,8.02571,1.02571,0.00000,0.00000,0.50259,1.00000,6,6,1,0.67097,1.33552,-0.00409,0.78449,1.09043,0.06968,0.74000,1.22000,0.04000,0.79000,1.09000,0.06000,0.20863,26.02558,-0.00610,-91.17123,-0.03465,87.12547
29.54344,0.01179,84.83717,Done,EntryTipCone,140.16300,16.11783,7.93749,11.00874,11.00874,0.00000,140.16300,7.93749,0.93749,0.00000,0.00000,0.50273,1.00000,6,6,1,0.67081,1.33553,-0.00404,0.78421,1.09027,0.06936,0.74000,1.22000,0.04000,0.79000,1.09000,0.06000,0.19785,26.03173,-0.01012,-91.11361,-0.02787,87.19823
29.58095,0.00866,115.49100,Done,EntryTipCone,140.15280,16.36592,7.84958,10.87574,10.87574,0.00000,140.15280,7.84961,0.84961,0.00000,0.00000,0.50287,1.00000,6,6,1,0.67065,1.33555,-0.00397,0.78395,1.09012,0.06903,0.74000,1.22000,0.04000,0.79000,1.09000,0.06000,0.18612,26.03195,-0.00389,-91.04981,-0.02297,87.27110
29.62054,0.01193,83.78784,Done,EntryTipCone,140.14090,16.62458,7.75282,10.73131,10.73131,0.00000,140.14090,7.75282,0.75282,0.00000,0.00000,0.50303,1.00000,6,6,1,0.67047,1.33556,-0.00388,0.78369,1.08997,0.06868,0.74000,1.22000,0.04000,0.79000,1.09000,0.06000,0.17288,26.03642,-0.00471,-90.97324,-0.02687,87.34399
29.65645,0.00885,113.02930,Done,EntryTipCone,140.13090,16.85466,7.66222,10.59789,10.59789,0.00000,140.13090,7.66222,0.66222,0.00000,0.00000,0.50317,1.00000,6,6,1,0.67030,1.33558,-0.00379,0.78347,1.08983,0.06834,0.74000,1.22000,0.04000,0.79000,1.09000,0.06000,0.15850,26.04177,-0.00781,-90.89623,-0.01798,87.40778
29.69266,0.00912,109.70040,Done,EntryTipCone,140.12140,17.08304,7.56774,10.46022,10.46022,0.00000,140.12140,7.56774,0.56774,0.00000,0.00000,0.50329,1.00000,6,6,1,0.67012,1.33559,-0.00368,0.78326,1.08970,0.06800,0.74000,1.22000,0.04000,0.79000,1.09000,0.06000,0.14360,26.04462,-0.00655,-90.81057,-0.02167,87.47293
29.72311,0.00938,106.56290,Done,EntryTipCone,140.11310,17.27152,7.48603,10.34222,10.34222,0.00000,140.11310,7.48600,0.48600,0.00000,0.00000,0.50341,1.00000,6,6,1,0.66997,1.33560,-0.00357,0.78310,1.08959,0.06769,0.74000,1.22000,0.04000,0.79000,1.09000,0.06000,0.12998,26.04655,-0.00462,-90.73225,-0.02544,87.52719
29.75783,0.00871,114.86520,Done,EntryTipCone,140.10420,17.48235,7.39117,10.20656,10.20656,0.00000,140.10420,7.39117,0.39117,0.00000,0.00000,0.50353,1.00000,6,6,1,0.66978,1.33562,-0.00344,0.78293,1.08947,0.06734,0.74000,1.22000,0.04000,0.79000,1.09000,0.06000,0.11305,26.04790,-0.00106,-90.63745,-0.02421,87.58846
29.79758,0.01111,90.00442,Done,EntryTipCone,140.09300,17.71827,7.28004,10.04897,10.04897,0.00000,140.09300,7.28004,0.28004,0.00000,0.00000,0.50369,1.00000,6,6,1,0.66957,1.33563,-0.00327,0.78274,1.08933,0.06692,0.74000,1.22000,0.04000,0.79000,1.09000,0.06000,0.09141,26.05119,-0.00001,-90.52046,-0.01378,87.65582
29.83592,0.00905,110.54960,Done,EntryTipCone,140.08310,17.93884,7.17083,9.89540,9.89540,0.00000,140.08310,7.17083,0.17083,0.00000,0.00000,0.50383,1.00000,6,6,1,0.66935,1.33565,-0.00309,0.78259,1.08921,0.06651,0.74000,1.22000,0.04000,0.79000,1.09000,0.06000,0.07051,26.05548,-0.00129,-90.39948,-0.02142,87.71780
29.87474,0.01103,90.62699,Done,EntryTipCone,140.07340,18.15606,7.05855,9.73901,9.73901,0.00000,140.07340,7.05855,0.05855,0.00000,0.00000,0.50397,1.00000,6,6,1,0.66912,1.33567,-0.00289,0.78245,1.08908,0.06608,0.74000,1.22000,0.04000,0.79000,1.09000,0.06000,0.04623,26.05574,0.00450,-90.26923,-0.00800,87.78193
29.91233,0.00914,109.38520,Done,EntryTipCone,140.06550,18.35901,6.94899,9.58717,9.58717,0.00000,140.06550,6.94899,0.00000,0.00000,0.00000,0.50408,1.00000,6,6,1,0.66890,1.33568,-0.00268,0.78233,1.08897,0.06565,0.74000,1.22000,0.04000,0.79000,1.09000,0.06000,0.02341,26.06358,-0.00374,-90.13615,-0.01849,87.83577
29.95147,0.01097,91.14795,Done,EntryTipCone,140.05620,18.56340,6.83389,9.42914,9.42914,0.00000,140.05620,6.83389,0.00000,0.00000,0.00000,0.50422,1.00000,6,6,1,0.66866,1.33569,-0.00245,0.78222,1.08886,0.06520,0.74000,1.22000,0.04000,0.79000,1.09000,0.06000,-0.00208,26.06662,-0.00335,-89.98980,-0.02556,87.89388
29.98869,0.00865,115.55650,Done,EntryTipCone,140.04750,18.74976,6.72450,9.27975,9.27975,0.00000,140.04750,6.72447,0.00000,0.00000,0.00000,0.50432,1.00000,6,6,1,0.66843,1.33571,-0.00221,0.78214,1.08876,0.06477,0.74000,1.22000,0.04000,0.79000,1.09000,0.06000,-0.02883,26.06657,0.00197,-89.84425,-0.01576,87.94907
30.01884,0.01008,99.22913,Done,EntryTipCone,140.04060,18.89551,6.63625,9.16017,9.16017,0.00000,140.04060,6.63622,0.00000,0.00000,0.00000,0.50443,1.00000,6,6,1,0.66824,1.33572,-0.00202,0.78208,1.08868,0.06441,0.74000,1.22000,0.04000,0.79000,1.09000,0.06000,-0.04978,26.07270,-0.00490,-89.72221,-0.02510,87.98740
30.04892,0.00999,100.13060,Done,EntryTipCone,140.03400,19.03560,6.54835,9.04158,9.04158,0.00000,140.03400,6.54835,0.00000,0.00000,0.00000,0.50452,1.00000,6,6,1,0.66804,1.33573,-0.00181,0.78204,1.08861,0.06405,0.74000,1.22000,0.04000,0.79000,1.09000,0.06000,-0.07292,26.07112,0.00170,-89.59563,-0.01841,88.02999
30.08261,0.01275,78.42070,Done,EntryTipCone,140.02730,19.18637,6.45118,8.91067,8.91067,0.00000,140.02730,6.45118,0.00000,0.00000,0.00000,0.50462,1.00000,6,6,1,0.66783,1.33574,-0.00157,0.78200,1.08853,0.06364,0.74000,1.22000,0.04000,0.79000,1.09000,0.06000,-0.09764,26.07572,-0.00256,-89.45014,-0.03304,88.07082
30.11893,0.00803,124.53890,Done,EntryTipCone,140.01930,19.34069,6.34805,8.77287,8.77287,0.00000,140.01930,6.34805,0.00000,0.00000,0.00000,0.50471,1.00000,6,6,1,0.66759,1.33575,-0.00129,0.78198,1.08845,0.06320,0.74000,1.22000,0.04000,0.79000,1.09000,0.06000,-0.12714,26.08101,-0.00801,-89.28783,-0.02676,88.11219
30.15747,0.00943,106.01420,Done,EntryTipCone,140.01210,19.49580,6.24089,8.63003,8.63003,0.00000,140.01210,6.24089,0.00000,0.00000,0.00000,0.50482,1.00000,6,6,1,0.66733,1.33576,-0.00099,0.78197,1.08838,0.06272,0.74000,1.22000,0.04000,0.79000,1.09000,0.06000,-0.16016,26.07903,-0.00085,-89.10987,-0.01129,88.15926
30.19675,0.00984,101.64250,Done,EntryTipCone,140.00590,19.64394,6.13523,8.48984,8.48984,0.00000,140.00590,6.13523,0.00000,0.00000,0.00000,0.50492,1.00000,6,6,1,0.66707,1.33576,-0.00067,0.78199,1.08830,0.06224,0.74000,1.22000,0.04000,0.79000,1.09000,0.06000,-0.19342,26.08706,-0.01199,-88.92377,-0.01031,88.19626
30.23414,0.01080,92.59326,Done,EntryTipCone,139.99950,19.77549,6.03842,8.36202,8.36202,0.00000,139.99950,6.03842,0.00000,0.00000,0.00000,0.50501,1.00000,6,6,1,0.66682,1.33577,-0.00035,0.78202,1.08824,0.06177,0.74000,1.22000,0.04000,0.79000,1.09000,0.06000,-0.22558,26.08030,0.00267,-88.74189,-0.01354,88.23988
30.26473,0.00971,103.01960,Done,EntryTipCone,139.99470,19.87631,5.96210,8.26192,8.26192,0.00000,139.99470,5.96210,0.00000,0.00000,0.00000,0.50507,1.00000,6,6,1,0.66661,1.33577,-0.00008,0.78206,1.08820,0.06139,0.74000,1.22000,0.04000,0.79000,1.09000,0.06000,-0.25300,26.08265,0.00020,-88.58878,-0.01328,88.26725
30.30411,0.01070,93.44612,Done,EntryTipCone,139.98910,19.99631,5.86916,8.13995,8.13995,0.00000,139.98910,5.86916,0.00000,0.00000,0.00000,0.50517,1.00000,6,6,1,0.66634,1.33577,0.00027,0.78213,1.08815,0.06090,0.74000,1.22000,0.04000,0.79000,1.09000,0.06000,-0.28777,26.08631,-0.00454,-88.38921,-0.02333,88.29902
30.34619,0.01370,73.01566,Done,EntryTipCone,139.98350,20.11230,5.77669,8.01886,8.01886,0.00000,139.98350,5.77669,0.00000,0.00000,0.00000,0.50524,1.00000,6,6,1,0.66605,1.33577,0.00066,0.78222,1.08810,0.06038,0.74000,1.22000,0.04000,0.79000,1.09000,0.06000,-0.32836,26.08268,0.00297,-88.17059,-0.00365,88.33498
30.38404,0.01143,87.52730,Done,EntryTipCone,139.97860,20.20568,5.70028,7.91956,7.91956,0.00000,139.97860,5.70028,0.00000,0.00000,0.00000,0.50531,1.00000,6,6,1,0.66580,1.33576,0.00102,0.78232,1.08807,0.05991,0.74000,1.22000,0.04000,0.79000,1.09000,0.06000,-0.36356,26.08658,-0.00347,-87.97047,-0.01052,88.35843
30.41549,0.01064,94.01852,Done,EntryTipCone,139.97600,20.27536,5.64247,7.84410,7.84410,0.00000,139.97600,5.64250,0.00000,0.00000,0.00000,0.50535,1.00000,6,6,1,0.66558,1.33576,0.00132,0.78242,1.08804,0.05952,0.74000,1.22000,0.04000,0.79000,1.09000,0.06000,-0.39324,26.08398,0.00099,-87.80239,-0.01419,88.37985
30.44990,0.01050,95.27191,Done,EntryTipCone,139.97210,20.34297,5.58514,7.76952,7.76952,0.00000,139.97210,5.58514,0.00000,0.00000,0.00000,0.50541,1.00000,6,6,1,0.66535,1.33575,0.00166,0.78254,1.08802,0.05910,0.74000,1.22000,0.04000,0.79000,1.09000,0.06000,-0.42654,26.08624,-0.00360,-87.61588,-0.01391,88.39679
30.48642,0.00924,108.17770,Done,EntryTipCone,139.96910,20.40538,5.53176,7.70060,7.70060,0.00000,139.96910,5.53176,0.00000,0.00000,0.00000,0.50545,1.00000,6,6,1,0.66511,1.33574,0.00203,0.78268,1.08801,0.05865,0.74000,1.22000,0.04000,0.79000,1.09000,0.06000,-0.46365,26.08100,0.00437,-87.41580,0.00375,88.41762
30.52095,0.00815,122.72070,Done,EntryTipCone,139.96650,20.45499,5.48880,7.64494,7.64494,0.00000,139.96650,5.48880,0.00000,0.00000,0.00000,0.50549,1.00000,6,6,1,0.66488,1.33573,0.00238,0.78283,1.08800,0.05824,0.74000,1.22000,0.04000,0.79000,1.09000,0.06000,-0.49605,26.08444,-0.00325,-87.22502,-0.01666,88.42803
30.56120,0.01114,89.75015,Done,EntryTipCone,139.96410,20.50130,5.44834,7.59248,7.59248,0.00000,139.96410,5.44834,0.00000,0.00000,0.00000,0.50553,1.00000,6,6,1,0.66461,1.33571,0.00280,0.78303,1.08800,0.05776,0.74000,1.22000,0.04000,0.79000,1.09000,0.06000,-0.53719,26.07757,0.00618,-86.99972,-0.00520,88.44482
30.59785,0.01121,89.16668,Done,EntryTipCone,139.96280,20.53268,5.42105,7.55701,7.55701,0.00000,139.96280,5.42105,0.00000,0.00000,0.00000,0.50555,1.00000,6,6,1,0.66437,1.33569,0.00318,0.78322,1.08801,0.05732,0.74000,1.22000,0.04000,0.79000,1.09000,0.06000,-0.57340,26.08004,-0.00123,-86.79465,-0.00907,88.44997
30.63473,0.00893,112.01070,Done,EntryTipCone,139.96180,20.55355,5.40302,7.53322,7.53322,0.00000,139.96180,5.40305,0.00000,0.00000,0.00000,0.50556,1.00000,6,6,1,0.66414,1.33567,0.00357,0.78343,1.08802,0.05690,0.74000,1.22000,0.04000,0.79000,1.09000,0.06000,-0.61119,26.07680,0.00074,-86.58729,0.00160,88.45625
30.67063,0.00830,120.44460,Done,EntryTipCone,139.96170,20.56369,5.39460,7.52168,7.52168,0.00000,139.96170,5.39460,0.00000,0.00000,0.00000,0.50556,1.00000,6,6,1,0.66391,1.33564,0.00396,0.78364,1.08804,0.05649,0.74000,1.22000,0.04000,0.79000,1.09000,0.06000,-0.64730,26.07235,0.00443,-86.38478,0.00223,88.46023
30.70758,0.00963,103.82670,Done,EntryTipCone,139.96220,20.56388,5.39550,7.52226,7.52226,0.00000,139.96220,5.39550,0.00000,0.00000,0.00000,0.50555,1.00000,6,6,1,0.66369,1.33562,0.00435,0.78388,1.08807,0.05608,0.74000,1.22000,0.04000,0.79000,1.09000,0.06000,-0.68329,26.07910,-0.01239,-86.17618,-0.01196,88.45232
30.73816,0.00911,109.82790,Done,EntryTipCone,139.96160,20.55584,5.40363,7.53243,7.53243,0.00000,139.96160,5.40363,0.00000,0.00000,0.00000,0.50556,1.00000,6,6,1,0.66350,1.33559,0.00469,0.78408,1.08810,0.05574,0.74000,1.22000,0.04000,0.79000,1.09000,0.06000,-0.71621,26.07358,-0.00727,-86.00256,0.01259,88.45183
30.76853,0.01048,95.44570,Done,EntryTipCone,139.96180,20.54068,5.41834,7.55059,7.55059,0.00000,139.96180,5.41830,0.00000,0.00000,0.00000,0.50554,1.00000,6,6,1,0.66332,1.33557,0.00502,0.78430,1.08813,0.05542,0.74000,1.22000,0.04000,0.79000,1.09000,0.06000,-0.74488,26.06803,-0.00198,-85.83173,-0.00864,88.44936
30.80364,0.00831,120.36600,Done,EntryTipCone,139.96350,20.51431,5.44313,7.58171,7.58171,0.00000,139.96350,5.44313,0.00000,0.00000,0.00000,0.50552,1.00000,6,6,1,0.66312,1.33553,0.00540,0.78456,1.08817,0.05505,0.74000,1.22000,0.04000,0.79000,1.09000,0.06000,-0.78049,26.05976,0.00645,-85.63503,-0.00028,88.44488
30.83866,0.00854,117.13470,Done,EntryTipCone,139.96470,20.47858,5.47622,7.62380,7.62380,0.00000,139.96470,5.47622,0.00000,0.00000,0.00000,0.50551,1.00000,6,6,1,0.66292,1.33550,0.00578,0.78483,1.08822,0.05469,0.74000,1.22000,0.04000,0.79000,1.09000,0.06000,-0.81297,26.05861,0.00231,-85.43966,-0.02795,88.43234
30.87885,0.01312,76.19944,Done,EntryTipCone,139.96750,20.42582,5.52404,7.68461,7.68461,0.00000,139.96750,5.52404,0.00000,0.00000,0.00000,0.50547,1.00000,6,6,1,0.66270,1.33546,0.00621,0.78515,1.08829,0.05429,0.74000,1.22000,0.04000,0.79000,1.09000,0.06000,-0.85471,26.05494,0.00025,-85.21674,-0.00013,88.41561
30.91551,0.00974,102.66950,Done,EntryTipCone,139.97030,20.36709,5.57633,7.75120,7.75120,0.00000,139.97030,5.57633,0.00000,0.00000,0.00000,0.50544,1.00000,6,6,1,0.66250,1.33542,0.00661,0.78545,1.08835,0.05394,0.74000,1.22000,0.04000,0.79000,1.09000,0.06000,-0.89017,26.05280,-0.00393,-85.01575,-0.00241,88.39637
30.95047,0.00833,120.04850,Done,EntryTipCone,139.97330,20.30164,5.63353,7.82467,7.82467,0.00000,139.97330,5.63357,0.00000,0.00000,0.00000,0.50539,1.00000,6,6,1,0.66232,1.33538,0.00698,0.78576,1.08842,0.05362,0.74000,1.22000,0.04000,0.79000,1.09000,0.06000,-0.92419,26.04827,-0.00399,-84.82570,0.00169,88.37708
30.98849,0.00884,113.10420,Done,EntryTipCone,139.97600,20.22007,5.70341,7.91467,7.91467,0.00000,139.97600,5.70341,0.00000,0.00000,0.00000,0.50534,1.00000,6,6,1,0.66213,1.33534,0.00739,0.78610,1.08850,0.05328,0.74000,1.22000,0.04000,0.79000,1.09000,0.06000,-0.95991,26.04241,-0.00264,-84.62141,-0.00408,88.35378
31.02420,0.00900,111.12140,Done,EntryTipCone,139.98010,20.13381,5.77560,8.00790,8.00790,0.00000,139.98010,5.77564,0.00000,0.00000,0.00000,0.50528,1.00000,6,6,1,0.66196,1.33529,0.00777,0.78642,1.08858,0.05298,0.74000,1.22000,0.04000,0.79000,1.09000,0.06000,-0.99348,26.03655,-0.00142,-84.43259,-0.00173,88.32901
31.06350,0.01183,84.52441,Done,EntryTipCone,139.98450,20.02814,5.86184,8.11970,8.11970,0.00000,139.98450,5.86184,0.00000,0.00000,0.00000,0.50521,1.00000,6,6,1,0.66178,1.33524,0.00818,0.78680,1.08868,0.05266,0.74000,1.22000,0.04000,0.79000,1.09000,0.06000,-1.03008,26.03005,-0.00038,-84.22796,0.00382,88.29863
31.09395,0.00949,105.39160,Done,EntryTipCone,139.98910,19.93888,5.93270,8.21205,8.21205,0.00000,139.98910,5.93270,0.00000,0.00000,0.00000,0.50514,1.00000,6,6,1,0.66165,1.33520,0.00850,0.78709,1.08876,0.05242,0.74000,1.22000,0.04000,0.79000,1.09000,0.06000,-1.05722,26.02486,0.00043,-84.07311,0.00211,88.27293
31.12910,0.00930,107.50080,Done,EntryTipCone,139.99460,19.82746,6.01904,8.32445,8.32445,0.00000,139.99460,6.01904,0.00000,0.00000,0.00000,0.50506,1.00000,6,6,1,0.66151,1.33516,0.00886,0.78744,1.08885,0.05216,0.74000,1.22000,0.04000,0.79000,1.09000,0.06000,-1.08692,26.02105,-0.00255,-83.89697,-0.01457,88.23927
31.16742,0.00906,110.33290,Done,EntryTipCone,140.00120,19.69670,6.11770,8.45384,8.45384,0.00000,140.00120,6.11770,0.00000,0.00000,0.00000,0.50496,1.00000,6,6,1,0.66136,1.33510,0.00924,0.78782,1.08896,0.05190,0.74000,1.22000,0.04000,0.79000,1.09000,0.06000,-1.12134,26.01176,0.00239,-83.70882,0.00149,88.20333
31.20640,0.00905,110.44150,Done,EntryTipCone,140.00740,19.55356,6.22227,8.59182,8.59182,0.00000,140.00740,6.22227,0.00000,0.00000,0.00000,0.50488,1.00000,6,6,1,0.66121,1.33505,0.00963,0.78822,1.08908,0.05164,0.74000,1.22000,0.04000,0.79000,1.09000,0.06000,-1.15613,26.00427,0.00358,-83.52224,0.02588,88.16232
31.24687,0.01129,88.61054,Done,Target,140.78180,18.23184,7.19206,0.60822,0.60822,0.00000,140.78180,7.19206,0.19206,0.00000,0.00000,0.50480,1.00000,6,6,1,0.65826,1.33349,0.01802,0.78950,1.08971,0.05983,0.74000,1.22000,0.04000,0.79000,1.09000,0.06000,-1.64088,25.85476,0.01669,-82.78551,-0.02097,87.24474
31.28690,0.01041,96.05750,Done,Target,140.76250,18.33441,7.21371,0.71562,0.71562,0.00000,140.76250,7.21371,0.21371,0.00000,0.00000,0.50480,1.00000,6,6,1,0.65808,1.33346,0.01827,0.78946,1.08969,0.05966,0.74000,1.22000,0.04000,0.79000,1.09000,0.06000,-1.66480,25.86290,-0.00112,-82.68659,0.00078,87.25742
31.32510,0.00911,109.77060,Done,Target,140.76410,18.43812,7.24971,0.73829,0.73829,0.00000,140.76410,7.24971,0.24971,0.00000,0.00000,0.50480,1.00000,6,6,1,0.65787,1.33341,0.01863,0.78944,1.08968,0.05965,0.74000,1.22000,0.04000,0.79000,1.09000,0.06000,-1.69324,25.85834,-0.00034,-82.58695,0.00901,87.26060
31.36107,0.00891,112.21760,Done,Target,140.76570,18.53139,7.28163,0.76001,0.76001,0.00000,140.76570,7.28163,0.28163,0.00000,0.00000,0.50480,1.00000,6,6,1,0.65769,1.33337,0.01895,0.78942,1.08967,0.05963,0.74000,1.22000,0.04000,0.79000,1.09000,0.06000,-1.71715,25.85473,-0.00016,-82.49979,0.00471,87.26352
31.39150,0.01003,99.70890,Done,Target,140.76710,18.60702,7.30715,0.77882,0.77882,0.00000,140.76710,7.30715,0.30715,0.00000,0.00000,0.50480,1.00000,6,6,1,0.65755,1.33333,0.01920,0.78941,1.08966,0.05963,0.74000,1.22000,0.04000,0.79000,1.09000,0.06000,-1.73633,25.85097,0.00148,-82.43076,0.00429,87.26672
31.42841,0.00940,106.41590,Done,Target,140.76870,18.69413,7.33588,0.80223,0.80223,0.00000,140.76870,7.33588,0.33588,0.00000,0.00000,0.50480,1.00000,6,6,1,0.65738,1.33329,0.01948,0.78939,1.08965,0.05961,0.74000,1.22000,0.04000,0.79000,1.09000,0.06000,-1.75810,25.84600,0.00453,-82.35346,0.00725,87.27119
31.46559,0.00877,113.97130,Done,Target,140.77040,18.77617,7.36239,0.82591,0.82591,0.00000,140.77040,7.36239,0.36239,0.00000,0.00000,0.50480,1.00000,6,6,1,0.65723,1.33326,0.01974,0.78937,1.08964,0.05960,0.74000,1.22000,0.04000,0.79000,1.09000,0.06000,-1.77764,25.84756,-0.00347,-82.28236,0.00433,87.27100
31.50332,0.00913,109.56490,Done,Target,140.77220,18.85298,7.38637,0.85043,0.85043,0.00000,140.77220,7.38637,0.38637,0.00000,0.00000,0.50480,1.00000,6,6,1,0.65710,1.33322,0.01997,0.78935,1.08963,0.05959,0.74000,1.22000,0.04000,0.79000,1.09000,0.06000,-1.79535,25.84255,0.00068,-82.21809,0.00215,87.27628
31.53887,0.00882,113.38280,Done,Target,140.77400,18.91937,7.40626,0.87417,0.87417,0.00000,140.77400,7.40626,0.40626,0.00000,0.00000,0.50480,1.00000,6,6,1,0.65698,1.33319,0.02016,0.78934,1.08962,0.05958,0.74000,1.22000,0.04000,0.79000,1.09000,0.06000,-1.81011,25.84049,0.00035,-82.16425,-0.00043,87.27953
31.57623,0.01009,99.15606,Done,Target,140.77580,18.98302,7.42449,0.89936,0.89936,0.00000,140.77580,7.42449,0.42449,0.00000,0.00000,0.50480,1.00000,6,6,1,0.65688,1.33317,0.02034,0.78932,1.08961,0.05957,0.74000,1.22000,0.04000,0.79000,1.09000,0.06000,-1.82456,25.83899,-0.00090,-82.11453,0.00691,87.28264
31.61309,0.01070,93.48766,Done,Target,140.77760,19.03835,7.43920,0.92430,0.92430,0.00000,140.77760,7.43920,0.43920,0.00000,0.00000,0.50480,1.00000,6,6,1,0.65679,1.33314,0.02049,0.78930,1.08960,0.05955,0.74000,1.22000,0.04000,0.79000,1.09000,0.06000,-1.83607,25.83760,-0.00154,-82.07311,0.00658,87.28610
31.64789,0.00865,115.62440,Done,Target,140.77920,19.08412,7.45024,0.94813,0.94813,0.00000,140.77920,7.45024,0.45024,0.00000,0.00000,0.50480,1.00000,6,6,1,0.65672,1.33312,0.02061,0.78928,1.08958,0.05954,0.74000,1.22000,0.04000,0.79000,1.09000,0.06000,-1.84546,25.83265,0.00472,-82.04070,0.01098,87.29240
31.68408,0.00898,111.30440,Done,Target,140.78110,19.12439,7.45851,0.97306,0.97306,0.00000,140.78110,7.45851,0.45851,0.00000,0.00000,0.50480,1.00000,6,6,1,0.65666,1.33311,0.02070,0.78926,1.08957,0.05953,0.74000,1.22000,0.04000,0.79000,1.09000,0.06000,-1.85242,25.83290,0.00240,-82.01432,0.00638,87.29525
31.72178,0.00868,115.20140,Done,Target,140.78310,19.15896,7.46401,0.99894,0.99894,0.00000,140.78310,7.46401,0.46401,0.00000,0.00000,0.50480,1.00000,6,6,1,0.65661,1.33310,0.02077,0.78924,1.08956,0.05952,0.74000,1.22000,0.04000,0.79000,1.09000,0.06000,-1.85794,25.83056,0.00512,-81.99405,0.00488,87.30051
31.75182,0.01284,77.85742,Done,Target,140.78460,19.18083,7.46585,1.01977,1.01977,0.00000,140.78460,7.46585,0.46585,0.00000,0.00000,0.50480,1.00000,6,6,1,0.65659,1.33309,0.02081,0.78923,1.08955,0.05951,0.74000,1.22000,0.04000,0.79000,1.09000,0.06000,-1.86131,25.83107,0.00337,-81.98360,0.01028,87.30309
31.78807,0.00886,112.88750,Done,Target,140.78650,19.20006,7.46493,1.04510,1.04510,0.00000,140.78650,7.46495,0.46495,0.00000,0.00000,0.50480,1.00000,6,6,1,0.65657,1.33308,0.02083,0.78921,1.08954,0.05950,0.74000,1.22000,0.04000,0.79000,1.09000,0.06000,-1.86277,25.83305,-0.00046,-81.97781,0.00844,87.30551
31.82626,0.00878,113.91070,Done,Target,140.78850,19.21279,7.46069,1.07166,1.07166,0.00000,140.78850,7.46069,0.46069,0.00000,0.00000,0.50480,1.00000,6,6,1,0.65657,1.33308,0.02082,0.78919,1.08953,0.05948,0.74000,1.22000,0.04000,0.79000,1.09000,0.06000,-1.86210,25.82930,0.00651,-81.97901,0.00424,87.31290
31.86240,0.00840,119.00350,Done,Target,140.79040,19.21677,7.45322,1.09665,1.09665,0.00000,140.79040,7.45325,0.45325,0.00000,0.00000,0.50480,1.00000,6,6,1,0.65658,1.33309,0.02079,0.78917,1.08952,0.05947,0.74000,1.22000,0.04000,0.79000,1.09000,0.06000,-1.85962,25.83013,0.00587,-81.98794,0.00412,87.31682
31.89747,0.00912,109.59810,Done,Target,140.79210,19.21353,7.44292,1.12072,1.12072,0.00000,140.79210,7.44289,0.44289,0.00000,0.00000,0.50480,1.00000,6,6,1,0.65661,1.33309,0.02073,0.78915,1.08951,0.05946,0.74000,1.22000,0.04000,0.79000,1.09000,0.06000,-1.85551,25.83469,-0.00095,-82.00352,0.00676,87.31798
31.93629,0.00904,110.65090,Done,Target,140.79420,19.20281,7.42838,1.14747,1.14747,0.00000,140.79420,7.42838,0.42838,0.00000,0.00000,0.50480,1.00000,6,6,1,0.65666,1.33310,0.02064,0.78913,1.08950,0.05945,0.74000,1.22000,0.04000,0.79000,1.09000,0.06000,-1.84917,25.83006,0.00920,-82.02783,0.01146,87.32698
31.97243,0.00907,110.23430,Done,Target,140.79620,19.18470,7.41127,1.17223,1.17223,0.00000,140.79620,7.41127,0.41127,0.00000,0.00000,0.50480,1.00000,6,6,1,0.65671,1.33312,0.02052,0.78911,1.08949,0.05943,0.74000,1.22000,0.04000,0.79000,1.09000,0.06000,-1.84003,25.83582,0.00168,-82.05843,0.00390,87.32807
32.00893,0.00958,104.36850,Done,Target,140.79800,19.15950,7.39109,1.19702,1.19702,0.00000,140.79800,7.39109,0.39109,0.00000,0.00000,0.50480,1.00000,6,6,1,0.65679,1.33314,0.02038,0.78909,1.08948,0.05942,0.74000,1.22000,0.04000,0.79000,1.09000,0.06000,-1.82971,25.83616,0.00411,-82.09624,0.00608,87.33353
32.04688,0.00892,112.16670,Done,Target,140.79990,19.12617,7.36690,1.22245,1.22245,0.00000,140.79990,7.36690,0.36690,0.00000,0.00000,0.50480,1.00000,6,6,1,0.65688,1.33316,0.02021,0.78907,1.08946,0.05941,0.74000,1.22000,0.04000,0.79000,1.09000,0.06000,-1.81576,25.83793,0.00499,-82.14298,-0.00549,87.33856
32.08413,0.00879,113.76170,Done,Target,140.80180,19.08640,7.34027,1.24712,1.24712,0.00000,140.80180,7.34021,0.34021,0.00000,0.00000,0.50480,1.00000,6,6,1,0.65698,1.33319,0.02001,0.78905,1.08945,0.05940,0.74000,1.22000,0.04000,0.79000,1.09000,0.06000,-1.80188,25.83822,0.00844,-82.19622,0.00555,87.34454
32.12151,0.00824,121.30130,Done,Target,140.80360,19.03968,7.31059,1.27131,1.27131,0.00000,140.80360,7.31059,0.31059,0.00000,0.00000,0.50480,1.00000,6,6,1,0.65710,1.33322,0.01978,0.78904,1.08944,0.05939,0.74000,1.22000,0.04000,0.79000,1.09000,0.06000,-1.78459,25.84394,0.00319,-82.25700,0.00076,87.34681
32.15897,0.00889,112.44590,Done,Target,140.80560,18.98718,7.27834,1.29540,1.29540,0.00000,140.80560,7.27834,0.27834,0.00000,0.00000,0.50480,1.00000,6,6,1,0.65724,1.33325,0.01953,0.78902,1.08943,0.05938,0.74000,1.22000,0.04000,0.79000,1.09000,0.06000,-1.76562,25.84617,0.00452,-82.32452,-0.00150,87.35196
32.19793,0.00994,100.65280,Done,Target,140.80750,18.92568,7.24194,1.31985,1.31985,0.00000,140.80750,7.24197,0.24197,0.00000,0.00000,0.50480,1.00000,6,6,1,0.65739,1.33329,0.01924,0.78900,1.08942,0.05937,0.74000,1.22000,0.04000,0.79000,1.09000,0.06000,-1.74365,25.85115,0.00175,-82.40269,-0.00429,87.35547
32.23680,0.01104,90.56592,Done,Target,140.80940,18.85889,7.20315,1.34400,1.34400,0.00000,140.80940,7.20315,0.20315,0.00000,0.00000,0.50480,1.00000,6,6,1,0.65756,1.33333,0.01893,0.78898,1.08941,0.05935,0.74000,1.22000,0.04000,0.79000,1.09000,0.06000,-1.72042,25.85194,0.00669,-82.48803,0.00175,87.36229
32.27467,0.00946,105.67360,Done,Target,140.81120,18.78861,7.16328,1.36694,1.36694,0.00000,140.81120,7.16328,0.16328,0.00000,0.00000,0.50480,1.00000,6,6,1,0.65774,1.33337,0.01860,0.78896,1.08940,0.05934,0.74000,1.22000,0.04000,0.79000,1.09000,0.06000,-1.69588,25.85624,0.00569,-82.57796,0.00757,87.36638
32.31174,0.00894,111.89190,Done,Target,140.81290,18.71566,7.12249,1.38856,1.38856,0.00000,140.81290,7.12249,0.12249,0.00000,0.00000,0.50480,1.00000,6,6,1,0.65793,1.33342,0.01825,0.78895,1.08939,0.05933,0.74000,1.22000,0.04000,0.79000,1.09000,0.06000,-1.66945,25.85852,0.00865,-82.67214,0.00502,87.37203
32.34912,0.00928,107.75470,Done,Target,140.81450,18.63772,7.07962,1.40983,1.40983,0.00000,140.81450,7.07962,0.07962,0.00000,0.00000,0.50480,1.00000,6,6,1,0.65814,1.33346,0.01788,0.78893,1.08938,0.05932,0.74000,1.22000,0.04000,0.79000,1.09000,0.06000,-1.64087,25.86391,0.00657,-82.77376,0.00146,87.37550
32.38576,0.00841,118.86590,Done,Target,140.81610,18.55874,7.03640,1.43019,1.43019,0.00000,140.81610,7.03640,0.03640,0.00000,0.00000,0.50480,1.00000,6,6,1,0.65835,1.33351,0.01749,0.78891,1.08937,0.05931,0.74000,1.22000,0.04000,0.79000,1.09000,0.06000,-1.61207,25.86759,0.00746,-82.87906,0.00762,87.38008
32.42236,0.00825,121.20960,Done,Target,140.81780,18.47630,6.99196,1.44969,1.44969,0.00000,140.81780,6.99196,0.00000,0.00000,0.00000,0.50480,1.00000,6,6,1,0.65858,1.33356,0.01708,0.78890,1.08936,0.05931,0.74000,1.22000,0.04000,0.79000,1.09000,0.06000,-1.57995,25.87385,0.00448,-82.99052,-0.00521,87.38293
32.45889,0.00895,111.73130,Done,Target,140.81930,18.39291,6.94715,1.46850,1.46850,0.00000,140.81930,6.94715,0.00000,0.00000,0.00000,0.50480,1.00000,6,6,1,0.65881,1.33361,0.01665,0.78888,1.08936,0.05930,0.74000,1.22000,0.04000,0.79000,1.09000,0.06000,-1.54813,25.87641,0.00787,-83.10645,0.00041,87.38844
32.49739,0.01019,98.17924,Done,Target,140.82100,18.30298,6.89916,1.48788,1.48788,0.00000,140.82100,6.89916,0.00000,0.00000,0.00000,0.50480,1.00000,6,6,1,0.65907,1.33367,0.01618,0.78887,1.08935,0.05929,0.74000,1.22000,0.04000,0.79000,1.09000,0.06000,-1.51242,25.88047,0.00938,-83.23486,0.00135,87.39327
32.53490,0.00979,102.12650,Done,Target,140.82240,18.21458,6.85223,1.50591,1.50591,0.00000,140.82240,6.85223,0.00000,0.00000,0.00000,0.50480,1.00000,6,6,1,0.65934,1.33373,0.01570,0.78885,1.08934,0.05928,0.74000,1.22000,0.04000,0.79000,1.09000,0.06000,-1.47575,25.88648,0.00751,-83.36530,-0.00240,87.39643
32.57411,0.00998,100.18240,Done,Target,140.82390,18.12196,6.80328,1.52379,1.52379,0.00000,140.82390,6.80328,0.00000,0.00000,0.00000,0.50480,1.00000,6,6,1,0.65963,1.33379,0.01518,0.78884,1.08933,0.05927,0.74000,1.22000,0.04000,0.79000,1.09000,0.06000,-1.43574,25.89198,0.00713,-83.50701,-0.00836,87.40029
32.61239,0.00981,101.94750,Done,Target,140.82520,18.03187,6.75593,1.54029,1.54029,0.00000,140.82520,6.75593,0.00000,0.00000,0.00000,0.50480,1.00000,6,6,1,0.65992,1.33385,0.01465,0.78883,1.08932,0.05927,0.74000,1.22000,0.04000,0.79000,1.09000,0.06000,-1.39622,25.89707,0.00717,-83.65076,-0.00154,87.40408
32.65141,0.01112,89.90202,Done,Target,140.82650,17.94126,6.70847,1.55621,1.55621,0.00000,140.82650,6.70847,0.00000,0.00000,0.00000,0.50480,1.00000,6,6,1,0.66023,1.33391,0.01409,0.78881,1.08932,0.05926,0.74000,1.22000,0.04000,0.79000,1.09000,0.06000,-1.35388,25.90132,0.00910,-83.80234,-0.00212,87.40865
32.68999,0.01088,91.88720,Done,Target,140.82790,17.85350,6.66256,1.57108,1.57108,0.00000,140.82790,6.66256,0.00000,0.00000,0.00000,0.50480,1.00000,6,6,1,0.66055,1.33397,0.01353,0.78880,1.08931,0.05925,0.74000,1.22000,0.04000,0.79000,1.09000,0.06000,-1.31022,25.90795,0.00686,-83.95703,-0.00803,87.41121
32.72910,0.00971,103.02140,Done,Target,140.82890,17.76800,6.61800,1.58504,1.58504,0.00000,140.82890,6.61800,0.00000,0.00000,0.00000,0.50480,1.00000,6,6,1,0.66088,1.33403,0.01294,0.78879,1.08930,0.05925,0.74000,1.22000,0.04000,0.79000,1.09000,0.06000,-1.26648,25.90865,0.01492,-84.11699,0.00285,87.41813
32.76118,0.01276,78.38881,Done,Target,140.82990,17.69973,6.58246,1.59586,1.59586,0.00000,140.82990,6.58246,0.00000,0.00000,0.00000,0.50480,1.00000,6,6,1,0.66116,1.33409,0.01244,0.78878,1.08930,0.05924,0.74000,1.22000,0.04000,0.79000,1.09000,0.06000,-1.22800,25.91641,0.00910,-84.25270,-0.00419,87.41828
32.79296,0.01050,95.22639,Done,Target,140.83080,17.63511,6.54889,1.60575,1.60575,0.00000,140.83080,6.54886,0.00000,0.00000,0.00000,0.50480,1.00000,6,6,1,0.66144,1.33414,0.01194,0.78877,1.08929,0.05924,0.74000,1.22000,0.04000,0.79000,1.09000,0.06000,-1.18953,25.92130,0.00819,-84.38910,-0.00876,87.42040
32.83081,0.00919,108.83770,Done,Target,140.83160,17.56227,6.51114,1.61662,1.61662,0.00000,140.83160,6.51114,0.00000,0.00000,0.00000,0.50480,1.00000,6,6,1,0.66178,1.33420,0.01133,0.78877,1.08929,0.05924,0.74000,1.22000,0.04000,0.79000,1.09000,0.06000,-1.14370,25.92562,0.00955,-84.55452,-0.00428,87.42385
32.86137,0.01129,88.57874,Done,Target,140.83220,17.50719,6.48244,1.62484,1.62484,0.00000,140.83220,6.48244,0.00000,0.00000,0.00000,0.50480,1.00000,6,6,1,0.66206,1.33424,0.01084,0.78876,1.08929,0.05923,0.74000,1.22000,0.04000,0.79000,1.09000,0.06000,-1.10565,25.93042,0.00830,-84.69044,-0.00508,87.42551
32.90062,0.00979,102.15400,Done,Target,140.83310,17.44154,6.44847,1.63419,1.63419,0.00000,140.83310,6.44847,0.00000,0.00000,0.00000,0.50480,1.00000,6,6,1,0.66242,1.33430,0.01019,0.78875,1.08928,0.05923,0.74000,1.22000,0.04000,0.79000,1.09000,0.06000,-1.05580,25.93653,0.00670,-84.86724,-0.01030,87.42743
32.93966,0.00912,109.60560,Done,Target,140.83380,17.38267,6.41805,1.64234,1.64234,0.00000,140.83380,6.41802,0.00000,0.00000,0.00000,0.50480,1.00000,6,6,1,0.66279,1.33436,0.00953,0.78874,1.08928,0.05923,0.74000,1.22000,0.04000,0.79000,1.09000,0.06000,-1.00669,25.94051,0.00843,-85.04612,0.00030,87.43057
32.97025,0.01094,91.44936,Done,Target,140.83450,17.34117,6.39660,1.64797,1.64797,0.00000,140.83450,6.39660,0.00000,0.00000,0.00000,0.50480,1.00000,6,6,1,0.66309,1.33441,0.00901,0.78874,1.08927,0.05922,0.74000,1.22000,0.04000,0.79000,1.09000,0.06000,-0.96589,25.94454,0.00833,-85.18814,-0.01261,87.43227
33.00927,0.01024,97.64272,Done,Target,140.83490,17.29505,6.37277,1.65436,1.65436,0.00000,140.83490,6.37271,0.00000,0.00000,0.00000,0.50480,1.00000,6,6,1,0.66347,1.33447,0.00834,0.78873,1.08927,0.05922,0.74000,1.22000,0.04000,0.79000,1.09000,0.06000,-0.91617,25.94669,0.01284,-85.37086,0.00390,87.43626
33.03953,0.01044,95.80344,Done,Target,140.83530,17.26426,6.35700,1.65809,1.65809,0.00000,140.83530,6.35700,0.00000,0.00000,0.00000,0.50480,1.00000,6,6,1,0.66377,1.33451,0.00782,0.78873,1.08927,0.05922,0.74000,1.22000,0.04000,0.79000,1.09000,0.06000,-0.87526,25.95148,0.01094,-85.51379,-0.00723,87.43684
33.07005,0.01053,94.96871,Done,Target,140.83550,17.23831,6.34360,1.66163,1.66163,0.00000,140.83550,6.34360,0.00000,0.00000,0.00000,0.50480,1.00000,6,6,1,0.66407,1.33455,0.00729,0.78873,1.08927,0.05922,0.74000,1.22000,0.04000,0.79000,1.09000,0.06000,-0.83513,25.95555,0.00999,-85.65888,-0.00162,87.43774
33.10286,0.00951,105.14000,Done,Target,140.83580,17.21610,6.33215,1.66453,1.66453,0.00000,140.83580,6.33215,0.00000,0.00000,0.00000,0.50480,1.00000,6,6,1,0.66440,1.33460,0.00672,0.78872,1.08927,0.05922,0.74000,1.22000,0.04000,0.79000,1.09000,0.06000,-0.79087,25.95742,0.01336,-85.81586,-0.00554,87.44047
33.13582,0.01082,92.37954,Done,Target,140.83590,17.19949,6.32369,1.66643,1.66643,0.00000,140.83590,6.32369,0.00000,0.00000,0.00000,0.50480,1.00000,6,6,1,0.66473,1.33464,0.00614,0.78872,1.08927,0.05922,0.74000,1.22000,0.04000,0.79000,1.09000,0.06000,-0.74640,25.96511,0.00616,-85.97398,-0.00811,87.43841
33.16770,0.01019,98.15160,Done,Target,140.83610,17.18939,6.31860,1.66756,1.66756,0.00000,140.83610,6.31860,0.00000,0.00000,0.00000,0.50480,1.00000,6,6,1,0.66505,1.33468,0.00558,0.78872,1.08927,0.05922,0.74000,1.22000,0.04000,0.79000,1.09000,0.06000,-0.70359,25.96486,0.01259,-86.12753,-0.00599,87.44211
33.20220,0.00999,100.08930,Done,Target,140.83610,17.18506,6.31643,1.66804,1.66804,0.00000,140.83610,6.31643,0.00000,0.00000,0.00000,0.50480,1.00000,6,6,1,0.66540,1.33472,0.00497,0.78872,1.08927,0.05922,0.74000,1.22000,0.04000,0.79000,1.09000,0.06000,-0.65723,25.96889,0.01163,-86.29398,-0.00304,87.44250
33.23526,0.01170,85.45089,Done,Target,140.83630,17.18731,6.31774,1.66751,1.66751,0.00000,140.83630,6.31774,0.00000,0.00000,0.00000,0.50480,1.00000,6,6,1,0.66573,1.33476,0.00438,0.78872,1.08927,0.05922,0.74000,1.22000,0.04000,0.79000,1.09000,0.06000,-0.61159,25.97260,0.01087,-86.45324,-0.01549,87.44276
33.26681,0.01013,98.68056,Done,Target,140.83610,17.19512,6.32189,1.66634,1.66634,0.00000,140.83610,6.32189,0.00000,0.00000,0.00000,0.50480,1.00000,6,6,1,0.66605,1.33479,0.00383,0.78872,1.08927,0.05923,0.74000,1.22000,0.04000,0.79000,1.09000,0.06000,-0.56984,25.97524,0.01129,-86.60484,-0.00691,87.44334
33.29950,0.01056,94.69412,Done,Target,140.83580,17.20927,6.32939,1.66433,1.66433,0.00000,140.83580,6.32939,0.00000,0.00000,0.00000,0.50480,1.00000,6,6,1,0.66638,1.33483,0.00326,0.78872,1.08927,0.05923,0.74000,1.22000,0.04000,0.79000,1.09000,0.06000,-0.52606,25.97841,0.01077,-86.76200,-0.00393,87.44338
33.33062,0.01073,93.20905,Done,Target,140.83590,17.22805,6.33936,1.66128,1.66128,0.00000,140.83590,6.33936,0.00000,0.00000,0.00000,0.50480,1.00000,6,6,1,0.66669,1.33486,0.00271,0.78872,1.08927,0.05923,0.74000,1.22000,0.04000,0.79000,1.09000,0.06000,-0.48358,25.97800,0.01623,-86.91079,-0.01350,87.44585
33.36175,0.01016,98.45488,Done,Target,140.83540,17.25241,6.35197,1.65809,1.65809,0.00000,140.83540,6.35197,0.00000,0.00000,0.00000,0.50480,1.00000,6,6,1,0.66701,1.33489,0.00217,0.78873,1.08927,0.05923,0.74000,1.22000,0.04000,0.79000,1.09000,0.06000,-0.44318,25.98366,0.01047,-87.05896,-0.00008,87.44330
33.39467,0.01213,82.41759,Done,Target,140.83500,17.28356,6.36840,1.65341,1.65341,0.00000,140.83500,6.36840,0.00000,0.00000,0.00000,0.50480,1.00000,6,6,1,0.66734,1.33492,0.00160,0.78873,1.08927,0.05924,0.74000,1.22000,0.04000,0.79000,1.09000,0.06000,-0.39831,25.98796,0.00734,-87.21532,-0.01257,87.44171
33.42513,0.01016,98.44533,Done,Target,140.83470,17.31710,6.38592,1.64852,1.64852,0.00000,140.83470,6.38592,0.00000,0.00000,0.00000,0.50480,1.00000,6,6,1,0.66764,1.33494,0.00108,0.78873,1.08927,0.05924,0.74000,1.22000,0.04000,0.79000,1.09000,0.06000,-0.35880,25.99007,0.00735,-87.35735,-0.00904,87.44138
33.45809,0.01161,86.14664,Done,Target,140.83430,17.35873,6.40775,1.64233,1.64233,0.00000,140.83430,6.40775,0.00000,0.00000,0.00000,0.50480,1.00000,6,6,1,0.66796,1.33497,0.00052,0.78874,1.08928,0.05924,0.74000,1.22000,0.04000,0.79000,1.09000,0.06000,-0.31589,25.99127,0.00908,-87.51104,-0.00688,87.44158
33.49199,0.01103,90.69368,Done,Target,140.83370,17.40664,6.43267,1.63551,1.63551,0.00000,140.83370,6.43267,0.00000,0.00000,0.00000,0.50480,1.00000,6,6,1,0.66829,1.33500,-0.00004,0.78874,1.08928,0.05925,0.74000,1.22000,0.04000,0.79000,1.09000,0.06000,-0.27192,25.98977,0.01546,-87.66646,-0.01166,87.44366
33.52487,0.01104,90.58138,Done,Target,140.83290,17.45812,6.45971,1.62768,1.62768,0.00000,140.83290,6.45971,0.00000,0.00000,0.00000,0.50480,1.00000,6,6,1,0.66861,1.33502,-0.00059,0.78875,1.08928,0.05925,0.74000,1.22000,0.04000,0.79000,1.09000,0.06000,-0.22970,25.99543,0.00873,-87.81649,-0.01355,87.43985
33.55912,0.01183,84.49971,Done,Target,140.83230,17.51629,6.49006,1.61894,1.61894,0.00000,140.83230,6.49006,0.00000,0.00000,0.00000,0.50480,1.00000,6,6,1,0.66894,1.33504,-0.00115,0.78875,1.08929,0.05926,0.74000,1.22000,0.04000,0.79000,1.09000,0.06000,-0.18659,25.99696,0.00916,-87.97017,-0.01367,87.43897
33.59200,0.01113,89.86829,Done,Target,140.83140,17.57578,6.52116,1.60960,1.60960,0.00000,140.83140,6.52116,0.00000,0.00000,0.00000,0.50480,1.00000,6,6,1,0.66924,1.33506,-0.00168,0.78876,1.08929,0.05926,0.74000,1.22000,0.04000,0.79000,1.09000,0.06000,-0.14705,25.99746,0.01097,-88.11467,-0.00197,87.43858
33.62543,0.01095,91.31504,Done,Target,140.83070,17.64030,6.55488,1.59955,1.59955,0.00000,140.83070,6.55488,0.00000,0.00000,0.00000,0.50480,1.00000,6,6,1,0.66955,1.33508,-0.00220,0.78877,1.08929,0.05927,0.74000,1.22000,0.04000,0.79000,1.09000,0.06000,-0.10483,26.00175,0.00598,-88.25964,-0.02059,87.43502
33.65863,0.01136,87.99015,Done,Target,140.82990,17.70766,6.59020,1.58846,1.58846,0.00000,140.82990,6.59020,0.00000,0.00000,0.00000,0.50480,1.00000,6,6,1,0.66985,1.33509,-0.00272,0.78877,1.08930,0.05927,0.74000,1.22000,0.04000,0.79000,1.09000,0.06000,-0.06573,26.00116,0.00929,-88.40130,-0.01306,87.43495
33.69577,0.01197,83.50800,Done,Target,140.82870,17.78616,6.63135,1.57551,1.57551,0.00000,140.82870,6.63135,0.00000,0.00000,0.00000,0.50480,1.00000,6,6,1,0.67018,1.33511,-0.00328,0.78878,1.08931,0.05928,0.74000,1.22000,0.04000,0.79000,1.09000,0.06000,-0.02237,26.00316,0.00800,-88.55576,-0.01346,87.43252
33.73149,0.01195,83.65497,Done,Target,140.82770,17.86433,6.67239,1.56215,1.56215,0.00000,140.82770,6.67236,0.00000,0.00000,0.00000,0.50480,1.00000,6,6,1,0.67049,1.33512,-0.00381,0.78879,1.08931,0.05929,0.74000,1.22000,0.04000,0.79000,1.09000,0.06000,0.01780,26.00409,0.00822,-88.70070,-0.00763,87.43065
33.76625,0.01099,90.95567,Done,Target,140.82650,17.94249,6.71358,1.54818,1.54818,0.00000,140.82650,6.71358,0.00000,0.00000,0.00000,0.50480,1.00000,6,6,1,0.67079,1.33514,-0.00431,0.78880,1.08932,0.05929,0.74000,1.22000,0.04000,0.79000,1.09000,0.06000,0.05703,26.00468,0.00880,-88.83853,-0.01442,87.42882
33.80145,0.01197,83.55102,Done,Target,140.82530,18.02329,6.75613,1.53356,1.53356,0.00000,140.82530,6.75610,0.00000,0.00000,0.00000,0.50480,1.00000,6,6,1,0.67108,1.33515,-0.00480,0.78881,1.08932,0.05930,0.74000,1.22000,0.04000,0.79000,1.09000,0.06000,0.09514,26.00568,0.00844,-88.97401,-0.01560,87.42644
33.83712,0.01201,83.28705,Done,Target,140.82400,18.10573,6.79976,1.51778,1.51778,0.00000,140.82400,6.79976,0.00000,0.00000,0.00000,0.50480,1.00000,6,6,1,0.67136,1.33516,-0.00528,0.78883,1.08933,0.05931,0.74000,1.22000,0.04000,0.79000,1.09000,0.06000,0.13193,26.00492,0.01096,-89.10674,-0.01036,87.42511
33.87210,0.01193,83.84230,Done,Target,140.82280,18.18711,6.84292,1.50152,1.50152,0.00000,140.82280,6.84292,0.00000,0.00000,0.00000,0.50480,1.00000,6,6,1,0.67164,1.33517,-0.00574,0.78884,1.08934,0.05932,0.74000,1.22000,0.04000,0.79000,1.09000,0.06000,0.16742,26.00643,0.00924,-89.23269,-0.01208,87.42182
33.90668,0.01083,92.30450,Done,Target,140.82150,18.26775,6.88595,1.48492,1.48492,0.00000,140.82150,6.88595,0.00000,0.00000,0.00000,0.50480,1.00000,6,6,1,0.67190,1.33517,-0.00618,0.78885,1.08935,0.05933,0.74000,1.22000,0.04000,0.79000,1.09000,0.06000,0.20212,26.00953,0.00451,-89.35331,-0.02236,87.41711
33.94211,0.01185,84.40388,Done,Target,140.82000,18.34907,6.92948,1.46719,1.46719,0.00000,140.82000,6.92948,0.00000,0.00000,0.00000,0.50480,1.00000,6,6,1,0.67215,1.33518,-0.00661,0.78886,1.08935,0.05933,0.74000,1.22000,0.04000,0.79000,1.09000,0.06000,0.23576,26.00835,0.00722,-89.47138,-0.02840,87.41547
33.97694,0.01147,87.14883,Done,Target,140.81860,18.42846,6.97218,1.44917,1.44917,0.00000,140.81860,6.97218,0.00000,0.00000,0.00000,0.50480,1.00000,6,6,1,0.67239,1.33518,-0.00701,0.78888,1.08936,0.05934,0.74000,1.22000,0.04000,0.79000,1.09000,0.06000,0.26657,26.00953,0.00553,-89.58347,-0.02073,87.41181
34.01086,0.01160,86.17689,Done,Target,140.81710,18.50307,7.01274,1.43091,1.43091,0.00000,140.81710,7.01272,0.01272,0.00000,0.00000,0.50480,1.00000,6,6,1,0.67262,1.33519,-0.00739,0.78889,1.08937,0.05935,0.74000,1.22000,0.04000,0.79000,1.09000,0.06000,0.29574,26.00987,0.00523,-89.68675,-0.02310,87.40876
34.04669,0.01114,89.80304,Done,Target,140.81550,18.58093,7.05527,1.41109,1.41109,0.00000,140.81550,7.05527,0.05527,0.00000,0.00000,0.50480,1.00000,6,6,1,0.67284,1.33519,-0.00777,0.78891,1.08938,0.05936,0.74000,1.22000,0.04000,0.79000,1.09000,0.06000,0.32541,26.01251,0.00071,-89.79202,-0.02462,87.40354
34.08169,0.01259,79.44421,Done,Target,140.81400,18.65314,7.09512,1.39132,1.39132,0.00000,140.81400,7.09512,0.09512,0.00000,0.00000,0.50480,1.00000,6,6,1,0.67305,1.33519,-0.00812,0.78892,1.08939,0.05937,0.74000,1.22000,0.04000,0.79000,1.09000,0.06000,0.35151,26.00686,0.01080,-89.88809,-0.01447,87.40472
34.12049,0.01260,79.39420,Done,Target,140.81220,18.73005,7.13815,1.36848,1.36848,0.00000,140.81220,7.13815,0.13815,0.00000,0.00000,0.50480,1.00000,6,6,1,0.67327,1.33519,-0.00848,0.78894,1.08940,0.05938,0.74000,1.22000,0.04000,0.79000,1.09000,0.06000,0.38138,26.01138,0.00272,-89.98893,-0.03316,87.39744
34.15092,0.01503,66.54993,Done,Target,140.81070,18.78721,7.17056,1.35009,1.35009,0.00000,140.81070,7.17056,0.17056,0.00000,0.00000,0.50480,1.00000,6,6,1,0.67343,1.33519,-0.00875,0.78895,1.08940,0.05939,0.74000,1.22000,0.04000,0.79000,1.09000,0.06000,0.40192,26.01084,0.00357,-90.06325,-0.02944,87.39481
34.18140,0.01530,65.34204,Done,Target,140.80920,18.84114,7.20157,1.33162,1.33162,0.00000,140.80920,7.20157,0.20157,0.00000,0.00000,0.50480,1.00000,6,6,1,0.67359,1.33519,-0.00900,0.78897,1.08941,0.05940,0.74000,1.22000,0.04000,0.79000,1.09000,0.06000,0.42089,26.01090,0.00331,-90.13305,-0.02213,87.39164
34.22100,0.01275,78.45248,Done,Target,140.80730,18.90608,7.23964,1.30701,1.30701,0.00000,140.80730,7.23964,0.23964,0.00000,0.00000,0.50480,1.00000,6,6,1,0.67377,1.33520,-0.00930,0.78899,1.08942,0.05941,0.74000,1.22000,0.04000,0.79000,1.09000,0.06000,0.44410,26.00810,0.00803,-90.21675,-0.01884,87.38964
34.26345,0.01312,76.19603,Done,Target,140.80520,18.96874,7.27759,1.27993,1.27993,0.00000,140.80520,7.27761,0.27761,0.00000,0.00000,0.50480,1.00000,6,6,1,0.67395,1.33520,-0.00960,0.78901,1.08944,0.05942,0.74000,1.22000,0.04000,0.79000,1.09000,0.06000,0.46678,26.00775,0.00832,-90.29807,-0.01724,87.38531
34.30016,0.01199,83.41910,Done,Target,140.80340,19.01703,7.30785,1.25599,1.25599,0.00000,140.80340,7.30785,0.30785,0.00000,0.00000,0.50480,1.00000,6,6,1,0.67409,1.33520,-0.00982,0.78903,1.08945,0.05943,0.74000,1.22000,0.04000,0.79000,1.09000,0.06000,0.48486,26.00811,0.00736,-90.36127,-0.02125,87.38097
34.33748,0.01274,78.49297,Done,Target,140.80140,19.06013,7.33602,1.23146,1.23146,0.00000,140.80140,7.33602,0.33602,0.00000,0.00000,0.50480,1.00000,6,6,1,0.67422,1.33520,-0.01003,0.78904,1.08946,0.05945,0.74000,1.22000,0.04000,0.79000,1.09000,0.06000,0.50107,26.01143,0.00113,-90.41868,-0.02242,87.37416
34.37616,0.01285,77.81080,Done,Target,140.79940,19.09685,7.36181,1.20555,1.20555,0.00000,140.79940,7.36181,0.36181,0.00000,0.00000,0.50480,1.00000,6,6,1,0.67433,1.33520,-0.01021,0.78906,1.08947,0.05946,0.74000,1.22000,0.04000,0.79000,1.09000,0.06000,0.51465,26.00855,0.00591,-90.46986,-0.01312,87.37200
34.41208,0.01218,82.08736,Done,Target,140.79760,19.12518,7.38321,1.18138,1.18138,0.00000,140.79760,7.38321,0.38320,0.00000,0.00000,0.50480,1.00000,6,6,1,0.67442,1.33520,-0.01036,0.78908,1.08948,0.05947,0.74000,1.22000,0.04000,0.79000,1.09000,0.06000,0.52723,26.00932,0.00421,-90.51096,-0.02552,87.36725
34.44971,0.01185,84.36205,Done,Target,140.79570,19.14720,7.40234,1.15573,1.15573,0.00000,140.79570,7.40234,0.40234,0.00000,0.00000,0.50480,1.00000,6,6,1,0.67450,1.33520,-0.01049,0.78910,1.08949,0.05948,0.74000,1.22000,0.04000,0.79000,1.09000,0.06000,0.53692,26.00899,0.00448,-90.54644,-0.02236,87.36313
34.48815,0.01380,72.48249,Done,Target,140.79360,19.16139,7.41831,1.12948,1.12948,0.00000,140.79360,7.41831,0.41831,0.00000,0.00000,0.50480,1.00000,6,6,1,0.67457,1.33520,-0.01058,0.78912,1.08950,0.05949,0.74000,1.22000,0.04000,0.79000,1.09000,0.06000,0.54440,26.00804,0.00591,-90.57414,-0.01890,87.35941
34.52769,0.01260,79.34830,Done,Target,140.79170,19.16834,7.43149,1.10194,1.10194,0.00000,140.79170,7.43152,0.43152,0.00000,0.00000,0.50480,1.00000,6,6,1,0.67462,1.33520,-0.01066,0.78914,1.08951,0.05950,0.74000,1.22000,0.04000,0.79000,1.09000,0.06000,0.55133,26.01052,0.00124,-90.59516,-0.03114,87.35287
34.56745,0.01245,80.29227,Done,Target,140.78950,19.16656,7.44081,1.07434,1.07434,0.00000,140.78950,7.44081,0.44081,0.00000,0.00000,0.50480,1.00000,6,6,1,0.67465,1.33520,-0.01070,0.78917,1.08953,0.05952,0.74000,1.22000,0.04000,0.79000,1.09000,0.06000,0.55438,26.01003,0.00190,-90.60765,-0.02568,87.34862
34.60677,0.01251,79.94562,Done,Target,140.78740,19.15558,7.44600,1.04731,1.04731,0.00000,140.78740,7.44600,0.44600,0.00000,0.00000,0.50480,1.00000,6,6,1,0.67466,1.33520,-0.01071,0.78919,1.08954,0.05953,0.74000,1.22000,0.04000,0.79000,1.09000,0.06000,0.55479,26.00761,0.00607,-90.61087,-0.01984,87.34596
34.64607,0.01356,73.77149,Done,Target,140.78530,19.13614,7.44766,1.01987,1.01987,0.00000,140.78530,7.44766,0.44766,0.00000,0.00000,0.50480,1.00000,6,6,1,0.67465,1.33520,-0.01069,0.78921,1.08955,0.05954,0.74000,1.22000,0.04000,0.79000,1.09000,0.06000,0.55364,26.01073,0.00042,-90.60596,-0.02255,87.33900
34.68549,0.01407,71.07744,Done,Target,140.78330,19.10771,7.44532,0.99249,0.99249,0.00000,140.78330,7.44532,0.44532,0.00000,0.00000,0.50480,1.00000,6,6,1,0.67463,1.33520,-0.01064,0.78923,1.08956,0.05955,0.74000,1.22000,0.04000,0.79000,1.09000,0.06000,0.54977,26.01104,-0.00016,-90.59217,-0.02241,87.33427
34.72488,0.01366,73.21902,Done,Target,140.78120,19.07097,7.43936,0.96538,0.96538,0.00000,140.78120,7.43936,0.43936,0.00000,0.00000,0.50480,1.00000,6,6,1,0.67459,1.33521,-0.01055,0.78925,1.08957,0.05957,0.74000,1.22000,0.04000,0.79000,1.09000,0.06000,0.54351,26.01044,0.00090,-90.57025,-0.02104,87.33030
34.75620,0.01623,61.61229,Done,Target,140.77970,19.03547,7.43184,0.94392,0.94392,0.00000,140.77970,7.43184,0.43184,0.00000,0.00000,0.50480,1.00000,6,6,1,0.67454,1.33521,-0.01047,0.78927,1.08958,0.05958,0.74000,1.22000,0.04000,0.79000,1.09000,0.06000,0.53680,26.01023,0.00132,-90.54654,-0.02035,87.32697
34.79864,0.01403,71.25142,Done,Target,140.77750,18.97900,7.41802,0.91500,0.91500,0.00000,140.77750,7.41802,0.41802,0.00000,0.00000,0.50480,1.00000,6,6,1,0.67446,1.33521,-0.01031,0.78929,1.08960,0.05959,0.74000,1.22000,0.04000,0.79000,1.09000,0.06000,0.52454,26.00933,0.00302,-90.50587,-0.01023,87.32298
34.84072,0.01412,70.83619,Done,Target,140.77540,18.91371,7.40030,0.88643,0.88643,0.00000,140.77540,7.40030,0.40030,0.00000,0.00000,0.50480,1.00000,6,6,1,0.67436,1.33522,-0.01013,0.78931,1.08961,0.05960,0.74000,1.22000,0.04000,0.79000,1.09000,0.06000,0.51105,26.00909,0.00353,-90.45586,-0.01663,87.31857
34.88403,0.01441,69.39991,Done,Target,140.77330,18.83719,7.37789,0.85772,0.85772,0.00000,140.77330,7.37789,0.37789,0.00000,0.00000,0.50480,1.00000,6,6,1,0.67423,1.33522,-0.00990,0.78933,1.08962,0.05961,0.74000,1.22000,0.04000,0.79000,1.09000,0.06000,0.49365,26.01145,-0.00053,-90.39428,-0.01514,87.31209
34.92642,0.01514,66.02917,Done,Target,140.77130,18.75393,7.35229,0.82984,0.82984,0.00000,140.77130,7.35223,0.35223,0.00000,0.00000,0.50480,1.00000,6,6,1,0.67409,1.33522,-0.00965,0.78936,1.08963,0.05963,0.74000,1.22000,0.04000,0.79000,1.09000,0.06000,0.47418,26.00961,0.00286,-90.32468,-0.01577,87.30903
34.96831,0.01386,72.14561,Done,Target,140.76920,18.66386,7.32344,0.80304,0.80304,0.00000,140.76920,7.32344,0.32343,0.00000,0.00000,0.50480,1.00000,6,6,1,0.67392,1.33523,-0.00936,0.78938,1.08965,0.05964,0.74000,1.22000,0.04000,0.79000,1.09000,0.06000,0.45315,26.01219,-0.00163,-90.24657,-0.02605,87.30269
34.99947,0.01639,60.99751,Done,Target,140.76790,18.59163,7.29969,0.78337,0.78337,0.00000,140.76790,7.29969,0.29969,0.00000,0.00000,0.50480,1.00000,6,6,1,0.67379,1.33523,-0.00912,0.78939,1.08965,0.05965,0.74000,1.22000,0.04000,0.79000,1.09000,0.06000,0.43435,26.01153,-0.00039,-90.18223,-0.01718,87.30000
35.04142,0.01377,72.61362,Done,Target,140.76590,18.48953,7.26547,0.75732,0.75732,0.00000,140.76590,7.26547,0.26547,0.00000,0.00000,0.50480,1.00000,6,6,1,0.67359,1.33523,-0.00878,0.78941,1.08967,0.05966,0.74000,1.22000,0.04000,0.79000,1.09000,0.06000,0.40788,26.01072,0.00105,-90.08859,-0.01482,87.29639
35.08575,0.01478,67.66242,Done,Target,140.76400,18.37479,7.22621,0.73055,0.73055,0.00000,140.76400,7.22621,0.22621,0.00000,0.00000,0.50480,1.00000,6,6,1,0.67337,1.33523,-0.00838,0.78943,1.08968,0.05967,0.74000,1.22000,0.04000,0.79000,1.09000,0.06000,0.37744,26.01055,0.00126,-89.97997,-0.01516,87.29208
35.12814,0.01420,70.40929,Done,Target,140.76210,18.25954,7.18614,0.70562,0.70562,0.00000,140.76210,7.18614,0.18614,0.00000,0.00000,0.50480,1.00000,6,6,1,0.67313,1.33523,-0.00797,0.78945,1.08969,0.05968,0.74000,1.22000,0.04000,0.79000,1.09000,0.06000,0.34627,26.01195,-0.00142,-89.86702,-0.02130,87.28683
35.17138,0.01509,66.26257,Done,Target,140.76040,18.13770,7.14315,0.68111,0.68111,0.00000,140.76040,7.14315,0.14315,0.00000,0.00000,0.50480,1.00000,6,6,1,0.67287,1.33523,-0.00752,0.78947,1.08970,0.05969,0.74000,1.22000,0.04000,0.79000,1.09000,0.06000,0.31159,26.01421,-0.00578,-89.74332,-0.02147,87.28087
35.20776,0.01813,55.15919,Done,Target,140.75900,18.03220,7.10548,0.66138,0.66138,0.00000,140.75900,7.10548,0.10548,0.00000,0.00000,0.50480,1.00000,6,6,1,0.67264,1.33523,-0.00711,0.78949,1.08971,0.05970,0.74000,1.22000,0.04000,0.79000,1.09000,0.06000,0.28038,26.01219,-0.00262,-89.63239,-0.02031,87.27895
35.23901,0.01524,65.63728,Done,Target,140.75790,17.94031,7.07244,0.64479,0.64479,0.00000,140.75790,7.07238,0.07238,0.00000,0.00000,0.50480,1.00000,6,6,1,0.67243,1.33523,-0.00675,0.78950,1.08972,0.05971,0.74000,1.22000,0.04000,0.79000,1.09000,0.06000,0.25221,26.01147,-0.00184,-89.53278,-0.01765,87.27653
35.26961,0.01504,66.49089,Done,Target,140.75660,17.84911,7.03949,0.62884,0.62884,0.00000,140.75660,7.03949,0.03949,0.00000,0.00000,0.50480,1.00000,6,6,1,0.67221,1.33523,-0.00637,0.78951,1.08972,0.05971,0.74000,1.22000,0.04000,0.79000,1.09000,0.06000,0.22421,26.01230,-0.00389,-89.43108,-0.02386,87.27296
35.30267,0.01540,64.95159,Done,Target,140.75560,17.75016,7.00351,0.61242,0.61242,0.00000,140.75560,7.00351,0.00351,0.00000,0.00000,0.50480,1.00000,6,6,1,0.67197,1.33522,-0.00596,0.78953,1.08973,0.05972,0.74000,1.22000,0.04000,0.79000,1.09000,0.06000,0.19162,26.01287,-0.00568,-89.31693,-0.01712,87.26939
35.33377,0.01571,63.65864,Done,Target,140.75450,17.65704,6.96945,0.59756,0.59756,0.00000,140.75450,6.96945,0.00000,0.00000,0.00000,0.50480,1.00000,6,6,1,0.67174,1.33522,-0.00555,0.78954,1.08974,0.05973,0.74000,1.22000,0.04000,0.79000,1.09000,0.06000,0.16028,26.00906,0.00020,-89.20544,-0.01628,87.26945
35.36695,0.01676,59.67753,Done,Target,140.75330,17.55785,6.93291,0.58245,0.58245,0.00000,140.75330,6.93291,0.00000,0.00000,0.00000,0.50480,1.00000,6,6,1,0.67148,1.33521,-0.00510,0.78955,1.08974,0.05973,0.74000,1.22000,0.04000,0.79000,1.09000,0.06000,0.12576,26.01070,-0.00381,-89.08215,-0.01706,87.26506
35.39833,0.01590,62.91004,Done,Target,140.75230,17.46498,6.89873,0.56853,0.56853,0.00000,140.75230,6.89873,0.00000,0.00000,0.00000,0.50480,1.00000,6,6,1,0.67123,1.33521,-0.00466,0.78956,1.08975,0.05974,0.74000,1.22000,0.04000,0.79000,1.09000,0.06000,0.09201,26.01110,-0.00575,-88.96206,-0.01622,87.26180
35.42879,0.01551,64.46229,Done,Target,140.75140,17.37635,6.86581,0.55584,0.55584,0.00000,140.75140,6.86581,0.00000,0.00000,0.00000,0.50480,1.00000,6,6,1,0.67097,1.33520,-0.00422,0.78957,1.08976,0.05975,0.74000,1.22000,0.04000,0.79000,1.09000,0.06000,0.05809,26.00968,-0.00460,-88.84229,-0.01231,87.26006
35.45943,0.01501,66.62679,Done,Target,140.75060,17.28862,6.83328,0.54340,0.54340,0.00000,140.75060,6.83328,0.00000,0.00000,0.00000,0.50480,1.00000,6,6,1,0.67071,1.33519,-0.00377,0.78958,1.08976,0.05975,0.74000,1.22000,0.04000,0.79000,1.09000,0.06000,0.02365,26.01025,-0.00716,-88.71843,-0.01578,87.25673
35.49226,0.01830,54.65327,Done,Target,140.74970,17.19693,6.79907,0.53095,0.53095,0.00000,140.74970,6.79907,0.00000,0.00000,0.00000,0.50480,1.00000,6,6,1,0.67042,1.33518,-0.00327,0.78959,1.08977,0.05976,0.74000,1.22000,0.04000,0.79000,1.09000,0.06000,-0.01450,26.00829,-0.00555,-88.58189,-0.01750,87.25518
35.52658,0.01649,60.62668,Done,Target,140.74880,17.10454,6.76457,0.51867,0.51867,0.00000,140.74880,6.76457,0.00000,0.00000,0.00000,0.50480,1.00000,6,6,1,0.67012,1.33517,-0.00274,0.78960,1.08977,0.05976,0.74000,1.22000,0.04000,0.79000,1.09000,0.06000,-0.05581,26.00618,-0.00403,-88.43629,-0.01185,87.25357
35.55867,0.01650,60.59432,Done,Target,140.74800,17.02154,6.73348,0.50791,0.50791,0.00000,140.74800,6.73348,0.00000,0.00000,0.00000,0.50480,1.00000,6,6,1,0.66982,1.33515,-0.00223,0.78961,1.08978,0.05977,0.74000,1.22000,0.04000,0.79000,1.09000,0.06000,-0.09506,26.00459,-0.00351,-88.29690,-0.00995,87.25178
35.59131,0.01610,62.09781,Done,Target,140.74740,16.94135,6.70332,0.49790,0.49790,0.00000,140.74740,6.70332,0.00000,0.00000,0.00000,0.50480,1.00000,6,6,1,0.66952,1.33513,-0.00170,0.78962,1.08978,0.05977,0.74000,1.22000,0.04000,0.79000,1.09000,0.06000,-0.13516,26.00413,-0.00525,-88.15237,-0.01502,87.24905
35.62627,0.01856,53.88993,Done,Target,140.74670,16.86012,6.67283,0.48774,0.48774,0.00000,140.74670,6.67283,0.00000,0.00000,0.00000,0.50480,1.00000,6,6,1,0.66919,1.33511,-0.00112,0.78962,1.08979,0.05978,0.74000,1.22000,0.04000,0.79000,1.09000,0.06000,-0.17936,26.00173,-0.00402,-87.99438,-0.01608,87.24758
35.65871,0.01558,64.18303,Done,Target,140.74600,16.79042,6.64638,0.47950,0.47950,0.00000,140.74600,6.64638,0.00000,0.00000,0.00000,0.50480,1.00000,6,6,1,0.66888,1.33509,-0.00058,0.78963,1.08979,0.05978,0.74000,1.22000,0.04000,0.79000,1.09000,0.06000,-0.22120,26.00176,-0.00719,-87.84586,-0.01369,87.24445
35.69143,0.01672,59.82397,Done,Target,140.74540,16.72507,6.62182,0.47158,0.47158,0.00000,140.74540,6.62179,0.00000,0.00000,0.00000,0.50480,1.00000,6,6,1,0.66855,1.33507,-0.00002,0.78964,1.08979,0.05978,0.74000,1.22000,0.04000,0.79000,1.09000,0.06000,-0.26408,25.99758,-0.00318,-87.69327,-0.01246,87.24453
35.72533,0.01705,58.65169,Done,Target,140.74500,16.66382,6.59868,0.46440,0.46440,0.00000,140.74500,6.59868,0.00000,0.00000,0.00000,0.50480,1.00000,6,6,1,0.66822,1.33505,0.00056,0.78964,1.08980,0.05979,0.74000,1.22000,0.04000,0.79000,1.09000,0.06000,-0.30879,25.99763,-0.00705,-87.53328,-0.01402,87.24120
35.75900,0.01620,61.71471,Done,Target,140.74450,16.60971,6.57814,0.45822,0.45822,0.00000,140.74450,6.57814,0.00000,0.00000,0.00000,0.50480,1.00000,6,6,1,0.66788,1.33502,0.00115,0.78965,1.08980,0.05979,0.74000,1.22000,0.04000,0.79000,1.09000,0.06000,-0.35400,25.99388,-0.00449,-87.37234,-0.01279,87.24082
35.79102,0.01645,60.79857,Done,Target,140.74410,16.56486,6.56107,0.45320,0.45320,0.00000,140.74410,6.56107,0.00000,0.00000,0.00000,0.50480,1.00000,6,6,1,0.66755,1.33499,0.00172,0.78965,1.08980,0.05979,0.74000,1.22000,0.04000,0.79000,1.09000,0.06000,-0.39753,25.99318,-0.00742,-87.21788,-0.00991,87.23820
35.82452,0.01705,58.66490,Done,Target,140.74380,16.52491,6.54604,0.44838,0.44838,0.00000,140.74380,6.54604,0.00000,0.00000,0.00000,0.50480,1.00000,6,6,1,0.66721,1.33496,0.00231,0.78966,1.08980,0.05979,0.74000,1.22000,0.04000,0.79000,1.09000,0.06000,-0.44300,25.98983,-0.00609,-87.05483,-0.01240,87.23750
35.85754,0.01581,63.24419,Done,Target,140.74340,16.49319,6.53399,0.44489,0.44489,0.00000,140.74340,6.53396,0.00000,0.00000,0.00000,0.50480,1.00000,6,6,1,0.66687,1.33493,0.00290,0.78966,1.08980,0.05979,0.74000,1.22000,0.04000,0.79000,1.09000,0.06000,-0.48882,25.98493,-0.00229,-86.89330,-0.00571,87.23798
35.88987,0.01616,61.86750,Done,Target,140.74320,16.46953,6.52501,0.44219,0.44219,0.00000,140.74320,6.52501,0.00000,0.00000,0.00000,0.50480,1.00000,6,6,1,0.66654,1.33490,0.00348,0.78966,1.08981,0.05979,0.74000,1.22000,0.04000,0.79000,1.09000,0.06000,-0.53321,25.98278,-0.00348,-86.73412,-0.00817,87.23645
35.92180,0.01552,64.41753,Done,Target,140.74320,16.45355,6.51888,0.44049,0.44049,0.00000,140.74320,6.51888,0.00000,0.00000,0.00000,0.50480,1.00000,6,6,1,0.66621,1.33486,0.00406,0.78966,1.08981,0.05980,0.74000,1.22000,0.04000,0.79000,1.09000,0.06000,-0.57764,25.97976,-0.00338,-86.57625,-0.00564,87.23557
35.95603,0.01798,55.60913,Done,Target,140.74310,16.44436,6.51545,0.43932,0.43932,0.00000,140.74310,6.51545,0.00000,0.00000,0.00000,0.50480,1.00000,6,6,1,0.66585,1.33482,0.00468,0.78966,1.08981,0.05980,0.74000,1.22000,0.04000,0.79000,1.09000,0.06000,-0.62536,25.97733,-0.00497,-86.40620,-0.00445,87.23400
35.98779,0.01563,63.99443,Done,Target,140.74310,16.44381,6.51521,0.43937,0.43937,0.00000,140.74310,6.51524,0.00000,0.00000,0.00000,0.50480,1.00000,6,6,1,0.66552,1.33479,0.00526,0.78966,1.08981,0.05980,0.74000,1.22000,0.04000,0.79000,1.09000,0.06000,-0.66903,25.97388,-0.00450,-86.24900,-0.00851,87.23352
36.02135,0.01669,59.92662,Done,Target,140.74320,16.45110,6.51801,0.44000,0.44000,0.00000,140.74320,6.51801,0.00000,0.00000,0.00000,0.50480,1.00000,6,6,1,0.66517,1.33474,0.00587,0.78966,1.08981,0.05979,0.74000,1.22000,0.04000,0.79000,1.09000,0.06000,-0.71591,25.96983,-0.00367,-86.08244,-0.00553,87.23325
36.05511,0.01697,58.93656,Done,Target,140.74330,16.46673,6.52399,0.44173,0.44173,0.00000,140.74330,6.52399,0.00000,0.00000,0.00000,0.50480,1.00000,6,6,1,0.66482,1.33470,0.00648,0.78966,1.08981,0.05979,0.74000,1.22000,0.04000,0.79000,1.09000,0.06000,-0.76268,25.96702,-0.00528,-85.91524,-0.00579,87.23205
36.09117,0.01946,51.39185,Done,Target,140.74350,16.49240,6.53378,0.44435,0.44435,0.00000,140.74350,6.53375,0.00000,0.00000,0.00000,0.50480,1.00000,6,6,1,0.66445,1.33465,0.00713,0.78966,1.08980,0.05979,0.74000,1.22000,0.04000,0.79000,1.09000,0.06000,-0.81233,25.96382,-0.00690,-85.73715,-0.00807,87.23093
36.12856,0.01929,51.84657,Done,Target,140.74370,16.52886,6.54757,0.44843,0.44843,0.00000,140.74370,6.54757,0.00000,0.00000,0.00000,0.50480,1.00000,6,6,1,0.66406,1.33460,0.00780,0.78966,1.08980,0.05979,0.74000,1.22000,0.04000,0.79000,1.09000,0.06000,-0.86387,25.95778,-0.00408,-85.55378,-0.00534,87.23188
36.16678,0.01964,50.92915,Done,Target,140.74410,16.57587,6.56537,0.45377,0.45377,0.00000,140.74410,6.56537,0.00000,0.00000,0.00000,0.50480,1.00000,6,6,1,0.66368,1.33454,0.00848,0.78965,1.08980,0.05979,0.74000,1.22000,0.04000,0.79000,1.09000,0.06000,-0.91590,25.95442,-0.00644,-85.36784,-0.00504,87.23073
36.21322,0.02228,44.88524,Done,EntryTipCone,139.96900,20.64360,5.37520,7.65992,7.65992,0.00000,139.96900,5.37520,0.00000,0.00000,0.00000,0.50548,1.00000,6,6,1,0.66401,1.33565,0.00373,0.78345,1.08798,0.05658,0.74000,1.22000,0.04000,0.79000,1.09000,0.06000,-0.62697,26.07518,0.00324,-86.48044,-0.01587,88.48197
36.25286,0.01815,55.08874,Done,EntryTipCone,139.96040,20.56466,5.39441,7.52085,7.52085,0.00000,139.96040,5.39441,0.00000,0.00000,0.00000,0.50557,1.00000,6,6,1,0.66375,1.33562,0.00425,0.78381,1.08806,0.05619,0.74000,1.22000,0.04000,0.79000,1.09000,0.06000,-0.67379,26.07391,-0.00167,-86.23262,-0.00566,88.45749
36.29049,0.01733,57.71668,Done,EntryTipCone,139.96150,20.55700,5.40254,7.53096,7.53096,0.00000,139.96150,5.40254,0.00000,0.00000,0.00000,0.50554,1.00000,6,6,1,0.66352,1.33559,0.00465,0.78406,1.08810,0.05578,0.74000,1.22000,0.04000,0.79000,1.09000,0.06000,-0.71179,26.06999,-0.00023,-86.02032,-0.00276,88.45529
36.32876,0.02091,47.83155,Done,EntryTipCone,139.96230,20.53772,5.42123,7.55441,7.55441,0.00000,139.96230,5.42123,0.00000,0.00000,0.00000,0.50555,1.00000,6,6,1,0.66329,1.33556,0.00507,0.78433,1.08814,0.05536,0.74000,1.22000,0.04000,0.79000,1.09000,0.06000,-0.75055,26.06635,0.00002,-85.80410,0.00072,88.44925
36.36436,0.01705,58.66002,Done,EntryTipCone,139.96340,20.50959,5.44759,7.58765,7.58765,0.00000,139.96340,5.44759,0.00000,0.00000,0.00000,0.50553,1.00000,6,6,1,0.66308,1.33553,0.00545,0.78460,1.08818,0.05499,0.74000,1.22000,0.04000,0.79000,1.09000,0.06000,-0.78552,26.06391,-0.00180,-85.60513,-0.00379,88.43984
36.40248,0.01732,57.75093,Done,EntryTipCone,139.96540,20.46847,5.48544,7.63532,7.63532,0.00000,139.96540,5.48544,0.00000,0.00000,0.00000,0.50550,1.00000,6,6,1,0.66287,1.33549,0.00587,0.78489,1.08824,0.05461,0.74000,1.22000,0.04000,0.79000,1.09000,0.06000,-0.82407,26.05475,0.00702,-85.39230,0.00552,88.43131
36.43808,0.01806,55.38481,Done,EntryTipCone,139.96780,20.42026,5.52918,7.69110,7.69110,0.00000,139.96780,5.52914,0.00000,0.00000,0.00000,0.50545,1.00000,6,6,1,0.66268,1.33546,0.00625,0.78518,1.08829,0.05425,0.74000,1.22000,0.04000,0.79000,1.09000,0.06000,-0.85878,26.05620,-0.00284,-85.19536,0.00280,88.41262
36.47269,0.01716,58.26945,Done,EntryTipCone,139.97020,20.36401,5.57904,7.75477,7.75477,0.00000,139.97020,5.57904,0.00000,0.00000,0.00000,0.50542,1.00000,6,6,1,0.66249,1.33542,0.00663,0.78547,1.08836,0.05393,0.74000,1.22000,0.04000,0.79000,1.09000,0.06000,-0.89148,26.05189,-0.00260,-85.00624,-0.00695,88.39608
36.51574,0.01972,50.71572,Done,EntryTipCone,139.97370,20.28140,5.65111,7.84731,7.84731,0.00000,139.97370,5.65111,0.00000,0.00000,0.00000,0.50537,1.00000,6,6,1,0.66227,1.33537,0.00709,0.78584,1.08844,0.05353,0.74000,1.22000,0.04000,0.79000,1.09000,0.06000,-0.93449,26.04589,-0.00223,-84.77177,0.01085,88.37188
36.55263,0.01962,50.96535,Done,EntryTipCone,139.97680,20.19992,5.72053,7.93696,7.93696,0.00000,139.97680,5.72053,0.00000,0.00000,0.00000,0.50532,1.00000,6,6,1,0.66209,1.33533,0.00748,0.78617,1.08852,0.05321,0.74000,1.22000,0.04000,0.79000,1.09000,0.06000,-0.96808,26.03758,0.00374,-84.57504,-0.00414,88.35062
36.59005,0.01784,56.05191,Done,EntryTipCone,139.98160,20.10664,5.79786,8.03647,8.03647,0.00000,139.98160,5.79786,0.00000,0.00000,0.00000,0.50526,1.00000,6,6,1,0.66191,1.33528,0.00788,0.78652,1.08861,0.05289,0.74000,1.22000,0.04000,0.79000,1.09000,0.06000,-1.00254,26.03546,-0.00212,-84.37790,-0.00925,88.32079
36.63097,0.02007,49.81719,Done,EntryTipCone,139.98760,19.99339,5.88963,8.15554,8.15554,0.00000,139.98760,5.88956,0.00000,0.00000,0.00000,0.50518,1.00000,6,6,1,0.66173,1.33523,0.00831,0.78691,1.08871,0.05256,0.74000,1.22000,0.04000,0.79000,1.09000,0.06000,-1.03945,26.03096,-0.00516,-84.16632,-0.01446,88.28636
36.66804,0.01981,50.49078,Done,EntryTipCone,139.99280,19.88061,5.97822,8.27114,8.27114,0.00000,139.99280,5.97822,0.00000,0.00000,0.00000,0.50509,1.00000,6,6,1,0.66157,1.33518,0.00869,0.78727,1.08881,0.05228,0.74000,1.22000,0.04000,0.79000,1.09000,0.06000,-1.07291,26.02037,0.00321,-83.97870,-0.00975,88.25715
36.70576,0.02028,49.31784,Done,EntryTipCone,139.99780,19.75587,6.07338,8.39554,8.39554,0.00000,139.99780,6.07338,0.00000,0.00000,0.00000,0.50501,1.00000,6,6,1,0.66142,1.33513,0.00907,0.78765,1.08891,0.05201,0.74000,1.22000,0.04000,0.79000,1.09000,0.06000,-1.10574,26.01140,0.00836,-83.79196,-0.01035,88.22321
36.74457,0.01705,58.64866,Done,EntryTipCone,140.00430,19.61801,6.17559,8.53023,8.53023,0.00000,140.00430,6.17559,0.00000,0.00000,0.00000,0.50492,1.00000,6,6,1,0.66128,1.33507,0.00946,0.78805,1.08903,0.05175,0.74000,1.22000,0.04000,0.79000,1.09000,0.06000,-1.13899,26.01203,-0.00436,-83.60423,-0.00786,88.17763
36.78401,0.01931,51.78723,Done,EntryTipCone,140.01010,19.46704,6.28366,8.67307,8.67307,0.00000,140.01010,6.28366,0.00000,0.00000,0.00000,0.50481,1.00000,6,6,1,0.66113,1.33502,0.00984,0.78846,1.08915,0.05151,0.74000,1.22000,0.04000,0.79000,1.09000,0.06000,-1.17291,26.00641,-0.00655,-83.41810,0.00688,88.13302
36.82045,0.01880,53.18385,Done,EntryTipCone,140.01800,19.31914,6.38580,8.80848,8.80848,0.00000,140.01800,6.38580,0.00000,0.00000,0.00000,0.50472,1.00000,6,6,1,0.66102,1.33497,0.01019,0.78884,1.08926,0.05130,0.74000,1.22000,0.04000,0.79000,1.09000,0.06000,-1.20225,25.99574,0.00097,-83.25237,0.01080,88.09341
36.85878,0.01696,58.95552,Done,EntryTipCone,140.02590,19.15472,6.49540,8.95485,8.95485,0.00000,140.02590,6.49534,0.00000,0.00000,0.00000,0.50461,1.00000,6,6,1,0.66090,1.33492,0.01054,0.78925,1.08939,0.05110,0.74000,1.22000,0.04000,0.79000,1.09000,0.06000,-1.22980,25.98902,0.00134,-83.08366,-0.01337,88.04607
36.89874,0.01986,50.35112,Done,EntryTipCone,140.03320,18.97326,6.61192,9.11162,9.11162,0.00000,140.03320,6.61195,0.00000,0.00000,0.00000,0.50450,1.00000,6,6,1,0.66079,1.33486,0.01091,0.78968,1.08953,0.05091,0.74000,1.22000,0.04000,0.79000,1.09000,0.06000,-1.26071,25.98295,-0.00077,-82.91294,-0.00045,87.99287
36.93576,0.01958,51.07799,Done,EntryTipCone,140.04200,18.79746,6.72065,9.25864,9.25864,0.00000,140.04200,6.72065,0.00000,0.00000,0.00000,0.50438,1.00000,6,6,1,0.66069,1.33481,0.01123,0.79009,1.08967,0.05075,0.74000,1.22000,0.04000,0.79000,1.09000,0.06000,-1.28779,25.97600,-0.00045,-82.76105,0.00634,87.94228
36.98365,0.02181,45.84465,Done,EntryTipCone,140.05240,18.55822,6.86164,9.45051,9.45051,0.00000,140.05240,6.86161,0.00000,0.00000,0.00000,0.50423,1.00000,6,6,1,0.66059,1.33474,0.01163,0.79062,1.08984,0.05057,0.74000,1.22000,0.04000,0.79000,1.09000,0.06000,-1.31919,25.97206,-0.00846,-82.57471,-0.00573,87.87003
37.02466,0.02328,42.95928,Done,EntryTipCone,140.06230,18.34383,6.98267,9.61642,9.61642,0.00000,140.06230,6.98267,0.00000,0.00000,0.00000,0.50409,1.00000,6,6,1,0.66051,1.33469,0.01197,0.79107,1.09000,0.05044,0.74000,1.22000,0.04000,0.79000,1.09000,0.06000,-1.34548,25.96260,-0.00476,-82.42232,-0.00879,87.81001
37.07043,0.02305,43.39051,Done,EntryTipCone,140.07250,18.09488,7.11643,9.80169,9.80169,0.00000,140.07250,7.11643,0.11643,0.00000,0.00000,0.50395,1.00000,6,6,1,0.66043,1.33463,0.01232,0.79158,1.09018,0.05033,0.74000,1.22000,0.04000,0.79000,1.09000,0.06000,-1.37459,25.94974,0.00328,-82.26233,0.00735,87.74210
37.11085,0.02211,45.22884,Done,EntryTipCone,140.08220,17.86695,7.23275,9.96430,9.96430,0.00000,140.08220,7.23275,0.23275,0.00000,0.00000,0.50379,1.00000,6,6,1,0.66038,1.33458,0.01262,0.79204,1.09035,0.05025,0.74000,1.22000,0.04000,0.79000,1.09000,0.06000,-1.39824,25.94529,-0.00164,-82.13024,0.01708,87.67464
37.14939,0.01670,59.86261,Done,EntryTipCone,140.09290,17.64330,7.34123,10.11719,10.11719,0.00000,140.09290,7.34123,0.34123,0.00000,0.00000,0.50365,1.00000,6,6,1,0.66034,1.33454,0.01288,0.79246,1.09050,0.05020,0.74000,1.22000,0.04000,0.79000,1.09000,0.06000,-1.41738,25.94213,-0.00764,-82.01345,0.00561,87.60800
37.20029,0.02536,39.43483,Done,EntryTipCone,140.10660,17.33698,7.48252,10.31841,10.31841,0.00000,140.10660,7.48252,0.48252,0.00000,0.00000,0.50347,1.00000,6,6,1,0.66031,1.33448,0.01322,0.79303,1.09072,0.05016,0.74000,1.22000,0.04000,0.79000,1.09000,0.06000,-1.44221,25.93306,-0.00696,-81.86937,0.00618,87.52071
37.23938,0.01743,57.37267,Done,EntryTipCone,140.11690,17.09685,7.58701,10.46892,10.46892,0.00000,140.11690,7.58701,0.58701,0.00000,0.00000,0.50333,1.00000,6,6,1,0.66029,1.33444,0.01346,0.79346,1.09088,0.05016,0.74000,1.22000,0.04000,0.79000,1.09000,0.06000,-1.45929,25.92516,-0.00428,-81.76949,0.00568,87.45331
37.28465,0.02417,41.37869,Done,EntryTipCone,140.12930,16.81024,7.70490,10.64104,10.64104,0.00000,140.12930,7.70490,0.70490,0.00000,0.00000,0.50315,1.00000,6,6,1,0.66029,1.33439,0.01371,0.79396,1.09108,0.05018,0.74000,1.22000,0.04000,0.79000,1.09000,0.06000,-1.47720,25.91998,-0.00790,-81.66402,0.00467,87.37006
37.32457,0.02238,44.68842,Done,EntryTipCone,140.14060,16.55336,7.80464,10.78867,10.78867,0.00000,140.14060,7.80464,0.80464,0.00000,0.00000,0.50301,1.00000,6,6,1,0.66030,1.33436,0.01392,0.79440,1.09125,0.05023,0.74000,1.22000,0.04000,0.79000,1.09000,0.06000,-1.49089,25.91530,-0.01036,-81.58127,0.00035,87.29581
37.37167,0.02503,39.95711,Done,EntryTipCone,140.15400,16.24398,7.91763,10.95834,10.95834,0.00000,140.15400,7.91763,0.91763,0.00000,0.00000,0.50283,1.00000,6,6,1,0.66032,1.33432,0.01414,0.79490,1.09146,0.05031,0.74000,1.22000,0.04000,0.79000,1.09000,0.06000,-1.50680,25.90809,-0.01026,-81.49575,0.01805,87.20781
37.41459,0.02187,45.72984,Done,EntryTipCone,140.16640,15.95808,8.01528,11.10772,11.10772,0.00000,140.16640,8.01528,1.01528,0.00000,0.00000,0.50265,1.00000,6,6,1,0.66036,1.33429,0.01432,0.79536,1.09165,0.05041,0.74000,1.22000,0.04000,0.79000,1.09000,0.06000,-1.51682,25.90295,-0.01136,-81.42951,0.00514,87.12619
37.45418,0.01680,59.52755,Done,EntryTipCone,140.17730,15.69134,8.10067,11.24044,11.24044,0.00000,140.17730,8.10067,1.10067,0.00000,0.00000,0.50252,1.00000,6,6,1,0.66040,1.33426,0.01447,0.79577,1.09182,0.05052,0.74000,1.22000,0.04000,0.79000,1.09000,0.06000,-1.52505,25.89910,-0.01361,-81.37894,0.00370,87.04961
37.48523,0.03105,32.20206,Done,EntryTipCone,140.18610,15.47803,8.16554,11.34279,11.34279,0.00000,140.18610,8.16554,1.16554,0.00000,0.00000,0.50239,1.00000,6,6,1,0.66044,1.33425,0.01457,0.79608,1.09196,0.05063,0.74000,1.22000,0.04000,0.79000,1.09000,0.06000,-1.53068,25.89394,-0.01137,-81.34506,0.00429,86.99014
37.52829,0.01730,57.80375,Done,EntryTipCone,140.19830,15.18430,8.24931,11.47776,11.47776,0.00000,140.19830,8.24931,1.24931,0.00000,0.00000,0.50224,1.00000,6,6,1,0.66051,1.33423,0.01470,0.79651,1.09215,0.05080,0.74000,1.22000,0.04000,0.79000,1.09000,0.06000,-1.53748,25.88762,-0.00931,-81.30943,0.01721,86.90788
37.57729,0.02403,41.62256,Done,EntryTipCone,140.21260,14.84476,8.33857,11.62538,11.62538,0.00000,140.21260,8.33857,1.33857,0.00000,0.00000,0.50205,1.00000,6,6,1,0.66061,1.33421,0.01481,0.79699,1.09237,0.05102,0.74000,1.22000,0.04000,0.79000,1.09000,0.06000,-1.54026,25.88399,-0.01178,-81.28250,0.00150,86.81095
37.61945,0.02608,38.34980,Done,EntryTipCone,140.22450,14.55215,8.40936,11.74593,11.74593,0.00000,140.22450,8.40936,1.40936,0.00000,0.00000,0.50190,1.00000,6,6,1,0.66070,1.33420,0.01489,0.79739,1.09255,0.05123,0.74000,1.22000,0.04000,0.79000,1.09000,0.06000,-1.54195,25.88185,-0.01525,-81.27173,0.00518,86.72689
37.66931,0.02437,41.02986,Done,EntryTipCone,140.23830,14.20610,8.48587,11.88044,11.88044,0.00000,140.23830,8.48587,1.48587,0.00000,0.00000,0.50173,1.00000,6,6,1,0.66082,1.33420,0.01495,0.79784,1.09277,0.05152,0.74000,1.22000,0.04000,0.79000,1.09000,0.06000,-1.54145,25.87751,-0.01523,-81.27370,0.01032,86.62944
37.70919,0.01628,61.44024,Done,EntryTipCone,140.24970,13.93052,8.54153,11.98204,11.98204,0.00000,140.24970,8.54148,1.54148,0.00000,0.00000,0.50158,1.00000,6,6,1,0.66093,1.33420,0.01498,0.79819,1.09294,0.05177,0.74000,1.22000,0.04000,0.79000,1.09000,0.06000,-1.53929,25.87127,-0.00965,-81.28644,0.01637,86.55428
37.76221,0.02443,40.92957,Done,EntryTipCone,140.26430,13.56315,8.60795,12.10901,12.10901,0.00000,140.26430,8.60798,1.60798,0.00000,0.00000,0.50141,1.00000,6,6,1,0.66109,1.33420,0.01498,0.79864,1.09316,0.05213,0.74000,1.22000,0.04000,0.79000,1.09000,0.06000,-1.53173,25.87248,-0.01747,-81.31947,0.00294,86.44783
37.80222,0.01582,63.20225,Done,EntryTipCone,140.27540,13.28977,8.65238,12.19809,12.19809,0.00000,140.27540,8.65236,1.65236,0.00000,0.00000,0.50127,1.00000,6,6,1,0.66123,1.33421,0.01496,0.79896,1.09333,0.05242,0.74000,1.22000,0.04000,0.79000,1.09000,0.06000,-1.52493,25.86740,-0.01222,-81.35558,0.00206,86.37341
37.85536,0.02724,36.70804,Done,EntryTipCone,140.28920,12.92713,8.70414,12.30904,12.30904,0.00000,140.28920,8.70414,1.70414,0.00000,0.00000,0.50110,1.00000,6,6,1,0.66142,1.33423,0.01491,0.79937,1.09354,0.05284,0.74000,1.22000,0.04000,0.79000,1.09000,0.06000,-1.51424,25.86391,-0.01028,-81.42053,0.01664,86.27277
37.89123,0.03587,27.88160,Done,EntryTipCone,140.29840,12.68507,8.73442,12.37843,12.37843,0.00000,140.29840,8.73442,1.73442,0.00000,0.00000,0.50099,1.00000,6,6,1,0.66156,1.33425,0.01485,0.79962,1.09368,0.05314,0.74000,1.22000,0.04000,0.79000,1.09000,0.06000,-1.50453,25.86419,-0.01275,-81.47401,0.01664,86.20409
37.93509,0.01702,58.75921,Done,EntryTipCone,140.31020,12.39681,8.76616,12.45654,12.45654,0.00000,140.31020,8.76612,1.76612,0.00000,0.00000,0.50085,1.00000,6,6,1,0.66173,1.33427,0.01476,0.79992,1.09385,0.05352,0.74000,1.22000,0.04000,0.79000,1.09000,0.06000,-1.48999,25.86585,-0.01720,-81.54893,0.00473,86.12168
37.99095,0.02775,36.03641,Done,EntryTipCone,140.32380,12.03246,8.79906,12.54797,12.54797,0.00000,140.32380,8.79904,1.79904,0.00000,0.00000,0.50069,1.00000,6,6,1,0.66198,1.33431,0.01461,0.80027,1.09406,0.05404,0.74000,1.22000,0.04000,0.79000,1.09000,0.06000,-1.47096,25.86375,-0.01491,-81.66392,0.02345,86.02113
38.04605,0.02739,36.50813,Done,EntryTipCone,140.33730,11.68381,8.82354,12.62819,12.62819,0.00000,140.33730,8.82352,1.82352,0.00000,0.00000,0.50054,1.00000,6,6,1,0.66223,1.33435,0.01443,0.80058,1.09426,0.05458,0.74000,1.22000,0.04000,0.79000,1.09000,0.06000,-1.44643,25.86369,-0.01428,-81.79413,0.00884,85.92446
38.10043,0.02628,38.05621,Done,EntryTipCone,140.35010,11.34967,8.84065,12.69882,12.69882,0.00000,140.35010,8.84065,1.84065,0.00000,0.00000,0.50040,1.00000,6,6,1,0.66249,1.33440,0.01421,0.80086,1.09444,0.05513,0.74000,1.22000,0.04000,0.79000,1.09000,0.06000,-1.42069,25.86540,-0.01614,-81.94016,0.01162,85.83096
38.14346,0.01716,58.28371,Done,EntryTipCone,140.35980,11.09450,8.84964,12.74865,12.74865,0.00000,140.35980,8.84964,1.84964,0.00000,0.00000,0.50029,1.00000,6,6,1,0.66271,1.33444,0.01402,0.80105,1.09458,0.05559,0.74000,1.22000,0.04000,0.79000,1.09000,0.06000,-1.39868,25.86778,-0.01879,-82.06661,0.01613,85.75909
38.20104,0.03104,32.22009,Done,EntryTipCone,140.37170,10.76223,8.85550,12.80790,12.80790,0.00000,140.37170,8.85548,1.85548,0.00000,0.00000,0.50015,1.00000,6,6,1,0.66301,1.33450,0.01373,0.80128,1.09476,0.05622,0.74000,1.22000,0.04000,0.79000,1.09000,0.06000,-1.36520,25.86828,-0.01623,-82.25412,0.01324,85.66841
38.25703,0.02782,35.94514,Done,EntryTipCone,140.38360,10.45591,8.85552,12.85718,12.85718,0.00000,140.38360,8.85552,1.85552,0.00000,0.00000,0.50002,1.00000,6,6,1,0.66332,1.33456,0.01341,0.80146,1.09492,0.05686,0.74000,1.22000,0.04000,0.79000,1.09000,0.06000,-1.32945,25.87158,-0.01778,-82.45152,0.00358,85.58319
38.30954,0.02690,37.17154,Done,EntryTipCone,140.39350,10.18302,8.85111,12.89658,12.89658,0.00000,140.39350,8.85111,1.85111,0.00000,0.00000,0.49991,1.00000,6,6,1,0.66362,1.33462,0.01308,0.80159,1.09505,0.05747,0.74000,1.22000,0.04000,0.79000,1.09000,0.06000,-1.29458,25.87540,-0.01997,-82.65137,0.00823,85.50706
38.35093,0.01614,61.96382,Done,EntryTipCone,140.40120,9.97913,8.84511,12.92375,12.92375,0.00000,140.40120,8.84514,1.84514,0.00000,0.00000,0.49983,1.00000,6,6,1,0.66386,1.33467,0.01280,0.80167,1.09515,0.05796,0.74000,1.22000,0.04000,0.79000,1.09000,0.06000,-1.26555,25.87696,-0.01867,-82.81709,0.01015,85.45159
38.40552,0.02726,36.68820,Done,EntryTipCone,140.41040,9.72288,8.83422,12.95465,12.95465,0.00000,140.41040,8.83422,1.83422,0.00000,0.00000,0.49975,1.00000,6,6,1,0.66418,1.33474,0.01241,0.80175,1.09528,0.05862,0.74000,1.22000,0.04000,0.79000,1.09000,0.06000,-1.22497,25.87912,-0.01650,-83.04994,0.01515,85.38225
38.45917,0.02609,38.32799,Done,EntryTipCone,140.41840,9.48972,8.82109,12.97957,12.97957,0.00000,140.41840,8.82109,1.82109,0.00000,0.00000,0.49966,1.00000,6,6,1,0.66451,1.33480,0.01200,0.80179,1.09539,0.05927,0.74000,1.22000,0.04000,0.79000,1.09000,0.06000,-1.18293,25.87955,-0.01075,-83.28973,0.01685,85.32098
38.51533,0.02807,35.63039,Done,EntryTipCone,140.42670,9.26482,8.80538,13.00087,13.00087,0.00000,140.42670,8.80536,1.80536,0.00000,0.00000,0.49957,1.00000,6,6,1,0.66486,1.33487,0.01154,0.80179,1.09549,0.05997,0.74000,1.22000,0.04000,0.79000,1.09000,0.06000,-1.13571,25.88573,-0.01424,-83.55335,0.00771,85.25807
38.56086,0.01751,57.11520,Done,EntryTipCone,140.43250,9.09870,8.79196,13.01490,13.01490,0.00000,140.43250,8.79198,1.79198,0.00000,0.00000,0.49951,1.00000,6,6,1,0.66515,1.33493,0.01115,0.80176,1.09556,0.06053,0.74000,1.22000,0.04000,0.79000,1.09000,0.06000,-1.09699,25.89088,-0.01724,-83.77421,0.00892,85.21155
38.61649,0.02862,34.94190,Done,EntryTipCone,140.43930,8.91354,8.77505,13.02892,13.02892,0.00000,140.43930,8.77503,1.77503,0.00000,0.00000,0.49944,1.00000,6,6,1,0.66550,1.33500,0.01065,0.80168,1.09563,0.06123,0.74000,1.22000,0.04000,0.79000,1.09000,0.06000,-1.04693,25.89548,-0.01745,-84.05591,0.00329,85.16115
38.67475,0.02895,34.54545,Done,EntryTipCone,140.44530,8.74398,8.75775,13.04000,13.04000,0.00000,140.44530,8.75775,1.75775,0.00000,0.00000,0.49938,1.00000,6,6,1,0.66588,1.33507,0.01011,0.80157,1.09569,0.06196,0.74000,1.22000,0.04000,0.79000,1.09000,0.06000,-0.99313,25.90258,-0.02154,-84.35950,-0.00137,85.11346
38.73202,0.02865,34.90598,Done,EntryTipCone,140.45030,8.60154,8.74193,13.04818,13.04818,0.00000,140.45030,8.74188,1.74188,0.00000,0.00000,0.49934,1.00000,6,6,1,0.66625,1.33513,0.00955,0.80141,1.09574,0.06267,0.74000,1.22000,0.04000,0.79000,1.09000,0.06000,-0.93944,25.90516,-0.01777,-84.66637,0.00116,85.07672
38.78911,0.02875,34.78454,Done,EntryTipCone,140.45470,8.48411,8.72794,13.05428,13.05428,0.00000,140.45470,8.72794,1.72794,0.00000,0.00000,0.49929,1.00000,6,6,1,0.66662,1.33520,0.00898,0.80122,1.09577,0.06337,0.74000,1.22000,0.04000,0.79000,1.09000,0.06000,-0.88409,25.90956,-0.01716,-84.97945,-0.00227,85.04551
38.84558,0.02828,35.36532,Done,EntryTipCone,140.45750,8.39265,8.71639,13.05826,13.05826,0.00000,140.45750,8.71639,1.71639,0.00000,0.00000,0.49927,1.00000,6,6,1,0.66699,1.33525,0.00840,0.80098,1.09578,0.06406,0.74000,1.22000,0.04000,0.79000,1.09000,0.06000,-0.82875,25.91386,-0.01655,-85.29445,-0.00230,85.02151
38.90351,0.02831,35.32666,Done,EntryTipCone,140.45990,8.32461,8.70741,13.06106,13.06106,0.00000,140.45990,8.70739,1.70739,0.00000,0.00000,0.49924,1.00000,6,6,1,0.66736,1.33531,0.00780,0.80071,1.09578,0.06475,0.74000,1.22000,0.04000,0.79000,1.09000,0.06000,-0.77137,25.91875,-0.01696,-85.62225,0.00021,85.00352
38.95991,0.02806,35.63905,Done,EntryTipCone,140.46190,8.28399,8.70177,13.06243,13.06243,0.00000,140.46190,8.70177,1.70177,0.00000,0.00000,0.49922,1.00000,6,6,1,0.66772,1.33536,0.00720,0.80040,1.09576,0.06541,0.74000,1.22000,0.04000,0.79000,1.09000,0.06000,-0.71430,25.92175,-0.01441,-85.94398,-0.00559,84.99430
39.01797,0.02905,34.42023,Done,EntryTipCone,140.46250,8.26842,8.69933,13.06287,13.06287,0.00000,140.46250,8.69933,1.69933,0.00000,0.00000,0.49922,1.00000,6,6,1,0.66808,1.33540,0.00657,0.80005,1.09573,0.06608,0.74000,1.22000,0.04000,0.79000,1.09000,0.06000,-0.65557,25.92853,-0.01860,-86.27724,-0.00697,84.98908
39.07452,0.02765,36.17091,Done,EntryTipCone,140.46190,8.27923,8.70042,13.06218,13.06218,0.00000,140.46190,8.70039,1.70039,0.00000,0.00000,0.49923,1.00000,6,6,1,0.66843,1.33544,0.00596,0.79967,1.09568,0.06670,0.74000,1.22000,0.04000,0.79000,1.09000,0.06000,-0.59867,25.93084,-0.01535,-86.60126,-0.00669,84.99438
39.13133,0.02864,34.91971,Done,EntryTipCone,140.46070,8.31564,8.70477,13.06041,13.06041,0.00000,140.46070,8.70477,1.70477,0.00000,0.00000,0.49923,1.00000,6,6,1,0.66877,1.33548,0.00534,0.79926,1.09561,0.06730,0.74000,1.22000,0.04000,0.79000,1.09000,0.06000,-0.54181,25.93602,-0.01753,-86.92593,-0.00432,85.00432
39.20242,0.04207,23.77222,Done,EntryTipCone,140.45830,8.39755,8.71476,13.05685,13.05685,0.00000,140.45830,8.71476,1.71476,0.00000,0.00000,0.49925,1.00000,6,6,1,0.66919,1.33551,0.00457,0.79870,1.09551,0.06802,0.74000,1.22000,0.04000,0.79000,1.09000,0.06000,-0.47109,25.93998,-0.01624,-87.32996,-0.00056,85.02844
39.24737,0.01719,58.16906,Done,EntryTipCone,140.45570,8.46852,8.72317,13.05345,13.05345,0.00000,140.45570,8.72315,1.72315,0.00000,0.00000,0.49928,1.00000,6,6,1,0.66943,1.33553,0.00409,0.79833,1.09544,0.06845,0.74000,1.22000,0.04000,0.79000,1.09000,0.06000,-0.42607,25.94382,-0.01800,-87.57727,-0.01759,85.04792
39.30236,0.02879,34.73971,Done,EntryTipCone,140.45190,8.57824,8.73566,13.04756,13.04756,0.00000,140.45190,8.73566,1.73566,0.00000,0.00000,0.49933,1.00000,6,6,1,0.66973,1.33554,0.00350,0.79785,1.09533,0.06896,0.74000,1.22000,0.04000,0.79000,1.09000,0.06000,-0.37317,25.94619,-0.01636,-87.88094,-0.01198,85.07961
39.35965,0.02842,35.18925,Done,EntryTipCone,140.44720,8.71637,8.75037,13.03906,13.03906,0.00000,140.44720,8.75037,1.75037,0.00000,0.00000,0.49937,1.00000,6,6,1,0.67003,1.33556,0.00289,0.79732,1.09521,0.06945,0.74000,1.22000,0.04000,0.79000,1.09000,0.06000,-0.32003,25.94936,-0.01631,-88.18939,0.00043,85.11845
39.40192,0.04227,23.65847,Done,EntryTipCone,140.44370,8.83445,8.76226,13.03151,13.03151,0.00000,140.44370,8.76226,1.76226,0.00000,0.00000,0.49941,1.00000,6,6,1,0.67024,1.33556,0.00245,0.79691,1.09511,0.06979,0.74000,1.22000,0.04000,0.79000,1.09000,0.06000,-0.27925,25.95284,-0.01837,-88.41254,-0.01617,85.15064
39.43193,0.03001,33.32383,Done,EntryTipCone,140.44000,8.92494,8.77075,13.02495,13.02495,0.00000,140.44000,8.77075,1.77075,0.00000,0.00000,0.49944,1.00000,6,6,1,0.67038,1.33557,0.00215,0.79662,1.09504,0.07002,0.74000,1.22000,0.04000,0.79000,1.09000,0.06000,-0.25289,25.95459,-0.01866,-88.56626,-0.00861,85.17591
39.46935,0.03742,26.72034,Done,EntryTipCone,140.43560,9.04822,8.78161,13.01542,13.01542,0.00000,140.43560,8.78161,1.78161,0.00000,0.00000,0.49948,1.00000,6,6,1,0.67054,1.33557,0.00177,0.79625,1.09494,0.07030,0.74000,1.22000,0.04000,0.79000,1.09000,0.06000,-0.22065,25.95376,-0.01379,-88.75631,0.00464,85.21252
39.53728,0.06792,14.72272,Done,EntryTipCone,140.42780,9.29771,8.80109,12.99439,12.99439,0.00000,140.42780,8.80109,1.80109,0.00000,0.00000,0.49957,1.00000,6,6,1,0.67084,1.33557,0.00110,0.79554,1.09474,0.07075,0.74000,1.22000,0.04000,0.79000,1.09000,0.06000,-0.16038,25.96105,-0.02073,-89.09018,-0.01185,85.27914
39.58688,0.04960,20.16010,Done,EntryTipCone,140.42000,9.49647,8.81383,12.97440,12.97440,0.00000,140.42000,8.81383,1.81383,0.00000,0.00000,0.49965,1.00000,6,6,1,0.67103,1.33557,0.00063,0.79502,1.09460,0.07105,0.74000,1.22000,0.04000,0.79000,1.09000,0.06000,-0.12038,25.95550,-0.00655,-89.31973,-0.00749,85.34093
39.63676,0.04988,20.04961,Done,EntryTipCone,140.41270,9.71319,8.82539,12.95094,12.95094,0.00000,140.41270,8.82539,1.82539,0.00000,0.00000,0.49973,1.00000,6,6,1,0.67120,1.33556,0.00017,0.79449,1.09444,0.07131,0.74000,1.22000,0.04000,0.79000,1.09000,0.06000,-0.08047,25.96294,-0.01555,-89.54222,-0.01557,85.39748
39.67269,0.03593,27.82905,Done,EntryTipCone,140.40650,9.87754,8.83238,12.93126,12.93126,0.00000,140.40650,8.83238,1.83238,0.00000,0.00000,0.49979,1.00000,6,6,1,0.67132,1.33556,-0.00014,0.79410,1.09432,0.07148,0.74000,1.22000,0.04000,0.79000,1.09000,0.06000,-0.05316,25.96417,-0.01469,-89.69479,-0.02045,85.44374
39.71524,0.04255,23.49950,Done,EntryTipCone,140.39920,10.08378,8.83896,12.90463,12.90463,0.00000,140.39920,8.83891,1.83891,0.00000,0.00000,0.49987,1.00000,6,6,1,0.67145,1.33555,-0.00051,0.79363,1.09417,0.07166,0.74000,1.22000,0.04000,0.79000,1.09000,0.06000,-0.02258,25.96641,-0.01508,-89.87010,-0.01720,85.50117
39.77234,0.02923,34.21706,Done,EntryTipCone,140.38860,10.37411,8.84413,12.86318,12.86318,0.00000,140.38860,8.84413,1.84413,0.00000,0.00000,0.49998,1.00000,6,6,1,0.67160,1.33554,-0.00098,0.79300,1.09396,0.07186,0.74000,1.22000,0.04000,0.79000,1.09000,0.06000,0.01635,25.96922,-0.01515,-90.09001,-0.01942,85.58223
39.81197,0.03963,25.23155,Done,EntryTipCone,140.38090,10.58762,8.84505,12.83001,12.83001,0.00000,140.38090,8.84505,1.84505,0.00000,0.00000,0.50008,1.00000,6,6,1,0.67169,1.33553,-0.00129,0.79255,1.09382,0.07198,0.74000,1.22000,0.04000,0.79000,1.09000,0.06000,0.04082,25.96872,-0.01077,-90.23551,-0.00611,85.64377
39.87099,0.02954,33.84846,Done,EntryTipCone,140.36850,10.91713,8.84143,12.77362,12.77362,0.00000,140.36850,8.84143,1.84143,0.00000,0.00000,0.50020,1.00000,6,6,1,0.67181,1.33552,-0.00172,0.79189,1.09359,0.07211,0.74000,1.22000,0.04000,0.79000,1.09000,0.06000,0.07718,25.97160,-0.01052,-90.43417,-0.02102,85.73595
39.91119,0.04020,24.87459,Done,EntryTipCone,140.36070,11.15248,8.83518,12.73002,12.73002,0.00000,140.36070,8.83518,1.83518,0.00000,0.00000,0.50029,1.00000,6,6,1,0.67187,1.33551,-0.00200,0.79144,1.09343,0.07218,0.74000,1.22000,0.04000,0.79000,1.09000,0.06000,0.09915,25.97495,-0.01276,-90.56026,-0.01798,85.80070
39.96811,0.02915,34.30655,Done,EntryTipCone,140.34720,11.49403,8.82040,12.66076,12.66076,0.00000,140.34720,8.82040,1.82040,0.00000,0.00000,0.50044,1.00000,6,6,1,0.67194,1.33550,-0.00237,0.79080,1.09320,0.07222,0.74000,1.22000,0.04000,0.79000,1.09000,0.06000,0.12780,25.97347,-0.00448,-90.72146,-0.02049,85.89989
40.03873,0.04123,24.25413,Done,EntryTipCone,140.33080,11.93734,8.79149,12.56125,12.56125,0.00000,140.33080,8.79149,1.79149,0.00000,0.00000,0.50063,1.00000,6,6,1,0.67199,1.33549,-0.00279,0.79001,1.09291,0.07222,0.74000,1.22000,0.04000,0.79000,1.09000,0.06000,0.15892,25.97992,-0.00852,-90.89713,-0.02184,86.02223
40.09940,0.03124,32.00763,Done,EntryTipCone,140.31580,12.32822,8.75684,12.46408,12.46408,0.00000,140.31580,8.75684,1.75684,0.00000,0.00000,0.50080,1.00000,6,6,1,0.67201,1.33548,-0.00310,0.78935,1.09265,0.07216,0.74000,1.22000,0.04000,0.79000,1.09000,0.06000,0.18086,25.98269,-0.00661,-91.02366,-0.01720,86.13263
40.13977,0.04037,24.77221,Done,EntryTipCone,140.30550,12.59570,8.72805,12.39265,12.39265,0.00000,140.30550,8.72805,1.72805,0.00000,0.00000,0.50092,1.00000,6,6,1,0.67200,1.33547,-0.00329,0.78891,1.09247,0.07209,0.74000,1.22000,0.04000,0.79000,1.09000,0.06000,0.19429,25.98944,-0.01381,-91.09580,-0.02507,86.20451
40.21442,0.04619,21.65100,Done,EntryTipCone,140.28670,13.09864,8.66291,12.24635,12.24635,0.00000,140.28670,8.66291,1.66291,0.00000,0.00000,0.50116,1.00000,6,6,1,0.67195,1.33547,-0.00359,0.78813,1.09215,0.07191,0.74000,1.22000,0.04000,0.79000,1.09000,0.06000,0.21297,25.99404,-0.01259,-91.20293,-0.02170,86.34611
40.27217,0.02895,34.54282,Done,EntryTipCone,140.27040,13.49106,8.60147,12.12109,12.12109,0.00000,140.27040,8.60149,1.60149,0.00000,0.00000,0.50135,1.00000,6,6,1,0.67188,1.33547,-0.00377,0.78754,1.09190,0.07172,0.74000,1.22000,0.04000,0.79000,1.09000,0.06000,0.22319,25.99595,-0.00811,-91.26103,-0.02086,86.45843
40.31535,0.04317,23.16265,Done,EntryTipCone,140.25910,13.79079,8.54831,12.01896,12.01896,0.00000,140.25910,8.54831,1.54831,0.00000,0.00000,0.50150,1.00000,6,6,1,0.67181,1.33547,-0.00389,0.78710,1.09171,0.07154,0.74000,1.22000,0.04000,0.79000,1.09000,0.06000,0.22884,25.99908,-0.00756,-91.29096,-0.02491,86.54289
40.37334,0.02940,34.00943,Done,EntryTipCone,140.24310,14.19076,8.46891,11.87319,11.87319,0.00000,140.24310,8.46886,1.46886,0.00000,0.00000,0.50169,1.00000,6,6,1,0.67170,1.33547,-0.00401,0.78655,1.09146,0.07127,0.74000,1.22000,0.04000,0.79000,1.09000,0.06000,0.23322,26.00836,-0.01548,-91.31231,-0.03146,86.65206
40.41602,0.04267,23.43508,Done,EntryTipCone,140.23160,14.48901,8.40319,11.75758,11.75758,0.00000,140.23160,8.40319,1.40319,0.00000,0.00000,0.50184,1.00000,6,6,1,0.67160,1.33548,-0.00408,0.78615,1.09127,0.07104,0.74000,1.22000,0.04000,0.79000,1.09000,0.06000,0.23338,26.01106,-0.01367,-91.31467,-0.02793,86.73680
40.44748,0.03147,31.78057,Done,EntryTipCone,140.22230,14.70605,8.35158,11.66926,11.66926,0.00000,140.22230,8.35160,1.35160,0.00000,0.00000,0.50196,1.00000,6,6,1,0.67152,1.33548,-0.00411,0.78587,1.09113,0.07085,0.74000,1.22000,0.04000,0.79000,1.09000,0.06000,0.23372,26.01387,-0.01370,-91.30833,-0.04505,86.79797
40.49486,0.04738,21.10799,Done,EntryTipCone,140.20880,15.03597,8.26722,11.52883,11.52883,0.00000,140.20880,8.26722,1.26722,0.00000,0.00000,0.50213,1.00000,6,6,1,0.67138,1.33549,-0.00414,0.78545,1.09093,0.07055,0.74000,1.22000,0.04000,0.79000,1.09000,0.06000,0.22811,26.02067,-0.01789,-91.28752,-0.02220,86.88924
40.54036,0.04550,21.97657,Done,EntryTipCone,140.19590,15.34916,8.18031,11.38772,11.38772,0.00000,140.19590,8.18031,1.18031,0.00000,0.00000,0.50231,1.00000,6,6,1,0.67124,1.33550,-0.00414,0.78507,1.09074,0.07024,0.74000,1.22000,0.04000,0.79000,1.09000,0.06000,0.22260,26.01738,-0.00442,-91.25381,-0.02744,86.98349
40.58311,0.04276,23.38899,Done,EntryTipCone,140.18320,15.64078,8.09323,11.24966,11.24966,0.00000,140.18320,8.09325,1.09325,0.00000,0.00000,0.50247,1.00000,6,6,1,0.67108,1.33551,-0.00412,0.78473,1.09056,0.06992,0.74000,1.22000,0.04000,0.79000,1.09000,0.06000,0.21478,26.02155,-0.00444,-91.21045,-0.02566,87.06590
40.62691,0.04380,22.83202,Done,EntryTipCone,140.17140,15.93727,7.99846,11.10237,11.10237,0.00000,140.17140,7.99846,0.99846,0.00000,0.00000,0.50262,1.00000,6,6,1,0.67092,1.33552,-0.00408,0.78440,1.09038,0.06958,0.74000,1.22000,0.04000,0.79000,1.09000,0.06000,0.20524,26.02926,-0.01058,-91.15410,-0.03071,87.14690
40.67035,0.04343,23.02580,Done,EntryTipCone,140.15840,16.22712,7.89946,10.95115,10.95115,0.00000,140.15840,7.89943,0.89943,0.00000,0.00000,0.50280,1.00000,6,6,1,0.67074,1.33554,-0.00401,0.78409,1.09021,0.06922,0.74000,1.22000,0.04000,0.79000,1.09000,0.06000,0.19291,26.02962,-0.00346,-91.08685,-0.02562,87.23205
40.71314,0.04279,23.36779,Done,EntryTipCone,140.14730,16.50825,7.79717,10.79743,10.79743,0.00000,140.14730,7.79717,0.79717,0.00000,0.00000,0.50295,1.00000,6,6,1,0.67055,1.33555,-0.00393,0.78380,1.09004,0.06884,0.74000,1.22000,0.04000,0.79000,1.09000,0.06000,0.17895,26.03455,-0.00471,-91.00930,-0.02284,87.31099
40.75742,0.04429,22.58019,Done,EntryTipCone,140.13430,16.79465,7.68620,10.63342,10.63342,0.00000,140.13430,7.68620,0.68620,0.00000,0.00000,0.50312,1.00000,6,6,1,0.67035,1.33557,-0.00381,0.78353,1.08987,0.06843,0.74000,1.22000,0.04000,0.79000,1.09000,0.06000,0.16198,26.03844,-0.00365,-90.91703,-0.01585,87.39252
40.80317,0.04574,21.86204,Done,EntryTipCone,140.12230,17.08372,7.56738,10.45989,10.45989,0.00000,140.12230,7.56738,0.56738,0.00000,0.00000,0.50329,1.00000,6,6,1,0.67012,1.33559,-0.00367,0.78326,1.08970,0.06799,0.74000,1.22000,0.04000,0.79000,1.09000,0.06000,0.14356,26.04747,-0.01168,-90.81017,-0.02221,87.47086
40.86544,0.06227,16.05876,Done,EntryTipCone,140.10510,17.46755,7.39823,10.21683,10.21683,0.00000,140.10510,7.39823,0.39823,0.00000,0.00000,0.50352,1.00000,6,6,1,0.66980,1.33562,-0.00345,0.78294,1.08947,0.06736,0.74000,1.22000,0.04000,0.79000,1.09000,0.06000,0.11476,26.05623,-0.01633,-90.64482,-0.02880,87.57755
40.91608,0.05064,19.74592,Done,EntryTipCone,140.09220,17.76601,7.25685,10.01636,10.01636,0.00000,140.09220,7.25685,0.25685,0.00000,0.00000,0.50370,1.00000,6,6,1,0.66952,1.33564,-0.00323,0.78271,1.08930,0.06683,0.74000,1.22000,0.04000,0.79000,1.09000,0.06000,0.08758,26.05181,0.00009,-90.49521,-0.02198,87.66930
40.96030,0.04422,22.61251,Done,EntryTipCone,140.08050,18.01783,7.13047,9.83922,9.83922,0.00000,140.08050,7.13047,0.13047,0.00000,0.00000,0.50386,1.00000,6,6,1,0.66927,1.33565,-0.00302,0.78253,1.08916,0.06635,0.74000,1.22000,0.04000,0.79000,1.09000,0.06000,0.06092,26.05745,-0.00261,-90.35326,-0.00517,87.73956
41.00341,0.04311,23.19906,Done,EntryTipCone,140.06950,18.25531,7.00566,9.66567,9.66567,0.00000,140.06950,7.00566,0.00566,0.00000,0.00000,0.50402,1.00000,6,6,1,0.66902,1.33567,-0.00279,0.78239,1.08903,0.06587,0.74000,1.22000,0.04000,0.79000,1.09000,0.06000,0.03639,26.06670,-0.01221,-90.20574,-0.02571,87.80268
41.06717,0.06376,15.68383,Done,EntryTipCone,140.05490,18.59203,6.81742,9.40691,9.40691,0.00000,140.05490,6.81739,0.00000,0.00000,0.00000,0.50422,1.00000,6,6,1,0.66863,1.33570,-0.00241,0.78221,1.08884,0.06514,0.74000,1.22000,0.04000,0.79000,1.09000,0.06000,-0.00582,26.06957,-0.00779,-89.96842,-0.02636,87.90005
41.11005,0.04288,23.32096,Done,EntryTipCone,140.04490,18.80316,6.69255,9.23662,9.23662,0.00000,140.04490,6.69258,0.00000,0.00000,0.00000,0.50436,1.00000,6,6,1,0.66836,1.33571,-0.00214,0.78211,1.08873,0.06464,0.74000,1.22000,0.04000,0.79000,1.09000,0.06000,-0.03753,26.06657,0.00346,-89.80066,-0.00401,87.96488
41.15394,0.04389,22.78473,Done,EntryTipCone,140.03570,19.01055,6.56399,9.06240,9.06240,0.00000,140.03570,6.56399,0.00000,0.00000,0.00000,0.50450,1.00000,6,6,1,0.66808,1.33573,-0.00184,0.78204,1.08862,0.06411,0.74000,1.22000,0.04000,0.79000,1.09000,0.06000,-0.06764,26.07501,-0.00592,-89.61836,-0.03385,88.01955
41.18425,0.03031,32.98998,Done,EntryTipCone,140.02970,19.14614,6.47735,8.94557,8.94557,0.00000,140.02970,6.47735,0.00000,0.00000,0.00000,0.50457,1.00000,6,6,1,0.66789,1.33574,-0.00163,0.78201,1.08855,0.06375,0.74000,1.22000,0.04000,0.79000,1.09000,0.06000,-0.09282,26.07296,0.00123,-89.48990,-0.00515,88.06107
41.22886,0.04460,22.41960,Done,EntryTipCone,140.01970,19.33856,6.34959,8.77455,8.77455,0.00000,140.01970,6.34953,0.00000,0.00000,0.00000,0.50474,1.00000,6,6,1,0.66759,1.33575,-0.00130,0.78198,1.08845,0.06321,0.74000,1.22000,0.04000,0.79000,1.09000,0.06000,-0.12684,26.07800,-0.00275,-89.29034,-0.02466,88.11388
41.27222,0.04336,23.06182,Done,EntryTipCone,140.01230,19.51260,6.22917,8.61453,8.61453,0.00000,140.01230,6.22917,0.00000,0.00000,0.00000,0.50483,1.00000,6,6,1,0.66730,1.33576,-0.00095,0.78198,1.08837,0.06267,0.74000,1.22000,0.04000,0.79000,1.09000,0.06000,-0.16268,26.08213,-0.00607,-89.09002,-0.02369,88.16167
41.31202,0.03980,25.12388,Done,EntryTipCone,140.00510,19.66140,6.12266,8.47325,8.47325,0.00000,140.00510,6.12263,0.00000,0.00000,0.00000,0.50493,1.00000,6,6,1,0.66703,1.33576,-0.00063,0.78199,1.08830,0.06218,0.74000,1.22000,0.04000,0.79000,1.09000,0.06000,-0.19633,26.08152,-0.00174,-88.90087,-0.02488,88.20564
41.38287,0.04287,23.32711,Done,EntryTipCone,139.99380,19.90027,5.94363,8.23735,8.23735,0.00000,139.99380,5.94363,0.00000,0.00000,0.00000,0.50509,1.00000,6,6,1,0.66655,1.33577,-0.00002,0.78207,1.08819,0.06130,0.74000,1.22000,0.04000,0.79000,1.09000,0.06000,-0.25945,26.08876,-0.01027,-88.55054,-0.01756,88.26948
41.42411,0.04124,24.24776,Done,EntryTipCone,139.98790,20.02340,5.84781,8.11171,8.11171,0.00000,139.98790,5.84774,0.00000,0.00000,0.00000,0.50517,1.00000,6,6,1,0.66628,1.33577,0.00035,0.78214,1.08814,0.06078,0.74000,1.22000,0.04000,0.79000,1.09000,0.06000,-0.29586,26.07744,0.01156,-88.34063,-0.03030,88.31371
41.46514,0.04103,24.37358,Done,EntryTipCone,139.98290,20.13395,5.75912,7.99607,7.99607,0.00000,139.98290,5.75912,0.00000,0.00000,0.00000,0.50525,1.00000,6,6,1,0.66600,1.33577,0.00074,0.78224,1.08809,0.06027,0.74000,1.22000,0.04000,0.79000,1.09000,0.06000,-0.33466,26.08495,-0.00084,-88.12676,-0.02261,88.33939
41.53545,0.04098,24.40273,Done,EntryTipCone,139.97470,20.29477,5.62615,7.82286,7.82286,0.00000,139.97470,5.62612,0.00000,0.00000,0.00000,0.50537,1.00000,6,6,1,0.66552,1.33575,0.00141,0.78245,1.08804,0.05940,0.74000,1.22000,0.04000,0.79000,1.09000,0.06000,-0.40283,26.08440,0.00011,-87.75163,-0.00732,88.38493
41.57726,0.04181,23.91927,Done,EntryTipCone,139.97090,20.37315,5.55936,7.73634,7.73634,0.00000,139.97090,5.55936,0.00000,0.00000,0.00000,0.50542,1.00000,6,6,1,0.66524,1.33574,0.00183,0.78261,1.08802,0.05889,0.74000,1.22000,0.04000,0.79000,1.09000,0.06000,-0.44440,26.08189,0.00351,-87.52282,0.00090,88.40828
41.60843,0.03118,32.07183,Done,EntryTipCone,139.96850,20.42255,5.51690,7.68107,7.68107,0.00000,139.96850,5.51690,0.00000,0.00000,0.00000,0.50547,1.00000,6,6,1,0.66503,1.33573,0.00214,0.78273,1.08801,0.05852,0.74000,1.22000,0.04000,0.79000,1.09000,0.06000,-0.47347,26.08322,0.00003,-87.35368,-0.01175,88.42048
41.64934,0.04091,24.44435,Done,EntryTipCone,139.96590,20.47696,5.46956,7.61958,7.61958,0.00000,139.96590,5.46952,0.00000,0.00000,0.00000,0.50550,1.00000,6,6,1,0.66476,1.33572,0.00257,0.78292,1.08800,0.05802,0.74000,1.22000,0.04000,0.79000,1.09000,0.06000,-0.51455,26.08328,-0.00242,-87.12495,-0.00895,88.43440
41.69076,0.04142,24.14539,Done,EntryTipCone,139.96350,20.51896,5.43300,7.57263,7.57263,0.00000,139.96350,5.43300,0.00000,0.00000,0.00000,0.50553,1.00000,6,6,1,0.66449,1.33570,0.00300,0.78312,1.08801,0.05753,0.74000,1.22000,0.04000,0.79000,1.09000,0.06000,-0.55652,26.08343,-0.00580,-86.89317,-0.00082,88.44432
41.76189,0.04133,24.19576,Done,EntryTipCone,139.96050,20.55930,5.39801,7.52645,7.52645,0.00000,139.96050,5.39801,0.00000,0.00000,0.00000,0.50557,1.00000,6,6,1,0.66403,1.33566,0.00375,0.78352,1.08803,0.05671,0.74000,1.22000,0.04000,0.79000,1.09000,0.06000,-0.62696,26.07586,0.00076,-86.49329,-0.01063,88.45779
41.80333,0.04144,24.12898,Done,EntryTipCone,139.96120,20.56509,5.39405,7.52064,7.52064,0.00000,139.96120,5.39405,0.00000,0.00000,0.00000,0.50555,1.00000,6,6,1,0.66377,1.33563,0.00420,0.78378,1.08806,0.05624,0.74000,1.22000,0.04000,0.79000,1.09000,0.06000,-0.66931,26.06937,0.00695,-86.25861,-0.00402,88.46140
41.84515,0.04182,23.91475,Done,EntryTipCone,139.96150,20.55703,5.40244,7.53056,7.53056,0.00000,139.96150,5.40240,0.00000,0.00000,0.00000,0.50556,1.00000,6,6,1,0.66352,1.33559,0.00465,0.78406,1.08810,0.05578,0.74000,1.22000,0.04000,0.79000,1.09000,0.06000,-0.71040,26.07069,-0.00128,-86.02335,-0.01281,88.45485
41.91412,0.04064,24.60621,Done,EntryTipCone,139.96260,20.51437,5.44313,7.58201,7.58201,0.00000,139.96260,5.44313,0.00000,0.00000,0.00000,0.50554,1.00000,6,6,1,0.66311,1.33554,0.00540,0.78456,1.08818,0.05505,0.74000,1.22000,0.04000,0.79000,1.09000,0.06000,-0.78086,26.05678,0.01180,-85.63487,0.00389,88.44729
41.95447,0.04035,24.78250,Done,EntryTipCone,139.96520,20.47243,5.48201,7.63118,7.63118,0.00000,139.96520,5.48201,0.00000,0.00000,0.00000,0.50549,1.00000,6,6,1,0.66289,1.33550,0.00584,0.78487,1.08823,0.05464,0.74000,1.22000,0.04000,0.79000,1.09000,0.06000,-0.82026,26.06017,-0.00187,-85.40963,-0.00364,88.42859
41.98462,0.03015,33.17145,Done,EntryTipCone,139.96800,20.43316,5.51754,7.67628,7.67628,0.00000,139.96800,5.51754,0.00000,0.00000,0.00000,0.50547,1.00000,6,6,1,0.66272,1.33546,0.00616,0.78511,1.08828,0.05434,0.74000,1.22000,0.04000,0.79000,1.09000,0.06000,-0.84840,26.05807,-0.00412,-85.24447,-0.01749,88.41583
42.02598,0.04136,24.17658,Done,EntryTipCone,139.96980,20.36715,5.57629,7.75145,7.75145,0.00000,139.96980,5.57629,0.00000,0.00000,0.00000,0.50542,1.00000,6,6,1,0.66250,1.33542,0.00661,0.78545,1.08835,0.05394,0.74000,1.22000,0.04000,0.79000,1.09000,0.06000,-0.89051,26.04543,0.00920,-85.01578,0.00185,88.40216
42.06902,0.04304,23.23424,Done,EntryTipCone,139.97370,20.28515,5.64775,7.84295,7.84295,0.00000,139.97370,5.64775,0.00000,0.00000,0.00000,0.50536,1.00000,6,6,1,0.66228,1.33537,0.00707,0.78583,1.08844,0.05355,0.74000,1.22000,0.04000,0.79000,1.09000,0.06000,-0.93178,26.04637,-0.00250,-84.78223,0.00077,88.37287
42.14029,0.04175,23.95336,Done,EntryTipCone,139.98030,20.11946,5.78757,8.02367,8.02367,0.00000,139.98030,5.78757,0.00000,0.00000,0.00000,0.50526,1.00000,6,6,1,0.66194,1.33529,0.00783,0.78648,1.08860,0.05293,0.74000,1.22000,0.04000,0.79000,1.09000,0.06000,-0.99858,26.03717,-0.00392,-84.40277,-0.00418,88.32376
42.18391,0.04361,22.92802,Done,EntryTipCone,139.98580,19.99965,5.88483,8.14961,8.14961,0.00000,139.98580,5.88483,0.00000,0.00000,0.00000,0.50518,1.00000,6,6,1,0.66174,1.33523,0.00829,0.78689,1.08870,0.05258,0.74000,1.22000,0.04000,0.79000,1.09000,0.06000,-1.03905,26.02530,0.00534,-84.17649,0.00205,88.29283
42.22885,0.04494,22.25054,Done,EntryTipCone,139.99230,19.86217,5.99257,8.28988,8.28988,0.00000,139.99230,5.99260,0.00000,0.00000,0.00000,0.50509,1.00000,6,6,1,0.66155,1.33517,0.00875,0.78733,1.08882,0.05224,0.74000,1.22000,0.04000,0.79000,1.09000,0.06000,-1.07896,26.02034,0.00155,-83.94962,0.00148,88.25113
42.29411,0.06526,15.32281,Done,EntryTipCone,140.00280,19.63668,6.16214,8.51276,8.51276,0.00000,140.00280,6.16214,0.00000,0.00000,0.00000,0.50494,1.00000,6,6,1,0.66129,1.33508,0.00941,0.78799,1.08901,0.05179,0.74000,1.22000,0.04000,0.79000,1.09000,0.06000,-1.13500,26.01659,-0.01093,-83.62807,-0.00553,88.18022
42.33894,0.04483,22.30709,Done,EntryTipCone,140.01120,19.46753,6.28319,8.67235,8.67235,0.00000,140.01120,6.28319,0.00000,0.00000,0.00000,0.50482,1.00000,6,6,1,0.66114,1.33502,0.00984,0.78846,1.08915,0.05151,0.74000,1.22000,0.04000,0.79000,1.09000,0.06000,-1.17261,26.00704,-0.00772,-83.41902,0.00579,88.13257
42.38394,0.04500,22.22128,Done,EntryTipCone,140.01870,19.28355,6.40983,8.84095,8.84095,0.00000,140.01870,6.40983,0.00000,0.00000,0.00000,0.50472,1.00000,6,6,1,0.66099,1.33496,0.01027,0.78893,1.08929,0.05125,0.74000,1.22000,0.04000,0.79000,1.09000,0.06000,-1.20794,25.99320,0.00316,-83.21456,-0.00066,88.08419
42.42508,0.04113,24.31236,Done,EntryTipCone,140.02680,19.10476,6.52796,8.99897,8.99897,0.00000,140.02680,6.52796,0.00000,0.00000,0.00000,0.50459,1.00000,6,6,1,0.66087,1.33490,0.01065,0.78937,1.08943,0.05104,0.74000,1.22000,0.04000,0.79000,1.09000,0.06000,-1.24000,25.98977,-0.00382,-83.03482,0.00679,88.02948
42.47007,0.04500,22.22443,Done,EntryTipCone,140.03700,18.89690,6.65968,9.17609,9.17609,0.00000,140.03700,6.65968,0.00000,0.00000,0.00000,0.50444,1.00000,6,6,1,0.66075,1.33484,0.01105,0.78986,1.08959,0.05083,0.74000,1.22000,0.04000,0.79000,1.09000,0.06000,-1.27267,25.98372,-0.00738,-82.84531,0.00125,87.96796
42.51439,0.04432,22.56236,Done,EntryTipCone,140.04640,18.68140,6.79024,9.35322,9.35322,0.00000,140.04640,6.79024,0.00000,0.00000,0.00000,0.50431,1.00000,6,6,1,0.66064,1.33478,0.01143,0.79035,1.08975,0.05066,0.74000,1.22000,0.04000,0.79000,1.09000,0.06000,-1.30534,25.97363,-0.00405,-82.66739,0.02116,87.90733
42.58799,0.04389,22.78296,Done,EntryTipCone,140.06340,18.30026,7.00690,9.65021,9.65021,0.00000,140.06340,7.00692,0.00692,0.00000,0.00000,0.50407,1.00000,6,6,1,0.66049,1.33468,0.01203,0.79116,1.09003,0.05042,0.74000,1.22000,0.04000,0.79000,1.09000,0.06000,-1.35354,25.95999,-0.00342,-82.39231,0.02539,87.79807
42.63036,0.04237,23.60028,Done,EntryTipCone,140.07340,18.06845,7.12998,9.82085,9.82085,0.00000,140.07340,7.12998,0.12998,0.00000,0.00000,0.50393,1.00000,6,6,1,0.66043,1.33463,0.01236,0.79164,1.09020,0.05032,0.74000,1.22000,0.04000,0.79000,1.09000,0.06000,-1.37797,25.95098,-0.00055,-82.24671,0.01604,87.73286
42.67315,0.04279,23.36854,Done,EntryTipCone,140.08480,17.82566,7.25301,9.99267,9.99267,0.00000,140.08480,7.25301,0.25301,0.00000,0.00000,0.50376,1.00000,6,6,1,0.66037,1.33457,0.01267,0.79212,1.09037,0.05024,0.74000,1.22000,0.04000,0.79000,1.09000,0.06000,-1.40046,25.94810,-0.00848,-82.10816,-0.00174,87.65987
42.71619,0.04304,23.23237,Done,EntryTipCone,140.09570,17.57381,7.37427,10.16413,10.16413,0.00000,140.09570,7.37427,0.37427,0.00000,0.00000,0.50362,1.00000,6,6,1,0.66033,1.33452,0.01296,0.79260,1.09055,0.05019,0.74000,1.22000,0.04000,0.79000,1.09000,0.06000,-1.42416,25.93625,-0.00099,-81.97873,0.01511,87.59099
42.76147,0.04528,22.08614,Done,EntryTipCone,140.10730,17.30016,7.49892,10.34218,10.34218,0.00000,140.10730,7.49892,0.49892,0.00000,0.00000,0.50346,1.00000,6,6,1,0.66030,1.33447,0.01326,0.79310,1.09074,0.05016,0.74000,1.22000,0.04000,0.79000,1.09000,0.06000,-1.44483,25.93032,-0.00375,-81.85332,0.00443,87.51163
42.80288,0.04141,24.14861,Done,EntryTipCone,140.11880,17.04440,7.60914,10.50135,10.50135,0.00000,140.11880,7.60914,0.60914,0.00000,0.00000,0.50330,1.00000,6,6,1,0.66029,1.33443,0.01350,0.79356,1.09092,0.05016,0.74000,1.22000,0.04000,0.79000,1.09000,0.06000,-1.46276,25.92501,-0.00638,-81.74906,0.00546,87.43744
42.84636,0.04347,23.00270,Done,EntryTipCone,140.13040,16.76853,7.72161,10.66579,10.66579,0.00000,140.13040,7.72161,0.72161,0.00000,0.00000,0.50313,1.00000,6,6,1,0.66029,1.33439,0.01375,0.79403,1.09111,0.05019,0.74000,1.22000,0.04000,0.79000,1.09000,0.06000,-1.47985,25.91613,-0.00285,-81.64973,0.00724,87.36037
42.87732,0.03096,32.29647,Done,EntryTipCone,140.13930,16.57030,7.79845,10.77933,10.77933,0.00000,140.13930,7.79845,0.79845,0.00000,0.00000,0.50302,1.00000,6,6,1,0.66029,1.33436,0.01391,0.79437,1.09124,0.05022,0.74000,1.22000,0.04000,0.79000,1.09000,0.06000,-1.49112,25.91255,-0.00504,-81.58595,0.01206,87.30294
42.91932,0.04200,23.80743,Done,EntryTipCone,140.15070,16.29381,7.90008,10.93187,10.93187,0.00000,140.15070,7.90008,0.90008,0.00000,0.00000,0.50287,1.00000,6,6,1,0.66032,1.33432,0.01411,0.79482,1.09143,0.05029,0.74000,1.22000,0.04000,0.79000,1.09000,0.06000,-1.50418,25.91299,-0.01678,-81.50821,0.01147,87.21928
42.96648,0.04715,21.20778,Done,EntryTipCone,140.16400,15.97922,8.00822,11.09678,11.09678,0.00000,140.16400,8.00822,1.00822,0.00000,0.00000,0.50267,1.00000,6,6,1,0.66035,1.33429,0.01431,0.79532,1.09164,0.05040,0.74000,1.22000,0.04000,0.79000,1.09000,0.06000,-1.51571,25.90147,-0.00771,-81.43407,0.00108,87.13390
43.01094,0.04447,22.48796,Done,EntryTipCone,140.17660,15.67947,8.10477,11.24679,11.24679,0.00000,140.17660,8.10474,1.10474,0.00000,0.00000,0.50252,1.00000,6,6,1,0.66040,1.33426,0.01448,0.79578,1.09183,0.05053,0.74000,1.22000,0.04000,0.79000,1.09000,0.06000,-1.52678,25.89454,-0.00620,-81.37627,0.01828,87.04945
43.07522,0.06428,15.55782,Done,EntryTipCone,140.19560,15.23716,8.23459,11.45422,11.45422,0.00000,140.19560,8.23457,1.23457,0.00000,0.00000,0.50228,1.00000,6,6,1,0.66050,1.33423,0.01468,0.79644,1.09212,0.05077,0.74000,1.22000,0.04000,0.79000,1.09000,0.06000,-1.53615,25.89012,-0.01204,-81.31506,0.01232,86.92174
43.12112,0.04591,21.78377,Done,EntryTipCone,140.20870,14.92292,8.31862,11.59226,11.59226,0.00000,140.20870,8.31862,1.31862,0.00000,0.00000,0.50211,1.00000,6,6,1,0.66058,1.33421,0.01479,0.79688,1.09232,0.05097,0.74000,1.22000,0.04000,0.79000,1.09000,0.06000,-1.53932,25.88628,-0.01364,-81.28728,-0.00134,86.83225
43.16568,0.04456,22.44354,Done,EntryTipCone,140.22150,14.61442,8.39473,11.72075,11.72075,0.00000,140.22150,8.39473,1.39473,0.00000,0.00000,0.50194,1.00000,6,6,1,0.66068,1.33420,0.01487,0.79731,1.09251,0.05119,0.74000,1.22000,0.04000,0.79000,1.09000,0.06000,-1.54228,25.88151,-0.01328,-81.27330,0.01122,86.74529
43.22354,0.05786,17.28421,Done,EntryTipCone,140.23770,14.21081,8.48506,11.87912,11.87912,0.00000,140.23770,8.48503,1.48503,0.00000,0.00000,0.50174,1.00000,6,6,1,0.66082,1.33420,0.01495,0.79784,1.09277,0.05151,0.74000,1.22000,0.04000,0.79000,1.09000,0.06000,-1.54081,25.87619,-0.01253,-81.27311,0.00129,86.63197
43.26916,0.04562,21.92036,Done,EntryTipCone,140.25070,13.89594,8.54797,11.99430,11.99430,0.00000,140.25070,8.54797,1.54797,0.00000,0.00000,0.50158,1.00000,6,6,1,0.66095,1.33420,0.01498,0.79824,1.09296,0.05180,0.74000,1.22000,0.04000,0.79000,1.09000,0.06000,-1.53778,25.87077,-0.00902,-81.28895,0.00483,86.54491
43.31331,0.04415,22.64812,Done,EntryTipCone,140.26280,13.59111,8.60318,12.09987,12.09987,0.00000,140.26280,8.60318,1.60318,0.00000,0.00000,0.50143,1.00000,6,6,1,0.66108,1.33420,0.01498,0.79861,1.09314,0.05210,0.74000,1.22000,0.04000,0.79000,1.09000,0.06000,-1.53307,25.86951,-0.01196,-81.31656,0.01224,86.45804
43.34385,0.03054,32.74335,Done,EntryTipCone,140.27150,13.38311,8.63777,12.16834,12.16834,0.00000,140.27150,8.63779,1.63779,0.00000,0.00000,0.50132,1.00000,6,6,1,0.66118,1.33421,0.01497,0.79885,1.09327,0.05232,0.74000,1.22000,0.04000,0.79000,1.09000,0.06000,-1.52814,25.86809,-0.01243,-81.34216,0.01041,86.39947
43.38860,0.04474,22.34912,Done,EntryTipCone,140.28340,13.07595,8.68378,12.26455,12.26455,0.00000,140.28340,8.68378,1.68378,0.00000,0.00000,0.50117,1.00000,6,6,1,0.66134,1.33422,0.01494,0.79920,1.09345,0.05266,0.74000,1.22000,0.04000,0.79000,1.09000,0.06000,-1.51811,25.86708,-0.01401,-81.39142,-0.00018,86.31280
43.43220,0.04360,22.93389,Done,EntryTipCone,140.29490,12.78171,8.72265,12.35095,12.35095,0.00000,140.29490,8.72260,1.72260,0.00000,0.00000,0.50103,1.00000,6,6,1,0.66150,1.33424,0.01488,0.79952,1.09363,0.05302,0.74000,1.22000,0.04000,0.79000,1.09000,0.06000,-1.50792,25.86502,-0.01333,-81.45177,0.00951,86.23079
43.47463,0.04243,23.56750,Done,EntryTipCone,140.30620,12.49921,8.75535,12.42936,12.42936,0.00000,140.30620,8.75535,1.75535,0.00000,0.00000,0.50091,1.00000,6,6,1,0.66167,1.33426,0.01480,0.79982,1.09379,0.05338,0.74000,1.22000,0.04000,0.79000,1.09000,0.06000,-1.49521,25.86445,-0.01421,-81.52105,0.00725,86.15154
43.53616,0.06153,16.25311,Done,EntryTipCone,140.32170,12.09474,8.79388,12.53316,12.53316,0.00000,140.32170,8.79388,1.79388,0.00000,0.00000,0.50072,1.00000,6,6,1,0.66193,1.33430,0.01464,0.80021,1.09402,0.05395,0.74000,1.22000,0.04000,0.79000,1.09000,0.06000,-1.47266,25.86485,-0.01617,-81.64233,-0.00117,86.03799
43.56693,0.03077,32.49476,Done,EntryTipCone,140.32910,11.90153,8.80913,12.57896,12.57896,0.00000,140.32910,8.80913,1.80913,0.00000,0.00000,0.50064,1.00000,6,6,1,0.66207,1.33432,0.01455,0.80039,1.09413,0.05424,0.74000,1.22000,0.04000,0.79000,1.09000,0.06000,-1.46254,25.86029,-0.00883,-81.71034,0.02199,85.98732
43.61160,0.04467,22.38813,Done,EntryTipCone,140.33990,11.61926,8.82744,12.64266,12.64266,0.00000,140.33990,8.82739,1.82739,0.00000,0.00000,0.50051,1.00000,6,6,1,0.66228,1.33436,0.01439,0.80064,1.09429,0.05468,0.74000,1.22000,0.04000,0.79000,1.09000,0.06000,-1.44170,25.86633,-0.01883,-81.82031,0.00800,85.90458
43.66782,0.05622,17.78652,Done,EntryTipCone,140.35250,11.27477,8.84367,12.71415,12.71415,0.00000,140.35250,8.84362,1.84362,0.00000,0.00000,0.50036,1.00000,6,6,1,0.66255,1.33441,0.01416,0.80092,1.09448,0.05526,0.74000,1.22000,0.04000,0.79000,1.09000,0.06000,-1.41396,25.86819,-0.02051,-81.97573,0.00707,85.80835
43.69947,0.03165,31.59369,Done,EntryTipCone,140.35980,11.09001,8.84958,12.74937,12.74937,0.00000,140.35980,8.84958,1.84958,0.00000,0.00000,0.50029,1.00000,6,6,1,0.66271,1.33444,0.01402,0.80105,1.09458,0.05560,0.74000,1.22000,0.04000,0.79000,1.09000,0.06000,-1.39806,25.86628,-0.01600,-82.06940,0.01509,85.75910
43.74243,0.04296,23.27762,Done,EntryTipCone,140.36910,10.84091,8.85457,12.79445,12.79445,0.00000,140.36910,8.85457,1.85457,0.00000,0.00000,0.50018,1.00000,6,6,1,0.66294,1.33448,0.01380,0.80123,1.09471,0.05607,0.74000,1.22000,0.04000,0.79000,1.09000,0.06000,-1.37346,25.86800,-0.01666,-82.20746,0.01348,85.68990
43.78836,0.04593,21.77268,Done,EntryTipCone,140.37900,10.58491,8.85608,12.83697,12.83697,0.00000,140.37900,8.85606,1.85606,0.00000,0.00000,0.50008,1.00000,6,6,1,0.66319,1.33453,0.01355,0.80139,1.09485,0.05658,0.74000,1.22000,0.04000,0.79000,1.09000,0.06000,-1.34545,25.86701,-0.01175,-82.36568,0.01329,85.62134
43.89895,0.11059,9.04251,Done,EntryTipCone,140.39990,10.00647,8.84620,12.92124,12.92124,0.00000,140.39990,8.84620,1.84620,0.00000,0.00000,0.49986,1.00000,6,6,1,0.66382,1.33466,0.01284,0.80166,1.09514,0.05789,0.74000,1.22000,0.04000,0.79000,1.09000,0.06000,-1.26931,25.87695,-0.01912,-82.79333,0.00573,85.45895
44.04792,0.14897,6.71293,Done,EntryTipCone,140.42430,9.34413,8.81149,12.99546,12.99546,0.00000,140.42430,8.81149,1.81149,0.00000,0.00000,0.49961,1.00000,6,6,1,0.66473,1.33485,0.01171,0.80179,1.09545,0.05971,0.74000,1.22000,0.04000,0.79000,1.09000,0.06000,-1.15327,25.88708,-0.01950,-83.45551,0.01243,85.27734
44.13984,0.09192,10.87924,Done,EntryTipCone,140.43630,9.01317,8.78441,13.02216,13.02216,0.00000,140.43630,8.78441,1.78441,0.00000,0.00000,0.49948,1.00000,6,6,1,0.66531,1.33496,0.01093,0.80173,1.09559,0.06084,0.74000,1.22000,0.04000,0.79000,1.09000,0.06000,-1.07418,25.89411,-0.01937,-83.89893,-0.00007,85.18731
44.30003,0.16020,6.24236,Done,EntryTipCone,140.45280,8.56714,8.73835,13.05227,13.05227,0.00000,140.45280,8.73835,1.73835,0.00000,0.00000,0.49933,1.00000,6,6,1,0.66635,1.33515,0.00940,0.80137,1.09575,0.06286,0.74000,1.22000,0.04000,0.79000,1.09000,0.06000,-0.92480,25.90872,-0.02197,-84.74834,-0.00055,85.06557
44.40509,0.10505,9.51895,Done,EntryTipCone,140.45890,8.38451,8.71558,13.05964,13.05964,0.00000,140.45890,8.71558,1.71558,0.00000,0.00000,0.49926,1.00000,6,6,1,0.66702,1.33526,0.00834,0.80096,1.09578,0.06413,0.74000,1.22000,0.04000,0.79000,1.09000,0.06000,-0.82379,25.91410,-0.01636,-85.32617,0.00512,85.01936
44.58519,0.18010,5.55244,Done,EntryTipCone,140.46440,8.26724,8.69976,13.06566,13.06566,0.00000,140.46440,8.69976,1.69976,0.00000,0.00000,0.49922,1.00000,6,6,1,0.66818,1.33541,0.00641,0.79996,1.09571,0.06624,0.74000,1.22000,0.04000,0.79000,1.09000,0.06000,-0.64110,25.92917,-0.01808,-86.36225,-0.00084,84.98905
44.65367,0.06848,14.60277,ApproachEntry,Double,154.79550,28.58696,7.29178,27.46645,27.46645,0.00000,154.79550,7.29178,0.29178,72.20920,0.00000,0.49921,1.00000,6,6,1,0.68026,1.32481,-0.00828,0.80970,1.08181,0.04270,0.74000,1.22000,0.04000,0.79000,1.09000,0.06000,0.37113,24.48918,1.42192,-85.47707,-1.44084,86.42905
44.87079,0.21712,4.60567,ApproachEntry,Double,154.79550,28.58696,7.29178,27.46645,27.46645,0.00000,154.79550,7.29178,0.29178,72.20920,0.00000,0.49921,1.00000,6,6,1,0.68026,1.32481,-0.00828,0.80970,1.08181,0.04270,0.74000,1.22000,0.04000,0.79000,1.09000,0.06000,0.37113,24.48918,1.42192,-85.47707,-1.44084,86.42905
45.00981,0.13902,7.19321,ApproachEntry,Double,154.79550,28.58696,7.29178,27.46645,27.46645,0.00000,154.79550,7.29178,0.29178,72.20920,0.00000,0.49921,1.00000,6,6,1,0.68026,1.32481,-0.00828,0.80970,1.08181,0.04270,0.74000,1.22000,0.04000,0.79000,1.09000,0.06000,0.37113,24.48918,1.42192,-85.47707,-1.44084,86.42905
45.13837,0.12856,7.77853,ApproachEntry,Double,154.79550,28.58696,7.29178,27.46645,27.46645,0.00000,154.79550,7.29178,0.29178,72.20920,0.00000,0.49921,1.00000,6,6,1,0.68026,1.32481,-0.00828,0.80970,1.08181,0.04270,0.74000,1.22000,0.04000,0.79000,1.09000,0.06000,0.37113,24.48918,1.42192,-85.47707,-1.44084,86.42905
45.40132,0.26295,3.80299,ApproachEntry,Double,154.79550,28.58696,7.29178,27.46645,27.46645,0.00000,154.79550,7.29178,0.29178,72.20920,0.00000,0.49921,1.00000,6,6,1,0.68026,1.32481,-0.00828,0.80970,1.08181,0.04270,0.74000,1.22000,0.04000,0.79000,1.09000,0.06000,0.37113,24.48918,1.42192,-85.47707,-1.44084,86.42905
45.65220,0.25088,3.98590,ApproachEntry,Double,154.79550,25.74894,7.29178,27.46645,27.46645,0.00000,154.79550,7.29178,0.29178,72.20920,0.00000,0.45486,1.00000,6,6,1,0.68026,1.32481,-0.00828,0.80970,1.08181,0.04270,0.74000,1.22000,0.04000,0.79000,1.09000,0.06000,0.37113,24.48918,1.42192,-85.47707,-1.44084,86.42905
45.80911,0.15691,6.37324,ApproachEntry,Double,154.79550,25.74894,7.29178,27.46645,27.46645,0.00000,154.79550,7.29178,0.29178,72.20920,0.00000,0.45486,1.00000,6,6,1,0.68026,1.32481,-0.00828,0.80970,1.08181,0.04270,0.74000,1.22000,0.04000,0.79000,1.09000,0.06000,0.37113,24.48918,1.42192,-85.47707,-1.44084,86.42905
45.99437,0.18526,5.39770,ApproachEntry,Double,154.79550,25.74894,7.29178,27.46645,27.46645,0.00000,154.79550,7.29178,0.29178,72.20920,0.00000,0.45486,1.00000,6,6,1,0.68026,1.32481,-0.00828,0.80970,1.08181,0.04270,0.74000,1.22000,0.04000,0.79000,1.09000,0.06000,0.37113,24.48918,1.42192,-85.47707,-1.44084,86.42905
46.09447,0.10010,9.99048,ApproachEntry,Double,154.79550,25.74894,7.29178,27.46645,27.46645,0.00000,154.79550,7.29178,0.29178,72.20920,0.00000,0.45486,1.00000,6,6,1,0.68026,1.32481,-0.00828,0.80970,1.08181,0.04270,0.74000,1.22000,0.04000,0.79000,1.09000,0.06000,0.37113,24.48918,1.42192,-85.47707,-1.44084,86.42905
46.14385,0.04938,20.24989,ApproachEntry,Double,154.79550,25.74894,7.29178,27.46645,27.46645,0.00000,154.79550,7.29178,0.29178,72.20920,0.00000,0.45486,1.00000,6,6,1,0.68026,1.32481,-0.00828,0.80970,1.08181,0.04270,0.74000,1.22000,0.04000,0.79000,1.09000,0.06000,0.37113,24.48918,1.42192,-85.47707,-1.44084,86.42905
46.21756,0.07371,13.56737,ApproachEntry,Double,154.79550,25.74894,7.29178,27.46645,27.46645,0.00000,154.79550,7.29178,0.29178,72.20920,0.00000,0.45486,1.00000,6,6,1,0.68026,1.32481,-0.00828,0.80970,1.08181,0.04270,0.74000,1.22000,0.04000,0.79000,1.09000,0.06000,0.37113,24.48918,1.42192,-85.47707,-1.44084,86.42905
46.29274,0.07519,13.30037,ApproachEntry,Double,154.79550,25.74894,7.29178,27.46645,27.46645,0.00000,154.79550,7.29178,0.29178,72.20920,0.00000,0.45486,1.00000,6,6,1,0.68026,1.32481,-0.00828,0.80970,1.08181,0.04270,0.74000,1.22000,0.04000,0.79000,1.09000,0.06000,0.37113,24.48918,1.42192,-85.47707,-1.44084,86.42905
46.42397,0.13122,7.62070,ApproachEntry,Double,154.79550,25.74894,7.29178,27.46645,27.46645,0.00000,154.79550,7.29178,0.29178,72.20920,0.00000,0.45486,1.00000,6,6,1,0.68026,1.32481,-0.00828,0.80970,1.08181,0.04270,0.74000,1.22000,0.04000,0.79000,1.09000,0.06000,0.37113,24.48918,1.42192,-85.47707,-1.44084,86.42905
46.50456,0.08059,12.40808,ApproachEntry,Double,154.79550,25.74894,7.29178,27.46645,27.46645,0.00000,154.79550,7.29178,0.29178,72.20920,0.00000,0.45486,1.00000,6,6,1,0.68026,1.32481,-0.00828,0.80970,1.08181,0.04270,0.74000,1.22000,0.04000,0.79000,1.09000,0.06000,0.37113,24.48918,1.42192,-85.47707,-1.44084,86.42905
46.56378,0.05922,16.88625,ApproachEntry,Double,154.79550,25.74894,7.29178,27.46645,27.46645,0.00000,154.79550,7.29178,0.29178,72.20920,0.00000,0.45486,1.00000,6,6,1,0.68026,1.32481,-0.00828,0.80970,1.08181,0.04270,0.74000,1.22000,0.04000,0.79000,1.09000,0.06000,0.37113,24.48918,1.42192,-85.47707,-1.44084,86.42905
46.62280,0.05903,16.94192,ApproachEntry,Double,154.79550,25.74894,7.29178,27.46645,27.46645,0.00000,154.79550,7.29178,0.29178,72.20920,0.00000,0.45486,1.00000,6,6,1,0.68026,1.32481,-0.00828,0.80970,1.08181,0.04270,0.74000,1.22000,0.04000,0.79000,1.09000,0.06000,0.37113,24.48918,1.42192,-85.47707,-1.44084,86.42905
46.68422,0.06141,16.28375,ApproachEntry,Double,411.09410,236.21030,65.68362,301.39810,301.39810,0.00000,411.09410,65.68362,58.68362,0.00000,0.00000,0.00000,1.00000,6,6,1,0.78578,0.99002,0.06844,1.02765,0.97989,0.20914,0.74000,1.22000,0.04000,0.79000,1.09000,0.06000,-0.08375,0.27912,1.49475,-0.50049,-3.84000,0.73176
46.77480,0.09059,11.03915,ApproachEntry,Double,414.30550,235.50340,63.95946,302.65290,302.65290,0.00000,414.30550,63.95946,56.95946,0.00000,0.00000,0.00000,1.00000,6,6,1,0.78451,0.99046,0.06814,1.02813,0.97215,0.20494,0.74000,1.22000,0.04000,0.79000,1.09000,0.06000,-0.14587,-1.36299,5.33475,-1.39758,-7.68000,1.81573
46.89684,0.12204,8.19424,ApproachEntry,Double,416.53670,234.59110,62.21661,302.77510,302.77510,0.00000,416.53670,62.21661,55.21661,0.00000,0.00000,0.00000,1.00000,6,6,1,0.78249,0.99085,0.06678,1.02841,0.96435,0.19800,0.74000,1.22000,0.04000,0.79000,1.09000,0.06000,-0.20660,-3.00592,9.17475,-1.63453,-11.52000,3.23911
46.97892,0.08208,12.18291,ApproachEntry,Double,419.13330,235.40220,60.45866,302.81410,302.81410,0.00000,419.13330,60.45866,53.45866,0.00000,0.00000,0.00000,1.00000,6,6,1,0.77924,0.98927,0.06527,1.02694,0.95447,0.19110,0.74000,1.22000,0.04000,0.79000,1.09000,0.06000,-0.30655,-4.76197,13.01475,-0.72241,-15.35999,4.33672
47.10986,0.13094,7.63695,ApproachEntry,Double,415.61820,229.93010,59.17123,298.29530,298.29530,0.00000,415.61820,59.17122,52.17122,0.00000,0.00000,0.00000,1.00000,6,6,1,0.77430,0.99394,0.06429,1.02307,0.95305,0.18611,0.74000,1.22000,0.04000,0.79000,1.09000,0.06000,-0.48344,-6.17438,16.85475,1.06565,-19.19999,4.78964
47.24090,0.13104,7.63126,ApproachEntry,Double,432.94060,250.29020,56.34489,309.06230,309.06230,0.00000,432.94060,56.34489,49.34489,0.00000,0.00000,0.00000,1.00000,6,6,1,0.76650,0.97250,0.06619,1.01306,0.91798,0.18717,0.74000,1.22000,0.04000,0.79000,1.09000,0.06000,-0.76860,-9.04340,20.69474,1.36962,-23.03999,4.79348
47.27503,0.03413,29.30089,ApproachEntry,Double,466.62930,287.77510,52.37561,335.10780,335.10780,0.00000,466.62930,52.37561,45.37561,0.00000,0.00000,0.00000,1.00000,6,6,1,0.75714,0.93394,0.06625,1.00003,0.86055,0.18465,0.74000,1.22000,0.04000,0.79000,1.09000,0.06000,-0.95851,-12.88340,24.53474,-0.44537,-26.87998,5.76970
47.31372,0.03869,25.84926,ApproachEntry,Double,501.88170,324.86030,48.36350,365.38800,365.38800,0.00000,501.88170,48.36349,41.36349,0.00000,0.00000,0.00000,1.00000,6,6,1,0.74672,0.89602,0.06288,0.98627,0.80403,0.17492,0.74000,1.22000,0.04000,0.79000,1.09000,0.06000,-1.06294,-16.72339,28.37473,-2.25075,-30.71998,7.57237
47.36133,0.04762,21.00155,ApproachEntry,Double,538.36410,361.57310,44.28580,398.99200,398.99200,0.00000,538.36410,44.28580,37.28580,0.00000,0.00000,0.00000,1.00000,6,6,1,0.73450,0.85888,0.05728,0.97044,0.74846,0.15995,0.74000,1.22000,0.04000,0.79000,1.09000,0.06000,-1.13217,-20.56339,32.21473,-4.20493,-34.55998,10.13334
47.40732,0.04598,21.74643,ApproachEntry,Double,575.80300,397.90740,40.14344,435.21600,435.21600,0.00000,575.80300,40.14344,33.14344,0.00000,0.00000,0.00000,1.00000,6,6,1,0.72000,0.82273,0.05022,0.95158,0.69406,0.14086,0.74000,1.22000,0.04000,0.79000,1.09000,0.06000,-1.19663,-24.40339,36.05473,-6.42751,-38.39997,13.46281
47.44547,0.03815,26.21483,ApproachEntry,Double,613.95530,433.81770,35.96145,473.50240,473.50240,0.00000,613.95530,35.96145,28.96145,0.00000,0.00000,0.00000,1.00000,6,6,1,0.70282,0.78779,0.04244,0.92843,0.64117,0.11993,0.74000,1.22000,0.04000,0.79000,1.09000,0.06000,-1.27110,-28.24338,39.89473,-8.98831,-42.23997,17.29305
47.49641,0.05095,19.62796,ApproachEntry,Double,634.91440,452.56450,32.70618,495.28200,495.28200,0.00000,634.91440,32.70618,25.70618,0.00000,0.00000,0.00000,1.00000,6,6,1,0.68626,0.77065,0.03627,0.90584,0.61041,0.10339,0.74000,1.22000,0.04000,0.79000,1.09000,0.06000,-1.32953,-31.07850,43.73472,-11.91358,-46.07997,21.13305
47.60476,0.10834,9.22982,ApproachEntry,Double,613.79500,431.94760,31.68122,474.47480,474.47480,0.00000,613.79500,31.68122,24.68122,0.00000,0.00000,0.00000,1.00000,6,6,1,0.67554,0.79293,0.03421,0.89345,0.62835,0.09608,0.74000,1.22000,0.04000,0.79000,1.09000,0.06000,-1.34869,-31.51961,47.57472,-15.09085,-49.91996,24.97305
47.71611,0.11135,8.98076,ApproachEntry,Double,550.87360,374.08920,32.85943,411.07080,411.07080,0.00000,550.87360,32.85943,25.85943,0.00000,0.00000,0.00000,1.00000,6,6,1,0.66854,0.85284,0.03439,0.88995,0.69289,0.09599,0.74000,1.22000,0.04000,0.79000,1.09000,0.06000,-1.31965,-29.59402,51.41471,-18.40807,-53.75996,28.81304
47.77758,0.06147,16.26738,ApproachEntry,Double,456.97100,292.16760,35.74225,316.41520,316.41520,0.00000,456.97100,35.74224,28.74224,0.00000,0.00000,0.00000,1.00000,6,6,1,0.65894,0.93940,0.03242,0.88760,0.79131,0.09713,0.74000,1.22000,0.04000,0.79000,1.09000,0.06000,-1.23909,-25.91380,55.25471,-21.77708,-57.59996,32.65304
47.82115,0.04357,22.95200,ApproachEntry,Double,360.41200,218.07690,38.89472,219.79910,219.79910,0.00000,360.41200,38.89472,31.89472,0.00000,0.00000,0.00000,1.00000,6,6,1,0.64184,1.02585,0.02484,0.87756,0.89118,0.09338,0.74000,1.22000,0.04000,0.79000,1.09000,0.06000,-1.09140,-22.07380,59.09471,-25.23362,-61.43995,36.49304
47.86476,0.04361,22.92960,ApproachEntry,Double,289.81780,174.05500,40.17748,150.00690,150.00690,0.00000,289.81780,40.17748,33.17748,0.00000,0.00000,0.00000,1.00000,6,6,1,0.62535,1.09118,0.01641,0.86364,0.96210,0.08683,0.74000,1.22000,0.04000,0.79000,1.09000,0.06000,-0.85525,-18.23380,60.80591,-28.86283,-65.27995,40.33303
47.89837,0.03361,29.75444,ApproachEntry,Double,281.81260,169.88260,40.41491,142.28980,142.28980,0.00000,281.81260,40.41491,33.41491,0.00000,0.00000,0.00000,1.00000,6,6,1,0.62479,1.09837,0.01186,0.86379,0.97028,0.08164,0.74000,1.22000,0.04000,0.79000,1.09000,0.06000,-0.61702,-17.91669,61.16552,-29.55368,-65.58698,41.03304
47.94799,0.04963,20.15062,ApproachEntry,Double,281.81260,169.88260,40.41491,142.28980,142.28980,0.00000,281.81260,40.41491,33.41491,0.00000,0.00000,0.00000,1.00000,6,6,1,0.62479,1.09837,0.01186,0.86379,0.97028,0.08164,0.74000,1.22000,0.04000,0.79000,1.09000,0.06000,-0.61702,-17.91669,61.16552,-29.55368,-65.58698,41.03304
47.99475,0.04676,21.38549,ApproachEntry,Double,281.81260,169.88260,40.41491,142.28980,142.28980,0.00000,281.81260,40.41491,33.41491,0.00000,0.00000,0.00000,1.00000,6,6,1,0.62479,1.09837,0.01186,0.86379,0.97028,0.08164,0.74000,1.22000,0.04000,0.79000,1.09000,0.06000,-0.61702,-17.91669,61.16552,-29.55368,-65.58698,41.03304
48.03700,0.04225,23.66921,ApproachEntry,Double,281.81260,169.88260,40.41491,142.28980,142.28980,0.00000,281.81260,40.41491,33.41491,0.00000,0.00000,0.00000,1.00000,6,6,1,0.62479,1.09837,0.01186,0.86379,0.97028,0.08164,0.74000,1.22000,0.04000,0.79000,1.09000,0.06000,-0.61702,-17.91669,61.16552,-29.55368,-65.58698,41.03304
48.08265,0.04565,21.90627,ApproachEntry,Double,281.81260,169.88260,40.41491,142.28980,142.28980,0.00000,281.81260,40.41491,33.41491,0.00000,0.00000,0.00000,1.00000,6,6,1,0.62479,1.09837,0.01186,0.86379,0.97028,0.08164,0.74000,1.22000,0.04000,0.79000,1.09000,0.06000,-0.61702,-17.91669,61.16552,-29.55368,-65.58698,41.03304
48.13082,0.04817,20.75993,ApproachEntry,Double,281.81260,169.88260,40.41491,142.28980,142.28980,0.00000,281.81260,40.41491,33.41491,0.00000,0.00000,0.00000,1.00000,6,6,1,0.62479,1.09837,0.01186,0.86379,0.97028,0.08164,0.74000,1.22000,0.04000,0.79000,1.09000,0.06000,-0.61702,-17.91669,61.16552,-29.55368,-65.58698,41.03304
48.18720,0.05638,17.73690,ApproachEntry,Double,281.81260,169.88260,40.41491,142.28980,142.28980,0.00000,281.81260,40.41491,33.41491,0.00000,0.00000,0.00000,1.00000,6,6,1,0.62479,1.09837,0.01186,0.86379,0.97028,0.08164,0.74000,1.22000,0.04000,0.79000,1.09000,0.06000,-0.61702,-17.91669,61.16552,-29.55368,-65.58698,41.03304
48.23417,0.04697,21.28940,ApproachEntry,Double,281.81260,169.88260,40.41491,142.28980,142.28980,0.00000,281.81260,40.41491,33.41491,0.00000,0.00000,0.00000,1.00000,6,6,1,0.62479,1.09837,0.01186,0.86379,0.97028,0.08164,0.74000,1.22000,0.04000,0.79000,1.09000,0.06000,-0.61702,-17.91669,61.16552,-29.55368,-65.58698,41.03304
48.31057,0.07639,13.09047,ApproachEntry,Double,281.81260,169.88260,40.41491,142.28980,142.28980,0.00000,281.81260,40.41491,33.41491,0.00000,0.00000,0.00000,1.00000,6,6,1,0.62479,1.09837,0.01186,0.86379,0.97028,0.08164,0.74000,1.22000,0.04000,0.79000,1.09000,0.06000,-0.61702,-17.91669,61.16552,-29.55368,-65.58698,41.03304
48.38176,0.07119,14.04667,ApproachEntry,Double,281.81260,169.88260,40.41491,142.28980,142.28980,0.00000,281.81260,40.41491,33.41491,0.00000,0.00000,0.00000,1.00000,6,6,1,0.62479,1.09837,0.01186,0.86379,0.97028,0.08164,0.74000,1.22000,0.04000,0.79000,1.09000,0.06000,-0.61702,-17.91669,61.16552,-29.55368,-65.58698,41.03304
48.48257,0.10082,9.91890,ApproachEntry,Double,281.81260,169.88260,40.41491,142.28980,142.28980,0.00000,281.81260,40.41491,33.41491,0.00000,0.00000,0.00000,1.00000,6,6,1,0.62479,1.09837,0.01186,0.86379,0.97028,0.08164,0.74000,1.22000,0.04000,0.79000,1.09000,0.06000,-0.61702,-17.91669,61.16552,-29.55368,-65.58698,41.03304
48.56231,0.07974,12.54117,ApproachEntry,Double,281.81260,169.88260,40.41491,142.28980,142.28980,0.00000,281.81260,40.41491,33.41491,0.00000,0.00000,0.00000,1.00000,6,6,1,0.62479,1.09837,0.01186,0.86379,0.97028,0.08164,0.74000,1.22000,0.04000,0.79000,1.09000,0.06000,-0.61702,-17.91669,61.16552,-29.55368,-65.58698,41.03304
48.62937,0.06706,14.91245,ApproachEntry,Double,281.81260,169.88260,40.41491,142.28980,142.28980,0.00000,281.81260,40.41491,33.41491,0.00000,0.00000,0.00000,1.00000,6,6,1,0.62479,1.09837,0.01186,0.86379,0.97028,0.08164,0.74000,1.22000,0.04000,0.79000,1.09000,0.06000,-0.61702,-17.91669,61.16552,-29.55368,-65.58698,41.03304
48.71391,0.08454,11.82844,ApproachEntry,Double,281.81260,169.88260,40.41491,142.28980,142.28980,0.00000,281.81260,40.41491,33.41491,0.00000,0.00000,0.00000,1.00000,6,6,1,0.62479,1.09837,0.01186,0.86379,0.97028,0.08164,0.74000,1.22000,0.04000,0.79000,1.09000,0.06000,-0.61702,-17.91669,61.16552,-29.55368,-65.58698,41.03304
48.78405,0.07014,14.25723,ApproachEntry,Double,281.81260,169.88260,40.41491,142.28980,142.28980,0.00000,281.81260,40.41491,33.41491,0.00000,0.00000,0.00000,1.00000,6,6,1,0.62479,1.09837,0.01186,0.86379,0.97028,0.08164,0.74000,1.22000,0.04000,0.79000,1.09000,0.06000,-0.61702,-17.91669,61.16552,-29.55368,-65.58698,41.03304
48.87440,0.09034,11.06869,ApproachEntry,Double,411.09410,236.21030,65.68362,301.39810,301.39810,0.00000,411.09410,65.68362,58.68362,0.00000,0.00000,0.00000,1.00000,6,6,1,0.78578,0.99002,0.06844,1.02765,0.97989,0.20914,0.74000,1.22000,0.04000,0.79000,1.09000,0.06000,-0.08375,0.27912,1.49475,-0.50049,-3.84000,0.73176
48.94200,0.06760,14.79225,ApproachEntry,Double,414.30550,235.50340,63.95946,302.65290,302.65290,0.00000,414.30550,63.95946,56.95946,0.00000,0.00000,0.00000,1.00000,6,6,1,0.78451,0.99046,0.06814,1.02813,0.97215,0.20494,0.74000,1.22000,0.04000,0.79000,1.09000,0.06000,-0.14587,-1.36299,5.33475,-1.39758,-7.68000,1.81573
49.01867,0.07667,13.04297,ApproachEntry,Double,416.53670,234.59110,62.21661,302.77510,302.77510,0.00000,416.53670,62.21661,55.21661,0.00000,0.00000,0.00000,1.00000,6,6,1,0.78249,0.99085,0.06678,1.02841,0.96435,0.19800,0.74000,1.22000,0.04000,0.79000,1.09000,0.06000,-0.20660,-3.00592,9.17475,-1.63453,-11.52000,3.23911
49.07668,0.05801,17.23946,ApproachEntry,Double,419.13330,235.40220,60.45866,302.81410,302.81410,0.00000,419.13330,60.45866,53.45866,0.00000,0.00000,0.00000,1.00000,6,6,1,0.77924,0.98927,0.06527,1.02694,0.95447,0.19110,0.74000,1.22000,0.04000,0.79000,1.09000,0.06000,-0.30655,-4.76197,13.01475,-0.72241,-15.35999,4.33672
49.11920,0.04252,23.51762,ApproachEntry,Double,415.61820,229.93010,59.17123,298.29530,298.29530,0.00000,415.61820,59.17122,52.17122,0.00000,0.00000,0.00000,1.00000,6,6,1,0.77430,0.99394,0.06429,1.02307,0.95305,0.18611,0.74000,1.22000,0.04000,0.79000,1.09000,0.06000,-0.48344,-6.17438,16.85475,1.06565,-19.19999,4.78964
49.16714,0.04794,20.85794,ApproachEntry,Double,432.94060,250.29020,56.34489,309.06230,309.06230,0.00000,432.94060,56.34489,49.34489,0.00000,0.00000,0.00000,1.00000,6,6,1,0.76650,0.97250,0.06619,1.01306,0.91798,0.18717,0.74000,1.22000,0.04000,0.79000,1.09000,0.06000,-0.76860,-9.04340,20.69474,1.36962,-23.03999,4.79348
49.21496,0.04782,20.91249,ApproachEntry,Double,466.62930,287.77510,52.37561,335.10780,335.10780,0.00000,466.62930,52.37561,45.37561,0.00000,0.00000,0.00000,1.00000,6,6,1,0.75714,0.93394,0.06625,1.00003,0.86055,0.18465,0.74000,1.22000,0.04000,0.79000,1.09000,0.06000,-0.95851,-12.88340,24.53474,-0.44537,-26.87998,5.76970
49.26247,0.04751,21.04796,ApproachEntry,Double,501.88170,324.86030,48.36350,365.38800,365.38800,0.00000,501.88170,48.36349,41.36349,0.00000,0.00000,0.00000,1.00000,6,6,1,0.74672,0.89602,0.06288,0.98627,0.80403,0.17492,0.74000,1.22000,0.04000,0.79000,1.09000,0.06000,-1.06294,-16.72339,28.37473,-2.25075,-30.71998,7.57237
49.31474,0.05228,19.12928,ApproachEntry,Double,538.36410,361.57310,44.28580,398.99200,398.99200,0.00000,538.36410,44.28580,37.28580,0.00000,0.00000,0.00000,1.00000,6,6,1,0.73450,0.85888,0.05728,0.97044,0.74846,0.15995,0.74000,1.22000,0.04000,0.79000,1.09000,0.06000,-1.13217,-20.56339,32.21473,-4.20493,-34.55998,10.13334
49.36084,0.04610,21.69249,ApproachEntry,Double,575.80300,397.90740,40.14344,435.21600,435.21600,0.00000,575.80300,40.14344,33.14344,0.00000,0.00000,0.00000,1.00000,6,6,1,0.72000,0.82273,0.05022,0.95158,0.69406,0.14086,0.74000,1.22000,0.04000,0.79000,1.09000,0.06000,-1.19663,-24.40339,36.05473,-6.42751,-38.39997,13.46281
49.42186,0.06102,16.38831,ApproachEntry,Double,613.95530,433.81770,35.96145,473.50240,473.50240,0.00000,613.95530,35.96145,28.96145,0.00000,0.00000,0.00000,1.00000,6,6,1,0.70282,0.78779,0.04244,0.92843,0.64117,0.11993,0.74000,1.22000,0.04000,0.79000,1.09000,0.06000,-1.27110,-28.24338,39.89473,-8.98831,-42.23997,17.29305
49.45377,0.03191,31.34242,ApproachEntry,Double,634.91440,452.56450,32.70618,495.28200,495.28200,0.00000,634.91440,32.70618,25.70618,0.00000,0.00000,0.00000,1.00000,6,6,1,0.68626,0.77065,0.03627,0.90584,0.61041,0.10339,0.74000,1.22000,0.04000,0.79000,1.09000,0.06000,-1.32953,-31.07850,43.73472,-11.91358,-46.07997,21.13305
49.48836,0.03459,28.91171,ApproachEntry,Double,613.79500,431.94760,31.68122,474.47480,474.47480,0.00000,613.79500,31.68122,24.68122,0.00000,0.00000,0.00000,1.00000,6,6,1,0.67554,0.79293,0.03421,0.89345,0.62835,0.09608,0.74000,1.22000,0.04000,0.79000,1.09000,0.06000,-1.34869,-31.51961,47.57472,-15.09085,-49.91996,24.97305
49.52591,0.03756,26.62755,ApproachEntry,Double,550.87360,374.08920,32.85943,411.07080,411.07080,0.00000,550.87360,32.85943,25.85943,0.00000,0.00000,0.00000,1.00000,6,6,1,0.66854,0.85284,0.03439,0.88995,0.69289,0.09599,0.74000,1.22000,0.04000,0.79000,1.09000,0.06000,-1.31965,-29.59402,51.41471,-18.40807,-53.75996,28.81304
49.58882,0.06291,15.89640,ApproachEntry,Double,456.97100,292.16760,35.74225,316.41520,316.41520,0.00000,456.97100,35.74224,28.74224,0.00000,0.00000,0.00000,1.00000,6,6,1,0.65894,0.93940,0.03242,0.88760,0.79131,0.09713,0.74000,1.22000,0.04000,0.79000,1.09000,0.06000,-1.23909,-25.91380,55.25471,-21.77708,-57.59996,32.65304
49.63388,0.02561,39.04695,ApproachEntry,Double,289.81780,174.05500,40.17748,150.00690,150.00690,0.00000,289.81780,40.17748,33.17748,0.00000,0.00000,0.00000,1.00000,6,6,1,0.62535,1.09118,0.01641,0.86364,0.96210,0.08683,0.74000,1.22000,0.04000,0.79000,1.09000,0.06000,-0.85525,-18.23380,60.80591,-28.86283,-65.27995,40.33303
49.68653,0.03165,31.59814,ApproachEntry,Double,281.81260,169.88260,40.41491,142.28980,142.28980,0.00000,281.81260,40.41491,33.41491,0.00000,0.00000,0.00000,1.00000,6,6,1,0.62479,1.09837,0.01186,0.86379,0.97028,0.08164,0.74000,1.22000,0.04000,0.79000,1.09000,0.06000,-0.61702,-17.91669,61.16552,-29.55368,-65.58698,41.03304
49.72180,0.03527,28.35363,ApproachEntry,Double,281.81260,169.88260,40.41491,142.28980,142.28980,0.00000,281.81260,40.41491,33.41491,0.00000,0.00000,0.00000,1.00000,6,6,1,0.62479,1.09837,0.01186,0.86379,0.97028,0.08164,0.74000,1.22000,0.04000,0.79000,1.09000,0.06000,-0.61702,-17.91669,61.16552,-29.55368,-65.58698,41.03304
49.78400,0.03510,28.49365,ApproachEntry,Double,281.81260,169.88260,40.41491,142.28980,142.28980,0.00000,281.81260,40.41491,33.41491,0.00000,0.00000,0.00000,1.00000,6,6,1,0.62479,1.09837,0.01186,0.86379,0.97028,0.08164,0.74000,1.22000,0.04000,0.79000,1.09000,0.06000,-0.61702,-17.91669,61.16552,-29.55368,-65.58698,41.03304
49.81781,0.03380,29.58259,ApproachEntry,Double,281.81260,169.88260,40.41491,142.28980,142.28980,0.00000,281.81260,40.41491,33.41491,0.00000,0.00000,0.00000,1.00000,6,6,1,0.62479,1.09837,0.01186,0.86379,0.97028,0.08164,0.74000,1.22000,0.04000,0.79000,1.09000,0.06000,-0.61702,-17.91669,61.16552,-29.55368,-65.58698,41.03304
49.85461,0.03680,27.17297,ApproachEntry,Double,281.81260,169.88260,40.41491,142.28980,142.28980,0.00000,281.81260,40.41491,33.41491,0.00000,0.00000,0.00000,1.00000,6,6,1,0.62479,1.09837,0.01186,0.86379,0.97028,0.08164,0.74000,1.22000,0.04000,0.79000,1.09000,0.06000,-0.61702,-17.91669,61.16552,-29.55368,-65.58698,41.03304
49.88649,0.03188,31.37199,ApproachEntry,Double,281.81260,169.88260,40.41491,142.28980,142.28980,0.00000,281.81260,40.41491,33.41491,0.00000,0.00000,0.00000,1.00000,6,6,1,0.62479,1.09837,0.01186,0.86379,0.97028,0.08164,0.74000,1.22000,0.04000,0.79000,1.09000,0.06000,-0.61702,-17.91669,61.16552,-29.55368,-65.58698,41.03304
49.91969,0.03320,30.11787,ApproachEntry,Double,281.81260,169.88260,40.41491,142.28980,142.28980,0.00000,281.81260,40.41491,33.41491,0.00000,0.00000,0.00000,1.00000,6,6,1,0.62479,1.09837,0.01186,0.86379,0.97028,0.08164,0.74000,1.22000,0.04000,0.79000,1.09000,0.06000,-0.61702,-17.91669,61.16552,-29.55368,-65.58698,41.03304
49.97296,0.02900,34.47956,ApproachEntry,Double,281.81260,169.88260,40.41491,142.28980,142.28980,0.00000,281.81260,40.41491,33.41491,0.00000,0.00000,0.00000,1.00000,6,6,1,0.62479,1.09837,0.01186,0.86379,0.97028,0.08164,0.74000,1.22000,0.04000,0.79000,1.09000,0.06000,-0.61702,-17.91669,61.16552,-29.55368,-65.58698,41.03304
50.01341,0.04045,24.72341,ApproachEntry,Double,281.81260,169.88260,40.41491,142.28980,142.28980,0.00000,281.81260,40.41491,33.41491,0.00000,0.00000,0.00000,1.00000,6,6,1,0.62479,1.09837,0.01186,0.86379,0.97028,0.08164,0.74000,1.22000,0.04000,0.79000,1.09000,0.06000,-0.61702,-17.91669,61.16552,-29.55368,-65.58698,41.03304
50.04417,0.03077,32.50302,ApproachEntry,Double,411.09410,236.21030,65.68362,301.39810,301.39810,0.00000,411.09410,65.68362,58.68362,0.00000,0.00000,0.00000,1.00000,6,6,1,0.78578,0.99002,0.06844,1.02765,0.97989,0.20914,0.74000,1.22000,0.04000,0.79000,1.09000,0.06000,-0.08375,0.27912,1.49475,-0.50049,-3.84000,0.73176
50.08268,0.01738,57.52695,ApproachEntry,Double,416.53670,234.59110,62.21661,302.77510,302.77510,0.00000,416.53670,62.21661,55.21661,0.00000,0.00000,0.00000,1.00000,6,6,1,0.78249,0.99085,0.06678,1.02841,0.96435,0.19800,0.74000,1.22000,0.04000,0.79000,1.09000,0.06000,-0.20660,-3.00592,9.17475,-1.63453,-11.52000,3.23911
50.11810,0.01849,54.07195,ApproachEntry,Double,415.61820,229.93010,59.17123,298.29530,298.29530,0.00000,415.61820,59.17122,52.17122,0.00000,0.00000,0.00000,1.00000,6,6,1,0.77430,0.99394,0.06429,1.02307,0.95305,0.18611,0.74000,1.22000,0.04000,0.79000,1.09000,0.06000,-0.48344,-6.17438,16.85475,1.06565,-19.19999,4.78964
50.15190,0.01825,54.80265,ApproachEntry,Double,466.62930,287.77510,52.37561,335.10780,335.10780,0.00000,466.62930,52.37561,45.37561,0.00000,0.00000,0.00000,1.00000,6,6,1,0.75714,0.93394,0.06625,1.00003,0.86055,0.18465,0.74000,1.22000,0.04000,0.79000,1.09000,0.06000,-0.95851,-12.88340,24.53474,-0.44537,-26.87998,5.76970
50.19120,0.01805,55.40756,ApproachEntry,Double,538.36410,361.57310,44.28580,398.99200,398.99200,0.00000,538.36410,44.28580,37.28580,0.00000,0.00000,0.00000,1.00000,6,6,1,0.73450,0.85888,0.05728,0.97044,0.74846,0.15995,0.74000,1.22000,0.04000,0.79000,1.09000,0.06000,-1.13217,-20.56339,32.21473,-4.20493,-34.55998,10.13334
50.22723,0.01854,53.93283,ApproachEntry,Double,613.95530,433.81770,35.96145,473.50240,473.50240,0.00000,613.95530,35.96145,28.96145,0.00000,0.00000,0.00000,1.00000,6,6,1,0.70282,0.78779,0.04244,0.92843,0.64117,0.11993,0.74000,1.22000,0.04000,0.79000,1.09000,0.06000,-1.27110,-28.24338,39.89473,-8.98831,-42.23997,17.29305
50.25899,0.01552,64.41444,ApproachEntry,Double,613.79500,431.94760,31.68122,474.47480,474.47480,0.00000,613.79500,31.68122,24.68122,0.00000,0.00000,0.00000,1.00000,6,6,1,0.67554,0.79293,0.03421,0.89345,0.62835,0.09608,0.74000,1.22000,0.04000,0.79000,1.09000,0.06000,-1.34869,-31.51961,47.57472,-15.09085,-49.91996,24.97305
50.29235,0.01509,66.27150,ApproachEntry,Double,456.97100,292.16760,35.74225,316.41520,316.41520,0.00000,456.97100,35.74224,28.74224,0.00000,0.00000,0.00000,1.00000,6,6,1,0.65894,0.93940,0.03242,0.88760,0.79131,0.09713,0.74000,1.22000,0.04000,0.79000,1.09000,0.06000,-1.23909,-25.91380,55.25471,-21.77708,-57.59996,32.65304
50.32547,0.01697,58.92756,ApproachEntry,Double,289.81780,174.05500,40.17748,150.00690,150.00690,0.00000,289.81780,40.17748,33.17748,0.00000,0.00000,0.00000,1.00000,6,6,1,0.62535,1.09118,0.01641,0.86364,0.96210,0.08683,0.74000,1.22000,0.04000,0.79000,1.09000,0.06000,-0.85525,-18.23380,60.80591,-28.86283,-65.27995,40.33303
50.36180,0.02134,46.85005,ApproachEntry,Double,281.81260,169.88260,40.41491,142.28980,142.28980,0.00000,281.81260,40.41491,33.41491,0.00000,0.00000,0.00000,1.00000,6,6,1,0.62479,1.09837,0.01186,0.86379,0.97028,0.08164,0.74000,1.22000,0.04000,0.79000,1.09000,0.06000,-0.61702,-17.91669,61.16552,-29.55368,-65.58698,41.03304
50.42075,0.03201,31.24028,ApproachEntry,Double,281.81260,169.88260,40.41491,142.28980,142.28980,0.00000,281.81260,40.41491,33.41491,0.00000,0.00000,0.00000,1.00000,6,6,1,0.62479,1.09837,0.01186,0.86379,0.97028,0.08164,0.74000,1.22000,0.04000,0.79000,1.09000,0.06000,-0.61702,-17.91669,61.16552,-29.55368,-65.58698,41.03304
50.46181,0.04106,24.35549,ApproachEntry,Double,281.81260,169.88260,40.41491,142.28980,142.28980,0.00000,281.81260,40.41491,33.41491,0.00000,0.00000,0.00000,1.00000,6,6,1,0.62479,1.09837,0.01186,0.86379,0.97028,0.08164,0.74000,1.22000,0.04000,0.79000,1.09000,0.06000,-0.61702,-17.91669,61.16552,-29.55368,-65.58698,41.03304
50.49669,0.03488,28.67033,ApproachEntry,Double,281.81260,169.88260,40.41491,142.28980,142.28980,0.00000,281.81260,40.41491,33.41491,0.00000,0.00000,0.00000,1.00000,6,6,1,0.62479,1.09837,0.01186,0.86379,0.97028,0.08164,0.74000,1.22000,0.04000,0.79000,1.09000,0.06000,-0.61702,-17.91669,61.16552,-29.55368,-65.58698,41.03304
50.52859,0.03191,31.34076,ApproachEntry,Double,281.81260,169.88260,40.41491,142.28980,142.28980,0.00000,281.81260,40.41491,33.41491,0.00000,0.00000,0.00000,1.00000,6,6,1,0.62479,1.09837,0.01186,0.86379,0.97028,0.08164,0.74000,1.22000,0.04000,0.79000,1.09000,0.06000,-0.61702,-17.91669,61.16552,-29.55368,-65.58698,41.03304
50.59144,0.03414,29.29267,ApproachEntry,Double,281.81260,169.88260,40.41491,142.28980,142.28980,0.00000,281.81260,40.41491,33.41491,0.00000,0.00000,0.00000,1.00000,6,6,1,0.62479,1.09837,0.01186,0.86379,0.97028,0.08164,0.74000,1.22000,0.04000,0.79000,1.09000,0.06000,-0.61702,-17.91669,61.16552,-29.55368,-65.58698,41.03304
50.63319,0.04174,23.95646,ApproachEntry,Double,281.81260,169.88260,40.41491,142.28980,142.28980,0.00000,281.81260,40.41491,33.41491,0.00000,0.00000,0.00000,1.00000,6,6,1,0.62479,1.09837,0.01186,0.86379,0.97028,0.08164,0.74000,1.22000,0.04000,0.79000,1.09000,0.06000,-0.61702,-17.91669,61.16552,-29.55368,-65.58698,41.03304
50.66527,0.03209,31.16609,ApproachEntry,Double,411.09410,236.21030,65.68362,301.39810,301.39810,0.00000,411.09410,65.68362,58.68362,0.00000,0.00000,0.00000,1.00000,6,6,1,0.78578,0.99002,0.06844,1.02765,0.97989,0.20914,0.74000,1.22000,0.04000,0.79000,1.09000,0.06000,-0.08375,0.27912,1.49475,-0.50049,-3.84000,0.73176
50.70940,0.02164,46.20995,ApproachEntry,Double,416.53670,234.59110,62.21661,302.77510,302.77510,0.00000,416.53670,62.21661,55.21661,0.00000,0.00000,0.00000,1.00000,6,6,1,0.78249,0.99085,0.06678,1.02841,0.96435,0.19800,0.74000,1.22000,0.04000,0.79000,1.09000,0.06000,-0.20660,-3.00592,9.17475,-1.63453,-11.52000,3.23911
50.74465,0.03524,28.37407,ApproachEntry,Double,419.13330,235.40220,60.45866,302.81410,302.81410,0.00000,419.13330,60.45866,53.45866,0.00000,0.00000,0.00000,1.00000,6,6,1,0.77924,0.98927,0.06527,1.02694,0.95447,0.19110,0.74000,1.22000,0.04000,0.79000,1.09000,0.06000,-0.30655,-4.76197,13.01475,-0.72241,-15.35999,4.33672
50.80216,0.03679,27.18253,ApproachEntry,Double,432.94060,250.29020,56.34489,309.06230,309.06230,0.00000,432.94060,56.34489,49.34489,0.00000,0.00000,0.00000,1.00000,6,6,1,0.76650,0.97250,0.06619,1.01306,0.91798,0.18717,0.74000,1.22000,0.04000,0.79000,1.09000,0.06000,-0.76860,-9.04340,20.69474,1.36962,-23.03999,4.79348
50.84029,0.01592,62.81148,ApproachEntry,Double,501.88170,324.86030,48.36350,365.38800,365.38800,0.00000,501.88170,48.36349,41.36349,0.00000,0.00000,0.00000,1.00000,6,6,1,0.74672,0.89602,0.06288,0.98627,0.80403,0.17492,0.74000,1.22000,0.04000,0.79000,1.09000,0.06000,-1.06294,-16.72339,28.37473,-2.25075,-30.71998,7.57237
50.87965,0.02535,39.45424,ApproachEntry,Double,575.80300,397.90740,40.14344,435.21600,435.21600,0.00000,575.80300,40.14344,33.14344,0.00000,0.00000,0.00000,1.00000,6,6,1,0.72000,0.82273,0.05022,0.95158,0.69406,0.14086,0.74000,1.22000,0.04000,0.79000,1.09000,0.06000,-1.19663,-24.40339,36.05473,-6.42751,-38.39997,13.46281
50.92172,0.02297,43.53170,ApproachEntry,Double,634.91440,452.56450,32.70618,495.28200,495.28200,0.00000,634.91440,32.70618,25.70618,0.00000,0.00000,0.00000,1.00000,6,6,1,0.68626,0.77065,0.03627,0.90584,0.61041,0.10339,0.74000,1.22000,0.04000,0.79000,1.09000,0.06000,-1.32953,-31.07850,43.73472,-11.91358,-46.07997,21.13305
50.95945,0.01818,55.01409,ApproachEntry,Double,550.87360,374.08920,32.85943,411.07080,411.07080,0.00000,550.87360,32.85943,25.85943,0.00000,0.00000,0.00000,1.00000,6,6,1,0.66854,0.85284,0.03439,0.88995,0.69289,0.09599,0.74000,1.22000,0.04000,0.79000,1.09000,0.06000,-1.31965,-29.59402,51.41471,-18.40807,-53.75996,28.81304
50.99222,0.01530,65.35130,ApproachEntry,Double,360.41200,218.07690,38.89472,219.79910,219.79910,0.00000,360.41200,38.89472,31.89472,0.00000,0.00000,0.00000,1.00000,6,6,1,0.64184,1.02585,0.02484,0.87756,0.89118,0.09338,0.74000,1.22000,0.04000,0.79000,1.09000,0.06000,-1.09140,-22.07380,59.09471,-25.23362,-61.43995,36.49304
51.02400,0.01411,70.85999,ApproachEntry,Double,281.81260,169.88260,40.41491,142.28980,142.28980,0.00000,281.81260,40.41491,33.41491,0.00000,0.00000,0.00000,1.00000,6,6,1,0.62479,1.09837,0.01186,0.86379,0.97028,0.08164,0.74000,1.22000,0.04000,0.79000,1.09000,0.06000,-0.61702,-17.91669,61.16552,-29.55368,-65.58698,41.03304
51.06470,0.02186,45.74300,ApproachEntry,Double,281.81260,169.88260,40.41491,142.28980,142.28980,0.00000,281.81260,40.41491,33.41491,0.00000,0.00000,0.00000,1.00000,6,6,1,0.62479,1.09837,0.01186,0.86379,0.97028,0.08164,0.74000,1.22000,0.04000,0.79000,1.09000,0.06000,-0.61702,-17.91669,61.16552,-29.55368,-65.58698,41.03304
51.11103,0.02183,45.80660,ApproachEntry,Double,281.81260,169.88260,40.41491,142.28980,142.28980,0.00000,281.81260,40.41491,33.41491,0.00000,0.00000,0.00000,1.00000,6,6,1,0.62479,1.09837,0.01186,0.86379,0.97028,0.08164,0.74000,1.22000,0.04000,0.79000,1.09000,0.06000,-0.61702,-17.91669,61.16552,-29.55368,-65.58698,41.03304
51.16637,0.02777,36.01260,ApproachEntry,Double,281.81260,169.88260,40.41491,142.28980,142.28980,0.00000,281.81260,40.41491,33.41491,0.00000,0.00000,0.00000,1.00000,6,6,1,0.62479,1.09837,0.01186,0.86379,0.97028,0.08164,0.74000,1.22000,0.04000,0.79000,1.09000,0.06000,-0.61702,-17.91669,61.16552,-29.55368,-65.58698,41.03304
51.22726,0.03115,32.10203,ApproachEntry,Double,281.81260,169.88260,40.41491,142.28980,142.28980,0.00000,281.81260,40.41491,33.41491,0.00000,0.00000,0.00000,1.00000,6,6,1,0.62479,1.09837,0.01186,0.86379,0.97028,0.08164,0.74000,1.22000,0.04000,0.79000,1.09000,0.06000,-0.61702,-17.91669,61.16552,-29.55368,-65.58698,41.03304
51.26023,0.03297,30.33148,ApproachEntry,Double,281.81260,169.88260,40.41491,142.28980,142.28980,0.00000,281.81260,40.41491,33.41491,0.00000,0.00000,0.00000,1.00000,6,6,1,0.62479,1.09837,0.01186,0.86379,0.97028,0.08164,0.74000,1.22000,0.04000,0.79000,1.09000,0.06000,-0.61702,-17.91669,61.16552,-29.55368,-65.58698,41.03304
51.31520,0.03045,32.84522,ApproachEntry,Double,411.09410,236.21030,65.68362,301.39810,301.39810,0.00000,411.09410,65.68362,58.68362,0.00000,0.00000,0.00000,1.00000,6,6,1,0.78578,0.99002,0.06844,1.02765,0.97989,0.20914,0.74000,1.22000,0.04000,0.79000,1.09000,0.06000,-0.08375,0.27912,1.49475,-0.50049,-3.84000,0.73176
51.34683,0.01440,69.45764,ApproachEntry,Double,416.53670,234.59110,62.21661,302.77510,302.77510,0.00000,416.53670,62.21661,55.21661,0.00000,0.00000,0.00000,1.00000,6,6,1,0.78249,0.99085,0.06678,1.02841,0.96435,0.19800,0.74000,1.22000,0.04000,0.79000,1.09000,0.06000,-0.20660,-3.00592,9.17475,-1.63453,-11.52000,3.23911
51.38912,0.01291,77.46747,ApproachEntry,Double,432.94060,250.29020,56.34489,309.06230,309.06230,0.00000,432.94060,56.34489,49.34489,0.00000,0.00000,0.00000,1.00000,6,6,1,0.76650,0.97250,0.06619,1.01306,0.91798,0.18717,0.74000,1.22000,0.04000,0.79000,1.09000,0.06000,-0.76860,-9.04340,20.69474,1.36962,-23.03999,4.79348
51.41942,0.01725,57.98590,ApproachEntry,Double,501.88170,324.86030,48.36350,365.38800,365.38800,0.00000,501.88170,48.36349,41.36349,0.00000,0.00000,0.00000,1.00000,6,6,1,0.74672,0.89602,0.06288,0.98627,0.80403,0.17492,0.74000,1.22000,0.04000,0.79000,1.09000,0.06000,-1.06294,-16.72339,28.37473,-2.25075,-30.71998,7.57237
51.45198,0.01507,66.34637,ApproachEntry,Double,575.80300,397.90740,40.14344,435.21600,435.21600,0.00000,575.80300,40.14344,33.14344,0.00000,0.00000,0.00000,1.00000,6,6,1,0.72000,0.82273,0.05022,0.95158,0.69406,0.14086,0.74000,1.22000,0.04000,0.79000,1.09000,0.06000,-1.19663,-24.40339,36.05473,-6.42751,-38.39997,13.46281
51.49660,0.01506,66.41434,ApproachEntry,Double,613.79500,431.94760,31.68122,474.47480,474.47480,0.00000,613.79500,31.68122,24.68122,0.00000,0.00000,0.00000,1.00000,6,6,1,0.67554,0.79293,0.03421,0.89345,0.62835,0.09608,0.74000,1.22000,0.04000,0.79000,1.09000,0.06000,-1.34869,-31.51961,47.57472,-15.09085,-49.91996,24.97305
51.54299,0.01645,60.78540,ApproachEntry,Double,360.41200,218.07690,38.89472,219.79910,219.79910,0.00000,360.41200,38.89472,31.89472,0.00000,0.00000,0.00000,1.00000,6,6,1,0.64184,1.02585,0.02484,0.87756,0.89118,0.09338,0.74000,1.22000,0.04000,0.79000,1.09000,0.06000,-1.09140,-22.07380,59.09471,-25.23362,-61.43995,36.49304
51.58857,0.01843,54.25935,ApproachEntry,Double,281.81260,169.88260,40.41491,142.28980,142.28980,0.00000,281.81260,40.41491,33.41491,0.00000,0.00000,0.00000,1.00000,6,6,1,0.62479,1.09837,0.01186,0.86379,0.97028,0.08164,0.74000,1.22000,0.04000,0.79000,1.09000,0.06000,-0.61702,-17.91669,61.16552,-29.55368,-65.58698,41.03304
51.62638,0.01883,53.09365,ApproachEntry,Double,281.81260,169.88260,40.41491,142.28980,142.28980,0.00000,281.81260,40.41491,33.41491,0.00000,0.00000,0.00000,1.00000,6,6,1,0.62479,1.09837,0.01186,0.86379,0.97028,0.08164,0.74000,1.22000,0.04000,0.79000,1.09000,0.06000,-0.61702,-17.91669,61.16552,-29.55368,-65.58698,41.03304
51.66595,0.02105,47.50213,ApproachEntry,Double,281.81260,169.88260,40.41491,142.28980,142.28980,0.00000,281.81260,40.41491,33.41491,0.00000,0.00000,0.00000,1.00000,6,6,1,0.62479,1.09837,0.01186,0.86379,0.97028,0.08164,0.74000,1.22000,0.04000,0.79000,1.09000,0.06000,-0.61702,-17.91669,61.16552,-29.55368,-65.58698,41.03304
51.70460,0.01960,51.02159,ApproachEntry,Double,281.81260,169.88260,40.41491,142.28980,142.28980,0.00000,281.81260,40.41491,33.41491,0.00000,0.00000,0.00000,1.00000,6,6,1,0.62479,1.09837,0.01186,0.86379,0.97028,0.08164,0.74000,1.22000,0.04000,0.79000,1.09000,0.06000,-0.61702,-17.91669,61.16552,-29.55368,-65.58698,41.03304
51.74703,0.02194,45.58692,ApproachEntry,Double,411.09410,236.21030,65.68362,301.39810,301.39810,0.00000,411.09410,65.68362,58.68362,0.00000,0.00000,0.00000,1.00000,6,6,1,0.78578,0.99002,0.06844,1.02765,0.97989,0.20914,0.74000,1.22000,0.04000,0.79000,1.09000,0.06000,-0.08375,0.27912,1.49475,-0.50049,-3.84000,0.73176
51.79001,0.01380,72.43777,ApproachEntry,Double,419.13330,235.40220,60.45866,302.81410,302.81410,0.00000,419.13330,60.45866,53.45866,0.00000,0.00000,0.00000,1.00000,6,6,1,0.77924,0.98927,0.06527,1.02694,0.95447,0.19110,0.74000,1.22000,0.04000,0.79000,1.09000,0.06000,-0.30655,-4.76197,13.01475,-0.72241,-15.35999,4.33672
51.83197,0.01392,71.86250,ApproachEntry,Double,466.62930,287.77510,52.37561,335.10780,335.10780,0.00000,466.62930,52.37561,45.37561,0.00000,0.00000,0.00000,1.00000,6,6,1,0.75714,0.93394,0.06625,1.00003,0.86055,0.18465,0.74000,1.22000,0.04000,0.79000,1.09000,0.06000,-0.95851,-12.88340,24.53474,-0.44537,-26.87998,5.76970
51.87664,0.01632,61.26452,ApproachEntry,Double,575.80300,397.90740,40.14344,435.21600,435.21600,0.00000,575.80300,40.14344,33.14344,0.00000,0.00000,0.00000,1.00000,6,6,1,0.72000,0.82273,0.05022,0.95158,0.69406,0.14086,0.74000,1.22000,0.04000,0.79000,1.09000,0.06000,-1.19663,-24.40339,36.05473,-6.42751,-38.39997,13.46281
51.91628,0.01378,72.54871,ApproachEntry,Double,613.79500,431.94760,31.68122,474.47480,474.47480,0.00000,613.79500,31.68122,24.68122,0.00000,0.00000,0.00000,1.00000,6,6,1,0.67554,0.79293,0.03421,0.89345,0.62835,0.09608,0.74000,1.22000,0.04000,0.79000,1.09000,0.06000,-1.34869,-31.51961,47.57472,-15.09085,-49.91996,24.97305
51.95696,0.01409,70.96585,ApproachEntry,Double,360.41200,218.07690,38.89472,219.79910,219.79910,0.00000,360.41200,38.89472,31.89472,0.00000,0.00000,0.00000,1.00000,6,6,1,0.64184,1.02585,0.02484,0.87756,0.89118,0.09338,0.74000,1.22000,0.04000,0.79000,1.09000,0.06000,-1.09140,-22.07380,59.09471,-25.23362,-61.43995,36.49304
51.98817,0.01504,66.47639,ApproachEntry,Double,414.30550,235.50340,63.95946,302.65290,302.65290,0.00000,414.30550,63.95946,56.95946,0.00000,0.00000,0.00000,1.00000,6,6,1,0.78451,0.99046,0.06814,1.02813,0.97215,0.20494,0.74000,1.22000,0.04000,0.79000,1.09000,0.06000,-0.14587,-1.36299,5.33475,-1.39758,-7.68000,1.81573
52.02907,0.01333,75.03190,ApproachEntry,Double,415.61820,229.93010,59.17123,298.29530,298.29530,0.00000,415.61820,59.17122,52.17122,0.00000,0.00000,0.00000,1.00000,6,6,1,0.77430,0.99394,0.06429,1.02307,0.95305,0.18611,0.74000,1.22000,0.04000,0.79000,1.09000,0.06000,-0.48344,-6.17438,16.85475,1.06565,-19.19999,4.78964
52.07059,0.01302,76.80009,ApproachEntry,Double,501.88170,324.86030,48.36350,365.38800,365.38800,0.00000,501.88170,48.36349,41.36349,0.00000,0.00000,0.00000,1.00000,6,6,1,0.74672,0.89602,0.06288,0.98627,0.80403,0.17492,0.74000,1.22000,0.04000,0.79000,1.09000,0.06000,-1.06294,-16.72339,28.37473,-2.25075,-30.71998,7.57237
52.11160,0.01353,73.92038,ApproachEntry,Double,613.95530,433.81770,35.96145,473.50240,473.50240,0.00000,613.95530,35.96145,28.96145,0.00000,0.00000,0.00000,1.00000,6,6,1,0.70282,0.78779,0.04244,0.92843,0.64117,0.11993,0.74000,1.22000,0.04000,0.79000,1.09000,0.06000,-1.27110,-28.24338,39.89473,-8.98831,-42.23997,17.29305
52.15274,0.01387,72.08997,ApproachEntry,Double,550.87360,374.08920,32.85943,411.07080,411.07080,0.00000,550.87360,32.85943,25.85943,0.00000,0.00000,0.00000,1.00000,6,6,1,0.66854,0.85284,0.03439,0.88995,0.69289,0.09599,0.74000,1.22000,0.04000,0.79000,1.09000,0.06000,-1.31965,-29.59402,51.41471,-18.40807,-53.75996,28.81304
52.18369,0.01691,59.13730,ApproachEntry,Double,411.09410,236.21030,65.68362,301.39810,301.39810,0.00000,411.09410,65.68362,58.68362,0.00000,0.00000,0.00000,1.00000,6,6,1,0.78578,0.99002,0.06844,1.02765,0.97989,0.20914,0.74000,1.22000,0.04000,0.79000,1.09000,0.06000,-0.08375,0.27912,1.49475,-0.50049,-3.84000,0.73176
52.22443,0.01335,74.89158,ApproachEntry,Double,419.13330,235.40220,60.45866,302.81410,302.81410,0.00000,419.13330,60.45866,53.45866,0.00000,0.00000,0.00000,1.00000,6,6,1,0.77924,0.98927,0.06527,1.02694,0.95447,0.19110,0.74000,1.22000,0.04000,0.79000,1.09000,0.06000,-0.30655,-4.76197,13.01475,-0.72241,-15.35999,4.33672
52.26517,0.01284,77.85205,ApproachEntry,Double,466.62930,287.77510,52.37561,335.10780,335.10780,0.00000,466.62930,52.37561,45.37561,0.00000,0.00000,0.00000,1.00000,6,6,1,0.75714,0.93394,0.06625,1.00003,0.86055,0.18465,0.74000,1.22000,0.04000,0.79000,1.09000,0.06000,-0.95851,-12.88340,24.53474,-0.44537,-26.87998,5.76970
52.30280,0.01238,80.77649,ApproachEntry,Double,575.80300,397.90740,40.14344,435.21600,435.21600,0.00000,575.80300,40.14344,33.14344,0.00000,0.00000,0.00000,1.00000,6,6,1,0.72000,0.82273,0.05022,0.95158,0.69406,0.14086,0.74000,1.22000,0.04000,0.79000,1.09000,0.06000,-1.19663,-24.40339,36.05473,-6.42751,-38.39997,13.46281
52.34131,0.01265,79.02633,ApproachEntry,Double,613.79500,431.94760,31.68122,474.47480,474.47480,0.00000,613.79500,31.68122,24.68122,0.00000,0.00000,0.00000,1.00000,6,6,1,0.67554,0.79293,0.03421,0.89345,0.62835,0.09608,0.74000,1.22000,0.04000,0.79000,1.09000,0.06000,-1.34869,-31.51961,47.57472,-15.09085,-49.91996,24.97305
52.38419,0.01297,77.12883,ApproachEntry,Double,416.53670,234.59110,62.21661,302.77510,302.77510,0.00000,416.53670,62.21661,55.21661,0.00000,0.00000,0.00000,1.00000,6,6,1,0.78249,0.99085,0.06678,1.02841,0.96435,0.19800,0.74000,1.22000,0.04000,0.79000,1.09000,0.06000,-0.20660,-3.00592,9.17475,-1.63453,-11.52000,3.23911
52.42216,0.01286,77.77460,ApproachEntry,Double,432.94060,250.29020,56.34489,309.06230,309.06230,0.00000,432.94060,56.34489,49.34489,0.00000,0.00000,0.00000,1.00000,6,6,1,0.76650,0.97250,0.06619,1.01306,0.91798,0.18717,0.74000,1.22000,0.04000,0.79000,1.09000,0.06000,-0.76860,-9.04340,20.69474,1.36962,-23.03999,4.79348
52.46282,0.01288,77.63713,ApproachEntry,Double,538.36410,361.57310,44.28580,398.99200,398.99200,0.00000,538.36410,44.28580,37.28580,0.00000,0.00000,0.00000,1.00000,6,6,1,0.73450,0.85888,0.05728,0.97044,0.74846,0.15995,0.74000,1.22000,0.04000,0.79000,1.09000,0.06000,-1.13217,-20.56339,32.21473,-4.20493,-34.55998,10.13334
52.50019,0.01228,81.46517,ApproachEntry,Double,634.91440,452.56450,32.70618,495.28200,495.28200,0.00000,634.91440,32.70618,25.70618,0.00000,0.00000,0.00000,1.00000,6,6,1,0.68626,0.77065,0.03627,0.90584,0.61041,0.10339,0.74000,1.22000,0.04000,0.79000,1.09000,0.06000,-1.32953,-31.07850,43.73472,-11.91358,-46.07997,21.13305
52.54111,0.01439,69.48930,ApproachEntry,Double,411.09410,236.21030,65.68362,301.39810,301.39810,0.00000,411.09410,65.68362,58.68362,0.00000,0.00000,0.00000,1.00000,6,6,1,0.78578,0.99002,0.06844,1.02765,0.97989,0.20914,0.74000,1.22000,0.04000,0.79000,1.09000,0.06000,-0.08375,0.27912,1.49475,-0.50049,-3.84000,0.73176
52.58097,0.01243,80.45560,ApproachEntry,Double,419.13330,235.40220,60.45866,302.81410,302.81410,0.00000,419.13330,60.45866,53.45866,0.00000,0.00000,0.00000,1.00000,6,6,1,0.77924,0.98927,0.06527,1.02694,0.95447,0.19110,0.74000,1.22000,0.04000,0.79000,1.09000,0.06000,-0.30655,-4.76197,13.01475,-0.72241,-15.35999,4.33672
52.62069,0.01283,77.93060,ApproachEntry,Double,466.62930,287.77510,52.37561,335.10780,335.10780,0.00000,466.62930,52.37561,45.37561,0.00000,0.00000,0.00000,1.00000,6,6,1,0.75714,0.93394,0.06625,1.00003,0.86055,0.18465,0.74000,1.22000,0.04000,0.79000,1.09000,0.06000,-0.95851,-12.88340,24.53474,-0.44537,-26.87998,5.76970
52.65849,0.01228,81.41042,ApproachEntry,Double,575.80300,397.90740,40.14344,435.21600,435.21600,0.00000,575.80300,40.14344,33.14344,0.00000,0.00000,0.00000,1.00000,6,6,1,0.72000,0.82273,0.05022,0.95158,0.69406,0.14086,0.74000,1.22000,0.04000,0.79000,1.09000,0.06000,-1.19663,-24.40339,36.05473,-6.42751,-38.39997,13.46281
52.69654,0.01240,80.66093,ApproachEntry,Double,613.79500,431.94760,31.68122,474.47480,474.47480,0.00000,613.79500,31.68122,24.68122,0.00000,0.00000,0.00000,1.00000,6,6,1,0.67554,0.79293,0.03421,0.89345,0.62835,0.09608,0.74000,1.22000,0.04000,0.79000,1.09000,0.06000,-1.34869,-31.51961,47.57472,-15.09085,-49.91996,24.97305
52.73910,0.01437,69.58000,ApproachEntry,Double,414.30550,235.50340,63.95946,302.65290,302.65290,0.00000,414.30550,63.95946,56.95946,0.00000,0.00000,0.00000,1.00000,6,6,1,0.78451,0.99046,0.06814,1.02813,0.97215,0.20494,0.74000,1.22000,0.04000,0.79000,1.09000,0.06000,-0.14587,-1.36299,5.33475,-1.39758,-7.68000,1.81573
52.77649,0.01250,80.01356,ApproachEntry,Double,415.61820,229.93010,59.17123,298.29530,298.29530,0.00000,415.61820,59.17122,52.17122,0.00000,0.00000,0.00000,1.00000,6,6,1,0.77430,0.99394,0.06429,1.02307,0.95305,0.18611,0.74000,1.22000,0.04000,0.79000,1.09000,0.06000,-0.48344,-6.17438,16.85475,1.06565,-19.19999,4.78964
52.81653,0.01252,79.85754,ApproachEntry,Double,501.88170,324.86030,48.36350,365.38800,365.38800,0.00000,501.88170,48.36349,41.36349,0.00000,0.00000,0.00000,1.00000,6,6,1,0.74672,0.89602,0.06288,0.98627,0.80403,0.17492,0.74000,1.22000,0.04000,0.79000,1.09000,0.06000,-1.06294,-16.72339,28.37473,-2.25075,-30.71998,7.57237
52.85477,0.01343,74.45359,ApproachEntry,Double,613.95530,433.81770,35.96145,473.50240,473.50240,0.00000,613.95530,35.96145,28.96145,0.00000,0.00000,0.00000,1.00000,6,6,1,0.70282,0.78779,0.04244,0.92843,0.64117,0.11993,0.74000,1.22000,0.04000,0.79000,1.09000,0.06000,-1.27110,-28.24338,39.89473,-8.98831,-42.23997,17.29305
52.89468,0.01604,62.34983,ApproachEntry,Double,411.09410,236.21030,65.68362,301.39810,301.39810,0.00000,411.09410,65.68362,58.68362,0.00000,0.00000,0.00000,1.00000,6,6,1,0.78578,0.99002,0.06844,1.02765,0.97989,0.20914,0.74000,1.22000,0.04000,0.79000,1.09000,0.06000,-0.08375,0.27912,1.49475,-0.50049,-3.84000,0.73176
52.93398,0.01277,78.28501,ApproachEntry,Double,419.13330,235.40220,60.45866,302.81410,302.81410,0.00000,419.13330,60.45866,53.45866,0.00000,0.00000,0.00000,1.00000,6,6,1,0.77924,0.98927,0.06527,1.02694,0.95447,0.19110,0.74000,1.22000,0.04000,0.79000,1.09000,0.06000,-0.30655,-4.76197,13.01475,-0.72241,-15.35999,4.33672
52.97342,0.01492,67.01218,ApproachEntry,Double,466.62930,287.77510,52.37561,335.10780,335.10780,0.00000,466.62930,52.37561,45.37561,0.00000,0.00000,0.00000,1.00000,6,6,1,0.75714,0.93394,0.06625,1.00003,0.86055,0.18465,0.74000,1.22000,0.04000,0.79000,1.09000,0.06000,-0.95851,-12.88340,24.53474,-0.44537,-26.87998,5.76970
53.01256,0.01254,79.75031,ApproachEntry,Double,575.80300,397.90740,40.14344,435.21600,435.21600,0.00000,575.80300,40.14344,33.14344,0.00000,0.00000,0.00000,1.00000,6,6,1,0.72000,0.82273,0.05022,0.95158,0.69406,0.14086,0.74000,1.22000,0.04000,0.79000,1.09000,0.06000,-1.19663,-24.40339,36.05473,-6.42751,-38.39997,13.46281
53.05070,0.01200,83.30884,ApproachEntry,Double,613.79500,431.94760,31.68122,474.47480,474.47480,0.00000,613.79500,31.68122,24.68122,0.00000,0.00000,0.00000,1.00000,6,6,1,0.67554,0.79293,0.03421,0.89345,0.62835,0.09608,0.74000,1.22000,0.04000,0.79000,1.09000,0.06000,-1.34869,-31.51961,47.57472,-15.09085,-49.91996,24.97305
53.09288,0.01434,69.73348,ApproachEntry,Double,414.30550,235.50340,63.95946,302.65290,302.65290,0.00000,414.30550,63.95946,56.95946,0.00000,0.00000,0.00000,1.00000,6,6,1,0.78451,0.99046,0.06814,1.02813,0.97215,0.20494,0.74000,1.22000,0.04000,0.79000,1.09000,0.06000,-0.14587,-1.36299,5.33475,-1.39758,-7.68000,1.81573
53.13101,0.01281,78.04122,ApproachEntry,Double,415.61820,229.93010,59.17123,298.29530,298.29530,0.00000,415.61820,59.17122,52.17122,0.00000,0.00000,0.00000,1.00000,6,6,1,0.77430,0.99394,0.06429,1.02307,0.95305,0.18611,0.74000,1.22000,0.04000,0.79000,1.09000,0.06000,-0.48344,-6.17438,16.85475,1.06565,-19.19999,4.78964
53.17278,0.01331,75.10686,ApproachEntry,Double,501.88170,324.86030,48.36350,365.38800,365.38800,0.00000,501.88170,48.36349,41.36349,0.00000,0.00000,0.00000,1.00000,6,6,1,0.74672,0.89602,0.06288,0.98627,0.80403,0.17492,0.74000,1.22000,0.04000,0.79000,1.09000,0.06000,-1.06294,-16.72339,28.37473,-2.25075,-30.71998,7.57237
53.21100,0.01207,82.86018,ApproachEntry,Double,613.95530,433.81770,35.96145,473.50240,473.50240,0.00000,613.95530,35.96145,28.96145,0.00000,0.00000,0.00000,1.00000,6,6,1,0.70282,0.78779,0.04244,0.92843,0.64117,0.11993,0.74000,1.22000,0.04000,0.79000,1.09000,0.06000,-1.27110,-28.24338,39.89473,-8.98831,-42.23997,17.29305
53.25376,0.01513,66.07645,ApproachEntry,Double,411.09410,236.21030,65.68362,301.39810,301.39810,0.00000,411.09410,65.68362,58.68362,0.00000,0.00000,0.00000,1.00000,6,6,1,0.78578,0.99002,0.06844,1.02765,0.97989,0.20914,0.74000,1.22000,0.04000,0.79000,1.09000,0.06000,-0.08375,0.27912,1.49475,-0.50049,-3.84000,0.73176
53.29362,0.01249,80.06627,ApproachEntry,Double,419.13330,235.40220,60.45866,302.81410,302.81410,0.00000,419.13330,60.45866,53.45866,0.00000,0.00000,0.00000,1.00000,6,6,1,0.77924,0.98927,0.06527,1.02694,0.95447,0.19110,0.74000,1.22000,0.04000,0.79000,1.09000,0.06000,-0.30655,-4.76197,13.01475,-0.72241,-15.35999,4.33672
53.33267,0.01275,78.42292,ApproachEntry,Double,466.62930,287.77510,52.37561,335.10780,335.10780,0.00000,466.62930,52.37561,45.37561,0.00000,0.00000,0.00000,1.00000,6,6,1,0.75714,0.93394,0.06625,1.00003,0.86055,0.18465,0.74000,1.22000,0.04000,0.79000,1.09000,0.06000,-0.95851,-12.88340,24.53474,-0.44537,-26.87998,5.76970
53.36903,0.01136,88.05131,ApproachEntry,Double,575.80300,397.90740,40.14344,435.21600,435.21600,0.00000,575.80300,40.14344,33.14344,0.00000,0.00000,0.00000,1.00000,6,6,1,0.72000,0.82273,0.05022,0.95158,0.69406,0.14086,0.74000,1.22000,0.04000,0.79000,1.09000,0.06000,-1.19663,-24.40339,36.05473,-6.42751,-38.39997,13.46281
53.40502,0.01191,83.94279,ApproachEntry,Double,613.79500,431.94760,31.68122,474.47480,474.47480,0.00000,613.79500,31.68122,24.68122,0.00000,0.00000,0.00000,1.00000,6,6,1,0.67554,0.79293,0.03421,0.89345,0.62835,0.09608,0.74000,1.22000,0.04000,0.79000,1.09000,0.06000,-1.34869,-31.51961,47.57472,-15.09085,-49.91996,24.97305
53.44155,0.01232,81.19711,ApproachEntry,Double,360.41200,218.07690,38.89472,219.79910,219.79910,0.00000,360.41200,38.89472,31.89472,0.00000,0.00000,0.00000,1.00000,6,6,1,0.64184,1.02585,0.02484,0.87756,0.89118,0.09338,0.74000,1.22000,0.04000,0.79000,1.09000,0.06000,-1.09140,-22.07380,59.09471,-25.23362,-61.43995,36.49304
53.48390,0.01810,55.24618,ApproachEntry,Double,281.81260,169.88260,40.41491,142.28980,142.28980,0.00000,281.81260,40.41491,33.41491,0.00000,0.00000,0.00000,1.00000,6,6,1,0.62479,1.09837,0.01186,0.86379,0.97028,0.08164,0.74000,1.22000,0.04000,0.79000,1.09000,0.06000,-0.61702,-17.91669,61.16552,-29.55368,-65.58698,41.03304
53.51782,0.01694,59.02575,ApproachEntry,Double,281.81260,169.88260,40.41491,142.28980,142.28980,0.00000,281.81260,40.41491,33.41491,0.00000,0.00000,0.00000,1.00000,6,6,1,0.62479,1.09837,0.01186,0.86379,0.97028,0.08164,0.74000,1.22000,0.04000,0.79000,1.09000,0.06000,-0.61702,-17.91669,61.16552,-29.55368,-65.58698,41.03304
53.55201,0.01718,58.22090,ApproachEntry,Double,281.81260,169.88260,40.41491,142.28980,142.28980,0.00000,281.81260,40.41491,33.41491,0.00000,0.00000,0.00000,1.00000,6,6,1,0.62479,1.09837,0.01186,0.86379,0.97028,0.08164,0.74000,1.22000,0.04000,0.79000,1.09000,0.06000,-0.61702,-17.91669,61.16552,-29.55368,-65.58698,41.03304
53.58710,0.01822,54.87596,ApproachEntry,Double,281.81260,169.88260,40.41491,142.28980,142.28980,0.00000,281.81260,40.41491,33.41491,0.00000,0.00000,0.00000,1.00000,6,6,1,0.62479,1.09837,0.01186,0.86379,0.97028,0.08164,0.74000,1.22000,0.04000,0.79000,1.09000,0.06000,-0.61702,-17.91669,61.16552,-29.55368,-65.58698,41.03304
53.62027,0.01671,59.84847,ApproachEntry,Double,281.81260,169.88260,40.41491,142.28980,142.28980,0.00000,281.81260,40.41491,33.41491,0.00000,0.00000,0.00000,1.00000,6,6,1,0.62479,1.09837,0.01186,0.86379,0.97028,0.08164,0.74000,1.22000,0.04000,0.79000,1.09000,0.06000,-0.61702,-17.91669,61.16552,-29.55368,-65.58698,41.03304
53.65388,0.01644,60.82557,ApproachEntry,Double,281.81260,169.88260,40.41491,142.28980,142.28980,0.00000,281.81260,40.41491,33.41491,0.00000,0.00000,0.00000,1.00000,6,6,1,0.62479,1.09837,0.01186,0.86379,0.97028,0.08164,0.74000,1.22000,0.04000,0.79000,1.09000,0.06000,-0.61702,-17.91669,61.16552,-29.55368,-65.58698,41.03304
53.68894,0.01878,53.23726,ApproachEntry,Double,281.81260,169.88260,40.41491,142.28980,142.28980,0.00000,281.81260,40.41491,33.41491,0.00000,0.00000,0.00000,1.00000,6,6,1,0.62479,1.09837,0.01186,0.86379,0.97028,0.08164,0.74000,1.22000,0.04000,0.79000,1.09000,0.06000,-0.61702,-17.91669,61.16552,-29.55368,-65.58698,41.03304
53.72241,0.01664,60.08622,ApproachEntry,Double,281.81260,169.88260,40.41491,142.28980,142.28980,0.00000,281.81260,40.41491,33.41491,0.00000,0.00000,0.00000,1.00000,6,6,1,0.62479,1.09837,0.01186,0.86379,0.97028,0.08164,0.74000,1.22000,0.04000,0.79000,1.09000,0.06000,-0.61702,-17.91669,61.16552,-29.55368,-65.58698,41.03304
53.75642,0.01661,60.21256,ApproachEntry,Double,281.81260,169.88260,40.41491,142.28980,142.28980,0.00000,281.81260,40.41491,33.41491,0.00000,0.00000,0.00000,1.00000,6,6,1,0.62479,1.09837,0.01186,0.86379,0.97028,0.08164,0.74000,1.22000,0.04000,0.79000,1.09000,0.06000,-0.61702,-17.91669,61.16552,-29.55368,-65.58698,41.03304
53.79149,0.01842,54.29359,ApproachEntry,Double,281.81260,169.88260,40.41491,142.28980,142.28980,0.00000,281.81260,40.41491,33.41491,0.00000,0.00000,0.00000,1.00000,6,6,1,0.62479,1.09837,0.01186,0.86379,0.97028,0.08164,0.74000,1.22000,0.04000,0.79000,1.09000,0.06000,-0.61702,-17.91669,61.16552,-29.55368,-65.58698,41.03304
53.82539,0.01697,58.92548,ApproachEntry,Double,281.81260,169.88260,40.41491,142.28980,142.28980,0.00000,281.81260,40.41491,33.41491,0.00000,0.00000,0.00000,1.00000,6,6,1,0.62479,1.09837,0.01186,0.86379,0.97028,0.08164,0.74000,1.22000,0.04000,0.79000,1.09000,0.06000,-0.61702,-17.91669,61.16552,-29.55368,-65.58698,41.03304
53.85829,0.01636,61.14263,ApproachEntry,Double,281.81260,169.88260,40.41491,142.28980,142.28980,0.00000,281.81260,40.41491,33.41491,0.00000,0.00000,0.00000,1.00000,6,6,1,0.62479,1.09837,0.01186,0.86379,0.97028,0.08164,0.74000,1.22000,0.04000,0.79000,1.09000,0.06000,-0.61702,-17.91669,61.16552,-29.55368,-65.58698,41.03304
53.89262,0.01800,55.56295,ApproachEntry,Double,281.81260,169.88260,40.41491,142.28980,142.28980,0.00000,281.81260,40.41491,33.41491,0.00000,0.00000,0.00000,1.00000,6,6,1,0.62479,1.09837,0.01186,0.86379,0.97028,0.08164,0.74000,1.22000,0.04000,0.79000,1.09000,0.06000,-0.61702,-17.91669,61.16552,-29.55368,-65.58698,41.03304
53.92549,0.01643,60.85978,ApproachEntry,Double,281.81260,169.88260,40.41491,142.28980,142.28980,0.00000,281.81260,40.41491,33.41491,0.00000,0.00000,0.00000,1.00000,6,6,1,0.62479,1.09837,0.01186,0.86379,0.97028,0.08164,0.74000,1.22000,0.04000,0.79000,1.09000,0.06000,-0.61702,-17.91669,61.16552,-29.55368,-65.58698,41.03304
53.95835,0.01665,60.07267,ApproachEntry,Double,281.81260,169.88260,40.41491,142.28980,142.28980,0.00000,281.81260,40.41491,33.41491,0.00000,0.00000,0.00000,1.00000,6,6,1,0.62479,1.09837,0.01186,0.86379,0.97028,0.08164,0.74000,1.22000,0.04000,0.79000,1.09000,0.06000,-0.61702,-17.91669,61.16552,-29.55368,-65.58698,41.03304
53.99229,0.01763,56.73056,ApproachEntry,Double,281.81260,169.88260,40.41491,142.28980,142.28980,0.00000,281.81260,40.41491,33.41491,0.00000,0.00000,0.00000,1.00000,6,6,1,0.62479,1.09837,0.01186,0.86379,0.97028,0.08164,0.74000,1.22000,0.04000,0.79000,1.09000,0.06000,-0.61702,-17.91669,61.16552,-29.55368,-65.58698,41.03304
54.02785,0.01838,54.39962,ApproachEntry,Double,281.81260,169.88260,40.41491,142.28980,142.28980,0.00000,281.81260,40.41491,33.41491,0.00000,0.00000,0.00000,1.00000,6,6,1,0.62479,1.09837,0.01186,0.86379,0.97028,0.08164,0.74000,1.22000,0.04000,0.79000,1.09000,0.06000,-0.61702,-17.91669,61.16552,-29.55368,-65.58698,41.03304
54.06188,0.01781,56.16249,ApproachEntry,Double,281.81260,169.88260,40.41491,142.28980,142.28980,0.00000,281.81260,40.41491,33.41491,0.00000,0.00000,0.00000,1.00000,6,6,1,0.62479,1.09837,0.01186,0.86379,0.97028,0.08164,0.74000,1.22000,0.04000,0.79000,1.09000,0.06000,-0.61702,-17.91669,61.16552,-29.55368,-65.58698,41.03304
54.10495,0.02148,46.56066,ApproachEntry,Double,281.81260,169.88260,40.41491,142.28980,142.28980,0.00000,281.81260,40.41491,33.41491,0.00000,0.00000,0.00000,1.00000,6,6,1,0.62479,1.09837,0.01186,0.86379,0.97028,0.08164,0.74000,1.22000,0.04000,0.79000,1.09000,0.06000,-0.61702,-17.91669,61.16552,-29.55368,-65.58698,41.03304
54.14238,0.01789,55.88634,ApproachEntry,Double,281.81260,169.88260,40.41491,142.28980,142.28980,0.00000,281.81260,40.41491,33.41491,0.00000,0.00000,0.00000,1.00000,6,6,1,0.62479,1.09837,0.01186,0.86379,0.97028,0.08164,0.74000,1.22000,0.04000,0.79000,1.09000,0.06000,-0.61702,-17.91669,61.16552,-29.55368,-65.58698,41.03304
54.18378,0.02066,48.39365,ApproachEntry,Double,281.81260,169.88260,40.41491,142.28980,142.28980,0.00000,281.81260,40.41491,33.41491,0.00000,0.00000,0.00000,1.00000,6,6,1,0.62479,1.09837,0.01186,0.86379,0.97028,0.08164,0.74000,1.22000,0.04000,0.79000,1.09000,0.06000,-0.61702,-17.91669,61.16552,-29.55368,-65.58698,41.03304
54.22441,0.01914,52.25790,ApproachEntry,Double,281.81260,169.88260,40.41491,142.28980,142.28980,0.00000,281.81260,40.41491,33.41491,0.00000,0.00000,0.00000,1.00000,6,6,1,0.62479,1.09837,0.01186,0.86379,0.97028,0.08164,0.74000,1.22000,0.04000,0.79000,1.09000,0.06000,-0.61702,-17.91669,61.16552,-29.55368,-65.58698,41.03304
54.26136,0.01853,53.97663,ApproachEntry,Double,281.81260,169.88260,40.41491,142.28980,142.28980,0.00000,281.81260,40.41491,33.41491,0.00000,0.00000,0.00000,1.00000,6,6,1,0.62479,1.09837,0.01186,0.86379,0.97028,0.08164,0.74000,1.22000,0.04000,0.79000,1.09000,0.06000,-0.61702,-17.91669,61.16552,-29.55368,-65.58698,41.03304
54.29893,0.01858,53.82549,ApproachEntry,Double,281.81260,169.88260,40.41491,142.28980,142.28980,0.00000,281.81260,40.41491,33.41491,0.00000,0.00000,0.00000,1.00000,6,6,1,0.62479,1.09837,0.01186,0.86379,0.97028,0.08164,0.74000,1.22000,0.04000,0.79000,1.09000,0.06000,-0.61702,-17.91669,61.16552,-29.55368,-65.58698,41.03304
54.33817,0.01903,52.55335,ApproachEntry,Double,281.81260,169.88260,40.41491,142.28980,142.28980,0.00000,281.81260,40.41491,33.41491,0.00000,0.00000,0.00000,1.00000,6,6,1,0.62479,1.09837,0.01186,0.86379,0.97028,0.08164,0.74000,1.22000,0.04000,0.79000,1.09000,0.06000,-0.61702,-17.91669,61.16552,-29.55368,-65.58698,41.03304
54.37483,0.01818,55.00189,ApproachEntry,Double,281.81260,169.88260,40.41491,142.28980,142.28980,0.00000,281.81260,40.41491,33.41491,0.00000,0.00000,0.00000,1.00000,6,6,1,0.62479,1.09837,0.01186,0.86379,0.97028,0.08164,0.74000,1.22000,0.04000,0.79000,1.09000,0.06000,-0.61702,-17.91669,61.16552,-29.55368,-65.58698,41.03304
54.41165,0.01868,53.54442,ApproachEntry,Double,281.81260,169.88260,40.41491,142.28980,142.28980,0.00000,281.81260,40.41491,33.41491,0.00000,0.00000,0.00000,1.00000,6,6,1,0.62479,1.09837,0.01186,0.86379,0.97028,0.08164,0.74000,1.22000,0.04000,0.79000,1.09000,0.06000,-0.61702,-17.91669,61.16552,-29.55368,-65.58698,41.03304
54.45097,0.01889,52.95067,ApproachEntry,Double,281.81260,169.88260,40.41491,142.28980,142.28980,0.00000,281.81260,40.41491,33.41491,0.00000,0.00000,0.00000,1.00000,6,6,1,0.62479,1.09837,0.01186,0.86379,0.97028,0.08164,0.74000,1.22000,0.04000,0.79000,1.09000,0.06000,-0.61702,-17.91669,61.16552,-29.55368,-65.58698,41.03304
54.48800,0.01858,53.83311,ApproachEntry,Double,281.81260,169.88260,40.41491,142.28980,142.28980,0.00000,281.81260,40.41491,33.41491,0.00000,0.00000,0.00000,1.00000,6,6,1,0.62479,1.09837,0.01186,0.86379,0.97028,0.08164,0.74000,1.22000,0.04000,0.79000,1.09000,0.06000,-0.61702,-17.91669,61.16552,-29.55368,-65.58698,41.03304
54.52451,0.01855,53.92276,ApproachEntry,Double,281.81260,169.88260,40.41491,142.28980,142.28980,0.00000,281.81260,40.41491,33.41491,0.00000,0.00000,0.00000,1.00000,6,6,1,0.62479,1.09837,0.01186,0.86379,0.97028,0.08164,0.74000,1.22000,0.04000,0.79000,1.09000,0.06000,-0.61702,-17.91669,61.16552,-29.55368,-65.58698,41.03304
54.56319,0.01897,52.70313,ApproachEntry,Double,281.81260,169.88260,40.41491,142.28980,142.28980,0.00000,281.81260,40.41491,33.41491,0.00000,0.00000,0.00000,1.00000,6,6,1,0.62479,1.09837,0.01186,0.86379,0.97028,0.08164,0.74000,1.22000,0.04000,0.79000,1.09000,0.06000,-0.61702,-17.91669,61.16552,-29.55368,-65.58698,41.03304
54.60242,0.01963,50.93623,ApproachEntry,Double,281.81260,169.88260,40.41491,142.28980,142.28980,0.00000,281.81260,40.41491,33.41491,0.00000,0.00000,0.00000,1.00000,6,6,1,0.62479,1.09837,0.01186,0.86379,0.97028,0.08164,0.74000,1.22000,0.04000,0.79000,1.09000,0.06000,-0.61702,-17.91669,61.16552,-29.55368,-65.58698,41.03304
54.63861,0.01773,56.38965,ApproachEntry,Double,281.81260,169.88260,40.41491,142.28980,142.28980,0.00000,281.81260,40.41491,33.41491,0.00000,0.00000,0.00000,1.00000,6,6,1,0.62479,1.09837,0.01186,0.86379,0.97028,0.08164,0.74000,1.22000,0.04000,0.79000,1.09000,0.06000,-0.61702,-17.91669,61.16552,-29.55368,-65.58698,41.03304
54.68085,0.02198,45.50265,ApproachEntry,Double,281.81260,169.88260,40.41491,142.28980,142.28980,0.00000,281.81260,40.41491,33.41491,0.00000,0.00000,0.00000,1.00000,6,6,1,0.62479,1.09837,0.01186,0.86379,0.97028,0.08164,0.74000,1.22000,0.04000,0.79000,1.09000,0.06000,-0.61702,-17.91669,61.16552,-29.55368,-65.58698,41.03304
54.71877,0.01738,57.52852,ApproachEntry,Double,281.81260,169.88260,40.41491,142.28980,142.28980,0.00000,281.81260,40.41491,33.41491,0.00000,0.00000,0.00000,1.00000,6,6,1,0.62479,1.09837,0.01186,0.86379,0.97028,0.08164,0.74000,1.22000,0.04000,0.79000,1.09000,0.06000,-0.61702,-17.91669,61.16552,-29.55368,-65.58698,41.03304
54.75814,0.02101,47.59576,ApproachEntry,Double,281.81260,169.88260,40.41491,142.28980,142.28980,0.00000,281.81260,40.41491,33.41491,0.00000,0.00000,0.00000,1.00000,6,6,1,0.62479,1.09837,0.01186,0.86379,0.97028,0.08164,0.74000,1.22000,0.04000,0.79000,1.09000,0.06000,-0.61702,-17.91669,61.16552,-29.55368,-65.58698,41.03304
54.82608,0.06793,14.72071,ApproachEntry,Double,281.81260,169.88260,40.41491,142.28980,142.28980,0.00000,281.81260,40.41491,33.41491,0.00000,0.00000,0.00000,1.00000,6,6,1,0.62479,1.09837,0.01186,0.86379,0.97028,0.08164,0.74000,1.22000,0.04000,0.79000,1.09000,0.06000,-0.61702,-17.91669,61.16552,-29.55368,-65.58698,41.03304
54.85754,0.01504,66.48629,ApproachEntry,Double,281.81260,169.88260,40.41491,142.28980,142.28980,0.00000,281.81260,40.41491,33.41491,0.00000,0.00000,0.00000,1.00000,6,6,1,0.62479,1.09837,0.01186,0.86379,0.97028,0.08164,0.74000,1.22000,0.04000,0.79000,1.09000,0.06000,-0.61702,-17.91669,61.16552,-29.55368,-65.58698,41.03304
54.88861,0.01648,60.67326,ApproachEntry,Double,281.81260,169.88260,40.41491,142.28980,142.28980,0.00000,281.81260,40.41491,33.41491,0.00000,0.00000,0.00000,1.00000,6,6,1,0.62479,1.09837,0.01186,0.86379,0.97028,0.08164,0.74000,1.22000,0.04000,0.79000,1.09000,0.06000,-0.61702,-17.91669,61.16552,-29.55368,-65.58698,41.03304
54.91901,0.01504,66.50844,ApproachEntry,Double,281.81260,169.88260,40.41491,142.28980,142.28980,0.00000,281.81260,40.41491,33.41491,0.00000,0.00000,0.00000,1.00000,6,6,1,0.62479,1.09837,0.01186,0.86379,0.97028,0.08164,0.74000,1.22000,0.04000,0.79000,1.09000,0.06000,-0.61702,-17.91669,61.16552,-29.55368,-65.58698,41.03304
54.94953,0.01536,65.12061,ApproachEntry,Double,281.81260,169.88260,40.41491,142.28980,142.28980,0.00000,281.81260,40.41491,33.41491,0.00000,0.00000,0.00000,1.00000,6,6,1,0.62479,1.09837,0.01186,0.86379,0.97028,0.08164,0.74000,1.22000,0.04000,0.79000,1.09000,0.06000,-0.61702,-17.91669,61.16552,-29.55368,-65.58698,41.03304
54.98035,0.01472,67.92888,ApproachEntry,Double,281.81260,169.88260,40.41491,142.28980,142.28980,0.00000,281.81260,40.41491,33.41491,0.00000,0.00000,0.00000,1.00000,6,6,1,0.62479,1.09837,0.01186,0.86379,0.97028,0.08164,0.74000,1.22000,0.04000,0.79000,1.09000,0.06000,-0.61702,-17.91669,61.16552,-29.55368,-65.58698,41.03304
55.01278,0.01521,65.75983,ApproachEntry,Double,281.81260,169.88260,40.41491,142.28980,142.28980,0.00000,281.81260,40.41491,33.41491,0.00000,0.00000,0.00000,1.00000,6,6,1,0.62479,1.09837,0.01186,0.86379,0.97028,0.08164,0.74000,1.22000,0.04000,0.79000,1.09000,0.06000,-0.61702,-17.91669,61.16552,-29.55368,-65.58698,41.03304
55.04314,0.01492,67.04401,ApproachEntry,Double,281.81260,169.88260,40.41491,142.28980,142.28980,0.00000,281.81260,40.41491,33.41491,0.00000,0.00000,0.00000,1.00000,6,6,1,0.62479,1.09837,0.01186,0.86379,0.97028,0.08164,0.74000,1.22000,0.04000,0.79000,1.09000,0.06000,-0.61702,-17.91669,61.16552,-29.55368,-65.58698,41.03304
55.07339,0.01498,66.74385,ApproachEntry,Double,281.81260,169.88260,40.41491,142.28980,142.28980,0.00000,281.81260,40.41491,33.41491,0.00000,0.00000,0.00000,1.00000,6,6,1,0.62479,1.09837,0.01186,0.86379,0.97028,0.08164,0.74000,1.22000,0.04000,0.79000,1.09000,0.06000,-0.61702,-17.91669,61.16552,-29.55368,-65.58698,41.03304
55.10568,0.01718,58.20992,ApproachEntry,Double,281.81260,169.88260,40.41491,142.28980,142.28980,0.00000,281.81260,40.41491,33.41491,0.00000,0.00000,0.00000,1.00000,6,6,1,0.62479,1.09837,0.01186,0.86379,0.97028,0.08164,0.74000,1.22000,0.04000,0.79000,1.09000,0.06000,-0.61702,-17.91669,61.16552,-29.55368,-65.58698,41.03304
55.13721,0.01600,62.48619,ApproachEntry,Double,281.81260,169.88260,40.41491,142.28980,142.28980,0.00000,281.81260,40.41491,33.41491,0.00000,0.00000,0.00000,1.00000,6,6,1,0.62479,1.09837,0.01186,0.86379,0.97028,0.08164,0.74000,1.22000,0.04000,0.79000,1.09000,0.06000,-0.61702,-17.91669,61.16552,-29.55368,-65.58698,41.03304
55.16768,0.01499,66.72608,ApproachEntry,Double,281.81260,169.88260,40.41491,142.28980,142.28980,0.00000,281.81260,40.41491,33.41491,0.00000,0.00000,0.00000,1.00000,6,6,1,0.62479,1.09837,0.01186,0.86379,0.97028,0.08164,0.74000,1.22000,0.04000,0.79000,1.09000,0.06000,-0.61702,-17.91669,61.16552,-29.55368,-65.58698,41.03304
55.20137,0.01599,62.53193,ApproachEntry,Double,281.81260,169.88260,40.41491,142.28980,142.28980,0.00000,281.81260,40.41491,33.41491,0.00000,0.00000,0.00000,1.00000,6,6,1,0.62479,1.09837,0.01186,0.86379,0.97028,0.08164,0.74000,1.22000,0.04000,0.79000,1.09000,0.06000,-0.61702,-17.91669,61.16552,-29.55368,-65.58698,41.03304
55.23344,0.01523,65.65202,ApproachEntry,Double,281.81260,169.88260,40.41491,142.28980,142.28980,0.00000,281.81260,40.41491,33.41491,0.00000,0.00000,0.00000,1.00000,6,6,1,0.62479,1.09837,0.01186,0.86379,0.97028,0.08164,0.74000,1.22000,0.04000,0.79000,1.09000,0.06000,-0.61702,-17.91669,61.16552,-29.55368,-65.58698,41.03304
55.26454,0.01555,64.31970,ApproachEntry,Double,281.81260,169.88260,40.41491,142.28980,142.28980,0.00000,281.81260,40.41491,33.41491,0.00000,0.00000,0.00000,1.00000,6,6,1,0.62479,1.09837,0.01186,0.86379,0.97028,0.08164,0.74000,1.22000,0.04000,0.79000,1.09000,0.06000,-0.61702,-17.91669,61.16552,-29.55368,-65.58698,41.03304
55.30976,0.01538,65.02348,ApproachEntry,Double,281.81260,169.88260,40.41491,142.28980,142.28980,0.00000,281.81260,40.41491,33.41491,0.00000,0.00000,0.00000,1.00000,6,6,1,0.62479,1.09837,0.01186,0.86379,0.97028,0.08164,0.74000,1.22000,0.04000,0.79000,1.09000,0.06000,-0.61702,-17.91669,61.16552,-29.55368,-65.58698,41.03304
55.34158,0.01495,66.88310,ApproachEntry,Double,281.81260,169.88260,40.41491,142.28980,142.28980,0.00000,281.81260,40.41491,33.41491,0.00000,0.00000,0.00000,1.00000,6,6,1,0.62479,1.09837,0.01186,0.86379,0.97028,0.08164,0.74000,1.22000,0.04000,0.79000,1.09000,0.06000,-0.61702,-17.91669,61.16552,-29.55368,-65.58698,41.03304
55.37216,0.01386,72.13998,ApproachEntry,Double,281.81260,169.88260,40.41491,142.28980,142.28980,0.00000,281.81260,40.41491,33.41491,0.00000,0.00000,0.00000,1.00000,6,6,1,0.62479,1.09837,0.01186,0.86379,0.97028,0.08164,0.74000,1.22000,0.04000,0.79000,1.09000,0.06000,-0.61702,-17.91669,61.16552,-29.55368,-65.58698,41.03304
55.41636,0.01518,65.89057,ApproachEntry,Double,281.81260,169.88260,40.41491,142.28980,142.28980,0.00000,281.81260,40.41491,33.41491,0.00000,0.00000,0.00000,1.00000,6,6,1,0.62479,1.09837,0.01186,0.86379,0.97028,0.08164,0.74000,1.22000,0.04000,0.79000,1.09000,0.06000,-0.61702,-17.91669,61.16552,-29.55368,-65.58698,41.03304
55.46062,0.01446,69.14705,ApproachEntry,Double,281.81260,169.88260,40.41491,142.28980,142.28980,0.00000,281.81260,40.41491,33.41491,0.00000,0.00000,0.00000,1.00000,6,6,1,0.62479,1.09837,0.01186,0.86379,0.97028,0.08164,0.74000,1.22000,0.04000,0.79000,1.09000,0.06000,-0.61702,-17.91669,61.16552,-29.55368,-65.58698,41.03304
55.50359,0.01393,71.76208,ApproachEntry,Double,281.81260,169.88260,40.41491,142.28980,142.28980,0.00000,281.81260,40.41491,33.41491,0.00000,0.00000,0.00000,1.00000,6,6,1,0.62479,1.09837,0.01186,0.86379,0.97028,0.08164,0.74000,1.22000,0.04000,0.79000,1.09000,0.06000,-0.61702,-17.91669,61.16552,-29.55368,-65.58698,41.03304
55.54826,0.01472,67.91381,ApproachEntry,Double,281.81260,169.88260,40.41491,142.28980,142.28980,0.00000,281.81260,40.41491,33.41491,0.00000,0.00000,0.00000,1.00000,6,6,1,0.62479,1.09837,0.01186,0.86379,0.97028,0.08164,0.74000,1.22000,0.04000,0.79000,1.09000,0.06000,-0.61702,-17.91669,61.16552,-29.55368,-65.58698,41.03304
55.59211,0.01408,71.04652,ApproachEntry,Double,281.81260,169.88260,40.41491,142.28980,142.28980,0.00000,281.81260,40.41491,33.41491,0.00000,0.00000,0.00000,1.00000,6,6,1,0.62479,1.09837,0.01186,0.86379,0.97028,0.08164,0.74000,1.22000,0.04000,0.79000,1.09000,0.06000,-0.61702,-17.91669,61.16552,-29.55368,-65.58698,41.03304
55.63804,0.01637,61.10157,ApproachEntry,Double,281.81260,169.88260,40.41491,142.28980,142.28980,0.00000,281.81260,40.41491,33.41491,0.00000,0.00000,0.00000,1.00000,6,6,1,0.62479,1.09837,0.01186,0.86379,0.97028,0.08164,0.74000,1.22000,0.04000,0.79000,1.09000,0.06000,-0.61702,-17.91669,61.16552,-29.55368,-65.58698,41.03304
55.67062,0.01635,61.16139,ApproachEntry,Double,281.81260,169.88260,40.41491,142.28980,142.28980,0.00000,281.81260,40.41491,33.41491,0.00000,0.00000,0.00000,1.00000,6,6,1,0.62479,1.09837,0.01186,0.86379,0.97028,0.08164,0.74000,1.22000,0.04000,0.79000,1.09000,0.06000,-0.61702,-17.91669,61.16552,-29.55368,-65.58698,41.03304
55.71694,0.01655,60.41119,ApproachEntry,Double,281.81260,169.88260,40.41491,142.28980,142.28980,0.00000,281.81260,40.41491,33.41491,0.00000,0.00000,0.00000,1.00000,6,6,1,0.62479,1.09837,0.01186,0.86379,0.97028,0.08164,0.74000,1.22000,0.04000,0.79000,1.09000,0.06000,-0.61702,-17.91669,61.16552,-29.55368,-65.58698,41.03304
55.76120,0.01437,69.58120,ApproachEntry,Double,281.81260,169.88260,40.41491,142.28980,142.28980,0.00000,281.81260,40.41491,33.41491,0.00000,0.00000,0.00000,1.00000,6,6,1,0.62479,1.09837,0.01186,0.86379,0.97028,0.08164,0.74000,1.22000,0.04000,0.79000,1.09000,0.06000,-0.61702,-17.91669,61.16552,-29.55368,-65.58698,41.03304
55.80614,0.01502,66.56842,ApproachEntry,Double,281.81260,169.88260,40.41491,142.28980,142.28980,0.00000,281.81260,40.41491,33.41491,0.00000,0.00000,0.00000,1.00000,6,6,1,0.62479,1.09837,0.01186,0.86379,0.97028,0.08164,0.74000,1.22000,0.04000,0.79000,1.09000,0.06000,-0.61702,-17.91669,61.16552,-29.55368,-65.58698,41.03304
55.85048,0.01444,69.23471,ApproachEntry,Double,281.81260,169.88260,40.41491,142.28980,142.28980,0.00000,281.81260,40.41491,33.41491,0.00000,0.00000,0.00000,1.00000,6,6,1,0.62479,1.09837,0.01186,0.86379,0.97028,0.08164,0.74000,1.22000,0.04000,0.79000,1.09000,0.06000,-0.61702,-17.91669,61.16552,-29.55368,-65.58698,41.03304
55.89418,0.01436,69.65559,ApproachEntry,Double,281.81260,169.88260,40.41491,142.28980,142.28980,0.00000,281.81260,40.41491,33.41491,0.00000,0.00000,0.00000,1.00000,6,6,1,0.62479,1.09837,0.01186,0.86379,0.97028,0.08164,0.74000,1.22000,0.04000,0.79000,1.09000,0.06000,-0.61702,-17.91669,61.16552,-29.55368,-65.58698,41.03304
55.93818,0.01443,69.29359,ApproachEntry,Double,281.81260,169.88260,40.41491,142.28980,142.28980,0.00000,281.81260,40.41491,33.41491,0.00000,0.00000,0.00000,1.00000,6,6,1,0.62479,1.09837,0.01186,0.86379,0.97028,0.08164,0.74000,1.22000,0.04000,0.79000,1.09000,0.06000,-0.61702,-17.91669,61.16552,-29.55368,-65.58698,41.03304
55.98176,0.01467,68.14635,ApproachEntry,Double,281.81260,169.88260,40.41491,142.28980,142.28980,0.00000,281.81260,40.41491,33.41491,0.00000,0.00000,0.00000,1.00000,6,6,1,0.62479,1.09837,0.01186,0.86379,0.97028,0.08164,0.74000,1.22000,0.04000,0.79000,1.09000,0.06000,-0.61702,-17.91669,61.16552,-29.55368,-65.58698,41.03304
56.02626,0.01492,67.00346,ApproachEntry,Double,281.81260,169.88260,40.41491,142.28980,142.28980,0.00000,281.81260,40.41491,33.41491,0.00000,0.00000,0.00000,1.00000,6,6,1,0.62479,1.09837,0.01186,0.86379,0.97028,0.08164,0.74000,1.22000,0.04000,0.79000,1.09000,0.06000,-0.61702,-17.91669,61.16552,-29.55368,-65.58698,41.03304
56.06996,0.01385,72.18252,ApproachEntry,Double,281.81260,169.88260,40.41491,142.28980,142.28980,0.00000,281.81260,40.41491,33.41491,0.00000,0.00000,0.00000,1.00000,6,6,1,0.62479,1.09837,0.01186,0.86379,0.97028,0.08164,0.74000,1.22000,0.04000,0.79000,1.09000,0.06000,-0.61702,-17.91669,61.16552,-29.55368,-65.58698,41.03304
56.10042,0.01406,71.10348,ApproachEntry,Double,281.81260,169.88260,40.41491,142.28980,142.28980,0.00000,281.81260,40.41491,33.41491,0.00000,0.00000,0.00000,1.00000,6,6,1,0.62479,1.09837,0.01186,0.86379,0.97028,0.08164,0.74000,1.22000,0.04000,0.79000,1.09000,0.06000,-0.61702,-17.91669,61.16552,-29.55368,-65.58698,41.03304
56.14343,0.01430,69.93007,ApproachEntry,Double,281.81260,169.88260,40.41491,142.28980,142.28980,0.00000,281.81260,40.41491,33.41491,0.00000,0.00000,0.00000,1.00000,6,6,1,0.62479,1.09837,0.01186,0.86379,0.97028,0.08164,0.74000,1.22000,0.04000,0.79000,1.09000,0.06000,-0.61702,-17.91669,61.16552,-29.55368,-65.58698,41.03304
56.18756,0.01600,62.49490,ApproachEntry,Double,281.81260,169.88260,40.41491,142.28980,142.28980,0.00000,281.81260,40.41491,33.41491,0.00000,0.00000,0.00000,1.00000,6,6,1,0.62479,1.09837,0.01186,0.86379,0.97028,0.08164,0.74000,1.22000,0.04000,0.79000,1.09000,0.06000,-0.61702,-17.91669,61.16552,-29.55368,-65.58698,41.03304
56.22983,0.01360,73.52378,ApproachEntry,Double,281.81260,169.88260,40.41491,142.28980,142.28980,0.00000,281.81260,40.41491,33.41491,0.00000,0.00000,0.00000,1.00000,6,6,1,0.62479,1.09837,0.01186,0.86379,0.97028,0.08164,0.74000,1.22000,0.04000,0.79000,1.09000,0.06000,-0.61702,-17.91669,61.16552,-29.55368,-65.58698,41.03304
56.27192,0.01349,74.10951,ApproachEntry,Double,281.81260,169.88260,40.41491,142.28980,142.28980,0.00000,281.81260,40.41491,33.41491,0.00000,0.00000,0.00000,1.00000,6,6,1,0.62479,1.09837,0.01186,0.86379,0.97028,0.08164,0.74000,1.22000,0.04000,0.79000,1.09000,0.06000,-0.61702,-17.91669,61.16552,-29.55368,-65.58698,41.03304
56.31400,0.01410,70.93717,ApproachEntry,Double,281.81260,169.88260,40.41491,142.28980,142.28980,0.00000,281.81260,40.41491,33.41491,0.00000,0.00000,0.00000,1.00000,6,6,1,0.62479,1.09837,0.01186,0.86379,0.97028,0.08164,0.74000,1.22000,0.04000,0.79000,1.09000,0.06000,-0.61702,-17.91669,61.16552,-29.55368,-65.58698,41.03304
56.35670,0.01392,71.85728,ApproachEntry,Double,281.81260,169.88260,40.41491,142.28980,142.28980,0.00000,281.81260,40.41491,33.41491,0.00000,0.00000,0.00000,1.00000,6,6,1,0.62479,1.09837,0.01186,0.86379,0.97028,0.08164,0.74000,1.22000,0.04000,0.79000,1.09000,0.06000,-0.61702,-17.91669,61.16552,-29.55368,-65.58698,41.03304
56.39823,0.01381,72.40581,ApproachEntry,Double,281.81260,169.88260,40.41491,142.28980,142.28980,0.00000,281.81260,40.41491,33.41491,0.00000,0.00000,0.00000,1.00000,6,6,1,0.62479,1.09837,0.01186,0.86379,0.97028,0.08164,0.74000,1.22000,0.04000,0.79000,1.09000,0.06000,-0.61702,-17.91669,61.16552,-29.55368,-65.58698,41.03304
56.44084,0.01410,70.90018,ApproachEntry,Double,281.81260,169.88260,40.41491,142.28980,142.28980,0.00000,281.81260,40.41491,33.41491,0.00000,0.00000,0.00000,1.00000,6,6,1,0.62479,1.09837,0.01186,0.86379,0.97028,0.08164,0.74000,1.22000,0.04000,0.79000,1.09000,0.06000,-0.61702,-17.91669,61.16552,-29.55368,-65.58698,41.03304
56.48330,0.01491,67.05169,ApproachEntry,Double,281.81260,169.88260,40.41491,142.28980,142.28980,0.00000,281.81260,40.41491,33.41491,0.00000,0.00000,0.00000,1.00000,6,6,1,0.62479,1.09837,0.01186,0.86379,0.97028,0.08164,0.74000,1.22000,0.04000,0.79000,1.09000,0.06000,-0.61702,-17.91669,61.16552,-29.55368,-65.58698,41.03304
56.52554,0.01432,69.82675,ApproachEntry,Double,281.81260,169.88260,40.41491,142.28980,142.28980,0.00000,281.81260,40.41491,33.41491,0.00000,0.00000,0.00000,1.00000,6,6,1,0.62479,1.09837,0.01186,0.86379,0.97028,0.08164,0.74000,1.22000,0.04000,0.79000,1.09000,0.06000,-0.61702,-17.91669,61.16552,-29.55368,-65.58698,41.03304
56.56721,0.01439,69.47901,ApproachEntry,Double,281.81260,169.88260,40.41491,142.28980,142.28980,0.00000,281.81260,40.41491,33.41491,0.00000,0.00000,0.00000,1.00000,6,6,1,0.62479,1.09837,0.01186,0.86379,0.97028,0.08164,0.74000,1.22000,0.04000,0.79000,1.09000,0.06000,-0.61702,-17.91669,61.16552,-29.55368,-65.58698,41.03304
56.60942,0.01403,71.25225,ApproachEntry,Double,281.81260,169.88260,40.41491,142.28980,142.28980,0.00000,281.81260,40.41491,33.41491,0.00000,0.00000,0.00000,1.00000,6,6,1,0.62479,1.09837,0.01186,0.86379,0.97028,0.08164,0.74000,1.22000,0.04000,0.79000,1.09000,0.06000,-0.61702,-17.91669,61.16552,-29.55368,-65.58698,41.03304
56.65099,0.01362,73.43594,ApproachEntry,Double,281.81260,169.88260,40.41491,142.28980,142.28980,0.00000,281.81260,40.41491,33.41491,0.00000,0.00000,0.00000,1.00000,6,6,1,0.62479,1.09837,0.01186,0.86379,0.97028,0.08164,0.74000,1.22000,0.04000,0.79000,1.09000,0.06000,-0.61702,-17.91669,61.16552,-29.55368,-65.58698,41.03304
56.69394,0.01401,71.35536,ApproachEntry,Double,281.81260,169.88260,40.41491,142.28980,142.28980,0.00000,281.81260,40.41491,33.41491,0.00000,0.00000,0.00000,1.00000,6,6,1,0.62479,1.09837,0.01186,0.86379,0.97028,0.08164,0.74000,1.22000,0.04000,0.79000,1.09000,0.06000,-0.61702,-17.91669,61.16552,-29.55368,-65.58698,41.03304
56.73648,0.01434,69.74883,ApproachEntry,Double,281.81260,169.88260,40.41491,142.28980,142.28980,0.00000,281.81260,40.41491,33.41491,0.00000,0.00000,0.00000,1.00000,6,6,1,0.62479,1.09837,0.01186,0.86379,0.97028,0.08164,0.74000,1.22000,0.04000,0.79000,1.09000,0.06000,-0.61702,-17.91669,61.16552,-29.55368,-65.58698,41.03304
56.77942,0.01518,65.85674,ApproachEntry,Double,281.81260,169.88260,40.41491,142.28980,142.28980,0.00000,281.81260,40.41491,33.41491,0.00000,0.00000,0.00000,1.00000,6,6,1,0.62479,1.09837,0.01186,0.86379,0.97028,0.08164,0.74000,1.22000,0.04000,0.79000,1.09000,0.06000,-0.61702,-17.91669,61.16552,-29.55368,-65.58698,41.03304
56.81855,0.01285,77.84333,ApproachEntry,Double,281.81260,169.88260,40.41491,142.28980,142.28980,0.00000,281.81260,40.41491,33.41491,0.00000,0.00000,0.00000,1.00000,6,6,1,0.62479,1.09837,0.01186,0.86379,0.97028,0.08164,0.74000,1.22000,0.04000,0.79000,1.09000,0.06000,-0.61702,-17.91669,61.16552,-29.55368,-65.58698,41.03304
56.86011,0.01312,76.21751,ApproachEntry,Double,281.81260,169.88260,40.41491,142.28980,142.28980,0.00000,281.81260,40.41491,33.41491,0.00000,0.00000,0.00000,1.00000,6,6,1,0.62479,1.09837,0.01186,0.86379,0.97028,0.08164,0.74000,1.22000,0.04000,0.79000,1.09000,0.06000,-0.61702,-17.91669,61.16552,-29.55368,-65.58698,41.03304
56.89978,0.01303,76.73794,ApproachEntry,Double,281.81260,169.88260,40.41491,142.28980,142.28980,0.00000,281.81260,40.41491,33.41491,0.00000,0.00000,0.00000,1.00000,6,6,1,0.62479,1.09837,0.01186,0.86379,0.97028,0.08164,0.74000,1.22000,0.04000,0.79000,1.09000,0.06000,-0.61702,-17.91669,61.16552,-29.55368,-65.58698,41.03304
56.93982,0.01308,76.47657,ApproachEntry,Double,281.81260,169.88260,40.41491,142.28980,142.28980,0.00000,281.81260,40.41491,33.41491,0.00000,0.00000,0.00000,1.00000,6,6,1,0.62479,1.09837,0.01186,0.86379,0.97028,0.08164,0.74000,1.22000,0.04000,0.79000,1.09000,0.06000,-0.61702,-17.91669,61.16552,-29.55368,-65.58698,41.03304
56.98043,0.01344,74.40166,ApproachEntry,Double,281.81260,169.88260,40.41491,142.28980,142.28980,0.00000,281.81260,40.41491,33.41491,0.00000,0.00000,0.00000,1.00000,6,6,1,0.62479,1.09837,0.01186,0.86379,0.97028,0.08164,0.74000,1.22000,0.04000,0.79000,1.09000,0.06000,-0.61702,-17.91669,61.16552,-29.55368,-65.58698,41.03304
57.02065,0.01265,79.07349,ApproachEntry,Double,281.81260,169.88260,40.41491,142.28980,142.28980,0.00000,281.81260,40.41491,33.41491,0.00000,0.00000,0.00000,1.00000,6,6,1,0.62479,1.09837,0.01186,0.86379,0.97028,0.08164,0.74000,1.22000,0.04000,0.79000,1.09000,0.06000,-0.61702,-17.91669,61.16552,-29.55368,-65.58698,41.03304
57.06112,0.01323,75.56747,ApproachEntry,Double,281.81260,169.88260,40.41491,142.28980,142.28980,0.00000,281.81260,40.41491,33.41491,0.00000,0.00000,0.00000,1.00000,6,6,1,0.62479,1.09837,0.01186,0.86379,0.97028,0.08164,0.74000,1.22000,0.04000,0.79000,1.09000,0.06000,-0.61702,-17.91669,61.16552,-29.55368,-65.58698,41.03304
57.10187,0.01365,73.26277,ApproachEntry,Double,281.81260,169.88260,40.41491,142.28980,142.28980,0.00000,281.81260,40.41491,33.41491,0.00000,0.00000,0.00000,1.00000,6,6,1,0.62479,1.09837,0.01186,0.86379,0.97028,0.08164,0.74000,1.22000,0.04000,0.79000,1.09000,0.06000,-0.61702,-17.91669,61.16552,-29.55368,-65.58698,41.03304
57.14246,0.01353,73.92146,ApproachEntry,Double,281.81260,169.88260,40.41491,142.28980,142.28980,0.00000,281.81260,40.41491,33.41491,0.00000,0.00000,0.00000,1.00000,6,6,1,0.62479,1.09837,0.01186,0.86379,0.97028,0.08164,0.74000,1.22000,0.04000,0.79000,1.09000,0.06000,-0.61702,-17.91669,61.16552,-29.55368,-65.58698,41.03304
57.18425,0.01536,65.09639,ApproachEntry,Double,281.81260,169.88260,40.41491,142.28980,142.28980,0.00000,281.81260,40.41491,33.41491,0.00000,0.00000,0.00000,1.00000,6,6,1,0.62479,1.09837,0.01186,0.86379,0.97028,0.08164,0.74000,1.22000,0.04000,0.79000,1.09000,0.06000,-0.61702,-17.91669,61.16552,-29.55368,-65.58698,41.03304
57.22612,0.01417,70.59483,ApproachEntry,Double,281.81260,169.88260,40.41491,142.28980,142.28980,0.00000,281.81260,40.41491,33.41491,0.00000,0.00000,0.00000,1.00000,6,6,1,0.62479,1.09837,0.01186,0.86379,0.97028,0.08164,0.74000,1.22000,0.04000,0.79000,1.09000,0.06000,-0.61702,-17.91669,61.16552,-29.55368,-65.58698,41.03304
57.26586,0.01355,73.78893,ApproachEntry,Double,281.81260,169.88260,40.41491,142.28980,142.28980,0.00000,281.81260,40.41491,33.41491,0.00000,0.00000,0.00000,1.00000,6,6,1,0.62479,1.09837,0.01186,0.86379,0.97028,0.08164,0.74000,1.22000,0.04000,0.79000,1.09000,0.06000,-0.61702,-17.91669,61.16552,-29.55368,-65.58698,41.03304
57.30577,0.01359,73.57039,ApproachEntry,Double,281.81260,169.88260,40.41491,142.28980,142.28980,0.00000,281.81260,40.41491,33.41491,0.00000,0.00000,0.00000,1.00000,6,6,1,0.62479,1.09837,0.01186,0.86379,0.97028,0.08164,0.74000,1.22000,0.04000,0.79000,1.09000,0.06000,-0.61702,-17.91669,61.16552,-29.55368,-65.58698,41.03304
57.34565,0.01378,72.57109,ApproachEntry,Double,281.81260,169.88260,40.41491,142.28980,142.28980,0.00000,281.81260,40.41491,33.41491,0.00000,0.00000,0.00000,1.00000,6,6,1,0.62479,1.09837,0.01186,0.86379,0.97028,0.08164,0.74000,1.22000,0.04000,0.79000,1.09000,0.06000,-0.61702,-17.91669,61.16552,-29.55368,-65.58698,41.03304
57.38535,0.01344,74.40323,ApproachEntry,Double,281.81260,169.88260,40.41491,142.28980,142.28980,0.00000,281.81260,40.41491,33.41491,0.00000,0.00000,0.00000,1.00000,6,6,1,0.62479,1.09837,0.01186,0.86379,0.97028,0.08164,0.74000,1.22000,0.04000,0.79000,1.09000,0.06000,-0.61702,-17.91669,61.16552,-29.55368,-65.58698,41.03304
57.42570,0.01336,74.83681,ApproachEntry,Double,281.81260,169.88260,40.41491,142.28980,142.28980,0.00000,281.81260,40.41491,33.41491,0.00000,0.00000,0.00000,1.00000,6,6,1,0.62479,1.09837,0.01186,0.86379,0.97028,0.08164,0.74000,1.22000,0.04000,0.79000,1.09000,0.06000,-0.61702,-17.91669,61.16552,-29.55368,-65.58698,41.03304
57.46519,0.01326,75.38993,ApproachEntry,Double,281.81260,169.88260,40.41491,142.28980,142.28980,0.00000,281.81260,40.41491,33.41491,0.00000,0.00000,0.00000,1.00000,6,6,1,0.62479,1.09837,0.01186,0.86379,0.97028,0.08164,0.74000,1.22000,0.04000,0.79000,1.09000,0.06000,-0.61702,-17.91669,61.16552,-29.55368,-65.58698,41.03304
57.50539,0.01363,73.36401,ApproachEntry,Double,281.81260,169.88260,40.41491,142.28980,142.28980,0.00000,281.81260,40.41491,33.41491,0.00000,0.00000,0.00000,1.00000,6,6,1,0.62479,1.09837,0.01186,0.86379,0.97028,0.08164,0.74000,1.22000,0.04000,0.79000,1.09000,0.06000,-0.61702,-17.91669,61.16552,-29.55368,-65.58698,41.03304
57.54566,0.01387,72.10444,ApproachEntry,Double,281.81260,169.88260,40.41491,142.28980,142.28980,0.00000,281.81260,40.41491,33.41491,0.00000,0.00000,0.00000,1.00000,6,6,1,0.62479,1.09837,0.01186,0.86379,0.97028,0.08164,0.74000,1.22000,0.04000,0.79000,1.09000,0.06000,-0.61702,-17.91669,61.16552,-29.55368,-65.58698,41.03304
57.58564,0.01381,72.39826,ApproachEntry,Double,281.81260,169.88260,40.41491,142.28980,142.28980,0.00000,281.81260,40.41491,33.41491,0.00000,0.00000,0.00000,1.00000,6,6,1,0.62479,1.09837,0.01186,0.86379,0.97028,0.08164,0.74000,1.22000,0.04000,0.79000,1.09000,0.06000,-0.61702,-17.91669,61.16552,-29.55368,-65.58698,41.03304
57.62556,0.01272,78.60814,ApproachEntry,Double,281.81260,169.88260,40.41491,142.28980,142.28980,0.00000,281.81260,40.41491,33.41491,0.00000,0.00000,0.00000,1.00000,6,6,1,0.62479,1.09837,0.01186,0.86379,0.97028,0.08164,0.74000,1.22000,0.04000,0.79000,1.09000,0.06000,-0.61702,-17.91669,61.16552,-29.55368,-65.58698,41.03304
57.66439,0.01315,76.03329,ApproachEntry,Double,281.81260,169.88260,40.41491,142.28980,142.28980,0.00000,281.81260,40.41491,33.41491,0.00000,0.00000,0.00000,1.00000,6,6,1,0.62479,1.09837,0.01186,0.86379,0.97028,0.08164,0.74000,1.22000,0.04000,0.79000,1.09000,0.06000,-0.61702,-17.91669,61.16552,-29.55368,-65.58698,41.03304
57.70274,0.00969,103.25010,ApproachEntry,Double,414.30550,235.50340,63.95946,302.65290,302.65290,0.00000,414.30550,63.95946,56.95946,0.00000,0.00000,0.00000,1.00000,6,6,1,0.78451,0.99046,0.06814,1.02813,0.97215,0.20494,0.74000,1.22000,0.04000,0.79000,1.09000,0.06000,-0.14587,-1.36299,5.33475,-1.39758,-7.68000,1.81573
57.73884,0.00873,114.49130,ApproachEntry,Double,432.94060,250.29020,56.34489,309.06230,309.06230,0.00000,432.94060,56.34489,49.34489,0.00000,0.00000,0.00000,1.00000,6,6,1,0.76650,0.97250,0.06619,1.01306,0.91798,0.18717,0.74000,1.22000,0.04000,0.79000,1.09000,0.06000,-0.76860,-9.04340,20.69474,1.36962,-23.03999,4.79348
57.77563,0.00961,104.06220,ApproachEntry,Double,575.80300,397.90740,40.14344,435.21600,435.21600,0.00000,575.80300,40.14344,33.14344,0.00000,0.00000,0.00000,1.00000,6,6,1,0.72000,0.82273,0.05022,0.95158,0.69406,0.14086,0.74000,1.22000,0.04000,0.79000,1.09000,0.06000,-1.19663,-24.40339,36.05473,-6.42751,-38.39997,13.46281
57.81238,0.00889,112.52840,ApproachEntry,Double,550.87360,374.08920,32.85943,411.07080,411.07080,0.00000,550.87360,32.85943,25.85943,0.00000,0.00000,0.00000,1.00000,6,6,1,0.66854,0.85284,0.03439,0.88995,0.69289,0.09599,0.74000,1.22000,0.04000,0.79000,1.09000,0.06000,-1.31965,-29.59402,51.41471,-18.40807,-53.75996,28.81304
57.84942,0.00905,110.46250,ApproachEntry,Double,281.81260,169.88260,40.41491,142.28980,142.28980,0.00000,281.81260,40.41491,33.41491,0.00000,0.00000,0.00000,1.00000,6,6,1,0.62479,1.09837,0.01186,0.86379,0.97028,0.08164,0.74000,1.22000,0.04000,0.79000,1.09000,0.06000,-0.61702,-17.91669,61.16552,-29.55368,-65.58698,41.03304
57.88715,0.01279,78.18430,ApproachEntry,Double,281.81260,169.88260,40.41491,142.28980,142.28980,0.00000,281.81260,40.41491,33.41491,0.00000,0.00000,0.00000,1.00000,6,6,1,0.62479,1.09837,0.01186,0.86379,0.97028,0.08164,0.74000,1.22000,0.04000,0.79000,1.09000,0.06000,-0.61702,-17.91669,61.16552,-29.55368,-65.58698,41.03304
57.92632,0.01280,78.12020,ApproachEntry,Double,281.81260,169.88260,40.41491,142.28980,142.28980,0.00000,281.81260,40.41491,33.41491,0.00000,0.00000,0.00000,1.00000,6,6,1,0.62479,1.09837,0.01186,0.86379,0.97028,0.08164,0.74000,1.22000,0.04000,0.79000,1.09000,0.06000,-0.61702,-17.91669,61.16552,-29.55368,-65.58698,41.03304
57.96488,0.01350,74.05067,ApproachEntry,Double,281.81260,169.88260,40.41491,142.28980,142.28980,0.00000,281.81260,40.41491,33.41491,0.00000,0.00000,0.00000,1.00000,6,6,1,0.62479,1.09837,0.01186,0.86379,0.97028,0.08164,0.74000,1.22000,0.04000,0.79000,1.09000,0.06000,-0.61702,-17.91669,61.16552,-29.55368,-65.58698,41.03304
58.00337,0.01284,77.86250,ApproachEntry,Double,281.81260,169.88260,40.41491,142.28980,142.28980,0.00000,281.81260,40.41491,33.41491,0.00000,0.00000,0.00000,1.00000,6,6,1,0.62479,1.09837,0.01186,0.86379,0.97028,0.08164,0.74000,1.22000,0.04000,0.79000,1.09000,0.06000,-0.61702,-17.91669,61.16552,-29.55368,-65.58698,41.03304
58.04507,0.01340,74.63993,ApproachEntry,Double,281.81260,169.88260,40.41491,142.28980,142.28980,0.00000,281.81260,40.41491,33.41491,0.00000,0.00000,0.00000,1.00000,6,6,1,0.62479,1.09837,0.01186,0.86379,0.97028,0.08164,0.74000,1.22000,0.04000,0.79000,1.09000,0.06000,-0.61702,-17.91669,61.16552,-29.55368,-65.58698,41.03304
58.08323,0.01286,77.74933,ApproachEntry,Double,281.81260,169.88260,40.41491,142.28980,142.28980,0.00000,281.81260,40.41491,33.41491,0.00000,0.00000,0.00000,1.00000,6,6,1,0.62479,1.09837,0.01186,0.86379,0.97028,0.08164,0.74000,1.22000,0.04000,0.79000,1.09000,0.06000,-0.61702,-17.91669,61.16552,-29.55368,-65.58698,41.03304
58.12690,0.01444,69.24355,ApproachEntry,Double,281.81260,169.88260,40.41491,142.28980,142.28980,0.00000,281.81260,40.41491,33.41491,0.00000,0.00000,0.00000,1.00000,6,6,1,0.62479,1.09837,0.01186,0.86379,0.97028,0.08164,0.74000,1.22000,0.04000,0.79000,1.09000,0.06000,-0.61702,-17.91669,61.16552,-29.55368,-65.58698,41.03304
58.16891,0.01220,81.95355,ApproachEntry,Double,281.81260,169.88260,40.41491,142.28980,142.28980,0.00000,281.81260,40.41491,33.41491,0.00000,0.00000,0.00000,1.00000,6,6,1,0.62479,1.09837,0.01186,0.86379,0.97028,0.08164,0.74000,1.22000,0.04000,0.79000,1.09000,0.06000,-0.61702,-17.91669,61.16552,-29.55368,-65.58698,41.03304
58.19959,0.01487,67.25829,ApproachEntry,Double,281.81260,169.88260,40.41491,142.28980,142.28980,0.00000,281.81260,40.41491,33.41491,0.00000,0.00000,0.00000,1.00000,6,6,1,0.62479,1.09837,0.01186,0.86379,0.97028,0.08164,0.74000,1.22000,0.04000,0.79000,1.09000,0.06000,-0.61702,-17.91669,61.16552,-29.55368,-65.58698,41.03304
58.24063,0.01290,77.52048,ApproachEntry,Double,281.81260,169.88260,40.41491,142.28980,142.28980,0.00000,281.81260,40.41491,33.41491,0.00000,0.00000,0.00000,1.00000,6,6,1,0.62479,1.09837,0.01186,0.86379,0.97028,0.08164,0.74000,1.22000,0.04000,0.79000,1.09000,0.06000,-0.61702,-17.91669,61.16552,-29.55368,-65.58698,41.03304
58.28142,0.01469,68.07594,ApproachEntry,Double,281.81260,169.88260,40.41491,142.28980,142.28980,0.00000,281.81260,40.41491,33.41491,0.00000,0.00000,0.00000,1.00000,6,6,1,0.62479,1.09837,0.01186,0.86379,0.97028,0.08164,0.74000,1.22000,0.04000,0.79000,1.09000,0.06000,-0.61702,-17.91669,61.16552,-29.55368,-65.58698,41.03304
58.32243,0.01352,73.95192,ApproachEntry,Double,281.81260,169.88260,40.41491,142.28980,142.28980,0.00000,281.81260,40.41491,33.41491,0.00000,0.00000,0.00000,1.00000,6,6,1,0.62479,1.09837,0.01186,0.86379,0.97028,0.08164,0.74000,1.22000,0.04000,0.79000,1.09000,0.06000,-0.61702,-17.91669,61.16552,-29.55368,-65.58698,41.03304
58.36324,0.01285,77.81410,ApproachEntry,Double,281.81260,169.88260,40.41491,142.28980,142.28980,0.00000,281.81260,40.41491,33.41491,0.00000,0.00000,0.00000,1.00000,6,6,1,0.62479,1.09837,0.01186,0.86379,0.97028,0.08164,0.74000,1.22000,0.04000,0.79000,1.09000,0.06000,-0.61702,-17.91669,61.16552,-29.55368,-65.58698,41.03304
58.40136,0.01260,79.39290,ApproachEntry,Double,281.81260,169.88260,40.41491,142.28980,142.28980,0.00000,281.81260,40.41491,33.41491,0.00000,0.00000,0.00000,1.00000,6,6,1,0.62479,1.09837,0.01186,0.86379,0.97028,0.08164,0.74000,1.22000,0.04000,0.79000,1.09000,0.06000,-0.61702,-17.91669,61.16552,-29.55368,-65.58698,41.03304
58.44026,0.01030,97.10167,ApproachEntry,Double,414.30550,235.50340,63.95946,302.65290,302.65290,0.00000,414.30550,63.95946,56.95946,0.00000,0.00000,0.00000,1.00000,6,6,1,0.78451,0.99046,0.06814,1.02813,0.97215,0.20494,0.74000,1.22000,0.04000,0.79000,1.09000,0.06000,-0.14587,-1.36299,5.33475,-1.39758,-7.68000,1.81573
58.47622,0.00967,103.36610,ApproachEntry,Double,432.94060,250.29020,56.34489,309.06230,309.06230,0.00000,432.94060,56.34489,49.34489,0.00000,0.00000,0.00000,1.00000,6,6,1,0.76650,0.97250,0.06619,1.01306,0.91798,0.18717,0.74000,1.22000,0.04000,0.79000,1.09000,0.06000,-0.76860,-9.04340,20.69474,1.36962,-23.03999,4.79348
58.51128,0.00894,111.80970,ApproachEntry,Double,575.80300,397.90740,40.14344,435.21600,435.21600,0.00000,575.80300,40.14344,33.14344,0.00000,0.00000,0.00000,1.00000,6,6,1,0.72000,0.82273,0.05022,0.95158,0.69406,0.14086,0.74000,1.22000,0.04000,0.79000,1.09000,0.06000,-1.19663,-24.40339,36.05473,-6.42751,-38.39997,13.46281
58.54723,0.01037,96.44120,ApproachEntry,Double,550.87360,374.08920,32.85943,411.07080,411.07080,0.00000,550.87360,32.85943,25.85943,0.00000,0.00000,0.00000,1.00000,6,6,1,0.66854,0.85284,0.03439,0.88995,0.69289,0.09599,0.74000,1.22000,0.04000,0.79000,1.09000,0.06000,-1.31965,-29.59402,51.41471,-18.40807,-53.75996,28.81304
58.58128,0.00840,118.99490,ApproachEntry,Double,281.81260,169.88260,40.41491,142.28980,142.28980,0.00000,281.81260,40.41491,33.41491,0.00000,0.00000,0.00000,1.00000,6,6,1,0.62479,1.09837,0.01186,0.86379,0.97028,0.08164,0.74000,1.22000,0.04000,0.79000,1.09000,0.06000,-0.61702,-17.91669,61.16552,-29.55368,-65.58698,41.03304
58.61784,0.01228,81.41592,ApproachEntry,Double,281.81260,169.88260,40.41491,142.28980,142.28980,0.00000,281.81260,40.41491,33.41491,0.00000,0.00000,0.00000,1.00000,6,6,1,0.62479,1.09837,0.01186,0.86379,0.97028,0.08164,0.74000,1.22000,0.04000,0.79000,1.09000,0.06000,-0.61702,-17.91669,61.16552,-29.55368,-65.58698,41.03304
58.65627,0.01395,71.70589,ApproachEntry,Double,281.81260,169.88260,40.41491,142.28980,142.28980,0.00000,281.81260,40.41491,33.41491,0.00000,0.00000,0.00000,1.00000,6,6,1,0.62479,1.09837,0.01186,0.86379,0.97028,0.08164,0.74000,1.22000,0.04000,0.79000,1.09000,0.06000,-0.61702,-17.91669,61.16552,-29.55368,-65.58698,41.03304
58.69337,0.01241,80.55341,ApproachEntry,Double,281.81260,169.88260,40.41491,142.28980,142.28980,0.00000,281.81260,40.41491,33.41491,0.00000,0.00000,0.00000,1.00000,6,6,1,0.62479,1.09837,0.01186,0.86379,0.97028,0.08164,0.74000,1.22000,0.04000,0.79000,1.09000,0.06000,-0.61702,-17.91669,61.16552,-29.55368,-65.58698,41.03304
58.73170,0.01211,82.54760,ApproachEntry,Double,281.81260,169.88260,40.41491,142.28980,142.28980,0.00000,281.81260,40.41491,33.41491,0.00000,0.00000,0.00000,1.00000,6,6,1,0.62479,1.09837,0.01186,0.86379,0.97028,0.08164,0.74000,1.22000,0.04000,0.79000,1.09000,0.06000,-0.61702,-17.91669,61.16552,-29.55368,-65.58698,41.03304
58.77254,0.01254,79.77600,ApproachEntry,Double,281.81260,169.88260,40.41491,142.28980,142.28980,0.00000,281.81260,40.41491,33.41491,0.00000,0.00000,0.00000,1.00000,6,6,1,0.62479,1.09837,0.01186,0.86379,0.97028,0.08164,0.74000,1.22000,0.04000,0.79000,1.09000,0.06000,-0.61702,-17.91669,61.16552,-29.55368,-65.58698,41.03304
58.81050,0.01220,81.95650,ApproachEntry,Double,281.81260,169.88260,40.41491,142.28980,142.28980,0.00000,281.81260,40.41491,33.41491,0.00000,0.00000,0.00000,1.00000,6,6,1,0.62479,1.09837,0.01186,0.86379,0.97028,0.08164,0.74000,1.22000,0.04000,0.79000,1.09000,0.06000,-0.61702,-17.91669,61.16552,-29.55368,-65.58698,41.03304
58.84907,0.01249,80.06186,ApproachEntry,Double,281.81260,169.88260,40.41491,142.28980,142.28980,0.00000,281.81260,40.41491,33.41491,0.00000,0.00000,0.00000,1.00000,6,6,1,0.62479,1.09837,0.01186,0.86379,0.97028,0.08164,0.74000,1.22000,0.04000,0.79000,1.09000,0.06000,-0.61702,-17.91669,61.16552,-29.55368,-65.58698,41.03304
58.88713,0.01193,83.78967,ApproachEntry,Double,281.81260,169.88260,40.41491,142.28980,142.28980,0.00000,281.81260,40.41491,33.41491,0.00000,0.00000,0.00000,1.00000,6,6,1,0.62479,1.09837,0.01186,0.86379,0.97028,0.08164,0.74000,1.22000,0.04000,0.79000,1.09000,0.06000,-0.61702,-17.91669,61.16552,-29.55368,-65.58698,41.03304
58.92768,0.01626,61.49590,ApproachEntry,Double,281.81260,169.88260,40.41491,142.28980,142.28980,0.00000,281.81260,40.41491,33.41491,0.00000,0.00000,0.00000,1.00000,6,6,1,0.62479,1.09837,0.01186,0.86379,0.97028,0.08164,0.74000,1.22000,0.04000,0.79000,1.09000,0.06000,-0.61702,-17.91669,61.16552,-29.55368,-65.58698,41.03304
58.96671,0.01350,74.06234,ApproachEntry,Double,281.81260,169.88260,40.41491,142.28980,142.28980,0.00000,281.81260,40.41491,33.41491,0.00000,0.00000,0.00000,1.00000,6,6,1,0.62479,1.09837,0.01186,0.86379,0.97028,0.08164,0.74000,1.22000,0.04000,0.79000,1.09000,0.06000,-0.61702,-17.91669,61.16552,-29.55368,-65.58698,41.03304
59.00334,0.01235,80.97872,ApproachEntry,Double,281.81260,169.88260,40.41491,142.28980,142.28980,0.00000,281.81260,40.41491,33.41491,0.00000,0.00000,0.00000,1.00000,6,6,1,0.62479,1.09837,0.01186,0.86379,0.97028,0.08164,0.74000,1.22000,0.04000,0.79000,1.09000,0.06000,-0.61702,-17.91669,61.16552,-29.55368,-65.58698,41.03304
59.04367,0.01468,68.12596,ApproachEntry,Double,411.09410,236.21030,65.68362,301.39810,301.39810,0.00000,411.09410,65.68362,58.68362,0.00000,0.00000,0.00000,1.00000,6,6,1,0.78578,0.99002,0.06844,1.02765,0.97989,0.20914,0.74000,1.22000,0.04000,0.79000,1.09000,0.06000,-0.08375,0.27912,1.49475,-0.50049,-3.84000,0.73176
59.07896,0.00864,115.70410,ApproachEntry,Double,415.61820,229.93010,59.17123,298.29530,298.29530,0.00000,415.61820,59.17122,52.17122,0.00000,0.00000,0.00000,1.00000,6,6,1,0.77430,0.99394,0.06429,1.02307,0.95305,0.18611,0.74000,1.22000,0.04000,0.79000,1.09000,0.06000,-0.48344,-6.17438,16.85475,1.06565,-19.19999,4.78964
59.11518,0.00942,106.13060,ApproachEntry,Double,538.36410,361.57310,44.28580,398.99200,398.99200,0.00000,538.36410,44.28580,37.28580,0.00000,0.00000,0.00000,1.00000,6,6,1,0.73450,0.85888,0.05728,0.97044,0.74846,0.15995,0.74000,1.22000,0.04000,0.79000,1.09000,0.06000,-1.13217,-20.56339,32.21473,-4.20493,-34.55998,10.13334
59.14981,0.00869,115.04070,ApproachEntry,Double,613.79500,431.94760,31.68122,474.47480,474.47480,0.00000,613.79500,31.68122,24.68122,0.00000,0.00000,0.00000,1.00000,6,6,1,0.67554,0.79293,0.03421,0.89345,0.62835,0.09608,0.74000,1.22000,0.04000,0.79000,1.09000,0.06000,-1.34869,-31.51961,47.57472,-15.09085,-49.91996,24.97305
59.18658,0.00900,111.15470,ApproachEntry,Double,289.81780,174.05500,40.17748,150.00690,150.00690,0.00000,289.81780,40.17748,33.17748,0.00000,0.00000,0.00000,1.00000,6,6,1,0.62535,1.09118,0.01641,0.86364,0.96210,0.08683,0.74000,1.22000,0.04000,0.79000,1.09000,0.06000,-0.85525,-18.23380,60.80591,-28.86283,-65.27995,40.33303
59.21906,0.01192,83.90874,ApproachEntry,Double,281.81260,169.88260,40.41491,142.28980,142.28980,0.00000,281.81260,40.41491,33.41491,0.00000,0.00000,0.00000,1.00000,6,6,1,0.62479,1.09837,0.01186,0.86379,0.97028,0.08164,0.74000,1.22000,0.04000,0.79000,1.09000,0.06000,-0.61702,-17.91669,61.16552,-29.55368,-65.58698,41.03304
59.25658,0.01231,81.22267,ApproachEntry,Double,281.81260,169.88260,40.41491,142.28980,142.28980,0.00000,281.81260,40.41491,33.41491,0.00000,0.00000,0.00000,1.00000,6,6,1,0.62479,1.09837,0.01186,0.86379,0.97028,0.08164,0.74000,1.22000,0.04000,0.79000,1.09000,0.06000,-0.61702,-17.91669,61.16552,-29.55368,-65.58698,41.03304
59.29309,0.01259,79.45816,ApproachEntry,Double,281.81260,169.88260,40.41491,142.28980,142.28980,0.00000,281.81260,40.41491,33.41491,0.00000,0.00000,0.00000,1.00000,6,6,1,0.62479,1.09837,0.01186,0.86379,0.97028,0.08164,0.74000,1.22000,0.04000,0.79000,1.09000,0.06000,-0.61702,-17.91669,61.16552,-29.55368,-65.58698,41.03304
59.32959,0.01201,83.27791,ApproachEntry,Double,281.81260,169.88260,40.41491,142.28980,142.28980,0.00000,281.81260,40.41491,33.41491,0.00000,0.00000,0.00000,1.00000,6,6,1,0.62479,1.09837,0.01186,0.86379,0.97028,0.08164,0.74000,1.22000,0.04000,0.79000,1.09000,0.06000,-0.61702,-17.91669,61.16552,-29.55368,-65.58698,41.03304
59.36609,0.01193,83.80540,ApproachEntry,Double,281.81260,169.88260,40.41491,142.28980,142.28980,0.00000,281.81260,40.41491,33.41491,0.00000,0.00000,0.00000,1.00000,6,6,1,0.62479,1.09837,0.01186,0.86379,0.97028,0.08164,0.74000,1.22000,0.04000,0.79000,1.09000,0.06000,-0.61702,-17.91669,61.16552,-29.55368,-65.58698,41.03304
59.40290,0.01226,81.54944,ApproachEntry,Double,281.81260,169.88260,40.41491,142.28980,142.28980,0.00000,281.81260,40.41491,33.41491,0.00000,0.00000,0.00000,1.00000,6,6,1,0.62479,1.09837,0.01186,0.86379,0.97028,0.08164,0.74000,1.22000,0.04000,0.79000,1.09000,0.06000,-0.61702,-17.91669,61.16552,-29.55368,-65.58698,41.03304
59.44048,0.01226,81.56617,ApproachEntry,Double,281.81260,169.88260,40.41491,142.28980,142.28980,0.00000,281.81260,40.41491,33.41491,0.00000,0.00000,0.00000,1.00000,6,6,1,0.62479,1.09837,0.01186,0.86379,0.97028,0.08164,0.74000,1.22000,0.04000,0.79000,1.09000,0.06000,-0.61702,-17.91669,61.16552,-29.55368,-65.58698,41.03304
59.47731,0.01224,81.71803,ApproachEntry,Double,281.81260,169.88260,40.41491,142.28980,142.28980,0.00000,281.81260,40.41491,33.41491,0.00000,0.00000,0.00000,1.00000,6,6,1,0.62479,1.09837,0.01186,0.86379,0.97028,0.08164,0.74000,1.22000,0.04000,0.79000,1.09000,0.06000,-0.61702,-17.91669,61.16552,-29.55368,-65.58698,41.03304
59.51407,0.01237,80.82349,ApproachEntry,Double,281.81260,169.88260,40.41491,142.28980,142.28980,0.00000,281.81260,40.41491,33.41491,0.00000,0.00000,0.00000,1.00000,6,6,1,0.62479,1.09837,0.01186,0.86379,0.97028,0.08164,0.74000,1.22000,0.04000,0.79000,1.09000,0.06000,-0.61702,-17.91669,61.16552,-29.55368,-65.58698,41.03304
59.55429,0.01335,74.92044,ApproachEntry,Double,281.81260,169.88260,40.41491,142.28980,142.28980,0.00000,281.81260,40.41491,33.41491,0.00000,0.00000,0.00000,1.00000,6,6,1,0.62479,1.09837,0.01186,0.86379,0.97028,0.08164,0.74000,1.22000,0.04000,0.79000,1.09000,0.06000,-0.61702,-17.91669,61.16552,-29.55368,-65.58698,41.03304
59.59143,0.01221,81.91212,ApproachEntry,Double,281.81260,169.88260,40.41491,142.28980,142.28980,0.00000,281.81260,40.41491,33.41491,0.00000,0.00000,0.00000,1.00000,6,6,1,0.62479,1.09837,0.01186,0.86379,0.97028,0.08164,0.74000,1.22000,0.04000,0.79000,1.09000,0.06000,-0.61702,-17.91669,61.16552,-29.55368,-65.58698,41.03304
59.63148,0.01287,77.69462,ApproachEntry,Double,281.81260,169.88260,40.41491,142.28980,142.28980,0.00000,281.81260,40.41491,33.41491,0.00000,0.00000,0.00000,1.00000,6,6,1,0.62479,1.09837,0.01186,0.86379,0.97028,0.08164,0.74000,1.22000,0.04000,0.79000,1.09000,0.06000,-0.61702,-17.91669,61.16552,-29.55368,-65.58698,41.03304
59.66892,0.01188,84.20304,ApproachEntry,Double,281.81260,169.88260,40.41491,142.28980,142.28980,0.00000,281.81260,40.41491,33.41491,0.00000,0.00000,0.00000,1.00000,6,6,1,0.62479,1.09837,0.01186,0.86379,0.97028,0.08164,0.74000,1.22000,0.04000,0.79000,1.09000,0.06000,-0.61702,-17.91669,61.16552,-29.55368,-65.58698,41.03304
59.71006,0.01411,70.84753,ApproachEntry,Double,281.81260,169.88260,40.41491,142.28980,142.28980,0.00000,281.81260,40.41491,33.41491,0.00000,0.00000,0.00000,1.00000,6,6,1,0.62479,1.09837,0.01186,0.86379,0.97028,0.08164,0.74000,1.22000,0.04000,0.79000,1.09000,0.06000,-0.61702,-17.91669,61.16552,-29.55368,-65.58698,41.03304
59.74780,0.01217,82.18881,ApproachEntry,Double,281.81260,169.88260,40.41491,142.28980,142.28980,0.00000,281.81260,40.41491,33.41491,0.00000,0.00000,0.00000,1.00000,6,6,1,0.62479,1.09837,0.01186,0.86379,0.97028,0.08164,0.74000,1.22000,0.04000,0.79000,1.09000,0.06000,-0.61702,-17.91669,61.16552,-29.55368,-65.58698,41.03304
59.78724,0.01483,67.41869,ApproachEntry,Double,281.81260,169.88260,40.41491,142.28980,142.28980,0.00000,281.81260,40.41491,33.41491,0.00000,0.00000,0.00000,1.00000,6,6,1,0.62479,1.09837,0.01186,0.86379,0.97028,0.08164,0.74000,1.22000,0.04000,0.79000,1.09000,0.06000,-0.61702,-17.91669,61.16552,-29.55368,-65.58698,41.03304
59.82625,0.01238,80.75842,ApproachEntry,Double,281.81260,169.88260,40.41491,142.28980,142.28980,0.00000,281.81260,40.41491,33.41491,0.00000,0.00000,0.00000,1.00000,6,6,1,0.62479,1.09837,0.01186,0.86379,0.97028,0.08164,0.74000,1.22000,0.04000,0.79000,1.09000,0.06000,-0.61702,-17.91669,61.16552,-29.55368,-65.58698,41.03304
59.86456,0.01350,74.04726,ApproachEntry,Double,281.81260,169.88260,40.41491,142.28980,142.28980,0.00000,281.81260,40.41491,33.41491,0.00000,0.00000,0.00000,1.00000,6,6,1,0.62479,1.09837,0.01186,0.86379,0.97028,0.08164,0.74000,1.22000,0.04000,0.79000,1.09000,0.06000,-0.61702,-17.91669,61.16552,-29.55368,-65.58698,41.03304
59.90530,0.01340,74.60189,ApproachEntry,Double,281.81260,169.88260,40.41491,142.28980,142.28980,0.00000,281.81260,40.41491,33.41491,0.00000,0.00000,0.00000,1.00000,6,6,1,0.62479,1.09837,0.01186,0.86379,0.97028,0.08164,0.74000,1.22000,0.04000,0.79000,1.09000,0.06000,-0.61702,-17.91669,61.16552,-29.55368,-65.58698,41.03304
59.94204,0.01220,81.93965,ApproachEntry,Double,281.81260,169.88260,40.41491,142.28980,142.28980,0.00000,281.81260,40.41491,33.41491,0.00000,0.00000,0.00000,1.00000,6,6,1,0.62479,1.09837,0.01186,0.86379,0.97028,0.08164,0.74000,1.22000,0.04000,0.79000,1.09000,0.06000,-0.61702,-17.91669,61.16552,-29.55368,-65.58698,41.03304
59.98228,0.01232,81.15718,ApproachEntry,Double,281.81260,169.88260,40.41491,142.28980,142.28980,0.00000,281.81260,40.41491,33.41491,0.00000,0.00000,0.00000,1.00000,6,6,1,0.62479,1.09837,0.01186,0.86379,0.97028,0.08164,0.74000,1.22000,0.04000,0.79000,1.09000,0.06000,-0.61702,-17.91669,61.16552,-29.55368,-65.58698,41.03304
60.02067,0.01187,84.24320,ApproachEntry,Double,281.81260,169.88260,40.41491,142.28980,142.28980,0.00000,281.81260,40.41491,33.41491,0.00000,0.00000,0.00000,1.00000,6,6,1,0.62479,1.09837,0.01186,0.86379,0.97028,0.08164,0.74000,1.22000,0.04000,0.79000,1.09000,0.06000,-0.61702,-17.91669,61.16552,-29.55368,-65.58698,41.03304
60.06158,0.01241,80.60218,ApproachEntry,Double,281.81260,169.88260,40.41491,142.28980,142.28980,0.00000,281.81260,40.41491,33.41491,0.00000,0.00000,0.00000,1.00000,6,6,1,0.62479,1.09837,0.01186,0.86379,0.97028,0.08164,0.74000,1.22000,0.04000,0.79000,1.09000,0.06000,-0.61702,-17.91669,61.16552,-29.55368,-65.58698,41.03304
60.09903,0.01258,79.46317,ApproachEntry,Double,281.81260,169.88260,40.41491,142.28980,142.28980,0.00000,281.81260,40.41491,33.41491,0.00000,0.00000,0.00000,1.00000,6,6,1,0.62479,1.09837,0.01186,0.86379,0.97028,0.08164,0.74000,1.22000,0.04000,0.79000,1.09000,0.06000,-0.61702,-17.91669,61.16552,-29.55368,-65.58698,41.03304
60.14182,0.01354,73.83908,ApproachEntry,Double,281.81260,169.88260,40.41491,142.28980,142.28980,0.00000,281.81260,40.41491,33.41491,0.00000,0.00000,0.00000,1.00000,6,6,1,0.62479,1.09837,0.01186,0.86379,0.97028,0.08164,0.74000,1.22000,0.04000,0.79000,1.09000,0.06000,-0.61702,-17.91669,61.16552,-29.55368,-65.58698,41.03304
60.18032,0.01362,73.41198,ApproachEntry,Double,281.81260,169.88260,40.41491,142.28980,142.28980,0.00000,281.81260,40.41491,33.41491,0.00000,0.00000,0.00000,1.00000,6,6,1,0.62479,1.09837,0.01186,0.86379,0.97028,0.08164,0.74000,1.22000,0.04000,0.79000,1.09000,0.06000,-0.61702,-17.91669,61.16552,-29.55368,-65.58698,41.03304
60.22342,0.01423,70.25131,ApproachEntry,Double,281.81260,169.88260,40.41491,142.28980,142.28980,0.00000,281.81260,40.41491,33.41491,0.00000,0.00000,0.00000,1.00000,6,6,1,0.62479,1.09837,0.01186,0.86379,0.97028,0.08164,0.74000,1.22000,0.04000,0.79000,1.09000,0.06000,-0.61702,-17.91669,61.16552,-29.55368,-65.58698,41.03304
60.26191,0.01303,76.77401,ApproachEntry,Double,281.81260,169.88260,40.41491,142.28980,142.28980,0.00000,281.81260,40.41491,33.41491,0.00000,0.00000,0.00000,1.00000,6,6,1,0.62479,1.09837,0.01186,0.86379,0.97028,0.08164,0.74000,1.22000,0.04000,0.79000,1.09000,0.06000,-0.61702,-17.91669,61.16552,-29.55368,-65.58698,41.03304
60.30166,0.01282,78.02604,ApproachEntry,Double,281.81260,169.88260,40.41491,142.28980,142.28980,0.00000,281.81260,40.41491,33.41491,0.00000,0.00000,0.00000,1.00000,6,6,1,0.62479,1.09837,0.01186,0.86379,0.97028,0.08164,0.74000,1.22000,0.04000,0.79000,1.09000,0.06000,-0.61702,-17.91669,61.16552,-29.55368,-65.58698,41.03304
60.34029,0.01256,79.63415,ApproachEntry,Double,281.81260,169.88260,40.41491,142.28980,142.28980,0.00000,281.81260,40.41491,33.41491,0.00000,0.00000,0.00000,1.00000,6,6,1,0.62479,1.09837,0.01186,0.86379,0.97028,0.08164,0.74000,1.22000,0.04000,0.79000,1.09000,0.06000,-0.61702,-17.91669,61.16552,-29.55368,-65.58698,41.03304
60.38078,0.01351,73.99345,ApproachEntry,Double,281.81260,169.88260,40.41491,142.28980,142.28980,0.00000,281.81260,40.41491,33.41491,0.00000,0.00000,0.00000,1.00000,6,6,1,0.62479,1.09837,0.01186,0.86379,0.97028,0.08164,0.74000,1.22000,0.04000,0.79000,1.09000,0.06000,-0.61702,-17.91669,61.16552,-29.55368,-65.58698,41.03304
60.41735,0.01214,82.35529,ApproachEntry,Double,281.81260,169.88260,40.41491,142.28980,142.28980,0.00000,281.81260,40.41491,33.41491,0.00000,0.00000,0.00000,1.00000,6,6,1,0.62479,1.09837,0.01186,0.86379,0.97028,0.08164,0.74000,1.22000,0.04000,0.79000,1.09000,0.06000,-0.61702,-17.91669,61.16552,-29.55368,-65.58698,41.03304
60.45850,0.01453,68.82160,ApproachEntry,Double,281.81260,169.88260,40.41491,142.28980,142.28980,0.00000,281.81260,40.41491,33.41491,0.00000,0.00000,0.00000,1.00000,6,6,1,0.62479,1.09837,0.01186,0.86379,0.97028,0.08164,0.74000,1.22000,0.04000,0.79000,1.09000,0.06000,-0.61702,-17.91669,61.16552,-29.55368,-65.58698,41.03304
60.49704,0.01205,83.00303,ApproachEntry,Double,281.81260,169.88260,40.41491,142.28980,142.28980,0.00000,281.81260,40.41491,33.41491,0.00000,0.00000,0.00000,1.00000,6,6,1,0.62479,1.09837,0.01186,0.86379,0.97028,0.08164,0.74000,1.22000,0.04000,0.79000,1.09000,0.06000,-0.61702,-17.91669,61.16552,-29.55368,-65.58698,41.03304
60.53487,0.01270,78.70959,ApproachEntry,Double,281.81260,169.88260,40.41491,142.28980,142.28980,0.00000,281.81260,40.41491,33.41491,0.00000,0.00000,0.00000,1.00000,6,6,1,0.62479,1.09837,0.01186,0.86379,0.97028,0.08164,0.74000,1.22000,0.04000,0.79000,1.09000,0.06000,-0.61702,-17.91669,61.16552,-29.55368,-65.58698,41.03304
60.56974,0.01155,86.58385,ApproachEntry,Double,281.81260,169.88260,40.41491,142.28980,142.28980,0.00000,281.81260,40.41491,33.41491,0.00000,0.00000,0.00000,1.00000,6,6,1,0.62479,1.09837,0.01186,0.86379,0.97028,0.08164,0.74000,1.22000,0.04000,0.79000,1.09000,0.06000,-0.61702,-17.91669,61.16552,-29.55368,-65.58698,41.03304
60.60532,0.01188,84.18461,ApproachEntry,Double,281.81260,169.88260,40.41491,142.28980,142.28980,0.00000,281.81260,40.41491,33.41491,0.00000,0.00000,0.00000,1.00000,6,6,1,0.62479,1.09837,0.01186,0.86379,0.97028,0.08164,0.74000,1.22000,0.04000,0.79000,1.09000,0.06000,-0.61702,-17.91669,61.16552,-29.55368,-65.58698,41.03304
60.64220,0.01307,76.52796,ApproachEntry,Double,281.81260,169.88260,40.41491,142.28980,142.28980,0.00000,281.81260,40.41491,33.41491,0.00000,0.00000,0.00000,1.00000,6,6,1,0.62479,1.09837,0.01186,0.86379,0.97028,0.08164,0.74000,1.22000,0.04000,0.79000,1.09000,0.06000,-0.61702,-17.91669,61.16552,-29.55368,-65.58698,41.03304
60.67459,0.00846,118.17430,ApproachEntry,Double,416.53670,234.59110,62.21661,302.77510,302.77510,0.00000,416.53670,62.21661,55.21661,0.00000,0.00000,0.00000,1.00000,6,6,1,0.78249,0.99085,0.06678,1.02841,0.96435,0.19800,0.74000,1.22000,0.04000,0.79000,1.09000,0.06000,-0.20660,-3.00592,9.17475,-1.63453,-11.52000,3.23911
60.71096,0.00879,113.81740,ApproachEntry,Double,466.62930,287.77510,52.37561,335.10780,335.10780,0.00000,466.62930,52.37561,45.37561,0.00000,0.00000,0.00000,1.00000,6,6,1,0.75714,0.93394,0.06625,1.00003,0.86055,0.18465,0.74000,1.22000,0.04000,0.79000,1.09000,0.06000,-0.95851,-12.88340,24.53474,-0.44537,-26.87998,5.76970
60.74358,0.00819,122.09140,ApproachEntry,Double,613.95530,433.81770,35.96145,473.50240,473.50240,0.00000,613.95530,35.96145,28.96145,0.00000,0.00000,0.00000,1.00000,6,6,1,0.70282,0.78779,0.04244,0.92843,0.64117,0.11993,0.74000,1.22000,0.04000,0.79000,1.09000,0.06000,-1.27110,-28.24338,39.89473,-8.98831,-42.23997,17.29305
60.77714,0.00844,118.47170,ApproachEntry,Double,456.97100,292.16760,35.74225,316.41520,316.41520,0.00000,456.97100,35.74224,28.74224,0.00000,0.00000,0.00000,1.00000,6,6,1,0.65894,0.93940,0.03242,0.88760,0.79131,0.09713,0.74000,1.22000,0.04000,0.79000,1.09000,0.06000,-1.23909,-25.91380,55.25471,-21.77708,-57.59996,32.65304
60.81382,0.01135,88.09429,ApproachEntry,Double,281.81260,169.88260,40.41491,142.28980,142.28980,0.00000,281.81260,40.41491,33.41491,0.00000,0.00000,0.00000,1.00000,6,6,1,0.62479,1.09837,0.01186,0.86379,0.97028,0.08164,0.74000,1.22000,0.04000,0.79000,1.09000,0.06000,-0.61702,-17.91669,61.16552,-29.55368,-65.58698,41.03304
60.84954,0.01216,82.26212,ApproachEntry,Double,281.81260,169.88260,40.41491,142.28980,142.28980,0.00000,281.81260,40.41491,33.41491,0.00000,0.00000,0.00000,1.00000,6,6,1,0.62479,1.09837,0.01186,0.86379,0.97028,0.08164,0.74000,1.22000,0.04000,0.79000,1.09000,0.06000,-0.61702,-17.91669,61.16552,-29.55368,-65.58698,41.03304
60.88639,0.01273,78.55261,ApproachEntry,Double,281.81260,169.88260,40.41491,142.28980,142.28980,0.00000,281.81260,40.41491,33.41491,0.00000,0.00000,0.00000,1.00000,6,6,1,0.62479,1.09837,0.01186,0.86379,0.97028,0.08164,0.74000,1.22000,0.04000,0.79000,1.09000,0.06000,-0.61702,-17.91669,61.16552,-29.55368,-65.58698,41.03304
60.92200,0.01173,85.24436,ApproachEntry,Double,281.81260,169.88260,40.41491,142.28980,142.28980,0.00000,281.81260,40.41491,33.41491,0.00000,0.00000,0.00000,1.00000,6,6,1,0.62479,1.09837,0.01186,0.86379,0.97028,0.08164,0.74000,1.22000,0.04000,0.79000,1.09000,0.06000,-0.61702,-17.91669,61.16552,-29.55368,-65.58698,41.03304
60.95805,0.01230,81.29290,ApproachEntry,Double,281.81260,169.88260,40.41491,142.28980,142.28980,0.00000,281.81260,40.41491,33.41491,0.00000,0.00000,0.00000,1.00000,6,6,1,0.62479,1.09837,0.01186,0.86379,0.97028,0.08164,0.74000,1.22000,0.04000,0.79000,1.09000,0.06000,-0.61702,-17.91669,61.16552,-29.55368,-65.58698,41.03304
60.99479,0.01242,80.51035,ApproachEntry,Double,281.81260,169.88260,40.41491,142.28980,142.28980,0.00000,281.81260,40.41491,33.41491,0.00000,0.00000,0.00000,1.00000,6,6,1,0.62479,1.09837,0.01186,0.86379,0.97028,0.08164,0.74000,1.22000,0.04000,0.79000,1.09000,0.06000,-0.61702,-17.91669,61.16552,-29.55368,-65.58698,41.03304
61.03015,0.01209,82.70139,ApproachEntry,Double,281.81260,169.88260,40.41491,142.28980,142.28980,0.00000,281.81260,40.41491,33.41491,0.00000,0.00000,0.00000,1.00000,6,6,1,0.62479,1.09837,0.01186,0.86379,0.97028,0.08164,0.74000,1.22000,0.04000,0.79000,1.09000,0.06000,-0.61702,-17.91669,61.16552,-29.55368,-65.58698,41.03304
61.06614,0.01187,84.21756,ApproachEntry,Double,281.81260,169.88260,40.41491,142.28980,142.28980,0.00000,281.81260,40.41491,33.41491,0.00000,0.00000,0.00000,1.00000,6,6,1,0.62479,1.09837,0.01186,0.86379,0.97028,0.08164,0.74000,1.22000,0.04000,0.79000,1.09000,0.06000,-0.61702,-17.91669,61.16552,-29.55368,-65.58698,41.03304
61.10147,0.00927,107.86620,ApproachEntry,Double,414.30550,235.50340,63.95946,302.65290,302.65290,0.00000,414.30550,63.95946,56.95946,0.00000,0.00000,0.00000,1.00000,6,6,1,0.78451,0.99046,0.06814,1.02813,0.97215,0.20494,0.74000,1.22000,0.04000,0.79000,1.09000,0.06000,-0.14587,-1.36299,5.33475,-1.39758,-7.68000,1.81573
61.13493,0.00811,123.27460,ApproachEntry,Double,432.94060,250.29020,56.34489,309.06230,309.06230,0.00000,432.94060,56.34489,49.34489,0.00000,0.00000,0.00000,1.00000,6,6,1,0.76650,0.97250,0.06619,1.01306,0.91798,0.18717,0.74000,1.22000,0.04000,0.79000,1.09000,0.06000,-0.76860,-9.04340,20.69474,1.36962,-23.03999,4.79348
61.16793,0.00807,123.86540,ApproachEntry,Double,575.80300,397.90740,40.14344,435.21600,435.21600,0.00000,575.80300,40.14344,33.14344,0.00000,0.00000,0.00000,1.00000,6,6,1,0.72000,0.82273,0.05022,0.95158,0.69406,0.14086,0.74000,1.22000,0.04000,0.79000,1.09000,0.06000,-1.19663,-24.40339,36.05473,-6.42751,-38.39997,13.46281
61.20312,0.00778,128.47330,ApproachEntry,Double,550.87360,374.08920,32.85943,411.07080,411.07080,0.00000,550.87360,32.85943,25.85943,0.00000,0.00000,0.00000,1.00000,6,6,1,0.66854,0.85284,0.03439,0.88995,0.69289,0.09599,0.74000,1.22000,0.04000,0.79000,1.09000,0.06000,-1.31965,-29.59402,51.41471,-18.40807,-53.75996,28.81304
61.23948,0.00867,115.30400,ApproachEntry,Double,281.81260,169.88260,40.41491,142.28980,142.28980,0.00000,281.81260,40.41491,33.41491,0.00000,0.00000,0.00000,1.00000,6,6,1,0.62479,1.09837,0.01186,0.86379,0.97028,0.08164,0.74000,1.22000,0.04000,0.79000,1.09000,0.06000,-0.61702,-17.91669,61.16552,-29.55368,-65.58698,41.03304
61.27517,0.01209,82.73833,ApproachEntry,Double,281.81260,169.88260,40.41491,142.28980,142.28980,0.00000,281.81260,40.41491,33.41491,0.00000,0.00000,0.00000,1.00000,6,6,1,0.62479,1.09837,0.01186,0.86379,0.97028,0.08164,0.74000,1.22000,0.04000,0.79000,1.09000,0.06000,-0.61702,-17.91669,61.16552,-29.55368,-65.58698,41.03304
61.31081,0.01230,81.27151,ApproachEntry,Double,281.81260,169.88260,40.41491,142.28980,142.28980,0.00000,281.81260,40.41491,33.41491,0.00000,0.00000,0.00000,1.00000,6,6,1,0.62479,1.09837,0.01186,0.86379,0.97028,0.08164,0.74000,1.22000,0.04000,0.79000,1.09000,0.06000,-0.61702,-17.91669,61.16552,-29.55368,-65.58698,41.03304
61.35263,0.01322,75.64140,ApproachEntry,Double,281.81260,169.88260,40.41491,142.28980,142.28980,0.00000,281.81260,40.41491,33.41491,0.00000,0.00000,0.00000,1.00000,6,6,1,0.62479,1.09837,0.01186,0.86379,0.97028,0.08164,0.74000,1.22000,0.04000,0.79000,1.09000,0.06000,-0.61702,-17.91669,61.16552,-29.55368,-65.58698,41.03304
61.38986,0.00927,107.84820,ApproachEntry,Double,416.53670,234.59110,62.21661,302.77510,302.77510,0.00000,416.53670,62.21661,55.21661,0.00000,0.00000,0.00000,1.00000,6,6,1,0.78249,0.99085,0.06678,1.02841,0.96435,0.19800,0.74000,1.22000,0.04000,0.79000,1.09000,0.06000,-0.20660,-3.00592,9.17475,-1.63453,-11.52000,3.23911
61.42414,0.01046,95.57764,ApproachEntry,Double,432.94060,250.29020,56.34489,309.06230,309.06230,0.00000,432.94060,56.34489,49.34489,0.00000,0.00000,0.00000,1.00000,6,6,1,0.76650,0.97250,0.06619,1.01306,0.91798,0.18717,0.74000,1.22000,0.04000,0.79000,1.09000,0.06000,-0.76860,-9.04340,20.69474,1.36962,-23.03999,4.79348
61.46295,0.00910,109.94760,ApproachEntry,Double,575.80300,397.90740,40.14344,435.21600,435.21600,0.00000,575.80300,40.14344,33.14344,0.00000,0.00000,0.00000,1.00000,6,6,1,0.72000,0.82273,0.05022,0.95158,0.69406,0.14086,0.74000,1.22000,0.04000,0.79000,1.09000,0.06000,-1.19663,-24.40339,36.05473,-6.42751,-38.39997,13.46281
61.50183,0.00929,107.64190,ApproachEntry,Double,550.87360,374.08920,32.85943,411.07080,411.07080,0.00000,550.87360,32.85943,25.85943,0.00000,0.00000,0.00000,1.00000,6,6,1,0.66854,0.85284,0.03439,0.88995,0.69289,0.09599,0.74000,1.22000,0.04000,0.79000,1.09000,0.06000,-1.31965,-29.59402,51.41471,-18.40807,-53.75996,28.81304
61.53568,0.00822,121.60240,ApproachEntry,Double,281.81260,169.88260,40.41491,142.28980,142.28980,0.00000,281.81260,40.41491,33.41491,0.00000,0.00000,0.00000,1.00000,6,6,1,0.62479,1.09837,0.01186,0.86379,0.97028,0.08164,0.74000,1.22000,0.04000,0.79000,1.09000,0.06000,-0.61702,-17.91669,61.16552,-29.55368,-65.58698,41.03304
61.57075,0.01157,86.43568,ApproachEntry,Double,281.81260,169.88260,40.41491,142.28980,142.28980,0.00000,281.81260,40.41491,33.41491,0.00000,0.00000,0.00000,1.00000,6,6,1,0.62479,1.09837,0.01186,0.86379,0.97028,0.08164,0.74000,1.22000,0.04000,0.79000,1.09000,0.06000,-0.61702,-17.91669,61.16552,-29.55368,-65.58698,41.03304
61.61008,0.01390,71.95756,ApproachEntry,Double,411.09410,236.21030,65.68362,301.39810,301.39810,0.00000,411.09410,65.68362,58.68362,0.00000,0.00000,0.00000,1.00000,6,6,1,0.78578,0.99002,0.06844,1.02765,0.97989,0.20914,0.74000,1.22000,0.04000,0.79000,1.09000,0.06000,-0.08375,0.27912,1.49475,-0.50049,-3.84000,0.73176
61.64425,0.00843,118.66220,ApproachEntry,Double,415.61820,229.93010,59.17123,298.29530,298.29530,0.00000,415.61820,59.17122,52.17122,0.00000,0.00000,0.00000,1.00000,6,6,1,0.77430,0.99394,0.06429,1.02307,0.95305,0.18611,0.74000,1.22000,0.04000,0.79000,1.09000,0.06000,-0.48344,-6.17438,16.85475,1.06565,-19.19999,4.78964
61.67785,0.00852,117.40350,ApproachEntry,Double,538.36410,361.57310,44.28580,398.99200,398.99200,0.00000,538.36410,44.28580,37.28580,0.00000,0.00000,0.00000,1.00000,6,6,1,0.73450,0.85888,0.05728,0.97044,0.74846,0.15995,0.74000,1.22000,0.04000,0.79000,1.09000,0.06000,-1.13217,-20.56339,32.21473,-4.20493,-34.55998,10.13334
61.71109,0.00854,117.14040,ApproachEntry,Double,613.79500,431.94760,31.68122,474.47480,474.47480,0.00000,613.79500,31.68122,24.68122,0.00000,0.00000,0.00000,1.00000,6,6,1,0.67554,0.79293,0.03421,0.89345,0.62835,0.09608,0.74000,1.22000,0.04000,0.79000,1.09000,0.06000,-1.34869,-31.51961,47.57472,-15.09085,-49.91996,24.97305
61.74464,0.00867,115.39500,ApproachEntry,Double,289.81780,174.05500,40.17748,150.00690,150.00690,0.00000,289.81780,40.17748,33.17748,0.00000,0.00000,0.00000,1.00000,6,6,1,0.62535,1.09118,0.01641,0.86364,0.96210,0.08683,0.74000,1.22000,0.04000,0.79000,1.09000,0.06000,-0.85525,-18.23380,60.80591,-28.86283,-65.27995,40.33303
61.77831,0.01238,80.77071,ApproachEntry,Double,281.81260,169.88260,40.41491,142.28980,142.28980,0.00000,281.81260,40.41491,33.41491,0.00000,0.00000,0.00000,1.00000,6,6,1,0.62479,1.09837,0.01186,0.86379,0.97028,0.08164,0.74000,1.22000,0.04000,0.79000,1.09000,0.06000,-0.61702,-17.91669,61.16552,-29.55368,-65.58698,41.03304
61.81441,0.01242,80.49883,ApproachEntry,Double,281.81260,169.88260,40.41491,142.28980,142.28980,0.00000,281.81260,40.41491,33.41491,0.00000,0.00000,0.00000,1.00000,6,6,1,0.62479,1.09837,0.01186,0.86379,0.97028,0.08164,0.74000,1.22000,0.04000,0.79000,1.09000,0.06000,-0.61702,-17.91669,61.16552,-29.55368,-65.58698,41.03304
61.84954,0.01157,86.46100,ApproachEntry,Double,281.81260,169.88260,40.41491,142.28980,142.28980,0.00000,281.81260,40.41491,33.41491,0.00000,0.00000,0.00000,1.00000,6,6,1,0.62479,1.09837,0.01186,0.86379,0.97028,0.08164,0.74000,1.22000,0.04000,0.79000,1.09000,0.06000,-0.61702,-17.91669,61.16552,-29.55368,-65.58698,41.03304
61.88573,0.00894,111.84160,ApproachEntry,Double,414.30550,235.50340,63.95946,302.65290,302.65290,0.00000,414.30550,63.95946,56.95946,0.00000,0.00000,0.00000,1.00000,6,6,1,0.78451,0.99046,0.06814,1.02813,0.97215,0.20494,0.74000,1.22000,0.04000,0.79000,1.09000,0.06000,-0.14587,-1.36299,5.33475,-1.39758,-7.68000,1.81573
61.91881,0.00787,127.13800,ApproachEntry,Double,432.94060,250.29020,56.34489,309.06230,309.06230,0.00000,432.94060,56.34489,49.34489,0.00000,0.00000,0.00000,1.00000,6,6,1,0.76650,0.97250,0.06619,1.01306,0.91798,0.18717,0.74000,1.22000,0.04000,0.79000,1.09000,0.06000,-0.76860,-9.04340,20.69474,1.36962,-23.03999,4.79348
61.95119,0.00812,123.08110,ApproachEntry,Double,575.80300,397.90740,40.14344,435.21600,435.21600,0.00000,575.80300,40.14344,33.14344,0.00000,0.00000,0.00000,1.00000,6,6,1,0.72000,0.82273,0.05022,0.95158,0.69406,0.14086,0.74000,1.22000,0.04000,0.79000,1.09000,0.06000,-1.19663,-24.40339,36.05473,-6.42751,-38.39997,13.46281
61.98478,0.00794,125.91700,ApproachEntry,Double,550.87360,374.08920,32.85943,411.07080,411.07080,0.00000,550.87360,32.85943,25.85943,0.00000,0.00000,0.00000,1.00000,6,6,1,0.66854,0.85284,0.03439,0.88995,0.69289,0.09599,0.74000,1.22000,0.04000,0.79000,1.09000,0.06000,-1.31965,-29.59402,51.41471,-18.40807,-53.75996,28.81304
62.02067,0.00866,115.52810,ApproachEntry,Double,281.81260,169.88260,40.41491,142.28980,142.28980,0.00000,281.81260,40.41491,33.41491,0.00000,0.00000,0.00000,1.00000,6,6,1,0.62479,1.09837,0.01186,0.86379,0.97028,0.08164,0.74000,1.22000,0.04000,0.79000,1.09000,0.06000,-0.61702,-17.91669,61.16552,-29.55368,-65.58698,41.03304
62.05694,0.01189,84.11521,ApproachEntry,Double,281.81260,169.88260,40.41491,142.28980,142.28980,0.00000,281.81260,40.41491,33.41491,0.00000,0.00000,0.00000,1.00000,6,6,1,0.62479,1.09837,0.01186,0.86379,0.97028,0.08164,0.74000,1.22000,0.04000,0.79000,1.09000,0.06000,-0.61702,-17.91669,61.16552,-29.55368,-65.58698,41.03304
62.09292,0.01254,79.74431,ApproachEntry,Double,281.81260,169.88260,40.41491,142.28980,142.28980,0.00000,281.81260,40.41491,33.41491,0.00000,0.00000,0.00000,1.00000,6,6,1,0.62479,1.09837,0.01186,0.86379,0.97028,0.08164,0.74000,1.22000,0.04000,0.79000,1.09000,0.06000,-0.61702,-17.91669,61.16552,-29.55368,-65.58698,41.03304
62.12518,0.00896,111.64850,ApproachEntry,Double,416.53670,234.59110,62.21661,302.77510,302.77510,0.00000,416.53670,62.21661,55.21661,0.00000,0.00000,0.00000,1.00000,6,6,1,0.78249,0.99085,0.06678,1.02841,0.96435,0.19800,0.74000,1.22000,0.04000,0.79000,1.09000,0.06000,-0.20660,-3.00592,9.17475,-1.63453,-11.52000,3.23911
62.15904,0.00847,118.00600,ApproachEntry,Double,466.62930,287.77510,52.37561,335.10780,335.10780,0.00000,466.62930,52.37561,45.37561,0.00000,0.00000,0.00000,1.00000,6,6,1,0.75714,0.93394,0.06625,1.00003,0.86055,0.18465,0.74000,1.22000,0.04000,0.79000,1.09000,0.06000,-0.95851,-12.88340,24.53474,-0.44537,-26.87998,5.76970
62.19377,0.00890,112.40540,ApproachEntry,Double,613.95530,433.81770,35.96145,473.50240,473.50240,0.00000,613.95530,35.96145,28.96145,0.00000,0.00000,0.00000,1.00000,6,6,1,0.70282,0.78779,0.04244,0.92843,0.64117,0.11993,0.74000,1.22000,0.04000,0.79000,1.09000,0.06000,-1.27110,-28.24338,39.89473,-8.98831,-42.23997,17.29305
62.22992,0.00950,105.21550,ApproachEntry,Double,456.97100,292.16760,35.74225,316.41520,316.41520,0.00000,456.97100,35.74224,28.74224,0.00000,0.00000,0.00000,1.00000,6,6,1,0.65894,0.93940,0.03242,0.88760,0.79131,0.09713,0.74000,1.22000,0.04000,0.79000,1.09000,0.06000,-1.23909,-25.91380,55.25471,-21.77708,-57.59996,32.65304
62.26712,0.01115,89.67573,ApproachEntry,Double,281.81260,169.88260,40.41491,142.28980,142.28980,0.00000,281.81260,40.41491,33.41491,0.00000,0.00000,0.00000,1.00000,6,6,1,0.62479,1.09837,0.01186,0.86379,0.97028,0.08164,0.74000,1.22000,0.04000,0.79000,1.09000,0.06000,-0.61702,-17.91669,61.16552,-29.55368,-65.58698,41.03304
62.30465,0.01294,77.26032,ApproachEntry,Double,281.81260,169.88260,40.41491,142.28980,142.28980,0.00000,281.81260,40.41491,33.41491,0.00000,0.00000,0.00000,1.00000,6,6,1,0.62479,1.09837,0.01186,0.86379,0.97028,0.08164,0.74000,1.22000,0.04000,0.79000,1.09000,0.06000,-0.61702,-17.91669,61.16552,-29.55368,-65.58698,41.03304
62.33648,0.00842,118.72050,ApproachEntry,Double,416.53670,234.59110,62.21661,302.77510,302.77510,0.00000,416.53670,62.21661,55.21661,0.00000,0.00000,0.00000,1.00000,6,6,1,0.78249,0.99085,0.06678,1.02841,0.96435,0.19800,0.74000,1.22000,0.04000,0.79000,1.09000,0.06000,-0.20660,-3.00592,9.17475,-1.63453,-11.52000,3.23911
62.37000,0.00853,117.28580,ApproachEntry,Double,466.62930,287.77510,52.37561,335.10780,335.10780,0.00000,466.62930,52.37561,45.37561,0.00000,0.00000,0.00000,1.00000,6,6,1,0.75714,0.93394,0.06625,1.00003,0.86055,0.18465,0.74000,1.22000,0.04000,0.79000,1.09000,0.06000,-0.95851,-12.88340,24.53474,-0.44537,-26.87998,5.76970
62.40318,0.00807,123.85020,ApproachEntry,Double,613.95530,433.81770,35.96145,473.50240,473.50240,0.00000,613.95530,35.96145,28.96145,0.00000,0.00000,0.00000,1.00000,6,6,1,0.70282,0.78779,0.04244,0.92843,0.64117,0.11993,0.74000,1.22000,0.04000,0.79000,1.09000,0.06000,-1.27110,-28.24338,39.89473,-8.98831,-42.23997,17.29305
62.43404,0.01166,85.73412,ApproachEntry,Double,550.87360,374.08920,32.85943,411.07080,411.07080,0.00000,550.87360,32.85943,25.85943,0.00000,0.00000,0.00000,1.00000,6,6,1,0.66854,0.85284,0.03439,0.88995,0.69289,0.09599,0.74000,1.22000,0.04000,0.79000,1.09000,0.06000,-1.31965,-29.59402,51.41471,-18.40807,-53.75996,28.81304
62.47413,0.01074,93.12380,ApproachEntry,Double,281.81260,169.88260,40.41491,142.28980,142.28980,0.00000,281.81260,40.41491,33.41491,0.00000,0.00000,0.00000,1.00000,6,6,1,0.62479,1.09837,0.01186,0.86379,0.97028,0.08164,0.74000,1.22000,0.04000,0.79000,1.09000,0.06000,-0.61702,-17.91669,61.16552,-29.55368,-65.58698,41.03304
62.51663,0.01509,66.28197,ApproachEntry,Double,281.81260,169.88260,40.41491,142.28980,142.28980,0.00000,281.81260,40.41491,33.41491,0.00000,0.00000,0.00000,1.00000,6,6,1,0.62479,1.09837,0.01186,0.86379,0.97028,0.08164,0.74000,1.22000,0.04000,0.79000,1.09000,0.06000,-0.61702,-17.91669,61.16552,-29.55368,-65.58698,41.03304
62.54830,0.01777,56.26045,ApproachEntry,Double,411.09410,236.21030,65.68362,301.39810,301.39810,0.00000,411.09410,65.68362,58.68362,0.00000,0.00000,0.00000,1.00000,6,6,1,0.78578,0.99002,0.06844,1.02765,0.97989,0.20914,0.74000,1.22000,0.04000,0.79000,1.09000,0.06000,-0.08375,0.27912,1.49475,-0.50049,-3.84000,0.73176
62.57895,0.01076,92.95555,ApproachEntry,Double,419.13330,235.40220,60.45866,302.81410,302.81410,0.00000,419.13330,60.45866,53.45866,0.00000,0.00000,0.00000,1.00000,6,6,1,0.77924,0.98927,0.06527,1.02694,0.95447,0.19110,0.74000,1.22000,0.04000,0.79000,1.09000,0.06000,-0.30655,-4.76197,13.01475,-0.72241,-15.35999,4.33672
62.61933,0.01050,95.21078,ApproachEntry,Double,501.88170,324.86030,48.36350,365.38800,365.38800,0.00000,501.88170,48.36349,41.36349,0.00000,0.00000,0.00000,1.00000,6,6,1,0.74672,0.89602,0.06288,0.98627,0.80403,0.17492,0.74000,1.22000,0.04000,0.79000,1.09000,0.06000,-1.06294,-16.72339,28.37473,-2.25075,-30.71998,7.57237
62.64992,0.00953,104.92860,ApproachEntry,Double,613.95530,433.81770,35.96145,473.50240,473.50240,0.00000,613.95530,35.96145,28.96145,0.00000,0.00000,0.00000,1.00000,6,6,1,0.70282,0.78779,0.04244,0.92843,0.64117,0.11993,0.74000,1.22000,0.04000,0.79000,1.09000,0.06000,-1.27110,-28.24338,39.89473,-8.98831,-42.23997,17.29305
62.68193,0.01133,88.28735,ApproachEntry,Double,550.87360,374.08920,32.85943,411.07080,411.07080,0.00000,550.87360,32.85943,25.85943,0.00000,0.00000,0.00000,1.00000,6,6,1,0.66854,0.85284,0.03439,0.88995,0.69289,0.09599,0.74000,1.22000,0.04000,0.79000,1.09000,0.06000,-1.31965,-29.59402,51.41471,-18.40807,-53.75996,28.81304
62.71980,0.01005,99.54108,ApproachEntry,Double,281.81260,169.88260,40.41491,142.28980,142.28980,0.00000,281.81260,40.41491,33.41491,0.00000,0.00000,0.00000,1.00000,6,6,1,0.62479,1.09837,0.01186,0.86379,0.97028,0.08164,0.74000,1.22000,0.04000,0.79000,1.09000,0.06000,-0.61702,-17.91669,61.16552,-29.55368,-65.58698,41.03304
62.75511,0.01189,84.12268,ApproachEntry,Double,281.81260,169.88260,40.41491,142.28980,142.28980,0.00000,281.81260,40.41491,33.41491,0.00000,0.00000,0.00000,1.00000,6,6,1,0.62479,1.09837,0.01186,0.86379,0.97028,0.08164,0.74000,1.22000,0.04000,0.79000,1.09000,0.06000,-0.61702,-17.91669,61.16552,-29.55368,-65.58698,41.03304
62.79084,0.00963,103.85770,ApproachEntry,Double,414.30550,235.50340,63.95946,302.65290,302.65290,0.00000,414.30550,63.95946,56.95946,0.00000,0.00000,0.00000,1.00000,6,6,1,0.78451,0.99046,0.06814,1.02813,0.97215,0.20494,0.74000,1.22000,0.04000,0.79000,1.09000,0.06000,-0.14587,-1.36299,5.33475,-1.39758,-7.68000,1.81573
62.82300,0.00803,124.51980,ApproachEntry,Double,432.94060,250.29020,56.34489,309.06230,309.06230,0.00000,432.94060,56.34489,49.34489,0.00000,0.00000,0.00000,1.00000,6,6,1,0.76650,0.97250,0.06619,1.01306,0.91798,0.18717,0.74000,1.22000,0.04000,0.79000,1.09000,0.06000,-0.76860,-9.04340,20.69474,1.36962,-23.03999,4.79348
62.85777,0.00942,106.17600,ApproachEntry,Double,575.80300,397.90740,40.14344,435.21600,435.21600,0.00000,575.80300,40.14344,33.14344,0.00000,0.00000,0.00000,1.00000,6,6,1,0.72000,0.82273,0.05022,0.95158,0.69406,0.14086,0.74000,1.22000,0.04000,0.79000,1.09000,0.06000,-1.19663,-24.40339,36.05473,-6.42751,-38.39997,13.46281
62.89045,0.00813,122.95160,ApproachEntry,Double,550.87360,374.08920,32.85943,411.07080,411.07080,0.00000,550.87360,32.85943,25.85943,0.00000,0.00000,0.00000,1.00000,6,6,1,0.66854,0.85284,0.03439,0.88995,0.69289,0.09599,0.74000,1.22000,0.04000,0.79000,1.09000,0.06000,-1.31965,-29.59402,51.41471,-18.40807,-53.75996,28.81304
62.92461,0.00900,111.14500,ApproachEntry,Double,281.81260,169.88260,40.41491,142.28980,142.28980,0.00000,281.81260,40.41491,33.41491,0.00000,0.00000,0.00000,1.00000,6,6,1,0.62479,1.09837,0.01186,0.86379,0.97028,0.08164,0.74000,1.22000,0.04000,0.79000,1.09000,0.06000,-0.61702,-17.91669,61.16552,-29.55368,-65.58698,41.03304
62.96081,0.00944,105.88530,ApproachEntry,Double,414.30550,235.50340,63.95946,302.65290,302.65290,0.00000,414.30550,63.95946,56.95946,0.00000,0.00000,0.00000,1.00000,6,6,1,0.78451,0.99046,0.06814,1.02813,0.97215,0.20494,0.74000,1.22000,0.04000,0.79000,1.09000,0.06000,-0.14587,-1.36299,5.33475,-1.39758,-7.68000,1.81573
62.99324,0.00831,120.36020,ApproachEntry,Double,432.94060,250.29020,56.34489,309.06230,309.06230,0.00000,432.94060,56.34489,49.34489,0.00000,0.00000,0.00000,1.00000,6,6,1,0.76650,0.97250,0.06619,1.01306,0.91798,0.18717,0.74000,1.22000,0.04000,0.79000,1.09000,0.06000,-0.76860,-9.04340,20.69474,1.36962,-23.03999,4.79348
63.02775,0.00868,115.14600,ApproachEntry,Double,575.80300,397.90740,40.14344,435.21600,435.21600,0.00000,575.80300,40.14344,33.14344,0.00000,0.00000,0.00000,1.00000,6,6,1,0.72000,0.82273,0.05022,0.95158,0.69406,0.14086,0.74000,1.22000,0.04000,0.79000,1.09000,0.06000,-1.19663,-24.40339,36.05473,-6.42751,-38.39997,13.46281
63.06126,0.00825,121.22690,ApproachEntry,Double,550.87360,374.08920,32.85943,411.07080,411.07080,0.00000,550.87360,32.85943,25.85943,0.00000,0.00000,0.00000,1.00000,6,6,1,0.66854,0.85284,0.03439,0.88995,0.69289,0.09599,0.74000,1.22000,0.04000,0.79000,1.09000,0.06000,-1.31965,-29.59402,51.41471,-18.40807,-53.75996,28.81304
63.09659,0.00855,116.98900,ApproachEntry,Double,281.81260,169.88260,40.41491,142.28980,142.28980,0.00000,281.81260,40.41491,33.41491,0.00000,0.00000,0.00000,1.00000,6,6,1,0.62479,1.09837,0.01186,0.86379,0.97028,0.08164,0.74000,1.22000,0.04000,0.79000,1.09000,0.06000,-0.61702,-17.91669,61.16552,-29.55368,-65.58698,41.03304
63.13253,0.01259,79.45020,ApproachEntry,Double,281.81260,169.88260,40.41491,142.28980,142.28980,0.00000,281.81260,40.41491,33.41491,0.00000,0.00000,0.00000,1.00000,6,6,1,0.62479,1.09837,0.01186,0.86379,0.97028,0.08164,0.74000,1.22000,0.04000,0.79000,1.09000,0.06000,-0.61702,-17.91669,61.16552,-29.55368,-65.58698,41.03304
63.16805,0.01103,90.62338,ApproachEntry,Double,281.81260,169.88260,40.41491,142.28980,142.28980,0.00000,281.81260,40.41491,33.41491,0.00000,0.00000,0.00000,1.00000,6,6,1,0.62479,1.09837,0.01186,0.86379,0.97028,0.08164,0.74000,1.22000,0.04000,0.79000,1.09000,0.06000,-0.61702,-17.91669,61.16552,-29.55368,-65.58698,41.03304
63.20604,0.01190,84.00575,ApproachEntry,Double,281.81260,169.88260,40.41491,142.28980,142.28980,0.00000,281.81260,40.41491,33.41491,0.00000,0.00000,0.00000,1.00000,6,6,1,0.62479,1.09837,0.01186,0.86379,0.97028,0.08164,0.74000,1.22000,0.04000,0.79000,1.09000,0.06000,-0.61702,-17.91669,61.16552,-29.55368,-65.58698,41.03304
63.24228,0.01220,81.97436,ApproachEntry,Double,281.81260,169.88260,40.41491,142.28980,142.28980,0.00000,281.81260,40.41491,33.41491,0.00000,0.00000,0.00000,1.00000,6,6,1,0.62479,1.09837,0.01186,0.86379,0.97028,0.08164,0.74000,1.22000,0.04000,0.79000,1.09000,0.06000,-0.61702,-17.91669,61.16552,-29.55368,-65.58698,41.03304
63.27772,0.01175,85.13206,ApproachEntry,Double,281.81260,169.88260,40.41491,142.28980,142.28980,0.00000,281.81260,40.41491,33.41491,0.00000,0.00000,0.00000,1.00000,6,6,1,0.62479,1.09837,0.01186,0.86379,0.97028,0.08164,0.74000,1.22000,0.04000,0.79000,1.09000,0.06000,-0.61702,-17.91669,61.16552,-29.55368,-65.58698,41.03304
63.31534,0.01191,83.99600,ApproachEntry,Double,281.81260,169.88260,40.41491,142.28980,142.28980,0.00000,281.81260,40.41491,33.41491,0.00000,0.00000,0.00000,1.00000,6,6,1,0.62479,1.09837,0.01186,0.86379,0.97028,0.08164,0.74000,1.22000,0.04000,0.79000,1.09000,0.06000,-0.61702,-17.91669,61.16552,-29.55368,-65.58698,41.03304
63.35035,0.01193,83.84683,ApproachEntry,Double,281.81260,169.88260,40.41491,142.28980,142.28980,0.00000,281.81260,40.41491,33.41491,0.00000,0.00000,0.00000,1.00000,6,6,1,0.62479,1.09837,0.01186,0.86379,0.97028,0.08164,0.74000,1.22000,0.04000,0.79000,1.09000,0.06000,-0.61702,-17.91669,61.16552,-29.55368,-65.58698,41.03304
63.38589,0.01161,86.16621,ApproachEntry,Double,281.81260,169.88260,40.41491,142.28980,142.28980,0.00000,281.81260,40.41491,33.41491,0.00000,0.00000,0.00000,1.00000,6,6,1,0.62479,1.09837,0.01186,0.86379,0.97028,0.08164,0.74000,1.22000,0.04000,0.79000,1.09000,0.06000,-0.61702,-17.91669,61.16552,-29.55368,-65.58698,41.03304
63.42188,0.01219,82.01619,ApproachEntry,Double,281.81260,169.88260,40.41491,142.28980,142.28980,0.00000,281.81260,40.41491,33.41491,0.00000,0.00000,0.00000,1.00000,6,6,1,0.62479,1.09837,0.01186,0.86379,0.97028,0.08164,0.74000,1.22000,0.04000,0.79000,1.09000,0.06000,-0.61702,-17.91669,61.16552,-29.55368,-65.58698,41.03304
63.45323,0.00831,120.28000,ApproachEntry,Double,416.53670,234.59110,62.21661,302.77510,302.77510,0.00000,416.53670,62.21661,55.21661,0.00000,0.00000,0.00000,1.00000,6,6,1,0.78249,0.99085,0.06678,1.02841,0.96435,0.19800,0.74000,1.22000,0.04000,0.79000,1.09000,0.06000,-0.20660,-3.00592,9.17475,-1.63453,-11.52000,3.23911
63.48622,0.00819,122.13160,ApproachEntry,Double,466.62930,287.77510,52.37561,335.10780,335.10780,0.00000,466.62930,52.37561,45.37561,0.00000,0.00000,0.00000,1.00000,6,6,1,0.75714,0.93394,0.06625,1.00003,0.86055,0.18465,0.74000,1.22000,0.04000,0.79000,1.09000,0.06000,-0.95851,-12.88340,24.53474,-0.44537,-26.87998,5.76970
63.51996,0.00837,119.50470,ApproachEntry,Double,613.95530,433.81770,35.96145,473.50240,473.50240,0.00000,613.95530,35.96145,28.96145,0.00000,0.00000,0.00000,1.00000,6,6,1,0.70282,0.78779,0.04244,0.92843,0.64117,0.11993,0.74000,1.22000,0.04000,0.79000,1.09000,0.06000,-1.27110,-28.24338,39.89473,-8.98831,-42.23997,17.29305
63.55373,0.00852,117.31590,ApproachEntry,Double,456.97100,292.16760,35.74225,316.41520,316.41520,0.00000,456.97100,35.74224,28.74224,0.00000,0.00000,0.00000,1.00000,6,6,1,0.65894,0.93940,0.03242,0.88760,0.79131,0.09713,0.74000,1.22000,0.04000,0.79000,1.09000,0.06000,-1.23909,-25.91380,55.25471,-21.77708,-57.59996,32.65304
63.59018,0.01108,90.24599,ApproachEntry,Double,281.81260,169.88260,40.41491,142.28980,142.28980,0.00000,281.81260,40.41491,33.41491,0.00000,0.00000,0.00000,1.00000,6,6,1,0.62479,1.09837,0.01186,0.86379,0.97028,0.08164,0.74000,1.22000,0.04000,0.79000,1.09000,0.06000,-0.61702,-17.91669,61.16552,-29.55368,-65.58698,41.03304
63.62645,0.01215,82.32393,ApproachEntry,Double,281.81260,169.88260,40.41491,142.28980,142.28980,0.00000,281.81260,40.41491,33.41491,0.00000,0.00000,0.00000,1.00000,6,6,1,0.62479,1.09837,0.01186,0.86379,0.97028,0.08164,0.74000,1.22000,0.04000,0.79000,1.09000,0.06000,-0.61702,-17.91669,61.16552,-29.55368,-65.58698,41.03304
63.66156,0.01205,82.96087,ApproachEntry,Double,281.81260,169.88260,40.41491,142.28980,142.28980,0.00000,281.81260,40.41491,33.41491,0.00000,0.00000,0.00000,1.00000,6,6,1,0.62479,1.09837,0.01186,0.86379,0.97028,0.08164,0.74000,1.22000,0.04000,0.79000,1.09000,0.06000,-0.61702,-17.91669,61.16552,-29.55368,-65.58698,41.03304
63.69755,0.01183,84.53246,ApproachEntry,Double,281.81260,169.88260,40.41491,142.28980,142.28980,0.00000,281.81260,40.41491,33.41491,0.00000,0.00000,0.00000,1.00000,6,6,1,0.62479,1.09837,0.01186,0.86379,0.97028,0.08164,0.74000,1.22000,0.04000,0.79000,1.09000,0.06000,-0.61702,-17.91669,61.16552,-29.55368,-65.58698,41.03304
63.73329,0.01215,82.27377,ApproachEntry,Double,281.81260,169.88260,40.41491,142.28980,142.28980,0.00000,281.81260,40.41491,33.41491,0.00000,0.00000,0.00000,1.00000,6,6,1,0.62479,1.09837,0.01186,0.86379,0.97028,0.08164,0.74000,1.22000,0.04000,0.79000,1.09000,0.06000,-0.61702,-17.91669,61.16552,-29.55368,-65.58698,41.03304
63.77047,0.01278,78.22694,ApproachEntry,Double,281.81260,169.88260,40.41491,142.28980,142.28980,0.00000,281.81260,40.41491,33.41491,0.00000,0.00000,0.00000,1.00000,6,6,1,0.62479,1.09837,0.01186,0.86379,0.97028,0.08164,0.74000,1.22000,0.04000,0.79000,1.09000,0.06000,-0.61702,-17.91669,61.16552,-29.55368,-65.58698,41.03304
63.80751,0.01162,86.02261,ApproachEntry,Double,281.81260,169.88260,40.41491,142.28980,142.28980,0.00000,281.81260,40.41491,33.41491,0.00000,0.00000,0.00000,1.00000,6,6,1,0.62479,1.09837,0.01186,0.86379,0.97028,0.08164,0.74000,1.22000,0.04000,0.79000,1.09000,0.06000,-0.61702,-17.91669,61.16552,-29.55368,-65.58698,41.03304
63.84563,0.01301,76.87251,ApproachEntry,Double,281.81260,169.88260,40.41491,142.28980,142.28980,0.00000,281.81260,40.41491,33.41491,0.00000,0.00000,0.00000,1.00000,6,6,1,0.62479,1.09837,0.01186,0.86379,0.97028,0.08164,0.74000,1.22000,0.04000,0.79000,1.09000,0.06000,-0.61702,-17.91669,61.16552,-29.55368,-65.58698,41.03304
63.88195,0.01232,81.14481,ApproachEntry,Double,281.81260,169.88260,40.41491,142.28980,142.28980,0.00000,281.81260,40.41491,33.41491,0.00000,0.00000,0.00000,1.00000,6,6,1,0.62479,1.09837,0.01186,0.86379,0.97028,0.08164,0.74000,1.22000,0.04000,0.79000,1.09000,0.06000,-0.61702,-17.91669,61.16552,-29.55368,-65.58698,41.03304
63.91768,0.01184,84.47543,ApproachEntry,Double,281.81260,169.88260,40.41491,142.28980,142.28980,0.00000,281.81260,40.41491,33.41491,0.00000,0.00000,0.00000,1.00000,6,6,1,0.62479,1.09837,0.01186,0.86379,0.97028,0.08164,0.74000,1.22000,0.04000,0.79000,1.09000,0.06000,-0.61702,-17.91669,61.16552,-29.55368,-65.58698,41.03304
63.95876,0.01280,78.12803,ApproachEntry,Double,281.81260,169.88260,40.41491,142.28980,142.28980,0.00000,281.81260,40.41491,33.41491,0.00000,0.00000,0.00000,1.00000,6,6,1,0.62479,1.09837,0.01186,0.86379,0.97028,0.08164,0.74000,1.22000,0.04000,0.79000,1.09000,0.06000,-0.61702,-17.91669,61.16552,-29.55368,-65.58698,41.03304
63.99540,0.01251,79.94571,ApproachEntry,Double,281.81260,169.88260,40.41491,142.28980,142.28980,0.00000,281.81260,40.41491,33.41491,0.00000,0.00000,0.00000,1.00000,6,6,1,0.62479,1.09837,0.01186,0.86379,0.97028,0.08164,0.74000,1.22000,0.04000,0.79000,1.09000,0.06000,-0.61702,-17.91669,61.16552,-29.55368,-65.58698,41.03304
64.03379,0.01231,81.26556,ApproachEntry,Double,281.81260,169.88260,40.41491,142.28980,142.28980,0.00000,281.81260,40.41491,33.41491,0.00000,0.00000,0.00000,1.00000,6,6,1,0.62479,1.09837,0.01186,0.86379,0.97028,0.08164,0.74000,1.22000,0.04000,0.79000,1.09000,0.06000,-0.61702,-17.91669,61.16552,-29.55368,-65.58698,41.03304
64.06960,0.01173,85.28553,ApproachEntry,Double,281.81260,169.88260,40.41491,142.28980,142.28980,0.00000,281.81260,40.41491,33.41491,0.00000,0.00000,0.00000,1.00000,6,6,1,0.62479,1.09837,0.01186,0.86379,0.97028,0.08164,0.74000,1.22000,0.04000,0.79000,1.09000,0.06000,-0.61702,-17.91669,61.16552,-29.55368,-65.58698,41.03304
64.10957,0.01294,77.26527,ApproachEntry,Double,281.81260,169.88260,40.41491,142.28980,142.28980,0.00000,281.81260,40.41491,33.41491,0.00000,0.00000,0.00000,1.00000,6,6,1,0.62479,1.09837,0.01186,0.86379,0.97028,0.08164,0.74000,1.22000,0.04000,0.79000,1.09000,0.06000,-0.61702,-17.91669,61.16552,-29.55368,-65.58698,41.03304
64.14584,0.01188,84.17185,ApproachEntry,Double,281.81260,169.88260,40.41491,142.28980,142.28980,0.00000,281.81260,40.41491,33.41491,0.00000,0.00000,0.00000,1.00000,6,6,1,0.62479,1.09837,0.01186,0.86379,0.97028,0.08164,0.74000,1.22000,0.04000,0.79000,1.09000,0.06000,-0.61702,-17.91669,61.16552,-29.55368,-65.58698,41.03304
64.18508,0.01613,62.01300,ApproachEntry,Double,281.81260,169.88260,40.41491,142.28980,142.28980,0.00000,281.81260,40.41491,33.41491,0.00000,0.00000,0.00000,1.00000,6,6,1,0.62479,1.09837,0.01186,0.86379,0.97028,0.08164,0.74000,1.22000,0.04000,0.79000,1.09000,0.06000,-0.61702,-17.91669,61.16552,-29.55368,-65.58698,41.03304
64.22253,0.01212,82.51888,ApproachEntry,Double,281.81260,169.88260,40.41491,142.28980,142.28980,0.00000,281.81260,40.41491,33.41491,0.00000,0.00000,0.00000,1.00000,6,6,1,0.62479,1.09837,0.01186,0.86379,0.97028,0.08164,0.74000,1.22000,0.04000,0.79000,1.09000,0.06000,-0.61702,-17.91669,61.16552,-29.55368,-65.58698,41.03304
64.26057,0.01383,72.31461,ApproachEntry,Double,281.81260,169.88260,40.41491,142.28980,142.28980,0.00000,281.81260,40.41491,33.41491,0.00000,0.00000,0.00000,1.00000,6,6,1,0.62479,1.09837,0.01186,0.86379,0.97028,0.08164,0.74000,1.22000,0.04000,0.79000,1.09000,0.06000,-0.61702,-17.91669,61.16552,-29.55368,-65.58698,41.03304
64.29694,0.01179,84.85011,ApproachEntry,Double,281.81260,169.88260,40.41491,142.28980,142.28980,0.00000,281.81260,40.41491,33.41491,0.00000,0.00000,0.00000,1.00000,6,6,1,0.62479,1.09837,0.01186,0.86379,0.97028,0.08164,0.74000,1.22000,0.04000,0.79000,1.09000,0.06000,-0.61702,-17.91669,61.16552,-29.55368,-65.58698,41.03304
64.33182,0.01191,83.95512,ApproachEntry,Double,281.81260,169.88260,40.41491,142.28980,142.28980,0.00000,281.81260,40.41491,33.41491,0.00000,0.00000,0.00000,1.00000,6,6,1,0.62479,1.09837,0.01186,0.86379,0.97028,0.08164,0.74000,1.22000,0.04000,0.79000,1.09000,0.06000,-0.61702,-17.91669,61.16552,-29.55368,-65.58698,41.03304
64.37103,0.01144,87.39861,ApproachEntry,Double,281.81260,169.88260,40.41491,142.28980,142.28980,0.00000,281.81260,40.41491,33.41491,0.00000,0.00000,0.00000,1.00000,6,6,1,0.62479,1.09837,0.01186,0.86379,0.97028,0.08164,0.74000,1.22000,0.04000,0.79000,1.09000,0.06000,-0.61702,-17.91669,61.16552,-29.55368,-65.58698,41.03304
64.40714,0.01160,86.19858,ApproachEntry,Double,281.81260,169.88260,40.41491,142.28980,142.28980,0.00000,281.81260,40.41491,33.41491,0.00000,0.00000,0.00000,1.00000,6,6,1,0.62479,1.09837,0.01186,0.86379,0.97028,0.08164,0.74000,1.22000,0.04000,0.79000,1.09000,0.06000,-0.61702,-17.91669,61.16552,-29.55368,-65.58698,41.03304
64.44594,0.01305,76.60073,ApproachEntry,Double,281.81260,169.88260,40.41491,142.28980,142.28980,0.00000,281.81260,40.41491,33.41491,0.00000,0.00000,0.00000,1.00000,6,6,1,0.62479,1.09837,0.01186,0.86379,0.97028,0.08164,0.74000,1.22000,0.04000,0.79000,1.09000,0.06000,-0.61702,-17.91669,61.16552,-29.55368,-65.58698,41.03304
64.48156,0.01218,82.13505,ApproachEntry,Double,281.81260,169.88260,40.41491,142.28980,142.28980,0.00000,281.81260,40.41491,33.41491,0.00000,0.00000,0.00000,1.00000,6,6,1,0.62479,1.09837,0.01186,0.86379,0.97028,0.08164,0.74000,1.22000,0.04000,0.79000,1.09000,0.06000,-0.61702,-17.91669,61.16552,-29.55368,-65.58698,41.03304
64.51994,0.01364,73.32105,ApproachEntry,Double,281.81260,169.88260,40.41491,142.28980,142.28980,0.00000,281.81260,40.41491,33.41491,0.00000,0.00000,0.00000,1.00000,6,6,1,0.62479,1.09837,0.01186,0.86379,0.97028,0.08164,0.74000,1.22000,0.04000,0.79000,1.09000,0.06000,-0.61702,-17.91669,61.16552,-29.55368,-65.58698,41.03304
64.55679,0.01213,82.46189,ApproachEntry,Double,281.81260,169.88260,40.41491,142.28980,142.28980,0.00000,281.81260,40.41491,33.41491,0.00000,0.00000,0.00000,1.00000,6,6,1,0.62479,1.09837,0.01186,0.86379,0.97028,0.08164,0.74000,1.22000,0.04000,0.79000,1.09000,0.06000,-0.61702,-17.91669,61.16552,-29.55368,-65.58698,41.03304
64.59411,0.01386,72.12688,ApproachEntry,Double,281.81260,169.88260,40.41491,142.28980,142.28980,0.00000,281.81260,40.41491,33.41491,0.00000,0.00000,0.00000,1.00000,6,6,1,0.62479,1.09837,0.01186,0.86379,0.97028,0.08164,0.74000,1.22000,0.04000,0.79000,1.09000,0.06000,-0.61702,-17.91669,61.16552,-29.55368,-65.58698,41.03304
64.63058,0.01218,82.13084,ApproachEntry,Double,281.81260,169.88260,40.41491,142.28980,142.28980,0.00000,281.81260,40.41491,33.41491,0.00000,0.00000,0.00000,1.00000,6,6,1,0.62479,1.09837,0.01186,0.86379,0.97028,0.08164,0.74000,1.22000,0.04000,0.79000,1.09000,0.06000,-0.61702,-17.91669,61.16552,-29.55368,-65.58698,41.03304
64.66890,0.01210,82.67876,ApproachEntry,Double,281.81260,169.88260,40.41491,142.28980,142.28980,0.00000,281.81260,40.41491,33.41491,0.00000,0.00000,0.00000,1.00000,6,6,1,0.62479,1.09837,0.01186,0.86379,0.97028,0.08164,0.74000,1.22000,0.04000,0.79000,1.09000,0.06000,-0.61702,-17.91669,61.16552,-29.55368,-65.58698,41.03304
64.70909,0.01175,85.10089,ApproachEntry,Double,281.81260,169.88260,40.41491,142.28980,142.28980,0.00000,281.81260,40.41491,33.41491,0.00000,0.00000,0.00000,1.00000,6,6,1,0.62479,1.09837,0.01186,0.86379,0.97028,0.08164,0.74000,1.22000,0.04000,0.79000,1.09000,0.06000,-0.61702,-17.91669,61.16552,-29.55368,-65.58698,41.03304
64.74464,0.01200,83.34628,ApproachEntry,Double,281.81260,169.88260,40.41491,142.28980,142.28980,0.00000,281.81260,40.41491,33.41491,0.00000,0.00000,0.00000,1.00000,6,6,1,0.62479,1.09837,0.01186,0.86379,0.97028,0.08164,0.74000,1.22000,0.04000,0.79000,1.09000,0.06000,-0.61702,-17.91669,61.16552,-29.55368,-65.58698,41.03304
64.78306,0.01263,79.15568,ApproachEntry,Double,281.81260,169.88260,40.41491,142.28980,142.28980,0.00000,281.81260,40.41491,33.41491,0.00000,0.00000,0.00000,1.00000,6,6,1,0.62479,1.09837,0.01186,0.86379,0.97028,0.08164,0.74000,1.22000,0.04000,0.79000,1.09000,0.06000,-0.61702,-17.91669,61.16552,-29.55368,-65.58698,41.03304
64.81849,0.01153,86.69769,ApproachEntry,Double,281.81260,169.88260,40.41491,142.28980,142.28980,0.00000,281.81260,40.41491,33.41491,0.00000,0.00000,0.00000,1.00000,6,6,1,0.62479,1.09837,0.01186,0.86379,0.97028,0.08164,0.74000,1.22000,0.04000,0.79000,1.09000,0.06000,-0.61702,-17.91669,61.16552,-29.55368,-65.58698,41.03304
64.85764,0.01322,75.66387,ApproachEntry,Double,281.81260,169.88260,40.41491,142.28980,142.28980,0.00000,281.81260,40.41491,33.41491,0.00000,0.00000,0.00000,1.00000,6,6,1,0.62479,1.09837,0.01186,0.86379,0.97028,0.08164,0.74000,1.22000,0.04000,0.79000,1.09000,0.06000,-0.61702,-17.91669,61.16552,-29.55368,-65.58698,41.03304
64.89323,0.01200,83.33057,ApproachEntry,Double,281.81260,169.88260,40.41491,142.28980,142.28980,0.00000,281.81260,40.41491,33.41491,0.00000,0.00000,0.00000,1.00000,6,6,1,0.62479,1.09837,0.01186,0.86379,0.97028,0.08164,0.74000,1.22000,0.04000,0.79000,1.09000,0.06000,-0.61702,-17.91669,61.16552,-29.55368,-65.58698,41.03304
64.93559,0.01745,57.29272,ApproachEntry,Double,281.81260,169.88260,40.41491,142.28980,142.28980,0.00000,281.81260,40.41491,33.41491,0.00000,0.00000,0.00000,1.00000,6,6,1,0.62479,1.09837,0.01186,0.86379,0.97028,0.08164,0.74000,1.22000,0.04000,0.79000,1.09000,0.06000,-0.61702,-17.91669,61.16552,-29.55368,-65.58698,41.03304
64.97221,0.01160,86.21259,ApproachEntry,Double,281.81260,169.88260,40.41491,142.28980,142.28980,0.00000,281.81260,40.41491,33.41491,0.00000,0.00000,0.00000,1.00000,6,6,1,0.62479,1.09837,0.01186,0.86379,0.97028,0.08164,0.74000,1.22000,0.04000,0.79000,1.09000,0.06000,-0.61702,-17.91669,61.16552,-29.55368,-65.58698,41.03304
65.01054,0.01390,71.92950,ApproachEntry,Double,281.81260,169.88260,40.41491,142.28980,142.28980,0.00000,281.81260,40.41491,33.41491,0.00000,0.00000,0.00000,1.00000,6,6,1,0.62479,1.09837,0.01186,0.86379,0.97028,0.08164,0.74000,1.22000,0.04000,0.79000,1.09000,0.06000,-0.61702,-17.91669,61.16552,-29.55368,-65.58698,41.03304
65.04733,0.01190,84.00400,ApproachEntry,Double,281.81260,169.88260,40.41491,142.28980,142.28980,0.00000,281.81260,40.41491,33.41491,0.00000,0.00000,0.00000,1.00000,6,6,1,0.62479,1.09837,0.01186,0.86379,0.97028,0.08164,0.74000,1.22000,0.04000,0.79000,1.09000,0.06000,-0.61702,-17.91669,61.16552,-29.55368,-65.58698,41.03304
65.08389,0.01196,83.58640,ApproachEntry,Double,281.81260,169.88260,40.41491,142.28980,142.28980,0.00000,281.81260,40.41491,33.41491,0.00000,0.00000,0.00000,1.00000,6,6,1,0.62479,1.09837,0.01186,0.86379,0.97028,0.08164,0.74000,1.22000,0.04000,0.79000,1.09000,0.06000,-0.61702,-17.91669,61.16552,-29.55368,-65.58698,41.03304
65.12434,0.01204,83.08879,ApproachEntry,Double,281.81260,169.88260,40.41491,142.28980,142.28980,0.00000,281.81260,40.41491,33.41491,0.00000,0.00000,0.00000,1.00000,6,6,1,0.62479,1.09837,0.01186,0.86379,0.97028,0.08164,0.74000,1.22000,0.04000,0.79000,1.09000,0.06000,-0.61702,-17.91669,61.16552,-29.55368,-65.58698,41.03304
65.16223,0.01359,73.60861,ApproachEntry,Double,281.81260,169.88260,40.41491,142.28980,142.28980,0.00000,281.81260,40.41491,33.41491,0.00000,0.00000,0.00000,1.00000,6,6,1,0.62479,1.09837,0.01186,0.86379,0.97028,0.08164,0.74000,1.22000,0.04000,0.79000,1.09000,0.06000,-0.61702,-17.91669,61.16552,-29.55368,-65.58698,41.03304
65.20408,0.01238,80.78153,ApproachEntry,Double,281.81260,169.88260,40.41491,142.28980,142.28980,0.00000,281.81260,40.41491,33.41491,0.00000,0.00000,0.00000,1.00000,6,6,1,0.62479,1.09837,0.01186,0.86379,0.97028,0.08164,0.74000,1.22000,0.04000,0.79000,1.09000,0.06000,-0.61702,-17.91669,61.16552,-29.55368,-65.58698,41.03304
65.24182,0.01254,79.74809,ApproachEntry,Double,281.81260,169.88260,40.41491,142.28980,142.28980,0.00000,281.81260,40.41491,33.41491,0.00000,0.00000,0.00000,1.00000,6,6,1,0.62479,1.09837,0.01186,0.86379,0.97028,0.08164,0.74000,1.22000,0.04000,0.79000,1.09000,0.06000,-0.61702,-17.91669,61.16552,-29.55368,-65.58698,41.03304
65.28365,0.01346,74.31718,ApproachEntry,Double,281.81260,169.88260,40.41491,142.28980,142.28980,0.00000,281.81260,40.41491,33.41491,0.00000,0.00000,0.00000,1.00000,6,6,1,0.62479,1.09837,0.01186,0.86379,0.97028,0.08164,0.74000,1.22000,0.04000,0.79000,1.09000,0.06000,-0.61702,-17.91669,61.16552,-29.55368,-65.58698,41.03304
65.32012,0.01223,81.76722,ApproachEntry,Double,281.81260,169.88260,40.41491,142.28980,142.28980,0.00000,281.81260,40.41491,33.41491,0.00000,0.00000,0.00000,1.00000,6,6,1,0.62479,1.09837,0.01186,0.86379,0.97028,0.08164,0.74000,1.22000,0.04000,0.79000,1.09000,0.06000,-0.61702,-17.91669,61.16552,-29.55368,-65.58698,41.03304
65.36160,0.01324,75.52279,ApproachEntry,Double,281.81260,169.88260,40.41491,142.28980,142.28980,0.00000,281.81260,40.41491,33.41491,0.00000,0.00000,0.00000,1.00000,6,6,1,0.62479,1.09837,0.01186,0.86379,0.97028,0.08164,0.74000,1.22000,0.04000,0.79000,1.09000,0.06000,-0.61702,-17.91669,61.16552,-29.55368,-65.58698,41.03304
65.39984,0.01239,80.73406,ApproachEntry,Double,281.81260,169.88260,40.41491,142.28980,142.28980,0.00000,281.81260,40.41491,33.41491,0.00000,0.00000,0.00000,1.00000,6,6,1,0.62479,1.09837,0.01186,0.86379,0.97028,0.08164,0.74000,1.22000,0.04000,0.79000,1.09000,0.06000,-0.61702,-17.91669,61.16552,-29.55368,-65.58698,41.03304
65.44098,0.01350,74.09562,ApproachEntry,Double,281.81260,169.88260,40.41491,142.28980,142.28980,0.00000,281.81260,40.41491,33.41491,0.00000,0.00000,0.00000,1.00000,6,6,1,0.62479,1.09837,0.01186,0.86379,0.97028,0.08164,0.74000,1.22000,0.04000,0.79000,1.09000,0.06000,-0.61702,-17.91669,61.16552,-29.55368,-65.58698,41.03304
65.48021,0.01482,67.47701,ApproachEntry,Double,281.81260,169.88260,40.41491,142.28980,142.28980,0.00000,281.81260,40.41491,33.41491,0.00000,0.00000,0.00000,1.00000,6,6,1,0.62479,1.09837,0.01186,0.86379,0.97028,0.08164,0.74000,1.22000,0.04000,0.79000,1.09000,0.06000,-0.61702,-17.91669,61.16552,-29.55368,-65.58698,41.03304
65.51969,0.01426,70.12944,ApproachEntry,Double,281.81260,169.88260,40.41491,142.28980,142.28980,0.00000,281.81260,40.41491,33.41491,0.00000,0.00000,0.00000,1.00000,6,6,1,0.62479,1.09837,0.01186,0.86379,0.97028,0.08164,0.74000,1.22000,0.04000,0.79000,1.09000,0.06000,-0.61702,-17.91669,61.16552,-29.55368,-65.58698,41.03304
65.55987,0.01355,73.81116,ApproachEntry,Double,281.81260,169.88260,40.41491,142.28980,142.28980,0.00000,281.81260,40.41491,33.41491,0.00000,0.00000,0.00000,1.00000,6,6,1,0.62479,1.09837,0.01186,0.86379,0.97028,0.08164,0.74000,1.22000,0.04000,0.79000,1.09000,0.06000,-0.61702,-17.91669,61.16552,-29.55368,-65.58698,41.03304
65.59912,0.01245,80.33395,ApproachEntry,Double,281.81260,169.88260,40.41491,142.28980,142.28980,0.00000,281.81260,40.41491,33.41491,0.00000,0.00000,0.00000,1.00000,6,6,1,0.62479,1.09837,0.01186,0.86379,0.97028,0.08164,0.74000,1.22000,0.04000,0.79000,1.09000,0.06000,-0.61702,-17.91669,61.16552,-29.55368,-65.58698,41.03304
65.63659,0.01219,82.00899,ApproachEntry,Double,281.81260,169.88260,40.41491,142.28980,142.28980,0.00000,281.81260,40.41491,33.41491,0.00000,0.00000,0.00000,1.00000,6,6,1,0.62479,1.09837,0.01186,0.86379,0.97028,0.08164,0.74000,1.22000,0.04000,0.79000,1.09000,0.06000,-0.61702,-17.91669,61.16552,-29.55368,-65.58698,41.03304
65.67529,0.01015,98.47851,ApproachEntry,Double,414.30550,235.50340,63.95946,302.65290,302.65290,0.00000,414.30550,63.95946,56.95946,0.00000,0.00000,0.00000,1.00000,6,6,1,0.78451,0.99046,0.06814,1.02813,0.97215,0.20494,0.74000,1.22000,0.04000,0.79000,1.09000,0.06000,-0.14587,-1.36299,5.33475,-1.39758,-7.68000,1.81573
65.71024,0.00914,109.39180,ApproachEntry,Double,432.94060,250.29020,56.34489,309.06230,309.06230,0.00000,432.94060,56.34489,49.34489,0.00000,0.00000,0.00000,1.00000,6,6,1,0.76650,0.97250,0.06619,1.01306,0.91798,0.18717,0.74000,1.22000,0.04000,0.79000,1.09000,0.06000,-0.76860,-9.04340,20.69474,1.36962,-23.03999,4.79348
65.75061,0.01186,84.34305,ApproachEntry,Double,575.80300,397.90740,40.14344,435.21600,435.21600,0.00000,575.80300,40.14344,33.14344,0.00000,0.00000,0.00000,1.00000,6,6,1,0.72000,0.82273,0.05022,0.95158,0.69406,0.14086,0.74000,1.22000,0.04000,0.79000,1.09000,0.06000,-1.19663,-24.40339,36.05473,-6.42751,-38.39997,13.46281
65.78788,0.00874,114.35560,ApproachEntry,Double,550.87360,374.08920,32.85943,411.07080,411.07080,0.00000,550.87360,32.85943,25.85943,0.00000,0.00000,0.00000,1.00000,6,6,1,0.66854,0.85284,0.03439,0.88995,0.69289,0.09599,0.74000,1.22000,0.04000,0.79000,1.09000,0.06000,-1.31965,-29.59402,51.41471,-18.40807,-53.75996,28.81304
65.82275,0.00838,119.31510,ApproachEntry,Double,281.81260,169.88260,40.41491,142.28980,142.28980,0.00000,281.81260,40.41491,33.41491,0.00000,0.00000,0.00000,1.00000,6,6,1,0.62479,1.09837,0.01186,0.86379,0.97028,0.08164,0.74000,1.22000,0.04000,0.79000,1.09000,0.06000,-0.61702,-17.91669,61.16552,-29.55368,-65.58698,41.03304
65.86203,0.01503,66.54827,ApproachEntry,Double,411.09410,236.21030,65.68362,301.39810,301.39810,0.00000,411.09410,65.68362,58.68362,0.00000,0.00000,0.00000,1.00000,6,6,1,0.78578,0.99002,0.06844,1.02765,0.97989,0.20914,0.74000,1.22000,0.04000,0.79000,1.09000,0.06000,-0.08375,0.27912,1.49475,-0.50049,-3.84000,0.73176
65.89742,0.00828,120.82920,ApproachEntry,Double,415.61820,229.93010,59.17123,298.29530,298.29530,0.00000,415.61820,59.17122,52.17122,0.00000,0.00000,0.00000,1.00000,6,6,1,0.77430,0.99394,0.06429,1.02307,0.95305,0.18611,0.74000,1.22000,0.04000,0.79000,1.09000,0.06000,-0.48344,-6.17438,16.85475,1.06565,-19.19999,4.78964
65.93267,0.00872,114.71510,ApproachEntry,Double,538.36410,361.57310,44.28580,398.99200,398.99200,0.00000,538.36410,44.28580,37.28580,0.00000,0.00000,0.00000,1.00000,6,6,1,0.73450,0.85888,0.05728,0.97044,0.74846,0.15995,0.74000,1.22000,0.04000,0.79000,1.09000,0.06000,-1.13217,-20.56339,32.21473,-4.20493,-34.55998,10.13334
65.97092,0.00960,104.11890,ApproachEntry,Double,613.79500,431.94760,31.68122,474.47480,474.47480,0.00000,613.79500,31.68122,24.68122,0.00000,0.00000,0.00000,1.00000,6,6,1,0.67554,0.79293,0.03421,0.89345,0.62835,0.09608,0.74000,1.22000,0.04000,0.79000,1.09000,0.06000,-1.34869,-31.51961,47.57472,-15.09085,-49.91996,24.97305
66.00856,0.01033,96.76987,ApproachEntry,Double,289.81780,174.05500,40.17748,150.00690,150.00690,0.00000,289.81780,40.17748,33.17748,0.00000,0.00000,0.00000,1.00000,6,6,1,0.62535,1.09118,0.01641,0.86364,0.96210,0.08683,0.74000,1.22000,0.04000,0.79000,1.09000,0.06000,-0.85525,-18.23380,60.80591,-28.86283,-65.27995,40.33303
66.04614,0.00832,120.24940,ApproachEntry,Double,419.13330,235.40220,60.45866,302.81410,302.81410,0.00000,419.13330,60.45866,53.45866,0.00000,0.00000,0.00000,1.00000,6,6,1,0.77924,0.98927,0.06527,1.02694,0.95447,0.19110,0.74000,1.22000,0.04000,0.79000,1.09000,0.06000,-0.30655,-4.76197,13.01475,-0.72241,-15.35999,4.33672
66.08170,0.00882,113.41190,ApproachEntry,Double,501.88170,324.86030,48.36350,365.38800,365.38800,0.00000,501.88170,48.36349,41.36349,0.00000,0.00000,0.00000,1.00000,6,6,1,0.74672,0.89602,0.06288,0.98627,0.80403,0.17492,0.74000,1.22000,0.04000,0.79000,1.09000,0.06000,-1.06294,-16.72339,28.37473,-2.25075,-30.71998,7.57237
66.11203,0.01048,95.37932,ApproachEntry,Double,613.95530,433.81770,35.96145,473.50240,473.50240,0.00000,613.95530,35.96145,28.96145,0.00000,0.00000,0.00000,1.00000,6,6,1,0.70282,0.78779,0.04244,0.92843,0.64117,0.11993,0.74000,1.22000,0.04000,0.79000,1.09000,0.06000,-1.27110,-28.24338,39.89473,-8.98831,-42.23997,17.29305
66.14482,0.01018,98.21772,ApproachEntry,Double,550.87360,374.08920,32.85943,411.07080,411.07080,0.00000,550.87360,32.85943,25.85943,0.00000,0.00000,0.00000,1.00000,6,6,1,0.66854,0.85284,0.03439,0.88995,0.69289,0.09599,0.74000,1.22000,0.04000,0.79000,1.09000,0.06000,-1.31965,-29.59402,51.41471,-18.40807,-53.75996,28.81304
66.18636,0.01214,82.37659,ApproachEntry,Double,411.09410,236.21030,65.68362,301.39810,301.39810,0.00000,411.09410,65.68362,58.68362,0.00000,0.00000,0.00000,1.00000,6,6,1,0.78578,0.99002,0.06844,1.02765,0.97989,0.20914,0.74000,1.22000,0.04000,0.79000,1.09000,0.06000,-0.08375,0.27912,1.49475,-0.50049,-3.84000,0.73176
66.22379,0.01009,99.10419,ApproachEntry,Double,415.61820,229.93010,59.17123,298.29530,298.29530,0.00000,415.61820,59.17122,52.17122,0.00000,0.00000,0.00000,1.00000,6,6,1,0.77430,0.99394,0.06429,1.02307,0.95305,0.18611,0.74000,1.22000,0.04000,0.79000,1.09000,0.06000,-0.48344,-6.17438,16.85475,1.06565,-19.19999,4.78964
66.25981,0.00993,100.66400,ApproachEntry,Double,538.36410,361.57310,44.28580,398.99200,398.99200,0.00000,538.36410,44.28580,37.28580,0.00000,0.00000,0.00000,1.00000,6,6,1,0.73450,0.85888,0.05728,0.97044,0.74846,0.15995,0.74000,1.22000,0.04000,0.79000,1.09000,0.06000,-1.13217,-20.56339,32.21473,-4.20493,-34.55998,10.13334
66.29650,0.00853,117.18600,ApproachEntry,Double,613.79500,431.94760,31.68122,474.47480,474.47480,0.00000,613.79500,31.68122,24.68122,0.00000,0.00000,0.00000,1.00000,6,6,1,0.67554,0.79293,0.03421,0.89345,0.62835,0.09608,0.74000,1.22000,0.04000,0.79000,1.09000,0.06000,-1.34869,-31.51961,47.57472,-15.09085,-49.91996,24.97305
66.33062,0.00838,119.36570,ApproachEntry,Double,289.81780,174.05500,40.17748,150.00690,150.00690,0.00000,289.81780,40.17748,33.17748,0.00000,0.00000,0.00000,1.00000,6,6,1,0.62535,1.09118,0.01641,0.86364,0.96210,0.08683,0.74000,1.22000,0.04000,0.79000,1.09000,0.06000,-0.85525,-18.23380,60.80591,-28.86283,-65.27995,40.33303
66.36872,0.00861,116.07820,ApproachEntry,Double,419.13330,235.40220,60.45866,302.81410,302.81410,0.00000,419.13330,60.45866,53.45866,0.00000,0.00000,0.00000,1.00000,6,6,1,0.77924,0.98927,0.06527,1.02694,0.95447,0.19110,0.74000,1.22000,0.04000,0.79000,1.09000,0.06000,-0.30655,-4.76197,13.01475,-0.72241,-15.35999,4.33672
66.40289,0.00770,129.89010,ApproachEntry,Double,501.88170,324.86030,48.36350,365.38800,365.38800,0.00000,501.88170,48.36349,41.36349,0.00000,0.00000,0.00000,1.00000,6,6,1,0.74672,0.89602,0.06288,0.98627,0.80403,0.17492,0.74000,1.22000,0.04000,0.79000,1.09000,0.06000,-1.06294,-16.72339,28.37473,-2.25075,-30.71998,7.57237
66.44015,0.00849,117.72820,ApproachEntry,Double,634.91440,452.56450,32.70618,495.28200,495.28200,0.00000,634.91440,32.70618,25.70618,0.00000,0.00000,0.00000,1.00000,6,6,1,0.68626,0.77065,0.03627,0.90584,0.61041,0.10339,0.74000,1.22000,0.04000,0.79000,1.09000,0.06000,-1.32953,-31.07850,43.73472,-11.91358,-46.07997,21.13305
66.47784,0.00950,105.26140,ApproachEntry,Double,360.41200,218.07690,38.89472,219.79910,219.79910,0.00000,360.41200,38.89472,31.89472,0.00000,0.00000,0.00000,1.00000,6,6,1,0.64184,1.02585,0.02484,0.87756,0.89118,0.09338,0.74000,1.22000,0.04000,0.79000,1.09000,0.06000,-1.09140,-22.07380,59.09471,-25.23362,-61.43995,36.49304
66.51006,0.01095,91.31569,ApproachEntry,Double,414.30550,235.50340,63.95946,302.65290,302.65290,0.00000,414.30550,63.95946,56.95946,0.00000,0.00000,0.00000,1.00000,6,6,1,0.78451,0.99046,0.06814,1.02813,0.97215,0.20494,0.74000,1.22000,0.04000,0.79000,1.09000,0.06000,-0.14587,-1.36299,5.33475,-1.39758,-7.68000,1.81573
66.54659,0.00915,109.26520,ApproachEntry,Double,432.94060,250.29020,56.34489,309.06230,309.06230,0.00000,432.94060,56.34489,49.34489,0.00000,0.00000,0.00000,1.00000,6,6,1,0.76650,0.97250,0.06619,1.01306,0.91798,0.18717,0.74000,1.22000,0.04000,0.79000,1.09000,0.06000,-0.76860,-9.04340,20.69474,1.36962,-23.03999,4.79348
66.57694,0.01013,98.72543,ApproachEntry,Double,538.36410,361.57310,44.28580,398.99200,398.99200,0.00000,538.36410,44.28580,37.28580,0.00000,0.00000,0.00000,1.00000,6,6,1,0.73450,0.85888,0.05728,0.97044,0.74846,0.15995,0.74000,1.22000,0.04000,0.79000,1.09000,0.06000,-1.13217,-20.56339,32.21473,-4.20493,-34.55998,10.13334
66.61762,0.01297,77.10523,ApproachEntry,Double,634.91440,452.56450,32.70618,495.28200,495.28200,0.00000,634.91440,32.70618,25.70618,0.00000,0.00000,0.00000,1.00000,6,6,1,0.68626,0.77065,0.03627,0.90584,0.61041,0.10339,0.74000,1.22000,0.04000,0.79000,1.09000,0.06000,-1.32953,-31.07850,43.73472,-11.91358,-46.07997,21.13305
66.66016,0.01457,68.62595,ApproachEntry,Double,414.30550,235.50340,63.95946,302.65290,302.65290,0.00000,414.30550,63.95946,56.95946,0.00000,0.00000,0.00000,1.00000,6,6,1,0.78451,0.99046,0.06814,1.02813,0.97215,0.20494,0.74000,1.22000,0.04000,0.79000,1.09000,0.06000,-0.14587,-1.36299,5.33475,-1.39758,-7.68000,1.81573
66.69792,0.01266,78.97684,ApproachEntry,Double,415.61820,229.93010,59.17123,298.29530,298.29530,0.00000,415.61820,59.17122,52.17122,0.00000,0.00000,0.00000,1.00000,6,6,1,0.77430,0.99394,0.06429,1.02307,0.95305,0.18611,0.74000,1.22000,0.04000,0.79000,1.09000,0.06000,-0.48344,-6.17438,16.85475,1.06565,-19.19999,4.78964
66.74020,0.01444,69.22927,ApproachEntry,Double,501.88170,324.86030,48.36350,365.38800,365.38800,0.00000,501.88170,48.36349,41.36349,0.00000,0.00000,0.00000,1.00000,6,6,1,0.74672,0.89602,0.06288,0.98627,0.80403,0.17492,0.74000,1.22000,0.04000,0.79000,1.09000,0.06000,-1.06294,-16.72339,28.37473,-2.25075,-30.71998,7.57237
66.77634,0.03614,27.66972,ApproachEntry,Double,538.36410,361.57310,44.28580,398.99200,398.99200,0.00000,538.36410,44.28580,37.28580,0.00000,0.00000,0.00000,1.00000,6,6,1,0.73450,0.85888,0.05728,0.97044,0.74846,0.15995,0.74000,1.22000,0.04000,0.79000,1.09000,0.06000,-1.13217,-20.56339,32.21473,-4.20493,-34.55998,10.13334
66.81239,0.01133,88.26527,ApproachEntry,Double,414.30550,235.50340,63.95946,302.65290,302.65290,0.00000,414.30550,63.95946,56.95946,0.00000,0.00000,0.00000,1.00000,6,6,1,0.78451,0.99046,0.06814,1.02813,0.97215,0.20494,0.74000,1.22000,0.04000,0.79000,1.09000,0.06000,-0.14587,-1.36299,5.33475,-1.39758,-7.68000,1.81573
66.84815,0.00880,113.69050,ApproachEntry,Double,432.94060,250.29020,56.34489,309.06230,309.06230,0.00000,432.94060,56.34489,49.34489,0.00000,0.00000,0.00000,1.00000,6,6,1,0.76650,0.97250,0.06619,1.01306,0.91798,0.18717,0.74000,1.22000,0.04000,0.79000,1.09000,0.06000,-0.76860,-9.04340,20.69474,1.36962,-23.03999,4.79348
66.88344,0.01356,73.76691,ApproachEntry,Double,538.36410,361.57310,44.28580,398.99200,398.99200,0.00000,538.36410,44.28580,37.28580,0.00000,0.00000,0.00000,1.00000,6,6,1,0.73450,0.85888,0.05728,0.97044,0.74846,0.15995,0.74000,1.22000,0.04000,0.79000,1.09000,0.06000,-1.13217,-20.56339,32.21473,-4.20493,-34.55998,10.13334
66.91711,0.01091,91.64738,ApproachEntry,Double,634.91440,452.56450,32.70618,495.28200,495.28200,0.00000,634.91440,32.70618,25.70618,0.00000,0.00000,0.00000,1.00000,6,6,1,0.68626,0.77065,0.03627,0.90584,0.61041,0.10339,0.74000,1.22000,0.04000,0.79000,1.09000,0.06000,-1.32953,-31.07850,43.73472,-11.91358,-46.07997,21.13305
66.94893,0.01071,93.35538,ApproachEntry,Double,456.97100,292.16760,35.74225,316.41520,316.41520,0.00000,456.97100,35.74224,28.74224,0.00000,0.00000,0.00000,1.00000,6,6,1,0.65894,0.93940,0.03242,0.88760,0.79131,0.09713,0.74000,1.22000,0.04000,0.79000,1.09000,0.06000,-1.23909,-25.91380,55.25471,-21.77708,-57.59996,32.65304
66.98962,0.01367,73.16061,ApproachEntry,Double,414.30550,235.50340,63.95946,302.65290,302.65290,0.00000,414.30550,63.95946,56.95946,0.00000,0.00000,0.00000,1.00000,6,6,1,0.78451,0.99046,0.06814,1.02813,0.97215,0.20494,0.74000,1.22000,0.04000,0.79000,1.09000,0.06000,-0.14587,-1.36299,5.33475,-1.39758,-7.68000,1.81573
67.02262,0.01036,96.51276,ApproachEntry,Double,415.61820,229.93010,59.17123,298.29530,298.29530,0.00000,415.61820,59.17122,52.17122,0.00000,0.00000,0.00000,1.00000,6,6,1,0.77430,0.99394,0.06429,1.02307,0.95305,0.18611,0.74000,1.22000,0.04000,0.79000,1.09000,0.06000,-0.48344,-6.17438,16.85475,1.06565,-19.19999,4.78964
67.06388,0.01359,73.56403,ApproachEntry,Double,501.88170,324.86030,48.36350,365.38800,365.38800,0.00000,501.88170,48.36349,41.36349,0.00000,0.00000,0.00000,1.00000,6,6,1,0.74672,0.89602,0.06288,0.98627,0.80403,0.17492,0.74000,1.22000,0.04000,0.79000,1.09000,0.06000,-1.06294,-16.72339,28.37473,-2.25075,-30.71998,7.57237
67.09712,0.01100,90.94096,ApproachEntry,Double,613.95530,433.81770,35.96145,473.50240,473.50240,0.00000,613.95530,35.96145,28.96145,0.00000,0.00000,0.00000,1.00000,6,6,1,0.70282,0.78779,0.04244,0.92843,0.64117,0.11993,0.74000,1.22000,0.04000,0.79000,1.09000,0.06000,-1.27110,-28.24338,39.89473,-8.98831,-42.23997,17.29305
67.12788,0.01198,83.48987,ApproachEntry,Double,411.09410,236.21030,65.68362,301.39810,301.39810,0.00000,411.09410,65.68362,58.68362,0.00000,0.00000,0.00000,1.00000,6,6,1,0.78578,0.99002,0.06844,1.02765,0.97989,0.20914,0.74000,1.22000,0.04000,0.79000,1.09000,0.06000,-0.08375,0.27912,1.49475,-0.50049,-3.84000,0.73176
67.16697,0.01091,91.64130,ApproachEntry,Double,415.61820,229.93010,59.17123,298.29530,298.29530,0.00000,415.61820,59.17122,52.17122,0.00000,0.00000,0.00000,1.00000,6,6,1,0.77430,0.99394,0.06429,1.02307,0.95305,0.18611,0.74000,1.22000,0.04000,0.79000,1.09000,0.06000,-0.48344,-6.17438,16.85475,1.06565,-19.19999,4.78964
67.20163,0.01021,97.94457,ApproachEntry,Double,501.88170,324.86030,48.36350,365.38800,365.38800,0.00000,501.88170,48.36349,41.36349,0.00000,0.00000,0.00000,1.00000,6,6,1,0.74672,0.89602,0.06288,0.98627,0.80403,0.17492,0.74000,1.22000,0.04000,0.79000,1.09000,0.06000,-1.06294,-16.72339,28.37473,-2.25075,-30.71998,7.57237
67.23280,0.00954,104.82440,ApproachEntry,Double,613.95530,433.81770,35.96145,473.50240,473.50240,0.00000,613.95530,35.96145,28.96145,0.00000,0.00000,0.00000,1.00000,6,6,1,0.70282,0.78779,0.04244,0.92843,0.64117,0.11993,0.74000,1.22000,0.04000,0.79000,1.09000,0.06000,-1.27110,-28.24338,39.89473,-8.98831,-42.23997,17.29305
67.27194,0.00973,102.79710,ApproachEntry,Double,456.97100,292.16760,35.74225,316.41520,316.41520,0.00000,456.97100,35.74224,28.74224,0.00000,0.00000,0.00000,1.00000,6,6,1,0.65894,0.93940,0.03242,0.88760,0.79131,0.09713,0.74000,1.22000,0.04000,0.79000,1.09000,0.06000,-1.23909,-25.91380,55.25471,-21.77708,-57.59996,32.65304
67.30254,0.01114,89.77013,ApproachEntry,Double,411.09410,236.21030,65.68362,301.39810,301.39810,0.00000,411.09410,65.68362,58.68362,0.00000,0.00000,0.00000,1.00000,6,6,1,0.78578,0.99002,0.06844,1.02765,0.97989,0.20914,0.74000,1.22000,0.04000,0.79000,1.09000,0.06000,-0.08375,0.27912,1.49475,-0.50049,-3.84000,0.73176
67.33621,0.00917,109.03470,ApproachEntry,Double,419.13330,235.40220,60.45866,302.81410,302.81410,0.00000,419.13330,60.45866,53.45866,0.00000,0.00000,0.00000,1.00000,6,6,1,0.77924,0.98927,0.06527,1.02694,0.95447,0.19110,0.74000,1.22000,0.04000,0.79000,1.09000,0.06000,-0.30655,-4.76197,13.01475,-0.72241,-15.35999,4.33672
67.36731,0.01107,90.36173,ApproachEntry,Double,466.62930,287.77510,52.37561,335.10780,335.10780,0.00000,466.62930,52.37561,45.37561,0.00000,0.00000,0.00000,1.00000,6,6,1,0.75714,0.93394,0.06625,1.00003,0.86055,0.18465,0.74000,1.22000,0.04000,0.79000,1.09000,0.06000,-0.95851,-12.88340,24.53474,-0.44537,-26.87998,5.76970
67.40201,0.01321,75.71705,ApproachEntry,Double,575.80300,397.90740,40.14344,435.21600,435.21600,0.00000,575.80300,40.14344,33.14344,0.00000,0.00000,0.00000,1.00000,6,6,1,0.72000,0.82273,0.05022,0.95158,0.69406,0.14086,0.74000,1.22000,0.04000,0.79000,1.09000,0.06000,-1.19663,-24.40339,36.05473,-6.42751,-38.39997,13.46281
67.44273,0.01073,93.17958,ApproachEntry,Double,550.87360,374.08920,32.85943,411.07080,411.07080,0.00000,550.87360,32.85943,25.85943,0.00000,0.00000,0.00000,1.00000,6,6,1,0.66854,0.85284,0.03439,0.88995,0.69289,0.09599,0.74000,1.22000,0.04000,0.79000,1.09000,0.06000,-1.31965,-29.59402,51.41471,-18.40807,-53.75996,28.81304
67.47826,0.00962,103.96460,ApproachEntry,Double,416.53670,234.59110,62.21661,302.77510,302.77510,0.00000,416.53670,62.21661,55.21661,0.00000,0.00000,0.00000,1.00000,6,6,1,0.78249,0.99085,0.06678,1.02841,0.96435,0.19800,0.74000,1.22000,0.04000,0.79000,1.09000,0.06000,-0.20660,-3.00592,9.17475,-1.63453,-11.52000,3.23911
67.51640,0.00947,105.62900,ApproachEntry,Double,466.62930,287.77510,52.37561,335.10780,335.10780,0.00000,466.62930,52.37561,45.37561,0.00000,0.00000,0.00000,1.00000,6,6,1,0.75714,0.93394,0.06625,1.00003,0.86055,0.18465,0.74000,1.22000,0.04000,0.79000,1.09000,0.06000,-0.95851,-12.88340,24.53474,-0.44537,-26.87998,5.76970
67.54810,0.01022,97.83735,ApproachEntry,Double,575.80300,397.90740,40.14344,435.21600,435.21600,0.00000,575.80300,40.14344,33.14344,0.00000,0.00000,0.00000,1.00000,6,6,1,0.72000,0.82273,0.05022,0.95158,0.69406,0.14086,0.74000,1.22000,0.04000,0.79000,1.09000,0.06000,-1.19663,-24.40339,36.05473,-6.42751,-38.39997,13.46281
67.58769,0.01083,92.33638,ApproachEntry,Double,550.87360,374.08920,32.85943,411.07080,411.07080,0.00000,550.87360,32.85943,25.85943,0.00000,0.00000,0.00000,1.00000,6,6,1,0.66854,0.85284,0.03439,0.88995,0.69289,0.09599,0.74000,1.22000,0.04000,0.79000,1.09000,0.06000,-1.31965,-29.59402,51.41471,-18.40807,-53.75996,28.81304
67.62560,0.00946,105.66060,ApproachEntry,Double,281.81260,169.88260,40.41491,142.28980,142.28980,0.00000,281.81260,40.41491,33.41491,0.00000,0.00000,0.00000,1.00000,6,6,1,0.62479,1.09837,0.01186,0.86379,0.97028,0.08164,0.74000,1.22000,0.04000,0.79000,1.09000,0.06000,-0.61702,-17.91669,61.16552,-29.55368,-65.58698,41.03304
67.66647,0.01406,71.14854,ApproachEntry,Double,281.81260,169.88260,40.41491,142.28980,142.28980,0.00000,281.81260,40.41491,33.41491,0.00000,0.00000,0.00000,1.00000,6,6,1,0.62479,1.09837,0.01186,0.86379,0.97028,0.08164,0.74000,1.22000,0.04000,0.79000,1.09000,0.06000,-0.61702,-17.91669,61.16552,-29.55368,-65.58698,41.03304
67.70890,0.01466,68.22217,ApproachEntry,Double,281.81260,169.88260,40.41491,142.28980,142.28980,0.00000,281.81260,40.41491,33.41491,0.00000,0.00000,0.00000,1.00000,6,6,1,0.62479,1.09837,0.01186,0.86379,0.97028,0.08164,0.74000,1.22000,0.04000,0.79000,1.09000,0.06000,-0.61702,-17.91669,61.16552,-29.55368,-65.58698,41.03304
67.74699,0.01748,57.21192,ApproachEntry,Double,281.81260,169.88260,40.41491,142.28980,142.28980,0.00000,281.81260,40.41491,33.41491,0.00000,0.00000,0.00000,1.00000,6,6,1,0.62479,1.09837,0.01186,0.86379,0.97028,0.08164,0.74000,1.22000,0.04000,0.79000,1.09000,0.06000,-0.61702,-17.91669,61.16552,-29.55368,-65.58698,41.03304
67.77890,0.01635,61.14708,ApproachEntry,Double,281.81260,169.88260,40.41491,142.28980,142.28980,0.00000,281.81260,40.41491,33.41491,0.00000,0.00000,0.00000,1.00000,6,6,1,0.62479,1.09837,0.01186,0.86379,0.97028,0.08164,0.74000,1.22000,0.04000,0.79000,1.09000,0.06000,-0.61702,-17.91669,61.16552,-29.55368,-65.58698,41.03304
67.82202,0.02574,38.85404,ApproachEntry,Double,281.81260,169.88260,40.41491,142.28980,142.28980,0.00000,281.81260,40.41491,33.41491,0.00000,0.00000,0.00000,1.00000,6,6,1,0.62479,1.09837,0.01186,0.86379,0.97028,0.08164,0.74000,1.22000,0.04000,0.79000,1.09000,0.06000,-0.61702,-17.91669,61.16552,-29.55368,-65.58698,41.03304
67.87140,0.04938,20.25107,ApproachEntry,Double,281.81260,169.88260,40.41491,142.28980,142.28980,0.00000,281.81260,40.41491,33.41491,0.00000,0.00000,0.00000,1.00000,6,6,1,0.62479,1.09837,0.01186,0.86379,0.97028,0.08164,0.74000,1.22000,0.04000,0.79000,1.09000,0.06000,-0.61702,-17.91669,61.16552,-29.55368,-65.58698,41.03304
67.91538,0.01925,51.95398,ApproachEntry,Double,281.81260,169.88260,40.41491,142.28980,142.28980,0.00000,281.81260,40.41491,33.41491,0.00000,0.00000,0.00000,1.00000,6,6,1,0.62479,1.09837,0.01186,0.86379,0.97028,0.08164,0.74000,1.22000,0.04000,0.79000,1.09000,0.06000,-0.61702,-17.91669,61.16552,-29.55368,-65.58698,41.03304
67.95698,0.01891,52.88780,ApproachEntry,Double,281.81260,169.88260,40.41491,142.28980,142.28980,0.00000,281.81260,40.41491,33.41491,0.00000,0.00000,0.00000,1.00000,6,6,1,0.62479,1.09837,0.01186,0.86379,0.97028,0.08164,0.74000,1.22000,0.04000,0.79000,1.09000,0.06000,-0.61702,-17.91669,61.16552,-29.55368,-65.58698,41.03304
67.99141,0.01668,59.95407,ApproachEntry,Double,281.81260,169.88260,40.41491,142.28980,142.28980,0.00000,281.81260,40.41491,33.41491,0.00000,0.00000,0.00000,1.00000,6,6,1,0.62479,1.09837,0.01186,0.86379,0.97028,0.08164,0.74000,1.22000,0.04000,0.79000,1.09000,0.06000,-0.61702,-17.91669,61.16552,-29.55368,-65.58698,41.03304
68.02730,0.01891,52.87309,ApproachEntry,Double,281.81260,169.88260,40.41491,142.28980,142.28980,0.00000,281.81260,40.41491,33.41491,0.00000,0.00000,0.00000,1.00000,6,6,1,0.62479,1.09837,0.01186,0.86379,0.97028,0.08164,0.74000,1.22000,0.04000,0.79000,1.09000,0.06000,-0.61702,-17.91669,61.16552,-29.55368,-65.58698,41.03304
68.06170,0.01732,57.74347,ApproachEntry,Double,281.81260,169.88260,40.41491,142.28980,142.28980,0.00000,281.81260,40.41491,33.41491,0.00000,0.00000,0.00000,1.00000,6,6,1,0.62479,1.09837,0.01186,0.86379,0.97028,0.08164,0.74000,1.22000,0.04000,0.79000,1.09000,0.06000,-0.61702,-17.91669,61.16552,-29.55368,-65.58698,41.03304
68.09460,0.01576,63.47079,ApproachEntry,Double,281.81260,169.88260,40.41491,142.28980,142.28980,0.00000,281.81260,40.41491,33.41491,0.00000,0.00000,0.00000,1.00000,6,6,1,0.62479,1.09837,0.01186,0.86379,0.97028,0.08164,0.74000,1.22000,0.04000,0.79000,1.09000,0.06000,-0.61702,-17.91669,61.16552,-29.55368,-65.58698,41.03304
68.13380,0.02032,49.20466,ApproachEntry,Double,281.81260,169.88260,40.41491,142.28980,142.28980,0.00000,281.81260,40.41491,33.41491,0.00000,0.00000,0.00000,1.00000,6,6,1,0.62479,1.09837,0.01186,0.86379,0.97028,0.08164,0.74000,1.22000,0.04000,0.79000,1.09000,0.06000,-0.61702,-17.91669,61.16552,-29.55368,-65.58698,41.03304
68.17480,0.01805,55.40629,ApproachEntry,Double,281.81260,169.88260,40.41491,142.28980,142.28980,0.00000,281.81260,40.41491,33.41491,0.00000,0.00000,0.00000,1.00000,6,6,1,0.62479,1.09837,0.01186,0.86379,0.97028,0.08164,0.74000,1.22000,0.04000,0.79000,1.09000,0.06000,-0.61702,-17.91669,61.16552,-29.55368,-65.58698,41.03304
68.21224,0.01850,54.06149,ApproachEntry,Double,281.81260,169.88260,40.41491,142.28980,142.28980,0.00000,281.81260,40.41491,33.41491,0.00000,0.00000,0.00000,1.00000,6,6,1,0.62479,1.09837,0.01186,0.86379,0.97028,0.08164,0.74000,1.22000,0.04000,0.79000,1.09000,0.06000,-0.61702,-17.91669,61.16552,-29.55368,-65.58698,41.03304
68.24913,0.01934,51.71165,ApproachEntry,Double,281.81260,169.88260,40.41491,142.28980,142.28980,0.00000,281.81260,40.41491,33.41491,0.00000,0.00000,0.00000,1.00000,6,6,1,0.62479,1.09837,0.01186,0.86379,0.97028,0.08164,0.74000,1.22000,0.04000,0.79000,1.09000,0.06000,-0.61702,-17.91669,61.16552,-29.55368,-65.58698,41.03304
68.28400,0.01728,57.86941,ApproachEntry,Double,281.81260,169.88260,40.41491,142.28980,142.28980,0.00000,281.81260,40.41491,33.41491,0.00000,0.00000,0.00000,1.00000,6,6,1,0.62479,1.09837,0.01186,0.86379,0.97028,0.08164,0.74000,1.22000,0.04000,0.79000,1.09000,0.06000,-0.61702,-17.91669,61.16552,-29.55368,-65.58698,41.03304
68.31676,0.01659,60.27686,ApproachEntry,Double,281.81260,169.88260,40.41491,142.28980,142.28980,0.00000,281.81260,40.41491,33.41491,0.00000,0.00000,0.00000,1.00000,6,6,1,0.62479,1.09837,0.01186,0.86379,0.97028,0.08164,0.74000,1.22000,0.04000,0.79000,1.09000,0.06000,-0.61702,-17.91669,61.16552,-29.55368,-65.58698,41.03304
68.35216,0.01860,53.75750,ApproachEntry,Double,281.81260,169.88260,40.41491,142.28980,142.28980,0.00000,281.81260,40.41491,33.41491,0.00000,0.00000,0.00000,1.00000,6,6,1,0.62479,1.09837,0.01186,0.86379,0.97028,0.08164,0.74000,1.22000,0.04000,0.79000,1.09000,0.06000,-0.61702,-17.91669,61.16552,-29.55368,-65.58698,41.03304
68.39075,0.02213,45.19283,ApproachEntry,Double,281.81260,169.88260,40.41491,142.28980,142.28980,0.00000,281.81260,40.41491,33.41491,0.00000,0.00000,0.00000,1.00000,6,6,1,0.62479,1.09837,0.01186,0.86379,0.97028,0.08164,0.74000,1.22000,0.04000,0.79000,1.09000,0.06000,-0.61702,-17.91669,61.16552,-29.55368,-65.58698,41.03304
68.43008,0.01862,53.71825,ApproachEntry,Double,281.81260,169.88260,40.41491,142.28980,142.28980,0.00000,281.81260,40.41491,33.41491,0.00000,0.00000,0.00000,1.00000,6,6,1,0.62479,1.09837,0.01186,0.86379,0.97028,0.08164,0.74000,1.22000,0.04000,0.79000,1.09000,0.06000,-0.61702,-17.91669,61.16552,-29.55368,-65.58698,41.03304
68.46900,0.02174,46.00071,ApproachEntry,Double,281.81260,169.88260,40.41491,142.28980,142.28980,0.00000,281.81260,40.41491,33.41491,0.00000,0.00000,0.00000,1.00000,6,6,1,0.62479,1.09837,0.01186,0.86379,0.97028,0.08164,0.74000,1.22000,0.04000,0.79000,1.09000,0.06000,-0.61702,-17.91669,61.16552,-29.55368,-65.58698,41.03304
68.53496,0.06596,15.16018,ApproachEntry,Double,281.81260,169.88260,40.41491,142.28980,142.28980,0.00000,281.81260,40.41491,33.41491,0.00000,0.00000,0.00000,1.00000,6,6,1,0.62479,1.09837,0.01186,0.86379,0.97028,0.08164,0.74000,1.22000,0.04000,0.79000,1.09000,0.06000,-0.61702,-17.91669,61.16552,-29.55368,-65.58698,41.03304
68.59262,0.05766,17.34332,ApproachEntry,Double,281.81260,169.88260,40.41491,142.28980,142.28980,0.00000,281.81260,40.41491,33.41491,0.00000,0.00000,0.00000,1.00000,6,6,1,0.62479,1.09837,0.01186,0.86379,0.97028,0.08164,0.74000,1.22000,0.04000,0.79000,1.09000,0.06000,-0.61702,-17.91669,61.16552,-29.55368,-65.58698,41.03304
68.63844,0.04582,21.82357,ApproachEntry,Double,281.81260,169.88260,40.41491,142.28980,142.28980,0.00000,281.81260,40.41491,33.41491,0.00000,0.00000,0.00000,1.00000,6,6,1,0.62479,1.09837,0.01186,0.86379,0.97028,0.08164,0.74000,1.22000,0.04000,0.79000,1.09000,0.06000,-0.61702,-17.91669,61.16552,-29.55368,-65.58698,41.03304
68.67323,0.03478,28.75092,ApproachEntry,Double,281.81260,169.88260,40.41491,142.28980,142.28980,0.00000,281.81260,40.41491,33.41491,0.00000,0.00000,0.00000,1.00000,6,6,1,0.62479,1.09837,0.01186,0.86379,0.97028,0.08164,0.74000,1.22000,0.04000,0.79000,1.09000,0.06000,-0.61702,-17.91669,61.16552,-29.55368,-65.58698,41.03304
68.76517,0.09194,10.87618,ApproachEntry,Double,281.81260,169.88260,40.41491,142.28980,142.28980,0.00000,281.81260,40.41491,33.41491,0.00000,0.00000,0.00000,1.00000,6,6,1,0.62479,1.09837,0.01186,0.86379,0.97028,0.08164,0.74000,1.22000,0.04000,0.79000,1.09000,0.06000,-0.61702,-17.91669,61.16552,-29.55368,-65.58698,41.03304
68.80214,0.03697,27.04618,ApproachEntry,Double,281.81260,169.88260,40.41491,142.28980,142.28980,0.00000,281.81260,40.41491,33.41491,0.00000,0.00000,0.00000,1.00000,6,6,1,0.62479,1.09837,0.01186,0.86379,0.97028,0.08164,0.74000,1.22000,0.04000,0.79000,1.09000,0.06000,-0.61702,-17.91669,61.16552,-29.55368,-65.58698,41.03304
69.13548,0.74856,1.33589,ApproachEntry,Double,281.81260,169.88260,40.41491,142.28980,142.28980,0.00000,281.81260,40.41491,33.41491,0.00000,0.00000,0.00000,1.00000,6,6,1,0.62479,1.09837,0.01186,0.86379,0.97028,0.08164,0.74000,1.22000,0.04000,0.79000,1.09000,0.06000,-0.61702,-17.91669,61.16552,-29.55368,-65.58698,41.03304
69.17548,8.92245,0.11208,ApproachEntry,Double,281.81260,169.88260,40.41491,142.28980,142.28980,0.00000,281.81260,40.41491,33.41491,0.00000,0.00000,0.00000,1.00000,6,6,1,0.62479,1.09837,0.01186,0.86379,0.97028,0.08164,0.74000,1.22000,0.04000,0.79000,1.09000,0.06000,-0.61702,-17.91669,61.16552,-29.55368,-65.58698,41.03304
