time_s,dt_s,fps,task,mode,phase,insertion_progress,lambda,tip_x,tip_y,tip_z,rcm_x,rcm_y,rcm_z,entry_side_x,entry_side_y,entry_side_z,desired_tip_x,desired_tip_y,desired_tip_z,desired_entry_cone_x,desired_entry_cone_y,desired_entry_cone_z,desired_tip_cone_x,desired_tip_cone_y,desired_tip_cone_z,entry_x,entry_y,entry_z,target_x,target_y,target_z,tip_target_error_mm,entry_rcm_error_mm,target_rcm_error_mm,task2_entry_cone_error_mm,task4_tip_cone_error_mm,active_task_error_mm,tip_line_distance_mm,shaft_line_max_distance_mm,tool_axis_angle_deg,skull_violation_mm,qdot_norm_rad_s,lambdadot,q1_deg,q2_deg,q3_deg,q4_deg,q5_deg,q6_deg,q1dot_deg_s,q2dot_deg_s,q3dot_deg_s,q4dot_deg_s,q5dot_deg_s,q6dot_deg_s,entry_rcm_ok_10mm,tip_target_ok_25mm,skull_ok_0mm,log_file,time_rel_s
0.1105,0.09054,11.04,T3_safe_insertion,InsertionSequence,ApproachEntry,0.0,0.995,0.71474,1.0417,0.19557,0.71372,1.04515,0.1956,0.63483,1.31301,0.19748,0.72929,1.57071,0.1,0.8,1.5,0.07774,1.0,1.3,0.135,0.8,1.5,0.1,1.0,1.3,0.1,396.521,472.729,395.022,276.741,389.568,396.521,396.062,396.062,28.59,0.0,0.53114,0.0,-0.085,3.691,-80.987,0.469,60.886,0.0,-1.195,-21.147,2.315,6.425,20.757,0.0,0,0,1,project4_multircm_20260624_092806_475.csv,0.0
0.1622,0.00999,100.12,T3_safe_insertion,InsertionSequence,ApproachEntry,0.0,0.995,0.71444,1.05547,0.19244,0.71342,1.05893,0.19248,0.6349,1.32688,0.19572,0.72929,1.57071,0.1,0.8,1.5,0.07774,1.0,1.3,0.135,0.8,1.5,0.1,1.0,1.3,0.1,387.15,458.904,385.739,266.735,380.314,387.15,386.061,392.198,28.674,0.0,0.51981,0.0,-0.151,2.606,-80.867,0.801,61.933,0.0,-1.317,-20.928,2.298,6.427,20.019,0.0,0,0,1,project4_multircm_20260624_092806_475.csv,0.05170000000000001
0.2338,0.02905,34.42,T3_safe_insertion,InsertionSequence,ApproachEntry,0.0,0.995,0.71404,1.0746,0.1881,0.71304,1.07806,0.18817,0.63488,1.34609,0.19332,0.72929,1.57071,0.1,0.8,1.5,0.07774,1.0,1.3,0.135,0.8,1.5,0.1,1.0,1.3,0.1,374.616,439.741,373.337,253.6,367.961,374.616,372.161,404.376,28.76,0.0,0.51212,0.0,-0.248,1.116,-80.709,1.26,63.345,0.0,-1.387,-20.724,2.161,6.416,19.588,0.0,0,0,1,project4_multircm_20260624_092806_475.csv,0.1233
0.2854,0.03608,27.72,T3_safe_insertion,InsertionSequence,ApproachEntry,0.0,0.995,0.71379,1.08759,0.18515,0.71278,1.09105,0.18524,0.63477,1.3591,0.1917,0.72929,1.57071,0.1,0.8,1.5,0.07774,1.0,1.3,0.135,0.8,1.5,0.1,1.0,1.3,0.1,366.451,426.748,365.269,245.237,359.931,366.451,362.716,413.07,28.802,0.0,0.50589,0.0,-0.318,0.115,-80.604,1.571,64.278,0.0,-1.435,-20.603,2.137,6.397,19.186,0.0,0,0,1,project4_multircm_20260624_092806_475.csv,0.1749
0.351,0.01902,52.57,T3_safe_insertion,InsertionSequence,ApproachEntry,0.0,0.995,0.7135,1.10515,0.18119,0.7125,1.10861,0.18129,0.63456,1.37662,0.18955,0.72929,1.57071,0.1,0.8,1.5,0.07774,1.0,1.3,0.135,0.8,1.5,0.1,1.0,1.3,0.1,355.862,409.213,354.82,234.719,349.542,355.862,349.912,425.287,28.831,0.0,0.49511,0.0,-0.415,-1.225,-80.468,1.988,65.503,0.0,-1.509,-20.388,2.084,6.362,18.493,0.0,0,0,1,project4_multircm_20260624_092806_475.csv,0.2405
0.4115,0.01145,87.31,T3_safe_insertion,InsertionSequence,ApproachEntry,0.0,0.995,0.71327,1.12136,0.17753,0.71226,1.12482,0.17766,0.63426,1.39276,0.18757,0.72929,1.57071,0.1,0.8,1.5,0.07774,1.0,1.3,0.135,0.8,1.5,0.1,1.0,1.3,0.1,346.611,393.056,345.709,225.904,340.495,346.611,338.079,437.001,28.836,0.0,0.48631,0.0,-0.508,-2.448,-80.35,2.371,66.604,0.0,-1.547,-20.167,1.917,6.307,17.995,0.0,0,0,1,project4_multircm_20260624_092806_475.csv,0.301
0.47,0.01407,71.09,T3_safe_insertion,InsertionSequence,ApproachEntry,0.0,0.995,0.71306,1.13709,0.174,0.71205,1.14054,0.17415,0.63389,1.40838,0.18567,0.72929,1.57071,0.1,0.8,1.5,0.07774,1.0,1.3,0.135,0.8,1.5,0.1,1.0,1.3,0.1,338.156,377.415,337.399,218.261,332.257,338.156,326.585,448.713,28.819,0.0,0.47933,0.0,-0.6,-3.625,-80.24,2.739,67.643,0.0,-1.567,-19.999,1.79,6.255,17.593,0.0,0,0,1,project4_multircm_20260624_092806_475.csv,0.3595
0.5326,0.01689,59.19,T3_safe_insertion,InsertionSequence,ApproachEntry,0.0,0.995,0.71285,1.15389,0.17023,0.71184,1.15735,0.17041,0.63338,1.42501,0.18365,0.72929,1.57071,0.1,0.8,1.5,0.07774,1.0,1.3,0.135,0.8,1.5,0.1,1.0,1.3,0.1,329.751,360.752,329.158,211.19,324.105,329.751,314.307,461.563,28.782,0.0,0.47214,0.0,-0.698,-4.87,-80.131,3.128,68.727,0.0,-1.576,-19.861,1.735,6.192,17.132,0.0,0,0,1,project4_multircm_20260624_092806_475.csv,0.4221
0.5899,0.05733,17.44,T3_safe_insertion,InsertionSequence,ApproachEntry,0.0,0.995,0.71273,1.16277,0.16825,0.71171,1.16622,0.16843,0.63306,1.43378,0.18258,0.72929,1.57071,0.1,0.8,1.5,0.07774,1.0,1.3,0.135,0.8,1.5,0.1,1.0,1.3,0.1,325.601,351.976,325.099,207.952,320.099,325.601,307.83,468.479,28.754,0.0,0.47011,0.0,-0.75,-5.524,-80.074,3.331,69.287,0.0,-1.569,-19.83,1.734,6.162,16.995,0.0,0,0,1,project4_multircm_20260624_092806_475.csv,0.4794
0.6518,0.0127,78.76,T3_safe_insertion,InsertionSequence,ApproachEntry,0.0,0.995,0.71258,1.17942,0.16455,0.71156,1.18287,0.16475,0.63244,1.4502,0.18058,0.72929,1.57071,0.1,0.8,1.5,0.07774,1.0,1.3,0.135,0.8,1.5,0.1,1.0,1.3,0.1,318.3,335.539,317.977,202.816,313.084,318.3,295.63,481.642,28.681,0.0,0.46038,0.0,-0.846,-6.744,-79.969,3.707,70.311,0.0,-1.533,-19.61,1.556,6.02,16.439,0.0,0,0,1,project4_multircm_20260624_092806_475.csv,0.5413
0.7051,0.00783,127.71,T3_safe_insertion,InsertionSequence,ApproachEntry,0.0,0.995,0.71245,1.19226,0.1617,0.71142,1.1957,0.16192,0.63187,1.46283,0.17904,0.72929,1.57071,0.1,0.8,1.5,0.07774,1.0,1.3,0.135,0.8,1.5,0.1,1.0,1.3,0.1,313.21,322.92,313.031,199.779,308.231,313.21,286.243,491.962,28.614,0.0,0.4545,0.0,-0.918,-7.677,-79.893,3.991,71.084,0.0,-1.493,-19.54,1.575,5.913,16.021,0.0,0,0,1,project4_multircm_20260624_092806_475.csv,0.5945999999999999
0.7616,0.01234,81.01,T3_safe_insertion,InsertionSequence,ApproachEntry,0.0,0.995,0.71234,1.20748,0.15836,0.71131,1.21092,0.1586,0.63115,1.47776,0.1772,0.72929,1.57071,0.1,0.8,1.5,0.07774,1.0,1.3,0.135,0.8,1.5,0.1,1.0,1.3,0.1,307.756,308.009,307.754,197.229,303.074,307.756,275.091,504.348,28.515,0.0,0.44837,0.0,-1.0,-8.776,-79.808,4.32,71.978,0.0,-1.415,-19.384,1.398,5.756,15.721,0.0,0,0,1,project4_multircm_20260624_092806_475.csv,0.6511
0.8166,0.01419,70.47,T3_safe_insertion,InsertionSequence,ApproachEntry,0.0,0.995,0.71225,1.2223,0.15512,0.7112,1.22574,0.15537,0.63037,1.49227,0.17541,0.72929,1.57071,0.1,0.8,1.5,0.07774,1.0,1.3,0.135,0.8,1.5,0.1,1.0,1.3,0.1,303.113,293.55,303.289,195.891,298.738,303.113,264.227,516.566,28.403,0.0,0.44279,0.0,-1.075,-9.841,-79.728,4.632,72.827,0.0,-1.334,-19.368,1.505,5.603,15.267,0.0,0,0,1,project4_multircm_20260624_092806_475.csv,0.7061
0.8718,0.01663,60.14,T3_safe_insertion,InsertionSequence,ApproachEntry,0.0,0.995,0.71216,1.23722,0.15188,0.71111,1.24065,0.15215,0.62951,1.50685,0.17358,0.72929,1.57071,0.1,0.8,1.5,0.07774,1.0,1.3,0.135,0.8,1.5,0.1,1.0,1.3,0.1,299.138,279.073,299.499,195.701,295.088,299.138,253.293,528.995,28.274,0.0,0.4369,0.0,-1.145,-10.907,-79.651,4.935,73.66,0.0,-1.223,-19.242,1.356,5.409,14.96,0.0,0,0,1,project4_multircm_20260624_092806_475.csv,0.7613
0.9516,0.03596,27.81,T3_safe_insertion,InsertionSequence,ApproachEntry,0.0,0.995,0.71203,1.25797,0.14741,0.71097,1.2614,0.14771,0.62818,1.52707,0.171,0.72929,1.57071,0.1,0.8,1.5,0.07774,1.0,1.3,0.135,0.8,1.5,0.1,1.0,1.3,0.1,294.853,259.103,295.477,197.365,291.281,294.853,238.109,546.473,28.069,0.0,0.43031,0.0,-1.23,-12.381,-79.549,5.336,74.786,0.0,-1.064,-19.167,1.336,5.15,14.527,0.0,0,0,1,project4_multircm_20260624_092806_475.csv,0.8411
1.0025,0.00917,109.01,T3_safe_insertion,InsertionSequence,ApproachEntry,0.0,0.995,0.71199,1.27171,0.14449,0.71091,1.27513,0.14481,0.62724,1.54042,0.16925,0.72929,1.57071,0.1,0.8,1.5,0.07774,1.0,1.3,0.135,0.8,1.5,0.1,1.0,1.3,0.1,292.797,245.988,293.597,199.639,289.553,292.797,228.039,558.14,27.914,0.0,0.42207,0.0,-1.275,-13.35,-79.488,5.583,75.509,0.0,-0.789,-19.058,1.237,4.723,14.041,0.0,0,0,1,project4_multircm_20260624_092806_475.csv,0.8919999999999999
1.0614,0.01238,80.81,T3_safe_insertion,InsertionSequence,ApproachEntry,0.0,0.995,0.71194,1.28763,0.14114,0.71085,1.29105,0.14147,0.62606,1.55586,0.16719,0.72929,1.57071,0.1,0.8,1.5,0.07774,1.0,1.3,0.135,0.8,1.5,0.1,1.0,1.3,0.1,291.248,230.932,292.251,203.41,288.392,291.248,216.382,571.748,27.717,0.0,0.41623,0.0,-1.313,-14.469,-79.421,5.849,76.327,0.0,-0.542,-18.999,1.183,4.354,13.68,0.0,0,0,1,project4_multircm_20260624_092806_475.csv,0.9508999999999999
1.1168,0.01464,68.28,T3_safe_insertion,InsertionSequence,ApproachEntry,0.0,0.995,0.7119,1.30259,0.13804,0.71079,1.30599,0.13838,0.62489,1.57034,0.1652,0.72929,1.57071,0.1,0.8,1.5,0.07774,1.0,1.3,0.135,0.8,1.5,0.1,1.0,1.3,0.1,290.617,216.958,291.81,207.996,288.132,290.617,205.445,584.603,27.513,0.0,0.41051,0.0,-1.335,-15.518,-79.359,6.077,77.072,0.0,-0.276,-18.915,1.074,3.96,13.361,0.0,0,0,1,project4_multircm_20260624_092806_475.csv,1.0063
1.1731,0.00761,131.38,T3_safe_insertion,InsertionSequence,ApproachEntry,0.0,0.995,0.71183,1.31774,0.13493,0.71071,1.32114,0.13529,0.6236,1.58498,0.16314,0.72929,1.57071,0.1,0.8,1.5,0.07774,1.0,1.3,0.135,0.8,1.5,0.1,1.0,1.3,0.1,290.821,203.002,292.204,213.618,288.716,290.821,194.389,597.707,27.291,0.0,0.40406,0.0,-1.34,-16.579,-79.298,6.285,77.81,0.0,0.114,-18.858,1.006,3.396,12.954,0.0,0,0,1,project4_multircm_20260624_092806_475.csv,1.0626
1.2246,0.01003,99.69,T3_safe_insertion,InsertionSequence,ApproachEntry,0.0,0.995,0.7118,1.33165,0.13212,0.71066,1.33504,0.13249,0.62237,1.5984,0.16118,0.72929,1.57071,0.1,0.8,1.5,0.07774,1.0,1.3,0.135,0.8,1.5,0.1,1.0,1.3,0.1,291.704,190.389,293.256,219.538,289.944,291.704,184.232,609.774,27.068,0.0,0.39927,0.0,-1.324,-17.55,-79.247,6.446,78.468,0.0,0.479,-18.819,0.95,2.872,12.642,0.0,0,0,1,project4_multircm_20260624_092806_475.csv,1.1140999999999999
1.2799,0.01477,67.7,T3_safe_insertion,InsertionSequence,ApproachEntry,0.0,0.995,0.71177,1.34655,0.12917,0.71061,1.34994,0.12955,0.62097,1.61276,0.159,0.72929,1.57071,0.1,0.8,1.5,0.07774,1.0,1.3,0.135,0.8,1.5,0.1,1.0,1.3,0.1,293.422,177.148,295.149,226.647,292.027,293.422,173.366,622.759,26.81,0.0,0.39507,0.0,-1.285,-18.591,-79.193,6.586,79.154,0.0,0.883,-18.838,1.006,2.299,12.264,0.0,0,0,1,project4_multircm_20260624_092806_475.csv,1.1694
1.3334,0.01367,73.15,T3_safe_insertion,InsertionSequence,ApproachEntry,0.0,0.995,0.71173,1.36097,0.12636,0.71056,1.36435,0.12675,0.61955,1.62663,0.1568,0.72929,1.57071,0.1,0.8,1.5,0.07774,1.0,1.3,0.135,0.8,1.5,0.1,1.0,1.3,0.1,295.823,164.67,297.714,234.201,294.773,295.823,162.873,635.365,26.541,0.0,0.39045,0.0,-1.22,-19.596,-79.146,6.684,79.802,0.0,1.419,-18.755,0.828,1.541,11.985,0.0,0,0,1,project4_multircm_20260624_092806_475.csv,1.2228999999999999
1.3894,0.01348,74.2,T3_safe_insertion,InsertionSequence,ApproachEntry,0.0,0.995,0.71169,1.37602,0.12349,0.71049,1.37939,0.12389,0.61797,1.64109,0.15441,0.72929,1.57071,0.1,0.8,1.5,0.07774,1.0,1.3,0.135,0.8,1.5,0.1,1.0,1.3,0.1,299.092,152.08,301.145,242.73,298.39,299.092,151.944,648.568,26.239,0.0,0.38699,0.0,-1.119,-20.648,-79.097,6.74,80.458,0.0,2.048,-18.754,0.823,0.658,11.602,0.0,0,0,1,project4_multircm_20260624_092806_475.csv,1.2789
1.4474,0.01631,61.33,T3_safe_insertion,InsertionSequence,ApproachEntry,0.0,0.995,0.71163,1.39156,0.12061,0.71041,1.39493,0.121,0.61625,1.65601,0.15179,0.72929,1.57071,0.1,0.8,1.5,0.07774,1.0,1.3,0.135,0.8,1.5,0.1,1.0,1.3,0.1,303.259,139.669,305.47,252.16,302.901,303.259,140.684,662.254,25.901,0.0,0.38495,0.0,-0.974,-21.736,-79.046,6.742,81.115,0.0,2.771,-18.766,0.834,-0.353,11.216,0.0,0,0,1,project4_multircm_20260624_092806_475.csv,1.3369
1.4977,0.01344,74.43,T3_safe_insertion,InsertionSequence,ApproachEntry,0.0,0.995,0.71157,1.40501,0.11818,0.71034,1.40837,0.11858,0.61469,1.6689,0.1494,0.72929,1.57071,0.1,0.8,1.5,0.07774,1.0,1.3,0.135,0.8,1.5,0.1,1.0,1.3,0.1,307.487,129.542,309.827,260.774,307.41,307.487,130.966,674.135,25.586,0.0,0.38479,0.0,-0.808,-22.682,-79.002,6.687,81.666,0.0,3.595,-18.786,0.875,-1.499,10.826,0.0,0,0,1,project4_multircm_20260624_092806_475.csv,1.3872
1.552,0.01415,70.69,T3_safe_insertion,InsertionSequence,ApproachEntry,0.0,0.995,0.71149,1.41946,0.11565,0.71024,1.42281,0.11604,0.61291,1.68274,0.14668,0.72929,1.57071,0.1,0.79983,1.49983,0.07774,0.99973,1.29973,0.135,0.8,1.5,0.1,1.0,1.3,0.1,312.653,119.473,315.122,270.456,312.714,312.653,120.69,686.945,25.223,0.0,0.38688,0.0,-0.581,-23.705,-78.949,6.562,82.239,0.0,4.53,-18.814,0.975,-2.798,10.396,0.0,0,0,1,project4_multircm_20260624_092806_475.csv,1.4415
1.6058,0.01313,76.18,T3_safe_insertion,InsertionSequence,ApproachEntry,0.0,0.995,0.71139,1.43366,0.11325,0.71011,1.437,0.11364,0.61107,1.69634,0.14381,0.72929,1.57071,0.1,0.79965,1.49965,0.07775,0.99945,1.29945,0.13499,0.8,1.5,0.1,1.0,1.3,0.1,318.333,110.607,320.92,280.383,318.533,318.333,111.481,699.59,24.837,0.0,0.39276,0.0,-0.3,-24.717,-78.893,6.36,82.784,0.0,5.669,-18.837,1.084,-4.379,9.954,0.0,0,0,1,project4_multircm_20260624_092806_475.csv,1.4952999999999999
1.6602,0.01295,77.23,T3_safe_insertion,InsertionSequence,ApproachEntry,0.0,0.995,0.71126,1.44791,0.11095,0.70996,1.45124,0.11133,0.60912,1.70998,0.14072,0.72929,1.57071,0.1,0.79947,1.49947,0.07775,0.99917,1.29917,0.13498,0.8,1.5,0.1,1.0,1.3,0.1,324.6,103.015,327.298,290.709,324.947,324.6,103.477,712.328,24.42,0.0,0.40258,0.0,0.049,-25.742,-78.829,6.065,83.309,0.0,6.947,-18.837,1.262,-6.151,9.462,0.0,0,0,1,project4_multircm_20260624_092806_475.csv,1.5496999999999999
1.7141,0.01375,72.74,T3_safe_insertion,InsertionSequence,ApproachEntry,0.0,0.995,0.71125,1.46164,0.10881,0.70992,1.46497,0.10918,0.60723,1.72308,0.13766,0.72929,1.57071,0.1,0.79929,1.49929,0.07776,0.99889,1.29889,0.13496,0.8,1.5,0.1,1.0,1.3,0.1,331.034,97.083,333.831,300.924,331.527,331.034,97.087,724.614,23.988,0.0,0.37923,0.0,0.419,-26.733,-78.755,5.733,83.783,0.0,6.577,-17.996,1.449,-5.849,8.289,0.0,0,0,1,project4_multircm_20260624_092806_475.csv,1.6036
1.7671,0.01364,73.3,T3_safe_insertion,InsertionSequence,ApproachEntry,0.0,0.995,0.71152,1.47449,0.10689,0.71017,1.47781,0.10725,0.60561,1.73525,0.13496,0.72929,1.57071,0.1,0.79912,1.49912,0.07777,0.99862,1.29862,0.13495,0.8,1.5,0.1,1.0,1.3,0.1,337.215,92.81,340.1,310.6,337.849,337.215,92.339,736.039,23.556,0.0,0.35118,0.0,0.747,-27.651,-78.677,5.443,84.182,0.0,6.003,-16.972,1.531,-5.33,7.072,0.0,0,0,1,project4_multircm_20260624_092806_475.csv,1.6565999999999999
1.8208,0.01339,74.69,T3_safe_insertion,InsertionSequence,ApproachEntry,0.0,0.995,0.71189,1.48627,0.10523,0.71052,1.48958,0.10557,0.60415,1.74637,0.13241,0.72929,1.57071,0.1,0.79894,1.49894,0.07779,0.99834,1.29834,0.13492,0.8,1.5,0.1,1.0,1.3,0.1,343.119,90.259,346.079,319.604,343.878,343.119,89.328,746.489,23.132,0.0,0.32445,0.0,1.084,-28.5,-78.583,5.123,84.513,0.0,6.523,-15.048,1.855,-6.439,5.628,0.0,0,0,1,project4_multircm_20260624_092806_475.csv,1.7103
1.8743,0.01085,92.2,T3_safe_insertion,InsertionSequence,ApproachEntry,0.0,0.995,0.71218,1.49634,0.10391,0.71079,1.49964,0.10424,0.60283,1.75588,0.12999,0.72929,1.57071,0.1,0.79877,1.49877,0.07781,0.99806,1.29806,0.13489,0.8,1.5,0.1,1.0,1.3,0.1,348.43,89.314,351.451,327.447,349.287,348.43,87.984,755.454,22.745,0.0,0.30232,0.0,1.447,-29.243,-78.477,4.748,84.774,0.0,6.976,-13.132,2.012,-7.421,4.451,0.0,0,0,1,project4_multircm_20260624_092806_475.csv,1.7638
1.9301,0.01606,62.25,T3_safe_insertion,InsertionSequence,ApproachEntry,0.0,0.995,0.71241,1.50538,0.10283,0.711,1.50867,0.10315,0.60156,1.76441,0.12758,0.72929,1.57071,0.1,0.79858,1.49858,0.07783,0.99777,1.29777,0.13486,0.8,1.5,0.1,1.0,1.3,0.1,353.401,89.473,356.473,334.598,354.336,353.401,87.796,763.533,22.374,0.0,0.28908,0.0,1.849,-29.926,-78.353,4.307,84.987,0.0,7.292,-11.731,2.354,-8.129,3.455,0.0,0,0,1,project4_multircm_20260624_092806_475.csv,1.8195999999999999
1.9806,0.01288,77.63,T3_safe_insertion,InsertionSequence,ApproachEntry,0.0,0.995,0.71258,1.51239,0.10208,0.71115,1.51568,0.10238,0.60053,1.77103,0.12551,0.72929,1.57071,0.1,0.79842,1.49842,0.07785,0.99751,1.29751,0.13482,0.8,1.5,0.1,1.0,1.3,0.1,357.385,90.252,360.495,340.219,358.373,357.385,88.32,769.826,22.069,0.0,0.27648,0.0,2.223,-30.472,-78.228,3.88,85.134,0.0,7.466,-10.373,2.555,-8.612,2.629,0.0,0,0,1,project4_multircm_20260624_092806_475.csv,1.8700999999999999
2.0344,0.01254,79.75,T3_safe_insertion,InsertionSequence,ApproachEntry,0.0,0.995,0.71271,1.51886,0.10145,0.71127,1.52215,0.10173,0.59952,1.77713,0.12341,0.72929,1.57071,0.1,0.79824,1.49824,0.07788,0.99724,1.29724,0.13478,0.8,1.5,0.1,1.0,1.3,0.1,361.16,91.468,364.304,345.463,362.191,361.16,89.315,775.656,21.771,0.0,0.26709,0.0,2.628,-30.993,-78.081,3.405,85.25,0.0,7.568,-9.224,2.817,-8.963,1.888,0.0,0,0,1,project4_multircm_20260624_092806_475.csv,1.9239000000000002
2.0884,0.01392,71.86,T3_safe_insertion,InsertionSequence,ApproachEntry,0.0,0.995,0.71281,1.52445,0.10098,0.71136,1.52773,0.10124,0.59859,1.7824,0.1214,0.72929,1.57071,0.1,0.79807,1.49807,0.07791,0.99696,1.29696,0.13473,0.8,1.5,0.1,1.0,1.3,0.1,364.495,92.89,367.667,350.036,365.557,364.495,90.559,780.711,21.501,0.0,0.25906,0.0,3.036,-31.459,-77.917,2.915,85.329,0.0,7.557,-8.29,3.129,-9.121,1.232,0.0,0,0,1,project4_multircm_20260624_092806_475.csv,1.9779
2.1423,0.01224,81.71,T3_safe_insertion,InsertionSequence,ApproachEntry,0.0,0.995,0.71288,1.52924,0.10064,0.71141,1.53252,0.10088,0.59776,1.78691,0.11949,0.72929,1.57071,0.1,0.79789,1.49789,0.07794,0.99668,1.29668,0.13468,0.8,1.5,0.1,1.0,1.3,0.1,367.411,94.371,370.606,353.992,368.493,367.411,91.9,785.065,21.257,0.0,0.25135,0.0,3.442,-31.876,-77.741,2.421,85.377,0.0,7.476,-7.438,3.434,-9.165,0.632,0.0,0,0,1,project4_multircm_20260624_092806_475.csv,2.0318
2.197,0.01505,66.45,T3_safe_insertion,InsertionSequence,ApproachEntry,0.0,0.995,0.71293,1.53341,0.1004,0.71145,1.53669,0.10062,0.59699,1.79083,0.11767,0.72929,1.57071,0.1,0.79771,1.49771,0.07798,0.9964,1.2964,0.13463,0.8,1.5,0.1,1.0,1.3,0.1,369.991,95.852,373.207,357.463,371.086,369.991,93.266,788.871,21.035,0.0,0.24437,0.0,3.846,-32.258,-77.548,1.921,85.397,0.0,7.357,-6.733,3.643,-9.126,0.179,0.0,0,0,1,project4_multircm_20260624_092806_475.csv,2.0865
2.249,0.01389,72.02,T3_safe_insertion,InsertionSequence,ApproachEntry,0.0,0.995,0.71296,1.53682,0.10025,0.71147,1.5401,0.10045,0.59633,1.79402,0.11602,0.72929,1.57071,0.1,0.79754,1.49754,0.07801,0.99613,1.29613,0.13457,0.8,1.5,0.1,1.0,1.3,0.1,372.129,97.187,375.361,360.318,373.229,372.129,94.513,791.992,20.845,0.0,0.23699,0.0,4.222,-32.587,-77.35,1.453,85.391,0.0,7.159,-6.13,3.89,-8.964,-0.252,0.0,0,0,1,project4_multircm_20260624_092806_475.csv,2.1385
2.3018,0.01303,76.72,T3_safe_insertion,InsertionSequence,ApproachEntry,0.0,0.995,0.71297,1.53982,0.10016,0.71148,1.54309,0.10034,0.59572,1.79682,0.11444,0.72929,1.57071,0.1,0.79737,1.49737,0.07805,0.99586,1.29586,0.13451,0.8,1.5,0.1,1.0,1.3,0.1,374.03,98.452,377.276,362.843,375.129,374.03,95.705,794.746,20.671,0.0,0.23163,0.0,4.594,-32.894,-77.134,0.985,85.363,0.0,6.98,-5.637,4.184,-8.814,-0.668,0.0,0,0,1,project4_multircm_20260624_092806_475.csv,2.1913
2.3563,0.01322,75.63,T3_safe_insertion,InsertionSequence,ApproachEntry,0.0,0.995,0.71298,1.54248,0.10011,0.71148,1.54575,0.10028,0.59515,1.79929,0.11289,0.72929,1.57071,0.1,0.79719,1.49719,0.0781,0.99559,1.29559,0.13444,0.8,1.5,0.1,1.0,1.3,0.1,375.735,99.643,378.994,365.098,376.83,375.735,96.835,797.201,20.51,0.0,0.22476,0.0,4.965,-33.186,-76.897,0.515,85.314,0.0,6.714,-5.207,4.447,-8.532,-1.033,0.0,0,0,1,project4_multircm_20260624_092806_475.csv,2.2458
2.4137,0.01667,60.0,T3_safe_insertion,InsertionSequence,ApproachEntry,0.0,0.995,0.71298,1.54488,0.10011,0.71147,1.54815,0.10026,0.5946,1.80151,0.11135,0.72929,1.57071,0.1,0.79701,1.49701,0.07815,0.99529,1.29529,0.13436,0.8,1.5,0.1,1.0,1.3,0.1,377.288,100.772,380.558,367.144,378.374,377.288,97.912,799.423,20.359,0.0,0.2197,0.0,5.341,-33.473,-76.629,0.035,85.241,0.0,6.463,-4.88,4.765,-8.26,-1.397,0.0,0,0,1,project4_multircm_20260624_092806_475.csv,2.3032
2.48,0.01636,61.12,T3_safe_insertion,InsertionSequence,PierceEntry,0.007,0.995,0.71299,1.54719,0.10016,0.71148,1.55046,0.10028,0.59405,1.80363,0.10969,0.72978,1.57022,0.1,0.79679,1.49679,0.07821,0.99496,1.29496,0.13427,0.8,1.5,0.1,1.0,1.3,0.1,378.782,101.89,382.062,369.116,379.853,378.782,98.98,801.565,20.204,0.0,0.21411,0.0,5.757,-33.78,-76.3,-0.499,85.13,0.0,6.156,-4.469,5.123,-7.924,-1.894,0.0,0,0,1,project4_multircm_20260624_092806_475.csv,2.3695
2.5303,0.01318,75.87,T3_safe_insertion,InsertionSequence,PierceEntry,0.015,0.995,0.71308,1.5486,0.10022,0.71156,1.55187,0.10033,0.59374,1.8049,0.1085,0.73035,1.56965,0.1,0.79663,1.49663,0.07826,0.9947,1.2947,0.13419,0.8,1.5,0.1,1.0,1.3,0.1,379.638,102.524,382.925,370.284,380.695,379.638,99.584,802.843,20.098,0.0,0.20957,0.0,6.057,-33.992,-76.034,-0.887,85.02,0.0,5.889,-4.109,5.381,-7.625,-2.351,0.0,0,0,1,project4_multircm_20260624_092806_475.csv,2.4198
2.581,0.03442,29.05,T3_safe_insertion,InsertionSequence,PierceEntry,0.0229,0.995,0.71322,1.54978,0.1003,0.7117,1.55304,0.10039,0.59351,1.80594,0.10739,0.73091,1.56909,0.1,0.79647,1.49647,0.07831,0.99444,1.29445,0.13411,0.8,1.5,0.1,1.0,1.3,0.1,380.3,103.003,383.593,371.225,381.342,380.3,100.038,803.879,20.001,0.0,0.20736,0.0,6.341,-34.188,-75.763,-1.256,84.895,0.0,5.742,-3.936,5.517,-7.457,-2.581,0.0,0,0,1,project4_multircm_20260624_092806_475.csv,2.4705
2.6315,0.01773,56.39,T3_safe_insertion,InsertionSequence,PierceEntry,0.031,0.995,0.71343,1.55071,0.10039,0.71191,1.55397,0.10046,0.59337,1.80674,0.10631,0.73148,1.56852,0.1,0.7963,1.49631,0.07836,0.99419,1.29419,0.13402,0.8,1.5,0.1,1.0,1.3,0.1,380.756,103.311,384.054,371.928,381.781,380.756,100.325,804.666,19.911,0.0,0.2046,0.0,6.618,-34.374,-75.469,-1.618,84.743,0.0,5.414,-3.655,5.915,-7.08,-3.107,0.0,0,0,1,project4_multircm_20260624_092806_475.csv,2.521
2.6825,0.01494,66.93,T3_safe_insertion,InsertionSequence,PierceEntry,0.0392,0.995,0.7137,1.55146,0.10048,0.71216,1.55471,0.10055,0.5933,1.80735,0.10528,0.73206,1.56794,0.1,0.79614,1.49614,0.07842,0.99393,1.29393,0.13393,0.8,1.5,0.1,1.0,1.3,0.1,381.051,103.484,384.355,372.447,382.059,381.051,100.48,805.261,19.826,0.0,0.20216,0.0,6.885,-34.553,-75.159,-1.968,84.573,0.0,5.149,-3.45,6.162,-6.769,-3.457,0.0,0,0,1,project4_multircm_20260624_092806_475.csv,2.572
2.7345,0.01324,75.51,T3_safe_insertion,InsertionSequence,PierceEntry,0.0475,0.995,0.71401,1.55204,0.10059,0.71247,1.55529,0.10064,0.59329,1.8078,0.10429,0.73265,1.56735,0.1,0.79598,1.49598,0.07848,0.99367,1.29367,0.13384,0.8,1.5,0.1,1.0,1.3,0.1,381.202,103.533,384.51,372.803,382.192,381.202,100.514,805.684,19.746,0.0,0.20096,0.0,7.143,-34.729,-74.827,-2.309,84.38,0.0,4.87,-3.322,6.471,-6.436,-3.812,0.0,0,0,1,project4_multircm_20260624_092806_475.csv,2.624
2.7881,0.01361,73.5,T3_safe_insertion,InsertionSequence,PierceEntry,0.0561,0.995,0.71437,1.55248,0.1007,0.71283,1.55573,0.10074,0.59333,1.8081,0.10333,0.73325,1.56675,0.1,0.7958,1.49581,0.07854,0.9934,1.2934,0.13373,0.8,1.5,0.1,1.0,1.3,0.1,381.22,103.464,384.532,373.012,382.19,381.22,100.432,805.952,19.669,0.0,0.20146,0.0,7.396,-34.905,-74.467,-2.644,84.163,0.0,4.624,-3.245,6.804,-6.144,-4.157,0.0,0,0,1,project4_multircm_20260624_092806_475.csv,2.6776
2.8411,0.01111,90.02,T3_safe_insertion,InsertionSequence,PierceEntry,0.0645,0.995,0.71477,1.55277,0.10082,0.71323,1.55603,0.10084,0.59343,1.80826,0.10243,0.73385,1.56615,0.1,0.79564,1.49564,0.07861,0.99314,1.29314,0.13363,0.8,1.5,0.1,1.0,1.3,0.1,381.118,103.292,384.433,373.08,382.068,381.118,100.249,806.072,19.597,0.0,0.20309,0.0,7.633,-35.076,-74.095,-2.96,83.932,0.0,4.371,-3.212,7.176,-5.842,-4.511,0.0,0,0,1,project4_multircm_20260624_092806_475.csv,2.7306
2.8967,0.01482,67.47,T3_safe_insertion,InsertionSequence,PierceEntry,0.0734,0.995,0.71522,1.55295,0.10094,0.71367,1.5562,0.10095,0.59357,1.8083,0.10154,0.73448,1.56552,0.1,0.79546,1.49546,0.07869,0.99286,1.29286,0.13351,0.8,1.5,0.1,1.0,1.3,0.1,380.9,103.015,384.219,373.026,381.828,380.9,99.962,806.065,19.527,0.0,0.20484,0.0,7.868,-35.254,-73.685,-3.275,83.67,0.0,4.131,-3.202,7.509,-5.551,-4.819,0.0,0,0,1,project4_multircm_20260624_092806_475.csv,2.7862
2.9483,0.01372,72.88,T3_safe_insertion,InsertionSequence,PierceEntry,0.0817,0.995,0.71567,1.55302,0.10105,0.71412,1.55627,0.10105,0.59374,1.80823,0.10076,0.73507,1.56493,0.1,0.7953,1.4953,0.07876,0.99261,1.29261,0.1334,0.8,1.5,0.1,1.0,1.3,0.1,380.61,102.679,383.931,372.876,381.517,380.61,99.618,805.953,19.464,0.0,0.20895,0.0,8.074,-35.421,-73.284,-3.553,83.41,0.0,3.901,-3.26,7.937,-5.272,-5.168,0.0,0,0,1,project4_multircm_20260624_092806_475.csv,2.8378
3.0012,0.01282,78.03,T3_safe_insertion,InsertionSequence,PierceEntry,0.0902,0.995,0.71615,1.553,0.10116,0.7146,1.55625,0.10115,0.59395,1.80808,0.10001,0.73567,1.56434,0.1,0.79513,1.49513,0.07883,0.99235,1.29235,0.13328,0.8,1.5,0.1,1.0,1.3,0.1,380.236,102.267,383.56,372.637,381.124,380.236,99.2,805.747,19.403,0.0,0.21258,0.0,8.275,-35.593,-72.855,-3.825,83.128,0.0,3.709,-3.292,8.276,-5.045,-5.459,0.0,0,0,1,project4_multircm_20260624_092806_475.csv,2.8907
3.0552,0.01371,72.94,T3_safe_insertion,InsertionSequence,PierceEntry,0.0988,0.995,0.71667,1.5529,0.10127,0.71511,1.55615,0.10125,0.59419,1.80784,0.09928,0.73628,1.56372,0.1,0.79496,1.49496,0.07891,0.99208,1.29208,0.13316,0.8,1.5,0.1,1.0,1.3,0.1,379.787,101.787,383.113,372.317,380.653,379.787,98.714,805.456,19.343,0.0,0.21607,0.0,8.467,-35.772,-72.398,-4.088,82.825,0.0,3.495,-3.34,8.608,-4.785,-5.736,0.0,0,0,1,project4_multircm_20260624_092806_475.csv,2.9447
3.1081,0.01127,88.72,T3_safe_insertion,InsertionSequence,PierceEntry,0.1073,0.995,0.71719,1.55274,0.10138,0.71563,1.55598,0.10135,0.59444,1.80754,0.09861,0.73687,1.56313,0.1,0.7948,1.4948,0.07899,0.99182,1.29182,0.13303,0.8,1.5,0.1,1.0,1.3,0.1,379.289,101.264,382.617,371.938,380.134,379.289,98.187,805.102,19.285,0.0,0.22212,0.0,8.646,-35.952,-71.929,-4.333,82.511,0.0,3.29,-3.454,9.046,-4.537,-6.067,0.0,0,0,1,project4_multircm_20260624_092806_475.csv,2.9976
3.1633,0.01509,66.29,T3_safe_insertion,InsertionSequence,PierceEntry,0.1161,0.995,0.71776,1.55251,0.10149,0.71619,1.55575,0.10144,0.59473,1.80717,0.09796,0.7375,1.5625,0.1,0.79463,1.49463,0.07908,0.99155,1.29155,0.1329,0.8,1.5,0.1,1.0,1.3,0.1,378.715,100.669,382.045,371.484,379.539,378.715,97.588,804.67,19.226,0.0,0.22843,0.0,8.821,-36.147,-71.415,-4.577,82.166,0.0,3.11,-3.578,9.462,-4.321,-6.375,0.0,0,0,1,project4_multircm_20260624_092806_475.csv,3.0528
3.2151,0.01376,72.65,T3_safe_insertion,InsertionSequence,PierceEntry,0.1244,0.995,0.7183,1.55225,0.10158,0.71674,1.55549,0.10153,0.59501,1.80677,0.09738,0.73808,1.56192,0.1,0.79447,1.49447,0.07916,0.9913,1.2913,0.13277,0.8,1.5,0.1,1.0,1.3,0.1,378.134,100.073,381.467,371.012,378.938,378.134,96.989,804.215,19.171,0.0,0.23463,0.0,8.976,-36.336,-70.912,-4.793,81.826,0.0,2.935,-3.697,9.854,-4.111,-6.666,0.0,0,0,1,project4_multircm_20260624_092806_475.csv,3.1046
3.2679,0.01293,77.33,T3_safe_insertion,InsertionSequence,PierceEntry,0.1328,0.995,0.71887,1.55194,0.10168,0.7173,1.55518,0.10162,0.5953,1.80632,0.09682,0.73868,1.56132,0.1,0.7943,1.4943,0.07925,0.99104,1.29104,0.13263,0.8,1.5,0.1,1.0,1.3,0.1,377.504,99.431,380.838,370.49,378.289,377.504,96.344,803.709,19.115,0.0,0.24199,0.0,9.125,-36.536,-70.378,-5.003,81.464,0.0,2.756,-3.849,10.291,-3.895,-6.983,0.0,0,0,1,project4_multircm_20260624_092806_475.csv,3.1574
3.3473,0.03383,29.56,T3_safe_insertion,InsertionSequence,PierceEntry,0.1454,0.995,0.71974,1.55142,0.10181,0.71816,1.55466,0.10174,0.59576,1.80558,0.09605,0.73957,1.56043,0.1,0.79406,1.49406,0.07939,0.99066,1.29066,0.13241,0.8,1.5,0.1,1.0,1.3,0.1,376.513,98.427,379.85,369.656,377.268,376.513,95.337,802.893,19.03,0.0,0.25024,0.0,9.332,-36.848,-69.544,-5.297,80.897,0.0,2.58,-4.017,10.755,-3.687,-7.316,0.0,0,0,1,project4_multircm_20260624_092806_475.csv,3.2368
3.4033,0.01412,70.85,T3_safe_insertion,InsertionSequence,PierceEntry,0.1544,0.995,0.72038,1.55101,0.1019,0.7188,1.55425,0.10182,0.59609,1.80501,0.09555,0.7402,1.5598,0.1,0.79389,1.49389,0.07949,0.99039,1.29039,0.13226,0.8,1.5,0.1,1.0,1.3,0.1,375.765,97.673,379.104,369.019,376.5,375.765,94.581,802.266,18.969,0.0,0.26272,0.0,9.468,-37.084,-68.914,-5.494,80.468,0.0,2.382,-4.275,11.411,-3.456,-7.777,0.0,0,0,1,project4_multircm_20260624_092806_475.csv,3.2928
3.456,0.00965,103.67,T3_safe_insertion,InsertionSequence,PierceEntry,0.1628,0.995,0.72099,1.5506,0.10198,0.7194,1.55383,0.10189,0.59641,1.80444,0.09511,0.7408,1.5592,0.1,0.79373,1.49373,0.07958,0.99014,1.29014,0.1321,0.8,1.5,0.1,1.0,1.3,0.1,375.038,96.941,378.378,368.396,375.754,375.038,93.848,801.651,18.909,0.0,0.27404,0.0,9.589,-37.316,-68.296,-5.67,80.046,0.0,2.213,-4.519,11.991,-3.256,-8.175,0.0,0,0,1,project4_multircm_20260624_092806_475.csv,3.3455
3.5131,0.01645,60.8,T3_safe_insertion,InsertionSequence,PierceEntry,0.1719,0.995,0.72166,1.55013,0.10206,0.72007,1.55336,0.10196,0.59675,1.8038,0.09466,0.74145,1.55855,0.1,0.79356,1.49356,0.07969,0.98987,1.28987,0.13193,0.8,1.5,0.1,1.0,1.3,0.1,374.228,96.129,377.571,367.701,374.925,374.228,93.035,800.963,18.842,0.0,0.28258,0.0,9.711,-37.58,-67.596,-5.852,79.569,0.0,2.097,-4.694,12.413,-3.126,-8.476,0.0,0,0,1,project4_multircm_20260624_092806_475.csv,3.4026
3.5637,0.01436,69.66,T3_safe_insertion,InsertionSequence,PierceEntry,0.18,0.995,0.72226,1.5497,0.10212,0.72066,1.55293,0.10202,0.59705,1.8032,0.09428,0.74202,1.55798,0.1,0.79341,1.49341,0.07979,0.98963,1.28963,0.13178,0.8,1.5,0.1,1.0,1.3,0.1,373.493,95.393,376.837,367.068,374.173,373.493,92.297,800.335,18.78,0.0,0.29297,0.0,9.814,-37.824,-66.953,-6.006,79.129,0.0,1.991,-4.909,12.914,-3.012,-8.824,0.0,0,0,1,project4_multircm_20260624_092806_475.csv,3.4532
3.6164,0.01409,70.95,T3_safe_insertion,InsertionSequence,PierceEntry,0.1885,0.995,0.72289,1.54924,0.10219,0.72129,1.55246,0.10208,0.59736,1.80257,0.09392,0.74262,1.55738,0.1,0.79325,1.49325,0.07989,0.98939,1.28939,0.13162,0.8,1.5,0.1,1.0,1.3,0.1,372.712,94.613,376.058,366.394,373.376,372.712,91.516,799.667,18.713,0.0,0.30216,0.0,9.914,-38.089,-66.258,-6.16,78.654,0.0,1.874,-5.101,13.355,-2.881,-9.14,0.0,0,0,1,project4_multircm_20260624_092806_475.csv,3.5059
3.6696,0.01342,74.52,T3_safe_insertion,InsertionSequence,PierceEntry,0.197,0.995,0.72354,1.54876,0.10225,0.72194,1.55198,0.10214,0.59767,1.8019,0.09358,0.74322,1.55678,0.1,0.79309,1.49309,0.08,0.98914,1.28914,0.13145,0.8,1.5,0.1,1.0,1.3,0.1,371.909,93.81,375.257,365.702,372.556,371.909,90.712,798.979,18.642,0.0,0.31371,0.0,10.01,-38.369,-65.527,-6.309,78.154,0.0,1.749,-5.346,13.901,-2.743,-9.522,0.0,0,0,1,project4_multircm_20260624_092806_475.csv,3.5591
3.7233,0.00991,100.88,T3_safe_insertion,InsertionSequence,PierceEntry,0.2056,0.995,0.7242,1.54826,0.10231,0.72259,1.55148,0.10219,0.59797,1.80122,0.09325,0.74383,1.55617,0.1,0.79293,1.49293,0.08011,0.98889,1.28889,0.13127,0.8,1.5,0.1,1.0,1.3,0.1,371.086,92.989,374.436,364.993,371.717,371.086,89.889,798.274,18.567,0.0,0.32521,0.0,10.101,-38.664,-64.763,-6.453,77.63,0.0,1.646,-5.583,14.432,-2.638,-9.903,0.0,0,0,1,project4_multircm_20260624_092806_475.csv,3.6128
3.7797,0.01617,61.83,T3_safe_insertion,InsertionSequence,PierceEntry,0.2146,0.995,0.7249,1.54774,0.10236,0.72329,1.55095,0.10224,0.59828,1.80048,0.09294,0.74446,1.55554,0.1,0.79277,1.49277,0.08023,0.98863,1.28863,0.13109,0.8,1.5,0.1,1.0,1.3,0.1,370.211,92.115,373.563,364.241,370.826,370.211,89.014,797.525,18.484,0.0,0.33731,0.0,10.191,-38.988,-63.929,-6.599,77.058,0.0,1.558,-5.837,14.987,-2.553,-10.291,0.0,0,0,1,project4_multircm_20260624_092806_475.csv,3.6692
3.8309,0.01317,75.92,T3_safe_insertion,InsertionSequence,PierceEntry,0.2228,0.995,0.72555,1.54725,0.10241,0.72393,1.55046,0.10228,0.59855,1.79979,0.09268,0.74504,1.55496,0.1,0.79262,1.49262,0.08034,0.98839,1.28839,0.13091,0.8,1.5,0.1,1.0,1.3,0.1,369.406,91.312,372.76,363.55,370.007,369.406,88.21,796.838,18.404,0.0,0.34872,0.0,10.267,-39.295,-63.144,-6.726,76.518,0.0,1.467,-6.072,15.503,-2.465,-10.667,0.0,0,0,1,project4_multircm_20260624_092806_475.csv,3.7204
3.8849,0.01305,76.61,T3_safe_insertion,InsertionSequence,PierceEntry,0.2314,0.995,0.72624,1.54673,0.10245,0.72462,1.54994,0.10232,0.59882,1.79905,0.09242,0.74565,1.55435,0.1,0.79246,1.49246,0.08046,0.98815,1.28815,0.13072,0.8,1.5,0.1,1.0,1.3,0.1,368.548,90.456,371.904,362.817,369.136,368.548,87.353,796.108,18.315,0.0,0.36136,0.0,10.342,-39.632,-62.288,-6.855,75.928,0.0,1.357,-6.341,16.072,-2.352,-11.08,0.0,0,0,1,project4_multircm_20260624_092806_475.csv,3.7744
3.9382,0.01265,79.07,T3_safe_insertion,InsertionSequence,PierceEntry,0.2399,0.995,0.72693,1.54622,0.10249,0.7253,1.54943,0.10236,0.59907,1.7983,0.09219,0.74626,1.55374,0.1,0.79231,1.49231,0.08058,0.9879,1.2879,0.13053,0.8,1.5,0.1,1.0,1.3,0.1,367.694,89.604,371.053,362.09,368.269,367.694,86.499,795.384,18.222,0.0,0.3729,0.0,10.412,-39.978,-61.414,-6.979,75.325,0.0,1.282,-6.575,16.584,-2.292,-11.461,0.0,0,0,1,project4_multircm_20260624_092806_475.csv,3.8277
3.9924,0.01238,80.76,T3_safe_insertion,InsertionSequence,PierceEntry,0.2486,0.995,0.72763,1.54569,0.10253,0.726,1.5489,0.10239,0.59931,1.79753,0.09197,0.74687,1.55313,0.1,0.79215,1.49215,0.0807,0.98766,1.28766,0.13034,0.8,1.5,0.1,1.0,1.3,0.1,366.817,88.728,370.178,361.346,367.38,366.817,85.622,794.644,18.122,0.0,0.38678,0.0,10.48,-40.343,-60.496,-7.101,74.689,0.0,1.202,-6.857,17.197,-2.228,-11.914,0.0,0,0,1,project4_multircm_20260624_092806_475.csv,3.8819
4.0466,0.01444,69.25,T3_safe_insertion,InsertionSequence,PierceEntry,0.2573,0.995,0.72835,1.54517,0.10256,0.72671,1.54837,0.10242,0.59954,1.79674,0.09177,0.74748,1.55252,0.1,0.792,1.492,0.08083,0.98742,1.28742,0.13014,0.8,1.5,0.1,1.0,1.3,0.1,365.933,87.845,369.297,360.598,366.485,365.933,84.737,793.901,18.015,0.0,0.39744,0.0,10.543,-40.722,-59.548,-7.221,74.031,0.0,1.12,-7.071,17.66,-2.158,-12.278,0.0,0,0,1,project4_multircm_20260624_092806_475.csv,3.9360999999999997
4.0991,0.01406,71.12,T3_safe_insertion,InsertionSequence,PierceEntry,0.2657,0.995,0.72905,1.54465,0.10259,0.7274,1.54785,0.10245,0.59973,1.79596,0.0916,0.74808,1.55192,0.1,0.79185,1.49185,0.08096,0.98718,1.28718,0.12994,0.8,1.5,0.1,1.0,1.3,0.1,365.071,86.984,368.437,359.872,365.613,365.071,83.873,793.18,17.906,0.0,0.40995,0.0,10.599,-41.102,-58.603,-7.333,73.373,0.0,1.067,-7.321,18.201,-2.136,-12.693,0.0,0,0,1,project4_multircm_20260624_092806_475.csv,3.9886
4.152,0.01286,77.75,T3_safe_insertion,InsertionSequence,PierceEntry,0.2742,0.995,0.72976,1.54414,0.10261,0.72811,1.54733,0.10247,0.59991,1.79517,0.09144,0.74868,1.55132,0.1,0.7917,1.4917,0.08109,0.98695,1.28695,0.12974,0.8,1.5,0.1,1.0,1.3,0.1,364.196,86.109,367.566,359.139,364.729,364.196,82.996,792.454,17.789,0.0,0.42107,0.0,10.654,-41.497,-57.624,-7.445,72.688,0.0,1.004,-7.542,18.675,-2.102,-13.076,0.0,0,0,1,project4_multircm_20260624_092806_475.csv,4.0415
4.2059,0.01321,75.68,T3_safe_insertion,InsertionSequence,PierceEntry,0.2828,0.995,0.7305,1.54361,0.10263,0.72884,1.54681,0.10249,0.60008,1.79434,0.09129,0.74929,1.55072,0.1,0.79155,1.49155,0.08122,0.98671,1.28671,0.12953,0.8,1.5,0.1,1.0,1.3,0.1,363.3,85.212,366.672,358.39,363.825,363.3,82.096,791.713,17.663,0.0,0.43283,0.0,10.705,-41.911,-56.6,-7.556,71.969,0.0,0.931,-7.772,19.175,-2.054,-13.484,0.0,0,0,1,project4_multircm_20260624_092806_475.csv,4.0954
4.2596,0.01282,77.99,T3_safe_insertion,InsertionSequence,PierceEntry,0.2914,0.995,0.73123,1.54309,0.10265,0.72957,1.54628,0.1025,0.60022,1.7935,0.09117,0.74989,1.55011,0.1,0.7914,1.4914,0.08136,0.98648,1.28648,0.12932,0.8,1.5,0.1,1.0,1.3,0.1,362.403,84.314,365.779,357.645,362.921,362.403,81.195,790.977,17.531,0.0,0.44505,0.0,10.754,-42.337,-55.553,-7.667,71.232,0.0,0.887,-8.009,19.691,-2.055,-13.904,0.0,0,0,1,project4_multircm_20260624_092806_475.csv,4.1491
4.3133,0.01398,71.55,T3_safe_insertion,InsertionSequence,PierceEntry,0.3,0.995,0.73198,1.54257,0.10266,0.73031,1.54576,0.10251,0.60034,1.79264,0.09106,0.7505,1.5495,0.1,0.79125,1.49125,0.08149,0.98625,1.28625,0.1291,0.8,1.5,0.1,1.0,1.3,0.1,361.5,83.409,364.88,356.899,362.012,361.5,80.287,790.24,17.391,0.0,0.45751,0.0,10.799,-42.774,-54.48,-7.775,70.472,0.0,0.813,-8.249,20.216,-2.014,-14.342,0.0,0,0,1,project4_multircm_20260624_092806_475.csv,4.2028
4.3666,0.01326,75.39,T3_safe_insertion,InsertionSequence,PierceEntry,0.3085,0.995,0.73273,1.54206,0.10267,0.73105,1.54524,0.10252,0.60043,1.79178,0.09096,0.7511,1.5489,0.1,0.79111,1.49111,0.08163,0.98602,1.28602,0.12888,0.8,1.5,0.1,1.0,1.3,0.1,360.601,82.507,363.983,356.158,361.108,360.601,79.381,789.51,17.244,0.0,0.46678,0.0,10.84,-43.219,-53.392,-7.882,69.697,0.0,0.761,-8.421,20.592,-2.004,-14.688,0.0,0,0,1,project4_multircm_20260624_092806_475.csv,4.2561
4.4199,0.01326,75.41,T3_safe_insertion,InsertionSequence,PierceEntry,0.317,0.995,0.73349,1.54155,0.10267,0.7318,1.54472,0.10252,0.6005,1.7909,0.09088,0.75171,1.54829,0.1,0.79096,1.49096,0.08177,0.98579,1.28579,0.12866,0.8,1.5,0.1,1.0,1.3,0.1,359.697,81.599,363.083,355.417,360.2,359.697,78.468,788.782,17.089,0.0,0.47772,0.0,10.88,-43.675,-52.279,-7.99,68.9,0.0,0.721,-8.622,21.038,-2.021,-15.087,0.0,0,0,1,project4_multircm_20260624_092806_475.csv,4.3094
4.4745,0.01127,88.7,T3_safe_insertion,InsertionSequence,PierceEntry,0.3258,0.995,0.73427,1.54103,0.10267,0.73257,1.5442,0.10252,0.60054,1.78998,0.09082,0.75232,1.54768,0.1,0.79082,1.49082,0.08192,0.98556,1.28556,0.12843,0.8,1.5,0.1,1.0,1.3,0.1,358.766,80.663,362.157,354.657,359.267,358.766,77.528,788.037,16.923,0.0,0.48692,0.0,10.917,-44.152,-51.116,-8.1,68.063,0.0,0.662,-8.784,21.403,-2.013,-15.447,0.0,0,0,1,project4_multircm_20260624_092806_475.csv,4.364
4.53,0.0158,63.3,T3_safe_insertion,InsertionSequence,PierceEntry,0.3346,0.995,0.73508,1.5405,0.10267,0.73337,1.54367,0.10252,0.60056,1.78903,0.09077,0.75295,1.54705,0.1,0.79067,1.49067,0.08207,0.98533,1.28533,0.12819,0.8,1.5,0.1,1.0,1.3,0.1,357.815,79.705,361.21,353.883,358.315,357.815,76.565,787.28,16.744,0.0,0.49686,0.0,10.952,-44.646,-49.912,-8.211,67.191,0.0,0.619,-8.956,21.801,-2.027,-15.825,0.0,0,0,1,project4_multircm_20260624_092806_475.csv,4.4195
4.5812,0.01338,74.74,T3_safe_insertion,InsertionSequence,PierceEntry,0.3428,0.995,0.73583,1.54003,0.10266,0.73411,1.54319,0.10251,0.60056,1.78814,0.09074,0.75353,1.54647,0.1,0.79053,1.49053,0.08222,0.98511,1.28512,0.12796,0.8,1.5,0.1,1.0,1.3,0.1,356.939,78.821,360.337,353.174,357.439,356.939,75.676,786.587,16.572,0.0,0.50665,0.0,10.982,-45.11,-48.785,-8.315,66.37,0.0,0.566,-9.129,22.187,-2.034,-16.205,0.0,0,0,1,project4_multircm_20260624_092806_475.csv,4.4707
4.6348,0.01318,75.85,T3_safe_insertion,InsertionSequence,PierceEntry,0.3514,0.995,0.73663,1.53953,0.10265,0.73489,1.54268,0.1025,0.60053,1.78719,0.09072,0.75414,1.54586,0.1,0.79039,1.49039,0.08237,0.98489,1.28489,0.12772,0.8,1.5,0.1,1.0,1.3,0.1,356.015,77.889,359.418,352.428,356.517,356.015,74.738,785.861,16.384,0.0,0.51295,0.0,11.011,-45.602,-47.588,-8.425,65.492,0.0,0.525,-9.22,22.415,-2.057,-16.487,0.0,0,0,1,project4_multircm_20260624_092806_475.csv,4.5243
4.6884,0.01306,76.56,T3_safe_insertion,InsertionSequence,PierceEntry,0.36,0.995,0.73743,1.53904,0.10264,0.73569,1.54218,0.10249,0.60047,1.78622,0.09072,0.75474,1.54526,0.1,0.79025,1.49025,0.08252,0.98467,1.28468,0.12748,0.8,1.5,0.1,1.0,1.3,0.1,355.089,76.953,358.497,351.683,355.594,355.089,73.796,785.137,16.187,0.0,0.5207,0.0,11.037,-46.1,-46.376,-8.536,64.596,0.0,0.487,-9.335,22.704,-2.095,-16.817,0.0,0,0,1,project4_multircm_20260624_092806_475.csv,4.5779
4.7426,0.01247,80.19,T3_safe_insertion,InsertionSequence,PierceEntry,0.3686,0.995,0.73825,1.53854,0.10262,0.73649,1.54168,0.10247,0.60039,1.78523,0.09072,0.75536,1.54464,0.1,0.79011,1.49011,0.08268,0.98446,1.28446,0.12723,0.8,1.5,0.1,1.0,1.3,0.1,354.152,76.004,357.565,350.931,354.661,354.152,72.841,784.407,15.98,0.0,0.52793,0.0,11.062,-46.61,-45.137,-8.65,63.674,0.0,0.424,-9.443,22.967,-2.098,-17.139,0.0,0,0,1,project4_multircm_20260624_092806_475.csv,4.6321
4.7967,0.01398,71.55,T3_safe_insertion,InsertionSequence,PierceEntry,0.3773,0.995,0.73907,1.53805,0.1026,0.73731,1.54119,0.10245,0.60028,1.78422,0.09075,0.75597,1.54403,0.1,0.78998,1.48998,0.08284,0.98424,1.28424,0.12698,0.8,1.5,0.1,1.0,1.3,0.1,353.213,75.053,356.631,350.178,353.728,353.213,71.882,783.679,15.765,0.0,0.53352,0.0,11.084,-47.123,-43.888,-8.766,62.738,0.0,0.388,-9.509,23.157,-2.139,-17.408,0.0,0,0,1,project4_multircm_20260624_092806_475.csv,4.6862
4.8493,0.01402,71.31,T3_safe_insertion,InsertionSequence,PierceEntry,0.3857,0.995,0.73988,1.53758,0.10258,0.7381,1.54071,0.10243,0.60016,1.78322,0.09078,0.75656,1.54344,0.1,0.78984,1.48984,0.083,0.98403,1.28403,0.12674,0.8,1.5,0.1,1.0,1.3,0.1,352.299,74.125,355.721,349.446,352.82,352.299,70.947,782.973,15.548,0.0,0.53897,0.0,11.104,-47.625,-42.664,-8.88,61.814,0.0,0.353,-9.567,23.339,-2.189,-17.677,0.0,0,0,1,project4_multircm_20260624_092806_475.csv,4.7388
4.9021,0.01325,75.47,T3_safe_insertion,InsertionSequence,PierceEntry,0.3942,0.995,0.7407,1.53712,0.10255,0.73891,1.54024,0.1024,0.60001,1.7822,0.09083,0.75716,1.54284,0.1,0.78971,1.48971,0.08316,0.98382,1.28382,0.12648,0.8,1.5,0.1,1.0,1.3,0.1,351.38,73.191,354.807,348.711,351.909,351.38,70.005,782.265,15.323,0.0,0.5415,0.0,11.121,-48.13,-41.429,-8.998,60.873,0.0,0.333,-9.56,23.388,-2.262,-17.861,0.0,0,0,1,project4_multircm_20260624_092806_475.csv,4.7916
4.956,0.00941,106.24,T3_safe_insertion,InsertionSequence,PierceEntry,0.4028,0.995,0.74154,1.53664,0.10252,0.73974,1.53976,0.10237,0.59983,1.78115,0.09089,0.75777,1.54223,0.1,0.78958,1.48958,0.08332,0.98361,1.28361,0.12622,0.8,1.5,0.1,1.0,1.3,0.1,350.44,72.234,353.872,347.959,350.978,350.44,69.04,781.543,15.086,0.0,0.54569,0.0,11.137,-48.647,-40.165,-9.119,59.903,0.0,0.272,-9.587,23.504,-2.289,-18.107,0.0,0,0,1,project4_multircm_20260624_092806_475.csv,4.8455
5.0134,0.01668,59.96,T3_safe_insertion,InsertionSequence,PierceEntry,0.412,0.995,0.74244,1.53615,0.10248,0.74062,1.53925,0.10233,0.59962,1.78001,0.09096,0.75842,1.54158,0.1,0.78944,1.48944,0.0835,0.98339,1.28339,0.12594,0.8,1.5,0.1,1.0,1.3,0.1,349.438,71.214,352.876,347.157,349.988,349.438,68.012,780.774,14.826,0.0,0.54752,0.0,11.151,-49.196,-38.815,-9.252,58.858,0.0,0.233,-9.562,23.525,-2.331,-18.269,0.0,0,0,1,project4_multircm_20260624_092806_475.csv,4.9029
5.0635,0.01337,74.8,T3_safe_insertion,InsertionSequence,PierceEntry,0.42,0.995,0.74324,1.53571,0.10245,0.74141,1.53881,0.1023,0.59942,1.779,0.09104,0.75899,1.54101,0.1,0.78931,1.48931,0.08366,0.9832,1.2832,0.1257,0.8,1.5,0.1,1.0,1.3,0.1,348.561,70.32,352.004,346.455,349.123,348.561,67.109,780.101,14.592,0.0,0.54913,0.0,11.161,-49.674,-37.635,-9.371,57.936,0.0,0.19,-9.531,23.531,-2.381,-18.431,0.0,0,0,1,project4_multircm_20260624_092806_475.csv,4.953
5.1172,0.01409,70.98,T3_safe_insertion,InsertionSequence,PierceEntry,0.4286,0.995,0.74409,1.53526,0.10241,0.74224,1.53835,0.10226,0.59919,1.77791,0.09113,0.7596,1.54041,0.1,0.78918,1.48918,0.08383,0.98299,1.28299,0.12543,0.8,1.5,0.1,1.0,1.3,0.1,347.624,69.363,351.073,345.702,348.199,347.624,66.144,779.383,14.337,0.0,0.54822,0.0,11.17,-50.183,-36.375,-9.501,56.944,0.0,0.152,-9.445,23.425,-2.433,-18.514,0.0,0,0,1,project4_multircm_20260624_092806_475.csv,5.0067
5.1697,0.01268,78.84,T3_safe_insertion,InsertionSequence,PierceEntry,0.437,0.995,0.74493,1.53481,0.10237,0.74307,1.53789,0.10222,0.59896,1.77682,0.09123,0.76019,1.53981,0.1,0.78906,1.48906,0.084,0.9828,1.2828,0.12516,0.8,1.5,0.1,1.0,1.3,0.1,346.706,68.425,350.16,344.963,347.295,346.706,65.197,778.678,14.081,0.0,0.54823,0.0,11.177,-50.677,-35.148,-9.631,55.968,0.0,0.128,-9.368,23.358,-2.519,-18.627,0.0,0,0,1,project4_multircm_20260624_092806_475.csv,5.0592
5.2233,0.01006,99.37,T3_safe_insertion,InsertionSequence,PierceEntry,0.4456,0.995,0.74579,1.53437,0.10232,0.74391,1.53744,0.10218,0.5987,1.7757,0.09135,0.7608,1.5392,0.1,0.78893,1.48893,0.08417,0.9826,1.2826,0.12489,0.8,1.5,0.1,1.0,1.3,0.1,345.771,67.468,349.23,344.208,346.375,345.771,64.23,777.958,13.815,0.0,0.54673,0.0,11.183,-51.176,-33.899,-9.768,54.967,0.0,0.089,-9.264,23.224,-2.586,-18.692,0.0,0,0,1,project4_multircm_20260624_092806_475.csv,5.1128
5.2799,0.0163,61.36,T3_safe_insertion,InsertionSequence,PierceEntry,0.4546,0.995,0.74669,1.53389,0.10227,0.74481,1.53696,0.10213,0.59841,1.77451,0.09148,0.76144,1.53857,0.1,0.7888,1.4888,0.08436,0.98239,1.28239,0.12459,0.8,1.5,0.1,1.0,1.3,0.1,344.783,66.458,348.248,343.407,345.406,344.783,63.21,777.197,13.53,0.0,0.5444,0.0,11.186,-51.696,-32.591,-9.916,53.908,0.0,0.046,-9.144,23.059,-2.632,-18.726,0.0,0,0,1,project4_multircm_20260624_092806_475.csv,5.1693999999999996
5.3307,0.01304,76.68,T3_safe_insertion,InsertionSequence,PierceEntry,0.4628,0.995,0.74751,1.53347,0.10222,0.74561,1.53653,0.10209,0.59814,1.77342,0.0916,0.76201,1.53799,0.1,0.78868,1.48868,0.08453,0.98221,1.28221,0.12433,0.8,1.5,0.1,1.0,1.3,0.1,343.896,65.549,347.365,342.684,344.535,343.896,62.291,776.51,13.269,0.0,0.54175,0.0,11.187,-52.157,-31.423,-10.051,52.955,0.0,0.005,-9.018,22.876,-2.693,-18.75,0.0,0,0,1,project4_multircm_20260624_092806_475.csv,5.2202
5.3844,0.01393,71.79,T3_safe_insertion,InsertionSequence,PierceEntry,0.4713,0.995,0.74838,1.53303,0.10217,0.74646,1.53608,0.10204,0.59785,1.77226,0.09174,0.76262,1.53738,0.1,0.78856,1.48856,0.08471,0.98201,1.28201,0.12404,0.8,1.5,0.1,1.0,1.3,0.1,342.96,64.59,346.435,341.919,343.619,342.96,61.323,775.783,12.99,0.0,0.5373,0.0,11.186,-52.636,-30.203,-10.198,51.949,0.0,-0.037,-8.848,22.617,-2.745,-18.717,0.0,0,0,1,project4_multircm_20260624_092806_475.csv,5.2739
5.4383,0.01382,72.38,T3_safe_insertion,InsertionSequence,PierceEntry,0.48,0.995,0.74925,1.53259,0.10212,0.74732,1.53563,0.10199,0.59755,1.77109,0.09189,0.76323,1.53677,0.1,0.78844,1.48844,0.08489,0.98182,1.28182,0.12375,0.8,1.5,0.1,1.0,1.3,0.1,342.022,63.628,345.503,341.147,342.701,342.022,60.351,775.051,12.708,0.0,0.53355,0.0,11.183,-53.108,-28.991,-10.349,50.94,0.0,-0.065,-8.693,22.387,-2.834,-18.702,0.0,0,0,1,project4_multircm_20260624_092806_475.csv,5.3278
5.4909,0.01093,91.49,T3_safe_insertion,InsertionSequence,PierceEntry,0.4884,0.995,0.7501,1.53217,0.10206,0.74816,1.5352,0.10194,0.59725,1.76994,0.09205,0.76382,1.53618,0.1,0.78832,1.48832,0.08507,0.98164,1.28164,0.12347,0.8,1.5,0.1,1.0,1.3,0.1,341.11,62.692,344.596,340.393,341.809,341.11,59.405,774.336,12.43,0.0,0.52791,0.0,11.178,-53.56,-27.823,-10.499,49.959,0.0,-0.105,-8.499,22.074,-2.898,-18.628,0.0,0,0,1,project4_multircm_20260624_092806_475.csv,5.3804
5.5472,0.01658,60.33,T3_safe_insertion,InsertionSequence,PierceEntry,0.4974,0.995,0.75101,1.53172,0.102,0.74905,1.53473,0.10188,0.59693,1.7687,0.09222,0.76446,1.53554,0.1,0.7882,1.4882,0.08527,0.98145,1.28145,0.12316,0.8,1.5,0.1,1.0,1.3,0.1,340.136,61.692,343.627,339.581,340.857,340.136,58.395,773.568,12.131,0.0,0.52161,0.0,11.171,-54.03,-26.594,-10.664,48.915,0.0,-0.142,-8.294,21.741,-2.953,-18.52,0.0,0,0,1,project4_multircm_20260624_092806_475.csv,5.4367
5.5993,0.01499,66.72,T3_safe_insertion,InsertionSequence,PierceEntry,0.5057,0.995,0.75185,1.5313,0.10195,0.74987,1.5343,0.10182,0.59663,1.76755,0.09238,0.76505,1.53495,0.1,0.78809,1.48809,0.08545,0.98127,1.28127,0.12287,0.8,1.5,0.1,1.0,1.3,0.1,339.234,60.767,342.73,338.825,339.977,339.234,57.46,772.852,11.852,0.0,0.51497,0.0,11.162,-54.456,-25.472,-10.821,47.953,0.0,-0.174,-8.083,21.389,-3.027,-18.4,0.0,0,0,1,project4_multircm_20260624_092806_475.csv,5.4888
5.6529,0.01405,71.15,T3_safe_insertion,InsertionSequence,PierceEntry,0.5143,0.995,0.75271,1.53087,0.10189,0.75072,1.53386,0.10177,0.59632,1.76636,0.09256,0.76566,1.53434,0.1,0.78797,1.48797,0.08564,0.98109,1.28109,0.12257,0.8,1.5,0.1,1.0,1.3,0.1,338.31,59.817,341.81,338.045,339.075,338.31,56.5,772.113,11.565,0.0,0.50806,0.0,11.151,-54.882,-24.337,-10.985,46.97,0.0,-0.217,-7.863,21.026,-3.084,-18.273,0.0,0,0,1,project4_multircm_20260624_092806_475.csv,5.5424
5.7328,0.03553,28.14,T3_safe_insertion,InsertionSequence,PierceEntry,0.5267,0.995,0.75394,1.53025,0.10179,0.75193,1.53323,0.10167,0.59588,1.76463,0.09282,0.76653,1.53347,0.1,0.7878,1.4878,0.08593,0.98082,1.28082,0.12212,0.8,1.5,0.1,1.0,1.3,0.1,336.988,58.46,340.495,336.92,337.787,336.988,55.13,771.048,11.152,0.0,0.49939,0.0,11.132,-55.476,-22.736,-11.227,45.568,0.0,-0.257,-7.607,20.583,-3.151,-18.088,0.0,0,0,1,project4_multircm_20260624_092806_475.csv,5.6223
5.7889,0.0141,70.92,T3_safe_insertion,InsertionSequence,PierceEntry,0.5357,0.995,0.75485,1.5298,0.10173,0.75282,1.53277,0.10162,0.59557,1.76337,0.09302,0.76717,1.53283,0.1,0.78769,1.48769,0.08613,0.98064,1.28064,0.1218,0.8,1.5,0.1,1.0,1.3,0.1,336.024,57.47,339.536,336.093,336.849,336.024,54.13,770.264,10.852,0.0,0.48778,0.0,11.116,-55.889,-21.604,-11.408,44.563,0.0,-0.312,-7.268,19.999,-3.224,-17.826,0.0,0,0,1,project4_multircm_20260624_092806_475.csv,5.6784
5.8474,0.01612,62.05,T3_safe_insertion,InsertionSequence,PierceEntry,0.545,0.995,0.75578,1.52933,0.10166,0.75373,1.53229,0.10155,0.59525,1.76206,0.09323,0.76783,1.53217,0.1,0.78757,1.48757,0.08635,0.98045,1.28045,0.12147,0.8,1.5,0.1,1.0,1.3,0.1,335.025,56.444,338.542,335.227,335.877,335.025,53.093,769.444,10.542,0.0,0.47849,0.0,11.097,-56.304,-20.451,-11.599,43.528,0.0,-0.341,-7.001,19.537,-3.302,-17.604,0.0,0,0,1,project4_multircm_20260624_092806_475.csv,5.7369
5.898,0.00807,123.87,T3_safe_insertion,InsertionSequence,PierceEntry,0.5526,0.995,0.75652,1.52895,0.10159,0.75446,1.5319,0.10149,0.595,1.76099,0.0934,0.76836,1.53164,0.1,0.78747,1.48747,0.08653,0.98029,1.28029,0.12117,0.8,1.5,0.1,1.0,1.3,0.1,334.22,55.619,337.741,334.526,335.094,334.22,52.26,768.778,10.292,0.0,0.46904,0.0,11.079,-56.63,-19.536,-11.757,42.699,0.0,-0.379,-6.733,19.069,-3.36,-17.373,0.0,0,0,1,project4_multircm_20260624_092806_475.csv,5.7875
5.9674,0.03632,27.53,T3_safe_insertion,InsertionSequence,PierceEntry,0.5632,0.995,0.75756,1.52842,0.10151,0.75548,1.53136,0.10141,0.59466,1.75951,0.09364,0.76911,1.53089,0.1,0.78733,1.48733,0.08679,0.98008,1.28008,0.12077,0.8,1.5,0.1,1.0,1.3,0.1,333.1,54.471,336.627,333.541,334.005,333.1,51.1,767.844,9.946,0.0,0.46136,0.0,11.053,-57.065,-18.293,-11.981,41.56,0.0,-0.403,-6.528,18.697,-3.4,-17.171,0.0,0,0,1,project4_multircm_20260624_092806_475.csv,5.8568999999999996
6.0203,0.01386,72.13,T3_safe_insertion,InsertionSequence,PierceEntry,0.5716,0.995,0.75839,1.52799,0.10145,0.7563,1.53093,0.10135,0.59441,1.75832,0.09385,0.76971,1.53029,0.1,0.78723,1.48723,0.08699,0.97992,1.27992,0.12045,0.8,1.5,0.1,1.0,1.3,0.1,332.202,53.55,335.733,332.746,333.132,332.202,50.171,767.09,9.673,0.0,0.44851,0.0,11.03,-57.396,-17.33,-12.163,40.666,0.0,-0.445,-6.18,18.072,-3.476,-16.832,0.0,0,0,1,project4_multircm_20260624_092806_475.csv,5.9098
6.1002,0.03567,28.03,T3_safe_insertion,InsertionSequence,PierceEntry,0.584,0.995,0.75959,1.52737,0.10135,0.75748,1.53029,0.10126,0.59405,1.7566,0.09414,0.77058,1.52942,0.1,0.78707,1.48707,0.0873,0.97968,1.27968,0.11997,0.8,1.5,0.1,1.0,1.3,0.1,330.902,52.218,334.438,331.583,331.869,330.902,48.826,765.985,9.279,0.0,0.43741,0.0,10.994,-57.858,-15.963,-12.434,39.382,0.0,-0.482,-5.89,17.539,-3.52,-16.527,0.0,0,0,1,project4_multircm_20260624_092806_475.csv,5.9897
6.166,0.01866,53.58,T3_safe_insertion,InsertionSequence,PierceEntry,0.5945,0.995,0.76061,1.52683,0.10127,0.75848,1.52974,0.10118,0.59378,1.75513,0.09441,0.77133,1.52867,0.1,0.78695,1.48695,0.08755,0.97948,1.27948,0.11958,0.8,1.5,0.1,1.0,1.3,0.1,329.794,51.082,333.334,330.582,330.793,329.794,47.68,765.034,8.95,0.0,0.42246,0.0,10.959,-58.227,-14.843,-12.669,38.315,0.0,-0.535,-5.507,16.824,-3.571,-16.108,0.0,0,0,1,project4_multircm_20260624_092806_475.csv,6.0555
6.2237,0.0097,103.07,T3_safe_insertion,InsertionSequence,PierceEntry,0.6038,0.995,0.76149,1.52636,0.1012,0.75936,1.52926,0.10112,0.59355,1.75386,0.09463,0.77198,1.52802,0.1,0.78685,1.48685,0.08777,0.97932,1.27932,0.11922,0.8,1.5,0.1,1.0,1.3,0.1,328.828,50.093,332.371,329.703,329.855,328.828,46.682,764.197,8.666,0.0,0.40946,0.0,10.928,-58.533,-13.894,-12.877,37.398,0.0,-0.565,-5.177,16.207,-3.634,-15.729,0.0,0,0,1,project4_multircm_20260624_092806_475.csv,6.1132
6.2806,0.01604,62.34,T3_safe_insertion,InsertionSequence,PierceEntry,0.6129,0.995,0.76236,1.5259,0.10113,0.76021,1.52878,0.10105,0.59335,1.7526,0.09486,0.77263,1.52737,0.1,0.78674,1.48674,0.088,0.97916,1.27916,0.11887,0.8,1.5,0.1,1.0,1.3,0.1,327.875,49.119,331.423,328.83,328.93,327.875,45.7,763.366,8.391,0.0,0.39941,0.0,10.895,-58.819,-12.988,-13.085,36.514,0.0,-0.588,-4.925,15.734,-3.671,-15.429,0.0,0,0,1,project4_multircm_20260624_092806_475.csv,6.1701
6.3312,0.01338,74.74,T3_safe_insertion,InsertionSequence,PierceEntry,0.621,0.995,0.76313,1.52548,0.10108,0.76097,1.52836,0.101,0.59319,1.7515,0.09507,0.7732,1.5268,0.1,0.78666,1.48666,0.0882,0.97902,1.27902,0.11856,0.8,1.5,0.1,1.0,1.3,0.1,327.031,48.256,330.581,328.05,328.11,327.031,44.83,762.623,8.151,0.0,0.38936,0.0,10.864,-59.06,-12.208,-13.272,35.743,0.0,-0.613,-4.681,15.26,-3.709,-15.125,0.0,0,0,1,project4_multircm_20260624_092806_475.csv,6.2207
6.3849,0.01403,71.29,T3_safe_insertion,InsertionSequence,PierceEntry,0.6296,0.995,0.76394,1.52503,0.10101,0.76176,1.5279,0.10094,0.59303,1.75033,0.09528,0.77381,1.52619,0.1,0.78656,1.48656,0.08841,0.97887,1.27887,0.11823,0.8,1.5,0.1,1.0,1.3,0.1,326.137,47.342,329.69,327.22,327.242,326.137,43.91,761.832,7.901,0.0,0.3788,0.0,10.83,-59.303,-11.405,-13.472,34.942,0.0,-0.638,-4.428,14.767,-3.734,-14.799,0.0,0,0,1,project4_multircm_20260624_092806_475.csv,6.2744
6.4385,0.01287,77.69,T3_safe_insertion,InsertionSequence,PierceEntry,0.6381,0.995,0.76474,1.52458,0.10095,0.76255,1.52744,0.10088,0.59289,1.74917,0.0955,0.77441,1.52559,0.1,0.78647,1.48647,0.08862,0.97873,1.27873,0.11789,0.8,1.5,0.1,1.0,1.3,0.1,325.248,46.435,328.805,326.39,326.379,325.248,42.995,761.04,7.657,0.0,0.36834,0.0,10.795,-59.532,-10.63,-13.672,34.16,0.0,-0.664,-4.177,14.279,-3.757,-14.474,0.0,0,0,1,project4_multircm_20260624_092806_475.csv,6.328
6.4915,0.01072,93.32,T3_safe_insertion,InsertionSequence,PierceEntry,0.6466,0.995,0.76552,1.52414,0.10089,0.76333,1.52699,0.10082,0.59277,1.74803,0.09571,0.77501,1.52499,0.1,0.78638,1.48638,0.08884,0.97859,1.27859,0.11755,0.8,1.5,0.1,1.0,1.3,0.1,324.371,45.541,327.93,325.566,325.527,324.371,42.094,760.252,7.421,0.0,0.35743,0.0,10.759,-59.745,-9.889,-13.872,33.404,0.0,-0.688,-3.924,13.774,-3.774,-14.127,0.0,0,0,1,project4_multircm_20260624_092806_475.csv,6.381
6.5473,0.01505,66.43,T3_safe_insertion,InsertionSequence,PierceEntry,0.6555,0.995,0.76634,1.52366,0.10082,0.76413,1.5265,0.10076,0.59266,1.74684,0.09594,0.77564,1.52436,0.1,0.78629,1.48629,0.08906,0.97845,1.27845,0.1172,0.8,1.5,0.1,1.0,1.3,0.1,323.45,44.601,327.011,324.695,324.631,323.45,41.148,759.419,7.178,0.0,0.34762,0.0,10.72,-59.956,-9.137,-14.082,32.627,0.0,-0.707,-3.694,13.319,-3.795,-13.811,0.0,0,0,1,project4_multircm_20260624_092806_475.csv,6.4368
6.5996,0.01401,71.35,T3_safe_insertion,InsertionSequence,PierceEntry,0.6639,0.995,0.76711,1.52321,0.10076,0.76489,1.52604,0.1007,0.59258,1.74574,0.09615,0.77624,1.52377,0.1,0.78621,1.48621,0.08927,0.97831,1.27831,0.11686,0.8,1.5,0.1,1.0,1.3,0.1,322.586,43.722,326.15,323.875,323.792,322.586,40.263,758.634,6.955,0.0,0.33773,0.0,10.682,-60.142,-8.455,-14.281,31.914,0.0,-0.732,-3.467,12.862,-3.798,-13.492,0.0,0,0,1,project4_multircm_20260624_092806_475.csv,6.4891
6.6521,0.01307,76.52,T3_safe_insertion,InsertionSequence,PierceEntry,0.6723,0.995,0.76787,1.52276,0.1007,0.76564,1.52558,0.10065,0.59252,1.74464,0.09636,0.77683,1.52317,0.1,0.78612,1.48613,0.08949,0.97818,1.27818,0.11653,0.8,1.5,0.1,1.0,1.3,0.1,321.723,42.843,325.289,323.051,322.953,321.723,39.379,757.844,6.738,0.0,0.32735,0.0,10.643,-60.316,-7.795,-14.481,31.218,0.0,-0.749,-3.237,12.386,-3.806,-13.147,0.0,0,0,1,project4_multircm_20260624_092806_475.csv,6.5416
6.7061,0.01346,74.29,T3_safe_insertion,InsertionSequence,PierceEntry,0.681,0.995,0.76865,1.52229,0.10064,0.76641,1.52511,0.10059,0.59247,1.74352,0.09657,0.77744,1.52256,0.1,0.78604,1.48604,0.08971,0.97805,1.27805,0.11618,0.8,1.5,0.1,1.0,1.3,0.1,320.837,41.942,324.405,322.201,322.091,320.837,38.472,757.029,6.519,0.0,0.31739,0.0,10.602,-60.484,-7.142,-14.688,30.519,0.0,-0.761,-3.016,11.928,-3.824,-12.811,0.0,0,0,1,project4_multircm_20260624_092806_475.csv,6.5956
6.7598,0.01251,79.91,T3_safe_insertion,InsertionSequence,PierceEntry,0.6895,0.995,0.76942,1.52182,0.10058,0.76716,1.52463,0.10053,0.59244,1.74242,0.09678,0.77805,1.52195,0.1,0.78596,1.48596,0.08993,0.97793,1.27793,0.11583,0.8,1.5,0.1,1.0,1.3,0.1,319.958,41.049,323.528,321.355,321.237,319.958,37.574,756.216,6.308,0.0,0.30763,0.0,10.561,-60.638,-6.516,-14.893,29.842,0.0,-0.78,-2.801,11.481,-3.822,-12.482,0.0,0,0,1,project4_multircm_20260624_092806_475.csv,6.6493
6.8141,0.01422,70.32,T3_safe_insertion,InsertionSequence,PierceEntry,0.6982,0.995,0.77019,1.52134,0.10052,0.76792,1.52414,0.10048,0.59243,1.74132,0.09699,0.77866,1.52134,0.1,0.78588,1.48588,0.09016,0.9778,1.2778,0.11547,0.8,1.5,0.1,1.0,1.3,0.1,319.071,40.148,322.643,320.497,320.373,319.071,36.668,755.392,6.101,0.0,0.29821,0.0,10.518,-60.783,-5.908,-15.101,29.176,0.0,-0.792,-2.597,11.051,-3.824,-12.159,0.0,0,0,1,project4_multircm_20260624_092806_475.csv,6.7036
6.8663,0.0141,70.92,T3_safe_insertion,InsertionSequence,PierceEntry,0.7066,0.995,0.77092,1.52088,0.10047,0.76865,1.52367,0.10042,0.59243,1.74027,0.09719,0.77925,1.52075,0.1,0.78581,1.48581,0.09038,0.97768,1.27768,0.11513,0.8,1.5,0.1,1.0,1.3,0.1,318.219,39.284,321.793,319.67,319.544,318.219,35.799,754.596,5.907,0.0,0.28886,0.0,10.477,-60.912,-5.346,-15.301,28.553,0.0,-0.802,-2.396,10.625,-3.823,-11.833,0.0,0,0,1,project4_multircm_20260624_092806_475.csv,6.7558
6.9193,0.01332,75.09,T3_safe_insertion,InsertionSequence,PierceEntry,0.7151,0.995,0.77166,1.5204,0.10041,0.76938,1.52319,0.10037,0.59246,1.73921,0.09739,0.77985,1.52015,0.1,0.78573,1.48573,0.0906,0.97756,1.27756,0.11477,0.8,1.5,0.1,1.0,1.3,0.1,317.356,38.408,320.931,318.828,318.703,317.356,34.919,753.786,5.715,0.0,0.27968,0.0,10.434,-61.033,-4.797,-15.503,27.936,0.0,-0.812,-2.203,10.207,-3.822,-11.51,0.0,0,0,1,project4_multircm_20260624_092806_475.csv,6.8088
6.973,0.01275,78.4,T3_safe_insertion,InsertionSequence,PierceEntry,0.7236,0.995,0.77241,1.51992,0.10035,0.77012,1.5227,0.10032,0.5925,1.73815,0.0976,0.78046,1.51954,0.1,0.78566,1.48566,0.09083,0.97745,1.27745,0.11442,0.8,1.5,0.1,1.0,1.3,0.1,316.483,37.523,320.06,317.974,317.852,316.483,34.03,752.963,5.527,0.0,0.27057,0.0,10.39,-61.145,-4.262,-15.708,27.329,0.0,-0.82,-2.013,9.793,-3.816,-11.187,0.0,0,0,1,project4_multircm_20260624_092806_475.csv,6.8625
7.0305,0.01655,60.44,T3_safe_insertion,InsertionSequence,PierceEntry,0.7329,0.995,0.7732,1.51939,0.10029,0.7709,1.52216,0.10026,0.59257,1.73703,0.09781,0.78111,1.51889,0.1,0.78558,1.48558,0.09108,0.97733,1.27733,0.11403,0.8,1.5,0.1,1.0,1.3,0.1,315.548,36.577,319.127,317.057,316.941,315.548,33.08,752.079,5.332,0.0,0.2615,0.0,10.343,-61.254,-3.714,-15.928,26.697,0.0,-0.824,-1.827,9.382,-3.811,-10.859,0.0,0,0,1,project4_multircm_20260624_092806_475.csv,6.92
7.0808,0.01368,73.1,T3_safe_insertion,InsertionSequence,PierceEntry,0.7409,0.995,0.77389,1.51893,0.10024,0.77158,1.5217,0.10021,0.59265,1.73606,0.09799,0.78168,1.51832,0.1,0.78551,1.48551,0.09129,0.97722,1.27722,0.11369,0.8,1.5,0.1,1.0,1.3,0.1,314.733,35.752,318.313,316.255,316.146,314.733,32.252,751.304,5.167,0.0,0.25286,0.0,10.301,-61.34,-3.255,-16.119,26.161,0.0,-0.831,-1.656,8.993,-3.789,-10.546,0.0,0,0,1,project4_multircm_20260624_092806_475.csv,6.9703
7.1345,0.01403,71.28,T3_safe_insertion,InsertionSequence,PierceEntry,0.7495,0.995,0.77462,1.51844,0.10019,0.77231,1.52119,0.10016,0.59275,1.73504,0.09819,0.78229,1.51771,0.1,0.78545,1.48545,0.09152,0.97712,1.27712,0.11333,0.8,1.5,0.1,1.0,1.3,0.1,313.863,34.873,317.444,315.397,315.297,313.863,31.369,750.475,4.997,0.0,0.24455,0.0,10.256,-61.423,-2.784,-16.323,25.605,0.0,-0.833,-1.486,8.615,-3.783,-10.242,0.0,0,0,1,project4_multircm_20260624_092806_475.csv,7.024
7.1872,0.01299,77.01,T3_safe_insertion,InsertionSequence,PierceEntry,0.7579,0.995,0.77533,1.51795,0.10014,0.77301,1.5207,0.10012,0.59286,1.73405,0.09837,0.78288,1.51712,0.1,0.78538,1.48538,0.09175,0.97701,1.27701,0.11297,0.8,1.5,0.1,1.0,1.3,0.1,313.01,34.011,316.593,314.553,314.465,313.01,30.504,749.659,4.835,0.0,0.23636,0.0,10.212,-61.496,-2.343,-16.522,25.075,0.0,-0.834,-1.324,8.245,-3.771,-9.937,0.0,0,0,1,project4_multircm_20260624_092806_475.csv,7.0767
7.2413,0.01077,92.86,T3_safe_insertion,InsertionSequence,PierceEntry,0.7666,0.995,0.77606,1.51744,0.10009,0.77373,1.52019,0.10007,0.59299,1.73304,0.09856,0.7835,1.51651,0.1,0.78532,1.48532,0.09198,0.97691,1.27691,0.1126,0.8,1.5,0.1,1.0,1.3,0.1,312.136,33.128,315.72,313.687,313.611,312.136,29.618,748.821,4.675,0.0,0.2279,0.0,10.167,-61.563,-1.908,-16.725,24.547,0.0,-0.837,-1.164,7.866,-3.743,-9.621,0.0,0,0,1,project4_multircm_20260624_092806_475.csv,7.1308
7.2971,0.01584,63.14,T3_safe_insertion,InsertionSequence,PierceEntry,0.7755,0.995,0.77681,1.51691,0.10003,0.77447,1.51965,0.10002,0.59315,1.73201,0.09875,0.78413,1.51587,0.1,0.78525,1.48525,0.09223,0.97681,1.27681,0.11222,0.8,1.5,0.1,1.0,1.3,0.1,311.235,32.219,314.82,312.791,312.73,311.235,28.706,747.953,4.515,0.0,0.22063,0.0,10.121,-61.623,-1.481,-16.934,24.02,0.0,-0.837,-1.02,7.537,-3.725,-9.347,0.0,0,0,1,project4_multircm_20260624_092806_475.csv,7.1866
7.3503,0.01227,81.48,T3_safe_insertion,InsertionSequence,PierceEntry,0.784,0.995,0.77751,1.51641,0.09999,0.77517,1.51914,0.09997,0.59331,1.73105,0.09893,0.78473,1.51527,0.1,0.78519,1.48519,0.09246,0.97671,1.27671,0.11185,0.8,1.5,0.1,1.0,1.3,0.1,310.378,31.354,313.964,311.938,311.892,310.378,27.839,747.126,4.369,0.0,0.21266,0.0,10.076,-61.672,-1.092,-17.131,23.534,0.0,-0.835,-0.867,7.178,-3.703,-9.043,0.0,0,0,1,project4_multircm_20260624_092806_475.csv,7.2398
7.4034,0.01386,72.17,T3_safe_insertion,InsertionSequence,PierceEntry,0.7925,0.995,0.77821,1.5159,0.09994,0.77586,1.51863,0.09993,0.59349,1.73009,0.09911,0.78533,1.51467,0.1,0.78513,1.48513,0.09269,0.97662,1.27662,0.11149,0.8,1.5,0.1,1.0,1.3,0.1,309.521,30.491,313.108,311.083,311.054,309.521,26.974,746.296,4.228,0.0,0.2057,0.0,10.032,-61.714,-0.721,-17.327,23.062,0.0,-0.832,-0.738,6.865,-3.68,-8.775,0.0,0,0,1,project4_multircm_20260624_092806_475.csv,7.2929
7.4565,0.00917,109.05,T3_safe_insertion,InsertionSequence,PierceEntry,0.801,0.995,0.77891,1.51539,0.09989,0.77655,1.51811,0.09989,0.59368,1.72915,0.09928,0.78593,1.51407,0.1,0.78508,1.48508,0.09293,0.97653,1.27653,0.11112,0.8,1.5,0.1,1.0,1.3,0.1,308.667,29.63,312.254,310.229,310.218,308.667,26.111,745.467,4.092,0.0,0.19793,0.0,9.988,-61.748,-0.367,-17.522,22.605,0.0,-0.827,-0.593,6.516,-3.652,-8.473,0.0,0,0,1,project4_multircm_20260624_092806_475.csv,7.346
7.5143,0.01671,59.86,T3_safe_insertion,InsertionSequence,PierceEntry,0.8103,0.995,0.78076,1.51572,0.09983,0.77839,1.51843,0.09982,0.59431,1.72841,0.09961,0.78658,1.51342,0.1,0.78502,1.48502,0.09318,0.97644,1.27644,0.11072,0.8,1.5,0.1,1.0,1.3,0.1,307.574,28.404,311.165,309.274,309.297,307.574,24.847,744.516,3.762,0.0,0.33494,0.47642,9.911,-61.871,0.3,-17.965,21.733,0.0,-1.274,-1.827,10.689,-7.242,-14.023,0.0,0,0,1,project4_multircm_20260624_092806_475.csv,7.4038
7.5648,0.01333,74.99,T3_safe_insertion,InsertionSequence,PierceEntry,0.8183,0.995,0.78201,1.5157,0.0998,0.77962,1.5184,0.0998,0.59473,1.72766,0.09987,0.78715,1.51285,0.1,0.78497,1.48497,0.09341,0.97636,1.27636,0.11036,0.8,1.5,0.1,1.0,1.3,0.1,306.672,27.454,310.264,308.436,308.494,306.672,23.881,743.686,3.538,0.0,0.28289,0.46122,9.851,-61.942,0.778,-18.3,21.102,0.0,-1.117,-1.211,8.92,-6.389,-11.815,0.0,0,0,1,project4_multircm_20260624_092806_475.csv,7.4543
7.6183,0.0129,77.55,T3_safe_insertion,InsertionSequence,PierceEntry,0.8269,0.995,0.78309,1.51548,0.0998,0.7807,1.51817,0.0998,0.59509,1.72681,0.10012,0.78776,1.51224,0.1,0.78491,1.48491,0.09365,0.97628,1.27628,0.10999,0.8,1.5,0.1,1.0,1.3,0.1,305.751,26.513,309.344,307.548,307.644,305.751,22.93,742.812,3.344,0.0,0.24513,0.44594,9.795,-61.992,1.211,-18.618,20.525,0.0,-1.009,-0.773,7.63,-5.719,-10.233,0.0,0,0,1,project4_multircm_20260624_092806_475.csv,7.5078
7.6719,0.01336,74.88,T3_safe_insertion,InsertionSequence,PierceEntry,0.8355,0.995,0.784,1.51512,0.0998,0.7816,1.51781,0.0998,0.5954,1.72591,0.10035,0.78837,1.51163,0.1,0.78486,1.48487,0.09389,0.9762,1.2762,0.10961,0.8,1.5,0.1,1.0,1.3,0.1,304.85,25.605,308.444,306.659,306.791,304.85,22.016,741.94,3.182,0.0,0.21876,0.43093,9.744,-62.023,1.588,-18.91,20.014,0.0,-0.92,-0.457,6.703,-5.295,-9.115,0.0,0,0,1,project4_multircm_20260624_092806_475.csv,7.5614
7.7262,0.0131,76.34,T3_safe_insertion,InsertionSequence,PierceEntry,0.8442,0.995,0.78481,1.51467,0.0998,0.7824,1.51734,0.09981,0.59569,1.72498,0.10057,0.78898,1.51102,0.1,0.78482,1.48482,0.09413,0.97613,1.27613,0.10923,0.8,1.5,0.1,1.0,1.3,0.1,303.953,24.706,307.548,305.76,305.927,303.953,21.114,741.062,3.041,0.0,0.19846,0.41544,9.696,-62.039,1.926,-19.185,19.549,0.0,-0.856,-0.209,5.973,-4.956,-8.263,0.0,0,0,1,project4_multircm_20260624_092806_475.csv,7.6157
7.7799,0.01433,69.8,T3_safe_insertion,InsertionSequence,PierceEntry,0.8527,0.995,0.78554,1.51415,0.09981,0.78312,1.51682,0.09982,0.59596,1.72406,0.10076,0.78959,1.51041,0.1,0.78477,1.48477,0.09437,0.97606,1.27606,0.10885,0.8,1.5,0.1,1.0,1.3,0.1,303.077,23.83,306.672,304.873,305.072,303.077,20.236,740.197,2.919,0.0,0.1831,0.40074,9.652,-62.043,2.227,-19.442,19.128,0.0,-0.808,-0.019,5.407,-4.702,-7.62,0.0,0,0,1,project4_multircm_20260624_092806_475.csv,7.6693999999999996
7.8324,0.01395,71.69,T3_safe_insertion,InsertionSequence,PierceEntry,0.8612,0.995,0.7862,1.51361,0.09982,0.78378,1.51628,0.09983,0.59622,1.72315,0.10094,0.79018,1.50982,0.1,0.78473,1.48473,0.09461,0.97599,1.27599,0.10847,0.8,1.5,0.1,1.0,1.3,0.1,302.227,22.98,305.822,304.008,304.237,302.227,19.385,739.354,2.812,0.0,0.17101,0.38586,9.611,-62.039,2.495,-19.683,18.746,0.0,-0.773,0.132,4.949,-4.505,-7.114,0.0,0,0,1,project4_multircm_20260624_092806_475.csv,7.7219
7.8851,0.01317,75.94,T3_safe_insertion,InsertionSequence,PierceEntry,0.8696,0.995,0.78683,1.51305,0.09982,0.78441,1.51571,0.09984,0.59648,1.72225,0.1011,0.79078,1.50922,0.1,0.78469,1.48469,0.09485,0.97592,1.27592,0.1081,0.8,1.5,0.1,1.0,1.3,0.1,301.379,22.133,304.975,303.142,303.4,301.379,18.537,738.511,2.714,0.0,0.16103,0.37087,9.572,-62.028,2.743,-19.916,18.385,0.0,-0.738,0.265,4.55,-4.37,-6.686,0.0,0,0,1,project4_multircm_20260624_092806_475.csv,7.7746
7.9394,0.0135,74.05,T3_safe_insertion,InsertionSequence,PierceEntry,0.8783,0.995,0.78746,1.51245,0.09983,0.78503,1.51511,0.09985,0.59676,1.72133,0.10127,0.79139,1.50861,0.1,0.78465,1.48465,0.0951,0.97586,1.27586,0.10771,0.8,1.5,0.1,1.0,1.3,0.1,300.51,21.264,304.106,302.253,302.539,300.51,17.668,737.646,2.621,0.0,0.15238,0.35579,9.532,-62.009,2.977,-20.149,18.035,0.0,-0.711,0.382,4.199,-4.246,-6.318,0.0,0,0,1,project4_multircm_20260624_092806_475.csv,7.8289
7.9934,0.01268,78.85,T3_safe_insertion,InsertionSequence,PierceEntry,0.8869,0.995,0.78807,1.51184,0.09983,0.78564,1.5145,0.09985,0.59705,1.72042,0.10142,0.792,1.508,0.1,0.78461,1.48461,0.09534,0.9758,1.2758,0.10732,0.8,1.5,0.1,1.0,1.3,0.1,299.649,20.404,303.246,301.372,301.684,299.649,16.807,736.787,2.535,0.0,0.1448,0.3405,9.495,-61.985,3.193,-20.375,17.705,0.0,-0.684,0.487,3.879,-4.148,-5.989,0.0,0,0,1,project4_multircm_20260624_092806_475.csv,7.8829
8.0472,0.01372,72.9,T3_safe_insertion,InsertionSequence,PierceEntry,0.8955,0.995,0.78867,1.51123,0.09983,0.78624,1.51388,0.09985,0.59734,1.71953,0.10156,0.79261,1.50739,0.1,0.78457,1.48457,0.09559,0.97574,1.27574,0.10694,0.8,1.5,0.1,1.0,1.3,0.1,298.794,19.548,302.39,300.495,300.833,298.794,15.952,735.933,2.456,0.0,0.13822,0.32578,9.459,-61.956,3.393,-20.595,17.392,0.0,-0.665,0.578,3.6,-4.05,-5.707,0.0,0,0,1,project4_multircm_20260624_092806_475.csv,7.9367
8.1,0.01378,72.56,T3_safe_insertion,InsertionSequence,PierceEntry,0.904,0.995,0.78926,1.51063,0.09983,0.78682,1.51328,0.09986,0.59764,1.71867,0.10169,0.79321,1.50679,0.1,0.78454,1.48454,0.09583,0.97569,1.27569,0.10656,0.8,1.5,0.1,1.0,1.3,0.1,297.958,18.713,301.555,299.638,300.001,297.958,15.116,735.098,2.383,0.0,0.13253,0.31111,9.424,-61.923,3.574,-20.806,17.1,0.0,-0.649,0.66,3.351,-3.967,-5.462,0.0,0,0,1,project4_multircm_20260624_092806_475.csv,7.9895
8.153,0.01316,76.01,T3_safe_insertion,InsertionSequence,PierceEntry,0.9124,0.995,0.78984,1.51003,0.09983,0.78739,1.51267,0.09986,0.59796,1.71782,0.10182,0.79381,1.50619,0.1,0.78451,1.48451,0.09607,0.97564,1.27564,0.10618,0.8,1.5,0.1,1.0,1.3,0.1,297.119,17.874,300.716,298.779,299.166,297.119,14.277,734.26,2.315,0.0,0.12714,0.2962,9.391,-61.885,3.744,-21.014,16.818,0.0,-0.627,0.74,3.107,-3.905,-5.218,0.0,0,0,1,project4_multircm_20260624_092806_475.csv,8.0425
8.2071,0.01057,94.63,T3_safe_insertion,InsertionSequence,PierceEntry,0.9211,0.995,0.79043,1.50941,0.09983,0.78798,1.51205,0.09986,0.59829,1.71696,0.10194,0.79442,1.50558,0.1,0.78448,1.48448,0.09632,0.97559,1.27559,0.10579,0.8,1.5,0.1,1.0,1.3,0.1,296.264,17.019,299.861,297.903,298.314,296.264,13.422,733.405,2.249,0.0,0.12193,0.28049,9.357,-61.842,3.904,-21.223,16.543,0.0,-0.608,0.818,2.868,-3.837,-4.982,0.0,0,0,1,project4_multircm_20260624_092806_475.csv,8.0966
8.2633,0.01623,61.62,T3_safe_insertion,InsertionSequence,PierceEntry,0.9301,0.995,0.79104,1.50877,0.09983,0.78859,1.5114,0.09985,0.59865,1.71608,0.10206,0.79506,1.50494,0.1,0.78445,1.48445,0.09658,0.97555,1.27555,0.10538,0.8,1.5,0.1,1.0,1.3,0.1,295.377,16.132,298.974,296.995,297.43,295.377,12.536,732.519,2.185,0.0,0.11751,0.26648,9.324,-61.794,4.058,-21.437,16.271,0.0,-0.591,0.882,2.666,-3.773,-4.781,0.0,0,0,1,project4_multircm_20260624_092806_475.csv,8.1528
8.3143,0.01303,76.77,T3_safe_insertion,InsertionSequence,PierceEntry,0.9383,0.995,0.7916,1.50818,0.09982,0.78914,1.51082,0.09985,0.59898,1.71529,0.10217,0.79563,1.50437,0.1,0.78442,1.48442,0.09681,0.97551,1.27551,0.10501,0.8,1.5,0.1,1.0,1.3,0.1,294.572,15.327,298.169,296.172,296.629,294.572,11.732,731.714,2.131,0.0,0.11322,0.25141,9.294,-61.747,4.187,-21.627,16.034,0.0,-0.574,0.947,2.464,-3.714,-4.582,0.0,0,0,1,project4_multircm_20260624_092806_475.csv,8.2038
8.3683,0.01316,75.97,T3_safe_insertion,InsertionSequence,PierceEntry,0.9469,0.995,0.79218,1.50757,0.09982,0.78973,1.5102,0.09985,0.59935,1.71447,0.10227,0.79625,1.50376,0.1,0.7844,1.4844,0.09706,0.97547,1.27547,0.10462,0.8,1.5,0.1,1.0,1.3,0.1,293.72,14.476,297.318,295.302,295.78,293.72,10.88,730.863,2.076,0.0,0.1092,0.23652,9.264,-61.694,4.314,-21.826,15.792,0.0,-0.556,1.008,2.271,-3.659,-4.39,0.0,0,0,1,project4_multircm_20260624_092806_475.csv,8.2578
8.4221,0.01304,76.69,T3_safe_insertion,InsertionSequence,PierceEntry,0.9555,0.995,0.79277,1.50695,0.09981,0.79031,1.50959,0.09985,0.59973,1.71366,0.10237,0.79685,1.50315,0.1,0.78437,1.48438,0.09731,0.97543,1.27543,0.10423,0.8,1.5,0.1,1.0,1.3,0.1,292.873,13.629,296.471,294.437,294.937,292.873,10.034,730.016,2.025,0.0,0.1054,0.22156,9.234,-61.638,4.43,-22.021,15.562,0.0,-0.541,1.066,2.09,-3.595,-4.213,0.0,0,0,1,project4_multircm_20260624_092806_475.csv,8.3116
8.476,0.01293,77.33,T3_safe_insertion,InsertionSequence,PierceEntry,0.9641,0.995,0.79336,1.50634,0.09981,0.7909,1.50897,0.09984,0.60011,1.71286,0.10247,0.79746,1.50254,0.1,0.78435,1.48435,0.09756,0.9754,1.2754,0.10383,0.8,1.5,0.1,1.0,1.3,0.1,292.023,12.779,295.62,293.569,294.09,292.023,9.184,729.165,1.977,0.0,0.1019,0.20654,9.206,-61.578,4.537,-22.213,15.341,0.0,-0.524,1.12,1.916,-3.545,-4.04,0.0,0,0,1,project4_multircm_20260624_092806_475.csv,8.3655
8.5299,0.01398,71.54,T3_safe_insertion,InsertionSequence,PierceEntry,0.9728,0.995,0.79394,1.50573,0.0998,0.79148,1.50835,0.09984,0.60051,1.71207,0.10256,0.79807,1.50193,0.1,0.78434,1.48434,0.09781,0.97537,1.27537,0.10344,0.8,1.5,0.1,1.0,1.3,0.1,291.175,11.931,294.772,292.704,293.245,291.175,8.337,728.318,1.932,0.0,0.0987,0.19195,9.178,-61.516,4.635,-22.403,15.129,0.0,-0.507,1.171,1.755,-3.497,-3.879,0.0,0,0,1,project4_multircm_20260624_092806_475.csv,8.4194
8.5827,0.01373,72.81,T3_safe_insertion,InsertionSequence,PierceEntry,0.9812,0.995,0.79452,1.50513,0.0998,0.79206,1.50775,0.09983,0.60091,1.7113,0.10264,0.79867,1.50133,0.1,0.78432,1.48432,0.09806,0.97535,1.27535,0.10305,0.8,1.5,0.1,1.0,1.3,0.1,290.343,11.1,293.941,291.856,292.417,290.343,7.507,727.486,1.89,0.0,0.09573,0.17721,9.152,-61.453,4.722,-22.586,14.929,0.0,-0.491,1.217,1.603,-3.45,-3.727,0.0,0,0,1,project4_multircm_20260624_092806_475.csv,8.4722
8.6361,0.01325,75.45,T3_safe_insertion,InsertionSequence,PierceEntry,0.9897,0.995,0.7951,1.50452,0.09979,0.79264,1.50714,0.09983,0.60133,1.71054,0.10272,0.79927,1.50073,0.1,0.78431,1.48431,0.0983,0.97532,1.27532,0.10267,0.8,1.5,0.1,1.0,1.3,0.1,289.503,10.261,293.101,291.001,291.581,289.503,6.669,726.647,1.851,0.0,0.09274,0.16231,9.126,-61.386,4.803,-22.768,14.735,0.0,-0.476,1.263,1.453,-3.394,-3.575,0.0,0,0,1,project4_multircm_20260624_092806_475.csv,8.5256
8.69,0.01032,96.87,T3_safe_insertion,InsertionSequence,PierceEntry,0.9984,0.995,0.79569,1.50391,0.09978,0.79322,1.50653,0.09982,0.60175,1.70977,0.1028,0.79988,1.50012,0.1,0.78429,1.48429,0.09856,0.9753,1.2753,0.10227,0.8,1.5,0.1,1.0,1.3,0.1,288.655,9.413,292.253,290.137,290.737,288.655,5.823,725.798,1.814,0.0,0.0899,0.14659,9.101,-61.317,4.876,-22.949,14.547,0.0,-0.46,1.308,1.305,-3.342,-3.426,0.0,1,0,1,project4_multircm_20260624_092806_475.csv,8.5795
8.7466,0.01639,61.01,T3_safe_insertion,InsertionSequence,InsertToTarget,0.0043,0.995,0.79632,1.50344,0.09985,0.79385,1.50606,0.09989,0.60222,1.70914,0.10291,0.80087,1.49913,0.1,0.78428,1.48428,0.09882,0.97529,1.27529,0.10186,0.8,1.5,0.1,1.0,1.3,0.1,287.876,8.633,291.474,289.356,289.976,287.876,5.039,725.024,1.774,0.0,0.0743,0.31361,9.077,-61.25,4.931,-23.127,14.383,0.0,-0.404,1.204,0.773,-2.948,-2.687,0.0,1,0,1,project4_multircm_20260624_092806_475.csv,8.6361
8.7971,0.01303,76.74,T3_safe_insertion,InsertionSequence,InsertToTarget,0.0094,0.995,0.79688,1.50296,0.09989,0.79441,1.50558,0.09993,0.60266,1.70856,0.103,0.80188,1.49812,0.1,0.78427,1.48427,0.09905,0.97527,1.27527,0.10149,0.8,1.5,0.1,1.0,1.3,0.1,287.144,7.9,290.742,288.621,289.257,287.144,4.304,724.295,1.747,0.0,0.06911,0.2832,9.057,-61.181,4.959,-23.263,14.253,0.0,-0.395,1.449,0.484,-2.603,-2.532,0.0,1,0,1,project4_multircm_20260624_092806_475.csv,8.6866
8.8508,0.01267,78.95,T3_safe_insertion,InsertionSequence,InsertToTarget,0.0148,0.995,0.7975,1.50238,0.09991,0.79503,1.50499,0.09995,0.60317,1.70787,0.10307,0.80295,1.49705,0.1,0.78427,1.48427,0.0993,0.97526,1.27526,0.10109,0.8,1.5,0.1,1.0,1.3,0.1,286.292,7.047,289.89,287.762,288.413,286.292,3.451,723.444,1.722,0.0,0.06741,0.24975,9.036,-61.096,4.978,-23.396,14.119,0.0,-0.4,1.654,0.269,-2.422,-2.467,0.0,1,0,1,project4_multircm_20260624_092806_475.csv,8.7403
8.9049,0.01366,73.23,T3_safe_insertion,InsertionSequence,InsertToTarget,0.0202,0.995,0.79816,1.50172,0.09991,0.79568,1.50433,0.09995,0.60372,1.70711,0.10313,0.80403,1.49597,0.1,0.78426,1.48426,0.09956,0.97526,1.27526,0.1007,0.8,1.5,0.1,1.0,1.3,0.1,285.363,6.119,288.962,286.826,287.491,285.363,2.524,722.516,1.7,0.0,0.06741,0.21446,9.014,-61.001,4.987,-23.524,13.986,0.0,-0.41,1.828,0.1,-2.332,-2.442,0.0,1,0,1,project4_multircm_20260624_092806_475.csv,8.7944
8.9579,0.01131,88.4,T3_safe_insertion,InsertionSequence,InsertToTarget,0.0255,0.995,0.79883,1.50103,0.09991,0.79636,1.50364,0.09995,0.60431,1.70633,0.10318,0.80509,1.49491,0.1,0.78426,1.48426,0.0998,0.97525,1.27525,0.10031,0.8,1.5,0.1,1.0,1.3,0.1,284.395,5.151,287.994,285.85,286.529,284.395,1.558,721.548,1.681,0.0,0.06808,0.17547,8.992,-60.898,4.987,-23.645,13.857,0.0,-0.424,1.987,-0.051,-2.274,-2.432,0.0,1,0,1,project4_multircm_20260624_092806_475.csv,8.8474
9.0145,0.01592,62.82,T3_safe_insertion,InsertionSequence,InsertToTarget,0.0311,0.995,0.79959,1.50024,0.0999,0.79711,1.50286,0.09994,0.60498,1.70546,0.10323,0.80622,1.49378,0.1,0.78426,1.48426,0.10007,0.97525,1.27525,0.09989,0.8,1.5,0.1,1.0,1.3,0.1,283.304,4.06,286.902,284.749,285.443,283.304,0.486,720.457,1.662,0.0,0.06892,0.13698,8.967,-60.781,4.98,-23.773,13.72,0.0,-0.433,2.121,-0.182,-2.241,-2.419,0.0,1,0,1,project4_multircm_20260624_092806_475.csv,8.904
9.0656,0.01429,70.0,T3_safe_insertion,InsertionSequence,InsertToTarget,0.0362,0.995,0.80031,1.4995,0.09989,0.79783,1.50211,0.09994,0.60561,1.70464,0.10328,0.80725,1.49275,0.1,0.78426,1.48426,0.10031,0.97525,1.27525,0.09952,0.8,1.5,0.1,1.0,1.3,0.1,282.272,3.029,285.87,283.709,284.416,282.272,0.175,719.425,1.646,0.0,0.06984,0.09629,8.945,-60.669,4.966,-23.887,13.597,0.0,-0.441,2.245,-0.31,-2.218,-2.4,0.0,1,0,1,project4_multircm_20260624_092806_475.csv,8.9551
9.1185,0.01316,75.99,T3_safe_insertion,InsertionSequence,InsertToTarget,0.0415,0.995,0.80108,1.4987,0.09988,0.7986,1.50131,0.09992,0.6063,1.70376,0.10333,0.8083,1.4917,0.1,0.78426,1.48426,0.10055,0.97526,1.27526,0.09913,0.8,1.5,0.1,1.0,1.3,0.1,281.163,1.921,284.761,282.592,283.313,281.163,0.199,718.315,1.631,0.0,0.07077,0.05305,8.921,-60.546,4.946,-24.003,13.471,0.0,-0.451,2.356,-0.422,-2.19,-2.39,0.0,1,0,1,project4_multircm_20260624_092806_475.csv,9.008
9.1733,0.01022,97.9,T3_safe_insertion,InsertionSequence,InsertToTarget,0.047,0.995,0.8019,1.49784,0.09987,0.79942,1.50045,0.09991,0.60704,1.70283,0.10337,0.8094,1.4906,0.1,0.78427,1.48427,0.10081,0.97527,1.27527,0.09873,0.8,1.5,0.1,1.0,1.3,0.1,279.976,0.743,283.575,281.397,282.132,279.976,0.225,717.128,1.616,0.0,0.07179,0.00541,8.896,-60.413,4.919,-24.123,13.34,0.0,-0.457,2.464,-0.539,-2.176,-2.369,0.0,1,0,1,project4_multircm_20260624_092806_475.csv,9.0628
9.23,0.01666,60.02,T3_safe_insertion,InsertionSequence,InsertToTarget,0.0527,0.99411,0.80278,1.49693,0.09985,0.79985,1.5,0.09991,0.60784,1.70184,0.10342,0.81053,1.48947,0.1,0.78428,1.48428,0.10107,0.97528,1.27528,0.09832,0.8,1.5,0.1,1.0,1.3,0.1,278.711,0.174,282.948,280.124,280.873,278.711,0.254,715.862,1.601,0.0,0.07263,-0.02415,8.87,-60.271,4.885,-24.246,13.207,0.0,-0.462,2.552,-0.635,-2.159,-2.351,0.0,1,0,1,project4_multircm_20260624_092806_475.csv,9.1195
9.28,0.01374,72.8,T3_safe_insertion,InsertionSequence,InsertToTarget,0.0577,0.99263,0.80357,1.4961,0.09984,0.79992,1.49994,0.09991,0.60857,1.70095,0.10346,0.81154,1.48847,0.1,0.78429,1.48429,0.1013,0.97529,1.27529,0.09795,0.8,1.5,0.1,1.0,1.3,0.1,277.561,0.137,282.863,278.967,279.729,277.561,0.28,714.713,1.589,0.0,0.07352,-0.03096,8.847,-60.14,4.85,-24.353,13.09,0.0,-0.469,2.641,-0.734,-2.136,-2.334,0.0,1,0,1,project4_multircm_20260624_092806_475.csv,9.1695
9.3344,0.01489,67.14,T3_safe_insertion,InsertionSequence,InsertToTarget,0.0631,0.99088,0.80446,1.49518,0.09982,0.79993,1.49993,0.09991,0.60939,1.69996,0.1035,0.81262,1.48738,0.1,0.7843,1.4843,0.10156,0.97531,1.27531,0.09755,0.8,1.5,0.1,1.0,1.3,0.1,276.283,0.131,282.845,277.681,278.457,276.283,0.309,713.434,1.577,0.0,0.0744,-0.03272,8.821,-59.993,4.807,-24.469,12.964,0.0,-0.472,2.724,-0.831,-2.123,-2.309,0.0,1,0,1,project4_multircm_20260624_092806_475.csv,9.2239
9.3997,0.03602,27.76,T3_safe_insertion,InsertionSequence,InsertToTarget,0.0693,0.98881,0.80549,1.49411,0.0998,0.79994,1.49994,0.09991,0.61034,1.69881,0.10355,0.81387,1.48613,0.1,0.78431,1.48432,0.10186,0.97534,1.27534,0.09707,0.8,1.5,0.1,1.0,1.3,0.1,274.79,0.127,282.842,276.179,276.972,274.79,0.344,711.94,1.564,0.0,0.07495,-0.03343,8.792,-59.821,4.751,-24.599,12.821,0.0,-0.477,2.788,-0.906,-2.091,-2.291,0.0,1,0,1,project4_multircm_20260624_092806_475.csv,9.2892
9.4633,0.02026,49.37,T3_safe_insertion,InsertionSequence,InsertToTarget,0.0757,0.98664,0.80658,1.49298,0.09978,0.79994,1.49994,0.09991,0.61135,1.6976,0.1036,0.81514,1.48486,0.1,0.78433,1.48433,0.10216,0.97537,1.27537,0.09661,0.8,1.5,0.1,1.0,1.3,0.1,273.225,0.121,282.842,274.606,275.415,273.225,0.378,710.375,1.552,0.0,0.07594,-0.03436,8.761,-59.639,4.688,-24.731,12.677,0.0,-0.482,2.885,-1.028,-2.058,-2.255,0.0,1,0,1,project4_multircm_20260624_092806_475.csv,9.3528
9.5148,0.03106,32.2,T3_safe_insertion,InsertionSequence,InsertToTarget,0.0809,0.98485,0.80748,1.49205,0.09977,0.79994,1.49994,0.09992,0.61219,1.69662,0.10364,0.81617,1.48383,0.1,0.78435,1.48435,0.1024,0.9754,1.2754,0.09623,0.8,1.5,0.1,1.0,1.3,0.1,271.937,0.117,282.842,273.312,274.135,271.937,0.407,709.087,1.543,0.0,0.07645,-0.03477,8.736,-59.488,4.632,-24.836,12.561,0.0,-0.484,2.932,-1.087,-2.044,-2.236,0.0,1,0,1,project4_multircm_20260624_092806_475.csv,9.4043
9.58,0.01568,63.79,T3_safe_insertion,InsertionSequence,InsertToTarget,0.0874,0.98255,0.80863,1.49086,0.09974,0.79995,1.49995,0.09992,0.61326,1.69536,0.10368,0.81747,1.48253,0.1,0.78438,1.48438,0.1027,0.97543,1.27543,0.09576,0.8,1.5,0.1,1.0,1.3,0.1,270.281,0.111,282.841,271.648,272.487,270.281,0.444,707.43,1.532,0.0,0.07723,-0.03547,8.705,-59.293,4.556,-24.968,12.418,0.0,-0.485,3.017,-1.206,-2.001,-2.188,0.0,1,0,1,project4_multircm_20260624_092806_475.csv,9.4695
9.6318,0.01407,71.05,T3_safe_insertion,InsertionSequence,InsertToTarget,0.0926,0.9807,0.80955,1.4899,0.09972,0.79995,1.49995,0.09992,0.61414,1.69434,0.10372,0.81851,1.48149,0.1,0.7844,1.4844,0.10294,0.97547,1.27547,0.09538,0.8,1.5,0.1,1.0,1.3,0.1,268.947,0.106,282.841,270.309,271.161,268.947,0.473,706.097,1.524,0.0,0.07779,-0.03588,8.68,-59.135,4.491,-25.071,12.305,0.0,-0.484,3.064,-1.273,-1.988,-2.161,0.0,1,0,1,project4_multircm_20260624_092806_475.csv,9.5213
9.6853,0.01317,75.93,T3_safe_insertion,InsertionSequence,InsertToTarget,0.0979,0.97876,0.81052,1.4889,0.0997,0.79995,1.49995,0.09992,0.61505,1.69329,0.10375,0.81958,1.48042,0.1,0.78442,1.48442,0.10318,0.97551,1.27551,0.09499,0.8,1.5,0.1,1.0,1.3,0.1,267.558,0.101,282.841,268.913,269.78,267.558,0.503,704.707,1.517,0.0,0.07821,-0.03627,8.654,-58.969,4.421,-25.176,12.191,0.0,-0.484,3.109,-1.342,-1.961,-2.129,0.0,1,0,1,project4_multircm_20260624_092806_475.csv,9.5748
9.739,0.0132,75.78,T3_safe_insertion,InsertionSequence,InsertToTarget,0.1033,0.97681,0.8115,1.48789,0.09968,0.79996,1.49996,0.09993,0.61597,1.69222,0.10379,0.82065,1.47935,0.1,0.78445,1.48445,0.10343,0.97555,1.27555,0.0946,0.8,1.5,0.1,1.0,1.3,0.1,266.149,0.097,282.841,267.498,268.379,266.149,0.534,703.297,1.51,0.0,0.07863,-0.03657,8.628,-58.801,4.346,-25.28,12.078,0.0,-0.484,3.15,-1.405,-1.937,-2.1,0.0,1,0,1,project4_multircm_20260624_092806_475.csv,9.6285
9.7967,0.01679,59.54,T3_safe_insertion,InsertionSequence,InsertToTarget,0.109,0.97469,0.81256,1.4868,0.09966,0.79996,1.49996,0.09993,0.61698,1.69107,0.10382,0.82181,1.47819,0.1,0.78448,1.48448,0.1037,0.97559,1.2756,0.09419,0.8,1.5,0.1,1.0,1.3,0.1,264.622,0.092,282.841,265.964,266.86,264.622,0.567,701.77,1.504,0.0,0.07898,-0.03688,8.6,-58.618,4.263,-25.391,11.958,0.0,-0.484,3.187,-1.465,-1.91,-2.07,0.0,1,0,1,project4_multircm_20260624_092806_475.csv,9.6862
9.8472,0.01113,89.81,T3_safe_insertion,InsertionSequence,InsertToTarget,0.1141,0.97281,0.8135,1.48583,0.09964,0.79996,1.49996,0.09993,0.61787,1.69006,0.10386,0.82282,1.47718,0.1,0.78451,1.48451,0.10393,0.97564,1.27564,0.09382,0.8,1.5,0.1,1.0,1.3,0.1,263.274,0.088,282.841,264.611,265.521,263.274,0.596,700.422,1.498,0.0,0.07936,-0.03715,8.575,-58.456,4.187,-25.487,11.854,0.0,-0.479,3.224,-1.531,-1.893,-2.031,0.0,1,0,1,project4_multircm_20260624_092806_475.csv,9.7367
9.9005,0.01423,70.29,T3_safe_insertion,InsertionSequence,InsertToTarget,0.1194,0.97083,0.8145,1.4848,0.09962,0.79997,1.49996,0.09993,0.61881,1.68898,0.10389,0.82388,1.47612,0.1,0.78454,1.48454,0.10417,0.97569,1.27569,0.09344,0.8,1.5,0.1,1.0,1.3,0.1,261.844,0.083,282.841,263.175,264.099,261.844,0.627,698.991,1.493,0.0,0.07963,-0.03736,8.55,-58.283,4.104,-25.586,11.747,0.0,-0.479,3.252,-1.58,-1.869,-2.006,0.0,1,0,1,project4_multircm_20260624_092806_475.csv,9.79
9.9539,0.01379,72.51,T3_safe_insertion,InsertionSequence,InsertToTarget,0.1248,0.96882,0.8155,1.48377,0.09959,0.79997,1.49997,0.09994,0.61977,1.6879,0.10392,0.82495,1.47505,0.1,0.78457,1.48457,0.10442,0.97574,1.27574,0.09305,0.8,1.5,0.1,1.0,1.3,0.1,260.401,0.079,282.84,261.727,262.665,260.401,0.658,697.548,1.488,0.0,0.07984,-0.03756,8.524,-58.108,4.017,-25.685,11.641,0.0,-0.478,3.28,-1.634,-1.837,-1.973,0.0,1,0,1,project4_multircm_20260624_092806_475.csv,9.8434
10.0082,0.01163,85.96,T3_safe_insertion,InsertionSequence,InsertToTarget,0.1302,0.96678,0.81653,1.48271,0.09957,0.79997,1.49997,0.09994,0.62075,1.6868,0.10395,0.82604,1.47396,0.1,0.78461,1.48461,0.10467,0.9758,1.2758,0.09266,0.8,1.5,0.1,1.0,1.3,0.1,258.93,0.074,282.84,260.25,261.202,258.93,0.69,696.077,1.484,0.0,0.08022,-0.03775,8.498,-57.929,3.927,-25.784,11.535,0.0,-0.474,3.307,-1.683,-1.83,-1.945,0.0,1,0,1,project4_multircm_20260624_092806_475.csv,9.8977
10.0635,0.01453,68.8,T3_safe_insertion,InsertionSequence,InsertToTarget,0.1357,0.96469,0.81758,1.48163,0.09954,0.79997,1.49997,0.09994,0.62175,1.68567,0.10398,0.82714,1.47286,0.1,0.78465,1.48465,0.10492,0.97586,1.27586,0.09227,0.8,1.5,0.1,1.0,1.3,0.1,257.424,0.069,282.84,258.738,259.705,257.424,0.723,694.57,1.48,0.0,0.0804,-0.03792,8.472,-57.746,3.832,-25.884,11.428,0.0,-0.471,3.331,-1.735,-1.803,-1.91,0.0,1,0,1,project4_multircm_20260624_092806_475.csv,9.953
10.1157,0.01433,69.77,T3_safe_insertion,InsertionSequence,InsertToTarget,0.1409,0.9627,0.81858,1.4806,0.09952,0.79998,1.49997,0.09995,0.62271,1.6846,0.104,0.82819,1.47181,0.1,0.78469,1.48469,0.10515,0.97592,1.27592,0.0919,0.8,1.5,0.1,1.0,1.3,0.1,255.994,0.065,282.84,257.303,258.284,255.994,0.754,693.139,1.477,0.0,0.08063,-0.03805,8.448,-57.571,3.74,-25.978,11.329,0.0,-0.468,3.353,-1.779,-1.782,-1.882,0.0,1,0,1,project4_multircm_20260624_092806_475.csv,10.0052
10.1684,0.0131,76.34,T3_safe_insertion,InsertionSequence,InsertToTarget,0.1462,0.96069,0.81958,1.47957,0.09949,0.79998,1.49998,0.09995,0.62367,1.68352,0.10403,0.82924,1.47076,0.1,0.78473,1.48473,0.10539,0.97599,1.27599,0.09152,0.8,1.5,0.1,1.0,1.3,0.1,254.549,0.06,282.84,255.853,256.848,254.549,0.784,691.694,1.474,0.0,0.08082,-0.03819,8.423,-57.394,3.645,-26.071,11.231,0.0,-0.464,3.374,-1.829,-1.76,-1.846,0.0,1,0,1,project4_multircm_20260624_092806_475.csv,10.0579
10.2223,0.01322,75.64,T3_safe_insertion,InsertionSequence,InsertToTarget,0.1516,0.95863,0.82062,1.4785,0.09947,0.79998,1.49998,0.09995,0.62466,1.68242,0.10406,0.83032,1.46968,0.1,0.78477,1.48477,0.10564,0.97606,1.27606,0.09114,0.8,1.5,0.1,1.0,1.3,0.1,253.065,0.056,282.84,254.364,255.373,253.065,0.817,690.209,1.471,0.0,0.08097,-0.0383,8.398,-57.211,3.545,-26.165,11.133,0.0,-0.461,3.392,-1.871,-1.733,-1.818,0.0,1,0,1,project4_multircm_20260624_092806_475.csv,10.1118
10.276,0.01296,77.18,T3_safe_insertion,InsertionSequence,InsertToTarget,0.157,0.95657,0.82166,1.47744,0.09944,0.79999,1.49998,0.09996,0.62566,1.68131,0.10408,0.83139,1.46861,0.1,0.78482,1.48482,0.10588,0.97613,1.27613,0.09076,0.8,1.5,0.1,1.0,1.3,0.1,251.579,0.051,282.839,252.873,253.897,251.579,0.849,688.723,1.468,0.0,0.08125,-0.03841,8.374,-57.028,3.443,-26.258,11.036,0.0,-0.456,3.409,-1.911,-1.729,-1.788,0.0,1,0,1,project4_multircm_20260624_092806_475.csv,10.1655
10.3306,0.01434,69.72,T3_safe_insertion,InsertionSequence,InsertToTarget,0.1624,0.95447,0.82271,1.47636,0.09942,0.79999,1.49998,0.09996,0.62667,1.68019,0.1041,0.83249,1.46752,0.1,0.78487,1.48487,0.10612,0.97621,1.27621,0.09037,0.8,1.5,0.1,1.0,1.3,0.1,250.069,0.046,282.839,251.358,252.396,250.069,0.882,687.213,1.466,0.0,0.08133,-0.0385,8.349,-56.842,3.337,-26.351,10.94,0.0,-0.454,3.424,-1.952,-1.697,-1.758,0.0,1,0,1,project4_multircm_20260624_092806_475.csv,10.2201
10.3832,0.01367,73.18,T3_safe_insertion,InsertionSequence,InsertToTarget,0.1677,0.95244,0.82373,1.47531,0.09939,0.79999,1.49999,0.09996,0.62765,1.67911,0.10413,0.83354,1.46646,0.1,0.78492,1.48492,0.10636,0.97628,1.27628,0.09,0.8,1.5,0.1,1.0,1.3,0.1,248.609,0.042,282.839,249.893,250.946,248.609,0.913,685.753,1.464,0.0,0.08153,-0.03858,8.325,-56.661,3.233,-26.44,10.848,0.0,-0.45,3.439,-1.988,-1.683,-1.733,0.0,1,0,1,project4_multircm_20260624_092806_475.csv,10.2727
10.4365,0.01305,76.6,T3_safe_insertion,InsertionSequence,InsertToTarget,0.173,0.95038,0.82476,1.47425,0.09936,0.79999,1.49999,0.09997,0.62865,1.67801,0.10415,0.8346,1.4654,0.1,0.78497,1.48497,0.1066,0.97636,1.27636,0.08963,0.8,1.5,0.1,1.0,1.3,0.1,247.127,0.037,282.839,248.407,249.474,247.127,0.945,684.27,1.463,0.0,0.08178,-0.03865,8.301,-56.477,3.126,-26.53,10.757,0.0,-0.442,3.455,-2.032,-1.68,-1.696,0.0,1,0,1,project4_multircm_20260624_092806_475.csv,10.326
10.4905,0.01062,94.12,T3_safe_insertion,InsertionSequence,InsertToTarget,0.1784,0.94829,0.82581,1.47318,0.09933,0.8,1.49999,0.09997,0.62966,1.6769,0.10417,0.83568,1.46432,0.1,0.78502,1.48502,0.10684,0.97645,1.27645,0.08925,0.8,1.5,0.1,1.0,1.3,0.1,245.624,0.033,282.839,246.899,247.98,245.624,0.978,682.767,1.461,0.0,0.08192,-0.03872,8.278,-56.291,3.015,-26.619,10.666,0.0,-0.441,3.466,-2.061,-1.663,-1.676,0.0,1,0,1,project4_multircm_20260624_092806_475.csv,10.38
10.5464,0.01551,64.48,T3_safe_insertion,InsertionSequence,InsertToTarget,0.184,0.94613,0.8269,1.47206,0.0993,0.8,1.49999,0.09997,0.63072,1.67574,0.10419,0.8368,1.4632,0.1,0.78508,1.48508,0.10708,0.97654,1.27654,0.08886,0.8,1.5,0.1,1.0,1.3,0.1,244.065,0.028,282.839,245.335,246.431,244.065,1.012,681.207,1.46,0.0,0.08202,-0.03877,8.253,-56.096,2.898,-26.711,10.574,0.0,-0.437,3.479,-2.101,-1.634,-1.644,0.0,1,0,1,project4_multircm_20260624_092806_475.csv,10.4359
10.5973,0.0124,80.66,T3_safe_insertion,InsertionSequence,InsertToTarget,0.1891,0.94415,0.8279,1.47104,0.09928,0.8,1.49999,0.09998,0.63168,1.67469,0.1042,0.83782,1.46218,0.1,0.78513,1.48513,0.10731,0.97662,1.27662,0.08851,0.8,1.5,0.1,1.0,1.3,0.1,242.641,0.024,282.838,243.907,245.017,242.641,1.043,679.783,1.459,0.0,0.08219,-0.03883,8.231,-55.919,2.79,-26.794,10.491,0.0,-0.432,3.49,-2.136,-1.624,-1.616,0.0,1,0,1,project4_multircm_20260624_092806_475.csv,10.4868
10.6515,0.01306,76.59,T3_safe_insertion,InsertionSequence,InsertToTarget,0.1945,0.94204,0.82896,1.46996,0.09925,0.8,1.5,0.09998,0.6327,1.67357,0.10422,0.8389,1.4611,0.1,0.78519,1.48519,0.10755,0.97672,1.27672,0.08813,0.8,1.5,0.1,1.0,1.3,0.1,241.126,0.02,282.838,242.388,243.513,241.126,1.076,678.267,1.458,0.0,0.08237,-0.03887,8.208,-55.729,2.673,-26.882,10.405,0.0,-0.427,3.501,-2.169,-1.613,-1.589,0.0,1,0,1,project4_multircm_20260624_092806_475.csv,10.541
10.7053,0.01345,74.36,T3_safe_insertion,InsertionSequence,InsertToTarget,0.1999,0.93995,0.83001,1.46888,0.09922,0.80001,1.5,0.09998,0.63372,1.67246,0.10424,0.83998,1.46002,0.1,0.78525,1.48525,0.10778,0.97681,1.27681,0.08776,0.8,1.5,0.1,1.0,1.3,0.1,239.619,0.016,282.838,240.876,242.016,239.619,1.109,676.76,1.458,0.0,0.08252,-0.03892,8.185,-55.54,2.555,-26.968,10.321,0.0,-0.42,3.512,-2.205,-1.6,-1.557,0.0,1,0,1,project4_multircm_20260624_092806_475.csv,10.5948
10.7586,0.01216,82.25,T3_safe_insertion,InsertionSequence,InsertToTarget,0.2052,0.93787,0.83106,1.46781,0.09919,0.80001,1.5,0.09999,0.63474,1.67136,0.10425,0.84105,1.45895,0.1,0.78532,1.48532,0.10801,0.97691,1.27691,0.0874,0.8,1.5,0.1,1.0,1.3,0.1,238.124,0.014,282.838,239.377,240.531,238.124,1.142,675.264,1.457,0.0,0.08264,-0.03896,8.163,-55.353,2.436,-27.053,10.238,0.0,-0.416,3.522,-2.24,-1.581,-1.527,0.0,1,0,1,project4_multircm_20260624_092806_475.csv,10.6481
10.8132,0.01455,68.74,T3_safe_insertion,InsertionSequence,InsertToTarget,0.2107,0.93575,0.83213,1.46672,0.09916,0.80001,1.5,0.09999,0.63577,1.67023,0.10426,0.84214,1.45786,0.1,0.78538,1.48538,0.10825,0.97701,1.27701,0.08703,0.8,1.5,0.1,1.0,1.3,0.1,236.594,0.013,282.838,237.843,239.012,236.594,1.175,673.734,1.457,0.0,0.08285,-0.03899,8.141,-55.16,2.313,-27.139,10.156,0.0,-0.409,3.531,-2.273,-1.577,-1.497,0.0,1,0,1,project4_multircm_20260624_092806_475.csv,10.7027
10.8657,0.01381,72.42,T3_safe_insertion,InsertionSequence,InsertToTarget,0.2159,0.9337,0.83316,1.46566,0.09913,0.80001,1.50001,0.1,0.63677,1.66915,0.10427,0.84319,1.45681,0.1,0.78545,1.48545,0.10848,0.97712,1.27712,0.08667,0.8,1.5,0.1,1.0,1.3,0.1,235.121,0.014,282.838,236.365,237.549,235.121,1.207,672.26,1.457,0.0,0.08295,-0.03902,8.119,-54.975,2.193,-27.221,10.078,0.0,-0.406,3.539,-2.3,-1.559,-1.476,0.0,1,0,1,project4_multircm_20260624_092806_475.csv,10.7552
10.9201,0.01442,69.35,T3_safe_insertion,InsertionSequence,InsertToTarget,0.2214,0.93158,0.83423,1.46457,0.0991,0.80001,1.50001,0.1,0.63781,1.66803,0.10429,0.84428,1.45572,0.1,0.78552,1.48552,0.10871,0.97723,1.27723,0.0863,0.8,1.5,0.1,1.0,1.3,0.1,233.591,0.016,282.838,234.832,236.03,233.591,1.241,670.73,1.457,0.0,0.08315,-0.03904,8.097,-54.782,2.067,-27.306,9.999,0.0,-0.399,3.546,-2.329,-1.561,-1.45,0.0,1,0,1,project4_multircm_20260624_092806_475.csv,10.8096
10.9725,0.00946,105.69,T3_safe_insertion,InsertionSequence,InsertToTarget,0.2266,0.92953,0.83526,1.46352,0.09907,0.80002,1.50001,0.10001,0.63881,1.66694,0.1043,0.84532,1.45468,0.1,0.78558,1.48558,0.10894,0.97733,1.27733,0.08595,0.8,1.5,0.1,1.0,1.3,0.1,232.118,0.02,282.838,233.354,234.567,232.118,1.274,669.255,1.457,0.0,0.08338,-0.03907,8.076,-54.596,1.944,-27.387,9.924,0.0,-0.391,3.557,-2.366,-1.555,-1.415,0.0,1,0,1,project4_multircm_20260624_092806_475.csv,10.862
11.03,0.01664,60.08,T3_safe_insertion,InsertionSequence,InsertToTarget,0.2324,0.92728,0.83639,1.46236,0.09903,0.80002,1.50001,0.10001,0.63991,1.66576,0.10431,0.84647,1.45353,0.1,0.78566,1.48566,0.10918,0.97745,1.27745,0.08556,0.8,1.5,0.1,1.0,1.3,0.1,230.502,0.024,282.838,231.734,232.963,230.502,1.31,667.639,1.457,0.0,0.08344,-0.03909,8.054,-54.391,1.807,-27.476,9.843,0.0,-0.389,3.563,-2.391,-1.533,-1.394,0.0,1,0,1,project4_multircm_20260624_092806_475.csv,10.9195
11.0967,0.01678,59.61,T3_safe_insertion,InsertionSequence,InsertToTarget,0.239,0.92467,0.8377,1.46102,0.099,0.80002,1.50001,0.10002,0.64119,1.66438,0.10431,0.84781,1.45219,0.1,0.78575,1.48575,0.10946,0.9776,1.2776,0.08512,0.8,1.5,0.1,1.0,1.3,0.1,228.625,0.03,282.837,229.853,231.1,228.625,1.351,665.761,1.457,0.0,0.08368,-0.03912,8.028,-54.153,1.646,-27.577,9.752,0.0,-0.38,3.572,-2.428,-1.529,-1.36,0.0,1,0,1,project4_multircm_20260624_092806_475.csv,10.9862
11.1469,0.01376,72.68,T3_safe_insertion,InsertionSequence,InsertToTarget,0.2441,0.92271,0.83869,1.46001,0.09897,0.80002,1.50002,0.10002,0.64215,1.66334,0.10432,0.84881,1.45119,0.1,0.78582,1.48582,0.10968,0.97771,1.27771,0.08479,0.8,1.5,0.1,1.0,1.3,0.1,227.21,0.034,282.837,228.435,229.696,227.21,1.383,664.346,1.458,0.0,0.08379,-0.03913,8.01,-53.973,1.523,-27.653,9.684,0.0,-0.376,3.578,-2.456,-1.511,-1.335,0.0,1,0,1,project4_multircm_20260624_092806_475.csv,11.0364
11.2005,0.01425,70.2,T3_safe_insertion,InsertionSequence,InsertToTarget,0.2494,0.92061,0.83975,1.45893,0.09893,0.80003,1.50002,0.10002,0.64318,1.66224,0.10433,0.84988,1.45012,0.1,0.7859,1.4859,0.1099,0.97783,1.27783,0.08443,0.8,1.5,0.1,1.0,1.3,0.1,225.703,0.039,282.837,226.924,228.2,225.703,1.416,662.838,1.458,0.0,0.08398,-0.03914,7.99,-53.782,1.39,-27.734,9.614,0.0,-0.369,3.585,-2.485,-1.509,-1.308,0.0,1,0,1,project4_multircm_20260624_092806_475.csv,11.09
11.2541,0.01392,71.82,T3_safe_insertion,InsertionSequence,InsertToTarget,0.2548,0.91852,0.84081,1.45786,0.0989,0.80003,1.50002,0.10003,0.64421,1.66113,0.10433,0.85096,1.44904,0.1,0.78598,1.48598,0.11012,0.97796,1.27796,0.08408,0.8,1.5,0.1,1.0,1.3,0.1,224.192,0.045,282.837,225.41,226.701,224.192,1.449,661.327,1.458,0.0,0.08409,-0.03914,7.97,-53.589,1.256,-27.815,9.544,0.0,-0.364,3.591,-2.515,-1.491,-1.28,0.0,1,0,1,project4_multircm_20260624_092806_475.csv,11.1436
11.3075,0.01097,91.14,T3_safe_insertion,InsertionSequence,InsertToTarget,0.2601,0.91642,0.84186,1.45678,0.09887,0.80003,1.50002,0.10003,0.64524,1.66003,0.10433,0.85202,1.44798,0.1,0.78606,1.48606,0.11034,0.97809,1.27809,0.08374,0.8,1.5,0.1,1.0,1.3,0.1,222.687,0.049,282.837,223.901,225.206,222.687,1.483,659.821,1.458,0.0,0.08434,-0.03916,7.951,-53.397,1.121,-27.895,9.476,0.0,-0.357,3.598,-2.541,-1.498,-1.256,0.0,1,0,1,project4_multircm_20260624_092806_475.csv,11.197
11.3632,0.01431,69.9,T3_safe_insertion,InsertionSequence,InsertToTarget,0.2657,0.91424,0.84296,1.45566,0.09884,0.80003,1.50002,0.10004,0.64631,1.65888,0.10434,0.85314,1.44686,0.1,0.78615,1.48615,0.11057,0.97822,1.27822,0.08338,0.8,1.5,0.1,1.0,1.3,0.1,221.116,0.055,282.837,222.328,223.648,221.116,1.518,658.25,1.459,0.0,0.08454,-0.03918,7.931,-53.196,0.978,-27.977,9.407,0.0,-0.35,3.605,-2.57,-1.493,-1.228,0.0,1,0,1,project4_multircm_20260624_092806_475.csv,11.2527
11.4158,0.01387,72.1,T3_safe_insertion,InsertionSequence,InsertToTarget,0.2709,0.91218,0.844,1.4546,0.09881,0.80003,1.50003,0.10004,0.64733,1.6578,0.10434,0.85419,1.44581,0.1,0.78623,1.48623,0.11079,0.97835,1.27835,0.08304,0.8,1.5,0.1,1.0,1.3,0.1,219.633,0.06,282.837,220.842,222.177,219.633,1.551,656.766,1.459,0.0,0.08467,-0.03918,7.913,-53.007,0.842,-28.055,9.344,0.0,-0.344,3.612,-2.601,-1.473,-1.199,0.0,1,0,1,project4_multircm_20260624_092806_475.csv,11.3053
11.4686,0.01264,79.09,T3_safe_insertion,InsertionSequence,InsertToTarget,0.2762,0.91011,0.84504,1.45354,0.09877,0.80004,1.50003,0.10005,0.64835,1.65671,0.10434,0.85525,1.44475,0.1,0.78632,1.48632,0.111,0.97849,1.27849,0.0827,0.8,1.5,0.1,1.0,1.3,0.1,218.144,0.065,282.837,219.35,220.699,218.144,1.584,655.276,1.46,0.0,0.08483,-0.03918,7.895,-52.816,0.704,-28.133,9.281,0.0,-0.339,3.616,-2.624,-1.47,-1.178,0.0,1,0,1,project4_multircm_20260624_092806_475.csv,11.3581
11.5224,0.01314,76.1,T3_safe_insertion,InsertionSequence,InsertToTarget,0.2816,0.908,0.84611,1.45246,0.09874,0.80004,1.50003,0.10005,0.64939,1.6556,0.10433,0.85632,1.44368,0.1,0.78641,1.48641,0.11122,0.97863,1.27863,0.08236,0.8,1.5,0.1,1.0,1.3,0.1,216.627,0.07,282.836,217.83,219.195,216.627,1.618,653.759,1.46,0.0,0.08508,-0.0392,7.877,-52.621,0.562,-28.213,9.219,0.0,-0.332,3.621,-2.649,-1.479,-1.154,0.0,1,0,1,project4_multircm_20260624_092806_475.csv,11.4119
11.5763,0.01305,76.62,T3_safe_insertion,InsertionSequence,InsertToTarget,0.287,0.90589,0.84717,1.45137,0.09871,0.80004,1.50003,0.10006,0.65043,1.6545,0.10433,0.8574,1.4426,0.1,0.7865,1.4865,0.11144,0.97877,1.27877,0.08202,0.8,1.5,0.1,1.0,1.3,0.1,215.106,0.076,282.836,216.307,217.687,215.106,1.651,652.237,1.46,0.0,0.08529,-0.03919,7.859,-52.426,0.418,-28.292,9.157,0.0,-0.325,3.628,-2.676,-1.477,-1.128,0.0,1,0,1,project4_multircm_20260624_092806_475.csv,11.4658
11.6301,0.01432,69.81,T3_safe_insertion,InsertionSequence,InsertToTarget,0.2924,0.90378,0.84824,1.45029,0.09868,0.80004,1.50003,0.10006,0.65147,1.65339,0.10433,0.85848,1.44153,0.1,0.78659,1.48659,0.11165,0.97891,1.27891,0.08168,0.8,1.5,0.1,1.0,1.3,0.1,213.589,0.081,282.836,214.787,216.181,213.589,1.685,650.719,1.46,0.0,0.08545,-0.03921,7.842,-52.23,0.273,-28.371,9.098,0.0,-0.319,3.633,-2.706,-1.463,-1.099,0.0,1,0,1,project4_multircm_20260624_092806_475.csv,11.5196
11.683,0.01395,71.71,T3_safe_insertion,InsertionSequence,InsertToTarget,0.2977,0.90171,0.84928,1.44922,0.09865,0.80004,1.50003,0.10007,0.65249,1.6523,0.10432,0.85953,1.44047,0.1,0.78668,1.48668,0.11186,0.97906,1.27906,0.08135,0.8,1.5,0.1,1.0,1.3,0.1,212.096,0.086,282.836,213.292,214.701,212.096,1.718,649.225,1.46,0.0,0.08566,-0.03921,7.825,-52.038,0.129,-28.449,9.04,0.0,-0.312,3.639,-2.731,-1.462,-1.074,0.0,1,0,1,project4_multircm_20260624_092806_475.csv,11.5725
11.736,0.01355,73.79,T3_safe_insertion,InsertionSequence,InsertToTarget,0.303,0.89963,0.85033,1.44816,0.09861,0.80005,1.50004,0.10007,0.65352,1.65121,0.10432,0.86059,1.43941,0.1,0.78677,1.48677,0.11207,0.9792,1.2792,0.08102,0.8,1.5,0.1,1.0,1.3,0.1,210.6,0.091,282.836,211.795,213.218,210.6,1.751,647.729,1.46,0.0,0.0859,-0.03922,7.809,-51.845,-0.016,-28.526,8.984,0.0,-0.306,3.643,-2.752,-1.472,-1.055,0.0,1,0,1,project4_multircm_20260624_092806_475.csv,11.6255
11.7896,0.00992,100.8,T3_safe_insertion,InsertionSequence,InsertToTarget,0.3083,0.89752,0.85139,1.44708,0.09858,0.80005,1.50004,0.10008,0.65456,1.65011,0.10431,0.86167,1.43833,0.1,0.78687,1.48687,0.11228,0.97936,1.27936,0.08069,0.8,1.5,0.1,1.0,1.3,0.1,209.085,0.097,282.836,210.278,211.716,209.085,1.784,646.213,1.46,0.0,0.0861,-0.03923,7.793,-51.649,-0.165,-28.605,8.929,0.0,-0.299,3.65,-2.783,-1.46,-1.025,0.0,1,0,1,project4_multircm_20260624_092806_475.csv,11.6791
11.8462,0.01598,62.56,T3_safe_insertion,InsertionSequence,InsertToTarget,0.314,0.89531,0.85252,1.44594,0.09855,0.80005,1.50004,0.10008,0.65565,1.64894,0.1043,0.8628,1.4372,0.1,0.78697,1.48697,0.1125,0.97952,1.27952,0.08035,0.8,1.5,0.1,1.0,1.3,0.1,207.488,0.103,282.836,208.678,210.133,207.488,1.818,644.615,1.46,0.0,0.08633,-0.03922,7.776,-51.443,-0.323,-28.688,8.872,0.0,-0.29,3.654,-2.811,-1.461,-0.994,0.0,1,0,1,project4_multircm_20260624_092806_475.csv,11.7357
11.8968,0.01304,76.7,T3_safe_insertion,InsertionSequence,InsertToTarget,0.319,0.89332,0.85352,1.44492,0.09852,0.80005,1.50004,0.10009,0.65663,1.64791,0.10429,0.86381,1.43619,0.1,0.78707,1.48707,0.11269,0.97967,1.27967,0.08004,0.8,1.5,0.1,1.0,1.3,0.1,206.06,0.108,282.835,207.249,208.718,206.06,1.85,643.187,1.46,0.0,0.08652,-0.03922,7.762,-51.258,-0.466,-28.762,8.822,0.0,-0.284,3.66,-2.836,-1.455,-0.972,0.0,1,0,1,project4_multircm_20260624_092806_475.csv,11.7863
11.9504,0.01353,73.9,T3_safe_insertion,InsertionSequence,InsertToTarget,0.3244,0.89122,0.85458,1.44384,0.09849,0.80005,1.50004,0.10009,0.65767,1.6468,0.10428,0.86488,1.43512,0.1,0.78717,1.48717,0.1129,0.97983,1.27983,0.07972,0.8,1.5,0.1,1.0,1.3,0.1,204.546,0.113,282.835,205.734,207.217,204.546,1.882,641.672,1.459,0.0,0.08682,-0.03923,7.747,-51.061,-0.619,-28.84,8.771,0.0,-0.277,3.664,-2.858,-1.474,-0.95,0.0,1,0,1,project4_multircm_20260624_092806_475.csv,11.8399
12.0044,0.01356,73.72,T3_safe_insertion,InsertionSequence,InsertToTarget,0.3298,0.8891,0.85565,1.44275,0.09845,0.80006,1.50004,0.1001,0.65872,1.6457,0.10426,0.86596,1.43404,0.1,0.78727,1.48727,0.1131,0.97999,1.27999,0.0794,0.8,1.5,0.1,1.0,1.3,0.1,203.021,0.118,282.835,204.208,205.706,203.021,1.915,640.147,1.459,0.0,0.08706,-0.03924,7.732,-50.863,-0.775,-28.92,8.721,0.0,-0.269,3.67,-2.887,-1.469,-0.921,0.0,1,0,1,project4_multircm_20260624_092806_475.csv,11.8939
12.0577,0.01113,89.86,T3_safe_insertion,InsertionSequence,InsertToTarget,0.3351,0.88701,0.8567,1.44168,0.09842,0.80006,1.50005,0.1001,0.65976,1.6446,0.10425,0.86703,1.43297,0.1,0.78738,1.48738,0.1133,0.98016,1.28016,0.07909,0.8,1.5,0.1,1.0,1.3,0.1,201.517,0.124,282.835,202.703,204.216,201.517,1.947,638.642,1.458,0.0,0.08732,-0.03924,7.718,-50.667,-0.929,-28.998,8.673,0.0,-0.262,3.676,-2.914,-1.47,-0.894,0.0,1,0,1,project4_multircm_20260624_092806_475.csv,11.9472
12.1132,0.01567,63.82,T3_safe_insertion,InsertionSequence,InsertToTarget,0.3407,0.88483,0.8578,1.44056,0.09839,0.80006,1.50005,0.1001,0.66084,1.64346,0.10424,0.86814,1.43186,0.1,0.78749,1.48749,0.11351,0.98033,1.28033,0.07876,0.8,1.5,0.1,1.0,1.3,0.1,199.949,0.129,282.835,201.134,202.662,199.949,1.98,637.073,1.458,0.0,0.08752,-0.03924,7.704,-50.463,-1.092,-29.079,8.624,0.0,-0.254,3.681,-2.942,-1.459,-0.865,0.0,1,0,1,project4_multircm_20260624_092806_475.csv,12.0027
12.1645,0.01355,73.8,T3_safe_insertion,InsertionSequence,InsertToTarget,0.3458,0.88282,0.85882,1.43953,0.09836,0.80006,1.50005,0.10011,0.66183,1.64241,0.10422,0.86916,1.43084,0.1,0.78759,1.48759,0.1137,0.98049,1.28049,0.07846,0.8,1.5,0.1,1.0,1.3,0.1,198.5,0.135,282.835,199.685,201.227,198.5,2.01,635.623,1.457,0.0,0.08783,-0.03924,7.691,-50.274,-1.244,-29.154,8.58,0.0,-0.245,3.686,-2.969,-1.471,-0.837,0.0,1,0,1,project4_multircm_20260624_092806_475.csv,12.054
12.218,0.01319,75.83,T3_safe_insertion,InsertionSequence,InsertToTarget,0.3512,0.88072,0.85988,1.43845,0.09833,0.80006,1.50005,0.10011,0.66287,1.64132,0.1042,0.87023,1.42977,0.1,0.7877,1.4877,0.11389,0.98066,1.28066,0.07816,0.8,1.5,0.1,1.0,1.3,0.1,196.992,0.14,282.835,198.177,199.734,196.992,2.042,634.114,1.455,0.0,0.08807,-0.03923,7.678,-50.077,-1.403,-29.233,8.536,0.0,-0.239,3.691,-2.993,-1.471,-0.814,0.0,1,0,1,project4_multircm_20260624_092806_475.csv,12.1075
12.2726,0.01272,78.61,T3_safe_insertion,InsertionSequence,InsertToTarget,0.3566,0.87858,0.86096,1.43735,0.0983,0.80006,1.50005,0.10012,0.66394,1.6402,0.10418,0.87133,1.42867,0.1,0.78781,1.48782,0.11409,0.98084,1.28084,0.07785,0.8,1.5,0.1,1.0,1.3,0.1,195.448,0.145,282.834,196.633,198.205,195.448,2.074,632.57,1.454,0.0,0.08841,-0.03924,7.665,-49.875,-1.568,-29.314,8.493,0.0,-0.229,3.696,-3.02,-1.486,-0.784,0.0,1,0,1,project4_multircm_20260624_092806_475.csv,12.1621
12.3302,0.01672,59.83,T3_safe_insertion,InsertionSequence,InsertToTarget,0.3624,0.87632,0.86211,1.4362,0.09827,0.80007,1.50005,0.10012,0.66506,1.63902,0.10416,0.87248,1.42752,0.1,0.78794,1.48794,0.1143,0.98103,1.28103,0.07752,0.8,1.5,0.1,1.0,1.3,0.1,193.821,0.151,282.834,195.007,196.595,193.821,2.107,630.942,1.452,0.0,0.08864,-0.03924,7.652,-49.662,-1.742,-29.399,8.448,0.0,-0.223,3.7,-3.043,-1.488,-0.762,0.0,1,0,1,project4_multircm_20260624_092806_475.csv,12.2197
12.3813,0.01326,75.42,T3_safe_insertion,InsertionSequence,InsertToTarget,0.3675,0.87431,0.86312,1.43517,0.09824,0.80007,1.50006,0.10013,0.66605,1.63797,0.10414,0.8735,1.4265,0.1,0.78804,1.48804,0.11448,0.9812,1.2812,0.07723,0.8,1.5,0.1,1.0,1.3,0.1,192.38,0.156,282.834,193.566,195.168,192.38,2.136,629.5,1.451,0.0,0.08889,-0.03925,7.641,-49.473,-1.898,-29.475,8.41,0.0,-0.216,3.706,-3.069,-1.484,-0.736,0.0,1,0,1,project4_multircm_20260624_092806_475.csv,12.2708
12.4333,0.03286,30.43,T3_safe_insertion,InsertionSequence,InsertToTarget,0.3727,0.87227,0.86415,1.43412,0.09821,0.80007,1.50006,0.10013,0.66707,1.63691,0.10412,0.87454,1.42546,0.1,0.78816,1.48816,0.11466,0.98138,1.28138,0.07695,0.8,1.5,0.1,1.0,1.3,0.1,190.909,0.161,282.834,192.096,193.712,190.909,2.166,628.029,1.449,0.0,0.08911,-0.03925,7.63,-49.28,-2.059,-29.553,8.373,0.0,-0.21,3.71,-3.087,-1.488,-0.717,0.0,1,0,1,project4_multircm_20260624_092806_475.csv,12.322799999999999
12.4997,0.01961,51.0,T3_safe_insertion,InsertionSequence,InsertToTarget,0.3793,0.86966,0.86547,1.43278,0.09818,0.80007,1.50006,0.10014,0.66836,1.63555,0.10409,0.87587,1.42413,0.1,0.7883,1.4883,0.11489,0.98161,1.28161,0.07658,0.8,1.5,0.1,1.0,1.3,0.1,189.034,0.167,282.834,190.222,191.857,189.034,2.202,626.153,1.446,0.0,0.08952,-0.03925,7.617,-49.033,-2.266,-29.652,8.327,0.0,-0.198,3.718,-3.127,-1.487,-0.676,0.0,1,0,1,project4_multircm_20260624_092806_475.csv,12.3892
12.5554,0.00627,159.59,T3_safe_insertion,InsertionSequence,InsertToTarget,0.3849,0.86748,0.86657,1.43167,0.09815,0.80007,1.50006,0.10014,0.66944,1.63442,0.10406,0.87698,1.42302,0.1,0.78843,1.48843,0.11509,0.9818,1.2818,0.07628,0.8,1.5,0.1,1.0,1.3,0.1,187.466,0.172,282.834,188.656,190.306,187.466,2.232,624.584,1.444,0.0,0.08992,-0.03926,7.606,-48.827,-2.44,-29.735,8.291,0.0,-0.187,3.724,-3.159,-1.5,-0.643,0.0,1,0,1,project4_multircm_20260624_092806_475.csv,12.4449
12.616,0.01865,53.61,T3_safe_insertion,InsertionSequence,InsertToTarget,0.391,0.86511,0.86777,1.43045,0.09812,0.80007,1.50006,0.10015,0.67063,1.63318,0.10403,0.87819,1.42181,0.1,0.78856,1.48856,0.11529,0.98202,1.28202,0.07596,0.8,1.5,0.1,1.0,1.3,0.1,185.754,0.178,282.834,186.946,188.613,185.754,2.265,622.871,1.441,0.0,0.09017,-0.03925,7.595,-48.601,-2.632,-29.827,8.252,0.0,-0.183,3.726,-3.172,-1.521,-0.632,0.0,1,0,1,project4_multircm_20260624_092806_475.csv,12.5055
12.6806,0.01555,64.29,T3_safe_insertion,InsertionSequence,InsertToTarget,0.3974,0.86257,0.86905,1.42915,0.09809,0.80008,1.50006,0.10016,0.67189,1.63186,0.104,0.87948,1.42052,0.1,0.78871,1.48871,0.11551,0.98225,1.28225,0.07561,0.8,1.5,0.1,1.0,1.3,0.1,183.927,0.184,282.834,185.122,186.808,183.927,2.298,621.044,1.437,0.0,0.09061,-0.03924,7.584,-48.36,-2.839,-29.926,8.213,0.0,-0.17,3.733,-3.211,-1.526,-0.589,0.0,1,0,1,project4_multircm_20260624_092806_475.csv,12.5701
12.7326,0.01606,62.26,T3_safe_insertion,InsertionSequence,InsertToTarget,0.4023,0.86064,0.87003,1.42816,0.09806,0.80008,1.50007,0.10016,0.67285,1.63085,0.10397,0.88047,1.41953,0.1,0.78883,1.48883,0.11568,0.98244,1.28244,0.07534,0.8,1.5,0.1,1.0,1.3,0.1,182.541,0.189,282.833,183.738,185.438,182.541,2.324,619.657,1.434,0.0,0.09087,-0.03925,7.576,-48.176,-2.998,-30.001,8.185,0.0,-0.163,3.738,-3.234,-1.526,-0.566,0.0,1,0,1,project4_multircm_20260624_092806_475.csv,12.6221
12.787,0.0064,156.16,T3_safe_insertion,InsertionSequence,InsertToTarget,0.4078,0.85851,0.87111,1.42707,0.09804,0.80008,1.50007,0.10016,0.67391,1.62974,0.10394,0.88155,1.41845,0.1,0.78896,1.48896,0.11586,0.98264,1.28264,0.07506,0.8,1.5,0.1,1.0,1.3,0.1,181.004,0.194,282.833,182.204,183.919,181.004,2.351,618.119,1.431,0.0,0.0913,-0.03926,7.567,-47.973,-3.175,-30.084,8.156,0.0,-0.153,3.744,-3.263,-1.545,-0.537,0.0,1,0,1,project4_multircm_20260624_092806_475.csv,12.6765
12.8652,0.03309,30.22,T3_safe_insertion,InsertionSequence,InsertToTarget,0.4156,0.85544,0.87266,1.42549,0.098,0.80008,1.50007,0.10017,0.67544,1.62815,0.1039,0.88312,1.41688,0.1,0.78914,1.48914,0.11612,0.98293,1.28293,0.07466,0.8,1.5,0.1,1.0,1.3,0.1,178.798,0.201,282.833,180.003,181.739,178.798,2.389,615.912,1.426,0.0,0.0916,-0.03926,7.556,-47.68,-3.431,-30.204,8.115,0.0,-0.144,3.749,-3.292,-1.54,-0.504,0.0,1,0,1,project4_multircm_20260624_092806_475.csv,12.7547
12.9264,0.01248,80.14,T3_safe_insertion,InsertionSequence,InsertToTarget,0.4217,0.85304,0.87387,1.42426,0.09797,0.80008,1.50007,0.10017,0.67663,1.6269,0.10386,0.88434,1.41566,0.1,0.78929,1.48929,0.11631,0.98316,1.28316,0.07435,0.8,1.5,0.1,1.0,1.3,0.1,177.07,0.206,282.833,178.279,180.033,177.07,2.418,614.183,1.421,0.0,0.09213,-0.03925,7.548,-47.45,-3.634,-30.299,8.086,0.0,-0.133,3.757,-3.325,-1.566,-0.472,0.0,1,0,1,project4_multircm_20260624_092806_475.csv,12.8159
12.9825,0.01459,68.56,T3_safe_insertion,InsertionSequence,InsertToTarget,0.4273,0.85084,0.87499,1.42314,0.09795,0.80009,1.50007,0.10018,0.67773,1.62575,0.10382,0.88546,1.41454,0.1,0.78942,1.48943,0.11649,0.98337,1.28337,0.07408,0.8,1.5,0.1,1.0,1.3,0.1,175.484,0.211,282.833,176.698,178.468,175.484,2.444,612.597,1.416,0.0,0.09244,-0.03926,7.54,-47.239,-3.821,-30.387,8.06,0.0,-0.124,3.762,-3.353,-1.564,-0.443,0.0,1,0,1,project4_multircm_20260624_092806_475.csv,12.872
13.0466,0.02143,46.67,T3_safe_insertion,InsertionSequence,InsertToTarget,0.4337,0.84832,0.87626,1.42185,0.09792,0.80009,1.50007,0.10018,0.67898,1.62445,0.10378,0.88674,1.41326,0.1,0.78958,1.48958,0.11669,0.98362,1.28362,0.07376,0.8,1.5,0.1,1.0,1.3,0.1,173.673,0.216,282.833,174.892,176.681,173.673,2.472,610.785,1.411,0.0,0.09284,-0.03926,7.533,-46.998,-4.038,-30.489,8.033,0.0,-0.114,3.768,-3.383,-1.572,-0.41,0.0,1,0,1,project4_multircm_20260624_092806_475.csv,12.9361
13.0966,0.02985,33.51,T3_safe_insertion,InsertionSequence,InsertToTarget,0.4387,0.84635,0.87725,1.42084,0.0979,0.80009,1.50008,0.10019,0.67996,1.62343,0.10375,0.88775,1.41226,0.1,0.78971,1.48971,0.11684,0.98382,1.28382,0.07352,0.8,1.5,0.1,1.0,1.3,0.1,172.259,0.221,282.833,173.484,175.287,172.259,2.494,609.371,1.406,0.0,0.09311,-0.03925,7.527,-46.809,-4.208,-30.568,8.013,0.0,-0.108,3.772,-3.401,-1.581,-0.392,0.0,1,0,1,project4_multircm_20260624_092806_475.csv,12.9861
13.1502,0.0133,75.2,T3_safe_insertion,InsertionSequence,InsertToTarget,0.4441,0.84425,0.87832,1.41976,0.09788,0.80009,1.50008,0.10019,0.68101,1.62234,0.10371,0.88882,1.41118,0.1,0.78984,1.48984,0.117,0.98403,1.28403,0.07327,0.8,1.5,0.1,1.0,1.3,0.1,170.747,0.225,282.833,171.977,173.795,170.747,2.516,607.857,1.401,0.0,0.09355,-0.03926,7.522,-46.607,-4.391,-30.653,7.994,0.0,-0.098,3.778,-3.433,-1.592,-0.36,0.0,1,0,1,project4_multircm_20260624_092806_475.csv,13.0397
13.2066,0.0134,74.64,T3_safe_insertion,InsertionSequence,InsertToTarget,0.4497,0.84204,0.87944,1.41863,0.09786,0.80009,1.50008,0.1002,0.68211,1.62119,0.10367,0.88994,1.41006,0.1,0.78998,1.48998,0.11717,0.98425,1.28425,0.073,0.8,1.5,0.1,1.0,1.3,0.1,169.153,0.23,282.833,170.39,172.225,169.153,2.539,606.263,1.395,0.0,0.09388,-0.03926,7.517,-46.394,-4.585,-30.743,7.974,0.0,-0.09,3.783,-3.456,-1.599,-0.337,0.0,1,0,1,project4_multircm_20260624_092806_475.csv,13.0961
13.2635,0.01394,71.71,T3_safe_insertion,InsertionSequence,InsertToTarget,0.4554,0.83981,0.88057,1.41749,0.09784,0.80009,1.50008,0.1002,0.68323,1.62003,0.10362,0.89108,1.40892,0.1,0.79013,1.49013,0.11734,0.98448,1.28448,0.07274,0.8,1.5,0.1,1.0,1.3,0.1,167.546,0.234,282.833,168.789,170.641,167.546,2.561,604.656,1.388,0.0,0.0943,-0.03925,7.512,-46.178,-4.783,-30.835,7.956,0.0,-0.081,3.787,-3.481,-1.621,-0.309,0.0,1,0,1,project4_multircm_20260624_092806_475.csv,13.153
13.3199,0.00671,149.04,T3_safe_insertion,InsertionSequence,InsertToTarget,0.4611,0.83759,0.88169,1.41635,0.09782,0.8001,1.50008,0.1002,0.68433,1.61888,0.10358,0.89221,1.40779,0.1,0.79027,1.49027,0.1175,0.98471,1.28471,0.07248,0.8,1.5,0.1,1.0,1.3,0.1,165.951,0.238,282.833,167.202,169.071,165.951,2.582,603.06,1.382,0.0,0.09474,-0.03926,7.508,-45.964,-4.98,-30.927,7.939,0.0,-0.071,3.794,-3.51,-1.633,-0.28,0.0,1,0,1,project4_multircm_20260624_092806_475.csv,13.2094
13.3797,0.01013,98.71,T3_safe_insertion,InsertionSequence,InsertToTarget,0.467,0.83524,0.88288,1.41515,0.0978,0.8001,1.50008,0.10021,0.6855,1.61766,0.10353,0.89341,1.40659,0.1,0.79043,1.49043,0.11767,0.98495,1.28495,0.07221,0.8,1.5,0.1,1.0,1.3,0.1,164.263,0.242,282.832,165.522,167.409,164.263,2.603,601.372,1.374,0.0,0.09507,-0.03925,7.504,-45.738,-5.19,-31.024,7.923,0.0,-0.064,3.799,-3.534,-1.635,-0.257,0.0,1,0,1,project4_multircm_20260624_092806_475.csv,13.2692
13.4318,0.01402,71.31,T3_safe_insertion,InsertionSequence,InsertToTarget,0.4722,0.8332,0.88391,1.4141,0.09779,0.8001,1.50008,0.10021,0.68652,1.6166,0.10349,0.89445,1.40555,0.1,0.79057,1.49057,0.11782,0.98517,1.28517,0.07198,0.8,1.5,0.1,1.0,1.3,0.1,162.789,0.246,282.832,164.056,165.959,162.789,2.62,599.897,1.367,0.0,0.09547,-0.03925,7.501,-45.539,-5.375,-31.111,7.91,0.0,-0.055,3.803,-3.555,-1.662,-0.233,0.0,1,0,1,project4_multircm_20260624_092806_475.csv,13.3213
13.497,0.02181,45.85,T3_safe_insertion,InsertionSequence,InsertToTarget,0.4788,0.83064,0.88521,1.41279,0.09777,0.8001,1.50009,0.10021,0.6878,1.61527,0.10344,0.89575,1.40425,0.1,0.79074,1.49074,0.118,0.98544,1.28544,0.0717,0.8,1.5,0.1,1.0,1.3,0.1,160.949,0.251,282.832,162.226,164.15,160.949,2.641,598.056,1.359,0.0,0.09584,-0.03926,7.497,-45.291,-5.608,-31.219,7.896,0.0,-0.047,3.808,-3.58,-1.671,-0.209,0.0,1,0,1,project4_multircm_20260624_092806_475.csv,13.3865
13.552,0.00545,183.55,T3_safe_insertion,InsertionSequence,InsertToTarget,0.4843,0.82848,0.8863,1.41169,0.09776,0.8001,1.50009,0.10022,0.68888,1.61415,0.10339,0.89685,1.40315,0.1,0.79089,1.49089,0.11815,0.98567,1.28567,0.07146,0.8,1.5,0.1,1.0,1.3,0.1,159.394,0.254,282.832,160.681,162.622,159.394,2.657,596.501,1.351,0.0,0.09622,-0.03926,7.495,-45.082,-5.806,-31.311,7.886,0.0,-0.04,3.815,-3.608,-1.67,-0.183,0.0,1,0,1,project4_multircm_20260624_092806_475.csv,13.4415
13.6136,0.01341,74.58,T3_safe_insertion,InsertionSequence,InsertToTarget,0.4904,0.82606,0.88753,1.41045,0.09774,0.8001,1.50009,0.10022,0.69008,1.6129,0.10334,0.89808,1.40192,0.1,0.79105,1.49105,0.11832,0.98593,1.28593,0.0712,0.8,1.5,0.1,1.0,1.3,0.1,157.653,0.258,282.832,158.95,160.911,157.653,2.674,594.759,1.341,0.0,0.0966,-0.03926,7.493,-44.846,-6.029,-31.415,7.875,0.0,-0.032,3.819,-3.63,-1.687,-0.161,0.0,1,0,1,project4_multircm_20260624_092806_475.csv,13.5031
13.6705,0.01411,70.87,T3_safe_insertion,InsertionSequence,InsertToTarget,0.4961,0.82383,0.88866,1.40931,0.09773,0.8001,1.50009,0.10022,0.6912,1.61174,0.10329,0.89922,1.40078,0.1,0.79121,1.49121,0.11846,0.98618,1.28618,0.07097,0.8,1.5,0.1,1.0,1.3,0.1,156.046,0.262,282.832,157.353,159.333,156.046,2.688,593.152,1.333,0.0,0.09696,-0.03925,7.491,-44.629,-6.236,-31.51,7.867,0.0,-0.025,3.824,-3.654,-1.692,-0.136,0.0,1,0,1,project4_multircm_20260624_092806_475.csv,13.56
13.73,0.01671,59.86,T3_safe_insertion,InsertionSequence,InsertToTarget,0.5021,0.82149,0.88984,1.40811,0.09772,0.80011,1.50009,0.10023,0.69237,1.61053,0.10323,0.90041,1.39959,0.1,0.79137,1.49137,0.11862,0.98643,1.28643,0.07073,0.8,1.5,0.1,1.0,1.3,0.1,154.362,0.265,282.832,155.682,157.682,154.362,2.702,591.468,1.323,0.0,0.0973,-0.03926,7.49,-44.401,-6.455,-31.612,7.859,0.0,-0.019,3.828,-3.673,-1.709,-0.12,0.0,1,0,1,project4_multircm_20260624_092806_475.csv,13.6195
13.7836,0.01452,68.88,T3_safe_insertion,InsertionSequence,InsertToTarget,0.5074,0.81939,0.89091,1.40703,0.09771,0.80011,1.50009,0.10023,0.69342,1.60944,0.10319,0.90148,1.39852,0.1,0.79152,1.49152,0.11875,0.98667,1.28667,0.07051,0.8,1.5,0.1,1.0,1.3,0.1,152.85,0.268,282.832,154.181,156.199,152.85,2.714,589.955,1.314,0.0,0.09761,-0.03925,7.489,-44.196,-6.652,-31.704,7.854,0.0,-0.013,3.832,-3.692,-1.717,-0.101,0.0,1,0,1,project4_multircm_20260624_092806_475.csv,13.6731
13.8387,0.00898,111.37,T3_safe_insertion,InsertionSequence,InsertToTarget,0.5129,0.81722,0.892,1.40593,0.0977,0.80011,1.50009,0.10023,0.6945,1.60832,0.10314,0.90259,1.39741,0.1,0.79167,1.49167,0.11889,0.98691,1.28691,0.0703,0.8,1.5,0.1,1.0,1.3,0.1,151.29,0.271,282.832,152.633,154.671,151.29,2.725,588.395,1.304,0.0,0.09812,-0.03926,7.489,-43.984,-6.857,-31.799,7.849,0.0,-0.003,3.838,-3.717,-1.745,-0.076,0.0,1,0,1,project4_multircm_20260624_092806_475.csv,13.7282
13.8965,0.01606,62.28,T3_safe_insertion,InsertionSequence,InsertToTarget,0.5187,0.81495,0.89315,1.40477,0.09769,0.80011,1.50009,0.10023,0.69563,1.60714,0.10308,0.90374,1.39626,0.1,0.79184,1.49184,0.11903,0.98716,1.28716,0.07008,0.8,1.5,0.1,1.0,1.3,0.1,149.657,0.274,282.832,151.013,153.071,149.657,2.735,586.762,1.294,0.0,0.09837,-0.03926,7.489,-43.762,-7.072,-31.9,7.845,0.0,0.001,3.842,-3.735,-1.746,-0.061,0.0,1,0,1,project4_multircm_20260624_092806_475.csv,13.786
13.9516,0.01453,68.8,T3_safe_insertion,InsertionSequence,InsertToTarget,0.5242,0.81279,0.89425,1.40366,0.09769,0.80011,1.5001,0.10023,0.69671,1.60602,0.10303,0.90485,1.39516,0.1,0.79199,1.49199,0.11916,0.98741,1.28741,0.06987,0.8,1.5,0.1,1.0,1.3,0.1,148.099,0.276,282.832,149.468,151.547,148.099,2.743,585.203,1.283,0.0,0.09873,-0.03926,7.489,-43.551,-7.279,-31.996,7.843,0.0,0.008,3.847,-3.757,-1.756,-0.039,0.0,1,0,1,project4_multircm_20260624_092806_475.csv,13.841099999999999
14.0076,0.01104,90.58,T3_safe_insertion,InsertionSequence,InsertToTarget,0.5298,0.81059,0.89537,1.40254,0.09768,0.80011,1.5001,0.10024,0.69781,1.60488,0.10298,0.90596,1.39404,0.1,0.79215,1.49215,0.1193,0.98766,1.28766,0.06966,0.8,1.5,0.1,1.0,1.3,0.1,146.517,0.279,282.832,147.9,150.0,146.517,2.75,583.621,1.272,0.0,0.09913,-0.03926,7.49,-43.335,-7.49,-32.094,7.842,0.0,0.016,3.853,-3.784,-1.759,-0.014,0.0,1,0,1,project4_multircm_20260624_092806_475.csv,13.8971
14.08,0.02977,33.6,T3_safe_insertion,InsertionSequence,InsertToTarget,0.5371,0.80775,0.89681,1.40109,0.09768,0.80011,1.5001,0.10024,0.69922,1.60341,0.10291,0.90741,1.39259,0.1,0.79236,1.49236,0.11946,0.98799,1.28799,0.0694,0.8,1.5,0.1,1.0,1.3,0.1,144.472,0.281,282.832,145.874,148.002,144.472,2.758,581.576,1.258,0.0,0.09951,-0.03926,7.491,-43.056,-7.765,-32.223,7.841,0.0,0.023,3.857,-3.801,-1.787,0.003,0.0,1,0,1,project4_multircm_20260624_092806_475.csv,13.9695
14.1366,0.01655,60.42,T3_safe_insertion,InsertionSequence,InsertToTarget,0.5427,0.80553,0.89794,1.39995,0.09768,0.80011,1.5001,0.10024,0.70033,1.60225,0.10285,0.90854,1.39146,0.1,0.79252,1.49252,0.11959,0.98824,1.28824,0.0692,0.8,1.5,0.1,1.0,1.3,0.1,142.872,0.283,282.832,144.29,146.44,142.872,2.762,579.976,1.246,0.0,0.09986,-0.03926,7.493,-42.838,-7.981,-32.324,7.842,0.0,0.028,3.862,-3.822,-1.793,0.02,0.0,1,0,1,project4_multircm_20260624_092806_475.csv,14.0261
14.1921,0.01492,67.01,T3_safe_insertion,InsertionSequence,InsertToTarget,0.5483,0.80335,0.89904,1.39884,0.09768,0.80012,1.5001,0.10024,0.70142,1.60112,0.1028,0.90965,1.39035,0.1,0.79268,1.49268,0.11971,0.9885,1.2885,0.06901,0.8,1.5,0.1,1.0,1.3,0.1,141.302,0.285,282.832,142.736,144.908,141.302,2.765,578.406,1.234,0.0,0.10022,-0.03927,7.495,-42.623,-8.194,-32.423,7.844,0.0,0.034,3.867,-3.844,-1.799,0.04,0.0,1,0,1,project4_multircm_20260624_092806_475.csv,14.0816
14.2507,0.01409,70.98,T3_safe_insertion,InsertionSequence,InsertToTarget,0.5541,0.80105,0.90021,1.39766,0.09768,0.80012,1.5001,0.10024,0.70257,1.59993,0.10274,0.91083,1.38918,0.1,0.79286,1.49286,0.11984,0.98877,1.28877,0.06881,0.8,1.5,0.1,1.0,1.3,0.1,139.647,0.287,282.832,141.098,143.296,139.647,2.767,576.75,1.221,0.0,0.1005,-0.03928,7.497,-42.396,-8.42,-32.529,7.847,0.0,0.039,3.871,-3.862,-1.803,0.054,0.0,1,0,1,project4_multircm_20260624_092806_475.csv,14.1402
14.3023,0.00555,180.18,T3_safe_insertion,InsertionSequence,InsertToTarget,0.5593,0.79902,0.90124,1.39663,0.09768,0.80012,1.5001,0.10024,0.70358,1.59888,0.10269,0.91186,1.38814,0.1,0.79301,1.49301,0.11994,0.98901,1.28901,0.06864,0.8,1.5,0.1,1.0,1.3,0.1,138.186,0.288,282.832,139.653,141.873,138.186,2.767,575.289,1.21,0.0,0.10089,-0.03927,7.499,-42.196,-8.62,-32.622,7.85,0.0,0.045,3.876,-3.883,-1.819,0.072,0.0,1,0,1,project4_multircm_20260624_092806_475.csv,14.1918
14.3636,0.02385,41.93,T3_safe_insertion,InsertionSequence,InsertToTarget,0.5654,0.79661,0.90247,1.3954,0.09768,0.80012,1.5001,0.10024,0.70478,1.59763,0.10263,0.91308,1.38692,0.1,0.79319,1.49319,0.12007,0.98929,1.28929,0.06845,0.8,1.5,0.1,1.0,1.3,0.1,136.453,0.29,282.832,137.94,140.187,136.453,2.766,573.556,1.195,0.0,0.10111,-0.03927,7.502,-41.958,-8.858,-32.734,7.855,0.0,0.048,3.879,-3.893,-1.83,0.08,0.0,1,0,1,project4_multircm_20260624_092806_475.csv,14.2531
14.4194,0.00577,173.34,T3_safe_insertion,InsertionSequence,InsertToTarget,0.571,0.79442,0.90358,1.39428,0.09769,0.80012,1.5001,0.10024,0.70587,1.59649,0.10258,0.9142,1.3858,0.1,0.79336,1.49336,0.12018,0.98955,1.28955,0.06827,0.8,1.5,0.1,1.0,1.3,0.1,134.876,0.29,282.832,136.382,138.654,134.876,2.764,571.98,1.182,0.0,0.1015,-0.03927,7.505,-41.742,-9.076,-32.836,7.86,0.0,0.054,3.886,-3.918,-1.833,0.099,0.0,1,0,1,project4_multircm_20260624_092806_475.csv,14.3089
14.4798,0.02124,47.07,T3_safe_insertion,InsertionSequence,InsertToTarget,0.577,0.79205,0.90479,1.39307,0.09769,0.80012,1.5001,0.10025,0.70706,1.59526,0.10252,0.91541,1.38459,0.1,0.79354,1.49354,0.1203,0.98984,1.28984,0.06809,0.8,1.5,0.1,1.0,1.3,0.1,133.166,0.291,282.832,134.694,136.995,133.166,2.759,570.27,1.167,0.0,0.10167,-0.03927,7.508,-41.507,-9.313,-32.947,7.867,0.0,0.055,3.888,-3.928,-1.838,0.105,0.0,1,0,1,project4_multircm_20260624_092806_475.csv,14.369299999999999
14.5306,0.02788,35.87,T3_safe_insertion,InsertionSequence,InsertToTarget,0.5821,0.79005,0.9058,1.39206,0.0977,0.80012,1.5001,0.10025,0.70805,1.59423,0.10246,0.91642,1.38358,0.1,0.79369,1.49369,0.12039,0.99008,1.29008,0.06794,0.8,1.5,0.1,1.0,1.3,0.1,131.73,0.292,282.832,133.276,135.602,131.73,2.755,568.834,1.155,0.0,0.10203,-0.03927,7.511,-41.309,-9.514,-33.041,7.873,0.0,0.062,3.893,-3.948,-1.848,0.125,0.0,1,0,1,project4_multircm_20260624_092806_475.csv,14.4201
14.5967,0.01986,50.35,T3_safe_insertion,InsertionSequence,InsertToTarget,0.5887,0.78746,0.90713,1.39074,0.09771,0.80012,1.5001,0.10025,0.70935,1.59288,0.1024,0.91775,1.38225,0.1,0.79389,1.49389,0.12051,0.99039,1.29039,0.06774,0.8,1.5,0.1,1.0,1.3,0.1,129.862,0.292,282.832,131.433,133.792,129.862,2.747,566.966,1.138,0.0,0.10235,-0.03927,7.515,-41.052,-9.775,-33.163,7.882,0.0,0.065,3.898,-3.965,-1.857,0.134,0.0,1,0,1,project4_multircm_20260624_092806_475.csv,14.4862
14.6507,0.01511,66.2,T3_safe_insertion,InsertionSequence,InsertToTarget,0.5941,0.78534,0.90821,1.38966,0.09772,0.80012,1.50011,0.10025,0.7104,1.59178,0.10235,0.91883,1.38117,0.1,0.79405,1.49406,0.12061,0.99065,1.29065,0.06759,0.8,1.5,0.1,1.0,1.3,0.1,128.335,0.292,282.832,129.927,132.313,128.335,2.738,565.439,1.123,0.0,0.10261,-0.03929,7.519,-40.841,-9.99,-33.264,7.889,0.0,0.069,3.902,-3.984,-1.854,0.149,0.0,1,0,1,project4_multircm_20260624_092806_475.csv,14.5402
14.7105,0.01395,71.68,T3_safe_insertion,InsertionSequence,InsertToTarget,0.6001,0.78299,0.9094,1.38846,0.09773,0.80012,1.50011,0.10025,0.71157,1.59056,0.10229,0.92002,1.37998,0.1,0.79424,1.49424,0.12071,0.99094,1.29094,0.06743,0.8,1.5,0.1,1.0,1.3,0.1,126.644,0.292,282.833,128.261,130.679,126.644,2.728,563.749,1.107,0.0,0.10288,-0.03926,7.523,-40.608,-10.229,-33.375,7.899,0.0,0.072,3.906,-4.001,-1.857,0.161,0.0,1,0,1,project4_multircm_20260624_092806_475.csv,14.6
14.7701,0.01593,62.79,T3_safe_insertion,InsertionSequence,InsertToTarget,0.6061,0.78065,0.9106,1.38727,0.09774,0.80012,1.50011,0.10024,0.71274,1.58934,0.10223,0.92121,1.37879,0.1,0.79442,1.49442,0.12082,0.99123,1.29123,0.06727,0.8,1.5,0.1,1.0,1.3,0.1,124.957,0.292,282.833,126.599,129.05,124.957,2.716,562.062,1.091,0.0,0.10312,-0.03927,7.528,-40.375,-10.468,-33.486,7.909,0.0,0.075,3.911,-4.016,-1.857,0.171,0.0,1,0,1,project4_multircm_20260624_092806_475.csv,14.6596
14.8328,0.01842,54.3,T3_safe_insertion,InsertionSequence,InsertToTarget,0.6123,0.77818,0.91186,1.38602,0.09775,0.80012,1.50011,0.10024,0.71397,1.58807,0.10216,0.92247,1.37753,0.1,0.79461,1.49462,0.12092,0.99153,1.29153,0.06711,0.8,1.5,0.1,1.0,1.3,0.1,123.183,0.292,282.833,124.853,127.34,123.183,2.701,560.288,1.074,0.0,0.10345,-0.03928,7.533,-40.129,-10.721,-33.604,7.92,0.0,0.078,3.914,-4.028,-1.885,0.176,0.0,1,0,1,project4_multircm_20260624_092806_475.csv,14.7223
14.8886,0.0152,65.8,T3_safe_insertion,InsertionSequence,InsertToTarget,0.6179,0.77599,0.91298,1.38491,0.09777,0.80012,1.50011,0.10024,0.71506,1.58693,0.10211,0.92359,1.37642,0.1,0.79479,1.49479,0.121,0.99181,1.29181,0.06697,0.8,1.5,0.1,1.0,1.3,0.1,121.604,0.291,282.833,123.299,125.819,121.604,2.687,558.71,1.058,0.0,0.10369,-0.03928,7.537,-39.91,-10.946,-33.708,7.93,0.0,0.082,3.92,-4.051,-1.864,0.195,0.0,1,0,1,project4_multircm_20260624_092806_475.csv,14.7781
14.966,0.03241,30.85,T3_safe_insertion,InsertionSequence,InsertToTarget,0.6257,0.77296,0.91453,1.38337,0.09779,0.80012,1.50011,0.10024,0.71657,1.58535,0.10203,0.92513,1.37487,0.1,0.79503,1.49503,0.12112,0.99218,1.29218,0.06679,0.8,1.5,0.1,1.0,1.3,0.1,119.417,0.289,282.833,121.149,123.717,119.417,2.665,556.524,1.035,0.0,0.10385,-0.03928,7.544,-39.607,-11.26,-33.853,7.945,0.0,0.082,3.924,-4.062,-1.863,0.195,0.0,1,0,1,project4_multircm_20260624_092806_475.csv,14.8555
15.0212,0.01452,68.89,T3_safe_insertion,InsertionSequence,InsertToTarget,0.6312,0.77079,0.91564,1.38227,0.0978,0.80012,1.50011,0.10024,0.71766,1.58422,0.10198,0.92624,1.37376,0.1,0.7952,1.4952,0.1212,0.99246,1.29246,0.06667,0.8,1.5,0.1,1.0,1.3,0.1,117.854,0.288,282.833,119.613,122.216,117.854,2.647,554.961,1.019,0.0,0.10429,-0.03928,7.548,-39.39,-11.485,-33.957,7.956,0.0,0.086,3.929,-4.079,-1.891,0.206,0.0,1,0,1,project4_multircm_20260624_092806_475.csv,14.9107
15.0802,0.02907,34.4,T3_safe_insertion,InsertionSequence,InsertToTarget,0.6371,0.76847,0.91683,1.3811,0.09782,0.80012,1.5001,0.10024,0.71881,1.58302,0.10192,0.92742,1.37258,0.1,0.79539,1.49539,0.12128,0.99275,1.29275,0.06654,0.8,1.5,0.1,1.0,1.3,0.1,116.185,0.286,282.833,117.974,120.616,116.185,2.627,553.292,1.001,0.0,0.10442,-0.03927,7.553,-39.158,-11.726,-34.068,7.969,0.0,0.088,3.932,-4.092,-1.879,0.215,0.0,1,0,1,project4_multircm_20260624_092806_475.csv,14.9697
15.1468,0.02167,46.15,T3_safe_insertion,InsertionSequence,InsertToTarget,0.6437,0.76585,0.91817,1.37977,0.09785,0.80012,1.5001,0.10024,0.72011,1.58166,0.10186,0.92875,1.37125,0.1,0.7956,1.4956,0.12137,0.99308,1.29308,0.0664,0.8,1.5,0.1,1.0,1.3,0.1,114.302,0.284,282.833,116.127,118.813,114.302,2.601,551.41,0.981,0.0,0.10467,-0.03928,7.559,-38.896,-11.999,-34.192,7.984,0.0,0.09,3.937,-4.111,-1.873,0.224,0.0,1,0,1,project4_multircm_20260624_092806_475.csv,15.0363
15.1994,0.01555,64.31,T3_safe_insertion,InsertionSequence,InsertToTarget,0.649,0.76379,0.91923,1.37873,0.09786,0.80012,1.5001,0.10024,0.72114,1.58058,0.10181,0.9298,1.3702,0.1,0.79577,1.49577,0.12144,0.99334,1.29334,0.06629,0.8,1.5,0.1,1.0,1.3,0.1,112.814,0.283,282.834,114.668,117.392,112.814,2.58,549.923,0.964,0.0,0.10479,-0.03926,7.564,-38.689,-12.216,-34.29,7.996,0.0,0.089,3.941,-4.124,-1.856,0.228,0.0,1,0,1,project4_multircm_20260624_092806_475.csv,15.0889
15.2643,0.02006,49.86,T3_safe_insertion,InsertionSequence,InsertToTarget,0.6555,0.76124,0.92054,1.37744,0.09789,0.80012,1.5001,0.10023,0.72241,1.57926,0.10175,0.9311,1.3689,0.1,0.79597,1.49597,0.12152,0.99367,1.29367,0.06617,0.8,1.5,0.1,1.0,1.3,0.1,110.978,0.28,282.834,112.868,115.64,110.978,2.552,548.087,0.943,0.0,0.10502,-0.03929,7.57,-38.433,-12.484,-34.411,8.011,0.0,0.091,3.946,-4.137,-1.86,0.233,0.0,1,0,1,project4_multircm_20260624_092806_475.csv,15.1538
15.319,0.01584,63.13,T3_safe_insertion,InsertionSequence,InsertToTarget,0.661,0.75909,0.92164,1.37635,0.09791,0.80011,1.5001,0.10023,0.72348,1.57814,0.1017,0.93219,1.36781,0.1,0.79615,1.49615,0.12158,0.99394,1.29394,0.06607,0.8,1.5,0.1,1.0,1.3,0.1,109.428,0.277,282.834,111.351,114.164,109.428,2.526,546.538,0.926,0.0,0.10521,-0.03927,7.575,-38.217,-12.712,-34.513,8.024,0.0,0.091,3.95,-4.151,-1.853,0.238,0.0,1,0,1,project4_multircm_20260624_092806_475.csv,15.2085
15.3699,0.0056,178.63,T3_safe_insertion,InsertionSequence,InsertToTarget,0.6661,0.75709,0.92267,1.37535,0.09793,0.80011,1.5001,0.10023,0.72447,1.5771,0.10165,0.93321,1.36679,0.1,0.79631,1.49631,0.12164,0.9942,1.2942,0.06598,0.8,1.5,0.1,1.0,1.3,0.1,107.988,0.275,282.834,109.942,112.794,107.988,2.501,545.099,0.909,0.0,0.10542,-0.03927,7.58,-38.016,-12.923,-34.607,8.036,0.0,0.093,3.955,-4.17,-1.838,0.249,0.0,1,0,1,project4_multircm_20260624_092806_475.csv,15.2594
15.431,0.02371,42.17,T3_safe_insertion,InsertionSequence,InsertToTarget,0.6722,0.75469,0.9239,1.37414,0.09796,0.80011,1.5001,0.10023,0.72566,1.57585,0.10159,0.93443,1.36557,0.1,0.79651,1.49651,0.1217,0.99451,1.29451,0.06587,0.8,1.5,0.1,1.0,1.3,0.1,106.26,0.271,282.834,108.252,111.154,106.26,2.47,543.372,0.889,0.0,0.1056,-0.03928,7.585,-37.774,-13.178,-34.72,8.051,0.0,0.094,3.958,-4.179,-1.846,0.252,0.0,1,0,1,project4_multircm_20260624_092806_475.csv,15.3205
15.4872,0.0063,158.62,T3_safe_insertion,InsertionSequence,InsertToTarget,0.6778,0.75248,0.92504,1.37303,0.09798,0.80011,1.5001,0.10022,0.72676,1.5747,0.10154,0.93556,1.36444,0.1,0.79669,1.49669,0.12176,0.99479,1.29479,0.06578,0.8,1.5,0.1,1.0,1.3,0.1,104.67,0.268,282.834,106.698,109.647,104.67,2.439,541.782,0.87,0.0,0.10572,-0.03927,7.591,-37.551,-13.414,-34.823,8.065,0.0,0.093,3.963,-4.195,-1.822,0.255,0.0,1,0,1,project4_multircm_20260624_092806_475.csv,15.3767
15.5471,0.02052,48.74,T3_safe_insertion,InsertionSequence,InsertToTarget,0.6838,0.75013,0.92625,1.37184,0.09801,0.80011,1.5001,0.10022,0.72793,1.57348,0.10149,0.93675,1.36325,0.1,0.79688,1.49688,0.12182,0.99509,1.29509,0.06569,0.8,1.5,0.1,1.0,1.3,0.1,102.976,0.264,282.835,105.045,108.045,102.976,2.405,540.09,0.85,0.0,0.10591,-0.03928,7.596,-37.314,-13.665,-34.932,8.081,0.0,0.094,3.966,-4.204,-1.83,0.258,0.0,1,0,1,project4_multircm_20260624_092806_475.csv,15.4366
15.5995,0.01503,66.56,T3_safe_insertion,InsertionSequence,InsertToTarget,0.689,0.74807,0.92731,1.37081,0.09803,0.80011,1.50009,0.10022,0.72895,1.57241,0.10144,0.9378,1.3622,0.1,0.79705,1.49705,0.12187,0.99536,1.29536,0.06562,0.8,1.5,0.1,1.0,1.3,0.1,101.494,0.261,282.835,103.6,106.646,101.494,2.373,538.609,0.832,0.0,0.10602,-0.03927,7.601,-37.106,-13.886,-35.027,8.094,0.0,0.093,3.969,-4.215,-1.816,0.259,0.0,1,0,1,project4_multircm_20260624_092806_475.csv,15.489
15.6586,0.01234,81.06,T3_safe_insertion,InsertionSequence,InsertToTarget,0.6949,0.74575,0.92851,1.36964,0.09806,0.8001,1.50009,0.10022,0.73011,1.5712,0.10139,0.93898,1.36102,0.1,0.79724,1.49724,0.12192,0.99566,1.29566,0.06554,0.8,1.5,0.1,1.0,1.3,0.1,99.821,0.257,282.835,101.969,105.07,99.821,2.337,536.936,0.811,0.0,0.10615,-0.03927,7.607,-36.871,-14.135,-35.133,8.11,0.0,0.092,3.975,-4.231,-1.791,0.264,0.0,1,0,1,project4_multircm_20260624_092806_475.csv,15.5481
15.718,0.01537,65.06,T3_safe_insertion,InsertionSequence,InsertToTarget,0.7009,0.74342,0.92972,1.36847,0.09809,0.8001,1.50009,0.10021,0.73127,1.56998,0.10134,0.94017,1.35983,0.1,0.79743,1.49743,0.12196,0.99596,1.29597,0.06547,0.8,1.5,0.1,1.0,1.3,0.1,98.139,0.252,282.835,100.332,103.489,98.139,2.298,535.256,0.791,0.0,0.10631,-0.03928,7.612,-36.635,-14.388,-35.239,8.126,0.0,0.092,3.98,-4.247,-1.773,0.268,0.0,1,0,1,project4_multircm_20260624_092806_475.csv,15.6075
15.7771,0.01382,72.35,T3_safe_insertion,InsertionSequence,InsertToTarget,0.7068,0.7411,0.93092,1.36731,0.09812,0.8001,1.50009,0.10021,0.73242,1.56878,0.10129,0.94135,1.35865,0.1,0.79763,1.49763,0.12201,0.99627,1.29627,0.0654,0.8,1.5,0.1,1.0,1.3,0.1,96.469,0.247,282.835,98.707,101.922,96.469,2.257,533.586,0.77,0.0,0.10638,-0.03928,7.617,-36.4,-14.639,-35.343,8.142,0.0,0.09,3.984,-4.262,-1.74,0.272,0.0,1,0,1,project4_multircm_20260624_092806_475.csv,15.6666
15.8368,0.01577,63.43,T3_safe_insertion,InsertionSequence,InsertToTarget,0.7127,0.73875,0.93214,1.36614,0.09815,0.8001,1.50008,0.10021,0.73359,1.56755,0.10124,0.94255,1.35745,0.1,0.79782,1.49782,0.12205,0.99657,1.29657,0.06534,0.8,1.5,0.1,1.0,1.3,0.1,94.778,0.243,282.835,97.064,100.34,94.778,2.215,531.897,0.748,0.0,0.10653,-0.03927,7.623,-36.161,-14.894,-35.447,8.158,0.0,0.089,3.989,-4.274,-1.728,0.273,0.0,1,0,1,project4_multircm_20260624_092806_475.csv,15.7263
15.8966,0.03058,32.7,T3_safe_insertion,InsertionSequence,InsertToTarget,0.7187,0.7364,0.93335,1.36496,0.09819,0.80009,1.50008,0.1002,0.73475,1.56633,0.10119,0.94374,1.35626,0.1,0.79802,1.49802,0.12208,0.99688,1.29688,0.06528,0.8,1.5,0.1,1.0,1.3,0.1,93.087,0.237,282.835,95.422,98.761,93.087,2.171,530.207,0.727,0.0,0.10674,-0.03928,7.628,-35.923,-15.15,-35.55,8.175,0.0,0.092,3.993,-4.289,-1.723,0.282,0.0,1,0,1,project4_multircm_20260624_092806_475.csv,15.7861
15.9538,0.0139,71.96,T3_safe_insertion,InsertionSequence,InsertToTarget,0.7244,0.73416,0.93452,1.36384,0.09822,0.80009,1.50008,0.1002,0.73587,1.56516,0.10115,0.94489,1.35511,0.1,0.7982,1.4982,0.12211,0.99718,1.29718,0.06523,0.8,1.5,0.1,1.0,1.3,0.1,91.468,0.232,282.836,93.853,97.254,91.468,2.127,528.589,0.706,0.0,0.10677,-0.03927,7.633,-35.694,-15.396,-35.647,8.191,0.0,0.087,3.998,-4.304,-1.682,0.281,0.0,1,0,1,project4_multircm_20260624_092806_475.csv,15.8433
16.0134,0.02943,33.98,T3_safe_insertion,InsertionSequence,InsertToTarget,0.7304,0.73182,0.93574,1.36267,0.09825,0.80008,1.50007,0.1002,0.73703,1.56394,0.1011,0.94608,1.35392,0.1,0.7984,1.4984,0.12214,0.99748,1.29748,0.06518,0.8,1.5,0.1,1.0,1.3,0.1,89.78,0.226,282.835,92.218,95.686,89.78,2.08,526.902,0.684,0.0,0.10693,-0.03927,7.639,-35.455,-15.654,-35.746,8.209,0.0,0.088,4.004,-4.319,-1.661,0.287,0.0,1,0,1,project4_multircm_20260624_092806_475.csv,15.9029
16.08,0.02257,44.31,T3_safe_insertion,InsertionSequence,InsertToTarget,0.7371,0.7292,0.93709,1.36137,0.09829,0.80008,1.50007,0.10019,0.73833,1.56258,0.10105,0.94741,1.35259,0.1,0.79862,1.49862,0.12217,0.99783,1.29783,0.06514,0.8,1.5,0.1,1.0,1.3,0.1,87.898,0.219,282.836,90.398,93.943,87.898,2.025,525.022,0.659,0.0,0.10709,-0.03927,7.645,-35.189,-15.942,-35.855,8.228,0.0,0.087,4.011,-4.342,-1.617,0.295,0.0,1,0,1,project4_multircm_20260624_092806_475.csv,15.969499999999998
16.1307,0.02864,34.92,T3_safe_insertion,InsertionSequence,InsertToTarget,0.7421,0.72721,0.93813,1.36038,0.09832,0.80008,1.50007,0.10019,0.73932,1.56154,0.10101,0.94843,1.35157,0.1,0.79878,1.49878,0.12219,0.99809,1.29809,0.0651,0.8,1.5,0.1,1.0,1.3,0.1,86.462,0.214,282.836,89.011,92.617,86.462,1.983,523.587,0.64,0.0,0.1072,-0.03927,7.649,-34.985,-16.163,-35.937,8.243,0.0,0.086,4.014,-4.351,-1.607,0.296,0.0,1,0,1,project4_multircm_20260624_092806_475.csv,16.020200000000003
16.1967,0.02007,49.82,T3_safe_insertion,InsertionSequence,InsertToTarget,0.7487,0.72462,0.93948,1.35909,0.09836,0.80007,1.50006,0.10018,0.74061,1.56019,0.10096,0.94975,1.35025,0.1,0.799,1.499,0.12222,0.99843,1.29843,0.06507,0.8,1.5,0.1,1.0,1.3,0.1,84.594,0.207,282.836,87.209,90.897,84.594,1.925,521.72,0.615,0.0,0.10732,-0.03926,7.655,-34.72,-16.451,-36.041,8.263,0.0,0.083,4.02,-4.373,-1.558,0.3,0.0,1,0,1,project4_multircm_20260624_092806_475.csv,16.0862
16.2537,0.01293,77.34,T3_safe_insertion,InsertionSequence,InsertToTarget,0.7544,0.72238,0.94065,1.35797,0.0984,0.80007,1.50006,0.10018,0.74172,1.55903,0.10092,0.95089,1.34911,0.1,0.79919,1.49919,0.12223,0.99872,1.29872,0.06505,0.8,1.5,0.1,1.0,1.3,0.1,82.981,0.201,282.836,85.656,89.417,82.981,1.874,520.109,0.594,0.0,0.10744,-0.03926,7.659,-34.49,-16.701,-36.128,8.28,0.0,0.082,4.027,-4.391,-1.517,0.305,0.0,1,0,1,project4_multircm_20260624_092806_475.csv,16.1432
16.3118,0.01184,84.44,T3_safe_insertion,InsertionSequence,InsertToTarget,0.7602,0.7201,0.94184,1.35684,0.09844,0.80006,1.50005,0.10017,0.74286,1.55784,0.10088,0.95205,1.34795,0.1,0.79938,1.49938,0.12224,0.99902,1.29903,0.06503,0.8,1.5,0.1,1.0,1.3,0.1,81.338,0.194,282.836,84.075,87.914,81.338,1.82,518.467,0.572,0.0,0.10759,-0.03926,7.664,-34.256,-16.957,-36.216,8.298,0.0,0.08,4.032,-4.407,-1.491,0.307,0.0,1,0,1,project4_multircm_20260624_092806_475.csv,16.201300000000003
16.3725,0.06071,16.47,T3_safe_insertion,InsertionSequence,InsertToTarget,0.7635,0.7188,0.94252,1.3562,0.09846,0.80006,1.50005,0.10017,0.7435,1.55716,0.10085,0.95271,1.34729,0.1,0.79958,1.49958,0.12225,0.99934,1.29934,0.06501,0.8,1.5,0.1,1.0,1.3,0.1,80.405,0.19,282.837,83.178,87.064,80.405,1.79,517.534,0.56,0.0,0.10762,-0.03926,7.667,-34.123,-17.103,-36.264,8.308,0.0,0.08,4.034,-4.414,-1.472,0.312,0.0,1,0,1,project4_multircm_20260624_092806_475.csv,16.262
16.4234,0.01657,60.33,T3_safe_insertion,InsertionSequence,InsertToTarget,0.7686,0.71681,0.94356,1.35521,0.09849,0.80006,1.50005,0.10017,0.7445,1.55612,0.10082,0.95373,1.34627,0.1,0.79975,1.49975,0.12226,0.9996,1.2996,0.065,0.8,1.5,0.1,1.0,1.3,0.1,78.965,0.184,282.836,81.797,85.755,78.965,1.741,516.096,0.54,0.0,0.10776,-0.03925,7.671,-33.917,-17.328,-36.338,8.324,0.0,0.078,4.04,-4.432,-1.432,0.314,0.0,1,0,1,project4_multircm_20260624_092806_475.csv,16.312900000000003
16.4969,0.02879,34.74,T3_safe_insertion,InsertionSequence,InsertToTarget,0.776,0.71392,0.94507,1.35378,0.09854,0.80005,1.50004,0.10016,0.74593,1.55462,0.10077,0.9552,1.34481,0.1,0.79999,1.49999,0.12226,0.99998,1.29998,0.065,0.8,1.5,0.1,1.0,1.3,0.1,76.888,0.175,282.837,79.808,83.872,76.888,1.669,514.021,0.512,0.0,0.10791,-0.03925,7.676,-33.621,-17.654,-36.441,8.347,0.0,0.076,4.046,-4.452,-1.389,0.32,0.0,1,0,1,project4_multircm_20260624_092806_475.csv,16.386400000000002
16.5633,0.02157,46.36,T3_safe_insertion,InsertionSequence,InsertToTarget,0.7826,0.71132,0.94644,1.3525,0.09858,0.80004,1.50004,0.10016,0.74723,1.55327,0.10073,0.95652,1.34348,0.1,0.80021,1.50021,0.12226,1.00033,1.30033,0.065,0.8,1.5,0.1,1.0,1.3,0.1,75.009,0.167,282.837,78.012,82.176,75.009,1.603,512.143,0.487,0.0,0.108,-0.03925,7.681,-33.351,-17.951,-36.531,8.369,0.0,0.072,4.053,-4.473,-1.319,0.322,0.0,1,0,1,project4_multircm_20260624_092806_475.csv,16.452800000000003
16.6156,0.01497,66.8,T3_safe_insertion,InsertionSequence,InsertToTarget,0.7879,0.70926,0.94752,1.35148,0.09862,0.80004,1.50003,0.10015,0.74825,1.5522,0.10069,0.95757,1.34243,0.1,0.80038,1.50038,0.12225,1.0006,1.3006,0.06501,0.8,1.5,0.1,1.0,1.3,0.1,73.529,0.161,282.837,76.601,80.847,73.529,1.55,510.665,0.468,0.0,0.10826,-0.03925,7.685,-33.139,-18.186,-36.598,8.386,0.0,0.073,4.06,-4.497,-1.283,0.334,0.0,1,0,1,project4_multircm_20260624_092806_475.csv,16.505100000000002
16.6753,0.01213,82.45,T3_safe_insertion,InsertionSequence,InsertToTarget,0.7938,0.70692,0.94875,1.35033,0.09866,0.80003,1.50003,0.10015,0.74941,1.55098,0.10065,0.95876,1.34124,0.1,0.80058,1.50058,0.12225,1.00091,1.30091,0.06502,0.8,1.5,0.1,1.0,1.3,0.1,71.842,0.154,282.837,74.995,79.336,71.842,1.49,508.978,0.445,0.0,0.10838,-0.03924,7.689,-32.896,-18.455,-36.672,8.406,0.0,0.069,4.067,-4.516,-1.228,0.336,0.0,1,0,1,project4_multircm_20260624_092806_475.csv,16.5648
16.7341,0.01532,65.29,T3_safe_insertion,InsertionSequence,InsertToTarget,0.7997,0.70462,0.94996,1.34919,0.0987,0.80003,1.50002,0.10014,0.75056,1.54978,0.10062,0.95994,1.34006,0.1,0.80077,1.50077,0.12223,1.00121,1.30121,0.06504,0.8,1.5,0.1,1.0,1.3,0.1,70.18,0.147,282.837,73.417,77.856,70.18,1.429,507.319,0.423,0.0,0.1085,-0.03924,7.693,-32.657,-18.721,-36.743,8.426,0.0,0.066,4.073,-4.534,-1.175,0.339,0.0,1,0,1,project4_multircm_20260624_092806_475.csv,16.623600000000003
16.7939,0.01383,72.29,T3_safe_insertion,InsertionSequence,InsertToTarget,0.8057,0.70227,0.9512,1.34804,0.09874,0.80002,1.50001,0.10014,0.75173,1.54856,0.10058,0.96114,1.33886,0.1,0.80097,1.50097,0.12222,1.00152,1.30152,0.06507,0.8,1.5,0.1,1.0,1.3,0.1,68.488,0.14,282.837,71.814,76.356,68.488,1.366,505.627,0.401,0.0,0.10867,-0.03923,7.697,-32.413,-18.993,-36.811,8.447,0.0,0.064,4.079,-4.554,-1.122,0.345,0.0,1,0,1,project4_multircm_20260624_092806_475.csv,16.683400000000002
16.8535,0.01563,63.98,T3_safe_insertion,InsertionSequence,InsertToTarget,0.8116,0.69993,0.95243,1.34689,0.09879,0.80001,1.50001,0.10013,0.75289,1.54734,0.10055,0.96233,1.33767,0.1,0.80116,1.50116,0.1222,1.00183,1.30183,0.0651,0.8,1.5,0.1,1.0,1.3,0.1,66.806,0.133,282.838,70.224,74.872,66.806,1.304,503.947,0.379,0.0,0.10894,-0.03923,7.701,-32.17,-19.265,-36.875,8.468,0.0,0.064,4.088,-4.582,-1.062,0.358,0.0,1,0,1,project4_multircm_20260624_092806_475.csv,16.743000000000002
16.9563,0.062,16.13,T3_safe_insertion,InsertionSequence,InsertToTarget,0.819,0.69704,0.95396,1.34547,0.09884,0.8,1.5,0.10013,0.75433,1.54584,0.10051,0.9638,1.3362,0.1,0.8015,1.5015,0.12216,1.00236,1.30236,0.06516,0.8,1.5,0.1,1.0,1.3,0.1,64.72,0.126,282.838,68.259,73.046,64.72,1.227,501.862,0.353,0.0,0.10911,-0.03922,7.705,-31.868,-19.604,-36.951,8.494,0.0,0.062,4.094,-4.603,-1.001,0.366,0.0,1,0,1,project4_multircm_20260624_092806_475.csv,16.8458
17.0317,0.0464,21.55,T3_safe_insertion,InsertionSequence,InsertToTarget,0.8252,0.6946,0.95525,1.34428,0.09889,0.8,1.49999,0.10012,0.75555,1.54457,0.10047,0.96504,1.33496,0.1,0.80175,1.50175,0.12212,1.00275,1.30275,0.06522,0.8,1.5,0.1,1.0,1.3,0.1,62.967,0.121,282.838,66.613,71.519,62.967,1.163,500.11,0.332,0.0,0.10931,-0.03921,7.709,-31.614,-19.891,-37.009,8.517,0.0,0.057,4.102,-4.627,-0.924,0.369,0.0,1,0,1,project4_multircm_20260624_092806_475.csv,16.921200000000002
17.0958,0.01481,67.54,T3_safe_insertion,InsertionSequence,InsertToTarget,0.8316,0.69209,0.95658,1.34305,0.09893,0.79999,1.49998,0.10011,0.7568,1.54327,0.10044,0.96633,1.33367,0.1,0.80196,1.50196,0.12209,1.00308,1.30308,0.06527,0.8,1.5,0.1,1.0,1.3,0.1,61.155,0.116,282.838,64.917,69.952,61.155,1.098,498.3,0.311,0.0,0.10966,-0.0392,7.713,-31.35,-20.19,-37.064,8.542,0.0,0.055,4.113,-4.661,-0.832,0.381,0.0,1,0,1,project4_multircm_20260624_092806_475.csv,16.985300000000002
17.1516,0.01399,71.49,T3_safe_insertion,InsertionSequence,InsertToTarget,0.8372,0.6899,0.95773,1.34198,0.09898,0.79998,1.49998,0.10011,0.75789,1.54213,0.10041,0.96744,1.33256,0.1,0.80214,1.50214,0.12205,1.00337,1.30337,0.06533,0.8,1.5,0.1,1.0,1.3,0.1,59.581,0.113,282.838,63.45,68.6,59.581,1.043,496.727,0.293,0.0,0.10995,-0.03921,7.716,-31.121,-20.45,-37.108,8.563,0.0,0.053,4.121,-4.687,-0.763,0.392,0.0,1,0,1,project4_multircm_20260624_092806_475.csv,17.0411
17.2084,0.01468,68.13,T3_safe_insertion,InsertionSequence,InsertToTarget,0.8429,0.68768,0.95892,1.34089,0.09902,0.79997,1.49997,0.1001,0.759,1.54098,0.10038,0.96858,1.33142,0.1,0.80233,1.50233,0.12202,1.00366,1.30366,0.06538,0.8,1.5,0.1,1.0,1.3,0.1,57.975,0.111,282.838,61.957,67.229,57.975,0.989,495.122,0.276,0.0,0.11014,-0.03919,7.718,-30.886,-20.717,-37.149,8.586,0.0,0.049,4.127,-4.706,-0.693,0.395,0.0,1,0,1,project4_multircm_20260624_092806_475.csv,17.097900000000003
17.2807,0.03011,33.21,T3_safe_insertion,InsertionSequence,InsertToTarget,0.8501,0.68484,0.96042,1.33951,0.09908,0.79996,1.49996,0.1001,0.76042,1.53951,0.10035,0.97002,1.32998,0.1,0.80256,1.50256,0.12196,1.00403,1.30403,0.06547,0.8,1.5,0.1,1.0,1.3,0.1,55.936,0.111,282.838,60.07,65.502,55.936,0.926,493.084,0.258,0.0,0.11049,-0.0392,7.722,-30.587,-21.059,-37.196,8.615,0.0,0.047,4.137,-4.735,-0.616,0.406,0.0,1,0,1,project4_multircm_20260624_092806_475.csv,17.1702
17.3346,0.01388,72.03,T3_safe_insertion,InsertionSequence,InsertToTarget,0.8555,0.68273,0.96154,1.33848,0.09912,0.79996,1.49995,0.10009,0.76147,1.53841,0.10032,0.9711,1.3289,0.1,0.80274,1.50274,0.12192,1.0043,1.3043,0.06553,0.8,1.5,0.1,1.0,1.3,0.1,54.413,0.112,282.838,58.667,64.224,54.413,0.883,491.562,0.244,0.0,0.11097,-0.03919,7.724,-30.364,-21.316,-37.225,8.637,0.0,0.047,4.147,-4.772,-0.523,0.425,0.0,1,0,1,project4_multircm_20260624_092806_475.csv,17.2241
17.3912,0.01154,86.68,T3_safe_insertion,InsertionSequence,InsertToTarget,0.8612,0.68051,0.96272,1.3374,0.09916,0.79995,1.49994,0.10009,0.76258,1.53726,0.1003,0.97223,1.32777,0.1,0.80292,1.50292,0.12187,1.00459,1.30459,0.06561,0.8,1.5,0.1,1.0,1.3,0.1,52.816,0.115,282.838,57.202,62.895,52.816,0.843,489.965,0.233,0.0,0.11131,-0.03917,7.727,-30.129,-21.586,-37.252,8.661,0.0,0.043,4.156,-4.797,-0.442,0.432,0.0,1,0,1,project4_multircm_20260624_092806_475.csv,17.280700000000003
17.4632,0.02907,34.4,T3_safe_insertion,InsertionSequence,InsertToTarget,0.8684,0.67769,0.96422,1.33603,0.09922,0.79994,1.49993,0.10008,0.76399,1.5358,0.10027,0.97367,1.32633,0.1,0.80315,1.50315,0.12181,1.00496,1.30496,0.06571,0.8,1.5,0.1,1.0,1.3,0.1,50.786,0.121,282.838,55.35,61.221,50.786,0.802,487.935,0.222,0.0,0.11162,-0.03917,7.73,-29.829,-21.933,-37.28,8.693,0.0,0.04,4.163,-4.82,-0.374,0.437,0.0,1,0,1,project4_multircm_20260624_092806_475.csv,17.352700000000002
17.5173,0.01377,72.64,T3_safe_insertion,InsertionSequence,InsertToTarget,0.8738,0.67557,0.96535,1.335,0.09926,0.79993,1.49992,0.10007,0.76505,1.5347,0.10024,0.97476,1.32524,0.1,0.80333,1.50333,0.12176,1.00523,1.30523,0.06579,0.8,1.5,0.1,1.0,1.3,0.1,49.259,0.127,282.838,53.966,59.976,49.259,0.78,486.409,0.216,0.0,0.11221,-0.03916,7.732,-29.603,-22.195,-37.295,8.717,0.0,0.038,4.175,-4.861,-0.248,0.458,0.0,1,0,1,project4_multircm_20260624_092806_475.csv,17.4068
17.5735,0.01317,75.91,T3_safe_insertion,InsertionSequence,InsertToTarget,0.8794,0.67337,0.96652,1.33394,0.09931,0.79992,1.49992,0.10007,0.76615,1.53356,0.10022,0.97588,1.32412,0.1,0.80351,1.50351,0.1217,1.00552,1.30552,0.06588,0.8,1.5,0.1,1.0,1.3,0.1,47.675,0.134,282.838,52.538,58.698,47.675,0.767,484.825,0.214,0.0,0.11263,-0.03915,7.734,-29.369,-22.469,-37.307,8.743,0.0,0.034,4.184,-4.888,-0.168,0.467,0.0,1,0,1,project4_multircm_20260624_092806_475.csv,17.463
17.6464,0.0302,33.12,T3_safe_insertion,InsertionSequence,InsertToTarget,0.8867,0.67052,0.96805,1.33256,0.09936,0.79991,1.4999,0.10006,0.76758,1.53208,0.10019,0.97734,1.32266,0.1,0.80374,1.50374,0.12162,1.00589,1.30589,0.066,0.8,1.5,0.1,1.0,1.3,0.1,45.621,0.146,282.838,50.698,57.061,45.621,0.765,482.77,0.214,0.0,0.11312,-0.03914,7.736,-29.063,-22.827,-37.314,8.778,0.0,0.031,4.193,-4.918,-0.071,0.479,0.0,1,0,1,project4_multircm_20260624_092806_475.csv,17.5359
17.7002,0.0135,74.06,T3_safe_insertion,InsertionSequence,InsertToTarget,0.8921,0.66841,0.96917,1.33154,0.09941,0.7999,1.49989,0.10005,0.76863,1.53099,0.10017,0.97841,1.32159,0.1,0.80392,1.50392,0.12156,1.00616,1.30616,0.0661,0.8,1.5,0.1,1.0,1.3,0.1,44.105,0.155,282.838,49.351,55.87,44.105,0.776,481.254,0.218,0.0,0.1139,-0.03913,7.738,-28.837,-23.094,-37.313,8.805,0.0,0.029,4.207,-4.963,0.056,0.5,0.0,1,0,1,project4_multircm_20260624_092806_475.csv,17.5897
17.7562,0.00967,103.4,T3_safe_insertion,InsertionSequence,InsertToTarget,0.8977,0.66623,0.97034,1.33048,0.09945,0.79989,1.49989,0.10005,0.76973,1.52986,0.10015,0.97953,1.32047,0.1,0.80409,1.50409,0.12149,1.00644,1.30644,0.0662,0.8,1.5,0.1,1.0,1.3,0.1,42.53,0.165,282.838,47.962,54.647,42.53,0.797,479.678,0.225,0.0,0.11448,-0.03912,7.74,-28.601,-23.373,-37.307,8.833,0.0,0.026,4.217,-4.996,0.157,0.514,0.0,1,0,1,project4_multircm_20260624_092806_475.csv,17.6457
17.8133,0.01397,71.6,T3_safe_insertion,InsertionSequence,InsertToTarget,0.9034,0.66399,0.97154,1.3294,0.0995,0.79988,1.49988,0.10004,0.77085,1.52871,0.10013,0.98068,1.31932,0.1,0.80428,1.50428,0.12142,1.00672,1.30672,0.06632,0.8,1.5,0.1,1.0,1.3,0.1,40.921,0.176,282.838,46.555,53.416,40.921,0.83,478.069,0.235,0.0,0.11509,-0.03912,7.741,-28.36,-23.659,-37.295,8.863,0.0,0.023,4.227,-5.027,0.253,0.526,0.0,1,0,1,project4_multircm_20260624_092806_475.csv,17.702800000000003
17.8692,0.00626,159.69,T3_safe_insertion,InsertionSequence,InsertToTarget,0.909,0.6618,0.97271,1.32834,0.09955,0.79987,1.49987,0.10004,0.77195,1.52758,0.10011,0.9818,1.31821,0.1,0.80445,1.50445,0.12135,1.007,1.307,0.06643,0.8,1.5,0.1,1.0,1.3,0.1,39.347,0.189,282.838,45.191,52.23,39.347,0.872,476.493,0.246,0.0,0.11585,-0.03911,7.742,-28.123,-23.942,-37.277,8.893,0.0,0.019,4.238,-5.066,0.378,0.543,0.0,1,0,1,project4_multircm_20260624_092806_475.csv,17.7587
17.9213,0.00662,151.02,T3_safe_insertion,InsertionSequence,InsertToTarget,0.9142,0.65977,0.9738,1.32736,0.09959,0.79986,1.49986,0.10003,0.77297,1.52653,0.1001,0.98284,1.31716,0.1,0.80462,1.50462,0.12128,1.00726,1.30726,0.06654,0.8,1.5,0.1,1.0,1.3,0.1,37.883,0.201,282.838,43.934,51.145,37.883,0.919,475.028,0.259,0.0,0.11668,-0.03909,7.743,-27.902,-24.207,-37.256,8.922,0.0,0.02,4.251,-5.106,0.474,0.567,0.0,1,0,1,project4_multircm_20260624_092806_475.csv,17.8108
17.9832,0.01436,69.63,T3_safe_insertion,InsertionSequence,InsertToTarget,0.9204,0.65735,0.9751,1.3262,0.09964,0.79985,1.49985,0.10002,0.77419,1.52528,0.10008,0.98407,1.31593,0.1,0.80481,1.50481,0.12119,1.00757,1.30757,0.06668,0.8,1.5,0.1,1.0,1.3,0.1,36.143,0.215,282.837,42.457,49.878,36.143,0.983,473.285,0.276,0.0,0.11738,-0.03908,7.744,-27.639,-24.524,-37.223,8.958,0.0,0.016,4.261,-5.139,0.58,0.579,0.0,1,0,1,project4_multircm_20260624_092806_475.csv,17.872700000000002
18.0525,0.02654,37.69,T3_safe_insertion,InsertionSequence,InsertToTarget,0.9273,0.65464,0.97655,1.32489,0.0997,0.79984,1.49983,0.10002,0.77555,1.52388,0.10006,0.98546,1.31454,0.1,0.80503,1.50503,0.12109,1.00791,1.30791,0.06683,0.8,1.5,0.1,1.0,1.3,0.1,34.197,0.232,282.837,40.829,48.494,34.197,1.064,471.336,0.297,0.0,0.11819,-0.03908,7.745,-27.343,-24.882,-37.177,8.999,0.0,0.014,4.273,-5.175,0.681,0.596,0.0,1,0,1,project4_multircm_20260624_092806_475.csv,17.942
18.1061,0.00623,160.57,T3_safe_insertion,InsertionSequence,InsertToTarget,0.9312,0.65311,0.97738,1.32415,0.09973,0.79983,1.49982,0.10001,0.77632,1.52309,0.10005,0.98624,1.31376,0.1,0.8052,1.5052,0.12101,1.00817,1.30817,0.06696,0.8,1.5,0.1,1.0,1.3,0.1,33.096,0.243,282.837,39.92,47.725,33.096,1.113,470.232,0.31,0.0,0.11928,-0.03907,7.746,-27.175,-25.086,-37.148,9.023,0.0,0.012,4.287,-5.223,0.815,0.623,0.0,1,0,1,project4_multircm_20260624_092806_475.csv,17.995600000000003
18.1627,0.01333,75.0,T3_safe_insertion,InsertionSequence,InsertToTarget,0.9369,0.65089,0.97856,1.32309,0.09978,0.79982,1.49982,0.1,0.77743,1.52195,0.10003,0.98738,1.31262,0.1,0.80537,1.50537,0.12092,1.00845,1.30845,0.0671,0.8,1.5,0.1,1.0,1.3,0.1,31.507,0.257,282.837,38.626,46.641,31.507,1.19,468.639,0.329,0.0,0.12008,-0.03906,7.747,-26.932,-25.383,-37.098,9.059,0.0,0.009,4.297,-5.255,0.92,0.637,0.0,1,0,1,project4_multircm_20260624_092806_475.csv,18.052200000000003
18.2189,0.01393,71.77,T3_safe_insertion,InsertionSequence,InsertToTarget,0.9425,0.6487,0.97974,1.32204,0.09983,0.79981,1.4998,0.1,0.77854,1.52082,0.10002,0.9885,1.3115,0.1,0.80555,1.50555,0.12083,1.00872,1.30872,0.06724,0.8,1.5,0.1,1.0,1.3,0.1,29.931,0.272,282.837,37.363,45.592,29.931,1.27,467.058,0.348,0.0,0.12111,-0.03905,7.747,-26.69,-25.68,-37.042,9.096,0.0,0.006,4.309,-5.297,1.045,0.658,0.0,1,0,1,project4_multircm_20260624_092806_475.csv,18.108400000000003
18.2771,0.02929,34.14,T3_safe_insertion,InsertionSequence,InsertToTarget,0.9483,0.64643,0.98096,1.32094,0.09988,0.7998,1.49979,0.09999,0.77968,1.51965,0.1,0.98966,1.31034,0.1,0.80572,1.50572,0.12074,1.009,1.309,0.0674,0.8,1.5,0.1,1.0,1.3,0.1,28.303,0.288,282.837,36.084,44.539,28.303,1.355,465.424,0.369,0.0,0.12202,-0.03904,7.747,-26.439,-25.99,-36.977,9.135,0.0,0.007,4.32,-5.335,1.135,0.683,0.0,1,0,1,project4_multircm_20260624_092806_475.csv,18.166600000000003
18.3323,0.01347,74.23,T3_safe_insertion,InsertionSequence,InsertToTarget,0.9539,0.64427,0.98212,1.31991,0.09993,0.79979,1.49978,0.09998,0.78077,1.51855,0.09999,0.99077,1.30923,0.1,0.80589,1.50589,0.12064,1.00927,1.30927,0.06755,0.8,1.5,0.1,1.0,1.3,0.1,26.756,0.303,282.837,34.895,43.57,26.756,1.44,463.871,0.389,0.0,0.12346,-0.03903,7.748,-26.199,-26.286,-36.908,9.173,0.0,0.001,4.337,-5.388,1.303,0.707,0.0,1,0,1,project4_multircm_20260624_092806_475.csv,18.2218
18.3892,0.00817,122.37,T3_safe_insertion,InsertionSequence,InsertToTarget,0.9595,0.64205,0.98332,1.31884,0.09997,0.79978,1.49977,0.09998,0.78189,1.51741,0.09998,0.99191,1.30809,0.1,0.80607,1.50607,0.12054,1.00954,1.30954,0.0677,0.8,1.5,0.1,1.0,1.3,0.1,25.166,0.319,282.836,33.702,42.607,25.166,1.53,462.272,0.41,0.0,0.12494,-0.03902,7.748,-25.952,-26.595,-36.829,9.215,0.0,-0.002,4.354,-5.442,1.46,0.735,0.0,1,0,1,project4_multircm_20260624_092806_475.csv,18.2787
18.4607,0.02847,35.13,T3_safe_insertion,InsertionSequence,InsertToTarget,0.9667,0.63926,0.98482,1.31751,0.10004,0.79977,1.49976,0.09997,0.7833,1.51597,0.09996,0.99334,1.30666,0.1,0.80628,1.50628,0.12041,1.00988,1.30988,0.06791,0.8,1.5,0.1,1.0,1.3,0.1,23.171,0.339,282.836,32.252,41.451,23.171,1.645,460.265,0.437,0.0,0.12605,-0.039,7.747,-25.64,-26.986,-36.719,9.268,0.0,-0.005,4.367,-5.482,1.573,0.755,0.0,1,1,1,project4_multircm_20260624_092806_475.csv,18.3502
18.5173,0.01486,67.28,T3_safe_insertion,InsertionSequence,InsertToTarget,0.9723,0.63706,0.98601,1.31645,0.10008,0.79976,1.49975,0.09996,0.78441,1.51484,0.09995,0.99447,1.30553,0.1,0.80645,1.50645,0.1203,1.01015,1.31015,0.06808,0.8,1.5,0.1,1.0,1.3,0.1,21.595,0.355,282.836,31.148,40.581,21.595,1.74,458.677,0.459,0.0,0.12783,-0.03899,7.747,-25.392,-27.298,-36.622,9.313,0.0,-0.007,4.386,-5.546,1.739,0.792,0.0,1,1,1,project4_multircm_20260624_092806_475.csv,18.4068
18.6038,0.04166,24.0,T3_safe_insertion,InsertionSequence,InsertToTarget,0.9801,0.63402,0.98764,1.31499,0.10015,0.79974,1.49973,0.09995,0.78595,1.51329,0.09994,0.99603,1.30397,0.1,0.80671,1.50671,0.12013,1.01056,1.31056,0.06834,0.8,1.5,0.1,1.0,1.3,0.1,19.431,0.379,282.836,29.701,39.452,19.431,1.869,456.492,0.488,0.0,0.12955,-0.03896,7.746,-25.05,-27.733,-36.477,9.376,0.0,-0.012,4.402,-5.601,1.916,0.822,0.0,1,1,1,project4_multircm_20260624_092806_475.csv,18.4933
18.6644,0.01329,75.25,T3_safe_insertion,InsertionSequence,InsertToTarget,0.9862,0.63166,0.98891,1.31386,0.1002,0.79973,1.49972,0.09995,0.78714,1.51208,0.09993,0.99724,1.30276,0.1,0.80689,1.50689,0.12001,1.01084,1.31084,0.06853,0.8,1.5,0.1,1.0,1.3,0.1,17.753,0.396,282.836,28.639,38.636,17.753,1.974,454.793,0.512,0.0,0.13189,-0.03894,7.745,-24.783,-28.076,-36.352,9.428,0.0,-0.016,4.425,-5.679,2.126,0.866,0.0,1,1,1,project4_multircm_20260624_092806_475.csv,18.553900000000002
18.7216,0.01567,63.8,T3_safe_insertion,InsertionSequence,InsertToTarget,0.9919,0.62943,0.99012,1.3128,0.10025,0.79972,1.49971,0.09994,0.78828,1.51094,0.09992,0.99838,1.30162,0.1,0.80706,1.50706,0.11989,1.0111,1.3111,0.06872,0.8,1.5,0.1,1.0,1.3,0.1,16.17,0.413,282.835,27.692,37.916,16.17,2.073,453.187,0.533,0.0,0.13348,-0.03896,7.744,-24.528,-28.403,-36.225,9.479,0.0,-0.017,4.443,-5.732,2.256,0.897,0.0,1,1,1,project4_multircm_20260624_092806_475.csv,18.6111
18.795,0.07334,13.64,T3_safe_insertion,InsertionSequence,InsertToTarget,0.9952,0.62815,0.99081,1.31218,0.10028,0.79971,1.4997,0.09994,0.78893,1.51028,0.09992,0.99904,1.30096,0.1,0.80728,1.50728,0.11974,1.01144,1.31144,0.06897,0.8,1.5,0.1,1.0,1.3,0.1,15.262,0.423,282.835,27.178,37.51,15.262,2.13,452.262,0.546,0.0,0.13417,-0.03894,7.744,-24.382,-28.593,-36.149,9.509,0.0,-0.018,4.448,-5.752,2.321,0.911,0.0,1,1,1,project4_multircm_20260624_092806_475.csv,18.684500000000003
18.8518,0.01507,66.36,T3_safe_insertion,InsertionSequence,Done,0.9994,0.62593,0.992,1.31112,0.10033,0.7997,1.49969,0.09993,0.79005,1.50915,0.09991,0.99988,1.30012,0.1,0.80744,1.50744,0.11961,1.0117,1.3117,0.06916,0.8,1.5,0.1,1.0,1.3,0.1,13.703,0.439,282.835,26.339,36.879,13.703,2.23,450.669,0.567,0.0,0.13642,-0.03893,7.743,-24.128,-28.923,-36.008,9.562,0.0,-0.023,4.471,-5.824,2.506,0.949,0.0,1,1,1,project4_multircm_20260624_092806_475.csv,18.741300000000003
18.9344,0.03713,26.93,T3_safe_insertion,InsertionSequence,Done,0.9994,0.62314,0.9935,1.30978,0.1004,0.79969,1.49968,0.09992,0.79147,1.50773,0.0999,0.99988,1.30012,0.1,0.80768,1.50768,0.11943,1.01208,1.31208,0.06945,0.8,1.5,0.1,1.0,1.3,0.1,11.751,0.452,282.835,25.381,36.17,11.751,2.353,448.661,0.592,0.0,0.12698,-0.03422,7.743,-23.804,-29.353,-35.8,9.643,0.0,0.008,3.988,-5.348,2.704,1.053,0.0,1,1,1,project4_multircm_20260624_092806_475.csv,18.823900000000002
18.9972,0.01711,58.43,T3_safe_insertion,InsertionSequence,Done,0.9994,0.62125,0.99451,1.30886,0.10046,0.79969,1.49968,0.09991,0.79245,1.50678,0.09989,0.99988,1.30012,0.1,0.80786,1.50786,0.11928,1.01236,1.31236,0.06968,0.8,1.5,0.1,1.0,1.3,0.1,10.435,0.451,282.835,24.797,35.75,10.435,2.432,447.294,0.606,0.0,0.11533,-0.02893,7.744,-23.58,-29.661,-35.623,9.712,0.0,0.024,3.428,-4.747,2.857,1.103,0.0,1,1,1,project4_multircm_20260624_092806_475.csv,18.8867
19.0479,0.01434,69.74,T3_safe_insertion,InsertionSequence,Done,0.9994,0.61995,0.9952,1.30824,0.1005,0.7997,1.49969,0.0999,0.79312,1.50613,0.09988,0.99988,1.30012,0.1,0.80801,1.50801,0.11917,1.01259,1.31259,0.06987,0.8,1.5,0.1,1.0,1.3,0.1,9.545,0.448,282.835,24.435,35.491,9.545,2.482,446.364,0.613,0.0,0.10899,-0.02597,7.745,-23.426,-29.877,-35.485,9.764,0.0,0.026,3.111,-4.395,2.96,1.112,0.0,1,1,1,project4_multircm_20260624_092806_475.csv,18.9374
19.0981,0.01826,54.77,T3_safe_insertion,InsertionSequence,Done,0.9994,0.61874,0.99584,1.30764,0.10054,0.7997,1.49969,0.0999,0.79375,1.50552,0.09988,0.99988,1.30012,0.1,0.80815,1.50815,0.11905,1.01281,1.31281,0.07005,0.8,1.5,0.1,1.0,1.3,0.1,8.715,0.443,282.836,24.119,35.273,8.715,2.523,445.488,0.619,0.0,0.10347,-0.02357,7.746,-23.279,-30.086,-35.334,9.82,0.0,0.026,2.848,-4.093,3.009,1.107,0.0,1,1,1,project4_multircm_20260624_092806_475.csv,18.9876
19.1482,0.01481,67.52,T3_safe_insertion,InsertionSequence,Done,0.9994,0.61764,0.99642,1.3071,0.10058,0.79971,1.4997,0.09989,0.79432,1.50497,0.09987,0.99988,1.30012,0.1,0.80829,1.50829,0.11892,1.01303,1.31303,0.07025,0.8,1.5,0.1,1.0,1.3,0.1,7.972,0.437,282.836,23.856,35.094,7.972,2.554,444.697,0.622,0.0,0.09777,-0.02104,7.747,-23.146,-30.281,-35.182,9.874,0.0,0.021,2.569,-3.765,3.07,1.088,0.0,1,1,1,project4_multircm_20260624_092806_475.csv,19.0377
19.2036,0.00618,161.7,T3_safe_insertion,InsertionSequence,Done,0.9994,0.61655,0.99698,1.30656,0.10062,0.79971,1.4997,0.09989,0.79488,1.50443,0.09987,0.99988,1.30012,0.1,0.80844,1.50844,0.11879,1.01328,1.31328,0.07046,0.8,1.5,0.1,1.0,1.3,0.1,7.242,0.429,282.836,23.617,34.934,7.242,2.578,443.914,0.624,0.0,0.09178,-0.01837,7.749,-23.012,-30.479,-35.011,9.934,0.0,0.018,2.274,-3.417,3.11,1.068,0.0,1,1,1,project4_multircm_20260624_092806_475.csv,19.093100000000003
19.264,0.02692,37.15,T3_safe_insertion,InsertionSequence,Done,0.9994,0.6155,0.99752,1.30602,0.10067,0.79972,1.49971,0.09989,0.79543,1.50391,0.09987,0.99988,1.30012,0.1,0.80861,1.50861,0.11863,1.01354,1.31354,0.0707,0.8,1.5,0.1,1.0,1.3,0.1,6.547,0.42,282.837,23.408,34.798,6.547,2.593,443.157,0.623,0.0,0.08836,-0.0169,7.749,-22.881,-30.678,-34.822,9.998,0.0,0.014,2.108,-3.216,3.122,1.048,0.0,1,1,1,project4_multircm_20260624_092806_475.csv,19.1535
19.3226,0.01565,63.89,T3_safe_insertion,InsertionSequence,Done,0.9994,0.61461,0.99797,1.30557,0.1007,0.79973,1.49972,0.09988,0.7959,1.50347,0.09987,0.99988,1.30012,0.1,0.80877,1.50877,0.11848,1.01379,1.31379,0.07094,0.8,1.5,0.1,1.0,1.3,0.1,5.965,0.411,282.837,23.247,34.697,5.965,2.597,442.516,0.621,0.0,0.08331,-0.01459,7.75,-22.769,-30.852,-34.638,10.058,0.0,0.006,1.849,-2.9,3.151,1.017,0.0,1,1,1,project4_multircm_20260624_092806_475.csv,19.212100000000003
19.381,0.0301,33.22,T3_safe_insertion,InsertionSequence,Done,0.9994,0.61381,0.99837,1.30515,0.10073,0.79973,1.49973,0.09988,0.79631,1.50308,0.09987,0.99988,1.30012,0.1,0.80893,1.50893,0.11833,1.01404,1.31404,0.07118,0.8,1.5,0.1,1.0,1.3,0.1,5.454,0.402,282.837,23.117,34.616,5.454,2.592,441.944,0.616,0.0,0.08048,-0.0133,7.75,-22.667,-31.014,-34.454,10.116,0.0,0.001,1.702,-2.718,3.161,0.993,0.0,1,1,1,project4_multircm_20260624_092806_475.csv,19.270500000000002
19.7566,0.33333,3.0,T3_safe_insertion,InsertionSequence,Done,0.9994,0.61292,0.9988,1.30468,0.10077,0.79974,1.49973,0.09988,0.79678,1.50264,0.09987,0.99988,1.30012,0.1,0.80992,1.50992,0.11728,1.0156,1.3156,0.07283,0.8,1.5,0.1,1.0,1.3,0.1,4.891,0.389,282.838,23.0,34.384,4.891,2.574,441.304,0.609,0.0,0.07612,-0.01144,7.75,-22.552,-31.202,-34.217,10.189,0.0,-0.005,1.488,-2.449,3.145,0.957,0.0,1,1,1,project4_multircm_20260624_092806_475.csv,19.6461
19.9054,0.14877,6.72,T3_safe_insertion,InsertionSequence,Done,0.9994,0.61257,0.99896,1.30449,0.10078,0.79975,1.49974,0.09988,0.79696,1.50247,0.09987,0.99988,1.30012,0.1,0.8103,1.5103,0.11683,1.01619,1.31619,0.07353,0.8,1.5,0.1,1.0,1.3,0.1,4.671,0.384,282.838,22.957,34.299,4.671,2.563,441.051,0.605,0.0,0.07436,-0.01065,7.749,-22.506,-31.279,-34.113,10.22,0.0,-0.01,1.398,-2.335,3.141,0.939,0.0,1,1,1,project4_multircm_20260624_092806_475.csv,19.794900000000002
19.9575,0.0322,31.06,T3_safe_insertion,InsertionSequence,Done,0.9994,0.61207,0.9992,1.30421,0.1008,0.79975,1.49975,0.09988,0.79723,1.50222,0.09987,0.99988,1.30012,0.1,0.81043,1.51043,0.11667,1.0164,1.3164,0.07378,0.8,1.5,0.1,1.0,1.3,0.1,4.359,0.375,282.838,22.891,34.265,4.359,2.542,440.687,0.598,0.0,0.07177,-0.00953,7.749,-22.439,-31.393,-33.95,10.267,0.0,-0.016,1.268,-2.167,3.127,0.909,0.0,1,1,1,project4_multircm_20260624_092806_475.csv,19.847
20.0711,0.07391,13.53,T3_safe_insertion,InsertionSequence,Done,0.9994,0.61145,0.99948,1.30386,0.10082,0.79976,1.49976,0.09988,0.79756,1.50192,0.09987,0.99988,1.30012,0.1,0.81071,1.51071,0.11632,1.01683,1.31683,0.07434,0.8,1.5,0.1,1.0,1.3,0.1,3.985,0.362,282.838,22.819,34.21,3.985,2.505,440.245,0.587,0.0,0.06851,-0.0082,7.747,-22.356,-31.539,-33.724,10.331,0.0,-0.022,1.112,-1.963,3.092,0.871,0.0,1,1,1,project4_multircm_20260624_092806_475.csv,19.960600000000003
20.1278,0.02292,43.64,T3_safe_insertion,InsertionSequence,Done,0.9994,0.61103,0.99967,1.30362,0.10083,0.79977,1.49976,0.09988,0.79778,1.50172,0.09987,0.99988,1.30012,0.1,0.81084,1.51084,0.11614,1.01705,1.31705,0.07463,0.8,1.5,0.1,1.0,1.3,0.1,3.733,0.353,282.838,22.772,34.192,3.733,2.471,439.944,0.577,0.0,0.06589,-0.00713,7.746,-22.298,-31.643,-33.55,10.379,0.0,-0.029,0.986,-1.796,3.059,0.836,0.0,1,1,1,project4_multircm_20260624_092806_475.csv,20.017300000000002
20.1828,0.01462,68.42,T3_safe_insertion,InsertionSequence,Done,0.9994,0.61068,0.99982,1.30341,0.10084,0.79978,1.49977,0.09988,0.79797,1.50154,0.09987,0.99988,1.30012,0.1,0.81097,1.51097,0.11596,1.01725,1.31725,0.07491,0.8,1.5,0.1,1.0,1.3,0.1,3.518,0.343,282.839,22.733,34.179,3.518,2.435,439.686,0.568,0.0,0.0636,-0.00626,7.744,-22.248,-31.737,-33.384,10.424,0.0,-0.034,0.882,-1.656,3.018,0.804,0.0,1,1,1,project4_multircm_20260624_092806_475.csv,20.072300000000002
20.2521,0.02494,40.1,T3_safe_insertion,InsertionSequence,Done,0.9994,0.61027,0.99999,1.30317,0.10085,0.79978,1.49978,0.09988,0.79818,1.50135,0.09988,0.99988,1.30012,0.1,0.81113,1.51114,0.11573,1.01751,1.31751,0.07526,0.8,1.5,0.1,1.0,1.3,0.1,3.279,0.332,282.839,22.693,34.169,3.279,2.385,439.397,0.554,0.0,0.06167,-0.00554,7.741,-22.191,-31.846,-33.176,10.479,0.0,-0.038,0.797,-1.54,2.979,0.777,0.0,1,1,1,project4_multircm_20260624_092806_475.csv,20.1416
20.3348,0.04292,23.3,T3_safe_insertion,InsertionSequence,Done,0.9994,0.60994,1.00012,1.30296,0.10085,0.79979,1.49979,0.09988,0.79837,1.50119,0.09988,0.99988,1.30012,0.1,0.81133,1.51133,0.11546,1.01781,1.31781,0.07569,0.8,1.5,0.1,1.0,1.3,0.1,3.079,0.321,282.84,22.662,34.155,3.079,2.335,439.156,0.541,0.0,0.05981,-0.00491,7.739,-22.142,-31.943,-32.982,10.528,0.0,-0.044,0.72,-1.429,2.938,0.743,0.0,1,1,1,project4_multircm_20260624_092806_475.csv,20.224300000000003
20.3917,0.01411,70.89,T3_safe_insertion,InsertionSequence,Done,0.9994,0.60969,1.00021,1.30279,0.10086,0.7998,1.49979,0.09989,0.7985,1.50107,0.09988,0.99988,1.30012,0.1,0.81146,1.51146,0.11527,1.01801,1.31801,0.076,0.8,1.5,0.1,1.0,1.3,0.1,2.929,0.312,282.84,22.638,34.154,2.929,2.289,438.976,0.53,0.0,0.05751,-0.00421,7.736,-22.105,-32.019,-32.817,10.569,0.0,-0.048,0.633,-1.306,2.871,0.71,0.0,1,1,1,project4_multircm_20260624_092806_475.csv,20.281200000000002
20.4471,0.05539,18.05,T3_safe_insertion,InsertionSequence,Done,0.9994,0.60955,1.00026,1.3027,0.10085,0.7998,1.4998,0.09989,0.79857,1.501,0.09988,0.99988,1.30012,0.1,0.81158,1.51158,0.11508,1.01821,1.31821,0.07629,0.8,1.5,0.1,1.0,1.3,0.1,2.848,0.306,282.84,22.627,34.144,2.848,2.262,438.879,0.523,0.0,0.05711,-0.00409,7.734,-22.084,-32.061,-32.723,10.593,0.0,-0.049,0.619,-1.286,2.859,0.704,0.0,1,1,1,project4_multircm_20260624_092806_475.csv,20.3366
20.4974,0.01014,98.66,T3_safe_insertion,InsertionSequence,Done,0.9994,0.60937,1.00032,1.30258,0.10085,0.79981,1.4998,0.09989,0.79867,1.50092,0.09988,0.99988,1.30012,0.1,0.81169,1.51169,0.1149,1.01838,1.31838,0.07657,0.8,1.5,0.1,1.0,1.3,0.1,2.735,0.298,282.84,22.609,34.145,2.735,2.22,438.746,0.513,0.0,0.05503,-0.00353,7.732,-22.056,-32.122,-32.582,10.627,0.0,-0.053,0.549,-1.182,2.791,0.671,0.0,1,1,1,project4_multircm_20260624_092806_475.csv,20.3869
20.5539,0.01417,70.6,T3_safe_insertion,InsertionSequence,Done,0.9994,0.60918,1.00038,1.30245,0.10085,0.79981,1.49981,0.09989,0.79878,1.50083,0.09989,0.99988,1.30012,0.1,0.81182,1.51182,0.11471,1.01858,1.31858,0.07688,0.8,1.5,0.1,1.0,1.3,0.1,2.618,0.29,282.84,22.593,34.148,2.618,2.171,438.612,0.501,0.0,0.05351,-0.00318,7.729,-22.026,-32.187,-32.426,10.664,0.0,-0.055,0.505,-1.115,2.735,0.649,0.0,1,1,1,project4_multircm_20260624_092806_475.csv,20.4434
20.6102,0.01401,71.4,T3_safe_insertion,InsertionSequence,Done,0.9994,0.60902,1.00043,1.30233,0.10084,0.79982,1.49981,0.09989,0.79887,1.50075,0.09989,0.99988,1.30012,0.1,0.81194,1.51194,0.11451,1.01877,1.31877,0.07719,0.8,1.5,0.1,1.0,1.3,0.1,2.511,0.281,282.84,22.577,34.152,2.511,2.122,438.492,0.489,0.0,0.05216,-0.00283,7.725,-21.999,-32.247,-32.273,10.7,0.0,-0.057,0.462,-1.05,2.687,0.627,0.0,1,1,1,project4_multircm_20260624_092806_475.csv,20.4997
20.6674,0.01384,72.23,T3_safe_insertion,InsertionSequence,Done,0.9994,0.60887,1.00047,1.30221,0.10083,0.79982,1.49982,0.0999,0.79895,1.50068,0.09989,0.99988,1.30012,0.1,0.81206,1.51206,0.11431,1.01896,1.31896,0.07751,0.8,1.5,0.1,1.0,1.3,0.1,2.41,0.273,282.84,22.563,34.157,2.41,2.071,438.383,0.476,0.0,0.05075,-0.00253,7.722,-21.974,-32.305,-32.121,10.735,0.0,-0.059,0.423,-0.99,2.632,0.604,0.0,1,1,1,project4_multircm_20260624_092806_475.csv,20.556900000000002
20.7238,0.01466,68.2,T3_safe_insertion,InsertionSequence,Done,0.9994,0.60873,1.0005,1.30211,0.10083,0.79983,1.49983,0.0999,0.79902,1.50062,0.09989,0.99988,1.30012,0.1,0.81218,1.51218,0.1141,1.01915,1.31915,0.07782,0.8,1.5,0.1,1.0,1.3,0.1,2.319,0.265,282.84,22.551,34.163,2.319,2.021,438.287,0.464,0.0,0.04939,-0.00226,7.719,-21.952,-32.359,-31.975,10.768,0.0,-0.062,0.388,-0.932,2.578,0.58,0.0,1,1,1,project4_multircm_20260624_092806_475.csv,20.613300000000002
20.7798,0.01354,73.85,T3_safe_insertion,InsertionSequence,Done,0.9994,0.60861,1.00053,1.30201,0.10082,0.79983,1.49983,0.0999,0.79909,1.50057,0.0999,0.99988,1.30012,0.1,0.81229,1.51229,0.1139,1.01933,1.31933,0.07814,0.8,1.5,0.1,1.0,1.3,0.1,2.234,0.256,282.841,22.539,34.169,2.234,1.971,438.202,0.452,0.0,0.04813,-0.00202,7.715,-21.931,-32.409,-31.833,10.8,0.0,-0.064,0.357,-0.883,2.526,0.561,0.0,1,1,1,project4_multircm_20260624_092806_475.csv,20.669300000000003
20.8372,0.01444,69.23,T3_safe_insertion,InsertionSequence,Done,0.9994,0.6085,1.00055,1.30192,0.1008,0.79984,1.49984,0.0999,0.79915,1.50052,0.0999,0.99988,1.30012,0.1,0.81241,1.51241,0.11369,1.01952,1.31952,0.07847,0.8,1.5,0.1,1.0,1.3,0.1,2.153,0.248,282.841,22.528,34.177,2.153,1.92,438.124,0.441,0.0,0.04674,-0.00182,7.711,-21.912,-32.458,-31.69,10.831,0.0,-0.064,0.329,-0.836,2.463,0.542,0.0,1,1,1,project4_multircm_20260624_092806_475.csv,20.7267
20.8934,0.01423,70.27,T3_safe_insertion,InsertionSequence,Done,0.9994,0.60841,1.00056,1.30184,0.10079,0.79985,1.49984,0.0999,0.79921,1.50047,0.0999,0.99988,1.30012,0.1,0.81252,1.51252,0.11348,1.01969,1.31969,0.0788,0.8,1.5,0.1,1.0,1.3,0.1,2.077,0.241,282.841,22.518,34.184,2.077,1.871,438.055,0.429,0.0,0.04536,-0.00163,7.708,-21.894,-32.503,-31.554,10.861,0.0,-0.065,0.304,-0.791,2.4,0.521,0.0,1,1,1,project4_multircm_20260624_092806_475.csv,20.7829
20.9501,0.01354,73.84,T3_safe_insertion,InsertionSequence,Done,0.9994,0.60832,1.00057,1.30176,0.10078,0.79985,1.49985,0.09991,0.79926,1.50044,0.0999,0.99988,1.30012,0.1,0.81264,1.51264,0.11327,1.01987,1.31987,0.07913,0.8,1.5,0.1,1.0,1.3,0.1,2.006,0.233,282.841,22.509,34.193,2.006,1.821,437.993,0.417,0.0,0.04419,-0.00145,7.704,-21.878,-32.547,-31.419,10.89,0.0,-0.067,0.28,-0.749,2.349,0.501,0.0,1,1,1,project4_multircm_20260624_092806_475.csv,20.8396
21.0066,0.01443,69.32,T3_safe_insertion,InsertionSequence,Done,0.9994,0.60825,1.00057,1.30168,0.10077,0.79986,1.49985,0.09991,0.7993,1.5004,0.09991,0.99988,1.30012,0.1,0.81275,1.51275,0.11306,1.02004,1.32004,0.07947,0.8,1.5,0.1,1.0,1.3,0.1,1.938,0.226,282.841,22.5,34.201,1.938,1.771,437.937,0.405,0.0,0.04299,-0.00131,7.7,-21.862,-32.588,-31.289,10.918,0.0,-0.067,0.26,-0.714,2.292,0.485,0.0,1,1,1,project4_multircm_20260624_092806_475.csv,20.8961
21.0633,0.01475,67.79,T3_safe_insertion,InsertionSequence,Done,0.9994,0.60818,1.00058,1.30162,0.10075,0.79986,1.49986,0.09991,0.79934,1.50037,0.09991,0.99988,1.30012,0.1,0.81286,1.51286,0.11284,1.02021,1.32021,0.0798,0.8,1.5,0.1,1.0,1.3,0.1,1.872,0.219,282.841,22.492,34.211,1.872,1.722,437.887,0.394,0.0,0.0419,-0.00118,7.696,-21.848,-32.627,-31.161,10.944,0.0,-0.067,0.242,-0.681,2.24,0.47,0.0,1,1,1,project4_multircm_20260624_092806_475.csv,20.952800000000003
21.1231,0.01489,67.16,T3_safe_insertion,InsertionSequence,Done,0.9994,0.60811,1.00057,1.30155,0.10074,0.79986,1.49986,0.09991,0.79938,1.50034,0.09991,0.99988,1.30012,0.1,0.81297,1.51297,0.11262,1.02039,1.32039,0.08016,0.8,1.5,0.1,1.0,1.3,0.1,1.807,0.212,282.841,22.483,34.22,1.807,1.671,437.84,0.382,0.0,0.04056,-0.00105,7.692,-21.835,-32.667,-31.029,10.972,0.0,-0.067,0.224,-0.645,2.174,0.45,0.0,1,1,1,project4_multircm_20260624_092806_475.csv,21.012600000000003
21.1821,0.01554,64.36,T3_safe_insertion,InsertionSequence,Done,0.9994,0.60805,1.00057,1.30148,0.10072,0.79987,1.49987,0.09992,0.79941,1.50032,0.09991,0.99988,1.30012,0.1,0.81308,1.51308,0.11239,1.02056,1.32056,0.08052,0.8,1.5,0.1,1.0,1.3,0.1,1.745,0.205,282.841,22.475,34.23,1.745,1.621,437.798,0.371,0.0,0.03935,-0.00095,7.688,-21.822,-32.703,-30.903,10.998,0.0,-0.068,0.208,-0.613,2.115,0.433,0.0,1,1,1,project4_multircm_20260624_092806_475.csv,21.0716
21.2414,0.01453,68.82,T3_safe_insertion,InsertionSequence,Done,0.9994,0.608,1.00056,1.30142,0.10071,0.79987,1.49987,0.09992,0.79945,1.5003,0.09992,0.99988,1.30012,0.1,0.81319,1.51319,0.11216,1.02073,1.32073,0.08088,0.8,1.5,0.1,1.0,1.3,0.1,1.686,0.198,282.842,22.467,34.24,1.686,1.572,437.76,0.359,0.0,0.03821,-0.00085,7.684,-21.81,-32.739,-30.78,11.023,0.0,-0.068,0.193,-0.583,2.058,0.416,0.0,1,1,1,project4_multircm_20260624_092806_475.csv,21.1309
21.3002,0.01396,71.66,T3_safe_insertion,InsertionSequence,Done,0.9994,0.60795,1.00056,1.30137,0.10069,0.79988,1.49988,0.09992,0.79947,1.50028,0.09992,0.99988,1.30012,0.1,0.81329,1.51329,0.11193,1.0209,1.3209,0.08125,0.8,1.5,0.1,1.0,1.3,0.1,1.629,0.191,282.842,22.46,34.251,1.629,1.525,437.727,0.348,0.0,0.03712,-0.00076,7.68,-21.799,-32.772,-30.661,11.047,0.0,-0.068,0.18,-0.556,2.004,0.401,0.0,1,1,1,project4_multircm_20260624_092806_475.csv,21.189700000000002
21.3596,0.01448,69.08,T3_safe_insertion,InsertionSequence,Done,0.9994,0.60791,1.00055,1.30131,0.10067,0.79988,1.49988,0.09992,0.7995,1.50026,0.09992,0.99988,1.30012,0.1,0.81339,1.51339,0.11169,1.02106,1.32106,0.08162,0.8,1.5,0.1,1.0,1.3,0.1,1.574,0.185,282.842,22.453,34.261,1.574,1.477,437.696,0.336,0.0,0.03599,-0.00069,7.676,-21.789,-32.804,-30.544,11.07,0.0,-0.067,0.168,-0.531,1.946,0.388,0.0,1,1,1,project4_multircm_20260624_092806_475.csv,21.249100000000002
21.4193,0.01445,69.19,T3_safe_insertion,InsertionSequence,Done,0.9994,0.60787,1.00054,1.30126,0.10066,0.79989,1.49989,0.09993,0.79952,1.50024,0.09992,0.99988,1.30012,0.1,0.8135,1.5135,0.11145,1.02122,1.32122,0.08199,0.8,1.5,0.1,1.0,1.3,0.1,1.52,0.178,282.842,22.446,34.272,1.52,1.43,437.668,0.326,0.0,0.03487,-0.00062,7.672,-21.78,-32.835,-30.43,11.093,0.0,-0.066,0.157,-0.507,1.888,0.372,0.0,1,1,1,project4_multircm_20260624_092806_475.csv,21.3088
21.4777,0.01457,68.66,T3_safe_insertion,InsertionSequence,Done,0.9994,0.60784,1.00052,1.30122,0.10064,0.79989,1.49989,0.09993,0.79954,1.50023,0.09993,0.99988,1.30012,0.1,0.81359,1.5136,0.11122,1.02138,1.32138,0.08236,0.8,1.5,0.1,1.0,1.3,0.1,1.47,0.172,282.842,22.44,34.283,1.47,1.386,437.644,0.315,0.0,0.03396,-0.00056,7.669,-21.771,-32.864,-30.321,11.114,0.0,-0.066,0.147,-0.486,1.842,0.36,0.0,1,1,1,project4_multircm_20260624_092806_475.csv,21.3672
21.5375,0.01454,68.78,T3_safe_insertion,InsertionSequence,Done,0.9994,0.60781,1.00051,1.30117,0.10062,0.79989,1.49989,0.09993,0.79956,1.50022,0.09993,0.99988,1.30012,0.1,0.81369,1.51369,0.11098,1.02153,1.32153,0.08274,0.8,1.5,0.1,1.0,1.3,0.1,1.42,0.166,282.842,22.433,34.295,1.42,1.341,437.621,0.305,0.0,0.03285,-0.00051,7.665,-21.762,-32.892,-30.213,11.135,0.0,-0.065,0.138,-0.464,1.784,0.346,0.0,1,1,1,project4_multircm_20260624_092806_475.csv,21.427000000000003
21.596,0.01505,66.47,T3_safe_insertion,InsertionSequence,Done,0.9994,0.60778,1.0005,1.30113,0.1006,0.7999,1.4999,0.09993,0.79958,1.50021,0.09993,0.99988,1.30012,0.1,0.81379,1.51379,0.11074,1.02168,1.32168,0.08311,0.8,1.5,0.1,1.0,1.3,0.1,1.373,0.16,282.842,22.427,34.306,1.373,1.298,437.601,0.295,0.0,0.0318,-0.00046,7.661,-21.754,-32.918,-30.111,11.155,0.0,-0.064,0.13,-0.444,1.729,0.334,0.0,1,1,1,project4_multircm_20260624_092806_475.csv,21.485500000000002
21.6557,0.01497,66.78,T3_safe_insertion,InsertionSequence,Done,0.9994,0.60775,1.00048,1.30109,0.10059,0.7999,1.4999,0.09993,0.7996,1.5002,0.09993,0.99988,1.30012,0.1,0.81388,1.51388,0.1105,1.02183,1.32183,0.0835,0.8,1.5,0.1,1.0,1.3,0.1,1.326,0.155,282.842,22.421,34.317,1.326,1.255,437.583,0.285,0.0,0.03079,-0.00041,7.657,-21.747,-32.944,-30.01,11.174,0.0,-0.064,0.122,-0.424,1.677,0.32,0.0,1,1,1,project4_multircm_20260624_092806_475.csv,21.5452
21.7143,0.01514,66.05,T3_safe_insertion,InsertionSequence,Done,0.9994,0.60773,1.00047,1.30105,0.10057,0.7999,1.4999,0.09994,0.79961,1.50019,0.09994,0.99988,1.30012,0.1,0.81397,1.51397,0.11025,1.02197,1.32197,0.08388,0.8,1.5,0.1,1.0,1.3,0.1,1.282,0.149,282.842,22.415,34.329,1.282,1.214,437.566,0.276,0.0,0.02986,-0.00038,7.653,-21.74,-32.968,-29.914,11.192,0.0,-0.063,0.116,-0.408,1.627,0.31,0.0,1,1,1,project4_multircm_20260624_092806_475.csv,21.603800000000003
21.774,0.01528,65.45,T3_safe_insertion,InsertionSequence,Done,0.9994,0.60771,1.00045,1.30101,0.10055,0.79991,1.49991,0.09994,0.79963,1.50018,0.09994,0.99988,1.30012,0.1,0.81406,1.51406,0.11001,1.02211,1.32211,0.08427,0.8,1.5,0.1,1.0,1.3,0.1,1.239,0.144,282.842,22.409,34.34,1.239,1.174,437.551,0.267,0.0,0.02885,-0.00035,7.65,-21.733,-32.992,-29.818,11.21,0.0,-0.061,0.109,-0.39,1.574,0.298,0.0,1,1,1,project4_multircm_20260624_092806_475.csv,21.663500000000003
21.833,0.01426,70.12,T3_safe_insertion,InsertionSequence,Done,0.9994,0.60769,1.00044,1.30098,0.10054,0.79991,1.49991,0.09994,0.79964,1.50018,0.09994,0.99988,1.30012,0.1,0.81415,1.51415,0.10976,1.02224,1.32224,0.08465,0.8,1.5,0.1,1.0,1.3,0.1,1.197,0.139,282.842,22.404,34.352,1.197,1.135,437.537,0.258,0.0,0.02798,-0.00031,7.646,-21.727,-33.014,-29.727,11.228,0.0,-0.061,0.103,-0.374,1.528,0.286,0.0,1,1,1,project4_multircm_20260624_092806_475.csv,21.7225
21.8926,0.01507,66.35,T3_safe_insertion,InsertionSequence,Done,0.9994,0.60767,1.00042,1.30094,0.10052,0.79991,1.49991,0.09994,0.79965,1.50017,0.09994,0.99988,1.30012,0.1,0.81423,1.51423,0.10951,1.02238,1.32238,0.08505,0.8,1.5,0.1,1.0,1.3,0.1,1.157,0.134,282.842,22.399,34.364,1.157,1.096,437.524,0.249,0.0,0.02716,-0.00029,7.642,-21.721,-33.036,-29.638,11.244,0.0,-0.059,0.098,-0.361,1.484,0.278,0.0,1,1,1,project4_multircm_20260624_092806_475.csv,21.782100000000003
21.9526,0.01488,67.19,T3_safe_insertion,InsertionSequence,Done,0.9994,0.60766,1.00041,1.30091,0.1005,0.79992,1.49992,0.09994,0.79967,1.50017,0.09994,0.99988,1.30012,0.1,0.81432,1.51432,0.10926,1.02251,1.32251,0.08545,0.8,1.5,0.1,1.0,1.3,0.1,1.117,0.129,282.842,22.394,34.376,1.117,1.059,437.512,0.241,0.0,0.02625,-0.00026,7.639,-21.716,-33.057,-29.55,11.261,0.0,-0.058,0.093,-0.346,1.435,0.267,0.0,1,1,1,project4_multircm_20260624_092806_475.csv,21.842100000000002
22.011,0.01417,70.56,T3_safe_insertion,InsertionSequence,Done,0.9994,0.60764,1.00039,1.30088,0.10049,0.79992,1.49992,0.09995,0.79968,1.50016,0.09995,0.99988,1.30012,0.1,0.81439,1.51439,0.10901,1.02263,1.32263,0.08584,0.8,1.5,0.1,1.0,1.3,0.1,1.08,0.125,282.842,22.389,34.387,1.08,1.023,437.502,0.232,0.0,0.02542,-0.00023,7.636,-21.71,-33.077,-29.468,11.276,0.0,-0.057,0.088,-0.333,1.39,0.258,0.0,1,1,1,project4_multircm_20260624_092806_475.csv,21.9005
22.0716,0.01488,67.21,T3_safe_insertion,InsertionSequence,Done,0.9994,0.60763,1.00038,1.30085,0.10047,0.79992,1.49992,0.09995,0.79969,1.50016,0.09995,0.99988,1.30012,0.1,0.81447,1.51447,0.10875,1.02276,1.32276,0.08625,0.8,1.5,0.1,1.0,1.3,0.1,1.043,0.12,282.842,22.384,34.399,1.043,0.987,437.492,0.224,0.0,0.02462,-0.00022,7.632,-21.705,-33.097,-29.386,11.291,0.0,-0.056,0.084,-0.32,1.347,0.249,0.0,1,1,1,project4_multircm_20260624_092806_475.csv,21.961100000000002
22.13,0.01467,68.19,T3_safe_insertion,InsertionSequence,Done,0.9994,0.60762,1.00036,1.30082,0.10046,0.79993,1.49993,0.09995,0.7997,1.50016,0.09995,0.99988,1.30012,0.1,0.81455,1.51455,0.1085,1.02288,1.32288,0.08664,0.8,1.5,0.1,1.0,1.3,0.1,1.008,0.116,282.842,22.379,34.411,1.008,0.953,437.483,0.216,0.0,0.02378,-0.00021,7.629,-21.7,-33.115,-29.309,11.305,0.0,-0.055,0.08,-0.306,1.303,0.238,0.0,1,1,1,project4_multircm_20260624_092806_475.csv,22.0195
22.1908,0.01553,64.39,T3_safe_insertion,InsertionSequence,Done,0.9994,0.6076,1.00035,1.3008,0.10044,0.79993,1.49993,0.09995,0.7997,1.50015,0.09995,0.99988,1.30012,0.1,0.81462,1.51462,0.10823,1.02299,1.32299,0.08705,0.8,1.5,0.1,1.0,1.3,0.1,0.973,0.111,282.843,22.375,34.423,0.973,0.919,437.475,0.208,0.0,0.02296,-0.00019,7.626,-21.696,-33.133,-29.231,11.319,0.0,-0.054,0.076,-0.293,1.259,0.229,0.0,1,1,1,project4_multircm_20260624_092806_475.csv,22.0803
22.2489,0.01521,65.73,T3_safe_insertion,InsertionSequence,Done,0.9994,0.60759,1.00033,1.30077,0.10043,0.79993,1.49993,0.09995,0.79971,1.50015,0.09995,0.99988,1.30012,0.1,0.81469,1.51469,0.10798,1.0231,1.3231,0.08745,0.8,1.5,0.1,1.0,1.3,0.1,0.94,0.108,282.843,22.371,34.435,0.94,0.888,437.467,0.202,0.0,0.02226,-0.00017,7.623,-21.691,-33.15,-29.16,11.333,0.0,-0.052,0.073,-0.284,1.22,0.223,0.0,1,1,1,project4_multircm_20260624_092806_475.csv,22.1384
22.3077,0.01496,66.83,T3_safe_insertion,InsertionSequence,Done,0.9994,0.60758,1.00032,1.30075,0.10041,0.79993,1.49993,0.09996,0.79972,1.50015,0.09996,0.99988,1.30012,0.1,0.81476,1.51476,0.10773,1.02321,1.32321,0.08785,0.8,1.5,0.1,1.0,1.3,0.1,0.909,0.103,282.843,22.366,34.447,0.909,0.857,437.46,0.194,0.0,0.02151,-0.00016,7.62,-21.687,-33.166,-29.089,11.345,0.0,-0.051,0.069,-0.273,1.179,0.215,0.0,1,1,1,project4_multircm_20260624_092806_475.csv,22.197200000000002
22.3662,0.01412,70.81,T3_safe_insertion,InsertionSequence,Done,0.9994,0.60757,1.0003,1.30072,0.1004,0.79994,1.49994,0.09996,0.79973,1.50014,0.09996,0.99988,1.30012,0.1,0.81483,1.51483,0.10747,1.02331,1.32331,0.08826,0.8,1.5,0.1,1.0,1.3,0.1,0.878,0.1,282.842,22.363,34.459,0.878,0.826,437.453,0.188,0.0,0.0208,-0.00015,7.617,-21.683,-33.182,-29.022,11.358,0.0,-0.05,0.066,-0.262,1.141,0.206,0.0,1,1,1,project4_multircm_20260624_092806_475.csv,22.2557
22.4261,0.01453,68.84,T3_safe_insertion,InsertionSequence,Done,0.9994,0.60757,1.00029,1.3007,0.10038,0.79994,1.49994,0.09996,0.79973,1.50014,0.09996,0.99988,1.30012,0.1,0.81489,1.51489,0.10721,1.02342,1.32342,0.08867,0.8,1.5,0.1,1.0,1.3,0.1,0.848,0.096,282.842,22.359,34.47,0.848,0.797,437.447,0.18,0.0,0.02012,-0.00014,7.614,-21.679,-33.197,-28.955,11.37,0.0,-0.049,0.063,-0.252,1.104,0.198,0.0,1,1,1,project4_multircm_20260624_092806_475.csv,22.315600000000003
22.4861,0.01491,67.09,T3_safe_insertion,InsertionSequence,Done,0.9994,0.60756,1.00027,1.30068,0.10037,0.79994,1.49994,0.09996,0.79974,1.50014,0.09996,0.99988,1.30012,0.1,0.81496,1.51496,0.10694,1.02352,1.32352,0.08909,0.8,1.5,0.1,1.0,1.3,0.1,0.819,0.093,282.842,22.355,34.482,0.819,0.768,437.441,0.174,0.0,0.01948,-0.00013,7.611,-21.676,-33.212,-28.89,11.381,0.0,-0.047,0.06,-0.243,1.07,0.192,0.0,1,1,1,project4_multircm_20260624_092806_475.csv,22.375600000000002
22.5683,0.06557,15.25,T3_safe_insertion,InsertionSequence,Done,0.9994,0.60755,1.00026,1.30066,0.10036,0.79994,1.49994,0.09996,0.79974,1.50014,0.09996,0.99988,1.30012,0.1,0.81504,1.51504,0.10658,1.02364,1.32364,0.08966,0.8,1.5,0.1,1.0,1.3,0.1,0.795,0.09,282.842,22.352,34.489,0.795,0.744,437.437,0.169,0.0,0.01911,-0.00013,7.609,-21.673,-33.224,-28.838,11.391,0.0,-0.047,0.059,-0.238,1.049,0.188,0.0,1,1,1,project4_multircm_20260624_092806_475.csv,22.457800000000002
22.619,0.00521,192.01,T3_safe_insertion,InsertionSequence,Done,0.9994,0.60754,1.00025,1.30064,0.10035,0.79994,1.49994,0.09996,0.79975,1.50014,0.09996,0.99988,1.30012,0.1,0.81509,1.51509,0.10635,1.02372,1.32372,0.09002,0.8,1.5,0.1,1.0,1.3,0.1,0.772,0.087,282.843,22.348,34.499,0.772,0.721,437.433,0.162,0.0,0.01826,-0.00012,7.606,-21.67,-33.235,-28.786,11.4,0.0,-0.045,0.056,-0.227,1.003,0.179,0.0,1,1,1,project4_multircm_20260624_092806_475.csv,22.5085
22.7233,0.06141,16.28,T3_safe_insertion,InsertionSequence,Done,0.9994,0.60754,1.00024,1.30062,0.10033,0.79995,1.49995,0.09997,0.79976,1.50014,0.09997,0.99988,1.30012,0.1,0.81518,1.51518,0.10588,1.02387,1.32387,0.09075,0.8,1.5,0.1,1.0,1.3,0.1,0.739,0.083,282.843,22.344,34.511,0.739,0.688,437.426,0.156,0.0,0.01776,-0.00011,7.603,-21.666,-33.252,-28.711,11.413,0.0,-0.044,0.054,-0.22,0.976,0.174,0.0,1,1,1,project4_multircm_20260624_092806_475.csv,22.6128
22.7866,0.01572,63.61,T3_safe_insertion,InsertionSequence,Done,0.9994,0.60753,1.00022,1.3006,0.10032,0.79995,1.49995,0.09997,0.79976,1.50014,0.09997,0.99988,1.30012,0.1,0.81523,1.51524,0.1056,1.02395,1.32395,0.0912,0.8,1.5,0.1,1.0,1.3,0.1,0.712,0.079,282.843,22.34,34.523,0.712,0.661,437.422,0.148,0.0,0.01695,-0.0001,7.6,-21.663,-33.266,-28.651,11.424,0.0,-0.042,0.051,-0.209,0.931,0.165,0.0,1,1,1,project4_multircm_20260624_092806_475.csv,22.6761
22.8469,0.01635,61.14,T3_safe_insertion,InsertionSequence,Done,0.9994,0.60752,1.00021,1.30058,0.10031,0.79995,1.49995,0.09997,0.79977,1.50013,0.09997,0.99988,1.30012,0.1,0.81528,1.51528,0.10532,1.02403,1.32403,0.09163,0.8,1.5,0.1,1.0,1.3,0.1,0.688,0.076,282.843,22.337,34.535,0.688,0.636,437.418,0.143,0.0,0.01637,-0.0001,7.598,-21.66,-33.278,-28.597,11.434,0.0,-0.041,0.048,-0.201,0.9,0.159,0.0,1,1,1,project4_multircm_20260624_092806_475.csv,22.736400000000003
22.9043,0.01469,68.08,T3_safe_insertion,InsertionSequence,Done,0.9994,0.60752,1.0002,1.30056,0.10029,0.79995,1.49995,0.09997,0.79977,1.50013,0.09997,0.99988,1.30012,0.1,0.81533,1.51533,0.10506,1.0241,1.3241,0.09204,0.8,1.5,0.1,1.0,1.3,0.1,0.665,0.073,282.843,22.334,34.546,0.665,0.613,437.414,0.138,0.0,0.01581,-9e-05,7.595,-21.657,-33.289,-28.546,11.443,0.0,-0.04,0.047,-0.194,0.869,0.154,0.0,1,1,1,project4_multircm_20260624_092806_475.csv,22.7938
22.963,0.01427,70.08,T3_safe_insertion,InsertionSequence,Done,0.9994,0.60751,1.00019,1.30055,0.10028,0.79995,1.49995,0.09997,0.79978,1.50013,0.09997,0.99988,1.30012,0.1,0.81537,1.51537,0.1048,1.02417,1.32417,0.09246,0.8,1.5,0.1,1.0,1.3,0.1,0.643,0.071,282.843,22.331,34.558,0.643,0.591,437.41,0.133,0.0,0.01527,-8e-05,7.593,-21.654,-33.3,-28.496,11.451,0.0,-0.039,0.045,-0.187,0.84,0.148,0.0,1,1,1,project4_multircm_20260624_092806_475.csv,22.852500000000003
23.0226,0.0147,68.01,T3_safe_insertion,InsertionSequence,Done,0.9994,0.60751,1.00018,1.30053,0.10027,0.79996,1.49996,0.09997,0.79978,1.50013,0.09997,0.99988,1.30012,0.1,0.81541,1.51541,0.10453,1.02423,1.32423,0.09289,0.8,1.5,0.1,1.0,1.3,0.1,0.621,0.068,282.843,22.329,34.569,0.621,0.569,437.407,0.128,0.0,0.01475,-8e-05,7.591,-21.652,-33.311,-28.447,11.46,0.0,-0.038,0.043,-0.18,0.811,0.143,0.0,1,1,1,project4_multircm_20260624_092806_475.csv,22.912100000000002
23.3559,0.33333,3.0,T3_safe_insertion,InsertionSequence,Done,0.9994,0.60751,1.00017,1.30052,0.10027,0.79996,1.49996,0.09997,0.79978,1.50013,0.09997,0.99988,1.30012,0.1,0.8156,1.5156,0.10299,1.02452,1.32452,0.09529,0.8,1.5,0.1,1.0,1.3,0.1,0.609,0.066,282.843,22.326,34.553,0.609,0.557,437.405,0.125,0.0,0.01463,-8e-05,7.59,-21.65,-33.317,-28.421,11.465,0.0,-0.038,0.043,-0.178,0.805,0.141,0.0,1,1,1,project4_multircm_20260624_092806_475.csv,23.2454
23.4178,0.01335,74.9,T3_safe_insertion,InsertionSequence,Done,0.9994,0.6075,1.00016,1.30051,0.10025,0.79996,1.49996,0.09997,0.79979,1.50013,0.09997,0.99988,1.30012,0.1,0.81562,1.51562,0.10271,1.02457,1.32457,0.09574,0.8,1.5,0.1,1.0,1.3,0.1,0.588,0.064,282.843,22.323,34.566,0.588,0.535,437.402,0.12,0.0,0.01393,-7e-05,7.587,-21.648,-33.328,-28.373,11.473,0.0,-0.036,0.04,-0.169,0.766,0.134,0.0,1,1,1,project4_multircm_20260624_092806_475.csv,23.3073
23.4798,0.02953,33.86,T3_safe_insertion,InsertionSequence,Done,0.9994,0.6075,1.00015,1.30049,0.10024,0.79996,1.49996,0.09998,0.79979,1.50013,0.09998,0.99988,1.30012,0.1,0.81565,1.51565,0.10242,1.0246,1.3246,0.09619,0.8,1.5,0.1,1.0,1.3,0.1,0.568,0.061,282.843,22.32,34.579,0.568,0.514,437.398,0.115,0.0,0.01357,-7e-05,7.585,-21.645,-33.338,-28.326,11.481,0.0,-0.035,0.039,-0.165,0.746,0.131,0.0,1,1,1,project4_multircm_20260624_092806_475.csv,23.369300000000003
23.543,0.0309,32.36,T3_safe_insertion,InsertionSequence,Done,0.9994,0.60749,1.00014,1.30048,0.10023,0.79996,1.49996,0.09998,0.79979,1.50013,0.09998,0.99988,1.30012,0.1,0.81567,1.51567,0.10213,1.02464,1.32464,0.09665,0.8,1.5,0.1,1.0,1.3,0.1,0.548,0.059,282.843,22.318,34.592,0.548,0.493,437.395,0.11,0.0,0.01309,-7e-05,7.583,-21.643,-33.348,-28.28,11.489,0.0,-0.034,0.037,-0.158,0.72,0.126,0.0,1,1,1,project4_multircm_20260624_092806_475.csv,23.4325
23.599,0.0279,35.84,T3_safe_insertion,InsertionSequence,Done,0.9994,0.60749,1.00013,1.30046,0.10022,0.79996,1.49996,0.09998,0.7998,1.50013,0.09998,0.99988,1.30012,0.1,0.81568,1.51569,0.10187,1.02466,1.32466,0.09706,0.8,1.5,0.1,1.0,1.3,0.1,0.531,0.056,282.843,22.315,34.603,0.531,0.475,437.393,0.107,0.0,0.01261,-6e-05,7.581,-21.641,-33.357,-28.241,11.496,0.0,-0.033,0.036,-0.152,0.694,0.121,0.0,1,1,1,project4_multircm_20260624_092806_475.csv,23.488500000000002
23.6517,0.02603,38.42,T3_safe_insertion,InsertionSequence,Done,0.9994,0.60749,1.00012,1.30045,0.10022,0.79996,1.49996,0.09998,0.7998,1.50013,0.09998,0.99988,1.30012,0.1,0.8157,1.5157,0.10162,1.02468,1.32468,0.09745,0.8,1.5,0.1,1.0,1.3,0.1,0.515,0.055,282.842,22.314,34.613,0.515,0.459,437.39,0.103,0.0,0.01222,-6e-05,7.579,-21.639,-33.364,-28.206,11.502,0.0,-0.032,0.035,-0.147,0.673,0.117,0.0,1,1,1,project4_multircm_20260624_092806_475.csv,23.541200000000003
23.7238,0.02328,42.95,T3_safe_insertion,InsertionSequence,Done,0.9994,0.60748,1.00011,1.30044,0.1002,0.79997,1.49997,0.09998,0.7998,1.50013,0.09998,0.99988,1.30012,0.1,0.81571,1.51571,0.10129,1.02471,1.32471,0.09798,0.8,1.5,0.1,1.0,1.3,0.1,0.494,0.052,282.843,22.311,34.627,0.494,0.437,437.388,0.097,0.0,0.01167,-5e-05,7.577,-21.637,-33.375,-28.158,11.511,0.0,-0.031,0.033,-0.14,0.643,0.112,0.0,1,1,1,project4_multircm_20260624_092806_475.csv,23.613300000000002
23.7904,0.02158,46.35,T3_safe_insertion,InsertionSequence,Done,0.9994,0.60748,1.0001,1.30042,0.10019,0.79997,1.49997,0.09998,0.79981,1.50013,0.09998,0.99988,1.30012,0.1,0.81573,1.51573,0.10098,1.02473,1.32473,0.09846,0.8,1.5,0.1,1.0,1.3,0.1,0.477,0.05,282.843,22.308,34.639,0.477,0.419,437.385,0.093,0.0,0.01123,-6e-05,7.575,-21.634,-33.384,-28.117,11.518,0.0,-0.03,0.032,-0.136,0.618,0.108,0.0,1,1,1,project4_multircm_20260624_092806_475.csv,23.679900000000004
23.8552,0.02122,47.12,T3_safe_insertion,InsertionSequence,Done,0.9994,0.60748,1.00009,1.30041,0.10018,0.79997,1.49997,0.09998,0.79981,1.50013,0.09998,0.99988,1.30012,0.1,0.81573,1.51573,0.10067,1.02474,1.32474,0.09894,0.8,1.5,0.1,1.0,1.3,0.1,0.46,0.048,282.843,22.306,34.652,0.46,0.401,437.383,0.088,0.0,0.01078,-6e-05,7.573,-21.632,-33.392,-28.078,11.525,0.0,-0.029,0.03,-0.13,0.594,0.104,0.0,1,1,1,project4_multircm_20260624_092806_475.csv,23.7447
23.92,0.02293,43.61,T3_safe_insertion,InsertionSequence,Done,0.9994,0.60747,1.00008,1.3004,0.10018,0.79997,1.49997,0.09998,0.79981,1.50013,0.09998,0.99988,1.30012,0.1,0.81574,1.51574,0.10037,1.02475,1.32475,0.09941,0.8,1.5,0.1,1.0,1.3,0.1,0.443,0.046,282.843,22.304,34.663,0.443,0.383,437.38,0.084,0.0,0.01038,-5e-05,7.571,-21.631,-33.401,-28.04,11.531,0.0,-0.028,0.029,-0.125,0.572,0.099,0.0,1,1,1,project4_multircm_20260624_092806_475.csv,23.809500000000003
23.9836,0.02121,47.14,T3_safe_insertion,InsertionSequence,Done,0.9994,0.60747,1.00008,1.30039,0.10017,0.79997,1.49997,0.09998,0.79982,1.50013,0.09998,0.99988,1.30012,0.1,0.81574,1.51574,0.10008,1.02475,1.32475,0.09988,0.8,1.5,0.1,1.0,1.3,0.1,0.428,0.044,282.843,22.302,34.675,0.428,0.367,437.378,0.082,0.0,0.00999,-5e-05,7.57,-21.629,-33.408,-28.005,11.537,0.0,-0.027,0.028,-0.12,0.55,0.096,0.0,1,1,1,project4_multircm_20260624_092806_475.csv,23.8731
24.0463,0.02115,47.29,T3_safe_insertion,InsertionSequence,Done,0.9994,0.60747,1.00007,1.30038,0.10016,0.79997,1.49997,0.09998,0.79982,1.50013,0.09998,0.99988,1.30012,0.1,0.81574,1.51574,0.09978,1.02475,1.32475,0.10034,0.8,1.5,0.1,1.0,1.3,0.1,0.414,0.042,282.843,22.3,34.686,0.414,0.352,437.376,0.077,0.0,0.00962,-4e-05,7.568,-21.627,-33.416,-27.971,11.543,0.0,-0.026,0.027,-0.116,0.529,0.092,0.0,1,1,1,project4_multircm_20260624_092806_475.csv,23.9358
24.1095,0.02185,45.76,T3_safe_insertion,InsertionSequence,Done,0.9994,0.60746,1.00006,1.30037,0.10015,0.79997,1.49997,0.09999,0.79982,1.50013,0.09999,0.99988,1.30012,0.1,0.81574,1.51574,0.09949,1.02474,1.32474,0.1008,0.8,1.5,0.1,1.0,1.3,0.1,0.401,0.04,282.843,22.298,34.696,0.401,0.337,437.374,0.077,0.0,0.00925,-5e-05,7.567,-21.625,-33.423,-27.939,11.549,0.0,-0.025,0.026,-0.111,0.51,0.088,0.0,1,1,1,project4_multircm_20260624_092806_475.csv,23.999000000000002
24.1714,0.02024,49.42,T3_safe_insertion,InsertionSequence,Done,0.9994,0.60746,1.00005,1.30036,0.10014,0.79997,1.49998,0.09999,0.79982,1.50013,0.09999,0.99988,1.30012,0.1,0.81573,1.51573,0.0992,1.02473,1.32473,0.10126,0.8,1.5,0.1,1.0,1.3,0.1,0.388,0.038,282.843,22.297,34.707,0.388,0.323,437.372,0.071,0.0,0.00892,-4e-05,7.565,-21.624,-33.429,-27.908,11.554,0.0,-0.024,0.025,-0.107,0.491,0.085,0.0,1,1,1,project4_multircm_20260624_092806_475.csv,24.0609
24.2342,0.0199,50.24,T3_safe_insertion,InsertionSequence,Done,0.9994,0.60746,1.00005,1.30035,0.10014,0.79998,1.49998,0.09999,0.79982,1.50013,0.09999,0.99988,1.30012,0.1,0.81572,1.51572,0.09891,1.02472,1.32472,0.10172,0.8,1.5,0.1,1.0,1.3,0.1,0.376,0.036,282.843,22.295,34.717,0.376,0.309,437.371,0.069,0.0,0.00855,-3e-05,7.564,-21.622,-33.436,-27.878,11.559,0.0,-0.023,0.024,-0.101,0.471,0.081,0.0,1,1,1,project4_multircm_20260624_092806_475.csv,24.123700000000003
24.2979,0.01993,50.18,T3_safe_insertion,InsertionSequence,Done,0.9994,0.60746,1.00004,1.30034,0.10013,0.79998,1.49998,0.09999,0.79983,1.50013,0.09999,0.99988,1.30012,0.1,0.81571,1.51571,0.09861,1.0247,1.3247,0.10218,0.8,1.5,0.1,1.0,1.3,0.1,0.364,0.035,282.843,22.294,34.727,0.364,0.296,437.369,0.063,0.0,0.00824,-4e-05,7.562,-21.621,-33.442,-27.849,11.564,0.0,-0.022,0.023,-0.098,0.454,0.078,0.0,1,1,1,project4_multircm_20260624_092806_475.csv,24.1874
24.3633,0.02344,42.67,T3_safe_insertion,InsertionSequence,Done,0.9994,0.60745,1.00003,1.30033,0.10012,0.79998,1.49998,0.09999,0.79983,1.50013,0.09999,0.99988,1.30012,0.1,0.81569,1.5157,0.09831,1.02468,1.32468,0.10266,0.8,1.5,0.1,1.0,1.3,0.1,0.352,0.033,282.843,22.292,34.737,0.352,0.282,437.367,0.063,0.0,0.00793,-3e-05,7.561,-21.619,-33.448,-27.82,11.569,0.0,-0.022,0.022,-0.094,0.437,0.075,0.0,1,1,1,project4_multircm_20260624_092806_475.csv,24.2528
24.4268,0.0215,46.5,T3_safe_insertion,InsertionSequence,Done,0.9994,0.60745,1.00003,1.30032,0.10011,0.79998,1.49998,0.09999,0.79983,1.50013,0.09999,0.99988,1.30012,0.1,0.81568,1.51568,0.09801,1.02465,1.32465,0.10312,0.8,1.5,0.1,1.0,1.3,0.1,0.341,0.032,282.843,22.291,34.747,0.341,0.27,437.366,0.059,0.0,0.00761,-3e-05,7.559,-21.618,-33.454,-27.793,11.574,0.0,-0.021,0.021,-0.09,0.42,0.072,0.0,1,1,1,project4_multircm_20260624_092806_475.csv,24.316300000000002
24.4897,0.04213,23.74,T3_safe_insertion,InsertionSequence,Done,0.9994,0.60745,1.00002,1.30031,0.10011,0.79998,1.49998,0.09999,0.79983,1.50013,0.09999,0.99988,1.30012,0.1,0.81566,1.51566,0.09772,1.02462,1.32462,0.10358,0.8,1.5,0.1,1.0,1.3,0.1,0.333,0.03,282.843,22.289,34.755,0.333,0.26,437.365,0.056,0.0,0.00743,-3e-05,7.558,-21.617,-33.459,-27.77,11.578,0.0,-0.02,0.021,-0.089,0.41,0.071,0.0,1,1,1,project4_multircm_20260624_092806_475.csv,24.3792
24.5542,0.0211,47.4,T3_safe_insertion,InsertionSequence,Done,0.9994,0.60745,1.00001,1.30031,0.1001,0.79998,1.49998,0.09999,0.79983,1.50013,0.09999,0.99988,1.30012,0.1,0.81563,1.51563,0.09742,1.02458,1.32458,0.10405,0.8,1.5,0.1,1.0,1.3,0.1,0.322,0.03,282.843,22.288,34.765,0.322,0.248,437.363,0.056,0.0,0.00708,-3e-05,7.557,-21.616,-33.464,-27.745,11.582,0.0,-0.02,0.019,-0.084,0.39,0.067,0.0,1,1,1,project4_multircm_20260624_092806_475.csv,24.443700000000003
24.6173,0.02082,48.03,T3_safe_insertion,InsertionSequence,Done,0.9994,0.60745,1.00001,1.3003,0.1001,0.79998,1.49998,0.09999,0.79984,1.50013,0.09999,0.99988,1.30012,0.1,0.81561,1.51561,0.09713,1.02454,1.32454,0.10451,0.8,1.5,0.1,1.0,1.3,0.1,0.313,0.028,282.843,22.287,34.773,0.313,0.237,437.362,0.048,0.0,0.00681,-3e-05,7.556,-21.614,-33.47,-27.721,11.586,0.0,-0.019,0.019,-0.08,0.375,0.064,0.0,1,1,1,project4_multircm_20260624_092806_475.csv,24.506800000000002
24.6811,0.02107,47.47,T3_safe_insertion,InsertionSequence,Done,0.9994,0.60745,1.0,1.30029,0.10009,0.79998,1.49998,0.09999,0.79984,1.50013,0.09999,0.99988,1.30012,0.1,0.81558,1.51558,0.09684,1.0245,1.3245,0.10498,0.8,1.5,0.1,1.0,1.3,0.1,0.304,0.027,282.843,22.286,34.782,0.304,0.226,437.36,0.048,0.0,0.00655,-3e-05,7.555,-21.613,-33.475,-27.698,11.59,0.0,-0.018,0.018,-0.078,0.361,0.062,0.0,1,1,1,project4_multircm_20260624_092806_475.csv,24.570600000000002
24.7449,0.02125,47.05,T3_safe_insertion,InsertionSequence,Done,0.9994,0.60744,1.0,1.30028,0.10008,0.79998,1.49998,0.09999,0.79984,1.50013,0.09999,0.99988,1.30012,0.1,0.81555,1.51555,0.09654,1.02445,1.32445,0.10544,0.8,1.5,0.1,1.0,1.3,0.1,0.296,0.026,282.843,22.284,34.791,0.296,0.216,437.359,0.044,0.0,0.00631,-3e-05,7.553,-21.612,-33.48,-27.675,11.594,0.0,-0.017,0.017,-0.075,0.348,0.06,0.0,1,1,1,project4_multircm_20260624_092806_475.csv,24.634400000000003
24.8093,0.02173,46.02,T3_safe_insertion,InsertionSequence,Done,0.9994,0.60744,0.99999,1.30028,0.10008,0.79998,1.49998,0.09999,0.79984,1.50013,0.09999,0.99988,1.30012,0.1,0.81551,1.51552,0.09625,1.02439,1.32439,0.1059,0.8,1.5,0.1,1.0,1.3,0.1,0.288,0.024,282.843,22.283,34.8,0.288,0.206,437.358,0.04,0.0,0.00608,-4e-05,7.552,-21.611,-33.484,-27.653,11.598,0.0,-0.017,0.017,-0.072,0.335,0.057,0.0,1,1,1,project4_multircm_20260624_092806_475.csv,24.698800000000002
24.8754,0.02326,43.0,T3_safe_insertion,InsertionSequence,Done,0.9994,0.60744,0.99999,1.30027,0.10007,0.79998,1.49998,0.09999,0.79984,1.50013,0.09999,0.99988,1.30012,0.1,0.81548,1.51548,0.09594,1.02433,1.32433,0.10638,0.8,1.5,0.1,1.0,1.3,0.1,0.28,0.023,282.843,22.282,34.808,0.28,0.196,437.357,0.044,0.0,0.00582,-2e-05,7.551,-21.61,-33.489,-27.632,11.601,0.0,-0.016,0.016,-0.068,0.321,0.054,0.0,1,1,1,project4_multircm_20260624_092806_475.csv,24.7649
24.9386,0.02157,46.36,T3_safe_insertion,InsertionSequence,Done,0.9994,0.60744,0.99998,1.30026,0.10007,0.79998,1.49999,0.09999,0.79984,1.50013,0.09999,0.99988,1.30012,0.1,0.81544,1.51544,0.09565,1.02427,1.32427,0.10684,0.8,1.5,0.1,1.0,1.3,0.1,0.273,0.022,282.843,22.281,34.816,0.273,0.187,437.356,0.04,0.0,0.00563,-3e-05,7.55,-21.609,-33.493,-27.612,11.605,0.0,-0.015,0.016,-0.067,0.31,0.054,0.0,1,1,1,project4_multircm_20260624_092806_475.csv,24.828100000000003
25.0051,0.02119,47.19,T3_safe_insertion,InsertionSequence,Done,0.9994,0.60744,0.99998,1.30026,0.10006,0.79999,1.49999,0.1,0.79985,1.50013,0.1,0.99988,1.30012,0.1,0.81539,1.51539,0.09535,1.0242,1.3242,0.10731,0.8,1.5,0.1,1.0,1.3,0.1,0.266,0.021,282.843,22.28,34.824,0.266,0.178,437.355,0.034,0.0,0.00538,-3e-05,7.549,-21.608,-33.497,-27.592,11.608,0.0,-0.015,0.015,-0.064,0.296,0.051,0.0,1,1,1,project4_multircm_20260624_092806_475.csv,24.8946
25.0713,0.02113,47.32,T3_safe_insertion,InsertionSequence,Done,0.9994,0.60744,0.99997,1.30025,0.10006,0.79999,1.49999,0.1,0.79985,1.50013,0.1,0.99988,1.30012,0.1,0.81535,1.51535,0.09505,1.02413,1.32413,0.10779,0.8,1.5,0.1,1.0,1.3,0.1,0.259,0.02,282.843,22.28,34.833,0.259,0.169,437.354,0.034,0.0,0.00514,-2e-05,7.548,-21.607,-33.501,-27.573,11.612,0.0,-0.014,0.014,-0.061,0.284,0.048,0.0,1,1,1,project4_multircm_20260624_092806_475.csv,24.960800000000003
25.1375,0.0223,44.84,T3_safe_insertion,InsertionSequence,Done,0.9994,0.60743,0.99997,1.30025,0.10005,0.79999,1.49999,0.1,0.79985,1.50013,0.1,0.99988,1.30012,0.1,0.8153,1.5153,0.09475,1.02405,1.32405,0.10826,0.8,1.5,0.1,1.0,1.3,0.1,0.253,0.019,282.843,22.279,34.84,0.253,0.161,437.353,0.028,0.0,0.00495,-2e-05,7.547,-21.606,-33.505,-27.555,11.615,0.0,-0.014,0.013,-0.058,0.273,0.046,0.0,1,1,1,project4_multircm_20260624_092806_475.csv,25.027
25.2026,0.02157,46.37,T3_safe_insertion,InsertionSequence,Done,0.9994,0.60743,0.99997,1.30024,0.10005,0.79999,1.49999,0.1,0.79985,1.50013,0.1,0.99988,1.30012,0.1,0.81524,1.51524,0.09445,1.02397,1.32397,0.10872,0.8,1.5,0.1,1.0,1.3,0.1,0.248,0.018,282.843,22.278,34.848,0.248,0.153,437.352,0.028,0.0,0.00475,-2e-05,7.546,-21.605,-33.509,-27.537,11.618,0.0,-0.013,0.013,-0.056,0.262,0.045,0.0,1,1,1,project4_multircm_20260624_092806_475.csv,25.092100000000002
25.267,0.02174,45.99,T3_safe_insertion,InsertionSequence,Done,0.9994,0.60743,0.99996,1.30024,0.10005,0.79999,1.49999,0.1,0.79985,1.50012,0.1,0.99988,1.30012,0.1,0.81519,1.51519,0.09416,1.02388,1.32388,0.10918,0.8,1.5,0.1,1.0,1.3,0.1,0.242,0.017,282.843,22.277,34.855,0.242,0.146,437.351,0.028,0.0,0.00456,-1e-05,7.546,-21.605,-33.513,-27.521,11.62,0.0,-0.013,0.012,-0.054,0.252,0.043,0.0,1,1,1,project4_multircm_20260624_092806_475.csv,25.1565
25.3299,0.02128,46.99,T3_safe_insertion,InsertionSequence,Done,0.9994,0.60743,0.99996,1.30023,0.10004,0.79999,1.49999,0.1,0.79985,1.50012,0.1,0.99988,1.30012,0.1,0.81513,1.51513,0.09388,1.0238,1.3238,0.10962,0.8,1.5,0.1,1.0,1.3,0.1,0.238,0.017,282.843,22.276,34.861,0.238,0.139,437.35,0.028,0.0,0.0044,-2e-05,7.545,-21.604,-33.516,-27.506,11.623,0.0,-0.012,0.012,-0.052,0.242,0.041,0.0,1,1,1,project4_multircm_20260624_092806_475.csv,25.2194
25.3952,0.02298,43.52,T3_safe_insertion,InsertionSequence,Done,0.9994,0.60743,0.99995,1.30023,0.10004,0.79999,1.49999,0.1,0.79985,1.50012,0.1,0.99988,1.30012,0.1,0.81507,1.51507,0.09359,1.0237,1.3237,0.11008,0.8,1.5,0.1,1.0,1.3,0.1,0.233,0.016,282.843,22.276,34.868,0.233,0.132,437.349,0.02,0.0,0.00422,-2e-05,7.544,-21.603,-33.519,-27.49,11.626,0.0,-0.012,0.011,-0.05,0.233,0.04,0.0,1,1,1,project4_multircm_20260624_092806_475.csv,25.2847
25.4562,0.02103,47.56,T3_safe_insertion,InsertionSequence,Done,0.9994,0.60743,0.99995,1.30022,0.10003,0.79999,1.49999,0.1,0.79985,1.50013,0.1,0.99988,1.30012,0.1,0.81501,1.51501,0.09332,1.02361,1.32361,0.11051,0.8,1.5,0.1,1.0,1.3,0.1,0.229,0.015,282.843,22.275,34.874,0.229,0.126,437.348,0.02,0.0,0.00405,-2e-05,7.543,-21.602,-33.522,-27.476,11.628,0.0,-0.011,0.011,-0.048,0.224,0.038,0.0,1,1,1,project4_multircm_20260624_092806_475.csv,25.3457
25.5202,0.02058,48.59,T3_safe_insertion,InsertionSequence,Done,0.9994,0.60743,0.99995,1.30022,0.10003,0.79999,1.49999,0.1,0.79986,1.50012,0.1,0.99988,1.30012,0.1,0.81495,1.51495,0.09303,1.02351,1.32351,0.11096,0.8,1.5,0.1,1.0,1.3,0.1,0.225,0.014,282.843,22.274,34.881,0.225,0.12,437.348,0.02,0.0,0.0039,-2e-05,7.543,-21.602,-33.525,-27.462,11.63,0.0,-0.011,0.011,-0.046,0.215,0.036,0.0,1,1,1,project4_multircm_20260624_092806_475.csv,25.4097
25.5828,0.02081,48.06,T3_safe_insertion,InsertionSequence,Done,0.9994,0.60743,0.99994,1.30021,0.10003,0.79999,1.49999,0.1,0.79986,1.50012,0.1,0.99988,1.30012,0.1,0.81488,1.51488,0.09276,1.0234,1.3234,0.11139,0.8,1.5,0.1,1.0,1.3,0.1,0.222,0.014,282.843,22.274,34.887,0.222,0.114,437.347,0.02,0.0,0.00374,-1e-05,7.542,-21.601,-33.528,-27.449,11.633,0.0,-0.011,0.01,-0.044,0.207,0.035,0.0,1,1,1,project4_multircm_20260624_092806_475.csv,25.4723
25.6472,0.02218,45.08,T3_safe_insertion,InsertionSequence,Done,0.9994,0.60743,0.99994,1.30021,0.10002,0.79999,1.49999,0.1,0.79986,1.50012,0.1,0.99988,1.30012,0.1,0.81481,1.51481,0.09247,1.02329,1.32329,0.11184,0.8,1.5,0.1,1.0,1.3,0.1,0.218,0.013,282.843,22.273,34.893,0.218,0.108,437.346,0.02,0.0,0.00359,-1e-05,7.541,-21.6,-33.531,-27.436,11.635,0.0,-0.01,0.01,-0.042,0.198,0.033,0.0,1,1,1,project4_multircm_20260624_092806_475.csv,25.536700000000003
25.7091,0.021,47.62,T3_safe_insertion,InsertionSequence,Done,0.9994,0.60742,0.99994,1.30021,0.10002,0.79999,1.49999,0.1,0.79986,1.50012,0.1,0.99988,1.30012,0.1,0.81474,1.51474,0.0922,1.02318,1.32318,0.11226,0.8,1.5,0.1,1.0,1.3,0.1,0.215,0.013,282.843,22.273,34.899,0.215,0.103,437.345,0.0,0.0,0.00347,-1e-05,7.541,-21.6,-33.533,-27.424,11.637,0.0,-0.01,0.01,-0.041,0.191,0.033,0.0,1,1,1,project4_multircm_20260624_092806_475.csv,25.5986
25.7725,0.02142,46.68,T3_safe_insertion,InsertionSequence,Done,0.9994,0.60742,0.99994,1.3002,0.10002,0.79999,1.49999,0.1,0.79986,1.50012,0.1,0.99988,1.30012,0.1,0.81467,1.51467,0.09193,1.02306,1.32306,0.1127,0.8,1.5,0.1,1.0,1.3,0.1,0.212,0.012,282.843,22.272,34.904,0.212,0.098,437.345,0.0,0.0,0.00333,-1e-05,7.54,-21.599,-33.536,-27.413,11.639,0.0,-0.01,0.009,-0.039,0.184,0.031,0.0,1,1,1,project4_multircm_20260624_092806_475.csv,25.662000000000003
25.8348,0.02068,48.37,T3_safe_insertion,InsertionSequence,Done,0.9994,0.60742,0.99993,1.3002,0.10001,0.79999,1.49999,0.1,0.79986,1.50012,0.1,0.99988,1.30012,0.1,0.81459,1.51459,0.09166,1.02294,1.32294,0.11312,0.8,1.5,0.1,1.0,1.3,0.1,0.209,0.012,282.843,22.272,34.909,0.209,0.094,437.344,0.02,0.0,0.0032,-1e-05,7.54,-21.599,-33.538,-27.401,11.641,0.0,-0.009,0.009,-0.037,0.176,0.03,0.0,1,1,1,project4_multircm_20260624_092806_475.csv,25.724300000000003
25.9,0.02192,45.63,T3_safe_insertion,InsertionSequence,Done,0.9994,0.60742,0.99993,1.30019,0.10001,0.79999,1.49999,0.1,0.79986,1.50012,0.1,0.99988,1.30012,0.1,0.81451,1.51451,0.09137,1.02282,1.32282,0.11356,0.8,1.5,0.1,1.0,1.3,0.1,0.207,0.011,282.843,22.271,34.915,0.207,0.089,437.344,0.02,0.0,0.00306,-1e-05,7.539,-21.598,-33.541,-27.39,11.643,0.0,-0.009,0.008,-0.035,0.169,0.028,0.0,1,1,1,project4_multircm_20260624_092806_475.csv,25.7895
25.9623,0.02187,45.73,T3_safe_insertion,InsertionSequence,Done,0.9994,0.60742,0.99993,1.30019,0.10001,0.79999,1.49999,0.1,0.79986,1.50012,0.1,0.99988,1.30012,0.1,0.81443,1.51443,0.09111,1.02269,1.32269,0.11398,0.8,1.5,0.1,1.0,1.3,0.1,0.204,0.011,282.843,22.271,34.92,0.204,0.085,437.343,0.0,0.0,0.00295,-1e-05,7.538,-21.598,-33.543,-27.38,11.644,0.0,-0.008,0.008,-0.034,0.163,0.027,0.0,1,1,1,project4_multircm_20260624_092806_475.csv,25.8518
26.0242,0.02088,47.9,T3_safe_insertion,InsertionSequence,Done,0.9994,0.60742,0.99993,1.30019,0.10001,0.79999,1.49999,0.1,0.79986,1.50012,0.1,0.99988,1.30012,0.1,0.81435,1.51435,0.09084,1.02256,1.32256,0.1144,0.8,1.5,0.1,1.0,1.3,0.1,0.202,0.01,282.843,22.27,34.925,0.202,0.081,437.343,0.0,0.0,0.00285,-2e-05,7.538,-21.597,-33.545,-27.37,11.646,0.0,-0.008,0.008,-0.034,0.157,0.027,0.0,1,1,1,project4_multircm_20260624_092806_475.csv,25.913700000000002
26.088,0.02162,46.26,T3_safe_insertion,InsertionSequence,Done,0.9994,0.60742,0.99992,1.30019,0.1,0.79999,1.49999,0.1,0.79986,1.50012,0.1,0.99988,1.30012,0.1,0.81426,1.51426,0.09057,1.02242,1.32242,0.11482,0.8,1.5,0.1,1.0,1.3,0.1,0.2,0.01,282.843,22.27,34.93,0.2,0.077,437.342,0.0,0.0,0.00272,-1e-05,7.537,-21.597,-33.547,-27.36,11.648,0.0,-0.008,0.007,-0.032,0.15,0.025,0.0,1,1,1,project4_multircm_20260624_092806_475.csv,25.977500000000003
26.1504,0.02069,48.34,T3_safe_insertion,InsertionSequence,Done,0.9994,0.60742,0.99992,1.30018,0.1,0.79999,1.49999,0.1,0.79986,1.50012,0.1,0.99988,1.30012,0.1,0.81417,1.51417,0.09031,1.02228,1.32228,0.11524,0.8,1.5,0.1,1.0,1.3,0.1,0.198,0.009,282.843,22.27,34.934,0.198,0.073,437.342,0.0,0.0,0.00263,-1e-05,7.537,-21.596,-33.549,-27.351,11.649,0.0,-0.008,0.007,-0.031,0.145,0.025,0.0,1,1,1,project4_multircm_20260624_092806_475.csv,26.039900000000003
26.2136,0.02047,48.85,T3_safe_insertion,InsertionSequence,Done,0.9994,0.60742,0.99992,1.30018,0.1,0.79999,1.49999,0.1,0.79986,1.50012,0.1,0.99988,1.30012,0.1,0.81408,1.51408,0.09005,1.02214,1.32214,0.11565,0.8,1.5,0.1,1.0,1.3,0.1,0.197,0.009,282.843,22.27,34.939,0.197,0.07,437.341,0.0,0.0,0.00252,-1e-05,7.536,-21.596,-33.551,-27.342,11.651,0.0,-0.007,0.007,-0.029,0.139,0.023,0.0,1,1,1,project4_multircm_20260624_092806_475.csv,26.1031
26.2769,0.02124,47.09,T3_safe_insertion,InsertionSequence,Done,0.9994,0.60742,0.99992,1.30018,0.1,0.79999,1.49999,0.1,0.79986,1.50012,0.1,0.99988,1.30012,0.1,0.81398,1.51398,0.08978,1.02199,1.32199,0.11607,0.8,1.5,0.1,1.0,1.3,0.1,0.195,0.009,282.843,22.269,34.943,0.195,0.067,437.341,0.0,0.0,0.00243,-1e-05,7.536,-21.595,-33.553,-27.334,11.652,0.0,-0.007,0.007,-0.029,0.134,0.023,0.0,1,1,1,project4_multircm_20260624_092806_475.csv,26.166400000000003
26.3414,0.02247,44.51,T3_safe_insertion,InsertionSequence,Done,0.9994,0.60742,0.99992,1.30017,0.09999,0.79999,1.5,0.1,0.79987,1.50012,0.1,0.99988,1.30012,0.1,0.81389,1.51389,0.08952,1.02183,1.32183,0.11648,0.8,1.5,0.1,1.0,1.3,0.1,0.194,0.008,282.843,22.269,34.948,0.194,0.064,437.34,0.0,0.0,0.00233,-1e-05,7.536,-21.595,-33.554,-27.325,11.654,0.0,-0.007,0.006,-0.027,0.129,0.021,0.0,1,1,1,project4_multircm_20260624_092806_475.csv,26.230900000000002
26.4032,0.02117,47.24,T3_safe_insertion,InsertionSequence,Done,0.9994,0.60742,0.99991,1.30017,0.09999,0.79999,1.5,0.1,0.79987,1.50012,0.1,0.99988,1.30012,0.1,0.81379,1.51379,0.08926,1.02168,1.32168,0.11688,0.8,1.5,0.1,1.0,1.3,0.1,0.192,0.008,282.843,22.269,34.952,0.192,0.061,437.34,0.0,0.0,0.00225,-1e-05,7.535,-21.595,-33.556,-27.318,11.655,0.0,-0.006,0.006,-0.027,0.124,0.021,0.0,1,1,1,project4_multircm_20260624_092806_475.csv,26.2927
26.4664,0.02073,48.25,T3_safe_insertion,InsertionSequence,Done,0.9994,0.60742,0.99991,1.30017,0.09999,0.8,1.5,0.1,0.79987,1.50012,0.1,0.99988,1.30012,0.1,0.81369,1.51369,0.08901,1.02152,1.32152,0.11729,0.8,1.5,0.1,1.0,1.3,0.1,0.191,0.008,282.843,22.269,34.956,0.191,0.058,437.34,0.0,0.0,0.00216,-1e-05,7.535,-21.594,-33.558,-27.31,11.656,0.0,-0.006,0.006,-0.025,0.119,0.02,0.0,1,1,1,project4_multircm_20260624_092806_475.csv,26.355900000000002
26.5293,0.02045,48.89,T3_safe_insertion,InsertionSequence,Done,0.9994,0.60742,0.99991,1.30017,0.09999,0.8,1.5,0.1,0.79987,1.50012,0.1,0.99988,1.30012,0.1,0.81358,1.51358,0.08875,1.02136,1.32136,0.11769,0.8,1.5,0.1,1.0,1.3,0.1,0.19,0.008,282.843,22.269,34.96,0.19,0.056,437.339,0.0,0.0,0.00206,0.0,7.534,-21.594,-33.559,-27.303,11.657,0.0,-0.006,0.005,-0.024,0.114,0.019,0.0,1,1,1,project4_multircm_20260624_092806_475.csv,26.4188
26.5927,0.0202,49.5,T3_safe_insertion,InsertionSequence,Done,0.9994,0.60741,0.99991,1.30017,0.09999,0.8,1.5,0.1,0.79987,1.50012,0.1,0.99988,1.30012,0.1,0.81348,1.51348,0.0885,1.02119,1.32119,0.11809,0.8,1.5,0.1,1.0,1.3,0.1,0.189,0.007,282.843,22.268,34.964,0.189,0.054,437.339,0.0,0.0,0.00199,-1e-05,7.534,-21.593,-33.561,-27.296,11.659,0.0,-0.006,0.005,-0.023,0.11,0.019,0.0,1,1,1,project4_multircm_20260624_092806_475.csv,26.482200000000002
26.6552,0.02126,47.03,T3_safe_insertion,InsertionSequence,Done,0.9994,0.60741,0.99991,1.30016,0.09998,0.8,1.5,0.1,0.79987,1.50012,0.1,0.99988,1.30012,0.1,0.81337,1.51337,0.08825,1.02102,1.32102,0.11848,0.8,1.5,0.1,1.0,1.3,0.1,0.188,0.007,282.843,22.268,34.967,0.188,0.052,437.338,0.0,0.0,0.00192,-1e-05,7.534,-21.593,-33.562,-27.289,11.66,0.0,-0.005,0.005,-0.023,0.106,0.018,0.0,1,1,1,project4_multircm_20260624_092806_475.csv,26.544700000000002
26.7182,0.02021,49.47,T3_safe_insertion,InsertionSequence,Done,0.9994,0.60741,0.99991,1.30016,0.09998,0.8,1.5,0.1,0.79987,1.50012,0.1,0.99988,1.30012,0.1,0.81326,1.51326,0.088,1.02085,1.32085,0.11887,0.8,1.5,0.1,1.0,1.3,0.1,0.187,0.007,282.843,22.268,34.971,0.187,0.05,437.338,0.0,0.0,0.00184,-1e-05,7.533,-21.593,-33.563,-27.282,11.661,0.0,-0.005,0.005,-0.022,0.101,0.017,0.0,1,1,1,project4_multircm_20260624_092806_475.csv,26.6077
26.7811,0.02136,46.82,T3_safe_insertion,InsertionSequence,Done,0.9994,0.60741,0.9999,1.30016,0.09998,0.8,1.5,0.1,0.79987,1.50012,0.1,0.99988,1.30012,0.1,0.81314,1.51315,0.08775,1.02067,1.32067,0.11925,0.8,1.5,0.1,1.0,1.3,0.1,0.187,0.007,282.843,22.268,34.974,0.187,0.048,437.338,0.0,0.0,0.00178,-1e-05,7.533,-21.593,-33.565,-27.276,11.662,0.0,-0.005,0.005,-0.021,0.098,0.017,0.0,1,1,1,project4_multircm_20260624_092806_475.csv,26.6706
26.8432,0.02084,48.0,T3_safe_insertion,InsertionSequence,Done,0.9994,0.60741,0.9999,1.30016,0.09998,0.8,1.5,0.1,0.79987,1.50012,0.1,0.99988,1.30012,0.1,0.81303,1.51303,0.08751,1.02049,1.32049,0.11963,0.8,1.5,0.1,1.0,1.3,0.1,0.186,0.007,282.843,22.268,34.977,0.186,0.047,437.337,0.0,0.0,0.00169,-1e-05,7.533,-21.592,-33.566,-27.27,11.663,0.0,-0.005,0.004,-0.019,0.093,0.015,0.0,1,1,1,project4_multircm_20260624_092806_475.csv,26.7327
26.9064,0.02136,46.82,T3_safe_insertion,InsertionSequence,Done,0.9994,0.60741,0.9999,1.30016,0.09998,0.8,1.5,0.1,0.79987,1.50012,0.1,0.99988,1.30012,0.1,0.81291,1.51291,0.08727,1.0203,1.3203,0.12001,0.8,1.5,0.1,1.0,1.3,0.1,0.185,0.007,282.843,22.268,34.981,0.185,0.045,437.337,0.0,0.0,0.00162,0.0,7.532,-21.592,-33.567,-27.265,11.664,0.0,-0.005,0.004,-0.018,0.09,0.014,0.0,1,1,1,project4_multircm_20260624_092806_475.csv,26.795900000000003
26.9692,0.02083,48.0,T3_safe_insertion,InsertionSequence,Done,0.9994,0.60741,0.9999,1.30015,0.09998,0.8,1.5,0.1,0.79987,1.50012,0.1,0.99988,1.30012,0.1,0.81279,1.51279,0.08703,1.02012,1.32012,0.12039,0.8,1.5,0.1,1.0,1.3,0.1,0.185,0.007,282.843,22.267,34.984,0.185,0.045,437.337,0.0,0.0,0.00156,0.0,7.532,-21.592,-33.568,-27.259,11.665,0.0,-0.005,0.004,-0.018,0.086,0.014,0.0,1,1,1,project4_multircm_20260624_092806_475.csv,26.858700000000002
27.032,0.02091,47.81,T3_safe_insertion,InsertionSequence,Done,0.9994,0.60741,0.9999,1.30015,0.09997,0.8,1.5,0.1,0.79987,1.50012,0.1,0.99988,1.30012,0.1,0.81267,1.51267,0.0868,1.01992,1.31992,0.12076,0.8,1.5,0.1,1.0,1.3,0.1,0.184,0.006,282.843,22.267,34.987,0.184,0.044,437.337,0.0,0.0,0.00152,0.0,7.532,-21.591,-33.57,-27.254,11.666,0.0,-0.004,0.004,-0.018,0.084,0.014,0.0,1,1,1,project4_multircm_20260624_092806_475.csv,26.9215
27.0948,0.02072,48.27,T3_safe_insertion,InsertionSequence,Done,0.9994,0.60741,0.9999,1.30015,0.09997,0.8,1.5,0.1,0.79987,1.50012,0.1,0.99988,1.30012,0.1,0.81255,1.51255,0.08656,1.01973,1.31973,0.12113,0.8,1.5,0.1,1.0,1.3,0.1,0.184,0.006,282.843,22.267,34.99,0.184,0.043,437.336,0.0,0.0,0.00145,0.0,7.532,-21.591,-33.571,-27.249,11.667,0.0,-0.004,0.004,-0.017,0.08,0.013,0.0,1,1,1,project4_multircm_20260624_092806_475.csv,26.9843
27.1583,0.02008,49.8,T3_safe_insertion,InsertionSequence,Done,0.9994,0.60741,0.9999,1.30015,0.09997,0.8,1.5,0.10001,0.79987,1.50012,0.10001,0.99988,1.30012,0.1,0.81242,1.51242,0.08633,1.01953,1.31953,0.1215,0.8,1.5,0.1,1.0,1.3,0.1,0.183,0.006,282.843,22.267,34.993,0.183,0.042,437.336,0.0,0.0,0.00139,0.0,7.531,-21.591,-33.572,-27.244,11.667,0.0,-0.004,0.004,-0.016,0.077,0.013,0.0,1,1,1,project4_multircm_20260624_092806_475.csv,27.047800000000002
27.2217,0.02136,46.81,T3_safe_insertion,InsertionSequence,Done,0.9994,0.60741,0.99989,1.30015,0.09997,0.8,1.5,0.10001,0.79987,1.50012,0.10001,0.99988,1.30012,0.1,0.81229,1.51229,0.08609,1.01933,1.31933,0.12186,0.8,1.5,0.1,1.0,1.3,0.1,0.183,0.006,282.843,22.267,34.996,0.183,0.042,437.336,0.0,0.0,0.00134,0.0,7.531,-21.591,-33.573,-27.239,11.668,0.0,-0.004,0.004,-0.016,0.074,0.012,0.0,1,1,1,project4_multircm_20260624_092806_475.csv,27.1112
27.2848,0.02119,47.19,T3_safe_insertion,InsertionSequence,Done,0.9994,0.60741,0.99989,1.30015,0.09997,0.8,1.5,0.10001,0.79987,1.50012,0.10001,0.99988,1.30012,0.1,0.81216,1.51216,0.08587,1.01912,1.31912,0.12222,0.8,1.5,0.1,1.0,1.3,0.1,0.183,0.006,282.843,22.267,34.998,0.183,0.041,437.335,0.0,0.0,0.00129,-1e-05,7.531,-21.59,-33.574,-27.234,11.669,0.0,-0.004,0.004,-0.015,0.071,0.012,0.0,1,1,1,project4_multircm_20260624_092806_475.csv,27.174300000000002
27.3492,0.02189,45.69,T3_safe_insertion,InsertionSequence,Done,0.9994,0.60741,0.99989,1.30014,0.09997,0.8,1.5,0.10001,0.79987,1.50012,0.10001,0.99988,1.30012,0.1,0.81202,1.51202,0.08563,1.01891,1.31891,0.12259,0.8,1.5,0.1,1.0,1.3,0.1,0.182,0.006,282.843,22.267,35.001,0.182,0.041,437.335,0.0,0.0,0.00125,-1e-05,7.531,-21.59,-33.575,-27.23,11.67,0.0,-0.003,0.003,-0.015,0.069,0.012,0.0,1,1,1,project4_multircm_20260624_092806_475.csv,27.2387
27.4124,0.02103,47.55,T3_safe_insertion,InsertionSequence,Done,0.9994,0.60741,0.99989,1.30014,0.09997,0.8,1.5,0.10001,0.79987,1.50012,0.10001,0.99988,1.30012,0.1,0.81189,1.51189,0.08541,1.01869,1.31869,0.12294,0.8,1.5,0.1,1.0,1.3,0.1,0.182,0.006,282.843,22.267,35.003,0.182,0.041,437.335,0.0,0.0,0.00118,0.0,7.53,-21.59,-33.576,-27.226,11.67,0.0,-0.003,0.003,-0.014,0.065,0.011,0.0,1,1,1,project4_multircm_20260624_092806_475.csv,27.301900000000003
27.4747,0.02042,48.98,T3_safe_insertion,InsertionSequence,Done,0.9994,0.60741,0.99989,1.30014,0.09997,0.8,1.5,0.10001,0.79987,1.50012,0.10001,0.99988,1.30012,0.1,0.81175,1.51175,0.08519,1.01848,1.31848,0.12328,0.8,1.5,0.1,1.0,1.3,0.1,0.182,0.006,282.843,22.267,35.006,0.182,0.041,437.335,0.0,0.0,0.00114,-1e-05,7.53,-21.59,-33.576,-27.222,11.671,0.0,-0.003,0.003,-0.013,0.063,0.011,0.0,1,1,1,project4_multircm_20260624_092806_475.csv,27.3642
27.5377,0.02113,47.32,T3_safe_insertion,InsertionSequence,Done,0.9994,0.60741,0.99989,1.30014,0.09997,0.8,1.5,0.10001,0.79987,1.50012,0.10001,0.99988,1.30012,0.1,0.81161,1.51161,0.08497,1.01826,1.31826,0.12362,0.8,1.5,0.1,1.0,1.3,0.1,0.182,0.006,282.843,22.267,35.008,0.182,0.041,437.334,0.0,0.0,0.0011,-1e-05,7.53,-21.59,-33.577,-27.218,11.672,0.0,-0.003,0.003,-0.013,0.061,0.01,0.0,1,1,1,project4_multircm_20260624_092806_475.csv,27.427200000000003
27.6002,0.02105,47.51,T3_safe_insertion,InsertionSequence,Done,0.9994,0.60741,0.99989,1.30014,0.09996,0.8,1.5,0.10001,0.79987,1.50012,0.10001,0.99988,1.30012,0.1,0.81147,1.51147,0.08476,1.01804,1.31804,0.12396,0.8,1.5,0.1,1.0,1.3,0.1,0.182,0.006,282.843,22.267,35.01,0.182,0.041,437.334,0.0,0.0,0.00105,-1e-05,7.53,-21.589,-33.578,-27.214,11.672,0.0,-0.003,0.003,-0.012,0.058,0.01,0.0,1,1,1,project4_multircm_20260624_092806_475.csv,27.489700000000003
27.6632,0.02114,47.31,T3_safe_insertion,InsertionSequence,Done,0.9994,0.60741,0.99989,1.30014,0.09996,0.8,1.5,0.10001,0.79987,1.50012,0.10001,0.99988,1.30012,0.1,0.81133,1.51133,0.08455,1.01782,1.31782,0.12429,0.8,1.5,0.1,1.0,1.3,0.1,0.181,0.006,282.843,22.267,35.012,0.181,0.041,437.334,0.0,0.0,0.00103,-1e-05,7.53,-21.589,-33.579,-27.211,11.673,0.0,-0.003,0.003,-0.012,0.057,0.01,0.0,1,1,1,project4_multircm_20260624_092806_475.csv,27.5527
27.7253,0.02039,49.05,T3_safe_insertion,InsertionSequence,Done,0.9994,0.60741,0.99989,1.30014,0.09996,0.8,1.5,0.10001,0.79987,1.50012,0.10001,0.99988,1.30012,0.1,0.81119,1.51119,0.08434,1.01759,1.31759,0.12462,0.8,1.5,0.1,1.0,1.3,0.1,0.181,0.006,282.843,22.267,35.015,0.181,0.041,437.334,0.0,0.0,0.00098,0.0,7.529,-21.589,-33.579,-27.207,11.674,0.0,-0.003,0.003,-0.011,0.054,0.009,0.0,1,1,1,project4_multircm_20260624_092806_475.csv,27.614800000000002
27.7884,0.02098,47.66,T3_safe_insertion,InsertionSequence,Done,0.9994,0.60741,0.99989,1.30014,0.09996,0.8,1.5,0.10001,0.79987,1.50012,0.10001,0.99988,1.30012,0.1,0.81104,1.51104,0.08413,1.01736,1.31736,0.12495,0.8,1.5,0.1,1.0,1.3,0.1,0.181,0.006,282.843,22.267,35.017,0.181,0.042,437.334,0.0,0.0,0.00093,0.0,7.529,-21.589,-33.58,-27.204,11.674,0.0,-0.003,0.003,-0.011,0.052,0.009,0.0,1,1,1,project4_multircm_20260624_092806_475.csv,27.6779
27.8517,0.02166,46.17,T3_safe_insertion,InsertionSequence,Done,0.9994,0.60741,0.99989,1.30014,0.09996,0.8,1.5,0.10001,0.79987,1.50012,0.10001,0.99988,1.30012,0.1,0.81089,1.51089,0.08393,1.01712,1.31712,0.12527,0.8,1.5,0.1,1.0,1.3,0.1,0.181,0.006,282.843,22.267,35.019,0.181,0.042,437.334,0.0,0.0,0.0009,-1e-05,7.529,-21.589,-33.581,-27.201,11.675,0.0,-0.003,0.002,-0.011,0.05,0.008,0.0,1,1,1,project4_multircm_20260624_092806_475.csv,27.741200000000003
27.9152,0.02102,47.58,T3_safe_insertion,InsertionSequence,Done,0.9994,0.60741,0.99989,1.30013,0.09996,0.8,1.5,0.10001,0.79987,1.50012,0.10001,0.99988,1.30012,0.1,0.81074,1.51074,0.08372,1.01688,1.31688,0.12559,0.8,1.5,0.1,1.0,1.3,0.1,0.181,0.006,282.843,22.266,35.02,0.181,0.043,437.334,0.0,0.0,0.00087,-1e-05,7.529,-21.589,-33.582,-27.198,11.675,0.0,-0.003,0.002,-0.01,0.048,0.008,0.0,1,1,1,project4_multircm_20260624_092806_475.csv,27.8047
27.9793,0.02072,48.26,T3_safe_insertion,InsertionSequence,Done,0.9994,0.60741,0.99988,1.30013,0.09996,0.8,1.5,0.10001,0.79987,1.50012,0.10001,0.99988,1.30012,0.1,0.81058,1.51058,0.08352,1.01664,1.31664,0.12591,0.8,1.5,0.1,1.0,1.3,0.1,0.181,0.007,282.843,22.267,35.022,0.181,0.043,437.333,0.0,0.0,0.00083,0.0,7.529,-21.589,-33.582,-27.195,11.676,0.0,-0.002,0.002,-0.01,0.046,0.008,0.0,1,1,1,project4_multircm_20260624_092806_475.csv,27.8688
28.0423,0.02117,47.23,T3_safe_insertion,InsertionSequence,Done,0.9994,0.60741,0.99988,1.30013,0.09996,0.8,1.5,0.10001,0.79987,1.50012,0.10001,0.99988,1.30012,0.1,0.81043,1.51043,0.08333,1.0164,1.3164,0.12622,0.8,1.5,0.1,1.0,1.3,0.1,0.181,0.007,282.843,22.267,35.024,0.181,0.043,437.333,0.0,0.0,0.00081,-1e-05,7.529,-21.588,-33.583,-27.192,11.676,0.0,-0.002,0.002,-0.01,0.044,0.008,0.0,1,1,1,project4_multircm_20260624_092806_475.csv,27.931800000000003
28.1056,0.0211,47.4,T3_safe_insertion,InsertionSequence,Done,0.9994,0.60741,0.99988,1.30013,0.09996,0.8,1.5,0.10001,0.79987,1.50012,0.10001,0.99988,1.30012,0.1,0.81027,1.51027,0.08313,1.01615,1.31615,0.12652,0.8,1.5,0.1,1.0,1.3,0.1,0.181,0.007,282.843,22.267,35.026,0.181,0.044,437.333,0.0,0.0,0.00075,0.0,7.528,-21.588,-33.583,-27.189,11.677,0.0,-0.002,0.002,-0.008,0.042,0.006,0.0,1,1,1,project4_multircm_20260624_092806_475.csv,27.9951
28.1695,0.02134,46.85,T3_safe_insertion,InsertionSequence,Done,0.9994,0.60741,0.99988,1.30013,0.09996,0.8,1.5,0.10001,0.79988,1.50012,0.10001,0.99988,1.30012,0.1,0.81011,1.51011,0.08294,1.0159,1.3159,0.12682,0.8,1.5,0.1,1.0,1.3,0.1,0.181,0.007,282.843,22.267,35.027,0.181,0.044,437.333,0.0,0.0,0.00073,0.0,7.528,-21.588,-33.584,-27.187,11.677,0.0,-0.002,0.002,-0.009,0.04,0.007,0.0,1,1,1,project4_multircm_20260624_092806_475.csv,28.059
28.2329,0.02118,47.22,T3_safe_insertion,InsertionSequence,Done,0.9994,0.60741,0.99988,1.30013,0.09996,0.8,1.5,0.10001,0.79988,1.50012,0.10001,0.99988,1.30012,0.1,0.80995,1.50995,0.08275,1.01564,1.31564,0.12712,0.8,1.5,0.1,1.0,1.3,0.1,0.181,0.007,282.843,22.267,35.029,0.181,0.045,437.333,0.0,0.0,0.00072,-1e-05,7.528,-21.588,-33.584,-27.184,11.677,0.0,-0.002,0.002,-0.009,0.039,0.007,0.0,1,1,1,project4_multircm_20260624_092806_475.csv,28.122400000000003
28.2969,0.02117,47.24,T3_safe_insertion,InsertionSequence,Done,0.9994,0.60741,0.99988,1.30013,0.09996,0.8,1.5,0.10001,0.79988,1.50012,0.10001,0.99988,1.30012,0.1,0.80979,1.50979,0.08256,1.01539,1.31539,0.12741,0.8,1.5,0.1,1.0,1.3,0.1,0.181,0.007,282.843,22.267,35.031,0.181,0.045,437.333,0.0,0.0,0.00069,0.0,7.528,-21.588,-33.585,-27.182,11.678,0.0,-0.002,0.002,-0.008,0.038,0.007,0.0,1,1,1,project4_multircm_20260624_092806_475.csv,28.186400000000003
28.3612,0.02218,45.08,T3_safe_insertion,InsertionSequence,Done,0.9994,0.60741,0.99988,1.30013,0.09995,0.8,1.5,0.10001,0.79988,1.50012,0.10001,0.99988,1.30012,0.1,0.80962,1.50962,0.08238,1.01512,1.31512,0.12771,0.8,1.5,0.1,1.0,1.3,0.1,0.181,0.007,282.843,22.267,35.032,0.181,0.046,437.333,0.0,0.0,0.00065,0.0,7.528,-21.588,-33.585,-27.179,11.678,0.0,-0.002,0.002,-0.007,0.036,0.006,0.0,1,1,1,project4_multircm_20260624_092806_475.csv,28.250700000000002
28.4416,0.08037,12.44,T3_safe_insertion,InsertionSequence,Done,0.9994,0.60741,0.99988,1.30013,0.09995,0.8,1.5,0.10001,0.79988,1.50012,0.10001,0.99988,1.30012,0.1,0.80941,1.50941,0.08215,1.01479,1.31479,0.12806,0.8,1.5,0.1,1.0,1.3,0.1,0.181,0.007,282.843,22.267,35.033,0.181,0.046,437.332,0.0,0.0,0.00064,0.0,7.528,-21.588,-33.586,-27.178,11.678,0.0,-0.002,0.002,-0.007,0.035,0.006,0.0,1,1,1,project4_multircm_20260624_092806_475.csv,28.331100000000003
28.5072,0.02078,48.13,T3_safe_insertion,InsertionSequence,Done,0.9994,0.60741,0.99988,1.30013,0.09995,0.8,1.5,0.10001,0.79988,1.50012,0.10001,0.99988,1.30012,0.1,0.80923,1.50923,0.08197,1.01452,1.31452,0.12835,0.8,1.5,0.1,1.0,1.3,0.1,0.181,0.007,282.843,22.267,35.035,0.181,0.046,437.332,0.0,0.0,0.00061,0.0,7.528,-21.588,-33.586,-27.176,11.679,0.0,-0.002,0.002,-0.007,0.034,0.005,0.0,1,1,1,project4_multircm_20260624_092806_475.csv,28.396700000000003
28.5673,0.02093,47.78,T3_safe_insertion,InsertionSequence,Done,0.9994,0.60741,0.99988,1.30013,0.09995,0.8,1.5,0.10001,0.79988,1.50012,0.10001,0.99988,1.30012,0.1,0.80907,1.50907,0.08181,1.01426,1.31426,0.1286,0.8,1.5,0.1,1.0,1.3,0.1,0.181,0.007,282.843,22.267,35.036,0.181,0.047,437.332,0.0,0.0,0.00059,0.0,7.528,-21.588,-33.587,-27.174,11.679,0.0,-0.002,0.002,-0.007,0.033,0.006,0.0,1,1,1,project4_multircm_20260624_092806_475.csv,28.4568
28.6309,0.02066,48.41,T3_safe_insertion,InsertionSequence,Done,0.9994,0.60741,0.99988,1.30013,0.09995,0.8,1.5,0.10001,0.79988,1.50012,0.10001,0.99988,1.30012,0.1,0.8089,1.5089,0.08164,1.01399,1.31399,0.12887,0.8,1.5,0.1,1.0,1.3,0.1,0.181,0.007,282.843,22.267,35.037,0.181,0.047,437.332,0.0,0.0,0.00056,0.0,7.528,-21.587,-33.587,-27.172,11.679,0.0,-0.002,0.001,-0.006,0.031,0.005,0.0,1,1,1,project4_multircm_20260624_092806_475.csv,28.520400000000002
28.6949,0.02136,46.81,T3_safe_insertion,InsertionSequence,Done,0.9994,0.60741,0.99988,1.30013,0.09995,0.8,1.5,0.10001,0.79988,1.50012,0.10001,0.99988,1.30012,0.1,0.80872,1.50873,0.08147,1.01372,1.31372,0.12913,0.8,1.5,0.1,1.0,1.3,0.1,0.181,0.007,282.843,22.267,35.039,0.181,0.048,437.332,0.0,0.0,0.00054,0.0,7.527,-21.587,-33.587,-27.17,11.68,0.0,-0.002,0.001,-0.006,0.03,0.005,0.0,1,1,1,project4_multircm_20260624_092806_475.csv,28.584400000000002
28.758,0.02113,47.32,T3_safe_insertion,InsertionSequence,Done,0.9994,0.60741,0.99988,1.30013,0.09995,0.8,1.5,0.10001,0.79988,1.50012,0.10001,0.99988,1.30012,0.1,0.80855,1.50855,0.08131,1.01344,1.31344,0.12939,0.8,1.5,0.1,1.0,1.3,0.1,0.181,0.007,282.843,22.267,35.04,0.181,0.048,437.332,0.0,0.0,0.00052,0.0,7.527,-21.587,-33.588,-27.168,11.68,0.0,-0.002,0.001,-0.006,0.029,0.005,0.0,1,1,1,project4_multircm_20260624_092806_475.csv,28.6475
28.8215,0.02112,47.34,T3_safe_insertion,InsertionSequence,Done,0.9994,0.60741,0.99988,1.30013,0.09995,0.8,1.5,0.10001,0.79988,1.50012,0.10001,0.99988,1.30012,0.1,0.80837,1.50837,0.08115,1.01317,1.31317,0.12964,0.8,1.5,0.1,1.0,1.3,0.1,0.181,0.007,282.843,22.267,35.041,0.181,0.049,437.332,0.0,0.0,0.00051,-1e-05,7.527,-21.587,-33.588,-27.166,11.68,0.0,-0.001,0.001,-0.006,0.028,0.005,0.0,1,1,1,project4_multircm_20260624_092806_475.csv,28.711000000000002
28.8848,0.02072,48.27,T3_safe_insertion,InsertionSequence,Done,0.9994,0.60741,0.99988,1.30012,0.09995,0.8,1.5,0.10001,0.79988,1.50012,0.10001,0.99988,1.30012,0.1,0.8082,1.5082,0.081,1.01289,1.31289,0.12988,0.8,1.5,0.1,1.0,1.3,0.1,0.181,0.007,282.843,22.267,35.042,0.181,0.049,437.332,0.0,0.0,0.00048,0.0,7.527,-21.587,-33.589,-27.165,11.681,0.0,-0.001,0.001,-0.005,0.026,0.004,0.0,1,1,1,project4_multircm_20260624_092806_475.csv,28.7743
28.9489,0.02091,47.82,T3_safe_insertion,InsertionSequence,Done,0.9994,0.60741,0.99988,1.30012,0.09995,0.8,1.5,0.10001,0.79988,1.50012,0.10001,0.99988,1.30012,0.1,0.80802,1.50802,0.08084,1.0126,1.3126,0.13012,0.8,1.5,0.1,1.0,1.3,0.1,0.181,0.007,282.843,22.267,35.043,0.181,0.05,437.332,0.0,0.0,0.00046,0.0,7.527,-21.587,-33.589,-27.163,11.681,0.0,-0.001,0.001,-0.005,0.025,0.004,0.0,1,1,1,project4_multircm_20260624_092806_475.csv,28.8384
29.0129,0.02168,46.13,T3_safe_insertion,InsertionSequence,Done,0.9994,0.6074,0.99988,1.30012,0.09995,0.8,1.5,0.10001,0.79988,1.50012,0.10001,0.99988,1.30012,0.1,0.80783,1.50783,0.08069,1.01232,1.31232,0.13036,0.8,1.5,0.1,1.0,1.3,0.1,0.181,0.007,282.843,22.267,35.044,0.181,0.05,437.332,0.0,0.0,0.00044,0.0,7.527,-21.587,-33.589,-27.161,11.681,0.0,-0.001,0.001,-0.005,0.024,0.004,0.0,1,1,1,project4_multircm_20260624_092806_475.csv,28.9024
29.0765,0.02154,46.42,T3_safe_insertion,InsertionSequence,Done,0.9994,0.6074,0.99988,1.30012,0.09995,0.8,1.5,0.10001,0.79988,1.50012,0.10001,0.99988,1.30012,0.1,0.80765,1.50765,0.08055,1.01203,1.31203,0.13059,0.8,1.5,0.1,1.0,1.3,0.1,0.181,0.007,282.843,22.267,35.045,0.181,0.05,437.332,0.0,0.0,0.00042,0.0,7.527,-21.587,-33.59,-27.16,11.681,0.0,-0.001,0.001,-0.005,0.023,0.003,0.0,1,1,1,project4_multircm_20260624_092806_475.csv,28.966
29.1398,0.02131,46.92,T3_safe_insertion,InsertionSequence,Done,0.9994,0.6074,0.99988,1.30012,0.09995,0.8,1.5,0.10001,0.79988,1.50012,0.10001,0.99988,1.30012,0.1,0.80747,1.50747,0.0804,1.01174,1.31174,0.13081,0.8,1.5,0.1,1.0,1.3,0.1,0.181,0.007,282.843,22.267,35.046,0.181,0.051,437.331,0.0,0.0,0.00043,-1e-05,7.527,-21.587,-33.59,-27.158,11.682,0.0,-0.001,0.001,-0.006,0.023,0.005,0.0,1,1,1,project4_multircm_20260624_092806_475.csv,29.029300000000003
29.2031,0.02117,47.23,T3_safe_insertion,InsertionSequence,Done,0.9994,0.6074,0.99988,1.30012,0.09995,0.8,1.5,0.10001,0.79988,1.50012,0.10001,0.99988,1.30012,0.1,0.80728,1.50728,0.08027,1.01145,1.31145,0.13103,0.8,1.5,0.1,1.0,1.3,0.1,0.181,0.007,282.843,22.267,35.047,0.181,0.051,437.331,0.0,0.0,0.00039,0.0,7.527,-21.587,-33.59,-27.157,11.682,0.0,-0.001,0.001,-0.004,0.022,0.003,0.0,1,1,1,project4_multircm_20260624_092806_475.csv,29.0926
29.2663,0.02081,48.06,T3_safe_insertion,InsertionSequence,Done,0.9994,0.6074,0.99988,1.30012,0.09995,0.8,1.5,0.10001,0.79988,1.50012,0.10001,0.99988,1.30012,0.1,0.8071,1.5071,0.08013,1.01116,1.31116,0.13124,0.8,1.5,0.1,1.0,1.3,0.1,0.181,0.007,282.843,22.268,35.048,0.181,0.052,437.331,0.0,0.0,0.00037,0.0,7.527,-21.587,-33.59,-27.156,11.682,0.0,-0.001,0.001,-0.004,0.021,0.003,0.0,1,1,1,project4_multircm_20260624_092806_475.csv,29.155800000000003
29.3301,0.02158,46.34,T3_safe_insertion,InsertionSequence,Done,0.9994,0.6074,0.99988,1.30012,0.09995,0.8,1.5,0.10001,0.79988,1.50012,0.10001,0.99988,1.30012,0.1,0.80691,1.50691,0.08,1.01086,1.31086,0.13145,0.8,1.5,0.1,1.0,1.3,0.1,0.181,0.008,282.843,22.268,35.048,0.181,0.052,437.331,0.0,0.0,0.00035,0.0,7.527,-21.587,-33.591,-27.154,11.682,0.0,-0.001,0.001,-0.003,0.02,0.003,0.0,1,1,1,project4_multircm_20260624_092806_475.csv,29.219600000000003
29.3938,0.02159,46.31,T3_safe_insertion,InsertionSequence,Done,0.9994,0.6074,0.99987,1.30012,0.09995,0.8,1.5,0.10001,0.79988,1.50012,0.10001,0.99988,1.30012,0.1,0.80672,1.50672,0.07987,1.01057,1.31057,0.13165,0.8,1.5,0.1,1.0,1.3,0.1,0.182,0.008,282.843,22.268,35.049,0.182,0.052,437.331,0.0,0.0,0.00035,0.0,7.527,-21.587,-33.591,-27.153,11.683,0.0,-0.001,0.001,-0.004,0.019,0.003,0.0,1,1,1,project4_multircm_20260624_092806_475.csv,29.2833
29.4575,0.02121,47.14,T3_safe_insertion,InsertionSequence,Done,0.9994,0.6074,0.99987,1.30012,0.09995,0.8,1.5,0.10001,0.79988,1.50012,0.10001,0.99988,1.30012,0.1,0.80653,1.50653,0.07975,1.01027,1.31027,0.13185,0.8,1.5,0.1,1.0,1.3,0.1,0.182,0.008,282.843,22.268,35.05,0.182,0.053,437.331,0.0,0.0,0.00032,0.0,7.527,-21.586,-33.591,-27.152,11.683,0.0,-0.001,0.001,-0.003,0.018,0.002,0.0,1,1,1,project4_multircm_20260624_092806_475.csv,29.347
29.5207,0.02114,47.3,T3_safe_insertion,InsertionSequence,Done,0.9994,0.6074,0.99987,1.30012,0.09995,0.8,1.5,0.10001,0.79988,1.50012,0.10001,0.99988,1.30012,0.1,0.80634,1.50634,0.07963,1.00997,1.30997,0.13204,0.8,1.5,0.1,1.0,1.3,0.1,0.181,0.008,282.843,22.268,35.051,0.181,0.053,437.331,0.0,0.0,0.00033,0.0,7.526,-21.586,-33.591,-27.151,11.683,0.0,-0.001,0.001,-0.004,0.018,0.003,0.0,1,1,1,project4_multircm_20260624_092806_475.csv,29.410200000000003
29.5843,0.02096,47.7,T3_safe_insertion,InsertionSequence,Done,0.9994,0.6074,0.99987,1.30012,0.09995,0.8,1.5,0.10001,0.79988,1.50012,0.10001,0.99988,1.30012,0.1,0.80615,1.50615,0.07951,1.00967,1.30967,0.13222,0.8,1.5,0.1,1.0,1.3,0.1,0.182,0.008,282.843,22.268,35.051,0.182,0.053,437.331,0.0,0.0,0.00031,0.0,7.526,-21.586,-33.592,-27.15,11.683,0.0,-0.001,0.001,-0.004,0.017,0.003,0.0,1,1,1,project4_multircm_20260624_092806_475.csv,29.4738
29.6482,0.02136,46.82,T3_safe_insertion,InsertionSequence,Done,0.9994,0.6074,0.99987,1.30012,0.09995,0.8,1.5,0.10001,0.79988,1.50012,0.10001,0.99988,1.30012,0.1,0.80595,1.50595,0.07939,1.00936,1.30936,0.1324,0.8,1.5,0.1,1.0,1.3,0.1,0.182,0.008,282.843,22.268,35.052,0.182,0.054,437.331,0.0,0.0,0.00029,0.0,7.526,-21.586,-33.592,-27.149,11.683,0.0,-0.001,0.001,-0.003,0.016,0.002,0.0,1,1,1,project4_multircm_20260624_092806_475.csv,29.5377
29.7115,0.02133,46.88,T3_safe_insertion,InsertionSequence,Done,0.9994,0.6074,0.99987,1.30012,0.09995,0.8,1.5,0.10001,0.79988,1.50012,0.10001,0.99988,1.30012,0.1,0.80576,1.50576,0.07928,1.00906,1.30906,0.13257,0.8,1.5,0.1,1.0,1.3,0.1,0.182,0.008,282.843,22.268,35.052,0.182,0.054,437.331,0.0,0.0,0.00028,0.0,7.526,-21.586,-33.592,-27.148,11.684,0.0,-0.001,0.001,-0.003,0.015,0.002,0.0,1,1,1,project4_multircm_20260624_092806_475.csv,29.601000000000003
29.7747,0.02101,47.6,T3_safe_insertion,InsertionSequence,Done,0.9994,0.6074,0.99987,1.30012,0.09995,0.8,1.5,0.10001,0.79988,1.50012,0.10001,0.99988,1.30012,0.1,0.80556,1.50557,0.07918,1.00875,1.30875,0.13274,0.8,1.5,0.1,1.0,1.3,0.1,0.182,0.008,282.843,22.268,35.053,0.182,0.054,437.331,0.0,0.0,0.00028,0.0,7.526,-21.586,-33.592,-27.147,11.684,0.0,-0.001,0.001,-0.003,0.015,0.003,0.0,1,1,1,project4_multircm_20260624_092806_475.csv,29.6642
29.8378,0.02123,47.09,T3_safe_insertion,InsertionSequence,Done,0.9994,0.6074,0.99987,1.30012,0.09995,0.8,1.5,0.10001,0.79988,1.50012,0.10001,0.99988,1.30012,0.1,0.80537,1.50537,0.07908,1.00844,1.30844,0.1329,0.8,1.5,0.1,1.0,1.3,0.1,0.182,0.008,282.843,22.268,35.054,0.182,0.055,437.331,0.0,0.0,0.00026,0.0,7.526,-21.586,-33.593,-27.146,11.684,0.0,-0.001,0.001,-0.003,0.015,0.002,0.0,1,1,1,project4_multircm_20260624_092806_475.csv,29.727300000000003
29.9012,0.02088,47.88,T3_safe_insertion,InsertionSequence,Done,0.9994,0.6074,0.99987,1.30012,0.09995,0.8,1.5,0.10001,0.79988,1.50012,0.10001,0.99988,1.30012,0.1,0.80517,1.50517,0.07898,1.00813,1.30813,0.13306,0.8,1.5,0.1,1.0,1.3,0.1,0.182,0.008,282.843,22.268,35.054,0.182,0.055,437.331,0.0,0.0,0.00026,0.0,7.526,-21.586,-33.593,-27.145,11.684,0.0,-0.001,0.001,-0.003,0.014,0.002,0.0,1,1,1,project4_multircm_20260624_092806_475.csv,29.7907
29.9652,0.02162,46.25,T3_safe_insertion,InsertionSequence,Done,0.9994,0.6074,0.99987,1.30012,0.09995,0.8,1.5,0.10001,0.79988,1.50012,0.10001,0.99988,1.30012,0.1,0.80497,1.50497,0.07888,1.00782,1.30782,0.13321,0.8,1.5,0.1,1.0,1.3,0.1,0.182,0.008,282.843,22.268,35.055,0.182,0.055,437.331,0.0,0.0,0.00024,-1e-05,7.526,-21.586,-33.593,-27.144,11.684,0.0,-0.001,0.001,-0.003,0.013,0.002,0.0,1,1,1,project4_multircm_20260624_092806_475.csv,29.8547
30.0296,0.0213,46.95,T3_safe_insertion,InsertionSequence,Done,0.9994,0.6074,0.99987,1.30012,0.09995,0.8,1.5,0.10001,0.79988,1.50012,0.10001,0.99988,1.30012,0.1,0.80477,1.50477,0.07879,1.0075,1.3075,0.13335,0.8,1.5,0.1,1.0,1.3,0.1,0.182,0.008,282.843,22.268,35.055,0.182,0.055,437.331,0.0,0.0,0.00024,0.0,7.526,-21.586,-33.593,-27.143,11.684,0.0,-0.001,0.001,-0.003,0.013,0.003,0.0,1,1,1,project4_multircm_20260624_092806_475.csv,29.9191
30.0936,0.02065,48.44,T3_safe_insertion,InsertionSequence,Done,0.9994,0.6074,0.99987,1.30012,0.09994,0.8,1.5,0.10001,0.79988,1.50012,0.10001,0.99988,1.30012,0.1,0.80457,1.50457,0.0787,1.00719,1.30719,0.13349,0.8,1.5,0.1,1.0,1.3,0.1,0.182,0.008,282.843,22.268,35.056,0.182,0.056,437.33,0.0,0.0,0.00022,0.0,7.526,-21.586,-33.593,-27.142,11.684,0.0,-0.001,0.001,-0.002,0.012,0.002,0.0,1,1,1,project4_multircm_20260624_092806_475.csv,29.9831
30.1577,0.02104,47.53,T3_safe_insertion,InsertionSequence,Done,0.9994,0.6074,0.99987,1.30012,0.09994,0.8,1.5,0.10001,0.79988,1.50012,0.10001,0.99988,1.30012,0.1,0.80437,1.50437,0.07861,1.00687,1.30687,0.13363,0.8,1.5,0.1,1.0,1.3,0.1,0.182,0.008,282.843,22.268,35.056,0.182,0.056,437.331,0.0,0.0,0.0002,0.0,7.526,-21.586,-33.593,-27.141,11.685,0.0,-0.001,0.0,-0.002,0.011,0.001,0.0,1,1,1,project4_multircm_20260624_092806_475.csv,30.0472
30.2222,0.02199,45.47,T3_safe_insertion,InsertionSequence,Done,0.9994,0.6074,0.99987,1.30012,0.09994,0.8,1.5,0.10001,0.79988,1.50012,0.10001,0.99988,1.30012,0.1,0.80416,1.50416,0.07853,1.00655,1.30655,0.13375,0.8,1.5,0.1,1.0,1.3,0.1,0.182,0.008,282.843,22.268,35.056,0.182,0.056,437.33,0.0,0.0,0.00021,0.0,7.526,-21.586,-33.594,-27.141,11.685,0.0,-0.001,0.001,-0.002,0.011,0.002,0.0,1,1,1,project4_multircm_20260624_092806_475.csv,30.111700000000003
30.2853,0.02142,46.69,T3_safe_insertion,InsertionSequence,Done,0.9994,0.6074,0.99987,1.30012,0.09994,0.8,1.5,0.10001,0.79988,1.50012,0.10001,0.99988,1.30012,0.1,0.80396,1.50396,0.07846,1.00623,1.30623,0.13387,0.8,1.5,0.1,1.0,1.3,0.1,0.182,0.008,282.843,22.268,35.057,0.182,0.056,437.33,0.0,0.0,0.00021,0.0,7.526,-21.586,-33.594,-27.14,11.685,0.0,-0.001,0.001,-0.003,0.011,0.002,0.0,1,1,1,project4_multircm_20260624_092806_475.csv,30.1748
30.3499,0.02113,47.32,T3_safe_insertion,InsertionSequence,Done,0.9994,0.6074,0.99987,1.30012,0.09994,0.8,1.5,0.10001,0.79988,1.50012,0.10001,0.99988,1.30012,0.1,0.80376,1.50376,0.07838,1.0059,1.3059,0.13399,0.8,1.5,0.1,1.0,1.3,0.1,0.182,0.008,282.843,22.268,35.057,0.182,0.057,437.33,0.0,0.0,0.00017,1e-05,7.526,-21.586,-33.594,-27.139,11.685,0.0,-0.001,0.0,-0.001,0.01,0.001,0.0,1,1,1,project4_multircm_20260624_092806_475.csv,30.239400000000003
30.414,0.02064,48.44,T1_entry_rcm_tip_target,EntryRCM_TipTarget,Done,0.9994,0.60736,0.9999,1.30009,0.09995,0.8,1.5,0.10001,0.7999,1.5001,0.10001,1.0,1.3,0.1,0.8,1.5,0.07774,1.0,1.3,0.135,0.8,1.5,0.1,1.0,1.3,0.1,0.149,0.011,282.843,22.272,35.055,0.149,0.055,437.296,0.0,0.0,0.00195,-0.00067,7.525,-21.581,-33.599,-27.138,11.684,0.0,-0.007,0.074,-0.082,0.016,-0.009,0.0,1,1,1,project4_multircm_20260624_092806_475.csv,30.303500000000003
30.4784,0.02048,48.84,T1_entry_rcm_tip_target,EntryRCM_TipTarget,Done,0.9994,0.60732,0.99992,1.30008,0.09995,0.8,1.5,0.10001,0.79992,1.50008,0.10001,1.0,1.3,0.1,0.8,1.5,0.07774,1.0,1.3,0.135,0.8,1.5,0.1,1.0,1.3,0.1,0.124,0.012,282.843,22.273,35.054,0.124,0.054,437.269,0.0,0.0,0.00174,-0.00054,7.525,-21.577,-33.604,-27.137,11.684,0.0,-0.002,0.062,-0.077,0.016,0.005,0.0,1,1,1,project4_multircm_20260624_092806_475.csv,30.367900000000002
30.5415,0.02042,48.98,T1_entry_rcm_tip_target,EntryRCM_TipTarget,Done,0.9994,0.60729,0.99993,1.30006,0.09995,0.8,1.5,0.10001,0.79993,1.50006,0.10001,1.0,1.3,0.1,0.8,1.5,0.07774,1.0,1.3,0.135,0.8,1.5,0.1,1.0,1.3,0.1,0.105,0.013,282.843,22.273,35.053,0.105,0.053,437.248,0.0,0.0,0.00153,-0.00044,7.525,-21.573,-33.609,-27.136,11.684,0.0,-0.001,0.051,-0.068,0.017,0.011,0.0,1,1,1,project4_multircm_20260624_092806_475.csv,30.431
30.6053,0.02165,46.19,T1_entry_rcm_tip_target,EntryRCM_TipTarget,Done,0.9994,0.60727,0.99995,1.30005,0.09995,0.8,1.5,0.10001,0.79995,1.50005,0.10001,1.0,1.3,0.1,0.8,1.5,0.07774,1.0,1.3,0.135,0.8,1.5,0.1,1.0,1.3,0.1,0.09,0.013,282.843,22.273,35.052,0.09,0.052,437.231,0.0,0.0,0.00132,-0.00035,7.525,-21.57,-33.613,-27.135,11.685,0.0,0.0,0.042,-0.059,0.018,0.013,0.0,1,1,1,project4_multircm_20260624_092806_475.csv,30.4948
30.6682,0.02079,48.1,T1_entry_rcm_tip_target,EntryRCM_TipTarget,Done,0.9994,0.60725,0.99996,1.30004,0.09995,0.8,1.5,0.10001,0.79996,1.50004,0.10001,1.0,1.3,0.1,0.8,1.5,0.07774,1.0,1.3,0.135,0.8,1.5,0.1,1.0,1.3,0.1,0.079,0.012,282.843,22.273,35.052,0.079,0.052,437.217,0.0,0.0,0.00115,-0.00028,7.525,-21.568,-33.616,-27.134,11.686,0.0,0.001,0.035,-0.05,0.019,0.014,0.0,1,1,1,project4_multircm_20260624_092806_475.csv,30.5577
30.7316,0.02082,48.03,T1_entry_rcm_tip_target,EntryRCM_TipTarget,Done,0.9994,0.60723,0.99997,1.30004,0.09995,0.8,1.5,0.10001,0.79996,1.50003,0.10001,1.0,1.3,0.1,0.8,1.5,0.07774,1.0,1.3,0.135,0.8,1.5,0.1,1.0,1.3,0.1,0.071,0.012,282.843,22.272,35.051,0.071,0.051,437.206,0.0,0.0,0.00101,-0.00023,7.525,-21.566,-33.619,-27.133,11.687,0.0,0.001,0.029,-0.044,0.02,0.014,0.0,1,1,1,project4_multircm_20260624_092806_475.csv,30.621100000000002
30.7949,0.02118,47.22,T1_entry_rcm_tip_target,EntryRCM_TipTarget,Done,0.9994,0.60722,0.99997,1.30003,0.09995,0.8,1.5,0.10001,0.79997,1.50003,0.10001,1.0,1.3,0.1,0.8,1.5,0.07774,1.0,1.3,0.135,0.8,1.5,0.1,1.0,1.3,0.1,0.064,0.012,282.843,22.272,35.051,0.064,0.051,437.197,0.0,0.0,0.00088,-0.00019,7.525,-21.564,-33.621,-27.132,11.688,0.0,0.001,0.024,-0.037,0.02,0.014,0.0,1,1,1,project4_multircm_20260624_092806_475.csv,30.6844
30.8581,0.02063,48.46,T1_entry_rcm_tip_target,EntryRCM_TipTarget,Done,0.9994,0.60721,0.99998,1.30002,0.09995,0.8,1.5,0.10001,0.79998,1.50002,0.10001,1.0,1.3,0.1,0.8,1.5,0.07774,1.0,1.3,0.135,0.8,1.5,0.1,1.0,1.3,0.1,0.06,0.012,282.843,22.272,35.05,0.06,0.05,437.19,0.0,0.0,0.00078,-0.00015,7.525,-21.563,-33.623,-27.13,11.689,0.0,0.001,0.02,-0.032,0.02,0.013,0.0,1,1,1,project4_multircm_20260624_092806_475.csv,30.747600000000002
30.923,0.0225,44.45,T1_entry_rcm_tip_target,EntryRCM_TipTarget,Done,0.9994,0.6072,0.99998,1.30002,0.09995,0.8,1.5,0.10001,0.79998,1.50002,0.10001,1.0,1.3,0.1,0.8,1.5,0.07774,1.0,1.3,0.135,0.8,1.5,0.1,1.0,1.3,0.1,0.056,0.012,282.843,22.272,35.05,0.056,0.05,437.184,0.0,0.0,0.00069,-0.00012,7.525,-21.562,-33.625,-27.129,11.689,0.0,0.0,0.016,-0.027,0.02,0.012,0.0,1,1,1,project4_multircm_20260624_092806_475.csv,30.8125
30.9878,0.02031,49.23,T1_entry_rcm_tip_target,EntryRCM_TipTarget,Done,0.9994,0.60719,0.99999,1.30002,0.09995,0.8,1.5,0.10001,0.79998,1.50002,0.10001,1.0,1.3,0.1,0.8,1.5,0.07774,1.0,1.3,0.135,0.8,1.5,0.1,1.0,1.3,0.1,0.054,0.012,282.843,22.272,35.049,0.054,0.049,437.179,0.0,0.0,0.0006,-9e-05,7.525,-21.561,-33.627,-27.128,11.69,0.0,0.0,0.013,-0.023,0.02,0.011,0.0,1,1,1,project4_multircm_20260624_092806_475.csv,30.8773
31.0519,0.02131,46.92,T1_entry_rcm_tip_target,EntryRCM_TipTarget,Done,0.9994,0.60719,0.99999,1.30001,0.09995,0.8,1.5,0.10001,0.79999,1.50001,0.10001,1.0,1.3,0.1,0.8,1.5,0.07774,1.0,1.3,0.135,0.8,1.5,0.1,1.0,1.3,0.1,0.052,0.012,282.843,22.272,35.049,0.052,0.049,437.175,0.0,0.0,0.00055,-8e-05,7.525,-21.56,-33.628,-27.126,11.691,0.0,0.0,0.011,-0.02,0.019,0.01,0.0,1,1,1,project4_multircm_20260624_092806_475.csv,30.9414
31.1164,0.0214,46.73,T2_target_rcm_entry_cone,TargetRCM_EntryCone,Done,0.9994,0.995,0.99965,1.29979,0.09853,0.99711,1.30235,0.0985,0.80035,1.50048,0.09645,1.0,1.3,0.1,0.8,1.5,0.07774,1.0,1.3,0.135,0.8,1.5,0.1,1.0,1.3,0.1,1.528,279.144,4.013,18.716,36.474,18.716,1.525,437.294,0.466,0.0,0.56505,0.0,8.086,-21.24,-34.651,-28.387,12.932,0.0,8.443,4.889,-15.21,-19.498,18.479,0.0,0,1,1,project4_multircm_20260624_092806_475.csv,31.0059
31.1794,0.02096,47.72,T2_target_rcm_entry_cone,TargetRCM_EntryCone,Done,0.9994,0.995,0.99941,1.29963,0.09774,0.99688,1.3022,0.09769,0.80065,1.50083,0.09358,1.0,1.3,0.1,0.8,1.5,0.07774,1.0,1.3,0.135,0.8,1.5,0.1,1.0,1.3,0.1,2.36,279.094,4.46,15.873,37.262,15.873,2.355,437.43,0.913,0.0,0.51713,0.0,8.587,-20.944,-35.529,-29.59,14.003,0.0,7.709,4.602,-13.318,-18.836,16.283,0.0,0,1,1,project4_multircm_20260624_092806_475.csv,31.068900000000003
31.2444,0.02256,44.32,T2_target_rcm_entry_cone,TargetRCM_EntryCone,Done,0.9994,0.995,0.99924,1.29952,0.09735,0.99672,1.30209,0.09727,0.8009,1.50107,0.09112,1.0,1.3,0.1,0.8,1.5,0.07774,1.0,1.3,0.135,0.8,1.5,0.1,1.0,1.3,0.1,2.795,279.06,4.751,13.449,37.657,13.449,2.788,437.577,1.345,0.0,0.46764,0.0,9.056,-20.66,-36.316,-30.77,14.971,0.0,6.988,4.256,-11.525,-17.776,14.218,0.0,0,1,1,project4_multircm_20260624_092806_475.csv,31.1339
31.307,0.02115,47.29,T2_target_rcm_entry_cone,TargetRCM_EntryCone,Done,0.9994,0.995,0.99913,1.29945,0.09724,0.99661,1.30201,0.09713,0.80109,1.50123,0.08913,1.0,1.3,0.1,0.8,1.5,0.07774,1.0,1.3,0.135,0.8,1.5,0.1,1.0,1.3,0.1,2.949,279.039,4.874,11.505,37.777,11.505,2.941,437.716,1.728,0.0,0.41837,0.0,9.464,-20.409,-36.966,-31.829,15.779,0.0,6.278,3.874,-9.858,-16.48,12.305,0.0,0,1,1,project4_multircm_20260624_092806_475.csv,31.1965
31.3708,0.02131,46.93,T2_target_rcm_entry_cone,TargetRCM_EntryCone,Done,0.9994,0.995,0.99906,1.2994,0.09728,0.99654,1.30197,0.09716,0.80124,1.50132,0.08741,1.0,1.3,0.1,0.8,1.5,0.07774,1.0,1.3,0.135,0.8,1.5,0.1,1.0,1.3,0.1,2.937,279.023,4.889,9.842,37.733,9.842,2.927,437.851,2.084,0.0,0.37151,0.0,9.835,-20.179,-37.53,-32.821,16.489,0.0,5.6,3.476,-8.355,-15.098,10.579,0.0,0,1,1,project4_multircm_20260624_092806_475.csv,31.2603
31.4344,0.02102,47.57,T2_target_rcm_entry_cone,TargetRCM_EntryCone,Done,0.9994,0.995,0.99902,1.29938,0.09743,0.99651,1.30195,0.09728,0.80135,1.50136,0.08597,1.0,1.3,0.1,0.8,1.5,0.07774,1.0,1.3,0.135,0.8,1.5,0.1,1.0,1.3,0.1,2.823,279.011,4.836,8.448,37.591,8.448,2.812,437.977,2.403,0.0,0.32777,0.0,10.164,-19.975,-38.004,-33.723,17.096,0.0,4.957,3.08,-7.013,-13.709,9.028,0.0,0,1,1,project4_multircm_20260624_092806_475.csv,31.323900000000002
31.4981,0.02035,49.13,T2_target_rcm_entry_cone,TargetRCM_EntryCone,Done,0.9994,0.995,0.999,1.29937,0.09762,0.99649,1.30194,0.09746,0.80143,1.50136,0.08474,1.0,1.3,0.1,0.8,1.5,0.07774,1.0,1.3,0.135,0.8,1.5,0.1,1.0,1.3,0.1,2.653,279.003,4.748,7.272,37.394,7.272,2.64,438.091,2.687,0.0,0.28749,0.0,10.454,-19.795,-38.4,-34.539,17.612,0.0,4.355,2.693,-5.818,-12.363,7.643,0.0,0,1,1,project4_multircm_20260624_092806_475.csv,31.387600000000003
31.5621,0.02177,45.94,T2_target_rcm_entry_cone,TargetRCM_EntryCone,Done,0.9994,0.995,0.999,1.29937,0.09785,0.99649,1.30194,0.09767,0.80149,1.50133,0.08369,1.0,1.3,0.1,0.8,1.5,0.07774,1.0,1.3,0.135,0.8,1.5,0.1,1.0,1.3,0.1,2.456,278.996,4.645,6.276,37.173,6.276,2.442,438.195,2.939,0.0,0.25237,0.0,10.71,-19.638,-38.729,-35.279,18.05,0.0,3.819,2.34,-4.804,-11.148,6.456,0.0,0,1,1,project4_multircm_20260624_092806_475.csv,31.451600000000003
31.6256,0.02128,46.99,T2_target_rcm_entry_cone,TargetRCM_EntryCone,Done,0.9994,0.995,0.99901,1.29939,0.09807,0.99649,1.30196,0.09788,0.80152,1.50129,0.08281,1.0,1.3,0.1,0.8,1.5,0.07774,1.0,1.3,0.135,0.8,1.5,0.1,1.0,1.3,0.1,2.256,278.992,4.542,5.443,36.948,5.443,2.24,438.286,3.158,0.0,0.22052,0.0,10.931,-19.503,-38.995,-35.938,18.414,0.0,3.324,2.007,-3.908,-10.006,5.402,0.0,0,1,1,project4_multircm_20260624_092806_475.csv,31.5151
31.6892,0.02132,46.91,T2_target_rcm_entry_cone,TargetRCM_EntryCone,Done,0.9994,0.995,0.99902,1.2994,0.09829,0.99651,1.30197,0.09808,0.80153,1.50123,0.08205,1.0,1.3,0.1,0.8,1.5,0.07774,1.0,1.3,0.135,0.8,1.5,0.1,1.0,1.3,0.1,2.06,278.988,4.446,4.741,36.731,4.741,2.043,438.367,3.349,0.0,0.1928,0.0,11.124,-19.389,-39.21,-36.529,18.718,0.0,2.886,1.706,-3.143,-8.984,4.495,0.0,0,1,1,project4_multircm_20260624_092806_475.csv,31.5787
31.7529,0.02141,46.7,T2_target_rcm_entry_cone,TargetRCM_EntryCone,Done,0.9994,0.995,0.99904,1.29943,0.09849,0.99653,1.302,0.09827,0.80154,1.50117,0.08141,1.0,1.3,0.1,0.8,1.5,0.07774,1.0,1.3,0.135,0.8,1.5,0.1,1.0,1.3,0.1,1.877,278.985,4.36,4.15,36.527,4.15,1.857,438.438,3.514,0.0,0.16855,0.0,11.291,-19.292,-39.382,-37.062,18.971,0.0,2.496,1.436,-2.489,-8.061,3.713,0.0,0,1,1,project4_multircm_20260624_092806_475.csv,31.642400000000002
31.8168,0.02108,47.44,T2_target_rcm_entry_cone,TargetRCM_EntryCone,Done,0.9994,0.995,0.99907,1.29945,0.09868,0.99655,1.30202,0.09845,0.80153,1.5011,0.08087,1.0,1.3,0.1,0.8,1.5,0.07774,1.0,1.3,0.135,0.8,1.5,0.1,1.0,1.3,0.1,1.71,278.983,4.286,3.652,36.34,3.652,1.688,438.5,3.658,0.0,0.1475,0.0,11.435,-19.21,-39.517,-37.541,19.179,0.0,2.151,1.196,-1.931,-7.239,3.039,0.0,0,1,1,project4_multircm_20260624_092806_475.csv,31.706300000000002
31.8805,0.02139,46.75,T2_target_rcm_entry_cone,TargetRCM_EntryCone,Done,0.9994,0.995,0.99909,1.29948,0.09884,0.99658,1.30205,0.09861,0.80152,1.50104,0.0804,1.0,1.3,0.1,0.8,1.5,0.07774,1.0,1.3,0.135,0.8,1.5,0.1,1.0,1.3,0.1,1.56,278.981,4.224,3.236,36.173,3.236,1.535,438.554,3.781,0.0,0.1296,0.0,11.559,-19.143,-39.62,-37.972,19.348,0.0,1.853,0.987,-1.467,-6.516,2.473,0.0,0,1,1,project4_multircm_20260624_092806_475.csv,31.770000000000003
31.944,0.02161,46.27,T2_target_rcm_entry_cone,TargetRCM_EntryCone,Done,0.9994,0.995,0.99912,1.29951,0.09899,0.9966,1.30208,0.09875,0.8015,1.50097,0.08001,1.0,1.3,0.1,0.8,1.5,0.07774,1.0,1.3,0.135,0.8,1.5,0.1,1.0,1.3,0.1,1.427,278.979,4.172,2.889,36.025,2.889,1.4,438.601,3.886,0.0,0.1143,0.0,11.666,-19.088,-39.696,-38.357,19.484,0.0,1.594,0.806,-1.077,-5.88,1.991,0.0,0,1,1,project4_multircm_20260624_092806_475.csv,31.8335
32.0075,0.0209,47.84,T2_target_rcm_entry_cone,TargetRCM_EntryCone,Done,0.9994,0.995,0.99915,1.29954,0.09912,0.99663,1.3021,0.09887,0.80147,1.50091,0.07968,1.0,1.3,0.1,0.8,1.5,0.07774,1.0,1.3,0.135,0.8,1.5,0.1,1.0,1.3,0.1,1.31,278.977,4.129,2.598,35.894,2.598,1.28,438.641,3.977,0.0,0.10106,0.0,11.757,-19.044,-39.75,-38.707,19.593,0.0,1.367,0.648,-0.748,-5.309,1.579,0.0,0,1,1,project4_multircm_20260624_092806_475.csv,31.897000000000002
32.071,0.02155,46.4,T2_target_rcm_entry_cone,TargetRCM_EntryCone,Done,0.9994,0.995,0.99917,1.29957,0.09923,0.99666,1.30213,0.09898,0.80145,1.50084,0.0794,1.0,1.3,0.1,0.8,1.5,0.07774,1.0,1.3,0.135,0.8,1.5,0.1,1.0,1.3,0.1,1.208,278.975,4.095,2.355,35.78,2.355,1.175,438.677,4.053,0.0,0.09008,0.0,11.836,-19.008,-39.786,-39.023,19.678,0.0,1.174,0.515,-0.478,-4.82,1.236,0.0,0,1,1,project4_multircm_20260624_092806_475.csv,31.9605
32.1353,0.02114,47.3,T2_target_rcm_entry_cone,TargetRCM_EntryCone,Done,0.9994,0.995,0.9992,1.2996,0.09933,0.99668,1.30216,0.09907,0.80142,1.50078,0.07915,1.0,1.3,0.1,0.8,1.5,0.07774,1.0,1.3,0.135,0.8,1.5,0.1,1.0,1.3,0.1,1.119,278.973,4.065,2.149,35.68,2.149,1.083,438.707,4.12,0.0,0.08058,0.0,11.904,-18.98,-39.807,-39.314,19.745,0.0,1.003,0.398,-0.247,-4.383,0.939,0.0,0,1,1,project4_multircm_20260624_092806_475.csv,32.0248
32.1992,0.02186,45.75,T2_target_rcm_entry_cone,TargetRCM_EntryCone,Done,0.9994,0.995,0.99922,1.29963,0.09942,0.99671,1.30219,0.09916,0.80138,1.50072,0.07895,1.0,1.3,0.1,0.8,1.5,0.07774,1.0,1.3,0.135,0.8,1.5,0.1,1.0,1.3,0.1,1.041,278.971,4.042,1.976,35.593,1.976,1.001,438.734,4.176,0.0,0.07259,0.0,11.962,-18.959,-39.815,-39.577,19.794,0.0,0.86,0.302,-0.067,-3.997,0.7,0.0,0,1,1,project4_multircm_20260624_092806_475.csv,32.088699999999996
32.2636,0.02191,45.64,T2_target_rcm_entry_cone,TargetRCM_EntryCone,Done,0.9994,0.995,0.99925,1.29965,0.09949,0.99673,1.30221,0.09923,0.80135,1.50067,0.07878,1.0,1.3,0.1,0.8,1.5,0.07774,1.0,1.3,0.135,0.8,1.5,0.1,1.0,1.3,0.1,0.972,278.968,4.023,1.829,35.519,1.829,0.929,438.757,4.223,0.0,0.06575,0.0,12.011,-18.943,-39.812,-39.819,19.83,0.0,0.735,0.219,0.086,-3.654,0.495,0.0,0,1,1,project4_multircm_20260624_092806_475.csv,32.153099999999995
32.3297,0.02153,46.44,T2_target_rcm_entry_cone,TargetRCM_EntryCone,Done,0.9994,0.995,0.99927,1.29968,0.09956,0.99675,1.30224,0.09929,0.80132,1.50062,0.07863,1.0,1.3,0.1,0.8,1.5,0.07774,1.0,1.3,0.135,0.8,1.5,0.1,1.0,1.3,0.1,0.911,278.966,4.007,1.702,35.453,1.702,0.864,438.777,4.265,0.0,0.05974,0.0,12.055,-18.932,-39.801,-40.047,19.855,0.0,0.625,0.15,0.208,-3.34,0.323,0.0,0,1,1,project4_multircm_20260624_092806_475.csv,32.2192
32.3954,0.02203,45.39,T2_target_rcm_entry_cone,TargetRCM_EntryCone,Done,0.9994,0.995,0.99929,1.29971,0.09961,0.99677,1.30226,0.09934,0.80128,1.50057,0.0785,1.0,1.3,0.1,0.8,1.5,0.07774,1.0,1.3,0.135,0.8,1.5,0.1,1.0,1.3,0.1,0.858,278.964,3.994,1.593,35.397,1.593,0.807,438.795,4.3,0.0,0.05476,0.0,12.092,-18.925,-39.783,-40.254,19.87,0.0,0.533,0.092,0.306,-3.07,0.183,0.0,0,1,1,project4_multircm_20260624_092806_475.csv,32.2849
32.4613,0.0218,45.87,T2_target_rcm_entry_cone,TargetRCM_EntryCone,Done,0.9994,0.995,0.99932,1.29973,0.09966,0.99679,1.30229,0.09939,0.80125,1.50052,0.0784,1.0,1.3,0.1,0.8,1.5,0.07774,1.0,1.3,0.135,0.8,1.5,0.1,1.0,1.3,0.1,0.811,278.961,3.984,1.5,35.35,1.5,0.756,438.811,4.329,0.0,0.05038,0.0,12.124,-18.921,-39.76,-40.446,19.877,0.0,0.454,0.045,0.381,-2.824,0.069,0.0,0,1,1,project4_multircm_20260624_092806_475.csv,32.3508
32.5276,0.02235,44.74,T2_target_rcm_entry_cone,TargetRCM_EntryCone,Done,0.9994,0.995,0.99934,1.29976,0.0997,0.99681,1.30231,0.09943,0.80121,1.50047,0.07831,1.0,1.3,0.1,0.8,1.5,0.07774,1.0,1.3,0.135,0.8,1.5,0.1,1.0,1.3,0.1,0.769,278.959,3.976,1.418,35.309,1.418,0.71,438.824,4.354,0.0,0.04669,0.0,12.151,-18.919,-39.732,-40.623,19.878,0.0,0.388,0.007,0.437,-2.611,-0.021,0.0,0,1,1,project4_multircm_20260624_092806_475.csv,32.4171
32.5939,0.0228,43.86,T2_target_rcm_entry_cone,TargetRCM_EntryCone,Done,0.9994,0.995,0.99935,1.29978,0.09973,0.99683,1.30233,0.09946,0.80117,1.50043,0.07823,1.0,1.3,0.1,0.79994,1.49994,0.07774,0.9999,1.2999,0.135,0.8,1.5,0.1,1.0,1.3,0.1,0.735,278.956,3.97,1.42,35.272,1.42,0.671,438.836,4.374,0.0,0.04522,0.0,12.174,-18.921,-39.699,-40.79,19.872,0.0,0.332,-0.038,0.54,-2.509,-0.134,0.0,0,1,1,project4_multircm_20260624_092806_475.csv,32.483399999999996
32.6611,0.0224,44.65,T2_target_rcm_entry_cone,TargetRCM_EntryCone,Done,0.9994,0.995,0.99935,1.29978,0.09976,0.99683,1.30233,0.09948,0.80112,1.50036,0.07817,1.0,1.3,0.1,0.79971,1.49971,0.07774,0.99955,1.29955,0.13499,0.8,1.5,0.1,1.0,1.3,0.1,0.725,278.958,3.965,1.602,35.236,1.602,0.661,438.842,4.391,0.0,0.04874,0.0,12.194,-18.927,-39.653,-40.965,19.855,0.0,0.285,-0.112,0.77,-2.647,-0.324,0.0,0,1,1,project4_multircm_20260624_092806_475.csv,32.550599999999996
32.7291,0.02345,42.64,T2_target_rcm_entry_cone,TargetRCM_EntryCone,Done,0.9994,0.995,0.99934,1.29976,0.09978,0.99682,1.30231,0.09951,0.80104,1.50027,0.07811,1.0,1.3,0.1,0.79949,1.49949,0.07775,0.9992,1.2992,0.13498,0.8,1.5,0.1,1.0,1.3,0.1,0.735,278.962,3.962,1.775,35.204,1.775,0.675,438.844,4.405,0.0,0.05284,0.0,12.212,-18.937,-39.591,-41.152,19.824,0.0,0.245,-0.181,0.982,-2.804,-0.5,0.0,0,1,1,project4_multircm_20260624_092806_475.csv,32.6186
32.7944,0.02154,46.42,T2_target_rcm_entry_cone,TargetRCM_EntryCone,Done,0.9994,0.995,0.99932,1.29973,0.0998,0.9968,1.30228,0.09952,0.80096,1.50018,0.07807,1.0,1.3,0.1,0.79928,1.49928,0.07776,0.99886,1.29886,0.13496,0.8,1.5,0.1,1.0,1.3,0.1,0.759,278.967,3.96,1.931,35.177,1.931,0.702,438.843,4.415,0.0,0.05674,0.0,12.226,-18.952,-39.519,-41.341,19.785,0.0,0.209,-0.24,1.162,-2.948,-0.652,0.0,0,1,1,project4_multircm_20260624_092806_475.csv,32.6839
32.8621,0.02317,43.15,T2_target_rcm_entry_cone,TargetRCM_EntryCone,Done,0.9994,0.995,0.99929,1.29969,0.09981,0.99677,1.30224,0.09954,0.80086,1.50006,0.07804,1.0,1.3,0.1,0.79905,1.49905,0.07778,0.99851,1.29851,0.13494,0.8,1.5,0.1,1.0,1.3,0.1,0.794,278.974,3.96,2.082,35.151,2.082,0.742,438.839,4.423,0.0,0.06113,0.0,12.239,-18.971,-39.432,-41.548,19.734,0.0,0.177,-0.297,1.339,-3.117,-0.8,0.0,0,1,1,project4_multircm_20260624_092806_475.csv,32.751599999999996
32.928,0.02234,44.76,T2_target_rcm_entry_cone,TargetRCM_EntryCone,Done,0.9994,0.995,0.99926,1.29965,0.09983,0.99674,1.3022,0.09955,0.80075,1.49994,0.07802,1.0,1.3,0.1,0.79884,1.49884,0.0778,0.99817,1.29817,0.1349,0.8,1.5,0.1,1.0,1.3,0.1,0.834,278.982,3.961,2.22,35.127,2.22,0.787,438.835,4.429,0.0,0.06511,0.0,12.249,-18.992,-39.337,-41.76,19.676,0.0,0.149,-0.346,1.489,-3.27,-0.927,0.0,0,1,1,project4_multircm_20260624_092806_475.csv,32.817499999999995
32.995,0.02229,44.86,T2_target_rcm_entry_cone,TargetRCM_EntryCone,Done,0.9994,0.995,0.99923,1.29961,0.09984,0.9967,1.30216,0.09956,0.80063,1.49981,0.07801,1.0,1.3,0.1,0.79862,1.49862,0.07783,0.99782,1.29782,0.13486,0.8,1.5,0.1,1.0,1.3,0.1,0.879,278.99,3.963,2.352,35.103,2.352,0.838,438.828,4.432,0.0,0.06898,0.0,12.258,-19.018,-39.231,-41.986,19.608,0.0,0.122,-0.392,1.629,-3.422,-1.045,0.0,0,1,1,project4_multircm_20260624_092806_475.csv,32.884499999999996
33.0615,0.02234,44.76,T2_target_rcm_entry_cone,TargetRCM_EntryCone,Done,0.9994,0.995,0.9992,1.29956,0.09984,0.99667,1.30211,0.09956,0.80051,1.49968,0.078,1.0,1.3,0.1,0.7984,1.4984,0.07786,0.99748,1.29748,0.13482,0.8,1.5,0.1,1.0,1.3,0.1,0.926,278.998,3.966,2.476,35.08,2.476,0.89,438.82,4.434,0.0,0.07289,0.0,12.265,-19.046,-39.117,-42.221,19.534,0.0,0.098,-0.435,1.76,-3.579,-1.155,0.0,0,1,1,project4_multircm_20260624_092806_475.csv,32.951
33.1277,0.02174,46.01,T2_target_rcm_entry_cone,TargetRCM_EntryCone,Done,0.9994,0.995,0.99917,1.29952,0.09985,0.99664,1.30206,0.09957,0.80039,1.49954,0.078,1.0,1.3,0.1,0.79818,1.49818,0.07789,0.99714,1.29714,0.13477,0.8,1.5,0.1,1.0,1.3,0.1,0.975,279.007,3.97,2.593,35.056,2.593,0.943,438.812,4.434,0.0,0.0764,0.0,12.27,-19.076,-38.995,-42.464,19.453,0.0,0.076,-0.472,1.874,-3.722,-1.252,0.0,0,1,1,project4_multircm_20260624_092806_475.csv,33.017199999999995
33.1951,0.02271,44.04,T2_target_rcm_entry_cone,TargetRCM_EntryCone,Done,0.9994,0.995,0.99913,1.29947,0.09985,0.9966,1.30202,0.09958,0.80025,1.4994,0.07801,1.0,1.3,0.1,0.79796,1.49796,0.07793,0.99679,1.29679,0.1347,0.8,1.5,0.1,1.0,1.3,0.1,1.025,279.015,3.975,2.706,35.033,2.706,0.997,438.802,4.432,0.0,0.08015,0.0,12.275,-19.11,-38.863,-42.722,19.364,0.0,0.056,-0.508,1.987,-3.882,-1.346,0.0,0,1,1,project4_multircm_20260624_092806_475.csv,33.084599999999995
33.2639,0.02345,42.64,T2_target_rcm_entry_cone,TargetRCM_EntryCone,Done,0.9994,0.995,0.9991,1.29943,0.09986,0.99657,1.30197,0.09958,0.80011,1.49924,0.07802,1.0,1.3,0.1,0.79773,1.49774,0.07797,0.99644,1.29644,0.13464,0.8,1.5,0.1,1.0,1.3,0.1,1.077,279.024,3.981,2.815,35.008,2.815,1.052,438.792,4.429,0.0,0.08347,0.0,12.277,-19.146,-38.722,-42.996,19.268,0.0,0.036,-0.539,2.085,-4.024,-1.428,0.0,0,1,1,project4_multircm_20260624_092806_475.csv,33.1534
33.3339,0.02322,43.07,T2_target_rcm_entry_cone,TargetRCM_EntryCone,Done,0.9994,0.995,0.99907,1.29938,0.09986,0.99653,1.30192,0.09958,0.79996,1.49909,0.07804,1.0,1.3,0.1,0.79751,1.49751,0.07802,0.99608,1.29608,0.13456,0.8,1.5,0.1,1.0,1.3,0.1,1.128,279.033,3.988,2.922,34.982,2.922,1.106,438.781,4.424,0.0,0.0868,0.0,12.279,-19.185,-38.572,-43.285,19.164,0.0,0.017,-0.57,2.18,-4.169,-1.508,0.0,0,1,1,project4_multircm_20260624_092806_475.csv,33.2234
33.403,0.02305,43.39,T2_target_rcm_entry_cone,TargetRCM_EntryCone,Done,0.9994,0.995,0.99903,1.29934,0.09986,0.9965,1.30188,0.09959,0.79981,1.49893,0.07807,1.0,1.3,0.1,0.79728,1.49728,0.07807,0.99573,1.29573,0.13447,0.8,1.5,0.1,1.0,1.3,0.1,1.178,279.041,3.996,3.021,34.956,3.021,1.159,438.771,4.419,0.0,0.08987,0.0,12.279,-19.226,-38.418,-43.579,19.057,0.0,-0.001,-0.596,2.262,-4.307,-1.578,0.0,0,1,1,project4_multircm_20260624_092806_475.csv,33.2925
33.4732,0.02312,43.25,T2_target_rcm_entry_cone,TargetRCM_EntryCone,Done,0.9994,0.995,0.999,1.2993,0.09986,0.99647,1.30184,0.09959,0.79966,1.49877,0.07811,1.0,1.3,0.1,0.79705,1.49706,0.07813,0.99537,1.29537,0.13438,0.8,1.5,0.1,1.0,1.3,0.1,1.228,279.049,4.004,3.119,34.93,3.119,1.21,438.76,4.412,0.0,0.09284,0.0,12.278,-19.269,-38.255,-43.887,18.943,0.0,-0.019,-0.62,2.338,-4.443,-1.643,0.0,0,1,1,project4_multircm_20260624_092806_475.csv,33.3627
33.5436,0.02381,42.0,T2_target_rcm_entry_cone,TargetRCM_EntryCone,Done,0.9994,0.995,0.99897,1.29925,0.09987,0.99643,1.30179,0.09959,0.7995,1.4986,0.07815,1.0,1.3,0.1,0.79683,1.49683,0.0782,0.99501,1.29501,0.13428,0.8,1.5,0.1,1.0,1.3,0.1,1.277,279.057,4.012,3.212,34.902,3.212,1.261,438.748,4.404,0.0,0.09544,0.0,12.276,-19.313,-38.087,-44.206,18.825,0.0,-0.035,-0.639,2.401,-4.565,-1.698,0.0,0,1,1,project4_multircm_20260624_092806_475.csv,33.433099999999996
33.6139,0.02401,41.65,T2_target_rcm_entry_cone,TargetRCM_EntryCone,Done,0.9994,0.995,0.99894,1.29921,0.09987,0.9964,1.30175,0.09959,0.79934,1.49844,0.07819,1.0,1.3,0.1,0.7966,1.4966,0.07827,0.99465,1.29466,0.13417,0.8,1.5,0.1,1.0,1.3,0.1,1.324,279.065,4.022,3.301,34.873,3.301,1.31,438.736,4.395,0.0,0.09807,0.0,12.273,-19.359,-37.916,-44.533,18.703,0.0,-0.051,-0.658,2.462,-4.692,-1.75,0.0,0,1,1,project4_multircm_20260624_092806_475.csv,33.5034
33.6835,0.02355,42.47,T2_target_rcm_entry_cone,TargetRCM_EntryCone,Done,0.9994,0.995,0.99891,1.29918,0.09987,0.99637,1.30171,0.09959,0.79918,1.49827,0.07825,1.0,1.3,0.1,0.79638,1.49638,0.07834,0.9943,1.2943,0.13406,0.8,1.5,0.1,1.0,1.3,0.1,1.37,279.072,4.031,3.386,34.844,3.386,1.357,438.724,4.385,0.0,0.10052,0.0,12.269,-19.406,-37.742,-44.865,18.579,0.0,-0.069,-0.676,2.519,-4.808,-1.801,0.0,0,1,1,project4_multircm_20260624_092806_475.csv,33.573
33.7536,0.02323,43.05,T2_target_rcm_entry_cone,TargetRCM_EntryCone,Done,0.9994,0.995,0.99889,1.29914,0.09987,0.99634,1.30167,0.09959,0.79902,1.4981,0.0783,1.0,1.3,0.1,0.79615,1.49615,0.07842,0.99395,1.29395,0.13394,0.8,1.5,0.1,1.0,1.3,0.1,1.414,279.08,4.041,3.468,34.815,3.468,1.403,438.712,4.375,0.0,0.10288,0.0,12.263,-19.454,-37.563,-45.208,18.451,0.0,-0.083,-0.691,2.568,-4.927,-1.842,0.0,0,1,1,project4_multircm_20260624_092806_475.csv,33.6431
33.8229,0.02301,43.46,T2_target_rcm_entry_cone,TargetRCM_EntryCone,Done,0.9994,0.995,0.99886,1.2991,0.09987,0.99631,1.30163,0.09959,0.79885,1.49794,0.07836,1.0,1.3,0.1,0.79593,1.49593,0.0785,0.9936,1.2936,0.13381,0.8,1.5,0.1,1.0,1.3,0.1,1.457,279.087,4.051,3.547,34.784,3.547,1.447,438.701,4.363,0.0,0.1048,0.0,12.257,-19.502,-37.383,-45.554,18.322,0.0,-0.097,-0.702,2.604,-5.026,-1.875,0.0,0,1,1,project4_multircm_20260624_092806_475.csv,33.712399999999995
33.8938,0.02386,41.92,T2_target_rcm_entry_cone,TargetRCM_EntryCone,Done,0.9994,0.995,0.99883,1.29907,0.09987,0.99629,1.30159,0.0996,0.79868,1.49776,0.07843,1.0,1.3,0.1,0.79571,1.49571,0.07858,0.99325,1.29325,0.13367,0.8,1.5,0.1,1.0,1.3,0.1,1.5,279.093,4.062,3.624,34.752,3.624,1.491,438.689,4.351,0.0,0.1069,0.0,12.249,-19.553,-37.197,-45.915,18.187,0.0,-0.113,-0.715,2.644,-5.133,-1.912,0.0,0,1,1,project4_multircm_20260624_092806_475.csv,33.7833
33.9634,0.02378,42.06,T2_target_rcm_entry_cone,TargetRCM_EntryCone,Done,0.9994,0.995,0.99881,1.29903,0.09987,0.99626,1.30156,0.0996,0.79852,1.49759,0.0785,1.0,1.3,0.1,0.79549,1.49549,0.07868,0.9929,1.2929,0.13353,0.8,1.5,0.1,1.0,1.3,0.1,1.541,279.1,4.073,3.698,34.721,3.698,1.533,438.677,4.339,0.0,0.10875,0.0,12.241,-19.603,-37.011,-46.278,18.052,0.0,-0.127,-0.722,2.673,-5.233,-1.938,0.0,0,1,1,project4_multircm_20260624_092806_475.csv,33.8529
34.0336,0.02297,43.54,T2_target_rcm_entry_cone,TargetRCM_EntryCone,Done,0.9994,0.995,0.99878,1.299,0.09987,0.99623,1.30152,0.0996,0.79835,1.49742,0.07858,1.0,1.3,0.1,0.79526,1.49526,0.07877,0.99255,1.29255,0.13338,0.8,1.5,0.1,1.0,1.3,0.1,1.582,279.107,4.083,3.769,34.687,3.769,1.575,438.664,4.326,0.0,0.1105,0.0,12.231,-19.654,-36.822,-46.649,17.915,0.0,-0.142,-0.731,2.702,-5.326,-1.966,0.0,0,1,1,project4_multircm_20260624_092806_475.csv,33.9231
34.1029,0.02323,43.04,T2_target_rcm_entry_cone,TargetRCM_EntryCone,Done,0.9994,0.995,0.99876,1.29897,0.09987,0.99621,1.30149,0.0996,0.79818,1.49725,0.07866,1.0,1.3,0.1,0.79505,1.49505,0.07887,0.99221,1.29221,0.13322,0.8,1.5,0.1,1.0,1.3,0.1,1.621,279.113,4.095,3.838,34.654,3.838,1.614,438.652,4.312,0.0,0.11214,0.0,12.221,-19.705,-36.634,-47.023,17.778,0.0,-0.155,-0.738,2.723,-5.418,-1.987,0.0,0,1,1,project4_multircm_20260624_092806_475.csv,33.992399999999996
34.1736,0.02353,42.5,T2_target_rcm_entry_cone,TargetRCM_EntryCone,Done,0.9994,0.995,0.99874,1.29893,0.09987,0.99618,1.30145,0.0996,0.79801,1.49708,0.07875,1.0,1.3,0.1,0.79483,1.49483,0.07898,0.99187,1.29187,0.13306,0.8,1.5,0.1,1.0,1.3,0.1,1.661,279.12,4.106,3.905,34.619,3.905,1.655,438.639,4.298,0.0,0.11374,0.0,12.209,-19.757,-36.441,-47.41,17.636,0.0,-0.17,-0.744,2.744,-5.506,-2.008,0.0,0,1,1,project4_multircm_20260624_092806_475.csv,34.0631
34.2438,0.02323,43.04,T2_target_rcm_entry_cone,TargetRCM_EntryCone,Done,0.9994,0.995,0.99871,1.2989,0.09987,0.99616,1.30142,0.0996,0.79784,1.49691,0.07884,1.0,1.3,0.1,0.79461,1.49461,0.07909,0.99152,1.29152,0.13288,0.8,1.5,0.1,1.0,1.3,0.1,1.698,279.126,4.118,3.97,34.583,3.97,1.693,438.627,4.283,0.0,0.11517,0.0,12.197,-19.81,-36.247,-47.8,17.495,0.0,-0.184,-0.746,2.757,-5.591,-2.025,0.0,0,1,1,project4_multircm_20260624_092806_475.csv,34.1333
34.3135,0.0234,42.73,T2_target_rcm_entry_cone,TargetRCM_EntryCone,Done,0.9994,0.995,0.99869,1.29887,0.09987,0.99613,1.30139,0.0996,0.79767,1.49674,0.07894,1.0,1.3,0.1,0.79439,1.49439,0.0792,0.99118,1.29118,0.1327,0.8,1.5,0.1,1.0,1.3,0.1,1.736,279.132,4.129,4.034,34.547,4.034,1.731,438.615,4.268,0.0,0.11647,0.0,12.183,-19.862,-36.055,-48.193,17.353,0.0,-0.198,-0.751,2.77,-5.665,-2.04,0.0,0,1,1,project4_multircm_20260624_092806_475.csv,34.202999999999996
34.3836,0.02346,42.63,T2_target_rcm_entry_cone,TargetRCM_EntryCone,Done,0.9994,0.995,0.99867,1.29884,0.09987,0.99611,1.30136,0.09961,0.79749,1.49656,0.07904,1.0,1.3,0.1,0.79418,1.49418,0.07932,0.99085,1.29085,0.13252,0.8,1.5,0.1,1.0,1.3,0.1,1.772,279.137,4.141,4.095,34.51,4.095,1.768,438.602,4.252,0.0,0.11771,0.0,12.169,-19.915,-35.86,-48.595,17.209,0.0,-0.212,-0.753,2.779,-5.739,-2.052,0.0,0,1,1,project4_multircm_20260624_092806_475.csv,34.2731
34.4536,0.02364,42.3,T2_target_rcm_entry_cone,TargetRCM_EntryCone,Done,0.9994,0.995,0.99865,1.29881,0.09987,0.99608,1.30132,0.09961,0.79732,1.49639,0.07915,1.0,1.3,0.1,0.79396,1.49396,0.07944,0.99051,1.29051,0.13232,0.8,1.5,0.1,1.0,1.3,0.1,1.808,279.143,4.153,4.156,34.472,4.156,1.804,438.59,4.236,0.0,0.11869,0.0,12.153,-19.967,-35.665,-48.999,17.065,0.0,-0.226,-0.755,2.782,-5.8,-2.06,0.0,0,1,1,project4_multircm_20260624_092806_475.csv,34.3431
34.5229,0.02226,44.92,T2_target_rcm_entry_cone,TargetRCM_EntryCone,Done,0.9994,0.995,0.99862,1.29878,0.09987,0.99606,1.30129,0.09961,0.79715,1.49622,0.07926,1.0,1.3,0.1,0.79375,1.49375,0.07957,0.99018,1.29018,0.13213,0.8,1.5,0.1,1.0,1.3,0.1,1.843,279.149,4.165,4.214,34.434,4.214,1.839,438.577,4.219,0.0,0.11989,0.0,12.137,-20.02,-35.472,-49.405,16.922,0.0,-0.24,-0.756,2.786,-5.875,-2.069,0.0,0,1,1,project4_multircm_20260624_092806_475.csv,34.4124
34.593,0.02324,43.03,T2_target_rcm_entry_cone,TargetRCM_EntryCone,Done,0.9994,0.995,0.9986,1.29875,0.09987,0.99604,1.30126,0.09961,0.79698,1.49605,0.07937,1.0,1.3,0.1,0.79354,1.49354,0.0797,0.98985,1.28985,0.13192,0.8,1.5,0.1,1.0,1.3,0.1,1.878,279.154,4.178,4.271,34.394,4.271,1.875,438.565,4.202,0.0,0.12094,0.0,12.119,-20.073,-35.277,-49.82,16.777,0.0,-0.253,-0.757,2.789,-5.941,-2.076,0.0,0,1,1,project4_multircm_20260624_092806_475.csv,34.4825
34.664,0.02467,40.54,T2_target_rcm_entry_cone,TargetRCM_EntryCone,Done,0.9994,0.995,0.99858,1.29872,0.09987,0.99601,1.30123,0.09961,0.79681,1.49588,0.07949,1.0,1.3,0.1,0.79333,1.49333,0.07984,0.98951,1.28951,0.1317,0.8,1.5,0.1,1.0,1.3,0.1,1.913,279.159,4.191,4.329,34.354,4.329,1.91,438.552,4.185,0.0,0.12171,0.0,12.101,-20.126,-35.079,-50.244,16.629,0.0,-0.267,-0.755,2.784,-5.993,-2.08,0.0,0,1,1,project4_multircm_20260624_092806_475.csv,34.5535
34.7345,0.02284,43.79,T2_target_rcm_entry_cone,TargetRCM_EntryCone,Done,0.9994,0.995,0.99856,1.2987,0.09987,0.99599,1.3012,0.09962,0.79664,1.49571,0.07962,1.0,1.3,0.1,0.79312,1.49312,0.07998,0.98918,1.28918,0.13148,0.8,1.5,0.1,1.0,1.3,0.1,1.947,279.165,4.203,4.384,34.312,4.384,1.944,438.539,4.167,0.0,0.12256,0.0,12.081,-20.179,-34.883,-50.669,16.483,0.0,-0.278,-0.752,2.775,-6.054,-2.077,0.0,0,1,1,project4_multircm_20260624_092806_475.csv,34.623999999999995
34.8039,0.02328,42.95,T2_target_rcm_entry_cone,TargetRCM_EntryCone,Done,0.9994,0.995,0.99854,1.29867,0.09988,0.99597,1.30117,0.09962,0.79647,1.49555,0.07974,1.0,1.3,0.1,0.79291,1.49291,0.08012,0.98886,1.28886,0.13125,0.8,1.5,0.1,1.0,1.3,0.1,1.98,279.17,4.216,4.438,34.271,4.438,1.978,438.527,4.149,0.0,0.12337,0.0,12.061,-20.232,-34.691,-51.092,16.338,0.0,-0.293,-0.752,2.772,-6.107,-2.081,0.0,0,1,1,project4_multircm_20260624_092806_475.csv,34.6934
34.8745,0.02314,43.22,T2_target_rcm_entry_cone,TargetRCM_EntryCone,Done,0.9994,0.995,0.99852,1.29864,0.09988,0.99595,1.30114,0.09962,0.7963,1.49538,0.07987,1.0,1.3,0.1,0.79271,1.49271,0.08027,0.98853,1.28853,0.13102,0.8,1.5,0.1,1.0,1.3,0.1,2.013,279.175,4.229,4.492,34.228,4.492,2.012,438.514,4.131,0.0,0.12405,0.0,12.04,-20.285,-34.496,-51.525,16.191,0.0,-0.306,-0.748,2.761,-6.158,-2.079,0.0,0,1,1,project4_multircm_20260624_092806_475.csv,34.763999999999996
34.9449,0.02349,42.56,T2_target_rcm_entry_cone,TargetRCM_EntryCone,Done,0.9994,0.995,0.9985,1.29861,0.09988,0.99592,1.30112,0.09963,0.79613,1.49521,0.08001,1.0,1.3,0.1,0.7925,1.4925,0.08043,0.98821,1.28821,0.13077,0.8,1.5,0.1,1.0,1.3,0.1,2.046,279.181,4.242,4.545,34.185,4.545,2.045,438.501,4.112,0.0,0.12471,0.0,12.018,-20.337,-34.301,-51.961,16.045,0.0,-0.318,-0.745,2.75,-6.207,-2.076,0.0,0,1,1,project4_multircm_20260624_092806_475.csv,34.834399999999995
35.015,0.02372,42.15,T2_target_rcm_entry_cone,TargetRCM_EntryCone,Done,0.9994,0.995,0.99848,1.29859,0.09988,0.9959,1.30109,0.09963,0.79596,1.49505,0.08015,1.0,1.3,0.1,0.7923,1.4923,0.08059,0.98789,1.28789,0.13053,0.8,1.5,0.1,1.0,1.3,0.1,2.079,279.186,4.254,4.597,34.14,4.597,2.078,438.488,4.093,0.0,0.12513,0.0,11.995,-20.389,-34.109,-52.397,15.899,0.0,-0.334,-0.742,2.738,-6.24,-2.077,0.0,0,1,1,project4_multircm_20260624_092806_475.csv,34.9045
35.0852,0.023,43.47,T2_target_rcm_entry_cone,TargetRCM_EntryCone,Done,0.9994,0.995,0.99846,1.29856,0.09988,0.99588,1.30106,0.09963,0.79579,1.49488,0.0803,1.0,1.3,0.1,0.7921,1.4921,0.08075,0.98758,1.28758,0.13027,0.8,1.5,0.1,1.0,1.3,0.1,2.111,279.191,4.268,4.648,34.096,4.648,2.11,438.475,4.074,0.0,0.1258,0.0,11.971,-20.441,-33.917,-52.838,15.753,0.0,-0.345,-0.738,2.725,-6.29,-2.072,0.0,0,1,1,project4_multircm_20260624_092806_475.csv,34.9747
35.1548,0.02356,42.45,T2_target_rcm_entry_cone,TargetRCM_EntryCone,Done,0.9994,0.995,0.99844,1.29853,0.09989,0.99586,1.30103,0.09964,0.79563,1.49472,0.08044,1.0,1.3,0.1,0.7919,1.4919,0.08091,0.98727,1.28727,0.13001,0.8,1.5,0.1,1.0,1.3,0.1,2.143,279.197,4.281,4.698,34.051,4.698,2.142,438.462,4.055,0.0,0.12623,0.0,11.946,-20.492,-33.729,-53.277,15.609,0.0,-0.358,-0.734,2.708,-6.328,-2.066,0.0,0,1,1,project4_multircm_20260624_092806_475.csv,35.0443
35.2263,0.02353,42.5,T2_target_rcm_entry_cone,TargetRCM_EntryCone,Done,0.9994,0.995,0.99842,1.29851,0.09989,0.99584,1.301,0.09964,0.79546,1.49456,0.0806,1.0,1.3,0.1,0.7917,1.4917,0.08109,0.98695,1.28695,0.12974,0.8,1.5,0.1,1.0,1.3,0.1,2.175,279.201,4.295,4.748,34.003,4.748,2.175,438.449,4.034,0.0,0.12659,0.0,11.92,-20.545,-33.535,-53.731,15.462,0.0,-0.372,-0.731,2.693,-6.358,-2.062,0.0,0,1,1,project4_multircm_20260624_092806_475.csv,35.1158
35.2955,0.02341,42.72,T2_target_rcm_entry_cone,TargetRCM_EntryCone,Done,0.9994,0.995,0.9984,1.29848,0.09989,0.99582,1.30098,0.09965,0.7953,1.4944,0.08075,1.0,1.3,0.1,0.79151,1.49151,0.08126,0.98665,1.28665,0.12947,0.8,1.5,0.1,1.0,1.3,0.1,2.206,279.206,4.308,4.797,33.957,4.797,2.205,438.436,4.015,0.0,0.12699,0.0,11.893,-20.595,-33.35,-54.173,15.319,0.0,-0.386,-0.727,2.677,-6.392,-2.059,0.0,0,1,1,project4_multircm_20260624_092806_475.csv,35.184999999999995
35.3651,0.02303,43.42,T2_target_rcm_entry_cone,TargetRCM_EntryCone,Done,0.9994,0.995,0.99839,1.29846,0.09989,0.9958,1.30095,0.09965,0.79514,1.49424,0.08091,1.0,1.3,0.1,0.79132,1.49132,0.08143,0.98634,1.28635,0.12919,0.8,1.5,0.1,1.0,1.3,0.1,2.237,279.211,4.322,4.845,33.911,4.845,2.236,438.423,3.995,0.0,0.12745,0.0,11.866,-20.646,-33.164,-54.619,15.176,0.0,-0.399,-0.722,2.661,-6.43,-2.054,0.0,0,1,1,project4_multircm_20260624_092806_475.csv,35.254599999999996
35.4359,0.02254,44.36,T2_target_rcm_entry_cone,TargetRCM_EntryCone,Done,0.9994,0.995,0.99837,1.29843,0.0999,0.99578,1.30092,0.09966,0.79498,1.49408,0.08107,1.0,1.3,0.1,0.79112,1.49112,0.08162,0.98604,1.28604,0.1289,0.8,1.5,0.1,1.0,1.3,0.1,2.268,279.216,4.336,4.894,33.862,4.894,2.268,438.41,3.974,0.0,0.12768,0.0,11.837,-20.697,-32.977,-55.076,15.031,0.0,-0.409,-0.716,2.637,-6.459,-2.041,0.0,0,1,1,project4_multircm_20260624_092806_475.csv,35.325399999999995
35.5049,0.02295,43.57,T2_target_rcm_entry_cone,TargetRCM_EntryCone,Done,0.9994,0.995,0.99835,1.29841,0.0999,0.99576,1.30089,0.09966,0.79482,1.49393,0.08124,1.0,1.3,0.1,0.79093,1.49093,0.0818,0.98575,1.28575,0.12861,0.8,1.5,0.1,1.0,1.3,0.1,2.299,279.221,4.349,4.941,33.814,4.941,2.298,438.397,3.953,0.0,0.12799,0.0,11.808,-20.746,-32.796,-55.523,14.89,0.0,-0.423,-0.712,2.62,-6.487,-2.037,0.0,0,1,1,project4_multircm_20260624_092806_475.csv,35.3944
35.5742,0.02236,44.73,T2_target_rcm_entry_cone,TargetRCM_EntryCone,Done,0.9994,0.995,0.99833,1.29838,0.0999,0.99574,1.30087,0.09967,0.79467,1.49378,0.08141,1.0,1.3,0.1,0.79075,1.49075,0.08199,0.98545,1.28545,0.12832,0.8,1.5,0.1,1.0,1.3,0.1,2.328,279.226,4.363,4.987,33.766,4.987,2.328,438.384,3.933,0.0,0.12801,0.0,11.778,-20.795,-32.615,-55.973,14.749,0.0,-0.435,-0.706,2.595,-6.501,-2.027,0.0,0,1,1,project4_multircm_20260624_092806_475.csv,35.463699999999996
35.6444,0.02295,43.57,T2_target_rcm_entry_cone,TargetRCM_EntryCone,Done,0.9994,0.995,0.99831,1.29836,0.09991,0.99572,1.30084,0.09968,0.79451,1.49363,0.08158,1.0,1.3,0.1,0.79056,1.49056,0.08218,0.98516,1.28516,0.12801,0.8,1.5,0.1,1.0,1.3,0.1,2.359,279.23,4.377,5.034,33.716,5.034,2.359,438.371,3.911,0.0,0.12825,0.0,11.747,-20.844,-32.434,-56.43,14.607,0.0,-0.449,-0.701,2.576,-6.525,-2.022,0.0,0,1,1,project4_multircm_20260624_092806_475.csv,35.533899999999996
35.7145,0.02355,42.45,T2_target_rcm_entry_cone,TargetRCM_EntryCone,Done,0.9994,0.995,0.99829,1.29833,0.09991,0.9957,1.30082,0.09968,0.79436,1.49348,0.08176,1.0,1.3,0.1,0.79038,1.49038,0.08238,0.98487,1.28487,0.1277,0.8,1.5,0.1,1.0,1.3,0.1,2.389,279.235,4.391,5.08,33.666,5.08,2.389,438.358,3.89,0.0,0.12839,0.0,11.715,-20.893,-32.254,-56.888,14.466,0.0,-0.464,-0.698,2.558,-6.542,-2.019,0.0,0,1,1,project4_multircm_20260624_092806_475.csv,35.604
35.7846,0.02334,42.85,T2_target_rcm_entry_cone,TargetRCM_EntryCone,Done,0.9994,0.995,0.99827,1.29831,0.09992,0.99568,1.30079,0.09969,0.79421,1.49333,0.08194,1.0,1.3,0.1,0.7902,1.4902,0.08258,0.98459,1.28459,0.12738,0.8,1.5,0.1,1.0,1.3,0.1,2.419,279.24,4.405,5.126,33.615,5.126,2.419,438.344,3.868,0.0,0.12835,0.0,11.682,-20.942,-32.076,-57.348,14.325,0.0,-0.474,-0.688,2.528,-6.555,-2.005,0.0,0,1,1,project4_multircm_20260624_092806_475.csv,35.674099999999996
35.8541,0.02294,43.59,T2_target_rcm_entry_cone,TargetRCM_EntryCone,Done,0.9994,0.995,0.99826,1.29828,0.09992,0.99566,1.30076,0.0997,0.79406,1.49318,0.08213,1.0,1.3,0.1,0.79002,1.49002,0.08279,0.98431,1.28431,0.12706,0.8,1.5,0.1,1.0,1.3,0.1,2.449,279.245,4.419,5.171,33.564,5.171,2.449,438.331,3.846,0.0,0.12841,0.0,11.649,-20.989,-31.902,-57.804,14.186,0.0,-0.484,-0.682,2.502,-6.573,-1.991,0.0,0,1,1,project4_multircm_20260624_092806_475.csv,35.7436
35.9244,0.02111,47.37,T2_target_rcm_entry_cone,TargetRCM_EntryCone,Done,0.9994,0.995,0.99824,1.29826,0.09993,0.99564,1.30074,0.0997,0.79391,1.49303,0.08232,1.0,1.3,0.1,0.78984,1.48984,0.083,0.98403,1.28403,0.12673,0.8,1.5,0.1,1.0,1.3,0.1,2.479,279.25,4.434,5.215,33.512,5.215,2.479,438.318,3.824,0.0,0.12857,0.0,11.614,-21.037,-31.726,-58.268,14.046,0.0,-0.492,-0.673,2.473,-6.599,-1.976,0.0,0,1,1,project4_multircm_20260624_092806_475.csv,35.8139
35.9946,0.0217,46.09,T2_target_rcm_entry_cone,TargetRCM_EntryCone,Done,0.9994,0.995,0.99822,1.29823,0.09993,0.99562,1.30071,0.09971,0.79376,1.49289,0.08251,1.0,1.3,0.1,0.78966,1.48967,0.08321,0.98375,1.28375,0.1264,0.8,1.5,0.1,1.0,1.3,0.1,2.509,279.254,4.448,5.26,33.46,5.26,2.509,438.305,3.801,0.0,0.12841,0.0,11.578,-21.084,-31.553,-58.731,13.907,0.0,-0.508,-0.671,2.453,-6.597,-1.973,0.0,0,1,1,project4_multircm_20260624_092806_475.csv,35.8841
36.0647,0.023,43.48,T2_target_rcm_entry_cone,TargetRCM_EntryCone,Done,0.9994,0.995,0.9982,1.29821,0.09994,0.9956,1.30069,0.09972,0.79361,1.49275,0.0827,1.0,1.3,0.1,0.78949,1.48949,0.08343,0.98348,1.28348,0.12606,0.8,1.5,0.1,1.0,1.3,0.1,2.538,279.259,4.463,5.303,33.408,5.303,2.538,438.291,3.779,0.0,0.12873,0.0,11.542,-21.131,-31.382,-59.195,13.769,0.0,-0.524,-0.667,2.436,-6.622,-1.973,0.0,0,1,1,project4_multircm_20260624_092806_475.csv,35.9542
36.1351,0.02381,42.0,T2_target_rcm_entry_cone,TargetRCM_EntryCone,Done,0.9994,0.995,0.99819,1.29819,0.09994,0.99558,1.30066,0.09973,0.79347,1.49261,0.08291,1.0,1.3,0.1,0.78932,1.48932,0.08365,0.98321,1.28321,0.12571,0.8,1.5,0.1,1.0,1.3,0.1,2.567,279.264,4.478,5.347,33.355,5.347,2.567,438.278,3.756,0.0,0.12842,0.0,11.505,-21.178,-31.212,-59.661,13.63,0.0,-0.534,-0.659,2.405,-6.617,-1.959,0.0,0,1,1,project4_multircm_20260624_092806_475.csv,36.0246
36.2071,0.02476,40.39,T2_target_rcm_entry_cone,TargetRCM_EntryCone,Done,0.9994,0.995,0.99817,1.29816,0.09995,0.99556,1.30063,0.09974,0.79332,1.49247,0.08311,1.0,1.3,0.1,0.78915,1.48915,0.08388,0.98294,1.28294,0.12535,0.8,1.5,0.1,1.0,1.3,0.1,2.598,279.268,4.493,5.391,33.301,5.391,2.598,438.264,3.732,0.0,0.12863,0.0,11.465,-21.225,-31.04,-60.138,13.489,0.0,-0.549,-0.655,2.386,-6.638,-1.957,0.0,0,1,1,project4_multircm_20260624_092806_475.csv,36.096599999999995
36.2764,0.02342,42.7,T2_target_rcm_entry_cone,TargetRCM_EntryCone,Done,0.9994,0.995,0.99815,1.29814,0.09996,0.99554,1.30061,0.09974,0.79319,1.49233,0.08332,1.0,1.3,0.1,0.78898,1.48898,0.0841,0.98268,1.28268,0.125,0.8,1.5,0.1,1.0,1.3,0.1,2.626,279.273,4.507,5.433,33.249,5.433,2.626,438.251,3.709,0.0,0.12834,0.0,11.427,-21.27,-30.876,-60.597,13.355,0.0,-0.559,-0.647,2.354,-6.635,-1.944,0.0,0,1,1,project4_multircm_20260624_092806_475.csv,36.1659
36.3528,0.03001,33.33,T2_target_rcm_entry_cone,TargetRCM_EntryCone,Done,0.9994,0.995,0.99813,1.29811,0.09996,0.99552,1.30058,0.09975,0.79303,1.49219,0.08355,1.0,1.3,0.1,0.7888,1.4888,0.08435,0.9824,1.2824,0.1246,0.8,1.5,0.1,1.0,1.3,0.1,2.659,279.278,4.524,5.477,33.19,5.477,2.659,438.236,3.683,0.0,0.12866,0.0,11.383,-21.319,-30.697,-61.104,13.206,0.0,-0.585,-0.65,2.349,-6.649,-1.961,0.0,0,1,1,project4_multircm_20260624_092806_475.csv,36.2423
36.406,0.03598,27.79,T2_target_rcm_entry_cone,TargetRCM_EntryCone,Done,0.9994,0.995,0.99812,1.29809,0.09997,0.99551,1.30056,0.09976,0.79294,1.49209,0.0837,1.0,1.3,0.1,0.78868,1.48868,0.08453,0.9822,1.2822,0.12432,0.8,1.5,0.1,1.0,1.3,0.1,2.681,279.282,4.536,5.516,33.149,5.516,2.681,438.226,3.666,0.0,0.12863,0.0,11.353,-21.352,-30.58,-61.437,13.108,0.0,-0.607,-0.653,2.347,-6.64,-1.98,0.0,0,1,1,project4_multircm_20260624_092806_475.csv,36.2955
36.4639,0.02317,43.15,T2_target_rcm_entry_cone,TargetRCM_EntryCone,Done,0.9994,0.995,0.9981,1.29807,0.09997,0.99549,1.30054,0.09977,0.79283,1.49199,0.08388,1.0,1.3,0.1,0.78855,1.48855,0.08473,0.982,1.282,0.12402,0.8,1.5,0.1,1.0,1.3,0.1,2.703,279.285,4.548,5.551,33.105,5.551,2.703,438.215,3.646,0.0,0.12789,0.0,11.319,-21.388,-30.448,-61.821,12.997,0.0,-0.593,-0.633,2.287,-6.635,-1.923,0.0,0,1,1,project4_multircm_20260624_092806_475.csv,36.3534
36.5306,0.0235,42.55,T2_target_rcm_entry_cone,TargetRCM_EntryCone,Done,0.9994,0.995,0.99809,1.29805,0.09998,0.99547,1.30052,0.09978,0.7927,1.49187,0.08409,1.0,1.3,0.1,0.7884,1.4884,0.08495,0.98176,1.28176,0.12366,0.8,1.5,0.1,1.0,1.3,0.1,2.73,279.29,4.561,5.59,33.055,5.59,2.73,438.203,3.623,0.0,0.12772,0.0,11.28,-21.43,-30.297,-62.263,12.869,0.0,-0.606,-0.627,2.262,-6.632,-1.92,0.0,0,1,1,project4_multircm_20260624_092806_475.csv,36.4201
36.6016,0.02392,41.81,T2_target_rcm_entry_cone,TargetRCM_EntryCone,Done,0.9994,0.995,0.99807,1.29803,0.09999,0.99546,1.3005,0.09979,0.79257,1.49174,0.08431,1.0,1.3,0.1,0.78824,1.48824,0.0852,0.98151,1.28151,0.12327,0.8,1.5,0.1,1.0,1.3,0.1,2.758,279.294,4.577,5.631,33.001,5.631,2.758,438.189,3.599,0.0,0.12768,0.0,11.236,-21.474,-30.138,-62.733,12.733,0.0,-0.617,-0.621,2.236,-6.641,-1.91,0.0,0,1,1,project4_multircm_20260624_092806_475.csv,36.491099999999996
36.6727,0.02391,41.83,T2_target_rcm_entry_cone,TargetRCM_EntryCone,Done,0.9994,0.995,0.99805,1.29801,0.09999,0.99544,1.30047,0.0998,0.79244,1.49161,0.08454,1.0,1.3,0.1,0.78809,1.48809,0.08545,0.98127,1.28127,0.12288,0.8,1.5,0.1,1.0,1.3,0.1,2.786,279.299,4.592,5.67,32.946,5.67,2.786,438.176,3.574,0.0,0.1272,0.0,11.192,-21.518,-29.98,-63.204,12.598,0.0,-0.628,-0.614,2.205,-6.623,-1.901,0.0,0,1,1,project4_multircm_20260624_092806_475.csv,36.5622
36.7426,0.02185,45.76,T2_target_rcm_entry_cone,TargetRCM_EntryCone,Done,0.9994,0.995,0.99804,1.29798,0.1,0.99542,1.30045,0.09981,0.79231,1.49149,0.08477,1.0,1.3,0.1,0.78794,1.48794,0.0857,0.98104,1.28104,0.12249,0.8,1.5,0.1,1.0,1.3,0.1,2.813,279.303,4.606,5.709,32.893,5.709,2.813,438.162,3.55,0.0,0.12661,0.0,11.147,-21.561,-29.828,-63.666,12.466,0.0,-0.633,-0.604,2.167,-6.605,-1.878,0.0,0,1,1,project4_multircm_20260624_092806_475.csv,36.6321
36.8121,0.02415,41.42,T2_target_rcm_entry_cone,TargetRCM_EntryCone,Done,0.9994,0.995,0.99802,1.29796,0.10001,0.9954,1.30042,0.09982,0.79219,1.49137,0.085,1.0,1.3,0.1,0.78779,1.48779,0.08595,0.98081,1.28081,0.1221,0.8,1.5,0.1,1.0,1.3,0.1,2.84,279.308,4.621,5.748,32.841,5.748,2.84,438.149,3.526,0.0,0.12647,0.0,11.103,-21.603,-29.678,-64.125,12.336,0.0,-0.651,-0.601,2.148,-6.6,-1.883,0.0,0,1,1,project4_multircm_20260624_092806_475.csv,36.7016
36.8804,0.02354,42.48,T2_target_rcm_entry_cone,TargetRCM_EntryCone,Done,0.9994,0.995,0.99801,1.29794,0.10002,0.99539,1.3004,0.09983,0.79207,1.49126,0.08522,1.0,1.3,0.1,0.78765,1.48765,0.08619,0.98059,1.28059,0.12171,0.8,1.5,0.1,1.0,1.3,0.1,2.866,279.312,4.635,5.785,32.79,5.785,2.866,438.136,3.502,0.0,0.12596,0.0,11.058,-21.643,-29.533,-64.574,12.208,0.0,-0.66,-0.594,2.117,-6.581,-1.871,0.0,0,1,1,project4_multircm_20260624_092806_475.csv,36.7699
36.9494,0.02398,41.71,T2_target_rcm_entry_cone,TargetRCM_EntryCone,Done,0.9994,0.995,0.99799,1.29792,0.10002,0.99537,1.30038,0.09984,0.79195,1.49115,0.08546,1.0,1.3,0.1,0.78751,1.48751,0.08645,0.98037,1.28037,0.12131,0.8,1.5,0.1,1.0,1.3,0.1,2.892,279.316,4.65,5.822,32.738,5.822,2.892,438.123,3.477,0.0,0.12565,0.0,11.012,-21.684,-29.388,-65.028,12.079,0.0,-0.672,-0.588,2.09,-6.572,-1.865,0.0,0,1,1,project4_multircm_20260624_092806_475.csv,36.838899999999995
37.018,0.02222,45.01,T2_target_rcm_entry_cone,TargetRCM_EntryCone,Done,0.9994,0.995,0.99798,1.2979,0.10003,0.99535,1.30036,0.09985,0.79184,1.49104,0.08569,1.0,1.3,0.1,0.78738,1.48738,0.0867,0.98015,1.28015,0.12091,0.8,1.5,0.1,1.0,1.3,0.1,2.918,279.32,4.664,5.859,32.686,5.859,2.918,438.111,3.453,0.0,0.12515,0.0,10.966,-21.724,-29.247,-65.477,11.952,0.0,-0.677,-0.58,2.056,-6.556,-1.847,0.0,0,1,1,project4_multircm_20260624_092806_475.csv,36.9075
37.0874,0.02168,46.13,T2_target_rcm_entry_cone,TargetRCM_EntryCone,Done,0.9994,0.995,0.99796,1.29788,0.10004,0.99534,1.30034,0.09986,0.79172,1.49093,0.08593,1.0,1.3,0.1,0.78724,1.48724,0.08696,0.97994,1.27994,0.1205,0.8,1.5,0.1,1.0,1.3,0.1,2.943,279.324,4.678,5.895,32.635,5.895,2.943,438.098,3.428,0.0,0.12463,0.0,10.918,-21.764,-29.105,-65.931,11.824,0.0,-0.688,-0.573,2.025,-6.535,-1.84,0.0,0,1,1,project4_multircm_20260624_092806_475.csv,36.9769
37.1563,0.02264,44.17,T2_target_rcm_entry_cone,TargetRCM_EntryCone,Done,0.9994,0.995,0.99795,1.29786,0.10005,0.99532,1.30031,0.09987,0.79161,1.49082,0.08617,1.0,1.3,0.1,0.78711,1.48711,0.08723,0.97973,1.27973,0.12008,0.8,1.5,0.1,1.0,1.3,0.1,2.969,279.329,4.693,5.93,32.585,5.93,2.969,438.086,3.404,0.0,0.12432,0.0,10.87,-21.803,-28.967,-66.382,11.697,0.0,-0.701,-0.569,2.002,-6.522,-1.837,0.0,0,1,1,project4_multircm_20260624_092806_475.csv,37.0458
37.2243,0.02374,42.12,T2_target_rcm_entry_cone,TargetRCM_EntryCone,Done,0.9994,0.995,0.99793,1.29784,0.10006,0.9953,1.30029,0.09988,0.79151,1.49072,0.08641,1.0,1.3,0.1,0.78698,1.48698,0.08749,0.97953,1.27953,0.11967,0.8,1.5,0.1,1.0,1.3,0.1,2.993,279.332,4.707,5.965,32.535,5.965,2.993,438.073,3.38,0.0,0.12359,0.0,10.822,-21.842,-28.832,-66.823,11.573,0.0,-0.713,-0.563,1.973,-6.486,-1.833,0.0,0,1,1,project4_multircm_20260624_092806_475.csv,37.1138
37.2912,0.02147,46.57,T2_target_rcm_entry_cone,TargetRCM_EntryCone,Done,0.9994,0.995,0.99792,1.29782,0.10006,0.99529,1.30027,0.09989,0.7914,1.49062,0.08665,1.0,1.3,0.1,0.78686,1.48686,0.08775,0.97934,1.27934,0.11927,0.8,1.5,0.1,1.0,1.3,0.1,3.017,279.337,4.72,5.998,32.487,5.998,3.017,438.061,3.356,0.0,0.12301,0.0,10.774,-21.879,-28.702,-67.256,11.451,0.0,-0.716,-0.554,1.937,-6.466,-1.813,0.0,0,1,1,project4_multircm_20260624_092806_475.csv,37.1807
37.3598,0.02233,44.79,T2_target_rcm_entry_cone,TargetRCM_EntryCone,Done,0.9994,0.995,0.9979,1.2978,0.10007,0.99527,1.30025,0.09991,0.7913,1.49052,0.08689,1.0,1.3,0.1,0.78674,1.48674,0.08801,0.97914,1.27915,0.11884,0.8,1.5,0.1,1.0,1.3,0.1,3.041,279.34,4.734,6.032,32.438,6.032,3.041,438.049,3.331,0.0,0.12255,0.0,10.724,-21.917,-28.57,-67.698,11.327,0.0,-0.73,-0.549,1.913,-6.443,-1.814,0.0,0,1,1,project4_multircm_20260624_092806_475.csv,37.2493
37.4281,0.02356,42.45,T2_target_rcm_entry_cone,TargetRCM_EntryCone,Done,0.9994,0.995,0.99789,1.29778,0.10008,0.99526,1.30023,0.09992,0.7912,1.49042,0.08714,1.0,1.3,0.1,0.78662,1.48662,0.08828,0.97896,1.27896,0.11842,0.8,1.5,0.1,1.0,1.3,0.1,3.065,279.344,4.748,6.065,32.39,6.065,3.065,438.037,3.307,0.0,0.12211,0.0,10.674,-21.954,-28.441,-68.136,11.203,0.0,-0.744,-0.545,1.888,-6.422,-1.814,0.0,0,1,1,project4_multircm_20260624_092806_475.csv,37.3176
37.4956,0.02257,44.3,T2_target_rcm_entry_cone,TargetRCM_EntryCone,Done,0.9994,0.995,0.99788,1.29776,0.10009,0.99524,1.30021,0.09993,0.7911,1.49033,0.08739,1.0,1.3,0.1,0.7865,1.4865,0.08855,0.97877,1.27877,0.118,0.8,1.5,0.1,1.0,1.3,0.1,3.088,279.349,4.761,6.096,32.343,6.096,3.088,438.024,3.282,0.0,0.12148,0.0,10.623,-21.99,-28.315,-68.568,11.081,0.0,-0.75,-0.536,1.855,-6.396,-1.801,0.0,0,1,1,project4_multircm_20260624_092806_475.csv,37.3851
37.5624,0.0218,45.87,T2_target_rcm_entry_cone,TargetRCM_EntryCone,Done,0.9994,0.995,0.99786,1.29774,0.1001,0.99523,1.30019,0.09994,0.791,1.49024,0.08764,1.0,1.3,0.1,0.78639,1.48639,0.08882,0.9786,1.2786,0.11758,0.8,1.5,0.1,1.0,1.3,0.1,3.11,279.352,4.775,6.127,32.297,6.127,3.11,438.013,3.258,0.0,0.12061,0.0,10.573,-22.026,-28.192,-68.994,10.961,0.0,-0.758,-0.529,1.823,-6.353,-1.793,0.0,0,1,1,project4_multircm_20260624_092806_475.csv,37.451899999999995
37.63,0.02287,43.72,T2_target_rcm_entry_cone,TargetRCM_EntryCone,Done,0.9994,0.995,0.99785,1.29772,0.10011,0.99522,1.30017,0.09995,0.79091,1.49015,0.08789,1.0,1.3,0.1,0.78628,1.48628,0.0891,0.97842,1.27842,0.11715,0.8,1.5,0.1,1.0,1.3,0.1,3.133,279.356,4.788,6.157,32.251,6.157,3.133,438.001,3.234,0.0,0.11998,0.0,10.521,-22.061,-28.07,-69.422,10.84,0.0,-0.772,-0.526,1.798,-6.319,-1.794,0.0,0,1,1,project4_multircm_20260624_092806_475.csv,37.5195
37.6981,0.02226,44.92,T2_target_rcm_entry_cone,TargetRCM_EntryCone,Done,0.9994,0.995,0.99784,1.29771,0.10012,0.9952,1.30016,0.09996,0.79082,1.49006,0.08815,1.0,1.3,0.1,0.78617,1.48617,0.08937,0.97825,1.27825,0.11671,0.8,1.5,0.1,1.0,1.3,0.1,3.155,279.36,4.801,6.186,32.206,6.186,3.155,437.989,3.21,0.0,0.11965,0.0,10.468,-22.097,-27.949,-69.852,10.718,0.0,-0.776,-0.518,1.769,-6.311,-1.781,0.0,0,1,1,project4_multircm_20260624_092806_475.csv,37.587599999999995
37.7662,0.02259,44.27,T2_target_rcm_entry_cone,TargetRCM_EntryCone,Done,0.9994,0.995,0.99782,1.29769,0.10012,0.99519,1.30014,0.09998,0.79073,1.48998,0.0884,1.0,1.3,0.1,0.78606,1.48606,0.08965,0.97809,1.27809,0.11627,0.8,1.5,0.1,1.0,1.3,0.1,3.177,279.363,4.814,6.215,32.162,6.215,3.177,437.978,3.185,0.0,0.11859,0.0,10.414,-22.132,-27.83,-70.279,10.597,0.0,-0.79,-0.513,1.739,-6.252,-1.782,0.0,0,1,1,project4_multircm_20260624_092806_475.csv,37.655699999999996
37.835,0.02301,43.46,T2_target_rcm_entry_cone,TargetRCM_EntryCone,Done,0.9994,0.995,0.99781,1.29767,0.10013,0.99517,1.30012,0.09999,0.79064,1.48989,0.08867,1.0,1.3,0.1,0.78596,1.48596,0.08994,0.97792,1.27792,0.11582,0.8,1.5,0.1,1.0,1.3,0.1,3.199,279.367,4.827,6.243,32.118,6.243,3.199,437.966,3.161,0.0,0.1181,0.0,10.36,-22.167,-27.712,-70.708,10.474,0.0,-0.8,-0.506,1.712,-6.229,-1.778,0.0,0,1,1,project4_multircm_20260624_092806_475.csv,37.7245
37.9032,0.02298,43.51,T2_target_rcm_entry_cone,TargetRCM_EntryCone,Done,0.9994,0.995,0.9978,1.29765,0.10014,0.99516,1.3001,0.1,0.79055,1.48981,0.08893,1.0,1.3,0.1,0.78586,1.48586,0.09022,0.97777,1.27777,0.11537,0.8,1.5,0.1,1.0,1.3,0.1,3.22,279.371,4.84,6.271,32.075,6.271,3.22,437.955,3.136,0.0,0.11748,0.0,10.305,-22.201,-27.596,-71.131,10.354,0.0,-0.808,-0.5,1.682,-6.2,-1.771,0.0,0,1,1,project4_multircm_20260624_092806_475.csv,37.792699999999996
37.9717,0.02301,43.46,T2_target_rcm_entry_cone,TargetRCM_EntryCone,Done,0.9994,0.995,0.99779,1.29764,0.10015,0.99515,1.30008,0.10001,0.79047,1.48973,0.0892,1.0,1.3,0.1,0.78576,1.48576,0.09051,0.97761,1.27761,0.11492,0.8,1.5,0.1,1.0,1.3,0.1,3.241,279.375,4.852,6.297,32.033,6.297,3.241,437.943,3.112,0.0,0.11613,0.0,10.249,-22.235,-27.482,-71.552,10.232,0.0,-0.82,-0.493,1.649,-6.124,-1.77,0.0,0,1,1,project4_multircm_20260624_092806_475.csv,37.8612
38.04,0.02248,44.48,T2_target_rcm_entry_cone,TargetRCM_EntryCone,Done,0.9994,0.995,0.99778,1.29762,0.10016,0.99514,1.30007,0.10002,0.79039,1.48966,0.08947,1.0,1.3,0.1,0.78567,1.48567,0.0908,0.97746,1.27746,0.11447,0.8,1.5,0.1,1.0,1.3,0.1,3.261,279.378,4.865,6.323,31.993,6.323,3.261,437.932,3.088,0.0,0.11579,0.0,10.193,-22.269,-27.371,-71.97,10.112,0.0,-0.825,-0.487,1.622,-6.112,-1.761,0.0,0,1,1,project4_multircm_20260624_092806_475.csv,37.9295
38.1085,0.02254,44.37,T2_target_rcm_entry_cone,TargetRCM_EntryCone,Done,0.9994,0.995,0.99776,1.29761,0.10017,0.99512,1.30005,0.10004,0.79031,1.48958,0.08974,1.0,1.3,0.1,0.78558,1.48558,0.09109,0.97732,1.27732,0.11401,0.8,1.5,0.1,1.0,1.3,0.1,3.281,279.381,4.877,6.348,31.953,6.348,3.281,437.921,3.064,0.0,0.11473,0.0,10.136,-22.302,-27.261,-72.386,9.991,0.0,-0.834,-0.481,1.591,-6.056,-1.756,0.0,0,1,1,project4_multircm_20260624_092806_475.csv,37.998
38.177,0.02271,44.04,T2_target_rcm_entry_cone,TargetRCM_EntryCone,Done,0.9994,0.995,0.99775,1.29759,0.10018,0.99511,1.30003,0.10005,0.79023,1.48951,0.09002,1.0,1.3,0.1,0.78549,1.48549,0.09139,0.97718,1.27718,0.11355,0.8,1.5,0.1,1.0,1.3,0.1,3.3,279.384,4.889,6.372,31.914,6.372,3.3,437.911,3.04,0.0,0.11404,0.0,10.078,-22.334,-27.153,-72.799,9.871,0.0,-0.846,-0.477,1.566,-6.018,-1.758,0.0,0,1,1,project4_multircm_20260624_092806_475.csv,38.0665
38.2461,0.02343,42.69,T2_target_rcm_entry_cone,TargetRCM_EntryCone,Done,0.9994,0.995,0.99774,1.29758,0.10019,0.9951,1.30002,0.10006,0.79016,1.48944,0.09029,1.0,1.3,0.1,0.7854,1.4854,0.09168,0.97704,1.27704,0.11308,0.8,1.5,0.1,1.0,1.3,0.1,3.319,279.387,4.901,6.395,31.877,6.395,3.319,437.9,3.016,0.0,0.11344,0.0,10.019,-22.367,-27.047,-73.213,9.75,0.0,-0.855,-0.47,1.538,-5.987,-1.757,0.0,0,1,1,project4_multircm_20260624_092806_475.csv,38.1356
38.315,0.0233,42.91,T2_target_rcm_entry_cone,TargetRCM_EntryCone,Done,0.9994,0.995,0.99773,1.29756,0.1002,0.99509,1.3,0.10007,0.79009,1.48937,0.09057,1.0,1.3,0.1,0.78532,1.48532,0.09198,0.97691,1.27691,0.11261,0.8,1.5,0.1,1.0,1.3,0.1,3.337,279.39,4.912,6.417,31.841,6.417,3.337,437.89,2.992,0.0,0.11248,0.0,9.96,-22.399,-26.942,-73.623,9.629,0.0,-0.864,-0.464,1.508,-5.935,-1.753,0.0,0,1,1,project4_multircm_20260624_092806_475.csv,38.204499999999996
38.3831,0.0227,44.05,T2_target_rcm_entry_cone,TargetRCM_EntryCone,Done,0.9994,0.995,0.99772,1.29755,0.1002,0.99508,1.29999,0.10009,0.79002,1.48931,0.09085,1.0,1.3,0.1,0.78524,1.48524,0.09228,0.97679,1.27679,0.11214,0.8,1.5,0.1,1.0,1.3,0.1,3.355,279.393,4.923,6.438,31.806,6.438,3.355,437.88,2.969,0.0,0.11116,0.0,9.901,-22.43,-26.841,-74.024,9.51,0.0,-0.868,-0.455,1.472,-5.865,-1.741,0.0,0,1,1,project4_multircm_20260624_092806_475.csv,38.2726
38.452,0.02305,43.39,T2_target_rcm_entry_cone,TargetRCM_EntryCone,Done,0.9994,0.995,0.99771,1.29753,0.10021,0.99507,1.29997,0.1001,0.78995,1.48924,0.09114,1.0,1.3,0.1,0.78516,1.48516,0.09258,0.97667,1.27667,0.11167,0.8,1.5,0.1,1.0,1.3,0.1,3.372,279.396,4.934,6.458,31.772,6.458,3.372,437.87,2.946,0.0,0.11042,0.0,9.841,-22.461,-26.741,-74.426,9.39,0.0,-0.879,-0.451,1.447,-5.824,-1.744,0.0,0,1,1,project4_multircm_20260624_092806_475.csv,38.341499999999996
38.5202,0.02286,43.74,T2_target_rcm_entry_cone,TargetRCM_EntryCone,Done,0.9994,0.995,0.9977,1.29752,0.10022,0.99506,1.29996,0.10011,0.78989,1.48918,0.09142,1.0,1.3,0.1,0.78509,1.48509,0.09288,0.97655,1.27655,0.11119,0.8,1.5,0.1,1.0,1.3,0.1,3.389,279.399,4.944,6.476,31.74,6.476,3.389,437.86,2.923,0.0,0.10917,0.0,9.78,-22.492,-26.644,-74.82,9.271,0.0,-0.887,-0.444,1.414,-5.754,-1.741,0.0,0,1,1,project4_multircm_20260624_092806_475.csv,38.4097
38.5887,0.02317,43.15,T2_target_rcm_entry_cone,TargetRCM_EntryCone,Done,0.9994,0.995,0.99769,1.29751,0.10023,0.99505,1.29995,0.10012,0.78982,1.48912,0.0917,1.0,1.3,0.1,0.78502,1.48502,0.09318,0.97644,1.27644,0.11072,0.8,1.5,0.1,1.0,1.3,0.1,3.404,279.402,4.954,6.494,31.709,6.494,3.404,437.851,2.9,0.0,0.10879,0.0,9.719,-22.522,-26.548,-75.214,9.152,0.0,-0.893,-0.439,1.391,-5.737,-1.737,0.0,0,1,1,project4_multircm_20260624_092806_475.csv,38.4782
38.6572,0.02279,43.89,T2_target_rcm_entry_cone,TargetRCM_EntryCone,Done,0.9994,0.995,0.99768,1.2975,0.10024,0.99504,1.29993,0.10013,0.78976,1.48907,0.09199,1.0,1.3,0.1,0.78495,1.48495,0.09349,0.97633,1.27633,0.11024,0.8,1.5,0.1,1.0,1.3,0.1,3.42,279.404,4.964,6.511,31.68,6.511,3.42,437.842,2.878,0.0,0.10717,0.0,9.658,-22.552,-26.454,-75.603,9.033,0.0,-0.902,-0.432,1.356,-5.644,-1.736,0.0,0,1,1,project4_multircm_20260624_092806_475.csv,38.5467
38.7254,0.02242,44.61,T2_target_rcm_entry_cone,TargetRCM_EntryCone,Done,0.9994,0.995,0.99768,1.29748,0.10025,0.99503,1.29992,0.10015,0.7897,1.48901,0.09228,1.0,1.3,0.1,0.78488,1.48488,0.09379,0.97623,1.27623,0.10976,0.8,1.5,0.1,1.0,1.3,0.1,3.434,279.406,4.974,6.526,31.652,6.526,3.434,437.833,2.856,0.0,0.1063,0.0,9.596,-22.581,-26.363,-75.986,8.915,0.0,-0.909,-0.426,1.328,-5.596,-1.733,0.0,0,1,1,project4_multircm_20260624_092806_475.csv,38.6149
38.7935,0.0223,44.84,T2_target_rcm_entry_cone,TargetRCM_EntryCone,Done,0.9994,0.995,0.99767,1.29747,0.10026,0.99502,1.29991,0.10016,0.78965,1.48896,0.09257,1.0,1.3,0.1,0.78482,1.48482,0.0941,0.97614,1.27614,0.10928,0.8,1.5,0.1,1.0,1.3,0.1,3.448,279.409,4.983,6.54,31.626,6.54,3.448,437.825,2.835,0.0,0.10518,0.0,9.534,-22.61,-26.274,-76.365,8.797,0.0,-0.915,-0.419,1.298,-5.535,-1.728,0.0,0,1,1,project4_multircm_20260624_092806_475.csv,38.683
38.8621,0.02311,43.28,T2_target_rcm_entry_cone,TargetRCM_EntryCone,Done,0.9994,0.995,0.99766,1.29746,0.10026,0.99501,1.2999,0.10017,0.78959,1.48891,0.09286,1.0,1.3,0.1,0.78476,1.48476,0.09441,0.97604,1.27605,0.10879,0.8,1.5,0.1,1.0,1.3,0.1,3.462,279.411,4.991,6.553,31.601,6.553,3.462,437.816,2.814,0.0,0.10411,0.0,9.47,-22.638,-26.186,-76.743,8.678,0.0,-0.924,-0.412,1.27,-5.473,-1.73,0.0,0,1,1,project4_multircm_20260624_092806_475.csv,38.751599999999996
38.9303,0.02306,43.36,T2_target_rcm_entry_cone,TargetRCM_EntryCone,Done,0.9994,0.995,0.99765,1.29745,0.10027,0.995,1.29989,0.10018,0.78954,1.48887,0.09315,1.0,1.3,0.1,0.78471,1.48471,0.09472,0.97596,1.27596,0.10831,0.8,1.5,0.1,1.0,1.3,0.1,3.475,279.414,5.0,6.565,31.578,6.565,3.475,437.808,2.794,0.0,0.10365,0.0,9.407,-22.666,-26.1,-77.115,8.56,0.0,-0.934,-0.408,1.247,-5.447,-1.734,0.0,0,1,1,project4_multircm_20260624_092806_475.csv,38.8198
38.9991,0.02253,44.39,T2_target_rcm_entry_cone,TargetRCM_EntryCone,Done,0.9994,0.995,0.99765,1.29744,0.10028,0.995,1.29988,0.10019,0.78949,1.48882,0.09345,1.0,1.3,0.1,0.78466,1.48466,0.09503,0.97588,1.27588,0.10782,0.8,1.5,0.1,1.0,1.3,0.1,3.487,279.416,5.008,6.575,31.557,6.575,3.487,437.801,2.774,0.0,0.10232,0.0,9.342,-22.694,-26.016,-77.486,8.441,0.0,-0.937,-0.401,1.215,-5.373,-1.726,0.0,0,1,1,project4_multircm_20260624_092806_475.csv,38.8886
39.0675,0.02255,44.36,T2_target_rcm_entry_cone,TargetRCM_EntryCone,Done,0.9994,0.995,0.99764,1.29743,0.10029,0.99499,1.29987,0.1002,0.78945,1.48878,0.09374,1.0,1.3,0.1,0.78461,1.48461,0.09534,0.9758,1.2758,0.10733,0.8,1.5,0.1,1.0,1.3,0.1,3.498,279.417,5.015,6.585,31.537,6.585,3.498,437.793,2.754,0.0,0.10127,0.0,9.278,-22.721,-25.934,-77.85,8.323,0.0,-0.944,-0.394,1.186,-5.314,-1.725,0.0,0,1,1,project4_multircm_20260624_092806_475.csv,38.957
39.1364,0.02257,44.31,T2_target_rcm_entry_cone,TargetRCM_EntryCone,Done,0.9994,0.995,0.99763,1.29742,0.1003,0.99498,1.29986,0.10022,0.7894,1.48874,0.09404,1.0,1.3,0.1,0.78456,1.48456,0.09565,0.97573,1.27573,0.10683,0.8,1.5,0.1,1.0,1.3,0.1,3.509,279.419,5.022,6.592,31.519,6.592,3.509,437.786,2.735,0.0,0.10027,0.0,9.213,-22.748,-25.854,-78.212,8.204,0.0,-0.951,-0.388,1.16,-5.256,-1.726,0.0,0,1,1,project4_multircm_20260624_092806_475.csv,39.0259
39.2061,0.02385,41.94,T2_target_rcm_entry_cone,TargetRCM_EntryCone,Done,0.9994,0.995,0.99763,1.29742,0.1003,0.99498,1.29985,0.10023,0.78936,1.4887,0.09435,1.0,1.3,0.1,0.78452,1.48452,0.09597,0.97566,1.27566,0.10633,0.8,1.5,0.1,1.0,1.3,0.1,3.52,279.421,5.029,6.599,31.502,6.599,3.52,437.779,2.717,0.0,0.0987,0.0,9.146,-22.775,-25.774,-78.573,8.083,0.0,-0.961,-0.382,1.13,-5.162,-1.729,0.0,0,1,1,project4_multircm_20260624_092806_475.csv,39.0956
39.2751,0.02304,43.41,T2_target_rcm_entry_cone,TargetRCM_EntryCone,Done,0.9994,0.995,0.99762,1.29741,0.10031,0.99497,1.29984,0.10024,0.78932,1.48866,0.09465,1.0,1.3,0.1,0.78448,1.48448,0.09629,0.9756,1.2756,0.10583,0.8,1.5,0.1,1.0,1.3,0.1,3.529,279.423,5.035,6.604,31.487,6.604,3.529,437.773,2.699,0.0,0.09725,0.0,9.079,-22.801,-25.698,-78.926,7.964,0.0,-0.968,-0.375,1.098,-5.076,-1.73,0.0,0,1,1,project4_multircm_20260624_092806_475.csv,39.1646
39.344,0.02289,43.69,T2_target_rcm_entry_cone,TargetRCM_EntryCone,Done,0.9994,0.995,0.99762,1.2974,0.10032,0.99497,1.29984,0.10025,0.78928,1.48863,0.09496,1.0,1.3,0.1,0.78444,1.48444,0.09661,0.97554,1.27554,0.10533,0.8,1.5,0.1,1.0,1.3,0.1,3.537,279.424,5.041,6.608,31.474,6.608,3.537,437.767,2.682,0.0,0.09592,0.0,9.012,-22.826,-25.623,-79.273,7.845,0.0,-0.973,-0.369,1.069,-5.0,-1.728,0.0,0,1,1,project4_multircm_20260624_092806_475.csv,39.2335
39.4124,0.02325,43.01,T2_target_rcm_entry_cone,TargetRCM_EntryCone,Done,0.9994,0.995,0.99762,1.2974,0.10032,0.99496,1.29983,0.10026,0.78925,1.4886,0.09526,1.0,1.3,0.1,0.78441,1.48441,0.09692,0.97549,1.27549,0.10484,0.8,1.5,0.1,1.0,1.3,0.1,3.545,279.425,5.046,6.61,31.463,6.61,3.545,437.761,2.665,0.0,0.09523,0.0,8.945,-22.851,-25.551,-79.613,7.726,0.0,-0.981,-0.364,1.046,-4.958,-1.732,0.0,0,1,1,project4_multircm_20260624_092806_475.csv,39.301899999999996
39.4813,0.0225,44.44,T2_target_rcm_entry_cone,TargetRCM_EntryCone,Done,0.9994,0.995,0.99761,1.29739,0.10033,0.99496,1.29983,0.10027,0.78921,1.48857,0.09557,1.0,1.3,0.1,0.78438,1.48438,0.09724,0.97544,1.27544,0.10434,0.8,1.5,0.1,1.0,1.3,0.1,3.552,279.427,5.051,6.611,31.454,6.611,3.552,437.756,2.65,0.0,0.09362,0.0,8.878,-22.876,-25.481,-79.951,7.607,0.0,-0.984,-0.356,1.014,-4.865,-1.727,0.0,0,1,1,project4_multircm_20260624_092806_475.csv,39.370799999999996
39.5508,0.02369,42.22,T2_target_rcm_entry_cone,TargetRCM_EntryCone,Done,0.9994,0.995,0.99761,1.29739,0.10034,0.99496,1.29982,0.10028,0.78918,1.48854,0.09588,1.0,1.3,0.1,0.78435,1.48435,0.09756,0.9754,1.2754,0.10383,0.8,1.5,0.1,1.0,1.3,0.1,3.558,279.427,5.055,6.61,31.446,6.61,3.558,437.751,2.635,0.0,0.09253,0.0,8.809,-22.901,-25.411,-80.286,7.487,0.0,-0.993,-0.351,0.989,-4.797,-1.733,0.0,0,1,1,project4_multircm_20260624_092806_475.csv,39.4403
39.6196,0.02287,43.73,T2_target_rcm_entry_cone,TargetRCM_EntryCone,Done,0.9994,0.995,0.99761,1.29738,0.10034,0.99495,1.29982,0.10029,0.78916,1.48851,0.09618,1.0,1.3,0.1,0.78433,1.48433,0.09788,0.97536,1.27536,0.10333,0.8,1.5,0.1,1.0,1.3,0.1,3.563,279.429,5.059,6.607,31.441,6.607,3.563,437.746,2.621,0.0,0.09078,0.0,8.74,-22.924,-25.345,-80.611,7.368,0.0,-0.996,-0.343,0.957,-4.695,-1.729,0.0,0,1,1,project4_multircm_20260624_092806_475.csv,39.5091
39.6889,0.0236,42.37,T2_target_rcm_entry_cone,TargetRCM_EntryCone,Done,0.9994,0.995,0.9976,1.29738,0.10035,0.99495,1.29981,0.1003,0.78913,1.48849,0.0965,1.0,1.3,0.1,0.78431,1.48431,0.0982,0.97533,1.27533,0.10282,0.8,1.5,0.1,1.0,1.3,0.1,3.567,279.429,5.062,6.603,31.437,6.603,3.567,437.742,2.608,0.0,0.08983,0.0,8.671,-22.948,-25.28,-80.935,7.248,0.0,-1.006,-0.339,0.933,-4.635,-1.736,0.0,0,1,1,project4_multircm_20260624_092806_475.csv,39.578399999999995
39.7572,0.02273,43.99,T2_target_rcm_entry_cone,TargetRCM_EntryCone,Done,0.9994,0.995,0.9976,1.29738,0.10036,0.99495,1.29981,0.10031,0.78911,1.48847,0.0968,1.0,1.3,0.1,0.78429,1.48429,0.09852,0.97531,1.27531,0.10232,0.8,1.5,0.1,1.0,1.3,0.1,3.571,279.43,5.064,6.598,31.435,6.598,3.571,437.738,2.596,0.0,0.08816,0.0,8.602,-22.971,-25.217,-81.246,7.13,0.0,-1.008,-0.331,0.903,-4.536,-1.731,0.0,0,1,1,project4_multircm_20260624_092806_475.csv,39.646699999999996
39.8268,0.02305,43.39,T2_target_rcm_entry_cone,TargetRCM_EntryCone,Done,0.9994,0.995,0.9976,1.29738,0.10036,0.99495,1.29981,0.10032,0.78908,1.48845,0.09712,1.0,1.3,0.1,0.78428,1.48428,0.09885,0.97528,1.27529,0.10181,0.8,1.5,0.1,1.0,1.3,0.1,3.573,279.43,5.067,6.591,31.436,6.591,3.573,437.735,2.584,0.0,0.08709,0.0,8.532,-22.993,-25.156,-81.559,7.009,0.0,-1.015,-0.326,0.878,-4.47,-1.737,0.0,0,1,1,project4_multircm_20260624_092806_475.csv,39.7163
39.8962,0.02365,42.28,T2_target_rcm_entry_cone,TargetRCM_EntryCone,Done,0.9994,0.995,0.9976,1.29738,0.10037,0.99495,1.29981,0.10033,0.78906,1.48844,0.09743,1.0,1.3,0.1,0.78427,1.48427,0.09917,0.97527,1.27527,0.10131,0.8,1.5,0.1,1.0,1.3,0.1,3.575,279.43,5.068,6.582,31.438,6.582,3.575,437.732,2.574,0.0,0.08564,0.0,8.461,-23.016,-25.096,-81.866,6.889,0.0,-1.022,-0.32,0.852,-4.379,-1.741,0.0,0,1,1,project4_multircm_20260624_092806_475.csv,39.7857
39.9647,0.02299,43.49,T2_target_rcm_entry_cone,TargetRCM_EntryCone,Done,0.9994,0.995,0.9976,1.29738,0.10037,0.99495,1.29981,0.10034,0.78905,1.48842,0.09775,1.0,1.3,0.1,0.78426,1.48426,0.09949,0.97526,1.27526,0.1008,0.8,1.5,0.1,1.0,1.3,0.1,3.575,279.43,5.069,6.571,31.442,6.571,3.575,437.73,2.565,0.0,0.08454,0.0,8.391,-23.037,-25.039,-82.162,6.77,0.0,-1.024,-0.314,0.826,-4.314,-1.738,0.0,0,1,1,project4_multircm_20260624_092806_475.csv,39.8542
40.0336,0.02249,44.46,T2_target_rcm_entry_cone,TargetRCM_EntryCone,Done,0.9994,0.995,0.9976,1.29738,0.10038,0.99495,1.29981,0.10035,0.78903,1.48841,0.09806,1.0,1.3,0.1,0.78426,1.48426,0.09981,0.97525,1.27525,0.1003,0.8,1.5,0.1,1.0,1.3,0.1,3.575,279.43,5.069,6.559,31.448,6.559,3.575,437.728,2.557,0.0,0.08296,0.0,8.321,-23.058,-24.983,-82.454,6.651,0.0,-1.026,-0.306,0.797,-4.22,-1.734,0.0,0,1,1,project4_multircm_20260624_092806_475.csv,39.9231
40.105,0.02539,39.38,T2_target_rcm_entry_cone,TargetRCM_EntryCone,Done,0.9994,0.995,0.9976,1.29738,0.10038,0.99495,1.29981,0.10035,0.78902,1.4884,0.09839,1.0,1.3,0.1,0.78426,1.48426,0.10014,0.97525,1.27525,0.09978,0.8,1.5,0.1,1.0,1.3,0.1,3.573,279.43,5.069,6.544,31.456,6.544,3.573,437.727,2.549,0.0,0.08148,0.0,8.247,-23.08,-24.928,-82.751,6.527,0.0,-1.039,-0.301,0.773,-4.12,-1.747,0.0,0,1,1,project4_multircm_20260624_092806_475.csv,39.994499999999995
40.1755,0.02397,41.72,T2_target_rcm_entry_cone,TargetRCM_EntryCone,Done,0.9994,0.995,0.9976,1.29738,0.10038,0.99495,1.29981,0.10036,0.78901,1.48839,0.09871,1.0,1.3,0.1,0.78426,1.48426,0.10047,0.97526,1.27526,0.09926,0.8,1.5,0.1,1.0,1.3,0.1,3.571,279.429,5.067,6.527,31.466,6.527,3.571,437.726,2.543,0.0,0.0802,0.0,8.174,-23.101,-24.875,-83.037,6.404,0.0,-1.038,-0.293,0.745,-4.045,-1.74,0.0,0,1,1,project4_multircm_20260624_092806_475.csv,40.065
40.2482,0.02432,41.12,T2_target_rcm_entry_cone,TargetRCM_EntryCone,Done,0.9994,0.995,0.99761,1.29738,0.10039,0.99495,1.29982,0.10037,0.789,1.48838,0.09905,1.0,1.3,0.1,0.78427,1.48427,0.10081,0.97527,1.27527,0.09873,0.8,1.5,0.1,1.0,1.3,0.1,3.567,279.429,5.066,6.508,31.479,6.508,3.567,437.725,2.538,0.0,0.07803,0.0,8.098,-23.122,-24.822,-83.326,6.277,0.0,-1.04,-0.287,0.715,-3.911,-1.738,0.0,0,1,1,project4_multircm_20260624_092806_475.csv,40.137699999999995
40.3215,0.02543,39.32,T2_target_rcm_entry_cone,TargetRCM_EntryCone,Done,0.9994,0.995,0.99761,1.29739,0.10039,0.99495,1.29982,0.10038,0.78899,1.48838,0.09938,1.0,1.3,0.1,0.78428,1.48428,0.10115,0.97528,1.27528,0.09819,0.8,1.5,0.1,1.0,1.3,0.1,3.562,279.427,5.063,6.487,31.494,6.487,3.562,437.726,2.535,0.0,0.07675,0.0,8.022,-23.143,-24.771,-83.609,6.15,0.0,-1.048,-0.281,0.69,-3.826,-1.746,0.0,0,1,1,project4_multircm_20260624_092806_475.csv,40.211
40.3929,0.02425,41.24,T2_target_rcm_entry_cone,TargetRCM_EntryCone,Done,0.9994,0.995,0.99761,1.29739,0.1004,0.99496,1.29982,0.10039,0.78898,1.48837,0.09971,1.0,1.3,0.1,0.78429,1.4843,0.10148,0.97531,1.27531,0.09767,0.8,1.5,0.1,1.0,1.3,0.1,3.556,279.426,5.06,6.463,31.51,6.463,3.556,437.726,2.532,0.0,0.07541,0.0,7.947,-23.162,-24.723,-83.879,6.025,0.0,-1.053,-0.274,0.664,-3.739,-1.749,0.0,0,1,1,project4_multircm_20260624_092806_475.csv,40.282399999999996
40.465,0.02402,41.63,T2_target_rcm_entry_cone,TargetRCM_EntryCone,Done,0.9994,0.995,0.99762,1.2974,0.1004,0.99496,1.29983,0.10039,0.78898,1.48837,0.10005,1.0,1.3,0.1,0.78431,1.48431,0.10182,0.97533,1.27533,0.09714,0.8,1.5,0.1,1.0,1.3,0.1,3.548,279.425,5.056,6.438,31.53,6.438,3.548,437.728,2.532,0.0,0.0737,0.0,7.871,-23.182,-24.676,-84.145,5.9,0.0,-1.051,-0.266,0.637,-3.636,-1.741,0.0,0,1,1,project4_multircm_20260624_092806_475.csv,40.3545
40.5381,0.02448,40.86,T2_target_rcm_entry_cone,TargetRCM_EntryCone,Done,0.9994,0.995,0.99762,1.29741,0.1004,0.99497,1.29984,0.1004,0.78898,1.48838,0.10038,1.0,1.3,0.1,0.78433,1.48433,0.10216,0.97537,1.27537,0.09661,0.8,1.5,0.1,1.0,1.3,0.1,3.54,279.423,5.051,6.41,31.551,6.41,3.54,437.73,2.532,0.0,0.0727,0.0,7.794,-23.201,-24.631,-84.407,5.772,0.0,-1.056,-0.261,0.615,-3.569,-1.746,0.0,0,1,1,project4_multircm_20260624_092806_475.csv,40.4276
40.6104,0.02475,40.4,T2_target_rcm_entry_cone,TargetRCM_EntryCone,Done,0.9994,0.995,0.99763,1.29742,0.1004,0.99497,1.29985,0.10041,0.78898,1.48838,0.10072,1.0,1.3,0.1,0.78436,1.48436,0.10249,0.97541,1.27541,0.09608,0.8,1.5,0.1,1.0,1.3,0.1,3.53,279.422,5.045,6.38,31.574,6.38,3.53,437.732,2.534,0.0,0.07098,0.0,7.718,-23.219,-24.587,-84.659,5.646,0.0,-1.059,-0.254,0.588,-3.458,-1.746,0.0,0,1,1,project4_multircm_20260624_092806_475.csv,40.4999
40.683,0.02479,40.34,T2_target_rcm_entry_cone,TargetRCM_EntryCone,Done,0.9994,0.995,0.99764,1.29743,0.1004,0.99498,1.29986,0.10041,0.78899,1.48839,0.10105,1.0,1.3,0.1,0.78439,1.48439,0.10283,0.97545,1.27545,0.09555,0.8,1.5,0.1,1.0,1.3,0.1,3.518,279.419,5.038,6.348,31.599,6.348,3.518,437.735,2.538,0.0,0.06954,0.0,7.641,-23.238,-24.546,-84.905,5.519,0.0,-1.064,-0.248,0.565,-3.362,-1.75,0.0,0,1,1,project4_multircm_20260624_092806_475.csv,40.5725
40.7551,0.02432,41.11,T2_target_rcm_entry_cone,TargetRCM_EntryCone,Done,0.9994,0.995,0.99764,1.29744,0.10041,0.99499,1.29987,0.10042,0.78899,1.48839,0.10139,1.0,1.3,0.1,0.78442,1.48442,0.10316,0.9755,1.2755,0.09503,0.8,1.5,0.1,1.0,1.3,0.1,3.506,279.417,5.031,6.314,31.626,6.314,3.506,437.739,2.543,0.0,0.06752,0.0,7.564,-23.255,-24.507,-85.141,5.394,0.0,-1.06,-0.24,0.536,-3.237,-1.739,0.0,0,1,1,project4_multircm_20260624_092806_475.csv,40.6446
40.827,0.02426,41.21,T2_target_rcm_entry_cone,TargetRCM_EntryCone,Done,0.9994,0.995,0.99765,1.29745,0.10041,0.995,1.29988,0.10042,0.789,1.4884,0.10172,1.0,1.3,0.1,0.78445,1.48446,0.10349,0.97556,1.27556,0.09451,0.8,1.5,0.1,1.0,1.3,0.1,3.492,279.414,5.023,6.277,31.656,6.277,3.492,437.744,2.549,0.0,0.06621,0.0,7.488,-23.272,-24.469,-85.369,5.268,0.0,-1.066,-0.234,0.515,-3.143,-1.748,0.0,0,1,1,project4_multircm_20260624_092806_475.csv,40.716499999999996
40.8993,0.02372,42.16,T2_target_rcm_entry_cone,TargetRCM_EntryCone,Done,0.9994,0.995,0.99766,1.29746,0.10041,0.99501,1.29989,0.10043,0.78901,1.48841,0.10206,1.0,1.3,0.1,0.78449,1.48449,0.10383,0.97562,1.27562,0.09398,0.8,1.5,0.1,1.0,1.3,0.1,3.477,279.412,5.014,6.238,31.687,6.238,3.477,437.749,2.557,0.0,0.06461,0.0,7.411,-23.289,-24.433,-85.592,5.142,0.0,-1.065,-0.228,0.491,-3.039,-1.743,0.0,0,1,1,project4_multircm_20260624_092806_475.csv,40.788799999999995
40.9717,0.02451,40.8,T2_target_rcm_entry_cone,TargetRCM_EntryCone,Done,0.9994,0.995,0.99767,1.29747,0.10041,0.99501,1.29991,0.10043,0.78902,1.48843,0.10239,1.0,1.3,0.1,0.78454,1.48454,0.10416,0.97569,1.27569,0.09346,0.8,1.5,0.1,1.0,1.3,0.1,3.46,279.408,5.005,6.196,31.721,6.196,3.46,437.754,2.567,0.0,0.0633,0.0,7.333,-23.305,-24.398,-85.808,5.016,0.0,-1.07,-0.222,0.469,-2.947,-1.748,0.0,0,1,1,project4_multircm_20260624_092806_475.csv,40.8612
41.022,0.02454,40.74,T2_target_rcm_entry_cone,TargetRCM_EntryCone,Done,0.9994,0.995,0.99768,1.29749,0.10041,0.99502,1.29992,0.10043,0.78903,1.48844,0.10263,1.0,1.3,0.1,0.78457,1.48457,0.10439,0.97574,1.27574,0.0931,0.8,1.5,0.1,1.0,1.3,0.1,3.447,279.406,4.997,6.166,31.745,6.166,3.447,437.759,2.574,0.0,0.06187,0.0,7.279,-23.316,-24.375,-85.952,4.927,0.0,-1.073,-0.217,0.452,-2.845,-1.752,0.0,0,1,1,project4_multircm_20260624_092806_475.csv,40.9115
41.0956,0.02449,40.84,T2_target_rcm_entry_cone,TargetRCM_EntryCone,Done,0.9994,0.995,0.99769,1.2975,0.10041,0.99503,1.29993,0.10044,0.78905,1.48845,0.10297,1.0,1.3,0.1,0.78462,1.48462,0.10472,0.97582,1.27582,0.09257,0.8,1.5,0.1,1.0,1.3,0.1,3.428,279.403,4.986,6.119,31.782,6.119,3.428,437.766,2.587,0.0,0.06054,0.0,7.2,-23.332,-24.343,-86.158,4.799,0.0,-1.073,-0.21,0.43,-2.755,-1.75,0.0,0,1,1,project4_multircm_20260624_092806_475.csv,40.985099999999996
41.1681,0.0243,41.15,T2_target_rcm_entry_cone,TargetRCM_EntryCone,Done,0.9994,0.995,0.9977,1.29752,0.1004,0.99505,1.29995,0.10044,0.78907,1.48847,0.1033,1.0,1.3,0.1,0.78467,1.48467,0.10505,0.9759,1.2759,0.09205,0.8,1.5,0.1,1.0,1.3,0.1,3.407,279.399,4.974,6.07,31.821,6.07,3.407,437.773,2.6,0.0,0.05908,0.0,7.123,-23.346,-24.313,-86.354,4.672,0.0,-1.07,-0.203,0.408,-2.659,-1.743,0.0,0,1,1,project4_multircm_20260624_092806_475.csv,41.0576
41.2413,0.02452,40.78,T2_target_rcm_entry_cone,TargetRCM_EntryCone,Done,0.9994,0.995,0.99771,1.29754,0.1004,0.99506,1.29997,0.10044,0.78909,1.48849,0.10364,1.0,1.3,0.1,0.78473,1.48473,0.10539,0.97599,1.27599,0.09153,0.8,1.5,0.1,1.0,1.3,0.1,3.384,279.395,4.961,6.018,31.862,6.018,3.384,437.781,2.616,0.0,0.05778,0.0,7.044,-23.361,-24.284,-86.544,4.545,0.0,-1.074,-0.198,0.388,-2.562,-1.747,0.0,0,1,1,project4_multircm_20260624_092806_475.csv,41.1308
41.3131,0.02375,42.1,T2_target_rcm_entry_cone,TargetRCM_EntryCone,Done,0.9994,0.995,0.99773,1.29756,0.1004,0.99507,1.29999,0.10045,0.78911,1.48851,0.10397,1.0,1.3,0.1,0.78479,1.48479,0.10571,0.97608,1.27608,0.09102,0.8,1.5,0.1,1.0,1.3,0.1,3.361,279.391,4.947,5.965,31.905,5.965,3.361,437.79,2.632,0.0,0.05618,0.0,6.967,-23.375,-24.258,-86.723,4.42,0.0,-1.072,-0.191,0.366,-2.45,-1.743,0.0,0,1,1,project4_multircm_20260624_092806_475.csv,41.2026
41.3863,0.02446,40.89,T2_target_rcm_entry_cone,TargetRCM_EntryCone,Done,0.9994,0.995,0.99774,1.29758,0.1004,0.99509,1.30001,0.10045,0.78913,1.48854,0.10431,1.0,1.3,0.1,0.78485,1.48485,0.10604,0.97618,1.27618,0.0905,0.8,1.5,0.1,1.0,1.3,0.1,3.335,279.387,4.932,5.908,31.949,5.908,3.335,437.8,2.651,0.0,0.05489,0.0,6.889,-23.389,-24.232,-86.897,4.292,0.0,-1.074,-0.185,0.347,-2.355,-1.744,0.0,0,1,1,project4_multircm_20260624_092806_475.csv,41.2758
41.4596,0.02531,39.51,T2_target_rcm_entry_cone,TargetRCM_EntryCone,Done,0.9994,0.995,0.99776,1.2976,0.1004,0.9951,1.30003,0.10045,0.78916,1.48856,0.10465,1.0,1.3,0.1,0.78492,1.48492,0.10637,0.97629,1.27629,0.08999,0.8,1.5,0.1,1.0,1.3,0.1,3.308,279.382,4.916,5.847,31.996,5.847,3.308,437.81,2.671,0.0,0.05343,0.0,6.81,-23.402,-24.207,-87.063,4.164,0.0,-1.079,-0.18,0.328,-2.236,-1.751,0.0,0,1,1,project4_multircm_20260624_092806_475.csv,41.3491
41.5316,0.02434,41.09,T2_target_rcm_entry_cone,TargetRCM_EntryCone,Done,0.9994,0.995,0.99778,1.29762,0.10039,0.99512,1.30005,0.10045,0.78918,1.48859,0.10498,1.0,1.3,0.1,0.78499,1.48499,0.10669,0.97639,1.2764,0.08948,0.8,1.5,0.1,1.0,1.3,0.1,3.28,279.377,4.9,5.786,32.043,5.786,3.28,437.821,2.692,0.0,0.0521,0.0,6.733,-23.414,-24.185,-87.22,4.039,0.0,-1.072,-0.173,0.308,-2.149,-1.738,0.0,0,1,1,project4_multircm_20260624_092806_475.csv,41.421099999999996
41.6041,0.024,41.67,T2_target_rcm_entry_cone,TargetRCM_EntryCone,Done,0.9994,0.995,0.99779,1.29765,0.10039,0.99514,1.30008,0.10045,0.78921,1.48861,0.10531,1.0,1.3,0.1,0.78506,1.48506,0.10701,0.97651,1.27651,0.08898,0.8,1.5,0.1,1.0,1.3,0.1,3.25,279.372,4.883,5.721,32.093,5.721,3.25,437.833,2.714,0.0,0.05048,0.0,6.656,-23.426,-24.163,-87.37,3.914,0.0,-1.067,-0.165,0.288,-2.033,-1.728,0.0,0,1,1,project4_multircm_20260624_092806_475.csv,41.4936
41.6767,0.02442,40.95,T2_target_rcm_entry_cone,TargetRCM_EntryCone,Done,0.9994,0.995,0.99781,1.29767,0.10039,0.99516,1.3001,0.10045,0.78924,1.48864,0.10565,1.0,1.3,0.1,0.78514,1.48514,0.10733,0.97663,1.27663,0.08847,0.8,1.5,0.1,1.0,1.3,0.1,3.217,279.366,4.865,5.653,32.144,5.653,3.217,437.845,2.738,0.0,0.04926,0.0,6.578,-23.438,-24.143,-87.512,3.788,0.0,-1.072,-0.161,0.272,-1.925,-1.736,0.0,0,1,1,project4_multircm_20260624_092806_475.csv,41.566199999999995
41.7493,0.02408,41.52,T2_target_rcm_entry_cone,TargetRCM_EntryCone,Done,0.9994,0.995,0.99783,1.2977,0.10038,0.99518,1.30013,0.10045,0.78927,1.48867,0.10598,1.0,1.3,0.1,0.78522,1.48522,0.10765,0.97676,1.27676,0.08797,0.8,1.5,0.1,1.0,1.3,0.1,3.184,279.36,4.846,5.582,32.197,5.582,3.184,437.858,2.763,0.0,0.04787,0.0,6.5,-23.45,-24.124,-87.647,3.662,0.0,-1.067,-0.154,0.253,-1.82,-1.727,0.0,0,1,1,project4_multircm_20260624_092806_475.csv,41.638799999999996
41.8216,0.02448,40.85,T2_target_rcm_entry_cone,TargetRCM_EntryCone,Done,0.9994,0.995,0.99785,1.29773,0.10038,0.9952,1.30016,0.10045,0.7893,1.48871,0.10631,1.0,1.3,0.1,0.7853,1.4853,0.10797,0.97689,1.27689,0.08748,0.8,1.5,0.1,1.0,1.3,0.1,3.149,279.354,4.826,5.509,32.251,5.509,3.149,437.872,2.79,0.0,0.04665,0.0,6.423,-23.46,-24.107,-87.773,3.537,0.0,-1.07,-0.149,0.237,-1.711,-1.731,0.0,0,1,1,project4_multircm_20260624_092806_475.csv,41.711099999999995
41.8938,0.02408,41.52,T2_target_rcm_entry_cone,TargetRCM_EntryCone,Done,0.9994,0.995,0.99787,1.29776,0.10037,0.99522,1.30019,0.10045,0.78934,1.48874,0.10664,1.0,1.3,0.1,0.78539,1.48539,0.10828,0.97703,1.27703,0.08698,0.8,1.5,0.1,1.0,1.3,0.1,3.112,279.348,4.806,5.433,32.306,5.433,3.112,437.887,2.818,0.0,0.04541,0.0,6.346,-23.471,-24.091,-87.892,3.413,0.0,-1.064,-0.142,0.22,-1.615,-1.721,0.0,0,1,1,project4_multircm_20260624_092806_475.csv,41.7833
41.9672,0.0239,41.83,T2_target_rcm_entry_cone,TargetRCM_EntryCone,Done,0.9994,0.995,0.9979,1.29779,0.10037,0.99524,1.30022,0.10045,0.78937,1.48877,0.10697,1.0,1.3,0.1,0.78548,1.48548,0.1086,0.97717,1.27717,0.08649,0.8,1.5,0.1,1.0,1.3,0.1,3.073,279.341,4.784,5.353,32.364,5.353,3.073,437.902,2.847,0.0,0.04411,0.0,6.268,-23.481,-24.075,-88.005,3.287,0.0,-1.06,-0.136,0.204,-1.506,-1.714,0.0,0,1,1,project4_multircm_20260624_092806_475.csv,41.8567
42.0396,0.02444,40.91,T2_target_rcm_entry_cone,TargetRCM_EntryCone,Done,0.9994,0.995,0.99792,1.29782,0.10036,0.99527,1.30025,0.10045,0.78941,1.48881,0.10729,1.0,1.3,0.1,0.78557,1.48557,0.10891,0.97732,1.27732,0.086,0.8,1.5,0.1,1.0,1.3,0.1,3.033,279.335,4.762,5.27,32.422,5.27,3.033,437.918,2.877,0.0,0.0432,0.0,6.192,-23.49,-24.061,-88.11,3.163,0.0,-1.059,-0.131,0.189,-1.421,-1.713,0.0,0,1,1,project4_multircm_20260624_092806_475.csv,41.9291
42.1119,0.02402,41.63,T2_target_rcm_entry_cone,TargetRCM_EntryCone,Done,0.9994,0.995,0.99794,1.29786,0.10036,0.99529,1.30029,0.10045,0.78945,1.48885,0.10762,1.0,1.3,0.1,0.78567,1.48567,0.10921,0.97747,1.27747,0.08551,0.8,1.5,0.1,1.0,1.3,0.1,2.991,279.327,4.739,5.185,32.482,5.185,2.991,437.934,2.908,0.0,0.04189,0.0,6.115,-23.5,-24.048,-88.207,3.04,0.0,-1.052,-0.124,0.174,-1.312,-1.7,0.0,0,1,1,project4_multircm_20260624_092806_475.csv,42.0014
42.1813,0.02362,42.34,T2_target_rcm_entry_cone,TargetRCM_EntryCone,Done,0.9994,0.995,0.99797,1.29789,0.10035,0.99532,1.30032,0.10045,0.78949,1.48888,0.10793,1.0,1.3,0.1,0.78577,1.48577,0.10951,0.97762,1.27762,0.08505,0.8,1.5,0.1,1.0,1.3,0.1,2.949,279.32,4.717,5.101,32.54,5.101,2.949,437.951,2.939,0.0,0.04092,0.0,6.043,-23.508,-24.037,-88.293,2.922,0.0,-1.051,-0.12,0.161,-1.213,-1.698,0.0,0,1,1,project4_multircm_20260624_092806_475.csv,42.0708
42.2515,0.02429,41.17,T2_target_rcm_entry_cone,TargetRCM_EntryCone,Done,0.9994,0.995,0.99799,1.29793,0.10034,0.99534,1.30036,0.10045,0.78953,1.48892,0.10824,1.0,1.3,0.1,0.78587,1.48587,0.1098,0.97778,1.27778,0.08459,0.8,1.5,0.1,1.0,1.3,0.1,2.905,279.313,4.694,5.013,32.6,5.013,2.905,437.968,2.972,0.0,0.0399,0.0,5.969,-23.516,-24.026,-88.374,2.804,0.0,-1.046,-0.114,0.148,-1.116,-1.689,0.0,0,1,1,project4_multircm_20260624_092806_475.csv,42.141
42.3205,0.02307,43.35,T2_target_rcm_entry_cone,TargetRCM_EntryCone,Done,0.9994,0.995,0.99802,1.29796,0.10034,0.99537,1.30039,0.10044,0.78956,1.48896,0.10854,1.0,1.3,0.1,0.78597,1.48597,0.11009,0.97794,1.27794,0.08414,0.8,1.5,0.1,1.0,1.3,0.1,2.861,279.305,4.67,4.923,32.66,4.923,2.861,437.986,3.004,0.0,0.03918,0.0,5.897,-23.524,-24.017,-88.447,2.688,0.0,-1.041,-0.109,0.136,-1.046,-1.682,0.0,0,1,1,project4_multircm_20260624_092806_475.csv,42.21
42.3897,0.02273,43.99,T2_target_rcm_entry_cone,TargetRCM_EntryCone,Done,0.9994,0.995,0.99805,1.298,0.10033,0.9954,1.30043,0.10044,0.78961,1.489,0.10885,1.0,1.3,0.1,0.78607,1.48607,0.11038,0.9781,1.2781,0.08369,0.8,1.5,0.1,1.0,1.3,0.1,2.814,279.298,4.646,4.831,32.722,4.831,2.814,438.004,3.038,0.0,0.03828,0.0,5.826,-23.531,-24.008,-88.516,2.571,0.0,-1.035,-0.104,0.124,-0.957,-1.673,0.0,0,1,1,project4_multircm_20260624_092806_475.csv,42.279199999999996
42.4587,0.02257,44.3,T2_target_rcm_entry_cone,TargetRCM_EntryCone,Done,0.9994,0.995,0.99808,1.29804,0.10033,0.99542,1.30047,0.10044,0.78965,1.48904,0.10915,1.0,1.3,0.1,0.78618,1.48618,0.11066,0.97827,1.27827,0.08324,0.8,1.5,0.1,1.0,1.3,0.1,2.766,279.289,4.621,4.736,32.784,4.736,2.766,438.023,3.073,0.0,0.03748,0.0,5.754,-23.538,-24.0,-88.577,2.456,0.0,-1.032,-0.099,0.113,-0.861,-1.668,0.0,0,1,1,project4_multircm_20260624_092806_475.csv,42.3482
42.5284,0.02347,42.6,T2_target_rcm_entry_cone,TargetRCM_EntryCone,Done,0.9994,0.995,0.99811,1.29808,0.10032,0.99545,1.30051,0.10043,0.78969,1.48908,0.10945,1.0,1.3,0.1,0.78629,1.48629,0.11094,0.97845,1.27845,0.08279,0.8,1.5,0.1,1.0,1.3,0.1,2.715,279.281,4.596,4.637,32.847,4.637,2.715,438.042,3.108,0.0,0.03674,0.0,5.682,-23.545,-23.992,-88.633,2.34,0.0,-1.03,-0.095,0.103,-0.764,-1.664,0.0,0,1,1,project4_multircm_20260624_092806_475.csv,42.417899999999996
42.5976,0.02383,41.96,T2_target_rcm_entry_cone,TargetRCM_EntryCone,Done,0.9994,0.995,0.99814,1.29812,0.10031,0.99548,1.30055,0.10043,0.78973,1.48912,0.10975,1.0,1.3,0.1,0.78641,1.48641,0.11122,0.97863,1.27863,0.08235,0.8,1.5,0.1,1.0,1.3,0.1,2.664,279.272,4.57,4.536,32.911,4.536,2.664,438.063,3.144,0.0,0.03616,0.0,5.612,-23.551,-23.986,-88.683,2.226,0.0,-1.026,-0.09,0.093,-0.693,-1.657,0.0,0,1,1,project4_multircm_20260624_092806_475.csv,42.4871
42.6668,0.02296,43.55,T2_target_rcm_entry_cone,TargetRCM_EntryCone,Done,0.9994,0.995,0.99817,1.29817,0.1003,0.99552,1.3006,0.10043,0.78978,1.48916,0.11005,1.0,1.3,0.1,0.78652,1.48652,0.1115,0.97881,1.27881,0.08192,0.8,1.5,0.1,1.0,1.3,0.1,2.61,279.264,4.544,4.432,32.976,4.432,2.61,438.083,3.181,0.0,0.03525,0.0,5.541,-23.557,-23.98,-88.726,2.112,0.0,-1.013,-0.084,0.082,-0.602,-1.636,0.0,0,1,1,project4_multircm_20260624_092806_475.csv,42.5563
42.7358,0.02267,44.11,T2_target_rcm_entry_cone,TargetRCM_EntryCone,Done,0.9994,0.995,0.9982,1.29821,0.1003,0.99555,1.30064,0.10042,0.78982,1.4892,0.11035,1.0,1.3,0.1,0.78664,1.48664,0.11178,0.979,1.279,0.08149,0.8,1.5,0.1,1.0,1.3,0.1,2.556,279.255,4.518,4.326,33.041,4.326,2.556,438.105,3.218,0.0,0.03467,0.0,5.471,-23.563,-23.974,-88.764,1.999,0.0,-1.007,-0.08,0.074,-0.522,-1.627,0.0,0,1,1,project4_multircm_20260624_092806_475.csv,42.625299999999996
42.8054,0.02299,43.49,T2_target_rcm_entry_cone,TargetRCM_EntryCone,Done,0.9994,0.995,0.99823,1.29826,0.10029,0.99558,1.30069,0.10042,0.78987,1.48925,0.11064,1.0,1.3,0.1,0.78677,1.48677,0.11205,0.97919,1.27919,0.08105,0.8,1.5,0.1,1.0,1.3,0.1,2.499,279.245,4.491,4.216,33.108,4.216,2.498,438.126,3.256,0.0,0.03416,0.0,5.401,-23.568,-23.97,-88.797,1.886,0.0,-1.003,-0.076,0.065,-0.441,-1.619,0.0,0,1,1,project4_multircm_20260624_092806_475.csv,42.6949
42.8743,0.02326,43.0,T2_target_rcm_entry_cone,TargetRCM_EntryCone,Done,0.9994,0.995,0.99827,1.2983,0.10028,0.99562,1.30074,0.10042,0.78992,1.48929,0.11093,1.0,1.3,0.1,0.78689,1.48689,0.11232,0.97939,1.27939,0.08063,0.8,1.5,0.1,1.0,1.3,0.1,2.44,279.236,4.464,4.105,33.174,4.105,2.44,438.149,3.294,0.0,0.03374,0.0,5.332,-23.573,-23.965,-88.824,1.775,0.0,-0.998,-0.071,0.057,-0.373,-1.611,0.0,0,1,1,project4_multircm_20260624_092806_475.csv,42.763799999999996
42.9437,0.02372,42.15,T2_target_rcm_entry_cone,TargetRCM_EntryCone,Done,0.9994,0.995,0.9983,1.29835,0.10027,0.99565,1.30078,0.10041,0.78996,1.48934,0.11122,1.0,1.3,0.1,0.78702,1.48702,0.11259,0.97959,1.27959,0.08021,0.8,1.5,0.1,1.0,1.3,0.1,2.38,279.226,4.437,3.99,33.242,3.99,2.38,438.172,3.333,0.0,0.0332,0.0,5.264,-23.578,-23.962,-88.847,1.664,0.0,-0.989,-0.067,0.049,-0.296,-1.596,0.0,0,1,1,project4_multircm_20260624_092806_475.csv,42.8332
43.0128,0.023,43.48,T2_target_rcm_entry_cone,TargetRCM_EntryCone,Done,0.9994,0.995,0.99834,1.2984,0.10027,0.99569,1.30083,0.10041,0.79001,1.48938,0.11151,1.0,1.3,0.1,0.78715,1.48715,0.11285,0.97979,1.27979,0.07979,0.8,1.5,0.1,1.0,1.3,0.1,2.319,279.216,4.41,3.873,33.309,3.873,2.318,438.195,3.373,0.0,0.03277,0.0,5.196,-23.582,-23.959,-88.865,1.554,0.0,-0.98,-0.062,0.042,-0.235,-1.582,0.0,0,1,1,project4_multircm_20260624_092806_475.csv,42.9023
43.0816,0.02322,43.06,T2_target_rcm_entry_cone,TargetRCM_EntryCone,Done,0.9994,0.995,0.99838,1.29845,0.10026,0.99573,1.30088,0.10041,0.79006,1.48943,0.11179,1.0,1.3,0.1,0.78728,1.48728,0.11311,0.98,1.28,0.07938,0.8,1.5,0.1,1.0,1.3,0.1,2.256,279.206,4.383,3.754,33.377,3.754,2.255,438.218,3.412,0.0,0.03239,0.0,5.129,-23.586,-23.956,-88.878,1.446,0.0,-0.972,-0.058,0.035,-0.171,-1.57,0.0,0,1,1,project4_multircm_20260624_092806_475.csv,42.9711
43.1508,0.02284,43.79,T2_target_rcm_entry_cone,TargetRCM_EntryCone,Done,0.9994,0.995,0.99842,1.29851,0.10025,0.99577,1.30094,0.1004,0.79011,1.48947,0.11207,1.0,1.3,0.1,0.78742,1.48742,0.11337,0.98021,1.28021,0.07898,0.8,1.5,0.1,1.0,1.3,0.1,2.191,279.196,4.355,3.631,33.445,3.631,2.19,438.242,3.452,0.0,0.03203,0.0,5.062,-23.59,-23.954,-88.886,1.338,0.0,-0.964,-0.054,0.029,-0.101,-1.557,0.0,0,1,1,project4_multircm_20260624_092806_475.csv,43.040299999999995
43.2209,0.02348,42.59,T2_target_rcm_entry_cone,TargetRCM_EntryCone,Done,0.9994,0.995,0.99846,1.29856,0.10024,0.99581,1.30099,0.1004,0.79016,1.48952,0.11236,1.0,1.3,0.1,0.78756,1.48756,0.11363,0.98043,1.28043,0.07857,0.8,1.5,0.1,1.0,1.3,0.1,2.123,279.185,4.328,3.504,33.515,3.504,2.122,438.268,3.493,0.0,0.03173,0.0,4.994,-23.594,-23.952,-88.891,1.229,0.0,-0.956,-0.051,0.023,-0.055,-1.544,0.0,0,1,1,project4_multircm_20260624_092806_475.csv,43.1104
43.2915,0.02287,43.73,T2_target_rcm_entry_cone,TargetRCM_EntryCone,Done,0.9994,0.995,0.9985,1.29862,0.10023,0.99585,1.30105,0.10039,0.79021,1.48957,0.11264,1.0,1.3,0.1,0.7877,1.4877,0.11389,0.98066,1.28066,0.07816,0.8,1.5,0.1,1.0,1.3,0.1,2.053,279.174,4.3,3.374,33.586,3.374,2.051,438.293,3.535,0.0,0.03134,0.0,4.927,-23.597,-23.951,-88.891,1.121,0.0,-0.945,-0.047,0.017,0.006,-1.526,0.0,0,1,1,project4_multircm_20260624_092806_475.csv,43.181
43.3609,0.02344,42.65,T2_target_rcm_entry_cone,TargetRCM_EntryCone,Done,0.9994,0.995,0.99854,1.29868,0.10023,0.99589,1.30111,0.10039,0.79026,1.48962,0.11291,1.0,1.3,0.1,0.78784,1.48784,0.11414,0.98089,1.28089,0.07777,0.8,1.5,0.1,1.0,1.3,0.1,1.983,279.163,4.273,3.244,33.655,3.244,1.981,438.319,3.576,0.0,0.03111,0.0,4.862,-23.6,-23.95,-88.888,1.015,0.0,-0.938,-0.043,0.012,0.074,-1.514,0.0,0,1,1,project4_multircm_20260624_092806_475.csv,43.2504
43.4304,0.0226,44.24,T2_target_rcm_entry_cone,TargetRCM_EntryCone,Done,0.9994,0.995,0.99858,1.29873,0.10022,0.99593,1.30116,0.10038,0.79032,1.48967,0.11319,1.0,1.3,0.1,0.78799,1.48799,0.11439,0.98112,1.28112,0.07738,0.8,1.5,0.1,1.0,1.3,0.1,1.911,279.152,4.247,3.111,33.724,3.111,1.908,438.345,3.617,0.0,0.03073,0.0,4.797,-23.603,-23.95,-88.881,0.911,0.0,-0.924,-0.039,0.007,0.125,-1.493,0.0,0,1,1,project4_multircm_20260624_092806_475.csv,43.3199
43.4989,0.02201,45.44,T2_target_rcm_entry_cone,TargetRCM_EntryCone,Done,0.9994,0.995,0.99863,1.29879,0.10021,0.99598,1.30122,0.10038,0.79037,1.48972,0.11345,1.0,1.3,0.1,0.78814,1.48814,0.11463,0.98135,1.28135,0.07699,0.8,1.5,0.1,1.0,1.3,0.1,1.839,279.141,4.221,2.978,33.792,2.978,1.836,438.371,3.657,0.0,0.03048,0.0,4.734,-23.606,-23.949,-88.87,0.809,0.0,-0.915,-0.036,0.003,0.17,-1.477,0.0,0,1,1,project4_multircm_20260624_092806_475.csv,43.3884
43.5671,0.02285,43.76,T2_target_rcm_entry_cone,TargetRCM_EntryCone,Done,0.9994,0.995,0.99867,1.29885,0.1002,0.99602,1.30128,0.10038,0.79042,1.48977,0.11371,1.0,1.3,0.1,0.78829,1.48829,0.11487,0.98158,1.28158,0.07662,0.8,1.5,0.1,1.0,1.3,0.1,1.766,279.13,4.196,2.843,33.86,2.843,1.761,438.397,3.698,0.0,0.03031,0.0,4.672,-23.608,-23.949,-88.857,0.709,0.0,-0.907,-0.033,-0.002,0.216,-1.464,0.0,0,1,1,project4_multircm_20260624_092806_475.csv,43.4566
43.6344,0.02259,44.28,T2_target_rcm_entry_cone,TargetRCM_EntryCone,Done,0.9994,0.995,0.99872,1.29891,0.1002,0.99607,1.30134,0.10037,0.79047,1.48982,0.11397,1.0,1.3,0.1,0.78844,1.48844,0.1151,0.98182,1.28182,0.07626,0.8,1.5,0.1,1.0,1.3,0.1,1.692,279.119,4.172,2.709,33.927,2.709,1.687,438.423,3.738,0.0,0.03002,0.0,4.612,-23.61,-23.95,-88.841,0.612,0.0,-0.895,-0.03,-0.005,0.262,-1.445,0.0,0,1,1,project4_multircm_20260624_092806_475.csv,43.5239
43.7032,0.02299,43.5,T2_target_rcm_entry_cone,TargetRCM_EntryCone,Done,0.9994,0.995,0.99876,1.29898,0.10019,0.99611,1.30141,0.10037,0.79053,1.48987,0.11422,1.0,1.3,0.1,0.78859,1.48859,0.11534,0.98206,1.28206,0.07589,0.8,1.5,0.1,1.0,1.3,0.1,1.615,279.107,4.149,2.57,33.996,2.57,1.608,438.45,3.779,0.0,0.02981,0.0,4.551,-23.612,-23.95,-88.821,0.513,0.0,-0.886,-0.027,-0.009,0.295,-1.43,0.0,0,1,1,project4_multircm_20260624_092806_475.csv,43.5927
43.7711,0.02259,44.27,T2_target_rcm_entry_cone,TargetRCM_EntryCone,Done,0.9994,0.995,0.99881,1.29904,0.10018,0.99616,1.30147,0.10036,0.79058,1.48992,0.11448,1.0,1.3,0.1,0.78875,1.48875,0.11556,0.98231,1.28231,0.07553,0.8,1.5,0.1,1.0,1.3,0.1,1.538,279.095,4.126,2.431,34.063,2.431,1.53,438.477,3.819,0.0,0.02947,0.0,4.491,-23.614,-23.951,-88.8,0.417,0.0,-0.873,-0.024,-0.013,0.326,-1.408,0.0,0,1,1,project4_multircm_20260624_092806_475.csv,43.660599999999995
43.8398,0.0225,44.44,T2_target_rcm_entry_cone,TargetRCM_EntryCone,Done,0.9994,0.995,0.99886,1.29911,0.10018,0.99621,1.30153,0.10036,0.79063,1.48997,0.11473,1.0,1.3,0.1,0.78891,1.48891,0.11579,0.98256,1.28256,0.07517,0.8,1.5,0.1,1.0,1.3,0.1,1.459,279.083,4.104,2.29,34.131,2.29,1.449,438.504,3.86,0.0,0.02922,0.0,4.432,-23.615,-23.952,-88.776,0.321,0.0,-0.861,-0.021,-0.016,0.36,-1.39,0.0,0,1,1,project4_multircm_20260624_092806_475.csv,43.729299999999995
43.9065,0.02288,43.71,T2_target_rcm_entry_cone,TargetRCM_EntryCone,Done,0.9994,0.995,0.99891,1.29917,0.10017,0.99626,1.3016,0.10036,0.79068,1.49002,0.11497,1.0,1.3,0.1,0.78906,1.48906,0.11601,0.9828,1.2828,0.07483,0.8,1.5,0.1,1.0,1.3,0.1,1.381,279.071,4.084,2.152,34.196,2.152,1.369,438.531,3.899,0.0,0.02896,0.0,4.375,-23.616,-23.953,-88.751,0.229,0.0,-0.85,-0.019,-0.019,0.382,-1.373,0.0,0,1,1,project4_multircm_20260624_092806_475.csv,43.796
43.9753,0.02308,43.34,T2_target_rcm_entry_cone,TargetRCM_EntryCone,Done,0.9994,0.995,0.99896,1.29924,0.10016,0.99631,1.30167,0.10035,0.79074,1.49007,0.11521,1.0,1.3,0.1,0.78923,1.48923,0.11623,0.98306,1.28306,0.07448,0.8,1.5,0.1,1.0,1.3,0.1,1.299,279.059,4.064,2.01,34.263,2.01,1.284,438.558,3.939,0.0,0.0287,0.0,4.317,-23.618,-23.955,-88.724,0.136,0.0,-0.838,-0.016,-0.022,0.414,-1.353,0.0,0,1,1,project4_multircm_20260624_092806_475.csv,43.864799999999995
44.0439,0.02279,43.89,T2_target_rcm_entry_cone,TargetRCM_EntryCone,Done,0.9994,0.995,0.99901,1.29931,0.10016,0.99636,1.30174,0.10035,0.79079,1.49012,0.11545,1.0,1.3,0.1,0.78939,1.48939,0.11645,0.98332,1.28332,0.07414,0.8,1.5,0.1,1.0,1.3,0.1,1.216,279.047,4.046,1.869,34.329,1.869,1.199,438.586,3.979,0.0,0.02834,0.0,4.26,-23.619,-23.956,-88.695,0.044,0.0,-0.825,-0.014,-0.024,0.428,-1.331,0.0,0,1,1,project4_multircm_20260624_092806_475.csv,43.9334
44.1124,0.02312,43.25,T2_target_rcm_entry_cone,TargetRCM_EntryCone,Done,0.9994,0.995,0.99907,1.29938,0.10015,0.99642,1.30181,0.10035,0.79085,1.49018,0.11569,1.0,1.3,0.1,0.78956,1.48956,0.11666,0.98359,1.28359,0.0738,0.8,1.5,0.1,1.0,1.3,0.1,1.133,279.034,4.029,1.729,34.395,1.729,1.112,438.614,4.019,0.0,0.02802,0.0,4.204,-23.619,-23.958,-88.665,-0.047,0.0,-0.813,-0.011,-0.027,0.443,-1.311,0.0,0,1,1,project4_multircm_20260624_092806_475.csv,44.0019
44.1813,0.02315,43.2,T2_target_rcm_entry_cone,TargetRCM_EntryCone,Done,0.9994,0.995,0.99912,1.29945,0.10014,0.99647,1.30188,0.10034,0.7909,1.49023,0.11592,1.0,1.3,0.1,0.78973,1.48973,0.11687,0.98386,1.28386,0.07347,0.8,1.5,0.1,1.0,1.3,0.1,1.049,279.022,4.013,1.591,34.46,1.591,1.022,438.642,4.059,0.0,0.02774,0.0,4.149,-23.62,-23.96,-88.633,-0.136,0.0,-0.801,-0.009,-0.029,0.463,-1.292,0.0,0,1,1,project4_multircm_20260624_092806_475.csv,44.0708
44.2502,0.02332,42.88,T2_target_rcm_entry_cone,TargetRCM_EntryCone,Done,0.9994,0.995,0.99917,1.29952,0.10014,0.99652,1.30195,0.10034,0.79096,1.49029,0.11615,1.0,1.3,0.1,0.78991,1.48991,0.11708,0.98413,1.28413,0.07315,0.8,1.5,0.1,1.0,1.3,0.1,0.964,279.009,4.0,1.457,34.525,1.457,0.932,438.671,4.098,0.0,0.02735,0.0,4.094,-23.621,-23.962,-88.601,-0.224,0.0,-0.788,-0.007,-0.032,0.469,-1.27,0.0,0,1,1,project4_multircm_20260624_092806_475.csv,44.1397
44.3186,0.02292,43.63,T2_target_rcm_entry_cone,TargetRCM_EntryCone,Done,0.9994,0.995,0.99923,1.2996,0.10013,0.99658,1.30202,0.10034,0.79102,1.49034,0.11637,1.0,1.3,0.1,0.79008,1.49008,0.11728,0.9844,1.2844,0.07283,0.8,1.5,0.1,1.0,1.3,0.1,0.88,278.996,3.988,1.331,34.588,1.331,0.841,438.699,4.137,0.0,0.02692,0.0,4.041,-23.621,-23.964,-88.568,-0.31,0.0,-0.773,-0.005,-0.034,0.477,-1.246,0.0,0,1,1,project4_multircm_20260624_092806_475.csv,44.2081
44.3873,0.02297,43.54,T2_target_rcm_entry_cone,TargetRCM_EntryCone,Done,0.9994,0.995,0.99929,1.29967,0.10013,0.99664,1.3021,0.10034,0.79107,1.49039,0.1166,1.0,1.3,0.1,0.79026,1.49026,0.11748,0.98468,1.28468,0.07251,0.8,1.5,0.1,1.0,1.3,0.1,0.796,278.984,3.978,1.213,34.651,1.213,0.749,438.726,4.176,0.0,0.02653,0.0,3.989,-23.621,-23.967,-88.536,-0.394,0.0,-0.759,-0.003,-0.036,0.482,-1.225,0.0,0,1,1,project4_multircm_20260624_092806_475.csv,44.2768
44.456,0.02295,43.57,T2_target_rcm_entry_cone,TargetRCM_EntryCone,Done,0.9994,0.995,0.99934,1.29975,0.10012,0.99669,1.30217,0.10034,0.79113,1.49045,0.11681,1.0,1.3,0.1,0.79044,1.49044,0.11768,0.98496,1.28496,0.0722,0.8,1.5,0.1,1.0,1.3,0.1,0.714,278.971,3.97,1.11,34.713,1.11,0.655,438.754,4.214,0.0,0.02607,0.0,3.937,-23.621,-23.969,-88.502,-0.477,0.0,-0.745,-0.001,-0.038,0.48,-1.202,0.0,0,1,1,project4_multircm_20260624_092806_475.csv,44.3455
44.5247,0.02262,44.21,T2_target_rcm_entry_cone,TargetRCM_EntryCone,Done,0.9994,0.995,0.9994,1.29982,0.10012,0.99675,1.30225,0.10033,0.79119,1.49051,0.11703,1.0,1.3,0.1,0.79062,1.49062,0.11787,0.98525,1.28525,0.0719,0.8,1.5,0.1,1.0,1.3,0.1,0.634,278.958,3.964,1.025,34.774,1.025,0.56,438.782,4.251,0.0,0.02557,0.0,3.887,-23.621,-23.972,-88.47,-0.559,0.0,-0.73,0.001,-0.04,0.476,-1.177,0.0,0,1,1,project4_multircm_20260624_092806_475.csv,44.4142
44.5936,0.02335,42.82,T2_target_rcm_entry_cone,TargetRCM_EntryCone,Done,0.9994,0.995,0.99946,1.2999,0.10011,0.99681,1.30233,0.10033,0.79124,1.49056,0.11724,1.0,1.3,0.1,0.7908,1.4908,0.11806,0.98553,1.28553,0.0716,0.8,1.5,0.1,1.0,1.3,0.1,0.558,278.945,3.96,0.966,34.833,0.966,0.464,438.81,4.289,0.0,0.02513,0.0,3.837,-23.621,-23.975,-88.437,-0.639,0.0,-0.717,0.003,-0.042,0.469,-1.156,0.0,0,1,1,project4_multircm_20260624_092806_475.csv,44.4831
44.6634,0.02256,44.33,T4_entry_rcm_tip_cone,EntryRCM_TipConeAroundTarget,Done,0.9994,0.60842,1.00136,1.30455,0.09326,0.79257,1.49375,0.10307,0.7919,1.49436,0.1031,1.0,1.3,0.1,0.8,1.5,0.07774,1.0,1.3,0.135,0.8,1.5,0.1,1.0,1.3,0.1,8.245,10.184,283.86,27.219,42.012,42.012,7.932,439.594,3.452,0.0,1.04941,0.07239,6.066,-23.721,-24.149,-88.373,2.502,0.0,27.232,-0.464,-4.032,4.6,53.254,0.0,0,1,1,project4_multircm_20260624_092806_475.csv,44.5529
44.7319,0.02248,44.48,T4_entry_rcm_tip_cone,EntryRCM_TipConeAroundTarget,Done,0.9994,0.61074,1.00372,1.30798,0.10105,0.79504,1.49507,0.10202,0.79313,1.49679,0.10203,1.0,1.3,0.1,0.8,1.5,0.07774,1.0,1.3,0.135,0.8,1.5,0.1,1.0,1.3,0.1,8.863,7.277,282.957,25.451,35.071,35.071,8.336,440.198,3.127,0.0,0.77347,0.02083,7.511,-23.599,-24.513,-87.68,5.392,0.0,18.712,2.594,-5.844,12.072,37.778,0.0,1,1,1,project4_multircm_20260624_092806_475.csv,44.6214
44.8001,0.02259,44.27,T4_entry_rcm_tip_cone,EntryRCM_TipConeAroundTarget,Done,0.9994,0.61132,1.00509,1.30985,0.10727,0.79611,1.49589,0.10164,0.79387,1.49788,0.10158,1.0,1.3,0.1,0.8,1.5,0.07774,1.0,1.3,0.135,0.8,1.5,0.1,1.0,1.3,0.1,13.258,5.892,282.747,24.702,29.859,29.859,12.824,440.329,3.518,0.0,0.637,0.00428,8.567,-23.364,-24.962,-86.694,7.55,0.0,14.056,3.759,-6.885,15.429,28.895,0.0,1,1,1,project4_multircm_20260624_092806_475.csv,44.6896
44.8687,0.02257,44.31,T4_entry_rcm_tip_cone,EntryRCM_TipConeAroundTarget,Done,0.9994,0.61131,1.00592,1.31089,0.11226,0.79663,1.49637,0.10144,0.7944,1.49835,0.10132,1.0,1.3,0.1,0.8,1.5,0.07774,1.0,1.3,0.135,0.8,1.5,0.1,1.0,1.3,0.1,17.439,5.156,282.703,24.293,25.897,25.897,17.081,440.229,4.102,0.0,0.5557,-0.00182,9.381,-23.087,-25.463,-85.536,9.239,0.0,10.886,4.124,-7.482,17.502,22.714,0.0,1,1,1,project4_multircm_20260624_092806_475.csv,44.758199999999995
44.9372,0.02326,43.0,T4_entry_rcm_tip_cone,EntryRCM_TipConeAroundTarget,Done,0.9994,0.61107,1.00643,1.31146,0.11625,0.79692,1.49666,0.1013,0.79482,1.49852,0.10115,1.0,1.3,0.1,0.8,1.5,0.07774,1.0,1.3,0.135,0.8,1.5,0.1,1.0,1.3,0.1,20.898,4.72,282.698,24.02,22.9,22.9,20.593,440.019,4.666,0.0,0.50592,-0.00413,10.018,-22.804,-25.99,-84.268,10.581,0.0,8.561,4.09,-7.768,18.967,18.17,0.0,1,1,1,project4_multircm_20260624_092806_475.csv,44.826699999999995
45.0054,0.02289,43.68,T4_entry_rcm_tip_cone,EntryRCM_TipConeAroundTarget,Done,0.9994,0.61074,1.00674,1.31174,0.11942,0.79712,1.49687,0.10119,0.79519,1.49857,0.10102,1.0,1.3,0.1,0.8,1.5,0.07774,1.0,1.3,0.135,0.8,1.5,0.1,1.0,1.3,0.1,23.675,4.419,282.703,23.813,20.636,20.636,23.41,439.766,5.149,0.0,0.47252,-0.00505,10.517,-22.534,-26.524,-82.932,11.656,0.0,6.763,3.873,-7.845,19.882,14.676,0.0,1,1,1,project4_multircm_20260624_092806_475.csv,44.8949
45.0739,0.02287,43.72,T4_entry_rcm_tip_cone,EntryRCM_TipConeAroundTarget,Done,0.9994,0.61038,1.00691,1.31182,0.12199,0.79726,1.49703,0.10109,0.79553,1.49856,0.10091,1.0,1.3,0.1,0.8,1.5,0.07774,1.0,1.3,0.135,0.8,1.5,0.1,1.0,1.3,0.1,25.905,4.182,282.71,23.644,18.886,18.886,25.672,439.5,5.548,0.0,0.45096,-0.00517,10.915,-22.282,-27.06,-81.54,12.536,0.0,5.374,3.579,-7.793,20.519,12.008,0.0,1,0,1,project4_multircm_20260624_092806_475.csv,44.9634
45.1424,0.02282,43.82,T4_entry_rcm_tip_cone,EntryRCM_TipConeAroundTarget,Done,0.9994,0.61003,1.00698,1.31177,0.12406,0.79739,1.49717,0.10099,0.79585,1.49854,0.10082,1.0,1.3,0.1,0.8,1.5,0.07774,1.0,1.3,0.135,0.8,1.5,0.1,1.0,1.3,0.1,27.682,3.975,282.718,23.499,17.515,17.515,27.475,439.239,5.871,0.0,0.43263,-0.00514,11.232,-22.051,-27.586,-80.128,13.261,0.0,4.293,3.284,-7.64,20.68,9.959,0.0,1,0,1,project4_multircm_20260624_092806_475.csv,45.0319
45.2114,0.02249,44.47,T4_entry_rcm_tip_cone,EntryRCM_TipConeAroundTarget,Done,0.9994,0.60969,1.00697,1.31162,0.12576,0.7975,1.49731,0.10091,0.79615,1.49851,0.10075,1.0,1.3,0.1,0.8,1.5,0.07774,1.0,1.3,0.135,0.8,1.5,0.1,1.0,1.3,0.1,29.106,3.783,282.727,23.374,16.399,16.399,28.92,438.99,6.13,0.0,0.41959,-0.00487,11.488,-21.838,-28.104,-78.697,13.873,0.0,3.429,2.99,-7.454,20.781,8.356,0.0,1,0,1,project4_multircm_20260624_092806_475.csv,45.100899999999996
45.2833,0.02406,41.56,T4_entry_rcm_tip_cone,EntryRCM_TipConeAroundTarget,Done,0.9994,0.60935,1.0069,1.31138,0.1272,0.79762,1.49743,0.10082,0.79644,1.49848,0.10067,1.0,1.3,0.1,0.8,1.5,0.07774,1.0,1.3,0.135,0.8,1.5,0.1,1.0,1.3,0.1,30.283,3.596,282.736,23.258,15.426,15.426,30.116,438.748,6.343,0.0,0.40692,-0.00454,11.701,-21.636,-28.63,-77.209,14.413,0.0,2.749,2.726,-7.235,20.629,7.121,0.0,1,0,1,project4_multircm_20260624_092806_475.csv,45.172799999999995
45.355,0.02377,42.07,T4_entry_rcm_tip_cone,EntryRCM_TipConeAroundTarget,Done,0.9994,0.60905,1.00678,1.31109,0.12837,0.79773,1.49756,0.10075,0.79672,1.49846,0.10061,1.0,1.3,0.1,0.8,1.5,0.07774,1.0,1.3,0.135,0.8,1.5,0.1,1.0,1.3,0.1,31.208,3.417,282.744,23.158,14.59,14.59,31.059,438.524,6.509,0.0,0.39379,-0.00417,11.871,-21.452,-29.136,-75.748,14.876,0.0,2.2,2.487,-6.989,20.284,6.143,0.0,1,0,1,project4_multircm_20260624_092806_475.csv,45.244499999999995
45.4275,0.02396,41.74,T4_entry_rcm_tip_cone,EntryRCM_TipConeAroundTarget,Done,0.9994,0.60876,1.00662,1.31076,0.12935,0.79783,1.49768,0.10067,0.79698,1.49844,0.10056,1.0,1.3,0.1,0.8,1.5,0.07774,1.0,1.3,0.135,0.8,1.5,0.1,1.0,1.3,0.1,31.947,3.244,282.752,23.068,13.837,13.837,31.813,438.313,6.64,0.0,0.38126,-0.00391,12.01,-21.282,-29.632,-74.299,15.284,0.0,1.768,2.288,-6.758,19.85,5.396,0.0,1,0,1,project4_multircm_20260624_092806_475.csv,45.317
45.5003,0.02415,41.42,T4_entry_rcm_tip_cone,EntryRCM_TipConeAroundTarget,Done,0.9994,0.60849,1.00643,1.31039,0.13015,0.79794,1.4978,0.10061,0.79723,1.49843,0.10051,1.0,1.3,0.1,0.8,1.5,0.07774,1.0,1.3,0.135,0.8,1.5,0.1,1.0,1.3,0.1,32.533,3.078,282.759,22.989,13.144,13.144,32.412,438.118,6.742,0.0,0.36857,-0.0036,12.121,-21.124,-30.112,-72.88,15.648,0.0,1.422,2.116,-6.526,19.332,4.811,0.0,1,0,1,project4_multircm_20260624_092806_475.csv,45.3898
45.573,0.02405,41.57,T4_entry_rcm_tip_cone,EntryRCM_TipConeAroundTarget,Done,0.9994,0.60824,1.00622,1.31,0.13082,0.79804,1.49791,0.10055,0.79747,1.49843,0.10046,1.0,1.3,0.1,0.8,1.5,0.07774,1.0,1.3,0.135,0.8,1.5,0.1,1.0,1.3,0.1,32.997,2.918,282.766,22.919,12.497,12.497,32.888,437.936,6.82,0.0,0.35627,-0.00337,12.211,-20.977,-30.576,-71.502,15.976,0.0,1.152,1.974,-6.314,18.775,4.37,0.0,1,0,1,project4_multircm_20260624_092806_475.csv,45.4625
45.6452,0.02446,40.88,T4_entry_rcm_tip_cone,EntryRCM_TipConeAroundTarget,Done,0.9994,0.608,1.006,1.30961,0.13138,0.79814,1.49802,0.10049,0.79769,1.49842,0.10043,1.0,1.3,0.1,0.8,1.5,0.07774,1.0,1.3,0.135,0.8,1.5,0.1,1.0,1.3,0.1,33.364,2.765,282.773,22.859,11.889,11.889,33.266,437.767,6.881,0.0,0.34278,-0.00314,12.284,-20.84,-31.022,-70.177,16.274,0.0,0.937,1.85,-6.096,18.114,4.018,0.0,1,0,1,project4_multircm_20260624_092806_475.csv,45.5347
45.7178,0.0244,40.98,T4_entry_rcm_tip_cone,EntryRCM_TipConeAroundTarget,Done,0.9994,0.60778,1.00576,1.3092,0.13186,0.79823,1.49812,0.10044,0.7979,1.49842,0.10039,1.0,1.3,0.1,0.8,1.5,0.07774,1.0,1.3,0.135,0.8,1.5,0.1,1.0,1.3,0.1,33.658,2.618,282.78,22.806,11.304,11.304,33.57,437.608,6.927,0.0,0.33063,-0.00296,12.343,-20.711,-31.455,-68.892,16.551,0.0,0.756,1.746,-5.902,17.507,3.733,0.0,1,0,1,project4_multircm_20260624_092806_475.csv,45.607299999999995
45.79,0.02404,41.6,T4_entry_rcm_tip_cone,EntryRCM_TipConeAroundTarget,Done,0.9994,0.60758,1.00553,1.3088,0.13226,0.79832,1.49823,0.1004,0.7981,1.49843,0.10037,1.0,1.3,0.1,0.8,1.5,0.07774,1.0,1.3,0.135,0.8,1.5,0.1,1.0,1.3,0.1,33.892,2.476,282.786,22.761,10.747,10.747,33.813,437.461,6.963,0.0,0.31688,-0.00276,12.39,-20.589,-31.871,-67.664,16.809,0.0,0.614,1.654,-5.695,16.787,3.503,0.0,1,0,1,project4_multircm_20260624_092806_475.csv,45.6795
45.8622,0.0237,42.2,T4_entry_rcm_tip_cone,EntryRCM_TipConeAroundTarget,Done,0.9994,0.60739,1.00528,1.3084,0.1326,0.79841,1.49832,0.10036,0.79829,1.49843,0.10034,1.0,1.3,0.1,0.8,1.5,0.07774,1.0,1.3,0.135,0.8,1.5,0.1,1.0,1.3,0.1,34.08,2.341,282.792,22.721,10.209,10.209,34.009,437.323,6.99,0.0,0.30447,-0.00257,12.429,-20.474,-32.273,-66.483,17.053,0.0,0.494,1.569,-5.506,16.135,3.312,0.0,1,0,1,project4_multircm_20260624_092806_475.csv,45.7517
45.9351,0.02431,41.13,T4_entry_rcm_tip_cone,EntryRCM_TipConeAroundTarget,Done,0.9994,0.60721,1.00504,1.308,0.1329,0.79849,1.49842,0.10032,0.79847,1.49844,0.10032,1.0,1.3,0.1,0.8,1.5,0.07774,1.0,1.3,0.135,0.8,1.5,0.1,1.0,1.3,0.1,34.232,2.21,282.797,22.687,9.684,9.684,34.168,437.192,7.01,0.0,0.29134,-0.00243,12.46,-20.363,-32.665,-65.341,17.286,0.0,0.398,1.497,-5.313,15.43,3.15,0.0,1,0,1,project4_multircm_20260624_092806_475.csv,45.8246
46.0078,0.02437,41.03,T4_entry_rcm_tip_cone,EntryRCM_TipConeAroundTarget,Done,0.9994,0.60703,1.0048,1.3076,0.13316,0.79858,1.49851,0.10029,0.79864,1.49845,0.1003,1.0,1.3,0.1,0.8,1.5,0.07774,1.0,1.3,0.135,0.8,1.5,0.1,1.0,1.3,0.1,34.355,2.084,282.803,22.657,9.178,9.178,34.297,437.068,7.025,0.0,0.27892,-0.00234,12.485,-20.257,-33.043,-64.251,17.509,0.0,0.321,1.435,-5.14,14.754,3.018,0.0,1,0,1,project4_multircm_20260624_092806_475.csv,45.8973
46.0799,0.02404,41.6,T4_entry_rcm_tip_cone,EntryRCM_TipConeAroundTarget,Done,0.9994,0.60687,1.00456,1.30722,0.13338,0.79865,1.49859,0.10026,0.79881,1.49845,0.10029,1.0,1.3,0.1,0.8,1.5,0.07774,1.0,1.3,0.135,0.8,1.5,0.1,1.0,1.3,0.1,34.453,1.965,282.807,22.633,8.694,8.694,34.402,436.951,7.036,0.0,0.2662,-0.00221,12.505,-20.157,-33.405,-63.221,17.72,0.0,0.252,1.375,-4.955,14.064,2.888,0.0,1,0,1,project4_multircm_20260624_092806_475.csv,45.9694
46.1528,0.02397,41.72,T4_entry_rcm_tip_cone,EntryRCM_TipConeAroundTarget,Done,0.9994,0.60672,1.00432,1.30684,0.13357,0.79873,1.49867,0.10024,0.79896,1.49846,0.10028,1.0,1.3,0.1,0.79996,1.49996,0.07774,0.99994,1.29994,0.135,0.8,1.5,0.1,1.0,1.3,0.1,34.533,1.853,282.811,22.608,8.302,8.302,34.487,436.84,7.044,0.0,0.25445,-0.00205,12.52,-20.059,-33.757,-62.228,17.925,0.0,0.198,1.315,-4.772,13.426,2.782,0.0,1,0,1,project4_multircm_20260624_092806_475.csv,46.0423
46.225,0.02364,42.29,T4_entry_rcm_tip_cone,EntryRCM_TipConeAroundTarget,Done,0.9994,0.60659,1.00405,1.30644,0.13374,0.79877,1.49873,0.10022,0.79908,1.49845,0.10027,1.0,1.3,0.1,0.79972,1.49972,0.07774,0.99956,1.29956,0.13499,0.8,1.5,0.1,1.0,1.3,0.1,34.581,1.781,282.814,22.568,8.3,8.3,34.54,436.744,7.047,0.0,0.25023,-0.00175,12.532,-19.968,-34.094,-61.268,18.122,0.0,0.135,1.246,-4.636,13.234,2.712,0.0,1,0,1,project4_multircm_20260624_092806_475.csv,46.1145
46.2981,0.0242,41.32,T4_entry_rcm_tip_cone,EntryRCM_TipConeAroundTarget,Done,0.9994,0.60647,1.00372,1.306,0.13388,0.7988,1.49876,0.1002,0.79916,1.49842,0.10026,1.0,1.3,0.1,0.79948,1.49948,0.07775,0.99919,1.29919,0.13498,0.8,1.5,0.1,1.0,1.3,0.1,34.604,1.735,282.817,22.533,8.265,8.265,34.567,436.662,7.046,0.0,0.24773,-0.00145,12.539,-19.879,-34.429,-60.306,18.319,0.0,0.085,1.195,-4.561,13.116,2.684,0.0,1,0,1,project4_multircm_20260624_092806_475.csv,46.187599999999996
46.371,0.02492,40.13,T4_entry_rcm_tip_cone,EntryRCM_TipConeAroundTarget,Done,0.9994,0.60638,1.00338,1.30557,0.13399,0.79882,1.49879,0.10018,0.79923,1.4984,0.10025,1.0,1.3,0.1,0.79924,1.49924,0.07777,0.99881,1.29881,0.13496,0.8,1.5,0.1,1.0,1.3,0.1,34.609,1.7,282.821,22.5,8.214,8.214,34.575,436.597,7.042,0.0,0.2463,-0.00116,12.543,-19.794,-34.76,-59.354,18.515,0.0,0.043,1.16,-4.529,13.042,2.683,0.0,1,0,1,project4_multircm_20260624_092806_475.csv,46.2605
46.4435,0.02502,39.97,T4_entry_rcm_tip_cone,EntryRCM_TipConeAroundTarget,Done,0.9994,0.60631,1.00301,1.30512,0.13409,0.79884,1.49881,0.10017,0.79929,1.49838,0.10024,1.0,1.3,0.1,0.799,1.499,0.07778,0.99843,1.29843,0.13493,0.8,1.5,0.1,1.0,1.3,0.1,34.6,1.672,282.822,22.469,8.152,8.152,34.568,436.541,7.035,0.0,0.24561,-0.00098,12.544,-19.711,-35.089,-58.41,18.709,0.0,0.001,1.144,-4.532,12.998,2.692,0.0,1,0,1,project4_multircm_20260624_092806_475.csv,46.333
46.5159,0.02391,41.81,T4_entry_rcm_tip_cone,EntryRCM_TipConeAroundTarget,Done,0.9994,0.60624,1.00264,1.30468,0.13416,0.79886,1.49883,0.10016,0.79933,1.49837,0.10024,1.0,1.3,0.1,0.79876,1.49877,0.07781,0.99806,1.29806,0.13489,0.8,1.5,0.1,1.0,1.3,0.1,34.581,1.647,282.825,22.439,8.083,8.083,34.55,436.495,7.026,0.0,0.24462,-0.00084,12.542,-19.629,-35.416,-57.473,18.904,0.0,-0.041,1.128,-4.536,12.934,2.704,0.0,1,0,1,project4_multircm_20260624_092806_475.csv,46.4054
46.5883,0.02431,41.14,T4_entry_rcm_tip_cone,EntryRCM_TipConeAroundTarget,Done,0.9994,0.60619,1.00225,1.30423,0.13422,0.79887,1.49884,0.10014,0.79937,1.49836,0.10023,1.0,1.3,0.1,0.79853,1.49853,0.07784,0.99768,1.29768,0.13485,0.8,1.5,0.1,1.0,1.3,0.1,34.553,1.622,282.828,22.408,8.009,8.009,34.525,436.457,7.016,0.0,0.24347,-0.00068,12.537,-19.548,-35.745,-56.542,19.101,0.0,-0.073,1.119,-4.546,12.853,2.731,0.0,1,0,1,project4_multircm_20260624_092806_475.csv,46.477799999999995
46.6616,0.02461,40.63,T4_entry_rcm_tip_cone,EntryRCM_TipConeAroundTarget,Done,0.9994,0.60614,1.00185,1.30378,0.13426,0.79889,1.49886,0.10013,0.79941,1.49836,0.10022,1.0,1.3,0.1,0.79829,1.49829,0.07787,0.99731,1.29731,0.13479,0.8,1.5,0.1,1.0,1.3,0.1,34.519,1.597,282.83,22.378,7.929,7.929,34.492,436.424,7.004,0.0,0.24226,-0.0006,12.53,-19.466,-36.079,-55.603,19.303,0.0,-0.105,1.117,-4.567,12.764,2.762,0.0,1,0,1,project4_multircm_20260624_092806_475.csv,46.5511
46.733,0.02393,41.79,T4_entry_rcm_tip_cone,EntryRCM_TipConeAroundTarget,Done,0.9994,0.6061,1.00146,1.30334,0.13429,0.7989,1.49888,0.10012,0.79945,1.49836,0.10022,1.0,1.3,0.1,0.79805,1.49805,0.07791,0.99694,1.29694,0.13473,0.8,1.5,0.1,1.0,1.3,0.1,34.482,1.571,282.833,22.35,7.848,7.848,34.456,436.395,6.992,0.0,0.24124,-0.00052,12.522,-19.386,-36.406,-54.698,19.502,0.0,-0.13,1.123,-4.602,12.677,2.808,0.0,1,0,1,project4_multircm_20260624_092806_475.csv,46.622499999999995
46.8055,0.02424,41.26,T4_entry_rcm_tip_cone,EntryRCM_TipConeAroundTarget,Done,0.9994,0.60607,1.00105,1.30289,0.1343,0.79892,1.4989,0.10011,0.79948,1.49836,0.10021,1.0,1.3,0.1,0.79782,1.49782,0.07796,0.99657,1.29657,0.13466,0.8,1.5,0.1,1.0,1.3,0.1,34.44,1.546,282.836,22.322,7.761,7.761,34.416,436.369,6.979,0.0,0.2391,-0.00049,12.511,-19.304,-36.741,-53.785,19.707,0.0,-0.159,1.126,-4.615,12.532,2.833,0.0,1,0,1,project4_multircm_20260624_092806_475.csv,46.695
46.8777,0.02396,41.73,T4_entry_rcm_tip_cone,EntryRCM_TipConeAroundTarget,Done,0.9994,0.60603,1.00064,1.30244,0.1343,0.79893,1.49892,0.1001,0.79951,1.49836,0.1002,1.0,1.3,0.1,0.79758,1.49758,0.078,0.9962,1.2962,0.13458,0.8,1.5,0.1,1.0,1.3,0.1,34.396,1.519,282.838,22.296,7.673,7.673,34.373,436.346,6.965,0.0,0.23762,-0.00044,12.497,-19.223,-37.075,-52.885,19.912,0.0,-0.191,1.13,-4.637,12.424,2.862,0.0,1,0,1,project4_multircm_20260624_092806_475.csv,46.767199999999995
46.9506,0.02327,42.98,T4_entry_rcm_tip_cone,EntryRCM_TipConeAroundTarget,Done,0.9994,0.606,1.00023,1.30199,0.13429,0.79895,1.49894,0.1001,0.79954,1.49836,0.1002,1.0,1.3,0.1,0.79734,1.49734,0.07806,0.99582,1.29582,0.1345,0.8,1.5,0.1,1.0,1.3,0.1,34.35,1.493,282.841,22.269,7.58,7.58,34.328,436.324,6.951,0.0,0.23602,-0.00039,12.483,-19.14,-37.415,-51.986,20.123,0.0,-0.213,1.143,-4.674,12.297,2.909,0.0,1,0,1,project4_multircm_20260624_092806_475.csv,46.8401
47.0232,0.02338,42.77,T4_entry_rcm_tip_cone,EntryRCM_TipConeAroundTarget,Done,0.9994,0.60598,0.99981,1.30154,0.13427,0.79897,1.49896,0.10009,0.79957,1.49837,0.10019,1.0,1.3,0.1,0.79711,1.49711,0.07812,0.99545,1.29545,0.1344,0.8,1.5,0.1,1.0,1.3,0.1,34.304,1.466,282.843,22.245,7.485,7.485,34.282,436.304,6.937,0.0,0.23387,-0.00038,12.466,-19.057,-37.755,-51.1,20.336,0.0,-0.238,1.152,-4.693,12.145,2.941,0.0,1,0,1,project4_multircm_20260624_092806_475.csv,46.9127
47.0962,0.02465,40.56,T4_entry_rcm_tip_cone,EntryRCM_TipConeAroundTarget,Done,0.9994,0.60595,0.99939,1.30108,0.13423,0.79898,1.49898,0.10008,0.7996,1.49837,0.10019,1.0,1.3,0.1,0.79687,1.49687,0.07818,0.99508,1.29508,0.1343,0.8,1.5,0.1,1.0,1.3,0.1,34.256,1.439,282.846,22.221,7.386,7.386,34.235,436.284,6.923,0.0,0.2318,-0.00039,12.447,-18.972,-38.099,-50.22,20.553,0.0,-0.263,1.162,-4.713,11.997,2.972,0.0,1,0,1,project4_multircm_20260624_092806_475.csv,46.9857
47.1687,0.02474,40.42,T4_entry_rcm_tip_cone,EntryRCM_TipConeAroundTarget,Done,0.9994,0.60592,0.99897,1.30063,0.13419,0.799,1.499,0.10007,0.79963,1.49838,0.10018,1.0,1.3,0.1,0.79664,1.49664,0.07825,0.99471,1.29471,0.13419,0.8,1.5,0.1,1.0,1.3,0.1,34.208,1.412,282.848,22.199,7.287,7.287,34.188,436.264,6.909,0.0,0.23003,-0.00035,12.427,-18.887,-38.442,-49.357,20.77,0.0,-0.285,1.173,-4.741,11.862,3.013,0.0,1,0,1,project4_multircm_20260624_092806_475.csv,47.0582
47.2415,0.02461,40.63,T4_entry_rcm_tip_cone,EntryRCM_TipConeAroundTarget,Done,0.9994,0.6059,0.99855,1.30017,0.13413,0.79902,1.49903,0.10007,0.79966,1.49839,0.10018,1.0,1.3,0.1,0.7964,1.4964,0.07833,0.99435,1.29435,0.13407,0.8,1.5,0.1,1.0,1.3,0.1,34.161,1.385,282.851,22.178,7.187,7.187,34.142,436.246,6.895,0.0,0.22727,-0.00033,12.406,-18.801,-38.788,-48.503,20.991,0.0,-0.306,1.181,-4.751,11.673,3.042,0.0,1,0,1,project4_multircm_20260624_092806_475.csv,47.131
47.3132,0.02396,41.74,T4_entry_rcm_tip_cone,EntryRCM_TipConeAroundTarget,Done,0.9994,0.60587,0.99814,1.29972,0.13406,0.79904,1.49905,0.10006,0.79969,1.49839,0.10017,1.0,1.3,0.1,0.79617,1.49617,0.07841,0.99398,1.29398,0.13395,0.8,1.5,0.1,1.0,1.3,0.1,34.115,1.357,282.853,22.159,7.087,7.087,34.097,436.228,6.882,0.0,0.22492,-0.00033,12.383,-18.716,-39.13,-47.674,21.211,0.0,-0.325,1.196,-4.774,11.501,3.077,0.0,1,0,1,project4_multircm_20260624_092806_475.csv,47.2027
47.383,0.02236,44.73,T4_entry_rcm_tip_cone,EntryRCM_TipConeAroundTarget,Done,0.9994,0.60585,0.99774,1.29929,0.13399,0.79905,1.49907,0.10006,0.79972,1.4984,0.10017,1.0,1.3,0.1,0.79595,1.49595,0.07849,0.99363,1.29363,0.13382,0.8,1.5,0.1,1.0,1.3,0.1,34.072,1.331,282.855,22.142,6.989,6.989,34.054,436.211,6.869,0.0,0.22239,-0.00034,12.359,-18.632,-39.463,-46.879,21.427,0.0,-0.346,1.206,-4.787,11.325,3.101,0.0,1,0,1,project4_multircm_20260624_092806_475.csv,47.2725
47.4521,0.02352,42.51,T4_entry_rcm_tip_cone,EntryRCM_TipConeAroundTarget,Done,0.9994,0.60582,0.99734,1.29886,0.13391,0.79907,1.49909,0.10005,0.79974,1.49841,0.10017,1.0,1.3,0.1,0.79573,1.49573,0.07857,0.99329,1.29329,0.13369,0.8,1.5,0.1,1.0,1.3,0.1,34.029,1.304,282.857,22.126,6.892,6.892,34.012,436.195,6.856,0.0,0.21999,-0.00033,12.334,-18.549,-39.794,-46.104,21.642,0.0,-0.365,1.212,-4.791,11.16,3.124,0.0,1,0,1,project4_multircm_20260624_092806_475.csv,47.3416
47.5211,0.02364,42.29,T4_entry_rcm_tip_cone,EntryRCM_TipConeAroundTarget,Done,0.9994,0.6058,0.99694,1.29843,0.13381,0.79909,1.49911,0.10005,0.79977,1.49841,0.10017,1.0,1.3,0.1,0.79551,1.49551,0.07866,0.99294,1.29295,0.13355,0.8,1.5,0.1,1.0,1.3,0.1,33.988,1.279,282.859,22.11,6.794,6.794,33.972,436.177,6.844,0.0,0.21695,-0.00035,12.308,-18.465,-40.125,-45.343,21.858,0.0,-0.383,1.218,-4.786,10.961,3.135,0.0,1,0,1,project4_multircm_20260624_092806_475.csv,47.410599999999995
47.5898,0.02321,43.08,T4_entry_rcm_tip_cone,EntryRCM_TipConeAroundTarget,Done,0.9994,0.60578,0.99655,1.29801,0.13371,0.7991,1.49913,0.10005,0.7998,1.49842,0.10016,1.0,1.3,0.1,0.7953,1.4953,0.07876,0.9926,1.2926,0.1334,0.8,1.5,0.1,1.0,1.3,0.1,33.948,1.254,282.861,22.096,6.697,6.697,33.932,436.161,6.833,0.0,0.21456,-0.00034,12.281,-18.38,-40.454,-44.598,22.074,0.0,-0.401,1.228,-4.794,10.794,3.156,0.0,1,0,1,project4_multircm_20260624_092806_475.csv,47.479299999999995
47.6592,0.02309,43.31,T4_entry_rcm_tip_cone,EntryRCM_TipConeAroundTarget,Done,0.9994,0.60575,0.99615,1.29758,0.1336,0.79912,1.49914,0.10004,0.79982,1.49842,0.10016,1.0,1.3,0.1,0.79508,1.49508,0.07886,0.99226,1.29226,0.13325,0.8,1.5,0.1,1.0,1.3,0.1,33.909,1.229,282.863,22.082,6.6,6.6,33.894,436.144,6.821,0.0,0.21171,-0.00034,12.252,-18.295,-40.786,-43.858,22.294,0.0,-0.417,1.236,-4.793,10.603,3.171,0.0,1,0,1,project4_multircm_20260624_092806_475.csv,47.5487
47.7314,0.02615,38.24,T4_entry_rcm_tip_cone,EntryRCM_TipConeAroundTarget,Done,0.9994,0.60573,0.99574,1.29714,0.13348,0.79914,1.49916,0.10004,0.79985,1.49843,0.10016,1.0,1.3,0.1,0.79485,1.49485,0.07896,0.99191,1.29191,0.13308,0.8,1.5,0.1,1.0,1.3,0.1,33.868,1.204,282.866,22.069,6.497,6.497,33.853,436.128,6.809,0.0,0.20969,-0.00032,12.221,-18.206,-41.132,-43.099,22.523,0.0,-0.44,1.238,-4.792,10.465,3.183,0.0,1,0,1,project4_multircm_20260624_092806_475.csv,47.6209
47.8007,0.02357,42.43,T4_entry_rcm_tip_cone,EntryRCM_TipConeAroundTarget,Done,0.9994,0.60571,0.99534,1.29672,0.13335,0.79915,1.49918,0.10004,0.79987,1.49844,0.10016,1.0,1.3,0.1,0.79464,1.49464,0.07907,0.99157,1.29157,0.13291,0.8,1.5,0.1,1.0,1.3,0.1,33.831,1.18,282.867,22.057,6.4,6.4,33.817,436.111,6.798,0.0,0.20639,-0.00033,12.19,-18.12,-41.464,-42.385,22.744,0.0,-0.454,1.246,-4.784,10.247,3.191,0.0,1,0,1,project4_multircm_20260624_092806_475.csv,47.6902
47.8706,0.02333,42.86,T4_entry_rcm_tip_cone,EntryRCM_TipConeAroundTarget,Done,0.9994,0.60569,0.99495,1.2963,0.13321,0.79917,1.4992,0.10003,0.7999,1.49844,0.10016,1.0,1.3,0.1,0.79442,1.49442,0.07918,0.99123,1.29123,0.13273,0.8,1.5,0.1,1.0,1.3,0.1,33.795,1.156,282.869,22.046,6.304,6.304,33.782,436.096,6.788,0.0,0.20353,-0.00032,12.157,-18.032,-41.798,-41.677,22.968,0.0,-0.47,1.249,-4.773,10.06,3.199,0.0,1,0,1,project4_multircm_20260624_092806_475.csv,47.7601
47.9369,0.02147,46.58,T4_entry_rcm_tip_cone,EntryRCM_TipConeAroundTarget,Done,0.9994,0.60567,0.9946,1.29592,0.13308,0.79918,1.49921,0.10003,0.79992,1.49844,0.10016,1.0,1.3,0.1,0.79422,1.49422,0.0793,0.99091,1.29091,0.13255,0.8,1.5,0.1,1.0,1.3,0.1,33.762,1.139,282.871,22.034,6.243,6.243,33.749,436.082,6.778,0.0,0.2012,-0.00032,12.127,-17.955,-42.093,-41.059,23.166,0.0,-0.488,1.253,-4.763,9.908,3.199,0.0,1,0,1,project4_multircm_20260624_092806_475.csv,47.8264
48.0062,0.02311,43.27,T4_entry_rcm_tip_cone,EntryRCM_TipConeAroundTarget,Done,0.9994,0.60565,0.99421,1.2955,0.13292,0.79919,1.49923,0.10003,0.79994,1.49845,0.10016,1.0,1.3,0.1,0.79401,1.49401,0.07942,0.99058,1.29058,0.13236,0.8,1.5,0.1,1.0,1.3,0.1,33.728,1.116,282.872,22.024,6.147,6.147,33.716,436.066,6.768,0.0,0.19852,-0.00031,12.093,-17.868,-42.423,-40.38,23.388,0.0,-0.502,1.255,-4.749,9.733,3.202,0.0,1,0,1,project4_multircm_20260624_092806_475.csv,47.8957
48.0758,0.02334,42.84,T4_entry_rcm_tip_cone,EntryRCM_TipConeAroundTarget,Done,0.9994,0.60563,0.99382,1.29509,0.13276,0.79921,1.49925,0.10003,0.79997,1.49845,0.10016,1.0,1.3,0.1,0.79379,1.49379,0.07954,0.99024,1.29024,0.13217,0.8,1.5,0.1,1.0,1.3,0.1,33.696,1.094,282.874,22.015,6.053,6.053,33.684,436.051,6.759,0.0,0.19601,-0.00031,12.057,-17.78,-42.753,-39.71,23.611,0.0,-0.514,1.263,-4.746,9.562,3.212,0.0,1,0,1,project4_multircm_20260624_092806_475.csv,47.9653
48.1448,0.02313,43.23,T4_entry_rcm_tip_cone,EntryRCM_TipConeAroundTarget,Done,0.9994,0.60561,0.99344,1.29468,0.13259,0.79922,1.49926,0.10003,0.79999,1.49846,0.10016,1.0,1.3,0.1,0.79359,1.49359,0.07967,0.98992,1.28992,0.13196,0.8,1.5,0.1,1.0,1.3,0.1,33.665,1.073,282.875,22.006,5.961,5.961,33.654,436.036,6.75,0.0,0.19288,-0.0003,12.021,-17.693,-43.079,-39.06,23.832,0.0,-0.529,1.261,-4.716,9.369,3.201,0.0,1,0,1,project4_multircm_20260624_092806_475.csv,48.034299999999995
48.2141,0.0231,43.29,T4_entry_rcm_tip_cone,EntryRCM_TipConeAroundTarget,Done,0.9994,0.60558,0.99306,1.29428,0.13241,0.79923,1.49928,0.10003,0.80001,1.49846,0.10016,1.0,1.3,0.1,0.79338,1.49338,0.07981,0.98959,1.28959,0.13175,0.8,1.5,0.1,1.0,1.3,0.1,33.636,1.052,282.877,21.998,5.871,5.871,33.625,436.022,6.741,0.0,0.19013,-0.00028,11.984,-17.606,-43.404,-38.419,24.053,0.0,-0.542,1.262,-4.697,9.192,3.198,0.0,1,0,1,project4_multircm_20260624_092806_475.csv,48.1036
48.2835,0.02264,44.16,T4_entry_rcm_tip_cone,EntryRCM_TipConeAroundTarget,Done,0.9994,0.60556,0.99268,1.29387,0.13223,0.79925,1.4993,0.10002,0.80003,1.49846,0.10016,1.0,1.3,0.1,0.79317,1.49317,0.07994,0.98926,1.28926,0.13153,0.8,1.5,0.1,1.0,1.3,0.1,33.608,1.032,282.878,21.99,5.783,5.783,33.598,436.007,6.733,0.0,0.18714,-0.00029,11.946,-17.518,-43.729,-37.79,24.274,0.0,-0.555,1.263,-4.669,9.007,3.185,0.0,1,0,1,project4_multircm_20260624_092806_475.csv,48.172999999999995
48.3526,0.0229,43.66,T4_entry_rcm_tip_cone,EntryRCM_TipConeAroundTarget,Done,0.9994,0.60554,0.99231,1.29348,0.13203,0.79926,1.49931,0.10002,0.80005,1.49847,0.10016,1.0,1.3,0.1,0.79297,1.49297,0.08009,0.98894,1.28894,0.13131,0.8,1.5,0.1,1.0,1.3,0.1,33.582,1.012,282.88,21.983,5.697,5.697,33.572,435.993,6.725,0.0,0.18423,-0.00029,11.907,-17.431,-44.05,-37.176,24.494,0.0,-0.567,1.26,-4.638,8.828,3.173,0.0,1,0,1,project4_multircm_20260624_092806_475.csv,48.2421
48.4218,0.02302,43.44,T4_entry_rcm_tip_cone,EntryRCM_TipConeAroundTarget,Done,0.9994,0.60552,0.99194,1.29308,0.13183,0.79927,1.49932,0.10002,0.80007,1.49847,0.10016,1.0,1.3,0.1,0.79276,1.49276,0.08023,0.98862,1.28862,0.13108,0.8,1.5,0.1,1.0,1.3,0.1,33.557,0.994,282.881,21.975,5.614,5.614,33.547,435.978,6.718,0.0,0.18137,-0.00028,11.867,-17.344,-44.369,-36.573,24.712,0.0,-0.578,1.259,-4.608,8.653,3.157,0.0,1,0,1,project4_multircm_20260624_092806_475.csv,48.311299999999996
48.491,0.02331,42.9,T4_entry_rcm_tip_cone,EntryRCM_TipConeAroundTarget,Done,0.9994,0.6055,0.99158,1.2927,0.13163,0.79928,1.49934,0.10002,0.80009,1.49847,0.10016,1.0,1.3,0.1,0.79256,1.49256,0.08038,0.9883,1.28831,0.13085,0.8,1.5,0.1,1.0,1.3,0.1,33.533,0.975,282.882,21.968,5.532,5.532,33.524,435.964,6.711,0.0,0.17875,-0.00027,11.826,-17.257,-44.687,-35.982,24.93,0.0,-0.591,1.257,-4.578,8.492,3.143,0.0,1,0,1,project4_multircm_20260624_092806_475.csv,48.3805
48.5603,0.02288,43.71,T4_entry_rcm_tip_cone,EntryRCM_TipConeAroundTarget,Done,0.9994,0.60549,0.99122,1.29231,0.13141,0.7993,1.49935,0.10002,0.80011,1.49847,0.10016,1.0,1.3,0.1,0.79236,1.49236,0.08054,0.98799,1.28799,0.1306,0.8,1.5,0.1,1.0,1.3,0.1,33.51,0.958,282.883,21.961,5.452,5.452,33.501,435.95,6.704,0.0,0.17595,-0.00028,11.785,-17.17,-45.003,-35.4,25.147,0.0,-0.603,1.253,-4.543,8.325,3.123,0.0,1,0,1,project4_multircm_20260624_092806_475.csv,48.449799999999996
48.6294,0.02312,43.26,T4_entry_rcm_tip_cone,EntryRCM_TipConeAroundTarget,Done,0.9994,0.60547,0.99086,1.29193,0.13119,0.79931,1.49936,0.10002,0.80013,1.49847,0.10016,1.0,1.3,0.1,0.79216,1.49216,0.0807,0.98768,1.28768,0.13035,0.8,1.5,0.1,1.0,1.3,0.1,33.489,0.941,282.884,21.954,5.375,5.375,33.48,435.937,6.697,0.0,0.17346,-0.00026,11.743,-17.084,-45.315,-34.832,25.362,0.0,-0.614,1.251,-4.515,8.172,3.109,0.0,1,0,1,project4_multircm_20260624_092806_475.csv,48.518899999999995
48.6982,0.02338,42.76,T4_entry_rcm_tip_cone,EntryRCM_TipConeAroundTarget,Done,0.9994,0.60545,0.99051,1.29156,0.13096,0.79932,1.49938,0.10002,0.80015,1.49847,0.10016,1.0,1.3,0.1,0.79197,1.49197,0.08086,0.98737,1.28737,0.1301,0.8,1.5,0.1,1.0,1.3,0.1,33.468,0.925,282.885,21.948,5.301,5.301,33.46,435.924,6.691,0.0,0.17083,-0.00026,11.7,-16.998,-45.624,-34.278,25.575,0.0,-0.624,1.245,-4.478,8.016,3.09,0.0,1,0,1,project4_multircm_20260624_092806_475.csv,48.5877
48.7673,0.02286,43.74,T4_entry_rcm_tip_cone,EntryRCM_TipConeAroundTarget,Done,0.9994,0.60543,0.99016,1.29118,0.13073,0.79933,1.49939,0.10002,0.80017,1.49847,0.10016,1.0,1.3,0.1,0.79177,1.49177,0.08102,0.98706,1.28706,0.12984,0.8,1.5,0.1,1.0,1.3,0.1,33.449,0.909,282.886,21.941,5.228,5.228,33.441,435.911,6.686,0.0,0.16825,-0.00025,11.656,-16.912,-45.932,-33.731,25.788,0.0,-0.633,1.242,-4.445,7.861,3.071,0.0,1,0,1,project4_multircm_20260624_092806_475.csv,48.6568
48.8365,0.02324,43.03,T4_entry_rcm_tip_cone,EntryRCM_TipConeAroundTarget,Done,0.9994,0.60541,0.98981,1.29082,0.13049,0.79934,1.4994,0.10002,0.80018,1.49847,0.10016,1.0,1.3,0.1,0.79158,1.49158,0.08119,0.98676,1.28676,0.12957,0.8,1.5,0.1,1.0,1.3,0.1,33.431,0.894,282.887,21.934,5.157,5.157,33.423,435.899,6.68,0.0,0.16573,-0.00024,11.612,-16.826,-46.237,-33.193,25.999,0.0,-0.645,1.235,-4.403,7.719,3.043,0.0,1,0,1,project4_multircm_20260624_092806_475.csv,48.726
48.9057,0.02295,43.57,T4_entry_rcm_tip_cone,EntryRCM_TipConeAroundTarget,Done,0.9994,0.6054,0.98946,1.29045,0.13024,0.79935,1.49941,0.10002,0.8002,1.49847,0.10016,1.0,1.3,0.1,0.79139,1.49139,0.08137,0.98646,1.28646,0.12929,0.8,1.5,0.1,1.0,1.3,0.1,33.413,0.88,282.887,21.928,5.088,5.088,33.406,435.887,6.675,0.0,0.16334,-0.00024,11.567,-16.741,-46.54,-32.666,26.208,0.0,-0.655,1.231,-4.369,7.578,3.022,0.0,1,0,1,project4_multircm_20260624_092806_475.csv,48.7952
48.9747,0.02294,43.59,T4_entry_rcm_tip_cone,EntryRCM_TipConeAroundTarget,Done,0.9994,0.60538,0.98913,1.29009,0.12998,0.79936,1.49942,0.10002,0.80021,1.49848,0.10015,1.0,1.3,0.1,0.7912,1.4912,0.08155,0.98616,1.28616,0.12901,0.8,1.5,0.1,1.0,1.3,0.1,33.397,0.866,282.889,21.921,5.022,5.022,33.39,435.875,6.67,0.0,0.16082,-0.00024,11.521,-16.656,-46.84,-32.149,26.416,0.0,-0.665,1.222,-4.325,7.436,2.994,0.0,1,0,1,project4_multircm_20260624_092806_475.csv,48.8642
49.0437,0.02314,43.21,T4_entry_rcm_tip_cone,EntryRCM_TipConeAroundTarget,Done,0.9994,0.60537,0.98879,1.28974,0.12972,0.79937,1.49943,0.10002,0.80023,1.49848,0.10015,1.0,1.3,0.1,0.79101,1.49101,0.08173,0.98586,1.28586,0.12873,0.8,1.5,0.1,1.0,1.3,0.1,33.381,0.852,282.89,21.915,4.958,4.958,33.374,435.864,6.665,0.0,0.15847,-0.00022,11.475,-16.572,-47.137,-31.642,26.621,0.0,-0.675,1.214,-4.282,7.306,2.966,0.0,1,0,1,project4_multircm_20260624_092806_475.csv,48.9332
49.1129,0.02255,44.35,T4_entry_rcm_tip_cone,EntryRCM_TipConeAroundTarget,Done,0.9994,0.60535,0.98846,1.28939,0.12945,0.79937,1.49944,0.10002,0.80024,1.49848,0.10015,1.0,1.3,0.1,0.79082,1.49082,0.08191,0.98557,1.28557,0.12844,0.8,1.5,0.1,1.0,1.3,0.1,33.367,0.84,282.89,21.908,4.896,4.896,33.36,435.853,6.661,0.0,0.15593,-0.00022,11.428,-16.489,-47.431,-31.143,26.825,0.0,-0.684,1.209,-4.238,7.164,2.934,0.0,1,0,1,project4_multircm_20260624_092806_475.csv,49.0024
49.182,0.02366,42.27,T4_entry_rcm_tip_cone,EntryRCM_TipConeAroundTarget,Done,0.9994,0.60534,0.98813,1.28905,0.12918,0.79938,1.49945,0.10002,0.80026,1.49847,0.10015,1.0,1.3,0.1,0.79064,1.49064,0.0821,0.98528,1.28528,0.12814,0.8,1.5,0.1,1.0,1.3,0.1,33.352,0.828,282.891,21.901,4.835,4.835,33.346,435.842,6.656,0.0,0.15384,-0.00022,11.38,-16.405,-47.723,-30.652,27.027,0.0,-0.693,1.2,-4.198,7.049,2.909,0.0,1,0,1,project4_multircm_20260624_092806_475.csv,49.0715
49.2511,0.02269,44.08,T4_entry_rcm_tip_cone,EntryRCM_TipConeAroundTarget,Done,0.9994,0.60532,0.98781,1.28871,0.1289,0.79939,1.49946,0.10002,0.80027,1.49847,0.10015,1.0,1.3,0.1,0.79046,1.49046,0.0823,0.98499,1.285,0.12783,0.8,1.5,0.1,1.0,1.3,0.1,33.339,0.816,282.891,21.895,4.777,4.777,33.333,435.832,6.652,0.0,0.15169,-0.00022,11.332,-16.323,-48.011,-30.171,27.227,0.0,-0.704,1.192,-4.157,6.932,2.879,0.0,1,0,1,project4_multircm_20260624_092806_475.csv,49.1406
49.3209,0.02338,42.77,T4_entry_rcm_tip_cone,EntryRCM_TipConeAroundTarget,Done,0.9994,0.60531,0.98749,1.28837,0.12861,0.7994,1.49947,0.10002,0.80028,1.49847,0.10015,1.0,1.3,0.1,0.79027,1.49028,0.0825,0.98471,1.28471,0.12752,0.8,1.5,0.1,1.0,1.3,0.1,33.326,0.805,282.892,21.888,4.719,4.719,33.32,435.821,6.648,0.0,0.14963,-0.0002,11.282,-16.24,-48.3,-29.693,27.427,0.0,-0.711,1.187,-4.122,6.815,2.855,0.0,1,0,1,project4_multircm_20260624_092806_475.csv,49.2104
49.3896,0.02278,43.89,T4_entry_rcm_tip_cone,EntryRCM_TipConeAroundTarget,Done,0.9994,0.60529,0.98717,1.28804,0.12832,0.79941,1.49948,0.10002,0.8003,1.49847,0.10015,1.0,1.3,0.1,0.7901,1.4901,0.0827,0.98443,1.28443,0.12721,0.8,1.5,0.1,1.0,1.3,0.1,33.314,0.793,282.892,21.881,4.664,4.664,33.309,435.812,6.645,0.0,0.14754,-0.0002,11.233,-16.159,-48.581,-29.229,27.622,0.0,-0.721,1.177,-4.078,6.704,2.826,0.0,1,0,1,project4_multircm_20260624_092806_475.csv,49.2791
49.4583,0.02254,44.37,T4_entry_rcm_tip_cone,EntryRCM_TipConeAroundTarget,Done,0.9994,0.60528,0.98686,1.28771,0.12803,0.79941,1.49948,0.10002,0.80031,1.49847,0.10015,1.0,1.3,0.1,0.78992,1.48992,0.0829,0.98416,1.28416,0.12689,0.8,1.5,0.1,1.0,1.3,0.1,33.303,0.783,282.893,21.875,4.612,4.612,33.298,435.802,6.641,0.0,0.14544,-0.00018,11.183,-16.078,-48.859,-28.774,27.815,0.0,-0.728,1.168,-4.034,6.592,2.795,0.0,1,0,1,project4_multircm_20260624_092806_475.csv,49.3478
49.528,0.0236,42.37,T4_entry_rcm_tip_cone,EntryRCM_TipConeAroundTarget,Done,0.9994,0.60527,0.98655,1.28739,0.12772,0.79942,1.49949,0.10002,0.80032,1.49847,0.10015,1.0,1.3,0.1,0.78975,1.48975,0.08311,0.98388,1.28388,0.12656,0.8,1.5,0.1,1.0,1.3,0.1,33.293,0.773,282.893,21.867,4.559,4.559,33.287,435.793,6.638,0.0,0.1434,-0.00019,11.132,-15.997,-49.139,-28.319,28.008,0.0,-0.737,1.158,-3.987,6.489,2.76,0.0,1,0,1,project4_multircm_20260624_092806_475.csv,49.4175
49.5993,0.02445,40.91,T4_entry_rcm_tip_cone,EntryRCM_TipConeAroundTarget,Done,0.9994,0.60525,0.98624,1.28706,0.1274,0.79943,1.4995,0.10002,0.80033,1.49847,0.10015,1.0,1.3,0.1,0.78957,1.48957,0.08333,0.9836,1.2836,0.12621,0.8,1.5,0.1,1.0,1.3,0.1,33.282,0.763,282.894,21.86,4.506,4.506,33.277,435.784,6.635,0.0,0.1416,-0.00018,11.079,-15.915,-49.421,-27.861,28.203,0.0,-0.747,1.15,-3.946,6.396,2.731,0.0,1,0,1,project4_multircm_20260624_092806_475.csv,49.4888
49.6494,0.02459,40.66,T4_entry_rcm_tip_cone,EntryRCM_TipConeAroundTarget,Done,0.9994,0.60525,0.98602,1.28683,0.12717,0.79943,1.4995,0.10001,0.80034,1.49847,0.10015,1.0,1.3,0.1,0.78945,1.48945,0.08348,0.98341,1.28341,0.12597,0.8,1.5,0.1,1.0,1.3,0.1,33.275,0.757,282.894,21.855,4.469,4.469,33.27,435.777,6.633,0.0,0.14036,-0.00018,11.041,-15.858,-49.617,-27.543,28.339,0.0,-0.755,1.143,-3.917,6.334,2.709,0.0,1,0,1,project4_multircm_20260624_092806_475.csv,49.5389
49.7232,0.02664,37.54,T4_entry_rcm_tip_cone,EntryRCM_TipConeAroundTarget,Done,0.9994,0.60523,0.9857,1.2865,0.12683,0.79944,1.49951,0.10001,0.80035,1.49847,0.10014,1.0,1.3,0.1,0.78927,1.48927,0.08372,0.98313,1.28313,0.1256,0.8,1.5,0.1,1.0,1.3,0.1,33.265,0.747,282.895,21.847,4.416,4.416,33.26,435.768,6.629,0.0,0.13847,-0.00018,10.985,-15.774,-49.904,-27.08,28.538,0.0,-0.765,1.132,-3.868,6.242,2.673,0.0,1,0,1,project4_multircm_20260624_092806_475.csv,49.6127
49.7944,0.0238,42.01,T4_entry_rcm_tip_cone,EntryRCM_TipConeAroundTarget,Done,0.9994,0.60522,0.9854,1.28618,0.12649,0.79944,1.49952,0.10001,0.80036,1.49847,0.10014,1.0,1.3,0.1,0.7891,1.4891,0.08394,0.98286,1.28286,0.12524,0.8,1.5,0.1,1.0,1.3,0.1,33.257,0.737,282.895,21.841,4.369,4.369,33.252,435.759,6.627,0.0,0.13633,-0.00017,10.93,-15.693,-50.178,-26.642,28.727,0.0,-0.77,1.124,-3.826,6.127,2.643,0.0,1,0,1,project4_multircm_20260624_092806_475.csv,49.6839
49.8655,0.02381,42.0,T4_entry_rcm_tip_cone,EntryRCM_TipConeAroundTarget,Done,0.9994,0.60521,0.9851,1.28587,0.12615,0.79945,1.49952,0.10001,0.80037,1.49847,0.10014,1.0,1.3,0.1,0.78893,1.48893,0.08418,0.98259,1.28259,0.12488,0.8,1.5,0.1,1.0,1.3,0.1,33.249,0.728,282.896,21.834,4.322,4.322,33.244,435.751,6.624,0.0,0.13433,-0.00017,10.875,-15.614,-50.447,-26.211,28.913,0.0,-0.777,1.111,-3.775,6.03,2.606,0.0,1,0,1,project4_multircm_20260624_092806_475.csv,49.754999999999995
49.9365,0.02345,42.65,T4_entry_rcm_tip_cone,EntryRCM_TipConeAroundTarget,Done,0.9994,0.6052,0.98481,1.28557,0.12581,0.79946,1.49953,0.10001,0.80038,1.49847,0.10014,1.0,1.3,0.1,0.78876,1.48876,0.08441,0.98233,1.28233,0.12451,0.8,1.5,0.1,1.0,1.3,0.1,33.242,0.719,282.896,21.827,4.277,4.277,33.238,435.742,6.622,0.0,0.1326,-0.00015,10.82,-15.536,-50.713,-25.787,29.096,0.0,-0.786,1.1,-3.729,5.947,2.573,0.0,1,0,1,project4_multircm_20260624_092806_475.csv,49.826
50.0083,0.02419,41.34,T4_entry_rcm_tip_cone,EntryRCM_TipConeAroundTarget,Done,0.9994,0.60519,0.98452,1.28526,0.12545,0.79946,1.49954,0.10001,0.80039,1.49846,0.10014,1.0,1.3,0.1,0.7886,1.4886,0.08465,0.98207,1.28208,0.12413,0.8,1.5,0.1,1.0,1.3,0.1,33.235,0.71,282.896,21.82,4.232,4.232,33.231,435.734,6.62,0.0,0.13079,-0.00015,10.763,-15.457,-50.979,-25.364,29.279,0.0,-0.794,1.088,-3.68,5.863,2.535,0.0,1,0,1,project4_multircm_20260624_092806_475.csv,49.8978
50.0789,0.02457,40.7,T4_entry_rcm_tip_cone,EntryRCM_TipConeAroundTarget,Done,0.9994,0.60517,0.98424,1.28497,0.1251,0.79947,1.49954,0.10001,0.8004,1.49846,0.10014,1.0,1.3,0.1,0.78844,1.48844,0.08489,0.98182,1.28183,0.12376,0.8,1.5,0.1,1.0,1.3,0.1,33.23,0.702,282.897,21.813,4.189,4.189,33.226,435.726,6.618,0.0,0.12915,-0.00016,10.707,-15.381,-51.237,-24.955,29.457,0.0,-0.801,1.079,-3.636,5.785,2.502,0.0,1,0,1,project4_multircm_20260624_092806_475.csv,49.968399999999995
50.1507,0.02367,42.24,T4_entry_rcm_tip_cone,EntryRCM_TipConeAroundTarget,Done,0.9994,0.60516,0.98396,1.28468,0.12473,0.79947,1.49955,0.10001,0.80041,1.49846,0.10013,1.0,1.3,0.1,0.78828,1.48828,0.08514,0.98157,1.28157,0.12337,0.8,1.5,0.1,1.0,1.3,0.1,33.225,0.694,282.897,21.807,4.146,4.146,33.221,435.718,6.617,0.0,0.12735,-0.00014,10.649,-15.304,-51.496,-24.543,29.635,0.0,-0.808,1.067,-3.588,5.699,2.467,0.0,1,0,1,project4_multircm_20260624_092806_475.csv,50.0402
50.2219,0.02351,42.54,T4_entry_rcm_tip_cone,EntryRCM_TipConeAroundTarget,Done,0.9994,0.60515,0.98368,1.28439,0.12437,0.79948,1.49956,0.10001,0.80042,1.49846,0.10013,1.0,1.3,0.1,0.78813,1.48813,0.08539,0.98133,1.28133,0.12297,0.8,1.5,0.1,1.0,1.3,0.1,33.22,0.685,282.897,21.8,4.105,4.105,33.216,435.711,6.615,0.0,0.12563,-0.00015,10.591,-15.228,-51.749,-24.141,29.809,0.0,-0.815,1.054,-3.539,5.621,2.431,0.0,1,0,1,project4_multircm_20260624_092806_475.csv,50.111399999999996
50.2928,0.02394,41.78,T4_entry_rcm_tip_cone,EntryRCM_TipConeAroundTarget,Done,0.9994,0.60514,0.98341,1.28411,0.12399,0.79948,1.49956,0.10001,0.80043,1.49846,0.10013,1.0,1.3,0.1,0.78797,1.48797,0.08564,0.98109,1.28109,0.12258,0.8,1.5,0.1,1.0,1.3,0.1,33.217,0.678,282.897,21.794,4.063,4.063,33.214,435.703,6.614,0.0,0.12408,-0.00015,10.533,-15.154,-51.998,-23.746,29.98,0.0,-0.823,1.044,-3.492,5.554,2.394,0.0,1,0,1,project4_multircm_20260624_092806_475.csv,50.1823
50.3645,0.02391,41.82,T4_entry_rcm_tip_cone,EntryRCM_TipConeAroundTarget,Done,0.9994,0.60513,0.98315,1.28383,0.12361,0.79949,1.49957,0.10001,0.80043,1.49846,0.10013,1.0,1.3,0.1,0.78782,1.48782,0.0859,0.98085,1.28085,0.12218,0.8,1.5,0.1,1.0,1.3,0.1,33.214,0.67,282.897,21.787,4.023,4.023,33.211,435.696,6.613,0.0,0.12239,-0.00014,10.474,-15.08,-52.246,-23.352,30.15,0.0,-0.83,1.029,-3.44,5.481,2.356,0.0,1,0,1,project4_multircm_20260624_092806_475.csv,50.254
50.4367,0.0243,41.16,T4_entry_rcm_tip_cone,EntryRCM_TipConeAroundTarget,Done,0.9994,0.60512,0.98288,1.28355,0.12323,0.7995,1.49957,0.1,0.80044,1.49846,0.10012,1.0,1.3,0.1,0.78767,1.48767,0.08616,0.98062,1.28062,0.12176,0.8,1.5,0.1,1.0,1.3,0.1,33.212,0.662,282.898,21.781,3.983,3.983,33.208,435.688,6.612,0.0,0.12088,-0.00014,10.413,-15.006,-52.492,-22.96,30.318,0.0,-0.837,1.018,-3.395,5.414,2.321,0.0,1,0,1,project4_multircm_20260624_092806_475.csv,50.3262
50.5087,0.0241,41.49,T4_entry_rcm_tip_cone,EntryRCM_TipConeAroundTarget,Done,0.9994,0.60511,0.98262,1.28328,0.12283,0.7995,1.49958,0.1,0.80045,1.49845,0.10012,1.0,1.3,0.1,0.78753,1.48753,0.08642,0.98039,1.28039,0.12135,0.8,1.5,0.1,1.0,1.3,0.1,33.21,0.654,282.898,21.775,3.943,3.943,33.207,435.681,6.611,0.0,0.11918,-0.00014,10.353,-14.933,-52.734,-22.573,30.483,0.0,-0.844,1.005,-3.342,5.342,2.281,0.0,1,0,1,project4_multircm_20260624_092806_475.csv,50.398199999999996
50.5806,0.02416,41.39,T4_entry_rcm_tip_cone,EntryRCM_TipConeAroundTarget,Done,0.9994,0.6051,0.98236,1.28302,0.12244,0.79951,1.49958,0.1,0.80046,1.49845,0.10012,1.0,1.3,0.1,0.78738,1.48738,0.08669,0.98016,1.28016,0.12093,0.8,1.5,0.1,1.0,1.3,0.1,33.21,0.646,282.898,21.769,3.905,3.905,33.207,435.673,6.611,0.0,0.11757,-0.00015,10.292,-14.862,-52.972,-22.193,30.645,0.0,-0.851,0.99,-3.287,5.277,2.24,0.0,1,0,1,project4_multircm_20260624_092806_475.csv,50.470099999999995
50.6525,0.02382,41.98,T4_entry_rcm_tip_cone,EntryRCM_TipConeAroundTarget,Done,0.9994,0.60509,0.98211,1.28275,0.12203,0.79951,1.49959,0.1,0.80047,1.49845,0.10012,1.0,1.3,0.1,0.78724,1.48724,0.08696,0.97994,1.27994,0.1205,0.8,1.5,0.1,1.0,1.3,0.1,33.21,0.638,282.898,21.763,3.866,3.866,33.207,435.666,6.611,0.0,0.11604,-0.00015,10.23,-14.791,-53.206,-21.816,30.805,0.0,-0.855,0.978,-3.241,5.21,2.206,0.0,1,0,1,project4_multircm_20260624_092806_475.csv,50.542
50.7255,0.02502,39.97,T4_entry_rcm_tip_cone,EntryRCM_TipConeAroundTarget,Done,0.9994,0.60508,0.98186,1.28249,0.12162,0.79952,1.49959,0.1,0.80048,1.49845,0.10011,1.0,1.3,0.1,0.7871,1.4871,0.08724,0.97972,1.27972,0.12007,0.8,1.5,0.1,1.0,1.3,0.1,33.211,0.631,282.898,21.757,3.827,3.827,33.208,435.658,6.611,0.0,0.11461,-0.00014,10.168,-14.721,-53.44,-21.438,30.964,0.0,-0.864,0.964,-3.188,5.157,2.165,0.0,1,0,1,project4_multircm_20260624_092806_475.csv,50.614999999999995
50.7971,0.02376,42.08,T4_entry_rcm_tip_cone,EntryRCM_TipConeAroundTarget,Done,0.9994,0.60507,0.98162,1.28224,0.12121,0.79952,1.4996,0.1,0.80049,1.49845,0.10011,1.0,1.3,0.1,0.78697,1.48697,0.08751,0.97951,1.27951,0.11964,0.8,1.5,0.1,1.0,1.3,0.1,33.213,0.623,282.898,21.752,3.79,3.79,33.21,435.651,6.611,0.0,0.11288,-0.00015,10.106,-14.652,-53.665,-21.073,31.117,0.0,-0.869,0.947,-3.13,5.088,2.121,0.0,1,0,1,project4_multircm_20260624_092806_475.csv,50.6866
50.869,0.02419,41.34,T4_entry_rcm_tip_cone,EntryRCM_TipConeAroundTarget,Done,0.9994,0.60506,0.98138,1.28199,0.12079,0.79953,1.49961,0.1,0.8005,1.49845,0.10011,1.0,1.3,0.1,0.78684,1.48684,0.08779,0.97931,1.27931,0.1192,0.8,1.5,0.1,1.0,1.3,0.1,33.216,0.616,282.898,21.748,3.753,3.753,33.213,435.644,6.611,0.0,0.11155,-0.00014,10.043,-14.585,-53.888,-20.709,31.268,0.0,-0.877,0.932,-3.078,5.04,2.083,0.0,1,0,1,project4_multircm_20260624_092806_475.csv,50.7585
50.9403,0.02346,42.62,T4_entry_rcm_tip_cone,EntryRCM_TipConeAroundTarget,Done,0.9994,0.60505,0.98115,1.28175,0.12038,0.79953,1.49961,0.09999,0.80051,1.49844,0.1001,1.0,1.3,0.1,0.78671,1.48671,0.08807,0.97911,1.27911,0.11876,0.8,1.5,0.1,1.0,1.3,0.1,33.219,0.608,282.898,21.743,3.717,3.717,33.217,435.636,6.612,0.0,0.11006,-0.00014,9.98,-14.519,-54.105,-20.353,31.414,0.0,-0.88,0.921,-3.031,4.977,2.047,0.0,1,0,1,project4_multircm_20260624_092806_475.csv,50.8298
51.0124,0.02315,43.19,T4_entry_rcm_tip_cone,EntryRCM_TipConeAroundTarget,Done,0.9994,0.60504,0.98092,1.28151,0.11995,0.79954,1.49962,0.09999,0.80051,1.49844,0.1001,1.0,1.3,0.1,0.78659,1.48659,0.08836,0.97891,1.27891,0.11831,0.8,1.5,0.1,1.0,1.3,0.1,33.224,0.6,282.898,21.739,3.68,3.68,33.221,435.628,6.613,0.0,0.10843,-0.00016,9.916,-14.454,-54.321,-19.996,31.56,0.0,-0.886,0.903,-2.97,4.917,2.001,0.0,1,0,1,project4_multircm_20260624_092806_475.csv,50.9019
51.0849,0.02487,40.2,T4_entry_rcm_tip_cone,EntryRCM_TipConeAroundTarget,Done,0.9994,0.60503,0.9807,1.28128,0.11952,0.79954,1.49962,0.09999,0.80052,1.49844,0.1001,1.0,1.3,0.1,0.78646,1.48646,0.08864,0.97871,1.27871,0.11785,0.8,1.5,0.1,1.0,1.3,0.1,33.229,0.592,282.898,21.735,3.643,3.643,33.227,435.621,6.614,0.0,0.10715,-0.00015,9.852,-14.389,-54.533,-19.642,31.703,0.0,-0.895,0.883,-2.909,4.881,1.955,0.0,1,0,1,project4_multircm_20260624_092806_475.csv,50.974399999999996
51.1597,0.02493,40.1,T4_entry_rcm_tip_cone,EntryRCM_TipConeAroundTarget,Done,0.9994,0.60502,0.98047,1.28104,0.11907,0.79955,1.49963,0.09999,0.80053,1.49844,0.10009,1.0,1.3,0.1,0.78634,1.48634,0.08895,0.97852,1.27852,0.11738,0.8,1.5,0.1,1.0,1.3,0.1,33.236,0.584,282.898,21.731,3.605,3.605,33.233,435.613,6.616,0.0,0.10576,-0.00015,9.784,-14.324,-54.749,-19.279,31.847,0.0,-0.9,0.87,-2.858,4.828,1.917,0.0,1,0,1,project4_multircm_20260624_092806_475.csv,51.0492
51.233,0.07332,13.64,T4_entry_rcm_tip_cone,EntryRCM_TipConeAroundTarget,Done,0.9994,0.60501,0.98036,1.28092,0.11884,0.79955,1.49963,0.09998,0.80053,1.49844,0.10008,1.0,1.3,0.1,0.78622,1.48622,0.08924,0.97833,1.27833,0.11691,0.8,1.5,0.1,1.0,1.3,0.1,33.233,0.587,282.898,21.717,3.811,3.811,33.231,435.611,6.615,0.0,0.11078,-9e-05,9.752,-14.296,-54.842,-19.108,31.91,0.0,-0.988,0.837,-2.829,5.202,1.883,0.0,1,0,1,project4_multircm_20260624_092806_475.csv,51.122499999999995
51.2999,0.02038,49.06,T4_entry_rcm_tip_cone,EntryRCM_TipConeAroundTarget,Done,0.9994,0.60501,0.98015,1.28071,0.11839,0.79955,1.49963,0.09998,0.80054,1.49843,0.10008,1.0,1.3,0.1,0.78611,1.48611,0.08952,0.97817,1.27817,0.11648,0.8,1.5,0.1,1.0,1.3,0.1,33.235,0.583,282.898,21.71,3.747,3.747,33.233,435.605,6.615,0.0,0.10786,-0.00012,9.687,-14.24,-55.029,-18.771,32.034,0.0,-0.977,0.832,-2.784,5.038,1.847,0.0,1,0,1,project4_multircm_20260624_092806_475.csv,51.1894
51.3722,0.02393,41.79,T4_entry_rcm_tip_cone,EntryRCM_TipConeAroundTarget,Done,0.9994,0.605,0.97993,1.28048,0.11791,0.79956,1.49963,0.09998,0.80055,1.49843,0.10007,1.0,1.3,0.1,0.786,1.486,0.08982,0.97799,1.27799,0.11601,0.8,1.5,0.1,1.0,1.3,0.1,33.237,0.576,282.898,21.706,3.679,3.679,33.235,435.599,6.616,0.0,0.10669,-0.00012,9.616,-14.18,-55.229,-18.408,32.166,0.0,-0.981,0.821,-2.745,4.989,1.82,0.0,1,0,1,project4_multircm_20260624_092806_475.csv,51.2617
51.4416,0.02308,43.32,T4_entry_rcm_tip_cone,EntryRCM_TipConeAroundTarget,Done,0.9994,0.60499,0.97972,1.28027,0.11745,0.79956,1.49964,0.09998,0.80055,1.49843,0.10007,1.0,1.3,0.1,0.7859,1.4859,0.09011,0.97783,1.27783,0.11556,0.8,1.5,0.1,1.0,1.3,0.1,33.242,0.568,282.897,21.705,3.62,3.62,33.24,435.592,6.617,0.0,0.10471,-0.00014,9.548,-14.124,-55.417,-18.066,32.291,0.0,-0.973,0.812,-2.697,4.891,1.785,0.0,1,0,1,project4_multircm_20260624_092806_475.csv,51.3311
51.5099,0.02283,43.79,T4_entry_rcm_tip_cone,EntryRCM_TipConeAroundTarget,Done,0.9994,0.60498,0.97953,1.28006,0.117,0.79957,1.49965,0.09998,0.80056,1.49843,0.10007,1.0,1.3,0.1,0.7858,1.4858,0.09039,0.97768,1.27768,0.11511,0.8,1.5,0.1,1.0,1.3,0.1,33.249,0.559,282.897,21.704,3.567,3.567,33.247,435.585,6.619,0.0,0.10286,-0.00015,9.482,-14.069,-55.599,-17.736,32.411,0.0,-0.968,0.799,-2.642,4.81,1.745,0.0,1,0,1,project4_multircm_20260624_092806_475.csv,51.3994
51.5787,0.02268,44.09,T4_entry_rcm_tip_cone,EntryRCM_TipConeAroundTarget,Done,0.9994,0.60497,0.97934,1.27986,0.11655,0.79958,1.49965,0.09997,0.80057,1.49843,0.10007,1.0,1.3,0.1,0.78571,1.48571,0.09068,0.97752,1.27752,0.11465,0.8,1.5,0.1,1.0,1.3,0.1,33.259,0.55,282.897,21.704,3.516,3.516,33.257,435.577,6.621,0.0,0.10109,-0.00016,9.415,-14.015,-55.777,-17.408,32.529,0.0,-0.964,0.785,-2.587,4.733,1.706,0.0,1,0,1,project4_multircm_20260624_092806_475.csv,51.468199999999996
51.6471,0.02281,43.83,T4_entry_rcm_tip_cone,EntryRCM_TipConeAroundTarget,Done,0.9994,0.60496,0.97916,1.27967,0.1161,0.79958,1.49966,0.09997,0.80059,1.49843,0.10006,1.0,1.3,0.1,0.78561,1.48561,0.09097,0.97738,1.27738,0.11419,0.8,1.5,0.1,1.0,1.3,0.1,33.27,0.541,282.896,21.705,3.468,3.468,33.268,435.569,6.624,0.0,0.09937,-0.00016,9.349,-13.962,-55.951,-17.088,32.644,0.0,-0.963,0.766,-2.521,4.668,1.659,0.0,1,0,1,project4_multircm_20260624_092806_475.csv,51.5366
51.7158,0.02247,44.5,T4_entry_rcm_tip_cone,EntryRCM_TipConeAroundTarget,Done,0.9994,0.60495,0.97898,1.27948,0.11564,0.79959,1.49966,0.09997,0.8006,1.49843,0.10006,1.0,1.3,0.1,0.78552,1.48552,0.09127,0.97724,1.27724,0.11373,0.8,1.5,0.1,1.0,1.3,0.1,33.283,0.531,282.896,21.706,3.422,3.422,33.281,435.561,6.628,0.0,0.09768,-0.00018,9.283,-13.91,-56.122,-16.77,32.756,0.0,-0.961,0.751,-2.462,4.6,1.616,0.0,1,0,1,project4_multircm_20260624_092806_475.csv,51.6053
51.7847,0.02334,42.84,T4_entry_rcm_tip_cone,EntryRCM_TipConeAroundTarget,Done,0.9994,0.60493,0.9788,1.2793,0.11519,0.7996,1.49967,0.09997,0.80061,1.49843,0.10006,1.0,1.3,0.1,0.78543,1.48543,0.09156,0.9771,1.2771,0.11327,0.8,1.5,0.1,1.0,1.3,0.1,33.298,0.522,282.895,21.707,3.378,3.378,33.296,435.553,6.632,0.0,0.09623,-0.00019,9.217,-13.859,-56.289,-16.455,32.865,0.0,-0.962,0.731,-2.399,4.552,1.57,0.0,1,0,1,project4_multircm_20260624_092806_475.csv,51.6742
51.8538,0.02349,42.57,T4_entry_rcm_tip_cone,EntryRCM_TipConeAroundTarget,Done,0.9994,0.60492,0.97863,1.27911,0.11473,0.7996,1.49968,0.09997,0.80062,1.49843,0.10005,1.0,1.3,0.1,0.78535,1.48535,0.09186,0.97696,1.27697,0.1128,0.8,1.5,0.1,1.0,1.3,0.1,33.315,0.512,282.895,21.708,3.334,3.334,33.313,435.544,6.636,0.0,0.0948,-0.00018,9.15,-13.809,-56.452,-16.143,32.971,0.0,-0.963,0.714,-2.34,4.501,1.527,0.0,1,0,1,project4_multircm_20260624_092806_475.csv,51.7433
51.9228,0.02326,42.99,T4_entry_rcm_tip_cone,EntryRCM_TipConeAroundTarget,Done,0.9994,0.60491,0.97846,1.27894,0.11427,0.79961,1.49968,0.09997,0.80063,1.49842,0.10005,1.0,1.3,0.1,0.78527,1.48527,0.09216,0.97684,1.27684,0.11232,0.8,1.5,0.1,1.0,1.3,0.1,33.333,0.502,282.894,21.71,3.292,3.292,33.332,435.534,6.641,0.0,0.0933,-0.0002,9.084,-13.761,-56.61,-15.835,33.075,0.0,-0.962,0.695,-2.278,4.448,1.482,0.0,1,0,1,project4_multircm_20260624_092806_475.csv,51.8123
51.9918,0.02283,43.8,T4_entry_rcm_tip_cone,EntryRCM_TipConeAroundTarget,Done,0.9994,0.60489,0.9783,1.27877,0.11381,0.79962,1.49969,0.09996,0.80065,1.49842,0.10004,1.0,1.3,0.1,0.78519,1.48519,0.09246,0.97671,1.27671,0.11185,0.8,1.5,0.1,1.0,1.3,0.1,33.352,0.492,282.894,21.713,3.251,3.251,33.351,435.525,6.646,0.0,0.09174,-0.00019,9.018,-13.714,-56.764,-15.531,33.174,0.0,-0.964,0.672,-2.204,4.399,1.428,0.0,1,0,1,project4_multircm_20260624_092806_475.csv,51.881299999999996
52.0607,0.02243,44.58,T4_entry_rcm_tip_cone,EntryRCM_TipConeAroundTarget,Done,0.9994,0.60488,0.97815,1.2786,0.11335,0.79963,1.4997,0.09996,0.80066,1.49842,0.10004,1.0,1.3,0.1,0.78511,1.48511,0.09277,0.97659,1.27659,0.11137,0.8,1.5,0.1,1.0,1.3,0.1,33.373,0.482,282.893,21.716,3.212,3.212,33.372,435.515,6.651,0.0,0.09026,-0.0002,8.951,-13.669,-56.913,-15.23,33.271,0.0,-0.963,0.653,-2.141,4.347,1.382,0.0,1,0,1,project4_multircm_20260624_092806_475.csv,51.950199999999995
52.1297,0.02342,42.7,T4_entry_rcm_tip_cone,EntryRCM_TipConeAroundTarget,Done,0.9994,0.60487,0.97799,1.27844,0.11288,0.79964,1.4997,0.09996,0.80067,1.49842,0.10003,1.0,1.3,0.1,0.78504,1.48504,0.09307,0.97648,1.27648,0.11089,0.8,1.5,0.1,1.0,1.3,0.1,33.395,0.472,282.892,21.719,3.172,3.172,33.394,435.505,6.657,0.0,0.08903,-0.0002,8.885,-13.625,-57.058,-14.931,33.364,0.0,-0.967,0.63,-2.073,4.315,1.332,0.0,1,0,1,project4_multircm_20260624_092806_475.csv,52.0192
52.1991,0.02361,42.35,T4_entry_rcm_tip_cone,EntryRCM_TipConeAroundTarget,Done,0.9994,0.60485,0.97785,1.27828,0.11241,0.79964,1.49971,0.09996,0.80069,1.49842,0.10003,1.0,1.3,0.1,0.78497,1.48497,0.09338,0.97637,1.27637,0.11041,0.8,1.5,0.1,1.0,1.3,0.1,33.418,0.461,282.891,21.723,3.134,3.134,33.417,435.494,6.663,0.0,0.08772,-0.00021,8.817,-13.582,-57.198,-14.634,33.454,0.0,-0.968,0.61,-2.007,4.275,1.283,0.0,1,0,1,project4_multircm_20260624_092806_475.csv,52.0886
52.268,0.02304,43.4,T4_entry_rcm_tip_cone,EntryRCM_TipConeAroundTarget,Done,0.9994,0.60484,0.9777,1.27812,0.11194,0.79965,1.49972,0.09996,0.8007,1.49841,0.10003,1.0,1.3,0.1,0.78491,1.48491,0.09369,0.97627,1.27627,0.10993,0.8,1.5,0.1,1.0,1.3,0.1,33.442,0.451,282.89,21.727,3.096,3.096,33.441,435.484,6.669,0.0,0.08633,-0.00021,8.751,-13.541,-57.333,-14.341,33.54,0.0,-0.97,0.587,-1.935,4.234,1.231,0.0,1,0,1,project4_multircm_20260624_092806_475.csv,52.1575
52.3381,0.02377,42.08,T4_entry_rcm_tip_cone,EntryRCM_TipConeAroundTarget,Done,0.9994,0.60482,0.97756,1.27797,0.11147,0.79966,1.49973,0.09995,0.80071,1.49841,0.10002,1.0,1.3,0.1,0.78484,1.48484,0.094,0.97617,1.27617,0.10943,0.8,1.5,0.1,1.0,1.3,0.1,33.469,0.44,282.889,21.732,3.058,3.058,33.467,435.473,6.675,0.0,0.08521,-0.00022,8.683,-13.501,-57.466,-14.046,33.624,0.0,-0.973,0.566,-1.869,4.204,1.182,0.0,1,0,1,project4_multircm_20260624_092806_475.csv,52.227599999999995
52.4253,0.06277,15.93,T4_entry_rcm_tip_cone,EntryRCM_TipConeAroundTarget,Done,0.9994,0.60481,0.97745,1.27785,0.11105,0.79967,1.49973,0.09994,0.80072,1.49841,0.10001,1.0,1.3,0.1,0.78477,1.48477,0.09439,0.97605,1.27605,0.10881,0.8,1.5,0.1,1.0,1.3,0.1,33.487,0.433,282.888,21.732,3.188,3.188,33.486,435.464,6.681,0.0,0.08913,-0.0002,8.624,-13.47,-57.571,-13.795,33.689,0.0,-1.05,0.527,-1.801,4.495,1.118,0.0,1,0,1,project4_multircm_20260624_092806_475.csv,52.3148
52.4755,0.02341,42.71,T4_entry_rcm_tip_cone,EntryRCM_TipConeAroundTarget,Done,0.9994,0.6048,0.97735,1.27774,0.11067,0.79967,1.49973,0.09994,0.80073,1.49841,0.10001,1.0,1.3,0.1,0.78473,1.48473,0.09462,0.97598,1.27599,0.10846,0.8,1.5,0.1,1.0,1.3,0.1,33.505,0.427,282.888,21.735,3.138,3.138,33.504,435.457,6.685,0.0,0.08689,-0.00022,8.572,-13.444,-57.659,-13.573,33.744,0.0,-1.039,0.513,-1.745,4.385,1.08,0.0,1,0,1,project4_multircm_20260624_092806_475.csv,52.364999999999995
52.5365,0.02097,47.68,T4_entry_rcm_tip_cone,EntryRCM_TipConeAroundTarget,Done,0.9994,0.60479,0.97723,1.27762,0.11024,0.79968,1.49974,0.09994,0.80075,1.49841,0.1,1.0,1.3,0.1,0.78468,1.48468,0.0949,0.97591,1.27591,0.10802,0.8,1.5,0.1,1.0,1.3,0.1,33.529,0.417,282.887,21.741,3.092,3.092,33.528,435.447,6.691,0.0,0.08505,-0.00022,8.51,-13.413,-57.763,-13.313,33.808,0.0,-1.027,0.497,-1.687,4.303,1.04,0.0,1,0,1,project4_multircm_20260624_092806_475.csv,52.425999999999995
52.6179,0.03297,30.33,T4_entry_rcm_tip_cone,EntryRCM_TipConeAroundTarget,Done,0.9994,0.60477,0.97708,1.27745,0.10964,0.79969,1.49975,0.09994,0.80076,1.4984,0.09999,1.0,1.3,0.1,0.78462,1.48462,0.09527,0.97582,1.27582,0.10744,0.8,1.5,0.1,1.0,1.3,0.1,33.56,0.404,282.886,21.748,3.018,3.018,33.559,435.433,6.7,0.0,0.08499,-0.00023,8.425,-13.374,-57.896,-12.961,33.89,0.0,-1.045,0.47,-1.613,4.339,0.983,0.0,1,0,1,project4_multircm_20260624_092806_475.csv,52.5074
52.7048,0.05078,19.69,T4_entry_rcm_tip_cone,EntryRCM_TipConeAroundTarget,Done,0.9994,0.60475,0.97697,1.27733,0.10913,0.7997,1.49976,0.09993,0.80078,1.4984,0.09999,1.0,1.3,0.1,0.78456,1.48456,0.09566,0.97573,1.27573,0.10682,0.8,1.5,0.1,1.0,1.3,0.1,33.586,0.394,282.884,21.754,3.075,3.075,33.585,435.423,6.706,0.0,0.08611,-0.00021,8.355,-13.345,-57.998,-12.671,33.951,0.0,-1.084,0.433,-1.525,4.452,0.912,0.0,1,0,1,project4_multircm_20260624_092806_475.csv,52.5943
52.7597,0.01755,56.99,T4_entry_rcm_tip_cone,EntryRCM_TipConeAroundTarget,Done,0.9994,0.60474,0.97688,1.27723,0.10874,0.79971,1.49976,0.09993,0.80079,1.4984,0.09998,1.0,1.3,0.1,0.78453,1.48453,0.09592,0.97567,1.27567,0.10642,0.8,1.5,0.1,1.0,1.3,0.1,33.607,0.385,282.884,21.76,3.045,3.045,33.606,435.415,6.712,0.0,0.08307,-0.00024,8.3,-13.324,-58.073,-12.448,33.996,0.0,-1.058,0.42,-1.467,4.294,0.877,0.0,1,0,1,project4_multircm_20260624_092806_475.csv,52.6492
52.8138,0.0066,151.54,T4_entry_rcm_tip_cone,EntryRCM_TipConeAroundTarget,Done,0.9994,0.60473,0.97679,1.27713,0.10834,0.79971,1.49977,0.09993,0.8008,1.4984,0.09998,1.0,1.3,0.1,0.7845,1.4845,0.09616,0.97562,1.27562,0.10603,0.8,1.5,0.1,1.0,1.3,0.1,33.632,0.375,282.883,21.767,2.999,2.999,33.631,435.405,6.718,0.0,0.07983,-0.00025,8.243,-13.301,-58.15,-12.218,34.042,0.0,-1.021,0.41,-1.413,4.124,0.844,0.0,1,0,1,project4_multircm_20260624_092806_475.csv,52.7033
52.9062,0.05561,17.98,T4_entry_rcm_tip_cone,EntryRCM_TipConeAroundTarget,Done,0.9994,0.60471,0.97668,1.27701,0.1078,0.79972,1.49978,0.09992,0.80082,1.4984,0.09997,1.0,1.3,0.1,0.78445,1.48445,0.09659,0.97554,1.27554,0.10536,0.8,1.5,0.1,1.0,1.3,0.1,33.663,0.364,282.881,21.776,3.06,3.06,33.662,435.392,6.727,0.0,0.08506,-0.00024,8.168,-13.275,-58.245,-11.914,34.097,0.0,-1.113,0.365,-1.327,4.476,0.762,0.0,1,0,1,project4_multircm_20260624_092806_475.csv,52.7957
52.9624,0.02695,37.11,T4_entry_rcm_tip_cone,EntryRCM_TipConeAroundTarget,Done,0.9994,0.6047,0.97659,1.27691,0.10736,0.79973,1.49979,0.09992,0.80084,1.49839,0.09996,1.0,1.3,0.1,0.78442,1.48442,0.09685,0.9755,1.2755,0.10496,0.8,1.5,0.1,1.0,1.3,0.1,33.69,0.354,282.88,21.784,2.99,2.99,33.689,435.382,6.734,0.0,0.08276,-0.00025,8.106,-13.255,-58.317,-11.667,34.138,0.0,-1.097,0.348,-1.265,4.363,0.723,0.0,1,0,1,project4_multircm_20260624_092806_475.csv,52.8519
53.0371,0.02508,39.88,T4_entry_rcm_tip_cone,EntryRCM_TipConeAroundTarget,Done,0.9994,0.60468,0.97649,1.27679,0.10679,0.79974,1.49979,0.09992,0.80086,1.49839,0.09996,1.0,1.3,0.1,0.78439,1.48439,0.09719,0.97545,1.27545,0.10441,0.8,1.5,0.1,1.0,1.3,0.1,33.729,0.339,282.879,21.797,2.919,2.919,33.728,435.367,6.744,0.0,0.0803,-0.00027,8.026,-13.23,-58.407,-11.352,34.19,0.0,-1.076,0.325,-1.185,4.249,0.669,0.0,1,0,1,project4_multircm_20260624_092806_475.csv,52.9266
53.0914,0.01953,51.21,T4_entry_rcm_tip_cone,EntryRCM_TipConeAroundTarget,Done,0.9994,0.60466,0.97641,1.27671,0.10638,0.79975,1.4998,0.09992,0.80087,1.49839,0.09996,1.0,1.3,0.1,0.78436,1.48436,0.09744,0.97542,1.27542,0.10402,0.8,1.5,0.1,1.0,1.3,0.1,33.756,0.329,282.878,21.806,2.876,2.876,33.756,435.357,6.751,0.0,0.07824,-0.00027,7.969,-13.214,-58.467,-11.129,34.223,0.0,-1.059,0.306,-1.121,4.151,0.627,0.0,1,0,1,project4_multircm_20260624_092806_475.csv,52.9809
53.1576,0.01993,50.18,T4_entry_rcm_tip_cone,EntryRCM_TipConeAroundTarget,Done,0.9994,0.60464,0.97633,1.27661,0.10589,0.79976,1.49981,0.09992,0.80089,1.49839,0.09995,1.0,1.3,0.1,0.78434,1.48434,0.09775,0.97538,1.27538,0.10354,0.8,1.5,0.1,1.0,1.3,0.1,33.794,0.316,282.877,21.818,2.82,2.82,33.794,435.344,6.761,0.0,0.07659,-0.00028,7.9,-13.195,-58.538,-10.856,34.263,0.0,-1.045,0.286,-1.053,4.079,0.58,0.0,1,0,1,project4_multircm_20260624_092806_475.csv,53.0471
53.2108,0.02596,38.52,T4_entry_rcm_tip_cone,EntryRCM_TipConeAroundTarget,Done,0.9994,0.60463,0.97626,1.27654,0.10549,0.79977,1.49982,0.09991,0.8009,1.49839,0.09995,1.0,1.3,0.1,0.78432,1.48432,0.098,0.97535,1.27535,0.10315,0.8,1.5,0.1,1.0,1.3,0.1,33.825,0.305,282.875,21.828,2.775,2.775,33.824,435.333,6.769,0.0,0.07626,-0.00028,7.843,-13.18,-58.592,-10.638,34.291,0.0,-1.05,0.263,-0.988,4.081,0.532,0.0,1,0,1,project4_multircm_20260624_092806_475.csv,53.1003
53.2854,0.0249,40.16,T4_entry_rcm_tip_cone,EntryRCM_TipConeAroundTarget,Done,0.9994,0.60461,0.97618,1.27644,0.10493,0.79978,1.49983,0.09991,0.80092,1.49838,0.09994,1.0,1.3,0.1,0.7843,1.4843,0.09834,0.97532,1.27532,0.1026,0.8,1.5,0.1,1.0,1.3,0.1,33.869,0.29,282.874,21.842,2.72,2.72,33.869,435.317,6.78,0.0,0.07448,-0.00029,7.766,-13.162,-58.661,-10.337,34.328,0.0,-1.037,0.237,-0.903,4.005,0.472,0.0,1,0,1,project4_multircm_20260624_092806_475.csv,53.1749
53.3355,0.02587,38.65,T4_entry_rcm_tip_cone,EntryRCM_TipConeAroundTarget,Done,0.9994,0.60459,0.97612,1.27637,0.10456,0.79979,1.49984,0.09991,0.80094,1.49838,0.09994,1.0,1.3,0.1,0.78429,1.48429,0.09858,0.9753,1.2753,0.10224,0.8,1.5,0.1,1.0,1.3,0.1,33.9,0.28,282.873,21.852,2.686,2.686,33.9,435.307,6.788,0.0,0.07364,-0.0003,7.714,-13.151,-58.704,-10.138,34.35,0.0,-1.033,0.215,-0.843,3.974,0.43,0.0,1,0,1,project4_multircm_20260624_092806_475.csv,53.225
53.4018,0.06633,15.08,T4_entry_rcm_tip_cone,EntryRCM_TipConeAroundTarget,Done,0.9994,0.60458,0.97609,1.27633,0.10429,0.7998,1.49984,0.0999,0.80095,1.49838,0.09993,1.0,1.3,0.1,0.78428,1.48428,0.09889,0.97528,1.27528,0.10175,0.8,1.5,0.1,1.0,1.3,0.1,33.919,0.275,282.872,21.859,2.858,2.858,33.918,435.3,6.793,0.0,0.07863,-0.0003,7.677,-13.145,-58.73,-9.997,34.362,0.0,-1.111,0.182,-0.776,4.277,0.361,0.0,1,0,1,project4_multircm_20260624_092806_475.csv,53.2913
53.4529,0.02355,42.46,T4_entry_rcm_tip_cone,EntryRCM_TipConeAroundTarget,Done,0.9994,0.60457,0.97604,1.27627,0.10388,0.79981,1.49985,0.0999,0.80097,1.49838,0.09993,1.0,1.3,0.1,0.78427,1.48427,0.09912,0.97527,1.27527,0.10138,0.8,1.5,0.1,1.0,1.3,0.1,33.95,0.265,282.87,21.871,2.8,2.8,33.95,435.288,6.802,0.0,0.07623,-0.00031,7.621,-13.136,-58.767,-9.783,34.379,0.0,-1.091,0.162,-0.71,4.154,0.321,0.0,1,0,1,project4_multircm_20260624_092806_475.csv,53.3424
53.5212,0.0208,48.09,T4_entry_rcm_tip_cone,EntryRCM_TipConeAroundTarget,Done,0.9994,0.60455,0.97597,1.27619,0.10336,0.79982,1.49986,0.0999,0.80099,1.49838,0.09992,1.0,1.3,0.1,0.78426,1.48427,0.09944,0.97526,1.27526,0.10088,0.8,1.5,0.1,1.0,1.3,0.1,33.995,0.251,282.869,21.886,2.741,2.741,33.994,435.273,6.813,0.0,0.07416,-0.00032,7.548,-13.126,-58.812,-9.506,34.399,0.0,-1.072,0.135,-0.623,4.053,0.263,0.0,1,0,1,project4_multircm_20260624_092806_475.csv,53.4107
53.5941,0.02307,43.35,T4_entry_rcm_tip_cone,EntryRCM_TipConeAroundTarget,Done,0.9994,0.60452,0.97591,1.27611,0.10279,0.79983,1.49987,0.0999,0.80101,1.49837,0.09992,1.0,1.3,0.1,0.78426,1.48426,0.09978,0.97525,1.27525,0.10034,0.8,1.5,0.1,1.0,1.3,0.1,34.043,0.236,282.867,21.903,2.678,2.678,34.043,435.256,6.826,0.0,0.07291,-0.00032,7.47,-13.118,-58.853,-9.212,34.415,0.0,-1.063,0.106,-0.536,3.998,0.202,0.0,1,0,1,project4_multircm_20260624_092806_475.csv,53.483599999999996
53.667,0.02463,40.59,T4_entry_rcm_tip_cone,EntryRCM_TipConeAroundTarget,Done,0.9994,0.6045,0.97585,1.27604,0.10224,0.79985,1.49988,0.0999,0.80103,1.49837,0.09991,1.0,1.3,0.1,0.78426,1.48426,0.10012,0.97525,1.27525,0.09981,0.8,1.5,0.1,1.0,1.3,0.1,34.093,0.221,282.865,21.92,2.624,2.624,34.093,435.239,6.838,0.0,0.07169,-0.00032,7.393,-13.112,-58.888,-8.923,34.426,0.0,-1.052,0.077,-0.448,3.942,0.14,0.0,1,0,1,project4_multircm_20260624_092806_475.csv,53.5565
53.7401,0.02425,41.23,T4_entry_rcm_tip_cone,EntryRCM_TipConeAroundTarget,Done,0.9994,0.60447,0.9758,1.27597,0.10169,0.79986,1.49989,0.0999,0.80106,1.49837,0.09991,1.0,1.3,0.1,0.78426,1.48426,0.10046,0.97526,1.27526,0.09927,0.8,1.5,0.1,1.0,1.3,0.1,34.144,0.206,282.864,21.938,2.577,2.577,34.144,435.222,6.851,0.0,0.07034,-0.00033,7.317,-13.108,-58.916,-8.638,34.434,0.0,-1.04,0.046,-0.357,3.876,0.077,0.0,1,0,1,project4_multircm_20260624_092806_475.csv,53.629599999999996
53.813,0.02434,41.08,T4_entry_rcm_tip_cone,EntryRCM_TipConeAroundTarget,Done,0.9994,0.60445,0.97576,1.27591,0.10114,0.79987,1.4999,0.09989,0.80108,1.49837,0.0999,1.0,1.3,0.1,0.78427,1.48427,0.1008,0.97527,1.27527,0.09874,0.8,1.5,0.1,1.0,1.3,0.1,34.196,0.192,282.862,21.956,2.537,2.537,34.196,435.204,6.865,0.0,0.06925,-0.00034,7.242,-13.106,-58.938,-8.358,34.436,0.0,-1.03,0.015,-0.265,3.823,0.011,0.0,1,0,1,project4_multircm_20260624_092806_475.csv,53.7025
53.8855,0.02418,41.35,T4_entry_rcm_tip_cone,EntryRCM_TipConeAroundTarget,Done,0.9994,0.60443,0.97572,1.27586,0.10061,0.79989,1.49991,0.09989,0.8011,1.49836,0.0999,1.0,1.3,0.1,0.78428,1.48428,0.10114,0.97528,1.27528,0.09821,0.8,1.5,0.1,1.0,1.3,0.1,34.248,0.179,282.86,21.974,2.503,2.503,34.248,435.187,6.878,0.0,0.06834,-0.00034,7.167,-13.106,-58.953,-8.083,34.434,0.0,-1.021,-0.016,-0.173,3.775,-0.055,0.0,1,0,1,project4_multircm_20260624_092806_475.csv,53.775
53.9575,0.02381,42.0,T4_entry_rcm_tip_cone,EntryRCM_TipConeAroundTarget,Done,0.9994,0.6044,0.97569,1.27581,0.10007,0.7999,1.49992,0.09989,0.80113,1.49836,0.09989,1.0,1.3,0.1,0.78429,1.48429,0.10148,0.97531,1.27531,0.09768,0.8,1.5,0.1,1.0,1.3,0.1,34.3,0.167,282.858,21.993,2.475,2.475,34.3,435.169,6.891,0.0,0.06754,-0.00034,7.094,-13.109,-58.961,-7.814,34.427,0.0,-1.013,-0.047,-0.082,3.732,-0.12,0.0,1,0,1,project4_multircm_20260624_092806_475.csv,53.847
54.0148,0.03244,30.82,T4_entry_rcm_tip_cone,EntryRCM_TipConeAroundTarget,Done,0.9994,0.60438,0.97566,1.27577,0.09965,0.79991,1.49993,0.09989,0.80115,1.49836,0.09989,1.0,1.3,0.1,0.78431,1.48431,0.10174,0.97533,1.27533,0.09726,0.8,1.5,0.1,1.0,1.3,0.1,34.342,0.158,282.856,22.009,2.45,2.45,34.342,435.155,6.902,0.0,0.06835,-0.00035,7.036,-13.113,-58.962,-7.599,34.417,0.0,-1.026,-0.074,-0.01,3.774,-0.178,0.0,1,0,1,project4_multircm_20260624_092806_475.csv,53.9043
54.0857,0.02676,37.37,T4_entry_rcm_tip_cone,EntryRCM_TipConeAroundTarget,Done,0.9994,0.60436,0.97564,1.27573,0.09913,0.79993,1.49994,0.09989,0.80117,1.49835,0.09988,1.0,1.3,0.1,0.78433,1.48433,0.10207,0.97536,1.27536,0.09674,0.8,1.5,0.1,1.0,1.3,0.1,34.394,0.147,282.854,22.027,2.43,2.43,34.394,435.137,6.915,0.0,0.06701,-0.00034,6.964,-13.119,-58.958,-7.337,34.401,0.0,-1.009,-0.108,0.089,3.694,-0.245,0.0,1,0,1,project4_multircm_20260624_092806_475.csv,53.9752
54.1545,0.06878,14.54,T4_entry_rcm_tip_cone,EntryRCM_TipConeAroundTarget,Done,0.9994,0.60435,0.97564,1.27572,0.09886,0.79993,1.49995,0.09988,0.80119,1.49835,0.09987,1.0,1.3,0.1,0.78435,1.48435,0.10239,0.97539,1.27539,0.09624,0.8,1.5,0.1,1.0,1.3,0.1,34.417,0.147,282.854,22.041,2.645,2.645,34.417,435.129,6.922,0.0,0.07282,-0.00036,6.928,-13.124,-58.952,-7.205,34.391,0.0,-1.088,-0.146,0.171,4.008,-0.327,0.0,1,0,1,project4_multircm_20260624_092806_475.csv,54.044
54.2107,0.02055,48.65,T4_entry_rcm_tip_cone,EntryRCM_TipConeAroundTarget,Done,0.9994,0.60433,0.97563,1.2757,0.09843,0.79995,1.49996,0.09987,0.80121,1.49835,0.09986,1.0,1.3,0.1,0.78437,1.48437,0.10265,0.97543,1.27543,0.09583,0.8,1.5,0.1,1.0,1.3,0.1,34.456,0.143,282.852,22.059,2.616,2.616,34.456,435.115,6.932,0.0,0.07108,-0.00037,6.87,-13.133,-58.939,-6.992,34.371,0.0,-1.071,-0.176,0.265,3.897,-0.387,0.0,1,0,1,project4_multircm_20260624_092806_475.csv,54.1002
54.2744,0.01893,52.83,T4_entry_rcm_tip_cone,EntryRCM_TipConeAroundTarget,Done,0.9994,0.6043,0.97562,1.27567,0.09795,0.79996,1.49997,0.09987,0.80123,1.49835,0.09986,1.0,1.3,0.1,0.7844,1.4844,0.10295,0.97547,1.27547,0.09537,0.8,1.5,0.1,1.0,1.3,0.1,34.502,0.137,282.85,22.078,2.593,2.593,34.502,435.099,6.944,0.0,0.07044,-0.00037,6.805,-13.145,-58.92,-6.755,34.344,0.0,-1.061,-0.207,0.354,3.846,-0.448,0.0,1,0,1,project4_multircm_20260624_092806_475.csv,54.1639
54.3477,0.02956,33.83,T4_entry_rcm_tip_cone,EntryRCM_TipConeAroundTarget,Done,0.9994,0.60428,0.97561,1.27565,0.09739,0.79997,1.49998,0.09987,0.80126,1.49835,0.09985,1.0,1.3,0.1,0.78443,1.48443,0.10328,0.97552,1.27552,0.09484,0.8,1.5,0.1,1.0,1.3,0.1,34.559,0.133,282.848,22.1,2.553,2.553,34.559,435.079,6.959,0.0,0.07119,-0.00037,6.728,-13.162,-58.889,-6.475,34.308,0.0,-1.066,-0.241,0.448,3.869,-0.521,0.0,1,0,1,project4_multircm_20260624_092806_475.csv,54.2372
54.4143,0.02729,36.64,T4_entry_rcm_tip_cone,EntryRCM_TipConeAroundTarget,Done,0.9994,0.60425,0.97562,1.27564,0.09688,0.79999,1.49999,0.09987,0.80128,1.49834,0.09985,1.0,1.3,0.1,0.78447,1.48447,0.10359,0.97558,1.27558,0.09436,0.8,1.5,0.1,1.0,1.3,0.1,34.611,0.131,282.846,22.12,2.525,2.525,34.611,435.062,6.972,0.0,0.07023,-0.00037,6.658,-13.179,-58.855,-6.223,34.271,0.0,-1.048,-0.271,0.538,3.793,-0.583,0.0,1,0,1,project4_multircm_20260624_092806_475.csv,54.303799999999995
54.4817,0.02494,40.09,T4_entry_rcm_tip_cone,EntryRCM_TipConeAroundTarget,Done,0.9994,0.60423,0.97562,1.27563,0.09637,0.8,1.5,0.09987,0.8013,1.49834,0.09984,1.0,1.3,0.1,0.7845,1.4845,0.1039,0.97563,1.27563,0.09387,0.8,1.5,0.1,1.0,1.3,0.1,34.663,0.131,282.844,22.14,2.501,2.501,34.663,435.044,6.985,0.0,0.06944,-0.00038,6.588,-13.199,-58.815,-5.971,34.228,0.0,-1.031,-0.303,0.63,3.723,-0.648,0.0,1,0,1,project4_multircm_20260624_092806_475.csv,54.371199999999995
